date	course	race	mark	horse_number	horse_name	name_similarity	race_match_score
20240316	中京	2	◎	2	クアトロジャック	1.0	1.0
20240316	中京	2	○	4	シェアホルダーズ	1.0	1.0
20240316	中京	2	▲	5	アンドゥーラ	1.0	1.0
20240316	中京	2	☆	10	シセイダイキ	1.0	1.0
20240316	中京	4	○	4	コルレオニス	1.0	1.0
20240316	中京	4	▲	8	カリーニョ	1.0	1.0
20240316	中京	4	☆	9	コスモベラエステラ	1.0	1.0
20240316	中京	5	◎	1	レオボヌール	1.0	0.952
20240316	中京	5	▲	10	ロイドール	1.0	0.952
20240316	中京	5	☆	4	ラブリーポップ	0.86	0.952
20240316	中京	6	◎	6	ヴィスパメンテ	0.86	0.929
20240316	中京	6	○	1	ジェモロジー	1.0	0.929
20240316	中京	6	▲	5	タガノトラリア	0.86	0.929
20240316	中京	6	☆	4	エイトスターズ	1.0	0.929
20240316	中京	7	◎	1	ナムラマイケル	1.0	1.0
20240316	中京	7	○	6	ヴィンセドリス	1.0	1.0
20240316	中京	7	▲	4	ダノンブリザード	1.0	1.0
20240316	中京	7	☆	2	スズカキング	1.0	1.0
20240316	中京	8	◎	3	セレッソデアモール	1.0	1.0
20240316	中京	8	▲	5	エレガントギフト	1.0	1.0
20240316	中京	8	☆	1	サクラオーラ	1.0	1.0
20240316	中京	9	◎	15	キングサーガ	1.0	0.958
20240316	中京	9	○	2	コンティノアール	1.0	0.958
20240316	中京	9	▲	1	カンピオーネ	0.83	0.958
20240316	中京	9	☆	13	ワンダフルトゥデイ	1.0	0.958
20240316	中京	10	○	15	マラキナイア	1.0	0.933
20240316	中京	10	▲	14	セーヌドゥレーヴ	1.0	0.933
20240316	中京	10	☆	2	サンカルパ	0.8	0.933
20240316	中京	11	◎	15	ダノンマッキンリー	1.0	1.0
20240316	中京	11	○	9	ソンシ	1.0	1.0
20240316	中京	11	▲	6	オーキッドロマンス	1.0	1.0
20240316	中京	11	☆	4	クリスアーサー	1.0	1.0
20240316	中京	12	◎	14	エリーズダイヤ	1.0	1.0
20240316	中京	12	▲	3	リヤンドメテオール	1.0	1.0
20240316	中京	12	☆	1	デアデルマーレ	1.0	1.0
20240316	中山	4	◎	16	ノーザー	1.0	1.0
20240316	中山	4	○	3	タッチアンドムーブ	1.0	1.0
20240316	中山	4	▲	9	ローンウルフ	1.0	1.0
20240316	中山	4	☆	10	テルケンレンジョイ	1.0	1.0
20240316	中山	5	◎	11	ヤルダバオト	1.0	1.0
20240316	中山	5	○	5	ベンサレム	1.0	1.0
20240316	中山	5	▲	13	スターチョウサン	1.0	1.0
20240316	中山	5	☆	2	ゴールデンルーキー	1.0	1.0
20240316	中山	6	◎	4	エコロライジン	1.0	1.0
20240316	中山	6	○	7	レガーロデルシエロ	1.0	1.0
20240316	中山	6	▲	5	モリノレッドスター	1.0	1.0
20240316	中山	6	☆	9	ツルマウカタチ	1.0	1.0
20240316	中山	7	○	5	フェザーモチーフ	1.0	1.0
20240316	中山	7	▲	6	ブライテストドーン	1.0	1.0
20240316	中山	7	☆	2	フクノブルジュ	1.0	1.0
20240316	中山	9	○	8	マルチャン	1.0	1.0
20240316	中山	9	▲	5	ロジシルバー	1.0	1.0
20240316	中山	9	☆	3	コスモフロイデ	1.0	1.0
20240316	中山	10	◎	11	マイネルカーライル	1.0	0.964
20240316	中山	10	○	9	ホウオウバリスタ	1.0	0.964
20240316	中山	10	▲	7	レッドラパルマ	0.86	0.964
20240316	中山	10	☆	12	ローズボウル	1.0	0.964
20240316	中山	12	◎	11	サザンステート	1.0	0.95
20240316	中山	12	○	4	スクーバー	0.8	0.95
20240316	中山	12	▲	2	エコロドゥネス	1.0	0.95
20240316	中山	12	☆	13	ヤングワールド	1.0	0.95
20240316	阪神	1	◎	11	スマートヌーメン	1.0	0.964
20240316	阪神	1	○	1	シノノメ	1.0	0.964
20240316	阪神	1	▲	12	ランゲル	1.0	0.964
20240316	阪神	1	☆	5	ニホンピロケイ	0.86	0.964
20240316	阪神	2	◎	5	オイデレオ	1.0	1.0
20240316	阪神	2	▲	3	オルデラン	1.0	1.0
20240316	阪神	2	☆	14	モスコビウム	1.0	1.0
20240316	阪神	3	◎	12	リリーエクスプレス	0.89	0.874
20240316	阪神	3	▲	5	フレイミングパイ	0.88	0.874
20240316	阪神	3	☆	16	ヒロアプリオリ	0.86	0.874
20240316	阪神	4	○	1	アーマルコライト	1.0	0.952
20240316	阪神	4	▲	8	トゥラッタッタ	0.86	0.952
20240316	阪神	4	☆	5	チョウゲンキ	1.0	0.952
20240316	阪神	5	◎	8	ロンギングキイ	1.0	0.969
20240316	阪神	5	○	3	テイクザクラウン	0.88	0.969
20240316	阪神	5	▲	9	マサハヤヴォス	1.0	0.969
20240316	阪神	5	☆	1	ベルベストランナー	1.0	0.969
20240316	阪神	6	◎	6	ベネメレンティ	1.0	1.0
20240316	阪神	6	○	8	トーラスシャイン	1.0	1.0
20240316	阪神	6	▲	1	エクストラバック	1.0	1.0
20240316	阪神	6	☆	5	イリスアスール	1.0	1.0
20240316	阪神	7	◎	3	ワンダーウィルク	1.0	0.927
20240316	阪神	7	○	5	クリノグローリー	0.88	0.927
20240316	阪神	7	▲	9	ベファーナ	1.0	0.927
20240316	阪神	7	☆	2	ダノンペドロ	0.83	0.927
20240316	阪神	8	◎	4	ランスオブサターン	1.0	0.95
20240316	阪神	8	○	13	モルチャン	1.0	0.95
20240316	阪神	8	▲	1	テレパシー	0.8	0.95
20240316	阪神	8	☆	3	レディーシス	1.0	0.95
20240316	阪神	9	◎	2	バロッサヴァレー	1.0	1.0
20240316	阪神	9	○	8	マイネルメサイア	1.0	1.0
20240316	阪神	9	▲	5	リンフレスカンテ	1.0	1.0
20240316	阪神	9	☆	6	ジェンヌ	1.0	1.0
20240316	阪神	10	◎	7	エイシンフェンサー	1.0	1.0
20240316	阪神	10	○	6	シュヴェルトライテ	1.0	1.0
20240316	阪神	10	▲	15	ブッシュガーデン	1.0	1.0
20240316	阪神	10	☆	14	メイショウフンケイ	1.0	1.0
20240316	阪神	11	○	2	ジューンテイク	1.0	1.0
20240316	阪神	11	▲	1	キープカルム	1.0	1.0
20240316	阪神	11	☆	7	ミラキュラスドラマ	1.0	1.0
20240317	中京	1	◎	2	ドレアンティア	1.0	1.0
20240317	中京	1	○	8	ネバーモア	1.0	1.0
20240317	中京	1	▲	3	マーシャリアーナ	1.0	1.0
20240317	中京	1	☆	7	ノクターナル	1.0	1.0
20240317	中京	2	◎	5	メイショウオオコ	1.0	0.958
20240317	中京	2	▲	1	キモンゲーム	1.0	0.958
20240317	中京	2	☆	12	ランスオブセヘル	0.88	0.958
20240317	中京	3	◎	11	グラスチアー	1.0	0.972
20240317	中京	3	○	9	ルージュアベリア	1.0	0.972
20240317	中京	3	▲	1	キョウワレイホープ	1.0	0.972
20240317	中京	3	☆	16	ニホンピロマリンバ	0.89	0.972
20240317	中京	4	◎	7	ロビンバローズ	1.0	0.969
20240317	中京	4	○	14	ピックアチェリー	0.88	0.969
20240317	中京	4	▲	3	ミスズサンダスノー	1.0	0.969
20240317	中京	4	☆	15	ジーティームテキ	1.0	0.969
20240317	中京	5	◎	4	コンテナワールド	1.0	1.0
20240317	中京	5	○	2	クリノアドバンス	1.0	1.0
20240317	中京	5	▲	9	ディーガレジェンド	1.0	1.0
20240317	中京	5	☆	15	マイネルコモドーア	1.0	1.0
20240317	中京	6	◎	3	ニホンピロペリー	0.75	0.906
20240317	中京	6	○	2	ローレルキャニオン	1.0	0.906
20240317	中京	6	▲	10	マサハヤウォルズ	1.0	0.906
20240317	中京	6	☆	6	ヒルノデプラーツ	0.88	0.906
20240317	中京	7	◎	8	レッドテンペスト	0.88	0.969
20240317	中京	7	○	6	トモジャシーマ	1.0	0.969
20240317	中京	7	▲	3	シタン	1.0	0.969
20240317	中京	7	☆	15	オールアイウォント	1.0	0.969
20240317	中京	8	◎	6	チャプリ	0.75	0.91
20240317	中京	8	○	10	プレイサーゴールド	0.89	0.91
20240317	中京	8	▲	3	メジャークオリティ	1.0	0.91
20240317	中京	8	☆	8	クールシェルタ	1.0	0.91
20240317	中京	9	◎	9	ギヴイットアゴー	1.0	1.0
20240317	中京	9	○	5	ブエナオンダ	1.0	1.0
20240317	中京	9	▲	3	タガノデュード	1.0	1.0
20240317	中京	9	☆	6	リメリック	1.0	1.0
20240317	中京	10	○	9	プレジャークルーズ	0.89	0.963
20240317	中京	10	▲	10	セフィロ	1.0	0.963
20240317	中京	10	☆	12	ポリーフォリア	1.0	0.963
20240317	中京	12	◎	12	ノーブルヴィクター	1.0	0.902
20240317	中京	12	○	7	ビートエモーション	1.0	0.902
20240317	中京	12	▲	10	パスカリ	0.75	0.902
20240317	中京	12	☆	13	イツモハラペコ	0.86	0.902
20240317	中山	4	◎	3	ソーニャシュニク	1.0	1.0
20240317	中山	4	○	16	オウバイトウリ	1.0	1.0
20240317	中山	4	▲	6	シークレットヴァウ	1.0	1.0
20240317	中山	4	☆	5	カルフ	1.0	1.0
20240317	中山	5	◎	5	アテンスマイル	1.0	1.0
20240317	中山	5	○	12	デイジー	1.0	1.0
20240317	中山	5	▲	9	ヴィヴァクラウン	1.0	1.0
20240317	中山	5	☆	6	ハッピーデービー	1.0	1.0
20240317	中山	6	◎	2	ルークスヘリオス	1.0	1.0
20240317	中山	6	○	12	ハイハロー	1.0	1.0
20240317	中山	6	▲	10	コスモバラタ	1.0	1.0
20240317	中山	6	☆	5	マーベラスムーン	1.0	1.0
20240317	中山	7	○	1	ナスノカンゲツ	1.0	0.958
20240317	中山	7	▲	16	ハッピーパンニャ	0.88	0.958
20240317	中山	7	☆	7	ハジメテノチュウ	1.0	0.958
20240317	中山	8	◎	5	ロゼル	1.0	1.0
20240317	中山	8	○	4	テンノメッセージ	1.0	1.0
20240317	中山	8	▲	8	グラニット	1.0	1.0
20240317	中山	8	☆	2	ボルタドマール	1.0	1.0
20240317	中山	9	◎	4	フェステスバント	0.88	0.958
20240317	中山	9	▲	10	ココクレーター	1.0	0.958
20240317	中山	9	☆	5	イロゴトシ	1.0	0.958
20240317	中山	10	◎	3	イスラアネーロ	1.0	1.0
20240317	中山	10	▲	12	ドンアミティエ	1.0	1.0
20240317	中山	10	☆	9	ケイアイロベージ	1.0	1.0
20240317	中山	11	◎	7	アレグロブリランテ	1.0	0.933
20240317	中山	11	○	3	ウォーターリヒト	0.88	0.933
20240317	中山	11	▲	9	コスモブッドレア	1.0	0.933
20240317	中山	11	☆	6	ペッレグリーニ	0.86	0.933
20240317	中山	12	◎	3	シャンバラ	1.0	0.969
20240317	中山	12	○	9	ダノンボレロ	1.0	0.969
20240317	中山	12	▲	8	サトミノマロン	1.0	0.969
20240317	中山	12	☆	6	ダノンピーカブー	0.88	0.969
20240317	阪神	1	◎	7	ナムラリーナ	1.0	1.0
20240317	阪神	1	▲	6	アマミツツキ	1.0	1.0
20240317	阪神	1	☆	4	ジューンナデシコ	1.0	1.0
20240317	阪神	2	○	3	カルパ	0.67	0.847
20240317	阪神	2	▲	6	ウインアルドーレ	0.88	0.847
20240317	阪神	2	☆	7	デクランシェ	1.0	0.847
20240317	阪神	3	○	6	ベラジオラオウ	1.0	0.933
20240317	阪神	3	▲	1	パカーラン	0.8	0.933
20240317	阪神	3	☆	7	エスオーライジング	1.0	0.933
20240317	阪神	5	○	8	カズミクラーシュ	1.0	0.952
20240317	阪神	5	▲	11	スピードリッチ	0.86	0.952
20240317	阪神	5	☆	6	ノッツェドーロ	1.0	0.952
20240317	阪神	6	○	10	カンジ	1.0	0.952
20240317	阪神	6	▲	14	パシアンジャン	0.86	0.952
20240317	阪神	6	☆	11	アンデスビエント	1.0	0.952
20240317	阪神	7	◎	3	オーパンバル	0.83	0.891
20240317	阪神	7	○	2	ウェイビー	1.0	0.891
20240317	阪神	7	▲	1	グルーヴビート	0.86	0.891
20240317	阪神	7	☆	5	ペネトレイトゴー	0.88	0.891
20240317	阪神	8	◎	3	ゴーフォマームード	1.0	1.0
20240317	阪神	8	○	7	ハイランドリンクス	1.0	1.0
20240317	阪神	8	▲	6	アウロス	1.0	1.0
20240317	阪神	8	☆	1	メイショウホタルビ	1.0	1.0
20240317	阪神	9	◎	4	ミッキーレジェンド	1.0	0.964
20240317	阪神	9	○	3	アロマデローサ	1.0	0.964
20240317	阪神	9	▲	6	スカイロケット	1.0	0.964
20240317	阪神	9	☆	10	ミツルハピネス	0.86	0.964
20240317	阪神	10	◎	1	エミサキホコル	1.0	0.906
20240317	阪神	10	○	4	ロードアウォード	1.0	0.906
20240317	阪神	10	▲	3	ペプチドタイガー	0.75	0.906
20240317	阪神	10	☆	5	スマートラプター	0.88	0.906
20240317	阪神	11	◎	10	サヴォーナ	1.0	1.0
20240317	阪神	11	▲	13	シルヴァーソニック	1.0	1.0
20240317	阪神	11	☆	15	ショウナンバシット	1.0	1.0
20240323	中京	1	◎	14	ヴァズレーヌ	1.0	1.0
20240323	中京	1	○	16	アオイサクラ	1.0	1.0
20240323	中京	1	▲	2	ブラックドレス	1.0	1.0
20240323	中京	1	☆	3	マダムカリーニョ	1.0	1.0
20240323	中京	2	◎	12	ウエストチェリー	0.88	0.897
20240323	中京	2	○	11	ミッキースターダム	1.0	0.897
20240323	中京	2	▲	17	ディーエストッキー	1.0	0.897
20240323	中京	2	☆	14	ピースラピッド	0.71	0.897
20240323	中京	3	◎	2	ラピダリア	0.8	0.95
20240323	中京	3	○	9	フクチャントウメイ	1.0	0.95
20240323	中京	3	▲	10	エグマリーヌ	1.0	0.95
20240323	中京	3	☆	5	ヨゾラノムコウニ	1.0	0.95
20240323	中京	4	◎	4	グランエシェゾー	1.0	1.0
20240323	中京	4	○	7	レッドレクス	1.0	1.0
20240323	中京	4	▲	2	メイショウソニック	1.0	1.0
20240323	中京	4	☆	13	ウォーブルースター	1.0	1.0
20240323	中京	5	◎	8	ブロッケンボウ	1.0	0.938
20240323	中京	5	○	9	ジミーバローズ	1.0	0.938
20240323	中京	5	▲	3	アルレジャン	1.0	0.938
20240323	中京	5	☆	11	ノリピー	0.75	0.938
20240323	中京	6	○	9	プルーフリーダー	0.88	0.903
20240323	中京	6	▲	4	コムルヴァン	1.0	0.903
20240323	中京	6	☆	2	トントンプー	0.83	0.903
20240323	中京	7	○	11	ヨウシタンレイ	0.92	0.974
20240323	中京	7	▲	10	ハーエクセレンシー	1.0	0.974
20240323	中京	7	☆	2	ダッチアイリス	1.0	0.974
20240323	中京	8	◎	1	アイファーファイト	1.0	1.0
20240323	中京	8	○	11	エイシンレジューム	1.0	1.0
20240323	中京	8	▲	12	メイショウタイゲイ	1.0	1.0
20240323	中京	8	☆	9	ハクアイアテナ	1.0	1.0
20240323	中京	9	◎	5	キャリーハピネス	0.88	0.941
20240323	中京	9	○	7	フォトンブルー	1.0	0.941
20240323	中京	9	▲	2	ワンダイレクト	1.0	0.941
20240323	中京	9	☆	6	スピーディブレイク	0.89	0.941
20240323	中京	10	○	8	コレオグラファー	1.0	1.0
20240323	中京	10	▲	5	アームブランシュ	1.0	1.0
20240323	中京	10	☆	2	シーウィザード	1.0	1.0
20240323	中京	12	◎	10	グランプレジール	0.88	0.958
20240323	中京	12	▲	6	モカラエース	1.0	0.958
20240323	中京	12	☆	4	ロードドミニオン	1.0	0.958
20240323	中山	4	◎	10	レジーナチェリ	1.0	0.931
20240323	中山	4	○	3	パストラーレ	0.83	0.931
20240323	中山	4	▲	5	テセラリアン	1.0	0.931
20240323	中山	4	☆	4	ノーブルウィスパー	0.89	0.931
20240323	中山	5	◎	6	クオレス	1.0	1.0
20240323	中山	5	○	1	エリカカリーナ	1.0	1.0
20240323	中山	5	▲	3	バスターコール	1.0	1.0
20240323	中山	5	☆	5	クールベイビー	1.0	1.0
20240323	中山	6	◎	11	タイセイアディクト	1.0	0.972
20240323	中山	6	○	9	ダノンキラウェア	1.0	0.972
20240323	中山	6	▲	8	グレイトフルペイン	0.89	0.972
20240323	中山	6	☆	6	シモグリ	1.0	0.972
20240323	中山	7	◎	3	プチボヌール	0.83	0.958
20240323	中山	7	○	12	エメリヨン	1.0	0.958
20240323	中山	7	▲	8	アルヴィエンヌ	1.0	0.958
20240323	中山	7	☆	4	ルルシュシュ	1.0	0.958
20240323	中山	8	◎	7	アマイ	1.0	1.0
20240323	中山	8	○	8	ネイビースター	1.0	1.0
20240323	中山	8	▲	1	アヴニールドブリエ	1.0	1.0
20240323	中山	8	☆	3	マイネルニコラス	1.0	1.0
20240323	中山	9	○	7	サザンエルフ	1.0	1.0
20240323	中山	9	▲	14	ダノンセシボン	1.0	1.0
20240323	中山	9	☆	8	ヴァリアント	1.0	1.0
20240323	中山	10	◎	3	ノットイナフ	1.0	0.972
20240323	中山	10	○	1	ラタフォレスト	1.0	0.972
20240323	中山	10	▲	4	アラレタバシル	1.0	0.972
20240323	中山	10	☆	7	サンライズソレイユ	0.89	0.972
20240323	中山	11	◎	6	シュトルーヴェ	1.0	1.0
20240323	中山	11	○	9	ボッケリーニ	1.0	1.0
20240323	中山	11	▲	5	マイネルウィルトス	1.0	1.0
20240323	中山	11	☆	1	ヒートオンビート	1.0	1.0
20240323	中山	12	◎	5	バンブーグローブ	1.0	0.963
20240323	中山	12	○	13	プラウドヘリテージ	0.89	0.963
20240323	中山	12	▲	16	ラレイナ	1.0	0.963
20240323	阪神	1	◎	11	リリーズブルーム	1.0	1.0
20240323	阪神	1	▲	5	サザンカ	1.0	1.0
20240323	阪神	1	☆	2	アーニャワクワク	1.0	1.0
20240323	阪神	2	◎	1	オクヤマ	1.0	1.0
20240323	阪神	2	○	8	ミグラテール	1.0	1.0
20240323	阪神	2	▲	12	アウローラルミエル	1.0	1.0
20240323	阪神	2	☆	7	テイエムゴールドン	1.0	1.0
20240323	阪神	3	◎	7	オーケーサンダー	1.0	1.0
20240323	阪神	3	○	4	グリーズマン	1.0	1.0
20240323	阪神	3	▲	11	スターチスブーケ	1.0	1.0
20240323	阪神	3	☆	13	サクセスカノン	1.0	1.0
20240323	阪神	5	○	5	トモジャザーン	1.0	0.963
20240323	阪神	5	▲	2	サンダーユニバンス	1.0	0.963
20240323	阪神	5	☆	11	グランドエスケープ	0.89	0.963
20240323	阪神	7	◎	9	ビップジーニー	1.0	1.0
20240323	阪神	7	○	4	タイセイレスポンス	1.0	1.0
20240323	阪神	7	▲	5	カズゴルティス	1.0	1.0
20240323	阪神	7	☆	3	オベイユアマスター	1.0	1.0
20240323	阪神	8	◎	13	サンデーヒーロー	1.0	1.0
20240323	阪神	8	○	11	スリリングチェイス	1.0	1.0
20240323	阪神	8	▲	12	オーバーザドリーム	1.0	1.0
20240323	阪神	8	☆	3	オリンポスカズマ	1.0	1.0
20240323	阪神	9	◎	1	モモンウールー	1.0	0.958
20240323	阪神	9	○	6	ケーブパール	0.83	0.958
20240323	阪神	9	▲	4	ニシノコマチムスメ	1.0	0.958
20240323	阪神	9	☆	7	サクソンジェンヌ	1.0	0.958
20240323	阪神	10	○	6	ゴートゥファースト	1.0	1.0
20240323	阪神	10	▲	8	テラステラ	1.0	1.0
20240323	阪神	10	☆	2	タガノチュール	1.0	1.0
20240323	阪神	11	◎	4	メイショウタバル	1.0	1.0
20240323	阪神	11	○	7	ファーヴェント	1.0	1.0
20240323	阪神	11	▲	1	ノーブルロジャー	1.0	1.0
20240323	阪神	11	☆	6	ナイトスラッガー	1.0	1.0
20240324	中京	1	◎	2	ゴールデンスイープ	0.89	0.963
20240324	中京	1	○	1	テーオードラッカー	1.0	0.963
20240324	中京	1	▲	11	エブリモーメント	1.0	0.963
20240324	中京	2	◎	9	チョボナイノ	1.0	1.0
20240324	中京	2	▲	18	オレンジダンサー	1.0	1.0
20240324	中京	2	☆	11	ダークファンタジー	1.0	1.0
20240324	中京	3	◎	6	スプランドゥール	1.0	1.0
20240324	中京	3	○	2	ケンジョー	1.0	1.0
20240324	中京	3	▲	10	レガッタ	1.0	1.0
20240324	中京	3	☆	12	シセイダイキ	1.0	1.0
20240324	中京	4	○	9	アスクカムオンモア	1.0	1.0
20240324	中京	4	▲	1	コスモカノア	1.0	1.0
20240324	中京	4	☆	3	マリエッティ	1.0	1.0
20240324	中京	5	◎	13	シルバースペード	0.88	0.969
20240324	中京	5	○	7	オーシャントライブ	1.0	0.969
20240324	中京	5	▲	9	ノットファウンド	1.0	0.969
20240324	中京	5	☆	12	レクランスリール	1.0	0.969
20240324	中京	6	◎	5	グロリアスヒーロー	0.89	0.889
20240324	中京	6	○	6	レッドラグラス	1.0	0.889
20240324	中京	6	▲	3	ダノンフューチャー	1.0	0.889
20240324	中京	6	☆	1	トゥピ	0.67	0.889
20240324	中京	7	◎	1	ヴァンナチュール	1.0	0.914
20240324	中京	7	○	2	コパノサントス	0.86	0.914
20240324	中京	7	▲	6	フォーグッド	1.0	0.914
20240324	中京	7	☆	9	ペリプルス	0.8	0.914
20240324	中京	9	◎	4	ドゥレイクパセージ	0.89	0.972
20240324	中京	9	○	8	ガイアメンテ	1.0	0.972
20240324	中京	9	▲	1	オールナット	1.0	0.972
20240324	中京	9	☆	3	リアレスト	1.0	0.972
20240324	中京	10	○	4	サンテックス	1.0	1.0
20240324	中京	10	▲	3	マリアナトレンチ	1.0	1.0
20240324	中京	10	☆	10	ショウサンキズナ	1.0	1.0
20240324	中京	11	◎	2	マッドクール	1.0	0.969
20240324	中京	11	○	6	ルガル	1.0	0.969
20240324	中京	11	▲	5	トウシンマカオ	1.0	0.969
20240324	中京	11	☆	9	シャンパンカラー	0.88	0.969
20240324	中山	5	◎	11	クリノモルガナイト	1.0	1.0
20240324	中山	5	○	7	メアヴィア	1.0	1.0
20240324	中山	5	▲	10	ウインボレロ	1.0	1.0
20240324	中山	5	☆	1	サクラセンターベア	1.0	1.0
20240324	中山	6	◎	7	ステラシティ	0.83	0.958
20240324	中山	6	○	15	チャコール	1.0	0.958
20240324	中山	6	▲	5	ライングッドマン	1.0	0.958
20240324	中山	6	☆	2	タッカー	1.0	0.958
20240324	中山	7	◎	7	コスモメイゲツ	0.86	0.964
20240324	中山	7	○	1	ウェイワードアクト	1.0	0.964
20240324	中山	7	▲	15	ジャクソン	1.0	0.964
20240324	中山	7	☆	5	アッティラ	1.0	0.964
20240324	中山	8	◎	2	エリカリーシャン	1.0	1.0
20240324	中山	8	○	3	ニシノティアモ	1.0	1.0
20240324	中山	8	▲	4	ティンク	1.0	1.0
20240324	中山	8	☆	7	グランドハーバー	1.0	1.0
20240324	中山	9	◎	14	ラジエル	0.75	0.865
20240324	中山	9	○	11	トーアスカーレット	1.0	0.865
20240324	中山	9	▲	1	サリーピルエット	0.88	0.865
20240324	中山	9	☆	7	ゴットリープ	0.83	0.865
20240324	中山	10	○	7	コントラポスト	0.86	0.952
20240324	中山	10	▲	8	シュタールヴィント	1.0	0.952
20240324	中山	10	☆	4	ニューノーマル	1.0	0.952
20240324	中山	11	◎	8	ダノンブレット	1.0	0.972
20240324	中山	11	○	12	ブライアンセンス	1.0	0.972
20240324	中山	11	▲	11	キリンジ	1.0	0.972
20240324	中山	11	☆	1	ヴァルツァーシャル	0.89	0.972
20240324	中山	12	◎	11	ベンガン	1.0	1.0
20240324	中山	12	○	6	ティニア	1.0	1.0
20240324	中山	12	▲	9	ディオアステリア	1.0	1.0
20240324	中山	12	☆	1	アスクキングコング	1.0	1.0
20240324	阪神	1	◎	6	マハナ	1.0	1.0
20240324	阪神	1	○	3	シャローム	1.0	1.0
20240324	阪神	1	▲	10	ラスク	1.0	1.0
20240324	阪神	1	☆	11	アーウイン	1.0	1.0
20240324	阪神	2	◎	7	コンスピリート	0.86	0.952
20240324	阪神	2	▲	2	メイショウカンムリ	1.0	0.952
20240324	阪神	2	☆	13	エスタボニート	1.0	0.952
20240324	阪神	3	◎	11	テトラード	1.0	0.964
20240324	阪神	3	○	4	アーロンイメル	1.0	0.964
20240324	阪神	3	▲	2	マジカルレイズ	0.86	0.964
20240324	阪神	3	☆	14	デクランシェ	1.0	0.964
20240324	阪神	5	○	14	パシフィックハイ	0.88	0.958
20240324	阪神	5	▲	11	リチャードバローズ	1.0	0.958
20240324	阪神	5	☆	9	ジーティームテキ	1.0	0.958
20240324	阪神	6	◎	8	ムーム	1.0	0.964
20240324	阪神	6	○	6	フォーディアライフ	1.0	0.964
20240324	阪神	6	▲	7	クリノオリーブ	1.0	0.964
20240324	阪神	6	☆	3	ピストンボーイ	0.86	0.964
20240324	阪神	7	◎	5	バーニングパワー	0.88	0.933
20240324	阪神	7	○	9	タガノミア	1.0	0.933
20240324	阪神	7	▲	11	スーパーアグリ	0.86	0.933
20240324	阪神	7	☆	4	ルヴァンノワール	1.0	0.933
20240324	阪神	8	◎	8	マルベリーシチー	1.0	1.0
20240324	阪神	8	○	7	バリアントバイオ	1.0	1.0
20240324	阪神	8	▲	4	ヒノデテイオー	1.0	1.0
20240324	阪神	8	☆	2	マテンロウガイ	1.0	1.0
20240324	阪神	9	◎	1	ミタマ	1.0	1.0
20240324	阪神	9	○	4	アリスヴェリテ	1.0	1.0
20240324	阪神	9	▲	3	ロマンシングブルー	1.0	1.0
20240324	阪神	9	☆	2	スタティスティクス	1.0	1.0
20240324	阪神	10	◎	1	ビューティーウェイ	1.0	0.969
20240324	阪神	10	○	4	スマートファントム	1.0	0.969
20240324	阪神	10	▲	2	オープンファイア	0.88	0.969
20240324	阪神	10	☆	8	ミステリーウェイ	1.0	0.969
20240324	阪神	11	◎	15	エイシンスポッター	1.0	1.0
20240324	阪神	11	○	6	ノースザワールド	1.0	1.0
20240324	阪神	11	▲	2	シルトホルン	1.0	1.0
20240324	阪神	11	☆	4	ボルザコフスキー	1.0	1.0
20240330	中山	2	◎	10	ツクバアプローズ	0.88	0.958
20240330	中山	2	▲	2	フジゴウキャク	1.0	0.958
20240330	中山	2	☆	9	ビロウィダダ	1.0	0.958
20240330	中山	3	◎	12	イモータルバード	1.0	1.0
20240330	中山	3	▲	2	リベルテ	1.0	1.0
20240330	中山	3	☆	5	タンゴノアール	1.0	1.0
20240330	中山	4	◎	13	グランバイオレット	1.0	1.0
20240330	中山	4	○	1	ベルブリエ	1.0	1.0
20240330	中山	4	▲	15	グランジュール	1.0	1.0
20240330	中山	4	☆	2	アヌーク	1.0	1.0
20240330	中山	5	◎	8	タルタロス	1.0	1.0
20240330	中山	5	○	2	マイネルモメンタム	1.0	1.0
20240330	中山	5	▲	3	キャネル	1.0	1.0
20240330	中山	5	☆	12	ダズリングティアラ	1.0	1.0
20240330	中山	6	◎	1	ワカミヤノミコト	1.0	1.0
20240330	中山	6	○	2	クーアフュルスト	1.0	1.0
20240330	中山	6	▲	5	フォレストゲート	1.0	1.0
20240330	中山	6	☆	7	ミーハ	1.0	1.0
20240330	中山	7	◎	8	トゥルース	1.0	1.0
20240330	中山	7	○	10	マンマリアーレ	1.0	1.0
20240330	中山	7	▲	2	ヒルズカーン	1.0	1.0
20240330	中山	7	☆	15	ブレイクザアイス	1.0	1.0
20240330	中山	8	◎	6	ノーダブルディップ	1.0	1.0
20240330	中山	8	○	5	エンデミズム	1.0	1.0
20240330	中山	8	▲	13	マルディランダ	1.0	1.0
20240330	中山	9	◎	5	ロードアフェット	1.0	1.0
20240330	中山	9	○	6	マイネルフランツ	1.0	1.0
20240330	中山	9	▲	3	レイデラルース	1.0	1.0
20240330	中山	9	☆	8	バナマンテソーロ	1.0	1.0
20240330	中山	10	◎	11	ヨンク	1.0	0.931
20240330	中山	10	○	7	カンピオーネ	0.83	0.931
20240330	中山	10	▲	15	ジャスパーバローズ	0.89	0.931
20240330	中山	10	☆	10	ナンヨーヴィヨレ	1.0	0.931
20240330	中山	11	◎	14	キミワクイーン	1.0	1.0
20240330	中山	11	▲	9	セッション	1.0	1.0
20240330	中山	11	☆	8	アルナシーム	1.0	1.0
20240330	中山	12	◎	16	クィーンアドバンス	0.89	0.926
20240330	中山	12	▲	7	カイザーブリッツ	1.0	0.926
20240330	中山	12	☆	1	キャロライナリーパ	0.89	0.926
20240330	阪神	1	◎	10	ヒデシンイメル	0.86	0.952
20240330	阪神	1	▲	3	ミッションルース	1.0	0.952
20240330	阪神	1	☆	11	ユウトザアシゲ	1.0	0.952
20240330	阪神	2	◎	9	カフジニホニウム	1.0	1.0
20240330	阪神	2	▲	10	カレンマウラー	1.0	1.0
20240330	阪神	2	☆	1	ヨシノヤッタルデー	1.0	1.0
20240330	阪神	3	◎	11	シュヴェルトリリエ	1.0	1.0
20240330	阪神	3	▲	17	ベイステート	1.0	1.0
20240330	阪神	3	☆	7	アルシンダガ	1.0	1.0
20240330	阪神	4	◎	3	スナークサファイア	1.0	1.0
20240330	阪神	4	▲	6	ファイツオン	1.0	1.0
20240330	阪神	4	☆	10	サリュエ	1.0	1.0
20240330	阪神	5	◎	9	ストレングス	1.0	0.893
20240330	阪神	5	○	6	ポルポラジール	0.71	0.893
20240330	阪神	5	▲	7	オーシンハーフ	0.86	0.893
20240330	阪神	5	☆	5	エリカヴェネチア	1.0	0.893
20240330	阪神	6	◎	6	ダノンバビル	1.0	1.0
20240330	阪神	6	▲	1	セレスティアリティ	1.0	1.0
20240330	阪神	6	☆	2	ダイシンビヨンド	1.0	1.0
20240330	阪神	9	◎	3	モンブランミノル	1.0	1.0
20240330	阪神	9	○	6	インザモーメント	1.0	1.0
20240330	阪神	9	▲	1	ラファミリア	1.0	1.0
20240330	阪神	9	☆	7	スノーブリザード	1.0	1.0
20240330	阪神	10	◎	12	メイショウピース	0.88	0.903
20240330	阪神	10	▲	13	コナブラック	1.0	0.903
20240330	阪神	10	☆	1	カラパタール	0.83	0.903
20240330	阪神	11	◎	14	サンライズフレイム	1.0	0.958
20240330	阪神	11	▲	9	モズリッキー	1.0	0.958
20240330	阪神	11	☆	3	サトノテンペスト	0.88	0.958
20240331	中山	5	◎	5	ゴールデンルーキー	1.0	1.0
20240331	中山	5	○	7	キットハナガサク	1.0	1.0
20240331	中山	5	▲	16	ウェイトゥザドーン	1.0	1.0
20240331	中山	6	○	2	メイショウヨゾラ	0.75	0.88
20240331	中山	6	▲	9	エコロマーズ	1.0	0.88
20240331	中山	6	☆	11	ハッピーサプライズ	0.89	0.88
20240331	中山	7	◎	11	ニシノアウェイク	1.0	0.958
20240331	中山	7	○	3	ピュアキアン	0.83	0.958
20240331	中山	7	▲	7	キングベルベット	1.0	0.958
20240331	中山	7	☆	12	カフェアローロ	1.0	0.958
20240331	中山	8	◎	11	マイネルラッシュ	1.0	1.0
20240331	中山	8	○	3	レッドロスタム	1.0	1.0
20240331	中山	8	▲	4	アンタノバラード	1.0	1.0
20240331	中山	8	☆	8	ダノンティアラ	1.0	1.0
20240331	中山	9	◎	8	フルール	1.0	1.0
20240331	中山	9	○	2	メジャークロニクル	1.0	1.0
20240331	中山	9	▲	6	ホウオウサンデー	1.0	1.0
20240331	中山	9	☆	1	アドマイヤサジー	1.0	1.0
20240331	中山	10	○	4	フラッパールック	0.88	0.958
20240331	中山	10	▲	2	リバートゥルー	1.0	0.958
20240331	中山	10	☆	14	スノーグレース	1.0	0.958
20240331	中山	11	◎	13	マテンロウアレス	1.0	1.0
20240331	中山	11	○	9	コスモフリーゲン	1.0	1.0
20240331	中山	11	▲	6	ハウゼ	1.0	1.0
20240331	中山	11	☆	3	ロジハービン	1.0	1.0
20240331	中山	12	◎	4	シルヴァーゴースト	1.0	1.0
20240331	中山	12	○	7	ニットウバジル	1.0	1.0
20240331	中山	12	▲	12	ムーヴ	1.0	1.0
20240331	中山	12	☆	5	シャインフォール	1.0	1.0
20240331	阪神	1	◎	10	アルピニスト	0.83	0.958
20240331	阪神	1	○	8	ナムラリーナ	1.0	0.958
20240331	阪神	1	▲	11	ベレニーチェ	1.0	0.958
20240331	阪神	1	☆	5	フェイマスグラース	1.0	0.958
20240331	阪神	2	◎	6	エピックナイト	0.86	0.964
20240331	阪神	2	○	7	タマモキャリコ	1.0	0.964
20240331	阪神	2	▲	16	ノイヤーヘルト	1.0	0.964
20240331	阪神	2	☆	14	ファストフライト	1.0	0.964
20240331	阪神	3	◎	6	スズノアイスマン	1.0	1.0
20240331	阪神	3	○	3	アンドゥーラ	1.0	1.0
20240331	阪神	3	▲	1	アスタラビスタ	1.0	1.0
20240331	阪神	3	☆	7	ブーヤカ	1.0	1.0
20240331	阪神	4	◎	6	ヤルダバオト	1.0	1.0
20240331	阪神	4	○	7	メイクユーマイン	1.0	1.0
20240331	阪神	4	▲	10	グランアルティスタ	1.0	1.0
20240331	阪神	4	☆	9	サトノファントム	1.0	1.0
20240331	阪神	5	◎	9	マイネルティグレ	1.0	1.0
20240331	阪神	5	○	5	ブルーミンデザイン	1.0	1.0
20240331	阪神	5	▲	7	アルトゥーム	1.0	1.0
20240331	阪神	5	☆	6	テラメリタ	1.0	1.0
20240331	阪神	6	◎	2	セレクティオ	0.83	0.958
20240331	阪神	6	○	7	メイショウクーガー	1.0	0.958
20240331	阪神	6	▲	9	ゴールデンマイク	1.0	0.958
20240331	阪神	6	☆	1	ファームツエンティ	1.0	0.958
20240331	阪神	7	◎	16	アウグスト	1.0	1.0
20240331	阪神	7	○	7	アドバンスファラオ	1.0	1.0
20240331	阪神	7	▲	1	ダブルジョーク	1.0	1.0
20240331	阪神	7	☆	10	ベンダバリラビア	1.0	1.0
20240331	阪神	9	◎	10	ニホンピロカラット	0.89	0.972
20240331	阪神	9	○	2	ロードフォアエース	1.0	0.972
20240331	阪神	9	▲	7	エートラックス	1.0	0.972
20240331	阪神	9	☆	8	メイショウミシガン	1.0	0.972
20240331	阪神	11	◎	7	ハーパー	0.75	0.85
20240331	阪神	11	○	8	プラダリア	0.8	0.85
20240331	阪神	11	☆	5	スタニングローズ	1.0	0.85
20240406	中山	1	○	6	サンキャメロン	1.0	1.0
20240406	中山	1	▲	2	セイウンウィズミー	1.0	1.0
20240406	中山	1	☆	7	ショーヴァロンス	1.0	1.0
20240406	中山	2	◎	8	フォルスタクラス	1.0	1.0
20240406	中山	2	○	3	ヴェサリウス	1.0	1.0
20240406	中山	2	▲	4	ガラシュ	1.0	1.0
20240406	中山	2	☆	5	ビックス	1.0	1.0
20240406	中山	3	◎	3	ランドマックス	1.0	0.969
20240406	中山	3	○	1	ショウナンハルク	1.0	0.969
20240406	中山	3	▲	4	プルナチャンドラ	0.88	0.969
20240406	中山	3	☆	7	マグナレガリア	1.0	0.969
20240406	中山	4	◎	2	ボエーム	1.0	0.972
20240406	中山	4	○	4	メイショウソムリエ	0.89	0.972
20240406	中山	4	▲	16	ヨッコサン	1.0	0.972
20240406	中山	4	☆	5	マジカルステップ	1.0	0.972
20240406	中山	5	◎	13	アイウィル	1.0	1.0
20240406	中山	5	○	10	マイネルオーシャン	1.0	1.0
20240406	中山	5	▲	6	ユイノチョウシンキ	1.0	1.0
20240406	中山	5	☆	4	テルケンレンジョイ	1.0	1.0
20240406	中山	6	◎	12	クレアツィオーネ	1.0	1.0
20240406	中山	6	○	7	ロードレヴェランス	1.0	1.0
20240406	中山	6	▲	8	マルチライセンス	1.0	1.0
20240406	中山	6	☆	15	アルヴィア	1.0	1.0
20240406	中山	7	◎	3	スノーディーヴァ	1.0	1.0
20240406	中山	7	○	2	ワンブランチ	1.0	1.0
20240406	中山	7	▲	1	グランカンタンテ	1.0	1.0
20240406	中山	7	☆	8	チョボナイノ	1.0	1.0
20240406	中山	8	○	6	トゥザヒロイン	1.0	1.0
20240406	中山	8	▲	2	ウインアラジン	1.0	1.0
20240406	中山	8	☆	9	ローレルキャニオン	1.0	1.0
20240406	中山	9	◎	2	アポロプラネット	0.88	0.969
20240406	中山	9	○	7	ディアサクセサー	1.0	0.969
20240406	中山	9	▲	5	エコロアレス	1.0	0.969
20240406	中山	9	☆	1	アラゴナイト	1.0	0.969
20240406	中山	10	◎	14	ドーバーホーク	1.0	1.0
20240406	中山	10	○	2	エイシンエイト	1.0	1.0
20240406	中山	10	▲	15	サウザンサニー	1.0	1.0
20240406	中山	10	☆	11	ウインモナーク	1.0	1.0
20240406	中山	11	◎	15	スパークリシャール	1.0	1.0
20240406	中山	11	○	7	エコロブルーム	1.0	1.0
20240406	中山	11	▲	1	カズミクラーシュ	1.0	1.0
20240406	中山	11	☆	8	クリーンエア	1.0	1.0
20240406	中山	12	◎	4	エスジースパークル	0.89	0.972
20240406	中山	12	○	13	プラティクレール	1.0	0.972
20240406	中山	12	▲	12	アニトラ	1.0	0.972
20240406	中山	12	☆	5	ツインクルトーズ	1.0	0.972
20240406	福島	6	◎	6	クリノミニスター	1.0	1.0
20240406	福島	6	○	11	ケイエイト	1.0	1.0
20240406	福島	6	▲	15	トルズイーガー	1.0	1.0
20240406	福島	6	☆	7	ヤマカツレオン	1.0	1.0
20240406	福島	7	◎	14	ヘブンズサウンド	1.0	1.0
20240406	福島	7	○	16	スターチョウサン	1.0	1.0
20240406	福島	7	▲	6	ローランド	1.0	1.0
20240406	福島	7	☆	5	ニシノザイホウ	1.0	1.0
20240406	福島	8	◎	6	ルミナスフラックス	1.0	1.0
20240406	福島	8	○	3	ワンダーヘイルネス	1.0	1.0
20240406	福島	8	▲	16	ザアトム	1.0	1.0
20240406	福島	8	☆	14	アスクドンキバック	1.0	1.0
20240406	福島	9	◎	11	クイーンズワーフ	1.0	0.958
20240406	福島	9	○	8	キープカルム	0.83	0.958
20240406	福島	9	▲	7	ヴァンヴィーヴ	1.0	0.958
20240406	福島	9	☆	2	ツルマウカタチ	1.0	0.958
20240406	福島	10	◎	12	アスクキングコング	1.0	1.0
20240406	福島	10	○	5	リシャールケリー	1.0	1.0
20240406	福島	10	▲	16	トールキン	1.0	1.0
20240406	福島	10	☆	1	オックスリップ	1.0	1.0
20240406	福島	11	○	8	ペースセッティング	0.89	0.915
20240406	福島	11	▲	9	プリンスミノル	0.86	0.915
20240406	福島	11	☆	2	ジャズブルース	1.0	0.915
20240406	福島	12	◎	14	マイレーヌ	1.0	0.941
20240406	福島	12	○	3	エールトゥヘヴン	0.88	0.941
20240406	福島	12	▲	7	オルフェスト	1.0	0.941
20240406	福島	12	☆	10	ジオパーククラウン	0.89	0.941
20240406	阪神	1	◎	15	マルモリミッション	1.0	0.972
20240406	阪神	1	○	16	ルージュピルエット	0.89	0.972
20240406	阪神	1	▲	7	ネバーモア	1.0	0.972
20240406	阪神	1	☆	2	ティラージュ	1.0	0.972
20240406	阪神	2	◎	7	クレスコサンダー	1.0	0.969
20240406	阪神	2	○	3	ウインアルドーレ	0.88	0.969
20240406	阪神	2	▲	15	グランドセントラル	1.0	0.969
20240406	阪神	2	☆	11	グロリモーニ	1.0	0.969
20240406	阪神	3	○	4	ルシュヴァルドール	1.0	1.0
20240406	阪神	3	▲	5	グーヴェルナイユ	1.0	1.0
20240406	阪神	3	☆	8	ウインメラナイト	1.0	1.0
20240406	阪神	4	◎	7	ロードウィンザー	1.0	1.0
20240406	阪神	4	○	15	シャイニングソード	1.0	1.0
20240406	阪神	4	▲	2	ダブルジャッジ	1.0	1.0
20240406	阪神	4	☆	13	スターメイデン	1.0	1.0
20240406	阪神	5	○	3	ムルソー	1.0	1.0
20240406	阪神	5	▲	9	ダノンケイツー	1.0	1.0
20240406	阪神	5	☆	5	セレブレイトエール	1.0	1.0
20240406	阪神	6	◎	5	ラブカムーン	1.0	0.958
20240406	阪神	6	○	4	バンドシェル	1.0	0.958
20240406	阪神	6	▲	9	トラペジスト	0.83	0.958
20240406	阪神	6	☆	1	キャンシーエンゼル	1.0	0.958
20240406	阪神	7	◎	3	サルサディーバ	1.0	1.0
20240406	阪神	7	○	5	メイショウホタルビ	1.0	1.0
20240406	阪神	7	▲	7	グラングスト	1.0	1.0
20240406	阪神	7	☆	4	マルカシャルマン	1.0	1.0
20240406	阪神	8	◎	10	スターペスカオリ	0.88	0.863
20240406	阪神	8	▲	7	フィルムアクトレス	1.0	0.863
20240406	阪神	8	☆	16	ピースキーパー	0.71	0.863
20240406	阪神	9	◎	8	ウェイビー	1.0	0.964
20240406	阪神	9	○	1	マキシ	1.0	0.964
20240406	阪神	9	▲	4	ダノンターキッシュ	1.0	0.964
20240406	阪神	9	☆	9	ダンツエスプリ	0.86	0.964
20240406	阪神	10	◎	8	タイムオブフライト	1.0	1.0
20240406	阪神	10	○	9	サスツルギ	1.0	1.0
20240406	阪神	10	☆	6	ジャンカズマ	1.0	1.0
20240406	阪神	11	◎	4	サブライムアンセム	1.0	0.972
20240406	阪神	11	○	1	マスクトディーヴァ	1.0	0.972
20240406	阪神	11	▲	9	ウンブライル	1.0	0.972
20240406	阪神	11	☆	3	テンハッピーローズ	0.89	0.972
20240406	阪神	12	◎	7	コパノオースティン	0.89	0.907
20240406	阪神	12	▲	5	プレイテシア	0.83	0.907
20240406	阪神	12	☆	2	ワーズワース	1.0	0.907
20240407	中山	1	○	5	ユニヴェールアン	1.0	1.0
20240407	中山	1	▲	1	マリノルージュ	1.0	1.0
20240407	中山	1	☆	15	クミンフレイバー	1.0	1.0
20240407	中山	2	◎	6	マンダレー	1.0	0.958
20240407	中山	2	○	13	タキザクラ	1.0	0.958
20240407	中山	2	▲	4	ジェンマ	1.0	0.958
20240407	中山	2	☆	10	ジョードプル	0.83	0.958
20240407	中山	3	○	5	ストライクオン	1.0	1.0
20240407	中山	3	▲	9	ヨリナエスポワール	1.0	1.0
20240407	中山	3	☆	4	ロケットホームラン	1.0	1.0
20240407	中山	4	◎	12	エフォートレス	1.0	1.0
20240407	中山	4	○	9	ジュビランス	1.0	1.0
20240407	中山	4	▲	14	ダイシンネイビー	1.0	1.0
20240407	中山	4	☆	7	レッグスルー	1.0	1.0
20240407	中山	5	◎	13	チャージドアップ	1.0	1.0
20240407	中山	5	○	14	サトノルチル	1.0	1.0
20240407	中山	5	▲	16	キューティクローム	1.0	1.0
20240407	中山	5	☆	1	リュラグリーン	1.0	1.0
20240407	中山	6	◎	6	ネオシルバー	1.0	0.969
20240407	中山	6	○	4	カシマエスパーダ	0.88	0.969
20240407	中山	6	▲	13	ロジアデレード	1.0	0.969
20240407	中山	6	☆	8	ミツカネジェミニ	1.0	0.969
20240407	中山	7	◎	8	エクストラバック	1.0	1.0
20240407	中山	7	○	6	クオレス	1.0	1.0
20240407	中山	7	▲	9	クリノハレルヤ	1.0	1.0
20240407	中山	7	☆	10	ビアフォーナウ	1.0	1.0
20240407	中山	8	○	4	スーパーマン	0.83	0.897
20240407	中山	8	▲	6	ユイノオトコヤマ	1.0	0.897
20240407	中山	8	☆	1	サクセスパルス	0.86	0.897
20240407	中山	9	○	6	サトミノマロン	1.0	1.0
20240407	中山	9	▲	2	ルーラーリッチ	1.0	1.0
20240407	中山	9	☆	7	ソッコータルマカ	1.0	1.0
20240407	中山	10	◎	10	コスモフロイデ	1.0	0.915
20240407	中山	10	○	5	ホウオウスーペリア	0.89	0.915
20240407	中山	10	☆	1	モネータドーロ	0.86	0.915
20240407	中山	11	○	8	ケイアイロベージ	1.0	0.944
20240407	中山	11	▲	11	メズメライザー	1.0	0.944
20240407	中山	11	☆	12	ファーンヒル	0.83	0.944
20240407	中山	12	◎	5	クリスプブリーズ	0.88	0.911
20240407	中山	12	○	7	アイベラ	1.0	0.911
20240407	中山	12	☆	2	ゲンパチリベロ	0.86	0.911
20240407	福島	5	◎	15	サンライズテラス	1.0	0.964
20240407	福島	5	○	8	コンテナワールド	1.0	0.964
20240407	福島	5	▲	3	クスクス	1.0	0.964
20240407	福島	5	☆	11	ゼンダンサクラ	0.86	0.964
20240407	福島	6	◎	16	ピエナフェリーチェ	0.89	0.972
20240407	福島	6	○	7	ファビュラスロード	1.0	0.972
20240407	福島	6	▲	2	アイスリンディ	1.0	0.972
20240407	福島	6	☆	11	バエル	1.0	0.972
20240407	福島	7	◎	12	ニシノタマユラ	1.0	1.0
20240407	福島	7	○	13	バシレウスシチー	1.0	1.0
20240407	福島	7	▲	11	マテンロウアネモス	1.0	1.0
20240407	福島	7	☆	5	サンライズタイソン	1.0	1.0
20240407	福島	8	◎	16	ユアフラッシュ	0.86	0.964
20240407	福島	8	○	1	マルカブリッツ	1.0	0.964
20240407	福島	8	▲	11	ムーンスカイ	1.0	0.964
20240407	福島	8	☆	2	デザートスター	1.0	0.964
20240407	福島	9	○	8	ベルシャンソン	1.0	1.0
20240407	福島	9	▲	6	モントブレッチア	1.0	1.0
20240407	福島	9	☆	9	ナイトアクアリウム	1.0	1.0
20240407	福島	10	◎	7	ユウグロスファクタ	1.0	0.897
20240407	福島	10	○	15	タイセイブリリオ	0.88	0.897
20240407	福島	10	▲	9	オンザダブル	1.0	0.897
20240407	福島	10	☆	14	ペプチドヤマト	0.71	0.897
20240407	福島	11	◎	14	ファイアダンサー	0.88	0.969
20240407	福島	11	○	1	アサカラキング	1.0	0.969
20240407	福島	11	▲	10	サンライズオネスト	1.0	0.969
20240407	福島	11	☆	2	エナジーグラン	1.0	0.969
20240407	福島	12	◎	9	マイネルヒッツェ	0.88	0.969
20240407	福島	12	○	1	ティムール	1.0	0.969
20240407	福島	12	▲	13	アンテロース	1.0	0.969
20240407	福島	12	☆	7	アウサンガテ	1.0	0.969
20240407	阪神	1	◎	14	スマートヌーメン	1.0	1.0
20240407	阪神	1	○	15	ジョウゲンノツキ	1.0	1.0
20240407	阪神	1	▲	8	ランランガール	1.0	1.0
20240407	阪神	1	☆	7	ウィスピースノー	1.0	1.0
20240407	阪神	2	◎	6	グランドエスケープ	0.89	0.941
20240407	阪神	2	○	13	ベラジオラオウ	1.0	0.941
20240407	阪神	2	▲	16	アンモード	1.0	0.941
20240407	阪神	2	☆	5	ホウオウトランプ	0.88	0.941
20240407	阪神	3	◎	3	アクロポリス	0.83	0.944
20240407	阪神	3	○	5	タイセイアレス	1.0	0.944
20240407	阪神	3	▲	16	リリーエクスプレス	1.0	0.944
20240407	阪神	4	◎	10	ファミリーツリー	1.0	1.0
20240407	阪神	4	○	7	プロスペクト	1.0	1.0
20240407	阪神	4	▲	3	ランオブザワールド	1.0	1.0
20240407	阪神	4	☆	4	リクサニー	1.0	1.0
20240407	阪神	5	◎	3	ペッパーミル	0.67	0.889
20240407	阪神	5	○	4	アスクアイルビゼア	1.0	0.889
20240407	阪神	5	▲	1	キャピタルサックス	0.89	0.889
20240407	阪神	5	☆	13	メイショウサチダケ	1.0	0.889
20240407	阪神	6	◎	6	ソウルユニバンス	1.0	0.972
20240407	阪神	6	○	8	ティエラサンタ	1.0	0.972
20240407	阪神	6	▲	3	シャンデルナゴル	1.0	0.972
20240407	阪神	6	☆	1	ウイニンググレイス	0.89	0.972
20240407	阪神	7	◎	5	テンノメッセージ	1.0	1.0
20240407	阪神	7	○	8	ケイデンシーマーク	1.0	1.0
20240407	阪神	7	▲	3	スズカダブル	1.0	1.0
20240407	阪神	7	☆	2	フルメタルボディー	1.0	1.0
20240407	阪神	8	◎	4	プラーヴィ	0.8	0.95
20240407	阪神	8	○	11	コンティノアール	1.0	0.95
20240407	阪神	8	▲	10	フェブランシェ	1.0	0.95
20240407	阪神	8	☆	6	ハギノサステナブル	1.0	0.95
20240407	阪神	9	◎	2	プシプシーナ	0.67	0.83
20240407	阪神	9	○	4	タガノエルピーダ	0.88	0.83
20240407	阪神	9	▲	5	ステラクラウン	1.0	0.83
20240407	阪神	9	☆	7	ウォータープイプイ	0.78	0.83
20240407	阪神	10	◎	5	ウインエクレール	1.0	1.0
20240407	阪神	10	○	13	フレーヴァード	1.0	1.0
20240407	阪神	10	▲	3	カネフラ	1.0	1.0
20240407	阪神	10	☆	1	バールデュヴァン	1.0	1.0
20240407	阪神	11	◎	10	セキトバイースト	1.0	0.963
20240407	阪神	11	▲	9	アスコリピチェーノ	0.89	0.963
20240407	阪神	11	☆	6	ハワイアンティアレ	1.0	0.963
20240413	中山	1	◎	5	ツクバアプローズ	0.88	0.941
20240413	中山	1	○	16	クミンフレイバー	1.0	0.941
20240413	中山	1	▲	6	サユリバナ	1.0	0.941
20240413	中山	1	☆	3	ゴールデンスイープ	0.89	0.941
20240413	中山	2	◎	11	アムレートゥム	0.86	0.837
20240413	中山	2	○	12	ダンツティアラ	0.86	0.837
20240413	中山	2	▲	4	トントンプー	0.83	0.837
20240413	中山	2	☆	6	ボムポット	0.8	0.837
20240413	中山	3	◎	8	ジャスパーサン	0.86	0.964
20240413	中山	3	○	13	タッカーバレット	1.0	0.964
20240413	中山	3	▲	4	ゲンブ	1.0	0.964
20240413	中山	3	☆	14	ポカポカタイム	1.0	0.964
20240413	中山	4	◎	7	タンゴノアール	1.0	1.0
20240413	中山	4	○	10	バスターウルフ	1.0	1.0
20240413	中山	4	▲	2	グアラニア	1.0	1.0
20240413	中山	4	☆	4	ゼフィールエレ	1.0	1.0
20240413	中山	5	◎	3	メイパワー	0.8	0.95
20240413	中山	5	○	2	ドリームクルーズ	1.0	0.95
20240413	中山	5	▲	4	ロンフォン	1.0	0.95
20240413	中山	5	☆	1	フミソニック	1.0	0.95
20240413	中山	6	◎	8	プレジール	0.8	0.95
20240413	中山	6	○	5	グラウンドビート	1.0	0.95
20240413	中山	6	▲	6	ロードブレイズ	1.0	0.95
20240413	中山	6	☆	4	ダイヤモンドナイツ	1.0	0.95
20240413	中山	7	◎	9	ブレイヴアロウ	1.0	0.972
20240413	中山	7	○	6	セイウンパシュート	0.89	0.972
20240413	中山	7	▲	3	ノーブルクライ	1.0	0.972
20240413	中山	7	☆	8	ヴァンナチュール	1.0	0.972
20240413	中山	8	○	3	ティニア	1.0	1.0
20240413	中山	8	▲	5	スムースベルベット	1.0	1.0
20240413	中山	8	☆	1	ベンガン	1.0	1.0
20240413	中山	9	◎	1	エコロレイズ	1.0	1.0
20240413	中山	9	○	3	ヤマニンアドホック	1.0	1.0
20240413	中山	9	▲	5	ショーマンフリート	1.0	1.0
20240413	中山	9	☆	2	マイネルブリックス	1.0	1.0
20240413	中山	10	◎	4	ストライク	1.0	1.0
20240413	中山	10	○	9	ホウオウバリスタ	1.0	1.0
20240413	中山	10	▲	2	ゴールドバランサー	1.0	1.0
20240413	中山	10	☆	8	オンザライン	1.0	1.0
20240413	中山	12	◎	2	デュードメール	1.0	0.964
20240413	中山	12	○	3	ナスノカンゲツ	0.86	0.964
20240413	中山	12	▲	6	コンクエスト	1.0	0.964
20240413	中山	12	☆	15	サザンステート	1.0	0.964
20240413	福島	4	◎	1	エグザルテーション	1.0	0.969
20240413	福島	4	○	5	エリカエレガンテ	1.0	0.969
20240413	福島	4	▲	8	ウインプロティア	0.88	0.969
20240413	福島	4	☆	3	エイカイゴールド	1.0	0.969
20240413	福島	5	○	6	カリーシ	1.0	0.87
20240413	福島	5	▲	14	プレアデスグループ	0.78	0.87
20240413	福島	5	☆	4	ヴァシロペス	0.83	0.87
20240413	福島	6	◎	16	ジューンサレンダー	1.0	1.0
20240413	福島	6	○	11	インフルブルーム	1.0	1.0
20240413	福島	6	▲	14	ツキガキレイデスネ	1.0	1.0
20240413	福島	6	☆	12	ウインキャロライン	1.0	1.0
20240413	福島	7	◎	3	ディアナゼロス	1.0	0.958
20240413	福島	7	○	16	スマイルバック	1.0	0.958
20240413	福島	7	▲	11	ピンクムーン	0.83	0.958
20240413	福島	7	☆	13	テイエムルンバ	1.0	0.958
20240413	福島	8	◎	6	クインズステラ	1.0	1.0
20240413	福島	8	○	13	ジュンツバメガエシ	1.0	1.0
20240413	福島	8	▲	11	ブルーウィン	1.0	1.0
20240413	福島	8	☆	9	ショウナンアキドン	1.0	1.0
20240413	福島	9	◎	11	アートフォーム	1.0	1.0
20240413	福島	9	○	7	アスティスプマンテ	1.0	1.0
20240413	福島	9	▲	9	イスラアズール	1.0	1.0
20240413	福島	9	☆	8	アンバーニードル	1.0	1.0
20240413	福島	10	◎	2	ブラックヴァール	1.0	0.964
20240413	福島	10	○	3	メイショウノブカ	1.0	0.964
20240413	福島	10	▲	15	エイトスターズ	0.86	0.964
20240413	福島	10	☆	7	アレナリア	1.0	0.964
20240413	福島	11	◎	9	メイショウカゼマチ	1.0	1.0
20240413	福島	11	○	2	サトノガレオン	1.0	1.0
20240413	福島	11	▲	5	リラックス	1.0	1.0
20240413	福島	11	☆	7	フェズカズマ	1.0	1.0
20240413	福島	12	◎	8	クールジャーマン	1.0	1.0
20240413	福島	12	○	12	メリタテス	1.0	1.0
20240413	福島	12	▲	1	リュクススティール	1.0	1.0
20240413	福島	12	☆	6	テンカオーライ	1.0	1.0
20240413	阪神	1	◎	11	アマンディーヌ	1.0	1.0
20240413	阪神	1	○	3	ラブリーサイン	1.0	1.0
20240413	阪神	1	▲	1	スナークサファイア	1.0	1.0
20240413	阪神	1	☆	5	ゼットレジーナ	1.0	1.0
20240413	阪神	2	○	9	アストラカ	1.0	1.0
20240413	阪神	2	▲	16	エマニエル	1.0	1.0
20240413	阪神	2	☆	5	ダイシンバースディ	1.0	1.0
20240413	阪神	3	◎	12	ミグラテール	1.0	1.0
20240413	阪神	3	○	4	スズノアイスマン	1.0	1.0
20240413	阪神	3	▲	10	オクヤマ	1.0	1.0
20240413	阪神	3	☆	9	ヒロイックバイオ	1.0	1.0
20240413	阪神	4	○	6	ツーネサーン	1.0	0.958
20240413	阪神	4	▲	18	メイショウソニック	1.0	0.958
20240413	阪神	4	☆	9	ジーティースピカ	0.88	0.958
20240413	阪神	5	○	7	エコテーラー	1.0	0.952
20240413	阪神	5	▲	8	ランスオブクイーン	1.0	0.952
20240413	阪神	5	☆	2	プレットリンド	0.86	0.952
20240413	阪神	6	○	2	ローガンパス	0.83	0.944
20240413	阪神	6	▲	4	クリノオリーブ	1.0	0.944
20240413	阪神	6	☆	6	テンドウ	1.0	0.944
20240413	阪神	7	○	7	グルーヴビート	1.0	0.958
20240413	阪神	7	▲	1	ラバタンシン	1.0	0.958
20240413	阪神	7	☆	11	キャリーハピネス	0.88	0.958
20240413	阪神	9	◎	3	セグレドスペリオル	0.89	0.895
20240413	阪神	9	○	10	プッシュオン	0.83	0.895
20240413	阪神	9	▲	2	メタルスピード	0.86	0.895
20240413	阪神	9	☆	4	ブリタニア	1.0	0.895
20240413	阪神	10	◎	1	ニシノカシミヤ	1.0	0.938
20240413	阪神	10	○	9	ペプチドタイガー	0.75	0.938
20240413	阪神	10	▲	10	フォーチュンテラー	1.0	0.938
20240413	阪神	10	☆	4	ロードラディウス	1.0	0.938
20240413	阪神	11	◎	2	アレンジャー	1.0	1.0
20240413	阪神	11	▲	9	ワールズエンド	1.0	1.0
20240413	阪神	11	☆	16	タガノデュード	1.0	1.0
20240413	阪神	12	◎	10	マーブルロック	1.0	0.978
20240413	阪神	12	▲	9	マリアナトレンチ	0.93	0.978
20240413	阪神	12	☆	7	ワンダースティング	1.0	0.978
20240414	中山	6	◎	15	ウッドショック	1.0	1.0
20240414	中山	6	○	4	マンマリアーレ	1.0	1.0
20240414	中山	6	☆	9	クリスプブリーズ	1.0	1.0
20240526	東京	8	◎	5	ダノンターキッシュ	1.0	1.0
20240526	東京	8	○	4	コスタレイ	1.0	1.0
20240526	東京	8	☆	1	レッドミラージュ	1.0	1.0
20240629	福島	12	○	12	ヘレンキムゼー	1.0	1.0
20240629	福島	12	▲	15	ダイチラファール	1.0	1.0
20240629	福島	12	☆	3	グローブフェイム	1.0	1.0
20240630	小倉	11	◎	16	ヨシノイースター	1.0	1.0
20240630	小倉	11	○	3	サーマルウインド	1.0	1.0
20240630	小倉	11	☆	10	エイシンスポッター	1.0	1.0
20240630	小倉	12	◎	4	ヴァンヴィーヴ	1.0	0.963
20240630	小倉	12	○	16	キャピタルサックス	0.89	0.963
20240630	小倉	12	☆	1	ダイヤグラフ	1.0	0.963
20240707	小倉	12	◎	3	イコサン	1.0	0.905
20240707	小倉	12	○	9	タイキヴァンクール	1.0	0.905
20240707	小倉	12	☆	4	レッドテンペスト	0.71	0.905
20240713	小倉	4	◎	12	アミュニション	1.0	0.944
20240713	小倉	4	▲	5	アンドゥーラ	0.83	0.944
20240713	小倉	4	☆	9	アウトドライブ	1.0	0.944
20240721	札幌	6	◎	12	ティラージュ	1.0	1.0
20240721	札幌	6	○	8	ファインライン	1.0	1.0
20240721	札幌	6	☆	11	リュラグリーン	1.0	1.0
20240727	札幌	4	◎	10	ナムラレイ	1.0	1.0
20240727	札幌	4	▲	11	ベレッタ	1.0	1.0
20240727	札幌	4	☆	6	モズオラージュ	1.0	1.0
20240728	札幌	4	◎	15	エバーアリエル	1.0	1.0
20240728	札幌	4	○	9	ダノンロッキー	1.0	1.0
20240728	札幌	4	☆	14	タナバタ	1.0	1.0
20240803	新潟	1	◎	8	オニマル	1.0	1.0
20240803	新潟	1	○	4	セルヴァンス	1.0	1.0
20240803	新潟	1	☆	3	フェニーチェドーロ	1.0	1.0
20240803	札幌	4	◎	2	スーパーソニック	0.88	0.958
20240803	札幌	4	▲	3	サウンドロックス	1.0	0.958
20240803	札幌	4	☆	5	サンカルミア	1.0	0.958
20240803	札幌	8	◎	11	デアパーディタ	0.86	0.952
20240803	札幌	8	○	4	コスモブッドレア	1.0	0.952
20240803	札幌	8	☆	3	レイワサンサン	1.0	0.952
20240810	新潟	1	◎	12	タヤスソーレ	1.0	0.958
20240810	新潟	1	▲	8	ユイノオールイン	0.88	0.958
20240810	新潟	1	☆	10	マイネルアレス	1.0	0.958
20240825	中京	9	◎	2	プラチナドリーム	0.88	0.911
20240825	中京	9	○	15	カズペトシーン	0.86	0.911
20240825	中京	9	☆	8	タッチャブル	1.0	0.911
20240825	札幌	11	◎	14	ダノンマッキンリー	1.0	1.0
20240825	札幌	11	○	2	ナムラクレア	1.0	1.0
20240825	札幌	11	☆	6	エイシンスポッター	1.0	1.0
20240907	中京	11	◎	2	エンペラーワケア	0.88	0.958
20240907	中京	11	○	1	サンライズフレイム	1.0	0.958
20240907	中京	11	☆	3	デンコウリジエール	1.0	0.958
20240914	中山	2	◎	9	ナックシュバリエ	1.0	1.0
20240914	中山	2	○	3	ヴィーデ	1.0	1.0
20240914	中山	2	☆	5	バレアリックシー	1.0	1.0
20240914	中山	11	◎	13	オーロベルディ	1.0	1.0
20240914	中山	11	▲	16	グリュースゴット	1.0	1.0
20240914	中山	11	☆	9	タイセイブリリオ	1.0	1.0
20240915	中京	12	◎	13	ヤマニンルリュール	1.0	1.0
20240915	中京	12	○	2	ヴィヴァン	1.0	1.0
20240915	中京	12	☆	5	マコトゴコタイ	1.0	1.0
20240916	中山	8	◎	10	ユアフラッシュ	1.0	1.0
20240916	中山	8	○	9	グロバーテソーロ	1.0	1.0
20240916	中山	8	☆	3	クロックフォード	1.0	1.0
20240922	中京	2	◎	8	ゴルティス	1.0	0.929
20240922	中京	2	○	9	イサナ	1.0	0.929
20240922	中京	2	▲	11	スナークピカソ	0.71	0.929
20240922	中京	2	☆	7	バルミラクル	1.0	0.929
20240922	中京	3	◎	5	レディエンス	1.0	1.0
20240922	中京	3	○	9	ネーヴェフレスカ	1.0	1.0
20240922	中京	3	▲	10	ダイヤモンド	1.0	1.0
20240922	中京	3	☆	12	シンゼンカガ	1.0	1.0
20240922	中京	6	◎	8	ツッチーフェイス	1.0	0.875
20240922	中京	6	○	7	ヒヒーン	0.5	0.875
20240922	中京	6	▲	3	タクシンイメル	1.0	0.875
20240922	中京	6	☆	4	アルムエアフォルク	1.0	0.875
20240922	中京	7	◎	7	サンダーバース	1.0	1.0
20240922	中京	7	○	10	タガノミスト	1.0	1.0
20240922	中京	7	▲	4	ルクスアドラー	1.0	1.0
20240922	中京	7	☆	6	ワイドカイゼリン	1.0	1.0
20240922	中京	8	◎	6	オボッチャマ	1.0	1.0
20240922	中京	8	○	7	ホークフィールド	1.0	1.0
20240922	中京	8	▲	4	ダンツビガー	1.0	1.0
20240922	中京	8	☆	9	タカサンフェイス	1.0	1.0
20240922	中京	9	◎	8	リラボニート	1.0	0.937
20240922	中京	9	○	6	ランスオブクイーン	0.89	0.937
20240922	中京	9	▲	3	カンティプール	0.86	0.937
20240922	中京	9	☆	11	エンタングルメント	1.0	0.937
20240922	中京	10	◎	9	ワックスフラワー	1.0	0.969
20240922	中京	10	○	12	ロードフォアエース	1.0	0.969
20240922	中京	10	▲	14	ナリタローゼ	1.0	0.969
20240922	中京	10	☆	8	ピンクマクフィー	0.88	0.969
20240922	中京	11	◎	2	バッデレイト	1.0	0.923
20240922	中京	11	○	1	ジューンテイク	0.86	0.923
20240922	中京	11	▲	12	ウエストナウ	0.83	0.923
20240922	中京	11	☆	7	ヴィレム	1.0	0.923
20240922	中京	12	◎	1	ミキノプリンス	0.86	0.831
20240922	中京	12	○	10	インユアパレス	0.86	0.831
20240922	中京	12	▲	9	プレイテシア	0.83	0.831
20240922	中京	12	☆	5	ビップシュプリーム	0.78	0.831
20240922	中山	1	◎	10	ドピエッタ	0.8	0.95
20240922	中山	1	○	8	ビップジェシー	1.0	0.95
20240922	中山	1	▲	5	デアルーチェ	1.0	0.95
20240922	中山	1	☆	12	エルバステラ	1.0	0.95
20240922	中山	2	◎	6	ユリヤテソーロ	1.0	1.0
20240922	中山	2	○	2	ニシノクードクール	1.0	1.0
20240922	中山	2	▲	8	ヴリトラハン	1.0	1.0
20240922	中山	2	☆	5	シャルパンティエ	1.0	1.0
20240922	中山	3	◎	9	エレレラナキラ	1.0	1.0
20240922	中山	3	○	6	サンカシグレ	1.0	1.0
20240922	中山	3	▲	12	マグネシアブリック	1.0	1.0
20240922	中山	3	☆	5	クモヒトツナイ	1.0	1.0
20240922	中山	6	◎	11	マイショウチャン	1.0	0.969
20240922	中山	6	○	3	コッレヴェッキオ	1.0	0.969
20240922	中山	6	▲	1	クラウンシエンタ	0.88	0.969
20240922	中山	6	☆	8	ベイビールビオ	1.0	0.969
20240922	中山	7	◎	12	ミエノブラボー	1.0	1.0
20240922	中山	7	○	4	ジャグアール	1.0	1.0
20240922	中山	7	▲	10	ツルマウカタチ	1.0	1.0
20240922	中山	7	☆	5	ユニヴェール	1.0	1.0
20240922	中山	8	◎	11	クィーンアドバンス	0.89	0.972
20240922	中山	8	○	15	キボウノホシ	1.0	0.972
20240922	中山	8	▲	3	ゲキザル	1.0	0.972
20240922	中山	8	☆	14	リリージェーン	1.0	0.972
20240922	中山	9	◎	11	ジッピーレーサー	1.0	0.937
20240922	中山	9	○	5	ペリファーニア	0.86	0.937
20240922	中山	9	▲	7	キープカルム	1.0	0.937
20240922	中山	9	☆	3	スパークリシャール	0.89	0.937
20240922	中山	10	◎	14	オレデイイノカ	0.86	0.964
20240922	中山	10	○	11	オメガタキシード	1.0	0.964
20240922	中山	10	▲	7	ホウオウカブキ	1.0	0.964
20240922	中山	10	☆	4	オンザライン	1.0	0.964
20240922	中山	11	◎	7	ヤマニンサンパ	0.86	0.964
20240922	中山	11	○	4	レーベンスティール	1.0	0.964
20240922	中山	11	▲	5	ステラヴェローチェ	1.0	0.964
20240922	中山	11	☆	14	リカンカブール	1.0	0.964
20240922	中山	12	◎	7	ネグレスコ	1.0	0.944
20240922	中山	12	○	6	インビンシブルパパ	0.78	0.944
20240922	中山	12	▲	10	コブラ	1.0	0.944
20240922	中山	12	☆	14	ショウナンアビアス	1.0	0.944
20240928	中京	1	◎	7	テイエムバゴオウ	1.0	1.0
20240928	中京	1	○	2	サファリ	1.0	1.0
20240928	中京	1	▲	9	マルモリマジック	1.0	1.0
20240928	中京	1	☆	6	スナークメスナー	1.0	1.0
20240928	中京	2	◎	7	イージーゴーイング	1.0	0.972
20240928	中京	2	○	10	ハルフロンティア	1.0	0.972
20240928	中京	2	▲	2	ニヒトツーゼーア	1.0	0.972
20240928	中京	2	☆	3	ポセイドンバローズ	0.89	0.972
20240928	中京	3	◎	7	プリスクリプション	0.78	0.944
20240928	中京	3	○	9	ベイリークロア	1.0	0.944
20240928	中京	3	▲	8	レイザリオ	1.0	0.944
20240928	中京	3	☆	3	マジェスティルール	1.0	0.944
20240928	中京	6	◎	10	リリーアロー	1.0	0.917
20240928	中京	6	○	3	ピコニ	0.67	0.917
20240928	中京	6	▲	1	レッドリベルタ	1.0	0.917
20240928	中京	6	☆	5	ウッドショック	1.0	0.917
20240928	中京	7	◎	8	スパークタイムリー	0.89	0.941
20240928	中京	7	○	12	シャイニングソード	1.0	0.941
20240928	中京	7	▲	4	ウィンターガーデン	1.0	0.941
20240928	中京	7	☆	5	ノートルプロメス	0.88	0.941
20240928	中京	8	◎	13	ハワイアンタイム	1.0	1.0
20240928	中京	8	○	6	ムーンリットナイト	1.0	1.0
20240928	中京	8	▲	5	マイシンフォニー	1.0	1.0
20240928	中京	8	☆	8	スズカダブル	1.0	1.0
20240928	中京	9	◎	8	カガバベル	1.0	1.0
20240928	中京	9	○	9	ソロモン	1.0	1.0
20240928	中京	9	▲	5	クレーキング	1.0	1.0
20240928	中京	9	☆	4	スカイブルー	1.0	1.0
20240928	中京	10	◎	6	ヤマニンエンディマ	1.0	0.969
20240928	中京	10	○	11	オープンファイア	0.88	0.969
20240928	中京	10	▲	13	リビアングラス	1.0	0.969
20240928	中京	10	☆	1	シュタールヴィント	1.0	0.969
20240928	中京	12	◎	7	カズラポニアン	0.86	0.933
20240928	中京	12	○	6	グリーズマン	1.0	0.933
20240928	中京	12	☆	8	グラティアスミノル	0.94	0.933
20240928	中山	2	◎	6	リケアコンパンナ	0.88	0.958
20240928	中山	2	○	8	ラトルシェ	1.0	0.958
20240928	中山	2	▲	3	メルシーボクアスク	1.0	0.958
20240928	中山	3	◎	15	ムーンストラック	1.0	0.972
20240928	中山	3	○	11	ブラーブデシジョン	1.0	0.972
20240928	中山	3	▲	14	トルショー	1.0	0.972
20240928	中山	3	☆	6	コスモシェルベット	0.89	0.972
20240928	中山	4	◎	9	ジェットブレード	1.0	0.938
20240928	中山	4	○	1	ピエナフェーヴル	0.88	0.938
20240928	中山	4	▲	5	キャピタルリッチ	0.88	0.938
20240928	中山	4	☆	17	ニシノエージェント	1.0	0.938
20240928	中山	7	◎	3	サクラジェンヌ	1.0	0.964
20240928	中山	7	○	9	ミツカネヴィーナス	1.0	0.964
20240928	中山	7	▲	2	ランスノーブル	1.0	0.964
20240928	中山	7	☆	13	スペシャリスト	0.86	0.964
20240928	中山	8	◎	4	カサブランカキッド	1.0	0.972
20240928	中山	8	○	11	エコロエイト	1.0	0.972
20240928	中山	8	▲	14	バロン	1.0	0.972
20240928	中山	8	☆	13	トロピカルヒーロー	0.89	0.972
20240928	中山	9	◎	6	フレンドビーチ	1.0	0.964
20240928	中山	9	○	3	ミッキーマドンナ	1.0	0.964
20240928	中山	9	▲	1	ゴーゴータカシ	1.0	0.964
20240928	中山	9	☆	8	レーヴドロペラ	0.86	0.964
20240928	中山	10	◎	11	ディオアステリア	1.0	1.0
20240928	中山	10	○	1	ステイトダイアデム	1.0	1.0
20240928	中山	10	▲	8	イサチルシーサイド	1.0	1.0
20240928	中山	10	☆	9	スマートルシーダ	1.0	1.0
20240928	中山	11	◎	9	レガトゥス	1.0	0.964
20240928	中山	11	○	1	トロヴァトーレ	1.0	0.964
20240928	中山	11	▲	3	コントラポスト	0.86	0.964
20240928	中山	11	☆	7	サンクフィーユ	1.0	0.964
20240928	中山	12	◎	16	ムーム	1.0	0.964
20240928	中山	12	○	10	ニットウバジル	1.0	0.964
20240928	中山	12	▲	12	ヴェサリウス	1.0	0.964
20240928	中山	12	☆	9	カンパニョーラ	0.86	0.964
20240929	中京	1	◎	8	ホワイトアッシュ	1.0	0.929
20240929	中京	1	○	10	ペプチドシナノ	0.71	0.929
20240929	中京	1	▲	4	ダノンフェルゼン	1.0	0.929
20240929	中京	1	☆	2	ヒロノランド	1.0	0.929
20240929	中京	2	◎	5	ケアンズ	1.0	0.95
20240929	中京	2	○	2	サリーチェ	1.0	0.95
20240929	中京	2	▲	6	テーオーシュタイン	1.0	0.95
20240929	中京	2	☆	4	バルティカ	0.8	0.95
20240929	中京	4	◎	5	ニホンピロゴルディ	0.89	0.941
20240929	中京	4	○	7	マサハヤウォルズ	1.0	0.941
20240929	中京	4	▲	3	ジュンラトゥール	0.88	0.941
20240929	中京	4	☆	6	ベファーナ	1.0	0.941
20240929	中京	6	◎	7	シャウラ	1.0	0.964
20240929	中京	6	○	3	シグルドリーヴァ	1.0	0.964
20240929	中京	6	▲	15	シャープソーン	0.86	0.964
20240929	中京	6	☆	14	ランゲル	1.0	0.964
20240929	中京	7	◎	6	タガノヘラクレス	1.0	1.0
20240929	中京	7	○	10	ダイシンビヨンド	1.0	1.0
20240929	中京	7	▲	8	デルシエロ	1.0	1.0
20240929	中京	7	☆	5	サマーアゲイン	1.0	1.0
20240929	中京	8	◎	4	ワンダーブレット	1.0	1.0
20240929	中京	8	○	11	リューデスハイム	1.0	1.0
20240929	中京	8	▲	5	カズタンジャー	1.0	1.0
20240929	中京	8	☆	8	クールブロン	1.0	1.0
20240929	中京	9	◎	5	ブリタニア	1.0	0.964
20240929	中京	9	○	2	ダノンフロイデ	1.0	0.964
20240929	中京	9	▲	6	ヤマニンループ	0.86	0.964
20240929	中京	9	☆	4	ショーモン	1.0	0.964
20240929	中京	10	◎	3	メイショウシナノ	1.0	1.0
20240929	中京	10	○	9	ジーサイクロン	1.0	1.0
20240929	中京	10	▲	4	ハビレ	1.0	1.0
20240929	中京	10	☆	5	サトノアポロン	1.0	1.0
20240929	中京	11	◎	12	ボーデン	1.0	1.0
20240929	中京	11	○	2	ノーブルロジャー	1.0	1.0
20240929	中京	11	▲	6	ジューンオレンジ	1.0	1.0
20240929	中京	11	☆	14	エエヤン	1.0	1.0
20240929	中京	12	◎	7	プロミシングスター	1.0	1.0
20240929	中京	12	○	2	リンクスルーファス	1.0	1.0
20240929	中京	12	▲	6	マイド	1.0	1.0
20240929	中京	12	☆	5	ストレングス	1.0	1.0
20240929	中山	1	◎	15	ジョイナーテソーロ	1.0	1.0
20240929	中山	1	○	9	ベルリネッタ	1.0	1.0
20240929	中山	1	▲	3	ミラクルミッキー	1.0	1.0
20240929	中山	1	☆	1	ベイビーキッス	1.0	1.0
20240929	中山	2	◎	3	オロパタジン	0.83	0.958
20240929	中山	2	○	4	シホリーン	1.0	0.958
20240929	中山	2	▲	10	ダノンミッション	1.0	0.958
20240929	中山	2	☆	5	ミズイロホルトゥス	1.0	0.958
20240929	中山	4	◎	4	ブッシュテソーロ	1.0	0.964
20240929	中山	4	○	12	ダンツティアラ	0.86	0.964
20240929	中山	4	▲	9	ザロック	1.0	0.964
20240929	中山	4	☆	6	フィリップ	1.0	0.964
20240929	中山	6	◎	5	グリモワール	1.0	1.0
20240929	中山	6	○	16	チェルシー	1.0	1.0
20240929	中山	6	▲	11	マイネルディレクト	1.0	1.0
20240929	中山	6	☆	6	タッカー	1.0	1.0
20240929	中山	7	◎	8	アレナリア	1.0	1.0
20240929	中山	7	○	16	クリフハンガー	1.0	1.0
20240929	中山	7	▲	4	レッドテリオス	1.0	1.0
20240929	中山	7	☆	6	マイネルイージス	1.0	1.0
20240929	中山	8	◎	7	エリンアキレウス	1.0	1.0
20240929	中山	8	○	6	ブレイゼスト	1.0	1.0
20240929	中山	8	▲	12	アラレタバシル	1.0	1.0
20240929	中山	8	☆	5	デフィニティーボ	1.0	1.0
20240929	中山	9	◎	7	チギリ	1.0	1.0
20240929	中山	9	○	6	エンブロイダリー	1.0	1.0
20240929	中山	9	▲	9	ゴーソーファー	1.0	1.0
20240929	中山	9	☆	3	オーケースマイル	1.0	1.0
20240929	中山	10	◎	12	レヴォルタード	1.0	1.0
20240929	中山	10	○	1	フラミニア	1.0	1.0
20240929	中山	10	▲	2	ハミング	1.0	1.0
20240929	中山	11	◎	13	ルガル	1.0	1.0
20240929	中山	11	○	7	マッドクール	1.0	1.0
20240929	中山	11	▲	6	ママコチャ	1.0	1.0
20240929	中山	12	◎	2	アウグスト	1.0	0.929
20240929	中山	12	○	8	ブシン	1.0	0.929
20240929	中山	12	▲	1	ペプチドヤマト	0.71	0.929
20240929	中山	12	☆	15	ホワイトガーベラ	1.0	0.929
20241005	京都	1	◎	5	ゴッドペイズリー	0.88	0.969
20241005	京都	1	○	7	ソイジャガー	1.0	0.969
20241005	京都	1	▲	4	ドラマツルギー	1.0	0.969
20241005	京都	1	☆	11	ストームレーン	1.0	0.969
20241005	京都	2	◎	4	ランワールドワン	1.0	1.0
20241005	京都	2	○	9	アートレスマインド	1.0	1.0
20241005	京都	2	▲	8	メレサンク	1.0	1.0
20241005	京都	2	☆	5	カガセブンスター	1.0	1.0
20241005	京都	3	◎	7	ショウナンカゼルタ	1.0	0.972
20241005	京都	3	○	3	シュパネントダイヤ	0.89	0.972
20241005	京都	3	▲	4	ミュージアムマイル	1.0	0.972
20241005	京都	3	☆	5	セイキュート	1.0	0.972
20241005	京都	6	◎	12	レゾルシオン	1.0	1.0
20241005	京都	6	○	9	アドマイヤジェイ	1.0	1.0
20241005	京都	6	▲	3	エレガントギフト	1.0	1.0
20241005	京都	6	☆	5	ダディーズアイル	1.0	1.0
20241005	京都	7	◎	9	タケノシンセイ	1.0	1.0
20241005	京都	7	○	3	テンエースワン	1.0	1.0
20241005	京都	7	▲	10	サリュエ	1.0	1.0
20241005	京都	7	☆	4	キタノハヤブサ	1.0	1.0
20241005	京都	8	◎	6	ダンツエスプリ	1.0	1.0
20241005	京都	8	○	2	ヴェローチェエラ	1.0	1.0
20241005	京都	8	▲	3	ノーブルライジング	1.0	1.0
20241005	京都	8	☆	8	マンクスホップ	1.0	1.0
20241005	京都	9	◎	4	エメラヴィ	1.0	1.0
20241005	京都	9	○	6	リリーフィールド	1.0	1.0
20241005	京都	9	▲	8	ヴーレヴー	1.0	1.0
20241005	京都	10	◎	5	ウラカワノキセキ	1.0	1.0
20241005	京都	10	○	7	スターターン	1.0	1.0
20241005	京都	10	▲	11	エコロガイア	1.0	1.0
20241005	京都	10	☆	14	ブルーシンフォニー	1.0	1.0
20241005	京都	11	◎	11	チェイスザドリーム	1.0	0.952
20241005	京都	11	○	6	グランテスト	1.0	0.952
20241005	京都	11	☆	4	グランデマーレ	0.86	0.952
20241005	新潟	2	◎	7	タイセイフランク	1.0	1.0
20241005	新潟	2	○	10	ドーバーブライト	1.0	1.0
20241005	新潟	2	☆	1	ビップジェシー	1.0	1.0
20241005	新潟	3	◎	6	クリノミニスター	1.0	0.972
20241005	新潟	3	○	4	ストームバンガード	0.89	0.972
20241005	新潟	3	▲	7	エスグラシア	1.0	0.972
20241005	新潟	3	☆	8	グローブフェイム	1.0	0.972
20241005	新潟	6	◎	2	ネーブルオレンジ	1.0	1.0
20241005	新潟	6	○	11	モンテシート	1.0	1.0
20241005	新潟	6	▲	10	ヒオウギ	1.0	1.0
20241005	新潟	6	☆	9	ゴールデンマーチ	1.0	1.0
20241005	新潟	7	◎	7	ハイグッドワールド	1.0	1.0
20241005	新潟	7	○	11	ムーンスカイ	1.0	1.0
20241005	新潟	7	▲	2	カーマンライン	1.0	1.0
20241005	新潟	7	☆	10	カレンマウラー	1.0	1.0
20241005	新潟	8	◎	3	ダイチラファール	1.0	0.969
20241005	新潟	8	○	9	ワークソング	1.0	0.969
20241005	新潟	8	▲	8	テイエムヒショウ	0.88	0.969
20241005	新潟	8	☆	2	ベルウッドワン	1.0	0.969
20241005	新潟	9	◎	10	ブルーウィン	1.0	0.889
20241005	新潟	9	○	1	プリズマジコ	0.67	0.889
20241005	新潟	9	▲	11	ルージュピルエット	0.89	0.889
20241005	新潟	9	☆	14	シュライフェ	1.0	0.889
20241005	新潟	10	◎	16	モアリジット	1.0	1.0
20241005	新潟	10	○	9	エコロマーズ	1.0	1.0
20241005	新潟	10	▲	15	バレルターン	1.0	1.0
20241005	新潟	10	☆	11	ジャグアール	1.0	1.0
20241005	新潟	11	◎	7	シュガーコルト	1.0	0.95
20241005	新潟	11	○	4	スズノテレサ	1.0	0.95
20241005	新潟	11	▲	5	テレパシー	0.8	0.95
20241005	新潟	11	☆	10	サイモンソーラン	1.0	0.95
20241005	新潟	12	◎	17	ユメカナウケン	1.0	0.938
20241005	新潟	12	○	4	イコサン	1.0	0.938
20241005	新潟	12	▲	13	チカポコ	0.75	0.938
20241005	新潟	12	☆	2	ボイラーメーカー	1.0	0.938
20241005	東京	1	◎	8	アンティジャミーラ	1.0	1.0
20241005	東京	1	○	6	カネラフィーナ	1.0	1.0
20241005	東京	1	▲	2	アユツリー	1.0	1.0
20241005	東京	1	☆	5	レディオンステージ	1.0	1.0
20241005	東京	2	◎	10	チートメジャー	1.0	0.964
20241005	東京	2	○	8	ナインオブレター	1.0	0.964
20241005	東京	2	▲	14	クニノハッピー	0.86	0.964
20241005	東京	2	☆	9	リネンドライブ	1.0	0.964
20241005	東京	3	◎	6	フィーユチャン	1.0	1.0
20241005	東京	3	○	4	スカイタワー	1.0	1.0
20241005	東京	3	▲	7	フクノブルーレイク	1.0	1.0
20241005	東京	3	☆	5	コックリサン	1.0	1.0
20241005	東京	6	◎	9	ベルイストワール	1.0	1.0
20241005	東京	6	○	8	グロバーテソーロ	1.0	1.0
20241005	東京	6	▲	4	タイセイアディクト	1.0	1.0
20241005	東京	6	☆	7	アスクハッピーモア	1.0	1.0
20241005	東京	7	◎	3	ゴンザーゴ	1.0	1.0
20241005	東京	7	○	5	エコロネオ	1.0	1.0
20241005	東京	7	▲	2	フクチャントウメイ	1.0	1.0
20241005	東京	7	☆	11	ダノンマカルー	1.0	1.0
20241005	東京	8	◎	2	エコロレイズ	1.0	1.0
20241005	東京	8	○	5	ニシノティアモ	1.0	1.0
20241005	東京	8	▲	9	テリオスサラ	1.0	1.0
20241005	東京	8	☆	10	ゴーマックス	1.0	1.0
20241005	東京	9	◎	6	アスクカムオンモア	1.0	1.0
20241005	東京	9	○	5	ジオセントリック	1.0	1.0
20241005	東京	9	▲	7	ビターグラッセ	1.0	1.0
20241005	東京	9	☆	4	オウケンボルト	1.0	1.0
20241005	東京	10	◎	4	エピックジョイ	0.86	0.879
20241005	東京	10	○	10	サルヴァトーレ	0.86	0.879
20241005	東京	10	▲	11	ジョージテソーロ	1.0	0.879
20241005	東京	10	☆	5	プラーヴィ	0.8	0.879
20241005	東京	11	◎	2	ニシノルアノーヴァ	1.0	1.0
20241005	東京	11	○	3	アルレッキーノ	1.0	1.0
20241005	東京	11	▲	7	フードマン	1.0	1.0
20241005	東京	11	☆	6	シンフォーエバー	1.0	1.0
20241005	東京	12	◎	8	ジューンポンポン	0.75	0.878
20241005	東京	12	○	10	ベルウェザー	1.0	0.878
20241005	東京	12	▲	9	ハッピーロンドン	0.88	0.878
20241005	東京	12	☆	2	スペンサーバローズ	0.89	0.878
20241006	京都	1	◎	8	リリードリーマー	1.0	0.969
20241006	京都	1	○	5	ダノンフィーゴ	1.0	0.969
20241006	京都	1	▲	1	モレポブラーノ	1.0	0.969
20241006	京都	1	☆	9	ピースシャイニー	0.88	0.969
20241006	京都	2	◎	7	グーフドリファール	1.0	1.0
20241006	京都	2	○	2	ゼンダンハヤブサ	1.0	1.0
20241006	京都	2	▲	4	タガノアンファン	1.0	1.0
20241006	京都	2	☆	12	ヌーヴェルソール	1.0	1.0
20241006	京都	6	◎	3	ヒロノラメール	0.86	0.937
20241006	京都	6	○	1	キャピタルサックス	0.89	0.937
20241006	京都	6	▲	5	ソーニーイシュー	1.0	0.937
20241006	京都	6	☆	7	メイショウカシワデ	1.0	0.937
20241006	京都	7	◎	15	フラッシングレート	1.0	1.0
20241006	京都	7	○	12	イリスレーン	1.0	1.0
20241006	京都	7	▲	10	ブエナオンダ	1.0	1.0
20241006	京都	7	☆	6	スウィートスカー	1.0	1.0
20241006	京都	8	◎	10	サザーランド	1.0	0.964
20241006	京都	8	○	7	ローズバルサム	1.0	0.964
20241006	京都	8	▲	9	リジル	1.0	0.964
20241006	京都	8	☆	8	ランタナヒルズ	0.86	0.964
20241006	京都	9	◎	11	トーホウディアス	1.0	1.0
20241006	京都	9	○	16	ガロンヌ	1.0	1.0
20241006	京都	9	▲	12	ワイドラトゥール	1.0	1.0
20241006	京都	9	☆	13	ルミノメテオール	1.0	1.0
20241006	京都	10	◎	12	ドンアミティエ	1.0	1.0
20241006	京都	10	○	16	クインズメリッサ	1.0	1.0
20241006	京都	10	▲	6	ボナンザ	1.0	1.0
20241006	京都	11	◎	4	シュヴァリエローズ	1.0	1.0
20241006	京都	11	○	8	プラダリア	1.0	1.0
20241006	京都	11	▲	11	ブローザホーン	1.0	1.0
20241006	京都	11	☆	2	ケイアイサンデラ	1.0	1.0
20241006	京都	12	◎	14	サウンドサンビーム	1.0	0.944
20241006	京都	12	○	10	ジョヴィアン	1.0	0.944
20241006	京都	12	▲	9	サンガネーブ	0.83	0.944
20241006	新潟	1	◎	11	エイトビートレター	0.89	0.937
20241006	新潟	1	○	14	ブリッツアロング	1.0	0.937
20241006	新潟	1	▲	6	ブルドッグキング	1.0	0.937
20241006	新潟	1	☆	9	ダイメイハマダ	0.86	0.937
20241006	新潟	2	◎	14	ガーンディーヴァ	1.0	1.0
20241006	新潟	2	○	2	マイネルゼウス	1.0	1.0
20241006	新潟	2	▲	15	ヴォルヴァ	1.0	1.0
20241006	新潟	2	☆	10	ブルバンビーナ	1.0	1.0
20241006	新潟	3	◎	10	ノーブルアクト	1.0	0.969
20241006	新潟	3	○	11	フイノマジワリ	1.0	0.969
20241006	新潟	3	▲	2	ルージュアベリア	1.0	0.969
20241006	新潟	3	☆	9	サイモンポーリア	0.88	0.969
20241006	新潟	6	◎	8	タガノサダフ	1.0	0.863
20241006	新潟	6	○	5	ティピティーナ	0.71	0.863
20241006	新潟	6	☆	4	ペタルブランシュ	0.88	0.863
20241006	新潟	7	◎	5	カフェクロニクル	1.0	1.0
20241006	新潟	7	○	10	トモジャシーマ	1.0	1.0
20241006	新潟	7	☆	14	ビップジーニー	1.0	1.0
20241006	新潟	8	◎	6	ストロンゲスト	1.0	0.937
20241006	新潟	8	○	5	ゼンダンスカイ	1.0	0.937
20241006	新潟	8	▲	4	グロリアスヒーロー	0.89	0.937
20241006	新潟	8	☆	3	アルファヒディ	0.86	0.937
20241006	新潟	9	◎	14	サイレントグルーヴ	1.0	1.0
20241006	新潟	9	○	7	サルヴェージワーク	1.0	1.0
20241006	新潟	9	▲	9	イゾレエオリア	1.0	1.0
20241006	新潟	9	☆	1	アラナコア	1.0	1.0
20241006	新潟	10	◎	3	メタルスピード	0.86	0.964
20241006	新潟	10	○	1	ウインアイオライト	1.0	0.964
20241006	新潟	10	▲	8	ロゼル	1.0	0.964
20241006	新潟	10	☆	2	ワザモノ	1.0	0.964
20241006	新潟	11	◎	5	コンスタンティン	1.0	1.0
20241006	新潟	11	○	12	サトノアイオライト	1.0	1.0
20241006	新潟	11	▲	10	フェブランシェ	1.0	1.0
20241006	新潟	11	☆	11	ガウラ	1.0	1.0
20241006	新潟	12	◎	6	アナスタシス	1.0	0.969
20241006	新潟	12	○	11	メイプルギャング	0.88	0.969
20241006	新潟	12	▲	13	サベージラヴ	1.0	0.969
20241006	新潟	12	☆	10	サクソフィーナ	1.0	0.969
20241006	東京	1	◎	11	ノアプレスリー	0.86	0.929
20241006	東京	1	○	6	ドゥカート	1.0	0.929
20241006	東京	1	▲	8	リネンフラッシュ	1.0	0.929
20241006	東京	1	☆	10	キタノラブミー	0.86	0.929
20241006	東京	2	◎	5	ロンティケチャップ	1.0	1.0
20241006	東京	2	○	2	タイセイリコルド	1.0	1.0
20241006	東京	2	▲	7	エデルクローネ	1.0	1.0
20241006	東京	2	☆	6	コスモグリッター	1.0	1.0
20241006	東京	6	◎	9	グラスブランシュ	1.0	0.969
20241006	東京	6	○	15	ノットファウンド	0.88	0.969
20241006	東京	6	▲	8	アルーリングタイム	1.0	0.969
20241006	東京	6	☆	16	ニシノヴィヴィ	1.0	0.969
20241006	東京	7	◎	12	ベルフィーヌ	1.0	1.0
20241006	東京	7	○	10	サクラトップリアル	1.0	1.0
20241006	東京	7	▲	5	ホウオウフェイント	1.0	1.0
20241006	東京	7	☆	15	デリシュレーヌ	1.0	1.0
20241006	東京	8	◎	12	ボルタドマール	1.0	1.0
20241006	東京	8	○	8	サトミノキラリ	1.0	1.0
20241006	東京	8	▲	5	ニコラウス	1.0	1.0
20241006	東京	8	☆	13	デルマカンノン	1.0	1.0
20241006	東京	9	◎	7	タイセイフェリーク	1.0	0.969
20241006	東京	9	○	5	ワイドエンペラー	0.88	0.969
20241006	東京	9	▲	6	サトノクローク	1.0	0.969
20241006	東京	9	☆	4	ナイトインロンドン	1.0	0.969
20241006	東京	10	◎	8	キタノリューオー	1.0	0.95
20241006	東京	10	○	16	ペリエール	0.8	0.95
20241006	東京	10	▲	15	バグラダス	1.0	0.95
20241006	東京	10	☆	7	レオノーレ	1.0	0.95
20241006	東京	11	◎	10	マテンロウスカイ	0.88	0.902
20241006	東京	11	○	9	ローシャムパーク	0.88	0.902
20241006	東京	11	▲	11	シックスペンス	0.86	0.902
20241006	東京	11	☆	1	ヤマニンサルバム	1.0	0.902
20241006	東京	12	◎	11	ララエフォール	1.0	0.958
20241006	東京	12	○	10	ボールドゾーン	1.0	0.958
20241006	東京	12	▲	6	レオスパーク	0.83	0.958
20241006	東京	12	☆	8	ロミオボス	1.0	0.958
20241012	京都	1	◎	12	ブライアーヒル	1.0	1.0
20241012	京都	1	○	14	サイラモナムール	1.0	1.0
20241012	京都	1	▲	8	サブアトミック	1.0	1.0
20241012	京都	1	☆	2	テーオーテバルディ	1.0	1.0
20241012	京都	2	◎	10	タガノビギニング	1.0	1.0
20241012	京都	2	○	2	ヴェーヌドール	1.0	1.0
20241012	京都	2	▲	7	ヴァンアグレアブル	1.0	1.0
20241012	京都	2	☆	8	ロイヤルイブキ	1.0	1.0
20241012	京都	3	◎	8	ドラゴンブースト	1.0	0.95
20241012	京都	3	○	11	アドマイヤアーデル	1.0	0.95
20241012	京都	3	▲	3	アイスモント	1.0	0.95
20241012	京都	3	☆	6	ポンペルモ	0.8	0.95
20241012	京都	6	◎	4	スナークメモリー	1.0	1.0
20241012	京都	6	○	11	ヒヒーン	1.0	1.0
20241012	京都	6	▲	7	フローラルセント	1.0	1.0
20241012	京都	6	☆	12	ネバーモア	1.0	1.0
20241012	京都	7	◎	7	ジェネラーレ	1.0	1.0
20241012	京都	7	○	5	ディスタントスカイ	1.0	1.0
20241012	京都	7	▲	14	シグルドリーヴァ	1.0	1.0
20241012	京都	7	☆	2	ボブズヤアンクル	1.0	1.0
20241012	京都	8	◎	1	スーパーチャンド	0.88	0.919
20241012	京都	8	○	5	ワンモアスマイル	1.0	0.919
20241012	京都	8	▲	2	バルティカ	0.8	0.919
20241012	京都	8	☆	3	マテンロウサン	1.0	0.919
20241012	京都	9	◎	13	パーサヴィアランス	0.89	0.937
20241012	京都	9	○	10	ミッキークレスト	1.0	0.937
20241012	京都	9	▲	7	モンブランミノル	1.0	0.937
20241012	京都	9	☆	9	エンツォウーノ	0.86	0.937
20241012	京都	10	◎	6	デコラシオン	1.0	1.0
20241012	京都	10	○	10	マラキナイア	1.0	1.0
20241012	京都	10	▲	2	アイスグリーン	1.0	1.0
20241012	京都	10	☆	9	ココクレーター	1.0	1.0
20241012	京都	11	◎	15	メイショウユズルハ	1.0	1.0
20241012	京都	11	○	13	ミスティックロア	1.0	1.0
20241012	京都	11	▲	9	キングストンボーイ	1.0	1.0
20241012	京都	11	☆	14	バハルダール	1.0	1.0
20241012	京都	12	◎	10	ベンガン	1.0	1.0
20241012	京都	12	○	5	ステークホルダー	1.0	1.0
20241012	京都	12	▲	1	ジョーメッドヴィン	1.0	1.0
20241012	京都	12	☆	8	キャンシーエンゼル	1.0	1.0
20241012	新潟	2	◎	4	ラブミーハーパー	0.88	0.969
20241012	新潟	2	○	2	アルムチャーチル	1.0	0.969
20241012	新潟	2	▲	3	アレグランサ	1.0	0.969
20241012	新潟	2	☆	7	マイネルラカイユ	1.0	0.969
20241012	新潟	3	◎	5	カフェアローロ	1.0	0.969
20241012	新潟	3	○	12	ハリウッドパーク	0.88	0.969
20241012	新潟	3	▲	9	メイショウリリー	1.0	0.969
20241012	新潟	3	☆	4	ヒロインズクレスト	1.0	0.969
20241012	新潟	6	◎	3	コスモサンビタリア	1.0	1.0
20241012	新潟	6	○	5	ムーンナイトローズ	1.0	1.0
20241012	新潟	6	▲	12	インシーズン	1.0	1.0
20241012	新潟	6	☆	10	ジュエリーメモリー	1.0	1.0
20241012	新潟	7	◎	4	ザロック	1.0	0.941
20241012	新潟	7	○	11	クラウンシエンタ	0.88	0.941
20241012	新潟	7	▲	7	カムランベイ	1.0	0.941
20241012	新潟	7	☆	10	ハギノインスパイア	0.89	0.941
20241012	新潟	8	◎	11	ラリベラ	1.0	0.969
20241012	新潟	8	○	4	ヤマニンアルリフラ	1.0	0.969
20241012	新潟	8	▲	6	ブライトルピナス	0.88	0.969
20241012	新潟	8	☆	1	ワンダーカモン	1.0	0.969
20241012	新潟	9	◎	16	グラニットピーク	0.88	0.969
20241012	新潟	9	○	14	ソングオブライフ	1.0	0.969
20241012	新潟	9	▲	5	ヴィントシュティレ	1.0	0.969
20241012	新潟	9	☆	4	トレンシャリー	1.0	0.969
20241012	新潟	10	◎	3	ケイツークローン	1.0	1.0
20241012	新潟	10	○	11	ジャスティンガルフ	1.0	1.0
20241012	新潟	10	▲	6	リュケイオン	1.0	1.0
20241012	新潟	10	☆	2	ヴィスマール	1.0	1.0
20241012	新潟	11	◎	3	クインズコスモス	1.0	1.0
20241012	新潟	11	○	12	ジューンブレア	1.0	1.0
20241012	新潟	11	▲	11	オリアメンディ	1.0	1.0
20241012	新潟	11	☆	2	トレブランシュ	1.0	1.0
20241012	新潟	12	◎	8	クリニエールグラス	1.0	0.938
20241012	新潟	12	○	5	フレイミングパイ	0.88	0.938
20241012	新潟	12	▲	11	パレスドフィーヌ	0.88	0.938
20241012	新潟	12	☆	9	アンジュグルーヴ	1.0	0.938
20241013	京都	1	◎	7	メイショウセオト	1.0	0.977
20241013	京都	1	○	1	キョラムン	1.0	0.977
20241013	京都	1	▲	2	マテンロウコマンド	1.0	0.977
20241013	京都	1	☆	4	アンノドミニ	0.91	0.977
20241013	京都	2	◎	9	クリノエニシ	1.0	1.0
20241013	京都	2	○	10	ウルスクローム	1.0	1.0
20241013	京都	2	▲	7	ブライトイメル	1.0	1.0
20241013	京都	2	☆	4	ヒフミバンダム	1.0	1.0
20241013	京都	3	◎	8	ビジュードネージュ	1.0	0.972
20241013	京都	3	○	1	センツブラッド	1.0	0.972
20241013	京都	3	▲	7	リアライズオーラム	1.0	0.972
20241013	京都	3	☆	9	マテンロウアトラス	0.89	0.972
20241013	京都	6	◎	8	タイセイミニスター	1.0	1.0
20241013	京都	6	○	9	アドマイヤソラ	1.0	1.0
20241013	京都	6	☆	6	レイワサンサン	1.0	1.0
20241013	京都	7	◎	6	ジッピーレーサー	1.0	1.0
20241013	京都	7	○	7	ダノンフロイデ	1.0	1.0
20241013	京都	7	▲	4	ナヴォーナ	1.0	1.0
20241013	京都	7	☆	2	リラボニート	1.0	1.0
20241013	京都	8	◎	5	インフローレ	1.0	1.0
20241013	京都	8	○	6	マックアルイーン	1.0	1.0
20241013	京都	8	▲	4	リリーフィールド	1.0	1.0
20241013	京都	8	☆	1	セルヴァンス	1.0	1.0
20241013	京都	9	◎	10	タガノヒナタ	0.83	0.958
20241013	京都	9	○	1	クリノオリーブ	1.0	0.958
20241013	京都	9	▲	11	タイセイアレス	1.0	0.958
20241013	京都	9	☆	6	ロードドミニオン	1.0	0.958
20241013	京都	10	◎	1	インヒズアイズ	1.0	1.0
20241013	京都	10	○	11	セクシーブーケ	1.0	1.0
20241013	京都	10	▲	9	オンザライン	1.0	1.0
20241013	京都	10	☆	4	マリアナトレンチ	1.0	1.0
20241013	京都	11	◎	7	チルカーノ	1.0	1.0
20241013	京都	11	○	3	クイーンズウォーク	1.0	1.0
20241013	京都	11	▲	5	チェルヴィニア	1.0	1.0
20241013	京都	11	☆	9	アドマイヤベル	1.0	1.0
20241013	京都	12	◎	1	ギーロカスタル	1.0	1.0
20241013	京都	12	○	5	クリノキングマン	1.0	1.0
20241013	京都	12	▲	9	ラブコメディ	1.0	1.0
20241013	京都	12	☆	8	シンエン	1.0	1.0
20241013	東京	1	◎	5	シベリアンデネブ	1.0	1.0
20241013	東京	1	○	6	ベストシーン	1.0	1.0
20241013	東京	1	▲	3	イミグラントソング	1.0	1.0
20241013	東京	1	☆	10	フクシマコウヨウ	1.0	1.0
20241013	東京	2	◎	7	フクノジョヴァンニ	1.0	1.0
20241013	東京	2	○	5	アナベルケイツー	1.0	1.0
20241013	東京	2	▲	10	ザローズハーツ	1.0	1.0
20241013	東京	2	☆	1	グランシャット	1.0	1.0
20241013	東京	3	◎	8	バンブルビー	1.0	1.0
20241013	東京	3	○	7	カラマティアノス	1.0	1.0
20241013	東京	3	▲	6	アルティテュード	1.0	1.0
20241013	東京	3	☆	3	タキノボリ	1.0	1.0
20241013	東京	6	◎	5	キタノチェロキー	1.0	0.958
20241013	東京	6	○	2	インテルメディオ	1.0	0.958
20241013	東京	6	▲	3	ネオシルバー	1.0	0.958
20241013	東京	6	☆	7	スーパーマン	0.83	0.958
20241013	東京	7	◎	7	アドミラルシップ	1.0	0.972
20241013	東京	7	○	1	アバンデル	1.0	0.972
20241013	東京	7	▲	3	トラストボス	1.0	0.972
20241013	東京	7	☆	6	モルトマエストーソ	0.89	0.972
20241013	東京	8	◎	14	ルーラーリッチ	1.0	0.938
20241013	東京	8	○	9	メイプルタピット	0.75	0.938
20241013	東京	8	▲	3	アラレタバシル	1.0	0.938
20241013	東京	8	☆	4	トーアシオン	1.0	0.938
20241013	東京	10	◎	11	エコロアレス	1.0	1.0
20241013	東京	10	○	3	バトゥーキ	1.0	1.0
20241013	東京	10	▲	2	ユキマル	1.0	1.0
20241013	東京	10	☆	5	アルメイダミノル	1.0	1.0
20241013	東京	11	◎	13	ノースザワールド	1.0	1.0
20241013	東京	11	○	5	グランディア	1.0	1.0
20241013	東京	11	▲	16	ドゥラドーレス	1.0	1.0
20241013	東京	11	☆	14	ラヴェル	1.0	1.0
20241013	東京	12	◎	6	ヨーカイディスコ	1.0	0.958
20241013	東京	12	○	2	ショウナンアビアス	1.0	0.958
20241013	東京	12	▲	4	ニシノスピカ	0.83	0.958
20241013	東京	12	☆	11	キョウエイカンフ	1.0	0.958
20241014	新潟	1	◎	13	ベイビーキッス	1.0	1.0
20241014	新潟	1	○	12	キタノライブリー	1.0	1.0
20241014	新潟	1	▲	7	シルフズミスチーフ	1.0	1.0
20241014	新潟	1	☆	6	クリアクォーツ	1.0	1.0
20241014	新潟	2	◎	15	アットザホップ	1.0	0.964
20241014	新潟	2	○	17	メイリー	1.0	0.964
20241014	新潟	2	▲	9	コルドンブルー	1.0	0.964
20241014	新潟	2	☆	13	プレインコート	0.86	0.964
20241014	新潟	3	◎	14	エルモッソペンドロ	0.89	0.972
20241014	新潟	3	○	13	テーオーシュターデ	1.0	0.972
20241014	新潟	3	▲	15	シンガソング	1.0	0.972
20241014	新潟	3	☆	7	ガンハンマー	1.0	0.972
20241014	新潟	4	◎	9	アンノウンウォリア	1.0	1.0
20241014	新潟	4	○	8	サトノレイズ	1.0	1.0
20241014	新潟	4	▲	4	マベルシュシュット	1.0	1.0
20241014	新潟	4	☆	10	イモータルソウル	1.0	1.0
20241014	新潟	6	◎	10	クレバーピコ	0.83	0.887
20241014	新潟	6	○	6	グランアトミカ	0.86	0.887
20241014	新潟	6	▲	12	フォルテフィオーレ	1.0	0.887
20241014	新潟	6	☆	11	ワイドモヒート	0.86	0.887
20241014	新潟	7	◎	9	ゲインサポート	1.0	1.0
20241014	新潟	7	○	7	タナバタ	1.0	1.0
20241014	新潟	7	▲	6	エコロブレード	1.0	1.0
20241014	新潟	7	☆	10	アブストゥルース	1.0	1.0
20241014	新潟	8	◎	7	ヤマカツパトリシア	0.89	0.941
20241014	新潟	8	○	2	ヨシノヤッタルデー	1.0	0.941
20241014	新潟	8	▲	6	テイエムヒショウ	1.0	0.941
20241014	新潟	8	☆	4	タイセイピューマ	0.88	0.941
20241014	新潟	9	◎	2	ディージェーサン	1.0	0.964
20241014	新潟	9	○	13	ランスオブサウンド	1.0	0.964
20241014	新潟	9	▲	5	ルクスパラディ	0.86	0.964
20241014	新潟	9	☆	4	ティーラミレス	1.0	0.964
20241014	新潟	10	◎	10	ノーブルマルシェ	1.0	0.958
20241014	新潟	10	○	8	リジン	1.0	0.958
20241014	新潟	10	▲	5	シゲルカミカゼ	1.0	0.958
20241014	新潟	10	☆	6	サパテアール	0.83	0.958
20241014	新潟	11	◎	10	ジュビリーヘッド	1.0	1.0
20241014	新潟	11	○	16	オーキッドロマンス	1.0	1.0
20241014	新潟	11	▲	17	リュミエールノワル	1.0	1.0
20241014	新潟	11	☆	7	ラインベック	1.0	1.0
20241014	新潟	12	◎	11	レッセパッセ	0.83	0.958
20241014	新潟	12	○	2	ブリックワーク	1.0	0.958
20241014	新潟	12	▲	14	ルトゥール	1.0	0.958
20241014	新潟	12	☆	16	オリーボーレン	1.0	0.958
20241014	東京	1	◎	10	インパルアスール	0.88	0.938
20241014	東京	1	○	2	ライストン	1.0	0.938
20241014	東京	1	▲	14	サラサエンペラー	0.88	0.938
20241014	東京	1	☆	12	ボンジュールゼン	1.0	0.938
20241014	東京	2	◎	5	アミグダラ	1.0	0.867
20241014	東京	2	○	14	ヴィンブルレー	1.0	0.867
20241014	東京	2	▲	1	パドメ	0.67	0.867
20241014	東京	2	☆	8	カシオペア	0.8	0.867
20241014	東京	3	◎	12	アグネスヒーロー	1.0	1.0
20241014	東京	3	○	4	ヴィーデ	1.0	1.0
20241014	東京	3	▲	9	トレインザマインド	1.0	1.0
20241014	東京	3	☆	5	エルオレンス	1.0	1.0
20241014	東京	6	◎	8	マーゴットレーヴ	1.0	1.0
20241014	東京	6	○	9	テーオードラッカー	1.0	1.0
20241014	東京	6	▲	7	カリフォルニア	1.0	1.0
20241014	東京	6	☆	4	ヨゾラノムコウニ	1.0	1.0
20241014	東京	7	◎	5	リンフレスカンテ	1.0	1.0
20241014	東京	7	○	2	エセルフリーダ	1.0	1.0
20241014	東京	7	▲	4	ホウオウムサシ	1.0	1.0
20241014	東京	7	☆	7	マルカブリッツ	1.0	1.0
20241014	東京	8	◎	12	メリトリオ	1.0	1.0
20241014	東京	8	○	14	カイトグート	1.0	1.0
20241014	東京	8	▲	2	コンテネレッツア	1.0	1.0
20241014	東京	8	☆	1	ダルタニアン	1.0	1.0
20241014	東京	9	◎	4	アイビーヒメチャン	0.89	0.972
20241014	東京	9	○	3	メルキオル	1.0	0.972
20241014	東京	9	▲	2	メイショウハチロー	1.0	0.972
20241014	東京	9	☆	8	サノノワンダー	1.0	0.972
20241014	東京	10	◎	6	ヤマニンデンファレ	1.0	0.881
20241014	東京	10	○	7	ソンシ	0.67	0.881
20241014	東京	10	▲	2	エピプランセス	0.86	0.881
20241014	東京	10	☆	12	ベガリス	1.0	0.881
20241014	東京	11	◎	10	シンティレーション	1.0	1.0
20241014	東京	11	○	6	マスクトディーヴァ	1.0	1.0
20241014	東京	11	▲	7	フィアスプライド	1.0	1.0
20241014	東京	11	☆	14	ライラック	1.0	1.0
20241014	東京	12	◎	11	アップトゥミー	1.0	1.0
20241014	東京	12	○	8	ニュージーズ	1.0	1.0
20241014	東京	12	▲	3	レディントン	1.0	1.0
20241014	東京	12	☆	2	ヴルカーノ	1.0	1.0
20241019	京都	1	◎	12	ワンダーキュイラス	1.0	1.0
20241019	京都	1	○	4	マジカルシャイン	1.0	1.0
20241019	京都	1	▲	2	アメリカンステージ	1.0	1.0
20241019	京都	1	☆	3	レイザリオ	1.0	1.0
20241019	京都	2	◎	4	レディエンス	1.0	1.0
20241019	京都	2	○	6	ミンストレルソング	1.0	1.0
20241019	京都	2	▲	9	ブルーミングローズ	1.0	1.0
20241019	京都	2	☆	3	カルドウェル	1.0	1.0
20241019	京都	3	◎	5	バダジェフスカ	1.0	1.0
20241019	京都	3	○	10	タイセイリコルド	1.0	1.0
20241019	京都	3	▲	6	ノラリクラリ	1.0	1.0
20241019	京都	3	☆	8	セイフウサツキ	1.0	1.0
20241019	京都	6	◎	3	デザートスター	1.0	1.0
20241019	京都	6	○	2	ベトルス	1.0	1.0
20241019	京都	6	▲	6	ミッキーストライク	1.0	1.0
20241019	京都	6	☆	1	グランアルティスタ	1.0	1.0
20241019	京都	7	◎	6	ヘヴンリーハンド	1.0	0.964
20241019	京都	7	○	9	マテンロウブラボー	1.0	0.964
20241019	京都	7	▲	5	パシアンジャン	0.86	0.964
20241019	京都	7	☆	8	ソウルユニバンス	1.0	0.964
20241019	京都	8	◎	9	バンベルク	1.0	1.0
20241019	京都	8	○	14	ブーヤカ	1.0	1.0
20241019	京都	8	▲	8	ナッカーフェイス	1.0	1.0
20241019	京都	8	☆	5	チークタイム	1.0	1.0
20241019	京都	9	◎	10	トゥルブレンシア	0.88	0.969
20241019	京都	9	○	2	タイトニット	1.0	0.969
20241019	京都	9	▲	4	レッドリベルタ	1.0	0.969
20241019	京都	9	☆	5	ジョータルマエ	1.0	0.969
20241019	京都	10	◎	7	フィールザオーラ	1.0	1.0
20241019	京都	10	○	5	チャンネルトンネル	1.0	1.0
20241019	京都	10	▲	4	マイシンフォニー	1.0	1.0
20241019	京都	10	☆	9	ベンガン	1.0	1.0
20241019	京都	11	◎	10	サトノテンペスト	0.88	0.969
20241019	京都	11	○	14	ロードエクレール	1.0	0.969
20241019	京都	11	▲	11	ライツフォル	1.0	0.969
20241019	京都	11	☆	8	グラティアス	1.0	0.969
20241019	京都	12	◎	3	ロープスピニング	0.75	0.917
20241019	京都	12	○	6	ツークフォーゲル	1.0	0.917
20241019	京都	12	☆	4	ルクスメテオール	1.0	0.917
20241019	新潟	2	◎	5	ゴームズ	0.75	0.938
20241019	新潟	2	○	9	グランカッサ	1.0	0.938
20241019	新潟	2	▲	2	コリエドール	1.0	0.938
20241019	新潟	2	☆	10	アイヨトワニ	1.0	0.938
20241019	新潟	3	◎	6	ソイジャガー	1.0	1.0
20241019	新潟	3	○	8	ブリッツアロング	1.0	1.0
20241019	新潟	3	▲	10	ミユンガー	1.0	1.0
20241019	新潟	3	☆	7	ビーマックス	1.0	1.0
20241019	新潟	5	◎	10	グランノーヴ	1.0	1.0
20241019	新潟	5	○	11	ワイルドゴーア	1.0	1.0
20241019	新潟	5	▲	13	ハニーアイリー	1.0	1.0
20241019	新潟	5	☆	3	ベイビーキッス	1.0	1.0
20241019	新潟	6	◎	3	サンデーヒーロー	0.88	0.969
20241019	新潟	6	○	8	ゼンダンスカイ	1.0	0.969
20241019	新潟	6	▲	1	ヤマニンクイッカー	1.0	0.969
20241019	新潟	6	☆	7	メイショウジェンマ	1.0	0.969
20241019	新潟	7	◎	7	キャンディレイ	0.86	0.937
20241019	新潟	7	○	3	リヤンドゥミラクル	0.89	0.937
20241019	新潟	7	▲	4	ストーンズ	1.0	0.937
20241019	新潟	7	☆	9	クイーンズワーフ	1.0	0.937
20241019	新潟	8	◎	11	ファイアネイド	1.0	1.0
20241019	新潟	8	○	7	キーウィル	1.0	1.0
20241019	新潟	8	▲	8	ゴッドカインド	1.0	1.0
20241019	新潟	8	☆	3	エブリモーメント	1.0	1.0
20241019	新潟	9	◎	6	トラストエムシー	1.0	1.0
20241019	新潟	9	○	3	イゾレエオリア	1.0	1.0
20241019	新潟	9	▲	5	ディーガレジェンド	1.0	1.0
20241019	新潟	9	☆	9	スノーブリザード	1.0	1.0
20241019	新潟	10	◎	11	タガノチュール	1.0	1.0
20241019	新潟	10	○	7	アスクナイスショー	1.0	1.0
20241019	新潟	10	▲	13	ショーマンフリート	1.0	1.0
20241019	新潟	10	☆	9	リリーブライト	1.0	1.0
20241019	新潟	11	◎	18	ハピネスアゲン	0.86	0.902
20241019	新潟	11	○	8	ツインクルトーズ	1.0	0.902
20241019	新潟	11	▲	7	プロスペリダード	0.75	0.902
20241019	新潟	11	☆	16	コナブラック	1.0	0.902
20241019	新潟	12	◎	6	アイスリンディ	1.0	0.958
20241019	新潟	12	○	1	スマートオリーブ	1.0	0.958
20241019	新潟	12	▲	2	セイウンデセオ	1.0	0.958
20241019	新潟	12	☆	4	ステラシティ	0.83	0.958
20241019	東京	1	◎	5	キタノショウリュウ	1.0	1.0
20241019	東京	1	○	15	アメリカンビーチ	1.0	1.0
20241019	東京	1	▲	11	エコロヴァイス	1.0	1.0
20241019	東京	1	☆	1	ビレッジルミエール	1.0	1.0
20241019	東京	2	◎	8	アミグダラ	1.0	0.969
20241019	東京	2	○	7	フクシマコウヨウ	0.88	0.969
20241019	東京	2	▲	11	ロジステート	1.0	0.969
20241019	東京	2	☆	6	レオンバルディア	1.0	0.969
20241019	東京	3	◎	1	ニシノブレイゼスト	0.89	0.972
20241019	東京	3	○	2	ミラージュナイト	1.0	0.972
20241019	東京	3	▲	4	ニヴルヘイム	1.0	0.972
20241019	東京	3	☆	3	ポッドロワール	1.0	0.972
20241019	東京	7	◎	8	ラズライト	1.0	0.95
20241019	東京	7	○	10	テンペスト	0.8	0.95
20241019	東京	7	▲	4	セイウンマカロン	1.0	0.95
20241019	東京	7	☆	2	デイジー	1.0	0.95
20241019	東京	8	◎	7	ロイヤルダンス	1.0	0.964
20241019	東京	8	○	1	メイショウミシガン	1.0	0.964
20241019	東京	8	▲	16	ストレングス	1.0	0.964
20241019	東京	8	☆	3	シャープソーン	0.86	0.964
20241019	東京	9	◎	2	パッションリッチ	0.88	0.891
20241019	東京	9	○	8	シルバーレイン	1.0	0.891
20241019	東京	9	▲	4	ショウナンサムデイ	0.89	0.891
20241019	東京	9	☆	3	カポレイラ	0.8	0.891
20241019	東京	10	◎	8	キタサンドーシン	0.88	0.913
20241019	東京	10	○	6	オメガタキシード	1.0	0.913
20241019	東京	10	▲	15	ネッケツシャチョウ	0.89	0.913
20241019	東京	10	☆	4	ビップスコーピオン	0.89	0.913
20241019	東京	11	◎	5	エアロロノア	1.0	0.972
20241019	東京	11	○	7	セリフォス	1.0	0.972
20241019	東京	11	▲	4	ゴンバデカーブース	1.0	0.972
20241019	東京	11	☆	15	パラレルヴィジョン	0.89	0.972
20241019	東京	12	◎	6	マーゴットソラーレ	0.89	0.972
20241019	東京	12	○	4	フォルラニーニ	1.0	0.972
20241019	東京	12	▲	8	エコロレイズ	1.0	0.972
20241019	東京	12	☆	3	ニシノインヴィクタ	1.0	0.972
20241020	京都	1	◎	7	カンタカナリート	1.0	1.0
20241020	京都	1	○	2	サンダーロード	1.0	1.0
20241020	京都	1	▲	5	タイセイアビリティ	1.0	1.0
20241020	京都	1	☆	3	カガセブンスター	1.0	1.0
20241020	京都	2	◎	8	シカレ	1.0	0.972
20241020	京都	2	○	4	ダイヤモンド	1.0	0.972
20241020	京都	2	▲	5	レーニス	1.0	0.972
20241020	京都	2	☆	1	マルモリスパークル	0.89	0.972
20241020	京都	6	◎	3	ロスティチェーレ	1.0	0.95
20241020	京都	6	○	5	パカーラン	0.8	0.95
20241020	京都	6	▲	8	エアサンサーラ	1.0	0.95
20241020	京都	6	☆	2	シーリュウシー	1.0	0.95
20241020	京都	7	◎	12	アーレンダール	1.0	0.964
20241020	京都	7	○	1	チカミリオン	1.0	0.964
20241020	京都	7	▲	15	コパノエビータ	0.86	0.964
20241020	京都	7	☆	8	ワイルドベティ	1.0	0.964
20241020	京都	8	◎	10	コスモストーム	1.0	0.972
20241020	京都	8	○	9	スカイブルー	1.0	0.972
20241020	京都	8	▲	5	ジャスパーソレイユ	0.89	0.972
20241020	京都	8	☆	3	ミッドナイトゲイル	1.0	0.972
20241020	京都	9	◎	4	フォーチュンコード	1.0	1.0
20241020	京都	9	○	7	サブマリーナ	1.0	1.0
20241020	京都	9	▲	3	ルクスビッグスター	1.0	1.0
20241020	京都	9	☆	2	ローレルキャニオン	1.0	1.0
20241020	京都	10	◎	14	エアミアーニ	1.0	0.958
20241020	京都	10	○	1	キープカルム	0.83	0.958
20241020	京都	10	▲	6	ジュリアバローズ	1.0	0.958
20241020	京都	10	☆	16	サクセスアイ	1.0	0.958
20241020	京都	11	◎	15	エコロヴァルツ	1.0	0.972
20241020	京都	11	○	13	アーバンシック	1.0	0.972
20241020	京都	11	▲	9	コスモキュランダ	1.0	0.972
20241020	京都	11	☆	11	ショウナンラプンタ	0.89	0.972
20241020	京都	12	◎	3	グレートサンドシー	1.0	1.0
20241020	京都	12	○	8	ローズスター	1.0	1.0
20241020	京都	12	☆	2	テイエムランウェイ	1.0	1.0
20241020	新潟	1	◎	2	ミッドセンチュリー	1.0	0.963
20241020	新潟	1	○	7	サンカシグレ	1.0	0.963
20241020	新潟	1	☆	4	エキゾチックガール	0.89	0.963
20241020	新潟	2	◎	6	ライフゲート	1.0	0.958
20241020	新潟	2	○	3	ハルノアラシ	0.83	0.958
20241020	新潟	2	▲	4	レッドギフテッド	1.0	0.958
20241020	新潟	2	☆	5	チュラビックタイム	1.0	0.958
20241020	新潟	3	◎	5	イモータルソウル	1.0	1.0
20241020	新潟	3	○	7	メイショウソムリエ	1.0	1.0
20241020	新潟	3	▲	1	ケイアイメキラ	1.0	1.0
20241020	新潟	3	☆	6	ベイビールビオ	1.0	1.0
20241020	新潟	6	◎	8	アッティラ	1.0	1.0
20241020	新潟	6	○	5	メイショウカシワデ	1.0	1.0
20241020	新潟	6	▲	10	ムーンスカイ	1.0	1.0
20241020	新潟	6	☆	4	リックスター	1.0	1.0
20241020	新潟	7	◎	13	ジョセフィーナ	1.0	1.0
20241020	新潟	7	○	8	メイショウノブカ	1.0	1.0
20241020	新潟	7	▲	9	ドーンコーラス	1.0	1.0
20241020	新潟	7	☆	5	テリオスルル	1.0	1.0
20241020	新潟	8	◎	5	ネイルンノ	1.0	0.972
20241020	新潟	8	○	8	ジーティーポライト	0.89	0.972
20241020	新潟	8	▲	11	レディーエンジェル	1.0	0.972
20241020	新潟	8	☆	18	ビヨンドザタイム	1.0	0.972
20241020	新潟	9	◎	18	マサノカナリア	1.0	1.0
20241020	新潟	9	○	17	ララバッカナール	1.0	1.0
20241020	新潟	9	▲	15	エフォートレス	1.0	1.0
20241020	新潟	9	☆	16	アイファーバトル	1.0	1.0
20241020	新潟	10	◎	3	ルソレイユ	0.8	0.867
20241020	新潟	10	○	8	プレイテシア	0.83	0.867
20241020	新潟	10	▲	6	モリノセピア	0.83	0.867
20241020	新潟	10	☆	4	チュウワキャリア	1.0	0.867
20241020	新潟	11	◎	8	エープラス	0.8	0.9
20241020	新潟	11	○	12	エリダヌス	1.0	0.9
20241020	新潟	11	▲	3	ファユエン	0.8	0.9
20241020	新潟	11	☆	13	ミスフィガロ	1.0	0.9
20241020	新潟	12	◎	6	ビーコング	1.0	1.0
20241020	新潟	12	○	13	アメリカンマーチ	1.0	1.0
20241020	新潟	12	▲	5	ドゥータップ	1.0	1.0
20241020	新潟	12	☆	8	リオンラファール	1.0	1.0
20241020	東京	1	◎	4	ファイアトリック	1.0	1.0
20241020	東京	1	○	7	ミトノオルフェ	1.0	1.0
20241020	東京	1	▲	8	オオタチ	1.0	1.0
20241020	東京	1	☆	2	キョウキランブ	1.0	1.0
20241020	東京	2	◎	3	ステレオプシス	0.86	0.929
20241020	東京	2	○	5	ダノンリュラ	1.0	0.929
20241020	東京	2	▲	9	プリンセスロロ	0.86	0.929
20241020	東京	2	☆	6	コスモサンブライト	1.0	0.929
20241020	東京	3	◎	4	ライヴスプーン	0.86	0.893
20241020	東京	3	○	10	プレシャスデイ	0.71	0.893
20241020	東京	3	▲	8	センジュコスモス	1.0	0.893
20241020	東京	3	☆	6	リケアダージリン	1.0	0.893
20241020	東京	6	◎	6	チギリ	1.0	1.0
20241020	東京	6	○	3	セイウンビッグバン	1.0	1.0
20241020	東京	6	▲	1	フレンドビーチ	1.0	1.0
20241020	東京	6	☆	7	ミーントゥビー	1.0	1.0
20241020	東京	7	◎	11	ペッパーミル	0.67	0.875
20241020	東京	7	○	9	タイセイレスポンス	1.0	0.875
20241020	東京	7	▲	4	パワポケビー	0.83	0.875
20241020	東京	7	☆	3	トルーマンテソーロ	1.0	0.875
20241020	東京	8	◎	5	ブレットフライ	1.0	0.902
20241020	東京	8	○	8	ピコニ	0.67	0.902
20241020	東京	8	▲	11	ブッシュテソーロ	1.0	0.902
20241020	東京	8	☆	3	ミラーオブマインド	0.94	0.902
20241020	東京	9	◎	7	フォーザボーイズ	1.0	1.0
20241020	東京	9	○	4	ビターグラッセ	1.0	1.0
20241020	東京	9	▲	5	ニューステソーロ	1.0	1.0
20241020	東京	9	☆	6	ハイエスティーム	1.0	1.0
20241020	東京	10	◎	3	エイカイマッケンロ	1.0	1.0
20241020	東京	10	○	8	ロジシルバー	1.0	1.0
20241020	東京	10	▲	1	トーセンリョウ	1.0	1.0
20241020	東京	10	☆	4	コスモブッドレア	1.0	1.0
20241020	東京	11	◎	12	グロリアムンディ	1.0	0.964
20241020	東京	11	○	6	リチュアル	1.0	0.964
20241020	東京	11	▲	3	メイプルリッジ	0.86	0.964
20241020	東京	11	☆	11	アンデスビエント	1.0	0.964
20241020	東京	12	◎	7	ドライブアローカス	1.0	1.0
20241020	東京	12	○	5	ロジアデレード	1.0	1.0
20241020	東京	12	▲	10	アッチャゴーラ	1.0	1.0
20241020	東京	12	☆	12	エリンアキレウス	1.0	1.0
20241026	京都	1	◎	7	キャリーグレイス	1.0	1.0
20241026	京都	1	○	10	キョラムン	1.0	1.0
20241026	京都	1	▲	3	モンテディアーナ	1.0	1.0
20241026	京都	1	☆	8	ドナポンド	1.0	1.0
20241026	京都	2	◎	6	メイケイロゼッタ	1.0	0.963
20241026	京都	2	○	5	シュパネントウィル	0.89	0.963
20241026	京都	2	☆	2	タマモジャスミン	1.0	0.963
20241026	京都	3	◎	11	ワンウェイトゥヘル	0.89	0.972
20241026	京都	3	○	6	モンテシート	1.0	0.972
20241026	京都	3	▲	9	ミルトライディーン	1.0	0.972
20241026	京都	3	☆	12	ホウオウライダイ	1.0	0.972
20241026	京都	6	◎	4	タマモキャリコ	1.0	0.972
20241026	京都	6	○	1	キャピタルサックス	0.89	0.972
20241026	京都	6	▲	7	シャンデルナゴル	1.0	0.972
20241026	京都	6	☆	5	オーシンハーフ	1.0	0.972
20241026	京都	7	◎	9	ブルーウィン	1.0	0.881
20241026	京都	7	○	8	ミカエルパシャ	0.86	0.881
20241026	京都	7	▲	6	パレハ	0.67	0.881
20241026	京都	7	☆	11	クリノアドバンス	1.0	0.881
20241026	京都	8	◎	2	スーパーチャンド	0.88	0.969
20241026	京都	8	○	6	ディアナザール	1.0	0.969
20241026	京都	8	▲	3	マジカルフェアリー	1.0	0.969
20241026	京都	8	☆	5	テリオスララ	1.0	0.969
20241026	京都	9	◎	10	デルマカンノン	1.0	1.0
20241026	京都	9	○	4	ケイデンシーマーク	1.0	1.0
20241026	京都	9	▲	1	ラッジオ	1.0	1.0
20241026	京都	9	☆	5	ミッキーチャレンジ	1.0	1.0
20241026	京都	10	◎	1	マリアナトレンチ	1.0	1.0
20241026	京都	10	○	5	シゲルショウグン	1.0	1.0
20241026	京都	10	▲	3	マルブツプライド	1.0	1.0
20241026	京都	10	☆	4	シゲルバクハツ	1.0	1.0
20241026	京都	11	◎	7	バースクライ	1.0	0.972
20241026	京都	11	○	8	スズハローム	1.0	0.972
20241026	京都	11	▲	14	アグリ	1.0	0.972
20241026	京都	11	☆	12	ダノンスコーピオン	0.89	0.972
20241026	京都	12	◎	7	ワンダーブレット	1.0	1.0
20241026	京都	12	○	4	バロンドール	1.0	1.0
20241026	京都	12	☆	6	クリノフィガロ	1.0	1.0
20241026	新潟	2	◎	1	プレデスティナーレ	0.89	0.868
20241026	新潟	2	▲	5	マイユニバース	1.0	0.868
20241026	新潟	2	☆	2	キャストロププ	0.71	0.868
20241026	新潟	3	◎	8	パイアイヤー	0.83	0.958
20241026	新潟	3	○	11	チェルシー	1.0	0.958
20241026	新潟	3	▲	6	サラフォーコン	1.0	0.958
20241026	新潟	3	☆	10	オーロラアーク	1.0	0.958
20241026	新潟	6	◎	14	エマリオンレイ	1.0	0.867
20241026	新潟	6	○	6	ランフォースマイル	1.0	0.867
20241026	新潟	6	▲	12	ルパヴィヨン	0.67	0.867
20241026	新潟	6	☆	7	エウテルペ	0.8	0.867
20241026	新潟	7	◎	12	カーマンライン	1.0	0.964
20241026	新潟	7	○	11	アスプリージャ	0.86	0.964
20241026	新潟	7	▲	1	カゼノランナー	1.0	0.964
20241026	新潟	7	☆	5	ソルアマゾン	1.0	0.964
20241026	新潟	8	◎	7	セキテイオー	0.83	0.958
20241026	新潟	8	○	10	ストームバンガード	1.0	0.958
20241026	新潟	8	▲	6	タイセイブロウ	1.0	0.958
20241026	新潟	8	☆	4	コスモジョセフ	1.0	0.958
20241026	新潟	9	◎	2	マイネルラッシュ	1.0	1.0
20241026	新潟	9	○	14	ツルマウカタチ	1.0	1.0
20241026	新潟	9	▲	11	オオナミコナミ	1.0	1.0
20241026	新潟	9	☆	12	サクラオーラ	1.0	1.0
20241026	新潟	10	◎	4	サイモンソーラン	1.0	0.969
20241026	新潟	10	○	1	コスモオピニオン	0.88	0.969
20241026	新潟	10	▲	13	シュガーコルト	1.0	0.969
20241026	新潟	10	☆	9	ノーブルラン	1.0	0.969
20241026	新潟	11	◎	10	ヴェールランス	1.0	1.0
20241026	新潟	11	○	2	シランケド	1.0	1.0
20241026	新潟	11	▲	8	ウインエクレール	1.0	1.0
20241026	新潟	11	☆	7	グランドカリナン	1.0	1.0
20241026	新潟	12	◎	4	ビヨンドザタイム	1.0	1.0
20241026	新潟	12	○	8	スカイキャンバス	1.0	1.0
20241026	新潟	12	▲	3	ドナヴィーナス	1.0	1.0
20241026	新潟	12	☆	6	スパークルジョイ	1.0	1.0
20241026	東京	1	◎	8	キタノラブミー	1.0	1.0
20241026	東京	1	○	3	クラリネットソナタ	1.0	1.0
20241026	東京	1	▲	7	ミストラルフェザー	1.0	1.0
20241026	東京	1	☆	6	ダカラフェスティヴ	1.0	1.0
20241026	東京	2	◎	7	ジュラ	1.0	0.958
20241026	東京	2	○	4	リアライズオーラム	1.0	0.958
20241026	東京	2	▲	1	グロスビーク	0.83	0.958
20241026	東京	2	☆	6	スワローシチー	1.0	0.958
20241026	東京	3	◎	9	プルシャプラ	0.67	0.889
20241026	東京	3	○	7	サムシャイン	1.0	0.889
20241026	東京	3	☆	14	ニシノケンタマン	1.0	0.889
20241026	東京	6	◎	7	マウンテンエース	1.0	0.972
20241026	東京	6	○	5	タイセイアディクト	0.89	0.972
20241026	東京	6	▲	4	キャネル	1.0	0.972
20241026	東京	6	☆	9	ヴァズレーヌ	1.0	0.972
20241026	東京	7	◎	6	エチャケナ	1.0	1.0
20241026	東京	7	○	12	フクチャントウメイ	1.0	1.0
20241026	東京	7	▲	14	レグザゴン	1.0	1.0
20241026	東京	7	☆	2	ビーストアタック	1.0	1.0
20241026	東京	8	◎	9	セルケト	1.0	0.958
20241026	東京	8	○	2	サンセットビュー	1.0	0.958
20241026	東京	8	☆	8	シャンパンマーク	0.88	0.958
20241026	東京	9	◎	5	フリーフロー	1.0	1.0
20241026	東京	9	○	9	グロッシェン	1.0	1.0
20241026	東京	9	▲	7	ベネロングポイント	1.0	1.0
20241026	東京	9	☆	3	ショウナンガロ	1.0	1.0
20241026	東京	10	◎	5	ディープリッチ	0.86	0.964
20241026	東京	10	○	4	ウォーターリヒト	1.0	0.964
20241026	東京	10	▲	7	リッケンバッカー	1.0	0.964
20241026	東京	10	☆	1	シャイニングフジ	1.0	0.964
20241026	東京	11	◎	7	キョウエイボニータ	0.89	0.972
20241026	東京	11	○	2	ブラウンラチェット	1.0	0.972
20241026	東京	11	▲	1	ミストレス	1.0	0.972
20241026	東京	11	☆	5	ミリオンローズ	1.0	0.972
20241026	東京	12	◎	10	アラカザーム	1.0	1.0
20241026	東京	12	○	13	スタンリーテソーロ	1.0	1.0
20241026	東京	12	▲	14	ニシキギミッチー	1.0	1.0
20241026	東京	12	☆	3	ジルバーン	1.0	1.0
20241027	京都	1	◎	2	リトルサムシング	1.0	1.0
20241027	京都	1	○	3	モズタチアガレ	1.0	1.0
20241027	京都	1	▲	8	セントールビースト	1.0	1.0
20241027	京都	1	☆	6	アイルビリーヴ	1.0	1.0
20241027	京都	2	◎	8	フクキタテーラー	1.0	0.958
20241027	京都	2	○	10	ホウオウアンジュ	0.88	0.958
20241027	京都	2	☆	12	ウルスクローム	1.0	0.958
20241027	京都	3	◎	5	ドラギニャン	1.0	1.0
20241027	京都	3	○	9	ロードガレリア	1.0	1.0
20241027	京都	3	▲	4	リガーレ	1.0	1.0
20241027	京都	3	☆	7	ツーエムクロノス	1.0	1.0
20241027	京都	6	◎	6	アナスタシス	0.83	0.931
20241027	京都	6	○	10	エレガントギフト	1.0	0.931
20241027	京都	6	▲	5	ハギノインスパイア	0.89	0.931
20241027	京都	6	☆	14	ロンシャンクイーン	1.0	0.931
20241027	京都	7	◎	10	キャストロペペ	0.71	0.929
20241027	京都	7	○	2	マサハヤウォルズ	1.0	0.929
20241027	京都	7	▲	6	ジュンラトゥール	1.0	0.929
20241027	京都	7	☆	3	レッドクレメンス	1.0	0.929
20241027	京都	8	◎	12	アガシ	1.0	0.969
20241027	京都	8	○	15	ホウオウトランプ	0.88	0.969
20241027	京都	8	▲	3	セールヴォラン	1.0	0.969
20241027	京都	8	☆	4	レゾルシオン	1.0	0.969
20241027	京都	9	◎	2	サクセスドレーク	1.0	0.972
20241027	京都	9	○	1	ブリタニア	1.0	0.972
20241027	京都	9	▲	5	ホウオウプロサンゲ	0.89	0.972
20241027	京都	9	☆	3	レゾンドゥスリール	1.0	0.972
20241027	京都	10	◎	6	フルール	1.0	0.969
20241027	京都	10	○	8	ゴールデンスナップ	1.0	0.969
20241027	京都	10	▲	3	サトノクローク	1.0	0.969
20241027	京都	10	☆	1	ロードプレジール	0.88	0.969
20241027	京都	11	◎	4	ロングラン	1.0	0.958
20241027	京都	11	○	8	アルジーヌ	1.0	0.958
20241027	京都	11	☆	7	ピースオブエイト	0.88	0.958
20241027	京都	12	◎	12	オースミリン	1.0	1.0
20241027	京都	12	○	10	ラブコメディ	1.0	1.0
20241027	京都	12	▲	1	リジル	1.0	1.0
20241027	京都	12	☆	2	ジャーヴィス	1.0	1.0
20241027	新潟	1	◎	13	カンナギ	1.0	1.0
20241027	新潟	1	○	18	レイヤードレッド	1.0	1.0
20241027	新潟	1	▲	14	ウインバーテックス	1.0	1.0
20241027	新潟	1	☆	15	リアルサファリ	1.0	1.0
20241027	新潟	2	◎	15	チュラット	1.0	1.0
20241027	新潟	2	○	13	デーモンスレイヤー	1.0	1.0
20241027	新潟	2	▲	4	トリリオンボーイ	1.0	1.0
20241027	新潟	2	☆	11	アイアンソリッド	1.0	1.0
20241027	新潟	3	◎	8	ドレミファニー	1.0	1.0
20241027	新潟	3	○	1	モモンウールー	1.0	1.0
20241027	新潟	3	▲	4	ハイウェイスター	1.0	1.0
20241027	新潟	3	☆	2	サイモンコーラル	1.0	1.0
20241027	新潟	6	◎	1	メレカリキマカ	1.0	0.95
20241027	新潟	6	○	3	イノセントキャット	1.0	0.95
20241027	新潟	6	▲	10	クールソル	0.8	0.95
20241027	新潟	6	☆	6	ニシノヴィヴィ	1.0	0.95
20241027	新潟	7	◎	13	ラブカ	1.0	0.964
20241027	新潟	7	○	17	レシプロシティ	0.86	0.964
20241027	新潟	7	▲	18	ヴァンナチュール	1.0	0.964
20241027	新潟	7	☆	16	マハナ	1.0	0.964
20241027	新潟	8	◎	9	トロピカルヒーロー	0.78	0.944
20241027	新潟	8	○	8	ライトニングゼウス	1.0	0.944
20241027	新潟	8	▲	6	キタノソワレ	1.0	0.944
20241027	新潟	8	☆	1	アフトクラーティラ	1.0	0.944
20241027	新潟	9	◎	16	ルークスヘリオス	1.0	0.964
20241027	新潟	9	○	10	クロシェットノエル	1.0	0.964
20241027	新潟	9	▲	13	ジンセイ	1.0	0.964
20241027	新潟	9	☆	11	ケイツールピア	0.86	0.964
20241027	新潟	10	◎	13	コスモアディラート	1.0	0.938
20241027	新潟	10	○	5	カピリナ	0.75	0.938
20241027	新潟	10	▲	12	ディアドコス	1.0	0.938
20241027	新潟	10	☆	14	アサギリ	1.0	0.938
20241027	新潟	11	◎	3	オルコス	1.0	1.0
20241027	新潟	11	○	16	マイヨアポア	1.0	1.0
20241027	新潟	11	▲	14	ファイアダンサー	1.0	1.0
20241027	新潟	11	☆	2	クールベイビー	1.0	1.0
20241027	新潟	12	◎	6	シャパリュ	0.8	0.908
20241027	新潟	12	○	7	ドッビアーコ	0.83	0.908
20241027	新潟	12	▲	9	サーティファイド	1.0	0.908
20241027	新潟	12	☆	4	ブライテストドーン	1.0	0.908
20241027	東京	1	◎	8	マカセナハレ	1.0	0.95
20241027	東京	1	○	2	クニノハッピー	1.0	0.95
20241027	東京	1	▲	12	スリーソング	1.0	0.95
20241027	東京	1	☆	10	レイアポポ	0.8	0.95
20241027	東京	2	◎	8	リケアルフナ	1.0	1.0
20241027	東京	2	○	4	ダノンミッション	1.0	1.0
20241027	東京	2	▲	2	オンザムーブ	1.0	1.0
20241027	東京	2	☆	5	ナクライト	1.0	1.0
20241027	東京	3	◎	5	タルバン	1.0	1.0
20241027	東京	3	○	8	ダンケルド	1.0	1.0
20241027	東京	3	▲	6	アスゴッド	1.0	1.0
20241027	東京	3	☆	2	ガーネットウインク	1.0	1.0
20241027	東京	6	◎	18	パストラーレ	0.83	0.958
20241027	東京	6	○	4	ドリームクルーズ	1.0	0.958
20241027	東京	6	▲	13	トラジェクトワール	1.0	0.958
20241027	東京	6	☆	17	ミッドナイトラスタ	1.0	0.958
20241027	東京	7	◎	2	イエヴァンポルッカ	0.89	0.941
20241027	東京	7	○	7	ソレルビュレット	0.88	0.941
20241027	東京	7	▲	6	アオイミモザ	1.0	0.941
20241027	東京	7	☆	12	セイウンガレオン	1.0	0.941
20241027	東京	8	◎	3	ミッキーカプチーノ	0.89	0.944
20241027	東京	8	○	1	ベンサレム	1.0	0.944
20241027	東京	8	▲	4	ウィープディライト	0.89	0.944
20241027	東京	8	☆	6	マンデヴィラ	1.0	0.944
20241027	東京	9	◎	1	ラファドゥラ	1.0	0.964
20241027	東京	9	○	8	ミエスペランサ	0.86	0.964
20241027	東京	9	▲	4	ロゼル	1.0	0.964
20241027	東京	9	☆	3	ナムラエイハブ	1.0	0.964
20241027	東京	10	◎	1	アウグスト	1.0	0.972
20241027	東京	10	○	6	サザンエルフ	1.0	0.972
20241027	東京	10	▲	14	ユキマル	1.0	0.972
20241027	東京	10	☆	9	プラチナジュビリー	0.89	0.972
20241027	東京	11	◎	10	ダノンベルーガ	1.0	1.0
20241027	東京	11	○	7	ドウデュース	1.0	1.0
20241027	東京	11	▲	14	レーベンスティール	1.0	1.0
20241027	東京	11	☆	9	ホウオウビスケッツ	1.0	1.0
20241027	東京	12	◎	14	タガノクリステル	1.0	1.0
20241027	東京	12	○	10	ソニックスター	1.0	1.0
20241027	東京	12	▲	16	エミサキホコル	1.0	1.0
20241027	東京	12	☆	12	エルバリオ	1.0	1.0
20241102	京都	1	◎	6	ショウナンカゼルタ	1.0	1.0
20241102	京都	1	○	1	レイナデアルシーラ	1.0	1.0
20241102	京都	1	▲	3	デルマサクラサク	1.0	1.0
20241102	京都	1	☆	7	リンゲルブルーメ	1.0	1.0
20241102	京都	2	◎	1	タガノテツ	1.0	1.0
20241102	京都	2	○	11	トップレジェンド	1.0	1.0
20241102	京都	2	▲	7	アメリカンステージ	1.0	1.0
20241102	京都	2	☆	10	アイファーモービル	1.0	1.0
20241102	京都	3	◎	8	エニーサンダー	1.0	0.972
20241102	京都	3	○	3	モンタルチーノ	1.0	0.972
20241102	京都	3	▲	10	チムグクル	1.0	0.972
20241102	京都	3	☆	6	ピュアコレクション	0.89	0.972
20241102	京都	4	◎	6	オーウェンズバレー	1.0	0.958
20241102	京都	4	○	3	アルハイルフォート	1.0	0.958
20241102	京都	4	▲	4	リカントロポ	0.83	0.958
20241102	京都	4	☆	2	オーバースタンド	1.0	0.958
20241102	京都	7	◎	4	エアサンサーラ	1.0	1.0
20241102	京都	7	○	2	ヒロノラメール	1.0	1.0
20241102	京都	7	▲	3	バトンインディ	1.0	1.0
20241102	京都	7	☆	1	ウォーターリーダー	1.0	1.0
20241102	京都	8	◎	6	アシャカブラン	1.0	1.0
20241102	京都	8	○	9	クアトロジャック	1.0	1.0
20241102	京都	8	▲	5	トウカイエルデ	1.0	1.0
20241102	京都	8	☆	10	フェゲフォイア	1.0	1.0
20241102	京都	9	◎	4	ノットイナフ	1.0	1.0
20241102	京都	9	○	5	アウトドライブ	1.0	1.0
20241102	京都	9	▲	1	ロードトラスト	1.0	1.0
20241102	京都	9	☆	7	ルナビス	1.0	1.0
20241102	京都	10	◎	10	ブルーシンフォニー	0.89	0.853
20241102	京都	10	○	4	インユアパレス	0.86	0.853
20241102	京都	10	▲	11	エコロガイア	1.0	0.853
20241102	京都	10	☆	3	ドンレパルス	0.67	0.853
20241102	京都	11	◎	14	ニシノクードクール	1.0	1.0
20241102	京都	11	○	9	ヴーレヴー	1.0	1.0
20241102	京都	11	▲	1	スリールミニョン	1.0	1.0
20241102	京都	11	☆	12	ダンツエラン	1.0	1.0
20241102	京都	12	◎	3	ルクスビッグスター	1.0	0.983
20241102	京都	12	○	1	ロードマンハイム	0.93	0.983
20241102	京都	12	▲	5	ガイアメンテ	1.0	0.983
20241102	京都	12	☆	7	サロニコス	1.0	0.983
20241102	東京	1	◎	3	パーティーガール	0.88	0.969
20241102	東京	1	○	10	フリッカージャブ	1.0	0.969
20241102	東京	1	▲	12	ロッカバイベイビー	1.0	0.969
20241102	東京	1	☆	2	ショウナンラリー	1.0	0.969
20241102	東京	2	◎	2	オーシンブーケ	1.0	0.964
20241102	東京	2	○	3	エリカマユーリ	1.0	0.964
20241102	東京	2	▲	8	エストゥペンダ	0.86	0.964
20241102	東京	2	☆	11	ニシノカスガイ	1.0	0.964
20241102	東京	3	○	5	ズットマツモト	0.86	0.911
20241102	東京	3	▲	4	アナベルケイツー	1.0	0.911
20241102	東京	3	☆	12	セイウンピカイチ	0.88	0.911
20241102	東京	4	◎	7	レペンテ	0.75	0.906
20241102	東京	4	○	1	タイヨウノキセツ	0.88	0.906
20241102	東京	4	▲	8	カネラフィーナ	1.0	0.906
20241102	東京	4	☆	4	アルデムラータ	1.0	0.906
20241102	東京	7	◎	4	ビップチェイス	1.0	1.0
20241102	東京	7	○	1	アンクエンチャブル	1.0	1.0
20241102	東京	7	▲	2	サクラトップリアル	1.0	1.0
20241102	東京	7	☆	3	ネオシルバー	1.0	1.0
20241102	東京	9	◎	7	シゲルカミカゼ	1.0	0.952
20241102	東京	9	○	10	アムールドパリ	0.86	0.952
20241102	東京	9	☆	4	シグムンド	1.0	0.952
20241102	東京	10	◎	8	ウインリブルマン	1.0	0.964
20241102	東京	10	○	1	コントラポスト	0.86	0.964
20241102	東京	10	▲	7	レガーロデルシエロ	1.0	0.964
20241102	東京	10	☆	6	エイカイマッケンロ	1.0	0.964
20241102	東京	11	◎	5	エンドレスサマー	1.0	1.0
20241102	東京	11	○	3	エイシンワンド	1.0	1.0
20241102	東京	11	▲	4	ヤンキーバローズ	1.0	1.0
20241102	東京	11	☆	12	シンフォーエバー	1.0	1.0
20241102	東京	12	◎	3	コレオグラファー	1.0	1.0
20241102	東京	12	○	1	ウインオーディン	1.0	1.0
20241102	東京	12	▲	4	タイラーテソーロ	1.0	1.0
20241102	東京	12	☆	6	モンタナアゲート	1.0	1.0
20241102	福島	1	◎	1	ロワゾブルーチヌ	1.0	0.958
20241102	福島	1	○	13	ブレトワルダ	0.83	0.958
20241102	福島	1	▲	14	チュウワチーフ	1.0	0.958
20241102	福島	1	☆	15	ハクサンミラクル	1.0	0.958
20241102	福島	2	◎	9	セサンパ	0.75	0.938
20241102	福島	2	○	12	メイリー	1.0	0.938
20241102	福島	2	▲	8	バックアップアゲン	1.0	0.938
20241102	福島	2	☆	3	ベイビーキッス	1.0	0.938
20241102	福島	3	◎	9	バーケンヘッド	1.0	0.938
20241102	福島	3	○	2	カツコノヒヤザケ	0.75	0.938
20241102	福島	3	▲	7	アルマヴィーナス	1.0	0.938
20241102	福島	3	☆	13	サッカレッロ	1.0	0.938
20241102	福島	4	◎	16	フリントロック	1.0	0.938
20241102	福島	4	○	9	マサレエトワール	1.0	0.938
20241102	福島	4	▲	15	オンザヴィーナス	0.75	0.938
20241102	福島	4	☆	10	スマイルバック	1.0	0.938
20241102	福島	6	◎	12	ヴォランテ	1.0	1.0
20241102	福島	6	○	2	ダンツドール	1.0	1.0
20241102	福島	6	▲	10	コンテソレーラ	1.0	1.0
20241102	福島	6	☆	6	テトラード	1.0	1.0
20241102	福島	7	◎	15	コーラルムーン	1.0	0.964
20241102	福島	7	○	4	ホウオウセイメイ	1.0	0.964
20241102	福島	7	▲	6	ワイドモヒート	1.0	0.964
20241102	福島	7	☆	14	マルクパージュ	0.86	0.964
20241102	福島	8	◎	3	エスジースパークル	0.89	0.972
20241102	福島	8	○	10	マッスルバック	1.0	0.972
20241102	福島	8	▲	2	ポワンキュルミナン	1.0	0.972
20241102	福島	8	☆	7	ヘヴンリーハンド	1.0	0.972
20241102	福島	9	◎	14	コスモアバンサ	1.0	1.0
20241102	福島	9	○	7	ディマイザキッド	1.0	1.0
20241102	福島	9	▲	13	マイネルモメンタム	1.0	1.0
20241102	福島	9	☆	5	ファインライン	1.0	1.0
20241102	福島	10	◎	4	ボーンイングランデ	1.0	0.969
20241102	福島	10	○	9	ウインマイルート	1.0	0.969
20241102	福島	10	▲	14	トロピカルライト	0.88	0.969
20241102	福島	10	☆	16	オリエンタルナイト	1.0	0.969
20241102	福島	11	◎	12	メルシー	1.0	1.0
20241102	福島	11	○	2	エランティス	1.0	1.0
20241102	福島	11	▲	4	レアグリフォン	1.0	1.0
20241102	福島	11	☆	15	グリュースゴット	1.0	1.0
20241102	福島	12	◎	14	セイウンサニー	1.0	0.95
20241102	福島	12	○	15	ライクアフラワー	1.0	0.95
20241102	福島	12	▲	3	ソノママソノママ	1.0	0.95
20241102	福島	12	☆	8	ケイパブル	0.8	0.95
20241103	京都	1	◎	7	ハクアイローラ	1.0	0.972
20241103	京都	1	○	11	マテンロウコマンド	0.89	0.972
20241103	京都	1	▲	9	テーオーマルコーニ	1.0	0.972
20241103	京都	1	☆	3	クーデール	1.0	0.972
20241103	京都	2	◎	8	サンライズフーガ	1.0	0.972
20241103	京都	2	○	9	シュネーグロッケン	1.0	0.972
20241103	京都	2	▲	7	ニホンピロカスター	0.89	0.972
20241103	京都	2	☆	10	ワイドメテオール	1.0	0.972
20241103	京都	3	◎	8	マテンロウアトラス	1.0	1.0
20241103	京都	3	○	3	レッドシュテルン	1.0	1.0
20241103	京都	3	▲	1	アロンディ	1.0	1.0
20241103	京都	3	☆	4	メイショウキンタイ	1.0	1.0
20241103	京都	6	◎	1	サクソンジェンヌ	1.0	0.969
20241103	京都	6	○	6	シンコーナホチャン	1.0	0.969
20241103	京都	6	▲	4	ハリウッドパーク	0.88	0.969
20241103	京都	6	☆	8	キャロルビアンカ	1.0	0.969
20241103	京都	7	◎	6	メイショウオトギ	1.0	1.0
20241103	京都	7	○	5	ディキシーガンナー	1.0	1.0
20241103	京都	7	▲	1	ヨーカイディスコ	1.0	1.0
20241103	京都	7	☆	9	サンガネーブ	1.0	1.0
20241103	京都	8	◎	4	サザーランド	1.0	0.929
20241103	京都	8	○	6	カマチョクイン	1.0	0.929
20241103	京都	8	▲	8	エンプレスペイ	0.71	0.929
20241103	京都	8	☆	3	ブリーズオンチーク	1.0	0.929
20241103	京都	9	◎	1	ルージュマローネ	1.0	0.972
20241103	京都	9	○	3	クァンタムウェーブ	0.89	0.972
20241103	京都	9	▲	4	マテンロウブレイブ	1.0	0.972
20241103	京都	9	☆	10	マテンロウサン	1.0	0.972
20241103	京都	10	◎	2	サウンドブライアン	1.0	1.0
20241103	京都	10	○	5	タガノシャーンス	1.0	1.0
20241103	京都	10	▲	7	アドマイヤラヴィ	1.0	1.0
20241103	京都	10	☆	4	サトノグレイト	1.0	1.0
20241103	京都	11	◎	13	アウトレンジ	1.0	1.0
20241103	京都	11	○	8	オメガギネス	1.0	1.0
20241103	京都	11	☆	7	ロードアヴニール	1.0	1.0
20241103	京都	12	◎	13	ブロードグリン	1.0	0.958
20241103	京都	12	○	1	パシフィックハイ	0.88	0.958
20241103	京都	12	☆	6	エーデルサンライズ	1.0	0.958
20241103	東京	1	◎	9	クラウンウルル	1.0	1.0
20241103	東京	1	○	1	フェルシナ	1.0	1.0
20241103	東京	1	▲	15	ニシノコイブミ	1.0	1.0
20241103	東京	1	☆	2	キーブリーゼ	1.0	1.0
20241103	東京	2	◎	4	オオタチ	1.0	1.0
20241103	東京	2	○	1	ポッドロワール	1.0	1.0
20241103	東京	2	▲	13	プロフェータ	1.0	1.0
20241103	東京	2	☆	8	ヤスケ	1.0	1.0
20241103	東京	3	◎	3	ニシノエージェント	1.0	0.964
20241103	東京	3	○	1	エピファランド	0.86	0.964
20241103	東京	3	▲	2	ディヴァインスター	1.0	0.964
20241103	東京	3	☆	9	ガンバルマン	1.0	0.964
20241103	東京	6	◎	5	クィーンズハット	1.0	1.0
20241103	東京	6	○	4	ウォーハンマー	1.0	1.0
20241103	東京	6	▲	15	アルニラム	1.0	1.0
20241103	東京	6	☆	13	マーゴットレーヴ	1.0	1.0
20241103	東京	7	◎	3	リヤンドゥミラクル	0.89	0.972
20241103	東京	7	○	5	スウィーヴェモワ	1.0	0.972
20241103	東京	7	▲	10	ベルブリエ	1.0	0.972
20241103	東京	7	☆	7	キョウエイフロイデ	1.0	0.972
20241103	東京	8	◎	11	マホロバ	1.0	0.985
20241103	東京	8	○	5	ハッピーロンドン	1.0	0.985
20241103	東京	8	▲	9	ショウナンアビアス	1.0	0.985
20241103	東京	8	☆	8	ミラキュラスライト	0.94	0.985
20241103	東京	9	◎	7	ファイアトリック	1.0	0.972
20241103	東京	9	○	3	ショウナンマクベス	1.0	0.972
20241103	東京	9	▲	8	エンジェルマーク	1.0	0.972
20241103	東京	9	☆	5	パートオブワールド	0.89	0.972
20241103	東京	10	◎	9	プラーヴィ	0.8	0.95
20241103	東京	10	○	5	サルヴァトーレ	1.0	0.95
20241103	東京	10	▲	10	タガノエスコート	1.0	0.95
20241103	東京	10	☆	8	リバートゥルー	1.0	0.95
20241103	東京	11	◎	3	ハヤヤッコ	1.0	1.0
20241103	東京	11	○	13	サヴォーナ	1.0	1.0
20241103	東京	11	▲	4	クロミナンス	1.0	1.0
20241103	東京	11	☆	2	メイショウブレゲ	1.0	1.0
20241103	東京	12	◎	6	ルージュイストリア	1.0	1.0
20241103	東京	12	○	1	スティールブルー	1.0	1.0
20241103	東京	12	▲	4	ウインアイオライト	1.0	1.0
20241103	東京	12	☆	8	ボルタドマール	1.0	1.0
20241103	福島	1	◎	14	ニッシンゲッポ	1.0	0.964
20241103	福島	1	○	7	ブルドッグキング	1.0	0.964
20241103	福島	1	▲	15	ゴメンネジロー	1.0	0.964
20241103	福島	1	☆	8	ウインレアリゼ	0.86	0.964
20241103	福島	2	◎	13	リケアコンパンナ	0.88	0.913
20241103	福島	2	○	5	エイシンパンタレイ	0.89	0.913
20241103	福島	2	▲	3	マルモリスパークル	0.89	0.913
20241103	福島	2	☆	12	テイオームサシ	1.0	0.913
20241103	福島	3	◎	7	タケノシンセイ	1.0	1.0
20241103	福島	3	○	8	グランドセントラル	1.0	1.0
20241103	福島	3	▲	9	イラーナ	1.0	1.0
20241103	福島	3	☆	5	スマートハンター	1.0	1.0
20241103	福島	7	◎	11	ダノンティアラ	1.0	1.0
20241103	福島	7	○	13	マイネルグロン	1.0	1.0
20241103	福島	7	▲	6	ヴァンデスト	1.0	1.0
20241103	福島	7	☆	9	ヘルツアス	1.0	1.0
20241103	福島	8	◎	9	ウインアステロイド	1.0	1.0
20241103	福島	8	○	1	アドマイヤジェイ	1.0	1.0
20241103	福島	8	☆	15	クリノハレルヤ	1.0	1.0
20241103	福島	9	◎	6	スティックバイミー	1.0	1.0
20241103	福島	9	○	8	オリーボーレン	1.0	1.0
20241103	福島	9	▲	2	エルフストラック	1.0	1.0
20241103	福島	9	☆	7	ハーエクセレンシー	1.0	1.0
20241103	福島	10	◎	2	ヒルズカーン	1.0	0.969
20241103	福島	10	○	13	タマモヴェナトル	1.0	0.969
20241103	福島	10	▲	4	クロースコンバット	1.0	0.969
20241103	福島	10	☆	1	スプレーフォール	0.88	0.969
20241103	福島	11	◎	8	デュガ	1.0	0.929
20241103	福島	11	○	6	エターナルタイム	1.0	0.929
20241103	福島	11	▲	13	ペアポルックス	0.71	0.929
20241103	福島	11	☆	2	サブライムアンセム	1.0	0.929
20241103	福島	12	◎	11	シンデレラスマイル	1.0	1.0
20241103	福島	12	○	1	アメリカンマーチ	1.0	1.0
20241103	福島	12	▲	8	ゲキザル	1.0	1.0
20241103	福島	12	☆	7	スターチスブーケ	1.0	1.0
20241109	京都	1	◎	11	シャンパンゴールド	0.89	0.931
20241109	京都	1	○	8	フェニーチェドーロ	1.0	0.931
20241109	京都	1	▲	3	エニグマティーク	1.0	0.931
20241109	京都	1	☆	9	コパノマロン	0.83	0.931
20241109	京都	2	◎	6	エンジョイドライブ	1.0	0.972
20241109	京都	2	○	9	ウォーターエルピス	0.89	0.972
20241109	京都	2	▲	11	サルタール	1.0	0.972
20241109	京都	2	☆	2	アールオブケント	1.0	0.972
20241109	京都	3	◎	5	ロードステイタス	1.0	1.0
20241109	京都	3	○	9	キタサンハナビラ	1.0	1.0
20241109	京都	3	☆	1	ネオクイーン	1.0	1.0
20241109	京都	6	◎	12	キャストロペペ	0.71	0.929
20241109	京都	6	○	14	ホルトバージ	1.0	0.929
20241109	京都	6	▲	9	ルシュヴァルドール	1.0	0.929
20241109	京都	6	☆	15	キレナイカ	1.0	0.929
20241109	京都	7	◎	10	ロードドミニオン	1.0	0.964
20241109	京都	7	○	15	クリノオリーブ	0.86	0.964
20241109	京都	7	▲	3	キーウィル	1.0	0.964
20241109	京都	7	☆	6	ケイエイト	1.0	0.964
20241109	京都	9	◎	8	シホノスペランツァ	0.78	0.944
20241109	京都	9	○	10	ルシフェル	1.0	0.944
20241109	京都	9	▲	4	シェイクユアハート	1.0	0.944
20241109	京都	9	☆	2	ショーモン	1.0	0.944
20241109	京都	10	◎	8	ドンアミティエ	1.0	1.0
20241109	京都	10	○	9	ステラフィオーレ	1.0	1.0
20241109	京都	10	▲	14	エスカル	1.0	1.0
20241109	京都	10	☆	3	ナムラフランク	1.0	1.0
20241109	京都	11	◎	4	サウンドバッハ	1.0	1.0
20241109	京都	11	○	6	ドラゴンブースト	1.0	1.0
20241109	京都	11	▲	5	ランフォーヴァウ	1.0	1.0
20241109	京都	11	☆	3	ローレルオーブ	1.0	1.0
20241109	京都	12	◎	3	フォーチュンコード	0.94	0.985
20241109	京都	12	○	4	キングサーガ	1.0	0.985
20241109	京都	12	▲	1	ショウナンハウル	1.0	0.985
20241109	京都	12	☆	5	リッチブラック	1.0	0.985
20241109	東京	1	◎	8	カプア	0.67	0.917
20241109	東京	1	○	12	シウダーエヴィータ	1.0	0.917
20241109	東京	1	▲	16	ザローズハーツ	1.0	0.917
20241109	東京	1	☆	15	ファイヤーボート	1.0	0.917
20241109	東京	2	◎	3	リケアダージリン	1.0	0.952
20241109	東京	2	○	12	トーケンサワー	1.0	0.952
20241109	東京	2	▲	7	スペードギニー	0.86	0.952
20241109	東京	3	◎	11	エポカリーナ	0.83	0.944
20241109	東京	3	○	2	リアンベーレ	1.0	0.944
20241109	東京	3	▲	8	ディーズゴールド	1.0	0.944
20241109	東京	4	◎	1	ルシード	1.0	0.893
20241109	東京	4	○	2	ゴールデンカイト	1.0	0.893
20241109	東京	4	▲	4	テンペストーソ	0.57	0.893
20241109	東京	4	☆	5	ファミーユウルーズ	1.0	0.893
20241109	東京	7	◎	6	モナコブル	1.0	0.929
20241109	東京	7	○	13	パープルナイト	0.71	0.929
20241109	東京	7	▲	8	ミスヨシゼン	1.0	0.929
20241109	東京	7	☆	4	ビッグフラワー	1.0	0.929
20241109	東京	8	◎	13	エリンアキレウス	1.0	1.0
20241109	東京	8	○	11	ウィンドフォール	1.0	1.0
20241109	東京	8	▲	4	アトラクティーボ	1.0	1.0
20241109	東京	8	☆	9	ライラスター	1.0	1.0
20241109	東京	9	◎	6	ルークススペイ	0.86	0.923
20241109	東京	9	○	2	ベンヌ	1.0	0.923
20241109	東京	9	▲	8	フィドルファドル	1.0	0.923
20241109	東京	9	☆	5	スリーピース	0.83	0.923
20241109	東京	10	◎	6	ベガリス	1.0	1.0
20241109	東京	10	○	8	サトミノキラリ	1.0	1.0
20241109	東京	10	▲	11	ガロンヌ	1.0	1.0
20241109	東京	10	☆	2	プリモカリーナ	1.0	1.0
20241109	東京	11	◎	3	キタノヴィジョン	1.0	0.927
20241109	東京	11	○	10	エンペラーワケア	0.88	0.927
20241109	東京	11	▲	9	ペイシャエス	0.83	0.927
20241109	東京	11	☆	1	ビヨンドザファザー	1.0	0.927
20241109	東京	12	◎	12	ノーダブルディップ	1.0	0.969
20241109	東京	12	○	5	ダイシンヤマト	1.0	0.969
20241109	東京	12	▲	6	ピックアチェリー	0.88	0.969
20241109	東京	12	☆	10	マルチャン	1.0	0.969
20241109	福島	1	◎	11	コパノハーン	0.83	0.862
20241109	福島	1	○	7	ブルドッグワイルド	0.89	0.862
20241109	福島	1	▲	4	ゼンダンタカ	0.73	0.862
20241109	福島	1	☆	1	サードウインド	1.0	0.862
20241109	福島	2	◎	12	キョウエイスレーヴ	1.0	1.0
20241109	福島	2	○	3	アメージング	1.0	1.0
20241109	福島	2	▲	2	フェイトライン	1.0	1.0
20241109	福島	2	☆	9	ボールドハーテッド	1.0	1.0
20241109	福島	3	◎	10	ヒルノガリシア	1.0	1.0
20241109	福島	3	○	5	テーオーシュターデ	1.0	1.0
20241109	福島	3	▲	15	イズルード	1.0	1.0
20241109	福島	3	☆	7	タマモブラウンタイ	1.0	1.0
20241109	福島	4	◎	6	リオンエトワール	1.0	1.0
20241109	福島	4	○	10	アンノウンウォリア	1.0	1.0
20241109	福島	4	▲	9	タケルゴールド	1.0	1.0
20241109	福島	4	☆	8	シーリュウシー	1.0	1.0
20241109	福島	6	◎	14	ラブカムーン	1.0	0.958
20241109	福島	6	○	2	スーパーマン	0.83	0.958
20241109	福島	6	▲	7	ニシノアヤカゼ	1.0	0.958
20241109	福島	6	☆	12	アエリーゾ	1.0	0.958
20241109	福島	7	◎	8	ルージュルミナス	1.0	0.881
20241109	福島	7	○	15	シャカシャカシー	1.0	0.881
20241109	福島	7	▲	5	ピリー	0.67	0.881
20241109	福島	7	☆	12	ゼンノツキヨミ	0.86	0.881
20241109	福島	8	◎	12	スターチョウサン	1.0	1.0
20241109	福島	8	○	4	モルトヴェローチェ	1.0	1.0
20241109	福島	8	▲	9	ハイラント	1.0	1.0
20241109	福島	8	☆	15	ワンダフルヘヴン	1.0	1.0
20241109	福島	9	◎	3	トラストエムシー	1.0	1.0
20241109	福島	9	○	10	レイククレセント	1.0	1.0
20241109	福島	9	▲	7	ホワイトビーチ	1.0	1.0
20241109	福島	9	☆	5	シークレットイスラ	1.0	1.0
20241109	福島	10	◎	3	デイトナモード	1.0	0.917
20241109	福島	10	○	10	モンシュマン	1.0	0.917
20241109	福島	10	☆	1	マルプリ	0.75	0.917
20241109	福島	11	◎	4	ラニカイ	1.0	1.0
20241109	福島	11	○	8	メイショウホマレ	1.0	1.0
20241109	福島	11	▲	2	ビオグラフィア	1.0	1.0
20241109	福島	11	☆	14	ストライク	1.0	1.0
20241109	福島	12	◎	11	ニシノトキメキ	0.86	0.964
20241109	福島	12	○	14	アスティスプマンテ	1.0	0.964
20241109	福島	12	▲	15	ホウオウドルーリー	1.0	0.964
20241109	福島	12	☆	6	マテンロウアネモス	1.0	0.964
20241110	京都	1	◎	9	ミユンガー	1.0	0.905
20241110	京都	1	○	11	ベルエアキング	1.0	0.905
20241110	京都	1	▲	2	ペイシャケイプ	0.71	0.905
20241110	京都	2	◎	3	タマモジャスミン	1.0	1.0
20241110	京都	2	○	1	チムニートップス	1.0	1.0
20241110	京都	2	▲	8	カルテシウス	1.0	1.0
20241110	京都	2	☆	7	メイケイレイン	1.0	1.0
20241110	京都	3	◎	6	オンザムーブ	1.0	0.969
20241110	京都	3	○	7	スピリットサージ	0.88	0.969
20241110	京都	3	▲	8	アドマイヤズーム	1.0	0.969
20241110	京都	3	☆	9	ベルジュロネット	1.0	0.969
20241110	京都	6	◎	10	スノーブリザード	1.0	1.0
20241110	京都	6	○	8	ストーンズ	1.0	1.0
20241110	京都	6	▲	5	ステラクラウン	1.0	1.0
20241110	京都	6	☆	15	ジンセイ	1.0	1.0
20241110	京都	7	◎	12	コルデアニル	1.0	1.0
20241110	京都	7	○	3	クーアフュルスト	1.0	1.0
20241110	京都	7	▲	7	フルングニル	1.0	1.0
20241110	京都	7	☆	4	トゥルブレンシア	1.0	1.0
20241110	京都	8	◎	6	マイド	1.0	0.972
20241110	京都	8	○	12	プロミシングスター	0.89	0.972
20241110	京都	8	▲	7	ヘルモーズ	1.0	0.972
20241110	京都	8	☆	13	バックスクリーン	1.0	0.972
20241110	京都	9	◎	4	ジュンライデン	1.0	1.0
20241110	京都	9	○	2	ミュージアムマイル	1.0	1.0
20241110	京都	9	▲	7	ヤマニンブークリエ	1.0	1.0
20241110	京都	9	☆	9	ロードガレリア	1.0	1.0
20241110	京都	10	◎	11	メイショウシナノ	1.0	1.0
20241110	京都	10	○	7	ボールドゾーン	1.0	1.0
20241110	京都	10	▲	13	リューデスハイム	1.0	1.0
20241110	京都	10	☆	9	サンライズグルーヴ	1.0	1.0
20241110	京都	11	◎	11	スタニングローズ	1.0	1.0
20241110	京都	11	○	12	シンティレーション	1.0	1.0
20241110	京都	11	▲	8	シンリョクカ	1.0	1.0
20241110	京都	11	☆	5	モリアーナ	1.0	1.0
20241110	京都	12	◎	11	カイカノキセキ	1.0	1.0
20241110	京都	12	○	12	リチャードバローズ	1.0	1.0
20241110	京都	12	☆	8	エイムフォーエース	1.0	1.0
20241110	東京	1	◎	8	セイウンスペリオル	0.89	0.972
20241110	東京	1	○	2	フォースミラクル	1.0	0.972
20241110	東京	1	▲	15	フォレストオール	1.0	0.972
20241110	東京	1	☆	14	セイウングレイ	1.0	0.972
20241110	東京	2	◎	6	セージブラッシュ	1.0	0.938
20241110	東京	2	○	2	ソードマスター	1.0	0.938
20241110	東京	2	▲	8	ニヴルヘイム	1.0	0.938
20241110	東京	2	☆	1	ソナタン	0.75	0.938
20241110	東京	3	◎	3	ロッピス	1.0	0.964
20241110	東京	3	○	10	プリンセスロロ	0.86	0.964
20241110	東京	3	▲	4	ココアミュレット	1.0	0.964
20241110	東京	3	☆	6	ロケットバディー	1.0	0.964
20241110	東京	6	◎	14	サムワンライクユー	1.0	1.0
20241110	東京	6	○	10	メイショウカシワデ	1.0	1.0
20241110	東京	6	▲	8	フェルメール	1.0	1.0
20241110	東京	6	☆	15	キモンゲーム	1.0	1.0
20241110	東京	7	◎	8	ニジュウダンサー	1.0	0.933
20241110	東京	7	○	11	ミスヨコハマ	1.0	0.933
20241110	東京	7	▲	5	ラーンザロープス	0.88	0.933
20241110	東京	7	☆	6	コパノエビータ	0.86	0.933
20241110	東京	8	◎	10	ニシノコウフク	1.0	1.0
20241110	東京	8	○	6	ヴァイザーブリック	1.0	1.0
20241110	東京	8	▲	2	カニキュル	1.0	1.0
20241110	東京	8	☆	4	シヴァース	1.0	1.0
20241110	東京	9	◎	10	タイセイジャスパー	0.89	0.972
20241110	東京	9	○	8	エストレヤデベレン	1.0	0.972
20241110	東京	9	▲	11	コンクイスタ	1.0	0.972
20241110	東京	9	☆	6	バトゥーキ	1.0	0.972
20241110	東京	10	◎	7	フェステスバント	0.88	0.919
20241110	東京	10	○	13	カナテープ	0.8	0.919
20241110	東京	10	▲	11	エリダヌス	1.0	0.919
20241110	東京	10	☆	10	ロジシルバー	1.0	0.919
20241110	東京	11	◎	13	ダディーズビビッド	1.0	1.0
20241110	東京	11	○	8	ティニア	1.0	1.0
20241110	東京	11	▲	11	シャドウフューリー	1.0	1.0
20241110	東京	11	☆	1	カンチェンジュンガ	1.0	1.0
20241110	東京	12	◎	3	シャンパンマーク	0.88	0.969
20241110	東京	12	○	11	ボーモンド	1.0	0.969
20241110	東京	12	▲	16	ドーンコーラス	1.0	0.969
20241110	東京	12	☆	4	バランスダンサー	1.0	0.969
20241110	福島	1	◎	3	ケープウィッカム	0.88	0.91
20241110	福島	1	○	10	パルクリチュード	0.88	0.91
20241110	福島	1	▲	7	ベルダイナフェロー	0.89	0.91
20241110	福島	1	☆	9	サンセットブライト	1.0	0.91
20241110	福島	2	◎	2	ピエノダモーレ	0.86	0.964
20241110	福島	2	○	5	ナヴァラトゥナ	1.0	0.964
20241110	福島	2	▲	1	ジェットブレード	1.0	0.964
20241110	福島	2	☆	10	アイルランズコール	1.0	0.964
20241110	福島	3	◎	4	リュクススティール	1.0	1.0
20241110	福島	3	○	13	キングベルベット	1.0	1.0
20241110	福島	3	▲	9	クラウンシエンタ	1.0	1.0
20241110	福島	3	☆	8	マシュー	1.0	1.0
20241110	福島	7	◎	15	ワールドシリーズ	1.0	0.972
20241110	福島	7	○	14	モリノレッドスター	1.0	0.972
20241110	福島	7	▲	5	ヤブサメ	1.0	0.972
20241110	福島	7	☆	9	ランスオブサウンド	0.89	0.972
20241110	福島	8	◎	4	フォルテフィオーレ	1.0	0.958
20241110	福島	8	○	7	ルトゥール	1.0	0.958
20241110	福島	8	▲	5	レッセパッセ	0.83	0.958
20241110	福島	8	☆	9	ヒロインズクレスト	1.0	0.958
20241110	福島	9	◎	5	オイランブチ	0.83	0.812
20241110	福島	9	○	4	ポッドベイダー	1.0	0.812
20241110	福島	9	▲	2	レイピア	0.75	0.812
20241110	福島	9	☆	15	ラトルシェ	0.67	0.812
20241110	福島	10	◎	2	メイショウコボケ	1.0	0.969
20241110	福島	10	○	1	アセレラシオン	1.0	0.969
20241110	福島	10	▲	4	コスモオピニオン	0.88	0.969
20241110	福島	10	☆	9	スズノテレサ	1.0	0.969
20241110	福島	11	◎	14	サトノエルドール	1.0	1.0
20241110	福島	11	○	3	ドクタードリトル	1.0	1.0
20241110	福島	11	▲	4	フライライクバード	1.0	1.0
20241110	福島	11	☆	1	フェアエールング	1.0	1.0
20241110	福島	12	◎	5	コスモジョセフ	1.0	1.0
20241110	福島	12	○	8	シークレットヴァウ	1.0	1.0
20241110	福島	12	▲	1	スノーホルンロード	1.0	1.0
20241110	福島	12	☆	9	イモータルフェイム	1.0	1.0
20241116	京都	1	◎	14	タガノテツ	0.8	0.95
20241116	京都	1	○	13	ワイルドブッター	1.0	0.95
20241116	京都	1	▲	6	モズタチアガレ	1.0	0.95
20241116	京都	1	☆	2	ロイヤルイブキ	1.0	0.95
20241116	京都	2	◎	5	メイショウマクジキ	1.0	1.0
20241116	京都	2	○	4	マイユニバース	1.0	1.0
20241116	京都	2	▲	1	ベイラム	1.0	1.0
20241116	京都	2	☆	7	サマーナイト	1.0	1.0
20241116	京都	3	◎	2	メイショウサトノヒ	0.67	0.875
20241116	京都	3	○	11	ミライエイゴウ	1.0	0.875
20241116	京都	3	▲	3	トリプレーテ	0.83	0.875
20241116	京都	3	☆	12	サニースマイル	1.0	0.875
20241116	京都	4	◎	5	マーゴットレジーナ	1.0	1.0
20241116	京都	4	○	6	セイフウサツキ	1.0	1.0
20241116	京都	4	▲	7	フォーキャンドルズ	1.0	1.0
20241116	京都	4	☆	12	ランフォースマイル	1.0	1.0
20241116	京都	7	◎	9	アシャカブラン	1.0	0.95
20241116	京都	7	○	13	ズバットマサムネ	1.0	0.95
20241116	京都	7	▲	5	エフエイト	0.8	0.95
20241116	京都	7	☆	14	アストラカ	1.0	0.95
20241116	京都	8	◎	15	バガリーロータス	1.0	0.981
20241116	京都	8	○	13	バロネッサ	1.0	0.981
20241116	京都	8	▲	14	オーケーカルメン	1.0	0.981
20241116	京都	8	☆	2	ミヤジレガリア	0.92	0.981
20241116	京都	9	◎	6	エイヨーアメジスト	0.89	0.972
20241116	京都	9	○	1	キャッスルレイク	1.0	0.972
20241116	京都	9	▲	3	ウィルサヴァイブ	1.0	0.972
20241116	京都	9	☆	5	ヒデノブルースカイ	1.0	0.972
20241116	京都	10	◎	14	ノットイナフ	1.0	0.964
20241116	京都	10	○	6	カズタンジャー	1.0	0.964
20241116	京都	10	▲	7	テーオールビー	1.0	0.964
20241116	京都	10	☆	16	ツウカイリアル	0.86	0.964
20241116	京都	11	◎	14	プラチナトレジャー	0.89	0.926
20241116	京都	11	○	2	ロードデルレイ	1.0	0.926
20241116	京都	11	▲	4	ディープモンスター	0.89	0.926
20241116	東京	1	◎	13	ニシノケンタマン	1.0	1.0
20241116	東京	1	○	3	ウフドゥウフ	1.0	1.0
20241116	東京	1	☆	7	テルケンレンスター	1.0	1.0
20241116	東京	2	◎	13	フロウオブタイム	1.0	0.938
20241116	東京	2	○	12	ジュンアサヒソラ	0.88	0.938
20241116	東京	2	▲	8	ピックデムッシュ	0.88	0.938
20241116	東京	2	☆	6	ウインオアシス	1.0	0.938
20241116	東京	3	◎	7	ヒソカ	1.0	0.937
20241116	東京	3	○	3	エンプレスフレーム	0.89	0.937
20241116	東京	3	▲	2	ラルフテソーロ	0.86	0.937
20241116	東京	3	☆	10	セイウンヤタガラス	1.0	0.937
20241116	東京	6	◎	10	ハニーアイリー	1.0	1.0
20241116	東京	6	○	8	エンブロイダリー	1.0	1.0
20241116	東京	6	▲	7	ボンヌソワレ	1.0	1.0
20241116	東京	6	☆	9	モジャーリオ	1.0	1.0
20241116	東京	7	◎	9	メッエフアパラ	0.86	0.95
20241116	東京	7	○	16	ミラーオブマインド	0.94	0.95
20241116	東京	7	▲	11	ホウオウフェイント	1.0	0.95
20241116	東京	7	☆	13	セブンマイスター	1.0	0.95
20241116	東京	8	◎	4	サイヤダンサー	1.0	1.0
20241116	東京	8	○	6	セントラルヴァレー	1.0	1.0
20241116	東京	8	▲	2	ルージュシュエット	1.0	1.0
20241116	東京	8	☆	1	ノーブルラン	1.0	1.0
20241116	東京	9	◎	10	ブロッケンボウ	1.0	0.972
20241116	東京	9	○	3	ラスカンブレス	1.0	0.972
20241116	東京	9	▲	1	エセルフリーダ	1.0	0.972
20241116	東京	9	☆	7	サンライズソレイユ	0.89	0.972
20241116	東京	10	◎	4	フジマサインパクト	0.89	0.944
20241116	東京	10	○	11	リアレスト	1.0	0.944
20241116	東京	10	▲	12	ネッケツシャチョウ	0.89	0.944
20241116	東京	10	☆	7	フタイテンロック	1.0	0.944
20241116	東京	11	◎	3	ファイアンクランツ	1.0	1.0
20241116	東京	11	○	4	クロワデュノール	1.0	1.0
20241116	東京	11	▲	7	レッドキングリー	1.0	1.0
20241116	東京	11	☆	9	サトノシャイニング	1.0	1.0
20241116	東京	12	◎	7	ドリーミングアップ	1.0	0.958
20241116	東京	12	○	8	ガルサブランカ	1.0	0.958
20241116	東京	12	▲	5	クリーンエア	1.0	0.958
20241116	東京	12	☆	16	パストラーレ	0.83	0.958
20241116	福島	1	◎	7	シュークリーム	1.0	1.0
20241116	福島	1	○	13	クインズポラリス	1.0	1.0
20241116	福島	1	☆	6	フォートボヤール	1.0	1.0
20241116	福島	2	◎	10	イクアンロー	1.0	1.0
20241116	福島	2	○	1	マタミカンサン	1.0	1.0
20241116	福島	2	▲	8	ラブリールチア	1.0	1.0
20241116	福島	2	☆	2	アニラ	1.0	1.0
20241116	福島	3	◎	4	カイトヴィント	0.86	0.964
20241116	福島	3	○	10	ブルータス	1.0	0.964
20241116	福島	3	▲	7	ベリタバグス	1.0	0.964
20241116	福島	3	☆	1	エクメノポリス	1.0	0.964
20241116	福島	6	◎	12	ディープグラビティ	0.89	0.944
20241116	福島	6	○	9	エスジースパークル	0.89	0.944
20241116	福島	6	▲	3	サリュエ	1.0	0.944
20241116	福島	6	☆	13	タケノシンセイ	1.0	0.944
20241116	福島	7	◎	3	ナリノボガート	1.0	0.972
20241116	福島	7	○	16	ベールドインパクト	0.89	0.972
20241116	福島	7	▲	1	コスモコロネット	1.0	0.972
20241116	福島	7	☆	5	ビップリアム	1.0	0.972
20241116	福島	8	◎	16	ハピアーザンエバー	0.89	0.941
20241116	福島	8	○	2	エールトゥヘヴン	1.0	0.941
20241116	福島	8	▲	13	セレンディピティ	0.88	0.941
20241116	福島	8	☆	11	ソングオブライフ	1.0	0.941
20241116	福島	9	◎	15	エイトスターズ	0.86	0.874
20241116	福島	9	○	1	フォルテフィオーレ	0.89	0.874
20241116	福島	9	▲	8	シルバースペード	0.88	0.874
20241116	福島	10	◎	9	テンクウフラワー	1.0	0.969
20241116	福島	10	○	16	ストリンジェンド	1.0	0.969
20241116	福島	10	▲	2	サフランヒーロー	0.88	0.969
20241116	福島	10	☆	7	リーゼントミニー	1.0	0.969
20241116	福島	11	◎	3	トーセンサンダー	1.0	1.0
20241116	福島	11	○	1	レッドアヴァンティ	1.0	1.0
20241116	福島	11	☆	9	ツインクルトーズ	1.0	1.0
20241116	福島	12	◎	9	ヤマニンアラクリア	1.0	0.902
20241116	福島	12	○	1	パンジャ	0.75	0.902
20241116	福島	12	▲	7	ゴールドブレス	1.0	0.902
20241116	福島	12	☆	10	デアパーディタ	0.86	0.902
20241117	京都	2	◎	11	レイヤー	0.89	0.963
20241117	京都	2	○	2	ジーティーダーリン	1.0	0.963
20241117	京都	2	▲	1	ポッドフォルク	1.0	0.963
20241117	京都	6	◎	11	ヤマカツパトリシア	0.89	0.963
20241117	京都	6	○	3	ウィップスティッチ	1.0	0.963
20241117	京都	6	▲	1	カフェノワール	1.0	0.963
20241117	京都	7	◎	8	ケロシンドリームズ	1.0	0.937
20241117	京都	7	▲	10	ペンナヴェローチェ	0.89	0.937
20241117	京都	7	☆	4	タマモキャリコ	0.92	0.937
20241117	京都	8	◎	3	アガシ	1.0	1.0
20241117	京都	8	▲	6	タカネノハナコサン	1.0	1.0
20241117	京都	8	☆	1	ムーム	1.0	1.0
20241117	京都	10	◎	4	フェルヴェンテ	1.0	0.884
20241117	京都	10	○	5	インビンシブルパパ	0.78	0.884
20241117	京都	10	▲	8	ペプチドタイガー	0.88	0.884
20241117	京都	11	◎	7	マテンロウスカイ	1.0	1.0
20241117	京都	11	○	4	ナミュール	1.0	1.0
20241117	京都	11	▲	15	セリフォス	1.0	1.0
20241117	京都	12	◎	10	ムーンリットナイト	1.0	0.972
20241117	京都	12	○	4	ワールズエンド	1.0	0.972
20241117	京都	12	▲	2	ジャスティンアース	1.0	0.972
20241117	京都	12	☆	7	エポックヴィーナス	0.89	0.972
20241117	東京	1	◎	11	セイウンピカイチ	0.88	0.958
20241117	東京	1	▲	3	カルデライト	1.0	0.958
20241117	東京	1	☆	7	イエスユイキャン	1.0	0.958
20241117	東京	2	◎	13	センジュコスモス	1.0	1.0
20241117	東京	2	○	6	ダノンリュラ	1.0	1.0
20241117	東京	2	▲	1	ラルガメンテ	1.0	1.0
20241117	東京	2	☆	5	クリールスル	1.0	1.0
20241117	東京	3	◎	11	ムーンナイト	0.91	0.922
20241117	東京	3	▲	1	パワースナッチ	0.86	0.922
20241117	東京	3	☆	4	イスキオス	1.0	0.922
20241117	東京	6	◎	12	マウンテンエース	1.0	1.0
20241117	東京	6	○	6	クロックフォード	1.0	1.0
20241117	東京	6	▲	13	バナマンテソーロ	1.0	1.0
20241117	東京	6	☆	14	サンセットビュー	1.0	1.0
20241117	東京	7	◎	16	ロマンスライト	1.0	1.0
20241117	東京	7	▲	15	アンタノバラード	1.0	1.0
20241117	東京	7	☆	7	チャコール	1.0	1.0
20241117	東京	8	◎	6	キタノクニカラ	1.0	1.0
20241117	東京	8	○	3	レイユール	1.0	1.0
20241117	東京	8	▲	4	ロンドボス	1.0	1.0
20241117	東京	8	☆	2	ラヴァブル	1.0	1.0
20241117	東京	9	◎	12	コスモコラッジョ	1.0	1.0
20241117	東京	9	▲	2	ウェットシーズン	1.0	1.0
20241117	東京	9	☆	4	セイウンマカロン	1.0	1.0
20241117	東京	10	◎	11	レガトゥス	1.0	0.944
20241117	東京	10	▲	4	プッシュオン	0.83	0.944
20241117	東京	10	☆	8	ワンダイレクト	1.0	0.944
20241117	東京	11	◎	8	アルムブラーヴ	1.0	1.0
20241117	東京	11	○	2	フルム	1.0	1.0
20241117	東京	11	▲	1	ベジャール	1.0	1.0
20241117	東京	11	☆	12	タイセイサムソン	1.0	1.0
20241117	福島	2	◎	11	マイレーヌ	1.0	0.963
20241117	福島	2	○	2	ミレニアムヒロイン	1.0	0.963
20241117	福島	2	▲	7	スマートプレシャス	0.89	0.963
20241117	福島	7	◎	7	ベニシア	1.0	0.958
20241117	福島	7	○	9	ブライトルピナス	0.88	0.958
20241117	福島	7	▲	1	アイファーベア	1.0	0.958
20241117	福島	10	◎	6	ディヴァージオン	1.0	1.0
20241117	福島	10	○	5	ロムネヤ	1.0	1.0
20241117	福島	10	▲	13	ハイエスティーム	1.0	1.0
20241117	福島	11	◎	7	ニシノカシミヤ	1.0	0.952
20241117	福島	11	▲	6	クラヴィコード	0.86	0.952
20241117	福島	11	☆	15	サンライズアリオン	1.0	0.952
20241123	京都	1	◎	10	ベラヴィットーリア	1.0	1.0
20241123	京都	1	○	8	バシリス	1.0	1.0
20241123	京都	1	▲	6	デュアルロール	1.0	1.0
20241123	京都	1	☆	13	シャインローザ	1.0	1.0
20241123	京都	2	◎	11	ダンスデュヴァン	1.0	0.972
20241123	京都	2	○	2	シュパネントウィル	0.89	0.972
20241123	京都	2	▲	5	ブルックリンダンス	1.0	0.972
20241123	京都	2	☆	9	テクノグルーヴ	1.0	0.972
20241123	京都	3	◎	9	サウスオブロンドン	1.0	1.0
20241123	京都	3	○	8	サリーチェ	1.0	1.0
20241123	京都	3	▲	3	メテオレーナ	1.0	1.0
20241123	京都	3	☆	7	シュバルツマサムネ	1.0	1.0
20241123	京都	7	◎	12	メイショウイヌワシ	1.0	0.969
20241123	京都	7	○	10	ホウオウトランプ	0.88	0.969
20241123	京都	7	▲	13	メイショウヤーキス	1.0	0.969
20241123	京都	7	☆	8	フェゲフォイア	1.0	0.969
20241123	京都	8	◎	6	アマートカヴァロ	1.0	0.969
20241123	京都	8	○	4	ホルトバージ	1.0	0.969
20241123	京都	8	▲	3	シャンデルナゴル	1.0	0.969
20241123	京都	8	☆	9	ジュンラトゥール	0.88	0.969
20241123	京都	9	◎	6	コトホドサヨウニ	1.0	1.0
20241123	京都	9	○	13	スリリングチェイス	1.0	1.0
20241123	京都	9	▲	11	ジーニアスバローズ	1.0	1.0
20241123	京都	9	☆	5	フルングニル	1.0	1.0
20241123	京都	10	◎	1	ジンセイ	1.0	1.0
20241123	京都	10	○	3	オーロラエックス	1.0	1.0
20241123	京都	10	▲	6	マンデヴィラ	1.0	1.0
20241123	京都	10	☆	2	シャドウソニック	1.0	1.0
20241123	京都	11	◎	6	ローレルオーブ	1.0	1.0
20241123	京都	11	○	8	エリキング	1.0	1.0
20241123	京都	11	▲	2	サラコスティ	1.0	1.0
20241123	京都	11	☆	5	クラウディアイ	1.0	1.0
20241123	京都	12	◎	2	メイショウコギク	1.0	0.964
20241123	京都	12	○	14	ワンダーキサラ	0.86	0.964
20241123	京都	12	▲	15	バンドシェル	1.0	0.964
20241123	京都	12	☆	1	カリーシ	1.0	0.964
20241123	東京	1	◎	10	キョウエイスレーヴ	1.0	1.0
20241123	東京	1	○	15	ルクソールカフェ	1.0	1.0
20241123	東京	1	▲	16	アドマイヤデイトナ	1.0	1.0
20241123	東京	1	☆	5	キョウキランブ	1.0	1.0
20241123	東京	2	◎	13	ルシェロアズーリ	1.0	1.0
20241123	東京	2	○	1	エリカマユーリ	1.0	1.0
20241123	東京	2	▲	6	ガジュノリホワイト	1.0	1.0
20241123	東京	2	☆	11	マグネシアブリック	1.0	1.0
20241123	東京	3	◎	11	ノーブルシーズン	1.0	1.0
20241123	東京	3	○	5	アロンズロッド	1.0	1.0
20241123	東京	3	▲	4	ブルージュ	1.0	1.0
20241123	東京	6	◎	3	マスグラバイト	1.0	1.0
20241123	東京	6	○	11	ダノンザボルケーノ	1.0	1.0
20241123	東京	6	▲	7	アンクエンチャブル	1.0	1.0
20241123	東京	6	☆	9	ホワイトクロウ	1.0	1.0
20241123	東京	7	◎	3	ビートザレコード	1.0	1.0
20241123	東京	7	○	2	エラン	1.0	1.0
20241123	東京	7	▲	8	コンテソレーラ	1.0	1.0
20241123	東京	7	☆	9	マイネルジャッカル	1.0	1.0
20241123	東京	8	◎	3	フリーフロー	1.0	0.958
20241123	東京	8	○	8	ピュアキアン	0.83	0.958
20241123	東京	8	▲	5	トーホウボルツ	1.0	0.958
20241123	東京	8	☆	6	トーアシオン	1.0	0.958
20241123	東京	9	◎	9	カンレイスキー	1.0	1.0
20241123	東京	9	○	12	ナチュラルライズ	1.0	1.0
20241123	東京	9	▲	4	ドラゴンウェルズ	1.0	1.0
20241123	東京	9	☆	14	フィドルファドル	1.0	1.0
20241123	東京	10	◎	5	ゴッドブルービー	1.0	1.0
20241123	東京	10	○	16	サルヴァトーレ	1.0	1.0
20241123	東京	10	▲	2	キャプテンネキ	1.0	1.0
20241123	東京	10	☆	14	ハッピーロンドン	1.0	1.0
20241123	東京	11	◎	17	エアロロノア	1.0	1.0
20241123	東京	11	○	1	レッドモンレーヴ	1.0	1.0
20241123	東京	11	▲	13	ウンブライル	1.0	1.0
20241123	東京	11	☆	2	ロジリオン	1.0	1.0
20241123	東京	12	◎	2	ナヴォーナ	1.0	0.985
20241123	東京	12	○	12	ミラビリスマジック	0.94	0.985
20241123	東京	12	▲	10	アンリーロード	1.0	0.985
20241123	東京	12	☆	7	ハワイアンタイム	1.0	0.985
20241124	京都	1	◎	3	コパノマロン	0.83	0.903
20241124	京都	1	○	9	ロードヴァルカン	1.0	0.903
20241124	京都	1	▲	4	ブルドッグワイルド	1.0	0.903
20241124	京都	1	☆	10	リードプリンシパル	0.78	0.903
20241124	京都	2	◎	7	トモジャイブ	1.0	0.964
20241124	京都	2	○	1	ザックザク	1.0	0.964
20241124	京都	2	▲	3	ダイヤノエース	1.0	0.964
20241124	京都	2	☆	12	ディオスパーダ	0.86	0.964
20241124	京都	3	◎	9	ツーエムクロノス	1.0	1.0
20241124	京都	3	○	2	チムグクル	1.0	1.0
20241124	京都	3	▲	16	ドゥラルーナ	1.0	1.0
20241124	京都	3	☆	13	レーヌマロン	1.0	1.0
20241124	京都	5	◎	2	ペネトレイトゴー	0.88	0.927
20241124	京都	5	○	11	レーウィン	1.0	0.927
20241124	京都	5	▲	1	ウォーターリーダー	1.0	0.927
20241124	京都	5	☆	4	ダノンペドロ	0.83	0.927
20241124	京都	7	◎	10	ナムライリス	1.0	0.958
20241124	京都	7	○	8	ステラクラウン	1.0	0.958
20241124	京都	7	▲	17	タマモランプ	0.83	0.958
20241124	京都	7	☆	1	キュクヌス	1.0	0.958
20241124	京都	8	◎	7	マコトゴコタイ	1.0	0.944
20241124	京都	8	○	8	ニシノスピカ	0.83	0.944
20241124	京都	8	☆	6	セミマル	1.0	0.944
20241124	京都	9	◎	3	キュールエフウジン	1.0	0.952
20241124	京都	9	○	12	バスタードサフラン	1.0	0.952
20241124	京都	9	☆	5	インヒズアイズ	0.86	0.952
20241124	京都	10	◎	7	ロマンシングブルー	1.0	1.0
20241124	京都	10	○	10	ナムラアトム	1.0	1.0
20241124	京都	10	▲	6	ビヨンドザヴァレー	1.0	1.0
20241124	京都	10	☆	11	エアミアーニ	1.0	1.0
20241124	京都	11	◎	7	アルーブルト	1.0	1.0
20241124	京都	11	○	2	ホウオウルーレット	1.0	1.0
20241124	京都	11	☆	6	バハルダール	1.0	1.0
20241124	東京	1	◎	7	コスモシンテイ	0.86	0.857
20241124	東京	1	○	13	アイアムイチバン	1.0	0.857
20241124	東京	1	▲	14	キャストロププ	0.71	0.857
20241124	東京	2	◎	1	テンミラージュ	1.0	1.0
20241124	東京	2	○	13	ブルーベリーフィズ	1.0	1.0
20241124	東京	2	▲	18	グロスビーク	1.0	1.0
20241124	東京	3	◎	15	エルオレンス	1.0	1.0
20241124	東京	3	○	11	マルセルテソーロ	1.0	1.0
20241124	東京	3	▲	2	ショウナンヤッホー	1.0	1.0
20241124	東京	3	☆	1	ソラノキャンバス	1.0	1.0
20241124	東京	4	◎	9	マイネルフィスキオ	1.0	0.972
20241124	東京	4	○	4	ガンバルマン	1.0	0.972
20241124	東京	4	▲	6	ウィクトルウェルス	0.89	0.972
20241124	東京	4	☆	11	タッチザシーリング	1.0	0.972
20241124	東京	7	◎	16	サルモン	1.0	0.958
20241124	東京	7	○	10	フクチャントウメイ	1.0	0.958
20241124	東京	7	▲	8	マーゴットレーヴ	1.0	0.958
20241124	東京	7	☆	14	リプレゼント	0.83	0.958
20241124	東京	8	◎	8	ニシノルアノーヴァ	1.0	1.0
20241124	東京	8	○	9	ディアナザール	1.0	1.0
20241124	東京	8	▲	6	ガルダイア	1.0	1.0
20241124	東京	8	☆	5	レーヴブリリアント	1.0	1.0
20241124	東京	9	◎	11	ディマイザキッド	1.0	1.0
20241124	東京	9	○	5	シンハナーダ	1.0	1.0
20241124	東京	9	▲	9	アドマイヤマツリ	1.0	1.0
20241124	東京	9	☆	6	イングランドアイズ	1.0	1.0
20241124	東京	10	◎	2	キタノソワレ	1.0	0.964
20241124	東京	10	○	13	オルゴーリオ	1.0	0.964
20241124	東京	10	▲	5	シゲルソロソロ	0.86	0.964
20241124	東京	10	☆	9	アッチャゴーラ	1.0	0.964
20241124	東京	11	◎	12	エイカイマッケンロ	1.0	1.0
20241124	東京	11	○	3	ガイアメンテ	1.0	1.0
20241124	東京	11	▲	4	オクタヴィアヌス	1.0	1.0
20241124	東京	11	☆	1	タッチウッド	1.0	1.0
20241124	東京	12	◎	14	スターズオンアース	1.0	1.0
20241124	東京	12	○	3	ドウデュース	1.0	1.0
20241124	東京	12	▲	9	チェルヴィニア	1.0	1.0
20241124	東京	12	☆	12	ソールオリエンス	1.0	1.0
20241130	中京	1	◎	12	ペップトーク	0.83	0.931
20241130	中京	1	○	9	シュレン	1.0	0.931
20241130	中京	1	▲	15	メイショウセツゲツ	0.89	0.931
20241130	中京	1	☆	1	メルローズ	1.0	0.931
20241130	中京	2	◎	13	クレイジーディス	1.0	1.0
20241130	中京	2	○	7	スターザサンライズ	1.0	1.0
20241130	中京	2	▲	4	ゴイゴイスー	1.0	1.0
20241130	中京	2	☆	3	ラセーヌシュメール	1.0	1.0
20241130	中京	3	◎	2	グレイスオブゴッド	1.0	1.0
20241130	中京	3	○	8	ザブライド	1.0	1.0
20241130	中京	3	▲	7	ベルイストワール	1.0	1.0
20241130	中京	3	☆	5	フイノマジワリ	1.0	1.0
20241130	中京	4	◎	15	テーオーシュターデ	1.0	1.0
20241130	中京	4	○	6	タガノアンファン	1.0	1.0
20241130	中京	4	▲	2	マギームーン	1.0	1.0
20241130	中京	4	☆	1	エイシンパンタレイ	1.0	1.0
20241130	中京	6	◎	6	アメリカンチーフ	1.0	1.0
20241130	中京	6	○	10	アンシール	1.0	1.0
20241130	中京	6	▲	12	クアトロジャック	1.0	1.0
20241130	中京	6	☆	1	アイファーファイト	1.0	1.0
20241130	中京	7	◎	3	ザロック	1.0	1.0
20241130	中京	7	○	10	ユメハハテシナク	1.0	1.0
20241130	中京	7	▲	1	キタサンシデン	1.0	1.0
20241130	中京	7	☆	4	フリーマントル	1.0	1.0
20241130	中京	8	◎	2	インペリアルコート	0.89	0.972
20241130	中京	8	○	16	ダズリングブレイヴ	1.0	0.972
20241130	中京	8	▲	1	スカイハイ	1.0	0.972
20241130	中京	8	☆	3	シークレットイスラ	1.0	0.972
20241130	中京	9	◎	15	アーレンダール	1.0	0.964
20241130	中京	9	○	2	ルナビス	1.0	0.964
20241130	中京	9	▲	4	ピュアグルーヴ	0.86	0.964
20241130	中京	9	☆	13	ワイルドベティ	1.0	0.964
20241130	中京	10	◎	11	パンドレア	0.8	0.95
20241130	中京	10	○	7	ラレーヌデリス	1.0	0.95
20241130	中京	10	▲	4	レディントン	1.0	0.95
20241130	中京	10	☆	12	ビーナスローズ	1.0	0.95
20241130	中京	11	◎	10	ジュノー	1.0	0.929
20241130	中京	11	○	9	リサリサ	1.0	0.929
20241130	中京	11	▲	4	フルメタルボディー	1.0	0.929
20241130	中京	11	☆	5	エピプランセス	0.71	0.929
20241130	中京	12	◎	12	デアパーディタ	0.86	0.964
20241130	中京	12	○	13	ファーヴェント	1.0	0.964
20241130	中京	12	▲	8	ダノンブリザード	1.0	0.964
20241130	中京	12	☆	6	トラストエムシー	1.0	0.964
20241130	中山	1	◎	8	ユウオウマイシン	0.88	0.969
20241130	中山	1	○	6	ミトノキャット	1.0	0.969
20241130	中山	1	▲	9	サノノアメリカン	1.0	0.969
20241130	中山	1	☆	15	チュラット	1.0	0.969
20241130	中山	2	◎	2	バーニングフレーム	1.0	0.964
20241130	中山	2	○	7	ディペンダブル	0.86	0.964
20241130	中山	2	▲	8	ネクストダンサー	1.0	0.964
20241130	中山	2	☆	12	ゴールドシャーク	1.0	0.964
20241130	中山	3	◎	1	ベルウッドホウオウ	1.0	0.964
20241130	中山	3	○	12	クレプスクルム	0.86	0.964
20241130	中山	3	▲	10	フクノブルーレイク	1.0	0.964
20241130	中山	3	☆	4	グランツローゼ	1.0	0.964
20241130	中山	4	◎	5	アースソーナー	1.0	0.972
20241130	中山	4	○	11	エオアリイ	1.0	0.972
20241130	中山	4	▲	2	ロングウェイホーム	1.0	0.972
20241130	中山	4	☆	12	ファミーユウルーズ	0.89	0.972
20241130	中山	7	◎	16	ラヴァグロウ	1.0	1.0
20241130	中山	7	○	8	ルージュアズライト	1.0	1.0
20241130	中山	7	▲	6	エイシンホイップ	1.0	1.0
20241130	中山	7	☆	15	ヘレンキムゼー	1.0	1.0
20241130	中山	9	◎	12	エルムラント	1.0	0.972
20241130	中山	9	○	9	ゴーゴータカシ	1.0	0.972
20241130	中山	9	▲	2	ヴィンセンシオ	1.0	0.972
20241130	中山	9	☆	6	エンペラーズソード	0.89	0.972
20241130	中山	10	◎	1	オールマキシマム	1.0	0.972
20241130	中山	10	○	9	サクラトップリアル	1.0	0.972
20241130	中山	10	▲	12	クーアフュルスト	1.0	0.972
20241130	中山	10	☆	14	パーサヴィアランス	0.89	0.972
20241130	中山	11	◎	11	マイネルケレリウス	1.0	1.0
20241130	中山	11	○	3	アイアンバローズ	1.0	1.0
20241130	中山	11	▲	4	シュヴァリエローズ	1.0	1.0
20241130	中山	11	☆	5	クールミラボー	1.0	1.0
20241130	中山	12	◎	7	ヨール	0.67	0.917
20241130	中山	12	○	14	ステークホルダー	1.0	0.917
20241130	中山	12	▲	12	ジョーメッドヴィン	1.0	0.917
20241130	中山	12	☆	13	レザンノワール	1.0	0.917
20241130	京都	1	◎	4	ガールクラッシュ	1.0	1.0
20241130	京都	1	○	2	ヴァンアグレアブル	1.0	1.0
20241130	京都	1	▲	10	タマモジャスミン	1.0	1.0
20241130	京都	1	☆	9	キャリーグレイス	1.0	1.0
20241130	京都	2	◎	9	マッハレイジング	1.0	1.0
20241130	京都	2	○	7	セディバン	1.0	1.0
20241130	京都	2	▲	11	グランキングオー	1.0	1.0
20241130	京都	2	☆	12	アースノイド	1.0	1.0
20241130	京都	3	◎	6	イエローブリック	1.0	1.0
20241130	京都	3	○	3	メイケイレイン	1.0	1.0
20241130	京都	3	▲	5	アイルランズコール	1.0	1.0
20241130	京都	3	☆	4	ボールドハーテッド	1.0	1.0
20241130	京都	6	◎	6	スマートサターン	1.0	0.944
20241130	京都	6	○	3	スライビングロード	1.0	0.944
20241130	京都	6	☆	7	カルドウェル	0.83	0.944
20241130	京都	7	◎	2	ファミリーラヴ	1.0	1.0
20241130	京都	7	○	8	シャンデルナゴル	1.0	1.0
20241130	京都	7	▲	11	カネトシゴウト	1.0	1.0
20241130	京都	7	☆	12	エリカヴェネチア	1.0	1.0
20241130	京都	8	◎	2	ウインドワンピース	0.89	0.963
20241130	京都	8	○	13	ナゲットモンスター	1.0	0.963
20241130	京都	8	☆	10	ケイエイト	1.0	0.963
20241130	京都	9	◎	1	アブキールベイ	1.0	0.938
20241130	京都	9	○	3	マジカルシャイン	1.0	0.938
20241130	京都	9	▲	7	カルプスペルシュ	0.75	0.938
20241130	京都	9	☆	4	ヒデノブルースカイ	1.0	0.938
20241130	京都	10	◎	7	コパノハンプトン	0.75	0.917
20241130	京都	10	○	8	ハンベルジャイト	1.0	0.917
20241130	京都	10	☆	5	カミーロ	1.0	0.917
20241130	京都	11	◎	11	セイウンハーデス	1.0	0.972
20241130	京都	11	○	14	ダノンエアズロック	1.0	0.972
20241130	京都	11	▲	1	ディープモンスター	0.89	0.972
20241130	京都	11	☆	4	マキシ	1.0	0.972
20241130	京都	12	◎	2	ルクスビッグスター	1.0	0.972
20241130	京都	12	○	4	チャンネルトンネル	0.89	0.972
20241130	京都	12	▲	5	ベラジオボンド	1.0	0.972
20241130	京都	12	☆	3	サフィラ	1.0	0.972
20241201	中京	1	◎	3	タナハシ	1.0	0.942
20241201	中京	1	○	9	ダノンヴェステル	1.0	0.942
20241201	中京	1	▲	7	ミライヘノカギ	0.77	0.942
20241201	中京	1	☆	6	エポエポサン	1.0	0.942
20241201	中京	2	◎	5	ラピダリア	0.8	0.95
20241201	中京	2	○	16	ロンシャンクイーン	1.0	0.95
20241201	中京	2	▲	11	フォルテローザ	1.0	0.95
20241201	中京	2	☆	15	イリディセント	1.0	0.95
20241201	中京	3	◎	6	タケルゴールド	1.0	0.972
20241201	中京	3	○	3	バナマンテソーロ	1.0	0.972
20241201	中京	3	▲	7	ペンナヴェローチェ	0.89	0.972
20241201	中京	3	☆	2	ダブルジャッジ	1.0	0.972
20241201	中京	4	◎	11	ディープカインズ	0.88	0.969
20241201	中京	4	○	5	ラトラース	1.0	0.969
20241201	中京	4	▲	14	エスタンシア	1.0	0.969
20241201	中京	4	☆	7	バントック	1.0	0.969
20241201	中京	5	◎	4	ペプチドシナノ	0.86	0.964
20241201	中京	5	○	7	インターポーザー	1.0	0.964
20241201	中京	5	▲	8	エリーナストーム	1.0	0.964
20241201	中京	5	☆	3	スイッチビスケット	1.0	0.964
20241201	中京	6	◎	4	グレイスカリヨン	1.0	0.969
20241201	中京	6	○	7	グランプレジール	0.88	0.969
20241201	中京	6	▲	2	ズバットマサムネ	1.0	0.969
20241201	中京	6	☆	15	ゴルデールスカー	1.0	0.969
20241201	中京	7	◎	3	アークドール	1.0	1.0
20241201	中京	7	○	2	ストーンズ	1.0	1.0
20241201	中京	7	☆	1	サノノゴールド	1.0	1.0
20241201	中京	8	◎	9	トモジャシーマ	1.0	1.0
20241201	中京	8	○	16	ビダーヤ	1.0	1.0
20241201	中京	8	☆	5	アストラッド	1.0	1.0
20241201	中京	9	◎	3	ダイシンラー	1.0	1.0
20241201	中京	9	○	5	シルバーレイン	1.0	1.0
20241201	中京	9	▲	2	ワース	1.0	1.0
20241201	中京	9	☆	1	ネーブルオレンジ	1.0	1.0
20241201	中京	10	◎	12	タカネノハナコサン	1.0	0.952
20241201	中京	10	○	3	ルージュスタニング	1.0	0.952
20241201	中京	10	☆	11	ヒルノピレネー	0.86	0.952
20241201	中京	11	◎	5	ペイシャエス	0.83	0.907
20241201	中京	11	○	2	レモンポップ	1.0	0.907
20241201	中京	11	▲	12	サンライズジパング	0.89	0.907
20241201	中京	12	◎	5	ジャスティンライズ	1.0	0.972
20241201	中京	12	○	3	オルトパラティウム	0.89	0.972
20241201	中京	12	▲	7	グラヴィス	1.0	0.972
20241201	中京	12	☆	12	ミッキーキャンバス	1.0	0.972
20241201	中山	1	◎	9	イサチルカムカム	1.0	1.0
20241201	中山	1	○	12	サードウインド	1.0	1.0
20241201	中山	1	▲	6	レーヴレジェンド	1.0	1.0
20241201	中山	1	☆	4	ミルトオーケストラ	1.0	1.0
20241201	中山	2	◎	6	ノーブルプライム	0.88	0.969
20241201	中山	2	○	5	スティーヴバローズ	1.0	0.969
20241201	中山	2	▲	7	カゼノタカトシ	1.0	0.969
20241201	中山	2	☆	1	ダブルメッセージ	1.0	0.969
20241201	中山	3	◎	1	ヴェロニカペルシカ	0.89	0.963
20241201	中山	3	○	4	ジョイフルニュース	1.0	0.963
20241201	中山	3	▲	15	フクチャンサクラ	1.0	0.963
20241201	中山	6	◎	7	オカメノコイ	1.0	1.0
20241201	中山	6	○	9	ゴメンネジロー	1.0	1.0
20241201	中山	6	▲	4	フレッシュラン	1.0	1.0
20241201	中山	6	☆	2	ケイツーギルダー	1.0	1.0
20241201	中山	7	◎	12	サンロレンツォ	1.0	0.952
20241201	中山	7	○	5	キャンディレイ	0.86	0.952
20241201	中山	7	☆	1	ランスノーブル	1.0	0.952
20241201	中山	8	◎	8	ボーンイングランデ	1.0	1.0
20241201	中山	8	○	11	レイデラルース	1.0	1.0
20241201	中山	8	▲	7	ホウオウムサシ	1.0	1.0
20241201	中山	8	☆	6	レヴォルタード	1.0	1.0
20241201	中山	9	◎	8	ブルースピリット	0.88	0.906
20241201	中山	9	○	1	カピリナ	0.75	0.906
20241201	中山	9	▲	16	タガノシャーンス	1.0	0.906
20241201	中山	9	☆	3	エコロレジーナ	1.0	0.906
20241201	中山	10	◎	10	エスティメート	1.0	0.964
20241201	中山	10	○	1	ペンティメント	0.86	0.964
20241201	中山	10	▲	11	グラウンドビート	1.0	0.964
20241201	中山	10	☆	5	バンドマスター	1.0	0.964
20241201	中山	11	◎	10	キミワクイーン	1.0	1.0
20241201	中山	11	○	2	サウザンサニー	1.0	1.0
20241201	中山	11	▲	14	スズハローム	1.0	1.0
20241201	中山	11	☆	13	ティニア	1.0	1.0
20241201	中山	12	◎	3	シークレットヴァウ	1.0	1.0
20241201	中山	12	○	10	アイアムユウシュン	1.0	1.0
20241201	中山	12	▲	9	アメリカンマーチ	1.0	1.0
20241201	中山	12	☆	14	グレタ	1.0	1.0
20241201	京都	1	◎	6	タガノテツ	0.8	0.879
20241201	京都	1	○	12	ペイシャケイプ	0.71	0.879
20241201	京都	1	▲	5	テーオーヴァルナイ	1.0	0.879
20241201	京都	1	☆	8	セカンドフラッシュ	1.0	0.879
20241201	京都	2	◎	2	エリカサンタモニカ	1.0	1.0
20241201	京都	2	○	6	キントラダンサー	1.0	1.0
20241201	京都	2	▲	5	ブーディガ	1.0	1.0
20241201	京都	2	☆	8	オリージネアリア	1.0	1.0
20241201	京都	3	◎	4	サタデーサンライズ	1.0	0.917
20241201	京都	3	○	3	キタサンハナビラ	1.0	0.917
20241201	京都	3	▲	5	ザカリナン	1.0	0.917
20241201	京都	3	☆	1	プチプランス	0.67	0.917
20241201	京都	7	◎	14	ペレグリン	0.8	0.835
20241201	京都	7	○	6	ランスオブセヘル	0.88	0.835
20241201	京都	7	▲	2	ピリー	0.67	0.835
20241201	京都	7	☆	4	アイスリンディ	1.0	0.835
20241201	京都	8	◎	4	シンゼンイズモ	1.0	1.0
20241201	京都	8	○	9	サザーランド	1.0	1.0
20241201	京都	8	▲	12	フェンダー	1.0	1.0
20241201	京都	8	☆	7	アストラカ	1.0	1.0
20241201	京都	9	◎	10	アセレラシオン	1.0	0.972
20241201	京都	9	○	1	エアサンサーラ	1.0	0.972
20241201	京都	9	▲	3	グーヴェルナイユ	1.0	0.972
20241201	京都	9	☆	2	サンライズパスカル	0.89	0.972
20241201	京都	10	◎	11	ワイドアラジン	1.0	1.0
20241201	京都	10	○	3	ライトバック	1.0	1.0
20241201	京都	10	▲	2	オールナット	1.0	1.0
20241201	京都	11	◎	6	ロードヴァレンチ	1.0	0.938
20241201	京都	11	○	2	テイエムリステット	1.0	0.938
20241201	京都	11	▲	15	サンライズジーク	1.0	0.938
20241201	京都	11	☆	5	パウオレ	0.75	0.938
20241201	京都	12	◎	5	メイショウカイト	1.0	1.0
20241201	京都	12	○	4	テラステラ	1.0	1.0
20241201	京都	12	▲	9	クイックバイオ	1.0	1.0
20241201	京都	12	☆	11	ヴァンヴィーヴ	1.0	1.0
20241207	中京	1	◎	10	マンノミューズ	1.0	0.907
20241207	中京	1	○	3	プリンセッサ	0.83	0.907
20241207	中京	1	☆	8	デスティニーホープ	0.89	0.907
20241207	中京	2	◎	5	リゼレインボー	1.0	1.0
20241207	中京	2	○	10	ハリウッドブルース	1.0	1.0
20241207	中京	2	☆	1	ドリームクルーズ	1.0	1.0
20241207	中京	3	◎	3	ショーヴァロンス	1.0	1.0
20241207	中京	3	○	4	モモンウールー	1.0	1.0
20241207	中京	3	☆	2	ルージュルリアン	1.0	1.0
20241207	中京	4	◎	10	ジェットエアー	1.0	1.0
20241207	中京	4	○	6	ロードレジェロ	1.0	1.0
20241207	中京	4	☆	7	ヴィーデ	1.0	1.0
20241207	中京	10	◎	14	ヘヴンリーハンド	1.0	1.0
20241207	中京	10	○	5	スナークラファエロ	1.0	1.0
20241207	中京	10	☆	16	クロドラバール	1.0	1.0
20241207	中京	11	◎	11	マイネルメモリー	1.0	1.0
20241207	中京	11	○	8	デシエルト	1.0	1.0
20241207	中京	11	☆	17	マコトヴェリーキー	1.0	1.0
20241207	中京	12	◎	16	ラブカムーン	1.0	1.0
20241207	中京	12	○	8	ガットネロ	1.0	1.0
20241207	中京	12	☆	6	ノースディーバ	1.0	1.0
20241207	中山	1	◎	8	ブルーオブウインド	1.0	1.0
20241207	中山	1	○	5	ヴィンブルレー	1.0	1.0
20241207	中山	1	▲	13	ミヤマイルス	1.0	1.0
20241207	中山	1	☆	10	イエスユイキャン	1.0	1.0
20241207	中山	2	◎	1	ノイシュタット	1.0	1.0
20241207	中山	2	○	7	ルグランヴァン	1.0	1.0
20241207	中山	2	☆	2	グリーンエリクサー	1.0	1.0
20241207	中山	3	◎	12	ディアイライザ	1.0	1.0
20241207	中山	3	○	1	ガンバルマン	1.0	1.0
20241207	中山	3	☆	6	タッセル	1.0	1.0
20241207	中山	4	◎	2	ジーティートゥルー	1.0	1.0
20241207	中山	4	○	12	スティーヴバローズ	1.0	1.0
20241207	中山	4	☆	9	ミスティマウンテン	1.0	1.0
20241207	中山	7	◎	16	ロードヴェスパー	0.88	0.875
20241207	中山	7	○	3	パンジャ	0.75	0.875
20241207	中山	7	☆	15	ケイツークローン	1.0	0.875
20241207	中山	8	◎	7	レゲエビーチ	1.0	1.0
20241207	中山	8	○	12	クレイヴィンオナー	1.0	1.0
20241207	中山	8	☆	15	ベイビールビオ	1.0	1.0
20241207	中山	9	◎	8	マキシマムドライブ	1.0	0.875
20241207	中山	9	○	11	レイピア	0.75	0.875
20241207	中山	9	☆	9	リケアコンパンナ	0.88	0.875
20241207	中山	10	◎	7	メイショウフジタカ	1.0	0.963
20241207	中山	10	○	1	オウバイトウリ	1.0	0.963
20241207	中山	10	☆	3	ブルーシンフォニー	0.89	0.963
20241207	中山	12	◎	16	カンジ	1.0	0.952
20241207	中山	12	○	13	ホウキボシ	1.0	0.952
20241207	中山	12	☆	12	シゲルカミカゼ	0.86	0.952
20241207	京都	1	◎	5	ベレーザフィン	1.0	1.0
20241207	京都	1	○	1	ヒミノエトワール	1.0	1.0
20241207	京都	1	▲	10	モメン	1.0	1.0
20241207	京都	1	☆	9	アイドルアイズ	1.0	1.0
20241207	京都	2	◎	2	セイフウサツキ	1.0	0.958
20241207	京都	2	○	1	ポッドフォルク	1.0	0.958
20241207	京都	2	☆	4	スーパージョック	0.88	0.958
20241207	京都	3	◎	11	メイショウヨンク	1.0	1.0
20241207	京都	3	○	7	フクノフィアーノン	1.0	1.0
20241207	京都	3	☆	2	テーオーテバルディ	1.0	1.0
20241207	京都	7	◎	2	メイショウヤシマ	0.88	0.958
20241207	京都	7	○	8	ダノンシーマ	1.0	0.958
20241207	京都	7	☆	1	エンスエーニョ	1.0	0.958
20241207	京都	8	◎	8	セールヴォラン	1.0	1.0
20241207	京都	8	○	10	ボブズヤアンクル	1.0	1.0
20241207	京都	8	▲	7	ビバップ	1.0	1.0
20241207	京都	8	☆	3	イナフセド	1.0	1.0
20241207	京都	9	◎	5	トリポリタニア	1.0	1.0
20241207	京都	9	○	2	ナグルファル	1.0	1.0
20241207	京都	9	☆	4	ワンモアスマイル	1.0	1.0
20241207	京都	10	◎	8	サイモンルモンド	1.0	0.933
20241207	京都	10	○	5	ロードクロンヌ	1.0	0.933
20241207	京都	10	☆	13	シュプリンガー	0.8	0.933
20241207	京都	11	◎	8	アサヒ	1.0	0.944
20241207	京都	11	○	1	キープカルム	0.83	0.944
20241207	京都	11	☆	9	シリウスコルト	1.0	0.944
20241207	京都	12	◎	3	リッチブラック	1.0	0.941
20241207	京都	12	○	5	ギャンブルルーム	1.0	0.941
20241207	京都	12	☆	10	プレイリードリーム	0.82	0.941
20241208	中京	1	◎	2	リクエイ	1.0	1.0
20241208	中京	1	○	10	ビアンカネーヴェ	1.0	1.0
20241208	中京	1	▲	7	モズタチアガレ	1.0	1.0
20241208	中京	1	☆	1	ハルサメ	1.0	1.0
20241208	中京	2	◎	13	オッフェンバック	1.0	1.0
20241208	中京	2	○	12	タイセイレグノ	1.0	1.0
20241208	中京	2	▲	4	ロードトルネード	1.0	1.0
20241208	中京	2	☆	5	トーセンディーン	1.0	1.0
20241208	中京	3	◎	11	ドレシャス	1.0	1.0
20241208	中京	3	○	6	イノセントキャット	1.0	1.0
20241208	中京	3	▲	8	ゼンノツキヨミ	1.0	1.0
20241208	中京	3	☆	13	ソーニャシュニク	1.0	1.0
20241208	中京	4	◎	9	プレミアブルー	0.86	0.964
20241208	中京	4	○	8	デリュージョン	1.0	0.964
20241208	中京	4	▲	4	ネーヴェフレスカ	1.0	0.964
20241208	中京	4	☆	15	グレートシューター	1.0	0.964
20241208	中京	6	◎	6	ウヌボレヤサン	1.0	1.0
20241208	中京	6	○	7	ゼンダンスカイ	1.0	1.0
20241208	中京	6	▲	8	レッドクレメンス	1.0	1.0
20241208	中京	6	☆	11	アスクデビューモア	1.0	1.0
20241208	中京	7	◎	6	ジョセフィーナ	1.0	1.0
20241208	中京	7	○	3	アクアヴァーナル	1.0	1.0
20241208	中京	7	▲	1	オリーボーレン	1.0	1.0
20241208	中京	7	☆	18	ナムララジベラ	1.0	1.0
20241208	中京	8	◎	9	エンドレスロード	1.0	1.0
20241208	中京	8	○	14	ノルドヴェスト	1.0	1.0
20241208	中京	8	▲	12	ブリッツクリーク	1.0	1.0
20241208	中京	8	☆	3	フレイムジョーカー	1.0	1.0
20241208	中京	9	◎	3	スマートリアファル	1.0	0.866
20241208	中京	9	○	4	ビルンバウム	1.0	0.866
20241208	中京	9	▲	5	ヒヒーン	0.75	0.866
20241208	中京	9	☆	9	キャストロペペ	0.71	0.866
20241208	中京	10	◎	12	ハイディージェン	1.0	1.0
20241208	中京	10	○	1	インテグレイト	1.0	1.0
20241208	中京	10	▲	8	マイネルオーシャン	1.0	1.0
20241208	中京	10	☆	7	ナヴォーナ	1.0	1.0
20241208	中京	11	◎	4	ヴェールアンレーヴ	1.0	0.938
20241208	中京	11	○	12	スリーアイランド	1.0	0.938
20241208	中京	11	▲	7	ヤマニンアンフィル	1.0	0.938
20241208	中京	11	☆	6	プロスペリダード	0.75	0.938
20241208	中京	12	◎	9	アイファーバトル	1.0	0.969
20241208	中京	12	○	10	シャンパンマーク	0.88	0.969
20241208	中京	12	▲	7	バレルターン	1.0	0.969
20241208	中京	12	☆	11	レオンバローズ	1.0	0.969
20241208	中山	1	◎	13	クールマーロウ	1.0	0.964
20241208	中山	1	○	1	レイオーバー	1.0	0.964
20241208	中山	1	▲	3	テイオームサシ	0.86	0.964
20241208	中山	1	☆	10	セイウンヤタガラス	1.0	0.964
20241208	中山	2	◎	8	ペタルブランシュ	0.88	0.941
20241208	中山	2	○	14	マイネルステラート	1.0	0.941
20241208	中山	2	▲	3	オカゲサン	1.0	0.941
20241208	中山	2	☆	7	ノーブルオリンポス	0.89	0.941
20241208	中山	3	◎	11	ベールドインパクト	0.89	0.972
20241208	中山	3	○	10	ニシノエージェント	1.0	0.972
20241208	中山	3	▲	1	マイネルアレス	1.0	0.972
20241208	中山	3	☆	6	コスモマガラニカ	1.0	0.972
20241208	中山	7	◎	4	パナランギン	0.83	0.944
20241208	中山	7	○	10	ベリタバグス	1.0	0.944
20241208	中山	7	▲	1	ジャナドリア	1.0	0.944
20241208	中山	8	◎	7	コスモジンバック	1.0	0.944
20241208	中山	8	○	4	ダノンペドロ	0.83	0.944
20241208	中山	8	☆	11	ハンデンカイザー	1.0	0.944
20241208	中山	9	◎	16	ティンク	1.0	1.0
20241208	中山	9	○	9	ガジュノリ	1.0	1.0
20241208	中山	9	☆	10	マスキュリン	1.0	1.0
20241208	中山	10	◎	1	ナチュラルハイ	1.0	1.0
20241208	中山	10	○	7	ブレイクフォース	1.0	1.0
20241208	中山	10	▲	3	メイショウフンジン	1.0	1.0
20241208	中山	10	☆	13	チュウワハート	1.0	1.0
20241208	中山	11	◎	7	クインズメリッサ	1.0	0.952
20241208	中山	11	○	6	ガビーズシスター	1.0	0.952
20241208	中山	11	☆	2	インユアパレス	0.86	0.952
20241208	中山	12	◎	8	スペンサーバローズ	0.89	0.963
20241208	中山	12	○	3	エコロマーズ	1.0	0.963
20241208	中山	12	☆	6	ロゼル	1.0	0.963
20241208	京都	1	◎	4	セルズパワー	0.83	0.917
20241208	京都	1	○	6	ベルジュロネット	1.0	0.917
20241208	京都	1	▲	1	アメリカンクール	1.0	0.917
20241208	京都	1	☆	8	コパノマロン	0.83	0.917
20241208	京都	2	◎	4	ガンナール	1.0	1.0
20241208	京都	2	○	6	ザイル	1.0	1.0
20241208	京都	2	▲	3	ラマンシュ	1.0	1.0
20241208	京都	2	☆	1	マーウォルス	1.0	1.0
20241208	京都	3	◎	3	ツーエムクロノス	1.0	1.0
20241208	京都	3	○	6	モンテシート	1.0	1.0
20241208	京都	3	▲	9	ノボリディアマン	1.0	1.0
20241208	京都	3	☆	7	ゲレル	1.0	1.0
20241208	京都	6	◎	1	レーンアジリティ	1.0	1.0
20241208	京都	6	○	5	フェデラー	1.0	1.0
20241208	京都	6	☆	4	ヤマニンチェルキ	1.0	1.0
20241208	京都	8	◎	2	ブライトルピナス	0.88	0.969
20241208	京都	8	○	5	クリノオリーブ	1.0	0.969
20241208	京都	8	▲	6	アガシ	1.0	0.969
20241208	京都	8	☆	12	アマルナ	1.0	0.969
20241208	京都	9	◎	4	カネフラ	1.0	0.972
20241208	京都	9	○	9	サブマリーナ	1.0	0.972
20241208	京都	9	▲	7	マイネルエンペラー	0.89	0.972
20241208	京都	9	☆	6	シェイクユアハート	1.0	0.972
20241208	京都	10	◎	6	ネッケツシャチョウ	0.89	0.903
20241208	京都	10	○	8	ムルソー	1.0	0.903
20241208	京都	10	▲	4	テリフィックプラン	0.89	0.903
20241208	京都	10	☆	3	マオノアラシ	0.83	0.903
20241208	京都	11	◎	14	ランフォーヴァウ	1.0	1.0
20241208	京都	11	○	10	ブラウンラチェット	1.0	1.0
20241208	京都	11	▲	12	アルマヴェローチェ	1.0	1.0
20241208	京都	11	☆	8	カワキタマナレア	1.0	1.0
20241208	京都	12	◎	10	キングクー	1.0	0.958
20241208	京都	12	○	4	ワンダーキサラ	1.0	0.958
20241208	京都	12	▲	5	イサチルシーサイド	1.0	0.958
20241208	京都	12	☆	6	サンドロナイト	0.83	0.958
20241214	中京	2	◎	13	シゲルオトヒメ	0.86	0.786
20241214	中京	2	○	15	ヒヒーン	0.5	0.786
20241214	中京	2	▲	10	イッツオンリーユー	1.0	0.786
20241214	中京	3	◎	8	トロピカルヒーロー	0.78	0.926
20241214	中京	3	○	9	ビバップ	1.0	0.926
20241214	中京	3	▲	11	ミスエル	1.0	0.926
20241214	中京	4	◎	2	リュウノハミング	1.0	1.0
20241214	中京	4	○	12	コルドンブルー	1.0	1.0
20241214	中京	4	▲	3	ハーモニーソング	1.0	1.0
20241214	中京	5	◎	15	エキサイトバイオ	1.0	1.0
20241214	中京	5	○	10	ノラリクラリ	1.0	1.0
20241214	中京	5	▲	4	クラリヴィデンシア	1.0	1.0
20241214	中京	6	◎	3	ウインアルドーレ	0.88	0.958
20241214	中京	6	○	14	グランデスフィーダ	1.0	0.958
20241214	中京	6	▲	2	ララマルシュドロワ	1.0	0.958
20241214	中京	7	◎	15	ベルイストワール	1.0	1.0
20241214	中京	7	○	3	カレンワッツアップ	1.0	1.0
20241214	中京	7	▲	14	ソニックライン	1.0	1.0
20241214	中京	8	◎	3	バレンタインソング	1.0	0.929
20241214	中京	8	○	7	シルキーガール	1.0	0.929
20241214	中京	8	▲	15	タガノデュード	1.0	0.929
20241214	中京	8	☆	5	ヤマニンアラクリア	0.71	0.929
20241214	中京	9	◎	11	ブリッツアロング	1.0	0.886
20241214	中京	9	○	8	ポッドベイダー	1.0	0.886
20241214	中京	9	▲	3	アメリカンステージ	1.0	0.886
20241214	中京	9	☆	5	タガノアンファン	0.55	0.886
20241214	中京	10	◎	1	アイオブザストーム	1.0	0.886
20241214	中京	10	○	2	エムズマインド	1.0	0.886
20241214	中京	10	▲	4	ランスオブサターン	1.0	0.886
20241214	中京	10	☆	7	タイキエクセロン	0.55	0.886
20241214	中京	11	◎	10	フタイテンロック	1.0	1.0
20241214	中京	11	○	2	ヘニータイフーン	1.0	1.0
20241214	中京	11	▲	1	フルオール	1.0	1.0
20241214	中京	12	◎	8	レオンバローズ	1.0	1.0
20241214	中京	12	○	6	スカイハイ	1.0	1.0
20241214	中京	12	▲	3	グリーズマン	1.0	1.0
20241214	中山	1	◎	3	ライズトゥザトップ	1.0	1.0
20241214	中山	1	○	15	サードウインド	1.0	1.0
20241214	中山	1	▲	11	サトノエバー	1.0	1.0
20241214	中山	1	☆	14	アイアンソリッド	1.0	1.0
20241214	中山	2	◎	1	サマーツアー	1.0	0.958
20241214	中山	2	○	3	ウィンスタンリー	1.0	0.958
20241214	中山	2	▲	6	キャピタルリッチ	0.88	0.958
20241214	中山	3	◎	5	エリュテイア	1.0	1.0
20241214	中山	3	○	11	ミトノキャット	1.0	1.0
20241214	中山	3	▲	13	ショウナンラリー	1.0	1.0
20241214	中山	4	◎	5	ハルノアラシ	0.83	0.944
20241214	中山	4	○	7	ハクシンブライアン	1.0	0.944
20241214	中山	4	▲	2	ヴィジブルライト	1.0	0.944
20241214	中山	7	◎	13	ヴォンフレ	1.0	1.0
20241214	中山	7	○	11	ミライヘノハナ	1.0	1.0
20241214	中山	7	▲	7	クリールスル	1.0	1.0
20241214	中山	8	◎	7	フリッパー	1.0	0.944
20241214	中山	8	○	2	アスクハッピーモア	1.0	0.944
20241214	中山	8	▲	4	チザルピーノ	0.83	0.944
20241214	中山	9	◎	7	イノキ	1.0	1.0
20241214	中山	9	○	3	デンクマール	1.0	1.0
20241214	中山	9	▲	4	ルージュナリッシュ	1.0	1.0
20241214	中山	10	◎	12	ルクスビッグスター	1.0	0.944
20241214	中山	10	○	7	ヤマニンアドホック	1.0	0.944
20241214	中山	10	▲	4	ブエナオンダ	0.83	0.944
20241214	中山	11	◎	12	ビヨンドザヴァレー	1.0	1.0
20241214	中山	11	○	7	ミアネーロ	1.0	1.0
20241214	中山	11	▲	6	アルジーヌ	1.0	1.0
20241214	中山	12	◎	9	メイデンタワー	1.0	1.0
20241214	中山	12	○	7	ニットウバジル	1.0	1.0
20241214	中山	12	▲	13	サザンステート	1.0	1.0
20241214	京都	1	◎	3	メイショウアオコチ	1.0	0.926
20241214	京都	1	○	6	ショウナンアトレ	1.0	0.926
20241214	京都	1	▲	1	リードプリンシパル	0.78	0.926
20241214	京都	2	◎	11	テクノグルーヴ	1.0	1.0
20241214	京都	2	○	2	グティ	1.0	1.0
20241214	京都	2	▲	5	サントモナルカ	1.0	1.0
20241214	京都	3	◎	8	オンザブルースカイ	1.0	0.963
20241214	京都	3	○	11	エイシンパンタレイ	0.89	0.963
20241214	京都	3	▲	5	アンダースコア	1.0	0.963
20241214	京都	7	◎	10	テレプシコーラ	0.86	0.853
20241214	京都	7	○	12	ミノリッチマイヤー	0.94	0.853
20241214	京都	7	▲	14	チェルビアット	1.0	0.853
20241214	京都	7	☆	3	マテンロウシルビア	0.62	0.853
20241214	京都	8	◎	5	タナバタ	1.0	0.892
20241214	京都	8	○	14	パカーラン	0.8	0.892
20241214	京都	8	▲	11	ペネトレイトゴー	0.88	0.892
20241214	京都	9	◎	11	スペシャルナンバー	0.89	0.963
20241214	京都	9	○	4	ルクスメテオール	1.0	0.963
20241214	京都	9	▲	3	メイショウミシガン	1.0	0.963
20241214	京都	10	◎	12	ウインメイフラワー	1.0	1.0
20241214	京都	10	○	4	テーオールビー	1.0	1.0
20241214	京都	10	▲	8	ルナビス	1.0	1.0
20241214	京都	11	◎	4	バースクライ	1.0	0.889
20241214	京都	11	○	13	ソンシ	0.67	0.889
20241214	京都	11	▲	14	エイシンフェンサー	1.0	0.889
20241214	京都	12	◎	7	メタルスピード	0.86	0.82
20241214	京都	12	○	9	ムーンリットナイト	0.82	0.82
20241214	京都	12	▲	12	テラメリタ	1.0	0.82
20241214	京都	12	☆	5	ジュンゴールド	0.6	0.82
20241215	中京	1	◎	15	ボールドハーテッド	1.0	1.0
20241215	中京	1	○	2	ヤングアメリカンズ	1.0	1.0
20241215	中京	1	▲	5	タイセイバンクール	1.0	1.0
20241215	中京	1	☆	8	ウィズマスタング	1.0	1.0
20241215	中京	2	◎	10	マーゴットファブ	1.0	1.0
20241215	中京	2	○	4	メイショウキルギス	1.0	1.0
20241215	中京	2	▲	6	ヨドノゴールド	1.0	1.0
20241215	中京	2	☆	13	ワンリオン	1.0	1.0
20241215	中京	3	◎	15	ベストディシジョン	1.0	0.933
20241215	中京	3	○	7	アルゴナヴィス	1.0	0.933
20241215	中京	3	☆	13	デスティノ	0.8	0.933
20241215	中京	4	◎	6	クイーンズデイ	0.86	0.937
20241215	中京	4	○	2	タイセイフィオーレ	1.0	0.937
20241215	中京	4	▲	8	ワイドクリーガー	1.0	0.937
20241215	中京	4	☆	3	ナンヨーエンペラー	0.89	0.937
20241215	中京	6	◎	15	モズバンディット	1.0	1.0
20241215	中京	6	○	2	アンバードール	1.0	1.0
20241215	中京	6	▲	6	ポルポラジール	1.0	1.0
20241215	中京	6	☆	11	ラキアレクサンダー	1.0	1.0
20241215	中京	7	◎	8	レディーエンジェル	1.0	1.0
20241215	中京	7	○	7	ファストレーン	1.0	1.0
20241215	中京	7	☆	11	オーサムデアラー	1.0	1.0
20241215	中京	8	◎	8	マルカシャルマン	1.0	0.978
20241215	中京	8	○	6	スマートジェイナ	0.93	0.978
20241215	中京	8	☆	10	サクラオーラ	1.0	0.978
20241215	中京	9	◎	3	ピーチマカロン	0.86	0.964
20241215	中京	9	○	1	アレスグート	1.0	0.964
20241215	中京	9	▲	6	ポールセン	1.0	0.964
20241215	中京	9	☆	2	サディーク	1.0	0.964
20241215	中京	10	◎	9	アスカノミライ	1.0	1.0
20241215	中京	10	○	8	ブロッケンボウ	1.0	1.0
20241215	中京	10	▲	3	ジュンツバメガエシ	1.0	1.0
20241215	中京	10	☆	7	ライフセービング	1.0	1.0
20241215	中京	11	◎	5	タイセイブレイズ	1.0	0.969
20241215	中京	11	○	12	バトゥーキ	1.0	0.969
20241215	中京	11	▲	14	バグラダス	1.0	0.969
20241215	中京	11	☆	1	サトノテンペスト	0.88	0.969
20241215	中京	12	◎	12	ソノママソノママ	0.88	0.929
20241215	中京	12	○	2	レオテミス	1.0	0.929
20241215	中京	12	▲	11	ジョーメッドヴィン	0.84	0.929
20241215	中京	12	☆	10	ディオアステリア	1.0	0.929
20241215	中山	1	◎	1	ナックオリオン	1.0	0.937
20241215	中山	1	○	14	ショウナンカチドキ	1.0	0.937
20241215	中山	1	▲	3	ダイチラポール	0.86	0.937
20241215	中山	1	☆	16	コンパクトファイト	0.89	0.937
20241215	中山	2	◎	16	デルマアポロニア	0.88	0.933
20241215	中山	2	○	5	オーケーマヒナ	0.86	0.933
20241215	中山	2	▲	14	エルバステラ	1.0	0.933
20241215	中山	2	☆	12	アップリンク	1.0	0.933
20241215	中山	3	◎	2	ウインバーテックス	1.0	1.0
20241215	中山	3	○	3	ライラ	1.0	1.0
20241215	中山	3	▲	9	ポッドベル	1.0	1.0
20241215	中山	3	☆	16	タイキブライトン	1.0	1.0
20241215	中山	7	◎	7	グランツローゼ	1.0	1.0
20241215	中山	7	○	9	ジェイエルマスター	1.0	1.0
20241215	中山	7	▲	3	バーケンヘッド	1.0	1.0
20241215	中山	7	☆	14	センジュコスモス	1.0	1.0
20241215	中山	8	◎	10	イルザ	1.0	1.0
20241215	中山	8	○	16	アリュシナシオン	1.0	1.0
20241215	中山	8	▲	6	ダイチラファール	1.0	1.0
20241215	中山	8	☆	9	エスグラシア	1.0	1.0
20241215	中山	9	◎	5	インペリアルライン	0.89	0.972
20241215	中山	9	○	12	ニューバラード	1.0	0.972
20241215	中山	9	▲	6	カズタンジャー	1.0	0.972
20241215	中山	9	☆	9	アトラクティーボ	1.0	0.972
20241215	中山	10	◎	14	セブンスレター	1.0	1.0
20241215	中山	10	○	2	ハビレ	1.0	1.0
20241215	中山	10	▲	11	オンザライン	1.0	1.0
20241215	中山	10	☆	5	メイショウコバト	1.0	1.0
20241215	中山	11	◎	1	プラチナトレジャー	0.89	0.937
20241215	中山	11	○	8	コントラポスト	0.86	0.937
20241215	中山	11	▲	10	エスコーラ	1.0	0.937
20241215	中山	11	☆	16	ショウナンマグマ	1.0	0.937
20241215	中山	12	◎	9	アサクサヴィーナス	1.0	1.0
20241215	中山	12	○	8	レッドアトレーヴ	1.0	1.0
20241215	中山	12	▲	6	トゥルーサクセサー	1.0	1.0
20241215	中山	12	☆	15	タイガードラゴン	1.0	1.0
20241215	京都	1	◎	6	バレオリア	1.0	0.958
20241215	京都	1	○	11	サトノスピカ	0.83	0.958
20241215	京都	1	▲	13	ツキノアカリ	1.0	0.958
20241215	京都	1	☆	1	ハッピールンナ	1.0	0.958
20241215	京都	2	◎	2	イサチルカムカム	1.0	0.964
20241215	京都	2	○	14	モンテディアーナ	1.0	0.964
20241215	京都	2	▲	8	グランキングオー	1.0	0.964
20241215	京都	2	☆	6	リメンバーヒム	0.86	0.964
20241215	京都	3	◎	11	キタノロジック	1.0	0.969
20241215	京都	3	○	10	チュウワチーフ	1.0	0.969
20241215	京都	3	▲	14	ロードヴォイジャー	1.0	0.969
20241215	京都	3	☆	5	アライアンスデイ	0.88	0.969
20241215	京都	4	◎	6	ロングトーン	1.0	1.0
20241215	京都	4	○	8	ショウヘイ	1.0	1.0
20241215	京都	4	▲	5	サリーチェ	1.0	1.0
20241215	京都	4	☆	7	バッケンレコード	1.0	1.0
20241215	京都	7	◎	4	ヴォルスター	1.0	1.0
20241215	京都	7	○	6	ジョウゲンノツキ	1.0	1.0
20241215	京都	7	☆	14	レディマリオン	1.0	1.0
20241215	京都	8	◎	1	スカイサーベイ	1.0	1.0
20241215	京都	8	○	7	ベトルス	1.0	1.0
20241215	京都	8	▲	16	クルミナーレ	1.0	1.0
20241215	京都	8	☆	14	ファミリーツリー	1.0	1.0
20241215	京都	9	◎	2	ウイニンググレイス	0.89	0.944
20241215	京都	9	○	5	コトホドサヨウニ	1.0	0.944
20241215	京都	9	▲	3	キャピタルサックス	0.89	0.944
20241215	京都	9	☆	6	ジーニアスバローズ	1.0	0.944
20241215	京都	10	◎	5	マルカラピッド	0.86	0.952
20241215	京都	10	○	4	モズミギカタアガリ	1.0	0.952
20241215	京都	10	▲	1	ナスティウェザー	1.0	0.952
20241215	京都	11	◎	12	パンジャタワー	0.86	0.929
20241215	京都	11	○	8	アルテヴェローチェ	1.0	0.929
20241215	京都	11	▲	2	アドマイヤズーム	1.0	0.929
20241215	京都	11	☆	11	ニタモノドウシ	0.86	0.929
20241215	京都	12	◎	12	エアミアーニ	1.0	0.958
20241215	京都	12	○	8	スカイロケット	0.92	0.958
20241215	京都	12	▲	3	マンドローネ	0.91	0.958
20241215	京都	12	☆	17	ブリュットミレジメ	1.0	0.958
20241221	中山	1	◎	8	シャルパンティエ	0.88	0.969
20241221	中山	1	○	11	チャロ	1.0	0.969
20241221	中山	1	▲	12	エルオレンス	1.0	0.969
20241221	中山	1	☆	2	ハクサンリンド	1.0	0.969
20241221	中山	2	◎	15	スピアッジャローザ	0.89	0.944
20241221	中山	2	○	7	ネクストダンサー	1.0	0.944
20241221	中山	2	▲	16	リバースザトレンド	0.89	0.944
20241221	中山	2	☆	13	コンアフェット	1.0	0.944
20241221	中山	3	◎	1	スペシャルバニー	0.88	0.938
20241221	中山	3	○	5	スターリーナイト	1.0	0.938
20241221	中山	3	▲	9	コムユンプリュム	0.88	0.938
20241221	中山	3	☆	4	テンミラージュ	1.0	0.938
20241221	中山	4	◎	9	コスモシェルベット	1.0	1.0
20241221	中山	4	○	6	サムシャイン	1.0	1.0
20241221	中山	4	▲	12	カージオイド	1.0	1.0
20241221	中山	4	☆	7	キタノブレイク	1.0	1.0
20241221	中山	7	◎	4	オカメノコイ	1.0	0.921
20241221	中山	7	○	5	ドンパッショーネ	0.88	0.921
20241221	中山	7	☆	16	アイビーヒメチャン	0.89	0.921
20241221	中山	8	◎	7	レグザゴン	1.0	1.0
20241221	中山	8	○	3	ガラスノブルース	1.0	1.0
20241221	中山	8	▲	16	マケズギライ	1.0	1.0
20241221	中山	8	☆	4	バロン	1.0	1.0
20241221	中山	9	◎	9	ロードヴェスパー	0.88	0.969
20241221	中山	9	○	2	イゾレエオリア	1.0	0.969
20241221	中山	9	▲	7	アンゴラブラック	1.0	0.969
20241221	中山	9	☆	3	マイネルレグルス	1.0	0.969
20241221	中山	11	◎	6	キングサーガ	1.0	1.0
20241221	中山	11	○	2	サトノクローク	1.0	1.0
20241221	中山	11	▲	1	アレグロブリランテ	1.0	1.0
20241221	中山	11	☆	12	シリアルノヴェル	1.0	1.0
20241221	中山	12	◎	4	インプロバイザー	1.0	1.0
20241221	中山	12	○	2	ジューンブレア	1.0	1.0
20241221	中山	12	▲	7	ヒラボクミニー	1.0	1.0
20241221	中山	12	☆	16	クオレス	1.0	1.0
20241221	京都	1	◎	9	メイショウスゴウデ	1.0	0.95
20241221	京都	1	○	15	シュドゥン	0.8	0.95
20241221	京都	1	▲	11	ダノンヴェステル	1.0	0.95
20241221	京都	1	☆	13	サンディエゴ	1.0	0.95
20241221	京都	2	◎	2	サファリ	1.0	1.0
20241221	京都	2	○	5	イマージョン	1.0	1.0
20241221	京都	2	▲	16	アスコットアイ	1.0	1.0
20241221	京都	2	☆	9	テイエムバゴオウ	1.0	1.0
20241221	京都	3	◎	11	イージーゴーイング	1.0	1.0
20241221	京都	3	○	9	メイショウズイウン	1.0	1.0
20241221	京都	3	▲	3	イダイ	1.0	1.0
20241221	京都	3	☆	1	ロードシュヴァリエ	1.0	1.0
20241221	京都	4	◎	12	アロンディ	1.0	1.0
20241221	京都	4	○	7	バズアップビート	1.0	1.0
20241221	京都	4	▲	9	ロットブラータ	1.0	1.0
20241221	京都	4	☆	15	ワンウェイトゥヘル	1.0	1.0
20241221	京都	7	◎	14	プルーヴンウィナー	0.89	0.868
20241221	京都	7	○	6	タマモナポリ	0.83	0.868
20241221	京都	7	▲	2	ヒヒーン	0.75	0.868
20241221	京都	7	☆	1	リノアラ	1.0	0.868
20241221	京都	8	◎	13	ピストンボーイ	0.86	0.964
20241221	京都	8	○	3	テーオードラッカー	1.0	0.964
20241221	京都	8	▲	16	サリュエ	1.0	0.964
20241221	京都	8	☆	9	ベルダイナフェロー	1.0	0.964
20241221	京都	9	◎	7	セルヴァンス	1.0	0.969
20241221	京都	9	○	11	ヤンキーバローズ	1.0	0.969
20241221	京都	9	▲	1	フードマン	1.0	0.969
20241221	京都	9	☆	9	フクシマコウヨウ	0.88	0.969
20241221	京都	10	◎	3	アオイイーグル	1.0	1.0
20241221	京都	10	○	1	モンブランミノル	1.0	1.0
20241221	京都	10	▲	11	ヴィンテージボンド	1.0	1.0
20241221	京都	10	☆	12	リバートゥルー	1.0	1.0
20241221	京都	11	◎	6	ウイングレイテスト	1.0	1.0
20241221	京都	11	○	16	ナムラクレア	1.0	1.0
20241221	京都	11	▲	15	ママコチャ	1.0	1.0
20241221	京都	11	☆	14	オフトレイル	1.0	1.0
20241221	京都	12	◎	11	ヴィゴラスダンサー	1.0	0.969
20241221	京都	12	○	4	アストロフィライト	0.88	0.969
20241221	京都	12	▲	13	リラボニート	1.0	0.969
20241221	京都	12	☆	9	コスモディナー	1.0	0.969
20241222	中山	1	◎	10	ハイタッチマドンナ	1.0	1.0
20241222	中山	1	○	6	スターランウェイ	1.0	1.0
20241222	中山	1	▲	15	エコロヴァイス	1.0	1.0
20241222	中山	1	☆	5	クリスタルテン	1.0	1.0
20241222	中山	2	◎	15	リュウジンマル	1.0	1.0
20241222	中山	2	○	12	ドーバーブライト	1.0	1.0
20241222	中山	2	▲	9	ファンタイムギフト	1.0	1.0
20241222	中山	2	☆	5	バトラーズワーフ	1.0	1.0
20241222	中山	3	◎	2	ナンナンプー	0.83	0.958
20241222	中山	3	○	15	ウインイザナミ	1.0	0.958
20241222	中山	3	▲	7	ユキノエミリオ	1.0	0.958
20241222	中山	3	☆	10	アンダーザライト	1.0	0.958
20241222	中山	4	◎	7	マイネルボス	1.0	1.0
20241222	中山	4	○	18	ロジャリーマイン	1.0	1.0
20241222	中山	4	▲	4	ヘヴンウィンド	1.0	1.0
20241222	中山	4	☆	12	イフルジャンス	1.0	1.0
20241222	中山	7	◎	11	チザルピーノ	0.83	0.958
20241222	中山	7	○	4	ダンツティアラ	1.0	0.958
20241222	中山	7	▲	8	ドバイブルース	1.0	0.958
20241222	中山	7	☆	3	オウケンシルヴァー	1.0	0.958
20241222	中山	8	◎	5	モリノセピア	0.83	0.958
20241222	中山	8	○	3	ミライテーラー	1.0	0.958
20241222	中山	8	▲	7	ダノンマカルー	1.0	0.958
20241222	中山	8	☆	11	サトノガレオン	1.0	0.958
20241222	中山	9	◎	4	プレイリードリーム	0.89	0.944
20241222	中山	9	○	2	グランアルティスタ	1.0	0.944
20241222	中山	9	▲	3	アバンデル	1.0	0.944
20241222	中山	9	☆	6	スピーディブレイク	0.89	0.944
20241222	中山	10	◎	12	ウインアイオライト	1.0	1.0
20241222	中山	10	○	9	ツルマウカタチ	1.0	1.0
20241222	中山	10	▲	7	サロニコス	1.0	1.0
20241222	中山	10	☆	1	ロゼル	1.0	1.0
20241222	中山	11	◎	6	ローシャムパーク	0.88	0.941
20241222	中山	11	○	3	アーバンシック	1.0	0.941
20241222	中山	11	▲	11	ジャスティンパレス	0.89	0.941
20241222	中山	11	☆	16	シャフリヤール	1.0	0.941
20241222	中山	12	◎	12	ヨーカイディスコ	1.0	1.0
20241222	中山	12	○	8	ケイアイアニラ	1.0	1.0
20241222	中山	12	▲	15	アメリカンマーチ	1.0	1.0
20241222	中山	12	☆	5	サザンステート	1.0	1.0
20241222	京都	1	◎	13	チムニーパイプ	0.71	0.856
20241222	京都	1	○	7	バシリス	1.0	0.856
20241222	京都	1	▲	5	ライツユーアップ	0.88	0.856
20241222	京都	1	☆	6	ピリナマアナ	0.83	0.856
20241222	京都	2	◎	11	リアルフォルゴーレ	1.0	0.875
20241222	京都	2	○	17	キントラダンサー	1.0	0.875
20241222	京都	2	▲	6	シドニーホバート	1.0	0.875
20241222	京都	2	☆	12	パープルパライソ	0.5	0.875
20241222	京都	3	◎	18	ポッドデューク	1.0	1.0
20241222	京都	3	○	10	カルドウェル	1.0	1.0
20241222	京都	3	▲	17	ザカリナン	1.0	1.0
20241222	京都	3	☆	2	ハーイバービー	1.0	1.0
20241222	京都	7	◎	10	セールヴォラン	1.0	0.972
20241222	京都	7	○	8	ニホンピロカラット	0.89	0.972
20241222	京都	7	▲	5	ワイノナオミ	1.0	0.972
20241222	京都	7	☆	14	ゴイゴイスー	1.0	0.972
20241222	京都	8	◎	14	ヒルノピレネー	0.86	0.895
20241222	京都	8	○	7	プロミシングスター	0.89	0.895
20241222	京都	8	▲	8	ダノンスウィッチ	1.0	0.895
20241222	京都	8	☆	13	プロトポロス	0.83	0.895
20241222	京都	9	◎	5	クールブロン	1.0	0.972
20241222	京都	9	○	13	タンゴバイラリン	1.0	0.972
20241222	京都	9	▲	12	グーヴェルナイユ	1.0	0.972
20241222	京都	9	☆	10	サンライズゴラッソ	0.89	0.972
20241222	京都	10	◎	9	エラトー	1.0	1.0
20241222	京都	10	○	3	ガイアメンテ	1.0	1.0
20241222	京都	10	▲	6	シュタールヴィント	1.0	1.0
20241222	京都	10	☆	13	モズロックンロール	1.0	1.0
20241222	京都	11	◎	2	ジョーローリット	1.0	1.0
20241222	京都	11	○	8	スターターン	1.0	1.0
20241222	京都	11	▲	3	エーティーマクフィ	1.0	1.0
20241222	京都	11	☆	11	ドンアミティエ	1.0	1.0
20241222	京都	12	◎	11	エイムフォーエース	1.0	1.0
20241222	京都	12	○	12	テラステラ	1.0	1.0
20241222	京都	12	▲	7	ダズリングブレイヴ	1.0	1.0
20241222	京都	12	☆	15	ファビュラススター	1.0	1.0
20241228	中山	1	◎	11	チュラット	1.0	1.0
20241228	中山	1	○	14	ライズトゥザトップ	1.0	1.0
20241228	中山	1	☆	2	ビレッジルミエール	1.0	1.0
20241228	中山	2	◎	3	オキョンピー	0.83	0.917
20241228	中山	2	○	9	オストラヴァ	0.83	0.917
20241228	中山	2	▲	6	ジェシーテソーロ	1.0	0.917
20241228	中山	2	☆	4	フジレイメイ	1.0	0.917
20241228	中山	3	◎	3	ピンクブルー	0.83	0.958
20241228	中山	3	○	12	カーラデマドレ	1.0	0.958
20241228	中山	3	▲	4	チェンジオブハート	1.0	0.958
20241228	中山	3	☆	11	カウンターセブン	1.0	0.958
20241228	中山	4	◎	12	ゲンパチルーナ	0.86	0.964
20241228	中山	4	○	5	リギーロ	1.0	0.964
20241228	中山	4	▲	4	スイートグルーヴ	1.0	0.964
20241228	中山	4	☆	3	タッセル	1.0	0.964
20241228	中山	7	◎	5	デアパーディタ	0.86	0.933
20241228	中山	7	○	10	マイネルフランツ	1.0	0.933
20241228	中山	7	▲	8	テリオスサラ	1.0	0.933
20241228	中山	7	☆	2	シャンパンマーク	0.88	0.933
20241228	中山	8	◎	3	ソーニャシュニク	1.0	0.969
20241228	中山	8	○	2	ルージュアズライト	1.0	0.969
20241228	中山	8	▲	9	タイセイピューマ	0.88	0.969
20241228	中山	8	☆	1	クールソル	1.0	0.969
20241228	中山	9	◎	15	チュウワキャリア	1.0	0.969
20241228	中山	9	○	13	ディキシーガンナー	1.0	0.969
20241228	中山	9	▲	14	ショウナンアビアス	1.0	0.969
20241228	中山	9	☆	5	ルーラルハピネス	0.88	0.969
20241228	中山	10	◎	5	レイズカイザー	1.0	1.0
20241228	中山	10	○	10	クーアフュルスト	1.0	1.0
20241228	中山	10	▲	7	ヴァナルガンド	1.0	1.0
20241228	中山	10	☆	16	グレノークス	1.0	1.0
20241228	中山	11	◎	10	アスクシュタイン	1.0	1.0
20241228	中山	11	○	12	マジックサンズ	1.0	1.0
20241228	中山	11	▲	6	クロワデュノール	1.0	1.0
20241228	中山	11	☆	18	マスカレードボール	1.0	1.0
20241228	中山	12	◎	2	マイネルティグレ	1.0	1.0
20241228	中山	12	○	4	ニュージーズ	1.0	1.0
20241228	中山	12	▲	8	マラキナイア	1.0	1.0
20241228	中山	12	☆	15	タシット	1.0	1.0
20241228	京都	1	◎	4	サンライズブレイク	1.0	1.0
20241228	京都	1	○	8	アスゴッド	1.0	1.0
20241228	京都	1	▲	12	キーブリーゼ	1.0	1.0
20241228	京都	1	☆	15	ソードナイト	1.0	1.0
20241228	京都	2	◎	11	キンセンオー	1.0	0.952
20241228	京都	2	○	7	ダノンジャガー	1.0	0.952
20241228	京都	2	☆	4	ピストルスター	0.86	0.952
20241228	京都	3	◎	16	スーパーチャンド	0.88	0.969
20241228	京都	3	○	1	リガーレ	1.0	0.969
20241228	京都	3	▲	6	メイショウヤシマ	1.0	0.969
20241228	京都	3	☆	12	ハルフロンティア	1.0	0.969
20241228	京都	6	◎	5	シホノペルフェット	0.89	0.913
20241228	京都	6	○	9	エンペラーズソード	0.89	0.913
20241228	京都	6	▲	4	カナルビーグル	1.0	0.913
20241228	京都	6	☆	2	ゴッドエスパーダ	0.88	0.913
20241228	京都	7	◎	9	キタサンダムール	1.0	1.0
20241228	京都	7	○	13	ファーヴェント	1.0	1.0
20241228	京都	7	▲	15	ミッキーキャンバス	1.0	1.0
20241228	京都	7	☆	3	エイシンジェンマ	1.0	1.0
20241228	京都	8	◎	3	テンエースワン	1.0	0.931
20241228	京都	8	○	4	ペンナヴェローチェ	0.89	0.931
20241228	京都	8	▲	16	アンバードール	1.0	0.931
20241228	京都	8	☆	5	ヴィアダクト	0.83	0.931
20241228	京都	9	◎	11	アガシ	1.0	0.972
20241228	京都	9	○	5	リジル	1.0	0.972
20241228	京都	9	▲	4	プロミシングスター	0.89	0.972
20241228	京都	9	☆	10	ニシキギミッチー	1.0	0.972
20241228	京都	10	◎	3	シャドウソニック	1.0	1.0
20241228	京都	10	○	8	リラボニート	1.0	1.0
20241228	京都	10	▲	1	ジュンツバメガエシ	1.0	1.0
20241228	京都	10	☆	14	トーアライデン	1.0	1.0
20241228	京都	11	◎	4	ダンテバローズ	1.0	1.0
20241228	京都	11	○	10	フリームファクシ	1.0	1.0
20241228	京都	11	☆	12	サンライズアリオン	1.0	1.0
20250105	中京	1	◎	1	シャドーストライク	1.0	1.0
20250105	中京	1	○	2	ルヴァンユニベール	1.0	1.0
20250105	中京	1	▲	4	チュウワチーフ	1.0	1.0
20250105	中京	1	☆	11	ライジングショット	1.0	1.0
20250105	中京	2	◎	3	メイショウセオト	1.0	0.928
20250105	中京	2	○	11	メイショウサトノヒ	0.82	0.928
20250105	中京	2	▲	13	スマートテンペスト	0.89	0.928
20250105	中京	2	☆	10	ブライアーヒル	1.0	0.928
20250105	中京	3	◎	6	テクノグルーヴ	1.0	1.0
20250105	中京	3	▲	16	アメリカンバー	1.0	1.0
20250105	中京	3	☆	14	アスクデッドヒート	1.0	1.0
20250105	中京	6	◎	1	ウィンターガーデン	1.0	1.0
20250105	中京	6	○	4	サクソンジェンヌ	1.0	1.0
20250105	中京	6	▲	14	ハイウェイスター	1.0	1.0
20250105	中京	6	☆	10	ヒロインズクレスト	1.0	1.0
20250105	中京	7	◎	5	ローレルオーブ	1.0	1.0
20250105	中京	7	○	3	スリーキングス	1.0	1.0
20250105	中京	7	▲	9	エコロディノス	1.0	1.0
20250105	中京	7	☆	6	ノラリクラリ	1.0	1.0
20250105	中京	8	◎	3	パドマ	0.67	0.889
20250105	中京	8	○	7	スペシャルナンバー	0.89	0.889
20250105	中京	8	▲	8	ジョヴィアン	1.0	0.889
20250105	中京	8	☆	1	ビバップ	1.0	0.889
20250105	中京	9	◎	8	ショウナンハウル	1.0	0.972
20250105	中京	9	○	2	オルトパラティウム	0.89	0.972
20250105	中京	9	▲	5	ハヤテノフクノスケ	1.0	0.972
20250105	中京	9	☆	3	マイノワール	1.0	0.972
20250105	中京	10	◎	15	ミラバーグマン	1.0	0.906
20250105	中京	10	○	7	ペプチドタイガー	0.75	0.906
20250105	中京	10	▲	10	サウンドアレグリア	1.0	0.906
20250105	中京	10	☆	5	カネコメシスター	0.88	0.906
20250105	中京	11	◎	12	フィールシンパシー	0.89	0.972
20250105	中京	11	○	9	シャドウフューリー	1.0	0.972
20250105	中京	11	▲	1	ロジリオン	1.0	0.972
20250105	中京	11	☆	5	アスクコンナモンダ	1.0	0.972
20250105	中京	12	◎	13	マルカオペラ	0.83	0.944
20250105	中京	12	○	7	ブリックワーク	1.0	0.944
20250105	中京	12	☆	6	オーシャントライブ	1.0	0.944
20250105	中山	1	◎	9	ビスケットマリー	1.0	1.0
20250105	中山	1	○	10	ルックアトミー	1.0	1.0
20250105	中山	1	▲	3	グリューネベルグ	1.0	1.0
20250105	中山	1	☆	2	ジルクン	1.0	1.0
20250105	中山	2	◎	15	ルシード	1.0	0.95
20250105	中山	2	○	13	アイオリア	1.0	0.95
20250105	中山	2	▲	12	ロンパイア	0.8	0.95
20250105	中山	2	☆	2	ブレトワルダ	1.0	0.95
20250105	中山	4	◎	7	トゥザヒロイン	1.0	0.932
20250105	中山	4	○	1	ロードブレイズ	1.0	0.932
20250105	中山	4	▲	16	サトノレイズ	0.73	0.932
20250105	中山	4	☆	6	ジーティーアグリム	1.0	0.932
20250105	中山	5	◎	7	マイネルレクエルド	1.0	0.926
20250105	中山	5	○	1	ニシノコイブミ	1.0	0.926
20250105	中山	5	☆	8	キャピタルプレイン	0.78	0.926
20250105	中山	7	◎	11	ヒラリーステップ	1.0	1.0
20250105	中山	7	○	5	ビップレーヌ	1.0	1.0
20250105	中山	7	▲	6	アステロイドメア	1.0	1.0
20250105	中山	7	☆	2	レシェルドランジュ	1.0	1.0
20250105	中山	8	◎	7	スピリットガイド	1.0	0.964
20250105	中山	8	○	3	スティールブルー	1.0	0.964
20250105	中山	8	▲	6	ヒラボクミニー	0.86	0.964
20250105	中山	8	☆	13	ディオアステリア	1.0	0.964
20250105	中山	9	◎	10	ジョージテソーロ	1.0	0.972
20250105	中山	9	○	13	テーオーパスワード	0.89	0.972
20250105	中山	9	▲	6	グロッシェン	1.0	0.972
20250105	中山	9	☆	2	サンライズグルーヴ	1.0	0.972
20250105	中山	10	◎	7	モンテシート	1.0	1.0
20250105	中山	10	○	9	ファンダム	1.0	1.0
20250105	中山	10	▲	10	モンドデラモーレ	1.0	1.0
20250105	中山	10	☆	11	バニーラビット	1.0	1.0
20250105	中山	11	◎	8	エアファンディタ	0.93	0.956
20250105	中山	11	○	18	ホウオウビスケッツ	1.0	0.956
20250105	中山	11	▲	15	クリスマスパレード	0.89	0.956
20250105	中山	11	☆	7	マイネルモーント	1.0	0.956
20250105	中山	12	◎	5	ムーム	1.0	1.0
20250105	中山	12	○	6	シャカシャカシー	1.0	1.0
20250105	中山	12	▲	14	ウィンダミア	1.0	1.0
20250105	中山	12	☆	13	キングクー	1.0	1.0
20250111	中京	1	◎	3	ワイドデコラシオン	1.0	0.972
20250111	中京	1	○	9	メイショウソウセキ	0.89	0.972
20250111	中京	1	▲	1	エンマ	1.0	0.972
20250111	中京	1	☆	6	ゴールドダイアー	1.0	0.972
20250111	中京	2	◎	5	コパノマロン	0.83	0.958
20250111	中京	2	○	3	タイムイズマネー	1.0	0.958
20250111	中京	2	▲	11	スマートサターン	1.0	0.958
20250111	中京	2	☆	2	リメンバーヒム	1.0	0.958
20250111	中京	4	◎	16	ハイクライテリア	1.0	1.0
20250111	中京	4	○	14	ダミエ	1.0	1.0
20250111	中京	4	▲	5	ウインアルドーレ	1.0	1.0
20250111	中京	4	☆	6	ルクスマーベリック	1.0	1.0
20250111	中京	5	◎	4	サイモンベローチェ	1.0	0.972
20250111	中京	5	○	2	カミノレアル	1.0	0.972
20250111	中京	5	▲	17	アロンディ	1.0	0.972
20250111	中京	5	☆	12	ペイルブルードット	0.89	0.972
20250111	中京	6	◎	3	ガンマジーティーピ	0.89	0.972
20250111	中京	6	○	7	カンシン	1.0	0.972
20250111	中京	6	▲	1	セディバン	1.0	0.972
20250111	中京	6	☆	6	ドゥアムール	1.0	0.972
20250111	中京	7	◎	14	ヒデシンイメル	1.0	0.964
20250111	中京	7	○	16	ポルポラジール	0.86	0.964
20250111	中京	7	▲	1	ルフトクス	1.0	0.964
20250111	中京	7	☆	10	ブルーワール	1.0	0.964
20250111	中京	9	◎	2	プラニスフェリオ	0.88	0.941
20250111	中京	9	○	10	ランスオブクイーン	1.0	0.941
20250111	中京	9	▲	8	ジュンツバメガエシ	0.89	0.941
20250111	中京	9	☆	7	ブリタニア	1.0	0.941
20250111	中京	10	◎	13	オーケーカルメン	1.0	1.0
20250111	中京	10	○	16	ダブルハートボンド	1.0	1.0
20250111	中京	10	▲	2	テーオールビー	1.0	1.0
20250111	中京	10	☆	3	ミッキーマカロン	1.0	1.0
20250111	中京	11	◎	14	ショウナンライシン	0.89	0.922
20250111	中京	11	○	7	ペリエール	0.8	0.922
20250111	中京	11	▲	4	バトルクライ	1.0	0.922
20250111	中京	11	☆	11	ヒビキ	1.0	0.922
20250111	中京	12	◎	12	リアルフォルゴーレ	1.0	0.833
20250111	中京	12	○	3	パープルパライソ	0.5	0.833
20250111	中京	12	▲	1	マルーンベレー	1.0	0.833
20250111	中山	1	◎	2	マミーブルー	1.0	1.0
20250111	中山	1	○	16	エベリンテソーロ	1.0	1.0
20250111	中山	1	▲	4	モズアンドモズ	1.0	1.0
20250111	中山	1	☆	7	ハクサンリンド	1.0	1.0
20250111	中山	2	◎	15	ムーンストラック	1.0	1.0
20250111	中山	2	○	14	リバースザトレンド	1.0	1.0
20250111	中山	2	▲	16	ダカラフェスティヴ	1.0	1.0
20250111	中山	2	☆	5	アップリンク	1.0	1.0
20250111	中山	3	◎	11	ノーブルプライム	0.88	0.969
20250111	中山	3	○	10	ヴィラスターリ	1.0	0.969
20250111	中山	3	▲	2	シュガーハイ	1.0	0.969
20250111	中山	3	☆	12	ナムラジミー	1.0	0.969
20250111	中山	6	◎	6	ミランカ	1.0	1.0
20250111	中山	6	○	11	ベルイストワール	1.0	1.0
20250111	中山	6	▲	8	カフェアローロ	1.0	1.0
20250111	中山	6	☆	9	スターチョウサン	1.0	1.0
20250111	中山	7	◎	7	ニシノヒナアラレ	0.88	0.902
20250111	中山	7	○	14	チェンジオブハート	1.0	0.902
20250111	中山	7	▲	9	プリンセスロロ	0.86	0.902
20250111	中山	7	☆	3	アグネスヒーロー	0.88	0.902
20250111	中山	8	◎	10	ルルディルッカ	1.0	0.964
20250111	中山	8	○	4	キボウノホシ	1.0	0.964
20250111	中山	8	▲	6	プリュノワール	0.86	0.964
20250111	中山	8	☆	8	カラフルメロディー	1.0	0.964
20250111	中山	9	◎	1	レッドベルダンス	1.0	1.0
20250111	中山	9	○	5	スナッピードレッサ	1.0	1.0
20250111	中山	9	▲	14	シャイニーシップ	1.0	1.0
20250111	中山	9	☆	11	オリーブグリーン	1.0	1.0
20250111	中山	10	◎	4	オセアフラッグ	1.0	1.0
20250111	中山	10	○	15	レッドリベルタ	1.0	1.0
20250111	中山	10	▲	10	ブレイゼスト	1.0	1.0
20250111	中山	10	☆	13	オウギノカナメ	1.0	1.0
20250111	中山	11	◎	6	ガジュノリ	1.0	1.0
20250111	中山	11	○	3	ホーエリート	1.0	1.0
20250111	中山	11	▲	13	ナイトインロンドン	1.0	1.0
20250111	中山	11	☆	9	メイテソーロ	1.0	1.0
20250111	中山	12	◎	10	ラッジオ	1.0	1.0
20250111	中山	12	○	1	ユキノロイヤル	1.0	1.0
20250111	中山	12	▲	4	ツルマウカタチ	1.0	1.0
20250111	中山	12	☆	2	ウインレイアー	1.0	1.0
20250112	中京	1	◎	11	メイショウゲキハ	1.0	1.0
20250112	中京	1	○	16	メイショウズイウン	1.0	1.0
20250112	中京	1	▲	13	ダンタリオン	1.0	1.0
20250112	中京	1	☆	10	テイエムバゴオウ	1.0	1.0
20250112	中京	2	◎	9	アイルビリーヴ	1.0	1.0
20250112	中京	2	○	16	ミライエイゴウ	1.0	1.0
20250112	中京	2	▲	15	ロンティケチャップ	1.0	1.0
20250112	中京	2	☆	14	ブレイジングスター	1.0	1.0
20250112	中京	3	◎	3	ヴェントインコーダ	1.0	1.0
20250112	中京	3	○	11	キョラムン	1.0	1.0
20250112	中京	3	▲	7	アスコットアイ	1.0	1.0
20250112	中京	3	☆	5	マギームーン	1.0	1.0
20250112	中京	6	◎	7	カランダッシュ	1.0	1.0
20250112	中京	6	○	8	フェアリーライク	1.0	1.0
20250112	中京	6	▲	12	ニシノイツキムスメ	1.0	1.0
20250112	中京	6	☆	17	エリセイラ	1.0	1.0
20250112	中京	7	◎	7	ピエマンソン	0.83	0.958
20250112	中京	7	○	9	ヘニーガイスト	1.0	0.958
20250112	中京	7	▲	6	テーオーエルビス	1.0	0.958
20250112	中京	7	☆	11	マテンロウコマンド	1.0	0.958
20250112	中京	8	◎	14	ルージュレベッカ	1.0	0.972
20250112	中京	8	○	13	マイネルフォーコン	1.0	0.972
20250112	中京	8	▲	7	ヨドノゴールド	1.0	0.972
20250112	中京	8	☆	12	ニホンピロトッティ	0.89	0.972
20250112	中京	9	◎	2	パーサヴィアランス	0.89	0.892
20250112	中京	9	○	3	ミッキークレスト	0.93	0.892
20250112	中京	9	▲	7	ペンナヴェローチェ	0.89	0.892
20250112	中京	9	☆	16	シュプリンガー	0.86	0.892
20250112	中京	10	◎	6	ヒルノローザンヌ	0.88	0.911
20250112	中京	10	○	5	ワールズエンド	0.77	0.911
20250112	中京	10	▲	13	ショウナンアレクサ	1.0	0.911
20250112	中京	10	☆	8	ムーンリットナイト	1.0	0.911
20250112	中京	11	◎	13	プルパレイ	0.6	0.756
20250112	中京	11	○	2	ソンシ	0.67	0.756
20250112	中京	11	▲	1	バルサムノート	1.0	0.756
20250112	中京	12	◎	16	ランスオブサウンド	1.0	0.868
20250112	中京	12	○	5	ソルトクィーン	0.77	0.868
20250112	中京	12	▲	6	トラペジスト	0.83	0.868
20250112	中山	1	◎	2	スカイダイバー	0.86	0.964
20250112	中山	1	○	9	アイアンソリッド	1.0	0.964
20250112	中山	1	▲	14	ミニョンマルーン	1.0	0.964
20250112	中山	1	☆	11	ナックオリオン	1.0	0.964
20250112	中山	2	◎	11	モンサンプレシャス	0.89	0.972
20250112	中山	2	○	13	サムシャイン	1.0	0.972
20250112	中山	2	▲	6	シュヴァルノワール	1.0	0.972
20250112	中山	2	☆	5	ロジアヴァンセ	1.0	0.972
20250112	中山	3	◎	11	ベルトネ	1.0	1.0
20250112	中山	3	○	15	スリーソング	1.0	1.0
20250112	中山	3	▲	13	アリアルブラック	1.0	1.0
20250112	中山	3	☆	8	エリュテイア	1.0	1.0
20250112	中山	5	◎	4	タイセイグレーター	1.0	0.929
20250112	中山	5	○	12	オルグジェシダ	0.71	0.929
20250112	中山	5	▲	14	アレグランサ	1.0	0.929
20250112	中山	5	☆	13	シャンソンドール	1.0	0.929
20250112	中山	6	◎	16	ドナレア	1.0	0.958
20250112	中山	6	○	7	サンリコリス	1.0	0.958
20250112	中山	6	▲	12	マケズギライ	1.0	0.958
20250112	中山	6	☆	13	パイアイヤー	0.83	0.958
20250112	中山	7	◎	8	ビップチェイス	1.0	0.972
20250112	中山	7	○	13	ウイントレメンデス	1.0	0.972
20250112	中山	7	▲	1	ニシノコイゴコロ	1.0	0.972
20250112	中山	7	☆	7	スパークタイムリー	0.89	0.972
20250112	中山	8	◎	10	ロードヴェスパー	0.88	0.969
20250112	中山	8	○	2	ブレスワード	1.0	0.969
20250112	中山	8	▲	14	ジャクソン	1.0	0.969
20250112	中山	8	☆	13	フェルメール	1.0	0.969
20250112	中山	9	◎	5	ダイシンアポロン	1.0	1.0
20250112	中山	9	○	6	マイネルオーシャン	1.0	1.0
20250112	中山	9	▲	10	ディマイザキッド	1.0	1.0
20250112	中山	9	☆	13	ハイラント	1.0	1.0
20250112	中山	10	◎	4	オーロイプラータ	0.88	0.941
20250112	中山	10	○	11	アッシュルバニパル	0.89	0.941
20250112	中山	10	▲	15	ハビレ	1.0	0.941
20250112	中山	10	☆	9	ヴァンヤール	1.0	0.941
20250112	中山	11	◎	14	ニシノラヴァンダ	1.0	1.0
20250112	中山	11	○	7	ホウオウガイア	1.0	1.0
20250112	中山	11	▲	3	ジャルディニエ	1.0	1.0
20250112	中山	11	☆	16	レモンバーム	1.0	1.0
20250112	中山	12	◎	11	ペプチドシュチク	0.88	0.938
20250112	中山	12	○	5	テセラリアン	1.0	0.938
20250112	中山	12	▲	12	ホウオウプレミア	0.88	0.938
20250112	中山	12	☆	3	キョウエイカンフ	1.0	0.938
20250113	中京	1	◎	3	ドナコルコバド	1.0	0.929
20250113	中京	1	○	1	ベストファンタジー	1.0	0.929
20250113	中京	1	▲	8	アンデルマット	1.0	0.929
20250113	中京	1	☆	7	ノボリユーミン	0.71	0.929
20250113	中京	2	◎	6	ダブルシルバー	1.0	1.0
20250113	中京	2	○	13	メイショウアイク	1.0	1.0
20250113	中京	2	▲	14	ホウショウマリス	1.0	1.0
20250113	中京	2	☆	16	モズケイスター	1.0	1.0
20250113	中京	3	◎	14	ランドプリメーロ	0.88	0.969
20250113	中京	3	○	1	ルセルマンダムール	1.0	0.969
20250113	中京	3	▲	5	ハルフロンティア	1.0	0.969
20250113	中京	3	☆	13	アファリン	1.0	0.969
20250113	中京	6	◎	11	ドナアフロディテ	1.0	0.972
20250113	中京	6	○	8	プウスカンドゥール	0.89	0.972
20250113	中京	6	▲	13	ベレニーチェ	1.0	0.972
20250113	中京	6	☆	7	クインズシャウラ	1.0	0.972
20250113	中京	7	◎	10	ディアマイサン	1.0	1.0
20250113	中京	7	○	1	エボルヴィング	1.0	1.0
20250113	中京	7	▲	8	ダノンブリザード	1.0	1.0
20250113	中京	7	☆	17	ファームツエンティ	1.0	1.0
20250113	中京	8	◎	1	タケノシンセイ	1.0	1.0
20250113	中京	8	○	8	テンエースワン	1.0	1.0
20250113	中京	8	▲	14	グラヴィス	1.0	1.0
20250113	中京	8	☆	2	ヴァズレーヌ	1.0	1.0
20250113	中京	9	◎	7	アイズ	1.0	0.972
20250113	中京	9	○	10	リジル	1.0	0.972
20250113	中京	9	▲	5	ジャスパーバローズ	0.89	0.972
20250113	中京	9	☆	11	エムズマインド	1.0	0.972
20250113	中京	10	◎	13	マオノアラシ	1.0	0.958
20250113	中京	10	○	10	スナークラファエロ	1.0	0.958
20250113	中京	10	▲	7	フルオール	1.0	0.958
20250113	中京	10	☆	3	レプンカムイ	0.83	0.958
20250113	中京	11	◎	9	リカントロポ	1.0	0.964
20250113	中京	11	○	4	リラエンブレム	0.86	0.964
20250113	中京	11	▲	5	ジーティーマン	1.0	0.964
20250113	中京	11	☆	14	アーリントンロウ	1.0	0.964
20250113	中山	1	◎	11	ミキノオーボエ	1.0	0.969
20250113	中山	1	○	15	カウスリップ	1.0	0.969
20250113	中山	1	▲	8	アサクサグレース	1.0	0.969
20250113	中山	1	☆	9	チュッチュポッポ	0.88	0.969
20250113	中山	2	◎	8	ピジョンポイント	0.88	0.969
20250113	中山	2	○	2	タイセイデクスター	1.0	0.969
20250113	中山	2	▲	5	エコロカディス	1.0	0.969
20250113	中山	2	☆	12	カフェノーチェ	1.0	0.969
20250113	中山	3	◎	9	ヒサエノオモカゲ	1.0	0.9
20250113	中山	3	○	12	シナツヒメ	0.6	0.9
20250113	中山	3	▲	10	モーニングマジック	1.0	0.9
20250113	中山	3	☆	3	グランカッサ	1.0	0.9
20250113	中山	6	◎	16	クラレット	1.0	1.0
20250113	中山	6	○	9	カーミングライツ	1.0	1.0
20250113	中山	6	▲	13	バーケンヘッド	1.0	1.0
20250113	中山	6	☆	4	レイククイ	1.0	1.0
20250113	中山	7	◎	11	ヘルヴェティオス	1.0	1.0
20250113	中山	7	○	8	マイネルステラート	1.0	1.0
20250113	中山	7	▲	7	チムグクル	1.0	1.0
20250113	中山	7	☆	9	ホウオウブースター	1.0	1.0
20250113	中山	8	◎	6	ゴンザーゴ	1.0	0.969
20250113	中山	8	○	14	タイセイアディクト	1.0	0.969
20250113	中山	8	▲	5	プルナチャンドラ	0.88	0.969
20250113	中山	8	☆	3	タナバタ	1.0	0.969
20250113	中山	9	◎	14	ヴォランテ	1.0	0.972
20250113	中山	9	○	9	マウンテンエース	1.0	0.972
20250113	中山	9	▲	2	インペリアルライン	0.89	0.972
20250113	中山	9	☆	4	コルデアニル	1.0	0.972
20250113	中山	10	◎	9	ブシン	0.67	0.852
20250113	中山	10	○	9	ブシン	1.0	0.852
20250113	中山	10	☆	2	ブルーシンフォニー	0.89	0.852
20250113	中山	11	◎	8	ナチュラルハイ	1.0	1.0
20250113	中山	11	○	10	キープカルム	1.0	1.0
20250113	中山	11	▲	15	トロヴァトーレ	1.0	1.0
20250113	中山	11	☆	11	ジューンオレンジ	1.0	1.0
20250113	中山	12	◎	16	クリーンエア	1.0	1.0
20250113	中山	12	○	15	トゥルーサクセサー	1.0	1.0
20250113	中山	12	▲	12	ボーモンド	1.0	1.0
20250113	中山	12	☆	6	ベストオブユー	1.0	1.0
20250118	中京	1	◎	10	サファリ	1.0	1.0
20250118	中京	1	○	8	ダディーズグーグー	1.0	1.0
20250118	中京	1	▲	6	ハヤテノツバサ	1.0	1.0
20250118	中京	1	☆	3	アイファーモービル	1.0	1.0
20250118	中京	2	◎	5	イダイ	1.0	1.0
20250118	中京	2	○	6	タケルハーロック	1.0	1.0
20250118	中京	2	▲	2	ドラゴン	1.0	1.0
20250118	中京	2	☆	4	ダニエルバローズ	1.0	1.0
20250118	中京	4	◎	14	ボルトテソーロ	1.0	0.958
20250118	中京	4	○	9	タガノマカシヤ	1.0	0.958
20250118	中京	4	▲	13	プリンセッサ	0.83	0.958
20250118	中京	4	☆	12	シュラザック	1.0	0.958
20250118	中京	5	◎	3	ドラギニャン	1.0	1.0
20250118	中京	5	○	1	ウインベラーノ	1.0	1.0
20250118	中京	5	▲	15	トッピボーン	1.0	1.0
20250118	中京	5	☆	13	オーシンエス	1.0	1.0
20250118	中京	6	◎	8	セクシーマージュ	1.0	1.0
20250118	中京	6	○	6	ルクスジニア	1.0	1.0
20250118	中京	6	▲	7	エコロアテナ	1.0	1.0
20250118	中京	6	☆	9	オフザチェイン	1.0	1.0
20250118	中京	7	◎	12	ウォーターリーダー	1.0	1.0
20250118	中京	7	○	1	アンバードール	1.0	1.0
20250118	中京	7	▲	6	レイワサンサン	1.0	1.0
20250118	中京	7	☆	8	ラファミリア	1.0	1.0
20250118	中京	8	◎	10	ジークシュベルト	1.0	0.964
20250118	中京	8	○	11	ゼンカイパイロ	0.86	0.964
20250118	中京	8	▲	2	サクラトップヒル	1.0	0.964
20250118	中京	8	☆	4	ダズリングダンス	1.0	0.964
20250118	中京	9	◎	14	イモータルバード	1.0	1.0
20250118	中京	9	○	13	バロンドール	1.0	1.0
20250118	中京	9	▲	11	マーブルマウンテン	1.0	1.0
20250118	中京	9	☆	4	チカミリオン	1.0	1.0
20250118	中京	10	◎	3	ザラタン	1.0	1.0
20250118	中京	10	○	9	アメリカンビキニ	1.0	1.0
20250118	中京	10	▲	2	キャッスルレイク	1.0	1.0
20250118	中京	10	☆	1	インブロリオ	1.0	1.0
20250118	中京	11	◎	14	カズゴルティス	1.0	1.0
20250118	中京	11	○	16	コンクイスタ	1.0	1.0
20250118	中京	11	▲	5	モズミギカタアガリ	1.0	1.0
20250118	中京	11	☆	1	ジャスリー	1.0	1.0
20250118	中京	12	◎	4	パンドレア	0.67	0.917
20250118	中京	12	○	2	レディントン	1.0	0.917
20250118	中京	12	▲	7	アルトゥーム	1.0	0.917
20250118	中京	12	☆	8	ダノンアルム	1.0	0.917
20250118	中山	1	◎	5	テイエムファラオ	1.0	0.927
20250118	中山	1	○	2	レイオーバー	0.83	0.927
20250118	中山	1	▲	12	ペイシャマリーン	0.88	0.927
20250118	中山	1	☆	9	アミグダラ	1.0	0.927
20250118	中山	2	◎	15	スムースオペレター	0.89	0.972
20250118	中山	2	○	8	カージオイド	1.0	0.972
20250118	中山	2	▲	14	フジレイメイ	1.0	0.972
20250118	中山	2	☆	4	ケアンズ	1.0	0.972
20250118	中山	5	◎	12	グリスタン	1.0	0.944
20250118	中山	5	○	17	ウアーシュプルング	0.78	0.944
20250118	中山	5	▲	5	アロンズロッド	1.0	0.944
20250118	中山	5	☆	2	コスモトロイメル	1.0	0.944
20250118	中山	6	◎	16	グラニットピーク	0.88	0.941
20250118	中山	6	○	10	オセアエクスプレス	0.89	0.941
20250118	中山	6	▲	9	クールソル	1.0	0.941
20250118	中山	6	☆	3	クインズポラリス	1.0	0.941
20250118	中山	7	◎	12	バレンタインガール	1.0	0.964
20250118	中山	7	○	10	サクソンジェンヌ	1.0	0.964
20250118	中山	7	▲	2	サツキノジョウ	0.86	0.964
20250118	中山	7	☆	6	エンセリオ	1.0	0.964
20250118	中山	8	◎	10	モリノセピア	0.83	0.889
20250118	中山	8	○	7	ノヴァエクスプレス	0.89	0.889
20250118	中山	8	▲	6	ワークソング	0.83	0.889
20250118	中山	8	☆	9	レッドセニョール	1.0	0.889
20250118	中山	9	◎	9	オーケースマイル	1.0	1.0
20250118	中山	9	○	2	シホリーン	1.0	1.0
20250118	中山	9	▲	4	キスアンドクライ	1.0	1.0
20250118	中山	9	☆	12	ニシノクードクール	1.0	1.0
20250118	中山	10	◎	13	フランスゴデイナ	0.88	0.933
20250118	中山	10	○	5	バンドマスター	1.0	0.933
20250118	中山	10	▲	4	マーブルロック	1.0	0.933
20250118	中山	10	☆	12	オレデイイノカ	0.86	0.933
20250118	中山	11	◎	13	エイシンフェンサー	1.0	0.964
20250118	中山	11	○	14	ナナオ	1.0	0.964
20250118	中山	11	▲	3	モリノドリーム	0.86	0.964
20250118	中山	11	☆	10	ミルトクレイモー	1.0	0.964
20250118	中山	12	◎	5	ツインクルステージ	1.0	0.972
20250118	中山	12	○	3	トライデントスピア	0.89	0.972
20250118	中山	12	▲	4	テリオスサラ	1.0	0.972
20250118	中山	12	☆	16	ビップチェイス	1.0	0.972
20250119	中京	1	◎	11	ツーピース	0.8	0.95
20250119	中京	1	○	5	メイショウセオト	1.0	0.95
20250119	中京	1	▲	2	アオイレーギーナ	1.0	0.95
20250119	中京	1	☆	9	ブライアーヒル	1.0	0.95
20250119	中京	2	◎	13	テンダリー	1.0	0.969
20250119	中京	2	○	5	ロードトルネード	1.0	0.969
20250119	中京	2	▲	6	ラヴスティンガー	1.0	0.969
20250119	中京	2	☆	1	スーパーチャンド	0.88	0.969
20250119	中京	3	◎	9	リュウジンマル	1.0	0.969
20250119	中京	3	○	16	ワンウェイトゥヘル	1.0	0.969
20250119	中京	3	▲	12	ダンツトラバース	0.88	0.969
20250119	中京	3	☆	5	ケイアイブイスリー	1.0	0.969
20250119	中京	4	◎	1	ピストルスター	0.86	0.902
20250119	中京	4	○	7	グリプトグラフィ	0.88	0.902
20250119	中京	4	▲	2	コズミックダンサー	1.0	0.902
20250119	中京	4	☆	10	ウインポセイドン	0.88	0.902
20250119	中京	6	◎	4	トゥインクルアップ	0.89	0.941
20250119	中京	6	○	9	ドンパッショーネ	0.88	0.941
20250119	中京	6	▲	5	トゥロン	1.0	0.941
20250119	中京	6	☆	2	スカイブルー	1.0	0.941
20250119	中京	7	◎	3	ヴォルスター	1.0	0.95
20250119	中京	7	○	6	パカーラン	0.8	0.95
20250119	中京	7	▲	5	エノラブエナ	1.0	0.95
20250119	中京	7	☆	1	エアフォースワン	1.0	0.95
20250119	中京	8	◎	9	ヒルノドゴール	0.71	0.929
20250119	中京	8	○	6	テーオードラッカー	1.0	0.929
20250119	中京	8	▲	14	タイセイブロウ	1.0	0.929
20250119	中京	8	☆	12	アンナバローズ	1.0	0.929
20250119	中京	9	◎	8	ヴィゴラスダンサー	1.0	0.969
20250119	中京	9	○	6	フレミングフープ	0.88	0.969
20250119	中京	9	▲	10	ミッキーツインクル	1.0	0.969
20250119	中京	9	☆	2	クロシェットノエル	1.0	0.969
20250119	中京	10	◎	6	ペプチドハドソン	0.75	0.91
20250119	中京	10	○	2	ドゥータップ	1.0	0.91
20250119	中京	10	▲	14	アンシール	1.0	0.91
20250119	中京	10	☆	8	スペシャルナンバー	0.89	0.91
20250119	中京	11	◎	2	バトルボーン	1.0	0.963
20250119	中京	11	○	14	ショウナンラプンタ	0.89	0.963
20250119	中京	11	☆	15	タッチウッド	1.0	0.963
20250119	中京	12	◎	11	グランエシェゾー	1.0	1.0
20250119	中京	12	○	4	アドマイヤアストラ	1.0	1.0
20250119	中京	12	☆	7	エイシンジェンマ	1.0	1.0
20250119	中山	1	◎	15	バースフラワー	1.0	0.933
20250119	中山	1	○	16	スターランウェイ	1.0	0.933
20250119	中山	1	▲	5	パラサイコロジー	0.88	0.933
20250119	中山	1	☆	13	サツキレジーナ	0.86	0.933
20250119	中山	2	◎	15	レインボーギフト	1.0	0.908
20250119	中山	2	○	14	ロンパイア	0.8	0.908
20250119	中山	2	▲	16	オキョンピー	0.83	0.908
20250119	中山	2	☆	2	トラストモアリズム	1.0	0.908
20250119	中山	3	◎	6	バブルギャラクシー	1.0	0.938
20250119	中山	3	○	10	チンプンカンプン	0.75	0.938
20250119	中山	3	▲	12	キタノブレイク	1.0	0.938
20250119	中山	3	☆	14	ノメンターノ	1.0	0.938
20250119	中山	6	◎	7	オカメノコイ	1.0	1.0
20250119	中山	6	○	2	フィリップバローズ	1.0	1.0
20250119	中山	6	▲	10	イマージョン	1.0	1.0
20250119	中山	6	☆	1	バニーラビット	1.0	1.0
20250119	中山	7	◎	6	オウケンシルヴァー	1.0	0.95
20250119	中山	7	○	12	ソレルビュレット	1.0	0.95
20250119	中山	7	▲	8	ザロック	1.0	0.95
20250119	中山	7	☆	2	プレジール	0.8	0.95
20250119	中山	8	◎	8	デファイ	1.0	1.0
20250119	中山	8	○	6	タイキラフター	1.0	1.0
20250119	中山	8	▲	11	キュクヌス	1.0	1.0
20250119	中山	8	☆	3	アヴニールドブリエ	1.0	1.0
20250119	中山	9	◎	9	ニシノライコウ	1.0	0.917
20250119	中山	9	○	4	ウエストナウ	0.83	0.917
20250119	中山	9	▲	8	アルセナール	1.0	0.917
20250119	中山	9	☆	12	ポルカリズム	0.83	0.917
20250119	中山	10	◎	10	タガノクリステル	1.0	1.0
20250119	中山	10	○	16	スターターン	1.0	1.0
20250119	中山	10	▲	2	エーティーマクフィ	1.0	1.0
20250119	中山	10	☆	1	フルム	1.0	1.0
20250119	中山	11	◎	13	パッションリッチ	0.88	0.933
20250119	中山	11	○	8	ゲルチュタール	1.0	0.933
20250119	中山	11	▲	14	パーティハーン	0.86	0.933
20250119	中山	11	☆	7	コスモストーム	1.0	0.933
20250119	中山	12	◎	12	フューチャーファン	1.0	1.0
20250119	中山	12	○	6	ウインイザナミ	1.0	1.0
20250119	中山	12	▲	1	ウインキララ	1.0	1.0
20250119	中山	12	☆	13	メルヘンライズ	1.0	1.0
20250126	中京	1	◎	6	アンデルマット	1.0	0.938
20250126	中京	1	○	10	ゴーオンパーパス	0.75	0.938
20250126	中京	1	▲	2	クインズショコラ	1.0	0.938
20250126	中京	1	☆	4	リュウゼツラン	1.0	0.938
20250126	中京	2	◎	8	ナムラモモ	1.0	1.0
20250126	中京	2	○	5	バルミラクル	1.0	1.0
20250126	中京	2	▲	3	スリーソング	1.0	1.0
20250126	中京	2	☆	9	マギームーン	1.0	1.0
20250126	中京	3	◎	2	ロロノア	1.0	1.0
20250126	中京	3	○	1	ライノ	1.0	1.0
20250126	中京	3	▲	7	カルテシウス	1.0	1.0
20250126	中京	3	☆	4	シュガーハイ	1.0	1.0
20250126	中京	4	◎	5	チュウジョウ	1.0	0.969
20250126	中京	4	○	3	ゴールデンクラウド	1.0	0.969
20250126	中京	4	▲	1	ミライヘノカギ	1.0	0.969
20250126	中京	4	☆	8	ナンヨーパワフル	0.88	0.969
20250126	中京	6	◎	16	ショウナンマハト	1.0	0.964
20250126	中京	6	○	2	メイショウキンタイ	1.0	0.964
20250126	中京	6	▲	1	バルナバ	1.0	0.964
20250126	中京	6	☆	11	ベイストラトラ	0.86	0.964
20250126	中京	7	◎	12	フェールブリエ	1.0	0.95
20250126	中京	7	○	10	ナゲットモンスター	1.0	0.95
20250126	中京	7	▲	3	オコタンペ	0.8	0.95
20250126	中京	7	☆	4	シグルドリーヴァ	1.0	0.95
20250126	中京	8	◎	2	ウィンターガーデン	1.0	0.969
20250126	中京	8	○	8	パルクリチュード	0.88	0.969
20250126	中京	8	▲	5	ヴァズレーヌ	1.0	0.969
20250126	中京	8	☆	12	ユキカゼ	1.0	0.969
20250126	中京	9	◎	6	ライフセービング	1.0	1.0
20250126	中京	9	○	4	ランスオブクイーン	1.0	1.0
20250126	中京	9	▲	5	タガノデュード	1.0	1.0
20250126	中京	9	☆	3	スカーズ	1.0	1.0
20250126	中京	10	◎	8	ブリュットミレジメ	1.0	0.929
20250126	中京	10	○	3	レベレンシア	1.0	0.929
20250126	中京	10	▲	1	アルーリングビュー	1.0	0.929
20250126	中京	10	☆	13	エピプランセス	0.71	0.929
20250126	中京	11	◎	4	ホウオウルーレット	1.0	0.972
20250126	中京	11	○	9	サンライズジパング	0.89	0.972
20250126	中京	11	▲	3	ドゥラエレーデ	1.0	0.972
20250126	中京	11	☆	12	フタイテンロック	1.0	0.972
20250126	中京	12	◎	10	トウシンカーリン	1.0	0.917
20250126	中京	12	○	2	トラペジスト	0.67	0.917
20250126	中京	12	▲	12	バンドシェル	1.0	0.917
20250126	中京	12	☆	4	ヤマニンアストロン	1.0	0.917
20250126	中山	1	◎	7	ヒルビリーエレジー	1.0	1.0
20250126	中山	1	○	11	イズルード	1.0	1.0
20250126	中山	1	▲	12	フラッシュタイム	1.0	1.0
20250126	中山	1	☆	3	ミラクルミッキー	1.0	1.0
20250126	中山	2	◎	3	ノメンターノ	1.0	0.969
20250126	中山	2	○	10	ヒサエノオモカゲ	0.88	0.969
20250126	中山	2	▲	11	マーキュリーダイム	1.0	0.969
20250126	中山	2	☆	15	ラウレア	1.0	0.969
20250126	中山	3	◎	8	ドラゴンラック	1.0	1.0
20250126	中山	3	○	2	ブルータス	1.0	1.0
20250126	中山	3	▲	14	ロッシニアーナ	1.0	1.0
20250126	中山	3	☆	13	ブレトワルダ	1.0	1.0
20250126	中山	5	◎	13	オビドス	1.0	0.938
20250126	中山	5	○	14	ピックデムッシュ	0.88	0.938
20250126	中山	5	▲	4	ピエナフェーヴル	0.88	0.938
20250126	中山	5	☆	17	ディベルティスマン	1.0	0.938
20250126	中山	6	◎	13	フリッパー	0.8	0.95
20250126	中山	6	○	5	ウインイメル	1.0	0.95
20250126	中山	6	▲	2	トクシージェネラル	1.0	0.95
20250126	中山	6	☆	9	マッスルバック	1.0	0.95
20250126	中山	7	◎	3	ウインルピナス	0.86	0.881
20250126	中山	7	○	7	ロムネヤ	1.0	0.881
20250126	中山	7	▲	10	アンリーロード	1.0	0.881
20250126	中山	7	☆	4	パレハ	0.67	0.881
20250126	中山	8	◎	5	サイヤダンサー	1.0	0.958
20250126	中山	8	○	9	ジョヴィアン	1.0	0.958
20250126	中山	8	▲	1	ウィンダミア	0.83	0.958
20250126	中山	8	☆	13	シークレットヴァウ	1.0	0.958
20250126	中山	9	◎	7	マイネルゼウス	1.0	0.972
20250126	中山	9	○	5	リトルジャイアンツ	1.0	0.972
20250126	中山	9	▲	9	エデルクローネ	1.0	0.972
20250126	中山	9	☆	3	エンペラーズソード	0.89	0.972
20250126	中山	10	◎	10	コパノハンプトン	0.75	0.938
20250126	中山	10	○	3	アイアムユウシュン	1.0	0.938
20250126	中山	10	▲	2	ムーヴ	1.0	0.938
20250126	中山	10	☆	5	ビルカール	1.0	0.938
20250126	中山	11	◎	6	ニシノレヴナント	0.93	0.983
20250126	中山	11	○	2	レーベンスティール	1.0	0.983
20250126	中山	11	▲	4	ボルドグフーシュ	1.0	0.983
20250126	中山	11	☆	11	マテンロウレオ	1.0	0.983
20250126	中山	12	◎	2	ソルトブリーズ	0.86	0.933
20250126	中山	12	○	4	メイショウヨゾラ	0.88	0.933
20250126	中山	12	▲	6	ガルサブランカ	1.0	0.933
20250126	中山	12	☆	8	ジェムステート	1.0	0.933
20250126	小倉	1	◎	6	インマイブラッド	1.0	1.0
20250126	小倉	1	○	1	サンコンクエスト	1.0	1.0
20250126	小倉	1	▲	8	ネトル	1.0	1.0
20250126	小倉	1	☆	3	アニラ	1.0	1.0
20250126	小倉	2	◎	15	ハツヒノデ	0.6	0.754
20250126	小倉	2	○	13	フウセツ	0.75	0.754
20250126	小倉	2	▲	9	パドメ	0.67	0.754
20250126	小倉	2	☆	3	ベイビーキッス	1.0	0.754
20250126	小倉	3	◎	3	アイリッシュパール	0.89	0.972
20250126	小倉	3	○	10	シリウス	1.0	0.972
20250126	小倉	3	▲	6	マサレエトワール	1.0	0.972
20250126	小倉	3	☆	12	ティーラミレス	1.0	0.972
20250126	小倉	6	◎	12	プレデスティナーレ	0.89	0.944
20250126	小倉	6	○	4	コスモグローリー	1.0	0.944
20250126	小倉	6	▲	11	ニホンピロデヴィン	0.89	0.944
20250126	小倉	6	☆	16	ジャストキングダム	1.0	0.944
20250126	小倉	7	◎	5	パリモード	0.8	0.95
20250126	小倉	7	○	11	ブラックダイヤ	1.0	0.95
20250126	小倉	7	▲	6	ヴァルチャースター	1.0	0.95
20250126	小倉	7	☆	10	ヴォルヴァ	1.0	0.95
20250126	小倉	8	◎	4	サンノーブル	1.0	0.958
20250126	小倉	8	○	7	リアンクトワ	1.0	0.958
20250126	小倉	8	▲	9	ダンツドール	0.83	0.958
20250126	小倉	8	☆	10	アスクヒロイズガイ	1.0	0.958
20250126	小倉	9	◎	6	ウインアステロイド	1.0	0.969
20250126	小倉	9	○	15	ロードマイライフ	1.0	0.969
20250126	小倉	9	▲	3	ニシノピウモッソ	0.88	0.969
20250126	小倉	9	☆	16	キーウェーブ	1.0	0.969
20250126	小倉	10	◎	14	ニシノコウフク	1.0	0.944
20250126	小倉	10	○	1	ゴージョニーゴー	1.0	0.944
20250126	小倉	10	▲	6	オルトパラティウム	0.78	0.944
20250126	小倉	10	☆	16	ボーンイングランデ	1.0	0.944
20250126	小倉	11	◎	9	ストロングウィル	1.0	1.0
20250126	小倉	11	○	10	マイネルティグレ	1.0	1.0
20250126	小倉	11	▲	8	エラトー	1.0	1.0
20250126	小倉	11	☆	11	アイスグリーン	1.0	1.0
20250126	小倉	12	◎	8	ミスサラワク	0.91	0.977
20250126	小倉	12	○	1	アスクハッピーモア	1.0	0.977
20250126	小倉	12	▲	4	ワイノナオミ	1.0	0.977
20250126	小倉	12	☆	2	ノーブルアクト	1.0	0.977
20250201	京都	1	◎	12	ソイジャガー	1.0	0.882
20250201	京都	1	○	5	ベルヴィヴァン	1.0	0.882
20250201	京都	1	▲	6	リードプリンシパル	0.78	0.882
20250201	京都	1	☆	11	マローソ	0.75	0.882
20250201	京都	2	◎	3	ピストルスター	0.86	0.937
20250201	京都	2	○	9	ルセルマンダムール	1.0	0.937
20250201	京都	2	▲	8	ロックウイズユー	1.0	0.937
20250201	京都	2	☆	4	ランフォザプライド	0.89	0.937
20250201	京都	3	◎	3	ダイゴセイリュウ	1.0	1.0
20250201	京都	3	○	13	ハクサンアイリス	1.0	1.0
20250201	京都	3	▲	6	アラモアナ	1.0	1.0
20250201	京都	3	☆	4	ニシノジェダイ	1.0	1.0
20250201	京都	4	◎	8	リッキースタイル	1.0	0.969
20250201	京都	4	○	6	ディープサミット	0.88	0.969
20250201	京都	4	▲	3	テルアスワッド	1.0	0.969
20250201	京都	4	☆	2	シャルクハフト	1.0	0.969
20250201	京都	6	◎	3	ジョウショーサクラ	1.0	1.0
20250201	京都	6	○	4	レッドフェルメール	1.0	1.0
20250201	京都	6	▲	7	アルハイルフォート	1.0	1.0
20250201	京都	6	☆	5	レフレクシオ	1.0	1.0
20250201	京都	7	◎	4	レーンアジリティ	1.0	1.0
20250201	京都	7	○	1	ドラゴンウェルズ	1.0	1.0
20250201	京都	7	▲	7	ディーエスショウマ	1.0	1.0
20250201	京都	7	☆	3	トリリオンボーイ	1.0	1.0
20250201	京都	8	◎	12	スナークシュンソウ	1.0	0.944
20250201	京都	8	○	9	サンライズプルート	0.89	0.944
20250201	京都	8	▲	6	ハイクライテリア	1.0	0.944
20250201	京都	8	☆	2	ペイシャスウィフト	0.89	0.944
20250201	京都	9	◎	8	マッドマックス	1.0	0.95
20250201	京都	9	○	2	ゴージャス	1.0	0.95
20250201	京都	9	▲	5	モンテシート	1.0	0.95
20250201	京都	9	☆	7	ノクナレア	0.8	0.95
20250201	京都	10	◎	8	リミットバスター	1.0	0.961
20250201	京都	10	○	7	クルミナーレ	1.0	0.961
20250201	京都	10	▲	5	ウィープディライト	0.84	0.961
20250201	京都	10	☆	4	マイノワール	1.0	0.961
20250201	京都	11	◎	7	バスタードサフラン	1.0	0.969
20250201	京都	11	○	6	ダブルハートボンド	1.0	0.969
20250201	京都	11	▲	2	サトノアイオライト	1.0	0.969
20250201	京都	11	☆	4	フラッパールック	0.88	0.969
20250201	京都	12	◎	5	エポックヴィーナス	1.0	1.0
20250201	京都	12	○	3	ケイデンシーマーク	1.0	1.0
20250201	京都	12	▲	8	スイープアワーズ	1.0	1.0
20250201	京都	12	☆	1	ベント	1.0	1.0
20250201	小倉	1	◎	10	ナックオリオン	1.0	0.972
20250201	小倉	1	○	12	シュテルンビルト	1.0	0.972
20250201	小倉	1	▲	6	マルモリスパークル	0.89	0.972
20250201	小倉	1	☆	11	フェアリーメドウ	1.0	0.972
20250201	小倉	2	◎	10	サイモンイロハニー	1.0	0.969
20250201	小倉	2	○	9	トーセンリバーブ	0.88	0.969
20250201	小倉	2	▲	15	メテオレーナ	1.0	0.969
20250201	小倉	2	☆	3	オデット	1.0	0.969
20250201	小倉	3	◎	1	ナチュラルリバー	1.0	0.964
20250201	小倉	3	○	2	メイショウカシワデ	1.0	0.964
20250201	小倉	3	▲	10	ガラスノブルース	1.0	0.964
20250201	小倉	3	☆	14	タケノシンセイ	0.86	0.964
20250201	小倉	6	◎	15	ダイヤノゴトク	1.0	1.0
20250201	小倉	6	○	10	エイシンパンタレイ	1.0	1.0
20250201	小倉	6	▲	11	メイショウセツゲツ	1.0	1.0
20250201	小倉	6	☆	9	ミルトライディーン	1.0	1.0
20250201	小倉	7	◎	11	シャインフリーリー	1.0	0.969
20250201	小倉	7	○	6	バズアップビート	0.88	0.969
20250201	小倉	7	▲	10	コスモアンソロジー	1.0	0.969
20250201	小倉	7	☆	4	ヴァシーオ	1.0	0.969
20250201	小倉	8	◎	6	マベルシュシュット	1.0	0.972
20250201	小倉	8	○	1	ニシノインヴィクタ	1.0	0.972
20250201	小倉	8	▲	12	ジーゲル	1.0	0.972
20250201	小倉	8	☆	5	ルミエールドゥース	0.89	0.972
20250201	小倉	9	◎	5	ランスオブサターン	0.89	0.921
20250201	小倉	9	○	11	カマチョクイン	1.0	0.921
20250201	小倉	9	▲	4	メジャーデビュー	0.88	0.921
20250201	小倉	10	◎	4	デルマシルフ	1.0	0.944
20250201	小倉	10	○	9	アスクアイルビゼア	1.0	0.944
20250201	小倉	10	▲	14	シャカシャカシー	1.0	0.944
20250201	小倉	10	☆	3	パルプフィクション	0.78	0.944
20250201	小倉	11	◎	12	タガノシャーンス	0.88	0.969
20250201	小倉	11	○	9	フィオライア	1.0	0.969
20250201	小倉	11	▲	3	シカゴスティング	1.0	0.969
20250201	小倉	11	☆	11	ヨーカイディスコ	1.0	0.969
20250201	小倉	12	◎	11	ヘキルリ	1.0	1.0
20250201	小倉	12	○	6	メイショウヤマモモ	1.0	1.0
20250201	小倉	12	▲	13	レディメローラ	1.0	1.0
20250201	東京	1	◎	13	キープサインオン	0.88	0.969
20250201	東京	1	○	2	ナクライト	1.0	0.969
20250201	東京	1	▲	8	エンジェルラダー	1.0	0.969
20250201	東京	1	☆	6	レッドソニード	1.0	0.969
20250201	東京	2	◎	4	スペースリーガ	0.86	0.964
20250201	東京	2	○	5	フィールザゴールド	1.0	0.964
20250201	東京	2	▲	8	ファミーユウルーズ	1.0	0.964
20250201	東京	2	☆	1	カフェノーチェ	1.0	0.964
20250201	東京	3	◎	9	アオイハナミチ	1.0	1.0
20250201	東京	3	○	6	フィールオーサム	1.0	1.0
20250201	東京	3	▲	8	ネクストダンサー	1.0	1.0
20250201	東京	3	☆	14	メリーサウンド	1.0	1.0
20250201	東京	4	◎	11	リュキア	1.0	1.0
20250201	東京	4	○	8	ヘニーガイスト	1.0	1.0
20250201	東京	4	▲	6	ベリタバグス	1.0	1.0
20250201	東京	4	☆	4	タガノバビロン	1.0	1.0
20250201	東京	6	◎	6	レディーフランシス	1.0	0.972
20250201	東京	6	○	12	オプレントジュエル	0.89	0.972
20250201	東京	6	▲	14	マキャベリー	1.0	0.972
20250201	東京	6	☆	1	キューティリップ	1.0	0.972
20250201	東京	7	◎	10	モナコブル	0.8	0.95
20250201	東京	7	○	13	サンリコリス	1.0	0.95
20250201	東京	7	▲	4	ダイオジェナイト	1.0	0.95
20250201	東京	7	☆	8	ゴールデンオスカー	1.0	0.95
20250201	東京	8	◎	7	サンライズゴラッソ	1.0	0.95
20250201	東京	8	○	5	キャネル	1.0	0.95
20250201	東京	8	▲	4	アスクデビューモア	1.0	0.95
20250201	東京	8	☆	3	シグムンド	0.8	0.95
20250201	東京	9	◎	14	メロウヴォイス	1.0	1.0
20250201	東京	9	○	3	タマモダイジョッキ	1.0	1.0
20250201	東京	9	▲	5	グラウンドビート	1.0	1.0
20250201	東京	9	☆	1	ゴールドアローン	1.0	1.0
20250201	東京	10	◎	6	エイシンワンド	0.86	0.901
20250201	東京	10	○	1	プリティディーヴァ	0.89	0.901
20250201	東京	10	▲	3	クラスペディア	0.86	0.901
20250201	東京	10	☆	4	ストレイトトーカー	1.0	0.901
20250201	東京	11	◎	3	ルージュリナージュ	1.0	0.964
20250201	東京	11	○	1	トーセンリョウ	0.86	0.964
20250201	東京	11	▲	9	トゥデイイズザデイ	1.0	0.964
20250201	東京	11	☆	10	グリューネグリーン	1.0	0.964
20250201	東京	12	◎	4	クラウドセイル	1.0	0.887
20250201	東京	12	○	8	フォルラニーニ	1.0	0.887
20250201	東京	12	▲	1	フォティーゾ	0.83	0.887
20250201	東京	12	☆	15	ラパンラピッド	0.71	0.887
20250202	京都	1	◎	9	バーミーズルビー	1.0	1.0
20250202	京都	1	○	10	デルマサクラサク	1.0	1.0
20250202	京都	1	▲	11	ハギノコラソン	1.0	1.0
20250202	京都	1	☆	12	オリビアサンライズ	1.0	1.0
20250202	京都	2	◎	5	テイエムダイタカ	1.0	1.0
20250202	京都	2	○	8	キングコロネット	1.0	1.0
20250202	京都	2	▲	11	トラヴェリンバンド	1.0	1.0
20250202	京都	2	☆	7	バトンロード	1.0	1.0
20250202	京都	3	◎	8	オドラニャソンソン	0.78	0.909
20250202	京都	3	○	9	アースグレーザー	1.0	0.909
20250202	京都	3	▲	3	ソングコレクター	1.0	0.909
20250202	京都	3	☆	4	クリノラピダス	0.86	0.909
20250202	京都	4	◎	5	アンズアメ	1.0	0.938
20250202	京都	4	○	4	ヤマニンバロネス	1.0	0.938
20250202	京都	4	▲	2	アーデルリーベ	1.0	0.938
20250202	京都	4	☆	3	トゥロン	0.75	0.938
20250202	京都	6	◎	6	ワンウェイトゥヘル	1.0	0.972
20250202	京都	6	○	10	ケリフレッドアスク	1.0	0.972
20250202	京都	6	▲	2	マテンロウカナロア	0.89	0.972
20250202	京都	6	☆	9	メイショウハダル	1.0	0.972
20250202	京都	7	◎	4	ゴルデールスカー	1.0	1.0
20250202	京都	7	○	12	レイワサンサン	1.0	1.0
20250202	京都	7	▲	7	トーレ	1.0	1.0
20250202	京都	7	☆	5	オウケンシルヴァー	1.0	1.0
20250202	京都	8	◎	7	ブライトルピナス	0.88	0.938
20250202	京都	8	○	12	サザーランド	1.0	0.938
20250202	京都	8	▲	4	ストリンジェンド	1.0	0.938
20250202	京都	8	☆	9	プルートマスター	0.88	0.938
20250202	京都	9	◎	7	イモータルバード	1.0	1.0
20250202	京都	9	○	3	レッドリベルタ	1.0	1.0
20250202	京都	9	▲	5	ジョータルマエ	1.0	1.0
20250202	京都	9	☆	10	ダブルジョーク	1.0	1.0
20250202	京都	10	◎	2	ミステリーウェイ	1.0	1.0
20250202	京都	10	○	6	インザモーメント	1.0	1.0
20250202	京都	10	▲	4	チルカーノ	1.0	1.0
20250202	京都	10	☆	7	リビアングラス	1.0	1.0
20250202	京都	11	◎	8	シロン	1.0	1.0
20250202	京都	11	○	16	ソンシ	1.0	1.0
20250202	京都	11	▲	7	クファシル	1.0	1.0
20250202	京都	11	☆	5	セントメモリーズ	1.0	1.0
20250202	京都	12	◎	12	フーレイ	1.0	0.944
20250202	京都	12	○	10	シャーリーゴールド	1.0	0.944
20250202	京都	12	▲	4	ペルフェツィオーネ	0.89	0.944
20250202	京都	12	☆	13	インペリアルコート	0.89	0.944
20250202	小倉	1	◎	8	イエローブリック	1.0	0.972
20250202	小倉	1	○	6	サンディエゴ	1.0	0.972
20250202	小倉	1	▲	15	ショウリュウアサヒ	0.89	0.972
20250202	小倉	1	☆	9	ドバイミッション	1.0	0.972
20250202	小倉	2	◎	7	エルサトアナ	1.0	0.964
20250202	小倉	2	○	16	ベイビーキッス	1.0	0.964
20250202	小倉	2	▲	1	ペガサスノース	0.86	0.964
20250202	小倉	2	☆	10	タッチザシーリング	1.0	0.964
20250202	小倉	3	◎	13	スターチスブーケ	0.88	0.969
20250202	小倉	3	○	11	ダズリングダンス	1.0	0.969
20250202	小倉	3	▲	8	シュークリーム	1.0	0.969
20250202	小倉	3	☆	1	キャンドルマス	1.0	0.969
20250202	小倉	6	◎	8	ペイルブルードット	0.89	0.901
20250202	小倉	6	○	7	ヴィアトル	1.0	0.901
20250202	小倉	6	▲	5	スナークピカソ	0.71	0.901
20250202	小倉	6	☆	3	クモヒトツナイ	1.0	0.901
20250202	小倉	7	◎	10	ケイツールピア	0.71	0.893
20250202	小倉	7	○	13	エルフストラック	1.0	0.893
20250202	小倉	7	▲	7	ファミリーツリー	1.0	0.893
20250202	小倉	7	☆	1	ジョセフィーナ	0.86	0.893
20250202	小倉	8	◎	5	シュラザック	1.0	0.969
20250202	小倉	8	○	6	ソニックステップ	1.0	0.969
20250202	小倉	8	▲	3	ゴッドエスパーダ	0.88	0.969
20250202	小倉	8	☆	4	セボンサデッセ	1.0	0.969
20250202	小倉	9	◎	4	ナイトアウェイ	1.0	1.0
20250202	小倉	9	○	1	エラン	1.0	1.0
20250202	小倉	9	▲	5	ジーティームソウ	1.0	1.0
20250202	小倉	9	☆	7	マイファミリー	1.0	1.0
20250202	小倉	10	◎	3	ゴルトリッチ	1.0	1.0
20250202	小倉	10	○	8	イコサン	1.0	1.0
20250202	小倉	10	▲	18	バシレウスシチー	1.0	1.0
20250202	小倉	10	☆	2	ダークンストーミー	1.0	1.0
20250202	小倉	11	◎	11	トウセツ	1.0	1.0
20250202	小倉	11	○	2	サーマルソアリング	1.0	1.0
20250202	小倉	11	▲	7	サンライズアリオン	1.0	1.0
20250202	小倉	11	☆	10	ケイアイシェルビー	1.0	1.0
20250202	小倉	12	◎	9	ナムライリス	1.0	1.0
20250202	小倉	12	○	17	ラブディーヴァ	1.0	1.0
20250202	小倉	12	▲	3	スマートジェイナ	1.0	1.0
20250202	東京	1	◎	3	ゴールドリッカ	1.0	1.0
20250202	東京	1	○	10	アイアンソリッド	1.0	1.0
20250202	東京	1	▲	14	ハニーローリエ	1.0	1.0
20250202	東京	1	☆	2	スマイルディシー	1.0	1.0
20250202	東京	2	◎	5	ラファールドール	1.0	1.0
20250202	東京	2	○	9	バナマンテソーロ	1.0	1.0
20250202	東京	2	▲	1	クロックフォード	1.0	1.0
20250202	東京	2	☆	11	コスモジンバック	1.0	1.0
20250202	東京	3	◎	16	コスモコンフェルマ	0.89	0.972
20250202	東京	3	○	13	イスキオス	1.0	0.972
20250202	東京	3	▲	8	ブラザービート	1.0	0.972
20250202	東京	3	☆	5	ナムラジミー	1.0	0.972
20250202	東京	6	◎	12	マイネルレクエルド	1.0	0.964
20250202	東京	6	○	11	タイヨウノキセツ	1.0	0.964
20250202	東京	6	▲	3	サルーポルティ	0.86	0.964
20250202	東京	6	☆	8	ディフューズ	1.0	0.964
20250202	東京	7	◎	14	ホワイトクロウ	1.0	0.958
20250202	東京	7	○	12	マスグラバイト	1.0	0.958
20250202	東京	7	▲	9	チザルピーノ	0.83	0.958
20250202	東京	7	☆	5	ラッキーヤース	1.0	0.958
20250202	東京	8	◎	14	スペキオサレジーナ	0.89	0.972
20250202	東京	8	○	2	セントラルヴァレー	1.0	0.972
20250202	東京	8	▲	12	ポリーフォリア	1.0	0.972
20250202	東京	8	☆	16	スナークレジスト	1.0	0.972
20250202	東京	9	◎	2	コスモイシュタル	1.0	1.0
20250202	東京	9	○	6	ミッキーマドンナ	1.0	1.0
20250202	東京	9	▲	5	キングメーカー	1.0	1.0
20250202	東京	9	☆	8	シマサンブラック	1.0	1.0
20250202	東京	10	◎	2	オーサムストローク	1.0	1.0
20250202	東京	10	○	1	オードリーバローズ	1.0	1.0
20250202	東京	10	▲	5	サトミノキラリ	1.0	1.0
20250202	東京	10	☆	8	ヴェサリウス	1.0	1.0
20250202	東京	11	◎	10	タガノビューティー	1.0	1.0
20250202	東京	11	○	8	フリームファクシ	1.0	1.0
20250202	東京	11	▲	9	コスタノヴァ	1.0	1.0
20250202	東京	11	☆	14	スレイマン	1.0	1.0
20250202	東京	12	◎	9	マイネルトルファン	1.0	1.0
20250202	東京	12	○	4	アヴニールドブリエ	1.0	1.0
20250202	東京	12	▲	3	スパークリシャール	1.0	1.0
20250202	東京	12	☆	1	オウケンボルト	1.0	1.0
20250208	京都	1	◎	12	アナポリス	1.0	0.969
20250208	京都	1	○	3	スーパージョック	0.88	0.969
20250208	京都	1	▲	9	ドウジギリ	1.0	0.969
20250208	京都	1	☆	7	ブレゲアン	1.0	0.969
20250208	京都	2	◎	2	パーフェクト	0.83	0.908
20250208	京都	2	○	10	オーレアミスト	1.0	0.908
20250208	京都	2	▲	3	トルストイ	0.8	0.908
20250208	京都	2	☆	5	ロロノア	1.0	0.908
20250208	京都	3	◎	3	サラサハウナイス	1.0	1.0
20250208	京都	3	○	12	エンダードラゴン	1.0	1.0
20250208	京都	3	▲	6	ビリオネアボーイ	1.0	1.0
20250208	京都	3	☆	4	ブレイジングスター	1.0	1.0
20250208	京都	5	◎	13	ドライヴサンライズ	0.89	0.972
20250208	京都	5	○	15	ルクスジニア	1.0	0.972
20250208	京都	5	▲	16	ヴァイスクレー	1.0	0.972
20250208	京都	5	☆	6	オーサムシャドウ	1.0	0.972
20250208	京都	6	◎	10	トゥルーサクセサー	0.89	0.972
20250208	京都	6	○	11	ファーヴェント	1.0	0.972
20250208	京都	6	▲	3	スカイサーベイ	1.0	0.972
20250208	京都	6	☆	8	コルレオニス	1.0	0.972
20250208	京都	7	◎	1	ラピダリア	0.6	0.858
20250208	京都	7	○	9	ベレニーチェ	1.0	0.858
20250208	京都	7	▲	6	ロンシャンクイーン	1.0	0.858
20250208	京都	7	☆	4	ドナウパール	0.83	0.858
20250208	京都	8	◎	6	ノーブルスカイ	0.86	0.929
20250208	京都	8	○	4	エグランタイン	1.0	0.929
20250208	京都	8	▲	1	チェルノボーグ	1.0	0.929
20250208	京都	8	☆	7	アウフヘーベン	0.86	0.929
20250208	京都	9	◎	2	ジュストコル	1.0	0.929
20250208	京都	9	○	3	エンヤラヴフェイス	1.0	0.929
20250208	京都	9	▲	12	カミーロ	1.0	0.929
20250208	京都	9	☆	11	ペプチドヤマト	0.71	0.929
20250208	京都	10	◎	8	ヴーレヴー	1.0	1.0
20250208	京都	10	○	2	カムニャック	1.0	1.0
20250208	京都	10	▲	10	ダノンフェアレディ	1.0	1.0
20250208	京都	10	☆	6	グローリーリンク	1.0	1.0
20250208	京都	11	◎	11	アンデスビエント	1.0	0.944
20250208	京都	11	○	9	リアレスト	1.0	0.944
20250208	京都	11	▲	16	ジューンアヲニヨシ	0.78	0.944
20250208	京都	11	☆	7	ヒップホップソウル	1.0	0.944
20250208	京都	12	◎	2	サンダーバース	1.0	0.972
20250208	京都	12	○	9	ニホンピロトッティ	0.89	0.972
20250208	京都	12	▲	4	テイエムタリスマ	1.0	0.972
20250208	京都	12	☆	11	エブライト	1.0	0.972
20250208	小倉	1	◎	11	キョウキランブ	1.0	1.0
20250208	小倉	1	○	16	テーオーマルコーニ	1.0	1.0
20250208	小倉	1	▲	1	ガジュノリホワイト	1.0	1.0
20250208	小倉	1	☆	4	ブライトイメル	1.0	1.0
20250208	小倉	2	◎	10	ウインシャーガス	1.0	0.909
20250208	小倉	2	○	3	ウアーシュプルング	0.78	0.909
20250208	小倉	2	▲	4	タガノアビー	1.0	0.909
20250208	小倉	2	☆	7	ペンダンティフ	0.86	0.909
20250208	小倉	3	◎	3	サザンレイク	1.0	0.95
20250208	小倉	3	○	7	ペレグリン	0.8	0.95
20250208	小倉	3	▲	12	フェレザ	1.0	0.95
20250208	小倉	3	☆	11	ティーラミレス	1.0	0.95
20250208	小倉	6	◎	7	リケアコンパンナ	0.88	0.887
20250208	小倉	6	○	6	ジーティーエスピ	1.0	0.887
20250208	小倉	6	▲	5	タマカヅラ	0.8	0.887
20250208	小倉	6	☆	8	ゼンダンスバシリ	0.88	0.887
20250208	小倉	7	◎	1	マイネルラファール	1.0	0.923
20250208	小倉	7	○	6	エピファランド	0.86	0.923
20250208	小倉	7	▲	8	リックメイン	1.0	0.923
20250208	小倉	7	☆	3	レアルシチー	0.83	0.923
20250208	小倉	8	◎	4	イエルバブエナ	1.0	1.0
20250208	小倉	8	○	12	サンドブラスト	1.0	1.0
20250208	小倉	8	▲	6	レッドライトニング	1.0	1.0
20250208	小倉	8	☆	13	ザロック	1.0	1.0
20250208	小倉	9	◎	2	ティータイム	1.0	1.0
20250208	小倉	9	○	4	ソニックドライブ	1.0	1.0
20250208	小倉	9	▲	14	カエルム	1.0	1.0
20250208	小倉	9	☆	12	ラブカ	1.0	1.0
20250208	小倉	10	◎	8	サダムオプシス	0.71	0.929
20250208	小倉	10	○	16	イングランドアイズ	1.0	0.929
20250208	小倉	10	▲	7	キャントウェイト	1.0	0.929
20250208	小倉	10	☆	5	マイネルオーシャン	1.0	0.929
20250208	小倉	11	◎	3	サンライズグルーヴ	0.89	0.972
20250208	小倉	11	○	10	メイショウホマレ	1.0	0.972
20250208	小倉	11	▲	4	リューデスハイム	1.0	0.972
20250208	小倉	11	☆	12	シークレットキー	1.0	0.972
20250208	小倉	12	◎	16	ラリベラ	1.0	1.0
20250208	小倉	12	○	2	エルフレスアリー	1.0	1.0
20250208	小倉	12	▲	4	アスティスプマンテ	1.0	1.0
20250208	小倉	12	☆	8	オンザヴィーナス	1.0	1.0
20250208	東京	1	◎	7	ロゴモコ	1.0	0.963
20250208	東京	1	○	9	セギレエルビエント	0.89	0.963
20250208	東京	1	☆	6	オブシディアーナ	1.0	0.963
20250208	東京	2	◎	16	ペタルビジュー	0.86	0.814
20250208	東京	2	○	4	ナインオブレター	0.88	0.814
20250208	東京	2	▲	15	エポカスピーガ	0.86	0.814
20250208	東京	2	☆	2	カプア	0.67	0.814
20250208	東京	3	◎	7	ルナティックアイ	1.0	0.969
20250208	東京	3	○	13	アドマイヤデイトナ	1.0	0.969
20250208	東京	3	▲	16	サトミノエンジェル	1.0	0.969
20250208	東京	3	☆	5	セイウンピカイチ	0.88	0.969
20250208	東京	4	◎	1	プチボヌール	0.83	0.958
20250208	東京	4	○	11	プチブール	1.0	0.958
20250208	東京	4	▲	3	キョウエイフロイデ	1.0	0.958
20250208	東京	4	☆	7	サンセットブライト	1.0	0.958
20250208	東京	6	◎	14	ダノンアンチュラス	1.0	0.964
20250208	東京	6	○	10	アロンズロッド	1.0	0.964
20250208	東京	6	▲	15	インパクトシー	0.86	0.964
20250208	東京	6	☆	3	ヴィーデ	1.0	0.964
20250208	東京	7	◎	11	チョングク	1.0	0.964
20250208	東京	7	○	12	モカラマーズ	1.0	0.964
20250208	東京	7	▲	9	レーティッシュ	0.86	0.964
20250208	東京	7	☆	10	サウンドバッハ	1.0	0.964
20250208	東京	8	◎	2	フィフティシェビー	0.89	0.972
20250208	東京	8	○	9	ラタフォレスト	1.0	0.972
20250208	東京	8	▲	4	ウェットシーズン	1.0	0.972
20250208	東京	8	☆	14	レオカクテル	1.0	0.972
20250208	東京	9	◎	1	ニシノクードクール	1.0	1.0
20250208	東京	9	○	7	ラパンチュール	1.0	1.0
20250208	東京	9	▲	5	ルージュナリッシュ	1.0	1.0
20250208	東京	9	☆	9	カロローザ	1.0	1.0
20250208	東京	10	◎	1	カリーシ	0.75	0.938
20250208	東京	10	○	10	ルージュスエルテ	1.0	0.938
20250208	東京	10	▲	12	ニコラウス	1.0	0.938
20250208	東京	10	☆	7	マテンロウボンド	1.0	0.938
20250208	東京	11	◎	7	メイテソーロ	1.0	0.972
20250208	東京	11	○	6	ハーツコンチェルト	0.89	0.972
20250208	東京	11	▲	1	メリオーレム	1.0	0.972
20250208	東京	11	☆	13	ギャンブルルーム	1.0	0.972
20250208	東京	12	◎	12	イルディヴィーノ	0.88	0.969
20250208	東京	12	○	8	アルニラム	1.0	0.969
20250208	東京	12	▲	15	トルーマンテソーロ	1.0	0.969
20250208	東京	12	☆	9	エコロヴァルム	1.0	0.969
20250209	京都	1	◎	11	グランドネビュラ	1.0	1.0
20250209	京都	1	○	8	ベルエアキング	1.0	1.0
20250209	京都	1	▲	10	ドゥドゥ	1.0	1.0
20250209	京都	1	☆	5	テイエムバゴオウ	1.0	1.0
20250209	京都	2	◎	14	クレベール	1.0	1.0
20250209	京都	2	○	2	ジューンノールック	1.0	1.0
20250209	京都	2	▲	13	ヨドギミ	1.0	1.0
20250209	京都	2	☆	8	ナムラローラ	1.0	1.0
20250209	京都	3	◎	12	ランドブレイブ	1.0	1.0
20250209	京都	3	○	15	ムギトルナ	1.0	1.0
20250209	京都	3	▲	11	ベラジオルークン	1.0	1.0
20250209	京都	3	☆	16	アーリドラータ	1.0	1.0
20250209	京都	4	◎	8	ヴァンアグレアブル	1.0	0.969
20250209	京都	4	○	9	グランドプラージュ	1.0	0.969
20250209	京都	4	▲	4	ロードラビリンス	1.0	0.969
20250209	京都	4	☆	5	ナンヨーパワフル	0.88	0.969
20250209	京都	6	◎	11	タイセイルシエル	1.0	1.0
20250209	京都	6	○	4	サトノソティラス	1.0	1.0
20250209	京都	6	▲	8	ホウオウアートマン	1.0	1.0
20250209	京都	6	☆	13	メイショウアゴナス	1.0	1.0
20250209	京都	7	◎	2	モズバンディット	0.88	0.933
20250209	京都	7	○	7	ギマール	1.0	0.933
20250209	京都	7	▲	1	メイショウカシワデ	1.0	0.933
20250209	京都	7	☆	3	シャドウルパン	0.86	0.933
20250209	京都	8	◎	12	ディアドコス	1.0	1.0
20250209	京都	8	○	4	マキアージュ	1.0	1.0
20250209	京都	8	▲	5	クリスアーサー	1.0	1.0
20250209	京都	8	☆	3	サンドロナイト	1.0	1.0
20250209	京都	9	◎	14	ロマンシングブルー	1.0	0.969
20250209	京都	9	○	2	タガノエルピーダ	0.88	0.969
20250209	京都	9	▲	3	マラキナイア	1.0	0.969
20250209	京都	9	☆	4	ブリュットミレジメ	1.0	0.969
20250209	京都	10	◎	12	バトルクライ	1.0	0.964
20250209	京都	10	○	15	インユアパレス	0.86	0.964
20250209	京都	10	▲	3	ロードフロンティア	1.0	0.964
20250209	京都	10	☆	14	ロードアウォード	1.0	0.964
20250209	京都	11	◎	1	ジェットマグナム	0.88	0.938
20250209	京都	11	○	10	サトノシャイニング	1.0	0.938
20250209	京都	11	▲	7	ランスオブカオス	0.88	0.938
20250209	京都	11	☆	2	リンクスティップ	1.0	0.938
20250209	京都	12	◎	12	ストームバンガード	1.0	1.0
20250209	京都	12	○	7	ディキシーガンナー	1.0	1.0
20250209	京都	12	▲	4	サンガネーブ	1.0	1.0
20250209	京都	12	☆	14	キタノズエッジ	1.0	1.0
20250209	小倉	1	◎	10	ララベルドゥニュイ	1.0	1.0
20250209	小倉	1	○	6	フェアリーブルー	1.0	1.0
20250209	小倉	1	▲	15	センビトウリョウ	1.0	1.0
20250209	小倉	1	☆	13	ミルキーハニー	1.0	1.0
20250209	小倉	2	◎	3	ツーエムクロノス	1.0	1.0
20250209	小倉	2	○	12	テーオーミリカン	1.0	1.0
20250209	小倉	2	▲	8	ヴォラヴィア	1.0	1.0
20250209	小倉	3	◎	4	キタノフローラ	1.0	1.0
20250209	小倉	3	○	3	ブルドッグキング	1.0	1.0
20250209	小倉	3	▲	7	ロッカバイベイビー	1.0	1.0
20250209	小倉	3	☆	5	ボルセーナ	1.0	1.0
20250209	小倉	6	◎	5	ナンナンプー	1.0	0.969
20250209	小倉	6	○	9	デボラ	1.0	0.969
20250209	小倉	6	▲	3	モズアンドモズ	1.0	0.969
20250209	小倉	6	☆	6	ヨシノサプライズ	0.88	0.969
20250209	小倉	7	◎	11	オーロヴェール	1.0	0.844
20250209	小倉	7	○	3	フローラルセント	0.88	0.844
20250209	小倉	7	▲	5	ヒヒーン	0.5	0.844
20250209	小倉	7	☆	8	ヒロインズクレスト	1.0	0.844
20250209	小倉	8	◎	5	ミラキュラスドラマ	1.0	0.964
20250209	小倉	8	○	15	スピードリッチ	0.86	0.964
20250209	小倉	8	▲	11	マイファミリー	1.0	0.964
20250209	小倉	8	☆	1	アランヴェリテ	1.0	0.964
20250209	小倉	9	◎	11	フウセツ	1.0	0.938
20250209	小倉	9	○	1	ヴァージル	1.0	0.938
20250209	小倉	9	▲	7	カルプスペルシュ	0.75	0.938
20250209	小倉	9	☆	16	ドゥアムール	1.0	0.938
20250209	小倉	10	◎	5	ディアサクセサー	1.0	1.0
20250209	小倉	10	○	15	レシプロシティ	1.0	1.0
20250209	小倉	10	▲	14	アセレラシオン	1.0	1.0
20250209	小倉	10	☆	11	テーオールビー	1.0	1.0
20250209	小倉	11	◎	11	グラティアス	1.0	0.972
20250209	小倉	11	○	9	ホウオウプロサンゲ	0.89	0.972
20250209	小倉	11	▲	7	シルトホルン	1.0	0.972
20250209	小倉	11	☆	2	リカンカブール	1.0	0.972
20250209	小倉	12	◎	12	マーゴットメネス	1.0	1.0
20250209	小倉	12	○	14	ニシノリアリティ	1.0	1.0
20250209	小倉	12	☆	8	ジャグアール	1.0	1.0
20250209	東京	1	◎	13	タイキクリエイター	1.0	1.0
20250209	東京	1	○	12	アラスカフレイバー	1.0	1.0
20250209	東京	1	▲	15	ウフドゥウフ	1.0	1.0
20250209	東京	1	☆	9	タイセイアダマス	1.0	1.0
20250209	東京	2	◎	11	スーパーホース	1.0	1.0
20250209	東京	2	○	13	ノイシュタット	1.0	1.0
20250209	東京	2	▲	14	マウントバーノン	1.0	1.0
20250209	東京	2	☆	12	ヌンボラ	1.0	1.0
20250209	東京	3	◎	12	ライズトゥザトップ	1.0	0.969
20250209	東京	3	○	8	ブルージュ	1.0	0.969
20250209	東京	3	▲	16	ビートウマザンマイ	1.0	0.969
20250209	東京	3	☆	4	アルマヴィーナス	0.88	0.969
20250209	東京	6	◎	9	ノーブルライナー	1.0	0.927
20250209	東京	6	○	7	スターエンブレム	0.88	0.927
20250209	東京	6	▲	4	ルパヴィヨン	0.83	0.927
20250209	東京	6	☆	6	ホシニネガイヲ	1.0	0.927
20250209	東京	7	◎	8	ハイエスティーム	1.0	0.964
20250209	東京	7	○	5	コンテネレッツア	1.0	0.964
20250209	東京	7	▲	2	エバーハピネス	0.86	0.964
20250209	東京	7	☆	7	オルノア	1.0	0.964
20250209	東京	8	◎	8	サイヤダンサー	1.0	0.964
20250209	東京	8	○	15	ノットファウンド	1.0	0.964
20250209	東京	8	▲	10	ドンデンガエシ	0.86	0.964
20250209	東京	8	☆	11	ニシノコニャック	1.0	0.964
20250209	東京	9	◎	8	マーズオデッセイ	1.0	0.944
20250209	東京	9	○	3	ファイアンクランツ	1.0	0.944
20250209	東京	9	▲	7	ウィクトルウェルス	0.89	0.944
20250209	東京	9	☆	6	サトノパトリオット	0.89	0.944
20250209	東京	10	◎	9	ロジシルバー	1.0	0.983
20250209	東京	10	○	1	アドマイヤマツリ	1.0	0.983
20250209	東京	10	▲	2	ニューステソーロ	0.93	0.983
20250209	東京	10	☆	4	ラファドゥラ	1.0	0.983
20250209	東京	11	◎	11	ジオグリフ	1.0	1.0
20250209	東京	11	○	4	ボンドガール	1.0	1.0
20250209	東京	11	▲	12	ウォーターリヒト	1.0	1.0
20250209	東京	11	☆	6	オールナット	1.0	1.0
20250209	東京	12	◎	10	シントーハナノボス	1.0	1.0
20250209	東京	12	○	3	オオタニサーン	1.0	1.0
20250209	東京	12	▲	11	イデアイゴッソウ	1.0	1.0
20250209	東京	12	☆	1	デスティノ	1.0	1.0
20250215	京都	1	◎	16	テイエムパイロット	0.89	0.944
20250215	京都	1	○	2	ホウショウマリス	1.0	0.944
20250215	京都	1	▲	10	コンパクトファイト	0.89	0.944
20250215	京都	1	☆	11	フェイトライン	1.0	0.944
20250215	京都	2	◎	4	ポセイドンバローズ	0.89	0.941
20250215	京都	2	○	12	サンディエゴ	1.0	0.941
20250215	京都	2	▲	9	サトノセーブル	1.0	0.941
20250215	京都	2	☆	2	ダイシンレアレア	0.88	0.941
20250215	京都	3	◎	13	タマゴ	1.0	0.972
20250215	京都	3	○	10	スニーカースキル	1.0	0.972
20250215	京都	3	▲	12	ガールズデイアウト	0.89	0.972
20250215	京都	3	☆	15	ナタリア	1.0	0.972
20250215	京都	4	◎	7	マイネルラカイユ	1.0	0.95
20250215	京都	4	○	11	ハミルトン	0.8	0.95
20250215	京都	4	▲	8	スメラギ	1.0	0.95
20250215	京都	4	☆	10	ソルトチューダ	1.0	0.95
20250215	京都	6	◎	13	アイスモント	1.0	0.938
20250215	京都	6	○	11	キタサンハナビラ	1.0	0.938
20250215	京都	6	▲	8	アメージングハナビ	1.0	0.938
20250215	京都	6	☆	1	パープルティアラ	0.75	0.938
20250215	京都	7	◎	16	ピストンボーイ	0.86	0.874
20250215	京都	7	○	14	イエスウィズキャン	1.0	0.874
20250215	京都	7	▲	13	ポンピエ	0.75	0.874
20250215	京都	7	☆	8	マテンロウミラクル	0.89	0.874
20250215	京都	8	◎	2	ビートザレコード	1.0	1.0
20250215	京都	8	○	9	メイショウソウタ	1.0	1.0
20250215	京都	8	▲	5	ウォーターリーダー	1.0	1.0
20250215	京都	8	☆	4	ブルーワール	1.0	1.0
20250215	京都	9	◎	6	ブーディガ	1.0	0.917
20250215	京都	9	○	7	アイサンサン	1.0	0.917
20250215	京都	9	▲	3	マテンロウバローズ	1.0	0.917
20250215	京都	9	☆	5	オンザムーブ	0.67	0.917
20250215	京都	10	◎	4	ウエストナウ	1.0	0.944
20250215	京都	10	○	1	パワーホール	0.83	0.944
20250215	京都	10	▲	3	シェイクユアハート	0.94	0.944
20250215	京都	10	☆	9	ミスタージーティー	1.0	0.944
20250215	京都	11	◎	16	ロジリオン	1.0	1.0
20250215	京都	11	○	14	ノーブルロジャー	1.0	1.0
20250215	京都	11	▲	10	サンライズロナウド	1.0	1.0
20250215	京都	11	☆	11	アスクコンナモンダ	1.0	1.0
20250215	京都	12	◎	3	ジンセイ	1.0	1.0
20250215	京都	12	○	1	クリノフィガロ	1.0	1.0
20250215	京都	12	▲	5	ホルトバージ	1.0	1.0
20250215	京都	12	☆	7	エアサンサーラ	1.0	1.0
20250215	小倉	1	◎	13	チュラビックタイム	1.0	0.933
20250215	小倉	1	○	6	マンオブザマッチ	0.88	0.933
20250215	小倉	1	▲	10	ラマヌジャン	1.0	0.933
20250215	小倉	1	☆	5	ダイチラポール	0.86	0.933
20250215	小倉	2	◎	10	ヴェントゥーラ	1.0	1.0
20250215	小倉	2	○	4	ハリウッドメモリー	1.0	1.0
20250215	小倉	2	▲	17	クロスレジーナ	1.0	1.0
20250215	小倉	2	☆	6	ウーバーストロング	1.0	1.0
20250215	小倉	3	◎	4	タイセイウーノ	1.0	0.972
20250215	小倉	3	○	8	ワイルドゴーア	1.0	0.972
20250215	小倉	3	▲	13	マルモリスパークル	0.89	0.972
20250215	小倉	3	☆	11	オーケーダイナ	1.0	0.972
20250215	小倉	5	◎	4	クラウンアールシー	1.0	1.0
20250215	小倉	5	○	10	ゼンダンハヤブサ	1.0	1.0
20250215	小倉	5	▲	6	マイネルフルムーン	1.0	1.0
20250215	小倉	5	☆	1	ファンタズマ	1.0	1.0
20250215	小倉	6	◎	2	ウインアステロイド	1.0	0.922
20250215	小倉	6	○	12	セシリエプラージュ	0.89	0.922
20250215	小倉	6	▲	7	シルバーダイヤ	0.86	0.922
20250215	小倉	6	☆	17	シンデレラスマイル	0.94	0.922
20250215	小倉	7	◎	1	ホウオウシンデレラ	1.0	0.964
20250215	小倉	7	○	6	ウィンターガーデン	1.0	0.964
20250215	小倉	7	▲	11	ウェイトゥゴー	1.0	0.964
20250215	小倉	7	☆	2	ランスノーブル	0.86	0.964
20250215	小倉	9	◎	3	ニホンピロデヴィン	0.89	0.91
20250215	小倉	9	○	9	イガッチ	0.75	0.91
20250215	小倉	9	▲	2	ドーギッド	1.0	0.91
20250215	小倉	9	☆	6	タイセイリコルド	1.0	0.91
20250215	小倉	10	◎	14	レッセパッセ	1.0	0.969
20250215	小倉	10	○	9	リラボニート	1.0	0.969
20250215	小倉	10	▲	6	シルキーガール	1.0	0.969
20250215	小倉	10	☆	12	ピクシレーション	0.88	0.969
20250215	小倉	11	◎	9	ショウナンアレス	1.0	1.0
20250215	小倉	11	○	8	マイネルレノン	1.0	1.0
20250215	小倉	11	▲	16	トーセンエスクード	1.0	1.0
20250215	小倉	11	☆	3	ショウナンマッハ	1.0	1.0
20250215	小倉	12	◎	3	サトノレイズ	1.0	1.0
20250215	小倉	12	○	1	グランドセントラル	1.0	1.0
20250215	小倉	12	▲	12	メイショウクモイ	1.0	1.0
20250215	小倉	12	☆	5	マーベリックシチー	1.0	1.0
20250215	東京	1	◎	1	キャストロププ	0.71	0.897
20250215	東京	1	○	2	クラウンハート	1.0	0.897
20250215	東京	1	▲	13	マイネルブリオン	1.0	0.897
20250215	東京	1	☆	11	ユウオウマイシン	0.88	0.897
20250215	東京	3	◎	8	クリプトス	1.0	0.972
20250215	東京	3	○	7	エドワードバローズ	1.0	0.972
20250215	東京	3	▲	3	オオタチ	1.0	0.972
20250215	東京	3	☆	4	ジーティートゥルー	0.89	0.972
20250215	東京	4	◎	13	ロードインフェルノ	1.0	0.95
20250215	東京	4	○	4	クロックフォード	1.0	0.95
20250215	東京	4	▲	12	トゥルース	0.8	0.95
20250215	東京	4	☆	7	ディアスポラ	1.0	0.95
20250215	東京	5	◎	5	ショウナンタハティ	1.0	0.972
20250215	東京	5	○	6	ウインイザナミ	1.0	0.972
20250215	東京	5	▲	1	エンゲルシュピール	0.89	0.972
20250215	東京	5	☆	3	テンドリームガール	1.0	0.972
20250215	東京	6	◎	9	マザーズウィル	1.0	1.0
20250215	東京	6	○	4	ラッキーロジータ	1.0	1.0
20250215	東京	6	▲	13	サトノシャルレーヌ	1.0	1.0
20250215	東京	6	☆	6	テルケンユミクイン	1.0	1.0
20250215	東京	7	◎	2	イノキ	1.0	1.0
20250215	東京	7	○	10	マキシマムドライブ	1.0	1.0
20250215	東京	7	▲	11	エンドレスサマー	1.0	1.0
20250215	東京	7	☆	7	マイネルステラート	1.0	1.0
20250215	東京	8	◎	10	グーヴェルナイユ	1.0	0.881
20250215	東京	8	○	12	ダノンザボルケーノ	1.0	0.881
20250215	東京	8	▲	2	マスグラバイト	0.86	0.881
20250215	東京	8	☆	9	ピコニ	0.67	0.881
20250215	東京	9	◎	10	カフェグランデ	1.0	1.0
20250215	東京	9	○	8	シャイニングソード	1.0	1.0
20250215	東京	9	▲	7	エセルフリーダ	1.0	1.0
20250215	東京	9	☆	5	シテフローラル	1.0	1.0
20250215	東京	10	◎	9	スタンリーテソーロ	1.0	0.972
20250215	東京	10	○	16	コンクイスタ	1.0	0.972
20250215	東京	10	▲	1	エストレヤデベレン	1.0	0.972
20250215	東京	10	☆	7	ジャスリー	0.89	0.972
20250215	東京	11	◎	6	マピュース	0.8	0.887
20250215	東京	11	○	4	ショウナンザナドゥ	0.89	0.887
20250215	東京	11	▲	8	ティラトーレ	1.0	0.887
20250215	東京	11	☆	13	エストゥペンダ	0.86	0.887
20250215	東京	12	◎	7	ドリーミングアップ	1.0	0.929
20250215	東京	12	○	1	エフォートレス	1.0	0.929
20250215	東京	12	▲	2	ゴールドシーン	1.0	0.929
20250215	東京	12	☆	12	ジュンブライト	0.71	0.929
20250216	京都	1	◎	3	リアルスター	1.0	1.0
20250216	京都	1	○	10	シャルクハフト	1.0	1.0
20250216	京都	1	▲	5	チュウワチーフ	1.0	1.0
20250216	京都	1	☆	4	ケイコウギュウゴ	1.0	1.0
20250216	京都	3	◎	11	メイショウアイク	1.0	0.923
20250216	京都	3	○	8	ダノンブランニュー	1.0	0.923
20250216	京都	3	▲	9	ニシノジェダイ	0.86	0.923
20250216	京都	3	☆	5	トリプレーテ	0.83	0.923
20250216	京都	4	◎	6	コパノエミリア	0.86	0.895
20250216	京都	4	○	11	ピエマンソン	0.83	0.895
20250216	京都	4	▲	5	ナリノエンブレム	1.0	0.895
20250216	京都	4	☆	1	シホノペルフェット	0.89	0.895
20250216	京都	5	◎	12	オデット	1.0	1.0
20250216	京都	5	○	14	ロードレジェロ	1.0	1.0
20250216	京都	5	▲	5	ミッキーコンドル	1.0	1.0
20250216	京都	5	☆	8	ショウリュウシエル	1.0	1.0
20250216	京都	6	◎	4	ルジャーダ	1.0	1.0
20250216	京都	6	○	12	ケリフレッドアスク	1.0	1.0
20250216	京都	6	☆	7	アイサイト	1.0	1.0
20250216	京都	7	◎	4	オウケンシルヴァー	1.0	0.969
20250216	京都	7	○	11	アリエスキング	1.0	0.969
20250216	京都	7	▲	5	ジーティーパワー	0.88	0.969
20250216	京都	7	☆	12	アーロンイメル	1.0	0.969
20250216	京都	8	◎	13	テーオーコンドル	1.0	0.958
20250216	京都	8	○	7	バレルターン	1.0	0.958
20250216	京都	8	▲	1	ラガークイン	1.0	0.958
20250216	京都	8	☆	9	タマモランプ	0.83	0.958
20250216	京都	9	◎	2	ヴィゴラスダンサー	1.0	1.0
20250216	京都	9	○	4	バッデレイト	1.0	1.0
20250216	京都	9	▲	6	ヤマニンアドホック	1.0	1.0
20250216	京都	9	☆	3	ブリタニア	1.0	1.0
20250216	京都	10	◎	9	タンゴバイラリン	0.88	0.969
20250216	京都	10	○	12	テリフィックプラン	1.0	0.969
20250216	京都	10	▲	1	タイトニット	1.0	0.969
20250216	京都	10	☆	3	グロッシェン	1.0	0.969
20250216	京都	11	◎	8	エヒト	0.67	0.831
20250216	京都	11	○	6	チェルヴィニア	1.0	0.831
20250216	京都	11	▲	9	プラダリア	0.8	0.831
20250216	京都	11	☆	3	リビアングラス	0.86	0.831
20250216	京都	12	◎	4	アルジェンタージョ	1.0	0.958
20250216	京都	12	○	3	タガノミスト	1.0	0.958
20250216	京都	12	▲	9	プレイテシア	0.83	0.958
20250216	京都	12	☆	14	ゼットカレン	1.0	0.958
20250216	小倉	1	◎	16	テットドール	1.0	0.964
20250216	小倉	1	○	9	ルージュラティーナ	1.0	0.964
20250216	小倉	1	▲	6	ハルサメ	1.0	0.964
20250216	小倉	1	☆	13	ラインピクシー	0.86	0.964
20250216	小倉	2	◎	14	ニューウォーク	1.0	0.964
20250216	小倉	2	○	16	チェルビアット	1.0	0.964
20250216	小倉	2	▲	7	メイショウセイロウ	1.0	0.964
20250216	小倉	2	☆	8	コンスピラシー	0.86	0.964
20250216	小倉	3	◎	8	アイスリンディ	1.0	1.0
20250216	小倉	3	○	4	グッドヴァイブス	1.0	1.0
20250216	小倉	3	▲	14	ジェネラーレ	1.0	1.0
20250216	小倉	3	☆	12	ミスターディジェイ	1.0	1.0
20250216	小倉	5	◎	5	ミッドセンチュリー	1.0	1.0
20250216	小倉	5	○	6	キャニオンデシェイ	1.0	1.0
20250216	小倉	5	▲	1	コスモグローリー	1.0	1.0
20250216	小倉	5	☆	9	サミダレナイツ	1.0	1.0
20250216	小倉	6	◎	8	クインズステラ	1.0	1.0
20250216	小倉	6	○	12	オオナミコナミ	1.0	1.0
20250216	小倉	6	▲	6	エルフストラック	1.0	1.0
20250216	小倉	6	☆	4	クイーンズワーフ	1.0	1.0
20250216	小倉	7	◎	9	テイクザクラウン	1.0	0.931
20250216	小倉	7	○	12	ゼンノインヴォーク	0.89	0.931
20250216	小倉	7	▲	5	トレポンティ	0.83	0.931
20250216	小倉	7	☆	16	アスプリージャ	1.0	0.931
20250216	小倉	8	◎	12	ジェンマ	1.0	1.0
20250216	小倉	8	○	8	ルフトクス	1.0	1.0
20250216	小倉	8	▲	2	ブリッツクリーク	1.0	1.0
20250216	小倉	8	☆	13	ブラックバラード	1.0	1.0
20250216	小倉	9	◎	9	オルフェスト	1.0	1.0
20250216	小倉	9	○	2	モズトキキ	1.0	1.0
20250216	小倉	9	▲	18	ワンダーキサラ	1.0	1.0
20250216	小倉	9	☆	15	テーオースパロー	1.0	1.0
20250216	小倉	10	◎	7	トレブランシュ	0.86	0.964
20250216	小倉	10	○	5	アネモス	1.0	0.964
20250216	小倉	10	▲	6	アスクアイルビゼア	1.0	0.964
20250216	小倉	10	☆	4	サイレンスゴールド	1.0	0.964
20250216	小倉	11	◎	2	レベレンシア	1.0	1.0
20250216	小倉	11	○	11	ロードフォアエース	1.0	1.0
20250216	小倉	11	▲	3	スマートクラージュ	1.0	1.0
20250216	小倉	12	◎	10	スノーブリザード	0.88	0.969
20250216	小倉	12	○	2	ダノンアトラス	1.0	0.969
20250216	小倉	12	▲	9	マイネルバーテクス	1.0	0.969
20250216	小倉	12	☆	5	ニシノインヴィクタ	1.0	0.969
20250216	東京	1	◎	3	アルマリカシバ	0.86	0.964
20250216	東京	1	○	14	マサノユニコーン	1.0	0.964
20250216	東京	1	▲	6	サブアトミック	1.0	0.964
20250216	東京	1	☆	1	チュラット	1.0	0.964
20250216	東京	2	◎	15	ユイットムーラン	1.0	1.0
20250216	東京	2	○	14	タイセイデクスター	1.0	1.0
20250216	東京	2	▲	16	グロワールスカイ	1.0	1.0
20250216	東京	2	☆	12	ドラゴンラック	1.0	1.0
20250216	東京	4	◎	11	クラリネットソナタ	1.0	0.964
20250216	東京	4	○	4	マテンロウブレイブ	1.0	0.964
20250216	東京	4	▲	7	ミライヘノカギ	1.0	0.964
20250216	東京	4	☆	6	サノノワンダー	0.86	0.964
20250216	東京	5	◎	5	カツコノヒヤザケ	0.88	0.933
20250216	東京	5	○	2	トレサフィール	1.0	0.933
20250216	東京	5	▲	8	ナヴァラトゥナ	1.0	0.933
20250216	東京	5	☆	9	キャトルエピス	0.86	0.933
20250216	東京	6	◎	3	イクリール	1.0	1.0
20250216	東京	6	○	15	ズイウンゴサイ	1.0	1.0
20250216	東京	6	▲	16	ティムール	1.0	1.0
20250216	東京	6	☆	1	トラストボス	1.0	1.0
20250216	東京	7	◎	15	トルーマンテソーロ	1.0	1.0
20250216	東京	7	○	16	ラッキーヤース	1.0	1.0
20250216	東京	7	▲	10	ロサンゼルス	1.0	1.0
20250216	東京	7	☆	6	ロードブライト	1.0	1.0
20250216	東京	8	◎	12	ヴルカーノ	1.0	0.964
20250216	東京	8	○	9	シンハナーダ	1.0	0.964
20250216	東京	8	▲	1	キョウエイブリッサ	1.0	0.964
20250216	東京	8	☆	11	ショーヒデキラ	0.86	0.964
20250216	東京	9	◎	5	ニシノライコウ	1.0	0.917
20250216	東京	9	○	16	テウメッサ	1.0	0.917
20250216	東京	9	▲	10	ラズベリームース	1.0	0.917
20250216	東京	9	☆	7	ポルカリズム	0.67	0.917
20250216	東京	10	◎	10	ロードエクレール	1.0	0.95
20250216	東京	10	○	5	ウェイワードアクト	1.0	0.95
20250216	東京	10	▲	3	テイエムリステット	1.0	0.95
20250216	東京	10	☆	15	ユティタム	0.8	0.95
20250216	東京	11	◎	6	ショウナンマクベス	1.0	1.0
20250216	東京	11	○	8	レッドキングリー	1.0	1.0
20250216	東京	11	▲	1	サトノカルナバル	1.0	1.0
20250216	東京	11	☆	3	ワンモアスマイル	1.0	1.0
20250216	東京	12	◎	12	リンクスルーファス	1.0	1.0
20250216	東京	12	○	7	カフェニクス	1.0	1.0
20250216	東京	12	▲	3	メモリーグラス	1.0	1.0
20250216	東京	12	☆	5	トーセンサウダージ	1.0	1.0
20250222	京都	1	◎	10	クリノスワロー	1.0	0.964
20250222	京都	1	○	9	タマモジャスミン	1.0	0.964
20250222	京都	1	▲	6	サッポロキタコ	0.86	0.964
20250222	京都	1	☆	2	レゲエパンチ	1.0	0.964
20250222	京都	2	◎	12	タマモアオゾラ	1.0	0.972
20250222	京都	2	○	4	エイシンパンタレイ	0.89	0.972
20250222	京都	2	▲	10	ロードヴァルカン	1.0	0.972
20250222	京都	2	☆	2	テイエムダイタカ	1.0	0.972
20250222	京都	3	◎	11	ミンスパイ	0.8	0.922
20250222	京都	3	○	2	アメリカンバー	1.0	0.922
20250222	京都	3	▲	5	ケイアイワイラーパ	0.89	0.922
20250222	京都	3	☆	8	フランキーバローズ	1.0	0.922
20250222	京都	5	◎	8	ビジュードネージュ	1.0	0.964
20250222	京都	5	○	3	ロットブラータ	0.86	0.964
20250222	京都	5	▲	2	サラダ	1.0	0.964
20250222	京都	5	☆	9	ダノングレイ	1.0	0.964
20250222	京都	6	◎	4	キョウエイフロイデ	1.0	0.875
20250222	京都	6	○	5	ブルーペクトライト	0.78	0.875
20250222	京都	6	▲	6	タマモナポリ	0.83	0.875
20250222	京都	6	☆	7	ヒロインズクレスト	0.89	0.875
20250222	京都	7	◎	4	ノビル	1.0	1.0
20250222	京都	7	○	13	フォルテローザ	1.0	1.0
20250222	京都	7	▲	15	ナゲットモンスター	1.0	1.0
20250222	京都	7	☆	9	ゴイゴイスー	1.0	1.0
20250222	京都	8	◎	9	エポックヴィーナス	1.0	0.972
20250222	京都	8	○	2	チャンネルトンネル	0.89	0.972
20250222	京都	8	▲	4	ジュンヴァンケット	1.0	0.972
20250222	京都	8	☆	8	オーシャントライブ	1.0	0.972
20250222	京都	9	◎	7	ダイシンラー	0.83	0.895
20250222	京都	9	○	2	ウォータークラーク	1.0	0.895
20250222	京都	9	▲	5	パラディレーヌ	0.86	0.895
20250222	京都	9	☆	1	ローランドバローズ	0.89	0.895
20250222	京都	10	◎	7	オンザダブル	1.0	1.0
20250222	京都	10	○	5	ローズスター	1.0	1.0
20250222	京都	10	▲	10	ニシキギミッチー	1.0	1.0
20250222	京都	10	☆	8	タマモダイジョッキ	1.0	1.0
20250222	京都	11	◎	11	アグリ	0.67	0.889
20250222	京都	11	○	13	ソーダズリング	1.0	0.889
20250222	京都	11	▲	6	アサカラキング	1.0	0.889
20250222	京都	11	☆	15	ダノンスコーピオン	0.89	0.889
20250222	京都	12	◎	7	ジーニアスバローズ	1.0	0.972
20250222	京都	12	○	11	ワンパット	1.0	0.972
20250222	京都	12	▲	14	ウイニンググレイス	0.89	0.972
20250222	京都	12	☆	1	ボックスオフィス	1.0	0.972
20250222	小倉	1	◎	11	ベルヴィオレット	1.0	0.948
20250222	小倉	1	○	8	アンドリーナ	1.0	0.948
20250222	小倉	1	▲	14	リオンプライム	0.86	0.948
20250222	小倉	1	☆	3	ミラコレジェンヌ	0.93	0.948
20250222	小倉	2	◎	3	ツーエムクロノス	0.88	0.897
20250222	小倉	2	○	6	スナークピカソ	0.71	0.897
20250222	小倉	2	▲	4	ウインポセイドン	1.0	0.897
20250222	小倉	2	☆	1	アスククラウンモア	1.0	0.897
20250222	小倉	3	◎	10	クレイジーディス	1.0	0.944
20250222	小倉	3	○	14	プレアデスグループ	0.78	0.944
20250222	小倉	3	▲	6	シリウス	1.0	0.944
20250222	小倉	3	☆	2	サザンレイク	1.0	0.944
20250222	小倉	6	◎	14	エルモドンナ	1.0	0.917
20250222	小倉	6	○	13	ウアーシュプルング	0.78	0.917
20250222	小倉	6	▲	15	ランフォースマイル	0.89	0.917
20250222	小倉	6	☆	10	メテオレーナ	1.0	0.917
20250222	小倉	7	◎	11	モリオン	1.0	0.944
20250222	小倉	7	○	1	ベルリネッタ	1.0	0.944
20250222	小倉	7	▲	7	アイルトンバローズ	0.89	0.944
20250222	小倉	7	☆	15	リーフアクアリウム	0.89	0.944
20250222	小倉	8	◎	9	ラストボーン	1.0	1.0
20250222	小倉	8	○	1	サンドブラスト	1.0	1.0
20250222	小倉	8	▲	4	レッドライトニング	1.0	1.0
20250222	小倉	8	☆	14	コスモフレディ	1.0	1.0
20250222	小倉	9	◎	13	シアター	1.0	1.0
20250222	小倉	9	○	12	アドマイヤジェイ	1.0	1.0
20250222	小倉	9	▲	16	レッドエヴァンス	1.0	1.0
20250222	小倉	9	☆	4	ジャグアール	1.0	1.0
20250222	小倉	10	◎	2	タガノバルコス	1.0	0.941
20250222	小倉	10	○	3	ヴォランテ	1.0	0.941
20250222	小倉	10	▲	5	セイウンパシュート	0.89	0.941
20250222	小倉	10	☆	1	キャリーハピネス	0.88	0.941
20250222	小倉	11	◎	9	サンライズグルーヴ	1.0	0.964
20250222	小倉	11	○	4	ゴッドブルービー	1.0	0.964
20250222	小倉	11	▲	1	レシプロシティ	0.86	0.964
20250222	小倉	11	☆	7	メイショウホマレ	1.0	0.964
20250222	小倉	12	◎	3	マベルシュシュット	0.89	0.972
20250222	小倉	12	○	12	エラン	1.0	0.972
20250222	小倉	12	▲	4	コンテナワールド	1.0	0.972
20250222	小倉	12	☆	2	ビヨンドザドリーム	1.0	0.972
20250222	東京	1	◎	14	キャラメリー	1.0	0.969
20250222	東京	1	○	13	アサクサグレース	0.88	0.969
20250222	東京	1	▲	7	フィザルモニカ	1.0	0.969
20250222	東京	1	☆	5	メリーサウンド	1.0	0.969
20250222	東京	2	◎	14	ルークススペイ	1.0	1.0
20250222	東京	2	○	5	ゲイルライダー	1.0	1.0
20250222	東京	2	▲	10	ベルジュロネット	1.0	1.0
20250222	東京	2	☆	15	ワンダラー	1.0	1.0
20250222	東京	3	◎	15	ベンメリア	1.0	0.938
20250222	東京	3	○	7	ロングウェイホーム	1.0	0.938
20250222	東京	3	▲	16	トーセンペネロペ	0.75	0.938
20250222	東京	3	☆	12	リネンフラッシュ	1.0	0.938
20250222	東京	5	◎	17	ピュルテ	0.75	0.906
20250222	東京	5	○	10	ダノンピクチャー	0.88	0.906
20250222	東京	5	▲	18	リギーロ	1.0	0.906
20250222	東京	5	☆	6	シンデレラダッシュ	1.0	0.906
20250222	東京	6	◎	10	アルガムベイ	1.0	0.969
20250222	東京	6	○	9	フォルテム	1.0	0.969
20250222	東京	6	▲	12	キアラメンテ	1.0	0.969
20250222	東京	6	☆	13	セゾンデフィーユ	0.88	0.969
20250222	東京	7	◎	10	トルズイーガー	1.0	0.944
20250222	東京	7	○	2	イノセントキャット	0.89	0.944
20250222	東京	7	▲	13	アトリウムチャペル	0.89	0.944
20250222	東京	7	☆	12	エリカエスティーム	1.0	0.944
20250222	東京	8	◎	11	ラーンザロープス	0.88	0.878
20250222	東京	8	○	6	ヴァイザーブリック	1.0	0.878
20250222	東京	8	▲	5	ヴィレム	0.75	0.878
20250222	東京	8	☆	10	ショウナンラピダス	0.89	0.878
20250222	東京	9	◎	1	レッドルイナール	1.0	0.964
20250222	東京	9	○	5	ダノンシーマ	1.0	0.964
20250222	東京	9	▲	3	トリプルコーク	0.86	0.964
20250222	東京	9	☆	4	ヴァルキリーバース	1.0	0.964
20250222	東京	10	◎	4	ハーバーライト	1.0	0.972
20250222	東京	10	○	3	ハギノサステナブル	1.0	0.972
20250222	東京	10	▲	8	グロバーテソーロ	1.0	0.972
20250222	東京	10	☆	2	プラウドヘリテージ	0.89	0.972
20250222	東京	11	◎	3	サスツルギ	1.0	0.929
20250222	東京	11	○	8	ヘデントール	1.0	0.929
20250222	東京	11	▲	1	ワープスピード	0.71	0.929
20250222	東京	11	☆	7	ダンディズム	1.0	0.929
20250222	東京	12	◎	4	マシュー	0.75	0.938
20250222	東京	12	○	14	ホウオウフェイント	1.0	0.938
20250222	東京	12	▲	6	ノルドヴェスト	1.0	0.938
20250222	東京	12	☆	9	フィリップ	1.0	0.938
20250223	京都	1	◎	11	エルピーゾ	0.6	0.844
20250223	京都	1	○	14	リードプリンシパル	0.78	0.844
20250223	京都	1	▲	12	サウンドモリアーナ	1.0	0.844
20250223	京都	1	☆	1	ブラックケリー	1.0	0.844
20250223	京都	2	◎	5	ミュージックマン	1.0	1.0
20250223	京都	2	○	16	アートレスマインド	1.0	1.0
20250223	京都	2	▲	13	スーパーチャンド	1.0	1.0
20250223	京都	2	☆	12	オドラニャソンソン	1.0	1.0
20250223	京都	3	◎	7	サンライズジュピタ	0.89	0.972
20250223	京都	3	○	8	ブリックンクリック	1.0	0.972
20250223	京都	3	▲	2	アーリドラータ	1.0	0.972
20250223	京都	3	☆	12	ザセンチュリー	1.0	0.972
20250223	京都	5	◎	1	ストラスブール	1.0	0.958
20250223	京都	5	○	9	ジョワイユノエル	1.0	0.958
20250223	京都	5	▲	4	ウインロゼライト	1.0	0.958
20250223	京都	5	☆	10	プチプランス	0.83	0.958
20250223	京都	6	◎	3	マタミカンサン	1.0	1.0
20250223	京都	6	○	7	コズミックダンサー	1.0	1.0
20250223	京都	6	▲	9	メイショウアイナ	1.0	1.0
20250223	京都	6	☆	1	ニヒトツーゼーア	1.0	1.0
20250223	京都	7	◎	1	ディアマイサン	1.0	0.964
20250223	京都	7	○	2	ファミリータイム	1.0	0.964
20250223	京都	7	▲	3	ウインデイジー	0.86	0.964
20250223	京都	7	☆	4	カエルム	1.0	0.964
20250223	京都	8	◎	6	ウインラウダ	1.0	1.0
20250223	京都	8	○	12	シャハザマーン	1.0	1.0
20250223	京都	8	▲	1	メイショウカシワデ	1.0	1.0
20250223	京都	8	☆	10	ムーンスカイ	1.0	1.0
20250223	京都	9	◎	7	ニシノコウダイ	1.0	0.972
20250223	京都	9	○	9	サトミノキラリ	1.0	0.972
20250223	京都	9	▲	3	アクートゥス	1.0	0.972
20250223	京都	9	☆	1	メイショウフンケイ	0.89	0.972
20250223	京都	10	◎	7	カルプスペルシュ	0.75	0.896
20250223	京都	10	○	4	カワキタマナレア	1.0	0.896
20250223	京都	10	▲	8	サウスバンク	0.83	0.896
20250223	京都	10	☆	1	モジャーリオ	1.0	0.896
20250223	京都	11	◎	16	イスラアネーロ	1.0	0.964
20250223	京都	11	○	10	スターターン	1.0	0.964
20250223	京都	11	▲	4	ナムラフランク	1.0	0.964
20250223	京都	11	☆	2	ペプチドヤマト	0.86	0.964
20250223	京都	12	◎	7	レオスパーク	1.0	1.0
20250223	京都	12	○	11	ルディック	1.0	1.0
20250223	京都	12	▲	9	セントラルヴァレー	1.0	1.0
20250223	京都	12	☆	3	アイズ	1.0	1.0
20250223	小倉	1	◎	9	ランドブレイブ	1.0	1.0
20250223	小倉	1	○	2	イエローブリック	1.0	1.0
20250223	小倉	1	▲	4	ゴールドダイアー	1.0	1.0
20250223	小倉	1	☆	7	ライフゲート	1.0	1.0
20250223	小倉	2	◎	6	タケノリッチ	1.0	0.909
20250223	小倉	2	○	4	エイプリルインパリ	0.78	0.909
20250223	小倉	2	▲	5	ペガサスノース	0.86	0.909
20250223	小倉	2	☆	3	スイモアマイモ	1.0	0.909
20250223	小倉	3	◎	2	ダンツリーザ	1.0	1.0
20250223	小倉	3	○	12	ベルエアキング	1.0	1.0
20250223	小倉	3	▲	7	キャリーグレイス	1.0	1.0
20250223	小倉	3	☆	13	ローレルゼロ	1.0	1.0
20250223	小倉	5	◎	13	シャインフリーリー	1.0	1.0
20250223	小倉	5	○	1	レーヌマロン	1.0	1.0
20250223	小倉	5	▲	6	コスモアンソロジー	1.0	1.0
20250223	小倉	5	☆	10	ミッドセンチュリー	1.0	1.0
20250223	小倉	6	◎	11	トモジャシック	1.0	0.944
20250223	小倉	6	○	1	キョウキランブ	1.0	0.944
20250223	小倉	6	▲	5	ドバイミッション	1.0	0.944
20250223	小倉	6	☆	7	プリスクリプション	0.78	0.944
20250223	小倉	7	◎	12	サイレントグルーヴ	0.89	0.937
20250223	小倉	7	○	4	エコテーラー	1.0	0.937
20250223	小倉	7	▲	5	デアパーディタ	0.86	0.937
20250223	小倉	7	☆	7	ジーティーポライト	1.0	0.937
20250223	小倉	8	◎	5	ザロック	1.0	0.972
20250223	小倉	8	○	3	コスモジンバック	1.0	0.972
20250223	小倉	8	▲	8	アスクヒロイズガイ	0.89	0.972
20250223	小倉	8	☆	4	アイファーキャップ	1.0	0.972
20250223	小倉	9	◎	9	マイバラード	1.0	0.969
20250223	小倉	9	○	12	コスモレオナルド	1.0	0.969
20250223	小倉	9	▲	6	ヴェルテンベルク	1.0	0.969
20250223	小倉	9	☆	14	マテンロウアルテ	0.88	0.969
20250223	小倉	10	◎	4	タガノアレハンドラ	0.89	0.972
20250223	小倉	10	○	8	クラウンシエンタ	1.0	0.972
20250223	小倉	10	▲	5	ルナビス	1.0	0.972
20250223	小倉	10	☆	9	アセレラシオン	1.0	0.972
20250223	小倉	11	◎	10	ショウナンアデイブ	1.0	0.958
20250223	小倉	11	○	7	エピファニー	0.83	0.958
20250223	小倉	11	▲	14	エアファンディタ	1.0	0.958
20250223	小倉	11	☆	6	グランドカリナン	1.0	0.958
20250223	小倉	12	◎	8	ルージュレベッカ	1.0	1.0
20250223	小倉	12	○	10	アスティスプマンテ	1.0	1.0
20250223	小倉	12	▲	15	モンレーヴ	1.0	1.0
20250223	小倉	12	☆	1	ナムライリス	1.0	1.0
20250223	東京	1	◎	6	グレイグアン	1.0	0.972
20250223	東京	1	○	11	プライベートアイズ	0.89	0.972
20250223	東京	1	▲	3	キョウエイスレーヴ	1.0	0.972
20250223	東京	1	☆	15	グールマン	1.0	0.972
20250223	東京	2	◎	4	シリウスライト	1.0	0.914
20250223	東京	2	○	8	ディペンダブル	0.86	0.914
20250223	東京	2	▲	14	ノイシュタット	1.0	0.914
20250223	東京	2	☆	3	ジャスパー	0.8	0.914
20250223	東京	4	◎	16	ルトンワージ	1.0	0.972
20250223	東京	4	○	6	オプレントジュエル	0.89	0.972
20250223	東京	4	▲	5	モティスフォント	1.0	0.972
20250223	東京	4	☆	11	ハニードレス	1.0	0.972
20250223	東京	5	◎	11	ソードマスター	1.0	1.0
20250223	東京	5	○	13	イミグラントソング	1.0	1.0
20250223	東京	5	▲	1	ダノンミッション	1.0	1.0
20250223	東京	5	☆	8	ニシノタンギー	1.0	1.0
20250223	東京	6	◎	6	バランスダンサー	1.0	0.95
20250223	東京	6	○	2	ベストミーエヴァー	1.0	0.95
20250223	東京	6	▲	9	アンゴラブラック	1.0	0.95
20250223	東京	6	☆	7	シアブリス	0.8	0.95
20250223	東京	7	◎	13	ヘヴンリーハンド	1.0	0.964
20250223	東京	7	○	1	アムールドパリ	0.86	0.964
20250223	東京	7	▲	9	ティルドーン	1.0	0.964
20250223	東京	7	☆	7	グラヴィス	1.0	0.964
20250223	東京	8	◎	3	ロジカルワーズ	1.0	1.0
20250223	東京	8	○	6	スティールブルー	1.0	1.0
20250223	東京	8	▲	11	サクセスカラー	1.0	1.0
20250223	東京	8	☆	5	アサギリ	1.0	1.0
20250223	東京	9	◎	7	ドンインザムード	1.0	1.0
20250223	東京	9	○	9	ルクソールカフェ	1.0	1.0
20250223	東京	9	▲	3	プロミストジーン	1.0	1.0
20250223	東京	9	☆	4	ダノンフィーゴ	1.0	1.0
20250223	東京	10	◎	8	エイカイマッケンロ	1.0	1.0
20250223	東京	10	○	3	ベラジオボンド	1.0	1.0
20250223	東京	10	▲	12	ディマイザキッド	1.0	1.0
20250223	東京	10	☆	5	ルドヴィクス	1.0	1.0
20250223	東京	11	◎	15	ガイアフォース	1.0	1.0
20250223	東京	11	○	9	コスタノヴァ	1.0	1.0
20250223	東京	11	▲	14	ミッキーファイト	1.0	1.0
20250223	東京	11	☆	8	ドゥラエレーデ	1.0	1.0
20250223	東京	12	◎	4	ミスヨコハマ	1.0	0.972
20250223	東京	12	○	9	ヴァンドーム	1.0	0.972
20250223	東京	12	▲	13	レッドダンルース	1.0	0.972
20250223	東京	12	☆	1	ブループリマドンナ	0.89	0.972
20250301	中山	7	◎	1	ホリーアン	1.0	0.894
20250301	中山	7	○	6	ノビリシマビジョン	0.82	0.894
20250301	中山	7	☆	9	オーケーマヒナ	0.86	0.894
20250301	中山	8	◎	13	スラーヴァ	1.0	0.963
20250301	中山	8	○	9	ライトニングゼウス	0.89	0.963
20250301	中山	8	☆	4	ゴールデンシーカー	1.0	0.963
20250301	小倉	3	◎	10	イナフセド	1.0	1.0
20250301	小倉	3	○	6	ミッキースピナッチ	1.0	1.0
20250301	小倉	3	☆	1	ナンヨークリスタル	1.0	1.0
20250301	小倉	6	◎	11	ピジョンポイント	1.0	1.0
20250301	小倉	6	○	10	コスモアチーブ	1.0	1.0
20250301	小倉	6	☆	4	スティーヴバローズ	1.0	1.0
20250301	小倉	7	◎	11	ルクスメンデス	0.86	0.952
20250301	小倉	7	○	5	フェアリーブルー	1.0	0.952
20250301	小倉	7	☆	6	ディアイライザ	1.0	0.952
20250301	小倉	8	◎	11	ニシノコマチムスメ	1.0	1.0
20250301	小倉	8	○	6	オオナミコナミ	1.0	1.0
20250301	小倉	8	☆	8	モアニ	1.0	1.0
20250301	小倉	12	◎	4	シュブロンレーヴル	0.94	0.892
20250301	小倉	12	○	5	ビーコング	0.8	0.892
20250301	小倉	12	☆	14	グランルーチェ	0.93	0.892
20250301	阪神	1	◎	3	イフリーティア	1.0	1.0
20250301	阪神	1	○	9	ランスオブフェイス	1.0	1.0
20250301	阪神	1	▲	6	モダンレディ	1.0	1.0
20250301	阪神	5	◎	15	ベビーズブレス	0.77	0.753
20250301	阪神	5	○	16	ダノンブギ	0.6	0.753
20250301	阪神	5	☆	9	アークシャルダーム	0.89	0.753
20250301	阪神	8	◎	4	ピジョンブラッド	0.75	0.849
20250301	阪神	8	○	9	パルクリチュード	0.88	0.849
20250301	阪神	8	☆	7	コーラルハート	0.92	0.849
20250301	阪神	9	◎	6	ミラージュナイト	1.0	0.963
20250301	阪神	9	○	3	ファイアンクランツ	1.0	0.963
20250301	阪神	9	☆	5	コウジョリョウゾク	0.89	0.963
20250301	阪神	10	◎	6	ウインエアフォルク	0.89	0.926
20250301	阪神	10	○	9	サンライズソレイユ	0.89	0.926
20250301	阪神	10	☆	4	ミステリーウェイ	1.0	0.926
20250301	阪神	12	◎	13	ダズリングブレイヴ	0.89	0.963
20250301	阪神	12	○	7	バウンシーステップ	1.0	0.963
20250301	阪神	12	☆	4	システムリブート	1.0	0.963
20250302	中山	1	◎	6	タブロー	1.0	1.0
20250302	中山	1	○	14	アイアンソリッド	1.0	1.0
20250302	中山	1	▲	2	ニッシンゲッポ	1.0	1.0
20250302	中山	1	☆	7	サトノエバー	1.0	1.0
20250302	中山	2	◎	1	エポカリーナ	0.83	0.923
20250302	中山	2	○	5	ゴットランド	1.0	0.923
20250302	中山	2	▲	7	アイオリア	1.0	0.923
20250302	中山	2	☆	13	シャイニーヒル	0.86	0.923
20250302	中山	3	◎	16	ヘイケ	1.0	0.95
20250302	中山	3	○	14	ウフドゥウフ	1.0	0.95
20250302	中山	3	▲	8	シュレン	1.0	0.95
20250302	中山	3	☆	3	ポッドベル	0.8	0.95
20250302	中山	4	◎	4	イスラコラソン	1.0	0.841
20250302	中山	4	○	12	デルマアポロニア	0.88	0.841
20250302	中山	4	▲	8	ヴァイオパイシーズ	0.89	0.841
20250302	中山	4	☆	14	プルプレア	0.6	0.841
20250302	中山	5	◎	8	ベリーズブルー	1.0	1.0
20250302	中山	5	○	17	ウィッシュツリー	1.0	1.0
20250302	中山	5	▲	15	ビリングス	1.0	1.0
20250302	中山	9	◎	11	レッセパッセ	1.0	1.0
20250302	中山	9	○	7	ルカランフィースト	1.0	1.0
20250302	中山	9	☆	5	デファイ	1.0	1.0
20250302	小倉	1	◎	12	リネンドライブ	1.0	1.0
20250302	小倉	1	○	9	タケルハーロック	1.0	1.0
20250302	小倉	1	☆	13	イオリ	1.0	1.0
20250302	小倉	3	◎	11	タイセイウーノ	1.0	1.0
20250302	小倉	3	○	9	イフウドウドウ	1.0	1.0
20250302	小倉	3	▲	7	ブルドッグキング	1.0	1.0
20250302	小倉	5	◎	10	コンドゥイア	1.0	1.0
20250302	小倉	5	○	16	ウインベラーノ	1.0	1.0
20250302	小倉	5	☆	9	サッカレッロ	1.0	1.0
20250302	小倉	6	◎	4	コスモエクスプレス	1.0	0.937
20250302	小倉	6	○	12	ダノンアトラス	0.86	0.937
20250302	小倉	6	▲	7	オメガインペリアル	0.89	0.937
20250302	小倉	6	☆	14	マイファミリー	1.0	0.937
20250302	小倉	7	◎	6	ティーラミレス	1.0	1.0
20250302	小倉	7	○	14	ロードマイライフ	1.0	1.0
20250302	小倉	7	▲	13	エクセルゴールド	1.0	1.0
20250302	小倉	7	☆	4	ナムラエデン	1.0	1.0
20250302	小倉	8	◎	8	ブラックドレス	1.0	1.0
20250302	小倉	8	○	13	ノーブルアクト	1.0	1.0
20250302	小倉	8	▲	7	ステラスプレンダー	1.0	1.0
20250302	小倉	8	☆	10	シルバーニース	1.0	1.0
20250302	小倉	9	◎	5	シーオン	1.0	1.0
20250302	小倉	9	○	8	ヒラボクカレラ	1.0	1.0
20250302	小倉	9	▲	14	ベイビーキッス	1.0	1.0
20250302	小倉	9	☆	1	セイウンビッグバン	1.0	1.0
20250302	小倉	10	◎	6	マイネルトルファン	1.0	1.0
20250302	小倉	10	○	8	マイネルバーテクス	1.0	1.0
20250302	小倉	10	▲	5	アウフヘーベン	1.0	1.0
20250302	小倉	10	☆	16	サンライズエース	1.0	1.0
20250302	小倉	11	◎	2	マイネルニコラス	1.0	0.972
20250302	小倉	11	○	10	アイスグリーン	1.0	0.972
20250302	小倉	11	▲	4	ホウオウスーペリア	0.89	0.972
20250302	小倉	11	☆	6	ワイドアラジン	1.0	0.972
20250302	小倉	12	◎	13	スパークインザアイ	1.0	0.964
20250302	小倉	12	○	16	アレナパラシオ	0.86	0.964
20250302	小倉	12	▲	3	コスモフレディ	1.0	0.964
20250302	小倉	12	☆	10	ゴンドワナ	1.0	0.964
20250302	阪神	12	◎	3	サウンドサンビーム	1.0	1.0
20250302	阪神	12	○	10	ヤマニンアルリフラ	1.0	1.0
20250302	阪神	12	☆	2	アネモス	1.0	1.0
20250308	中山	1	◎	11	ジークマインド	1.0	1.0
20250308	中山	1	○	8	グリューネベルグ	1.0	1.0
20250308	中山	1	▲	6	ジョイナーテソーロ	1.0	1.0
20250308	中山	1	☆	14	デンリッレハウエル	1.0	1.0
20250308	中山	2	◎	8	ダブルメッセージ	1.0	1.0
20250308	中山	2	○	15	ハルノアラシ	1.0	1.0
20250308	中山	2	▲	13	ロングウェイホーム	1.0	1.0
20250308	中山	2	☆	5	ベネスピラ	1.0	1.0
20250308	中山	3	◎	4	ベンメリア	1.0	1.0
20250308	中山	3	○	2	チャロ	1.0	1.0
20250308	中山	3	▲	3	ゴールドハンマー	1.0	1.0
20250308	中山	3	☆	8	ヤスエ	1.0	1.0
20250308	中山	5	◎	5	アウルムレガリア	1.0	0.881
20250308	中山	5	○	3	インパクトシー	0.86	0.881
20250308	中山	5	▲	12	エポナ	0.67	0.881
20250308	中山	5	☆	4	アンガアヴィス	1.0	0.881
20250308	中山	6	◎	5	プロフェータ	0.83	0.903
20250308	中山	6	○	10	プロスペクトパーク	0.78	0.903
20250308	中山	6	▲	3	ロードスカイブルー	1.0	0.903
20250308	中山	6	☆	12	ミスターボビー	1.0	0.903
20250308	中山	7	◎	3	ママアリガトー	1.0	1.0
20250308	中山	7	○	4	レーヴブリリアント	1.0	1.0
20250308	中山	7	▲	1	スターウェーブ	1.0	1.0
20250308	中山	7	☆	5	セルズパワー	1.0	1.0
20250308	中山	8	◎	5	イデアユウシン	1.0	0.929
20250308	中山	8	○	6	メイショウソムリエ	1.0	0.929
20250308	中山	8	▲	2	キャストロペペ	0.71	0.929
20250308	中山	8	☆	14	エスジースパークル	1.0	0.929
20250308	中山	9	◎	5	ノーブルクライ	1.0	0.944
20250308	中山	9	○	7	サンライズソレイユ	0.78	0.944
20250308	中山	9	▲	9	レッドテリオス	1.0	0.944
20250308	中山	9	☆	4	カフェグランデ	1.0	0.944
20250308	中山	10	◎	6	ガンウルフ	1.0	0.964
20250308	中山	10	○	15	ロードクロンヌ	1.0	0.964
20250308	中山	10	▲	7	パシアンジャン	0.86	0.964
20250308	中山	10	☆	9	シェットランド	1.0	0.964
20250308	中山	11	◎	13	キミノナハマリア	1.0	0.972
20250308	中山	11	○	6	クリスマスパレード	1.0	0.972
20250308	中山	11	▲	11	シランケド	0.89	0.972
20250308	中山	11	☆	14	セキトバイースト	1.0	0.972
20250308	中山	12	◎	4	ハニーコム	1.0	0.964
20250308	中山	12	○	7	レッドレナート	0.86	0.964
20250308	中山	12	▲	5	マーゴットソラーレ	1.0	0.964
20250308	中山	12	☆	13	アッシュバーグ	1.0	0.964
20250308	阪神	1	◎	2	キミオモウハナ	1.0	0.944
20250308	阪神	1	○	1	リアルクィーン	1.0	0.944
20250308	阪神	1	▲	13	ハヤブサオヒメサマ	0.78	0.944
20250308	阪神	1	☆	7	メルローズ	1.0	0.944
20250308	阪神	2	◎	6	ダンツトラバース	1.0	1.0
20250308	阪神	2	○	4	メイショウアイル	1.0	1.0
20250308	阪神	2	▲	12	ロードヴォイジャー	1.0	1.0
20250308	阪神	2	☆	5	バスキュラリティ	1.0	1.0
20250308	阪神	3	◎	13	グランドネビュラ	1.0	1.0
20250308	阪神	3	○	15	ロードヴァルカン	1.0	1.0
20250308	阪神	3	▲	10	フクノフィアーノン	1.0	1.0
20250308	阪神	3	☆	7	テーオーテバルディ	1.0	1.0
20250308	阪神	4	◎	9	スーパージョック	1.0	1.0
20250308	阪神	4	○	7	メイショウズイウン	1.0	1.0
20250308	阪神	4	▲	10	ソニックステップ	1.0	1.0
20250308	阪神	4	☆	12	ヴェーヌドール	1.0	1.0
20250308	阪神	5	◎	11	アンテステーリア	1.0	0.917
20250308	阪神	5	○	3	ルージュスティーズ	1.0	0.917
20250308	阪神	5	▲	13	ショウナンバジャラ	0.89	0.917
20250308	阪神	5	☆	5	キャスパインパクト	0.78	0.917
20250308	阪神	6	◎	6	アスクデッドヒート	0.78	0.909
20250308	阪神	6	○	4	メイショウアゴナス	1.0	0.909
20250308	阪神	6	▲	1	ジーティーダーリン	1.0	0.909
20250308	阪神	6	☆	2	スリーラーケン	0.86	0.909
20250308	阪神	7	◎	6	タケノシンセイ	1.0	0.927
20250308	阪神	7	○	8	ペネトレイトゴー	0.88	0.927
20250308	阪神	7	▲	3	ブリオメンテ	0.83	0.927
20250308	阪神	7	☆	9	ガルデルクラージュ	1.0	0.927
20250308	阪神	8	◎	5	ロードドミニオン	1.0	0.889
20250308	阪神	8	○	9	カルパ	0.67	0.889
20250308	阪神	8	▲	8	パッシングシャワー	0.89	0.889
20250308	阪神	8	☆	1	エブライト	1.0	0.889
20250308	阪神	9	◎	8	キャリーハピネス	0.88	0.919
20250308	阪神	9	○	4	ブリタニア	0.8	0.919
20250308	阪神	9	▲	5	スターリングアップ	1.0	0.919
20250308	阪神	9	☆	9	ベレザニーニャ	1.0	0.919
20250308	阪神	10	◎	12	カネコメシスター	1.0	1.0
20250308	阪神	10	○	5	カミーロ	1.0	1.0
20250308	阪神	10	▲	1	ルクスメテオール	1.0	1.0
20250308	阪神	10	☆	15	タガノミスト	1.0	1.0
20250308	阪神	11	◎	3	ドゥアムール	1.0	0.914
20250308	阪神	11	○	13	ショウナンザナドゥ	0.89	0.914
20250308	阪神	11	▲	2	リリーフィールド	0.93	0.914
20250308	阪神	11	☆	16	インブロリオ	0.83	0.914
20250308	阪神	12	◎	3	フェリ	1.0	0.958
20250308	阪神	12	○	2	アムールリーベ	1.0	0.958
20250308	阪神	12	▲	1	モンシュマン	0.83	0.958
20250308	阪神	12	☆	8	イツモニコニコ	1.0	0.958
20250309	中山	1	◎	11	デュエルシャポー	1.0	0.867
20250309	中山	1	○	6	コンティオ	0.6	0.867
20250309	中山	1	☆	10	ウィンターサン	1.0	0.867
20250309	中山	2	◎	11	ナックオリオン	1.0	0.972
20250309	中山	2	○	14	ナインオブレター	1.0	0.972
20250309	中山	2	▲	4	リラキトス	1.0	0.972
20250309	中山	2	☆	5	リワードインペリオ	0.89	0.972
20250309	中山	3	◎	13	タイキインドラ	1.0	1.0
20250309	中山	3	○	3	サトミノエンジェル	1.0	1.0
20250309	中山	3	▲	1	レッドイストワール	1.0	1.0
20250309	中山	3	☆	16	ドラゴンラック	1.0	1.0
20250309	中山	5	◎	4	ヌンルチル	1.0	1.0
20250309	中山	5	○	1	ルナルーチェット	1.0	1.0
20250309	中山	5	▲	15	ホシニネガイヲ	1.0	1.0
20250309	中山	5	☆	10	ロンディネ	1.0	1.0
20250309	中山	6	◎	15	ペイシャマリーン	0.75	0.938
20250309	中山	6	○	8	ヤマメキング	1.0	0.938
20250309	中山	6	▲	2	タッカージーティー	1.0	0.938
20250309	中山	6	☆	4	クラウンウルル	1.0	0.938
20250309	中山	7	◎	13	ハヌル	1.0	0.969
20250309	中山	7	○	12	タイセイピューマ	0.88	0.969
20250309	中山	7	▲	8	スノーホルンロード	1.0	0.969
20250309	中山	7	☆	5	キミハスコール	1.0	0.969
20250309	中山	8	◎	10	ヨウシタンレイ	1.0	1.0
20250309	中山	8	○	11	レッドアトレーヴ	1.0	1.0
20250309	中山	8	▲	14	ブエナオンダ	1.0	1.0
20250309	中山	8	☆	12	ワザモノ	1.0	1.0
20250309	中山	9	◎	8	レッドヴェロシティ	1.0	0.969
20250309	中山	9	○	4	スティンガーグラス	1.0	0.969
20250309	中山	9	▲	3	インザモーメント	1.0	0.969
20250309	中山	9	☆	6	アームブランシュ	0.88	0.969
20250309	中山	10	◎	15	ピュアキアン	0.83	0.958
20250309	中山	10	○	2	ムルソー	1.0	0.958
20250309	中山	10	▲	11	ハビレ	1.0	0.958
20250309	中山	10	☆	16	ヴァンヤール	1.0	0.958
20250309	中山	11	◎	12	クラウディアイ	1.0	1.0
20250309	中山	11	○	3	ヴィンセンシオ	1.0	1.0
20250309	中山	11	▲	7	アロヒアリイ	1.0	1.0
20250309	中山	11	☆	6	ジュタ	1.0	1.0
20250309	中山	12	◎	13	サイモンソーラン	1.0	0.958
20250309	中山	12	○	14	ブレスワード	0.83	0.958
20250309	中山	12	▲	8	アオイミモザ	1.0	0.958
20250309	中山	12	☆	6	ホウオウフェイント	1.0	0.958
20250309	阪神	1	◎	7	シャンクドール	1.0	1.0
20250309	阪神	1	○	8	ツキノアカリ	1.0	1.0
20250309	阪神	1	▲	12	ネオクイーン	1.0	1.0
20250309	阪神	1	☆	1	スーパーチャンド	1.0	1.0
20250309	阪神	2	◎	12	コパノハワード	0.86	0.964
20250309	阪神	2	○	2	テーオートムソン	1.0	0.964
20250309	阪神	2	▲	7	モズケイスター	1.0	0.964
20250309	阪神	2	☆	13	ブルーカミング	1.0	0.964
20250309	阪神	3	◎	1	ゲンパチスラッガー	0.89	0.972
20250309	阪神	3	○	4	エイユーファイヤー	1.0	0.972
20250309	阪神	3	▲	2	スズノソレイユ	1.0	0.972
20250309	阪神	3	☆	7	ファーストドラゴン	1.0	0.972
20250309	阪神	4	◎	7	ビーコ	1.0	1.0
20250309	阪神	4	○	3	カロローザ	1.0	1.0
20250309	阪神	4	▲	10	ベルギューン	1.0	1.0
20250309	阪神	4	☆	1	ブルーサンセット	1.0	1.0
20250309	阪神	5	◎	14	アイルビリーヴ	1.0	0.95
20250309	阪神	5	○	8	ニュークレド	1.0	0.95
20250309	阪神	5	▲	4	テーオーシュタイン	1.0	0.95
20250309	阪神	5	☆	11	アフェシス	0.8	0.95
20250309	阪神	6	◎	4	マリンバンカー	1.0	1.0
20250309	阪神	6	○	11	メイショウソウタ	1.0	1.0
20250309	阪神	6	▲	2	モズミツボシ	1.0	1.0
20250309	阪神	6	☆	1	タマモキャリコ	1.0	1.0
20250309	阪神	7	◎	8	トラストエムシー	1.0	1.0
20250309	阪神	7	○	7	ステラクラウン	1.0	1.0
20250309	阪神	7	▲	6	エボルヴィング	1.0	1.0
20250309	阪神	7	☆	1	マテンロウゴールド	1.0	1.0
20250309	阪神	8	◎	8	クリノフィガロ	1.0	0.944
20250309	阪神	8	○	9	キャピタルサックス	0.89	0.944
20250309	阪神	8	▲	1	ルフトクス	1.0	0.944
20250309	阪神	8	☆	6	ジョウショーパワー	0.89	0.944
20250309	阪神	9	◎	7	ノラリクラリ	1.0	0.958
20250309	阪神	9	○	3	テレサ	1.0	0.958
20250309	阪神	9	▲	4	ダイシンラー	0.83	0.958
20250309	阪神	9	☆	1	イガッチ	1.0	0.958
20250309	阪神	10	◎	2	ブルーシンフォニー	0.89	0.972
20250309	阪神	10	○	11	エマヌエーレ	1.0	0.972
20250309	阪神	10	▲	7	ヤマニンアンフィル	1.0	0.972
20250309	阪神	10	☆	9	ウルトラソニック	1.0	0.972
20250309	阪神	11	◎	5	グラティアス	1.0	1.0
20250309	阪神	11	○	4	ウエストナウ	1.0	1.0
20250309	阪神	11	▲	12	デビットバローズ	1.0	1.0
20250309	阪神	11	☆	2	グリューネグリーン	1.0	1.0
20250309	阪神	12	◎	5	ペプチドハドソン	0.75	0.938
20250309	阪神	12	○	6	セミマル	1.0	0.938
20250309	阪神	12	▲	13	マイド	1.0	0.938
20250309	阪神	12	☆	8	アスクアイルビゼア	1.0	0.938
20250322	中京	1	◎	12	アルクドラ	0.8	0.822
20250322	中京	1	○	2	ロミヒ	0.67	0.822
20250322	中京	1	▲	3	フェアリーブルー	1.0	0.822
20250322	中京	2	◎	13	ブライトイメル	1.0	1.0
20250322	中京	2	▲	16	トラヴェリンバンド	1.0	1.0
20250322	中京	2	☆	3	ドゥドゥ	1.0	1.0
20250322	中京	3	◎	7	フロムザワールド	1.0	1.0
20250322	中京	3	▲	5	ジェントルバローズ	1.0	1.0
20250322	中京	3	☆	10	グティ	1.0	1.0
20250322	中京	8	◎	6	アンドゥーラ	0.83	0.944
20250322	中京	8	▲	5	メイショウクーガー	1.0	0.944
20250322	中京	8	☆	11	ザロック	1.0	0.944
20250322	中京	12	◎	4	カネコメファミリー	1.0	1.0
20250322	中京	12	○	7	テイエムタリスマ	1.0	1.0
20250322	中京	12	▲	10	ナンヨークリスタル	1.0	1.0
20250322	中山	1	◎	9	コットンフラワー	1.0	0.917
20250322	中山	1	○	13	アサクサグレース	0.88	0.917
20250322	中山	1	▲	6	パラサイコロジー	0.88	0.917
20250322	中山	2	◎	6	スパーブケン	0.83	0.861
20250322	中山	2	○	12	ピコシー	0.75	0.861
20250322	中山	2	▲	5	タキノボリ	1.0	0.861
20250322	阪神	1	◎	4	ハヤブサナンデヒメ	0.89	0.963
20250322	阪神	1	○	15	リンゲルブルーメ	1.0	0.963
20250322	阪神	1	▲	14	フクノフィアーノン	1.0	0.963
20250322	阪神	2	◎	6	ヤマニンヒストリア	0.78	0.926
20250322	阪神	2	○	8	ドウジギリ	1.0	0.926
20250322	阪神	2	▲	7	スズノソレイユ	1.0	0.926
20250322	阪神	3	◎	13	サヨノミッキー	1.0	0.978
20250322	阪神	3	○	15	ラファル	1.0	0.978
20250322	阪神	3	▲	7	ニューオーリンズ	0.93	0.978
20250322	阪神	4	◎	10	ユイットムーラン	1.0	0.963
20250322	阪神	4	○	5	キングベル	1.0	0.963
20250322	阪神	4	▲	9	ケイアイワイラーパ	0.89	0.963
20250322	阪神	5	◎	7	キャスパインパクト	0.89	0.963
20250322	阪神	5	○	3	メイショウアゴナス	1.0	0.963
20250322	阪神	5	▲	14	アスクデッドヒート	1.0	0.963
20250322	阪神	6	◎	7	フルレゾン	0.8	0.886
20250322	阪神	6	○	10	テンクウハット	0.86	0.886
20250322	阪神	6	▲	2	ブラックドレス	1.0	0.886
20250322	阪神	7	◎	10	ダディーズアイル	1.0	0.952
20250322	阪神	7	○	3	セールヴォラン	1.0	0.952
20250322	阪神	7	▲	2	ゼンカイパイロ	0.86	0.952
20250322	阪神	8	◎	1	タガノバルコス	1.0	0.933
20250322	阪神	8	○	5	サトノスカイターフ	1.0	0.933
20250322	阪神	8	▲	2	リミットバスター	0.8	0.933
20250322	阪神	9	◎	6	トーホウディアス	1.0	1.0
20250322	阪神	9	○	16	ヤマニンアンフィル	1.0	1.0
20250322	阪神	9	▲	14	サクセスアイ	1.0	1.0
20250322	阪神	10	◎	14	スマートサニー	1.0	1.0
20250322	阪神	10	○	6	モンブランミノル	1.0	1.0
20250322	阪神	10	▲	8	ゼットリアン	1.0	1.0
20250322	阪神	10	☆	7	マリオロード	1.0	1.0
20250322	阪神	11	◎	6	ローランドバローズ	0.82	0.799
20250322	阪神	11	○	9	ジョバンニ	0.8	0.799
20250322	阪神	11	▲	2	ミッキーゴールド	1.0	0.799
20250322	阪神	11	☆	4	コンフォルツァ	0.57	0.799
20250322	阪神	12	◎	7	オーケーカルメン	0.93	0.983
20250322	阪神	12	○	12	グラヴィス	1.0	0.983
20250322	阪神	12	▲	2	リジン	1.0	0.983
20250322	阪神	12	☆	13	ジーニアスバローズ	1.0	0.983
20250323	中京	11	○	9	カピリナ	0.75	0.917
20250323	中京	11	▲	15	オードリーバローズ	1.0	0.917
20250323	中京	11	☆	18	ナナオ	1.0	0.917
20250330	中京	1	◎	7	ネトル	1.0	1.0
20250330	中京	1	○	4	デザフィアドール	1.0	1.0
20250330	中京	1	▲	2	コスモサンビタリア	1.0	1.0
20250330	中京	1	☆	3	コロニス	1.0	1.0
20250330	中京	2	◎	11	クイーンズデイ	0.86	0.964
20250330	中京	2	○	10	キュードス	1.0	0.964
20250330	中京	2	▲	4	エムティエスターテ	1.0	0.964
20250330	中京	2	☆	5	サマーツアー	1.0	0.964
20250330	中京	3	◎	2	コンパクトファイト	0.89	0.972
20250330	中京	3	○	1	ライジングショット	1.0	0.972
20250330	中京	3	▲	4	アルハイルフォート	1.0	0.972
20250330	中京	3	☆	13	エンドレスバンカー	1.0	0.972
20250330	中京	4	◎	13	エキサイトバイオ	1.0	0.969
20250330	中京	4	○	10	アールヴィヴァン	0.88	0.969
20250330	中京	4	▲	8	エリーナストーム	1.0	0.969
20250330	中京	4	☆	1	エンスエーニョ	1.0	0.969
20250330	中京	5	◎	3	ヒロノエクスカリバ	1.0	0.929
20250330	中京	5	○	14	ブリックスラテ	0.86	0.929
20250330	中京	5	▲	9	ミッキーマカパ	0.86	0.929
20250330	中京	5	☆	1	グリフォン	1.0	0.929
20250330	中京	6	◎	5	ヘザルフェン	1.0	1.0
20250330	中京	6	○	10	サンセットビュー	1.0	1.0
20250330	中京	6	▲	7	メイショウソムリエ	1.0	1.0
20250330	中京	6	☆	9	ラルンエベール	1.0	1.0
20250330	中京	7	◎	6	ルージュサリナス	1.0	0.95
20250330	中京	7	○	5	フルレゾン	0.8	0.95
20250330	中京	7	▲	3	ベルイストワール	1.0	0.95
20250330	中京	7	☆	9	リノアラ	1.0	0.95
20250330	中京	8	◎	5	ウォーターエルピス	0.89	0.889
20250330	中京	8	○	6	ロットブラータ	1.0	0.889
20250330	中京	8	▲	7	エムズ	0.67	0.889
20250330	中京	8	☆	4	シャルクハフト	1.0	0.889
20250330	中京	9	◎	11	マイティマイティー	1.0	0.917
20250330	中京	9	○	5	トルーマンテソーロ	1.0	0.917
20250330	中京	9	▲	9	モンシェリ	1.0	0.917
20250330	中京	9	☆	4	カルパ	0.67	0.917
20250330	中京	10	◎	9	レッドプロフェシー	0.89	0.881
20250330	中京	10	○	7	レヴォントゥレット	0.89	0.881
20250330	中京	10	▲	13	マーブルマウンテン	0.89	0.881
20250330	中京	10	☆	1	ラフエイジアン	0.86	0.881
20250330	中京	11	◎	5	オフトレイル	1.0	1.0
20250330	中京	11	○	14	ナムラクレア	1.0	1.0
20250330	中京	11	▲	10	サトノレーヴ	1.0	1.0
20250330	中京	11	☆	15	ママコチャ	1.0	1.0
20250330	中京	12	◎	12	ニシノスピカ	0.83	0.958
20250330	中京	12	○	6	セミマル	1.0	0.958
20250330	中京	12	▲	1	オルゴーリオ	1.0	0.958
20250330	中京	12	☆	3	フミサウンド	1.0	0.958
20250330	中山	2	◎	13	アルパインハット	0.88	0.933
20250330	中山	2	○	6	アラスカフレイバー	1.0	0.933
20250330	中山	2	▲	11	フクノジョヴァンニ	1.0	0.933
20250330	中山	2	☆	7	タルトポワール	0.86	0.933
20250330	中山	3	◎	7	スムースオペレター	0.89	0.972
20250330	中山	3	○	9	ロードスカイブルー	1.0	0.972
20250330	中山	3	▲	12	グレイスザクラウン	1.0	0.972
20250330	中山	3	☆	10	ライフゲート	1.0	0.972
20250330	中山	4	◎	6	ジェイルブレイク	1.0	0.944
20250330	中山	4	○	11	トキノカンピオーネ	0.89	0.944
20250330	中山	4	▲	7	ナルサー	1.0	0.944
20250330	中山	4	☆	15	ブラーブデシジョン	0.89	0.944
20250330	中山	5	◎	15	ムーンストラック	1.0	0.977
20250330	中山	5	○	12	スティーヴバローズ	1.0	0.977
20250330	中山	5	▲	6	ニヴルヘイム	0.91	0.977
20250330	中山	5	☆	8	ドゥマーヴェリック	1.0	0.977
20250330	中山	6	◎	7	ヤマメキング	1.0	0.896
20250330	中山	6	○	6	アルデショワ	1.0	0.896
20250330	中山	6	▲	16	スリーピース	0.83	0.896
20250330	中山	6	☆	4	ペイシャマリーン	0.75	0.896
20250330	中山	7	◎	8	マッスルバック	1.0	0.929
20250330	中山	7	○	4	キャストロペペ	0.71	0.929
20250330	中山	7	▲	7	マンダリンボレロ	1.0	0.929
20250330	中山	7	☆	11	ロードインフェルノ	1.0	0.929
20250330	中山	8	◎	13	サンロレンツォ	0.86	0.933
20250330	中山	8	○	16	ゲキザル	1.0	0.933
20250330	中山	8	▲	10	キボウノホシ	1.0	0.933
20250330	中山	8	☆	6	タイセイピューマ	0.88	0.933
20250330	中山	9	◎	6	カリーン	1.0	0.937
20250330	中山	9	○	7	クライスレリアーナ	1.0	0.937
20250330	中山	9	▲	2	ショウナンサムデイ	0.89	0.937
20250330	中山	9	☆	3	ニシノエピカリ	0.86	0.937
20250330	中山	10	◎	7	ドーバーホーク	1.0	0.969
20250330	中山	10	○	8	オメガキャプテン	0.88	0.969
20250330	中山	10	▲	4	ジョーメッドヴィン	1.0	0.969
20250330	中山	10	☆	10	マキアージュ	1.0	0.969
20250330	中山	11	◎	4	ブレイクフォース	0.88	0.969
20250330	中山	11	○	1	ロードクロンヌ	1.0	0.969
20250330	中山	11	▲	6	ハビレ	1.0	0.969
20250330	中山	11	☆	12	ブライアンセンス	1.0	0.969
20250330	中山	12	◎	8	トーセントラム	1.0	0.938
20250330	中山	12	○	3	カリーシ	0.75	0.938
20250330	中山	12	▲	1	スーパーマン	1.0	0.938
20250330	中山	12	☆	12	ロゼクラン	1.0	0.938
20250330	阪神	1	◎	9	アンミツヒメ	0.67	0.867
20250330	阪神	1	○	10	タマモジャスミン	1.0	0.867
20250330	阪神	1	▲	4	シュドゥン	0.8	0.867
20250330	阪神	1	☆	8	クイーンラブ	1.0	0.867
20250330	阪神	2	◎	4	サンライズジュピタ	0.89	0.972
20250330	阪神	2	○	15	メイショウゴールド	1.0	0.972
20250330	阪神	2	▲	12	ジャスティントレノ	1.0	0.972
20250330	阪神	2	☆	14	レーヴドアンジュ	1.0	0.972
20250330	阪神	3	◎	2	ディニテ	1.0	0.972
20250330	阪神	3	○	9	アートレスマインド	1.0	0.972
20250330	阪神	3	▲	1	ディープオーシャン	0.89	0.972
20250330	阪神	3	☆	6	ヴィータレヴィス	1.0	0.972
20250330	阪神	5	◎	13	ワンコールアウェイ	1.0	0.922
20250330	阪神	5	○	9	タイセイフィオーレ	1.0	0.922
20250330	阪神	5	▲	17	ニュークレド	0.91	0.922
20250330	阪神	5	☆	16	パーフェクトパール	0.78	0.922
20250330	阪神	6	◎	14	ワンダーイロネ	1.0	0.964
20250330	阪神	6	○	9	テーオーエルビス	1.0	0.964
20250330	阪神	6	▲	1	ゴメンネジロー	1.0	0.964
20250330	阪神	6	☆	16	ピーチマカロン	0.86	0.964
20250330	阪神	7	◎	6	メイショウサチダケ	0.89	0.921
20250330	阪神	7	▲	15	ロードマイライフ	1.0	0.921
20250330	阪神	7	☆	4	ヴァイタルピース	0.88	0.921
20250330	阪神	8	◎	7	ムーンスカイ	1.0	1.0
20250330	阪神	8	○	2	タケノシンセイ	1.0	1.0
20250330	阪神	8	▲	6	アーロンイメル	1.0	1.0
20250330	阪神	8	☆	9	タマモキャリコ	1.0	1.0
20250330	阪神	9	◎	10	エコテーラー	1.0	0.969
20250330	阪神	9	○	6	ラビットアイ	1.0	0.969
20250330	阪神	9	▲	7	フレミングフープ	0.88	0.969
20250330	阪神	9	☆	1	ファミリーツリー	1.0	0.969
20250330	阪神	10	◎	11	フルール	1.0	1.0
20250330	阪神	10	○	1	オーロラエックス	1.0	1.0
20250330	阪神	10	▲	4	シェイクユアハート	1.0	1.0
20250330	阪神	10	☆	12	ヴォランテ	1.0	1.0
20250330	阪神	11	◎	11	グラティアス	1.0	0.958
20250330	阪神	11	○	5	ニホンピロキーフ	0.88	0.958
20250330	阪神	11	☆	3	バレエマスター	1.0	0.958
20250330	阪神	12	◎	11	サンガネーブ	1.0	0.972
20250330	阪神	12	○	8	アスクアイルビゼア	1.0	0.972
20250330	阪神	12	▲	13	ノボリショウリュウ	0.89	0.972
20250330	阪神	12	☆	7	クリノオリーブ	1.0	0.972
20250405	中山	1	◎	13	サツキレジーナ	1.0	0.952
20250405	中山	1	○	7	ミライヘノハナ	0.86	0.952
20250405	中山	1	☆	3	ルージュメアート	1.0	0.952
20250405	中山	2	◎	6	ヒタムキ	0.75	0.917
20250405	中山	2	○	13	エリカマユーリ	1.0	0.917
20250405	中山	2	☆	1	ビレッジルミエール	1.0	0.917
20250405	中山	3	◎	11	ロードフロリゼル	1.0	0.923
20250405	中山	3	○	5	オキョンピー	0.83	0.923
20250405	中山	3	▲	2	ブラザービート	0.86	0.923
20250405	中山	3	☆	3	ネイチャーズロウ	1.0	0.923
20250405	中山	5	◎	3	ピティロディア	0.86	0.911
20250405	中山	5	○	14	ヤマニンエイドロン	1.0	0.911
20250405	中山	5	▲	1	シュネルケーニヒ	0.88	0.911
20250405	中山	6	◎	3	キャンディリボン	1.0	1.0
20250405	中山	6	○	12	アシャカトベ	1.0	1.0
20250405	中山	6	▲	14	アンダーザライト	1.0	1.0
20250405	中山	6	☆	5	イグニススピリタス	1.0	1.0
20250405	中山	7	◎	9	エースアビリティ	1.0	0.964
20250405	中山	7	○	11	デスティノ	1.0	0.964
20250405	中山	7	▲	7	カーマンライン	1.0	0.964
20250405	中山	7	☆	1	スカパラダイス	0.86	0.964
20250405	中山	8	◎	12	サムハンター	1.0	1.0
20250405	中山	8	○	4	メイショウヨゾラ	1.0	1.0
20250405	中山	8	▲	2	アニトラ	1.0	1.0
20250405	中山	8	☆	7	ドンデンガエシ	1.0	1.0
20250405	中山	9	◎	3	ハイタイド	1.0	0.919
20250405	中山	9	○	6	ピックデムッシュ	0.88	0.919
20250405	中山	9	▲	5	ガンバルマン	1.0	0.919
20250405	中山	9	☆	7	ヤコブセン	0.8	0.919
20250405	中山	10	◎	12	バニシングポイント	1.0	1.0
20250405	中山	10	○	7	ルージュアベリア	1.0	1.0
20250405	中山	10	▲	15	ライジンマル	1.0	1.0
20250405	中山	10	☆	8	ショウナンカブト	1.0	1.0
20250405	中山	11	◎	7	コントラポスト	0.86	0.964
20250405	中山	11	○	2	トロヴァトーレ	1.0	0.964
20250405	中山	11	▲	3	エコロブルーム	1.0	0.964
20250405	中山	11	☆	1	アサカラキング	1.0	0.964
20250405	中山	12	◎	4	イリュージョン	1.0	1.0
20250405	中山	12	○	16	ロサンゼルス	1.0	1.0
20250405	中山	12	▲	10	アルニラム	1.0	1.0
20250405	中山	12	☆	2	レジーナローズ	1.0	1.0
20250405	阪神	1	◎	15	クインズマカロン	1.0	0.944
20250405	阪神	1	○	13	ガールズデイアウト	0.89	0.944
20250405	阪神	1	▲	5	エターナルプロミス	0.89	0.944
20250405	阪神	1	☆	16	スフレ	1.0	0.944
20250405	阪神	2	◎	12	タガノビジネス	1.0	1.0
20250405	阪神	2	○	11	グランカメリア	1.0	1.0
20250405	阪神	2	▲	8	ニネンエフグミ	1.0	1.0
20250405	阪神	2	☆	14	ボヌールキャッツ	1.0	1.0
20250405	阪神	3	◎	4	イダイ	1.0	0.987
20250405	阪神	3	○	1	ジェントルバローズ	1.0	0.987
20250405	阪神	3	▲	6	ベルエアフォース	1.0	0.987
20250405	阪神	3	☆	10	シュネーグロッケン	0.95	0.987
20250405	阪神	4	◎	15	スマートサターン	1.0	0.972
20250405	阪神	4	○	8	ルクスコロン	1.0	0.972
20250405	阪神	4	▲	10	ミッキータンバリン	0.89	0.972
20250405	阪神	4	☆	1	カフジウヴァ	1.0	0.972
20250405	阪神	5	◎	2	オルミラベル	1.0	1.0
20250405	阪神	5	○	8	レッドイステル	1.0	1.0
20250405	阪神	5	▲	12	ミノリッチマイヤー	1.0	1.0
20250405	阪神	5	☆	3	アイルビリーヴ	1.0	1.0
20250405	阪神	6	◎	5	アラナコア	1.0	1.0
20250405	阪神	6	○	6	ワイドブリザード	1.0	1.0
20250405	阪神	6	▲	1	ラファミリア	1.0	1.0
20250405	阪神	6	☆	7	ジェロニモス	1.0	1.0
20250405	阪神	7	◎	15	サンダーバース	1.0	0.821
20250405	阪神	7	○	5	エフエイト	1.0	0.821
20250405	阪神	7	▲	10	ピストンボーイ	0.86	0.821
20250405	阪神	7	☆	16	ペプチドヒナタ	0.43	0.821
20250405	阪神	8	◎	7	デルマアートマン	1.0	0.964
20250405	阪神	8	○	4	テーオーダグラス	1.0	0.964
20250405	阪神	8	▲	2	チェルノボーグ	1.0	0.964
20250405	阪神	8	☆	1	サダムオプシス	0.86	0.964
20250405	阪神	9	◎	5	リアンベーレ	1.0	0.964
20250405	阪神	9	○	1	ダノンシーマ	1.0	0.964
20250405	阪神	9	▲	8	リアライズオーラム	1.0	0.964
20250405	阪神	9	☆	4	ローレルオーブ	0.86	0.964
20250405	阪神	10	◎	14	サトノテンペスト	0.75	0.88
20250405	阪神	10	○	13	サンライズフレイム	1.0	0.88
20250405	阪神	10	☆	11	テイエムリステット	0.89	0.88
20250405	阪神	11	◎	4	スリールミニョン	1.0	0.969
20250405	阪神	11	○	8	アスクセクシーモア	1.0	0.969
20250405	阪神	11	▲	7	ランスオブカオス	0.88	0.969
20250405	阪神	11	☆	2	ジーティーマン	1.0	0.969
20250405	阪神	12	◎	8	アガシ	1.0	0.969
20250405	阪神	12	○	9	サフランヒーロー	0.88	0.969
20250405	阪神	12	▲	3	ワーズワース	1.0	0.969
20250405	阪神	12	☆	5	スマートビクター	1.0	0.969
20250406	中山	1	◎	10	ワカムシャ	1.0	0.969
20250406	中山	1	○	6	ホークライト	1.0	0.969
20250406	中山	1	▲	13	プレシャストップ	0.88	0.969
20250406	中山	1	☆	12	リネンフラッシュ	1.0	0.969
20250406	中山	2	◎	11	ピコグリーン	0.83	0.958
20250406	中山	2	○	16	クインズシフォン	1.0	0.958
20250406	中山	2	▲	14	ステラマテュティナ	1.0	0.958
20250406	中山	2	☆	13	ファリア	1.0	0.958
20250406	中山	3	◎	5	ハーレムシャフル	1.0	1.0
20250406	中山	3	○	11	グレイテストソング	1.0	1.0
20250406	中山	3	▲	12	ティアップドライブ	1.0	1.0
20250406	中山	3	☆	7	グランスターオー	1.0	1.0
20250406	中山	5	◎	3	オカゲサン	0.8	0.887
20250406	中山	5	○	1	ルトンワージ	1.0	0.887
20250406	中山	5	▲	2	ホウオウハナビ	1.0	0.887
20250406	中山	5	☆	6	ペイシャキャット	0.75	0.887
20250406	中山	6	◎	8	カージオイド	1.0	0.897
20250406	中山	6	○	12	テンワンダーマン	1.0	0.897
20250406	中山	6	▲	10	ゴッドエスパーダ	0.88	0.897
20250406	中山	6	☆	9	ダイチラポール	0.71	0.897
20250406	中山	7	◎	9	デリュージョン	1.0	0.964
20250406	中山	7	○	5	ジョイフルニュース	1.0	0.964
20250406	中山	7	▲	7	パワースナッチ	0.86	0.964
20250406	中山	7	☆	3	テリオスルナ	1.0	0.964
20250406	中山	8	◎	7	プレカーサー	0.83	0.958
20250406	中山	8	○	11	レイククレセント	1.0	0.958
20250406	中山	8	▲	4	アッシュバーグ	1.0	0.958
20250406	中山	8	☆	2	コスモバラタ	1.0	0.958
20250406	中山	9	◎	3	ナムアミダブツ	1.0	0.972
20250406	中山	9	○	9	レッドテリオス	1.0	0.972
20250406	中山	9	▲	2	ドゥレイクパセージ	0.89	0.972
20250406	中山	9	☆	5	エバーハンティング	1.0	0.972
20250406	中山	10	◎	7	サノノエスポ	0.83	0.931
20250406	中山	10	○	8	アピーリングルック	0.89	0.931
20250406	中山	10	▲	5	バロネッサ	1.0	0.931
20250406	中山	10	☆	2	カマチョクイン	1.0	0.931
20250406	中山	11	◎	9	ルドヴィクス	1.0	1.0
20250406	中山	11	○	6	レガーロデルシエロ	1.0	1.0
20250406	中山	11	▲	2	ミスタージーティー	1.0	1.0
20250406	中山	11	☆	15	シュタールヴィント	1.0	1.0
20250406	中山	12	◎	7	クラリティスケール	1.0	0.969
20250406	中山	12	○	10	ネイト	1.0	0.969
20250406	中山	12	▲	11	ウォルラス	1.0	0.969
20250406	中山	12	☆	3	アポロプラネット	0.88	0.969
20250406	阪神	1	◎	7	アツィオーネ	0.83	0.896
20250406	阪神	1	○	5	バシリス	0.75	0.896
20250406	阪神	1	▲	2	エルサトアナ	1.0	0.896
20250406	阪神	1	☆	9	テイエムダイスター	1.0	0.896
20250406	阪神	2	◎	13	カラーズリング	1.0	0.972
20250406	阪神	2	○	9	ハミルトン	0.89	0.972
20250406	阪神	2	▲	6	メイショウライズ	1.0	0.972
20250406	阪神	2	☆	7	ジャスティントレノ	1.0	0.972
20250406	阪神	3	◎	8	コトリノサエズリ	1.0	1.0
20250406	阪神	3	○	7	モズケイスター	1.0	1.0
20250406	阪神	3	▲	10	ソリスクラヴィス	1.0	1.0
20250406	阪神	3	☆	3	タガノテツ	1.0	1.0
20250406	阪神	4	◎	6	タイセイルシエル	1.0	1.0
20250406	阪神	4	○	12	メイショウアゴナス	1.0	1.0
20250406	阪神	4	▲	5	ロックエンジェル	1.0	1.0
20250406	阪神	4	☆	10	マイネルトラキア	1.0	1.0
20250406	阪神	5	◎	14	バレンシア	1.0	1.0
20250406	阪神	5	○	12	ステイクオール	1.0	1.0
20250406	阪神	5	▲	11	ロードヴォイジャー	1.0	1.0
20250406	阪神	5	☆	13	ベイラム	1.0	1.0
20250406	阪神	6	◎	7	キーチパルフェ	0.86	0.964
20250406	阪神	6	○	4	サスケ	1.0	0.964
20250406	阪神	6	▲	8	ウイントレメンデス	1.0	0.964
20250406	阪神	6	☆	11	ティムール	1.0	0.964
20250406	阪神	7	◎	7	クリノフィガロ	1.0	0.972
20250406	阪神	7	○	3	ペンナヴェローチェ	0.89	0.972
20250406	阪神	7	▲	6	ワンダースティング	1.0	0.972
20250406	阪神	7	☆	4	テーオードラッカー	1.0	0.972
20250406	阪神	8	◎	4	メイショウコギク	1.0	0.969
20250406	阪神	8	○	8	バンドシェル	1.0	0.969
20250406	阪神	8	▲	1	イツモニコニコ	1.0	0.969
20250406	阪神	8	☆	7	サトノプリエール	0.88	0.969
20250406	阪神	9	◎	13	ヤマニンチェルキ	1.0	0.9
20250406	阪神	9	○	12	ポールセン	0.6	0.9
20250406	阪神	9	▲	15	マサノユニコーン	1.0	0.9
20250406	阪神	9	☆	9	モズナナスター	1.0	0.9
20250406	阪神	10	◎	6	ウルトラソニック	1.0	0.908
20250406	阪神	10	○	3	シヴァース	0.8	0.908
20250406	阪神	10	▲	11	プッシュオン	0.83	0.908
20250406	阪神	10	☆	7	ブリュットミレジメ	1.0	0.908
20250406	阪神	11	◎	7	ヨーホーレイク	1.0	0.933
20250406	阪神	11	○	10	シックスペンス	0.86	0.933
20250406	阪神	11	▲	12	ステレンボッシュ	0.88	0.933
20250406	阪神	11	☆	9	コスモキュランダ	1.0	0.933
20250406	阪神	12	◎	6	メイショウタイゲイ	1.0	0.917
20250406	阪神	12	○	4	エコロガイア	1.0	0.917
20250406	阪神	12	▲	9	カズゴルティス	1.0	0.917
20250406	阪神	12	☆	11	コパノハンプトン	0.67	0.917
20250412	中山	1	◎	1	クロメヒョウ	0.83	0.844
20250412	中山	1	○	12	ロミヒ	0.67	0.844
20250412	中山	1	▲	14	レディーフランシス	1.0	0.844
20250412	中山	1	☆	2	デルマアポロニア	0.88	0.844
20250412	中山	2	◎	15	キーベスト	1.0	1.0
20250412	中山	2	○	10	アンエクスプロード	1.0	1.0
20250412	中山	2	▲	6	ロッカバイベイビー	1.0	1.0
20250412	中山	2	☆	13	ブレードダンシング	1.0	1.0
20250412	中山	3	◎	10	キタノロジック	1.0	0.972
20250412	中山	3	○	12	プロフェータ	1.0	0.972
20250412	中山	3	▲	7	エマージェンス	1.0	0.972
20250412	中山	3	☆	6	テルケンレンスター	0.89	0.972
20250412	中山	5	◎	9	パルファム	0.8	0.856
20250412	中山	5	○	8	ピエナフェーヴル	0.88	0.856
20250412	中山	5	▲	6	プルミエソルティ	0.75	0.856
20250412	中山	5	☆	12	タカミノガコイ	1.0	0.856
20250412	中山	6	◎	6	ゴールドブリーダー	1.0	0.938
20250412	中山	6	○	8	オンクラウドナイン	1.0	0.938
20250412	中山	6	▲	3	ピコシー	0.75	0.938
20250412	中山	6	☆	4	セラトーン	1.0	0.938
20250412	中山	7	◎	2	ハクサンイーグル	1.0	1.0
20250412	中山	7	○	11	ガルサブランカ	1.0	1.0
20250412	中山	7	▲	5	セイロンジェムズ	1.0	1.0
20250412	中山	7	☆	15	アサクサヴィーナス	1.0	1.0
20250412	中山	8	◎	9	パッカパッカブー	0.75	0.906
20250412	中山	8	○	2	シーリュウシー	1.0	0.906
20250412	中山	8	▲	14	セイウンガレオン	1.0	0.906
20250412	中山	8	☆	4	アレスエルピーダ	0.88	0.906
20250412	中山	9	◎	8	ジェットブレード	1.0	1.0
20250412	中山	9	○	4	ブルーマエストロ	1.0	1.0
20250412	中山	9	▲	2	ビーオンザカバー	1.0	1.0
20250412	中山	9	☆	5	ファイアトリック	1.0	1.0
20250412	中山	10	◎	8	ユキノロイヤル	1.0	0.958
20250412	中山	10	○	9	レッドアトレーヴ	1.0	0.958
20250412	中山	10	▲	12	ウインレイアー	1.0	0.958
20250412	中山	10	☆	7	ポルカリズム	0.83	0.958
20250412	中山	11	◎	9	ジェットマグナム	1.0	1.0
20250412	中山	11	○	7	アドマイヤズーム	1.0	1.0
20250412	中山	11	▲	2	コートアリシアン	1.0	1.0
20250412	中山	12	◎	9	アルジェンタージョ	1.0	0.958
20250412	中山	12	○	7	プレイテシア	0.83	0.958
20250412	中山	12	▲	15	ワイノナオミ	1.0	0.958
20250412	中山	12	☆	2	モイラ	1.0	0.958
20250412	福島	1	◎	7	カンプウ	0.75	0.852
20250412	福島	1	○	12	ビービーバザーク	1.0	0.852
20250412	福島	1	▲	8	グリスタン	0.8	0.852
20250412	福島	1	☆	10	コパノディラン	0.86	0.852
20250412	福島	2	◎	5	ペイシャアーサー	0.88	0.941
20250412	福島	2	○	2	ハリウッドメモリー	1.0	0.941
20250412	福島	2	▲	6	ピースフルゴールド	0.89	0.941
20250412	福島	2	☆	1	ビアンカネーヴェ	1.0	0.941
20250412	福島	3	◎	9	チャットケリー	1.0	0.972
20250412	福島	3	○	10	ウインシャーガス	1.0	0.972
20250412	福島	3	▲	7	シンヒダカゴールド	0.89	0.972
20250412	福島	3	☆	3	マザーズウィル	1.0	0.972
20250412	福島	4	◎	3	タマモクロッシェ	1.0	0.958
20250412	福島	4	○	14	アイファーモービル	1.0	0.958
20250412	福島	4	▲	6	ライヴドライバー	1.0	0.958
20250412	福島	4	☆	5	ファイブエム	0.83	0.958
20250412	福島	5	◎	13	サトノアルタイル	1.0	1.0
20250412	福島	5	○	15	ヘヴンウィンド	1.0	1.0
20250412	福島	5	▲	5	エリセイラ	1.0	1.0
20250412	福島	5	☆	7	サイモンベローチェ	1.0	1.0
20250412	福島	6	◎	7	ニシノヒミチュ	1.0	0.95
20250412	福島	6	○	14	タマカヅラ	0.8	0.95
20250412	福島	6	▲	6	メイショウマサツラ	1.0	0.95
20250412	福島	6	☆	10	ルシェロアズーリ	1.0	0.95
20250412	福島	7	◎	7	アステロイドメア	1.0	1.0
20250412	福島	7	○	4	オーケーバーディー	1.0	1.0
20250412	福島	7	▲	6	ロフティーイデアル	1.0	1.0
20250412	福島	7	☆	14	ゴヴェルナーレリコ	1.0	1.0
20250412	福島	8	◎	12	ルークスヘリオス	1.0	0.964
20250412	福島	8	○	16	レジェンドシップ	1.0	0.964
20250412	福島	8	▲	5	サイレントグルーヴ	1.0	0.964
20250412	福島	8	☆	14	ウインリュクス	0.86	0.964
20250412	福島	9	◎	10	フォルテフィオーレ	1.0	0.929
20250412	福島	9	○	5	ソルトブリーズ	1.0	0.929
20250412	福島	9	▲	4	ラパンラピッド	0.71	0.929
20250412	福島	9	☆	11	コスモアバンサ	1.0	0.929
20250412	福島	10	◎	5	ザウリ	1.0	1.0
20250412	福島	10	○	8	ジョヴィアン	1.0	1.0
20250412	福島	10	▲	1	ジェネラーレ	1.0	1.0
20250412	福島	10	☆	6	タイセイアレス	1.0	1.0
20250412	福島	11	◎	2	タイセイサムソン	1.0	1.0
20250412	福島	11	○	3	ダンテバローズ	1.0	1.0
20250412	福島	11	▲	6	ベルダーイメル	1.0	1.0
20250412	福島	11	☆	14	ラインオブソウル	1.0	1.0
20250412	福島	12	◎	10	ナムラシベラ	1.0	1.0
20250412	福島	12	○	1	ビッグフラワー	1.0	1.0
20250412	福島	12	▲	7	エクストラバック	1.0	1.0
20250412	福島	12	☆	14	デアデルマーレ	1.0	1.0
20250412	阪神	1	◎	9	ショウナンマハト	1.0	0.964
20250412	阪神	1	○	1	レディオンステージ	1.0	0.964
20250412	阪神	1	▲	13	カルドウェル	1.0	0.964
20250412	阪神	1	☆	15	ペイシャキセキ	0.86	0.964
20250412	阪神	2	◎	14	フロンティエール	1.0	1.0
20250412	阪神	2	○	12	ラファル	1.0	1.0
20250412	阪神	2	▲	8	ミライエイゴウ	1.0	1.0
20250412	阪神	2	☆	7	テーオーミリカン	1.0	1.0
20250412	阪神	3	◎	4	ダイハッシュウ	1.0	1.0
20250412	阪神	3	○	13	ドウジギリ	1.0	1.0
20250412	阪神	3	▲	12	テーオーシュタイン	1.0	1.0
20250412	阪神	3	☆	14	オリジナルファイン	1.0	1.0
20250412	阪神	4	◎	15	テーオーノーベル	1.0	0.969
20250412	阪神	4	○	9	ビップディラン	1.0	0.969
20250412	阪神	4	▲	17	ウインレオネッサ	0.88	0.969
20250412	阪神	4	☆	13	ハツコイサイダー	1.0	0.969
20250412	阪神	5	◎	7	サマーナイト	1.0	0.964
20250412	阪神	5	○	2	ライノ	1.0	0.964
20250412	阪神	5	▲	11	ギュルヴィ	1.0	0.964
20250412	阪神	5	☆	8	ポッドフォルク	0.86	0.964
20250412	阪神	6	◎	11	ミルトライディーン	1.0	0.958
20250412	阪神	6	○	8	インブロリオ	0.83	0.958
20250412	阪神	6	▲	10	カンシン	1.0	0.958
20250412	阪神	6	☆	7	モンテディアーナ	1.0	0.958
20250412	阪神	7	◎	7	ルージュクライト	1.0	0.941
20250412	阪神	7	○	5	ハリウッドパーク	0.88	0.941
20250412	阪神	7	▲	1	プルーヴンウィナー	0.89	0.941
20250412	阪神	7	☆	8	アリストクラシア	1.0	0.941
20250412	阪神	8	◎	11	キャンドルマス	1.0	0.964
20250412	阪神	8	○	13	シリウス	1.0	0.964
20250412	阪神	8	▲	2	セールヴォラン	1.0	0.964
20250412	阪神	8	☆	12	ピストンボーイ	0.86	0.964
20250412	阪神	9	◎	5	シュプリンガー	0.86	0.901
20250412	阪神	9	○	7	スピードリッチ	0.86	0.901
20250412	阪神	9	▲	6	サトノスカイターフ	1.0	0.901
20250412	阪神	9	☆	2	アメジストブラック	0.89	0.901
20250412	阪神	10	◎	16	デコラシオン	1.0	0.972
20250412	阪神	10	○	7	ランスオブクイーン	0.89	0.972
20250412	阪神	10	▲	9	チルカーノ	1.0	0.972
20250412	阪神	10	☆	4	ノーブルスカイ	1.0	0.972
20250412	阪神	11	◎	8	キミノナハマリア	1.0	0.931
20250412	阪神	11	○	10	ボンドガール	1.0	0.931
20250412	阪神	11	▲	7	スウィープフィート	0.89	0.931
20250412	阪神	11	☆	13	ウンブライル	0.83	0.931
20250412	阪神	12	◎	6	イミュータブル	1.0	1.0
20250412	阪神	12	○	11	アンジュフィールド	1.0	1.0
20250412	阪神	12	▲	1	クリノオリーブ	1.0	1.0
20250412	阪神	12	☆	2	メイショウホウレン	1.0	1.0
20250413	中山	1	◎	11	ラウレア	1.0	0.972
20250413	中山	1	○	6	ルチアーナ	1.0	0.972
20250413	中山	1	▲	4	ドリームアンコール	1.0	0.972
20250413	中山	1	☆	13	サンパギータチャン	0.89	0.972
20250413	中山	2	◎	15	グラスビジョン	1.0	1.0
20250413	中山	2	○	11	ネイチャーズロウ	1.0	1.0
20250413	中山	2	▲	9	トレインザマインド	1.0	1.0
20250413	中山	2	☆	8	ミセスリリー	1.0	1.0
20250413	中山	3	◎	2	ヤスケ	0.67	0.889
20250413	中山	3	○	8	タッカーバリアント	1.0	0.889
20250413	中山	3	▲	16	リュウジンオー	1.0	0.889
20250413	中山	3	☆	13	サンライズジュピタ	0.89	0.889
20250413	中山	5	◎	10	シャンパングラス	1.0	1.0
20250413	中山	5	○	7	ドルビナ	1.0	1.0
20250413	中山	5	▲	11	プリンセスロロ	1.0	1.0
20250413	中山	5	☆	13	エムティキング	1.0	1.0
20250413	中山	6	◎	4	アオイウィンダム	1.0	1.0
20250413	中山	6	○	14	マカナ	1.0	1.0
20250413	中山	6	▲	7	ビジュードネージュ	1.0	1.0
20250413	中山	6	☆	1	ヴィヴィッドムーン	1.0	1.0
20250413	中山	7	◎	7	コスモコンフェルマ	0.89	0.972
20250413	中山	7	○	6	ニューファウンド	1.0	0.972
20250413	中山	7	▲	8	シャイニーシップ	1.0	0.972
20250413	中山	7	☆	5	リバースザトレンド	1.0	0.972
20250413	中山	8	◎	3	キープサインオン	1.0	1.0
20250413	中山	8	○	16	ルシード	1.0	1.0
20250413	中山	8	▲	11	ハードセルツァー	1.0	1.0
20250413	中山	8	☆	8	カウスリップ	1.0	1.0
20250413	中山	9	◎	6	アーマルコライト	1.0	0.901
20250413	中山	9	○	3	ソウルアンドジャズ	0.89	0.901
20250413	中山	9	▲	8	ロードブレイズ	0.71	0.901
20250413	中山	9	☆	9	シゲルカミカゼ	1.0	0.901
20250413	中山	11	◎	4	ショウナンハクラク	1.0	0.844
20250413	中山	11	○	7	ロードフォアエース	1.0	0.844
20250413	中山	11	▲	8	ヨシノイースター	1.0	0.844
20250413	中山	11	☆	8	ヨシノイースター	0.38	0.844
20250413	中山	12	◎	11	サンリコリス	1.0	1.0
20250413	中山	12	○	15	チェルシー	1.0	1.0
20250413	中山	12	▲	8	ソーニャシュニク	1.0	1.0
20250413	中山	12	☆	5	ラヴァグロウ	1.0	1.0
20250413	福島	1	◎	13	アップライト	1.0	0.923
20250413	福島	1	○	9	ナムラペルル	0.83	0.923
20250413	福島	1	▲	12	リュウゼツラン	0.86	0.923
20250413	福島	1	☆	1	ラインアルテミス	1.0	0.923
20250413	福島	2	◎	8	フランシナテソーロ	1.0	0.938
20250413	福島	2	○	9	アッケシ	0.75	0.938
20250413	福島	2	▲	14	ユーティジャーニー	1.0	0.938
20250413	福島	2	☆	12	ブロンドエール	1.0	0.938
20250413	福島	3	◎	4	アンガアヴィス	0.86	0.964
20250413	福島	3	○	12	シャインフリーリー	1.0	0.964
20250413	福島	3	▲	8	オールニッポン	1.0	0.964
20250413	福島	3	☆	16	ホウオウスターツ	1.0	0.964
20250413	福島	4	◎	9	グルナルーフス	1.0	0.958
20250413	福島	4	○	3	ブルータス	1.0	0.958
20250413	福島	4	▲	13	ココデイック	0.83	0.958
20250413	福島	4	☆	2	モズシューター	1.0	0.958
20250413	福島	5	◎	7	コンドゥイア	1.0	1.0
20250413	福島	5	○	15	スイートグルーヴ	1.0	1.0
20250413	福島	5	▲	10	メイショウヤシマ	1.0	1.0
20250413	福島	5	☆	13	マイネルフルムーン	1.0	1.0
20250413	福島	6	◎	13	ソングフォーユー	1.0	0.914
20250413	福島	6	○	6	ソルレース	0.8	0.914
20250413	福島	6	▲	10	エルフレスアリー	1.0	0.914
20250413	福島	6	☆	4	プリュノワール	0.86	0.914
20250413	福島	7	◎	5	バガン	1.0	0.958
20250413	福島	7	○	1	パストラーレ	0.83	0.958
20250413	福島	7	▲	4	ミントマーク	1.0	0.958
20250413	福島	7	☆	2	サングラデーション	1.0	0.958
20250413	福島	8	◎	1	サイモンオリーブ	1.0	0.972
20250413	福島	8	○	12	プレアデスグループ	0.89	0.972
20250413	福島	8	▲	3	グッドヴァイブス	1.0	0.972
20250413	福島	8	☆	16	ヨドノゴールド	1.0	0.972
20250413	福島	9	◎	6	ラッジオ	1.0	1.0
20250413	福島	9	○	4	ビッグドリーム	1.0	1.0
20250413	福島	9	▲	1	エイムインライフ	1.0	1.0
20250413	福島	9	☆	5	ニジュウダンサー	1.0	1.0
20250413	福島	10	◎	6	グランフォーブル	1.0	1.0
20250413	福島	10	○	4	シャカシャカシー	1.0	1.0
20250413	福島	10	▲	9	シークレットヴァウ	1.0	1.0
20250413	福島	10	☆	14	ヨーカイディスコ	1.0	1.0
20250413	福島	11	◎	6	ショウナンマグマ	1.0	1.0
20250413	福島	11	○	15	グランディア	1.0	1.0
20250413	福島	11	▲	4	コスモブッドレア	1.0	1.0
20250413	福島	11	☆	9	ウインシュクラン	1.0	1.0
20250413	福島	12	◎	4	プラムダンディ	1.0	1.0
20250413	福島	12	○	2	ワンダーカモン	1.0	1.0
20250413	福島	12	▲	7	オリエンタルキング	1.0	1.0
20250413	福島	12	☆	5	ディーエスソフィア	1.0	1.0
20250413	阪神	1	◎	11	プラウドメアリー	0.88	0.897
20250413	阪神	1	○	1	ルクスデイジー	1.0	0.897
20250413	阪神	1	▲	3	チムニーパイプ	0.71	0.897
20250413	阪神	1	☆	5	ハイゼンスレイ	1.0	0.897
20250413	阪神	2	◎	2	リライトヒストリー	0.89	0.895
20250413	阪神	2	○	1	チャチャピンク	0.86	0.895
20250413	阪神	2	▲	7	ペールノエル	0.83	0.895
20250413	阪神	2	☆	14	ミラクルボーン	1.0	0.895
20250413	阪神	3	◎	13	マローソ	0.75	0.938
20250413	阪神	3	○	12	サファリ	1.0	0.938
20250413	阪神	3	▲	16	ヴィオレンツァ	1.0	0.938
20250413	阪神	3	☆	4	テーオーテバルディ	1.0	0.938
20250413	阪神	4	◎	6	カリビアンブルー	0.94	0.985
20250413	阪神	4	○	14	メイショウキンタイ	1.0	0.985
20250413	阪神	4	▲	15	メイショウビストロ	1.0	0.985
20250413	阪神	4	☆	9	コスモナッシュビル	1.0	0.985
20250413	阪神	5	◎	2	ハリーケーン	1.0	1.0
20250413	阪神	5	○	10	フィドルファドル	1.0	1.0
20250413	阪神	5	▲	6	アローオブライト	1.0	1.0
20250413	阪神	5	☆	1	ダノンフィーゴ	1.0	1.0
20250413	阪神	6	◎	1	ブルーワール	1.0	0.964
20250413	阪神	6	○	3	メイショウオオコ	1.0	0.964
20250413	阪神	6	▲	10	ジュンラトゥール	1.0	0.964
20250413	阪神	6	☆	5	テンエースワン	0.86	0.964
20250413	阪神	7	◎	6	アルトゥーム	0.83	0.887
20250413	阪神	7	○	5	マテンロウブラボー	1.0	0.887
20250413	阪神	7	▲	4	ヨウシタンレイ	0.71	0.887
20250413	阪神	7	☆	3	チャンネルトンネル	1.0	0.887
20250413	阪神	8	◎	3	ケイアイメキラ	1.0	1.0
20250413	阪神	8	○	2	カゼノランナー	1.0	1.0
20250413	阪神	8	▲	1	リジン	1.0	1.0
20250413	阪神	8	☆	10	ジーニアスバローズ	1.0	1.0
20250413	阪神	9	◎	4	サタデーサンライズ	0.89	0.928
20250413	阪神	9	○	8	ノクターン	1.0	0.928
20250413	阪神	9	▲	1	ダノンフェアレディ	1.0	0.928
20250413	阪神	9	☆	2	メイショウピリカ	0.82	0.928
20250413	阪神	10	◎	6	シーズンリッチ	1.0	0.95
20250413	阪神	10	○	1	アドマイヤテラ	1.0	0.95
20250413	阪神	10	▲	9	マイネルメモリー	1.0	0.95
20250413	阪神	10	☆	2	シルブロン	0.8	0.95
20250419	中山	1	◎	8	ピコグリーン	0.83	0.944
20250419	中山	1	○	10	ハーモニーソング	0.94	0.944
20250419	中山	1	▲	5	ドナカルナバル	1.0	0.944
20250419	中山	1	☆	13	サトミノマリア	1.0	0.944
20250419	中山	2	◎	8	ブラーブデシジョン	0.89	0.944
20250419	中山	2	○	6	スコーピオンイメル	0.89	0.944
20250419	中山	2	▲	1	カーフキック	1.0	0.944
20250419	中山	2	☆	4	リザードアイランド	1.0	0.944
20250419	中山	3	◎	12	アイビーガオー	1.0	0.958
20250419	中山	3	○	8	ショウナンラリー	1.0	0.958
20250419	中山	3	▲	1	ショーモッシュ	1.0	0.958
20250419	中山	3	☆	14	オロパタジン	0.83	0.958
20250419	中山	4	◎	12	ステイアンビシャス	1.0	1.0
20250419	中山	4	○	13	アルティテュード	1.0	1.0
20250419	中山	4	▲	1	ホウオウサンサール	1.0	1.0
20250419	中山	4	☆	9	ミヤファイター	1.0	1.0
20250419	中山	5	◎	5	エマリオンレイ	1.0	1.0
20250419	中山	5	○	7	リバーバレイト	1.0	1.0
20250419	中山	5	▲	1	トレヴィ	1.0	1.0
20250419	中山	5	☆	11	タイキブライトン	1.0	1.0
20250419	中山	6	◎	2	キタノクニカラ	1.0	0.91
20250419	中山	6	○	4	ミッキーマドンナ	1.0	0.91
20250419	中山	6	▲	6	ノビリシマビジョン	0.89	0.91
20250419	中山	6	☆	5	ザラタン	0.75	0.91
20250419	中山	7	◎	6	ファイナルヒート	0.88	0.969
20250419	中山	7	○	7	エラン	1.0	0.969
20250419	中山	7	▲	14	フォルラニーニ	1.0	0.969
20250419	中山	7	☆	9	イージーブリージー	1.0	0.969
20250419	中山	8	◎	7	ウッドショック	1.0	0.964
20250419	中山	8	○	9	ネオシルバー	1.0	0.964
20250419	中山	8	▲	5	ヴァンナチュール	1.0	0.964
20250419	中山	8	☆	4	マリンバンカー	0.86	0.964
20250419	中山	9	◎	11	アップストローク	1.0	0.964
20250419	中山	9	○	2	レッドエヴァンス	1.0	0.964
20250419	中山	9	▲	6	カリーシ	1.0	0.964
20250419	中山	9	☆	4	ピコアーガイル	0.86	0.964
20250419	中山	10	◎	9	エリカサファイア	1.0	0.964
20250419	中山	10	○	13	テリフィックプラン	1.0	0.964
20250419	中山	10	▲	6	コトホドサヨウニ	1.0	0.964
20250419	中山	10	☆	15	レッドラパルマ	0.86	0.964
20250419	中山	12	◎	2	メモリーグラス	1.0	0.969
20250419	中山	12	○	15	テセラリアン	1.0	0.969
20250419	中山	12	▲	7	ルーラルハピネス	0.88	0.969
20250419	中山	12	☆	10	メラーキ	1.0	0.969
20250419	福島	1	◎	16	ロベルタカリーナ	1.0	0.964
20250419	福島	1	○	14	タルトポワール	0.86	0.964
20250419	福島	1	▲	13	メイショウホダワラ	1.0	0.964
20250419	福島	1	☆	3	アシャカルーク	1.0	0.964
20250419	福島	2	◎	14	オーシンブーケ	0.71	0.929
20250419	福島	2	○	7	デボラ	1.0	0.929
20250419	福島	2	▲	4	メイショウマチルダ	1.0	0.929
20250419	福島	2	☆	8	ヨシノサプライズ	1.0	0.929
20250419	福島	3	◎	4	アレグリーニ	1.0	0.937
20250419	福島	3	○	2	コスモアチーブ	0.86	0.937
20250419	福島	3	▲	10	ドラギニャン	1.0	0.937
20250419	福島	3	☆	16	ブリヤディアマンテ	0.89	0.937
20250419	福島	4	◎	13	スマートブル	0.83	0.923
20250419	福島	4	○	6	メリーサウンド	1.0	0.923
20250419	福島	4	▲	9	スイートロータス	1.0	0.923
20250419	福島	4	☆	7	ピラニアキッス	0.86	0.923
20250419	福島	5	◎	5	オビドス	1.0	1.0
20250419	福島	5	○	14	マイネルアレス	1.0	1.0
20250419	福島	5	▲	16	チェンジオブハート	1.0	1.0
20250419	福島	5	☆	10	サミダレナイツ	1.0	1.0
20250419	福島	6	◎	11	コリエドール	1.0	0.964
20250419	福島	6	○	4	ヒロノエクスカリバ	1.0	0.964
20250419	福島	6	▲	3	セイラダンサー	1.0	0.964
20250419	福島	6	☆	10	ミリオンヒット	0.86	0.964
20250419	福島	7	◎	7	サイモンポーリア	1.0	0.941
20250419	福島	7	○	4	ケープウィッカム	0.88	0.941
20250419	福島	7	▲	15	ノーブルアクト	1.0	0.941
20250419	福島	7	☆	11	エスジースパークル	0.89	0.941
20250419	福島	8	◎	15	エスグラシア	1.0	0.941
20250419	福島	8	○	1	イナフセド	1.0	0.941
20250419	福島	8	▲	10	メイショウハッブル	0.89	0.941
20250419	福島	8	☆	16	グラニットピーク	0.88	0.941
20250419	福島	9	◎	7	ノラリクラリ	1.0	0.972
20250419	福島	9	○	3	デルアヴァー	1.0	0.972
20250419	福島	9	▲	4	ニシノイストワール	0.89	0.972
20250419	福島	9	☆	9	コスモアンソロジー	1.0	0.972
20250419	福島	10	◎	10	マハナ	1.0	0.933
20250419	福島	10	○	16	ウインデイジー	0.86	0.933
20250419	福島	10	▲	6	テリオスルル	1.0	0.933
20250419	福島	10	☆	2	コンバットペスカ	0.88	0.933
20250419	福島	11	◎	2	スペンサーバローズ	0.89	0.972
20250419	福島	11	○	10	クーアフュルスト	1.0	0.972
20250419	福島	11	▲	9	ラオラシオン	1.0	0.972
20250419	福島	11	☆	12	ブーバー	1.0	0.972
20250419	福島	12	◎	11	レッドカメリア	1.0	0.917
20250419	福島	12	○	5	ペルフェツィオーネ	0.67	0.917
20250419	福島	12	▲	12	ジャグアール	1.0	0.917
20250419	福島	12	☆	10	メラヴィリオーザ	1.0	0.917
20250419	阪神	1	◎	16	トップレディー	1.0	0.972
20250419	阪神	1	○	11	ガールズデイアウト	1.0	0.972
20250419	阪神	1	▲	14	アンジュアルディ	1.0	0.972
20250419	阪神	1	☆	10	エールラヴィクトワ	0.89	0.972
20250419	阪神	2	◎	2	メイショウヨンク	1.0	1.0
20250419	阪神	2	○	4	ヴリトラハン	1.0	1.0
20250419	阪神	2	▲	5	アスクザアメリカン	1.0	1.0
20250419	阪神	2	☆	10	アイズミサクラ	1.0	1.0
20250419	阪神	3	◎	16	ファルコンバローズ	1.0	0.938
20250419	阪神	3	○	15	ダイシンレアレア	0.88	0.938
20250419	阪神	3	▲	12	アインプレーゲン	0.88	0.938
20250419	阪神	3	☆	2	ミラクルブルー	1.0	0.938
20250419	阪神	4	◎	8	トルストイ	1.0	0.972
20250419	阪神	4	○	5	ファーングロット	1.0	0.972
20250419	阪神	4	▲	16	サンライズシュガー	1.0	0.972
20250419	阪神	4	☆	2	エンゲージプライド	0.89	0.972
20250419	阪神	5	◎	3	ゴッドヴァレー	0.86	0.95
20250419	阪神	5	○	5	リアライズオーラム	0.94	0.95
20250419	阪神	5	▲	2	トッピボーン	1.0	0.95
20250419	阪神	5	☆	4	メディテラニアン	1.0	0.95
20250419	阪神	6	◎	5	ネティフラウ	1.0	0.964
20250419	阪神	6	○	4	クリノスワロー	0.86	0.964
20250419	阪神	6	▲	3	シュヴァルム	1.0	0.964
20250419	阪神	6	☆	7	マリーヌ	1.0	0.964
20250419	阪神	7	◎	7	コスモアミマネラ	1.0	1.0
20250419	阪神	7	○	1	ティムール	1.0	1.0
20250419	阪神	7	▲	3	ベトルス	1.0	1.0
20250419	阪神	7	☆	9	アクアヴァーナル	1.0	1.0
20250419	阪神	8	◎	13	グローブアマランス	1.0	1.0
20250419	阪神	8	○	8	ラガークイン	1.0	1.0
20250419	阪神	8	▲	2	タガノヘラクレス	1.0	1.0
20250419	阪神	8	☆	9	バーケンティン	1.0	1.0
20250419	阪神	9	◎	7	ジャスパーバローズ	0.89	0.941
20250419	阪神	9	○	12	ルディック	1.0	0.941
20250419	阪神	9	▲	10	フィリップ	1.0	0.941
20250419	阪神	9	☆	8	タイガースパーク	0.88	0.941
20250419	阪神	10	◎	5	レディマリオン	0.86	0.964
20250419	阪神	10	○	11	スカイハイ	1.0	0.964
20250419	阪神	10	▲	1	クイックバイオ	1.0	0.964
20250419	阪神	10	☆	14	ゴールドサーベル	1.0	0.964
20250419	阪神	11	◎	6	マーブルロック	1.0	1.0
20250419	阪神	11	○	8	ミッキーファイト	1.0	1.0
20250419	阪神	11	▲	12	ハギノアレグリアス	1.0	1.0
20250419	阪神	11	☆	13	ブレイクフォース	1.0	1.0
20250419	阪神	12	◎	10	アシャカブラン	1.0	0.889
20250419	阪神	12	○	11	マイティマイティー	1.0	0.889
20250419	阪神	12	▲	14	ニホンピロカラット	0.89	0.889
20250419	阪神	12	☆	15	ベレニーチェ	0.67	0.889
20250420	中山	1	◎	4	トリュフチョコ	1.0	0.964
20250420	中山	1	○	12	ゲンパチルーナ	0.86	0.964
20250420	中山	1	▲	1	ラルガメンテ	1.0	0.964
20250420	中山	1	☆	13	フローラルデザイン	1.0	0.964
20250420	中山	2	◎	6	コットンフラワー	1.0	1.0
20250420	中山	2	○	7	アサクサグレース	1.0	1.0
20250420	中山	2	▲	5	キタノライブリー	1.0	1.0
20250420	中山	2	☆	1	シルフレイ	1.0	1.0
20250420	中山	3	◎	3	ベイビーベリッシモ	1.0	0.972
20250420	中山	3	○	10	ライフゲート	1.0	0.972
20250420	中山	3	▲	5	ドゥマーヴェリック	0.89	0.972
20250420	中山	3	☆	9	オンクラウドナイン	1.0	0.972
20250420	中山	4	◎	2	センジュコスモス	1.0	1.0
20250420	中山	4	○	5	ルトンワージ	1.0	1.0
20250420	中山	4	▲	11	マイネルトラオム	1.0	1.0
20250420	中山	4	☆	16	ゴガツノアマノガワ	1.0	1.0
20250420	中山	5	◎	3	スピリットライズ	0.88	0.933
20250420	中山	5	○	6	ヒラボクカレラ	0.86	0.933
20250420	中山	5	▲	8	マックアルイーン	1.0	0.933
20250420	中山	5	☆	9	ミクストベリーズ	1.0	0.933
20250420	中山	6	◎	13	オタマジャクシ	0.86	0.964
20250420	中山	6	○	11	ナルカミ	1.0	0.964
20250420	中山	6	▲	2	オリーブグリーン	1.0	0.964
20250420	中山	6	☆	6	ロードシュヴァリエ	1.0	0.964
20250420	中山	7	◎	3	オーロラアーク	1.0	1.0
20250420	中山	7	○	14	ショウナンハクウン	1.0	1.0
20250420	中山	7	▲	16	トモジャシーマ	1.0	1.0
20250420	中山	7	☆	15	カサブランカキッド	1.0	1.0
20250420	中山	8	◎	7	カフェアローロ	1.0	0.983
20250420	中山	8	○	3	ドバイブルース	1.0	0.983
20250420	中山	8	▲	12	ソレルビュレット	0.93	0.983
20250420	中山	8	☆	1	カムランベイ	1.0	0.983
20250420	中山	9	◎	6	エメリヨン	1.0	1.0
20250420	中山	9	○	11	カンティアーモ	1.0	1.0
20250420	中山	9	▲	9	クロシェットノエル	1.0	1.0
20250420	中山	9	☆	8	アンゴラブラック	1.0	1.0
20250420	中山	10	◎	3	ペプチドヤマト	0.71	0.873
20250420	中山	10	○	6	スターターン	1.0	0.873
20250420	中山	10	▲	15	インビンシブルパパ	0.78	0.873
20250420	中山	10	☆	9	オタルエバー	1.0	0.873
20250420	中山	11	◎	5	ジョバンニ	1.0	1.0
20250420	中山	11	○	10	クロワデュノール	1.0	1.0
20250420	中山	11	▲	11	ミュージアムマイル	1.0	1.0
20250420	中山	11	☆	17	ファウストラーゼン	1.0	1.0
20250420	中山	12	◎	7	メイテソーロ	1.0	1.0
20250420	中山	12	○	8	ナイトインロンドン	1.0	1.0
20250420	中山	12	▲	3	シャイニングソード	1.0	1.0
20250420	中山	12	☆	1	ジオフロント	1.0	1.0
20250420	福島	1	◎	13	マジカルキャンディ	1.0	1.0
20250420	福島	1	○	1	レイアポポ	1.0	1.0
20250420	福島	1	▲	14	ビーマックス	1.0	1.0
20250420	福島	1	☆	4	デルタウェーブ	1.0	1.0
20250420	福島	2	◎	2	メイショウナナコ	1.0	0.9
20250420	福島	2	○	5	ミセスリリー	1.0	0.9
20250420	福島	2	▲	4	カルデライト	1.0	0.9
20250420	福島	2	☆	9	ピコピンク	0.6	0.9
20250420	福島	3	◎	10	ブラックティンカー	1.0	1.0
20250420	福島	3	○	9	アンダースコア	1.0	1.0
20250420	福島	3	▲	7	エスペシャリー	1.0	1.0
20250420	福島	3	☆	14	スマートビビット	1.0	1.0
20250420	福島	4	◎	6	イサゴールド	1.0	1.0
20250420	福島	4	○	7	ルールーリマ	1.0	1.0
20250420	福島	4	▲	11	ラッフルズドリーム	1.0	1.0
20250420	福島	4	☆	12	ハットメリリー	1.0	1.0
20250420	福島	5	◎	8	ウインリバイバル	1.0	0.929
20250420	福島	5	○	13	バーケンヘッド	1.0	0.929
20250420	福島	5	▲	15	コンスピラシー	0.86	0.929
20250420	福島	5	☆	6	ウィズプライド	0.86	0.929
20250420	福島	6	◎	7	チュラビックタイム	1.0	1.0
20250420	福島	6	○	1	ナルサー	1.0	1.0
20250420	福島	6	▲	4	ノースグロリア	1.0	1.0
20250420	福島	6	☆	9	ミスターボビー	1.0	1.0
20250420	福島	7	◎	12	クインズステラ	0.86	0.964
20250420	福島	7	○	4	ファインライン	1.0	0.964
20250420	福島	7	▲	5	コスモレオナルド	1.0	0.964
20250420	福島	7	☆	16	ジーゲル	1.0	0.964
20250420	福島	8	◎	9	メッエフアパラ	0.86	0.893
20250420	福島	8	○	4	ザロック	1.0	0.893
20250420	福島	8	▲	13	クアトロジャック	1.0	0.893
20250420	福島	8	☆	6	ヤマカツレオン	0.71	0.893
20250420	福島	9	◎	14	レオエンプレス	0.86	0.902
20250420	福島	9	○	1	ソングオブライフ	0.88	0.902
20250420	福島	9	▲	13	ブライトアゲイン	0.88	0.902
20250420	福島	9	☆	4	ロードマイライフ	1.0	0.902
20250420	福島	10	◎	10	アイザックバローズ	1.0	1.0
20250420	福島	10	○	7	ハイラント	1.0	1.0
20250420	福島	10	▲	3	エコロレイズ	1.0	1.0
20250420	福島	10	☆	8	サークルオブジョイ	1.0	1.0
20250420	福島	11	◎	4	フィールシンパシー	0.78	0.944
20250420	福島	11	○	12	ホーエリート	1.0	0.944
20250420	福島	11	▲	11	シンリョクカ	1.0	0.944
20250420	福島	11	☆	7	アマイ	1.0	0.944
20250420	福島	12	◎	7	カールスタード	1.0	1.0
20250420	福島	12	○	2	レイワサンサン	1.0	1.0
20250420	福島	12	▲	14	アメリカンチーフ	1.0	1.0
20250420	福島	12	☆	15	トーレ	1.0	1.0
20250420	阪神	1	◎	11	タガノテツ	0.8	0.933
20250420	阪神	1	○	4	ワンウェイトゥヘル	1.0	0.933
20250420	阪神	1	▲	8	ワイドデコラシオン	1.0	0.933
20250420	阪神	1	☆	7	ニューオーリンズ	0.93	0.933
20250420	阪神	2	◎	16	ホープフルソング	1.0	0.964
20250420	阪神	2	○	7	ヴァンガルダ	1.0	0.964
20250420	阪神	2	▲	14	エレガンシア	1.0	0.964
20250420	阪神	2	☆	12	クイーンパレス	0.86	0.964
20250420	阪神	3	◎	6	ディオスパーダ	0.86	0.901
20250420	阪神	3	○	13	メイショウタイピン	0.89	0.901
20250420	阪神	3	▲	7	ピストルスター	0.86	0.901
20250420	阪神	3	☆	11	ワクシングムーン	1.0	0.901
20250420	阪神	5	◎	15	サンライズプロミス	0.89	0.937
20250420	阪神	5	○	9	ルクスフレンジー	1.0	0.937
20250420	阪神	5	▲	6	エピファランド	0.86	0.937
20250420	阪神	5	☆	17	ボンドロア	1.0	0.937
20250420	阪神	6	◎	15	ヤマニンシュラ	1.0	0.958
20250420	阪神	6	○	9	スリーピース	0.83	0.958
20250420	阪神	6	▲	14	フェデラー	1.0	0.958
20250420	阪神	6	☆	5	ラストシャリナ	1.0	0.958
20250420	阪神	7	◎	11	ゴーゴータカシ	0.86	0.923
20250420	阪神	7	○	6	マテンロウサン	1.0	0.923
20250420	阪神	7	▲	7	ベイリークロア	1.0	0.923
20250420	阪神	7	☆	2	セルズパワー	0.83	0.923
20250420	阪神	8	◎	13	モズバンディット	0.88	0.927
20250420	阪神	8	○	7	アラナコア	1.0	0.927
20250420	阪神	8	▲	5	ビルンバウム	0.83	0.927
20250420	阪神	8	☆	10	レインメーカー	1.0	0.927
20250420	阪神	11	◎	6	グランデサラス	1.0	1.0
20250420	阪神	11	○	7	ガロンヌ	1.0	1.0
20250420	阪神	11	▲	4	ナムラアトム	1.0	1.0
20250420	阪神	11	☆	3	サクセスアイ	1.0	1.0
20250420	阪神	12	◎	7	サラサハウプリティ	0.89	0.913
20250420	阪神	12	○	6	パルクリチュード	0.88	0.913
20250420	阪神	12	▲	15	テーオールビー	1.0	0.913
20250420	阪神	12	☆	4	ブリーズオンチーク	0.89	0.913
20250426	京都	1	◎	9	バトンロード	1.0	0.969
20250426	京都	1	○	11	アメリカンポリス	1.0	0.969
20250426	京都	1	▲	4	エイシンマールス	0.88	0.969
20250426	京都	1	☆	14	ハイゼンスレイ	1.0	0.969
20250426	京都	2	◎	2	サントモナルカ	0.92	0.939
20250426	京都	2	○	9	サンライズバレット	1.0	0.939
20250426	京都	2	▲	15	ルセルマンダムール	1.0	0.939
20250426	京都	2	☆	3	パーフェクト	0.83	0.939
20250426	京都	3	◎	15	ダディーズグーグー	1.0	0.964
20250426	京都	3	○	17	メイショウマサツラ	1.0	0.964
20250426	京都	3	▲	9	ベルヴィヴァン	1.0	0.964
20250426	京都	3	☆	4	ラインピクシー	0.86	0.964
20250426	京都	5	◎	4	ドライヴサンライズ	1.0	1.0
20250426	京都	5	○	1	サトノベリル	1.0	1.0
20250426	京都	5	▲	6	エイカイカッシーナ	1.0	1.0
20250426	京都	5	☆	17	アドラビーレ	1.0	1.0
20250426	京都	6	◎	13	アスタイクウス	1.0	1.0
20250426	京都	6	○	2	ジョイボーイ	1.0	1.0
20250426	京都	6	▲	3	プレデスティナーレ	1.0	1.0
20250426	京都	6	☆	10	レッドヴァリアート	1.0	1.0
20250426	京都	7	◎	9	ソングコレクター	1.0	1.0
20250426	京都	7	○	5	スリーキングス	1.0	1.0
20250426	京都	7	▲	6	ロードラビリンス	1.0	1.0
20250426	京都	7	☆	2	テーオーマルコーニ	1.0	1.0
20250426	京都	8	◎	5	バルティカ	1.0	1.0
20250426	京都	8	○	2	キングメーカー	1.0	1.0
20250426	京都	8	▲	4	フォーキャンドルズ	1.0	1.0
20250426	京都	8	☆	3	グラフィティアート	1.0	1.0
20250426	京都	9	◎	6	マルクパージュ	1.0	0.972
20250426	京都	9	○	1	マーシーラン	1.0	0.972
20250426	京都	9	▲	10	リアライズ	1.0	0.972
20250426	京都	9	☆	5	メイショウヒュウガ	0.89	0.972
20250426	京都	10	◎	4	クロニクル	1.0	1.0
20250426	京都	10	○	8	ジンセイ	1.0	1.0
20250426	京都	10	▲	1	ギャンブルルーム	1.0	1.0
20250426	京都	10	☆	5	ハギノサステナブル	1.0	1.0
20250426	京都	11	◎	11	エコロガイア	1.0	0.958
20250426	京都	11	○	13	ドンアミティエ	1.0	0.958
20250426	京都	11	▲	3	サンライズアムール	1.0	0.958
20250426	京都	11	☆	8	ファーンヒル	0.83	0.958
20250426	京都	12	◎	8	トゥーテイルズ	0.57	0.893
20250426	京都	12	○	5	テラステラ	1.0	0.893
20250426	京都	12	▲	4	ブリックワーク	1.0	0.893
20250426	京都	12	☆	1	レッドベルアーム	1.0	0.893
20250426	東京	1	◎	2	ヴェネチアンレース	1.0	0.933
20250426	東京	1	○	3	サウンドリアン	0.86	0.933
20250426	東京	1	▲	13	アオイハナミチ	1.0	0.933
20250426	東京	1	☆	9	ドリームパンジャ	0.88	0.933
20250426	東京	2	◎	5	テーオーライマン	1.0	0.944
20250426	東京	2	○	9	アラスカフレイバー	0.89	0.944
20250426	東京	2	▲	4	クラウンハート	1.0	0.944
20250426	東京	2	☆	11	ミスティマウンテン	0.89	0.944
20250426	東京	3	◎	14	マオノギミック	1.0	0.972
20250426	東京	3	○	12	ダカラフェスティヴ	1.0	0.972
20250426	東京	3	▲	16	アウフヴィント	1.0	0.972
20250426	東京	3	☆	6	スムースオペレター	0.89	0.972
20250426	東京	4	◎	14	ブリスディーシャ	0.88	0.969
20250426	東京	4	○	6	エリーナストーム	1.0	0.969
20250426	東京	4	▲	15	ハーバードスクエア	1.0	0.969
20250426	東京	4	☆	8	サラニキケン	1.0	0.969
20250426	東京	5	◎	5	ダノンエンブレム	1.0	1.0
20250426	東京	5	○	7	ベラジオワールド	1.0	1.0
20250426	東京	5	▲	17	アーラグラシア	1.0	1.0
20250426	東京	5	☆	12	メルシーボクアスク	1.0	1.0
20250426	東京	6	◎	15	ローズマイスター	1.0	0.972
20250426	東京	6	○	9	リアライズカミオン	0.89	0.972
20250426	東京	6	▲	10	トルショー	1.0	0.972
20250426	東京	6	☆	2	ダンツファイター	1.0	0.972
20250426	東京	7	◎	9	ルプランドル	0.83	0.958
20250426	東京	7	○	14	サトノセレナーデ	1.0	0.958
20250426	東京	7	▲	7	イリュージョン	1.0	0.958
20250426	東京	7	☆	3	チェイスザウェイ	1.0	0.958
20250426	東京	8	◎	3	シャンパンマーク	0.88	0.938
20250426	東京	8	○	7	パルティキュリエ	0.88	0.938
20250426	東京	8	▲	2	ヴァンガーズハート	1.0	0.938
20250426	東京	8	☆	11	ユニヴェール	1.0	0.938
20250426	東京	9	◎	7	アヴニールドブリエ	1.0	0.938
20250426	東京	9	○	8	ブエナオンダ	1.0	0.938
20250426	東京	9	▲	5	パンジャ	0.75	0.938
20250426	東京	9	☆	9	ロードマンハイム	1.0	0.938
20250426	東京	10	◎	1	アッチャゴーラ	1.0	1.0
20250426	東京	10	○	15	ビダーヤ	1.0	1.0
20250426	東京	10	▲	13	エストレヤデベレン	1.0	1.0
20250426	東京	10	☆	14	ジャスリー	1.0	1.0
20250426	東京	11	◎	13	パッションリッチ	1.0	1.0
20250426	東京	11	○	10	エネルジコ	1.0	1.0
20250426	東京	11	▲	9	ファイアンクランツ	1.0	1.0
20250426	東京	11	☆	4	ゲルチュタール	1.0	1.0
20250426	東京	12	◎	15	セイウンマカロン	1.0	0.969
20250426	東京	12	○	14	ターコイズフリンジ	1.0	0.969
20250426	東京	12	▲	3	ショウナンカブト	0.88	0.969
20250426	東京	12	☆	5	ワイワイレジェンド	1.0	0.969
20250426	福島	1	◎	6	キタノマーシャル	1.0	1.0
20250426	福島	1	○	8	リックメイン	1.0	1.0
20250426	福島	1	▲	11	ベルチュガダン	1.0	1.0
20250426	福島	1	☆	13	クリムゾンボタン	1.0	1.0
20250426	福島	2	◎	9	モズアカトンボ	1.0	1.0
20250426	福島	2	○	15	スノーサイレンス	1.0	1.0
20250426	福島	2	▲	7	アイファーモービル	1.0	1.0
20250426	福島	2	☆	2	サヨノミッキー	1.0	1.0
20250426	福島	3	◎	7	フィエールガール	1.0	0.95
20250426	福島	3	○	1	マカナ	1.0	0.95
20250426	福島	3	▲	3	スタンピー	0.8	0.95
20250426	福島	3	☆	16	オールニッポン	1.0	0.95
20250426	福島	4	◎	5	サンライズロンドン	1.0	0.944
20250426	福島	4	○	9	ピースフルゴールド	0.89	0.944
20250426	福島	4	▲	12	カウンターセブン	1.0	0.944
20250426	福島	4	☆	10	パッションビラーゴ	0.89	0.944
20250426	福島	5	◎	14	ヴォワラクテ	1.0	1.0
20250426	福島	5	○	15	サクラアドリア	1.0	1.0
20250426	福島	5	▲	16	ベルサ	1.0	1.0
20250426	福島	5	☆	3	リケアキャンディ	1.0	1.0
20250426	福島	6	◎	15	ミユンガー	1.0	0.958
20250426	福島	6	○	2	オキョンピー	0.83	0.958
20250426	福島	6	▲	13	ブラザービート	1.0	0.958
20250426	福島	6	☆	10	ソラノキャンバス	1.0	0.958
20250426	福島	7	◎	12	ビアフォーナウ	0.86	0.964
20250426	福島	7	○	10	イリスアスール	1.0	0.964
20250426	福島	7	▲	11	アンバーニードル	1.0	0.964
20250426	福島	7	☆	1	ブライティアダイヤ	1.0	0.964
20250426	福島	8	◎	8	ベニシア	1.0	0.944
20250426	福島	8	○	7	ニホンピロトッティ	0.89	0.944
20250426	福島	8	▲	13	ノーブルミステリー	0.89	0.944
20250426	福島	8	☆	4	マオノボルケーノ	1.0	0.944
20250426	福島	9	◎	4	アーサーズウェイン	1.0	1.0
20250426	福島	9	○	12	ワース	1.0	1.0
20250426	福島	9	▲	15	ウインマスカレード	1.0	1.0
20250426	福島	9	☆	13	キャリーグレイス	1.0	1.0
20250426	福島	10	◎	3	マイネルモメンタム	1.0	1.0
20250426	福島	10	○	11	カリーニョ	1.0	1.0
20250426	福島	10	▲	13	フォルテフィオーレ	1.0	1.0
20250426	福島	10	☆	8	ミラキュラスドラマ	1.0	1.0
20250426	福島	11	◎	12	ゴルトリッチ	1.0	1.0
20250426	福島	11	○	6	ビッグドリーム	1.0	1.0
20250426	福島	11	▲	9	イツモニコニコ	1.0	1.0
20250426	福島	11	☆	7	トールキン	1.0	1.0
20250426	福島	12	◎	8	アステロイドメア	1.0	0.964
20250426	福島	12	○	11	プラムダンディ	0.86	0.964
20250426	福島	12	▲	10	マッスルバック	1.0	0.964
20250426	福島	12	☆	6	サンカルミア	1.0	0.964
20250427	京都	1	◎	10	ドラゴンガール	1.0	0.91
20250427	京都	1	○	11	マローソ	0.75	0.91
20250427	京都	1	▲	5	メイショウアキカゼ	1.0	0.91
20250427	京都	1	☆	9	ペプチドクレマチス	0.89	0.91
20250427	京都	2	◎	7	ベルエアフォース	1.0	0.972
20250427	京都	2	○	16	パーソナルレコード	0.89	0.972
20250427	京都	2	▲	3	リアルサファリ	1.0	0.972
20250427	京都	2	☆	4	ヴァリオーサ	1.0	0.972
20250427	京都	3	◎	6	トモジャシック	1.0	1.0
20250427	京都	3	○	2	ビップディラン	1.0	1.0
20250427	京都	3	▲	13	シャインベック	1.0	1.0
20250427	京都	3	☆	5	チャットケリー	1.0	1.0
20250427	京都	5	◎	6	キーチファイター	1.0	0.972
20250427	京都	5	○	7	ヴォイスオブゼウス	1.0	0.972
20250427	京都	5	▲	12	ルージュスティーズ	1.0	0.972
20250427	京都	5	☆	11	イモータルプラチナ	0.89	0.972
20250427	京都	6	◎	9	サマーナイト	1.0	1.0
20250427	京都	6	○	3	モズタチアガレ	1.0	1.0
20250427	京都	6	▲	4	ゲッティヴィラ	1.0	1.0
20250427	京都	6	☆	2	レイナデアルシーラ	1.0	1.0
20250427	京都	7	◎	2	ヤマニンアラクリア	1.0	0.906
20250427	京都	7	○	8	ジーティームソウ	0.88	0.906
20250427	京都	7	▲	5	デルシエロ	1.0	0.906
20250427	京都	7	☆	10	パシフィックハイ	0.75	0.906
20250427	京都	8	◎	2	ハギノカノア	1.0	1.0
20250427	京都	8	○	4	タイセイマンボ	1.0	1.0
20250427	京都	8	▲	5	ウィンターガーデン	1.0	1.0
20250427	京都	8	☆	10	ミッションルース	1.0	1.0
20250427	京都	9	◎	6	エルディアブロ	1.0	1.0
20250427	京都	9	○	4	キャントウェイト	1.0	1.0
20250427	京都	9	▲	8	ナイトスラッガー	1.0	1.0
20250427	京都	9	☆	7	モモンウールー	1.0	1.0
20250427	京都	10	◎	12	アイスグリーン	1.0	1.0
20250427	京都	10	○	7	ベラジオボンド	1.0	1.0
20250427	京都	10	▲	1	インザモーメント	1.0	1.0
20250427	京都	10	☆	4	シーウィザード	1.0	1.0
20250427	京都	11	◎	1	ホウオウリアリティ	1.0	1.0
20250427	京都	11	○	6	ミスタージーティー	1.0	1.0
20250427	京都	11	▲	3	ジュンブロッサム	1.0	1.0
20250427	京都	11	☆	9	レイベリング	1.0	1.0
20250427	京都	12	◎	6	ケイアイメキラ	1.0	1.0
20250427	京都	12	○	8	ワイドブリザード	1.0	1.0
20250427	京都	12	▲	9	エアサンサーラ	1.0	1.0
20250427	京都	12	☆	12	タマモキャリコ	1.0	1.0
20250427	東京	1	◎	6	テルケンユミカグラ	0.89	0.972
20250427	東京	1	○	13	エイミームーン	1.0	0.972
20250427	東京	1	▲	10	ミッシオーネ	1.0	0.972
20250427	東京	1	☆	4	ポートタウランガ	1.0	0.972
20250427	東京	2	◎	14	マーゴットフェスタ	1.0	1.0
20250427	東京	2	○	2	アルテボーイ	1.0	1.0
20250427	東京	2	▲	12	ワウワウワウ	1.0	1.0
20250427	東京	2	☆	11	グレイグアン	1.0	1.0
20250427	東京	3	◎	5	ピースシャイニー	0.88	0.933
20250427	東京	3	○	11	アルマリカシバ	0.86	0.933
20250427	東京	3	▲	8	エムティエスターテ	1.0	0.933
20250427	東京	3	☆	14	ゲンキイッパイ	1.0	0.933
20250427	東京	4	◎	5	エオアリイ	1.0	1.0
20250427	東京	4	○	11	レヴーズマン	1.0	1.0
20250427	東京	4	▲	2	ムーンストラック	1.0	1.0
20250427	東京	4	☆	4	ディクシャ	1.0	1.0
20250427	東京	5	◎	9	バイオマックス	1.0	1.0
20250427	東京	5	○	8	アールヴィヴァン	1.0	1.0
20250427	東京	5	▲	11	コスモグラニット	1.0	1.0
20250427	東京	5	☆	2	ジェットエアー	1.0	1.0
20250427	東京	6	◎	6	ガーネットウインク	1.0	1.0
20250427	東京	6	○	7	アスクセクシーモア	1.0	1.0
20250427	東京	6	▲	5	カザンラク	1.0	1.0
20250427	東京	6	☆	3	ニシノルアノーヴァ	1.0	1.0
20250427	東京	7	◎	7	ライングッドマン	1.0	1.0
20250427	東京	7	○	14	バランスダンサー	1.0	1.0
20250427	東京	7	▲	3	ニシノアウェイク	1.0	1.0
20250427	東京	7	☆	9	ロードブライト	1.0	1.0
20250427	東京	8	◎	6	ウインアイオライト	1.0	0.933
20250427	東京	8	○	14	メイショウピース	0.88	0.933
20250427	東京	8	▲	10	シンバーシア	1.0	0.933
20250427	東京	8	☆	9	ヨウシタンレイ	0.86	0.933
20250427	東京	9	◎	14	セイカフォルゴーレ	1.0	0.972
20250427	東京	9	○	10	レッドシュヴェルト	1.0	0.972
20250427	東京	9	▲	1	サトミノキラリ	1.0	0.972
20250427	東京	9	☆	4	メイショウフンケイ	0.89	0.972
20250427	東京	10	◎	4	ハチメンロッピ	1.0	1.0
20250427	東京	10	○	7	ハビレ	1.0	1.0
20250427	東京	10	▲	8	タマモロック	1.0	1.0
20250427	東京	10	☆	2	サルヴァトーレ	1.0	1.0
20250427	東京	11	◎	8	マーゴットレジーナ	1.0	1.0
20250427	東京	11	○	12	ヴァルキリーバース	1.0	1.0
20250427	東京	11	▲	4	エンジェルブリーズ	1.0	1.0
20250427	東京	11	☆	13	ルクスジニア	1.0	1.0
20250427	東京	12	◎	6	ホウオウプレミア	0.88	0.899
20250427	東京	12	○	7	アンジュフィールド	1.0	0.899
20250427	東京	12	▲	12	アンドアイラヴハー	0.89	0.899
20250427	東京	12	☆	14	ニシノスピカ	0.83	0.899
20250427	福島	1	◎	10	ヒタムキ	1.0	1.0
20250427	福島	1	○	13	メイショウドライブ	1.0	1.0
20250427	福島	1	▲	8	ベルトネ	1.0	1.0
20250427	福島	1	☆	3	ゴールドシャーク	1.0	1.0
20250427	福島	2	◎	8	クリノボタンチャン	1.0	0.969
20250427	福島	2	○	6	ユーティジャーニー	1.0	0.969
20250427	福島	2	▲	11	リケアコンパンナ	1.0	0.969
20250427	福島	2	☆	14	スピードイエロー	0.88	0.969
20250427	福島	3	◎	12	グロワールスカイ	1.0	0.937
20250427	福島	3	○	7	ティアップドライブ	1.0	0.937
20250427	福島	3	▲	9	ポジティビティ	0.86	0.937
20250427	福島	3	☆	15	ジーティートゥルー	0.89	0.937
20250427	福島	4	◎	4	コルヴィーナ	1.0	0.919
20250427	福島	4	○	14	ペイシャアーサー	0.88	0.919
20250427	福島	4	▲	11	タマカヅラ	0.8	0.919
20250427	福島	4	☆	6	シベリアンデネブ	1.0	0.919
20250427	福島	5	◎	12	ムーンナイトローズ	1.0	0.958
20250427	福島	5	○	6	ディベルティスマン	1.0	0.958
20250427	福島	5	▲	3	サンカシグレ	0.83	0.958
20250427	福島	5	☆	4	ミッドセンチュリー	1.0	0.958
20250427	福島	6	◎	13	ナチュラルリバー	1.0	0.958
20250427	福島	6	○	7	エイブラムス	0.83	0.958
20250427	福島	6	▲	10	ゼンダンスカイ	1.0	0.958
20250427	福島	6	☆	14	トモジャシャトー	1.0	0.958
20250427	福島	7	◎	7	ラセーヌシュメール	1.0	0.938
20250427	福島	7	○	8	ジョウゲンノツキ	0.88	0.938
20250427	福島	7	▲	13	セイウンデセオ	1.0	0.938
20250427	福島	7	☆	4	テンプーシャオン	0.88	0.938
20250427	福島	8	◎	7	ニシノコマチムスメ	1.0	0.964
20250427	福島	8	○	15	ハーエクセレンシー	1.0	0.964
20250427	福島	8	▲	5	ドゥムーラン	1.0	0.964
20250427	福島	8	☆	14	クインズステラ	0.86	0.964
20250427	福島	9	◎	5	チャイボーグ	1.0	1.0
20250427	福島	9	○	11	ヴァイザーバルコ	1.0	1.0
20250427	福島	9	▲	10	テイクザクラウン	1.0	1.0
20250427	福島	9	☆	7	ビッグベルーガ	1.0	1.0
20250427	福島	10	◎	8	イモータルバード	1.0	1.0
20250427	福島	10	▲	14	サンドブラスト	1.0	1.0
20250427	福島	10	☆	2	ミレニアムヒロイン	1.0	1.0
20250427	福島	11	◎	14	バンデルオーラ	1.0	1.0
20250427	福島	11	○	10	ウインモナーク	1.0	1.0
20250427	福島	11	▲	11	ツインクルトーズ	1.0	1.0
20250427	福島	11	☆	12	レッドヒルシューズ	1.0	1.0
20250427	福島	12	◎	5	ブリングライト	1.0	1.0
20250427	福島	12	○	9	シャーンゴッセ	1.0	1.0
20250427	福島	12	▲	1	エフエイト	1.0	1.0
20250427	福島	12	☆	11	トモジャアルマンド	1.0	1.0
20250503	新潟	10	◎	8	デファイ	1.0	1.0
20250503	新潟	10	○	7	マイネルオーシャン	1.0	1.0
20250503	新潟	10	▲	1	ロムネヤ	1.0	1.0
20250504	京都	1	◎	6	ソイジャガー	1.0	0.931
20250504	京都	1	○	5	ウルスクローム	1.0	0.931
20250504	京都	1	▲	14	コパノマロン	0.83	0.931
20250504	京都	1	☆	13	ノヴァエスペランサ	0.89	0.931
20250504	京都	2	◎	6	オリジナルファイン	1.0	0.922
20250504	京都	2	○	2	エルクレスタワー	1.0	0.922
20250504	京都	2	▲	8	スコーピオンイメル	0.89	0.922
20250504	京都	2	☆	11	パドロック	0.8	0.922
20250504	京都	3	◎	7	プラウドメアリー	0.88	0.941
20250504	京都	3	○	9	マゴイチタ	1.0	0.941
20250504	京都	3	▲	3	コロケーション	1.0	0.941
20250504	京都	3	☆	2	ニホンピロマーベル	0.89	0.941
20250504	京都	4	◎	13	ショウナンマハト	1.0	1.0
20250504	京都	4	○	10	ダノンジョーカー	1.0	1.0
20250504	京都	4	▲	2	コスモナッシュビル	1.0	1.0
20250504	京都	4	☆	8	ウインヘリオドール	1.0	1.0
20250504	京都	5	◎	4	ユウトザレン	0.83	0.881
20250504	京都	5	○	7	メイショウハチロー	1.0	0.881
20250504	京都	5	▲	1	スリーピース	0.83	0.881
20250504	京都	5	☆	5	ダイシンリンク	0.86	0.881
20250504	京都	6	◎	4	ニホンピロマリンバ	0.89	0.899
20250504	京都	6	○	2	タマモナポリ	0.83	0.899
20250504	京都	6	▲	5	ステラスプレンダー	1.0	0.899
20250504	京都	6	☆	3	ヒラリーステップ	0.88	0.899
20250504	京都	7	◎	6	ダイシンビヨンド	0.88	0.858
20250504	京都	7	○	9	ミッキースターダム	1.0	0.858
20250504	京都	7	▲	8	ジャズ	0.67	0.858
20250504	京都	7	☆	3	ホウオウペトリュス	0.89	0.858
20250504	京都	8	◎	2	エルフストラック	1.0	0.969
20250504	京都	8	○	1	ファミリーツリー	1.0	0.969
20250504	京都	8	▲	4	ミッキースピネル	0.88	0.969
20250504	京都	8	☆	3	ラレーヌデリス	1.0	0.969
20250504	京都	9	◎	9	パーサヴィアランス	0.78	0.944
20250504	京都	9	○	5	カゼノランナー	1.0	0.944
20250504	京都	9	▲	1	ホルトバージ	1.0	0.944
20250504	京都	9	☆	3	カネトシゴウト	1.0	0.944
20250504	京都	10	◎	5	パクスロマーナ	0.86	0.964
20250504	京都	10	○	4	ヤマニンアルリフラ	1.0	0.964
20250504	京都	10	▲	12	ミルテンベルク	1.0	0.964
20250504	京都	10	☆	1	アララララ	1.0	0.964
20250504	京都	11	◎	11	マイネルエンペラー	0.89	0.944
20250504	京都	11	○	13	ジャスティンパレス	0.89	0.944
20250504	京都	11	▲	5	サンライズアース	1.0	0.944
20250504	京都	11	☆	3	ブローザホーン	1.0	0.944
20250504	京都	12	◎	3	ミラバーグマン	1.0	1.0
20250504	京都	12	○	8	カミーロ	1.0	1.0
20250504	京都	12	▲	16	キタノズエッジ	1.0	1.0
20250504	京都	12	☆	6	メイショウホウレン	1.0	1.0
20250504	新潟	1	◎	2	エキゾチックガール	1.0	1.0
20250504	新潟	1	○	7	ブラックダイヤ	1.0	1.0
20250504	新潟	1	▲	5	エリセイラ	1.0	1.0
20250504	新潟	1	☆	8	シンデレラダッシュ	1.0	1.0
20250504	新潟	2	◎	6	リーサイェイ	1.0	0.972
20250504	新潟	2	○	2	エスシーレベッカ	1.0	0.972
20250504	新潟	2	▲	8	チケットトゥヘブン	0.89	0.972
20250504	新潟	2	☆	13	テイエムジェネラル	1.0	0.972
20250504	新潟	3	◎	9	ショウサンジョージ	1.0	1.0
20250504	新潟	3	○	7	ラストレガシー	1.0	1.0
20250504	新潟	3	▲	3	ジャスティンアロー	1.0	1.0
20250504	新潟	3	☆	4	タイセイビートル	1.0	1.0
20250504	新潟	5	◎	1	サンライズロジャー	1.0	0.964
20250504	新潟	5	○	15	レイヤードレッド	1.0	0.964
20250504	新潟	5	▲	9	ヴィアトル	1.0	0.964
20250504	新潟	5	☆	6	エットトゥカム	0.86	0.964
20250504	新潟	6	◎	3	ムーンスカイ	1.0	0.941
20250504	新潟	6	○	12	カレンワッツアップ	0.89	0.941
20250504	新潟	6	▲	8	ゴヴェルナーレリコ	1.0	0.941
20250504	新潟	6	☆	5	アレスエルピーダ	0.88	0.941
20250504	新潟	7	◎	5	ダディーズアイル	1.0	1.0
20250504	新潟	7	○	13	ライトニングゼウス	1.0	1.0
20250504	新潟	7	▲	12	グッドヴァイブス	1.0	1.0
20250504	新潟	7	☆	7	スピードパンサー	1.0	1.0
20250504	新潟	8	◎	3	メイショウタクボク	1.0	1.0
20250504	新潟	8	○	7	メイショウノブカ	1.0	1.0
20250504	新潟	8	▲	1	トレミニョン	1.0	1.0
20250504	新潟	8	☆	4	クラウドセイル	1.0	1.0
20250504	新潟	9	◎	13	ネイリッカ	1.0	0.981
20250504	新潟	9	○	12	クリニクラウン	1.0	0.981
20250504	新潟	9	▲	9	メテオールライト	1.0	0.981
20250504	新潟	9	☆	5	サツキノジョウ	0.92	0.981
20250504	新潟	10	◎	4	オリアメンディ	1.0	0.972
20250504	新潟	10	○	13	イコサン	1.0	0.972
20250504	新潟	10	▲	14	クールベイビー	1.0	0.972
20250504	新潟	10	☆	6	ハピアーザンエバー	0.89	0.972
20250504	新潟	11	◎	11	シアージスト	1.0	1.0
20250504	新潟	11	○	3	グッジョブ	1.0	1.0
20250504	新潟	11	▲	7	ブシン	1.0	1.0
20250504	新潟	11	☆	8	レディフォース	1.0	1.0
20250504	新潟	12	◎	12	ツッチーフェイス	1.0	0.938
20250504	新潟	12	○	10	デイジー	0.75	0.938
20250504	新潟	12	▲	2	ソアラ	1.0	0.938
20250504	新潟	12	☆	6	ジーティームテキ	1.0	0.938
20250504	東京	1	◎	4	マシェリアムール	1.0	0.929
20250504	東京	1	○	6	ガラク	1.0	0.929
20250504	東京	1	▲	8	ハッピーウィズユー	1.0	0.929
20250504	東京	1	☆	3	パイシャオピン	0.71	0.929
20250504	東京	2	◎	4	ハンクスター	1.0	0.95
20250504	東京	2	○	5	ポッドベル	0.8	0.95
20250504	東京	2	▲	7	マックスキュー	1.0	0.95
20250504	東京	2	☆	1	ウフドゥウフ	1.0	0.95
20250504	東京	3	◎	15	ロンデシャッセ	1.0	1.0
20250504	東京	3	○	10	サトミノエンジェル	1.0	1.0
20250504	東京	3	▲	4	ノアヴィヴァーチェ	1.0	1.0
20250504	東京	3	☆	2	イサチルカムカム	1.0	1.0
20250504	東京	4	◎	1	シャドウヴァイス	1.0	1.0
20250504	東京	4	○	12	チェンジオブハート	1.0	1.0
20250504	東京	4	▲	2	タイヨウノキセツ	1.0	1.0
20250504	東京	4	☆	3	アセンブリールーム	1.0	1.0
20250504	東京	5	◎	4	ラファヴォリット	1.0	1.0
20250504	東京	5	○	1	アローグレイシャー	1.0	1.0
20250504	東京	5	▲	3	タイキブライトン	1.0	1.0
20250504	東京	5	☆	16	テルケンユミクイン	1.0	1.0
20250504	東京	6	◎	3	ジーティーエンジン	1.0	1.0
20250504	東京	6	○	4	ハリーケーン	1.0	1.0
20250504	東京	6	▲	16	ガビーズブラザー	1.0	1.0
20250504	東京	6	☆	9	コシュデリ	1.0	1.0
20250504	東京	7	◎	6	トゥルース	0.8	0.95
20250504	東京	7	○	1	メイショウソムリエ	1.0	0.95
20250504	東京	7	▲	9	ポップスター	1.0	0.95
20250504	東京	7	☆	3	セイウンガレオン	1.0	0.95
20250504	東京	8	◎	4	アサギリ	1.0	1.0
20250504	東京	8	○	1	カニキュル	1.0	1.0
20250504	東京	8	▲	7	タイキラフター	1.0	1.0
20250504	東京	8	☆	8	エイムフォーエース	1.0	1.0
20250504	東京	9	◎	11	ソリダリティ	1.0	0.917
20250504	東京	9	○	1	アスクカムオンモア	1.0	0.917
20250504	東京	9	▲	12	ショウナンラピダス	0.89	0.917
20250504	東京	9	☆	2	モズロックンロール	0.78	0.917
20250504	東京	10	◎	6	ディープリボーン	0.88	0.941
20250504	東京	10	○	2	サクラトップリアル	1.0	0.941
20250504	東京	10	▲	16	レヴォントゥレット	0.89	0.941
20250504	東京	10	☆	7	ウェルカムニュース	1.0	0.941
20250504	東京	11	◎	3	ショウナンマクベス	1.0	1.0
20250504	東京	11	○	11	レイニング	1.0	1.0
20250504	東京	11	▲	9	インパクトシー	1.0	1.0
20250504	東京	11	☆	13	ダノンカゼルタ	1.0	1.0
20250504	東京	12	◎	1	エコロドゥネス	1.0	0.969
20250504	東京	12	○	11	サフランヒーロー	0.88	0.969
20250504	東京	12	▲	15	ゴールデンオスカー	1.0	0.969
20250504	東京	12	☆	9	ダノンマカルー	1.0	0.969
20250510	京都	1	◎	14	アイブリンク	1.0	0.873
20250510	京都	1	○	6	ルクスデイジー	0.71	0.873
20250510	京都	1	▲	9	ステアハート	1.0	0.873
20250510	京都	1	☆	5	ハヤブサオヒメサマ	0.78	0.873
20250510	京都	2	◎	7	カガセブンスター	1.0	1.0
20250510	京都	2	○	11	シャドーストライク	1.0	1.0
20250510	京都	2	▲	5	ルセルマンダムール	1.0	1.0
20250510	京都	2	☆	13	ガンナール	1.0	1.0
20250510	京都	3	◎	15	クイーンズデイ	1.0	0.931
20250510	京都	3	○	12	ドバイミッション	1.0	0.931
20250510	京都	3	▲	3	キーブリーゼ	0.83	0.931
20250510	京都	3	☆	2	セレスチャルホープ	0.89	0.931
20250510	京都	4	◎	1	ワンハート	1.0	1.0
20250510	京都	4	○	2	オーケーエンジェル	1.0	1.0
20250510	京都	4	▲	6	スカイビート	1.0	1.0
20250510	京都	4	☆	3	ワンダーアンジェ	1.0	1.0
20250510	京都	5	◎	10	マサノイロハ	1.0	0.969
20250510	京都	5	○	8	コンドゥイア	1.0	0.969
20250510	京都	5	▲	12	マテンロウギフト	0.88	0.969
20250510	京都	5	☆	6	スマイルラッシュ	1.0	0.969
20250510	京都	6	◎	7	ショウナンアトレ	1.0	0.95
20250510	京都	6	○	2	ルークススペイ	1.0	0.95
20250510	京都	6	▲	16	ヤマニンシュラ	1.0	0.95
20250510	京都	6	☆	3	ツーピース	0.8	0.95
20250510	京都	7	◎	5	キングピン	0.8	0.908
20250510	京都	7	○	3	マテンロウゴールド	1.0	0.908
20250510	京都	7	▲	1	レディーヴァリュー	1.0	0.908
20250510	京都	7	☆	7	タマモランプ	0.83	0.908
20250510	京都	8	◎	7	オーシンハーフ	0.86	0.929
20250510	京都	8	○	8	ストーンズ	1.0	0.929
20250510	京都	8	▲	3	シャハザマーン	1.0	0.929
20250510	京都	8	☆	5	テンエースワン	0.86	0.929
20250510	京都	9	◎	6	ケーブパール	0.83	0.917
20250510	京都	9	○	4	アルトゥーム	0.83	0.917
20250510	京都	9	▲	1	サダメ	1.0	0.917
20250510	京都	9	☆	8	トーホウガレオン	1.0	0.917
20250510	京都	10	◎	7	テーオーコンドル	1.0	1.0
20250510	京都	10	○	8	ダノンフロイデ	1.0	1.0
20250510	京都	10	▲	2	ステラクラウン	1.0	1.0
20250510	京都	10	☆	6	ハイディージェン	1.0	1.0
20250510	京都	11	◎	2	コーチェラバレー	1.0	0.839
20250510	京都	11	○	9	トッピボーン	0.83	0.839
20250510	京都	11	▲	5	エムズ	0.67	0.839
20250510	京都	11	☆	3	ロットブラータ	0.86	0.839
20250510	京都	12	◎	3	ルナビス	1.0	0.908
20250510	京都	12	○	5	リトルハピ	0.8	0.908
20250510	京都	12	▲	9	ドッビアーコ	0.83	0.908
20250510	京都	12	☆	2	クリノフィガロ	1.0	0.908
20250510	新潟	2	◎	9	キンセンオー	1.0	0.964
20250510	新潟	2	○	14	チュラビックタイム	1.0	0.964
20250510	新潟	2	▲	1	セブンスウェイ	0.86	0.964
20250510	新潟	2	☆	8	メイショウアイル	1.0	0.964
20250510	新潟	3	◎	8	スマートイザナミ	1.0	0.972
20250510	新潟	3	○	7	キタノライブリー	1.0	0.972
20250510	新潟	3	▲	3	リードプリンシパル	0.89	0.972
20250510	新潟	3	☆	15	モリノアミーゴ	1.0	0.972
20250510	新潟	5	◎	9	プレミアブルー	0.86	0.937
20250510	新潟	5	○	2	ノーブルライナー	1.0	0.937
20250510	新潟	5	▲	3	ベールドインパクト	0.89	0.937
20250510	新潟	5	☆	15	マニス	1.0	0.937
20250510	新潟	6	◎	10	ミッドセンチュリー	1.0	0.927
20250510	新潟	6	○	6	メイショウヤシマ	0.88	0.927
20250510	新潟	6	▲	16	ファンタズマ	0.83	0.927
20250510	新潟	6	☆	4	ナリノボガート	1.0	0.927
20250510	新潟	7	◎	9	キセキノエンジェル	1.0	1.0
20250510	新潟	7	○	3	ヴァズレーヌ	1.0	1.0
20250510	新潟	7	▲	5	キョウエイフロイデ	1.0	1.0
20250510	新潟	7	☆	6	ホウオウシンデレラ	1.0	1.0
20250510	新潟	8	◎	6	ルプランドル	1.0	0.969
20250510	新潟	8	○	13	イナフセド	1.0	0.969
20250510	新潟	8	▲	12	ランスオブセヘル	0.88	0.969
20250510	新潟	8	☆	2	アスクアメージモア	1.0	0.969
20250510	新潟	9	◎	4	クイーンズワーフ	1.0	0.969
20250510	新潟	9	○	1	レッドロスタム	1.0	0.969
20250510	新潟	9	▲	2	グローブアマランス	1.0	0.969
20250510	新潟	9	☆	3	サトノエンパイア	0.88	0.969
20250510	新潟	10	◎	15	ティータイム	1.0	0.964
20250510	新潟	10	○	2	キーチパルフェ	0.86	0.964
20250510	新潟	10	▲	8	ゼンノインヴォーク	1.0	0.964
20250510	新潟	10	☆	6	ボクラヲツナグモノ	1.0	0.964
20250510	新潟	11	◎	5	ハンベルジャイト	1.0	0.958
20250510	新潟	11	○	15	カフジテトラゴン	1.0	0.958
20250510	新潟	11	▲	16	レベレンシア	1.0	0.958
20250510	新潟	11	☆	2	スコーピオン	0.83	0.958
20250510	新潟	12	◎	9	ハヌル	1.0	1.0
20250510	新潟	12	○	12	ルミナスサンライズ	1.0	1.0
20250510	新潟	12	▲	14	ゴールデンチップス	1.0	1.0
20250510	新潟	12	☆	10	クインズシャウラ	1.0	1.0
20250510	東京	1	◎	13	ペイシャケリー	0.86	0.929
20250510	東京	1	○	5	ハーモニーソング	1.0	0.929
20250510	東京	1	▲	6	ショウナンラリー	1.0	0.929
20250510	東京	1	☆	11	ソラムパレード	0.86	0.929
20250510	東京	2	◎	5	ヘルオブアライド	1.0	1.0
20250510	東京	2	○	9	ホークライト	1.0	1.0
20250510	東京	2	▲	12	ハナウマビーチ	1.0	1.0
20250510	東京	2	☆	7	ステイアンビシャス	1.0	1.0
20250510	東京	3	◎	5	キャバリエクエスト	1.0	0.933
20250510	東京	3	○	1	セブンメデュラス	0.88	0.933
20250510	東京	3	▲	11	ヘリオトロープ	0.86	0.933
20250510	東京	3	☆	2	アースノイド	1.0	0.933
20250510	東京	4	◎	2	モンツァフレイバー	1.0	0.977
20250510	東京	4	○	7	イリュストル	0.91	0.977
20250510	東京	4	▲	6	レッドアトラーニ	1.0	0.977
20250510	東京	4	☆	4	ホウオウアーネスト	1.0	0.977
20250510	東京	5	◎	6	サンタアニタ	1.0	0.938
20250510	東京	5	○	9	トレヴィ	0.75	0.938
20250510	東京	5	▲	15	アーラグラシア	1.0	0.938
20250510	東京	5	☆	11	ダングラール	1.0	0.938
20250510	東京	6	◎	1	ヤコブセン	0.6	0.869
20250510	東京	6	○	5	ジュンアサヒソラ	0.88	0.869
20250510	東京	6	▲	8	グロスビーク	1.0	0.869
20250510	東京	6	☆	7	ノラリクラリ	1.0	0.869
20250510	東京	7	◎	7	アイランドピーク	0.75	0.846
20250510	東京	7	○	8	トルーマンテソーロ	0.78	0.846
20250510	東京	7	▲	10	アルナイル	1.0	0.846
20250510	東京	7	☆	16	サンロレンツォ	0.86	0.846
20250510	東京	8	◎	8	ウインアイオライト	1.0	0.902
20250510	東京	8	○	7	スカイハイ	1.0	0.902
20250510	東京	8	▲	5	カリーシ	0.75	0.902
20250510	東京	8	☆	9	ピコアーガイル	0.86	0.902
20250510	東京	9	◎	2	リッケンバッカー	1.0	1.0
20250510	東京	9	○	6	レッドアトレーヴ	1.0	1.0
20250510	東京	9	▲	7	ミラビリスマジック	1.0	1.0
20250510	東京	9	☆	13	アルセナール	1.0	1.0
20250510	東京	10	◎	4	ピコレッド	0.8	0.95
20250510	東京	10	○	11	プロミストジーン	1.0	0.95
20250510	東京	10	▲	10	ベルジュロネット	1.0	0.95
20250510	東京	10	☆	1	サノノワンダー	1.0	0.95
20250510	東京	11	◎	10	ジューンテイク	1.0	0.917
20250510	東京	11	○	2	シュトラウス	1.0	0.917
20250510	東京	11	▲	4	ドゥラドーレス	1.0	0.917
20250510	東京	11	☆	3	エヒト	0.67	0.917
20250510	東京	12	◎	5	ワイアウ	1.0	1.0
20250510	東京	12	○	11	ベルブリエ	1.0	1.0
20250510	東京	12	▲	14	メジャーデビュー	1.0	1.0
20250510	東京	12	☆	9	チェイスザウェイ	1.0	1.0
20250511	京都	1	◎	9	ランドブレイブ	0.86	0.923
20250511	京都	1	○	11	メイショウアキカゼ	1.0	0.923
20250511	京都	1	▲	12	ララアヴリル	0.83	0.923
20250511	京都	1	☆	1	メイショウヨンク	1.0	0.923
20250511	京都	2	○	9	ゼロスネーク	1.0	1.0
20250511	京都	2	▲	3	ケンエージェント	1.0	1.0
20250511	京都	2	☆	10	クリノエドガー	1.0	1.0
20250511	京都	3	◎	5	ハローエンジェル	1.0	1.0
20250511	京都	3	○	4	アメージングハナビ	1.0	1.0
20250511	京都	3	▲	7	サラダ	1.0	1.0
20250511	京都	3	☆	6	ナムラローラ	1.0	1.0
20250511	京都	4	◎	3	カシノメンコチャン	1.0	0.958
20250511	京都	4	○	13	プチプランス	0.83	0.958
20250511	京都	4	▲	4	ウインベラーノ	1.0	0.958
20250511	京都	4	☆	7	ランフォースマイル	1.0	0.958
20250511	京都	5	◎	8	アンアルモニー	1.0	1.0
20250511	京都	5	○	12	ヒシカリナン	1.0	1.0
20250511	京都	5	▲	10	バルカンジャッジ	1.0	1.0
20250511	京都	5	☆	6	ボンドロア	1.0	1.0
20250511	京都	6	◎	5	リュミナーズ	1.0	0.933
20250511	京都	6	○	1	ヒメモモアスク	0.86	0.933
20250511	京都	6	▲	11	ツキノアカリ	1.0	0.933
20250511	京都	6	☆	2	タマモカンパネラ	0.88	0.933
20250511	京都	7	◎	5	ユメシバイ	0.8	0.95
20250511	京都	7	○	2	ミッキージュエリー	1.0	0.95
20250511	京都	7	▲	6	ベイリークロア	1.0	0.95
20250511	京都	7	☆	1	ネーブルオレンジ	1.0	0.95
20250511	京都	8	◎	6	オンリーラヴ	1.0	0.969
20250511	京都	8	○	9	ロンシャンクイーン	1.0	0.969
20250511	京都	8	▲	5	ベルメサイア	1.0	0.969
20250511	京都	8	☆	2	エイシンコクスン	0.88	0.969
20250511	京都	9	◎	13	キングサーガ	1.0	1.0
20250511	京都	9	○	8	シャイニングソード	1.0	1.0
20250511	京都	9	▲	7	シェイクユアハート	1.0	1.0
20250511	京都	9	☆	4	タガノデュード	1.0	1.0
20250511	京都	10	◎	6	ドゥアムール	1.0	0.927
20250511	京都	10	○	4	スリールミニョン	0.88	0.927
20250511	京都	10	▲	1	モンテシート	1.0	0.927
20250511	京都	10	☆	5	サウスバンク	0.83	0.927
20250511	京都	11	◎	13	タイセイドレフォン	1.0	1.0
20250511	京都	11	○	7	ジューンアヲニヨシ	1.0	1.0
20250511	京都	11	▲	14	サンライズアリオン	1.0	1.0
20250511	京都	11	☆	8	リチュアル	1.0	1.0
20250511	京都	12	◎	9	キングツェッペリン	1.0	0.983
20250511	京都	12	○	4	プルートマスター	0.93	0.983
20250511	京都	12	▲	16	ジャスパーバローズ	1.0	0.983
20250511	京都	12	☆	3	スナークシュンソウ	1.0	0.983
20250511	新潟	1	◎	6	スターライトナイト	1.0	0.9
20250511	新潟	1	○	8	ピコピンク	0.6	0.9
20250511	新潟	1	▲	1	シェーネアウゲン	1.0	0.9
20250511	新潟	1	☆	5	フクキタテーラー	1.0	0.9
20250511	新潟	2	◎	15	テイエムダイタカ	1.0	0.964
20250511	新潟	2	○	12	ジュエルハウス	0.86	0.964
20250511	新潟	2	▲	2	タッカーバリアント	1.0	0.964
20250511	新潟	2	☆	7	ロッキンミー	1.0	0.964
20250511	新潟	3	◎	9	グレイグアン	1.0	1.0
20250511	新潟	3	○	8	アリステア	1.0	1.0
20250511	新潟	3	▲	4	タガノマルアフ	1.0	1.0
20250511	新潟	3	☆	2	エオアリイ	1.0	1.0
20250511	新潟	5	◎	2	ウインバーテックス	1.0	1.0
20250511	新潟	5	○	5	ライネリーベ	1.0	1.0
20250511	新潟	5	▲	10	ミサトレッドダイヤ	1.0	1.0
20250511	新潟	5	☆	4	シュエットアムール	1.0	1.0
20250511	新潟	6	◎	11	ウンメイノイタズラ	1.0	1.0
20250511	新潟	6	○	16	マグネシアブリック	1.0	1.0
20250511	新潟	6	▲	6	ラースアルアイン	1.0	1.0
20250511	新潟	6	☆	12	ソレイケギンチャン	1.0	1.0
20250511	新潟	7	◎	15	ハッピーマインド	1.0	1.0
20250511	新潟	7	○	8	ヤマニンクイッカー	1.0	1.0
20250511	新潟	7	▲	1	ジャミラヌール	1.0	1.0
20250511	新潟	7	☆	5	ザロック	1.0	1.0
20250511	新潟	8	◎	13	ルミエールドゥース	1.0	0.932
20250511	新潟	8	○	1	ファインライン	1.0	0.932
20250511	新潟	8	▲	5	マイネルモメンタム	1.0	0.932
20250511	新潟	8	☆	7	ベルノレイズ	0.73	0.932
20250511	新潟	9	◎	5	ホウオウブースター	1.0	1.0
20250511	新潟	9	○	13	ソードマスター	1.0	1.0
20250511	新潟	9	▲	9	オンザブルースカイ	1.0	1.0
20250511	新潟	9	☆	14	アートコレクション	1.0	1.0
20250511	新潟	10	◎	13	アルベリック	1.0	0.964
20250511	新潟	10	○	9	テーオールビー	1.0	0.964
20250511	新潟	10	▲	1	アレクサ	1.0	0.964
20250511	新潟	10	☆	12	コパノエビータ	0.86	0.964
20250511	新潟	11	◎	5	グランスラムアスク	1.0	1.0
20250511	新潟	11	○	2	エコロブルーム	1.0	1.0
20250511	新潟	11	▲	14	マルディランダ	1.0	1.0
20250511	新潟	11	☆	13	メイショウシンタケ	1.0	1.0
20250511	新潟	12	◎	14	モーデン	1.0	0.969
20250511	新潟	12	○	4	ビッグフラワー	1.0	0.969
20250511	新潟	12	▲	12	トモジャシーマ	1.0	0.969
20250511	新潟	12	☆	7	ピースフルナイト	0.88	0.969
20250511	東京	1	◎	1	パッヘルベルカノン	0.89	0.972
20250511	東京	1	○	5	ラルガメンテ	1.0	0.972
20250511	東京	1	▲	2	ウィンターサン	1.0	0.972
20250511	東京	1	☆	3	ガールネクストドア	1.0	0.972
20250511	東京	2	◎	5	ガトリンテソーロ	1.0	1.0
20250511	東京	2	○	13	カフェブーケット	1.0	1.0
20250511	東京	2	▲	3	キョウエイスレーヴ	1.0	1.0
20250511	東京	2	☆	2	ワウワウワウ	1.0	1.0
20250511	東京	3	◎	11	テンミラージュ	0.86	0.933
20250511	東京	3	○	8	ピエナフェーヴル	0.88	0.933
20250511	東京	3	▲	7	ヴァーナリー	1.0	0.933
20250511	東京	3	☆	9	マイネルトラオム	1.0	0.933
20250511	東京	4	◎	15	アルディスティーノ	1.0	0.958
20250511	東京	4	○	5	パヴェリング	0.83	0.958
20250511	東京	4	▲	6	チェンジオブハート	1.0	0.958
20250511	東京	4	☆	8	センジュコスモス	1.0	0.958
20250511	東京	5	◎	4	ソクヅモドラドラ	0.88	0.906
20250511	東京	5	○	5	シドニーホバート	0.75	0.906
20250511	東京	5	▲	7	マウントバーノン	1.0	0.906
20250511	東京	5	☆	15	ファイアトリック	1.0	0.906
20250511	東京	6	◎	11	エルプロフェッサー	0.89	0.972
20250511	東京	6	○	9	エフォートレス	1.0	0.972
20250511	東京	6	▲	4	ラヴスコール	1.0	0.972
20250511	東京	6	☆	2	ジーティームテキ	1.0	0.972
20250511	東京	7	◎	4	ピンキープロミス	0.88	0.969
20250511	東京	7	○	1	シンハナーダ	1.0	0.969
20250511	東京	7	▲	3	アヴニールドブリエ	1.0	0.969
20250511	東京	7	☆	5	マイネルトルファン	1.0	0.969
20250511	東京	8	◎	3	ブーヤカ	1.0	0.914
20250511	東京	8	○	1	トラジェクトワール	1.0	0.914
20250511	東京	8	▲	11	プチブール	0.8	0.914
20250511	東京	8	☆	5	ガウラスパーク	0.86	0.914
20250511	東京	9	◎	14	バナマンテソーロ	1.0	1.0
20250511	東京	9	○	12	タイセイアディクト	1.0	1.0
20250511	東京	9	▲	11	ソウルアンドジャズ	1.0	1.0
20250511	東京	9	☆	7	グラヴィス	1.0	1.0
20250511	東京	10	◎	10	ブレイヴロッカー	1.0	1.0
20250511	東京	10	○	5	マイネルクリソーラ	1.0	1.0
20250511	東京	10	▲	9	バラジ	1.0	1.0
20250511	東京	10	☆	4	グリューネグリーン	1.0	1.0
20250511	東京	11	◎	13	ミニトランザット	1.0	0.969
20250511	東京	11	○	8	アドマイヤズーム	1.0	0.969
20250511	東京	11	▲	5	ランスオブカオス	0.88	0.969
20250511	東京	11	☆	10	マジックサンズ	1.0	0.969
20250511	東京	12	◎	6	サンライズグルーヴ	1.0	1.0
20250511	東京	12	○	5	グロッシェン	1.0	1.0
20250511	東京	12	▲	14	ウェットシーズン	1.0	1.0
20250511	東京	12	☆	12	ゴッドブルービー	1.0	1.0
20250517	京都	1	◎	3	アインホルン	1.0	1.0
20250517	京都	1	○	11	ハイクオリティ	1.0	1.0
20250517	京都	1	▲	4	ユキノクラウン	1.0	1.0
20250517	京都	2	◎	5	ヤヌシサンダー	1.0	1.0
20250517	京都	2	○	4	アスクガンバーレ	1.0	1.0
20250517	京都	2	▲	3	ディスタービア	1.0	1.0
20250517	京都	2	☆	10	サルタール	1.0	1.0
20250517	京都	3	◎	8	アトラーレ	1.0	0.927
20250517	京都	3	○	7	スマートミストラル	1.0	0.927
20250517	京都	3	▲	15	ウフルピーク	0.83	0.927
20250517	京都	3	☆	9	トウカイリュタン	0.88	0.927
20250517	京都	4	◎	13	ヴァリラプトル	0.86	0.964
20250517	京都	4	○	15	マンオブノーブル	1.0	0.964
20250517	京都	4	▲	14	ホウオウアーネスト	1.0	0.964
20250517	京都	4	☆	7	シカレ	1.0	0.964
20250517	京都	5	◎	14	エイシンマイア	1.0	1.0
20250517	京都	5	○	11	ニュークレド	1.0	1.0
20250517	京都	5	▲	1	キャニオンデシェイ	1.0	1.0
20250517	京都	5	☆	8	シルクディヴェール	1.0	1.0
20250517	京都	6	◎	12	ヴィヴィッシモ	1.0	0.969
20250517	京都	6	○	11	クアトロジャック	1.0	0.969
20250517	京都	6	▲	2	モンシェリ	1.0	0.969
20250517	京都	6	☆	7	モズバンディット	0.88	0.969
20250517	京都	7	◎	8	アスティスプマンテ	1.0	1.0
20250517	京都	7	○	1	リチャードバローズ	1.0	1.0
20250517	京都	7	▲	11	アムールリーベ	1.0	1.0
20250517	京都	7	☆	13	フーコサンライズ	1.0	1.0
20250517	京都	9	◎	7	サンライズグラシア	1.0	1.0
20250517	京都	9	○	8	マディソンガール	1.0	1.0
20250517	京都	9	▲	9	レッドイステル	1.0	1.0
20250517	京都	9	☆	4	マイユニバース	1.0	1.0
20250517	京都	10	◎	12	グーデンドラーク	1.0	1.0
20250517	京都	10	○	9	ハギノサステナブル	1.0	1.0
20250517	京都	10	▲	8	レーウィン	1.0	1.0
20250517	京都	10	☆	14	トウカイポワール	1.0	1.0
20250517	京都	11	◎	9	ソウテン	1.0	1.0
20250517	京都	11	○	6	グランテスト	1.0	1.0
20250517	京都	11	▲	7	キタノエクスプレス	1.0	1.0
20250517	京都	11	☆	11	マイネルレノン	1.0	1.0
20250517	京都	12	◎	7	シンリミテス	1.0	1.0
20250517	京都	12	○	1	ホルトバージ	1.0	1.0
20250517	京都	12	▲	3	アラナコア	1.0	1.0
20250517	京都	12	☆	5	トーレ	1.0	1.0
20250517	新潟	1	◎	15	カワキタホクレア	1.0	1.0
20250517	新潟	1	○	12	スルーザナイト	1.0	1.0
20250517	新潟	1	▲	11	ノンスタンダルド	1.0	1.0
20250517	新潟	1	☆	10	クインズエクレア	1.0	1.0
20250517	新潟	2	◎	9	ウインレアリゼ	0.86	0.964
20250517	新潟	2	○	15	アイアンソリッド	1.0	0.964
20250517	新潟	2	▲	4	デュアルタスク	1.0	0.964
20250517	新潟	2	☆	6	サヨノミッキー	1.0	0.964
20250517	新潟	3	◎	16	マイネルアズーロ	1.0	0.972
20250517	新潟	3	○	3	ミクニインスパイア	0.89	0.972
20250517	新潟	3	▲	8	フェイトライン	1.0	0.972
20250517	新潟	3	☆	11	マイネルアレス	1.0	0.972
20250517	新潟	4	◎	10	サウスオブロンドン	0.89	0.972
20250517	新潟	4	○	11	ハミルトン	1.0	0.972
20250517	新潟	4	▲	4	コスモシェルベット	1.0	0.972
20250517	新潟	4	☆	2	アンファング	1.0	0.972
20250517	新潟	5	◎	15	ベリーズブルー	1.0	0.958
20250517	新潟	5	○	12	サンカシグレ	0.83	0.958
20250517	新潟	5	▲	10	キーチファイター	1.0	0.958
20250517	新潟	5	☆	3	トウショウクラウド	1.0	0.958
20250517	新潟	6	◎	8	アーバンガール	0.86	0.933
20250517	新潟	6	○	16	ルナティックアイ	1.0	0.933
20250517	新潟	6	▲	5	グッバイウェーブ	0.88	0.933
20250517	新潟	6	☆	10	ケイマノキコウシ	1.0	0.933
20250517	新潟	7	◎	9	ミツカネヴィーナス	1.0	1.0
20250517	新潟	7	○	2	ベルイストワール	1.0	1.0
20250517	新潟	7	▲	6	セージグリーン	1.0	1.0
20250517	新潟	7	☆	4	ロスティチェーレ	1.0	1.0
20250517	新潟	8	◎	9	ファルシオン	1.0	0.938
20250517	新潟	8	○	10	アッシュバーグ	1.0	0.938
20250517	新潟	8	▲	13	キタサンダムール	1.0	0.938
20250517	新潟	8	☆	11	デイジー	0.75	0.938
20250517	新潟	9	◎	4	ネイサン	1.0	0.938
20250517	新潟	9	○	7	ファイナルヒート	0.88	0.938
20250517	新潟	9	▲	6	アドマイヤソラ	1.0	0.938
20250517	新潟	9	☆	8	スピンザブラッド	0.88	0.938
20250517	新潟	10	◎	1	コスモオピニオン	0.88	0.958
20250517	新潟	10	○	7	カゼノランナー	1.0	0.958
20250517	新潟	10	▲	11	ジェネラーレ	1.0	0.958
20250517	新潟	11	◎	2	パラレルヴィジョン	0.89	0.963
20250517	新潟	11	○	12	レガーロデルシエロ	1.0	0.963
20250517	新潟	11	▲	7	オールナット	1.0	0.963
20250517	新潟	12	◎	12	トッピゴー	1.0	1.0
20250517	新潟	12	○	10	ゴッドカインド	1.0	1.0
20250517	新潟	12	▲	13	キミハスコール	1.0	1.0
20250517	東京	1	◎	8	シャインシュシュ	0.88	0.917
20250517	東京	1	○	10	ジェンダアネモス	1.0	0.917
20250517	東京	1	▲	7	フレーズボンボン	0.88	0.917
20250517	東京	2	◎	1	ナイトダンサー	1.0	1.0
20250517	東京	2	○	12	イトウ	1.0	1.0
20250517	東京	2	▲	10	メモリードライブ	1.0	1.0
20250517	東京	3	◎	16	ウェーヴレット	1.0	1.0
20250517	東京	3	○	11	エムティエスターテ	1.0	1.0
20250517	東京	3	▲	3	ジルクン	1.0	1.0
20250517	東京	4	◎	4	フィエールガール	1.0	0.822
20250517	東京	4	○	6	エポナ	0.67	0.822
20250517	東京	4	▲	14	リポサンテ	0.8	0.822
20250517	東京	5	◎	14	マロンカラノテガミ	1.0	1.0
20250517	東京	5	○	1	ベラジオワールド	1.0	1.0
20250517	東京	5	▲	16	ウインイザナミ	1.0	1.0
20250517	東京	6	◎	5	ダノンジャイアン	1.0	1.0
20250517	東京	6	○	8	エデルクローネ	1.0	1.0
20250517	東京	6	▲	3	オストラヴァ	1.0	1.0
20250517	東京	7	◎	13	ハウリングウィンド	1.0	1.0
20250517	東京	7	○	14	チャロ	1.0	1.0
20250517	東京	7	▲	10	ミッシオーネ	1.0	1.0
20250517	東京	7	☆	6	イノキ	1.0	1.0
20250517	東京	8	◎	8	ジュウオウ	1.0	1.0
20250517	東京	8	○	13	レッドアレグロ	1.0	1.0
20250517	東京	8	▲	9	ソニックライン	1.0	1.0
20250517	東京	9	◎	2	エルフストラック	1.0	0.969
20250517	東京	9	○	5	ラーンザロープス	0.88	0.969
20250517	東京	9	▲	7	カンティアーモ	1.0	0.969
20250517	東京	9	☆	4	デファイ	1.0	0.969
20250517	東京	10	◎	10	ヨゾラノムコウニ	1.0	0.958
20250517	東京	10	○	8	トーセンサウダージ	0.88	0.958
20250517	東京	10	▲	1	アンジュフィールド	1.0	0.958
20250517	東京	11	◎	11	ルドヴィクス	1.0	0.952
20250517	東京	11	○	10	ナイトインロンドン	1.0	0.952
20250517	東京	11	▲	7	ラスカンブレス	0.86	0.952
20250517	東京	12	◎	2	ミランカ	1.0	1.0
20250517	東京	12	○	4	ロフティーイデアル	1.0	1.0
20250517	東京	12	▲	3	バランスダンサー	1.0	1.0
20250601	京都	1	◎	8	スマートピリカ	0.86	0.893
20250601	京都	1	○	16	メイショウアキカゼ	1.0	0.893
20250601	京都	1	▲	13	ペンテリコン	1.0	0.893
20250601	京都	1	☆	9	チムニーパイプ	0.71	0.893
20250601	京都	2	◎	10	ペプチドモガミ	0.86	0.964
20250601	京都	2	○	3	サルタール	1.0	0.964
20250601	京都	2	▲	11	サルファー	1.0	0.964
20250601	京都	2	☆	14	マテンロウシルビア	1.0	0.964
20250601	京都	3	◎	9	スピードイエロー	0.88	0.927
20250601	京都	3	○	18	ダノンプリマ	0.83	0.927
20250601	京都	3	▲	15	ヴァイスクレー	1.0	0.927
20250601	京都	3	☆	13	ドバイミッション	1.0	0.927
20250601	京都	5	◎	11	ジーティートシオー	1.0	0.937
20250601	京都	5	○	3	ジョイボーイ	1.0	0.937
20250601	京都	5	▲	10	プレデスティナーレ	0.89	0.937
20250601	京都	5	☆	9	モルゲンゾンネ	0.86	0.937
20250601	京都	6	◎	13	ヴリトラハン	1.0	0.969
20250601	京都	6	○	8	スニーカースキル	1.0	0.969
20250601	京都	6	▲	2	ライツユーアップ	0.88	0.969
20250601	京都	6	☆	10	ホウショウマリス	1.0	0.969
20250601	京都	7	◎	6	タナバタ	1.0	0.958
20250601	京都	7	○	11	ヴィスマール	1.0	0.958
20250601	京都	7	▲	9	ウールデュボヌール	1.0	0.958
20250601	京都	7	☆	1	タマモランプ	0.83	0.958
20250601	京都	8	◎	3	ランウインディ	1.0	0.972
20250601	京都	8	○	10	ニホンピロトッティ	0.89	0.972
20250601	京都	8	▲	7	ソーニャシュニク	1.0	0.972
20250601	京都	8	☆	16	フォルテローザ	1.0	0.972
20250601	京都	9	◎	2	ノボリクレバー	1.0	0.929
20250601	京都	9	○	11	ホルトバージ	1.0	0.929
20250601	京都	9	▲	7	リジン	1.0	0.929
20250601	京都	9	☆	8	シュプリンガー	0.71	0.929
20250601	京都	10	◎	7	ブランデーロック	1.0	1.0
20250601	京都	10	○	11	バウンシーステップ	1.0	1.0
20250601	京都	10	▲	13	タマモブラックタイ	1.0	1.0
20250601	京都	10	☆	15	スカイロケット	1.0	1.0
20250601	京都	11	◎	5	マイユニバース	1.0	0.964
20250601	京都	11	○	8	ライトトラック	1.0	0.964
20250601	京都	11	▲	7	センツブラッド	0.86	0.964
20250601	京都	11	☆	1	アタラシイカドデニ	1.0	0.964
20250601	京都	12	◎	11	メイショウウネビ	1.0	1.0
20250601	京都	12	○	10	ヤマニンアストロン	1.0	1.0
20250601	京都	12	▲	2	ユハンヌス	1.0	1.0
20250601	京都	12	☆	13	ウインスノーライト	1.0	1.0
20250601	東京	1	◎	7	ベリーズブルー	1.0	1.0
20250601	東京	1	○	6	スカイビート	1.0	1.0
20250601	東京	1	▲	3	イザベルソレイユ	1.0	1.0
20250601	東京	1	☆	9	スパークルノヴァ	1.0	1.0
20250601	東京	2	◎	13	アミラジオネ	1.0	1.0
20250601	東京	2	○	12	キョウエイスレーヴ	1.0	1.0
20250601	東京	2	▲	15	カフェブーケット	1.0	1.0
20250601	東京	2	☆	7	サンマルストロング	1.0	1.0
20250601	東京	3	◎	7	グレーターバーチュ	1.0	0.972
20250601	東京	3	○	2	セブンメデュラス	1.0	0.972
20250601	東京	3	▲	15	サトミノエンジェル	1.0	0.972
20250601	東京	3	☆	14	ゴールドパートナー	0.89	0.972
20250601	東京	4	◎	11	ロジアンドモルタル	1.0	0.887
20250601	東京	4	○	14	ノーブルライナー	0.88	0.887
20250601	東京	4	▲	4	ダノンエンブレム	0.88	0.887
20250601	東京	4	☆	8	ポタリング	0.8	0.887
20250601	東京	5	◎	1	パシーヴ	0.5	0.875
20250601	東京	5	○	5	セレジェイラ	1.0	0.875
20250601	東京	5	▲	8	トリリオンボーイ	1.0	0.875
20250601	東京	5	☆	6	ジーティーエンジン	1.0	0.875
20250601	東京	6	◎	4	ネイサン	1.0	0.937
20250601	東京	6	○	14	ニシノティアモ	0.86	0.937
20250601	東京	6	▲	8	アドミラルシップ	1.0	0.937
20250601	東京	6	☆	10	クラッチプレイヤー	0.89	0.937
20250601	東京	7	◎	10	サイモンカーチス	1.0	1.0
20250601	東京	7	○	8	ノルドヴェスト	1.0	1.0
20250601	東京	7	▲	13	キミハスコール	1.0	1.0
20250601	東京	7	☆	2	ネオゴールド	1.0	1.0
20250601	東京	8	◎	12	ダノンホイットニー	1.0	0.985
20250601	東京	8	○	16	デュアルウィルダー	0.94	0.985
20250601	東京	8	▲	8	クルミナーレ	1.0	0.985
20250601	東京	8	☆	5	ジオセントリック	1.0	0.985
20250601	東京	9	◎	3	トップオブジェラス	1.0	0.972
20250601	東京	9	○	9	ターコイズフリンジ	1.0	0.972
20250601	東京	9	▲	5	ラタフォレスト	1.0	0.972
20250601	東京	9	☆	2	ホウオウスーペリア	0.89	0.972
20250601	東京	10	◎	14	アンリーロード	1.0	0.972
20250601	東京	10	○	10	テウメッサ	1.0	0.972
20250601	東京	10	▲	7	メリオーレム	1.0	0.972
20250601	東京	10	☆	12	ショウナンラピダス	0.89	0.972
20250601	東京	11	◎	9	ジョバンニ	1.0	1.0
20250601	東京	11	○	13	クロワデュノール	1.0	1.0
20250601	東京	11	▲	17	マスカレードボール	1.0	1.0
20250601	東京	11	☆	10	トッピボーン	1.0	1.0
20250601	東京	12	◎	15	マイネルウィルトス	1.0	1.0
20250601	東京	12	○	10	アドマイヤテラ	1.0	1.0
20250601	東京	12	▲	8	スティンガーグラス	1.0	1.0
20250601	東京	12	☆	11	ディープモンスター	1.0	1.0
20250615	函館	1	◎	4	ジンガー	1.0	0.972
20250615	函館	1	○	11	アークシャルダーム	1.0	0.972
20250615	函館	1	▲	1	ゴールドサニーデイ	0.89	0.972
20250615	函館	1	☆	12	オルミラベル	1.0	0.972
20250615	函館	2	◎	13	ピストルスター	0.86	0.964
20250615	函館	2	○	14	ライフゲート	1.0	0.964
20250615	函館	2	▲	10	タイセイアビリティ	1.0	0.964
20250615	函館	2	☆	12	キタノチェンジ	1.0	0.964
20250615	函館	3	◎	8	ヒロスズラン	1.0	0.983
20250615	函館	3	○	11	トーアジョウトウ	0.93	0.983
20250615	函館	3	▲	4	アスゴッド	1.0	0.983
20250615	函館	3	☆	10	ダブルシルバー	1.0	0.983
20250615	函館	4	◎	1	ブライトメール	0.86	0.964
20250615	函館	4	○	6	ドラギニャン	1.0	0.964
20250615	函館	4	▲	8	ホウオウチェスター	1.0	0.964
20250615	函館	4	☆	9	リギーロ	1.0	0.964
20250615	函館	6	◎	9	フィエールガール	1.0	0.958
20250615	函館	6	○	11	レクスノヴァス	1.0	0.958
20250615	函館	6	▲	13	ペールノエル	0.83	0.958
20250615	函館	6	☆	12	ヴォルヴァ	1.0	0.958
20250615	函館	7	◎	4	オカメノコイ	1.0	1.0
20250615	函館	7	○	5	クーデール	1.0	1.0
20250615	函館	7	▲	6	ミライハーモニー	1.0	1.0
20250615	函館	7	☆	7	キャリーグレイス	1.0	1.0
20250615	函館	8	◎	1	ソアラ	1.0	0.972
20250615	函館	8	○	11	パッシングシャワー	0.89	0.972
20250615	函館	8	▲	13	アジュマン	1.0	0.972
20250615	函館	8	☆	6	クリノハレルヤ	1.0	0.972
20250615	函館	9	◎	8	ルージュミレネール	1.0	1.0
20250615	函館	9	○	2	イリスレーン	1.0	1.0
20250615	函館	9	▲	12	キタノクニカラ	1.0	1.0
20250615	函館	9	☆	9	ヴィーナスバブル	1.0	1.0
20250615	函館	10	◎	7	ヒルノデプラーツ	0.88	0.938
20250615	函館	10	○	12	クロドラバール	1.0	0.938
20250615	函館	10	▲	14	クォーツァイト	1.0	0.938
20250615	函館	10	☆	13	ファイントパーズ	0.88	0.938
20250615	函館	11	◎	13	トウカイエルデ	1.0	1.0
20250615	函館	11	○	5	ドゥアムール	1.0	1.0
20250615	函館	11	▲	8	ニジュウダンサー	1.0	1.0
20250615	函館	11	☆	2	ゴキゲンサン	1.0	1.0
20250615	函館	12	◎	7	トモジャザーン	1.0	1.0
20250615	函館	12	○	8	ドゥラリス	1.0	1.0
20250615	函館	12	▲	9	グレイテストソング	1.0	1.0
20250615	函館	12	☆	10	ショウナンアトレ	1.0	1.0
20250615	東京	1	◎	7	サツキレジーナ	1.0	0.958
20250615	東京	1	○	15	マオノクラッシュ	1.0	0.958
20250615	東京	1	▲	12	ガンビーチ	1.0	0.958
20250615	東京	1	☆	16	エリュテイア	0.83	0.958
20250615	東京	2	◎	7	マルチタスク	1.0	1.0
20250615	東京	2	○	3	ラントレイル	1.0	1.0
20250615	東京	2	▲	15	ブルージャイアント	1.0	1.0
20250615	東京	2	☆	13	ノーブルジェネシス	1.0	1.0
20250615	東京	3	◎	7	トリプルバレル	0.86	0.964
20250615	東京	3	○	2	ハクシンブライアン	1.0	0.964
20250615	東京	3	▲	16	グラスグリード	1.0	0.964
20250615	東京	3	☆	14	リラキトス	1.0	0.964
20250615	東京	4	◎	10	トリクロマティック	1.0	1.0
20250615	東京	4	○	11	ウインイザナミ	1.0	1.0
20250615	東京	4	▲	18	アンダーザライト	1.0	1.0
20250615	東京	4	☆	3	オカゲサン	1.0	1.0
20250615	東京	6	◎	15	コトブキヘスペラス	0.89	0.972
20250615	東京	6	○	3	エドワードバローズ	1.0	0.972
20250615	東京	6	▲	7	バタール	1.0	0.972
20250615	東京	6	☆	11	スマートクオーレ	1.0	0.972
20250615	東京	7	◎	7	ダンツファイター	0.88	0.933
20250615	東京	7	○	6	トリプルコーク	0.86	0.933
20250615	東京	7	▲	8	ディヴァインスター	1.0	0.933
20250615	東京	7	☆	14	カレンラップスター	1.0	0.933
20250615	東京	8	◎	10	ガンハンマー	1.0	1.0
20250615	東京	8	○	7	ボルトテソーロ	1.0	1.0
20250615	東京	8	▲	4	クニノハッピー	1.0	1.0
20250615	東京	8	☆	3	フリッパー	1.0	1.0
20250615	東京	9	◎	4	ホウオウプレミア	0.88	0.969
20250615	東京	9	○	6	アスクセクシーモア	1.0	0.969
20250615	東京	9	▲	9	グーテンベルク	1.0	0.969
20250615	東京	9	☆	3	ファビュラススター	1.0	0.969
20250615	東京	10	◎	10	ルドヴィクス	1.0	1.0
20250615	東京	10	○	3	ミスタージーティー	1.0	1.0
20250615	東京	10	▲	1	カフェグランデ	1.0	1.0
20250615	東京	10	☆	7	エンドロール	1.0	1.0
20250615	東京	11	◎	7	コンバスチョン	0.86	0.948
20250615	東京	11	○	11	サトノカルナバル	1.0	0.948
20250615	東京	11	▲	2	バルサムノート	0.93	0.948
20250615	東京	11	☆	13	リュミエールノワル	1.0	0.948
20250615	東京	12	◎	13	ピコニ	0.67	0.875
20250615	東京	12	○	16	ルグランヴァン	1.0	0.875
20250615	東京	12	▲	15	スペイドアン	0.83	0.875
20250615	東京	12	☆	12	サンドオブエテル	1.0	0.875
20250615	阪神	1	◎	15	セガンティーニ	1.0	1.0
20250615	阪神	1	○	16	ヴィヴァシャス	1.0	1.0
20250615	阪神	1	▲	9	ミトノキャット	1.0	1.0
20250615	阪神	1	☆	13	ニネンエフグミ	1.0	1.0
20250615	阪神	2	◎	14	タイキフィアリーベ	1.0	1.0
20250615	阪神	2	○	3	フランキーバローズ	1.0	1.0
20250615	阪神	2	▲	10	アメリカンバー	1.0	1.0
20250615	阪神	2	☆	2	サントモナルカ	1.0	1.0
20250615	阪神	3	◎	13	ソルレーヴ	1.0	1.0
20250615	阪神	3	○	7	キーブリーゼ	1.0	1.0
20250615	阪神	3	▲	14	ワンコールアウェイ	1.0	1.0
20250615	阪神	3	☆	10	フロンティエール	1.0	1.0
20250615	阪神	4	◎	3	マイネルイグザルト	1.0	1.0
20250615	阪神	4	○	14	エンスエーニョ	1.0	1.0
20250615	阪神	4	▲	1	ホウオウレイヴン	1.0	1.0
20250615	阪神	4	☆	2	ドンファーラウェイ	1.0	1.0
20250615	阪神	6	◎	15	ショウナンサエッタ	1.0	1.0
20250615	阪神	6	○	4	レッドボブ	1.0	1.0
20250615	阪神	6	▲	2	シャルクハフト	1.0	1.0
20250615	阪神	6	☆	10	ニヒトツーゼーア	1.0	1.0
20250615	阪神	7	◎	1	オーシンエス	0.83	0.958
20250615	阪神	7	○	3	エコロディノス	1.0	0.958
20250615	阪神	7	▲	10	トリオンファルマン	1.0	0.958
20250615	阪神	7	☆	2	タマモランプ	1.0	0.958
20250615	阪神	8	◎	8	キタノブライド	0.86	0.889
20250615	阪神	8	○	14	カプラローラ	1.0	0.889
20250615	阪神	8	▲	16	パルクリチュード	0.88	0.889
20250615	阪神	8	☆	7	ハリウッドパーク	0.82	0.889
20250615	阪神	9	○	5	アメリカンビキニ	1.0	1.0
20250615	阪神	9	▲	2	エコロマーズ	1.0	1.0
20250615	阪神	9	☆	9	ゼンダンタカ	1.0	1.0
20250615	阪神	10	◎	2	カズゴルティス	1.0	1.0
20250615	阪神	10	○	16	ファーヴェント	1.0	1.0
20250615	阪神	10	▲	6	ガイアメンテ	1.0	1.0
20250615	阪神	10	☆	4	ワンダイレクト	1.0	1.0
20250615	阪神	11	◎	4	プラダリア	0.6	0.848
20250615	阪神	11	○	1	ベラジオオペラ	0.86	0.848
20250615	阪神	11	▲	9	ヨーホーレイク	1.0	0.848
20250615	阪神	11	☆	6	ボルドグフーシュ	0.93	0.848
20250615	阪神	12	◎	10	カフジエニアゴン	1.0	1.0
20250615	阪神	12	○	16	ノボリショウリュウ	1.0	1.0
20250615	阪神	12	▲	11	サザンエルフ	1.0	1.0
20250615	阪神	12	☆	5	アメリカンマーチ	1.0	1.0
20250621	函館	1	◎	8	デルタニュートラル	1.0	1.0
20250621	函館	1	○	9	ロネット	1.0	1.0
20250621	函館	1	▲	15	ニシノコイブミ	1.0	1.0
20250621	函館	1	☆	1	フリアフロリダ	1.0	1.0
20250621	函館	2	◎	11	サトミノマリア	1.0	1.0
20250621	函館	2	○	1	メイショウホダワラ	1.0	1.0
20250621	函館	2	▲	9	フォレストオール	1.0	1.0
20250621	函館	2	☆	4	テーオーテバルディ	1.0	1.0
20250621	函館	3	◎	3	トモジャイブ	1.0	0.944
20250621	函館	3	○	10	サンライズバレット	1.0	0.944
20250621	函館	3	▲	9	メイショウタイピン	0.89	0.944
20250621	函館	3	☆	12	ニホンピロカスター	0.89	0.944
20250621	函館	4	◎	6	ドルチェリターン	1.0	1.0
20250621	函館	4	○	12	アオイタケル	1.0	1.0
20250621	函館	4	▲	2	メイショウキンタイ	1.0	1.0
20250621	函館	4	☆	15	ノボリユーミン	1.0	1.0
20250621	函館	7	◎	7	サトノビエント	1.0	0.958
20250621	函館	7	○	4	ハートメテオ	0.83	0.958
20250621	函館	7	▲	5	デルマケセラセラ	1.0	0.958
20250621	函館	7	☆	6	グラツィオーソ	1.0	0.958
20250621	函館	8	◎	10	ホーリーブライト	1.0	0.95
20250621	函館	8	○	6	ナリノエンブレム	1.0	0.95
20250621	函館	8	▲	12	テイエムタリスマ	1.0	0.95
20250621	函館	8	☆	7	モンシェリ	0.8	0.95
20250621	函館	9	◎	1	ナムラトロム	1.0	1.0
20250621	函館	9	○	9	マキシマムドライブ	1.0	1.0
20250621	函館	9	▲	4	カウスリップ	1.0	1.0
20250621	函館	9	☆	7	ミクストベリーズ	1.0	1.0
20250621	函館	10	◎	1	ペリプルス	0.6	0.823
20250621	函館	10	○	2	イゾレエオリア	1.0	0.823
20250621	函館	10	▲	4	ローレルオーブ	0.86	0.823
20250621	函館	10	☆	7	オロスコピオ	0.83	0.823
20250621	函館	11	◎	3	マルプリ	0.75	0.906
20250621	函館	11	○	10	スミレファースト	1.0	0.906
20250621	函館	11	▲	13	ファイツオン	1.0	0.906
20250621	函館	11	☆	4	スクルプトーリス	0.88	0.906
20250621	函館	12	◎	7	ロングウェイホーム	1.0	1.0
20250621	函館	12	○	2	サムシャイン	1.0	1.0
20250621	函館	12	▲	6	ガラスノブルース	1.0	1.0
20250621	函館	12	☆	8	メレカリキマカ	1.0	1.0
20250621	東京	1	◎	14	イルジーリオ	1.0	1.0
20250621	東京	1	○	11	アビッサルスター	1.0	1.0
20250621	東京	1	▲	13	ミヤグリフォン	1.0	1.0
20250621	東京	1	☆	15	モリノアミーゴ	1.0	1.0
20250621	東京	2	◎	13	ペイシャブギー	0.86	0.914
20250621	東京	2	○	5	メイユウ	1.0	0.914
20250621	東京	2	▲	7	ルージュアマリア	1.0	0.914
20250621	東京	2	☆	12	クリプトス	0.8	0.914
20250621	東京	3	◎	9	アンダーザブリッジ	1.0	1.0
20250621	東京	3	○	10	カフェロワドール	1.0	1.0
20250621	東京	3	▲	12	オオタチ	1.0	1.0
20250621	東京	3	☆	16	ミンナデガンバル	1.0	1.0
20250621	東京	4	◎	16	タイキブライトン	1.0	1.0
20250621	東京	4	○	13	ジャサルディア	1.0	1.0
20250621	東京	4	▲	10	スターリーナイト	1.0	1.0
20250621	東京	4	☆	4	ガジュノリホワイト	1.0	1.0
20250621	東京	7	◎	12	アイアンオバーカム	1.0	1.0
20250621	東京	7	○	3	シルフレイ	1.0	1.0
20250621	東京	7	▲	13	アイドル	1.0	1.0
20250621	東京	7	☆	15	タブロー	1.0	1.0
20250621	東京	8	◎	7	イージーブリージー	1.0	1.0
20250621	東京	8	○	9	アドミラルシップ	1.0	1.0
20250621	東京	8	▲	8	ブルーマエストロ	1.0	1.0
20250621	東京	8	☆	14	コスモイシュタル	1.0	1.0
20250621	東京	9	◎	5	アメジストブラック	0.89	0.941
20250621	東京	9	○	9	ピックデムッシュ	0.88	0.941
20250621	東京	9	▲	3	ヤマニンブークリエ	1.0	0.941
20250621	東京	9	☆	4	サトノスカイターフ	1.0	0.941
20250621	東京	10	◎	8	ダノンキラウェア	1.0	0.931
20250621	東京	10	○	10	トラペジスト	0.83	0.931
20250621	東京	10	▲	5	プリティディーヴァ	0.89	0.931
20250621	東京	10	☆	7	スマートジェイナ	1.0	0.931
20250621	東京	11	◎	5	リアレスト	1.0	0.909
20250621	東京	11	○	1	カズタンジャー	0.86	0.909
20250621	東京	11	▲	8	アッシュルバニパル	0.89	0.909
20250621	東京	11	☆	11	アイファーテイオー	0.89	0.909
20250621	東京	12	◎	8	マイネルブリオン	1.0	0.958
20250621	東京	12	○	2	チザルピーノ	0.83	0.958
20250621	東京	12	▲	11	レッドエウロス	1.0	0.958
20250621	東京	12	☆	4	ファンタイムギフト	1.0	0.958
20250621	阪神	2	◎	5	フクノフィアーノン	1.0	0.969
20250621	阪神	2	○	12	オーケアニス	1.0	0.969
20250621	阪神	2	▲	11	ドマーネ	1.0	0.969
20250621	阪神	2	☆	1	フランコジャポネ	0.88	0.969
20250621	阪神	3	◎	8	ステラノヴァ	1.0	0.969
20250621	阪神	3	○	15	シュテルンビルト	1.0	0.969
20250621	阪神	3	▲	2	アンピュルシオン	0.88	0.969
20250621	阪神	3	☆	7	キーガッツ	1.0	0.969
20250621	阪神	4	◎	13	ダンツトラバース	1.0	0.95
20250621	阪神	4	○	11	マーウォルス	1.0	0.95
20250621	阪神	4	▲	6	エテルノレガーメ	0.8	0.95
20250621	阪神	4	☆	12	タールベルク	1.0	0.95
20250621	阪神	6	◎	15	セルリアンドロップ	1.0	1.0
20250621	阪神	6	○	3	ウインヘリオドール	1.0	1.0
20250621	阪神	6	▲	8	フララナキラ	1.0	1.0
20250621	阪神	6	☆	7	キングベル	1.0	1.0
20250621	阪神	7	◎	2	シャインバオバブ	1.0	1.0
20250621	阪神	7	○	3	クラウディアイ	1.0	1.0
20250621	阪神	7	▲	8	サンライズバブル	1.0	1.0
20250621	阪神	7	☆	7	サイモンベローチェ	1.0	1.0
20250621	阪神	8	◎	10	フェアリーブルー	1.0	0.9
20250621	阪神	8	○	2	ゴールデンクラウド	1.0	0.9
20250621	阪神	8	▲	12	シュドゥン	0.6	0.9
20250621	阪神	8	☆	7	ロックウイズユー	1.0	0.9
20250621	阪神	9	◎	3	サクラオーラ	1.0	1.0
20250621	阪神	9	○	5	グラフィティアート	1.0	1.0
20250621	阪神	9	▲	12	ハワイアンティアレ	1.0	1.0
20250621	阪神	9	☆	9	アンビバレント	1.0	1.0
20250621	阪神	10	◎	1	ナイトインロンドン	1.0	1.0
20250621	阪神	10	○	3	タガノデュード	1.0	1.0
20250621	阪神	10	▲	10	オーロラエックス	1.0	1.0
20250621	阪神	10	☆	9	レッドヴェロシティ	1.0	1.0
20250621	阪神	11	◎	2	スマートサニー	1.0	1.0
20250621	阪神	11	○	8	ノーブルロジャー	1.0	1.0
20250621	阪神	11	▲	7	ヤマニンチェルキ	1.0	1.0
20250621	阪神	11	☆	6	ローズスター	1.0	1.0
20250621	阪神	12	◎	8	デリュージョン	1.0	0.958
20250621	阪神	12	○	9	ミトノオルフェ	1.0	0.958
20250621	阪神	12	▲	4	ロストシークレット	1.0	0.958
20250621	阪神	12	☆	12	ダイシンラー	0.83	0.958
20250622	函館	1	◎	2	ミストラルフェザー	1.0	0.964
20250622	函館	1	○	1	ベビーズブレス	0.86	0.964
20250622	函館	1	▲	6	ピースフルゴールド	1.0	0.964
20250622	函館	1	☆	14	クリアクォーツ	1.0	0.964
20250622	函館	2	◎	12	チュラット	1.0	0.972
20250622	函館	2	○	4	ハッピーウィズユー	0.89	0.972
20250622	函館	2	▲	10	バッドガール	1.0	0.972
20250622	函館	2	☆	1	ハイゼンスレイ	1.0	0.972
20250622	函館	3	◎	2	ローレルゼロ	1.0	1.0
20250622	函館	3	○	4	アスゴッド	1.0	1.0
20250622	函館	3	▲	10	ショウナンラリー	1.0	1.0
20250622	函館	3	☆	5	カービスベイ	1.0	1.0
20250622	函館	4	◎	8	ハクサンミラクル	1.0	1.0
20250622	函館	4	○	16	コスモマガラニカ	1.0	1.0
20250622	函館	4	▲	3	スイートグルーヴ	1.0	1.0
20250622	函館	4	☆	9	ベルサ	1.0	1.0
20250622	函館	6	◎	8	マンオブザマッチ	0.88	0.906
20250622	函館	6	○	9	エイシンパルサー	0.75	0.906
20250622	函館	6	▲	5	ロードスカイブルー	1.0	0.906
20250622	函館	6	☆	7	リュウジンオー	1.0	0.906
20250622	函館	7	◎	12	スティックバイミー	0.89	0.972
20250622	函館	7	○	11	シホリーン	1.0	0.972
20250622	函館	7	▲	3	ドゥカート	1.0	0.972
20250622	函館	7	☆	9	ゴールドブレス	1.0	0.972
20250622	函館	8	◎	6	シルバーダイヤ	0.86	0.902
20250622	函館	8	○	2	カルプスペルシュ	0.75	0.902
20250622	函館	8	▲	3	クインズスピカ	1.0	0.902
20250622	函館	8	☆	8	アッシュバーグ	1.0	0.902
20250622	函館	9	◎	5	ストラニエーロ	1.0	0.933
20250622	函館	9	○	10	ウインデイジー	0.86	0.933
20250622	函館	9	▲	3	オンザスクエア	1.0	0.933
20250622	函館	9	☆	1	ピリカサンライズ	0.88	0.933
20250622	函館	10	◎	11	アレクサ	1.0	1.0
20250622	函館	10	○	10	バギーウィップ	1.0	1.0
20250622	函館	10	☆	1	グランドセントラル	1.0	1.0
20250622	函館	11	◎	3	オーサムストローク	1.0	1.0
20250622	函館	11	○	7	エマヌエーレ	1.0	1.0
20250622	函館	11	▲	10	ナムラローズマリー	1.0	1.0
20250622	函館	11	☆	6	エコロレジーナ	1.0	1.0
20250622	函館	12	◎	12	リュミナーズ	0.83	0.958
20250622	函館	12	○	9	ネクストダンサー	1.0	0.958
20250622	函館	12	▲	1	エルバステラ	1.0	0.958
20250622	函館	12	☆	4	カンバーランド	1.0	0.958
20250622	東京	2	◎	11	ダイタエリュシオン	1.0	1.0
20250622	東京	2	○	16	ミクニサンシャイン	1.0	1.0
20250622	東京	2	▲	9	カーフキック	1.0	1.0
20250622	東京	2	☆	13	ブレイクバウンズ	1.0	1.0
20250622	東京	3	◎	3	ブラザービート	1.0	0.958
20250622	東京	3	○	6	ブルージャイアント	1.0	0.958
20250622	東京	3	▲	1	アルデツヨシ	0.83	0.958
20250622	東京	3	☆	13	ダブルメッセージ	1.0	0.958
20250622	東京	4	◎	8	サンタアナウインド	1.0	0.972
20250622	東京	4	○	3	サクラファレル	1.0	0.972
20250622	東京	4	▲	5	ネポティズムベビー	0.89	0.972
20250622	東京	4	☆	10	アクデニズ	1.0	0.972
20250622	東京	7	◎	11	シルヴァティカ	0.86	0.933
20250622	東京	7	○	3	クラリネットソナタ	1.0	0.933
20250622	東京	7	▲	7	ヴァズレーヌ	1.0	0.933
20250622	東京	7	☆	14	タマモカンパネラ	0.88	0.933
20250622	東京	8	◎	13	ギフテッド	1.0	0.941
20250622	東京	8	○	3	エンペラーズソード	0.89	0.941
20250622	東京	8	▲	4	レイククレセント	0.88	0.941
20250622	東京	8	☆	11	ヴァンガーズハート	1.0	0.941
20250622	東京	9	◎	3	ミライテーラー	1.0	1.0
20250622	東京	9	○	7	ウィップスティッチ	1.0	1.0
20250622	東京	9	▲	2	クインズデネブ	1.0	1.0
20250622	東京	9	☆	12	スズカコーズ	1.0	1.0
20250622	東京	10	◎	10	ユキマル	1.0	1.0
20250622	東京	10	○	1	モンドデラモーレ	1.0	1.0
20250622	東京	10	▲	11	コスモアディラート	1.0	1.0
20250622	東京	10	☆	14	サクセスアイ	1.0	1.0
20250622	東京	11	◎	2	シングザットソング	0.89	0.922
20250622	東京	11	○	14	ラヴァンダ	1.0	0.922
20250622	東京	11	▲	7	カナテープ	0.8	0.922
20250622	東京	11	☆	12	セキトバイースト	1.0	0.922
20250622	東京	12	◎	11	ウォーハンマー	1.0	0.906
20250622	東京	12	○	4	ドントゥザムーン	0.88	0.906
20250622	東京	12	▲	6	フウセツ	0.75	0.906
20250622	東京	12	☆	12	キョウエイスレーヴ	1.0	0.906
20250622	阪神	1	◎	5	ボールドハーテッド	1.0	0.893
20250622	阪神	1	○	15	リメンバーヒム	0.86	0.893
20250622	阪神	1	▲	11	ストラーダレアーレ	1.0	0.893
20250622	阪神	1	☆	8	マークオブゾロ	0.71	0.893
20250622	阪神	2	◎	4	アバットゥータ	0.86	0.85
20250622	阪神	2	○	7	ダイシンレアレア	0.88	0.85
20250622	阪神	2	▲	11	ピスタ	0.67	0.85
20250622	阪神	2	☆	1	ファーストドラゴン	1.0	0.85
20250622	阪神	3	◎	11	アトラーレ	1.0	1.0
20250622	阪神	3	○	13	アズユーライク	1.0	1.0
20250622	阪神	3	▲	4	ルクスフレンジー	1.0	1.0
20250622	阪神	3	☆	8	コスモグローリー	1.0	1.0
20250622	阪神	4	◎	1	メイショウヨリキリ	1.0	0.985
20250622	阪神	4	○	12	ホウオウレイヴン	0.94	0.985
20250622	阪神	4	▲	2	ボンドロア	1.0	0.985
20250622	阪神	4	☆	5	プレデスティナーレ	1.0	0.985
20250622	阪神	7	◎	9	リヴァイデント	1.0	1.0
20250622	阪神	7	○	6	マトラコーニッシュ	1.0	1.0
20250622	阪神	7	▲	2	サイレントグルーヴ	1.0	1.0
20250622	阪神	7	☆	1	ティータイム	1.0	1.0
20250622	阪神	8	◎	4	スネーフリンガ	1.0	0.944
20250622	阪神	8	○	6	ゴールデンカイト	1.0	0.944
20250622	阪神	8	▲	10	ヴリトラハン	1.0	0.944
20250622	阪神	8	☆	2	エイプリルインパリ	0.78	0.944
20250622	阪神	9	◎	8	イケイケドンドン	1.0	0.937
20250622	阪神	9	○	4	ヴィスマール	1.0	0.937
20250622	阪神	9	▲	1	ヤマニンループ	0.86	0.937
20250622	阪神	9	☆	7	ジオパーククラウン	0.89	0.937
20250622	阪神	10	◎	4	キュールエフウジン	1.0	0.914
20250622	阪神	10	○	8	ルシュヴァルドール	1.0	0.914
20250622	阪神	10	▲	12	リトルハピ	0.8	0.914
20250622	阪神	10	☆	3	ヒロノラメール	0.86	0.914
20250622	阪神	11	◎	14	ニホンピロキーフ	0.88	0.933
20250622	阪神	11	○	10	デビットバローズ	1.0	0.933
20250622	阪神	11	▲	5	ダイシンヤマト	0.86	0.933
20250622	阪神	11	☆	3	ラケマーダ	1.0	0.933
20250622	阪神	12	◎	8	ジーニアスバローズ	1.0	0.937
20250622	阪神	12	○	15	ドンインザムード	1.0	0.937
20250622	阪神	12	▲	14	アンバードール	0.86	0.937
20250622	阪神	12	☆	2	シホノペルフェット	0.89	0.937
20250628	函館	1	◎	12	エファセデリエール	1.0	0.909
20250628	函館	1	○	1	シンヒダカゴールド	0.78	0.909
20250628	函館	1	▲	11	リリーオブザハート	1.0	0.909
20250628	函館	1	☆	6	オーケーダイナ	0.86	0.909
20250628	函館	2	◎	1	ステイアンビシャス	1.0	0.972
20250628	函館	2	○	5	ドラギニャン	1.0	0.972
20250628	函館	2	▲	2	ケイアイワイラーパ	0.89	0.972
20250628	函館	2	☆	9	ガウラサンダー	1.0	0.972
20250628	函館	3	◎	4	クインズマカロン	1.0	0.969
20250628	函館	3	○	9	デルマアポロニア	0.88	0.969
20250628	函館	3	▲	5	ヒサエノオモカゲ	1.0	0.969
20250628	函館	3	☆	10	コスモトロイメル	1.0	0.969
20250628	函館	4	◎	11	アイルビリーヴ	1.0	0.972
20250628	函館	4	○	10	アスクデッドヒート	0.89	0.972
20250628	函館	4	▲	1	レッドヴァリアート	1.0	0.972
20250628	函館	4	☆	3	シャインフリーリー	1.0	0.972
20250628	函館	6	◎	2	ロコモーション	1.0	1.0
20250628	函館	6	○	10	アスクガンバーレ	1.0	1.0
20250628	函館	6	▲	3	レズルレクティオ	1.0	1.0
20250628	函館	6	☆	5	ララエキリーブル	1.0	1.0
20250628	函館	7	◎	5	バレル	1.0	0.969
20250628	函館	7	○	13	マイスターヴェルク	1.0	0.969
20250628	函館	7	▲	3	ゴーゴータカシ	1.0	0.969
20250628	函館	7	☆	11	パーリーラスター	0.88	0.969
20250628	函館	8	◎	11	ナンヨークリスタル	1.0	1.0
20250628	函館	8	○	1	ルシード	1.0	1.0
20250628	函館	8	▲	5	トーアジョウトウ	1.0	1.0
20250628	函館	8	☆	3	キャリーグレイス	1.0	1.0
20250628	函館	9	◎	7	ブルーアイドガール	1.0	1.0
20250628	函館	9	○	1	ハリウッドメモリー	1.0	1.0
20250628	函館	9	▲	6	アジュマン	1.0	1.0
20250628	函館	9	☆	5	ラセーヌシュメール	1.0	1.0
20250628	函館	10	◎	13	レッセパッセ	1.0	0.972
20250628	函館	10	○	3	テリオスサラ	1.0	0.972
20250628	函館	10	▲	4	オメガインペリアル	0.89	0.972
20250628	函館	10	☆	11	ジルバーン	1.0	0.972
20250628	函館	11	◎	1	クムシラコ	1.0	0.929
20250628	函館	11	○	16	ペアポルックス	0.71	0.929
20250628	函館	11	▲	13	ナムラアトム	1.0	0.929
20250628	函館	11	☆	10	エーティーマクフィ	1.0	0.929
20250628	函館	12	◎	4	グレイスフルマーチ	1.0	1.0
20250628	函館	12	○	7	レッドライトニング	1.0	1.0
20250628	函館	12	▲	1	ハミルトン	1.0	1.0
20250628	函館	12	☆	12	アレスグート	1.0	1.0
20250628	小倉	2	◎	5	メイワキラリ	1.0	0.941
20250628	小倉	2	○	2	ラブルラウザー	1.0	0.941
20250628	小倉	2	▲	4	トライアンフパス	0.88	0.941
20250628	小倉	2	☆	6	トモジャプレジール	0.89	0.941
20250628	小倉	3	◎	1	フェアーメロディ	1.0	0.958
20250628	小倉	3	○	5	クイーンハピ	0.83	0.958
20250628	小倉	3	▲	12	サントレッダー	1.0	0.958
20250628	小倉	3	☆	11	カルミアクラウン	1.0	0.958
20250628	小倉	4	◎	2	コロケーション	1.0	1.0
20250628	小倉	4	○	5	ドゥラエテルノ	1.0	1.0
20250628	小倉	4	▲	15	ラトラース	1.0	1.0
20250628	小倉	4	☆	13	グローサートラウム	1.0	1.0
20250628	小倉	6	◎	5	リリードリーマー	1.0	0.969
20250628	小倉	6	○	3	デーモンスレイヤー	0.88	0.969
20250628	小倉	6	▲	11	イフウドウドウ	1.0	0.969
20250628	小倉	6	☆	1	アイファーモービル	1.0	0.969
20250628	小倉	7	◎	10	ダーカザンブラック	1.0	1.0
20250628	小倉	7	○	1	ロイヤルウィル	1.0	1.0
20250628	小倉	7	▲	11	モズレイラココナ	1.0	1.0
20250628	小倉	7	☆	7	コトリノウタウウタ	1.0	1.0
20250628	小倉	8	◎	9	クインズセレネ	1.0	1.0
20250628	小倉	8	○	15	ハイウェイスター	1.0	1.0
20250628	小倉	8	▲	5	マキシマムビスタ	1.0	1.0
20250628	小倉	8	☆	8	サンコンクエスト	1.0	1.0
20250628	小倉	9	◎	1	ワーキングアセット	1.0	0.958
20250628	小倉	9	○	8	ゼンノインヴォーク	1.0	0.958
20250628	小倉	9	▲	6	バースライト	0.83	0.958
20250628	小倉	9	☆	3	ダノンアトラス	1.0	0.958
20250628	小倉	10	◎	5	ラレーヌデリス	1.0	1.0
20250628	小倉	10	○	2	ミッキーゴールド	1.0	1.0
20250628	小倉	10	▲	3	テレサ	1.0	1.0
20250628	小倉	10	☆	4	バレルターン	1.0	1.0
20250628	小倉	11	◎	16	メイショウミカワ	1.0	0.969
20250628	小倉	11	○	9	サイモンザナドゥ	0.88	0.969
20250628	小倉	11	▲	4	マッシャーブルム	1.0	0.969
20250628	小倉	11	☆	2	フェルヴェンテ	1.0	0.969
20250628	小倉	12	◎	13	エンドレスロード	1.0	0.958
20250628	小倉	12	○	9	インブロリオ	0.83	0.958
20250628	小倉	12	▲	7	ダニエルバローズ	1.0	0.958
20250628	小倉	12	☆	11	ガットネロ	1.0	0.958
20250628	福島	1	◎	7	リュウノエッセンス	1.0	1.0
20250628	福島	1	○	10	ベルバード	1.0	1.0
20250628	福島	1	▲	4	フクチャンショウ	1.0	1.0
20250628	福島	1	☆	8	マジックショー	1.0	1.0
20250628	福島	2	◎	2	ベンメリア	1.0	0.938
20250628	福島	2	○	1	フラッシュポイント	1.0	0.938
20250628	福島	2	▲	3	アドリアフレイバー	1.0	0.938
20250628	福島	2	☆	9	ジルクン	0.75	0.938
20250628	福島	3	◎	11	ユウオウマイシン	0.88	0.969
20250628	福島	3	○	3	マルターズヴェロス	1.0	0.969
20250628	福島	3	▲	12	ベルチュガダン	1.0	0.969
20250628	福島	3	☆	10	ヤマニンエボルブ	1.0	0.969
20250628	福島	4	◎	11	ハットメリリー	1.0	0.964
20250628	福島	4	○	2	サトノシャルレーヌ	1.0	0.964
20250628	福島	4	▲	9	サルーポルティ	0.86	0.964
20250628	福島	4	☆	16	ジェノヴィーノ	1.0	0.964
20250628	福島	7	◎	1	ルークスヘリオス	1.0	0.938
20250628	福島	7	○	2	エデルクローネ	1.0	0.938
20250628	福島	7	▲	6	オストラヴァ	1.0	0.938
20250628	福島	7	☆	7	プルミエソルティ	0.75	0.938
20250628	福島	8	◎	14	マリノテレージア	1.0	0.969
20250628	福島	8	○	15	リケアコンパンナ	0.88	0.969
20250628	福島	8	▲	6	ニットウアクシア	1.0	0.969
20250628	福島	8	☆	13	ハイダウェイ	1.0	0.969
20250628	福島	9	◎	2	ロムネヤ	1.0	1.0
20250628	福島	9	○	8	ユキワリザクラ	1.0	1.0
20250628	福島	9	▲	3	フォーザボーイズ	1.0	1.0
20250628	福島	9	☆	1	レミージュ	1.0	1.0
20250628	福島	10	◎	5	モナコブル	1.0	1.0
20250628	福島	10	○	13	ナルカミ	1.0	1.0
20250628	福島	10	▲	6	クラウンシエンタ	1.0	1.0
20250628	福島	10	☆	12	タナサンブラック	1.0	1.0
20250628	福島	11	◎	10	サトノクローク	1.0	1.0
20250628	福島	11	○	1	アンゴラブラック	1.0	1.0
20250628	福島	11	▲	4	キュクヌス	1.0	1.0
20250628	福島	11	☆	8	エンドロール	1.0	1.0
20250628	福島	12	◎	13	ヴィーデ	1.0	0.937
20250628	福島	12	○	5	ヘリオトロープ	0.86	0.937
20250628	福島	12	▲	3	ロードソルスティス	0.89	0.937
20250628	福島	12	☆	8	イノキ	1.0	0.937
20250629	函館	1	◎	10	ラインカシウス	1.0	0.969
20250629	函館	1	○	4	アニマレイ	1.0	0.969
20250629	函館	1	▲	1	ヘクセンハウス	1.0	0.969
20250629	函館	1	☆	9	ルーセントムーン	0.88	0.969
20250629	函館	2	◎	8	ママアリガトー	1.0	0.927
20250629	函館	2	○	7	コッコラーレ	0.83	0.927
20250629	函館	2	▲	11	バスキュラリティ	0.88	0.927
20250629	函館	2	☆	9	ブラックエトワール	1.0	0.927
20250629	函館	3	◎	12	スペースリーガ	1.0	0.938
20250629	函館	3	○	11	サマースピリット	0.88	0.938
20250629	函館	3	▲	2	ペイシャアーサー	0.88	0.938
20250629	函館	3	☆	7	ヒロノエクスカリバ	1.0	0.938
20250629	函館	4	◎	7	ジーティートゥルー	0.89	0.972
20250629	函館	4	○	9	サトミノエンジェル	1.0	0.972
20250629	函館	4	▲	6	ミッキーコンドル	1.0	0.972
20250629	函館	4	☆	4	マナミン	1.0	0.972
20250629	函館	6	◎	12	コスモマガラニカ	1.0	1.0
20250629	函館	6	○	8	サクラアドリア	1.0	1.0
20250629	函館	6	▲	5	キントラダンサー	1.0	1.0
20250629	函館	6	☆	15	レディオンステージ	1.0	1.0
20250629	函館	7	◎	7	ソアラ	1.0	0.958
20250629	函館	7	○	9	スウィートリワード	1.0	0.958
20250629	函館	7	▲	5	グランテレーズ	1.0	0.958
20250629	函館	7	☆	2	プロクレイア	0.83	0.958
20250629	函館	8	◎	9	ライフゲート	1.0	1.0
20250629	函館	8	○	11	チュウワクリスエス	1.0	1.0
20250629	函館	8	▲	2	ドゥラリス	1.0	1.0
20250629	函館	8	☆	3	コスモシェルベット	1.0	1.0
20250629	函館	9	◎	5	サングラデーション	1.0	1.0
20250629	函館	9	○	9	シュバルツマサムネ	1.0	1.0
20250629	函館	9	▲	1	レクスノヴァス	1.0	1.0
20250629	函館	9	☆	7	マイネルゼウス	1.0	1.0
20250629	函館	10	◎	8	ミレニアムヒロイン	1.0	1.0
20250629	函館	10	○	9	オールマキシマム	1.0	1.0
20250629	函館	10	▲	11	ウェイトゥゴー	1.0	1.0
20250629	函館	10	☆	5	クォーツァイト	1.0	1.0
20250629	函館	11	◎	12	マイネルメモリー	1.0	0.972
20250629	函館	11	○	10	グランディア	1.0	0.972
20250629	函館	11	▲	14	トップナイフ	1.0	0.972
20250629	函館	11	☆	11	ランスオブクイーン	0.89	0.972
20250629	函館	12	◎	12	トウカイファクター	1.0	1.0
20250629	函館	12	○	10	モジャーリオ	1.0	1.0
20250629	函館	12	▲	14	ニタモノドウシ	1.0	1.0
20250629	函館	12	☆	11	スイミーユニバンス	1.0	1.0
20250629	小倉	2	◎	11	ニーナバイリッカ	1.0	0.964
20250629	小倉	2	○	17	ラインピクシー	0.86	0.964
20250629	小倉	2	▲	13	メイショウマサツラ	1.0	0.964
20250629	小倉	2	☆	16	ソニックサンライズ	1.0	0.964
20250629	小倉	3	◎	16	ハチワレ	1.0	0.873
20250629	小倉	3	○	1	ポテチ	0.67	0.873
20250629	小倉	3	▲	7	サンライズロジャー	1.0	0.873
20250629	小倉	3	☆	14	ゴートゥーミジョカ	0.82	0.873
20250629	小倉	4	◎	11	シャドーストライク	1.0	1.0
20250629	小倉	4	○	7	ドウジギリ	1.0	1.0
20250629	小倉	4	▲	13	アルデフォックス	1.0	1.0
20250629	小倉	4	☆	9	ワイドデコラシオン	1.0	1.0
20250629	小倉	7	◎	15	ポジターノ	1.0	0.931
20250629	小倉	7	○	6	アイスモント	0.83	0.931
20250629	小倉	7	▲	9	ジュヌフィーユ	1.0	0.931
20250629	小倉	7	☆	4	ランフォースマイル	0.89	0.931
20250629	小倉	8	◎	8	ロードヴァルカン	1.0	0.972
20250629	小倉	8	○	12	スノーサイレンス	1.0	0.972
20250629	小倉	8	▲	5	トゥインクルアップ	0.89	0.972
20250629	小倉	8	☆	13	ディーエスショウマ	1.0	0.972
20250629	小倉	9	◎	4	スター	1.0	1.0
20250629	小倉	9	○	5	スライビングロード	1.0	1.0
20250629	小倉	9	▲	1	ワンモアスマイル	1.0	1.0
20250629	小倉	9	☆	6	レディーミコノス	1.0	1.0
20250629	小倉	10	◎	14	ストームバンガード	1.0	0.981
20250629	小倉	10	○	9	ハリーケーン	0.92	0.981
20250629	小倉	10	▲	10	ダノンスウィッチ	1.0	0.981
20250629	小倉	10	☆	1	タイセイウォリアー	1.0	0.981
20250629	小倉	11	◎	2	トーホウディアス	1.0	0.964
20250629	小倉	11	○	5	レッドエヴァンス	1.0	0.964
20250629	小倉	11	▲	12	リシャールケリー	1.0	0.964
20250629	小倉	11	☆	9	パクスロマーナ	0.86	0.964
20250629	小倉	12	◎	9	ニューオーリンズ	0.93	0.983
20250629	小倉	12	○	14	ブリオメンテ	1.0	0.983
20250629	小倉	12	▲	2	ライノ	1.0	0.983
20250629	小倉	12	☆	6	ブラックタロー	1.0	0.983
20250629	福島	1	◎	10	ミルキーハニー	1.0	0.95
20250629	福島	1	○	12	リックメイン	1.0	0.95
20250629	福島	1	▲	8	エウテルペ	0.8	0.95
20250629	福島	1	☆	5	カサビセンス	1.0	0.95
20250629	福島	2	◎	4	タナハシ	0.75	0.902
20250629	福島	2	○	1	ナヴァラトゥナ	0.86	0.902
20250629	福島	2	▲	9	ウインオアシス	1.0	0.902
20250629	福島	2	☆	7	モンツァフレイバー	1.0	0.902
20250629	福島	3	◎	15	フロウオブタイム	1.0	0.95
20250629	福島	3	○	11	ラストレガシー	1.0	0.95
20250629	福島	3	▲	6	ベネスピラ	0.8	0.95
20250629	福島	3	☆	5	ノースグロリア	1.0	0.95
20250629	福島	4	◎	15	ガスパール	0.6	0.864
20250629	福島	4	○	5	クレプスクルム	0.86	0.864
20250629	福島	4	▲	3	マイネルトラオム	1.0	0.864
20250629	福島	4	☆	12	ガーンディーヴァ	1.0	0.864
20250629	福島	7	◎	6	リクエイ	1.0	0.977
20250629	福島	7	○	4	ゴールドハンマー	1.0	0.977
20250629	福島	7	▲	8	アシャカトベ	0.91	0.977
20250629	福島	7	☆	1	ブエナディオサ	1.0	0.977
20250629	福島	8	◎	5	ディバイングレース	1.0	1.0
20250629	福島	8	○	3	ソルトブリーズ	1.0	1.0
20250629	福島	8	▲	1	トライデントスピア	1.0	1.0
20250629	福島	8	☆	2	ミラーダカリエンテ	1.0	1.0
20250629	福島	9	◎	9	ジャガード	1.0	0.95
20250629	福島	9	○	8	ソルレース	0.8	0.95
20250629	福島	9	▲	1	マックアルイーン	1.0	0.95
20250629	福島	9	☆	6	ライクアフラワー	1.0	0.95
20250629	福島	10	◎	12	グレノークス	1.0	0.972
20250629	福島	10	○	13	ジャスパーロブスト	0.89	0.972
20250629	福島	10	▲	8	デコラシオン	1.0	0.972
20250629	福島	10	☆	6	クーアフュルスト	1.0	0.972
20250629	福島	11	◎	8	エーオーキング	0.86	0.893
20250629	福島	11	○	5	センツブラッド	0.71	0.893
20250629	福島	11	▲	1	エキサイトバイオ	1.0	0.893
20250629	福島	11	☆	10	アタラシイカドデニ	1.0	0.893
20250629	福島	12	◎	9	シャトーボビー	1.0	0.964
20250629	福島	12	○	12	イェルマーク	1.0	0.964
20250629	福島	12	▲	3	グッドヴァイブス	1.0	0.964
20250629	福島	12	☆	4	アタリダイキチ	0.86	0.964
20250705	函館	1	◎	4	プレセピオ	0.6	0.9
20250705	函館	1	○	1	トウカイマシェリ	1.0	0.9
20250705	函館	1	▲	6	ワイズギャング	1.0	0.9
20250705	函館	1	☆	3	ショウナンカリス	1.0	0.9
20250705	函館	2	◎	7	ダブルシルバー	1.0	0.942
20250705	函館	2	○	12	ミッキーマカパ	0.77	0.942
20250705	函館	2	▲	11	カービスベイ	1.0	0.942
20250705	函館	2	☆	9	サファリ	1.0	0.942
20250705	函館	3	◎	13	フラワームーン	1.0	0.972
20250705	函館	3	○	9	マカナ	1.0	0.972
20250705	函館	3	▲	11	ラウニウ	1.0	0.972
20250705	函館	3	☆	1	クラウドプリーザー	0.89	0.972
20250705	函館	4	◎	3	シヴァールバーニ	1.0	1.0
20250705	函館	4	○	1	スティーヴバローズ	1.0	1.0
20250705	函館	4	▲	2	マイネルアレス	1.0	1.0
20250705	函館	4	☆	9	シュエットアムール	1.0	1.0
20250705	函館	6	◎	12	ハッピールンナ	0.86	0.937
20250705	函館	6	○	10	ザハント	1.0	0.937
20250705	函館	6	▲	8	メイショウタイピン	0.89	0.937
20250705	函館	6	☆	6	チハヤフル	1.0	0.937
20250705	函館	7	◎	11	オロスコピオ	0.83	0.858
20250705	函館	7	○	5	ヤコブセン	0.8	0.858
20250705	函館	7	▲	12	リギーロ	1.0	0.858
20250705	函館	7	☆	6	ペリプルス	0.8	0.858
20250705	函館	8	◎	9	スマッシュアウト	1.0	1.0
20250705	函館	8	○	4	ベビーズブレス	1.0	1.0
20250705	函館	8	▲	1	キャリーグレイス	1.0	1.0
20250705	函館	8	☆	2	シャインズオンユー	1.0	1.0
20250705	函館	9	◎	8	トレミニョン	1.0	1.0
20250705	函館	9	○	3	ウォータークラーク	1.0	1.0
20250705	函館	9	▲	7	ブラックジェダイト	1.0	1.0
20250705	函館	9	☆	1	ゼットエイト	1.0	1.0
20250705	函館	10	◎	14	ドバイブルース	1.0	1.0
20250705	函館	10	○	4	サムシャイン	1.0	1.0
20250705	函館	10	☆	5	ワイドブリザード	1.0	1.0
20250705	函館	11	◎	10	ルーフ	1.0	0.958
20250705	函館	11	○	5	ドゥアムール	1.0	0.958
20250705	函館	11	▲	9	ソルトクィーン	1.0	0.958
20250705	函館	11	☆	4	エマヌエーレ	0.83	0.958
20250705	函館	12	◎	5	オカメノコイ	1.0	1.0
20250705	函館	12	○	9	オンザスクエア	1.0	1.0
20250705	函館	12	▲	2	マジカルフェアリー	1.0	1.0
20250705	函館	12	☆	13	コルヴィル	1.0	1.0
20250705	小倉	1	◎	2	テーオールーラー	1.0	0.964
20250705	小倉	1	○	3	アスクエジンバラ	1.0	0.964
20250705	小倉	1	▲	1	リヒトミューレ	0.86	0.964
20250705	小倉	1	☆	4	アクティングエリア	1.0	0.964
20250705	小倉	2	◎	3	フクノフィアーノン	1.0	0.972
20250705	小倉	2	○	11	エスタンシア	1.0	0.972
20250705	小倉	2	▲	13	ラミントン	1.0	0.972
20250705	小倉	2	☆	12	エンブレイスメント	0.89	0.972
20250705	小倉	3	◎	8	マサウッドテール	1.0	1.0
20250705	小倉	3	○	13	メイショウセイロウ	1.0	1.0
20250705	小倉	3	▲	4	アイルトンバローズ	1.0	1.0
20250705	小倉	3	☆	1	インユアアイズ	1.0	1.0
20250705	小倉	4	◎	2	メイショウヨンク	1.0	1.0
20250705	小倉	4	○	9	ララアヴリル	1.0	1.0
20250705	小倉	4	▲	11	デュアルタスク	1.0	1.0
20250705	小倉	4	☆	14	ステラノヴァ	1.0	1.0
20250705	小倉	6	◎	9	エンドレスバンカー	0.82	0.956
20250705	小倉	6	○	14	テーオーシュタイン	1.0	0.956
20250705	小倉	6	▲	3	バルミラクル	1.0	0.956
20250705	小倉	6	☆	8	トーアグッドラック	1.0	0.956
20250705	小倉	7	◎	5	スピードイエロー	0.88	0.933
20250705	小倉	7	○	6	ダノンブランニュー	1.0	0.933
20250705	小倉	7	▲	10	エルオンセ	1.0	0.933
20250705	小倉	7	☆	2	モズグランプリ	0.86	0.933
20250705	小倉	8	◎	5	セントキルダ	1.0	1.0
20250705	小倉	8	○	6	ウィンストン	1.0	1.0
20250705	小倉	8	▲	2	ブルーレース	1.0	1.0
20250705	小倉	8	☆	9	ラストクリスマス	1.0	1.0
20250705	小倉	9	◎	7	サンライズグラシア	1.0	0.927
20250705	小倉	9	○	2	ミュージシャン	1.0	0.927
20250705	小倉	9	▲	8	オーシンエス	0.83	0.927
20250705	小倉	9	☆	6	キーパフォーマー	0.88	0.927
20250705	小倉	10	◎	9	キングツェッペリン	0.89	0.972
20250705	小倉	10	○	10	メイショウズイウン	1.0	0.972
20250705	小倉	10	▲	3	トーレ	1.0	0.972
20250705	小倉	10	☆	6	ギマール	1.0	0.972
20250705	小倉	11	◎	5	アイスグリーン	0.86	0.923
20250705	小倉	11	○	6	バッデレイト	0.83	0.923
20250705	小倉	11	▲	4	コルレオニス	1.0	0.923
20250705	小倉	11	☆	10	メルトユアハート	1.0	0.923
20250705	小倉	12	◎	2	インプロバイザー	0.88	0.969
20250705	小倉	12	○	4	フーコサンライズ	1.0	0.969
20250705	小倉	12	▲	3	ロードマイライフ	1.0	0.969
20250705	小倉	12	☆	9	ミッキーチャレンジ	1.0	0.969
20250705	福島	2	◎	5	カラジシ	0.75	0.871
20250705	福島	2	○	11	ノブレスジャン	0.86	0.871
20250705	福島	2	▲	3	アナベルケイツー	0.88	0.871
20250705	福島	2	☆	10	クロウソング	1.0	0.871
20250705	福島	3	◎	8	ハミングディスト	1.0	0.964
20250705	福島	3	○	5	コーディアリー	1.0	0.964
20250705	福島	3	▲	3	ルージュカルデア	1.0	0.964
20250705	福島	3	☆	2	コスモエーヴィヒ	0.86	0.964
20250705	福島	6	◎	7	ピコシー	0.75	0.938
20250705	福島	6	○	5	アルナイル	1.0	0.938
20250705	福島	6	▲	13	シュレン	1.0	0.938
20250705	福島	6	☆	10	リュキア	1.0	0.938
20250705	福島	7	◎	13	シャルパンティエ	0.88	0.91
20250705	福島	7	○	15	リケアコンパンナ	0.88	0.91
20250705	福島	7	▲	9	タイヨウノキセツ	1.0	0.91
20250705	福島	7	☆	6	ノーブルオリンポス	0.89	0.91
20250705	福島	8	◎	8	エバーステイ	1.0	1.0
20250705	福島	8	○	4	ウインベアトリス	1.0	1.0
20250705	福島	8	▲	10	ショウナンタハティ	1.0	1.0
20250705	福島	8	☆	13	ケイツーブル	1.0	1.0
20250705	福島	9	◎	10	ジェットブレード	1.0	1.0
20250705	福島	9	○	7	ルトンワージ	1.0	1.0
20250705	福島	9	▲	4	ヤマニンエイドロン	1.0	1.0
20250705	福島	9	☆	5	タッチアンドムーブ	1.0	1.0
20250705	福島	10	◎	5	エリカコレクト	1.0	0.969
20250705	福島	10	○	13	ベルギューン	1.0	0.969
20250705	福島	10	▲	9	ジューンポンポン	0.88	0.969
20250705	福島	10	☆	2	ネイリッカ	1.0	0.969
20250705	福島	11	◎	6	フラップシグナス	0.88	0.927
20250705	福島	11	○	5	ドンレパルス	0.83	0.927
20250705	福島	11	▲	12	ルディック	1.0	0.927
20250705	福島	11	☆	9	クリダーム	1.0	0.927
20250705	福島	12	◎	6	ビアフォーナウ	1.0	0.923
20250705	福島	12	○	4	ユーティジャーニー	1.0	0.923
20250705	福島	12	▲	15	ボンヌソワレ	0.83	0.923
20250705	福島	12	☆	14	ティピティーナ	0.86	0.923
20250706	函館	1	◎	10	エターナルギア	1.0	1.0
20250706	函館	1	○	7	スミッコディスコ	1.0	1.0
20250706	函館	1	▲	2	クワイエットアイ	1.0	1.0
20250706	函館	1	☆	5	タガノアラリア	1.0	1.0
20250706	函館	2	◎	6	アウスラフラッグ	1.0	0.964
20250706	函館	2	○	10	ハイエンドモデル	1.0	0.964
20250706	函館	2	▲	8	フォレストオール	1.0	0.964
20250706	函館	2	☆	7	パールフロント	0.86	0.964
20250706	函館	3	◎	11	ベイビーベリッシモ	1.0	1.0
20250706	函館	3	○	8	シュヴァルノワール	1.0	1.0
20250706	函館	3	▲	10	ワウワウワウ	1.0	1.0
20250706	函館	3	☆	4	コットンフラワー	1.0	1.0
20250706	函館	4	◎	8	ブラックティンカー	1.0	1.0
20250706	函館	4	○	10	ガジュノリホワイト	1.0	1.0
20250706	函館	4	▲	15	アセンディア	1.0	1.0
20250706	函館	4	☆	1	ヒットザグラウンド	1.0	1.0
20250706	函館	6	◎	12	ウインヘリオドール	1.0	0.958
20250706	函館	6	○	4	ミクニインスパイア	1.0	0.958
20250706	函館	6	▲	8	ターミネーター	1.0	0.958
20250706	函館	6	☆	2	ラマヌジャン	0.83	0.958
20250706	函館	7	◎	9	スイッチオン	1.0	0.972
20250706	函館	7	○	7	サウンドモリアーナ	1.0	0.972
20250706	函館	7	▲	12	メイショウホダワラ	1.0	0.972
20250706	函館	7	☆	5	メイショウハッブル	0.89	0.972
20250706	函館	8	◎	12	バルティカ	0.67	0.917
20250706	函館	8	○	11	ローズマイスター	1.0	0.917
20250706	函館	8	▲	13	ロングウェイホーム	1.0	0.917
20250706	函館	8	☆	6	リーゼノアール	1.0	0.917
20250706	函館	9	◎	2	カウスリップ	1.0	1.0
20250706	函館	9	○	9	リリーフィールド	1.0	1.0
20250706	函館	9	▲	7	ルージュラナキラ	1.0	1.0
20250706	函館	9	☆	6	カワキタマナレア	1.0	1.0
20250706	函館	10	◎	3	ヒルノデプラーツ	0.88	0.902
20250706	函館	10	○	9	シテフローラル	0.86	0.902
20250706	函館	10	▲	1	ウインネモフィラ	1.0	0.902
20250706	函館	10	☆	7	キャリーハピネス	0.88	0.902
20250706	函館	11	◎	10	ジャスパーゴールド	0.89	0.972
20250706	函館	11	○	5	ジャスティンアース	1.0	0.972
20250706	函館	11	▲	9	サンライズアリオン	1.0	0.972
20250706	函館	11	☆	8	マリアナトレンチ	1.0	0.972
20250706	函館	12	◎	5	ヒメカミノイタダキ	0.89	0.917
20250706	函館	12	○	9	アジュマン	1.0	0.917
20250706	函館	12	▲	7	ペルフェツィオーネ	0.78	0.917
20250706	函館	12	☆	3	ビッグフラワー	1.0	0.917
20250706	小倉	1	◎	16	ダイラントウ	1.0	0.937
20250706	小倉	1	○	4	カシノハンゾウ	0.86	0.937
20250706	小倉	1	▲	1	エイシンディアマン	0.89	0.937
20250706	小倉	1	☆	11	ラムールデュヴォン	1.0	0.937
20250706	小倉	2	◎	15	マンノデュエット	1.0	0.833
20250706	小倉	2	○	6	ピスタ	0.67	0.833
20250706	小倉	2	▲	12	ロカヒ	0.67	0.833
20250706	小倉	2	☆	3	ベルエアキング	1.0	0.833
20250706	小倉	3	◎	7	マローソ	0.75	0.804
20250706	小倉	3	○	9	メイショウハヤセ	1.0	0.804
20250706	小倉	3	▲	10	パールペンダント	0.75	0.804
20250706	小倉	3	☆	16	ブライアーヒル	0.71	0.804
20250706	小倉	4	◎	16	レイデラティエラ	1.0	1.0
20250706	小倉	4	○	2	ダノンジャガー	1.0	1.0
20250706	小倉	4	▲	8	サトノアベリア	1.0	1.0
20250706	小倉	4	☆	13	マイネルイグザルト	1.0	1.0
20250706	小倉	7	◎	4	サラダ	0.67	0.917
20250706	小倉	7	○	5	ダノンフェアレディ	1.0	0.917
20250706	小倉	7	▲	6	エバーグルーヴ	1.0	0.917
20250706	小倉	7	☆	7	ニシノイツキムスメ	1.0	0.917
20250706	小倉	8	◎	8	ドナポンド	1.0	0.825
20250706	小倉	8	○	11	ファムエレガンテ	0.5	0.825
20250706	小倉	8	▲	1	トッピゴー	0.8	0.825
20250706	小倉	8	☆	13	クリノミニスター	1.0	0.825
20250706	小倉	9	◎	6	カフジキアッキエレ	1.0	1.0
20250706	小倉	9	○	4	アーリントンロウ	1.0	1.0
20250706	小倉	9	▲	5	コウセキ	1.0	1.0
20250706	小倉	9	☆	2	ベルビースタローン	1.0	1.0
20250706	小倉	10	◎	6	ベトルス	1.0	0.969
20250706	小倉	10	○	3	クルミナーレ	1.0	0.969
20250706	小倉	10	▲	1	サラトガチップス	1.0	0.969
20250706	小倉	10	☆	2	スカイドゥエラー	0.88	0.969
20250706	小倉	11	◎	13	オタルエバー	1.0	1.0
20250706	小倉	11	○	9	ヤマニンアルリフラ	1.0	1.0
20250706	小倉	11	▲	17	キタノエクスプレス	1.0	1.0
20250706	小倉	11	☆	10	タマモブラックタイ	1.0	1.0
20250706	小倉	12	◎	1	ピストンボーイ	0.86	0.95
20250706	小倉	12	○	9	テーオーマルコーニ	0.94	0.95
20250706	小倉	12	▲	5	アメリカンチーフ	1.0	0.95
20250706	小倉	12	☆	16	コズミックダンサー	1.0	0.95
20250706	福島	2	◎	15	コンパクトファイト	0.89	0.922
20250706	福島	2	○	2	トラストパイロ	0.86	0.922
20250706	福島	2	▲	13	ホウオウヌーヴォー	0.94	0.922
20250706	福島	2	☆	11	ルシャルムール	1.0	0.922
20250706	福島	3	◎	12	イオリ	1.0	0.894
20250706	福島	3	○	4	テンペストヒロイン	0.78	0.894
20250706	福島	3	▲	8	アユツリー	0.8	0.894
20250706	福島	3	☆	2	ワンダーカフェ	1.0	0.894
20250706	福島	6	◎	7	ビレッジルミエール	1.0	0.969
20250706	福島	6	○	1	キタノライブリー	1.0	0.969
20250706	福島	6	▲	11	リネンプリンセス	0.88	0.969
20250706	福島	6	☆	9	ドリームアンコール	1.0	0.969
20250706	福島	7	◎	10	フルールネージュ	1.0	0.889
20250706	福島	7	○	14	ウアーシュプルング	0.67	0.889
20250706	福島	7	▲	7	バッキンガムパレス	0.89	0.889
20250706	福島	7	☆	9	ロードオブキング	1.0	0.889
20250706	福島	8	◎	7	コレクテイニア	0.86	0.937
20250706	福島	8	○	9	ベストシーン	1.0	0.937
20250706	福島	8	▲	14	コスモアンソロジー	1.0	0.937
20250706	福島	8	☆	5	トゥルーサクセサー	0.89	0.937
20250706	福島	9	◎	9	コスモルーテウス	1.0	0.931
20250706	福島	9	○	8	ピックアップライン	0.89	0.931
20250706	福島	9	▲	4	ヤマメキング	0.83	0.931
20250706	福島	9	☆	12	リリージェーン	1.0	0.931
20250706	福島	10	◎	11	エリンアキレウス	1.0	0.857
20250706	福島	10	○	2	ニシノティアモ	0.43	0.857
20250706	福島	10	▲	14	フォルラニーニ	1.0	0.857
20250706	福島	10	☆	4	ロゼル	1.0	0.857
20250706	福島	11	◎	12	ソニックスター	1.0	0.958
20250706	福島	11	○	1	エルゲルージ	1.0	0.958
20250706	福島	11	▲	13	シゲルショウグン	1.0	0.958
20250706	福島	11	☆	10	カズプレスト	0.83	0.958
20250706	福島	12	◎	12	カガバベル	1.0	0.933
20250706	福島	12	○	8	エコロカディス	0.86	0.933
20250706	福島	12	▲	5	シュヴァルボヌール	1.0	0.933
20250706	福島	12	☆	11	タイセイピューマ	0.88	0.933
20250712	函館	1	◎	11	ワンダーアンジェ	1.0	1.0
20250712	函館	1	○	3	セゾンデフィーユ	1.0	1.0
20250712	函館	1	▲	4	ロネット	1.0	1.0
20250712	函館	1	☆	10	カルミネイション	1.0	1.0
20250712	函館	2	◎	10	サラサエンペラー	0.88	0.969
20250712	函館	2	○	12	ショウナンラリー	1.0	0.969
20250712	函館	2	▲	11	コッコラーレ	1.0	0.969
20250712	函館	2	☆	9	テーオーテバルディ	1.0	0.969
20250712	函館	3	◎	6	ヤマニンパルフェ	0.88	0.969
20250712	函館	3	○	4	コンドゥイア	1.0	0.969
20250712	函館	3	▲	9	セリオヴェローチェ	1.0	0.969
20250712	函館	3	☆	11	デルマケセラセラ	1.0	0.969
20250712	函館	4	◎	6	ジーティートゥルー	0.89	0.972
20250712	函館	4	○	7	ヒサエノオモカゲ	1.0	0.972
20250712	函館	4	▲	2	リュウジンオー	1.0	0.972
20250712	函館	4	☆	12	オドラニャソンソン	1.0	0.972
20250712	函館	6	◎	14	ブライトメール	0.86	0.937
20250712	函館	6	○	16	アレグリーニ	1.0	0.937
20250712	函館	6	▲	11	ヤマニンヒストリア	0.89	0.937
20250712	函館	6	☆	8	ラッキーロジータ	1.0	0.937
20250712	函館	7	◎	8	アステロイドメア	1.0	1.0
20250712	函館	7	○	5	タマモジャスミン	1.0	1.0
20250712	函館	7	▲	3	スウィートリワード	1.0	1.0
20250712	函館	7	☆	7	タイヨウフレア	1.0	1.0
20250712	函館	8	◎	1	ポップスター	1.0	1.0
20250712	函館	8	○	3	アークドール	1.0	1.0
20250712	函館	8	▲	7	ドーギッド	1.0	1.0
20250712	函館	8	☆	10	ファイアトリック	1.0	1.0
20250712	函館	9	◎	10	バルティカ	0.89	0.972
20250712	函館	9	○	1	マイネルゼウス	1.0	0.972
20250712	函館	9	▲	5	アオイタケル	1.0	0.972
20250712	函館	9	☆	3	ダノンジャイアン	1.0	0.972
20250712	函館	10	◎	11	モジャーリオ	0.83	0.896
20250712	函館	10	○	5	カルプスペルシュ	0.75	0.896
20250712	函館	10	▲	9	ニタモノドウシ	1.0	0.896
20250712	函館	10	☆	10	イグニション	1.0	0.896
20250712	函館	11	◎	5	エープラス	1.0	0.958
20250712	函館	11	○	14	ラーンザロープス	0.88	0.958
20250712	函館	11	▲	6	エラトー	1.0	0.958
20250712	函館	12	◎	3	サンピアノソナタ	0.88	0.941
20250712	函館	12	○	9	ボルセーナ	1.0	0.941
20250712	函館	12	▲	11	ナンヨークリスタル	1.0	0.941
20250712	函館	12	☆	6	メイショウハッブル	0.89	0.941
20250712	小倉	1	◎	9	ツーエムボヌール	1.0	1.0
20250712	小倉	1	○	8	タマモイカロス	1.0	1.0
20250712	小倉	1	▲	5	ダイヤモンドノット	1.0	1.0
20250712	小倉	1	☆	3	スターアニス	1.0	1.0
20250712	小倉	2	◎	6	キャットテイル	1.0	1.0
20250712	小倉	2	○	4	アズユーライク	1.0	1.0
20250712	小倉	2	▲	14	アドラビーレ	1.0	1.0
20250712	小倉	2	☆	8	サマンサバローズ	1.0	1.0
20250712	小倉	3	◎	11	スマートフランキー	1.0	0.985
20250712	小倉	3	○	2	デーモンスレイヤー	0.94	0.985
20250712	小倉	3	▲	8	キーガッツ	1.0	0.985
20250712	小倉	3	☆	12	トップレジェンド	1.0	0.985
20250712	小倉	6	◎	14	コンヴェックス	1.0	0.875
20250712	小倉	6	○	10	パープルパライソ	0.5	0.875
20250712	小倉	6	▲	7	ルクスコロン	1.0	0.875
20250712	小倉	6	☆	16	ナリタボニー	1.0	0.875
20250712	小倉	7	◎	6	ロックエンジェル	1.0	1.0
20250712	小倉	7	○	3	リビングストン	1.0	1.0
20250712	小倉	7	▲	10	ケイコウギュウゴ	1.0	1.0
20250712	小倉	7	☆	7	コスモナッシュビル	1.0	1.0
20250712	小倉	8	◎	13	ゴールドダイアー	1.0	1.0
20250712	小倉	8	○	9	ユキノクラウン	1.0	1.0
20250712	小倉	8	▲	5	ヨリノレジェンド	1.0	1.0
20250712	小倉	8	☆	15	ゴッドヴァレー	1.0	1.0
20250712	小倉	9	◎	10	ラブカ	1.0	1.0
20250712	小倉	9	○	9	テイクザクラウン	1.0	1.0
20250712	小倉	9	▲	1	ジョイボーイ	1.0	1.0
20250712	小倉	9	☆	5	サトノクロシェット	1.0	1.0
20250712	小倉	10	◎	2	ルミッキ	1.0	0.972
20250712	小倉	10	○	9	ルフトクス	1.0	0.972
20250712	小倉	10	▲	8	メイショウコボケ	1.0	0.972
20250712	小倉	10	☆	6	プウスカンドゥール	0.89	0.972
20250712	小倉	11	◎	1	ハンベルジャイト	1.0	1.0
20250712	小倉	11	▲	2	ネグレスコ	1.0	1.0
20250712	小倉	11	☆	8	ナスノカンゲツ	1.0	1.0
20250712	小倉	12	◎	9	ジェニファー	1.0	1.0
20250712	小倉	12	○	17	ダノンモンテローザ	1.0	1.0
20250712	小倉	12	▲	7	ディーエストッキー	1.0	1.0
20250712	小倉	12	☆	12	フォティック	1.0	1.0
20250712	福島	1	◎	3	ヘラクレステソーロ	1.0	1.0
20250712	福島	1	○	9	シーズザスローン	1.0	1.0
20250712	福島	1	▲	10	ブラックハヤテ	1.0	1.0
20250712	福島	1	☆	6	ウールヴヘジン	1.0	1.0
20250712	福島	2	◎	5	ティアップマッハ	1.0	1.0
20250712	福島	2	○	8	リックメイン	1.0	1.0
20250712	福島	2	▲	2	マキャベリー	1.0	1.0
20250712	福島	2	☆	1	ミュークチェルシー	1.0	1.0
20250712	福島	3	◎	15	クラウンジュエル	1.0	1.0
20250712	福島	3	○	6	ジュリスタ	1.0	1.0
20250712	福島	3	▲	11	ルックアトミー	1.0	1.0
20250712	福島	3	☆	16	ステラマテュティナ	1.0	1.0
20250712	福島	4	◎	6	キョウエイグッド	1.0	1.0
20250712	福島	4	○	3	イフルジャンス	1.0	1.0
20250712	福島	4	▲	9	ヴィラスターリ	1.0	1.0
20250712	福島	4	☆	15	ガーンディーヴァ	1.0	1.0
20250712	福島	7	◎	14	パートオブワールド	0.89	0.972
20250712	福島	7	○	15	リアンベーレ	1.0	0.972
20250712	福島	7	▲	5	コスモアミマネラ	1.0	0.972
20250712	福島	7	☆	12	ユーディキウム	1.0	0.972
20250712	福島	8	◎	14	スプレーフォール	0.88	0.844
20250712	福島	8	○	15	スペイドアン	0.83	0.844
20250712	福島	8	▲	10	ピコニ	0.67	0.844
20250712	福島	8	☆	8	バナマンテソーロ	1.0	0.844
20250712	福島	9	◎	9	アルベリック	1.0	1.0
20250712	福島	9	○	12	ウインマイルート	1.0	1.0
20250712	福島	9	▲	3	マルカブリッツ	1.0	1.0
20250712	福島	9	☆	6	ブラックボイス	1.0	1.0
20250712	福島	10	◎	4	ジュノー	1.0	0.938
20250712	福島	10	○	8	レイピア	0.75	0.938
20250712	福島	10	▲	6	トーセンエスクード	1.0	0.938
20250712	福島	10	☆	3	ショウナンラスボス	1.0	0.938
20250712	福島	11	◎	10	ディヴィナシオン	1.0	1.0
20250712	福島	11	○	4	バースクライ	1.0	1.0
20250712	福島	11	▲	8	ティニア	1.0	1.0
20250712	福島	11	☆	14	バンデルオーラ	1.0	1.0
20250712	福島	12	◎	2	ディズレーリ	1.0	1.0
20250712	福島	12	○	6	レッドエウロス	1.0	1.0
20250712	福島	12	▲	8	カージオイド	1.0	1.0
20250712	福島	12	☆	11	プライベートアイズ	1.0	1.0
20250713	函館	1	◎	12	トーセンクリステル	0.88	0.969
20250713	函館	1	○	4	マスキュラー	1.0	0.969
20250713	函館	1	▲	8	ダイヤテソーロ	1.0	0.969
20250713	函館	1	☆	11	ワイドアルバ	1.0	0.969
20250713	函館	2	◎	9	クリムゾンボタン	0.62	0.865
20250713	函館	2	○	5	ハイゼンスレイ	1.0	0.865
20250713	函館	2	▲	10	バッドガール	0.83	0.865
20250713	函館	2	☆	4	ベルシエル	1.0	0.865
20250713	函館	3	◎	5	ロードステイタス	1.0	1.0
20250713	函館	3	○	13	ビリオネアボーイ	1.0	1.0
20250713	函館	3	▲	12	テキサスツイスター	1.0	1.0
20250713	函館	3	☆	1	チェンジオブハート	1.0	1.0
20250713	函館	4	◎	8	デコピン	0.75	0.91
20250713	函館	4	○	11	ブラックレーション	1.0	0.91
20250713	函館	4	▲	5	ロードスカイブルー	0.89	0.91
20250713	函館	4	☆	6	ジョードリウム	1.0	0.91
20250713	函館	6	◎	7	シュエットアムール	1.0	0.95
20250713	函館	6	○	15	ロパシック	0.8	0.95
20250713	函館	6	▲	12	スティーヴバローズ	1.0	0.95
20250713	函館	6	☆	8	バトラーズワーフ	1.0	0.95
20250713	函館	7	◎	5	エイトスターズ	1.0	0.969
20250713	函館	7	○	1	ロートホルン	1.0	0.969
20250713	函館	7	▲	2	パルティキュリエ	0.88	0.969
20250713	函館	7	☆	3	ハーエクセレンシー	1.0	0.969
20250713	函館	8	◎	5	チェイスザウィンド	0.89	0.972
20250713	函館	8	○	11	アイウィル	1.0	0.972
20250713	函館	8	▲	7	サンライズバレット	1.0	0.972
20250713	函館	8	☆	6	トモジャザーン	1.0	0.972
20250713	函館	9	◎	5	ジルバーン	0.8	0.95
20250713	函館	9	○	3	ミッキージュエリー	1.0	0.95
20250713	函館	9	▲	8	ウインアクトゥール	1.0	0.95
20250713	函館	9	☆	4	リッチブラック	1.0	0.95
20250713	函館	10	◎	5	ニルアドミラリ	1.0	1.0
20250713	函館	10	○	10	クーデール	1.0	1.0
20250713	函館	10	▲	9	テイエムタリスマ	1.0	1.0
20250713	函館	10	☆	7	クラリティスケール	1.0	1.0
20250713	函館	11	◎	2	マイネルブリックス	1.0	0.964
20250713	函館	11	○	10	コントラポスト	0.86	0.964
20250713	函館	11	▲	7	コンクシェル	1.0	0.964
20250713	函館	11	☆	8	ディオスバリエンテ	1.0	0.964
20250713	函館	12	◎	7	アスクアメージモア	1.0	1.0
20250713	函館	12	○	5	ハリウッドメモリー	1.0	1.0
20250713	函館	12	▲	2	マキシマムドライブ	1.0	1.0
20250713	函館	12	☆	6	オーケーダイナ	1.0	1.0
20250713	小倉	2	◎	17	エイシンマイア	0.86	0.933
20250713	小倉	2	○	11	トウカイリュタン	0.88	0.933
20250713	小倉	2	▲	6	モズレイラココナ	1.0	0.933
20250713	小倉	2	☆	12	スマートロベール	1.0	0.933
20250713	小倉	3	◎	10	サントモナルカ	0.92	0.981
20250713	小倉	3	○	5	マーウォルス	1.0	0.981
20250713	小倉	3	▲	1	モズフラッシュ	1.0	0.981
20250713	小倉	3	☆	3	ハッコウイチウ	1.0	0.981
20250713	小倉	4	◎	7	ゼットヒーロ	1.0	1.0
20250713	小倉	4	○	10	マテンロウギフト	1.0	1.0
20250713	小倉	4	▲	12	ワイドリューレント	1.0	1.0
20250713	小倉	4	☆	15	シーク	1.0	1.0
20250713	小倉	7	◎	8	アンジュグルーヴ	1.0	1.0
20250713	小倉	7	○	3	スニーカースキル	1.0	1.0
20250713	小倉	7	▲	10	ヒミノエトワール	1.0	1.0
20250713	小倉	7	☆	16	レイフロレット	1.0	1.0
20250713	小倉	8	◎	9	オーサムユニバンス	1.0	1.0
20250713	小倉	8	○	3	インヴォーグ	1.0	1.0
20250713	小倉	8	▲	10	シンドリームシン	1.0	1.0
20250713	小倉	8	☆	15	メイケイロゼッタ	1.0	1.0
20250713	小倉	9	◎	10	セントールビースト	1.0	0.909
20250713	小倉	9	○	4	ゲッティヴィラ	0.86	0.909
20250713	小倉	9	▲	8	ファムエレガンテ	1.0	0.909
20250713	小倉	9	☆	5	パルプフィクション	0.78	0.909
20250713	小倉	10	◎	3	アロマデローサ	1.0	0.983
20250713	小倉	10	○	6	ファミリーツリー	0.93	0.983
20250713	小倉	10	▲	7	ハッピーアズラリー	1.0	0.983
20250713	小倉	10	☆	9	エルディアブロ	1.0	0.983
20250713	小倉	11	◎	15	マリオロード	1.0	0.923
20250713	小倉	11	○	7	ジャスパーロブスト	1.0	0.923
20250713	小倉	11	▲	12	ローズスター	0.83	0.923
20250713	小倉	11	☆	3	メイクアリープ	0.86	0.923
20250713	小倉	12	◎	15	エコロハート	1.0	0.969
20250713	小倉	12	○	12	モンテディアーナ	1.0	0.969
20250713	小倉	12	▲	16	インフローレ	1.0	0.969
20250713	小倉	12	☆	3	ピースフルナイト	0.88	0.969
20250713	福島	1	◎	1	リアアーテシアン	1.0	0.972
20250713	福島	1	○	8	イイクニパッション	0.89	0.972
20250713	福島	1	▲	4	リュウノエッセンス	1.0	0.972
20250713	福島	1	☆	6	リオンアンサー	1.0	0.972
20250713	福島	2	◎	7	ベネスピラ	0.8	0.95
20250713	福島	2	○	2	ジュンビクトワール	1.0	0.95
20250713	福島	2	▲	9	ヴィジブルライト	1.0	0.95
20250713	福島	2	☆	12	キタノショウリュウ	1.0	0.95
20250713	福島	3	◎	5	バレエコア	1.0	1.0
20250713	福島	3	○	2	ディアボリカドンナ	1.0	1.0
20250713	福島	3	▲	13	ムーンストラック	1.0	1.0
20250713	福島	3	☆	10	ヴィヴィッドムーン	1.0	1.0
20250713	福島	4	◎	11	ベストセラー	1.0	0.938
20250713	福島	4	○	8	ルシェロアズーリ	0.75	0.938
20250713	福島	4	▲	3	サウンドリアン	1.0	0.938
20250713	福島	4	☆	10	アンティジャミーラ	1.0	0.938
20250713	福島	6	◎	2	グランスターオー	1.0	0.938
20250713	福島	6	○	15	ソナタン	0.75	0.938
20250713	福島	6	▲	10	タキノボリ	1.0	0.938
20250713	福島	6	☆	9	ショージージョ	1.0	0.938
20250713	福島	7	◎	6	ティーラミレス	1.0	0.972
20250713	福島	7	○	2	キープサインオン	1.0	0.972
20250713	福島	7	▲	7	アトリウムチャペル	0.89	0.972
20250713	福島	7	☆	11	ダガーリング	1.0	0.972
20250713	福島	8	◎	11	テイエムパイロット	0.89	0.972
20250713	福島	8	○	12	レジーナローズ	1.0	0.972
20250713	福島	8	▲	3	ミニョンマルーン	1.0	0.972
20250713	福島	8	☆	10	カツノテンス	1.0	0.972
20250713	福島	9	◎	5	ディバイングレース	1.0	1.0
20250713	福島	9	○	8	マリアイリダータ	1.0	1.0
20250713	福島	9	▲	6	レイユール	1.0	1.0
20250713	福島	9	☆	7	クイーンズワーフ	1.0	1.0
20250713	福島	10	◎	15	ペンティメント	0.86	0.929
20250713	福島	10	○	4	テリフィックプラン	1.0	0.929
20250713	福島	10	▲	11	レシプロシティ	0.86	0.929
20250713	福島	10	☆	14	イージーオンミー	1.0	0.929
20250713	福島	11	◎	4	マテンロウオリオン	0.89	0.944
20250713	福島	11	○	15	ドゥラドーレス	1.0	0.944
20250713	福島	11	▲	13	セブンマジシャン	1.0	0.944
20250713	福島	11	☆	11	パラレルヴィジョン	0.89	0.944
20250713	福島	12	◎	9	エコロマーズ	1.0	0.969
20250713	福島	12	○	8	ファビュラススター	1.0	0.969
20250713	福島	12	▲	7	ニシノピウモッソ	0.88	0.969
20250713	福島	12	☆	5	ライクアフラワー	1.0	0.969
20250719	函館	1	◎	4	ブルームオブピース	0.67	0.889
20250719	函館	1	○	9	スマートプリエール	0.89	0.889
20250719	函館	1	▲	10	ティブロン	1.0	0.889
20250719	函館	1	☆	1	ロイヤルタイム	1.0	0.889
20250719	函館	2	◎	5	プレインコート	0.86	0.937
20250719	函館	2	○	1	ハイエンドモデル	1.0	0.937
20250719	函館	2	▲	10	レストプレドゥモア	0.89	0.937
20250719	函館	2	☆	8	バスキュラリティ	1.0	0.937
20250719	函館	3	◎	7	クレヨンポップ	0.86	0.909
20250719	函館	3	○	1	ケイアイワイラーパ	0.89	0.909
20250719	函館	3	▲	8	マブアンドフェール	0.89	0.909
20250719	函館	3	☆	5	ドルチェリターン	1.0	0.909
20250719	函館	4	◎	11	ダイヤノゴトク	1.0	0.972
20250719	函館	4	○	3	マゴイチタ	1.0	0.972
20250719	函館	4	▲	9	ベールドインパクト	0.89	0.972
20250719	函館	4	☆	1	ロアヴィヴィエンヌ	1.0	0.972
20250719	函館	5	◎	2	アレグランサ	1.0	1.0
20250719	函館	5	○	15	スイートフェアリー	1.0	1.0
20250719	函館	5	▲	9	ハクサンミラクル	1.0	1.0
20250719	函館	5	☆	14	ホウオウアーネスト	1.0	1.0
20250719	函館	6	◎	9	ノイシュタット	0.86	0.929
20250719	函館	6	○	3	ヒシカリナン	1.0	0.929
20250719	函館	6	▲	14	エルフェニックス	1.0	0.929
20250719	函館	6	☆	4	ハッピールンナ	0.86	0.929
20250719	函館	7	◎	4	シンデレラスマイル	1.0	0.964
20250719	函館	7	○	2	ブルーアイドガール	1.0	0.964
20250719	函館	7	▲	16	クイーンズデイ	0.86	0.964
20250719	函館	7	☆	6	ルージュレベッカ	1.0	0.964
20250719	函館	8	◎	3	スノーホルンロード	1.0	0.933
20250719	函館	8	○	9	カペルブリュッケ	0.88	0.933
20250719	函館	8	▲	8	ライフゲート	1.0	0.933
20250719	函館	8	☆	7	ランスノーブル	0.86	0.933
20250719	函館	9	◎	1	シンゼンカガ	1.0	0.964
20250719	函館	9	○	3	インパクトシー	0.86	0.964
20250719	函館	9	▲	2	サクラファレル	1.0	0.964
20250719	函館	9	☆	6	サトノブリジャール	1.0	0.964
20250719	函館	10	◎	10	ウインルピナス	0.86	0.914
20250719	函館	10	○	14	カテリーナ	1.0	0.914
20250719	函館	10	▲	11	テリオスサラ	1.0	0.914
20250719	函館	10	☆	8	ピンクジン	0.8	0.914
20250719	函館	11	◎	11	ジャスパーゴールド	0.89	0.931
20250719	函館	11	○	13	ダンテバローズ	1.0	0.931
20250719	函館	11	▲	3	ピュアキアン	0.83	0.931
20250719	函館	11	☆	2	テーオードレフォン	1.0	0.931
20250719	函館	12	◎	12	ビッグフラワー	1.0	1.0
20250719	函館	12	○	6	マジカルシャイン	1.0	1.0
20250719	函館	12	▲	15	スマッシュアウト	1.0	1.0
20250719	函館	12	☆	9	ミクストベリーズ	1.0	1.0
20250719	小倉	1	◎	9	ファインブルー	0.86	0.893
20250719	小倉	1	○	1	コロナドブリッジ	1.0	0.893
20250719	小倉	1	▲	3	ダイシンデリー	0.86	0.893
20250719	小倉	1	☆	2	リヒトミューレ	0.86	0.893
20250719	小倉	2	◎	14	ブライトノヴァ	1.0	1.0
20250719	小倉	2	○	11	シュテルンビルト	1.0	1.0
20250719	小倉	2	▲	3	アスコットアイ	1.0	1.0
20250719	小倉	2	☆	5	ダーカザンブラック	1.0	1.0
20250719	小倉	3	◎	7	エルモドンナ	0.83	0.939
20250719	小倉	3	○	15	アイスモント	1.0	0.939
20250719	小倉	3	▲	2	ニューヤンキー	0.92	0.939
20250719	小倉	3	☆	13	ポジターノ	1.0	0.939
20250719	小倉	4	◎	15	バリアシオン	1.0	1.0
20250719	小倉	4	○	4	エコロアテナ	1.0	1.0
20250719	小倉	4	▲	1	アドラビーレ	1.0	1.0
20250719	小倉	4	☆	11	サフランクイン	1.0	1.0
20250719	小倉	6	◎	6	ゼンノソブリン	1.0	1.0
20250719	小倉	6	○	5	アルデフォックス	1.0	1.0
20250719	小倉	6	▲	15	ストラーダレアーレ	1.0	1.0
20250719	小倉	6	☆	1	インマイブラッド	1.0	1.0
20250719	小倉	7	◎	4	ファルシオン	1.0	1.0
20250719	小倉	7	○	6	ベルビースタローン	1.0	1.0
20250719	小倉	7	▲	2	ジェニファー	1.0	1.0
20250719	小倉	7	☆	1	アンダースコア	1.0	1.0
20250719	小倉	8	◎	5	グラヴィテ	1.0	1.0
20250719	小倉	8	○	1	マトラコーニッシュ	1.0	1.0
20250719	小倉	8	▲	7	サタデーサンライズ	1.0	1.0
20250719	小倉	8	☆	2	ブルーミングローズ	1.0	1.0
20250719	小倉	9	◎	3	ラムールデュヴォン	1.0	1.0
20250719	小倉	9	○	1	カラクニダケ	1.0	1.0
20250719	小倉	9	▲	12	アンヘリータス	1.0	1.0
20250719	小倉	9	☆	18	アクティングエリア	1.0	1.0
20250719	小倉	10	◎	12	サヴァビアン	1.0	0.969
20250719	小倉	10	○	15	レイナデアルシーラ	1.0	0.969
20250719	小倉	10	▲	3	イサナ	1.0	0.969
20250719	小倉	10	☆	5	コパノアントニオ	0.88	0.969
20250719	小倉	11	◎	1	エイムインライフ	1.0	1.0
20250719	小倉	11	○	7	アンクルクロス	1.0	1.0
20250719	小倉	11	▲	4	ミルテンベルク	1.0	1.0
20250719	小倉	11	☆	8	メイショウフンケイ	1.0	1.0
20250719	小倉	12	◎	7	タガノエクレール	1.0	0.964
20250719	小倉	12	○	15	ゼロスネーク	1.0	0.964
20250719	小倉	12	▲	3	スリーキングス	1.0	0.964
20250719	小倉	12	☆	8	チャチャピンク	0.86	0.964
20250719	福島	2	◎	4	ライヴスプーン	0.86	0.964
20250719	福島	2	○	9	キタノマーシャル	1.0	0.964
20250719	福島	2	▲	14	ミヤグリフォン	1.0	0.964
20250719	福島	2	☆	7	ブラックモノリス	1.0	0.964
20250719	福島	3	◎	4	ウィナーズロジャー	1.0	0.964
20250719	福島	3	○	8	ウィングブルー	1.0	0.964
20250719	福島	3	▲	3	ラディアントスター	1.0	0.964
20250719	福島	3	☆	7	イチザペガサス	0.86	0.964
20250719	福島	6	◎	5	タマモカンパネラ	0.88	0.905
20250719	福島	6	○	8	セギレエルビエント	0.89	0.905
20250719	福島	6	▲	7	ラルガメンテ	1.0	0.905
20250719	福島	6	☆	9	オーケーマヒナ	0.86	0.905
20250719	福島	7	◎	13	マハーギータ	0.83	0.958
20250719	福島	7	○	14	リケアコンパンナ	1.0	0.958
20250719	福島	7	▲	15	ライラックダンサー	1.0	0.958
20250719	福島	7	☆	9	フェスティヴルキナ	1.0	0.958
20250719	福島	8	◎	14	マイネルラファール	1.0	0.937
20250719	福島	8	○	12	オプレントジュエル	0.89	0.937
20250719	福島	8	▲	3	クレプスクルム	0.86	0.937
20250719	福島	8	☆	5	シャイニーセーラー	1.0	0.937
20250719	福島	9	◎	6	タイセイアーサー	1.0	1.0
20250719	福島	9	○	5	フィーリウス	1.0	1.0
20250719	福島	9	▲	3	ビリングス	1.0	1.0
20250719	福島	9	☆	4	ルークスヘリオス	1.0	1.0
20250719	福島	10	◎	9	ランウインディ	1.0	1.0
20250719	福島	10	○	12	カネショウレジェン	1.0	1.0
20250719	福島	10	▲	3	ワークソング	1.0	1.0
20250719	福島	10	☆	4	ミロワール	1.0	1.0
20250719	福島	11	◎	6	ロジマンボ	1.0	1.0
20250719	福島	11	○	11	ボーモンド	1.0	1.0
20250719	福島	11	▲	1	ワイドアラジン	1.0	1.0
20250719	福島	11	☆	2	アンリーロード	1.0	1.0
20250719	福島	12	◎	11	サザンレイク	1.0	0.958
20250719	福島	12	○	3	ピコテンダー	0.83	0.958
20250719	福島	12	▲	4	エコロヴァイス	1.0	0.958
20250719	福島	12	☆	6	キボウノホシ	1.0	0.958
20250720	函館	1	◎	6	ロードベルファスト	1.0	1.0
20250720	函館	1	○	1	ストームサンダー	1.0	1.0
20250720	函館	1	▲	4	コルテオソレイユ	1.0	1.0
20250720	函館	1	☆	5	ファンシーフリル	1.0	1.0
20250720	函館	2	◎	3	ペイシャキセキ	0.86	0.933
20250720	函館	2	○	5	クリップクロップ	1.0	0.933
20250720	函館	2	▲	12	コスモトロイメル	1.0	0.933
20250720	函館	2	☆	9	メイショウマヒロ	0.88	0.933
20250720	函館	3	◎	1	フェアリーグレン	1.0	0.938
20250720	函館	3	○	5	ビジュードネージュ	1.0	0.938
20250720	函館	3	▲	3	ヤマノインパクト	1.0	0.938
20250720	函館	3	☆	4	カピオラ	0.75	0.938
20250720	函館	4	◎	4	スマートテンペスト	0.78	0.913
20250720	函館	4	○	5	サトミノエンジェル	1.0	0.913
20250720	函館	4	▲	2	レズルレクティオ	0.88	0.913
20250720	函館	4	☆	13	ガウラサンダー	1.0	0.913
20250720	函館	6	◎	5	ラースアルアイン	1.0	0.906
20250720	函館	6	○	8	アセンディア	1.0	0.906
20250720	函館	6	▲	1	ペタルブランシュ	0.88	0.906
20250720	函館	6	☆	13	ピースオブライツ	0.75	0.906
20250720	函館	7	◎	9	タミゼ	1.0	0.907
20250720	函館	7	○	3	パールフロント	0.86	0.907
20250720	函館	7	▲	2	ルシード	1.0	0.907
20250720	函館	7	☆	7	ミッキーマカパ	0.77	0.907
20250720	函館	8	◎	7	ペリプルス	0.6	0.864
20250720	函館	8	○	2	レクスノヴァス	0.86	0.864
20250720	函館	8	▲	4	マイファミリー	1.0	0.864
20250720	函館	8	☆	6	オールデュスヴラン	1.0	0.864
20250720	函館	9	◎	7	アスクドリームモア	1.0	1.0
20250720	函館	9	○	9	リリーフィールド	1.0	1.0
20250720	函館	9	▲	13	ヴァンヴィーヴ	1.0	1.0
20250720	函館	9	☆	3	キョウエイボニータ	1.0	1.0
20250720	函館	10	◎	7	デフィニティーボ	1.0	1.0
20250720	函館	10	○	6	タイセイミッション	1.0	1.0
20250720	函館	10	▲	8	グレイテストソング	1.0	1.0
20250720	函館	10	☆	3	クロドラバール	1.0	1.0
20250720	函館	11	◎	3	エスカレイト	1.0	0.969
20250720	函館	11	○	8	ブラックチャリス	1.0	0.969
20250720	函館	11	▲	2	カイショー	1.0	0.969
20250720	函館	11	☆	5	エイシンディード	0.88	0.969
20250720	函館	12	◎	2	ジョセフィーナ	1.0	0.969
20250720	函館	12	○	1	マシュー	1.0	0.969
20250720	函館	12	▲	8	メイショウアイナ	0.88	0.969
20250720	函館	12	☆	11	ホウオウバローロ	1.0	0.969
20250720	小倉	1	◎	9	ウインロズパレード	0.89	0.972
20250720	小倉	1	○	8	オトコノロマン	1.0	0.972
20250720	小倉	1	▲	6	カシノハンゾウ	1.0	0.972
20250720	小倉	1	☆	11	ローズカリス	1.0	0.972
20250720	小倉	2	◎	17	トウカイリュタン	0.88	0.856
20250720	小倉	2	○	10	コンタンゴ	0.8	0.856
20250720	小倉	2	▲	1	ワインクーラー	1.0	0.856
20250720	小倉	2	☆	14	マローソ	0.75	0.856
20250720	小倉	3	◎	11	ベルピルエット	0.86	0.933
20250720	小倉	3	○	10	エイシンマールス	0.88	0.933
20250720	小倉	3	▲	14	ジューンセレッソ	1.0	0.933
20250720	小倉	3	☆	9	タールベルク	1.0	0.933
20250720	小倉	4	◎	6	マイネルビスマルク	1.0	1.0
20250720	小倉	4	○	9	ヴォイスオブゼウス	1.0	1.0
20250720	小倉	4	▲	14	キャニオンデシェイ	1.0	1.0
20250720	小倉	4	☆	8	レイデラティエラ	1.0	1.0
20250720	小倉	6	◎	6	トモジャアルマンド	1.0	0.944
20250720	小倉	6	○	2	ペイシャヴァルツー	0.78	0.944
20250720	小倉	6	▲	9	ナムラモモ	1.0	0.944
20250720	小倉	6	☆	7	エブライト	1.0	0.944
20250720	小倉	7	◎	7	ジャスティンガルフ	1.0	0.964
20250720	小倉	7	○	2	ロストシークレット	1.0	0.964
20250720	小倉	7	▲	8	キーチパルフェ	0.86	0.964
20250720	小倉	7	☆	5	エンマ	1.0	0.964
20250720	小倉	8	◎	5	ブルーレース	1.0	1.0
20250720	小倉	8	○	1	コウセキ	1.0	1.0
20250720	小倉	8	▲	11	サニーサルサ	1.0	1.0
20250720	小倉	8	☆	12	ウインラウダ	1.0	1.0
20250720	小倉	9	◎	5	ホルトバージ	1.0	1.0
20250720	小倉	9	○	8	ロードマンハイム	1.0	1.0
20250720	小倉	9	▲	7	エルフストラック	1.0	1.0
20250720	小倉	9	☆	3	クリノアドバンス	1.0	1.0
20250720	小倉	10	◎	2	サンライズグルーヴ	1.0	1.0
20250720	小倉	10	○	9	ヴィヴァン	1.0	1.0
20250720	小倉	10	▲	4	レアンダー	1.0	1.0
20250720	小倉	10	☆	8	テイエムランウェイ	1.0	1.0
20250720	小倉	11	◎	14	グラティアス	1.0	0.963
20250720	小倉	11	○	16	ディープモンスター	0.89	0.963
20250720	小倉	11	☆	7	オールセインツ	1.0	0.963
20250720	小倉	12	◎	17	ロードマイライフ	1.0	1.0
20250720	小倉	12	○	2	フリッカージャブ	1.0	1.0
20250720	小倉	12	▲	18	インブロリオ	1.0	1.0
20250720	小倉	12	☆	8	アオイレーギーナ	1.0	1.0
20250720	福島	2	◎	8	ワカミヤイリオス	0.88	0.969
20250720	福島	2	○	9	ガンバレベアー	1.0	0.969
20250720	福島	2	▲	4	ミュージックマン	1.0	0.969
20250720	福島	2	☆	15	コンヴァージョン	1.0	0.969
20250720	福島	3	◎	2	フェイスリフト	1.0	1.0
20250720	福島	3	○	4	タイセイフレッサ	1.0	1.0
20250720	福島	3	▲	1	クリエープキー	1.0	1.0
20250720	福島	3	☆	3	ルクスアンジュ	1.0	1.0
20250720	福島	4	◎	6	ロココ	1.0	1.0
20250720	福島	4	○	7	ライヴマルガリータ	1.0	1.0
20250720	福島	4	▲	1	ヴィビーム	1.0	1.0
20250720	福島	4	☆	3	カイトヴァイター	1.0	1.0
20250720	福島	6	◎	8	ドルチェルナ	1.0	0.964
20250720	福島	6	○	5	キアラメンテ	1.0	0.964
20250720	福島	6	▲	14	サルーポルティ	0.86	0.964
20250720	福島	6	☆	2	クラインシュミット	1.0	0.964
20250720	福島	7	◎	13	フランシナテソーロ	1.0	1.0
20250720	福島	7	○	9	アイドル	1.0	1.0
20250720	福島	7	▲	6	メイデンヘッド	1.0	1.0
20250720	福島	7	☆	15	ダイメイナガス	1.0	1.0
20250720	福島	8	◎	11	ウインエンデバー	1.0	1.0
20250720	福島	8	○	2	スペードギニー	1.0	1.0
20250720	福島	8	▲	1	マイネルアズーロ	1.0	1.0
20250720	福島	8	☆	7	ウインバーテックス	1.0	1.0
20250720	福島	9	◎	2	ウイントールキン	1.0	1.0
20250720	福島	9	○	4	ラトルシェ	1.0	1.0
20250720	福島	9	▲	5	セイウンデセオ	1.0	1.0
20250720	福島	9	☆	3	ブラヴィーノ	1.0	1.0
20250720	福島	10	◎	3	ヴァイルマティ	1.0	0.958
20250720	福島	10	○	9	プリズマジコ	0.83	0.958
20250720	福島	10	▲	7	ユキワリザクラ	1.0	0.958
20250720	福島	10	☆	8	マイネルトルファン	1.0	0.958
20250720	福島	11	◎	4	タイセイブレイズ	1.0	1.0
20250720	福島	11	○	8	エスカル	1.0	1.0
20250720	福島	11	▲	1	グッジョブ	1.0	1.0
20250720	福島	11	☆	6	エコロガイア	1.0	1.0
20250720	福島	12	◎	13	ラッキーヤース	1.0	1.0
20250720	福島	12	○	12	ラヴアンドライク	1.0	1.0
20250720	福島	12	▲	7	メリークリスマス	1.0	1.0
20250720	福島	12	☆	3	シュレン	1.0	1.0
20250726	中京	2	◎	6	サッカレッロ	1.0	1.0
20250726	中京	2	○	7	ラテライト	1.0	1.0
20250726	中京	2	▲	2	リアルサファリ	1.0	1.0
20250726	中京	2	☆	1	オリビアサンライズ	1.0	1.0
20250726	中京	3	◎	4	シャローアロス	1.0	0.941
20250726	中京	3	○	6	バースデイフライト	0.89	0.941
20250726	中京	3	▲	3	トライアンフパス	0.88	0.941
20250726	中京	3	☆	5	サイン	1.0	0.941
20250726	中京	5	◎	10	テイエムダイタカ	1.0	1.0
20250726	中京	5	○	5	バイルシュタイン	1.0	1.0
20250726	中京	5	▲	8	ブルゴーニュ	1.0	1.0
20250726	中京	5	☆	16	カネトシエテルノ	1.0	1.0
20250726	中京	6	◎	10	タイガースパーク	1.0	1.0
20250726	中京	6	○	11	アルシオーネ	1.0	1.0
20250726	中京	6	▲	14	ヴェロクオーレ	1.0	1.0
20250726	中京	6	☆	16	トーセンサウダージ	1.0	1.0
20250726	中京	7	◎	1	ドットクルー	1.0	1.0
20250726	中京	7	○	7	ミッキーツインクル	1.0	1.0
20250726	中京	7	▲	10	ヴィレム	1.0	1.0
20250726	中京	7	☆	3	タガノデュード	1.0	1.0
20250726	中京	8	◎	4	チカミリオン	1.0	0.969
20250726	中京	8	○	1	パルクリチュード	0.88	0.969
20250726	中京	8	▲	6	フラーハ	1.0	0.969
20250726	中京	8	☆	3	クリノスワロー	1.0	0.969
20250726	中京	10	◎	11	ポイントネモ	1.0	0.938
20250726	中京	10	○	8	テーオーマルコーニ	0.88	0.938
20250726	中京	10	▲	6	シドニーホバート	0.88	0.938
20250726	中京	10	☆	4	パーフェクト	1.0	0.938
20250726	中京	11	◎	5	イダイ	0.67	0.889
20250726	中京	11	○	10	レッドサジェス	1.0	0.889
20250726	中京	11	▲	1	ショウナンバジャラ	0.89	0.889
20250726	中京	11	☆	3	アロガントシェイム	1.0	0.889
20250726	中京	12	◎	7	ザカリナン	1.0	0.956
20250726	中京	12	○	10	ミニトランザット	0.93	0.956
20250726	中京	12	▲	5	レッドフェルメール	0.89	0.956
20250726	中京	12	☆	8	リアルフォルゴーレ	1.0	0.956
20250726	新潟	1	◎	6	カゼノハゴロモ	1.0	0.969
20250726	新潟	1	○	4	セイウンアインス	1.0	0.969
20250726	新潟	1	▲	7	ツトムユニバース	0.88	0.969
20250726	新潟	1	☆	1	ラインカシウス	1.0	0.969
20250726	新潟	4	◎	11	サラニキケン	0.83	0.944
20250726	新潟	4	○	1	フォンデネージュ	1.0	0.944
20250726	新潟	4	▲	8	ホウオウヌーヴォー	0.94	0.944
20250726	新潟	4	☆	10	シックスレイヴンズ	1.0	0.944
20250726	新潟	5	◎	13	フーイナム	1.0	0.964
20250726	新潟	5	○	6	マイネルアレス	1.0	0.964
20250726	新潟	5	▲	9	ボウウィンドウ	1.0	0.964
20250726	新潟	5	☆	7	タカミノガコイ	0.86	0.964
20250726	新潟	6	◎	13	アレスグート	1.0	0.931
20250726	新潟	6	○	15	クラウンシエンタ	1.0	0.931
20250726	新潟	6	▲	4	チザルピーノ	0.83	0.931
20250726	新潟	6	☆	6	パーサヴィアランス	0.89	0.931
20250726	新潟	7	◎	5	メイショウウネビ	1.0	0.958
20250726	新潟	7	○	6	ワールズエンド	1.0	0.958
20250726	新潟	7	▲	3	イサチルシーサイド	1.0	0.958
20250726	新潟	7	☆	10	アクートゥス	0.83	0.958
20250726	新潟	8	◎	3	スーパーバイザー	1.0	0.969
20250726	新潟	8	○	10	シュラフ	1.0	0.969
20250726	新潟	8	▲	12	レジーナローズ	1.0	0.969
20250726	新潟	8	☆	9	ハッピーデービー	0.88	0.969
20250726	新潟	9	◎	4	コンパクトファイト	0.89	0.937
20250726	新潟	9	○	6	ハニーローリエ	0.86	0.937
20250726	新潟	9	▲	13	レイオーバー	1.0	0.937
20250726	新潟	9	☆	7	テーオービースト	1.0	0.937
20250726	新潟	10	◎	6	ドナレア	1.0	1.0
20250726	新潟	10	○	14	チャロ	1.0	1.0
20250726	新潟	10	▲	5	シャーンゴッセ	1.0	1.0
20250726	新潟	10	☆	4	リクエイ	1.0	1.0
20250726	新潟	11	◎	13	クラウドセイル	1.0	0.944
20250726	新潟	11	○	11	ベストシーン	1.0	0.944
20250726	新潟	11	▲	12	アスクヴォルテージ	1.0	0.944
20250726	新潟	11	☆	8	ウアーシュプルング	0.78	0.944
20250726	新潟	12	◎	16	オカゲサン	1.0	1.0
20250726	新潟	12	○	13	ダンケルド	1.0	1.0
20250726	新潟	12	▲	10	タイヨウノキセツ	1.0	1.0
20250726	新潟	12	☆	6	マリノテレージア	1.0	1.0
20250726	札幌	1	◎	9	オンマイビート	1.0	0.925
20250726	札幌	1	○	4	ファニーバニー	1.0	0.925
20250726	札幌	1	▲	5	モズプリフォール	0.88	0.925
20250726	札幌	1	☆	8	トーセンクリステル	0.82	0.925
20250726	札幌	2	◎	1	ユウグレ	1.0	0.964
20250726	札幌	2	○	9	エンジェルラダー	1.0	0.964
20250726	札幌	2	▲	12	ラピルスイメル	0.86	0.964
20250726	札幌	2	☆	2	タイセイアビリティ	1.0	0.964
20250726	札幌	3	◎	3	ベイビーベリッシモ	1.0	0.972
20250726	札幌	3	○	12	ディアウス	1.0	0.972
20250726	札幌	3	▲	2	ジーティートゥルー	0.89	0.972
20250726	札幌	3	☆	7	カズナリ	1.0	0.972
20250726	札幌	4	◎	1	ゴールドハーディス	1.0	0.958
20250726	札幌	4	○	14	ワタシマツワ	0.83	0.958
20250726	札幌	4	▲	2	マザーズウィル	1.0	0.958
20250726	札幌	4	☆	3	バダジェフスカ	1.0	0.958
20250726	札幌	6	◎	4	ラースアルアイン	1.0	1.0
20250726	札幌	6	○	5	ドゥラエテルノ	1.0	1.0
20250726	札幌	6	▲	2	ラウニウ	1.0	1.0
20250726	札幌	6	☆	11	デルマケセラセラ	1.0	1.0
20250726	札幌	7	◎	7	ジャグアール	1.0	0.972
20250726	札幌	7	○	5	ハイファイスピード	0.89	0.972
20250726	札幌	7	▲	1	ラセーヌシュメール	1.0	0.972
20250726	札幌	7	☆	6	シャインズオンユー	1.0	0.972
20250726	札幌	8	◎	4	マイネルフーガ	1.0	0.972
20250726	札幌	8	○	5	キングスコール	1.0	0.972
20250726	札幌	8	▲	2	ショウナンサムデイ	0.89	0.972
20250726	札幌	8	☆	1	マイバラード	1.0	0.972
20250726	札幌	9	◎	8	サトノルクソン	1.0	1.0
20250726	札幌	9	○	2	コムルヴァン	1.0	1.0
20250726	札幌	9	▲	13	ウォーターリーダー	1.0	1.0
20250726	札幌	9	☆	5	ユウェンタース	1.0	1.0
20250726	札幌	10	◎	13	キャリーハピネス	0.88	0.933
20250726	札幌	10	○	12	ウインマクシマム	1.0	0.933
20250726	札幌	10	▲	2	バレンタインガール	1.0	0.933
20250726	札幌	10	☆	6	スピードリッチ	0.86	0.933
20250726	札幌	11	◎	2	ポエットリー	1.0	0.938
20250726	札幌	11	○	3	カルプスペルシュ	0.75	0.938
20250726	札幌	11	▲	5	ナムラローズマリー	1.0	0.938
20250726	札幌	11	☆	10	エマヌエーレ	1.0	0.938
20250726	札幌	12	◎	8	バニシングポイント	1.0	1.0
20250726	札幌	12	○	10	ワイドブリザード	1.0	1.0
20250726	札幌	12	▲	6	アセレラシオン	1.0	1.0
20250726	札幌	12	☆	5	バロンドール	1.0	1.0
20250727	中京	2	◎	11	ジャスティントレノ	1.0	0.917
20250727	中京	2	○	6	エポエポサン	0.67	0.917
20250727	中京	2	▲	13	メイショウゲキハ	1.0	0.917
20250727	中京	2	☆	2	メイショウカスガイ	1.0	0.917
20250727	中京	4	◎	14	スマートフランキー	1.0	0.972
20250727	中京	4	○	10	メイショウセツゲツ	0.89	0.972
20250727	中京	4	▲	15	インディゴアスール	1.0	0.972
20250727	中京	4	☆	5	グティ	1.0	0.972
20250727	中京	5	◎	15	アイサイト	1.0	1.0
20250727	中京	5	○	17	エンベッカ	1.0	1.0
20250727	中京	5	▲	7	メイショウセイロウ	1.0	1.0
20250727	中京	5	☆	3	ロイヤルウィル	1.0	1.0
20250727	中京	6	◎	9	ティンク	1.0	1.0
20250727	中京	6	○	1	アレナリア	1.0	1.0
20250727	中京	6	▲	7	ヴァリディシームス	1.0	1.0
20250727	中京	6	☆	3	ヤングスカーレット	1.0	1.0
20250727	中京	7	◎	9	ライツフォル	1.0	0.964
20250727	中京	7	○	16	サンライズフレイム	1.0	0.964
20250727	中京	7	▲	8	インユアパレス	0.86	0.964
20250727	中京	7	☆	14	サンライズホーク	1.0	0.964
20250727	中京	8	◎	2	フルレゾン	0.8	0.908
20250727	中京	8	○	6	メディテラニアン	1.0	0.908
20250727	中京	8	▲	4	ピエタンツァ	0.83	0.908
20250727	中京	8	☆	3	ラッキーベイ	1.0	0.908
20250727	中京	9	◎	1	ヴァンアグレアブル	0.4	0.822
20250727	中京	9	○	1	ヴァンアグレアブル	1.0	0.822
20250727	中京	9	▲	5	エターナルプロミス	0.89	0.822
20250727	中京	9	☆	8	ノンスタンダルド	1.0	0.822
20250727	中京	11	◎	8	マイネルトラオム	1.0	0.972
20250727	中京	11	○	5	ホウオウレイヴン	1.0	0.972
20250727	中京	11	▲	7	リビングストン	1.0	0.972
20250727	中京	11	☆	1	パイオニアスクエア	0.89	0.972
20250727	中京	12	◎	8	スネーフリンガ	1.0	0.958
20250727	中京	12	○	9	ウィンストン	1.0	0.958
20250727	中京	12	▲	4	エコロハート	0.83	0.958
20250727	中京	12	☆	6	フォティック	1.0	0.958
20250727	新潟	1	◎	6	ナタール	1.0	1.0
20250727	新潟	1	○	2	ディアダイヤモンド	1.0	1.0
20250727	新潟	1	▲	7	セルリア	1.0	1.0
20250727	新潟	1	☆	4	ブライスフェアリー	1.0	1.0
20250727	新潟	2	◎	4	シシリアンフラッグ	1.0	0.958
20250727	新潟	2	○	5	ゾロアストロ	1.0	0.958
20250727	新潟	2	▲	6	ジーネキング	0.83	0.958
20250727	新潟	2	☆	3	クリスタルメモリー	1.0	0.958
20250727	新潟	4	◎	15	カフェヘニーハイ	1.0	1.0
20250727	新潟	4	○	5	メイショウコウベ	1.0	1.0
20250727	新潟	4	▲	7	ウインマグノリア	1.0	1.0
20250727	新潟	4	☆	3	ディースプレマシー	1.0	1.0
20250727	新潟	5	◎	5	グルナルーフス	1.0	0.964
20250727	新潟	5	○	14	トラストパイロ	0.86	0.964
20250727	新潟	5	▲	13	タカイチナダル	1.0	0.964
20250727	新潟	5	☆	2	ナギサノバルコニー	1.0	0.964
20250727	新潟	6	◎	1	ペッレグリーニ	0.86	0.964
20250727	新潟	6	○	4	デンクマール	1.0	0.964
20250727	新潟	6	▲	5	コートアリシアン	1.0	0.964
20250727	新潟	6	☆	7	テラメリタ	1.0	0.964
20250727	新潟	7	◎	1	オフトレイル	1.0	1.0
20250727	新潟	7	○	14	カナテープ	1.0	1.0
20250727	新潟	7	▲	4	レガーロデルシエロ	1.0	1.0
20250727	新潟	7	☆	10	トランキリテ	1.0	1.0
20250727	新潟	8	◎	1	メモリーグラス	1.0	0.958
20250727	新潟	8	○	10	シリウス	1.0	0.958
20250727	新潟	8	▲	2	モリノセピア	0.83	0.958
20250727	新潟	8	☆	12	ダズリングダンス	1.0	0.958
20250727	新潟	9	◎	6	ラーナローザ	1.0	1.0
20250727	新潟	9	○	3	マーゴットゲイン	1.0	1.0
20250727	新潟	9	▲	8	リバースザトレンド	1.0	1.0
20250727	新潟	9	☆	12	コーカサスゴールド	1.0	1.0
20250727	新潟	10	◎	11	ダノンアンチュラス	1.0	1.0
20250727	新潟	10	○	14	ディアボリカドンナ	1.0	1.0
20250727	新潟	10	▲	7	イフルジャンス	1.0	1.0
20250727	新潟	10	☆	5	キョウエイグッド	1.0	1.0
20250727	新潟	11	◎	6	タワークライマー	1.0	0.906
20250727	新潟	11	○	10	ベルリネッタ	1.0	0.906
20250727	新潟	11	▲	16	チュッチュポッポ	0.75	0.906
20250727	新潟	11	☆	5	キャンディブーケ	0.88	0.906
20250727	新潟	12	◎	5	ホリーアン	1.0	0.896
20250727	新潟	12	○	11	ルパヴィヨン	0.83	0.896
20250727	新潟	12	▲	2	デイジー	0.75	0.896
20250727	新潟	12	☆	15	ロンドンアームズ	1.0	0.896
20250727	札幌	1	◎	6	スタードメイソン	1.0	1.0
20250727	札幌	1	○	2	ミサビスケッツ	1.0	1.0
20250727	札幌	1	▲	11	スマートイザナミ	1.0	1.0
20250727	札幌	1	☆	13	ハローエンジェル	1.0	1.0
20250727	札幌	2	◎	11	キャナルクルーズ	1.0	0.969
20250727	札幌	2	○	12	ダークメモリー	1.0	0.969
20250727	札幌	2	▲	4	エクラドネージュ	1.0	0.969
20250727	札幌	2	☆	13	スピリットサージ	0.88	0.969
20250727	札幌	3	◎	10	タイキフィアリーベ	1.0	0.95
20250727	札幌	3	○	3	カフェブーケット	1.0	0.95
20250727	札幌	3	▲	2	セイスイミリオン	1.0	0.95
20250727	札幌	3	☆	14	ミユンガー	0.8	0.95
20250727	札幌	4	◎	6	カリビアンブルー	1.0	0.839
20250727	札幌	4	○	1	ピティロディア	0.86	0.839
20250727	札幌	4	▲	5	ヨヒーン	0.5	0.839
20250727	札幌	4	☆	8	ハードロックスター	1.0	0.839
20250727	札幌	6	◎	6	エコロレオナ	1.0	0.922
20250727	札幌	6	○	4	ペレグリン	0.8	0.922
20250727	札幌	6	▲	1	ジャスパーソレイユ	0.89	0.922
20250727	札幌	6	☆	9	ストラテージュ	1.0	0.922
20250727	札幌	7	◎	8	サンキャメロン	1.0	0.969
20250727	札幌	7	○	1	タマモジャスミン	0.88	0.969
20250727	札幌	7	▲	5	コンティオ	1.0	0.969
20250727	札幌	7	☆	13	スナークメモリー	1.0	0.969
20250727	札幌	8	◎	5	ブラックバラード	1.0	1.0
20250727	札幌	8	○	1	スモーキーゴッド	1.0	1.0
20250727	札幌	8	▲	4	ネーブルオレンジ	1.0	1.0
20250727	札幌	8	☆	8	ドーギッド	1.0	1.0
20250727	札幌	9	◎	8	フォルテム	1.0	1.0
20250727	札幌	9	○	5	ルナルーチェット	1.0	1.0
20250727	札幌	9	▲	2	エフォートレス	1.0	1.0
20250727	札幌	9	☆	7	メリディアンスター	1.0	1.0
20250727	札幌	10	◎	7	グラウンドビート	0.88	0.938
20250727	札幌	10	○	3	ドバイブルース	1.0	0.938
20250727	札幌	10	▲	2	ラタフォレスト	1.0	0.938
20250727	札幌	10	☆	8	マッシャーブルム	0.88	0.938
20250727	札幌	11	◎	1	アドマイヤサジー	1.0	1.0
20250727	札幌	11	○	4	ヴェルミセル	1.0	1.0
20250727	札幌	11	▲	10	ミステリーウェイ	1.0	1.0
20250727	札幌	11	☆	6	フルール	1.0	1.0
20250727	札幌	12	◎	7	オルフェスト	1.0	0.904
20250727	札幌	12	○	6	ヨウシタンレイ	0.62	0.904
20250727	札幌	12	▲	5	ビーナスローズ	1.0	0.904
20250727	札幌	12	☆	3	マイネルフォルツァ	1.0	0.904
20250802	中京	1	◎	4	アダマント	1.0	1.0
20250802	中京	1	○	1	ジューンマロン	1.0	1.0
20250802	中京	1	▲	5	タマモイカロス	1.0	1.0
20250802	中京	1	☆	2	ゴールドヴィーナス	1.0	1.0
20250802	中京	2	◎	2	フェスティヴドレス	1.0	0.969
20250802	中京	2	○	5	コニーアイランド	1.0	0.969
20250802	中京	2	▲	1	エンヴェロップ	1.0	0.969
20250802	中京	2	☆	4	ルビーエクリプス	0.88	0.969
20250802	中京	3	◎	9	サントモナルカ	0.92	0.981
20250802	中京	3	○	13	フランキーバローズ	1.0	0.981
20250802	中京	3	▲	16	シェーネアウゲン	1.0	0.981
20250802	中京	3	☆	7	ハッピーダンチャン	1.0	0.981
20250802	中京	4	◎	12	ポジターノ	0.8	0.95
20250802	中京	4	○	3	コスモグローリー	1.0	0.95
20250802	中京	4	▲	4	アスクアーバンシー	1.0	0.95
20250802	中京	4	☆	7	ウインクルキセキ	1.0	0.95
20250802	中京	5	◎	10	チェリスト	1.0	0.937
20250802	中京	5	○	1	シュパネントウィル	0.89	0.937
20250802	中京	5	▲	6	ゼンノソブリン	0.86	0.937
20250802	中京	5	☆	9	レーヴセクレタ	1.0	0.937
20250802	中京	6	◎	7	ワンダースティング	1.0	1.0
20250802	中京	6	○	9	イサナ	1.0	1.0
20250802	中京	6	▲	8	グラヴィス	1.0	1.0
20250802	中京	6	☆	6	ヴォルスター	1.0	1.0
20250802	中京	7	◎	9	テーオーダヴィンチ	0.89	0.944
20250802	中京	7	○	10	キタサンダムール	1.0	0.944
20250802	中京	7	▲	7	ウインスノーライト	1.0	0.944
20250802	中京	7	☆	2	ショウナンラスボス	0.89	0.944
20250802	中京	8	◎	2	スペシャルナンバー	0.89	0.972
20250802	中京	8	○	10	フェンダー	1.0	0.972
20250802	中京	8	▲	13	テーオーエルビス	1.0	0.972
20250802	中京	8	☆	5	アスタールフナ	1.0	0.972
20250802	中京	9	◎	9	ディズレーリ	1.0	0.969
20250802	中京	9	○	1	ショーダンサー	1.0	0.969
20250802	中京	9	▲	10	シャンパンポップ	0.88	0.969
20250802	中京	9	☆	6	エンマ	1.0	0.969
20250802	中京	10	◎	13	シャドウキャッスル	1.0	0.854
20250802	中京	10	○	9	ハクサンアイリス	1.0	0.854
20250802	中京	10	▲	6	カルパ	0.67	0.854
20250802	中京	10	☆	12	サムデイ	0.75	0.854
20250802	中京	11	◎	8	サイレントグルーヴ	0.89	0.972
20250802	中京	11	○	7	セナスタイル	1.0	0.972
20250802	中京	11	▲	12	マーゴットレジーナ	1.0	0.972
20250802	中京	11	☆	5	サンセットビュー	1.0	0.972
20250802	中京	12	◎	2	スマートロベール	1.0	0.906
20250802	中京	12	○	16	マローソ	0.75	0.906
20250802	中京	12	▲	8	ダノンプリマ	1.0	0.906
20250802	中京	12	☆	6	パリコレジェンヌ	0.88	0.906
20250802	新潟	2	◎	15	オンザバサラ	1.0	0.944
20250802	新潟	2	○	11	レッドシュトラール	0.89	0.944
20250802	新潟	2	▲	10	トキノカンピオーネ	0.89	0.944
20250802	新潟	2	☆	3	レベチアミーゴ	1.0	0.944
20250802	新潟	3	◎	9	メープルタフィー	0.88	0.933
20250802	新潟	3	○	11	ミスエベレスト	1.0	0.933
20250802	新潟	3	▲	7	ミルトハッピー	0.86	0.933
20250802	新潟	3	☆	1	シーキングザバース	1.0	0.933
20250802	新潟	5	◎	11	フクチャンサクラ	1.0	1.0
20250802	新潟	5	○	12	コオリナラグーン	1.0	1.0
20250802	新潟	5	▲	1	ラヴィーズドリーム	1.0	1.0
20250802	新潟	5	☆	6	エファルジェント	1.0	1.0
20250802	新潟	6	◎	8	クイーンズワーフ	1.0	1.0
20250802	新潟	6	○	13	シャンクス	1.0	1.0
20250802	新潟	6	▲	1	ダノンセンチュリー	1.0	1.0
20250802	新潟	6	☆	4	カザンラク	1.0	1.0
20250802	新潟	7	◎	6	サノノエスポ	1.0	0.902
20250802	新潟	7	○	3	ウィンドフォール	0.75	0.902
20250802	新潟	7	▲	9	ジャスパーグレイト	1.0	0.902
20250802	新潟	7	☆	13	タクシンイメル	0.86	0.902
20250802	新潟	8	◎	6	インペリアルライン	0.89	0.814
20250802	新潟	8	○	2	ヴァナルガンド	0.62	0.814
20250802	新潟	8	▲	4	ピクシレーション	0.88	0.814
20250802	新潟	8	☆	1	ウィンターダフネ	0.88	0.814
20250802	新潟	10	◎	3	プルシャプラ	0.83	0.923
20250802	新潟	10	○	6	ファリーザ	1.0	0.923
20250802	新潟	10	▲	5	メルシージュテーム	1.0	0.923
20250802	新潟	10	☆	9	ノーブルアクト	0.86	0.923
20250802	新潟	11	◎	4	プレミアブルー	0.86	0.964
20250802	新潟	11	○	1	アーラグラシア	1.0	0.964
20250802	新潟	11	▲	16	アンダーザライト	1.0	0.964
20250802	新潟	11	☆	11	デビューフライト	1.0	0.964
20250802	新潟	12	◎	1	ミサトレッドダイヤ	1.0	0.944
20250802	新潟	12	○	5	ハーバードスクエア	0.89	0.944
20250802	新潟	12	▲	8	オプレントジュエル	0.89	0.944
20250802	新潟	12	☆	11	ムーンストラック	1.0	0.944
20250802	札幌	1	◎	3	アイムスティルミー	1.0	1.0
20250802	札幌	1	○	5	ヴィラジョヴィス	1.0	1.0
20250802	札幌	1	▲	8	チェンドル	1.0	1.0
20250802	札幌	1	☆	2	ラシッド	1.0	1.0
20250802	札幌	2	◎	5	ローレルゼロ	1.0	1.0
20250802	札幌	2	○	10	ステラノヴァ	1.0	1.0
20250802	札幌	2	▲	1	インユアアイズ	1.0	1.0
20250802	札幌	2	☆	12	アンノドミニ	1.0	1.0
20250802	札幌	3	◎	8	ミスターボビー	1.0	1.0
20250802	札幌	3	○	2	ラルフテソーロ	1.0	1.0
20250802	札幌	3	▲	11	トリプレーテ	1.0	1.0
20250802	札幌	3	☆	9	シャドーストライク	1.0	1.0
20250802	札幌	4	◎	4	アインホルン	1.0	1.0
20250802	札幌	4	○	16	バトラーズワーフ	1.0	1.0
20250802	札幌	4	▲	8	アロマフェリス	1.0	1.0
20250802	札幌	4	☆	7	エコログロス	1.0	1.0
20250802	札幌	6	◎	5	ジーティースピカ	0.88	0.885
20250802	札幌	6	○	3	サウンドモリアーナ	1.0	0.885
20250802	札幌	6	▲	2	ミニョンマルーン	1.0	0.885
20250802	札幌	6	☆	4	シエラメンテ	0.67	0.885
20250802	札幌	7	◎	4	スピンザブラッド	0.88	0.933
20250802	札幌	7	○	2	コンフォルツァ	0.86	0.933
20250802	札幌	7	▲	7	ハートメテオ	1.0	0.933
20250802	札幌	7	☆	10	シンゼンカガ	1.0	0.933
20250802	札幌	8	◎	4	スノーホルンロード	1.0	0.972
20250802	札幌	8	○	8	リアライズカミオン	0.89	0.972
20250802	札幌	8	▲	1	グレイスフルマーチ	1.0	0.972
20250802	札幌	8	☆	6	シーリュウシー	1.0	0.972
20250802	札幌	9	◎	8	スピニングマーリン	0.89	0.882
20250802	札幌	9	○	10	ジャスパーディビネ	0.89	0.882
20250802	札幌	9	▲	9	ルシード	0.75	0.882
20250802	札幌	9	☆	1	テリオスルル	1.0	0.882
20250802	札幌	10	◎	9	ジェットマグナム	1.0	0.969
20250802	札幌	10	○	4	ウォータークラーク	1.0	0.969
20250802	札幌	10	▲	14	ロードマンハイム	1.0	0.969
20250802	札幌	10	☆	2	サクソンジェンヌ	0.88	0.969
20250802	札幌	11	◎	14	フェステスバント	0.88	0.969
20250802	札幌	11	○	7	テリオスララ	1.0	0.969
20250802	札幌	11	▲	5	ソリダリティ	1.0	0.969
20250802	札幌	11	☆	11	アマイ	1.0	0.969
20250802	札幌	12	◎	7	カプラローラ	0.83	0.944
20250802	札幌	12	○	4	オールマキシマム	1.0	0.944
20250802	札幌	12	▲	12	ヤマニンバロネス	1.0	0.944
20250802	札幌	12	☆	5	メイショウリリー	0.94	0.944
20250803	中京	1	◎	2	フルフィルメント	1.0	1.0
20250803	中京	1	○	5	ユヴァスキュラ	1.0	1.0
20250803	中京	1	▲	3	メイショウナルカミ	1.0	1.0
20250803	中京	1	☆	4	コスモギオン	1.0	1.0
20250803	中京	4	◎	13	アーリドラータ	1.0	1.0
20250803	中京	4	○	6	クリノバーグマン	1.0	1.0
20250803	中京	4	▲	9	ワイドクリーガー	1.0	1.0
20250803	中京	4	☆	3	ヤヌシサンダー	1.0	1.0
20250803	中京	5	◎	9	ジュンライトニング	1.0	0.972
20250803	中京	5	○	13	タイセイフィオーレ	1.0	0.972
20250803	中京	5	▲	5	メイショウハヤセ	1.0	0.972
20250803	中京	5	☆	10	エイシンヤタガラス	0.89	0.972
20250803	中京	6	◎	9	ヘンリー	1.0	0.964
20250803	中京	6	○	8	ストレングス	1.0	0.964
20250803	中京	6	▲	4	ルージュスタニング	1.0	0.964
20250803	中京	6	☆	2	アッチャゴーラ	0.86	0.964
20250803	中京	7	◎	1	サトノルフィアン	1.0	0.969
20250803	中京	7	○	9	ゼットリアン	1.0	0.969
20250803	中京	7	▲	3	シゲルショウグン	1.0	0.969
20250803	中京	7	☆	2	ラインオブソウル	0.88	0.969
20250803	中京	8	◎	7	タガノスペルノヴァ	0.89	0.972
20250803	中京	8	○	5	ディアナザール	1.0	0.972
20250803	中京	8	▲	2	チェルノボーグ	1.0	0.972
20250803	中京	8	☆	4	オトコギアンパン	1.0	0.972
20250803	中京	9	◎	15	ルックアップトゥー	0.89	0.937
20250803	中京	9	○	2	ダノンフィオーレ	1.0	0.937
20250803	中京	9	▲	7	アイスモント	1.0	0.937
20250803	中京	9	☆	18	リオンプライム	0.86	0.937
20250803	中京	10	◎	5	ヴェントインコーダ	1.0	0.983
20250803	中京	10	○	15	フィドルファドル	0.93	0.983
20250803	中京	10	▲	12	アーデルリーベ	1.0	0.983
20250803	中京	10	☆	3	クリノミニスター	1.0	0.983
20250803	中京	11	◎	7	ワーキングアセット	1.0	1.0
20250803	中京	11	○	4	オメガナビゲーター	1.0	1.0
20250803	中京	11	▲	2	スカイサーベイ	1.0	1.0
20250803	中京	11	☆	8	サトノソティラス	1.0	1.0
20250803	中京	12	◎	2	ナムライリス	1.0	0.906
20250803	中京	12	○	3	イリフィ	0.75	0.906
20250803	中京	12	▲	5	ディスタントスカイ	1.0	0.906
20250803	中京	12	☆	7	スピリットライズ	0.88	0.906
20250803	新潟	3	◎	2	リッチフィールド	1.0	0.933
20250803	新潟	3	○	1	マイネルヴェーゼン	1.0	0.933
20250803	新潟	3	▲	4	ニシノエースサマ	0.88	0.933
20250803	新潟	3	☆	5	ステラスペース	0.86	0.933
20250803	新潟	5	◎	9	ペイシャブギー	0.71	0.909
20250803	新潟	5	○	7	ウインレアリゼ	0.92	0.909
20250803	新潟	5	▲	6	タブロー	1.0	0.909
20250803	新潟	5	☆	8	アイアンオバーカム	1.0	0.909
20250803	新潟	6	◎	5	カフェアローロ	1.0	0.929
20250803	新潟	6	○	3	ナイトスラッガー	1.0	0.929
20250803	新潟	6	▲	1	サダムオプシス	0.71	0.929
20250803	新潟	6	☆	4	フナデ	1.0	0.929
20250803	新潟	7	◎	2	ニシノコニャック	1.0	0.969
20250803	新潟	7	○	6	ピューロマジック	0.88	0.969
20250803	新潟	7	▲	13	テイエムスパーダ	1.0	0.969
20250803	新潟	7	☆	3	カフジテトラゴン	1.0	0.969
20250803	新潟	8	◎	10	ボナーテソーロ	1.0	0.969
20250803	新潟	8	○	3	パッションリッチ	0.88	0.969
20250803	新潟	8	▲	7	ルトンワージ	1.0	0.969
20250803	新潟	8	☆	8	トラストエムシー	1.0	0.969
20250803	新潟	9	◎	13	ブランクシート	1.0	0.964
20250803	新潟	9	○	9	ホークライト	1.0	0.964
20250803	新潟	9	▲	3	ノブレスジャン	1.0	0.964
20250803	新潟	9	☆	7	ライヴスプーン	0.86	0.964
20250803	新潟	10	◎	15	バルサミコ	1.0	0.964
20250803	新潟	10	○	11	ハーモニーソング	1.0	0.964
20250803	新潟	10	▲	10	クインズシフォン	1.0	0.964
20250803	新潟	10	☆	2	フクチャンヒメ	0.86	0.964
20250803	新潟	11	◎	11	マイネルラファール	1.0	0.875
20250803	新潟	11	○	2	マカナ	1.0	0.875
20250803	新潟	11	▲	13	ディベルティスマン	1.0	0.875
20250803	新潟	11	☆	8	パヴェリング	0.5	0.875
20250803	新潟	12	◎	7	ラブアイミー	0.83	0.958
20250803	新潟	12	○	4	ビービーエフォート	1.0	0.958
20250803	新潟	12	▲	2	デボラ	1.0	0.958
20250803	新潟	12	☆	5	ナムラトロム	1.0	0.958
20250803	札幌	1	◎	10	プレザントトーン	0.88	0.969
20250803	札幌	1	○	5	ニシノオールワン	1.0	0.969
20250803	札幌	1	▲	8	アンティミスト	1.0	0.969
20250803	札幌	1	☆	12	オアシスアラン	1.0	0.969
20250803	札幌	2	◎	13	レディゴディヴァ	1.0	0.964
20250803	札幌	2	○	8	ハイゼンスレイ	1.0	0.964
20250803	札幌	2	▲	2	ハッピールンナ	0.86	0.964
20250803	札幌	2	☆	3	カスバートテソーロ	1.0	0.964
20250803	札幌	3	◎	4	シャインフリーリー	1.0	0.944
20250803	札幌	3	○	9	ハクサンミラクル	1.0	0.944
20250803	札幌	3	▲	16	パーフェクトパール	0.78	0.944
20250803	札幌	3	☆	14	ノボリユーミン	1.0	0.944
20250803	札幌	4	◎	5	エンドレスバンカー	1.0	1.0
20250803	札幌	4	○	8	ザハント	1.0	1.0
20250803	札幌	4	▲	7	エンジョイドライブ	1.0	1.0
20250803	札幌	4	☆	4	ジーティーファラオ	1.0	1.0
20250803	札幌	6	◎	10	スルースウェイ	1.0	0.969
20250803	札幌	6	○	5	キュイジニエール	0.88	0.969
20250803	札幌	6	▲	13	ウインイザナミ	1.0	0.969
20250803	札幌	6	☆	7	フリアフロリダ	1.0	0.969
20250803	札幌	7	◎	12	アイオリア	1.0	0.969
20250803	札幌	7	○	5	リーゼノアール	1.0	0.969
20250803	札幌	7	▲	6	カペルブリュッケ	0.88	0.969
20250803	札幌	7	☆	4	マクミランテソーロ	1.0	0.969
20250803	札幌	8	◎	3	サウンドサンライズ	0.89	0.883
20250803	札幌	8	○	6	フェアリーライク	1.0	0.883
20250803	札幌	8	▲	9	ミエノジュピター	0.88	0.883
20250803	札幌	8	☆	4	イゾレエオリア	0.77	0.883
20250803	札幌	9	◎	6	ニルアドミラリ	0.86	0.964
20250803	札幌	9	○	3	ジーベック	1.0	0.964
20250803	札幌	9	▲	5	クーデール	1.0	0.964
20250803	札幌	9	☆	2	クラリティスケール	1.0	0.964
20250803	札幌	10	◎	5	ハートホイップ	1.0	0.938
20250803	札幌	10	○	4	コーティアスマナー	1.0	0.938
20250803	札幌	10	▲	12	カリーシ	0.75	0.938
20250803	札幌	10	☆	3	クリノハレルヤ	1.0	0.938
20250803	札幌	11	◎	9	ビヨンドザヴァレー	1.0	0.972
20250803	札幌	11	○	10	アルジーヌ	1.0	0.972
20250803	札幌	11	▲	13	クリスマスパレード	0.89	0.972
20250803	札幌	11	☆	8	シングザットソング	1.0	0.972
20250803	札幌	12	◎	2	ディアマイハニー	1.0	1.0
20250803	札幌	12	○	6	アルマデオロ	1.0	1.0
20250803	札幌	12	▲	5	カーミングライツ	1.0	1.0
20250803	札幌	12	☆	8	ボンドロア	1.0	1.0
20250810	中京	2	◎	2	ソコトラ	1.0	1.0
20250810	中京	2	○	10	イフウドウドウ	1.0	1.0
20250810	中京	2	☆	8	リトルガールブルー	1.0	1.0
20250810	中京	3	◎	10	トモエナゲ	1.0	1.0
20250810	中京	3	○	4	アンドゥーリル	1.0	1.0
20250810	中京	3	▲	7	ルートサーティーン	1.0	1.0
20250810	中京	3	☆	2	ハクアイタワー	1.0	1.0
20250810	中京	5	◎	11	モンサンヴデット	1.0	0.964
20250810	中京	5	○	5	オールザレイジ	0.86	0.964
20250810	中京	5	▲	15	ツインギ	1.0	0.964
20250810	中京	5	☆	14	トップレディー	1.0	0.964
20250810	中京	6	◎	2	サンライズエース	0.88	0.969
20250810	中京	6	○	8	シャハザマーン	1.0	0.969
20250810	中京	6	▲	6	クリノアドバンス	1.0	0.969
20250810	中京	6	☆	4	タケトンボ	1.0	0.969
20250810	中京	7	◎	13	ジャスティンスカイ	1.0	0.933
20250810	中京	7	○	9	ジューンブレア	0.86	0.933
20250810	中京	7	▲	14	ヤマニンアルリフラ	1.0	0.933
20250810	中京	7	☆	6	ワイドラトゥール	0.88	0.933
20250810	中京	8	◎	8	ダディーズトリップ	0.89	0.972
20250810	中京	8	○	5	テスティモーネ	1.0	0.972
20250810	中京	8	▲	2	ソリスクラヴィス	1.0	0.972
20250810	中京	8	☆	3	アリエスキング	1.0	0.972
20250810	中京	9	◎	5	ショウナンマハト	1.0	0.972
20250810	中京	9	○	4	マイネルイグザルト	1.0	0.972
20250810	中京	9	▲	13	クラヴァンス	1.0	0.972
20250810	中京	9	☆	12	アスクコモンタレヴ	0.89	0.972
20250810	中京	10	◎	9	ペネトレイトゴー	1.0	1.0
20250810	中京	10	○	4	エイユーファイヤー	1.0	1.0
20250810	中京	10	▲	6	テンエースワン	1.0	1.0
20250810	中京	10	☆	2	メイケイロゼッタ	1.0	1.0
20250810	中京	11	◎	15	ミュトスオード	1.0	1.0
20250810	中京	11	○	12	パクシー	1.0	1.0
20250810	中京	11	▲	1	パスコード	1.0	1.0
20250810	中京	11	☆	16	バリアシオン	1.0	1.0
20250810	中京	12	◎	1	アンダースコア	1.0	0.95
20250810	中京	12	○	15	セクシーマージュ	1.0	0.95
20250810	中京	12	▲	7	バニーラビット	1.0	0.95
20250810	中京	12	☆	12	リアライズ	0.8	0.95
20250810	新潟	1	◎	17	キトゥンズシルバー	1.0	1.0
20250810	新潟	1	○	5	タイセイフレッサ	1.0	1.0
20250810	新潟	1	▲	3	エコールナヴァール	1.0	1.0
20250810	新潟	1	☆	9	フィールドアピール	1.0	1.0
20250810	新潟	4	◎	14	マインドミー	1.0	1.0
20250810	新潟	4	○	13	マキャベリー	1.0	1.0
20250810	新潟	4	▲	8	アイスリーディング	1.0	1.0
20250810	新潟	4	☆	1	ミズイロ	1.0	1.0
20250810	新潟	5	◎	7	ライジングハース	1.0	1.0
20250810	新潟	5	○	15	テンドリームガール	1.0	1.0
20250810	新潟	5	▲	11	マイネルアズーロ	1.0	1.0
20250810	新潟	5	☆	14	エキゾチックガール	1.0	1.0
20250810	新潟	6	◎	14	マルチャン	1.0	1.0
20250810	新潟	6	○	7	オーロラエックス	1.0	1.0
20250810	新潟	6	▲	9	ニシノライコウ	1.0	1.0
20250810	新潟	6	☆	6	ルージュアベリア	1.0	1.0
20250810	新潟	7	◎	11	ヒルノハンブルク	1.0	0.95
20250810	新潟	7	○	10	ヴィンセンシオ	1.0	0.95
20250810	新潟	7	▲	4	ポールセン	0.8	0.95
20250810	新潟	7	☆	8	サノノワンダー	1.0	0.95
20250810	新潟	8	◎	3	ハッピーデービー	1.0	0.972
20250810	新潟	8	○	18	エコロジーク	1.0	0.972
20250810	新潟	8	▲	13	ソルレース	0.89	0.972
20250810	新潟	8	☆	10	ブルボンクイーン	1.0	0.972
20250810	新潟	9	◎	8	アオイハナミチ	1.0	1.0
20250810	新潟	9	○	6	ジョイナーテソーロ	1.0	1.0
20250810	新潟	9	▲	12	ナックオリオン	1.0	1.0
20250810	新潟	9	☆	7	ロッカバイベイビー	1.0	1.0
20250810	新潟	10	◎	8	タイセイデクスター	1.0	1.0
20250810	新潟	10	○	12	ヘインズポイント	1.0	1.0
20250810	新潟	10	▲	6	ニシノケンタマン	1.0	1.0
20250810	新潟	10	☆	5	メイショウソムリエ	1.0	1.0
20250810	新潟	11	◎	7	ロジルーラー	1.0	1.0
20250810	新潟	11	○	4	ノクターン	1.0	1.0
20250810	新潟	11	▲	9	ディヴァインスター	1.0	1.0
20250810	新潟	11	☆	3	キャピタルリッチ	1.0	1.0
20250810	新潟	12	◎	7	ハルオーブ	1.0	1.0
20250810	新潟	12	○	16	ゴールドシーン	1.0	1.0
20250810	新潟	12	▲	4	ウフドゥウフ	1.0	1.0
20250810	新潟	12	☆	15	ルクスマーベリック	1.0	1.0
20250810	札幌	1	◎	8	スズランクイーン	1.0	1.0
20250810	札幌	1	○	2	ワンモメンタム	1.0	1.0
20250810	札幌	1	▲	13	ニャンタロウ	1.0	1.0
20250810	札幌	1	☆	5	チャーリー	1.0	1.0
20250810	札幌	2	◎	6	レイワエポック	1.0	1.0
20250810	札幌	2	○	1	タイセイアビリティ	1.0	1.0
20250810	札幌	2	▲	11	タッカーバリアント	1.0	1.0
20250810	札幌	2	☆	4	サツキレジーナ	1.0	1.0
20250810	札幌	3	◎	16	テンミラージュ	1.0	1.0
20250810	札幌	3	○	13	アルディスティーノ	1.0	1.0
20250810	札幌	3	▲	3	ストレートブラック	1.0	1.0
20250810	札幌	3	☆	14	リックメイン	1.0	1.0
20250810	札幌	4	◎	11	サザンブラック	1.0	1.0
20250810	札幌	4	○	13	マーウォルス	1.0	1.0
20250810	札幌	4	▲	14	アシャカルーク	1.0	1.0
20250810	札幌	4	☆	6	トウカイフルーレ	1.0	1.0
20250810	札幌	6	◎	10	モンツァフレイバー	1.0	0.917
20250810	札幌	6	○	8	ジーティートシオー	0.78	0.917
20250810	札幌	6	▲	14	ヤマニンヒストリア	1.0	0.917
20250810	札幌	6	☆	4	アスクデッドヒート	0.89	0.917
20250810	札幌	7	◎	12	シンデレラスマイル	0.89	0.972
20250810	札幌	7	○	14	サンポーニャ	1.0	0.972
20250810	札幌	7	▲	15	ストレイトアスク	1.0	0.972
20250810	札幌	7	☆	10	ランスオブサウンド	1.0	0.972
20250810	札幌	8	◎	6	ドーギッド	1.0	1.0
20250810	札幌	8	○	8	アーロンイメル	1.0	1.0
20250810	札幌	8	▲	9	レッドベルダンス	1.0	1.0
20250810	札幌	8	☆	7	タイヨウフレア	1.0	1.0
20250810	札幌	9	◎	8	マイバラード	1.0	0.938
20250810	札幌	9	○	7	ミラージュナイト	1.0	0.938
20250810	札幌	9	▲	1	バルナバ	1.0	0.938
20250810	札幌	9	☆	6	ヨヒーン	0.75	0.938
20250810	札幌	10	◎	8	マイネルフォルツァ	1.0	0.929
20250810	札幌	10	○	4	ヨウシタンレイ	0.71	0.929
20250810	札幌	10	▲	14	キングメーカー	1.0	0.929
20250810	札幌	10	☆	7	フォルテム	1.0	0.929
20250810	札幌	11	◎	16	ロンドンプラン	1.0	1.0
20250810	札幌	11	○	4	ジャスティンアース	1.0	1.0
20250810	札幌	11	▲	5	バースクライ	1.0	1.0
20250810	札幌	11	☆	8	ナムラアトム	1.0	1.0
20250810	札幌	12	◎	14	コパノアントニオ	1.0	0.886
20250810	札幌	12	○	4	イムホテプ	0.8	0.886
20250810	札幌	12	☆	13	アセレラシオン	0.86	0.886
20250816	中京	1	◎	8	サンブル	1.0	1.0
20250816	中京	1	○	9	アウトザロー	1.0	1.0
20250816	中京	1	▲	5	テーオーグレーザー	1.0	1.0
20250816	中京	1	☆	7	ラッキーバック	1.0	1.0
20250816	中京	3	◎	11	ルージュパラディ	0.88	0.894
20250816	中京	3	○	5	パイオニアスクエア	0.84	0.894
20250816	中京	3	▲	3	アイスモント	1.0	0.894
20250816	中京	3	☆	16	テレプシコーラ	0.86	0.894
20250816	中京	4	◎	14	マルカベント	1.0	0.964
20250816	中京	4	○	7	ワイドクリーガー	1.0	0.964
20250816	中京	4	▲	12	ペプチドモガミ	0.86	0.964
20250816	中京	4	☆	6	リアルサファリ	1.0	0.964
20250816	中京	5	◎	3	テイエムタワードン	1.0	1.0
20250816	中京	5	○	11	ストラーダレアーレ	1.0	1.0
20250816	中京	5	▲	10	ボーヌロマネ	1.0	1.0
20250816	中京	5	☆	8	シュテルンビルト	1.0	1.0
20250816	中京	6	◎	4	シュブロンレーヴル	1.0	0.958
20250816	中京	6	○	6	サウスバンク	0.83	0.958
20250816	中京	6	▲	10	フェンダー	1.0	0.958
20250816	中京	6	☆	11	ヒーローインチーフ	1.0	0.958
20250816	中京	7	◎	2	ハギノアルデバラン	1.0	1.0
20250816	中京	7	○	5	ミッキーツインクル	1.0	1.0
20250816	中京	7	▲	7	ドットクルー	1.0	1.0
20250816	中京	7	☆	9	ウインリブルマン	1.0	1.0
20250816	中京	8	◎	6	オデット	1.0	1.0
20250816	中京	8	○	1	タガノアビー	1.0	1.0
20250816	中京	8	▲	3	ラビットアイ	1.0	1.0
20250816	中京	8	☆	5	スターリングアップ	1.0	1.0
20250816	中京	9	◎	2	フェニーチェドーロ	1.0	0.944
20250816	中京	9	○	3	ヤマニンシュラ	1.0	0.944
20250816	中京	9	▲	7	カフェノワール	1.0	0.944
20250816	中京	9	☆	1	サンライズジュピタ	0.78	0.944
20250816	中京	10	◎	7	カビーリア	1.0	1.0
20250816	中京	10	○	1	テーオーライマン	1.0	1.0
20250816	中京	10	▲	8	オーケアニス	1.0	1.0
20250816	中京	10	☆	3	ブラックタロー	1.0	1.0
20250816	中京	11	◎	1	エリカサンタモニカ	1.0	1.0
20250816	中京	11	○	4	シャンパンライフ	1.0	1.0
20250816	中京	11	▲	6	ベルサ	1.0	1.0
20250816	中京	11	☆	8	スマートロベール	1.0	1.0
20250816	中京	12	◎	1	ザカリナン	1.0	1.0
20250816	中京	12	○	6	コリカンチャ	1.0	1.0
20250816	中京	12	▲	7	リアルフォルゴーレ	1.0	1.0
20250816	中京	12	☆	5	ラガークイン	1.0	1.0
20250816	新潟	1	◎	13	パンジー	1.0	1.0
20250816	新潟	1	○	8	ジーネキング	1.0	1.0
20250816	新潟	1	▲	11	グランセレスト	1.0	1.0
20250816	新潟	1	☆	5	ジャストビコーズ	1.0	1.0
20250816	新潟	2	◎	12	ブランフォルテ	1.0	0.964
20250816	新潟	2	○	7	マイネルフィスキオ	1.0	0.964
20250816	新潟	2	▲	15	ナヴァラトゥナ	0.86	0.964
20250816	新潟	2	☆	18	キロノヴァ	1.0	0.964
20250816	新潟	3	◎	14	ホウオウヌーヴォー	1.0	0.964
20250816	新潟	3	○	13	キタノマーシャル	1.0	0.964
20250816	新潟	3	▲	1	アルマリカシバ	0.86	0.964
20250816	新潟	3	☆	7	ノースカトレア	1.0	0.964
20250816	新潟	6	◎	10	レイユール	1.0	0.929
20250816	新潟	6	○	7	エストゥペンダ	0.71	0.929
20250816	新潟	6	▲	2	クライスレリアーナ	1.0	0.929
20250816	新潟	6	☆	11	ホーリーノット	1.0	0.929
20250816	新潟	7	◎	5	イミュータブル	1.0	0.877
20250816	新潟	7	○	9	イノセントキャット	0.84	0.877
20250816	新潟	7	▲	10	ルディック	1.0	0.877
20250816	新潟	7	☆	14	パドマ	0.67	0.877
20250816	新潟	8	◎	4	ニフェーデービル	0.93	0.89
20250816	新潟	8	○	7	ピカピカサンダー	0.75	0.89
20250816	新潟	8	▲	6	ベルベルコンパス	0.88	0.89
20250816	新潟	8	☆	12	グレイスザクラウン	1.0	0.89
20250816	新潟	10	◎	4	サイモングリット	1.0	1.0
20250816	新潟	10	○	12	カーフキック	1.0	1.0
20250816	新潟	10	▲	5	ギャランドゥ	1.0	1.0
20250816	新潟	10	☆	9	ワウワウワウ	1.0	1.0
20250816	新潟	11	◎	3	ハッピーダンシング	1.0	1.0
20250816	新潟	11	○	10	シュラフ	1.0	1.0
20250816	新潟	11	▲	18	ベリーベリーベリー	1.0	1.0
20250816	新潟	11	☆	15	アーコレード	1.0	1.0
20250816	新潟	12	◎	14	リケアルフナ	1.0	0.942
20250816	新潟	12	○	6	パヴェリング	0.77	0.942
20250816	新潟	12	▲	2	ミッドセンチュリー	1.0	0.942
20250816	新潟	12	☆	17	マイネルボス	1.0	0.942
20250816	札幌	1	◎	3	エバーシャンティ	1.0	0.972
20250816	札幌	1	○	6	マイネルシンベリン	1.0	0.972
20250816	札幌	1	▲	5	グロリアスマーチ	1.0	0.972
20250816	札幌	1	☆	4	ブルームオブピース	0.89	0.972
20250816	札幌	2	◎	14	サウンドルーチェ	1.0	1.0
20250816	札幌	2	○	12	スマートイザナミ	1.0	1.0
20250816	札幌	2	▲	5	アイドルアイズ	1.0	1.0
20250816	札幌	2	☆	2	ユージュアーナ	1.0	1.0
20250816	札幌	3	◎	4	ジェニー	1.0	0.923
20250816	札幌	3	○	1	ステラノヴァ	1.0	0.923
20250816	札幌	3	▲	8	カービスベイ	0.83	0.923
20250816	札幌	3	☆	11	ラピルスイメル	0.86	0.923
20250816	札幌	4	◎	3	ベルジャッド	1.0	0.923
20250816	札幌	4	○	14	ラウニウ	1.0	0.923
20250816	札幌	4	▲	2	エピファランド	0.86	0.923
20250816	札幌	4	☆	10	ワタシマツワ	0.83	0.923
20250816	札幌	6	◎	5	メイユウ	1.0	0.958
20250816	札幌	6	○	14	トリプレーテ	1.0	0.958
20250816	札幌	6	▲	1	メイショウゲキハ	1.0	0.958
20250816	札幌	6	☆	13	オロパタジン	0.83	0.958
20250816	札幌	7	◎	5	ペリプルス	0.8	0.95
20250816	札幌	7	○	7	マテンロウゴールド	1.0	0.95
20250816	札幌	7	▲	4	メイショウアゴナス	1.0	0.95
20250816	札幌	7	☆	9	テイキットイージー	1.0	0.95
20250816	札幌	8	◎	13	レイワサンサン	1.0	1.0
20250816	札幌	8	○	7	ゼロスネーク	1.0	1.0
20250816	札幌	8	▲	4	コスモシェルベット	1.0	1.0
20250816	札幌	8	☆	1	カフェブーケット	1.0	1.0
20250816	札幌	9	◎	5	ニューアライブ	1.0	1.0
20250816	札幌	9	○	8	アスクエジンバラ	1.0	1.0
20250816	札幌	9	▲	4	ブラックハヤテ	1.0	1.0
20250816	札幌	9	☆	7	ハクアイストーリー	1.0	1.0
20250816	札幌	10	◎	13	スイミーユニバンス	1.0	1.0
20250816	札幌	10	○	8	マジカルフェアリー	1.0	1.0
20250816	札幌	10	▲	5	カリーシ	1.0	1.0
20250816	札幌	10	☆	2	カワキタマナレア	1.0	1.0
20250816	札幌	11	◎	3	オウギノカナメ	1.0	0.917
20250816	札幌	11	○	12	ホウオウスーペリア	0.89	0.917
20250816	札幌	11	▲	5	スマートケープ	1.0	0.917
20250816	札幌	11	☆	9	クロースコンバット	0.78	0.917
20250816	札幌	12	◎	9	ジーティートゥルー	0.78	0.926
20250816	札幌	12	▲	2	ツーエムクロノス	1.0	0.926
20250816	札幌	12	☆	8	マーゴットコマチ	1.0	0.926
20250817	中京	1	◎	2	ビアリッツ	1.0	1.0
20250817	中京	1	○	1	ローベルクランツ	1.0	1.0
20250817	中京	1	▲	6	メイショウナルカミ	1.0	1.0
20250817	中京	1	☆	4	エグジスタンス	1.0	1.0
20250817	中京	4	◎	2	カフジアッサム	1.0	1.0
20250817	中京	4	○	11	デルタフォー	1.0	1.0
20250817	中京	4	▲	10	マイネルビスマルク	1.0	1.0
20250817	中京	4	☆	3	オゴオゴ	1.0	1.0
20250817	中京	5	◎	16	キュアフローラ	1.0	1.0
20250817	中京	5	○	3	タマモマサユメ	1.0	1.0
20250817	中京	5	▲	12	オリビアサンライズ	1.0	1.0
20250817	中京	5	☆	13	オリジナルファイン	1.0	1.0
20250817	中京	6	◎	9	プレイテシア	1.0	0.985
20250817	中京	6	○	5	ノヴァエクスプレス	0.94	0.985
20250817	中京	6	▲	4	スズカコーズ	1.0	0.985
20250817	中京	6	☆	8	マイティマイティー	1.0	0.985
20250817	中京	7	◎	4	セブンマジシャン	1.0	1.0
20250817	中京	7	○	3	エルトンバローズ	1.0	1.0
20250817	中京	7	▲	9	ブルーミンデザイン	1.0	1.0
20250817	中京	7	☆	11	キープカルム	1.0	1.0
20250817	中京	8	◎	4	タマモランプ	1.0	1.0
20250817	中京	8	○	6	ダノンジョーカー	1.0	1.0
20250817	中京	8	▲	2	ジャスティンガルフ	1.0	1.0
20250817	中京	8	☆	3	バヤシーフェイス	1.0	1.0
20250817	中京	9	◎	1	フラッシュケリー	1.0	0.964
20250817	中京	9	○	16	デーモンスレイヤー	1.0	0.964
20250817	中京	9	▲	9	シャオシンユン	0.86	0.964
20250817	中京	9	☆	8	スマートフランキー	1.0	0.964
20250817	中京	10	◎	3	ミッシオーネ	1.0	0.944
20250817	中京	10	○	2	ステアハート	1.0	0.944
20250817	中京	10	▲	7	エイプリルインパリ	0.78	0.944
20250817	中京	10	☆	16	アンナバローズ	1.0	0.944
20250817	中京	11	◎	9	ニホンピロマーベル	0.82	0.956
20250817	中京	11	○	15	コスモグローリー	1.0	0.956
20250817	中京	11	▲	2	ジーティームッシュ	1.0	0.956
20250817	中京	11	☆	14	ジュンライトニング	1.0	0.956
20250817	中京	12	◎	11	アートフォーム	1.0	0.964
20250817	中京	12	○	18	ラインピクシー	0.86	0.964
20250817	中京	12	▲	16	ワインクーラー	1.0	0.964
20250817	中京	12	☆	14	マーゴットカーラ	1.0	0.964
20250817	新潟	2	◎	12	ミンナデガンバル	1.0	1.0
20250817	新潟	2	○	8	ヨドノタイヨウ	1.0	1.0
20250817	新潟	2	▲	5	リアライズオネスト	1.0	1.0
20250817	新潟	2	☆	13	クラウンアールシー	1.0	1.0
20250817	新潟	3	◎	10	ジュリ	1.0	0.95
20250817	新潟	3	○	2	アルバンヌ	0.8	0.95
20250817	新潟	3	▲	3	シルバーゴールド	1.0	0.95
20250817	新潟	3	☆	8	クイーンオブハート	1.0	0.95
20250817	新潟	5	◎	9	ルジュウェール	1.0	0.983
20250817	新潟	5	○	7	ハニーローリエ	0.93	0.983
20250817	新潟	5	▲	4	コオリナラグーン	1.0	0.983
20250817	新潟	5	☆	6	サマーツアー	1.0	0.983
20250817	新潟	6	◎	7	カンパニョーラ	0.86	0.964
20250817	新潟	6	○	9	エコロレジーナ	1.0	0.964
20250817	新潟	6	▲	4	カフジテトラゴン	1.0	0.964
20250817	新潟	6	☆	1	ニシノコニャック	1.0	0.964
20250817	新潟	7	◎	13	アスクドゥラメンテ	1.0	1.0
20250817	新潟	7	○	1	シークレットヴァウ	1.0	1.0
20250817	新潟	7	▲	9	スマートアイ	1.0	1.0
20250817	新潟	7	☆	12	エミサキホコル	1.0	1.0
20250817	新潟	8	◎	9	プレイリードリーム	0.89	0.91
20250817	新潟	8	○	5	アマキヒ	0.75	0.91
20250817	新潟	8	▲	2	イクリール	1.0	0.91
20250817	新潟	8	☆	7	エコロレイズ	1.0	0.91
20250817	新潟	9	◎	4	フォンメイリー	1.0	0.958
20250817	新潟	9	○	11	ピコテンダー	0.83	0.958
20250817	新潟	9	▲	14	アサクサグレース	1.0	0.958
20250817	新潟	9	☆	8	キミハスコール	1.0	0.958
20250817	新潟	10	◎	10	コーリンカルベラ	1.0	1.0
20250817	新潟	10	○	6	ワスカル	1.0	1.0
20250817	新潟	10	▲	2	ドラミモン	1.0	1.0
20250817	新潟	10	☆	5	ゴットランド	1.0	1.0
20250817	新潟	11	◎	9	ルークスヘリオス	1.0	0.983
20250817	新潟	11	○	5	ルージュスティーズ	1.0	0.983
20250817	新潟	11	▲	11	ウインリュクス	0.93	0.983
20250817	新潟	11	☆	1	マンオブノーブル	1.0	0.983
20250817	新潟	12	◎	16	ルミナスピラー	0.86	0.964
20250817	新潟	12	○	12	スターリーナイト	1.0	0.964
20250817	新潟	12	▲	8	タイヨウノキセツ	1.0	0.964
20250817	新潟	12	☆	9	タイキオーベロン	1.0	0.964
20250817	札幌	1	◎	4	ココソラーレ	0.83	0.896
20250817	札幌	1	○	10	ハルヒメ	0.75	0.896
20250817	札幌	1	▲	3	マーゴットミスト	1.0	0.896
20250817	札幌	1	☆	9	ライトアズフェザー	1.0	0.896
20250817	札幌	2	◎	7	カピオラ	0.75	0.868
20250817	札幌	2	○	11	オオタチ	1.0	0.868
20250817	札幌	2	▲	3	マブアンドフェール	0.89	0.868
20250817	札幌	2	☆	1	クックパイン	0.83	0.868
20250817	札幌	3	◎	12	ヤマノインパクト	0.88	0.911
20250817	札幌	3	○	4	ヒルノレーダン	0.77	0.911
20250817	札幌	3	▲	7	メイショウキンタイ	1.0	0.911
20250817	札幌	3	☆	16	コスタヴェルデ	1.0	0.911
20250817	札幌	4	◎	4	アカオー	1.0	0.958
20250817	札幌	4	○	3	ビービーバザーク	1.0	0.958
20250817	札幌	4	▲	14	ファンタズマ	0.83	0.958
20250817	札幌	4	☆	1	マナエトレ	1.0	0.958
20250817	札幌	6	◎	1	サノノアメリカン	1.0	1.0
20250817	札幌	6	○	12	ミニョンマルーン	1.0	1.0
20250817	札幌	6	▲	6	ハヤテノツバサ	1.0	1.0
20250817	札幌	6	☆	8	イノキ	1.0	1.0
20250817	札幌	7	◎	12	マルカシャルマン	1.0	1.0
20250817	札幌	7	○	6	ユーティジャーニー	1.0	1.0
20250817	札幌	7	▲	1	ルナルーチェット	1.0	1.0
20250817	札幌	7	☆	9	ホウオウガイア	1.0	1.0
20250817	札幌	8	◎	1	ラルフテソーロ	0.86	0.964
20250817	札幌	8	○	4	ディアウス	1.0	0.964
20250817	札幌	8	▲	2	ホウオウバローロ	1.0	0.964
20250817	札幌	8	☆	12	タマモジャスミン	1.0	0.964
20250817	札幌	9	◎	3	ランスオブサウンド	0.89	0.972
20250817	札幌	9	○	11	マイネルステラート	1.0	0.972
20250817	札幌	9	▲	13	ミクストベリーズ	1.0	0.972
20250817	札幌	9	☆	6	マジカルシャイン	1.0	0.972
20250817	札幌	10	◎	9	ヒロノゴウカイ	1.0	0.937
20250817	札幌	10	○	4	ペイシャヴァルツー	0.89	0.937
20250817	札幌	10	▲	8	カウスリップ	1.0	0.937
20250817	札幌	10	☆	2	パールフロント	0.86	0.937
20250817	札幌	11	◎	12	アルナシーム	1.0	0.972
20250817	札幌	11	○	5	ホウオウビスケッツ	1.0	0.972
20250817	札幌	11	▲	15	ココナッツブラウン	0.89	0.972
20250817	札幌	11	☆	6	ケイアイセナ	1.0	0.972
20250817	札幌	12	◎	13	ダンツファイター	1.0	1.0
20250817	札幌	12	○	2	シュバルツマサムネ	1.0	1.0
20250817	札幌	12	▲	6	ウインマクシマム	1.0	1.0
20250817	札幌	12	☆	7	レクスノヴァス	1.0	1.0
20250823	中京	2	◎	2	タガノアニマシオン	1.0	1.0
20250823	中京	2	○	11	シェーネアウゲン	1.0	1.0
20250823	中京	2	▲	6	エイシンアニーモ	1.0	1.0
20250823	中京	2	☆	15	ローズゴジャール	1.0	1.0
20250823	中京	3	◎	9	フェブリノ	1.0	0.906
20250823	中京	3	○	8	シックスリングス	0.88	0.906
20250823	中京	3	▲	3	トライアンフパス	0.88	0.906
20250823	中京	3	☆	1	キンダープンシュ	0.88	0.906
20250823	中京	4	◎	15	パープルパライソ	0.5	0.812
20250823	中京	4	○	6	マローソ	0.75	0.812
20250823	中京	4	▲	4	モズレイラココナ	1.0	0.812
20250823	中京	4	☆	5	メイショウハダル	1.0	0.812
20250823	中京	7	◎	3	ダンツトラバース	1.0	0.9
20250823	中京	7	○	1	ムギトルナ	0.8	0.9
20250823	中京	7	▲	4	アイルトンバローズ	1.0	0.9
20250823	中京	7	☆	11	エルピーゾ	0.8	0.9
20250823	中京	8	◎	5	ルミエールドゥース	0.89	0.972
20250823	中京	8	○	7	ノーランサンライズ	1.0	0.972
20250823	中京	8	▲	2	フルレゾン	1.0	0.972
20250823	中京	8	☆	1	エコテーラー	1.0	0.972
20250823	中京	9	◎	5	サンライズガッツ	1.0	1.0
20250823	中京	9	○	3	スズカミエール	1.0	1.0
20250823	中京	9	▲	6	スパイラルビジョン	1.0	1.0
20250823	中京	9	☆	4	ダノンカゼルタ	1.0	1.0
20250823	中京	10	◎	11	クリノアドバンス	0.88	0.941
20250823	中京	10	○	13	テラメリタ	1.0	0.941
20250823	中京	10	▲	6	オトコギアンパン	1.0	0.941
20250823	中京	10	☆	8	タガノスペルノヴァ	0.89	0.941
20250823	中京	11	◎	4	カマチョクイン	1.0	0.958
20250823	中京	11	○	9	ナイトアクアリウム	1.0	0.958
20250823	中京	11	▲	8	プロトポロス	0.83	0.958
20250823	中京	11	☆	15	スタンリーテソーロ	1.0	0.958
20250823	中京	12	◎	3	ニヒトツーゼーア	0.88	0.969
20250823	中京	12	○	7	カミノレアル	1.0	0.969
20250823	中京	12	▲	5	トレチーメ	1.0	0.969
20250823	中京	12	☆	6	ソングコレクター	1.0	0.969
20250823	新潟	1	◎	3	ロット	1.0	0.969
20250823	新潟	1	○	4	ストロングエース	1.0	0.969
20250823	新潟	1	▲	6	ソニックキャット	1.0	0.969
20250823	新潟	1	☆	1	メープルタフィー	0.88	0.969
20250823	新潟	2	◎	12	セラドピラール	0.86	0.929
20250823	新潟	2	○	5	アイスリーディング	1.0	0.929
20250823	新潟	2	▲	11	アルマリカシバ	0.86	0.929
20250823	新潟	2	☆	7	ヴィーナスゼファー	1.0	0.929
20250823	新潟	3	◎	17	シウダーエヴィータ	1.0	0.95
20250823	新潟	3	○	9	ハーバードスクエア	1.0	0.95
20250823	新潟	3	▲	14	スタンピー	0.8	0.95
20250823	新潟	3	☆	8	ウィアステーラ	1.0	0.95
20250823	新潟	4	◎	13	ラッキーダンス	1.0	1.0
20250823	新潟	4	○	7	オルグジェシダ	1.0	1.0
20250823	新潟	4	▲	8	ミエノフェアリー	1.0	1.0
20250823	新潟	4	☆	11	ソランチャン	1.0	1.0
20250823	新潟	6	◎	10	ラッキークラウン	1.0	0.972
20250823	新潟	6	○	14	シスター	1.0	0.972
20250823	新潟	6	▲	9	ロッカバイベイビー	1.0	0.972
20250823	新潟	6	☆	11	コンパクトファイト	0.89	0.972
20250823	新潟	7	◎	4	コスモバラタ	1.0	0.937
20250823	新潟	7	○	1	エリーナストーム	1.0	0.937
20250823	新潟	7	▲	8	エンペラーズソード	0.89	0.937
20250823	新潟	7	☆	10	ブルバンビーナ	0.86	0.937
20250823	新潟	8	◎	7	ロードフロリゼル	1.0	1.0
20250823	新潟	8	○	11	ミライヘノカギ	1.0	1.0
20250823	新潟	8	▲	10	ノアヴィヴァーチェ	1.0	1.0
20250823	新潟	8	☆	3	サンカルミア	1.0	1.0
20250823	新潟	9	◎	6	タイセイフェスタ	1.0	0.969
20250823	新潟	9	○	9	パラサイコロジー	0.88	0.969
20250823	新潟	9	▲	1	ダズリングダンス	1.0	0.969
20250823	新潟	9	☆	12	エチャケナ	1.0	0.969
20250823	新潟	10	◎	17	ジュンゴールド	1.0	0.948
20250823	新潟	10	○	14	パワースナッチ	0.86	0.948
20250823	新潟	10	▲	16	パルティクラール	0.93	0.948
20250823	新潟	10	☆	10	ミッキーチャレンジ	1.0	0.948
20250823	新潟	11	◎	2	ソニックスター	1.0	0.941
20250823	新潟	11	○	1	ジャスパーロブスト	0.89	0.941
20250823	新潟	11	▲	10	ブレイクフォース	0.88	0.941
20250823	新潟	11	☆	3	モズミギカタアガリ	1.0	0.941
20250823	新潟	12	◎	8	デイジー	1.0	1.0
20250823	新潟	12	○	7	レイニング	1.0	1.0
20250823	新潟	12	▲	11	ギフテッド	1.0	1.0
20250823	新潟	12	☆	6	ヴァンガーズハート	1.0	1.0
20250823	札幌	1	◎	4	ペプチドエレノア	0.75	0.906
20250823	札幌	1	○	8	ストロベリーツリー	1.0	0.906
20250823	札幌	1	▲	1	オーシャンステラ	0.88	0.906
20250823	札幌	1	☆	3	カデナボニータ	1.0	0.906
20250823	札幌	2	◎	1	テーオーテバルディ	1.0	1.0
20250823	札幌	2	○	5	タマゴ	1.0	1.0
20250823	札幌	2	▲	6	ハイエンドモデル	1.0	1.0
20250823	札幌	2	☆	3	レイアポポ	1.0	1.0
20250823	札幌	3	◎	12	ユナホークパワー	0.88	0.969
20250823	札幌	3	○	3	リックメイン	1.0	0.969
20250823	札幌	3	▲	1	グランセゾン	1.0	0.969
20250823	札幌	3	☆	15	ココモナカ	1.0	0.969
20250823	札幌	4	◎	6	アイルビリーヴ	1.0	1.0
20250823	札幌	4	○	8	ハイクオリティ	1.0	1.0
20250823	札幌	4	▲	12	キタノホウセキ	1.0	1.0
20250823	札幌	4	☆	5	タイキインドラ	1.0	1.0
20250823	札幌	6	◎	8	トゥルブレンツ	0.86	0.933
20250823	札幌	6	○	3	パルティキュリエ	0.88	0.933
20250823	札幌	6	▲	11	エレガンシア	1.0	0.933
20250823	札幌	6	☆	9	トレミニョン	1.0	0.933
20250823	札幌	7	◎	9	サンウリエル	1.0	1.0
20250823	札幌	7	○	4	エフォートレス	1.0	1.0
20250823	札幌	7	▲	1	バスターコール	1.0	1.0
20250823	札幌	7	☆	14	フォルテフィオーレ	1.0	1.0
20250823	札幌	8	◎	6	ベルフィーヌ	1.0	1.0
20250823	札幌	8	○	4	ベイラム	1.0	1.0
20250823	札幌	8	▲	7	シーリュウシー	1.0	1.0
20250823	札幌	8	☆	9	リアンクトワ	1.0	1.0
20250823	札幌	9	◎	9	ウィルラウス	1.0	1.0
20250823	札幌	9	○	4	エスカレイト	1.0	1.0
20250823	札幌	9	▲	2	ドルチェミスト	1.0	1.0
20250823	札幌	9	☆	1	ベラジオソニック	1.0	1.0
20250823	札幌	10	◎	7	オンザブルースカイ	1.0	1.0
20250823	札幌	10	○	4	ルシード	1.0	1.0
20250823	札幌	10	▲	5	ゴールドスター	1.0	1.0
20250823	札幌	10	☆	1	テラステラ	1.0	1.0
20250823	札幌	11	○	10	アイスグリーン	1.0	0.963
20250823	札幌	11	▲	4	パトリックハンサム	0.89	0.963
20250823	札幌	11	☆	13	マイネルニコラス	1.0	0.963
20250823	札幌	12	◎	1	ハミルトン	1.0	1.0
20250823	札幌	12	○	2	リーゼノアール	1.0	1.0
20250823	札幌	12	▲	5	ロードスカイブルー	1.0	1.0
20250823	札幌	12	☆	7	アーロンイメル	1.0	1.0
20250824	中京	2	◎	7	ヤヌシサンダー	1.0	0.972
20250824	中京	2	○	12	スピントロニクス	1.0	0.972
20250824	中京	2	▲	13	サントモナルカ	1.0	0.972
20250824	中京	2	☆	16	ショウリュウアサヒ	0.89	0.972
20250824	中京	3	◎	3	ルビーエクリプス	1.0	1.0
20250824	中京	3	○	7	ビッグヒーロー	1.0	1.0
20250824	中京	3	▲	4	サーディンラン	1.0	1.0
20250824	中京	3	☆	2	クールデイトナ	1.0	1.0
20250824	中京	4	◎	2	コヒロ	0.67	0.875
20250824	中京	4	○	1	ニネンエフグミ	1.0	0.875
20250824	中京	4	▲	12	トップレディー	1.0	0.875
20250824	中京	4	☆	11	タンタンドル	0.83	0.875
20250824	中京	6	◎	16	デュアルタスク	1.0	0.964
20250824	中京	6	○	15	キーブリーゼ	1.0	0.964
20250824	中京	6	▲	12	キラーチューン	1.0	0.964
20250824	中京	6	☆	13	エイシンマイア	0.86	0.964
20250824	中京	7	◎	6	タガノマルアフ	1.0	0.923
20250824	中京	7	○	7	レッドボブ	1.0	0.923
20250824	中京	7	▲	1	ポルトドール	0.83	0.923
20250824	中京	7	☆	4	バーケンティン	0.86	0.923
20250824	中京	8	◎	15	スワローサプライズ	0.89	0.972
20250824	中京	8	○	2	ワイドリューレント	1.0	0.972
20250824	中京	8	▲	8	ストラーダレアーレ	1.0	0.972
20250824	中京	8	☆	5	アスクコモンタレヴ	1.0	0.972
20250824	中京	9	◎	12	ウインラウダ	1.0	1.0
20250824	中京	9	○	6	モンタルチーノ	1.0	1.0
20250824	中京	9	▲	10	ホーリーブラッサム	1.0	1.0
20250824	中京	9	☆	8	ブルクトーア	1.0	1.0
20250824	中京	10	◎	11	チカミリオン	1.0	1.0
20250824	中京	10	○	7	キングブルー	1.0	1.0
20250824	中京	10	▲	16	ショーダンサー	1.0	1.0
20250824	中京	10	☆	1	ユメハハテシナク	1.0	1.0
20250824	中京	11	◎	5	ヒーローインチーフ	1.0	0.958
20250824	中京	11	○	7	ユハンヌス	1.0	0.958
20250824	中京	11	▲	6	バンドシェル	0.83	0.958
20250824	中京	11	☆	9	エコロマーズ	1.0	0.958
20250824	中京	12	◎	10	ウォーターパラディ	0.89	0.972
20250824	中京	12	○	8	レーティッシュ	1.0	0.972
20250824	中京	12	▲	11	スニーカースキル	1.0	0.972
20250824	中京	12	☆	6	クリオシダード	1.0	0.972
20250824	新潟	1	◎	6	マルターズドン	1.0	0.958
20250824	新潟	1	○	2	ラプランセス	0.83	0.958
20250824	新潟	1	▲	5	ムーングレイル	1.0	0.958
20250824	新潟	1	☆	1	ガリレア	1.0	0.958
20250824	新潟	2	◎	10	アストラン	1.0	1.0
20250824	新潟	2	○	8	ジュンビクトワール	1.0	1.0
20250824	新潟	2	▲	2	メイショウコウベ	1.0	1.0
20250824	新潟	2	☆	13	メモリードライブ	1.0	1.0
20250824	新潟	3	◎	13	ヴェネチアンレース	1.0	0.964
20250824	新潟	3	○	10	マイネルアレス	1.0	0.964
20250824	新潟	3	▲	5	イフルジャンス	1.0	0.964
20250824	新潟	3	☆	7	ウインポラリス	0.86	0.964
20250824	新潟	4	◎	4	ミラコレジェンヌ	1.0	0.95
20250824	新潟	4	○	5	エテオクロス	1.0	0.95
20250824	新潟	4	▲	2	ジュリスタ	0.8	0.95
20250824	新潟	4	☆	8	シンフォニーシーズ	1.0	0.95
20250824	新潟	7	◎	9	レッドカメリア	1.0	0.938
20250824	新潟	7	○	8	レオプルミエール	0.88	0.938
20250824	新潟	7	▲	17	ニシノルミリオン	0.88	0.938
20250824	新潟	7	☆	11	カツノテンス	1.0	0.938
20250824	新潟	8	◎	10	ミツカネヴィーナス	1.0	0.985
20250824	新潟	8	○	1	ミラクルキャッツ	0.94	0.985
20250824	新潟	8	▲	8	ラーナローザ	1.0	0.985
20250824	新潟	8	☆	3	ラブリーウィザード	1.0	0.985
20250824	新潟	9	◎	9	スイープアワーズ	1.0	1.0
20250824	新潟	9	○	7	レッドアトレーヴ	1.0	1.0
20250824	新潟	9	▲	8	ハワイアンティアレ	1.0	1.0
20250824	新潟	9	☆	13	ダズリングブレイヴ	1.0	1.0
20250824	新潟	10	◎	6	タマモブラックタイ	1.0	1.0
20250824	新潟	10	○	13	レイベリング	1.0	1.0
20250824	新潟	10	▲	4	ガロンヌ	1.0	1.0
20250824	新潟	10	☆	7	ブリックワーク	1.0	1.0
20250824	新潟	11	◎	10	タイセイフレッサ	1.0	0.972
20250824	新潟	11	○	9	リアライズシリウス	1.0	0.972
20250824	新潟	11	▲	4	フェスティバルヒル	0.89	0.972
20250824	新潟	11	☆	3	タイセイボーグ	1.0	0.972
20250824	新潟	12	◎	11	シルバーダイヤ	1.0	1.0
20250824	新潟	12	○	9	アシャカトベ	1.0	1.0
20250824	新潟	12	▲	4	リクエイ	1.0	1.0
20250824	新潟	12	☆	8	チャコール	1.0	1.0
20250824	札幌	1	◎	10	ロードベルファスト	1.0	0.964
20250824	札幌	1	○	5	リフレックス	1.0	0.964
20250824	札幌	1	▲	13	ミヤエスケープ	0.86	0.964
20250824	札幌	1	☆	11	ユニゾン	1.0	0.964
20250824	札幌	2	◎	8	ニシノガンリキ	1.0	0.969
20250824	札幌	2	○	7	レッドスティンガー	1.0	0.969
20250824	札幌	2	▲	4	ロイヤルスパイア	1.0	0.969
20250824	札幌	2	☆	9	ルーセントムーン	0.88	0.969
20250824	札幌	3	◎	14	エンジョイドライブ	1.0	1.0
20250824	札幌	3	○	10	ジョードリウム	1.0	1.0
20250824	札幌	3	▲	4	ビービーバザーク	1.0	1.0
20250824	札幌	3	☆	9	サザンブラック	1.0	1.0
20250824	札幌	4	◎	10	レイデラティエラ	1.0	0.944
20250824	札幌	4	○	14	ヤマニンヒストリア	0.89	0.944
20250824	札幌	4	▲	12	ブリリアントカーラ	0.89	0.944
20250824	札幌	4	☆	6	モアサナイト	1.0	0.944
20250824	札幌	6	◎	1	アレクレア	1.0	0.985
20250824	札幌	6	○	15	キュイジニエール	0.94	0.985
20250824	札幌	6	▲	2	セガンティーニ	1.0	0.985
20250824	札幌	6	☆	16	ユキノエミリオ	1.0	0.985
20250824	札幌	7	◎	11	イチトゼロノアイダ	1.0	0.958
20250824	札幌	7	○	3	ディニトーソ	1.0	0.958
20250824	札幌	7	▲	6	スイッチオン	1.0	0.958
20250824	札幌	7	☆	4	カップッチョ	0.83	0.958
20250824	札幌	8	◎	9	セージグリーン	1.0	1.0
20250824	札幌	8	○	6	ミサビスケッツ	1.0	1.0
20250824	札幌	8	▲	11	ウィンターサン	1.0	1.0
20250824	札幌	8	☆	10	エンプレスフレーム	1.0	1.0
20250824	札幌	9	◎	7	マイバラード	1.0	1.0
20250824	札幌	9	○	1	マイネルゼウス	1.0	1.0
20250824	札幌	9	▲	8	シンゼンカガ	1.0	1.0
20250824	札幌	9	☆	5	ドーギッド	1.0	1.0
20250824	札幌	10	◎	12	カプラローラ	0.83	0.917
20250824	札幌	10	○	6	チュウワクリスエス	1.0	0.917
20250824	札幌	10	▲	10	ベルギューン	1.0	0.917
20250824	札幌	10	☆	2	ラオラシオン	0.83	0.917
20250824	札幌	11	◎	12	フィオライア	1.0	0.866
20250824	札幌	11	○	6	ペアポルックス	0.71	0.866
20250824	札幌	11	▲	16	カルプスペルシュ	0.75	0.866
20250824	札幌	11	☆	15	ナムラクララ	1.0	0.866
20250824	札幌	12	◎	13	キングメーカー	1.0	1.0
20250824	札幌	12	○	10	ジェットマグナム	1.0	1.0
20250824	札幌	12	▲	8	マイネルオーシャン	1.0	1.0
20250824	札幌	12	☆	6	ミヤビブレイブ	1.0	1.0
20250830	中京	1	◎	8	ビアリッツ	1.0	1.0
20250830	中京	1	○	10	リアライズブラーヴ	1.0	1.0
20250830	中京	1	▲	6	チェルヴァーラ	1.0	1.0
20250830	中京	1	☆	9	テイクザスローン	1.0	1.0
20250830	中京	2	◎	4	サンブル	1.0	1.0
20250830	中京	2	○	12	サマーマッドネス	1.0	1.0
20250830	中京	2	▲	2	ガウラディスコ	1.0	1.0
20250830	中京	2	☆	3	ジョウショーブリエ	1.0	1.0
20250830	中京	3	◎	4	タイキフィアリーベ	1.0	1.0
20250830	中京	3	○	7	リビングストン	1.0	1.0
20250830	中京	3	▲	9	シーラスストリーク	1.0	1.0
20250830	中京	3	☆	15	レッドサジェス	1.0	1.0
20250830	中京	4	◎	13	キタノチェンジ	1.0	0.929
20250830	中京	4	○	4	フランキーバローズ	1.0	0.929
20250830	中京	4	▲	12	ペプチドモガミ	0.71	0.929
20250830	中京	4	☆	9	アメリカンバー	1.0	0.929
20250830	中京	6	◎	11	ウチナータイム	1.0	1.0
20250830	中京	6	○	16	タイセイフィオーレ	1.0	1.0
20250830	中京	6	▲	4	ダノンブギ	1.0	1.0
20250830	中京	6	☆	1	ルクスフレンジー	1.0	1.0
20250830	中京	7	◎	4	ヒロインズクレスト	1.0	1.0
20250830	中京	7	○	10	オーケアニス	1.0	1.0
20250830	中京	7	▲	8	ハイウェイスター	1.0	1.0
20250830	中京	7	☆	6	オーケーエンジェル	1.0	1.0
20250830	中京	8	◎	7	ジョイエッロ	1.0	0.89
20250830	中京	8	○	2	ニュークレド	0.73	0.89
20250830	中京	8	▲	3	オーシンエス	0.83	0.89
20250830	中京	8	☆	8	オーサムユニバンス	1.0	0.89
20250830	中京	9	◎	5	アネモス	1.0	1.0
20250830	中京	9	○	12	アスタールフナ	1.0	1.0
20250830	中京	9	▲	11	スペシャルナンバー	1.0	1.0
20250830	中京	9	☆	6	ミロワール	1.0	1.0
20250830	中京	10	◎	5	アドマイヤジェイ	1.0	0.904
20250830	中京	10	○	8	ダノンキラウェア	1.0	0.904
20250830	中京	10	▲	10	タガノアンファン	1.0	0.904
20250830	中京	10	☆	3	ヨウシタンレイ	0.62	0.904
20250830	中京	11	◎	11	アムールドパリ	0.86	0.915
20250830	中京	11	○	4	テーオーパスワード	0.89	0.915
20250830	中京	11	☆	8	ヴァンヤール	1.0	0.915
20250830	中京	12	◎	7	メイケイレイン	1.0	1.0
20250830	中京	12	○	10	モズタチアガレ	1.0	1.0
20250830	中京	12	▲	5	ゴメンネジロー	1.0	1.0
20250830	中京	12	☆	9	マリーヌ	1.0	1.0
20250830	新潟	2	◎	13	リバーシティ	0.83	0.927
20250830	新潟	2	○	12	リアライズタキオン	1.0	0.927
20250830	新潟	2	▲	5	シューティングガイ	1.0	0.927
20250830	新潟	2	☆	11	ニシノランペイジ	0.88	0.927
20250830	新潟	3	◎	4	ブライスフェアリー	1.0	0.969
20250830	新潟	3	○	10	ショウナンダイン	0.88	0.969
20250830	新潟	3	▲	11	ドナルンバ	1.0	0.969
20250830	新潟	3	☆	5	トレニアムーン	1.0	0.969
20250830	新潟	4	◎	9	ヴェルダリオ	1.0	0.954
20250830	新潟	4	○	12	ルクスエクレール	0.94	0.954
20250830	新潟	4	▲	11	ユウオウマイシン	0.88	0.954
20250830	新潟	4	☆	6	チェインズモーカー	1.0	0.954
20250830	新潟	6	◎	7	バレエコア	1.0	1.0
20250830	新潟	6	○	6	ディベルティスマン	1.0	1.0
20250830	新潟	6	▲	3	チェンジオブハート	1.0	1.0
20250830	新潟	6	☆	10	ウインバーテックス	1.0	1.0
20250830	新潟	7	◎	3	ルージュアマリア	1.0	0.969
20250830	新潟	7	○	15	ライネリーベ	1.0	0.969
20250830	新潟	7	▲	9	タイヨウノキセツ	0.88	0.969
20250830	新潟	7	☆	14	ミズイロホルトゥス	1.0	0.969
20250830	新潟	8	◎	7	ゴットランド	1.0	0.964
20250830	新潟	8	○	2	カゼノタカトシ	0.86	0.964
20250830	新潟	8	▲	9	サンカルミア	1.0	0.964
20250830	新潟	8	☆	4	ミダース	1.0	0.964
20250830	新潟	9	◎	18	ポッドロワール	1.0	0.95
20250830	新潟	9	○	14	ベラジオワールド	1.0	0.95
20250830	新潟	9	▲	16	フロウアンドライム	1.0	0.95
20250830	新潟	9	☆	7	バシレイア	0.8	0.95
20250830	新潟	10	◎	6	クリニクラウン	1.0	0.95
20250830	新潟	10	○	7	フォルラニーニ	1.0	0.95
20250830	新潟	10	▲	10	アスクセクシーモア	1.0	0.95
20250830	新潟	10	☆	11	ルトゥール	0.8	0.95
20250830	新潟	11	◎	14	ロジシルバー	1.0	1.0
20250830	新潟	11	○	4	ゲルチュタール	1.0	1.0
20250830	新潟	11	▲	11	ナイトインロンドン	1.0	1.0
20250830	新潟	11	☆	8	タイセイフェリーク	1.0	1.0
20250830	新潟	12	◎	4	トモジャシーマ	1.0	0.964
20250830	新潟	12	○	2	アドリアフレイバー	1.0	0.964
20250830	新潟	12	▲	8	ミスエル	1.0	0.964
20250830	新潟	12	☆	10	レゼールドラペ	0.86	0.964
20250830	札幌	1	◎	8	クラリスヒメ	0.83	0.908
20250830	札幌	1	○	2	エリカビアリッツ	1.0	0.908
20250830	札幌	1	▲	7	ラスティングスノー	1.0	0.908
20250830	札幌	1	☆	1	リバテイー	0.8	0.908
20250830	札幌	2	◎	4	ブライトラン	1.0	1.0
20250830	札幌	2	○	6	アッカン	1.0	1.0
20250830	札幌	2	▲	3	ノチェセラーダ	1.0	1.0
20250830	札幌	2	☆	1	ショウナンバーボン	1.0	1.0
20250830	札幌	3	◎	13	アンタンシオン	1.0	0.958
20250830	札幌	3	○	11	ホウオウサムレット	1.0	0.958
20250830	札幌	3	▲	8	オロパタジン	0.83	0.958
20250830	札幌	3	☆	6	クアトロフォルトナ	1.0	0.958
20250830	札幌	4	◎	8	ダブルシルバー	1.0	0.969
20250830	札幌	4	○	9	トレヴィ	1.0	0.969
20250830	札幌	4	▲	11	ハクサンミラクル	0.88	0.969
20250830	札幌	4	☆	13	リラゲイル	1.0	0.969
20250830	札幌	6	◎	13	シカレ	1.0	0.972
20250830	札幌	6	○	9	ストレートブラック	1.0	0.972
20250830	札幌	6	▲	5	マブアンドフェール	0.89	0.972
20250830	札幌	6	☆	15	ラースアルアイン	1.0	0.972
20250830	札幌	7	◎	11	イノキ	1.0	1.0
20250830	札幌	7	○	7	ミニョンマルーン	1.0	1.0
20250830	札幌	7	▲	4	ショウナンラリー	1.0	1.0
20250830	札幌	7	☆	2	ボディブロー	1.0	1.0
20250830	札幌	8	◎	4	マーベリックシチー	1.0	0.95
20250830	札幌	8	○	6	プチブール	0.8	0.95
20250830	札幌	8	▲	10	ミスティマウンテン	1.0	0.95
20250830	札幌	8	☆	9	ヴェラグエリエロ	1.0	0.95
20250830	札幌	9	◎	5	トリップス	1.0	0.972
20250830	札幌	9	○	13	ショウナンカリス	1.0	0.972
20250830	札幌	9	▲	7	スターオブロンドン	0.89	0.972
20250830	札幌	9	☆	10	サノノサルバドール	1.0	0.972
20250830	札幌	10	◎	5	ソムリエ	1.0	1.0
20250830	札幌	10	○	6	リアライズカミオン	1.0	1.0
20250830	札幌	10	▲	7	ベンヌ	1.0	1.0
20250830	札幌	10	☆	4	オルゴーリオ	1.0	1.0
20250830	札幌	11	◎	13	バニシングポイント	0.89	0.972
20250830	札幌	11	○	14	ナグルファル	1.0	0.972
20250830	札幌	11	▲	10	ミラージュナイト	1.0	0.972
20250830	札幌	11	☆	8	アルベリック	1.0	0.972
20250830	札幌	12	◎	10	ダノンリュラ	1.0	0.958
20250830	札幌	12	○	11	ミクストベリーズ	1.0	0.958
20250830	札幌	12	▲	4	サンポーニャ	0.83	0.958
20250830	札幌	12	☆	13	ウィンストン	1.0	0.958
20250831	中京	1	◎	8	ゼンノスタニング	1.0	0.941
20250831	中京	1	○	6	レディーゴール	1.0	0.941
20250831	中京	1	▲	11	シャンペトルブーケ	0.89	0.941
20250831	中京	1	☆	12	アドバンスモダン	0.88	0.941
20250831	中京	2	◎	16	ボナペティアスク	0.88	0.969
20250831	中京	2	○	13	エスタンシア	1.0	0.969
20250831	中京	2	▲	4	エアニゲラ	1.0	0.969
20250831	中京	2	☆	10	スーパーチャンド	1.0	0.969
20250831	中京	3	◎	9	ロールザボーンズ	0.88	0.969
20250831	中京	3	○	16	マスターライセンス	1.0	0.969
20250831	中京	3	▲	18	アズユーライク	1.0	0.969
20250831	中京	3	☆	7	ヴァンガルダ	1.0	0.969
20250831	中京	4	◎	12	スナークメスナー	1.0	1.0
20250831	中京	4	○	14	フロンティエール	1.0	1.0
20250831	中京	4	▲	15	シュテルンビルト	1.0	1.0
20250831	中京	4	☆	10	メイショウアイク	1.0	1.0
20250831	中京	7	◎	1	カビーリア	1.0	1.0
20250831	中京	7	○	7	スーパージョック	1.0	1.0
20250831	中京	7	▲	9	ロードシュヴァリエ	1.0	1.0
20250831	中京	7	☆	13	ショウサンジョージ	1.0	1.0
20250831	中京	8	◎	5	ファルシオン	1.0	1.0
20250831	中京	8	○	2	グローリーリンク	1.0	1.0
20250831	中京	8	▲	12	マイエレメント	1.0	1.0
20250831	中京	8	☆	3	ザカリナン	1.0	1.0
20250831	中京	9	◎	2	ファミリータイム	1.0	0.972
20250831	中京	9	○	4	ミュージシャン	1.0	0.972
20250831	中京	9	▲	5	ジュンツバメガエシ	0.89	0.972
20250831	中京	9	☆	3	パンデアスカル	1.0	0.972
20250831	中京	10	◎	11	オンザライン	1.0	1.0
20250831	中京	10	○	2	ハギノサステナブル	1.0	1.0
20250831	中京	10	▲	8	リューデスハイム	1.0	1.0
20250831	中京	10	☆	10	レッドプロフェシー	1.0	1.0
20250831	中京	11	◎	9	セイウンアインス	1.0	1.0
20250831	中京	11	○	7	スターアニス	1.0	1.0
20250831	中京	11	▲	2	マイケルバローズ	1.0	1.0
20250831	中京	11	☆	13	ジュジュドール	1.0	1.0
20250831	中京	12	◎	13	ダイチラファール	1.0	0.969
20250831	中京	12	○	11	バッハアルプゼー	0.88	0.969
20250831	中京	12	▲	5	イマージョン	1.0	0.969
20250831	中京	12	☆	6	ララアヴリル	1.0	0.969
20250831	新潟	2	◎	12	ランメルスベルグ	1.0	0.937
20250831	新潟	2	○	13	サトノアルタイル	1.0	0.937
20250831	新潟	2	▲	7	カフェノーチェ	0.86	0.937
20250831	新潟	2	☆	8	バッキンガムパレス	0.89	0.937
20250831	新潟	3	◎	11	セイカユウヒ	1.0	0.969
20250831	新潟	3	○	9	ホットゥトロット	0.88	0.969
20250831	新潟	3	▲	3	カレンデュラ	1.0	0.969
20250831	新潟	3	☆	12	シーズンシート	1.0	0.969
20250831	新潟	4	◎	5	ラッキーロジータ	1.0	0.917
20250831	新潟	4	○	4	オリオアルセーリオ	1.0	0.917
20250831	新潟	4	▲	13	ピコラ	0.67	0.917
20250831	新潟	4	☆	9	マイネルボス	1.0	0.917
20250831	新潟	7	◎	2	ガトリンテソーロ	1.0	0.972
20250831	新潟	7	○	13	ガンバレベアー	1.0	0.972
20250831	新潟	7	▲	10	ヨタロー	1.0	0.972
20250831	新潟	7	☆	14	アンティジャミーラ	0.89	0.972
20250831	新潟	8	◎	3	ウインリュクス	1.0	1.0
20250831	新潟	8	○	5	ベストミーエヴァー	1.0	1.0
20250831	新潟	8	▲	6	ロンドボス	1.0	1.0
20250831	新潟	8	☆	7	マカナ	1.0	1.0
20250831	新潟	9	◎	6	ビップチェイス	1.0	0.905
20250831	新潟	9	○	2	トリプルコーク	0.86	0.905
20250831	新潟	9	▲	3	キャピタルリッチ	0.88	0.905
20250831	新潟	9	☆	5	サトノパトリオット	0.89	0.905
20250831	新潟	10	◎	2	ゴッドエスパーダ	0.75	0.921
20250831	新潟	10	○	5	ヴァナルガンド	1.0	0.921
20250831	新潟	10	▲	8	シュラザック	1.0	0.921
20250831	新潟	10	☆	7	ヒデノレインボー	0.93	0.921
20250831	新潟	11	◎	16	ヴェローチェエラ	1.0	0.972
20250831	新潟	11	○	6	クイーンズウォーク	1.0	0.972
20250831	新潟	11	▲	12	シランケド	1.0	0.972
20250831	新潟	11	☆	9	ディープモンスター	0.89	0.972
20250831	新潟	12	◎	2	ソルレース	1.0	0.938
20250831	新潟	12	○	7	イコサン	0.75	0.938
20250831	新潟	12	▲	8	ベイビーキッス	1.0	0.938
20250831	新潟	12	☆	10	ヴェナートル	1.0	0.938
20250831	札幌	1	◎	4	グリーンスリーヴス	0.89	0.941
20250831	札幌	1	○	10	ファニーバニー	1.0	0.941
20250831	札幌	1	▲	7	ウーマンズパワー	0.88	0.941
20250831	札幌	1	☆	6	ジュディーイメル	1.0	0.941
20250831	札幌	2	◎	12	ゴールドサニーデイ	0.89	0.909
20250831	札幌	2	○	9	スマートイザナミ	1.0	0.909
20250831	札幌	2	▲	14	カスバートテソーロ	0.89	0.909
20250831	札幌	2	☆	13	ペイシャキセキ	0.86	0.909
20250831	札幌	3	◎	11	エレレラナキラ	1.0	0.972
20250831	札幌	3	○	3	ステラノヴァ	1.0	0.972
20250831	札幌	3	▲	9	バーミーズルビー	1.0	0.972
20250831	札幌	3	☆	12	ブラックエンパイア	0.89	0.972
20250831	札幌	4	◎	3	テンミラージュ	0.86	0.964
20250831	札幌	4	○	1	アロマフェリス	1.0	0.964
20250831	札幌	4	▲	10	オフザチェイン	1.0	0.964
20250831	札幌	4	☆	12	マンゲタック	1.0	0.964
20250831	札幌	6	◎	13	エルフェニックス	1.0	1.0
20250831	札幌	6	○	8	サトミノエンジェル	1.0	1.0
20250831	札幌	6	▲	7	メイショウゲキハ	1.0	1.0
20250831	札幌	6	☆	14	エスタア	1.0	1.0
20250831	札幌	7	◎	10	モアリジット	1.0	0.969
20250831	札幌	7	○	5	マイネルフーガ	1.0	0.969
20250831	札幌	7	▲	2	ダノンミッション	0.88	0.969
20250831	札幌	7	☆	7	マイネルモメンタム	1.0	0.969
20250831	札幌	8	◎	11	タイヨウフレア	1.0	0.9
20250831	札幌	8	○	8	サウンドルーチェ	1.0	0.9
20250831	札幌	8	▲	1	コンティオ	0.8	0.9
20250831	札幌	8	☆	12	カポレイラ	0.8	0.9
20250831	札幌	9	◎	3	シャインバオバブ	1.0	0.937
20250831	札幌	9	○	11	ロットブラータ	0.86	0.937
20250831	札幌	9	▲	8	アルディスティーノ	0.89	0.937
20250831	札幌	9	☆	10	ニヴルヘイム	1.0	0.937
20250831	札幌	10	◎	8	アスクドリームモア	1.0	0.964
20250831	札幌	10	○	3	ベビーズブレス	0.86	0.964
20250831	札幌	10	▲	15	ロードマイライフ	1.0	0.964
20250831	札幌	10	☆	11	コーティアスマナー	1.0	0.964
20250831	札幌	11	◎	11	カヨウネンカ	1.0	0.917
20250831	札幌	11	○	10	フォルテム	1.0	0.917
20250831	札幌	11	▲	3	ウインレイアー	1.0	0.917
20250831	札幌	11	☆	7	ラファドゥラ	0.67	0.917
20250831	札幌	12	◎	7	ザハント	1.0	1.0
20250831	札幌	12	○	12	ブレイジングスター	1.0	1.0
20250831	札幌	12	▲	11	アイオリア	1.0	1.0
20250831	札幌	12	☆	8	デルマムーン	1.0	1.0
20250906	中山	2	◎	11	アロハオエ	1.0	0.885
20250906	中山	2	○	3	ラプランセス	0.83	0.885
20250906	中山	2	▲	8	ロイヤルスパイア	0.88	0.885
20250906	中山	2	☆	7	ニシノカルラ	0.83	0.885
20250906	中山	3	◎	7	イントゥゴールデン	0.89	0.901
20250906	中山	3	○	1	ニャンタロウ	1.0	0.901
20250906	中山	3	▲	6	アドフランマム	0.71	0.901
20250906	中山	3	☆	8	ミスターエヌ	1.0	0.901
20250906	中山	4	◎	1	ベールドインパクト	0.89	0.972
20250906	中山	4	○	9	クラウンアールシー	1.0	0.972
20250906	中山	4	▲	6	マキャベリー	1.0	0.972
20250906	中山	4	☆	13	ルリモンハナバチ	1.0	0.972
20250906	中山	7	◎	3	ミッドセンチュリー	1.0	1.0
20250906	中山	7	○	8	アルガムベイ	1.0	1.0
20250906	中山	7	▲	6	マイネルラファール	1.0	1.0
20250906	中山	7	☆	4	サマーツアー	1.0	1.0
20250906	中山	8	◎	6	ツインクルステージ	1.0	0.964
20250906	中山	8	○	2	フィールオーサム	1.0	0.964
20250906	中山	8	▲	4	ロフティーイデアル	1.0	0.964
20250906	中山	8	☆	5	ディペンダブル	0.86	0.964
20250906	中山	9	◎	9	イージーブリージー	0.89	0.937
20250906	中山	9	○	8	プリムツァール	0.86	0.937
20250906	中山	9	▲	6	シャドウメテオ	1.0	0.937
20250906	中山	9	☆	2	ゴーゴータカシ	1.0	0.937
20250906	中山	10	◎	5	ラレーヌデリス	1.0	1.0
20250906	中山	10	○	1	フナデ	1.0	1.0
20250906	中山	10	▲	7	ラブリージャブリー	1.0	1.0
20250906	中山	10	☆	8	パンジャ	1.0	1.0
20250906	中山	11	◎	10	カラマティアノス	1.0	0.929
20250906	中山	11	○	11	エリカエクスプレス	1.0	0.929
20250906	中山	11	▲	7	コントラポスト	0.86	0.929
20250906	中山	11	☆	4	ダイシンヤマト	0.86	0.929
20250906	中山	12	◎	1	ショウナンハクウン	1.0	0.958
20250906	中山	12	○	8	スリーピース	0.83	0.958
20250906	中山	12	▲	14	ドナカルナバル	1.0	0.958
20250906	中山	12	☆	15	サヨノジャンボリー	1.0	0.958
20250906	札幌	1	◎	7	ホーリーデイ	1.0	0.938
20250906	札幌	1	○	5	リピース	0.75	0.938
20250906	札幌	1	▲	6	ジェネチェン	1.0	0.938
20250906	札幌	1	☆	2	ステイフリー	1.0	0.938
20250906	札幌	2	◎	5	シンギュラーレディ	1.0	0.933
20250906	札幌	2	○	11	ラスベガスサイン	0.88	0.933
20250906	札幌	2	▲	8	ヒッグスボソン	0.86	0.933
20250906	札幌	2	☆	10	ワイズギャング	1.0	0.933
20250906	札幌	3	◎	10	ブラックエンパイア	0.89	0.944
20250906	札幌	3	○	11	セイルロケット	1.0	0.944
20250906	札幌	3	▲	7	シンフォニーシーズ	0.89	0.944
20250906	札幌	3	☆	6	テーオーテバルディ	1.0	0.944
20250906	札幌	4	◎	13	シャインフリーリー	1.0	0.917
20250906	札幌	4	○	10	アロマフェリス	1.0	0.917
20250906	札幌	4	▲	1	ヤマニンヒストリア	0.78	0.917
20250906	札幌	4	☆	7	ソレエスピアージャ	0.89	0.917
20250906	札幌	6	◎	7	タイキインドラ	1.0	1.0
20250906	札幌	6	○	14	ビービーバザーク	1.0	1.0
20250906	札幌	6	▲	10	アースグレーザー	1.0	1.0
20250906	札幌	6	☆	1	ライラックデューン	1.0	1.0
20250906	札幌	7	◎	5	テイクイットオール	1.0	1.0
20250906	札幌	7	○	6	ユーティジャーニー	1.0	1.0
20250906	札幌	7	▲	8	エメラヴィ	1.0	1.0
20250906	札幌	7	☆	1	クリールスル	1.0	1.0
20250906	札幌	8	◎	12	ウィンターサン	1.0	1.0
20250906	札幌	8	○	14	ユウェンタース	1.0	1.0
20250906	札幌	8	▲	8	ヒットミー	1.0	1.0
20250906	札幌	8	☆	4	カンバーランド	1.0	1.0
20250906	札幌	9	◎	3	ヤコブセン	0.8	0.843
20250906	札幌	9	○	7	ヨヒーン	0.57	0.843
20250906	札幌	9	▲	4	エンジェルマーク	1.0	0.843
20250906	札幌	9	☆	6	ウイントレメンデス	1.0	0.843
20250906	札幌	10	◎	7	ムチャスグラシアス	1.0	0.987
20250906	札幌	10	○	2	ハリウッドメモリー	0.95	0.987
20250906	札幌	10	▲	8	モジャーリオ	1.0	0.987
20250906	札幌	10	☆	15	ベビーズブレス	1.0	0.987
20250906	札幌	11	◎	2	ジャスティンシカゴ	1.0	0.902
20250906	札幌	11	○	4	ショウナンガルフ	1.0	0.902
20250906	札幌	11	▲	8	ロスパレドネス	0.86	0.902
20250906	札幌	11	☆	3	ポペット	0.75	0.902
20250906	札幌	12	◎	7	ハミルトン	1.0	1.0
20250906	札幌	12	○	2	ベイラム	1.0	1.0
20250906	札幌	12	▲	8	ローズマイスター	1.0	1.0
20250906	札幌	12	☆	6	マナエトレ	1.0	1.0
20250906	阪神	1	◎	6	ミヤムーブメント	1.0	0.919
20250906	阪神	1	○	2	オラヴィンリンナ	0.88	0.919
20250906	阪神	1	▲	5	ハードシングス	1.0	0.919
20250906	阪神	1	☆	7	エブリデイ	0.8	0.919
20250906	阪神	2	◎	4	アンリミテッド	1.0	0.932
20250906	阪神	2	○	5	バドリナート	0.73	0.932
20250906	阪神	2	▲	1	メイショウナルカミ	1.0	0.932
20250906	阪神	2	☆	3	ゴールデンブラッド	1.0	0.932
20250906	阪神	3	◎	5	クリノクーチャン	1.0	0.972
20250906	阪神	3	○	10	ケイアイワイラーパ	0.89	0.972
20250906	阪神	3	▲	1	ラテライト	1.0	0.972
20250906	阪神	3	☆	13	モズプリヴェール	1.0	0.972
20250906	阪神	4	◎	13	キーブリーゼ	1.0	0.893
20250906	阪神	4	○	16	ブルーブレイブ	0.57	0.893
20250906	阪神	4	▲	15	ヴェルニッツ	1.0	0.893
20250906	阪神	4	☆	14	ジーティームッシュ	1.0	0.893
20250906	阪神	7	◎	4	リアルフォルゴーレ	1.0	1.0
20250906	阪神	7	○	11	ジョワイユノエル	1.0	1.0
20250906	阪神	7	▲	6	スライビングロード	1.0	1.0
20250906	阪神	7	☆	8	ダイシンビヨンド	1.0	1.0
20250906	阪神	8	◎	9	プロスペクト	1.0	1.0
20250906	阪神	8	○	6	ファームツエンティ	1.0	1.0
20250906	阪神	8	▲	1	ヴォワラクテ	1.0	1.0
20250906	阪神	8	☆	4	マドモアゼルアスク	1.0	1.0
20250906	阪神	9	◎	4	ボックスオフィス	1.0	0.964
20250906	阪神	9	○	3	トリポリタニア	0.86	0.964
20250906	阪神	9	▲	7	マルカブリッツ	1.0	0.964
20250906	阪神	9	☆	8	バッケンレコード	1.0	0.964
20250906	阪神	10	◎	3	スズカダブル	1.0	1.0
20250906	阪神	10	○	11	テーオーダグラス	1.0	1.0
20250906	阪神	10	▲	9	ガルダイア	1.0	1.0
20250906	阪神	10	☆	6	ミナデオロ	1.0	1.0
20250906	阪神	11	◎	13	フルム	1.0	0.933
20250906	阪神	11	○	14	インユアパレス	0.86	0.933
20250906	阪神	11	▲	2	コンティノアール	0.88	0.933
20250906	阪神	11	☆	1	サフランヒーロー	1.0	0.933
20250906	阪神	12	◎	2	シルフズミスチーフ	1.0	0.964
20250906	阪神	12	○	7	レーティッシュ	0.86	0.964
20250906	阪神	12	▲	3	サディーク	1.0	0.964
20250906	阪神	12	☆	13	タイセイブロウ	1.0	0.964
20250907	中山	2	◎	8	リケアキャンディ	1.0	0.95
20250907	中山	2	○	11	キアラメンテ	1.0	0.95
20250907	中山	2	▲	9	スタンピー	0.8	0.95
20250907	中山	2	☆	3	タイキブライトン	1.0	0.95
20250907	中山	3	◎	6	リスペクトライト	1.0	0.972
20250907	中山	3	○	13	ドンエレクトス	1.0	0.972
20250907	中山	3	▲	10	フィールドアピール	0.89	0.972
20250907	中山	3	☆	5	ルージュノヴァ	1.0	0.972
20250907	中山	4	◎	2	ハロングロットル	1.0	1.0
20250907	中山	4	○	4	ジャストマイウェイ	1.0	1.0
20250907	中山	4	▲	6	マイネルマスター	1.0	1.0
20250907	中山	4	☆	9	アイドクレース	1.0	1.0
20250907	中山	7	◎	11	ハーレムシャフル	0.88	0.941
20250907	中山	7	○	16	キタノライブリー	1.0	0.941
20250907	中山	7	▲	9	タッカーバリアント	0.89	0.941
20250907	中山	7	☆	13	ベルレオーネ	1.0	0.941
20250907	中山	8	◎	15	トルズイーガー	0.86	0.879
20250907	中山	8	○	11	ヘリオトロープ	0.86	0.879
20250907	中山	8	▲	14	ロンパイア	0.8	0.879
20250907	中山	8	☆	5	ナムラジミー	1.0	0.879
20250907	中山	9	◎	13	ランタナヒルズ	1.0	0.969
20250907	中山	9	○	4	タッカージーティー	1.0	0.969
20250907	中山	9	▲	15	モンドプリューム	0.88	0.969
20250907	中山	9	☆	8	マイネルディレクト	1.0	0.969
20250907	中山	10	◎	13	グレタ	1.0	0.983
20250907	中山	10	○	2	マックアルイーン	1.0	0.983
20250907	中山	10	▲	6	ルージュラナキラ	0.93	0.983
20250907	中山	10	☆	4	ロードトレイル	1.0	0.983
20250907	中山	11	◎	10	マイスターヴェルク	1.0	1.0
20250907	中山	11	○	1	リンクスティップ	1.0	1.0
20250907	中山	11	▲	5	ジョスラン	1.0	1.0
20250907	中山	11	☆	3	セイキュート	1.0	1.0
20250907	中山	12	◎	15	ハッピーパンニャ	0.75	0.938
20250907	中山	12	○	5	ロジカルワーズ	1.0	0.938
20250907	中山	12	▲	12	ユキノエミリオ	1.0	0.938
20250907	中山	12	☆	11	フォルトレス	1.0	0.938
20250907	札幌	1	◎	2	ショウサンカナヲ	1.0	1.0
20250907	札幌	1	○	7	グロリアスマーチ	1.0	1.0
20250907	札幌	1	▲	3	コルテオソレイユ	1.0	1.0
20250907	札幌	1	☆	6	サザンテイオー	1.0	1.0
20250907	札幌	2	◎	8	ウンボイクザーム	1.0	0.964
20250907	札幌	2	○	5	サントルドパリ	0.86	0.964
20250907	札幌	2	▲	4	アッカン	1.0	0.964
20250907	札幌	2	☆	1	ハイライトニング	1.0	0.964
20250907	札幌	3	◎	5	ピンクパラダイス	0.75	0.874
20250907	札幌	3	○	10	カスバートテソーロ	0.89	0.874
20250907	札幌	3	▲	2	アンタンシオン	0.86	0.874
20250907	札幌	3	☆	8	ハイラブソング	1.0	0.874
20250907	札幌	4	◎	12	ベルヴィヴァン	1.0	0.942
20250907	札幌	4	○	3	セガンティーニ	1.0	0.942
20250907	札幌	4	▲	11	シャオシンユン	0.77	0.942
20250907	札幌	4	☆	2	アイスヴィレッジ	1.0	0.942
20250907	札幌	5	◎	12	ハルフロンティア	1.0	1.0
20250907	札幌	5	○	13	ホウオウサムレット	1.0	1.0
20250907	札幌	5	▲	5	エンジョイドライブ	1.0	1.0
20250907	札幌	5	☆	2	ジーティーファラオ	1.0	1.0
20250907	札幌	6	◎	2	シャインミラカナ	1.0	1.0
20250907	札幌	6	○	4	ハヤテノツバサ	1.0	1.0
20250907	札幌	6	▲	8	サードウインド	1.0	1.0
20250907	札幌	6	☆	12	ナンヨークリスタル	1.0	1.0
20250907	札幌	7	◎	12	マルカシャルマン	1.0	0.964
20250907	札幌	7	○	6	ダイヤモンドレイン	1.0	0.964
20250907	札幌	7	▲	13	ニシノエピカリ	0.86	0.964
20250907	札幌	7	☆	11	トゥルブレンツ	1.0	0.964
20250907	札幌	8	◎	8	ジーティーエンジン	1.0	0.931
20250907	札幌	8	○	15	ブルーアイドガール	1.0	0.931
20250907	札幌	8	▲	1	ルブリアン	0.8	0.931
20250907	札幌	8	☆	7	オーケーダイナ	0.92	0.931
20250907	札幌	9	◎	11	トゥルブレンシア	0.88	0.969
20250907	札幌	9	○	13	チュウワクリスエス	1.0	0.969
20250907	札幌	9	▲	10	エンプレスフレーム	1.0	0.969
20250907	札幌	9	☆	1	アイウィル	1.0	0.969
20250907	札幌	10	◎	14	バルティカ	0.8	0.95
20250907	札幌	10	○	4	ルクスジニア	1.0	0.95
20250907	札幌	10	▲	8	ウインアクトゥール	1.0	0.95
20250907	札幌	10	☆	13	トレミニョン	1.0	0.95
20250907	札幌	11	◎	10	エンドウノハナ	1.0	0.972
20250907	札幌	11	○	6	ゴールデンスナップ	1.0	0.972
20250907	札幌	11	▲	9	ランスオブクイーン	0.89	0.972
20250907	札幌	11	☆	7	ミステリーウェイ	1.0	0.972
20250907	札幌	12	◎	6	ザングウィル	1.0	1.0
20250907	札幌	12	○	5	スマートカイロス	1.0	1.0
20250907	札幌	12	▲	13	ジョードリウム	1.0	1.0
20250907	札幌	12	☆	8	ハイケンス	1.0	1.0
20250907	阪神	1	◎	2	ナウオアネヴァー	1.0	0.964
20250907	阪神	1	○	1	リヒトミューレ	0.86	0.964
20250907	阪神	1	▲	6	ロードファイター	1.0	0.964
20250907	阪神	1	☆	4	グランワールド	1.0	0.964
20250907	阪神	2	◎	1	フトゥーロスフィダ	0.89	0.972
20250907	阪神	2	○	7	シックスリングス	1.0	0.972
20250907	阪神	2	▲	3	カクウチ	1.0	0.972
20250907	阪神	2	☆	6	ユイノナナフシギ	1.0	0.972
20250907	阪神	3	◎	8	アラクシュミー	1.0	0.958
20250907	阪神	3	○	7	バイルシュタイン	1.0	0.958
20250907	阪神	3	▲	6	ダノンプリマ	0.83	0.958
20250907	阪神	3	☆	11	モンサンヴデット	1.0	0.958
20250907	阪神	4	◎	3	マットーネロッソ	1.0	0.972
20250907	阪神	4	○	10	アスクコモンタレヴ	1.0	0.972
20250907	阪神	4	▲	14	パイオニアスクエア	0.89	0.972
20250907	阪神	4	☆	8	キーチファイター	1.0	0.972
20250907	阪神	6	◎	15	フルドド	1.0	1.0
20250907	阪神	6	○	5	ロンシャンクイーン	1.0	1.0
20250907	阪神	6	▲	13	ミルミナーヴァ	1.0	1.0
20250907	阪神	6	☆	1	カネトシフラム	1.0	1.0
20250907	阪神	7	◎	3	ディニテ	1.0	1.0
20250907	阪神	7	○	2	エイユーファイヤー	1.0	1.0
20250907	阪神	7	▲	5	ストーンズ	1.0	1.0
20250907	阪神	7	☆	7	マテンロウノカゼ	1.0	1.0
20250907	阪神	8	◎	1	レッドベルアーム	1.0	1.0
20250907	阪神	8	○	3	インヴォーグ	1.0	1.0
20250907	阪神	8	▲	4	ナイトスラッガー	1.0	1.0
20250907	阪神	9	◎	11	アートフォーム	1.0	0.969
20250907	阪神	9	○	10	ジーティーエスピ	0.88	0.969
20250907	阪神	9	▲	7	ブラックケリー	1.0	0.969
20250907	阪神	9	☆	8	ディーエストッキー	1.0	0.969
20250907	阪神	10	◎	4	ローズバルサム	1.0	1.0
20250907	阪神	10	○	5	テーオーエルビス	1.0	1.0
20250907	阪神	10	▲	2	ストレングス	1.0	1.0
20250907	阪神	10	☆	3	タマモダイジョッキ	1.0	1.0
20250907	阪神	11	◎	7	カンチェンジュンガ	1.0	0.964
20250907	阪神	11	○	3	ママコチャ	1.0	0.964
20250907	阪神	11	▲	14	トウシンマカオ	1.0	0.964
20250907	阪神	11	☆	13	カルチャーデイ	0.86	0.964
20250907	阪神	12	◎	3	ジャスパーバローズ	1.0	0.833
20250907	阪神	12	○	5	ワーズワース	0.5	0.833
20250907	阪神	12	☆	2	トリリオンボーイ	1.0	0.833
20250913	中山	1	◎	9	ニシノグラシアス	1.0	0.963
20250913	中山	1	○	2	パレスノハレブタイ	0.89	0.963
20250913	中山	1	☆	6	フライスカイハイ	1.0	0.963
20250913	中山	2	◎	4	シシリアンフラッグ	1.0	1.0
20250913	中山	2	○	7	シャインフォーミー	1.0	1.0
20250913	中山	2	☆	10	ニシノシャルム	1.0	1.0
20250913	中山	3	◎	4	ダンケルド	1.0	0.944
20250913	中山	3	○	9	ガンバレベアー	1.0	0.944
20250913	中山	3	☆	15	ピコグリーン	0.83	0.944
20250913	中山	7	◎	16	メイショウニトベ	1.0	1.0
20250913	中山	7	○	10	アドマイヤコーク	1.0	1.0
20250913	中山	7	☆	8	エリュテイア	1.0	1.0
20250913	中山	8	◎	16	ルーフオブヘヴン	1.0	1.0
20250913	中山	8	○	13	サンタアニタ	1.0	1.0
20250913	中山	8	☆	6	ゲキザル	1.0	1.0
20250913	中山	9	◎	3	フォーワンセルフ	1.0	1.0
20250913	中山	9	○	8	タナサンブラック	1.0	1.0
20250913	中山	9	☆	7	ロードブレイズ	1.0	1.0
20250913	中山	10	◎	3	アップストローク	1.0	1.0
20250913	中山	10	○	1	スターウェーブ	1.0	1.0
20250913	中山	10	☆	9	セレッソデアモール	1.0	1.0
20250913	中山	11	◎	10	グランフォーブル	1.0	1.0
20250913	中山	11	○	1	トーラスシャイン	1.0	1.0
20250913	中山	11	☆	3	ナムラローズマリー	1.0	1.0
20250913	中山	12	◎	10	ブルーメサイア	1.0	1.0
20250913	中山	12	○	5	ゲンジ	1.0	1.0
20250913	中山	12	☆	9	バーケンヘッド	1.0	1.0
20250913	阪神	1	◎	5	ガルディエンヌ	1.0	1.0
20250913	阪神	1	○	3	ノースミソロジー	1.0	1.0
20250913	阪神	1	☆	8	ブラッドムーン	1.0	1.0
20250913	阪神	2	◎	3	ナムラライラック	1.0	1.0
20250913	阪神	2	○	8	イダテンシャチョウ	1.0	1.0
20250913	阪神	2	☆	5	ミスジェイド	1.0	1.0
20250913	阪神	3	◎	1	マクローリン	1.0	0.952
20250913	阪神	3	○	2	ギャラボーグ	1.0	0.952
20250913	阪神	3	☆	4	ピエナブラック	0.86	0.952
20250913	阪神	4	◎	12	エールラヴィクトワ	1.0	1.0
20250913	阪神	4	○	14	スピントロニクス	1.0	1.0
20250913	阪神	4	☆	8	メイショウヨリキリ	1.0	1.0
20250913	阪神	7	◎	6	ジュンライトニング	1.0	1.0
20250913	阪神	7	○	7	アズユーライク	1.0	1.0
20250913	阪神	7	☆	11	ジュヌフィーユ	1.0	1.0
20250913	阪神	8	◎	3	コーチェラバレー	1.0	1.0
20250913	阪神	8	○	2	エリーナストーム	1.0	1.0
20250913	阪神	8	☆	6	テイクザクラウン	1.0	1.0
20250913	阪神	9	◎	14	ビーグラッド	1.0	1.0
20250913	阪神	9	○	9	ブルクトーア	1.0	1.0
20250913	阪神	9	☆	11	ワイルデンウーリー	1.0	1.0
20250913	阪神	10	◎	2	ラヴオントップ	1.0	1.0
20250913	阪神	10	○	4	タガノマカシヤ	1.0	1.0
20250913	阪神	10	☆	7	キングブルー	1.0	1.0
20250913	阪神	11	◎	6	エアファンディタ	1.0	1.0
20250913	阪神	11	○	11	オールナット	1.0	1.0
20250913	阪神	11	☆	9	ジューンテイク	1.0	1.0
20250913	阪神	12	◎	2	ヴェーヌドール	1.0	1.0
20250913	阪神	12	○	3	メイショウヤシマ	1.0	1.0
20250913	阪神	12	☆	1	リリーアロー	1.0	1.0
20250914	中山	2	◎	14	カシノリアーナ	1.0	1.0
20250914	中山	2	○	11	ロンドンオービタル	1.0	1.0
20250914	中山	2	▲	8	フクチャンショウ	1.0	1.0
20250914	中山	2	☆	15	トラスコンガーデン	1.0	1.0
20250914	中山	3	◎	6	リケアリングイネ	1.0	0.95
20250914	中山	3	○	8	クイーンレグナント	1.0	0.95
20250914	中山	3	▲	14	セイウンマナウス	1.0	0.95
20250914	中山	3	☆	2	ラブソング	0.8	0.95
20250914	中山	4	◎	4	パワポケウォーズ	0.88	0.969
20250914	中山	4	○	11	サマーマッドネス	1.0	0.969
20250914	中山	4	▲	9	エルアン	1.0	0.969
20250914	中山	4	☆	5	ヤマタケボニータ	1.0	0.969
20250914	中山	6	◎	7	ドラゴンバスター	1.0	1.0
20250914	中山	6	○	3	ギャランドゥ	1.0	1.0
20250914	中山	6	▲	8	ステイアンビシャス	1.0	1.0
20250914	中山	6	☆	1	ブレゲアン	1.0	1.0
20250914	中山	7	◎	17	テンミラージュ	0.86	0.929
20250914	中山	7	○	1	ストレートブラック	1.0	0.929
20250914	中山	7	▲	14	マイネルアウルム	1.0	0.929
20250914	中山	7	☆	15	グラツィオーソ	0.86	0.929
20250914	中山	8	◎	13	ジャクソン	1.0	0.958
20250914	中山	8	○	12	シャドウキャッスル	1.0	0.958
20250914	中山	8	▲	11	カンレイスキー	1.0	0.958
20250914	中山	8	☆	9	ハルノアラシ	0.83	0.958
20250914	中山	9	◎	6	ネーヴェフレスカ	1.0	0.95
20250914	中山	9	○	7	スマートミストラル	1.0	0.95
20250914	中山	9	▲	2	ガルサブランカ	0.92	0.95
20250914	中山	9	☆	4	メイショウヨゾラ	0.88	0.95
20250914	中山	10	◎	5	モズマーヴェリック	1.0	0.964
20250914	中山	10	○	9	ホウオウムサシ	0.86	0.964
20250914	中山	10	▲	13	アスクナイスショー	1.0	0.964
20250914	中山	10	☆	3	ホークフィールド	1.0	0.964
20250914	中山	11	◎	2	ジャスパーゴールド	0.89	0.972
20250914	中山	11	○	16	ブシン	1.0	0.972
20250914	中山	11	▲	15	ロードフォアエース	1.0	0.972
20250914	中山	11	☆	8	エティエンヌ	1.0	0.972
20250914	中山	12	◎	13	チョングク	1.0	0.972
20250914	中山	12	○	12	モティスフォント	1.0	0.972
20250914	中山	12	▲	5	アセンブリールーム	0.89	0.972
20250914	中山	12	☆	10	アサクサヴィーナス	1.0	0.972
20250914	阪神	1	◎	5	アメジストブルー	0.88	0.938
20250914	阪神	1	○	13	ビタールート	1.0	0.938
20250914	阪神	1	▲	10	ラブルラウザー	1.0	0.938
20250914	阪神	1	☆	4	アンジュプロミス	0.88	0.938
20250914	阪神	2	◎	6	ルビーエクリプス	0.88	0.969
20250914	阪神	2	○	10	フォーゲル	1.0	0.969
20250914	阪神	2	▲	5	ダイヤモンドノット	1.0	0.969
20250914	阪神	2	☆	3	ナムラヒナギク	1.0	0.969
20250914	阪神	3	◎	9	メイショウヨンク	1.0	1.0
20250914	阪神	3	○	10	フランキーバローズ	1.0	1.0
20250914	阪神	3	▲	14	アルデフォックス	1.0	1.0
20250914	阪神	3	☆	13	モズシューター	1.0	1.0
20250914	阪神	4	◎	4	テーオーテバルディ	1.0	1.0
20250914	阪神	4	○	14	ステラノヴァ	1.0	1.0
20250914	阪神	4	▲	6	オオデンタ	1.0	1.0
20250914	阪神	4	☆	16	トップレディー	1.0	1.0
20250914	阪神	7	◎	13	ジーティードレス	1.0	0.887
20250914	阪神	7	○	14	マディソンガール	0.88	0.887
20250914	阪神	7	▲	1	ロンドボス	0.8	0.887
20250914	阪神	7	☆	7	パシフィックハイ	0.88	0.887
20250914	阪神	8	◎	13	ジーティーララバイ	1.0	0.969
20250914	阪神	8	○	2	シャンパンポップ	0.88	0.969
20250914	阪神	8	▲	8	レッドボブ	1.0	0.969
20250914	阪神	8	☆	5	ヤングアメリカンズ	1.0	0.969
20250914	阪神	9	◎	3	パーサヴィアランス	0.78	0.909
20250914	阪神	9	○	5	エコロディノス	1.0	0.909
20250914	阪神	9	▲	4	ヤマニンループ	0.86	0.909
20250914	阪神	9	☆	8	カリーニョ	1.0	0.909
20250914	阪神	10	◎	6	サクセスアイ	1.0	1.0
20250914	阪神	10	○	1	ハワイアンティアレ	1.0	1.0
20250914	阪神	10	▲	8	ラヴァンダ	1.0	1.0
20250914	阪神	10	☆	10	マイネルチケット	1.0	1.0
20250914	阪神	11	◎	6	ヴーレヴー	0.8	0.879
20250914	阪神	11	○	11	カムニャック	1.0	0.879
20250914	阪神	11	▲	7	ミッキージュエリー	1.0	0.879
20250914	阪神	11	☆	5	パラディレーヌ	0.71	0.879
20250914	阪神	12	◎	3	ロードヴァルカン	1.0	0.931
20250914	阪神	12	○	16	ゼットエール	0.83	0.931
20250914	阪神	12	▲	5	キョラムン	1.0	0.931
20250914	阪神	12	☆	4	メイショウホウセン	0.89	0.931
20250915	中山	1	◎	8	ジェム	1.0	0.969
20250915	中山	1	○	9	タイセイガナール	1.0	0.969
20250915	中山	1	▲	12	ドリームガッサン	0.88	0.969
20250915	中山	1	☆	1	エルドラド	1.0	0.969
20250915	中山	2	◎	1	オーキッドワン	1.0	0.95
20250915	中山	2	○	3	ユメシルベ	0.8	0.95
20250915	中山	2	▲	4	ムーングレイル	1.0	0.95
20250915	中山	2	☆	5	ブルージェネシス	1.0	0.95
20250915	中山	3	◎	11	カフェヘニーハイ	1.0	1.0
20250915	中山	3	○	16	ジュンビクトワール	1.0	1.0
20250915	中山	3	▲	9	ディーズゴールド	1.0	1.0
20250915	中山	3	☆	3	アイアンオバーカム	1.0	1.0
20250915	中山	4	◎	6	チリーゴールド	1.0	0.887
20250915	中山	4	○	13	オルグジェシダ	0.71	0.887
20250915	中山	4	▲	12	バレドラパン	0.83	0.887
20250915	中山	4	☆	9	リケアキャンディ	1.0	0.887
20250915	中山	7	◎	9	シルバーニース	1.0	1.0
20250915	中山	7	○	4	フィザルモニカ	1.0	1.0
20250915	中山	7	▲	7	ハッピーウィズユー	1.0	1.0
20250915	中山	7	☆	16	ベルチュガダン	1.0	1.0
20250915	中山	8	◎	8	ゲンキイッパイ	0.86	0.937
20250915	中山	8	○	3	エデルクローネ	1.0	0.937
20250915	中山	8	▲	7	クラッチプレイヤー	0.89	0.937
20250915	中山	8	☆	2	アークレアル	1.0	0.937
20250915	中山	9	◎	4	コスモオピニオン	0.88	0.941
20250915	中山	9	○	3	リアライズカミオン	1.0	0.941
20250915	中山	9	▲	10	ロッシニアーナ	1.0	0.941
20250915	中山	9	☆	8	アイファーグローブ	0.89	0.941
20250915	中山	10	◎	8	リリーブライト	0.86	0.905
20250915	中山	10	○	2	ヤマニンアドホック	0.89	0.905
20250915	中山	10	▲	6	ブルーマエストロ	0.88	0.905
20250915	中山	10	☆	7	テイデ	1.0	0.905
20250915	中山	11	◎	12	フィーリウス	1.0	0.917
20250915	中山	11	○	6	ミュージアムマイル	1.0	0.917
20250915	中山	11	▲	8	レッドバンデ	0.67	0.917
20250915	中山	11	☆	5	ヤマニンブークリエ	1.0	0.917
20250915	中山	12	◎	16	レインボーラッキー	1.0	0.941
20250915	中山	12	○	8	ワンダラー	1.0	0.941
20250915	中山	12	▲	6	グランプレジール	0.88	0.941
20250915	中山	12	☆	5	トゥインクルアップ	0.89	0.941
20250915	阪神	2	◎	7	キーテーマ	1.0	0.964
20250915	阪神	2	○	2	ウィズクィーン	0.86	0.964
20250915	阪神	2	▲	5	アンディムジーク	1.0	0.964
20250915	阪神	2	☆	8	マルモリキャスター	1.0	0.964
20250915	阪神	3	◎	3	サウンドラッシュ	1.0	1.0
20250915	阪神	3	○	5	シーズザスローン	1.0	1.0
20250915	阪神	3	▲	4	マイネルホウセン	1.0	1.0
20250915	阪神	3	☆	1	コロナドブリッジ	1.0	1.0
20250915	阪神	4	◎	3	ミッキータンバリン	0.78	0.909
20250915	阪神	4	○	9	アメリカンバー	1.0	0.909
20250915	阪神	4	▲	11	エーデルワイス	0.86	0.909
20250915	阪神	4	☆	13	メイショウセオト	1.0	0.909
20250915	阪神	6	◎	5	ヴォイスオブゼウス	0.89	0.972
20250915	阪神	6	○	2	アスクコモンタレヴ	1.0	0.972
20250915	阪神	6	▲	16	キーチファイター	1.0	0.972
20250915	阪神	6	☆	12	マットーネロッソ	1.0	0.972
20250915	阪神	7	◎	10	ヨドギミ	1.0	0.917
20250915	阪神	7	○	9	マハナ	0.67	0.917
20250915	阪神	7	▲	7	マックスセレナーデ	1.0	0.917
20250915	阪神	7	☆	8	アイムアクイーン	1.0	0.917
20250915	阪神	8	◎	5	ツーエムクロノス	1.0	0.972
20250915	阪神	8	○	7	レッドフェルメール	0.89	0.972
20250915	阪神	8	▲	8	エバーグルーヴ	1.0	0.972
20250915	阪神	8	☆	2	アレンテージョ	1.0	0.972
20250915	阪神	9	◎	1	クロドラバール	1.0	0.933
20250915	阪神	9	○	13	ヤマニンシュラ	0.86	0.933
20250915	阪神	9	▲	8	フィドルファドル	1.0	0.933
20250915	阪神	9	☆	2	ズバットマサムネ	0.88	0.933
20250915	阪神	10	◎	4	マゴイチタ	1.0	0.917
20250915	阪神	10	○	9	インブロリオ	0.83	0.917
20250915	阪神	10	▲	8	ケーブパール	0.83	0.917
20250915	阪神	10	☆	2	トーアライデン	1.0	0.917
20250915	阪神	11	◎	13	スマートリアファル	1.0	0.922
20250915	阪神	11	○	14	ペンナヴェローチェ	0.89	0.922
20250915	阪神	11	▲	4	バスタードサフラン	1.0	0.922
20250915	阪神	11	☆	12	グラヴィス	0.8	0.922
20250915	阪神	12	◎	6	マルクパージュ	0.86	0.897
20250915	阪神	12	○	7	プリンセッサ	0.83	0.897
20250915	阪神	12	☆	10	ゼットスパンキー	1.0	0.897
20250920	中山	1	◎	11	グレースチャクラ	1.0	1.0
20250920	中山	1	○	1	ブルーミーティア	1.0	1.0
20250920	中山	1	▲	6	ウィングブルー	1.0	1.0
20250920	中山	1	☆	12	ドレドレ	1.0	1.0
20250920	中山	2	◎	8	ハデステソーロ	1.0	1.0
20250920	中山	2	○	14	カンティーナ	1.0	1.0
20250920	中山	2	▲	11	キンググローリー	1.0	1.0
20250920	中山	2	☆	13	ニシノマグノリア	1.0	1.0
20250920	中山	3	◎	9	シュヴァルム	1.0	1.0
20250920	中山	3	○	12	シルフレイ	1.0	1.0
20250920	中山	3	▲	3	ルージュベルベット	1.0	1.0
20250920	中山	3	☆	11	ニシノクードクール	1.0	1.0
20250920	中山	6	◎	2	クールシェルタ	1.0	0.893
20250920	中山	6	○	3	プレシャスデイ	0.71	0.893
20250920	中山	6	▲	7	マウントバーノン	1.0	0.893
20250920	中山	6	☆	5	ユイノレクター	0.86	0.893
20250920	中山	7	◎	14	ディバイングレース	1.0	1.0
20250920	中山	7	○	8	コスモイシュタル	1.0	1.0
20250920	中山	7	▲	15	ルトンワージ	1.0	1.0
20250920	中山	7	☆	11	マイネルモメンタム	1.0	1.0
20250920	中山	8	◎	4	ルイステソーロ	1.0	1.0
20250920	中山	8	○	6	アサクサグレース	1.0	1.0
20250920	中山	8	▲	14	アルデショワ	1.0	1.0
20250920	中山	8	☆	7	ノアスペシャル	1.0	1.0
20250920	中山	9	◎	4	ヤマメライズ	1.0	0.933
20250920	中山	9	○	10	ミスバレンシア	0.86	0.933
20250920	中山	9	▲	5	プリティーミズホ	0.88	0.933
20250920	中山	9	☆	12	ジュジュドール	1.0	0.933
20250920	中山	10	◎	6	ソワドリヨン	1.0	1.0
20250920	中山	10	○	1	マイユニバース	1.0	1.0
20250920	中山	10	▲	4	ミントマーク	1.0	1.0
20250920	中山	10	☆	9	バニシングポイント	1.0	1.0
20250920	中山	11	◎	8	キタノリューオー	1.0	0.931
20250920	中山	11	○	10	ハビレ	1.0	0.931
20250920	中山	11	▲	4	ジャスパーロブスト	0.89	0.931
20250920	中山	11	☆	3	カンピオーネ	0.83	0.931
20250920	中山	12	◎	7	メモリーグラス	1.0	1.0
20250920	中山	12	○	15	シュヴァルボヌール	1.0	1.0
20250920	中山	12	▲	5	メイデンタワー	1.0	1.0
20250920	中山	12	☆	4	タマモヴェナトル	1.0	1.0
20250920	阪神	1	◎	8	ナウオアネヴァー	1.0	1.0
20250920	阪神	1	○	2	カレイジャスビート	1.0	1.0
20250920	阪神	1	▲	1	エコロレーヴ	1.0	1.0
20250920	阪神	1	☆	3	レッドラージャ	1.0	1.0
20250920	阪神	2	◎	1	シャインヴィーラ	0.88	0.969
20250920	阪神	2	○	3	エチゴドラゴン	1.0	0.969
20250920	阪神	2	▲	5	ネッタイヤライ	1.0	0.969
20250920	阪神	2	☆	7	シンゼンイセ	1.0	0.969
20250920	阪神	6	◎	3	ゴールドダイアー	1.0	0.881
20250920	阪神	6	○	5	ギュルヴィ	1.0	0.881
20250920	阪神	6	▲	11	ナムラブーニン	0.86	0.881
20250920	阪神	6	☆	2	ココデイック	0.67	0.881
20250920	阪神	7	◎	6	ゴールドブレス	1.0	0.964
20250920	阪神	7	○	4	ロールザダイス	1.0	0.964
20250920	阪神	7	▲	16	アンジョルラス	0.86	0.964
20250920	阪神	7	☆	13	リアルフォルゴーレ	1.0	0.964
20250920	阪神	8	◎	1	ラエトゥス	0.8	0.914
20250920	阪神	8	○	6	スウィッチインラヴ	1.0	0.914
20250920	阪神	8	▲	3	アルスマグナ	1.0	0.914
20250920	阪神	8	☆	2	ブライトフレア	0.86	0.914
20250920	阪神	9	◎	3	タイセイレグノ	0.86	0.933
20250920	阪神	9	○	8	ハクサンアイリス	1.0	0.933
20250920	阪神	9	▲	9	メイケイレイン	1.0	0.933
20250920	阪神	9	☆	16	サンマルノヴェル	0.88	0.933
20250920	阪神	10	◎	4	ファミリーツリー	1.0	1.0
20250920	阪神	10	○	1	グローリーリンク	1.0	1.0
20250920	阪神	10	▲	5	ウィルサヴァイブ	1.0	1.0
20250920	阪神	10	☆	7	スターリングアップ	1.0	1.0
20250920	阪神	11	◎	8	セミマル	1.0	0.941
20250920	阪神	11	○	1	プロミシングスター	0.89	0.941
20250920	阪神	11	▲	9	フェルヴェンテ	1.0	0.941
20250920	阪神	11	☆	13	スターペスカオリ	0.88	0.941
20250920	阪神	12	◎	4	トゥルブレンシア	1.0	1.0
20250920	阪神	12	○	2	ゴッドエスパーダ	1.0	1.0
20250920	阪神	12	▲	15	タカサンフェイス	1.0	1.0
20250920	阪神	12	☆	12	リジン	1.0	1.0
20250921	中山	1	◎	15	レヴェランジェ	1.0	1.0
20250921	中山	1	○	11	コズミックボックス	1.0	1.0
20250921	中山	1	▲	5	ルーチェフィオーレ	1.0	1.0
20250921	中山	1	☆	7	ミスエベレスト	1.0	1.0
20250921	中山	2	◎	1	メイポール	0.8	0.9
20250921	中山	2	○	13	リバテイー	0.8	0.9
20250921	中山	2	▲	12	ケイベエ	1.0	0.9
20250921	中山	2	☆	6	エクスプレスナイト	1.0	0.9
20250921	中山	3	◎	2	リアライズリバティ	1.0	1.0
20250921	中山	3	○	3	パントルナイーフ	1.0	1.0
20250921	中山	3	▲	6	タイセイアストロ	1.0	1.0
20250921	中山	3	☆	7	ラシッド	1.0	1.0
20250921	中山	6	◎	11	ショウナンハクウン	1.0	1.0
20250921	中山	6	○	14	チャロ	1.0	1.0
20250921	中山	6	▲	13	ホウオウブースター	1.0	1.0
20250921	中山	6	☆	15	スーパーバイザー	1.0	1.0
20250921	中山	7	◎	1	コスモコンフェルマ	0.89	0.972
20250921	中山	7	○	16	リザードアイランド	1.0	0.972
20250921	中山	7	▲	10	メリークリスマス	1.0	0.972
20250921	中山	7	☆	8	カージオイド	1.0	0.972
20250921	中山	8	◎	5	ホウオウガイア	1.0	0.95
20250921	中山	8	○	13	タマカヅラ	0.8	0.95
20250921	中山	8	▲	10	セイウンデセオ	1.0	0.95
20250921	中山	8	☆	2	ダノンゴーイチ	1.0	0.95
20250921	中山	9	◎	6	カズミクラーシュ	1.0	1.0
20250921	中山	9	○	3	ヒシアマン	1.0	1.0
20250921	中山	9	▲	9	シルバーレイン	1.0	1.0
20250921	中山	9	☆	7	グレイトクラウン	1.0	1.0
20250921	中山	10	◎	14	プラウドヘリテージ	1.0	0.914
20250921	中山	10	○	12	ハギノサステナブル	1.0	0.914
20250921	中山	10	▲	15	イムホテプ	0.8	0.914
20250921	中山	10	☆	2	リバートゥルー	0.86	0.914
20250921	中山	11	◎	3	クロミナンス	1.0	1.0
20250921	中山	11	○	9	ドゥラドーレス	1.0	1.0
20250921	中山	11	▲	5	ホーエリート	1.0	1.0
20250921	中山	11	☆	2	リビアングラス	1.0	1.0
20250921	中山	12	◎	10	ウィンターダフネ	1.0	1.0
20250921	中山	12	○	2	イゾラフェリーチェ	1.0	1.0
20250921	中山	12	▲	1	サツキノジョウ	1.0	1.0
20250921	中山	12	☆	9	ラヴァブル	1.0	1.0
20250921	阪神	2	◎	6	パトローナス	0.83	0.908
20250921	阪神	2	○	4	ビッグヒーロー	1.0	0.908
20250921	阪神	2	▲	12	アルヴァンドルード	1.0	0.908
20250921	阪神	2	☆	2	パンサーズ	0.8	0.908
20250921	阪神	3	◎	5	ケイアイアマゾン	0.88	0.938
20250921	阪神	3	○	11	ワンダフルデイズ	0.88	0.938
20250921	阪神	3	▲	8	ヴィエントデコラ	1.0	0.938
20250921	阪神	3	☆	3	ブルースプレイヤー	1.0	0.938
20250921	阪神	4	◎	1	ハイラブレジェンド	1.0	0.969
20250921	阪神	4	○	11	キンダープンシュ	0.88	0.969
20250921	阪神	4	▲	8	モンサンゴールデン	1.0	0.969
20250921	阪神	4	☆	3	イルカンダ	1.0	0.969
20250921	阪神	7	◎	9	ワイドモヒート	0.86	0.964
20250921	阪神	7	○	2	ロケベンドラ	1.0	0.964
20250921	阪神	7	▲	3	ファームツエンティ	1.0	0.964
20250921	阪神	7	☆	12	レーヌマロン	1.0	0.964
20250921	阪神	8	◎	4	コンテナライン	1.0	1.0
20250921	阪神	8	○	1	ハギノコラソン	1.0	1.0
20250921	阪神	8	▲	5	ハイウェイスター	1.0	1.0
20250921	阪神	8	☆	9	フクキタテーラー	1.0	1.0
20250921	阪神	9	◎	4	ルソレイユ	0.8	0.908
20250921	阪神	9	○	8	アスティスプマンテ	1.0	0.908
20250921	阪神	9	▲	6	ドナウパール	0.83	0.908
20250921	阪神	9	☆	3	アスクドリームモア	1.0	0.908
20250921	阪神	10	◎	4	シャンデルナゴル	1.0	1.0
20250921	阪神	10	○	5	シャイニングソード	1.0	1.0
20250921	阪神	10	▲	9	ファミリータイム	1.0	1.0
20250921	阪神	10	☆	8	ウインルーティン	1.0	1.0
20250921	阪神	11	◎	8	パッションリッチ	1.0	0.9
20250921	阪神	11	○	10	エリキング	0.8	0.9
20250921	阪神	11	▲	5	ショウヘイ	1.0	0.9
20250921	阪神	11	☆	2	ジョバンニ	0.8	0.9
20250921	阪神	12	◎	3	アラナコア	1.0	1.0
20250921	阪神	12	○	15	ダノンフィーゴ	1.0	1.0
20250921	阪神	12	▲	12	アンズアメ	1.0	1.0
20250921	阪神	12	☆	11	レッドダンルース	1.0	1.0
20250927	中山	2	◎	10	サザンテイオー	1.0	0.927
20250927	中山	2	○	3	ロイヤルスパイア	0.88	0.927
20250927	中山	2	▲	16	シェリアドレ	0.83	0.927
20250927	中山	2	☆	9	ロミオ	1.0	0.927
20250927	中山	3	◎	11	リュウノエッセンス	1.0	0.958
20250927	中山	3	○	15	スリーコーズ	0.83	0.958
20250927	中山	3	▲	7	ウレシイゴサン	1.0	0.958
20250927	中山	3	☆	5	キタノドンカルロ	1.0	0.958
20250927	中山	6	◎	3	キョウエイタイコ	1.0	0.929
20250927	中山	6	○	2	パイシャオピン	0.71	0.929
20250927	中山	6	▲	12	レディーフランシス	1.0	0.929
20250927	中山	6	☆	5	ツインクルステージ	1.0	0.929
20250927	中山	7	◎	9	バーケンヘッド	1.0	0.958
20250927	中山	7	○	12	アドミラルシップ	1.0	0.958
20250927	中山	7	▲	6	ディヴァインスター	1.0	0.958
20250927	中山	7	☆	4	サンカシグレ	0.83	0.958
20250927	中山	8	◎	3	ラストシャリナ	1.0	0.95
20250927	中山	8	○	7	ピコレッド	0.8	0.95
20250927	中山	8	▲	4	ショウナンハクウン	1.0	0.95
20250927	中山	8	☆	12	トモジャシーマ	1.0	0.95
20250927	中山	9	◎	8	コスモエルヴァル	1.0	0.969
20250927	中山	9	○	3	タイダルロック	1.0	0.969
20250927	中山	9	▲	7	ウイナーズナイン	0.88	0.969
20250927	中山	9	☆	5	マイネルマスター	1.0	0.969
20250927	中山	10	◎	15	フーコサンライズ	1.0	0.972
20250927	中山	10	○	5	モジャーリオ	1.0	0.972
20250927	中山	10	▲	11	プリティディーヴァ	0.89	0.972
20250927	中山	10	☆	1	アタリダイキチ	1.0	0.972
20250927	中山	11	◎	15	ユキノロイヤル	1.0	0.977
20250927	中山	11	○	5	セブンマジシャン	1.0	0.977
20250927	中山	11	▲	10	コートアリシアン	1.0	0.977
20250927	中山	11	☆	13	ニュージーズ	0.91	0.977
20250927	中山	12	◎	5	ベルウッドウズメ	1.0	1.0
20250927	中山	12	○	15	ビッグドリーム	1.0	1.0
20250927	中山	12	▲	7	モリノレッドスター	1.0	1.0
20250927	中山	12	☆	9	アルジェンタージョ	1.0	1.0
20250927	阪神	1	◎	2	アメジストブルー	0.88	0.883
20250927	阪神	1	○	11	ブロンテス	0.8	0.883
20250927	阪神	1	▲	14	ジェム	1.0	0.883
20250927	阪神	1	☆	7	コパノルーカス	0.86	0.883
20250927	阪神	2	◎	5	ファイブタンゴ	1.0	1.0
20250927	阪神	2	○	3	シーズザスローン	1.0	1.0
20250927	阪神	2	▲	2	メイショウシンガン	1.0	1.0
20250927	阪神	2	☆	7	スマートビガー	1.0	1.0
20250927	阪神	3	◎	11	ディオスデルマール	1.0	1.0
20250927	阪神	3	○	12	フォーゲル	1.0	1.0
20250927	阪神	3	▲	8	マスティカーレ	1.0	1.0
20250927	阪神	3	☆	1	ワイドカクゲン	1.0	1.0
20250927	阪神	6	◎	3	スマートカイロス	1.0	0.983
20250927	阪神	6	○	7	ヨリノレジェンド	0.93	0.983
20250927	阪神	6	▲	2	アートレスマインド	1.0	0.983
20250927	阪神	6	☆	8	エイユーファイヤー	1.0	0.983
20250927	阪神	7	◎	7	ヤマニンアラクリア	1.0	0.958
20250927	阪神	7	○	8	ピエタンツァ	0.83	0.958
20250927	阪神	7	▲	6	アロンディ	1.0	0.958
20250927	阪神	7	☆	14	ドマーネ	1.0	0.958
20250927	阪神	8	◎	1	レッドベルアーム	1.0	1.0
20250927	阪神	8	○	8	バレルターン	1.0	1.0
20250927	阪神	8	▲	4	チェルノボーグ	1.0	1.0
20250927	阪神	8	☆	5	スライビングロード	1.0	1.0
20250927	阪神	9	◎	5	エブリデイ	0.6	0.838
20250927	阪神	9	○	2	ペルセア	0.75	0.838
20250927	阪神	9	▲	3	キーンセンス	1.0	0.838
20250927	阪神	9	☆	7	テーオーグレーザー	1.0	0.838
20250927	阪神	10	◎	15	ニシノコウダイ	1.0	1.0
20250927	阪神	10	○	11	シュタールヴィント	1.0	1.0
20250927	阪神	10	▲	9	レッドエヴァンス	1.0	1.0
20250927	阪神	10	☆	1	ルーフ	1.0	1.0
20250927	阪神	11	◎	2	グーデンドラーク	1.0	0.913
20250927	阪神	11	○	6	テーオーパスワード	0.89	0.913
20250927	阪神	11	▲	11	ブライアンセンス	0.88	0.913
20250927	阪神	11	☆	3	ジューンアヲニヨシ	0.89	0.913
20250927	阪神	12	◎	1	ジャスパーバローズ	1.0	1.0
20250927	阪神	12	○	7	フィドルファドル	1.0	1.0
20250927	阪神	12	▲	4	フォルテローザ	1.0	1.0
20250927	阪神	12	☆	2	サドル	1.0	1.0
20250928	中山	1	◎	10	ルージュノヴァ	1.0	1.0
20250928	中山	1	○	12	リフレックス	1.0	1.0
20250928	中山	1	▲	5	ユニゾン	1.0	1.0
20250928	中山	1	☆	9	タイガーゲイト	1.0	1.0
20250928	中山	2	◎	14	フォーエバーラブ	1.0	0.969
20250928	中山	2	○	13	ダノンルミエール	1.0	0.969
20250928	中山	2	▲	12	サトノエスケープ	0.88	0.969
20250928	中山	2	☆	10	フェイスリフト	1.0	0.969
20250928	中山	3	◎	5	シデンイッセン	1.0	0.964
20250928	中山	3	○	13	エーデルゼーレ	1.0	0.964
20250928	中山	3	▲	12	コッツォリーノ	0.86	0.964
20250928	中山	3	☆	4	シシリアンフラッグ	1.0	0.964
20250928	中山	6	◎	4	コッレヴェッキオ	1.0	0.95
20250928	中山	6	○	11	ラストレガシー	1.0	0.95
20250928	中山	6	▲	8	ヤコブセン	0.8	0.95
20250928	中山	6	☆	2	フジレイメイ	1.0	0.95
20250928	中山	7	◎	3	ゴーゴータカシ	0.86	0.893
20250928	中山	7	○	15	インパクトシー	1.0	0.893
20250928	中山	7	▲	16	プリムツァール	0.71	0.893
20250928	中山	7	☆	8	レッドロスタム	1.0	0.893
20250928	中山	8	◎	3	オセアバトルプラン	1.0	1.0
20250928	中山	8	○	13	タイセイミッション	1.0	1.0
20250928	中山	8	▲	1	オルゴーリオ	1.0	1.0
20250928	中山	8	☆	14	ユイノマチブセ	1.0	1.0
20250928	中山	9	◎	7	ベレーバスク	0.83	0.958
20250928	中山	9	○	4	ドリームコア	1.0	0.958
20250928	中山	9	▲	1	トワニ	1.0	0.958
20250928	中山	9	☆	3	アルバンヌ	1.0	0.958
20250928	中山	10	◎	7	ドゥカート	1.0	0.972
20250928	中山	10	○	11	ヴィスマール	1.0	0.972
20250928	中山	10	▲	3	ショウナンサムデイ	0.89	0.972
20250928	中山	10	☆	13	ミスティア	1.0	0.972
20250928	中山	11	◎	14	カピリナ	0.75	0.938
20250928	中山	11	○	11	トウシンマカオ	1.0	0.938
20250928	中山	11	▲	4	ママコチャ	1.0	0.938
20250928	中山	11	☆	13	ジューンブレア	1.0	0.938
20250928	中山	12	◎	6	カズゴルティス	1.0	1.0
20250928	中山	12	○	13	キタノソワレ	1.0	1.0
20250928	中山	12	▲	1	サザンエルフ	1.0	1.0
20250928	中山	12	☆	8	エンヤラヴフェイス	1.0	1.0
20250928	阪神	2	◎	9	タケウチビー	1.0	0.95
20250928	阪神	2	○	3	ミティリーニ	1.0	0.95
20250928	阪神	2	▲	10	リトゥリア	0.8	0.95
20250928	阪神	2	☆	8	ムルーデ	1.0	0.95
20250928	阪神	3	◎	7	リアンマヒナ	0.83	0.812
20250928	阪神	3	○	4	ブレナヴォン	0.67	0.812
20250928	阪神	3	▲	6	サントルドパリ	0.86	0.812
20250928	阪神	3	☆	5	ナリタエスペランサ	0.89	0.812
20250928	阪神	6	◎	7	ウルスクローム	1.0	0.917
20250928	阪神	6	○	11	イマージョン	1.0	0.917
20250928	阪神	6	▲	2	ハヤテノツバサ	1.0	0.917
20250928	阪神	6	☆	10	ペンテリコン	0.67	0.917
20250928	阪神	7	◎	7	ダディーズアイル	1.0	0.964
20250928	阪神	7	○	1	ゲイルライダー	0.86	0.964
20250928	阪神	7	▲	3	テーオーミリカン	1.0	0.964
20250928	阪神	7	☆	5	エナジーガンツ	1.0	0.964
20250928	阪神	8	◎	10	サタデーサンライズ	1.0	1.0
20250928	阪神	8	○	12	ローランドバローズ	1.0	1.0
20250928	阪神	8	▲	17	レッドフェルメール	1.0	1.0
20250928	阪神	8	☆	1	バズアップビート	1.0	1.0
20250928	阪神	9	◎	9	パーサヴィアランス	0.78	0.886
20250928	阪神	9	○	3	ダノンシーマ	0.83	0.886
20250928	阪神	9	▲	8	ウインデイジー	0.93	0.886
20250928	阪神	9	☆	7	カエルム	1.0	0.886
20250928	阪神	10	◎	8	メイショウフウドウ	1.0	0.929
20250928	阪神	10	○	15	クロニクル	1.0	0.929
20250928	阪神	10	▲	1	バンドマスター	0.71	0.929
20250928	阪神	10	☆	7	ダブルジョーク	1.0	0.929
20250928	阪神	11	◎	4	ラケマーダ	1.0	0.964
20250928	阪神	11	○	6	ジューンオレンジ	1.0	0.964
20250928	阪神	11	▲	3	シャドウフューリー	1.0	0.964
20250928	阪神	11	☆	9	ヤマニンサンパ	0.86	0.964
20250928	阪神	12	◎	9	エクストラノート	1.0	0.972
20250928	阪神	12	○	5	ジョウショーパワー	0.89	0.972
20250928	阪神	12	▲	1	シャルクハフト	1.0	0.972
20250928	阪神	12	☆	10	シャンバラ	1.0	0.972
20251004	京都	1	◎	11	ユーアーフラワー	1.0	1.0
20251004	京都	1	○	7	フルールドール	1.0	1.0
20251004	京都	1	▲	12	アンリミテッド	1.0	1.0
20251004	京都	1	☆	6	イサギ	1.0	1.0
20251004	京都	2	◎	7	ナムラライラック	1.0	0.964
20251004	京都	2	○	3	ジャスティンルマン	1.0	0.964
20251004	京都	2	▲	8	マイコンチェルト	1.0	0.964
20251004	京都	2	☆	4	ウィズクィーン	0.86	0.964
20251004	京都	4	◎	4	イエスウィズキャン	1.0	0.972
20251004	京都	4	○	5	メイショウヤシマ	1.0	0.972
20251004	京都	4	▲	8	コズミックダンサー	0.89	0.972
20251004	京都	4	☆	13	ダイシンレアレア	1.0	0.972
20251004	京都	6	◎	6	ウォーターパラディ	0.89	0.905
20251004	京都	6	○	14	モズケイスター	0.86	0.905
20251004	京都	6	▲	8	ドラゴン	1.0	0.905
20251004	京都	6	☆	5	ヒミノエトワール	0.88	0.905
20251004	京都	7	◎	2	ストレイトアスク	1.0	0.972
20251004	京都	7	○	10	モンタルチーノ	1.0	0.972
20251004	京都	7	▲	16	ジャスパーディビネ	1.0	0.972
20251004	京都	7	☆	11	ウォーターエルピス	0.89	0.972
20251004	京都	8	◎	1	ステラクラウン	1.0	1.0
20251004	京都	8	○	10	ヴァリディシームス	1.0	1.0
20251004	京都	8	▲	7	デルアヴァー	1.0	1.0
20251004	京都	8	☆	2	ウイントレメンデス	1.0	1.0
20251004	京都	9	◎	6	ラスティングスノー	1.0	1.0
20251004	京都	9	○	2	カイショー	1.0	1.0
20251004	京都	9	▲	8	ファムマルキーズ	1.0	1.0
20251004	京都	9	☆	4	アイニードユー	1.0	1.0
20251004	京都	10	◎	11	ネグレスコ	1.0	0.95
20251004	京都	10	○	15	ルディック	0.8	0.95
20251004	京都	10	▲	5	ストレングス	1.0	0.95
20251004	京都	10	☆	9	メイショウホウレン	1.0	0.95
20251004	京都	11	◎	9	ジョーメッドヴィン	0.89	0.901
20251004	京都	11	○	15	ベガリス	1.0	0.901
20251004	京都	11	▲	7	クラスペディア	0.71	0.901
20251004	京都	11	☆	5	ショウナンハクラク	1.0	0.901
20251004	京都	12	◎	1	マキシマムビスタ	1.0	0.969
20251004	京都	12	○	2	ヒルノハンブルク	0.88	0.969
20251004	京都	12	▲	4	モックモック	1.0	0.969
20251004	京都	12	☆	13	ヒデノレインボー	1.0	0.969
20251004	東京	1	◎	6	ゴットタレント	1.0	1.0
20251004	東京	1	○	14	イナズマダイモン	1.0	1.0
20251004	東京	1	▲	10	ラストシャイニー	1.0	1.0
20251004	東京	1	☆	9	レーヴドクロンヌ	1.0	1.0
20251004	東京	2	◎	7	アイムスティルミー	1.0	0.959
20251004	東京	2	○	8	スカイストライプス	0.89	0.959
20251004	東京	2	▲	1	ミッキーマーメイド	0.95	0.959
20251004	東京	2	☆	2	ブルージェネシス	1.0	0.959
20251004	東京	6	◎	2	ラッキーヤース	1.0	0.958
20251004	東京	6	○	13	ピコテンダー	0.83	0.958
20251004	東京	6	▲	15	フレイムジョーカー	1.0	0.958
20251004	東京	6	☆	10	ゲキザル	1.0	0.958
20251004	東京	7	◎	3	トロピカルティー	0.88	0.835
20251004	東京	7	○	8	エポナ	0.67	0.835
20251004	東京	7	▲	2	キューティリップ	1.0	0.835
20251004	東京	7	☆	6	リポサンテ	0.8	0.835
20251004	東京	8	◎	6	ユニヴェール	1.0	1.0
20251004	東京	8	○	8	ソニックライン	1.0	1.0
20251004	東京	8	▲	2	ジェイエルマスター	1.0	1.0
20251004	東京	8	☆	7	ファンタイムギフト	1.0	1.0
20251004	東京	9	◎	6	サトノヴィレ	1.0	1.0
20251004	東京	9	○	1	ラブリージャブリー	1.0	1.0
20251004	東京	9	▲	10	コスモアンソロジー	1.0	1.0
20251004	東京	9	☆	5	ドリームクルーズ	1.0	1.0
20251004	東京	10	◎	6	ヴェサリウス	1.0	1.0
20251004	東京	10	○	15	レディマリオン	1.0	1.0
20251004	東京	10	▲	7	スカイハイ	1.0	1.0
20251004	東京	10	☆	3	サトミノキラリ	1.0	1.0
20251004	東京	11	◎	3	エルゲルージ	1.0	0.972
20251004	東京	11	○	1	ウェットシーズン	1.0	0.972
20251004	東京	11	▲	14	マテンロウコマンド	0.89	0.972
20251004	東京	11	☆	6	ダノンザボルケーノ	1.0	0.972
20251004	東京	12	◎	8	ベルブリエ	1.0	0.969
20251004	東京	12	○	13	ホウオウプレミア	0.88	0.969
20251004	東京	12	▲	16	クインズデネブ	1.0	0.969
20251004	東京	12	☆	3	トリリオンボーイ	1.0	0.969
20251005	京都	1	◎	6	アンガーザガール	1.0	1.0
20251005	京都	1	○	1	テーオーアンジェラ	1.0	1.0
20251005	京都	1	▲	9	スマートジュリアス	1.0	1.0
20251005	京都	1	☆	12	ブラッドムーン	1.0	1.0
20251005	京都	2	◎	6	リケアラザニア	1.0	1.0
20251005	京都	2	○	3	シャローアロス	1.0	1.0
20251005	京都	2	▲	1	ミッキーラヴィータ	1.0	1.0
20251005	京都	2	☆	7	エンジェルグラース	1.0	1.0
20251005	京都	6	◎	7	ディニテ	1.0	0.964
20251005	京都	6	○	11	マテンロウブレイブ	1.0	0.964
20251005	京都	6	▲	14	エコロスパーダ	0.86	0.964
20251005	京都	6	☆	4	ヴァリージア	1.0	0.964
20251005	京都	7	◎	4	フォーキャンドルズ	1.0	0.964
20251005	京都	7	○	6	クラウディアイ	1.0	0.964
20251005	京都	7	▲	1	プレミアシップ	0.86	0.964
20251005	京都	7	☆	9	デルシエロ	1.0	0.964
20251005	京都	8	◎	3	フラーハ	1.0	1.0
20251005	京都	8	○	8	コスモストーム	1.0	1.0
20251005	京都	8	▲	13	ワーズワース	1.0	1.0
20251005	京都	8	☆	1	リネアグローリア	1.0	1.0
20251005	京都	9	◎	2	タイキラフター	1.0	1.0
20251005	京都	9	○	8	バッデレイト	1.0	1.0
20251005	京都	9	▲	1	レディーヴァリュー	1.0	1.0
20251005	京都	9	☆	6	キュクヌス	1.0	1.0
20251005	京都	10	◎	12	タガノミスト	1.0	1.0
20251005	京都	10	○	9	アメリカンステージ	1.0	1.0
20251005	京都	10	▲	16	スマートサニー	1.0	1.0
20251005	京都	10	☆	14	ジョーローリット	1.0	1.0
20251005	京都	11	◎	6	プラダリア	1.0	0.889
20251005	京都	11	○	7	ドゥレッツァ	0.83	0.889
20251005	京都	11	▲	18	ショウナンラプンタ	0.89	0.889
20251005	京都	11	☆	14	サブマリーナ	0.83	0.889
20251005	京都	12	◎	10	カリーシ	0.75	0.938
20251005	京都	12	○	13	ジュンヴァンケット	1.0	0.938
20251005	京都	12	▲	2	ブラックケリー	1.0	0.938
20251005	京都	12	☆	1	エルサトアナ	1.0	0.938
20251005	東京	1	◎	4	ビースタニング	1.0	0.901
20251005	東京	1	○	10	ヘリテージブルーム	1.0	0.901
20251005	東京	1	▲	12	アンプイットアップ	0.89	0.901
20251005	東京	1	☆	1	コパノエイダン	0.71	0.901
20251005	東京	2	◎	8	ソロイノシタク	0.86	0.964
20251005	東京	2	○	3	ムーングレイル	1.0	0.964
20251005	東京	2	▲	9	ラフターラインズ	1.0	0.964
20251005	東京	2	☆	6	ナハトナナレオン	1.0	0.964
20251005	東京	3	◎	6	ノーブルラホーヤ	1.0	0.953
20251005	東京	3	○	9	カラーオブサクセス	0.89	0.953
20251005	東京	3	▲	1	ヨドノティアラ	0.92	0.953
20251005	東京	3	☆	10	リュウセイコウテイ	1.0	0.953
20251005	東京	7	◎	8	アサクサヴィーナス	1.0	0.969
20251005	東京	7	○	1	レイククレセント	0.88	0.969
20251005	東京	7	▲	13	シホリーン	1.0	0.969
20251005	東京	7	☆	12	チギリ	1.0	0.969
20251005	東京	8	◎	12	クイーンズワーフ	1.0	1.0
20251005	東京	8	○	9	ジャサルディア	1.0	1.0
20251005	東京	8	▲	2	ベストシーン	1.0	1.0
20251005	東京	8	☆	14	ケイツークローン	1.0	1.0
20251005	東京	9	◎	9	コーティアスマナー	1.0	0.964
20251005	東京	9	○	12	パワースナッチ	0.86	0.964
20251005	東京	9	▲	7	サクセスカラー	1.0	0.964
20251005	東京	9	☆	1	ラッジオ	1.0	0.964
20251005	東京	10	◎	13	オウギノカナメ	1.0	0.941
20251005	東京	10	○	2	テリフィックプラン	0.89	0.941
20251005	東京	10	▲	7	フルオール	1.0	0.941
20251005	東京	10	☆	8	グラウンドビート	0.88	0.941
20251005	東京	11	◎	7	シルトホルン	1.0	1.0
20251005	東京	11	○	10	サトノシャイニング	1.0	1.0
20251005	東京	11	▲	6	チェルヴィニア	1.0	1.0
20251005	東京	11	☆	9	レーベンスティール	1.0	1.0
20251005	東京	12	◎	15	トーホウキザン	1.0	1.0
20251005	東京	12	○	14	ファリーザ	1.0	1.0
20251005	東京	12	▲	9	グレイスザクラウン	1.0	1.0
20251005	東京	12	☆	1	アージェント	1.0	1.0
20251011	京都	1	◎	9	ミヤラティーニ	1.0	0.964
20251011	京都	1	○	14	ランスオブキング	1.0	0.964
20251011	京都	1	▲	1	ワイドカクゲン	1.0	0.964
20251011	京都	1	☆	5	ナムラマフィン	0.86	0.964
20251011	京都	2	◎	5	テーオールーラー	1.0	1.0
20251011	京都	2	○	1	カムアップローゼス	1.0	1.0
20251011	京都	2	▲	6	ヴォーカライズ	1.0	1.0
20251011	京都	2	☆	4	スナークホクサイ	1.0	1.0
20251011	京都	3	◎	3	テーオーレックス	1.0	1.0
20251011	京都	3	○	6	イルミナジーティー	1.0	1.0
20251011	京都	3	▲	2	シーミハットク	1.0	1.0
20251011	京都	3	☆	5	テーオーアルアイン	1.0	1.0
20251011	京都	7	◎	5	ベランジェール	1.0	1.0
20251011	京都	7	○	2	アラベラ	1.0	1.0
20251011	京都	7	▲	10	マディソンガール	1.0	1.0
20251011	京都	7	☆	4	ジーティードレス	1.0	1.0
20251011	京都	8	◎	3	オッハッピー	0.83	0.958
20251011	京都	8	○	4	ブルースカイブルー	1.0	0.958
20251011	京都	8	▲	1	ロードラヴォール	1.0	0.958
20251011	京都	8	☆	7	サトノアイボリー	1.0	0.958
20251011	京都	9	◎	3	ゴールドダイアー	1.0	0.91
20251011	京都	9	○	9	ドラゴン	0.75	0.91
20251011	京都	9	▲	8	スコーピオンイメル	0.89	0.91
20251011	京都	9	☆	6	イエスウィズキャン	1.0	0.91
20251011	京都	10	◎	12	エイムフォーエース	1.0	0.972
20251011	京都	10	○	1	ホーリーブラッサム	0.89	0.972
20251011	京都	10	▲	8	リリーフィールド	1.0	0.972
20251011	京都	10	☆	3	サロニコス	1.0	0.972
20251011	京都	11	◎	9	タンゴバイラリン	0.88	0.941
20251011	京都	11	○	8	メイショウズイウン	0.89	0.941
20251011	京都	11	▲	15	オメガタキシード	1.0	0.941
20251011	京都	11	☆	6	ホルトバージ	1.0	0.941
20251011	京都	12	◎	11	リアライズオーラム	0.89	0.972
20251011	京都	12	○	7	モズタチアガレ	1.0	0.972
20251011	京都	12	▲	15	サンマルノヴェル	1.0	0.972
20251011	京都	12	☆	8	ステイクオール	1.0	0.972
20251011	東京	1	◎	5	クイーンオブハート	0.89	0.972
20251011	東京	1	○	3	モルニケ	1.0	0.972
20251011	東京	1	▲	1	ジャストマイウェイ	1.0	0.972
20251011	東京	1	☆	4	ルージュブリッツ	1.0	0.972
20251011	東京	2	◎	2	ラブデウザ	1.0	1.0
20251011	東京	2	○	11	ビップムーラン	1.0	1.0
20251011	東京	2	▲	8	ツァレヴナ	1.0	1.0
20251011	東京	2	☆	1	クールフィールド	1.0	1.0
20251011	東京	3	◎	6	ナデシコ	1.0	1.0
20251011	東京	3	○	2	リスレジャンデール	1.0	1.0
20251011	東京	3	▲	7	ベアサナエチャン	1.0	1.0
20251011	東京	3	☆	3	ファインブライト	1.0	1.0
20251011	東京	7	◎	8	オルソビアンコ	0.8	0.86
20251011	東京	7	○	9	タイセイプランセス	0.89	0.86
20251011	東京	7	▲	5	スワローシチー	1.0	0.86
20251011	東京	7	☆	2	シンドリームシン	0.75	0.86
20251011	東京	8	◎	2	グランコネクシオン	0.89	0.807
20251011	東京	8	○	4	ラヴアンドライク	0.88	0.807
20251011	東京	8	▲	15	パイシャオピン	0.71	0.807
20251011	東京	8	☆	3	エーデル	0.75	0.807
20251011	東京	9	◎	9	エーオーキング	1.0	1.0
20251011	東京	9	○	1	ホウオウアートマン	1.0	1.0
20251011	東京	9	▲	2	ミントマーク	1.0	1.0
20251011	東京	9	☆	5	ゴージョニーゴー	1.0	1.0
20251011	東京	10	◎	8	トクシースタローン	1.0	0.941
20251011	東京	10	○	16	シャンパンポップ	0.88	0.941
20251011	東京	10	▲	9	タイセイアディクト	1.0	0.941
20251011	東京	10	☆	1	ジョウショーパワー	0.89	0.941
20251011	東京	11	◎	1	ガリレア	0.86	0.923
20251011	東京	11	○	8	チュウワカーネギー	1.0	0.923
20251011	東京	11	▲	5	ゾロアストロ	0.83	0.923
20251011	東京	11	☆	3	アスクエジンバラ	1.0	0.923
20251011	東京	12	◎	5	ガンハンマー	1.0	0.95
20251011	東京	12	○	15	ピコレッド	0.8	0.95
20251011	東京	12	▲	8	トニケンサンバ	1.0	0.95
20251011	東京	12	☆	7	マイネルブリオン	1.0	0.95
20251012	京都	1	◎	3	ガーリッシュ	1.0	0.958
20251012	京都	1	○	9	リアライズブルーム	1.0	0.958
20251012	京都	1	▲	1	フィアーブル	0.83	0.958
20251012	京都	1	☆	4	ワイズギャング	1.0	0.958
20251012	京都	2	◎	4	グロリアス	1.0	1.0
20251012	京都	2	○	2	サイン	1.0	1.0
20251012	京都	2	▲	5	ロードステラート	1.0	1.0
20251012	京都	2	☆	6	ジーティースティア	1.0	1.0
20251012	京都	3	◎	4	テイエムプレミラン	1.0	1.0
20251012	京都	3	○	2	リアライズグリント	1.0	1.0
20251012	京都	3	▲	7	ブレナヴォン	1.0	1.0
20251012	京都	3	☆	5	コスモブラック	1.0	1.0
20251012	京都	7	◎	2	テイクザクラウン	1.0	0.919
20251012	京都	7	○	8	ホウオウレイヴン	0.88	0.919
20251012	京都	7	▲	10	レジェンドシップ	1.0	0.919
20251012	京都	7	☆	6	ヘルツアス	0.8	0.919
20251012	京都	8	◎	11	ウィンターダフネ	1.0	1.0
20251012	京都	8	○	8	オーケアニス	1.0	1.0
20251012	京都	8	▲	4	ルージュミラージュ	1.0	1.0
20251012	京都	8	☆	9	ツキノアカリ	1.0	1.0
20251012	京都	9	◎	10	ヒルノピレネー	0.71	0.893
20251012	京都	9	○	11	アメリカンビキニ	1.0	0.893
20251012	京都	9	▲	8	アスタールフナ	1.0	0.893
20251012	京都	9	☆	6	パールフロント	0.86	0.893
20251012	京都	10	◎	8	エアミアーニ	1.0	0.958
20251012	京都	10	○	2	マイネルチケット	1.0	0.958
20251012	京都	10	▲	4	ブエナオンダ	1.0	0.958
20251012	京都	10	☆	9	プッシュオン	0.83	0.958
20251012	京都	11	◎	2	ハビレ	1.0	0.938
20251012	京都	11	○	6	ジンセイ	0.75	0.938
20251012	京都	11	▲	9	ルヴァンユニベール	1.0	0.938
20251012	京都	11	☆	3	サーマルソアリング	1.0	0.938
20251012	京都	12	◎	4	ミッキースターダム	1.0	1.0
20251012	京都	12	○	17	ワンモアスマイル	1.0	1.0
20251012	京都	12	▲	14	ジーティーマン	1.0	1.0
20251012	京都	12	☆	8	グローブアマランス	1.0	1.0
20251012	東京	1	◎	8	ボグラーモデル	1.0	1.0
20251012	東京	1	○	5	ヴンダーバール	1.0	1.0
20251012	東京	1	▲	10	セントゴーデンス	1.0	1.0
20251012	東京	1	☆	13	タイセイゴッシュ	1.0	1.0
20251012	東京	2	◎	1	テンユウ	1.0	0.964
20251012	東京	2	○	3	コズミックボックス	1.0	0.964
20251012	東京	2	▲	6	フィーユレアル	1.0	0.964
20251012	東京	2	☆	5	サザンテイオー	0.86	0.964
20251012	東京	3	◎	4	ツキノマバタキ	1.0	1.0
20251012	東京	3	○	10	ブリサマリーナ	1.0	1.0
20251012	東京	3	▲	9	アルデキングダム	1.0	1.0
20251012	東京	3	☆	5	ゼータレティクル	1.0	1.0
20251012	東京	6	◎	6	メルシージュテーム	1.0	1.0
20251012	東京	6	○	2	サンタアニタ	1.0	1.0
20251012	東京	6	▲	10	ルージュナリッシュ	1.0	1.0
20251012	東京	6	☆	14	セギレエルビエント	1.0	1.0
20251012	東京	7	◎	6	サムワンライクユー	1.0	1.0
20251012	東京	7	○	14	カンレイスキー	1.0	1.0
20251012	東京	7	▲	2	カフェロワドール	1.0	1.0
20251012	東京	7	☆	7	アデランテ	1.0	1.0
20251012	東京	8	◎	9	サラダ	1.0	1.0
20251012	東京	8	○	4	アロンズロッド	1.0	1.0
20251012	東京	8	▲	3	サンライズガッツ	1.0	1.0
20251012	東京	8	☆	5	レッドヴァリアート	1.0	1.0
20251012	東京	9	◎	14	ネーヴェフレスカ	1.0	0.972
20251012	東京	9	○	16	ストレイトトーカー	1.0	0.972
20251012	東京	9	▲	10	エンペラーズソード	0.89	0.972
20251012	東京	9	☆	5	ベストオブユー	1.0	0.972
20251012	東京	10	◎	15	レイズカイザー	1.0	0.969
20251012	東京	10	○	7	ペプチドタイガー	0.88	0.969
20251012	東京	10	▲	4	トクシーカイザー	1.0	0.969
20251012	東京	10	☆	5	アンシール	1.0	0.969
20251012	東京	11	◎	6	セフィロ	1.0	0.95
20251012	東京	11	○	7	カナテープ	0.8	0.95
20251012	東京	11	▲	1	アドマイヤマツリ	1.0	0.95
20251012	東京	11	☆	14	ホウオウラスカーズ	1.0	0.95
20251012	東京	12	◎	1	カンザシ	0.75	0.896
20251012	東京	12	○	13	マサノユニコーン	1.0	0.896
20251012	東京	12	▲	15	ケンキョ	1.0	0.896
20251012	東京	12	☆	4	プレイテシア	0.83	0.896
20251013	京都	1	◎	7	アーデントアイ	1.0	0.972
20251013	京都	1	○	1	カッタッパ	1.0	0.972
20251013	京都	1	▲	5	ネメス	1.0	0.972
20251013	京都	1	☆	4	キープシャイニング	0.89	0.972
20251013	京都	2	◎	6	リトゥリア	1.0	0.969
20251013	京都	2	○	5	アンディムジーク	1.0	0.969
20251013	京都	2	▲	9	メイプルハッピー	0.88	0.969
20251013	京都	2	☆	1	サラサチャーミング	1.0	0.969
20251013	京都	3	◎	9	ウォーターブビンガ	1.0	1.0
20251013	京都	3	○	16	シャンデリュイーズ	1.0	1.0
20251013	京都	3	▲	3	ルナーマンス	1.0	1.0
20251013	京都	3	☆	13	ネネキリマル	1.0	1.0
20251013	京都	4	◎	7	レイフロレット	1.0	1.0
20251013	京都	4	○	12	ハギノコラソン	1.0	1.0
20251013	京都	4	▲	2	ヴァンアグレアブル	1.0	1.0
20251013	京都	4	☆	5	ヒラリーステップ	1.0	1.0
20251013	京都	7	◎	5	ラピダリア	0.8	0.927
20251013	京都	7	○	4	プレゼンティーア	1.0	0.927
20251013	京都	7	▲	3	キョラムン	0.91	0.927
20251013	京都	7	☆	13	デュアルロール	1.0	0.927
20251013	京都	8	◎	7	ロードシュヴァリエ	1.0	0.969
20251013	京都	8	○	11	ユキノクラウン	1.0	0.969
20251013	京都	8	▲	10	バースライト	1.0	0.969
20251013	京都	8	☆	2	エイシンアニーモ	0.88	0.969
20251013	京都	9	◎	6	ゴヴェルナーレリコ	1.0	1.0
20251013	京都	9	○	8	テーオーライマン	1.0	1.0
20251013	京都	9	▲	11	タガノマカシヤ	1.0	1.0
20251013	京都	9	☆	3	オールマイデイズ	1.0	1.0
20251013	京都	10	◎	8	リカントロポ	1.0	0.969
20251013	京都	10	○	2	ローランドバローズ	1.0	0.969
20251013	京都	10	▲	5	レディーミコノス	0.88	0.969
20251013	京都	10	☆	3	ジェットマグナム	1.0	0.969
20251013	京都	11	◎	18	レッドモンレーヴ	1.0	1.0
20251013	京都	11	○	5	ウインマーベル	1.0	1.0
20251013	京都	11	▲	7	オフトレイル	1.0	1.0
20251013	京都	11	☆	12	ロジリオン	1.0	1.0
20251013	京都	12	◎	11	ヴェントインコーダ	1.0	0.969
20251013	京都	12	○	7	モンテディアーナ	1.0	0.969
20251013	京都	12	▲	9	ロードヴァルカン	1.0	0.969
20251013	京都	12	☆	3	ペイドラロワール	0.88	0.969
20251013	東京	1	◎	3	ガーネットテソーロ	1.0	1.0
20251013	東京	1	○	5	ウィングブルー	1.0	1.0
20251013	東京	1	▲	8	レヴェランジェ	1.0	1.0
20251013	東京	1	☆	6	ソーマッチ	1.0	1.0
20251013	東京	2	◎	1	ドレドレ	1.0	0.969
20251013	東京	2	○	8	グラティアム	1.0	0.969
20251013	東京	2	▲	6	エコロバロン	1.0	0.969
20251013	東京	2	☆	12	ニシノランペイジ	0.88	0.969
20251013	東京	3	◎	5	リトルエンジェル	1.0	1.0
20251013	東京	3	○	9	シャオママル	1.0	1.0
20251013	東京	3	▲	3	ミスターマーボー	1.0	1.0
20251013	東京	3	☆	10	ファインコンダクト	1.0	1.0
20251013	東京	7	◎	3	ネイサン	1.0	1.0
20251013	東京	7	○	10	ダカラフェスティヴ	1.0	1.0
20251013	東京	7	▲	16	タマモトリノ	1.0	1.0
20251013	東京	7	☆	14	タケルゴールド	1.0	1.0
20251013	東京	8	◎	2	ショーリバース	1.0	0.95
20251013	東京	8	○	5	アルデトップガン	1.0	0.95
20251013	東京	8	▲	1	テイエムキハク	1.0	0.95
20251013	東京	8	☆	4	ラエトゥス	0.8	0.95
20251013	東京	9	◎	8	ラガークイン	1.0	0.972
20251013	東京	9	○	1	ダノンセンチュリー	0.89	0.972
20251013	東京	9	▲	4	プチプランス	1.0	0.972
20251013	東京	9	☆	2	ゴールドシーン	1.0	0.972
20251013	東京	10	◎	5	エンドウノハナ	1.0	1.0
20251013	東京	10	○	1	シャイニングソード	1.0	1.0
20251013	東京	10	▲	8	デュアルウィルダー	1.0	1.0
20251013	東京	10	☆	7	ヴォランテ	1.0	1.0
20251013	東京	11	◎	15	ワイドエンペラー	0.88	0.933
20251013	東京	11	○	7	ラスカンブレス	0.86	0.933
20251013	東京	11	▲	6	セレシオン	1.0	0.933
20251013	東京	11	☆	12	マイネルモーント	1.0	0.933
20251013	東京	12	◎	5	カサブランカキッド	1.0	0.958
20251013	東京	12	○	14	スリーピース	0.83	0.958
20251013	東京	12	▲	2	ルイステソーロ	1.0	0.958
20251013	東京	12	☆	15	ラストシャリナ	1.0	0.958
20251018	京都	1	◎	6	ノリノドラゴン	0.86	0.964
20251018	京都	1	○	2	デルニエジョイ	1.0	0.964
20251018	京都	1	▲	3	リーグナイト	1.0	0.964
20251018	京都	1	☆	4	カレンショー	1.0	0.964
20251018	京都	2	◎	8	カセノコンコルド	1.0	0.972
20251018	京都	2	○	9	カフジクロミエ	1.0	0.972
20251018	京都	2	▲	2	シルバーレシオ	1.0	0.972
20251018	京都	2	☆	4	テイエムパイロダン	0.89	0.972
20251018	京都	3	◎	3	イージーライダー	1.0	0.941
20251018	京都	3	○	4	ルートサーティーン	1.0	0.941
20251018	京都	3	▲	5	ルージュプルーヴ	0.88	0.941
20251018	京都	3	☆	2	クラウンインジエア	0.89	0.941
20251018	京都	7	◎	7	ルージュスティーズ	1.0	0.972
20251018	京都	7	○	5	サンライズグラシア	1.0	0.972
20251018	京都	7	▲	8	バガン	1.0	0.972
20251018	京都	7	☆	6	ニホンピロホリデー	0.89	0.972
20251018	京都	8	◎	1	キンダープンシュ	0.88	0.95
20251018	京都	8	○	7	テーオーグレーザー	1.0	0.95
20251018	京都	8	▲	3	ローズカリス	1.0	0.95
20251018	京都	8	☆	4	キーンセンス	0.92	0.95
20251018	京都	9	◎	7	ジューンポンポン	1.0	1.0
20251018	京都	9	○	5	アンズアメ	1.0	1.0
20251018	京都	9	▲	10	ヴェロクオーレ	1.0	1.0
20251018	京都	9	☆	12	フレッシュラン	1.0	1.0
20251018	京都	10	◎	1	デルマグレムリン	1.0	1.0
20251018	京都	10	○	4	シュバルツマサムネ	1.0	1.0
20251018	京都	10	▲	6	リギーロ	1.0	1.0
20251018	京都	10	☆	8	カエルム	1.0	1.0
20251018	京都	11	◎	15	バロッサヴァレー	1.0	0.91
20251018	京都	11	○	5	レイナデアルシーラ	0.89	0.91
20251018	京都	11	▲	6	パルクリチュード	0.88	0.91
20251018	京都	11	☆	16	タマモプルメリア	0.88	0.91
20251018	京都	12	◎	6	リアライズ	1.0	1.0
20251018	京都	12	○	11	サーナーティオン	1.0	1.0
20251018	京都	12	▲	2	ヴァージル	1.0	1.0
20251018	京都	12	☆	9	セクシーマージュ	1.0	1.0
20251018	新潟	1	◎	6	ハートニヒヲツケテ	0.56	0.839
20251018	新潟	1	○	13	ルージュリリック	1.0	0.839
20251018	新潟	1	▲	5	ロジケープ	0.8	0.839
20251018	新潟	1	☆	8	スマッシング	1.0	0.839
20251018	新潟	2	◎	5	タガノアイゼン	1.0	0.969
20251018	新潟	2	○	1	ゴールデンブラッド	1.0	0.969
20251018	新潟	2	▲	12	ニシノロッドマン	0.88	0.969
20251018	新潟	2	☆	10	マツリダシリウス	1.0	0.969
20251018	新潟	3	◎	18	カシノリアーナ	1.0	0.885
20251018	新潟	3	○	5	メテオロイド	1.0	0.885
20251018	新潟	3	▲	12	ハッピーラッキー	0.88	0.885
20251018	新潟	3	☆	13	イソダ	0.67	0.885
20251018	新潟	4	◎	5	ステラスプレンダー	1.0	0.9
20251018	新潟	4	○	13	ヴァズレーヌ	1.0	0.9
20251018	新潟	4	▲	11	ドゥラリス	0.6	0.9
20251018	新潟	4	☆	10	メイショウウメゴチ	1.0	0.9
20251018	新潟	6	◎	7	ブルーゴールド	1.0	1.0
20251018	新潟	6	○	6	ゴールデンクラウド	1.0	1.0
20251018	新潟	6	▲	10	レイワサンサン	1.0	1.0
20251018	新潟	6	☆	13	ハイクオリティ	1.0	1.0
20251018	新潟	7	◎	12	リオンプライム	1.0	1.0
20251018	新潟	7	○	13	ハニードレス	1.0	1.0
20251018	新潟	7	▲	3	カレンラップスター	1.0	1.0
20251018	新潟	7	☆	14	ソルトブリーズ	1.0	1.0
20251018	新潟	8	◎	10	ディニトーソ	0.83	0.907
20251018	新潟	8	○	2	ゲーベル	1.0	0.907
20251018	新潟	8	▲	13	サンライズジュピタ	0.89	0.907
20251018	新潟	9	◎	8	ジェットブレード	1.0	0.929
20251018	新潟	9	○	1	グランセゾン	1.0	0.929
20251018	新潟	9	▲	2	レーヴドロペラ	0.86	0.929
20251018	新潟	9	☆	14	ビップチェイス	0.86	0.929
20251018	新潟	10	◎	13	スペキオサレジーナ	0.89	0.972
20251018	新潟	10	○	6	ダズリングダンス	1.0	0.972
20251018	新潟	10	▲	11	ジャスパーバローズ	1.0	0.972
20251018	新潟	10	☆	5	ザウリ	1.0	0.972
20251018	新潟	11	◎	13	ルーフ	1.0	0.933
20251018	新潟	11	○	12	フリッカージャブ	0.88	0.933
20251018	新潟	11	▲	11	アスティスプマンテ	1.0	0.933
20251018	新潟	11	☆	18	ソルトクィーン	0.86	0.933
20251018	新潟	12	◎	13	サイコウダネ	1.0	1.0
20251018	新潟	12	○	14	シュラフ	1.0	1.0
20251018	新潟	12	▲	6	フラッシュポイント	1.0	1.0
20251018	新潟	12	☆	17	リアンエターナル	1.0	1.0
20251018	東京	1	◎	2	フクスケ	1.0	1.0
20251018	東京	1	○	1	サイモフェーン	1.0	1.0
20251018	東京	1	▲	11	モズジェネラル	1.0	1.0
20251018	東京	1	☆	10	ファイヤサラマンダ	1.0	1.0
20251018	東京	2	◎	4	ラヴィングリー	1.0	1.0
20251018	東京	2	○	5	イヌボウノアサヒ	1.0	1.0
20251018	東京	2	▲	9	ミヤエスケープ	1.0	1.0
20251018	東京	2	☆	3	カセノアステリア	1.0	1.0
20251018	東京	3	◎	1	ラグアイリータ	1.0	0.896
20251018	東京	3	○	5	ダノンセフィーロ	1.0	0.896
20251018	東京	3	▲	4	パーシヴァル	0.83	0.896
20251018	東京	3	☆	8	エルアン	0.75	0.896
20251018	東京	6	◎	10	ファミーユウルーズ	1.0	0.732
20251018	東京	6	○	2	ヘリオトロープ	0.86	0.732
20251018	東京	6	▲	11	ゴンドワナ	0.44	0.732
20251018	東京	6	☆	15	ソラノキャンバス	0.62	0.732
20251018	東京	7	◎	13	モティスフォント	1.0	1.0
20251018	東京	7	○	9	ベラジオワールド	1.0	1.0
20251018	東京	7	▲	3	エンジェルブリーズ	1.0	1.0
20251018	東京	7	☆	14	ロジカルワーズ	1.0	1.0
20251018	東京	8	◎	5	ウインルピナス	0.71	0.929
20251018	東京	8	○	2	ヴァリディシームス	1.0	0.929
20251018	東京	8	▲	3	エラン	1.0	0.929
20251018	東京	8	☆	4	シャドウメテオ	1.0	0.929
20251018	東京	9	◎	4	ルージュカルデア	1.0	1.0
20251018	東京	9	○	2	アートバーゼル	1.0	1.0
20251018	東京	9	▲	5	アンドゥーリル	1.0	1.0
20251018	東京	9	☆	3	モノポリオ	1.0	1.0
20251018	東京	10	◎	6	ノットイナフ	1.0	0.938
20251018	東京	10	○	14	ピカピカサンダー	0.75	0.938
20251018	東京	10	▲	5	ジャスパーグレイト	1.0	0.938
20251018	東京	10	☆	7	ホウオウバリスタ	1.0	0.938
20251018	東京	11	◎	8	ジュンブロッサム	1.0	1.0
20251018	東京	11	○	14	ジャンタルマンタル	1.0	1.0
20251018	東京	11	▲	11	ガイアフォース	1.0	1.0
20251018	東京	11	☆	4	ウンブライル	1.0	1.0
20251018	東京	12	◎	9	エチャケナ	1.0	1.0
20251018	東京	12	○	12	ハクサンアイリス	1.0	1.0
20251018	東京	12	▲	2	グランオルカ	1.0	1.0
20251018	東京	12	☆	11	ハリケーンリッジ	1.0	1.0
20251019	京都	1	◎	2	サリー	1.0	0.923
20251019	京都	1	○	11	フィアーブル	0.83	0.923
20251019	京都	1	▲	7	ナムラティアラ	0.86	0.923
20251019	京都	1	☆	5	グリッタードール	1.0	0.923
20251019	京都	2	◎	4	パンパネイラ	0.67	0.917
20251019	京都	2	○	1	サーディンラン	1.0	0.917
20251019	京都	2	▲	6	クールドリオン	1.0	0.917
20251019	京都	2	☆	5	ボンボンベイビー	1.0	0.917
20251019	京都	3	◎	5	ペイドラロワール	0.88	0.906
20251019	京都	3	○	4	トゥロン	0.75	0.906
20251019	京都	3	▲	8	ラフォン	1.0	0.906
20251019	京都	3	☆	2	ダディーズアイル	1.0	0.906
20251019	京都	6	◎	3	メイショウマジック	1.0	1.0
20251019	京都	6	○	1	ギュルヴィ	1.0	1.0
20251019	京都	6	▲	5	レッドボブ	1.0	1.0
20251019	京都	6	☆	4	キタノサワヤカ	1.0	1.0
20251019	京都	7	◎	7	リーサムギニー	1.0	0.896
20251019	京都	7	○	12	ジャスパーソレイユ	1.0	0.896
20251019	京都	7	▲	2	バッハアルプゼー	0.75	0.896
20251019	京都	7	☆	10	ペッパーミル	0.83	0.896
20251019	京都	8	◎	2	フェアリーライク	1.0	0.964
20251019	京都	8	○	4	ミニトランザット	0.86	0.964
20251019	京都	8	▲	8	ロンドボス	1.0	0.964
20251019	京都	8	☆	9	オトコギアンパン	1.0	0.964
20251019	京都	9	◎	1	ファニーバニー	1.0	0.958
20251019	京都	9	○	2	ダイヤモンドノット	1.0	0.958
20251019	京都	9	▲	7	リリージョワ	1.0	0.958
20251019	京都	9	☆	5	コラルリーフ	0.83	0.958
20251019	京都	10	◎	3	タマモダイジョッキ	1.0	1.0
20251019	京都	10	○	13	ダノンフィーゴ	1.0	1.0
20251019	京都	10	▲	4	ノボリショウリュウ	1.0	1.0
20251019	京都	10	☆	9	セミマル	1.0	1.0
20251019	京都	11	◎	9	マピュース	0.8	0.95
20251019	京都	11	○	17	カムニャック	1.0	0.95
20251019	京都	11	▲	10	エリカエクスプレス	1.0	0.95
20251019	京都	11	☆	6	ケリフレッドアスク	1.0	0.95
20251019	京都	12	◎	1	クリノフィガロ	1.0	1.0
20251019	京都	12	○	9	テスティモーネ	1.0	1.0
20251019	京都	12	▲	10	アリエスキング	1.0	1.0
20251019	京都	12	☆	4	ストップヤーニング	1.0	1.0
20251019	新潟	1	◎	10	グッドホース	1.0	1.0
20251019	新潟	1	○	11	トルネードアイル	1.0	1.0
20251019	新潟	1	▲	6	ウールヴヘジン	1.0	1.0
20251019	新潟	1	☆	5	コーディアリー	1.0	1.0
20251019	新潟	2	◎	1	アドバンスモダン	1.0	0.958
20251019	新潟	2	○	7	モンサンゴールデン	1.0	0.958
20251019	新潟	2	▲	13	ドナシェーン	0.83	0.958
20251019	新潟	2	☆	4	ファンシーフリル	1.0	0.958
20251019	新潟	3	◎	10	オンザヴィーナス	0.88	0.969
20251019	新潟	3	○	17	マイネルステラート	1.0	0.969
20251019	新潟	3	▲	13	インフローレ	1.0	0.969
20251019	新潟	3	☆	14	フォルトレス	1.0	0.969
20251019	新潟	4	◎	1	ジェイエルトランス	1.0	0.972
20251019	新潟	4	○	3	メイショウドライブ	0.89	0.972
20251019	新潟	4	▲	9	ハニーローリエ	1.0	0.972
20251019	新潟	4	☆	12	シューンカイゼリン	1.0	0.972
20251019	新潟	6	◎	6	ヤマニンクイッカー	1.0	0.917
20251019	新潟	6	○	3	テーオーシュタイン	1.0	0.917
20251019	新潟	6	▲	7	ロミヒ	0.67	0.917
20251019	新潟	6	☆	9	チュウワダイオウ	1.0	0.917
20251019	新潟	7	◎	14	ミッキーストライク	1.0	1.0
20251019	新潟	7	○	15	ラコルネータ	1.0	1.0
20251019	新潟	7	▲	10	アンダーザライト	1.0	1.0
20251019	新潟	7	☆	11	デビューフライト	1.0	1.0
20251019	新潟	8	◎	4	ジーティーアグリム	1.0	1.0
20251019	新潟	8	○	3	オオタチ	1.0	1.0
20251019	新潟	8	▲	1	ルシタニア	1.0	1.0
20251019	新潟	8	☆	5	レグロスヴァーグ	1.0	1.0
20251019	新潟	9	◎	8	サングラデーション	1.0	1.0
20251019	新潟	9	○	11	ゼンノインヴォーク	1.0	1.0
20251019	新潟	9	▲	14	ホワイトビーチ	1.0	1.0
20251019	新潟	9	☆	1	ジャンビ	1.0	1.0
20251019	新潟	10	◎	7	ベイビーキッス	1.0	0.969
20251019	新潟	10	○	15	ルーラルハピネス	0.88	0.969
20251019	新潟	10	▲	16	ニジュウダンサー	1.0	0.969
20251019	新潟	10	☆	1	ディーエスショウマ	1.0	0.969
20251019	新潟	11	◎	12	フレミングフープ	0.88	0.969
20251019	新潟	11	○	11	キミノナハマリア	1.0	0.969
20251019	新潟	11	▲	10	ミアネーロ	1.0	0.969
20251019	新潟	11	☆	9	チルカーノ	1.0	0.969
20251019	新潟	12	◎	1	セイゲン	1.0	1.0
20251019	新潟	12	○	10	スノーサイレンス	1.0	1.0
20251019	新潟	12	▲	7	ケイツーギルダー	1.0	1.0
20251019	新潟	12	☆	6	ベンダバール	1.0	1.0
20251019	東京	1	◎	4	オテモヤン	1.0	1.0
20251019	東京	1	○	7	リフレックス	1.0	1.0
20251019	東京	1	▲	12	スタームーンナイト	1.0	1.0
20251019	東京	1	☆	14	ユイノカタリベ	1.0	1.0
20251019	東京	2	◎	5	シスターブラック	0.88	0.903
20251019	東京	2	▲	7	フジガイフウ	0.83	0.903
20251019	東京	2	☆	4	ルージュアストレア	1.0	0.903
20251019	東京	3	◎	13	トンガリボウシ	1.0	1.0
20251019	東京	3	○	4	チュウワメロディー	1.0	1.0
20251019	東京	3	▲	9	ヴェンデボヌール	1.0	1.0
20251019	東京	3	☆	5	ブラーヴジャン	1.0	1.0
20251019	東京	6	◎	1	ハイヤーマーク	1.0	1.0
20251019	東京	6	○	6	サンアントワーヌ	1.0	1.0
20251019	東京	6	▲	5	レッドスティンガー	1.0	1.0
20251019	東京	6	☆	8	コックオーヴァン	1.0	1.0
20251019	東京	7	◎	4	ニシノインヴィクタ	1.0	0.958
20251019	東京	7	○	9	クライスレリアーナ	1.0	0.958
20251019	東京	7	▲	1	プリムツァール	1.0	0.958
20251019	東京	7	☆	7	パストラーレ	0.83	0.958
20251019	東京	8	◎	9	アイスブレイカー	0.88	0.896
20251019	東京	8	○	12	ピコテンダー	0.83	0.896
20251019	東京	8	▲	1	ゴールドハンマー	1.0	0.896
20251019	東京	8	☆	5	マーゴットレーヴ	0.88	0.896
20251019	東京	10	◎	1	ハリウッドブルース	1.0	1.0
20251019	東京	10	○	8	サノノワンダー	1.0	1.0
20251019	東京	10	▲	4	レッドダンルース	1.0	1.0
20251019	東京	10	☆	6	スマートスピア	1.0	1.0
20251019	東京	11	◎	2	アピーリングルック	0.89	0.937
20251019	東京	11	○	3	クールミラボー	1.0	0.937
20251019	東京	11	▲	9	ブレイクフォース	1.0	0.937
20251019	東京	11	☆	1	サトノエピック	0.86	0.937
20251019	東京	12	◎	9	ニューステソーロ	1.0	0.972
20251019	東京	12	○	5	ジョイフルニュース	1.0	0.972
20251019	東京	12	▲	14	テリオスララ	1.0	0.972
20251019	東京	12	☆	12	ショウナンラピダス	0.89	0.972
20251025	京都	1	◎	1	トワイライトビュー	1.0	1.0
20251025	京都	1	○	3	リアライズガイザー	1.0	1.0
20251025	京都	1	▲	14	ホールオブミラーズ	1.0	1.0
20251025	京都	1	☆	9	ジャストアダッシュ	1.0	1.0
20251025	京都	2	◎	2	タガノニューデリー	1.0	1.0
20251025	京都	2	○	11	ゴールデンスラム	1.0	1.0
20251025	京都	2	▲	5	アンリミテッド	1.0	1.0
20251025	京都	2	☆	9	ヒロノスカイ	1.0	1.0
20251025	京都	3	◎	11	モカプウイング	0.86	0.937
20251025	京都	3	○	4	ナオミニオールイン	1.0	0.937
20251025	京都	3	▲	10	ペプチドブッドレア	0.89	0.937
20251025	京都	3	☆	2	テイエムアイラン	1.0	0.937
20251025	京都	7	◎	6	ゴルデールスカー	1.0	0.958
20251025	京都	7	○	4	ディニテ	1.0	0.958
20251025	京都	7	▲	1	プチプランス	0.83	0.958
20251025	京都	7	☆	10	アークドール	1.0	0.958
20251025	京都	8	◎	2	ネブラディスク	1.0	0.969
20251025	京都	8	○	9	キングスコール	1.0	0.969
20251025	京都	8	▲	3	メイショウヨゾラ	0.88	0.969
20251025	京都	8	☆	4	コスモアンソロジー	1.0	0.969
20251025	京都	9	◎	14	タイセイアディクト	0.89	0.972
20251025	京都	9	○	13	タガノマカシヤ	1.0	0.972
20251025	京都	9	▲	8	ジョータルマエ	1.0	0.972
20251025	京都	9	☆	2	レッドリベルタ	1.0	0.972
20251025	京都	10	◎	8	ジョディーズマロン	1.0	1.0
20251025	京都	10	○	9	レディマリオン	1.0	1.0
20251025	京都	10	▲	2	ヤマニンアストロン	1.0	1.0
20251025	京都	10	☆	7	ウインスノーライト	1.0	1.0
20251025	京都	11	◎	8	マイネルメモリー	1.0	0.964
20251025	京都	11	○	1	センツブラッド	0.86	0.964
20251025	京都	11	▲	7	オーロラエックス	1.0	0.964
20251025	京都	11	☆	3	ナムラエイハブ	1.0	0.964
20251025	京都	12	◎	7	サラコスティ	1.0	1.0
20251025	京都	12	○	4	エンベッカ	1.0	1.0
20251025	京都	12	▲	10	アレンテージョ	1.0	1.0
20251025	京都	12	☆	9	マイネルフルムーン	1.0	1.0
20251025	新潟	1	◎	15	ジーティーシップ	1.0	0.972
20251025	新潟	1	○	8	マーゴットミスト	1.0	0.972
20251025	新潟	1	▲	13	カレンデュラ	1.0	0.972
20251025	新潟	1	☆	7	イイクニパッション	0.89	0.972
20251025	新潟	2	◎	2	マーゴットオネイロ	1.0	0.937
20251025	新潟	2	○	7	ミュージックレイン	1.0	0.937
20251025	新潟	2	▲	4	レディサン	0.89	0.937
20251025	新潟	2	☆	15	オアシスアラン	0.86	0.937
20251025	新潟	3	◎	1	アイドクレース	1.0	0.969
20251025	新潟	3	○	12	ショウナンダイン	0.88	0.969
20251025	新潟	3	▲	7	ローズプリンセス	1.0	0.969
20251025	新潟	3	☆	5	マンサニージャ	1.0	0.969
20251025	新潟	4	◎	3	デアデルマーレ	1.0	0.972
20251025	新潟	4	○	13	トゥインクルアップ	0.89	0.972
20251025	新潟	4	▲	1	カロローザ	1.0	0.972
20251025	新潟	4	☆	8	フォンメイリー	1.0	0.972
20251025	新潟	5	◎	8	ユイノコキュウ	1.0	0.972
20251025	新潟	5	○	9	クラリネットソナタ	1.0	0.972
20251025	新潟	5	▲	14	マテンロウブレイブ	0.89	0.972
20251025	新潟	5	☆	11	レッドシュトラール	1.0	0.972
20251025	新潟	6	◎	10	シャインバオバブ	1.0	0.937
20251025	新潟	6	○	5	ベランジェール	1.0	0.937
20251025	新潟	6	▲	13	コンフォルツァ	0.86	0.937
20251025	新潟	6	☆	12	トゥルーサクセサー	0.89	0.937
20251025	新潟	7	◎	2	グレイスカリヨン	1.0	0.91
20251025	新潟	7	○	12	サンライズブレイク	0.89	0.91
20251025	新潟	7	▲	8	ヒラボクカレラ	1.0	0.91
20251025	新潟	7	☆	10	ハッピーパンニャ	0.75	0.91
20251025	新潟	8	◎	12	ブレードサクセス	1.0	0.885
20251025	新潟	8	○	3	ブリスキー	1.0	0.885
20251025	新潟	8	▲	7	マハナ	0.67	0.885
20251025	新潟	8	☆	5	ヒラリーステップ	0.88	0.885
20251025	新潟	9	◎	9	スペルキャスター	0.88	0.969
20251025	新潟	9	○	12	レジーナローズ	1.0	0.969
20251025	新潟	9	▲	17	マグネシアブリック	1.0	0.969
20251025	新潟	9	☆	8	カフジキアッキエレ	1.0	0.969
20251025	新潟	10	◎	10	アイウィル	1.0	0.929
20251025	新潟	10	○	2	アスクシュタイン	1.0	0.929
20251025	新潟	10	▲	1	アールプロスト	1.0	0.929
20251025	新潟	10	☆	11	アラレタバシル	0.71	0.929
20251025	新潟	11	◎	17	キャントウェイト	1.0	0.964
20251025	新潟	11	○	15	アスクナイスショー	1.0	0.964
20251025	新潟	11	▲	13	タガノデュード	0.86	0.964
20251025	新潟	11	☆	6	タイキラフター	1.0	0.964
20251025	新潟	12	◎	6	ビッグフラワー	1.0	0.958
20251025	新潟	12	○	16	ストレイトアスク	1.0	0.958
20251025	新潟	12	▲	3	バンブルビー	0.83	0.958
20251025	新潟	12	☆	15	レオンバローズ	1.0	0.958
20251025	東京	1	◎	2	テンレディーゴー	1.0	1.0
20251025	東京	1	○	12	イナズマダイモン	1.0	1.0
20251025	東京	1	▲	1	ウインビギニング	1.0	1.0
20251025	東京	1	☆	4	ゴットタレント	1.0	1.0
20251025	東京	2	◎	7	トレニアムーン	1.0	1.0
20251025	東京	2	○	9	サンセリテ	1.0	1.0
20251025	東京	2	▲	2	ジュラトリー	1.0	1.0
20251025	東京	2	☆	1	セルリア	1.0	1.0
20251025	東京	3	◎	4	シルバーゴールド	1.0	1.0
20251025	東京	3	○	1	スカイリッチ	1.0	1.0
20251025	東京	3	▲	7	アッシズオブローズ	1.0	1.0
20251025	東京	3	☆	9	ノーウェアマン	1.0	1.0
20251025	東京	7	◎	2	キカオクベシ	0.83	0.927
20251025	東京	7	○	16	マクミランテソーロ	1.0	0.927
20251025	東京	7	▲	11	スプランドゥール	0.88	0.927
20251025	東京	7	☆	10	トモジャシーマ	1.0	0.927
20251025	東京	8	◎	4	ドーバーブライト	1.0	0.95
20251025	東京	8	○	5	レイニング	0.8	0.95
20251025	東京	8	▲	7	リポサンテ	1.0	0.95
20251025	東京	8	☆	3	アドミラルシップ	1.0	0.95
20251025	東京	9	◎	12	メイケイバートン	0.88	0.969
20251025	東京	9	○	7	デンクマール	1.0	0.969
20251025	東京	9	▲	10	マテンロウサン	1.0	0.969
20251025	東京	9	☆	1	ミッキーチャレンジ	1.0	0.969
20251025	東京	10	◎	6	トウカイポワール	0.88	0.969
20251025	東京	10	○	9	ヴァンドーム	1.0	0.969
20251025	東京	10	▲	3	ベンヌ	1.0	0.969
20251025	東京	10	☆	5	タイゲン	1.0	0.969
20251025	東京	11	◎	6	ヒルデグリム	1.0	0.972
20251025	東京	11	○	5	フィロステファニ	1.0	0.972
20251025	東京	11	▲	7	マルガ	1.0	0.972
20251025	東京	11	☆	8	ハッピーエンジェル	0.89	0.972
20251025	東京	12	◎	6	アルジェンタージョ	1.0	0.875
20251025	東京	12	○	9	ワーズワース	0.5	0.875
20251025	東京	12	▲	1	フウセツ	1.0	0.875
20251025	東京	12	☆	2	マサノユニコーン	1.0	0.875
20251026	京都	1	◎	2	ウンナターシャ	1.0	0.972
20251026	京都	1	○	5	アーネストアイズ	1.0	0.972
20251026	京都	1	▲	7	ジェイストリーク	1.0	0.972
20251026	京都	1	☆	9	レステダンルヴァン	0.89	0.972
20251026	京都	2	◎	4	ウォーターブビンガ	1.0	0.941
20251026	京都	2	○	1	カルロット	1.0	0.941
20251026	京都	2	▲	2	パーシャングレー	0.88	0.941
20251026	京都	2	☆	10	マイリトルヒーロー	0.89	0.941
20251026	京都	3	◎	5	アスクチャンスマン	1.0	0.887
20251026	京都	3	○	6	カトマンズゴールド	1.0	0.887
20251026	京都	3	▲	9	パーヴォ	0.75	0.887
20251026	京都	3	☆	2	イロゴルシ	0.8	0.887
20251026	京都	6	◎	11	テイエムパイロット	0.89	0.937
20251026	京都	6	○	2	サンマルノヴェル	1.0	0.937
20251026	京都	6	▲	10	サンライズシア	0.86	0.937
20251026	京都	6	☆	7	ポッドドンナー	1.0	0.937
20251026	京都	7	◎	8	ハギノコラソン	1.0	1.0
20251026	京都	7	○	7	ステアハート	1.0	1.0
20251026	京都	7	▲	9	カルミアクラウン	1.0	1.0
20251026	京都	7	☆	1	スルーザナイト	1.0	1.0
20251026	京都	8	◎	13	シュブロンレーヴル	1.0	1.0
20251026	京都	8	○	9	モジャーリオ	1.0	1.0
20251026	京都	8	▲	14	コウセキ	1.0	1.0
20251026	京都	8	☆	12	ルージュスエルテ	1.0	1.0
20251026	京都	9	◎	3	セイカンサンラン	1.0	0.981
20251026	京都	9	○	2	キッコベッロ	0.92	0.981
20251026	京都	9	▲	6	オルネーロ	1.0	0.981
20251026	京都	9	☆	4	ディーリライズ	1.0	0.981
20251026	京都	10	◎	14	マーブルロック	1.0	0.972
20251026	京都	10	○	9	ルシュヴァルドール	1.0	0.972
20251026	京都	10	▲	5	ジューンアヲニヨシ	0.89	0.972
20251026	京都	10	☆	3	スナークラファエロ	1.0	0.972
20251026	京都	11	◎	18	レッドバンデ	0.83	0.858
20251026	京都	11	○	9	エネルジコ	1.0	0.858
20251026	京都	11	▲	11	マイユニバース	1.0	0.858
20251026	京都	11	☆	5	ジョバンニ	0.6	0.858
20251026	京都	12	◎	6	コスモストーム	1.0	0.917
20251026	京都	12	○	13	ピエマンソン	0.67	0.917
20251026	京都	12	▲	15	ウルスクローム	1.0	0.917
20251026	京都	12	☆	12	ジェネラーレ	1.0	0.917
20251026	新潟	1	◎	7	ティナンヴァランタ	1.0	0.969
20251026	新潟	1	○	8	アルティソナンテ	0.88	0.969
20251026	新潟	1	▲	2	マーゴットクリュグ	1.0	0.969
20251026	新潟	1	☆	5	キョウエイハル	1.0	0.969
20251026	新潟	2	◎	6	ドナベーネ	1.0	0.95
20251026	新潟	2	○	11	ジャスフォール	1.0	0.95
20251026	新潟	2	▲	8	アスミル	1.0	0.95
20251026	新潟	2	☆	4	スカイピア	0.8	0.95
20251026	新潟	3	◎	10	ディープエフェクト	0.89	0.972
20251026	新潟	3	○	7	バトゥカーダ	1.0	0.972
20251026	新潟	3	▲	8	スノースコール	1.0	0.972
20251026	新潟	3	☆	3	ディアギレフ	1.0	0.972
20251026	新潟	4	◎	16	デイジー	1.0	0.969
20251026	新潟	4	○	7	マーゴットレジーナ	1.0	0.969
20251026	新潟	4	▲	3	トロピカルティー	0.88	0.969
20251026	新潟	4	☆	2	エアビッグマム	1.0	0.969
20251026	新潟	6	◎	11	ノビル	1.0	0.927
20251026	新潟	6	○	9	ビーコング	1.0	0.927
20251026	新潟	6	▲	3	ナムラペルル	0.83	0.927
20251026	新潟	6	☆	2	タイセイピューマ	0.88	0.927
20251026	新潟	7	◎	4	コスモレオナルド	1.0	1.0
20251026	新潟	7	○	14	ディヴァインスター	1.0	1.0
20251026	新潟	7	▲	11	レベルスルール	1.0	1.0
20251026	新潟	7	☆	2	ダノンジャイアン	1.0	1.0
20251026	新潟	8	◎	7	ピストルスター	0.86	0.881
20251026	新潟	8	○	8	テーオーマルコーニ	1.0	0.881
20251026	新潟	8	▲	3	シャンハイナイト	1.0	0.881
20251026	新潟	8	☆	4	ロミヒ	0.67	0.881
20251026	新潟	9	◎	5	クイーンズワーフ	1.0	0.958
20251026	新潟	9	○	10	ベストシーン	1.0	0.958
20251026	新潟	9	▲	6	グレゴリオ	1.0	0.958
20251026	新潟	9	☆	1	パルメリータ	0.83	0.958
20251026	新潟	10	◎	3	コスモアバンサ	0.86	0.948
20251026	新潟	10	○	16	ウインアクトゥール	1.0	0.948
20251026	新潟	10	▲	2	パッションリッチ	0.93	0.948
20251026	新潟	10	☆	12	カリーニョ	1.0	0.948
20251026	新潟	11	◎	9	シロン	1.0	1.0
20251026	新潟	11	○	15	カルロヴェローチェ	1.0	1.0
20251026	新潟	11	▲	6	バグラダス	1.0	1.0
20251026	新潟	11	☆	1	クムシラコ	1.0	1.0
20251026	新潟	12	◎	5	テンペストヒロイン	0.89	0.806
20251026	新潟	12	○	10	ペッパーミル	0.83	0.806
20251026	新潟	12	▲	3	ポンピエ	0.5	0.806
20251026	新潟	12	☆	2	ベンダバール	1.0	0.806
20251026	東京	1	◎	3	ラブデウザ	1.0	1.0
20251026	東京	1	○	12	スリーコーズ	1.0	1.0
20251026	東京	1	▲	1	エスシーレイジュ	1.0	1.0
20251026	東京	1	☆	5	アイアンナックル	1.0	1.0
20251026	東京	2	◎	5	マスカルポーネ	0.86	0.902
20251026	東京	2	○	9	セヴェロ	0.75	0.902
20251026	東京	2	▲	8	ゼータレティクル	1.0	0.902
20251026	東京	2	☆	6	グリーンガーネット	1.0	0.902
20251026	東京	3	◎	9	エフティヴェント	1.0	0.95
20251026	東京	3	○	1	リゾートアイランド	1.0	0.95
20251026	東京	3	▲	11	リラ	0.8	0.95
20251026	東京	3	☆	5	シークレット	1.0	0.95
20251026	東京	7	◎	8	ベルメサイア	1.0	0.972
20251026	東京	7	○	12	サザンティスプーン	0.89	0.972
20251026	東京	7	▲	2	ハッピーウィズユー	1.0	0.972
20251026	東京	7	☆	13	ミランカ	1.0	0.972
20251026	東京	8	◎	10	レッドレナート	0.86	0.937
20251026	東京	8	○	14	インパクトシー	1.0	0.937
20251026	東京	8	▲	7	テンミラクルスター	0.89	0.937
20251026	東京	8	☆	5	ドリーミングアップ	1.0	0.937
20251026	東京	9	◎	6	ホレーショ	1.0	0.964
20251026	東京	9	○	7	ゼロスネーク	1.0	0.964
20251026	東京	9	▲	11	クインズデネブ	0.86	0.964
20251026	東京	9	☆	10	ハリウッドブルース	1.0	0.964
20251026	東京	10	◎	3	ミーントゥビー	0.86	0.964
20251026	東京	10	○	10	ブルーベリーフィズ	1.0	0.964
20251026	東京	10	▲	6	クリニクラウン	1.0	0.964
20251026	東京	10	☆	2	フォーザボーイズ	1.0	0.964
20251026	東京	11	◎	9	ノーブルロジャー	1.0	0.942
20251026	東京	11	○	3	ジャスティンアース	1.0	0.942
20251026	東京	11	▲	13	インユアパレス	0.77	0.942
20251026	東京	11	☆	4	モズミギカタアガリ	1.0	0.942
20251026	東京	12	◎	7	キョウエイカンセ	1.0	1.0
20251026	東京	12	○	8	セブンマイスター	1.0	1.0
20251026	東京	12	▲	6	フィーチャリング	1.0	1.0
20251026	東京	12	☆	10	エドワードバローズ	1.0	1.0
20251101	京都	1	◎	8	クリコファルコン	1.0	1.0
20251101	京都	1	○	4	カッタッパ	1.0	1.0
20251101	京都	1	▲	11	ラッキーバック	1.0	1.0
20251101	京都	1	☆	9	アウェイクネス	1.0	1.0
20251101	京都	2	◎	4	ユナダイヤ	1.0	1.0
20251101	京都	2	○	3	レガリアーナ	1.0	1.0
20251101	京都	2	▲	7	ハヤテノオジョー	1.0	1.0
20251101	京都	2	☆	12	グラスゴー	1.0	1.0
20251101	京都	3	◎	8	モチモチチャン	1.0	0.969
20251101	京都	3	○	5	パウワウビート	1.0	0.969
20251101	京都	3	▲	1	フォルナックス	1.0	0.969
20251101	京都	3	☆	3	ヴィラジョヴィス	0.88	0.969
20251101	京都	7	◎	3	ペイドラロワール	1.0	1.0
20251101	京都	7	▲	6	エフエイト	1.0	1.0
20251101	京都	7	☆	10	エンドレスロード	1.0	1.0
20251101	京都	8	◎	12	メイケイロゼッタ	1.0	1.0
20251101	京都	8	○	15	アンバードール	1.0	1.0
20251101	京都	8	▲	10	アーロンイメル	1.0	1.0
20251101	京都	8	☆	8	メイショウオオコ	1.0	1.0
20251101	京都	9	◎	11	ラレーヌデリス	1.0	1.0
20251101	京都	9	○	7	トッピボーン	1.0	1.0
20251101	京都	9	▲	10	エコロディノス	1.0	1.0
20251101	京都	9	☆	9	メディテラニアン	1.0	1.0
20251101	京都	10	◎	12	ホルトバージ	1.0	1.0
20251101	京都	10	○	11	マルチャレアル	1.0	1.0
20251101	京都	10	▲	2	カネトシゴウト	1.0	1.0
20251101	京都	10	☆	10	ヒロノラメール	1.0	1.0
20251101	京都	11	◎	11	アンヘリータス	1.0	1.0
20251101	京都	11	○	2	フェスティバルヒル	1.0	1.0
20251101	京都	11	▲	5	ブラックチャリス	1.0	1.0
20251101	京都	11	☆	12	シラヌイ	1.0	1.0
20251101	京都	12	◎	6	ニシノイツキムスメ	0.89	0.972
20251101	京都	12	○	11	シャイフ	1.0	0.972
20251101	京都	12	▲	10	エーデルヴェーグ	1.0	0.972
20251101	京都	12	☆	1	ミッキースターダム	1.0	0.972
20251101	東京	1	◎	12	アラクラン	1.0	1.0
20251101	東京	1	○	2	アルカディアカフェ	1.0	1.0
20251101	東京	1	▲	6	リアライズタキオン	1.0	1.0
20251101	東京	1	☆	9	スフェーンテソーロ	1.0	1.0
20251101	東京	2	◎	8	ケイツータカ	1.0	0.969
20251101	東京	2	○	10	モルニケ	1.0	0.969
20251101	東京	2	▲	3	ツウキンカイソク	0.88	0.969
20251101	東京	2	☆	11	ヘイマー	1.0	0.969
20251101	東京	3	◎	11	ファムクラジューズ	1.0	1.0
20251101	東京	3	○	2	ソラネルマン	1.0	1.0
20251101	東京	3	▲	6	ポッドクロス	1.0	1.0
20251101	東京	3	☆	8	パンジー	1.0	1.0
20251101	東京	6	◎	10	ホシニネガイヲ	1.0	1.0
20251101	東京	6	○	4	セギレエルビエント	1.0	1.0
20251101	東京	6	▲	11	サンタアニタ	1.0	1.0
20251101	東京	6	☆	12	ラブディーヴァ	1.0	1.0
20251101	東京	7	◎	7	トレインザマインド	1.0	1.0
20251101	東京	7	○	2	タマモトリノ	1.0	1.0
20251101	東京	7	▲	4	オウケンシルヴァー	1.0	1.0
20251101	東京	7	☆	11	カージオイド	1.0	1.0
20251101	東京	8	◎	1	フミサウンド	1.0	1.0
20251101	東京	8	○	11	ペイシャケイプ	1.0	1.0
20251101	東京	8	▲	12	ルークススペイ	1.0	1.0
20251101	東京	8	☆	9	ダイシンリンク	1.0	1.0
20251101	東京	9	◎	1	サンカシグレ	1.0	0.964
20251101	東京	9	○	6	ホウオウアートマン	1.0	0.964
20251101	東京	9	▲	5	トリプルコーク	0.86	0.964
20251101	東京	9	☆	8	ローザサンリヴァル	1.0	0.964
20251101	東京	10	◎	9	キュクヌス	1.0	1.0
20251101	東京	10	○	5	ヒシアマン	1.0	1.0
20251101	東京	10	▲	6	カニキュル	1.0	1.0
20251101	東京	10	☆	2	ウォーターガーベラ	1.0	1.0
20251101	東京	11	◎	7	カラマティアノス	1.0	1.0
20251101	東京	11	▲	12	ユティタム	1.0	1.0
20251101	東京	11	☆	8	ジェイパームス	1.0	1.0
20251101	東京	12	◎	5	ツインピークス	1.0	1.0
20251101	東京	12	○	7	ベストミーエヴァー	1.0	1.0
20251101	東京	12	▲	8	マリアイリダータ	1.0	1.0
20251101	東京	12	☆	13	スモーキーゴッド	1.0	1.0
20251102	京都	1	◎	3	パークヒルシューズ	0.89	0.972
20251102	京都	1	○	4	テイエムゴッホ	1.0	0.972
20251102	京都	1	▲	15	ロードアマルフィ	1.0	0.972
20251102	京都	1	☆	14	カセノコンコルド	1.0	0.972
20251102	京都	2	◎	2	ロゼア	1.0	1.0
20251102	京都	2	○	3	ワンダフルボンド	1.0	1.0
20251102	京都	2	▲	1	インフィオラータ	1.0	1.0
20251102	京都	2	☆	4	ロングホリデー	1.0	1.0
20251102	京都	6	◎	12	エンマ	1.0	0.964
20251102	京都	6	○	5	タケルハーロック	1.0	0.964
20251102	京都	6	▲	10	ソルナシエンテ	0.86	0.964
20251102	京都	6	☆	14	サルタール	1.0	0.964
20251102	京都	7	◎	4	スカイサーベイ	1.0	0.906
20251102	京都	7	○	9	サンライズバブル	0.88	0.906
20251102	京都	7	▲	13	パフュームセント	0.75	0.906
20251102	京都	7	☆	7	セイキュート	1.0	0.906
20251102	京都	8	◎	4	パールフロント	0.86	0.964
20251102	京都	8	○	14	アスタールフナ	1.0	0.964
20251102	京都	8	▲	5	ユウトザレン	1.0	0.964
20251102	京都	8	☆	6	ゲッティヴィラ	1.0	0.964
20251102	京都	9	◎	14	チャーリー	1.0	0.964
20251102	京都	9	○	10	パイロマンサー	0.86	0.964
20251102	京都	9	▲	9	ワンダーディーン	1.0	0.964
20251102	京都	9	☆	2	マーゴットサンズ	1.0	0.964
20251102	京都	10	◎	2	ヴォランテ	1.0	1.0
20251102	京都	10	○	13	アクアヴァーナル	1.0	1.0
20251102	京都	10	▲	3	タイセイフェリーク	1.0	1.0
20251102	京都	10	☆	9	フルール	1.0	1.0
20251102	京都	11	◎	10	エアファンディタ	1.0	0.923
20251102	京都	11	○	6	ブエナオンダ	0.83	0.923
20251102	京都	11	▲	2	ダイシンヤマト	0.86	0.923
20251102	京都	11	☆	1	シングザットソング	1.0	0.923
20251102	京都	12	◎	2	カリーシ	0.75	0.938
20251102	京都	12	○	11	リチャードバローズ	1.0	0.938
20251102	京都	12	▲	3	マテンロウブラボー	1.0	0.938
20251102	京都	12	☆	8	ネーブルオレンジ	1.0	0.938
20251102	東京	1	◎	4	マイネルメテオーラ	1.0	0.969
20251102	東京	1	○	9	グランマエストロ	1.0	0.969
20251102	東京	1	▲	10	グランセレスト	1.0	0.969
20251102	東京	1	☆	1	オーシャンステラ	0.88	0.969
20251102	東京	2	◎	2	エクスプレスナイト	1.0	0.972
20251102	東京	2	○	14	ヘリテージブルーム	0.89	0.972
20251102	東京	2	▲	13	ウィングブルー	1.0	0.972
20251102	東京	2	☆	3	フォークスアップ	1.0	0.972
20251102	東京	3	◎	5	ルンベーラ	1.0	1.0
20251102	東京	3	○	6	タッセルノット	1.0	1.0
20251102	東京	3	▲	3	マイネルディザイア	1.0	1.0
20251102	東京	3	☆	1	ファーザーアウェイ	1.0	1.0
20251102	東京	6	◎	2	マーゴットレーヴ	1.0	1.0
20251102	東京	6	○	7	アンクエンチャブル	1.0	1.0
20251102	東京	6	▲	4	クニノハッピー	1.0	1.0
20251102	東京	6	☆	6	カフェブーケット	1.0	1.0
20251102	東京	7	◎	16	エーデル	1.0	0.964
20251102	東京	7	○	11	ルヴァレドクール	1.0	0.964
20251102	東京	7	▲	6	ジェイエルマスター	1.0	0.964
20251102	東京	7	☆	12	スクレイピング	0.86	0.964
20251102	東京	8	◎	5	エリプティクカーブ	1.0	1.0
20251102	東京	8	○	1	ガローファノ	1.0	1.0
20251102	東京	8	▲	2	フォルテアンジェロ	1.0	1.0
20251102	東京	8	☆	3	アッカン	1.0	1.0
20251102	東京	9	◎	8	エンペラーズソード	0.89	0.922
20251102	東京	9	○	3	ワンモアスマイル	1.0	0.922
20251102	東京	9	▲	2	アンパドゥ	0.8	0.922
20251102	東京	9	☆	10	ツルマウカタチ	1.0	0.922
20251102	東京	10	◎	4	ドーバーホーク	1.0	0.969
20251102	東京	10	○	7	マーズオデッセイ	0.88	0.969
20251102	東京	10	▲	6	ドラゴンウェルズ	1.0	0.969
20251102	東京	10	☆	9	アンシール	1.0	0.969
20251102	東京	11	◎	10	エコロヴァルツ	1.0	1.0
20251102	東京	11	○	5	タスティエーラ	1.0	1.0
20251102	東京	11	▲	7	マスカレードボール	1.0	1.0
20251102	東京	11	☆	14	クイーンズウォーク	1.0	1.0
20251102	東京	12	◎	4	アリエスキング	1.0	0.9
20251102	東京	12	○	13	ロッシニアーナ	1.0	0.9
20251102	東京	12	▲	5	ダンツファイター	1.0	0.9
20251102	東京	12	☆	8	オコタンペ	0.6	0.9
20251108	京都	1	◎	2	コズミックフレア	1.0	0.964
20251108	京都	1	○	10	ショコラプリン	0.86	0.964
20251108	京都	1	▲	6	ディヴァインボンド	1.0	0.964
20251108	京都	1	☆	5	ジーティービキニ	1.0	0.964
20251108	京都	2	◎	9	イズントイット	1.0	0.908
20251108	京都	2	○	11	アパレイユ	0.8	0.908
20251108	京都	2	▲	6	パトローナス	0.83	0.908
20251108	京都	2	☆	10	トミーバローズ	1.0	0.908
20251108	京都	3	◎	6	コスモクラシック	1.0	0.969
20251108	京都	3	○	10	ネッタイヤライ	1.0	0.969
20251108	京都	3	▲	1	ティタノマキア	1.0	0.969
20251108	京都	3	☆	5	シートゥサミット	0.88	0.969
20251108	京都	4	◎	10	クボウサマ	0.8	0.922
20251108	京都	4	○	11	ジャスティンルマン	1.0	0.922
20251108	京都	4	▲	1	ファイアスピリット	0.89	0.922
20251108	京都	4	☆	12	ウルトラハート	1.0	0.922
20251108	京都	7	◎	11	ゴーオンパーパス	0.75	0.906
20251108	京都	7	○	1	ルクスデイジー	1.0	0.906
20251108	京都	7	▲	9	モンテディアーナ	0.88	0.906
20251108	京都	7	☆	13	オリージネアリア	1.0	0.906
20251108	京都	9	◎	3	ジャスパーバローズ	0.89	0.878
20251108	京都	9	○	11	リリーフィールド	1.0	0.878
20251108	京都	9	▲	7	ポートデラメール	0.88	0.878
20251108	京都	9	☆	13	トゥロン	0.75	0.878
20251108	京都	10	◎	1	エポックヴィーナス	1.0	1.0
20251108	京都	10	○	4	アイサンサン	1.0	1.0
20251108	京都	10	▲	10	ダズリングブレイヴ	1.0	1.0
20251108	京都	10	☆	8	ミッキージュエリー	1.0	1.0
20251108	京都	11	◎	11	カズゴルティス	1.0	0.938
20251108	京都	11	○	4	スターターン	1.0	0.938
20251108	京都	11	▲	16	ボナンザ	0.75	0.938
20251108	京都	11	☆	9	イスラアネーロ	1.0	0.938
20251108	京都	12	◎	1	デルシエロ	1.0	1.0
20251108	京都	12	○	8	クラウディアイ	1.0	1.0
20251108	京都	12	▲	9	ルージュスティーズ	1.0	1.0
20251108	京都	12	☆	13	ニュークレド	1.0	1.0
20251108	東京	1	◎	14	マジンタクシー	1.0	1.0
20251108	東京	1	○	15	ビップムーラン	1.0	1.0
20251108	東京	1	▲	9	アルコア	1.0	1.0
20251108	東京	1	☆	13	ローズライズ	1.0	1.0
20251108	東京	2	◎	11	ノリチャンボウルズ	1.0	1.0
20251108	東京	2	○	4	ヴンダーバール	1.0	1.0
20251108	東京	2	▲	6	アンディラメナ	1.0	1.0
20251108	東京	2	☆	15	ライフイズ	1.0	1.0
20251108	東京	3	◎	7	ノリマル	1.0	0.964
20251108	東京	3	○	12	プレイザリード	0.86	0.964
20251108	東京	3	▲	8	グリーンエナジー	1.0	0.964
20251108	東京	3	☆	9	グランアルト	1.0	0.964
20251108	東京	7	◎	9	ショウナンラリー	1.0	0.917
20251108	東京	7	○	12	ドントゥザムーン	1.0	0.917
20251108	東京	7	▲	6	トニケンサンバ	1.0	0.917
20251108	東京	7	☆	11	ナムラペルル	0.67	0.917
20251108	東京	8	◎	1	クロシェットノエル	1.0	0.964
20251108	東京	8	○	6	エストゥペンダ	0.86	0.964
20251108	東京	8	▲	5	クラッシファイド	1.0	0.964
20251108	東京	8	☆	7	ビーオンザカバー	1.0	0.964
20251108	東京	9	◎	3	キャネル	1.0	1.0
20251108	東京	9	○	4	キョウキランブ	1.0	1.0
20251108	東京	9	▲	5	テーオーマルコーニ	1.0	1.0
20251108	東京	9	☆	13	ファイアトリック	1.0	1.0
20251108	東京	10	◎	8	メイショウミカワ	1.0	1.0
20251108	東京	10	○	7	ヴァンドーム	1.0	1.0
20251108	東京	10	▲	4	ルグランヴァン	1.0	1.0
20251108	東京	10	☆	5	モンドデラモーレ	1.0	1.0
20251108	東京	11	◎	12	フクチャンショウ	1.0	0.964
20251108	東京	11	○	10	ダイヤモンドノット	1.0	0.964
20251108	東京	11	▲	6	シュペルリング	0.86	0.964
20251108	東京	11	☆	14	トワニ	1.0	0.964
20251108	東京	12	◎	8	カイトグート	1.0	0.941
20251108	東京	12	○	2	ダノンエンブレム	0.88	0.941
20251108	東京	12	▲	1	アセンブリールーム	0.89	0.941
20251108	東京	12	☆	4	ゴールドシーン	1.0	0.941
20251108	福島	1	◎	7	テセラグラディウス	1.0	1.0
20251108	福島	1	○	1	ジェネチェン	1.0	1.0
20251108	福島	1	▲	4	ルージュアリスタ	1.0	1.0
20251108	福島	1	☆	2	アーティラリー	1.0	1.0
20251108	福島	2	◎	2	アクティングエリア	1.0	0.969
20251108	福島	2	○	8	ブライトエアリー	0.88	0.969
20251108	福島	2	▲	5	ミルトメテオ	1.0	0.969
20251108	福島	2	☆	6	ロードメルヴェイユ	1.0	0.969
20251108	福島	3	◎	4	ヒロウッドテール	1.0	1.0
20251108	福島	3	○	9	イサギ	1.0	1.0
20251108	福島	3	▲	15	アトモス	1.0	1.0
20251108	福島	3	☆	6	シューティングガイ	1.0	1.0
20251108	福島	4	◎	8	アイスリンディ	1.0	0.969
20251108	福島	4	○	14	アイドル	1.0	0.969
20251108	福島	4	▲	7	オオゾラヒバリ	1.0	0.969
20251108	福島	4	☆	1	クインズポラリス	0.88	0.969
20251108	福島	6	◎	1	スピンザブラッド	0.88	0.87
20251108	福島	6	○	6	スナークピカソ	0.71	0.87
20251108	福島	6	▲	12	ゲンジ	1.0	0.87
20251108	福島	6	☆	14	ニシノコマチムスメ	0.89	0.87
20251108	福島	7	◎	2	レジーナローズ	1.0	0.933
20251108	福島	7	○	7	セゾンデフィーユ	1.0	0.933
20251108	福島	7	▲	5	バシレイア	0.8	0.933
20251108	福島	8	◎	4	サノノアメリカン	1.0	1.0
20251108	福島	8	○	14	ロードヴァルカン	1.0	1.0
20251108	福島	8	▲	9	ゲーベル	1.0	1.0
20251108	福島	8	☆	15	スパークルジョイ	1.0	1.0
20251108	福島	9	◎	1	コスモアチーブ	1.0	1.0
20251108	福島	9	○	12	エテルニータ	1.0	1.0
20251108	福島	9	▲	2	スイートオレンジ	1.0	1.0
20251108	福島	9	☆	16	トレベルオール	1.0	1.0
20251108	福島	10	◎	11	スペルキャスター	0.88	0.891
20251108	福島	10	○	4	アジュマン	0.8	0.891
20251108	福島	10	▲	15	ジャスパーディビネ	0.89	0.891
20251108	福島	10	☆	13	バシレウスシチー	1.0	0.891
20251108	福島	11	◎	16	ゴールドサーベル	1.0	0.871
20251108	福島	11	○	13	ソルトクィーン	0.86	0.871
20251108	福島	11	▲	6	トーラスシャイン	1.0	0.871
20251108	福島	11	☆	3	メイショウピース	0.62	0.871
20251108	福島	12	◎	2	タイセイマンボ	1.0	1.0
20251108	福島	12	○	3	ハッコウイチウ	1.0	1.0
20251108	福島	12	▲	11	ロードヴォイジャー	1.0	1.0
20251108	福島	12	☆	15	ウィテカービート	1.0	1.0
20251109	京都	1	◎	6	エコロボルト	1.0	1.0
20251109	京都	1	○	3	ラブインアクション	1.0	1.0
20251109	京都	1	▲	10	ムテキシャチョウ	1.0	1.0
20251109	京都	1	☆	2	ジュディーイメル	1.0	1.0
20251109	京都	2	◎	1	ルージュプルーヴ	0.88	0.938
20251109	京都	2	○	8	スマッシング	1.0	0.938
20251109	京都	2	▲	3	タイムレスキス	1.0	0.938
20251109	京都	2	☆	6	グランドオーパス	0.88	0.938
20251109	京都	3	◎	1	チェリヴェント	1.0	0.972
20251109	京都	3	○	6	マテンロウゲイル	1.0	0.972
20251109	京都	3	▲	3	カモンメーン	1.0	0.972
20251109	京都	3	☆	7	パウンドフォーワン	0.89	0.972
20251109	京都	6	◎	3	リアルペガサス	0.86	0.964
20251109	京都	6	○	16	アカデミア	1.0	0.964
20251109	京都	6	▲	9	アークドール	1.0	0.964
20251109	京都	6	☆	8	ヴァリージア	1.0	0.964
20251109	京都	7	◎	1	サークルオブジョイ	1.0	0.969
20251109	京都	7	○	2	ピックデムッシュ	0.88	0.969
20251109	京都	7	▲	6	アルマデオロ	1.0	0.969
20251109	京都	7	☆	3	クルミナーレ	1.0	0.969
20251109	京都	8	◎	7	ルナビス	1.0	1.0
20251109	京都	8	○	13	モズカトレア	1.0	1.0
20251109	京都	8	▲	16	ノボリクレバー	1.0	1.0
20251109	京都	8	☆	2	サツキノジョウ	1.0	1.0
20251109	京都	9	◎	3	ゼンダンハヤブサ	1.0	0.972
20251109	京都	9	○	8	バレルターン	1.0	0.972
20251109	京都	9	▲	2	フェアリーライク	1.0	0.972
20251109	京都	9	☆	5	レーヴブリリアント	0.89	0.972
20251109	京都	10	◎	3	キタノソワレ	1.0	0.893
20251109	京都	10	○	6	ヤマニンシュラ	1.0	0.893
20251109	京都	10	▲	1	ルディック	1.0	0.893
20251109	京都	10	☆	10	パドマ	0.57	0.893
20251109	京都	11	◎	2	ノースブリッジ	1.0	0.944
20251109	京都	11	○	9	アウトレンジ	1.0	0.944
20251109	京都	11	▲	4	ラムジェット	1.0	0.944
20251109	京都	11	☆	11	レヴォントゥレット	0.78	0.944
20251109	京都	12	◎	13	ダノンクロム	1.0	1.0
20251109	京都	12	○	10	チムグクル	1.0	1.0
20251109	京都	12	▲	1	タンテドヴィーヴル	1.0	1.0
20251109	京都	12	☆	2	ベルサ	1.0	1.0
20251109	東京	1	◎	7	トランスマーレ	1.0	1.0
20251109	東京	1	○	2	マカレイ	1.0	1.0
20251109	東京	1	▲	10	リアライズリバティ	1.0	1.0
20251109	東京	1	☆	16	フロンテアムーン	1.0	1.0
20251109	東京	2	◎	5	ブッチギレ	1.0	1.0
20251109	東京	2	○	16	サンラザール	1.0	1.0
20251109	東京	2	▲	2	フィンガー	1.0	1.0
20251109	東京	2	☆	13	エコロガノン	1.0	1.0
20251109	東京	3	◎	1	フェイスリフト	1.0	0.95
20251109	東京	3	○	16	ロジケープ	0.8	0.95
20251109	東京	3	▲	2	レゲンデ	1.0	0.95
20251109	東京	3	☆	18	ジュニートワン	1.0	0.95
20251109	東京	4	◎	5	アイムスティルミー	1.0	1.0
20251109	東京	4	○	14	アクアマーズ	1.0	1.0
20251109	東京	4	▲	11	バンオンタイム	1.0	1.0
20251109	東京	4	☆	3	スノーエルヴァ	1.0	1.0
20251109	東京	7	◎	15	マルセルテソーロ	0.88	0.865
20251109	東京	7	○	9	ディーズゴールド	1.0	0.865
20251109	東京	7	▲	6	ソナタン	0.75	0.865
20251109	東京	7	☆	8	ネオシルバー	0.83	0.865
20251109	東京	8	◎	11	ダミエ	1.0	0.944
20251109	東京	8	○	15	エイプリルインパリ	0.78	0.944
20251109	東京	8	▲	5	アンズアメ	1.0	0.944
20251109	東京	8	☆	12	ラストシャリナ	1.0	0.944
20251109	東京	9	◎	6	マジッククッキー	1.0	0.941
20251109	東京	9	○	14	サトノボヤージュ	0.88	0.941
20251109	東京	9	▲	9	ドンエレクトス	1.0	0.941
20251109	東京	9	☆	10	ライフオブラクーン	0.89	0.941
20251109	東京	10	◎	8	マイネルブリックス	1.0	0.972
20251109	東京	10	○	12	ウィクトルウェルス	0.89	0.972
20251109	東京	10	▲	4	ミスタージーティー	1.0	0.972
20251109	東京	10	☆	7	クレバーテースト	1.0	0.972
20251109	東京	11	◎	8	ボーンディスウェイ	1.0	1.0
20251109	東京	11	○	18	スティンガーグラス	1.0	1.0
20251109	東京	11	▲	11	ホーエリート	1.0	1.0
20251109	東京	11	☆	5	セレシオン	1.0	1.0
20251109	東京	12	◎	6	エリカカリーナ	1.0	0.95
20251109	東京	12	○	12	ラパンチュール	1.0	0.95
20251109	東京	12	▲	14	タイセイカレント	1.0	0.95
20251109	東京	12	☆	3	タマカヅラ	0.8	0.95
20251109	福島	1	◎	14	ドリームガッサン	1.0	0.972
20251109	福島	1	○	12	アルサック	1.0	0.972
20251109	福島	1	▲	3	グラティアム	1.0	0.972
20251109	福島	1	☆	7	アンセートゥモダン	0.89	0.972
20251109	福島	2	◎	12	プレヒティヒ	0.36	0.75
20251109	福島	2	○	15	ヒッグスボソン	0.86	0.75
20251109	福島	2	▲	3	ヴァルボナ	1.0	0.75
20251109	福島	2	☆	9	シャンペトルブーケ	0.78	0.75
20251109	福島	3	◎	11	メイショウクモイ	1.0	1.0
20251109	福島	3	○	8	ストーンズ	1.0	1.0
20251109	福島	3	▲	2	ドゥラリス	1.0	1.0
20251109	福島	3	☆	3	ブレイクザアイス	1.0	1.0
20251109	福島	7	◎	15	ゴッドヴァレー	1.0	0.972
20251109	福島	7	○	4	カウンターセブン	1.0	0.972
20251109	福島	7	▲	10	ラストクリスマス	1.0	0.972
20251109	福島	7	☆	2	ハッピーサプライズ	0.89	0.972
20251109	福島	8	◎	4	ベレーザフィン	1.0	0.956
20251109	福島	8	○	6	キングズトゥルー	0.82	0.956
20251109	福島	8	▲	13	ロードガレリア	1.0	0.956
20251109	福島	8	☆	16	ボナーテソーロ	1.0	0.956
20251109	福島	9	◎	16	ホウオウペトリュス	0.89	0.972
20251109	福島	9	○	4	ウインシャーガス	1.0	0.972
20251109	福島	9	▲	12	ホウオウショコラ	1.0	0.972
20251109	福島	9	☆	9	メアヴィア	1.0	0.972
20251109	福島	10	◎	4	グレイスオブゴッド	1.0	1.0
20251109	福島	10	○	12	ミライヘノカギ	1.0	1.0
20251109	福島	10	▲	5	グランキングオー	1.0	1.0
20251109	福島	10	☆	9	エンプレスフレーム	1.0	1.0
20251109	福島	11	◎	7	クファシル	1.0	0.902
20251109	福島	11	○	2	コラソンビート	0.86	0.902
20251109	福島	11	▲	6	レイピア	0.75	0.902
20251109	福島	11	☆	16	エイムインライフ	1.0	0.902
20251109	福島	12	◎	11	テンプーシャオン	0.88	0.902
20251109	福島	12	○	7	ジーティーエスピ	0.88	0.902
20251109	福島	12	▲	9	ティピティーナ	0.86	0.902
20251109	福島	12	☆	15	ラウルベア	1.0	0.902
20251115	京都	1	◎	7	レヴロード	1.0	1.0
20251115	京都	1	○	8	ベンティガオルサ	1.0	1.0
20251115	京都	1	▲	6	ケンタッキーホーム	1.0	1.0
20251115	京都	1	☆	11	モチモチチャン	1.0	1.0
20251115	京都	2	◎	6	ユナダイヤ	1.0	0.969
20251115	京都	2	○	8	スマートジュリアス	1.0	0.969
20251115	京都	2	▲	1	ファフロツキーズ	0.88	0.969
20251115	京都	2	☆	11	リリーサンライズ	1.0	0.969
20251115	京都	3	◎	6	イザベラサンライズ	0.89	0.917
20251115	京都	3	○	5	ブームバップビート	0.78	0.917
20251115	京都	3	▲	1	メイショウセンドウ	1.0	0.917
20251115	京都	3	☆	2	ジーティースティア	1.0	0.917
20251115	京都	4	◎	8	ジュンドラドラ	1.0	0.929
20251115	京都	4	○	9	タイムレスフレアー	1.0	0.929
20251115	京都	4	▲	7	クランズクラウン	1.0	0.929
20251115	京都	4	☆	6	ソルパッサーレ	0.71	0.929
20251115	京都	7	◎	7	ワンダーリズム	1.0	0.933
20251115	京都	7	○	2	ギュルヴィ	0.8	0.933
20251115	京都	7	▲	8	アートレスマインド	1.0	0.933
20251115	京都	7	☆	5	エテルノレガーメ	0.93	0.933
20251115	京都	8	◎	4	エアニゲラ	1.0	0.933
20251115	京都	8	○	5	ステラクラウン	1.0	0.933
20251115	京都	8	▲	6	キーパフォーマー	0.88	0.933
20251115	京都	8	☆	2	ジャルディニエ	0.86	0.933
20251115	京都	9	◎	10	フレイミングパイ	0.88	0.902
20251115	京都	9	○	11	ビッグドリーム	0.86	0.902
20251115	京都	9	▲	5	ズバットマサムネ	0.88	0.902
20251115	京都	9	☆	4	スペシャルナンバー	1.0	0.902
20251115	京都	10	◎	12	スパイダーゴールド	0.89	0.972
20251115	京都	10	○	6	リビアングラス	1.0	0.972
20251115	京都	10	▲	14	アイスグリーン	1.0	0.972
20251115	京都	10	☆	7	バレエマスター	1.0	0.972
20251115	京都	11	◎	2	マイケルバローズ	1.0	0.917
20251115	京都	11	○	6	アドマイヤクワッズ	1.0	0.917
20251115	京都	11	▲	5	キャンディード	1.0	0.917
20251115	京都	11	☆	8	グッドピース	0.67	0.917
20251115	京都	12	◎	8	ウインラウダ	1.0	1.0
20251115	京都	12	○	2	ロケベンドラ	1.0	1.0
20251115	京都	12	▲	9	ミッキースターダム	1.0	1.0
20251115	京都	12	☆	3	サンウリエル	1.0	1.0
20251115	東京	1	◎	8	リワードシュテルン	1.0	0.972
20251115	東京	1	○	7	カセノアステリア	1.0	0.972
20251115	東京	1	▲	2	リバテイー	1.0	0.972
20251115	東京	1	☆	1	ソードスレイプニル	0.89	0.972
20251115	東京	2	◎	14	スカイピア	0.8	0.914
20251115	東京	2	○	5	スペルーチェ	1.0	0.914
20251115	東京	2	▲	9	サンデースマッシュ	1.0	0.914
20251115	東京	2	☆	3	プルヴォワール	0.86	0.914
20251115	東京	3	◎	3	ショウナンライラ	1.0	1.0
20251115	東京	3	○	15	マイネルトレマーズ	1.0	1.0
20251115	東京	3	▲	5	テンレディーゴー	1.0	1.0
20251115	東京	3	☆	4	キャッチアシーフ	1.0	1.0
20251115	東京	4	◎	6	ナンヨーロイヤル	1.0	1.0
20251115	東京	4	○	12	トルネードアイル	1.0	1.0
20251115	東京	4	▲	4	オルフセン	1.0	1.0
20251115	東京	4	☆	2	クールフィデル	1.0	1.0
20251115	東京	7	◎	15	ラッキーヤース	1.0	0.964
20251115	東京	7	○	9	ゼンカイパイロ	0.86	0.964
20251115	東京	7	▲	3	マクミランテソーロ	1.0	0.964
20251115	東京	7	☆	4	フィーチャリング	1.0	0.964
20251115	東京	9	◎	13	フェイト	1.0	0.969
20251115	東京	9	○	12	サノノワンダー	1.0	0.969
20251115	東京	9	▲	1	アラナコア	1.0	0.969
20251115	東京	9	☆	3	ホウオウプレミア	0.88	0.969
20251115	東京	10	◎	17	ジュドー	1.0	1.0
20251115	東京	10	○	8	マイネルチケット	1.0	1.0
20251115	東京	10	▲	2	スライビングロード	1.0	1.0
20251115	東京	10	☆	4	オメガキャプテン	1.0	1.0
20251115	東京	11	◎	3	ロードフォンス	1.0	0.964
20251115	東京	11	○	4	コスタノヴァ	1.0	0.964
20251115	東京	11	▲	14	ペプチドナイル	0.86	0.964
20251115	東京	11	☆	1	ビダーヤ	1.0	0.964
20251115	東京	12	◎	2	エフォートレス	1.0	0.969
20251115	東京	12	○	6	ダノンセンチュリー	1.0	0.969
20251115	東京	12	▲	12	アルゲンテウス	1.0	0.969
20251115	東京	12	☆	9	コムユンプリュム	0.88	0.969
20251115	福島	1	◎	11	ミスエベレスト	1.0	1.0
20251115	福島	1	○	13	ユニゾン	1.0	1.0
20251115	福島	1	▲	3	ロミオ	1.0	1.0
20251115	福島	1	☆	5	フリーマン	1.0	1.0
20251115	福島	2	◎	2	ローズブルーム	1.0	0.933
20251115	福島	2	○	4	プレゼンティーア	0.88	0.933
20251115	福島	2	▲	1	メイショウゴールド	1.0	0.933
20251115	福島	2	☆	12	サンロレンツォ	0.86	0.933
20251115	福島	3	◎	4	エグジスタンス	1.0	1.0
20251115	福島	3	○	5	アメティスタ	1.0	1.0
20251115	福島	3	▲	10	エオリアンリッジ	1.0	1.0
20251115	福島	3	☆	12	アストリル	1.0	1.0
20251115	福島	4	◎	13	エコロアビス	1.0	0.91
20251115	福島	4	○	5	カレンデュラ	1.0	0.91
20251115	福島	4	▲	9	レッドアイスピア	0.75	0.91
20251115	福島	4	☆	12	タナスーペルノーバ	0.89	0.91
20251115	福島	6	◎	12	ダンツドール	1.0	0.964
20251115	福島	6	○	13	ベイラム	1.0	0.964
20251115	福島	6	▲	10	ピストルスター	0.86	0.964
20251115	福島	6	☆	4	シーリュウシー	1.0	0.964
20251115	福島	7	◎	14	アーサーズウェイン	1.0	1.0
20251115	福島	7	○	7	ブルーレース	1.0	1.0
20251115	福島	7	▲	5	ダノンモンテローザ	1.0	1.0
20251115	福島	7	☆	15	アウクソー	1.0	1.0
20251115	福島	8	◎	9	ファームツエンティ	1.0	0.95
20251115	福島	8	○	7	リポサンテ	0.8	0.95
20251115	福島	8	▲	2	マイファミリー	1.0	0.95
20251115	福島	8	☆	13	マーゴットソラーレ	1.0	0.95
20251115	福島	9	◎	3	トゥルーサクセサー	0.89	0.941
20251115	福島	9	○	2	インパクトシー	1.0	0.941
20251115	福島	9	▲	5	ケイツークローン	0.88	0.941
20251115	福島	9	☆	16	マイネルゼウス	1.0	0.941
20251115	福島	10	◎	12	サンキャメロン	1.0	1.0
20251115	福島	10	○	9	タイセイミッション	1.0	1.0
20251115	福島	10	▲	14	オーケーマヒナ	1.0	1.0
20251115	福島	10	☆	3	ギマール	1.0	1.0
20251115	福島	11	◎	14	フラップシグナス	1.0	1.0
20251115	福島	11	○	1	ファムエレガンテ	1.0	1.0
20251115	福島	11	▲	6	カフジエニアゴン	1.0	1.0
20251115	福島	11	☆	15	ミラバーグマン	1.0	1.0
20251115	福島	12	◎	13	ラブカムーン	1.0	0.958
20251115	福島	12	○	9	エコロハート	0.83	0.958
20251115	福島	12	▲	2	ヤマニンレセディ	1.0	0.958
20251115	福島	12	☆	1	ビアフォーナウ	1.0	0.958
20251116	京都	1	◎	4	エイシンビリオン	0.88	0.896
20251116	京都	1	○	1	ミティリーニ	1.0	0.896
20251116	京都	1	▲	13	ペンダント	0.8	0.896
20251116	京都	1	☆	7	ガーリッシュ	0.91	0.896
20251116	京都	2	◎	12	エナジーアユ	1.0	0.969
20251116	京都	2	○	2	リアルアルバ	1.0	0.969
20251116	京都	2	▲	10	ジュディーイメル	0.88	0.969
20251116	京都	2	☆	13	シャンデヴィーニュ	1.0	0.969
20251116	京都	3	◎	8	オタルイーグル	1.0	1.0
20251116	京都	3	○	7	アルヴァンドルード	1.0	1.0
20251116	京都	3	▲	13	フィアスゲイル	1.0	1.0
20251116	京都	3	☆	10	メイケイシャイン	1.0	1.0
20251116	京都	6	◎	7	ゴールデンチップス	1.0	1.0
20251116	京都	6	○	5	バッハアルプゼー	1.0	1.0
20251116	京都	6	▲	15	イマージョン	1.0	1.0
20251116	京都	6	☆	12	カフェノワール	1.0	1.0
20251116	京都	7	◎	1	スカイドゥエラー	1.0	0.929
20251116	京都	7	○	4	ゴールデンクラウド	1.0	0.929
20251116	京都	7	▲	5	ポッドフォルク	0.86	0.929
20251116	京都	7	☆	12	ジョータルマエ	0.86	0.929
20251116	京都	8	◎	12	サロニコス	1.0	1.0
20251116	京都	8	○	11	ホーリーブラッサム	1.0	1.0
20251116	京都	8	▲	4	ブルクトーア	1.0	1.0
20251116	京都	8	☆	15	ロンドボス	1.0	1.0
20251116	京都	9	◎	7	サーディンラン	1.0	0.981
20251116	京都	9	○	1	キッコベッロ	0.92	0.981
20251116	京都	9	▲	3	サンダーストラック	1.0	0.981
20251116	京都	9	☆	6	ダークマルス	1.0	0.981
20251116	京都	10	◎	7	グロッシェン	1.0	0.944
20251116	京都	10	○	6	クァンタムウェーブ	0.78	0.944
20251116	京都	10	▲	5	トリポリタニア	1.0	0.944
20251116	京都	10	☆	8	カネトシゴウト	1.0	0.944
20251116	京都	11	◎	11	フェアエールング	0.88	0.941
20251116	京都	11	○	7	レガレイラ	1.0	0.941
20251116	京都	11	▲	13	ココナッツブラウン	0.89	0.941
20251116	京都	11	☆	8	ヴェルミセル	1.0	0.941
20251116	京都	12	◎	11	ワイドアラジン	1.0	0.931
20251116	京都	12	○	8	ガイアメンテ	1.0	0.931
20251116	京都	12	▲	1	プッシュオン	0.83	0.931
20251116	京都	12	☆	6	ショウナンラピダス	0.89	0.931
20251116	東京	1	◎	11	ニューカワイイ	1.0	0.969
20251116	東京	1	○	12	ランニングビーチ	0.88	0.969
20251116	東京	1	▲	14	マカイゾウ	1.0	0.969
20251116	東京	1	☆	1	マイネルオランチア	1.0	0.969
20251116	東京	2	◎	3	ホノボノ	1.0	0.964
20251116	東京	2	○	9	ビッグヒーロー	1.0	0.964
20251116	東京	2	▲	2	ミナヅキ	1.0	0.964
20251116	東京	2	☆	4	レイヒストリコ	0.86	0.964
20251116	東京	3	◎	10	テリオスルミ	1.0	0.972
20251116	東京	3	○	1	エバイダンス	1.0	0.972
20251116	東京	3	▲	16	スイープセレニティ	1.0	0.972
20251116	東京	3	☆	14	ミスティユニバンス	0.89	0.972
20251116	東京	6	◎	4	サムワンライクユー	1.0	0.964
20251116	東京	6	○	15	エドワードバローズ	1.0	0.964
20251116	東京	6	▲	1	レッドエウロス	1.0	0.964
20251116	東京	6	☆	14	マリンバンカー	0.86	0.964
20251116	東京	7	◎	4	スズカコーズ	1.0	1.0
20251116	東京	7	○	13	アンクエンチャブル	1.0	1.0
20251116	東京	7	▲	7	メイショウハチロー	1.0	1.0
20251116	東京	7	☆	15	フィリップ	1.0	1.0
20251116	東京	8	◎	2	エルディアブロ	1.0	0.987
20251116	東京	8	○	11	ミッキーソルジャー	0.95	0.987
20251116	東京	8	▲	13	トレサフィール	1.0	0.987
20251116	東京	8	☆	8	マイネルフーガ	1.0	0.987
20251116	東京	9	◎	3	トクシーカイザー	1.0	0.881
20251116	東京	9	○	5	ベンヌ	0.67	0.881
20251116	東京	9	▲	2	ダノンフィーゴ	0.86	0.881
20251116	東京	9	☆	14	レーウィン	1.0	0.881
20251116	東京	10	◎	3	エバーハピネス	0.86	0.933
20251116	東京	10	○	6	フレミングフープ	0.88	0.933
20251116	東京	10	▲	5	ルシフェル	1.0	0.933
20251116	東京	10	☆	11	クリニクラウン	1.0	0.933
20251116	東京	11	◎	18	レイベリング	1.0	1.0
20251116	東京	11	○	15	レッドモンレーヴ	1.0	1.0
20251116	東京	11	▲	13	レッドシュヴェルト	1.0	1.0
20251116	東京	11	☆	2	メイショウシンタケ	1.0	1.0
20251116	東京	12	◎	2	プルミエソルティ	0.75	0.938
20251116	東京	12	○	13	エデルクローネ	1.0	0.938
20251116	東京	12	▲	8	ミエノフェアリー	1.0	0.938
20251116	東京	12	☆	7	ウインドラート	1.0	0.938
20251116	福島	1	◎	6	ラムールデュヴォン	1.0	0.969
20251116	福島	1	○	5	ドナシェーン	1.0	0.969
20251116	福島	1	▲	4	ウーマンズパワー	0.88	0.969
20251116	福島	1	☆	14	ルクスアンジュ	1.0	0.969
20251116	福島	2	◎	9	セージグリーン	1.0	1.0
20251116	福島	2	○	1	ジュルナール	1.0	1.0
20251116	福島	2	▲	5	ヴァリオーサ	1.0	1.0
20251116	福島	2	☆	14	コムルヴァン	1.0	1.0
20251116	福島	3	◎	1	ユイノコキュウ	1.0	0.964
20251116	福島	3	○	3	サンライズシア	1.0	0.964
20251116	福島	3	▲	8	ニシノジェダイ	0.86	0.964
20251116	福島	3	☆	15	レーヴドレフォン	1.0	0.964
20251116	福島	7	◎	16	ブライティアブーケ	1.0	1.0
20251116	福島	7	○	15	セクシーマージュ	1.0	1.0
20251116	福島	7	▲	13	モーデン	1.0	1.0
20251116	福島	7	☆	3	ルシェロアズーリ	1.0	1.0
20251116	福島	8	◎	6	ナムラモモ	1.0	0.938
20251116	福島	8	○	2	プルミエールパス	0.75	0.938
20251116	福島	8	▲	10	メイショウヤマモモ	1.0	0.938
20251116	福島	8	☆	5	メイショウホウセン	1.0	0.938
20251116	福島	9	◎	2	クリエープキー	0.86	0.929
20251116	福島	9	○	11	ランドスター	1.0	0.929
20251116	福島	9	▲	8	タマモイカロス	1.0	0.929
20251116	福島	9	☆	3	コパノトーマス	0.86	0.929
20251116	福島	10	◎	3	ウインネモフィラ	1.0	1.0
20251116	福島	10	○	7	ホウオウアートマン	1.0	1.0
20251116	福島	10	☆	1	サトノソティラス	1.0	1.0
20251116	福島	11	◎	12	ホールシバン	0.83	0.958
20251116	福島	11	○	8	ダンテバローズ	1.0	0.958
20251116	福島	11	▲	1	ショウナンライシン	1.0	0.958
20251116	福島	11	☆	9	マーブルロック	1.0	0.958
20251116	福島	12	◎	16	アルヴィア	1.0	1.0
20251116	福島	12	○	4	コスモレオナルド	1.0	1.0
20251116	福島	12	▲	11	アリスメティーク	1.0	1.0
20251116	福島	12	☆	12	フォルテフィオーレ	1.0	1.0
20251122	京都	1	◎	1	コウユーネロガ	1.0	0.969
20251122	京都	1	○	7	アスターエポワス	0.88	0.969
20251122	京都	1	▲	11	ガーネットフレア	1.0	0.969
20251122	京都	1	☆	3	アロハマウロア	1.0	0.969
20251122	京都	2	◎	9	クボウサマ	1.0	1.0
20251122	京都	2	○	7	ジャスティンダラス	1.0	1.0
20251122	京都	2	▲	14	ブラックコーラル	1.0	1.0
20251122	京都	2	☆	15	メイショウナナシロ	1.0	1.0
20251122	京都	3	◎	14	ゲレーロアスール	1.0	0.969
20251122	京都	3	○	16	メルメラーダ	1.0	0.969
20251122	京都	3	▲	5	トップアタック	1.0	0.969
20251122	京都	3	☆	10	パッションマーレ	0.88	0.969
20251122	京都	4	◎	8	カモンレイル	1.0	0.972
20251122	京都	4	○	11	ブラックオリンピア	0.89	0.972
20251122	京都	4	▲	5	ホウオウモチーヴ	1.0	0.972
20251122	京都	4	☆	6	ヴィスコンテッサ	1.0	0.972
20251122	京都	7	◎	16	ベレニーチェ	1.0	0.917
20251122	京都	7	○	9	ヴァンアグレアブル	1.0	0.917
20251122	京都	7	▲	1	マハナ	0.67	0.917
20251122	京都	7	☆	4	サイレントグルーヴ	1.0	0.917
20251122	京都	8	◎	6	リメンバーヒム	1.0	1.0
20251122	京都	8	▲	12	ランスオブセヘル	1.0	1.0
20251122	京都	8	☆	7	リネアグローリア	1.0	1.0
20251122	京都	9	◎	4	スターオブロンドン	1.0	1.0
20251122	京都	9	○	3	ファニーバニー	1.0	1.0
20251122	京都	9	▲	1	タガノアラリア	1.0	1.0
20251122	京都	9	☆	8	ドルチェミスト	1.0	1.0
20251122	京都	10	◎	6	アスターブジエ	0.86	0.964
20251122	京都	10	○	5	ダノンシーマ	1.0	0.964
20251122	京都	10	▲	2	アクアヴァーナル	1.0	0.964
20251122	京都	10	☆	9	タイセイフェリーク	1.0	0.964
20251122	京都	11	◎	2	ミッキーヌチバナ	1.0	1.0
20251122	京都	11	○	4	ムルソー	1.0	1.0
20251122	京都	11	▲	7	スナークラファエロ	1.0	1.0
20251122	京都	11	☆	15	クールミラボー	1.0	1.0
20251122	京都	12	◎	5	アイザックバローズ	1.0	0.963
20251122	京都	12	○	1	ネブラディスク	1.0	0.963
20251122	京都	12	☆	11	ウインアクトゥール	0.89	0.963
20251122	福島	1	◎	3	クリソプテロン	0.86	0.964
20251122	福島	1	○	8	ウィングブルー	1.0	0.964
20251122	福島	1	▲	6	クレマチス	1.0	0.964
20251122	福島	1	☆	11	ジルコンテソーロ	1.0	0.964
20251122	福島	2	◎	8	カツノテンス	1.0	0.938
20251122	福島	2	○	7	アイドル	0.75	0.938
20251122	福島	2	▲	14	シャーンゴッセ	1.0	0.938
20251122	福島	2	☆	10	アースミューズ	1.0	0.938
20251122	福島	3	◎	4	デルマバンダイサン	0.89	0.944
20251122	福島	3	○	2	セイウンバジリスク	0.89	0.944
20251122	福島	3	▲	6	メイショウタイザン	1.0	0.944
20251122	福島	3	☆	8	モンサンヴェロニカ	1.0	0.944
20251122	福島	6	◎	8	モリノアミーゴ	1.0	0.981
20251122	福島	6	○	3	ルシャルムール	1.0	0.981
20251122	福島	6	▲	5	ロードヴォイジャー	1.0	0.981
20251122	福島	6	☆	1	ナムライリス	0.92	0.981
20251122	福島	7	◎	10	アクティングエリア	1.0	0.919
20251122	福島	7	○	3	アロンソア	0.8	0.919
20251122	福島	7	▲	15	コスモクラシック	1.0	0.919
20251122	福島	7	☆	8	アンデルストープ	0.88	0.919
20251122	福島	8	◎	12	ホウオウペトリュス	0.89	0.944
20251122	福島	8	○	14	シャンソンドール	1.0	0.944
20251122	福島	8	▲	11	ルナルーチェット	1.0	0.944
20251122	福島	8	☆	1	オプレントジュエル	0.89	0.944
20251122	福島	9	◎	14	クリフハンガー	1.0	0.914
20251122	福島	9	○	3	スナークピカソ	0.71	0.914
20251122	福島	9	▲	10	キューティリップ	0.94	0.914
20251122	福島	9	☆	7	ルクスマーベリック	1.0	0.914
20251122	福島	10	◎	11	アネモス	1.0	1.0
20251122	福島	10	○	13	シュヴァルボヌール	1.0	1.0
20251122	福島	10	▲	6	ルージュアズライト	1.0	1.0
20251122	福島	10	☆	8	フェデルミエール	1.0	1.0
20251122	福島	11	◎	15	ダンディズム	1.0	1.0
20251122	福島	11	○	8	エコロヴァルツ	1.0	1.0
20251122	福島	11	▲	5	シリウスコルト	1.0	1.0
20251122	福島	11	☆	16	リカンカブール	1.0	1.0
20251122	福島	12	◎	9	ナンナンプー	1.0	1.0
20251122	福島	12	○	12	レイユール	1.0	1.0
20251122	福島	12	▲	15	ミエノブラボー	1.0	1.0
20251122	福島	12	☆	11	ガットネロ	1.0	1.0
20251123	京都	1	◎	2	メイショウイブキ	0.88	0.938
20251123	京都	1	○	5	ホットシート	1.0	0.938
20251123	京都	1	▲	8	サマーマッドネス	1.0	0.938
20251123	京都	1	☆	7	マルモリラピダス	0.88	0.938
20251123	京都	2	◎	9	メイショウゴッホ	1.0	0.91
20251123	京都	2	○	13	クラックショット	1.0	0.91
20251123	京都	2	▲	4	エクストラプッシュ	0.89	0.91
20251123	京都	2	☆	8	ナブッコ	0.75	0.91
20251123	京都	3	◎	15	ビップヴォルフ	1.0	0.95
20251123	京都	3	○	11	モンシーク	0.8	0.95
20251123	京都	3	▲	2	エアビーアゲイル	1.0	0.95
20251123	京都	3	☆	14	インフィオラータ	1.0	0.95
20251123	京都	6	◎	5	ポンピエ	0.75	0.91
20251123	京都	6	○	16	エンダードラゴン	1.0	0.91
20251123	京都	6	▲	12	ニホンピロカラット	0.89	0.91
20251123	京都	6	☆	7	エンブレムボム	1.0	0.91
20251123	京都	7	◎	3	ドルチェリターン	1.0	0.893
20251123	京都	7	○	7	ロットブラータ	0.86	0.893
20251123	京都	7	▲	1	ウインデイジー	0.71	0.893
20251123	京都	7	☆	14	ドーギッド	1.0	0.893
20251123	京都	8	◎	9	アルベリック	1.0	0.964
20251123	京都	8	○	8	キーチパルフェ	0.86	0.964
20251123	京都	8	▲	7	モックモック	1.0	0.964
20251123	京都	8	☆	12	エルフストラック	1.0	0.964
20251123	京都	9	◎	1	トーアライデン	1.0	0.981
20251123	京都	9	○	2	ダノンフェアレディ	1.0	0.981
20251123	京都	9	▲	10	ジャズ	1.0	0.981
20251123	京都	9	☆	3	ヨウシタンレイ	0.92	0.981
20251123	京都	10	◎	14	キャピタルサックス	0.89	0.876
20251123	京都	10	○	3	ヒルノドゴール	0.62	0.876
20251123	京都	10	▲	6	セミマル	1.0	0.876
20251123	京都	10	☆	11	ヴェロクオーレ	1.0	0.876
20251123	京都	11	◎	12	ウインマーベル	0.86	0.964
20251123	京都	11	○	15	ジャンタルマンタル	1.0	0.964
20251123	京都	11	▲	6	ガイアフォース	1.0	0.964
20251123	京都	11	☆	9	エルトンバローズ	1.0	0.964
20251123	京都	12	◎	7	サウンドモリアーナ	1.0	1.0
20251123	京都	12	○	2	マックアルイーン	1.0	1.0
20251123	京都	12	▲	11	ミルテンベルク	1.0	1.0
20251123	京都	12	☆	16	アンクルクロス	1.0	1.0
20251123	東京	1	◎	15	エンチャンテッド	1.0	0.969
20251123	東京	1	○	3	ヘイスティハート	0.88	0.969
20251123	東京	1	▲	4	マジェステラ	1.0	0.969
20251123	東京	1	☆	6	ドナソール	1.0	0.969
20251123	東京	2	◎	1	インテンスゲイズ	1.0	0.969
20251123	東京	2	○	11	リスレジャンデール	1.0	0.969
20251123	東京	2	▲	17	ブライトエアリー	0.88	0.969
20251123	東京	2	☆	7	ボーントゥラブユー	1.0	0.969
20251123	東京	3	◎	9	ルクリーシア	1.0	0.929
20251123	東京	3	○	2	ピエドゥラパン	0.71	0.929
20251123	東京	3	▲	10	ワイズファミリア	1.0	0.929
20251123	東京	3	☆	11	スミッコディスコ	1.0	0.929
20251123	東京	6	◎	8	ミュークチェルシー	1.0	0.969
20251123	東京	6	○	9	ガラク	1.0	0.969
20251123	東京	6	▲	14	タマモカンパネラ	0.88	0.969
20251123	東京	6	☆	11	カーラデマドレ	1.0	0.969
20251123	東京	7	◎	9	ヴェラグエリエロ	1.0	0.972
20251123	東京	7	○	8	ムーランブルー	1.0	0.972
20251123	東京	7	▲	15	ティアップドライブ	0.89	0.972
20251123	東京	7	☆	14	オウケンシルヴァー	1.0	0.972
20251123	東京	8	◎	11	ワンダーカモン	1.0	0.933
20251123	東京	8	○	14	セギレエルビエント	1.0	0.933
20251123	東京	8	▲	10	アラレタバシル	0.86	0.933
20251123	東京	8	☆	5	ホウオウプレミア	0.88	0.933
20251123	東京	9	◎	4	フローラルツッキー	1.0	1.0
20251123	東京	9	○	6	ルージュブリッツ	1.0	1.0
20251123	東京	9	▲	7	ラヴノー	1.0	1.0
20251123	東京	9	☆	8	ヒルデグリム	1.0	1.0
20251123	東京	10	◎	14	テーオーダグラス	1.0	0.944
20251123	東京	10	○	3	エンペラーズソード	0.78	0.944
20251123	東京	10	▲	15	パワーホール	1.0	0.944
20251123	東京	10	☆	5	アスクセクシーモア	1.0	0.944
20251123	東京	11	◎	11	サルヴァトーレ	1.0	1.0
20251123	東京	11	○	4	ウェイワードアクト	1.0	1.0
20251123	東京	11	▲	8	コンクイスタ	1.0	1.0
20251123	東京	11	☆	15	ワイワイレジェンド	1.0	1.0
20251123	東京	12	◎	12	ピコローズ	0.8	0.887
20251123	東京	12	○	17	サクセスカラー	1.0	0.887
20251123	東京	12	▲	11	ゴールドスター	0.86	0.887
20251123	東京	12	☆	5	プリティディーヴァ	0.89	0.887
20251124	東京	1	◎	9	ジーティーウンカイ	1.0	0.969
20251124	東京	1	○	2	イナズマダイモン	1.0	0.969
20251124	東京	1	▲	5	シューティングガイ	1.0	0.969
20251124	東京	1	☆	8	セントポールヒロ	0.88	0.969
20251124	東京	2	◎	9	ミスタートントン	1.0	1.0
20251124	東京	2	○	11	ミッキーダムール	1.0	1.0
20251124	東京	2	▲	3	イトシサ	1.0	1.0
20251124	東京	2	☆	12	ヴェンデボヌール	1.0	1.0
20251124	東京	3	◎	6	フューチャプライム	0.89	0.972
20251124	東京	3	○	3	エムズビギン	1.0	0.972
20251124	東京	3	▲	1	セキテイリノ	1.0	0.972
20251124	東京	3	☆	12	ヒロイックヴァース	1.0	0.972
20251124	東京	4	◎	14	シデレウス	0.8	0.95
20251124	東京	4	○	6	フィンガー	1.0	0.95
20251124	東京	4	▲	2	マクリール	1.0	0.95
20251124	東京	4	☆	9	ビーチイン	1.0	0.95
20251124	東京	5	◎	10	キミハスコール	1.0	1.0
20251124	東京	5	○	2	マックスキュー	1.0	1.0
20251124	東京	5	▲	11	クニノハッピー	1.0	1.0
20251124	東京	5	☆	7	サンタアニタ	1.0	1.0
20251124	東京	8	◎	15	フラーハ	1.0	0.969
20251124	東京	8	○	7	パラサイコロジー	0.88	0.969
20251124	東京	8	▲	5	スニーカースキル	1.0	0.969
20251124	東京	8	☆	11	スミレファースト	1.0	0.969
20251124	東京	9	◎	8	サンカシグレ	1.0	0.944
20251124	東京	9	○	1	アロンズロッド	1.0	0.944
20251124	東京	9	▲	4	ジュンツバメガエシ	0.78	0.944
20251124	東京	9	☆	10	イクリール	1.0	0.944
20251124	東京	10	◎	12	メイテソーロ	1.0	1.0
20251124	東京	10	○	4	シャンパンポップ	1.0	1.0
20251124	東京	10	▲	11	キョウキランブ	1.0	1.0
20251124	東京	10	☆	9	ノットイナフ	1.0	1.0
20251124	東京	11	◎	11	ストームサンダー	1.0	0.908
20251124	東京	11	○	10	パントルナイーフ	1.0	0.908
20251124	東京	11	▲	8	ゾロアストロ	0.83	0.908
20251124	東京	11	☆	2	テルヒコウ	0.8	0.908
20251124	東京	12	◎	1	ドリーミングアップ	1.0	0.929
20251124	東京	12	○	7	レッドキングリー	1.0	0.929
20251124	東京	12	▲	13	オルグジェシダ	0.71	0.929
20251124	東京	12	☆	2	ベストシーン	1.0	0.929
20251124	福島	1	◎	9	イッツユー	0.8	0.95
20251124	福島	1	○	4	チュラヴェール	1.0	0.95
20251124	福島	1	▲	2	ファンシーフリル	1.0	0.95
20251124	福島	1	☆	12	フクノハリファ	1.0	0.95
20251124	福島	2	◎	2	ノーブルアクト	1.0	1.0
20251124	福島	2	○	9	フィールオーサム	1.0	1.0
20251124	福島	2	▲	14	サザンティスプーン	1.0	1.0
20251124	福島	2	☆	13	チギリ	1.0	1.0
20251124	福島	3	◎	4	レイザリオ	1.0	1.0
20251124	福島	3	○	1	タケルハーロック	1.0	1.0
20251124	福島	3	▲	5	マナエトレ	1.0	1.0
20251124	福島	3	☆	7	タニセンドリーム	1.0	1.0
20251124	福島	6	◎	7	プラヤデルカルメン	0.89	0.941
20251124	福島	6	○	8	リラベガ	1.0	0.941
20251124	福島	6	▲	2	ジャスパールビー	0.88	0.941
20251124	福島	6	☆	4	ウインドトリック	1.0	0.941
20251124	福島	7	◎	11	レグザゴン	1.0	1.0
20251124	福島	7	○	13	ヒラボクカレラ	1.0	1.0
20251124	福島	7	▲	8	ルイステソーロ	1.0	1.0
20251124	福島	7	☆	3	エコロレオナ	1.0	1.0
20251124	福島	8	◎	9	グランルーチェ	1.0	0.902
20251124	福島	8	○	12	カウンターセブン	1.0	0.902
20251124	福島	8	▲	15	ジーティーエスピ	0.75	0.902
20251124	福島	8	☆	8	イコノスタシス	0.86	0.902
20251124	福島	9	○	13	レッドヴァリアート	1.0	1.0
20251124	福島	9	▲	7	オメガナビゲーター	1.0	1.0
20251124	福島	9	☆	9	マイファミリー	1.0	1.0
20251124	福島	10	◎	7	オルノア	1.0	0.969
20251124	福島	10	○	13	マイスターヴェルク	1.0	0.969
20251124	福島	10	▲	11	ロートホルン	1.0	0.969
20251124	福島	10	☆	3	パルティクラール	0.88	0.969
20251124	福島	11	◎	7	アレナパラシオ	0.86	0.937
20251124	福島	11	○	4	ドバイブルース	1.0	0.937
20251124	福島	11	▲	3	クロースコンバット	0.89	0.937
20251124	福島	11	☆	11	ゴッドブルービー	1.0	0.937
20251124	福島	12	◎	14	コスモアチーブ	1.0	0.964
20251124	福島	12	○	10	スワローシチー	0.86	0.964
20251124	福島	12	▲	8	イガッチ	1.0	0.964
20251124	福島	12	☆	7	マーゴットレジーナ	1.0	0.964
20251129	京都	1	◎	6	オタルイーグル	1.0	1.0
20251129	京都	1	○	13	アイカンアズーラ	1.0	1.0
20251129	京都	1	▲	8	マカナアネラ	1.0	1.0
20251129	京都	1	☆	4	オメガヒストリー	1.0	1.0
20251129	京都	2	◎	8	エグジスタンス	0.71	0.901
20251129	京都	2	○	4	システマソラー	1.0	0.901
20251129	京都	2	▲	9	ワンダフルデイズ	1.0	0.901
20251129	京都	2	☆	10	シュプリームレルム	0.89	0.901
20251129	京都	3	◎	4	フィアレスウィル	1.0	0.941
20251129	京都	3	○	12	トミーバローズ	1.0	0.941
20251129	京都	3	▲	6	パーシャングレー	0.88	0.941
20251129	京都	3	☆	10	ハピネスサンライズ	0.89	0.941
20251129	京都	7	◎	7	ニホンピロデヴィン	0.89	0.972
20251129	京都	7	○	5	マディソンガール	1.0	0.972
20251129	京都	7	▲	14	ニュークレド	1.0	0.972
20251129	京都	7	☆	18	ゼンノインヴォーク	1.0	0.972
20251129	京都	8	◎	16	ゼンノツキヨミ	1.0	0.972
20251129	京都	8	○	1	フェンダー	1.0	0.972
20251129	京都	8	▲	7	ニホンピロトッティ	0.89	0.972
20251129	京都	8	☆	13	トリリオンボーイ	1.0	0.972
20251129	京都	9	◎	13	テーオーレガシー	1.0	0.969
20251129	京都	9	○	6	バッケンレコード	1.0	0.969
20251129	京都	9	▲	11	カペルブリュッケ	0.88	0.969
20251129	京都	9	☆	3	ロングウェイホーム	1.0	0.969
20251129	京都	10	◎	4	シュヴェルトライテ	1.0	1.0
20251129	京都	10	○	3	グランデサラス	1.0	1.0
20251129	京都	10	▲	8	モンテシート	1.0	1.0
20251129	京都	10	☆	5	ルミノメテオール	1.0	1.0
20251129	京都	11	◎	4	メイショウソラリス	1.0	0.778
20251129	京都	11	○	6	バルセシート	0.67	0.778
20251129	京都	11	▲	10	ゴーイントゥスカイ	0.78	0.778
20251129	京都	11	☆	2	カラペルソナ	0.67	0.778
20251129	京都	12	◎	5	ピースフルナイト	0.88	0.969
20251129	京都	12	○	1	ジュンヴァンケット	1.0	0.969
20251129	京都	12	▲	13	ベビーズブレス	1.0	0.969
20251129	京都	12	☆	8	ソングオブライフ	1.0	0.969
20251129	東京	1	◎	9	キリミツ	1.0	0.969
20251129	東京	1	○	1	ロイヤルスパイア	0.88	0.969
20251129	東京	1	▲	11	リアライズタキオン	1.0	0.969
20251129	東京	1	☆	5	アヴァランチ	1.0	0.969
20251129	東京	2	◎	5	ジュニートワン	1.0	0.958
20251129	東京	2	○	10	グランマエストロ	1.0	0.958
20251129	東京	2	▲	3	ラプランセス	0.83	0.958
20251129	東京	2	☆	13	アグネスクレスト	1.0	0.958
20251129	東京	3	◎	9	ノブステップ	1.0	1.0
20251129	東京	3	○	12	ネッカーズルム	1.0	1.0
20251129	東京	3	▲	8	ダノンプレリュード	1.0	1.0
20251129	東京	3	☆	4	ファインブライト	1.0	1.0
20251129	東京	6	◎	3	マルセルテソーロ	1.0	1.0
20251129	東京	6	○	16	ルヴァレドクール	1.0	1.0
20251129	東京	6	▲	8	エドワードバローズ	1.0	1.0
20251129	東京	6	☆	7	ヘインズポイント	1.0	1.0
20251129	東京	7	◎	1	ムーンストラック	1.0	0.972
20251129	東京	7	○	15	サトノパトリオット	0.89	0.972
20251129	東京	7	▲	7	ティムール	1.0	0.972
20251129	東京	7	☆	11	マイネルアウルム	1.0	0.972
20251129	東京	8	◎	5	カゼノタカトシ	0.86	0.929
20251129	東京	8	○	9	ヴァナルガンド	1.0	0.929
20251129	東京	8	▲	4	タイセイアディクト	1.0	0.929
20251129	東京	8	☆	2	ピュアグルーヴ	0.86	0.929
20251129	東京	9	◎	9	ショーリバース	1.0	1.0
20251129	東京	9	○	4	サトノボヤージュ	1.0	1.0
20251129	東京	9	▲	7	マグナヴィクトル	1.0	1.0
20251129	東京	9	☆	5	アルカディアカフェ	1.0	1.0
20251129	東京	10	◎	8	スタンリーテソーロ	1.0	0.969
20251129	東京	10	○	2	プロミストジーン	0.88	0.969
20251129	東京	10	▲	16	ストレングス	1.0	0.969
20251129	東京	10	☆	11	ドゥータップ	1.0	0.969
20251129	東京	11	○	9	ジュンブロッサム	1.0	1.0
20251129	東京	11	▲	1	シヴァース	1.0	1.0
20251129	東京	11	☆	17	シュタールヴィント	1.0	1.0
20251129	東京	12	◎	6	ツルマウカタチ	1.0	0.95
20251129	東京	12	○	4	アンパドゥ	0.8	0.95
20251129	東京	12	▲	3	リバーバレイト	1.0	0.95
20251129	東京	12	☆	5	ジャサルディア	1.0	0.95
20251206	中京	1	◎	4	アジュアカレンツ	1.0	1.0
20251206	中京	1	○	2	シンデレラカラー	1.0	1.0
20251206	中京	1	▲	11	ジュディーイメル	1.0	1.0
20251206	中京	1	☆	5	スノーランス	1.0	1.0
20251206	中京	2	◎	7	ケイアイワイラーパ	0.89	0.972
20251206	中京	2	○	2	スプランドゥール	1.0	0.972
20251206	中京	2	▲	4	ブリングライト	1.0	0.972
20251206	中京	2	☆	6	セルヴァンス	1.0	0.972
20251206	中京	3	◎	10	チリーゴールド	1.0	0.985
20251206	中京	3	○	14	タマモジャスミン	1.0	0.985
20251206	中京	3	▲	15	ケープウィッカム	0.94	0.985
20251206	中京	3	☆	9	ヴァリオーサ	1.0	0.985
20251206	中京	4	◎	12	シンゼンアイカ	1.0	0.941
20251206	中京	4	○	2	マーゴットミスト	1.0	0.941
20251206	中京	4	▲	6	ゴールドパレード	0.88	0.941
20251206	中京	4	☆	18	レステダンルヴァン	0.89	0.941
20251206	中京	5	◎	7	パゴスピグイノス	0.75	0.938
20251206	中京	5	○	8	ロングトールサリー	1.0	0.938
20251206	中京	5	▲	10	アクロフェイズ	1.0	0.938
20251206	中京	5	☆	6	ウェイクフィールド	1.0	0.938
20251206	中京	6	◎	4	ナスノソナタ	1.0	0.964
20251206	中京	6	○	9	エコロスパーダ	0.86	0.964
20251206	中京	6	▲	3	ベイラム	1.0	0.964
20251206	中京	6	☆	5	タルタロス	1.0	0.964
20251206	中京	7	◎	12	オブラマエストラ	0.88	0.919
20251206	中京	7	○	1	ストーンズ	0.8	0.919
20251206	中京	7	▲	4	ジュンビクトワール	1.0	0.919
20251206	中京	7	☆	5	セーデルマンランド	1.0	0.919
20251206	中京	8	◎	16	ゲンジ	1.0	1.0
20251206	中京	8	○	2	アオイタケル	1.0	1.0
20251206	中京	8	▲	8	ダノンジャイアン	1.0	1.0
20251206	中京	8	☆	7	エイシンジェンマ	1.0	1.0
20251206	中京	9	◎	1	ショウナンダイン	1.0	1.0
20251206	中京	9	○	4	リアライズブラーヴ	1.0	1.0
20251206	中京	9	▲	2	ラフターラインズ	1.0	1.0
20251206	中京	9	☆	6	クールデイトナ	1.0	1.0
20251206	中京	10	◎	9	ビーマックス	1.0	1.0
20251206	中京	10	○	4	ゼットエール	1.0	1.0
20251206	中京	10	▲	11	フェンダー	1.0	1.0
20251206	中京	10	☆	12	ワイノナオミ	1.0	1.0
20251206	中京	11	◎	8	ヴェサリウス	1.0	1.0
20251206	中京	11	○	6	レディマリオン	1.0	1.0
20251206	中京	11	▲	1	ハワイアンティアレ	1.0	1.0
20251206	中京	11	☆	10	ミストレス	1.0	1.0
20251206	中京	12	◎	5	クイーンズワーフ	1.0	0.972
20251206	中京	12	○	1	レッドフェルメール	0.89	0.972
20251206	中京	12	▲	7	シャンクス	1.0	0.972
20251206	中京	12	☆	15	バニーラビット	1.0	0.972
20251206	中山	1	◎	1	マリンディーゼル	1.0	0.969
20251206	中山	1	○	6	ビップムーラン	1.0	0.969
20251206	中山	1	▲	10	ルルマーレ	1.0	0.969
20251206	中山	1	☆	3	ミラクルスパート	0.88	0.969
20251206	中山	2	◎	2	イデアクリスタル	1.0	1.0
20251206	中山	2	○	12	ルージュアリスタ	1.0	1.0
20251206	中山	2	▲	5	タイセイルビー	1.0	1.0
20251206	中山	2	☆	8	フュルスティン	1.0	1.0
20251206	中山	3	◎	2	エコロセレナ	1.0	0.969
20251206	中山	3	○	14	アクアマーズ	1.0	0.969
20251206	中山	3	▲	12	スミッコディスコ	1.0	0.969
20251206	中山	3	☆	9	ツウキンカイソク	0.88	0.969
20251206	中山	4	◎	13	メイクイット	1.0	0.87
20251206	中山	4	○	5	キセログラフィカ	0.82	0.87
20251206	中山	4	▲	9	カシマライフウ	0.86	0.87
20251206	中山	4	☆	12	テンレディーゴー	0.8	0.87
20251206	中山	7	◎	8	カガバベル	1.0	0.923
20251206	中山	7	○	3	パシーヴ	0.86	0.923
20251206	中山	7	▲	5	ピコテンダー	0.83	0.923
20251206	中山	7	☆	7	カップッチョ	1.0	0.923
20251206	中山	9	◎	6	ジャスティンシカゴ	1.0	1.0
20251206	中山	9	○	7	ヴァロンブローサ	1.0	1.0
20251206	中山	9	▲	8	ザーフィル	1.0	1.0
20251206	中山	9	☆	1	アメテュストス	1.0	1.0
20251206	中山	10	◎	7	マンダリンボレロ	1.0	0.969
20251206	中山	10	○	3	ブルータス	1.0	0.969
20251206	中山	10	▲	4	プルナチャンドラ	0.88	0.969
20251206	中山	10	☆	5	シンボリノエル	1.0	0.969
20251206	中山	11	◎	12	ワープスピード	0.86	0.964
20251206	中山	11	○	14	チャックネイト	1.0	0.964
20251206	中山	11	▲	7	クロミナンス	1.0	0.964
20251206	中山	11	☆	9	シルブロン	1.0	0.964
20251206	中山	12	◎	11	マリノトニトゥルス	0.89	0.972
20251206	中山	12	○	3	ヴァンヴィーヴ	1.0	0.972
20251206	中山	12	▲	1	ファビュラススター	1.0	0.972
20251206	中山	12	☆	15	モーデン	1.0	0.972
20251206	阪神	1	◎	15	アズライトアスール	1.0	0.969
20251206	阪神	1	○	13	メイショウイブキ	0.88	0.969
20251206	阪神	1	▲	1	オンザノアール	1.0	0.969
20251206	阪神	1	☆	7	セイウンダイフク	1.0	0.969
20251206	阪神	2	◎	15	ジーモンスター	1.0	1.0
20251206	阪神	2	○	4	ヴォーカライズ	1.0	1.0
20251206	阪神	2	▲	3	ブランドブラン	1.0	1.0
20251206	阪神	2	☆	8	シャローファースト	1.0	1.0
20251206	阪神	3	◎	10	セントピュアベース	0.89	0.944
20251206	阪神	3	○	5	ミッキーラヴィータ	0.89	0.944
20251206	阪神	3	▲	15	フレッチャアズーラ	1.0	0.944
20251206	阪神	3	☆	2	オレンジフィールド	1.0	0.944
20251206	阪神	4	◎	1	ナムラヴンダー	1.0	0.958
20251206	阪神	4	○	3	ブレットパス	0.83	0.958
20251206	阪神	4	▲	4	カフジエメンタール	1.0	0.958
20251206	阪神	4	☆	5	マーズローバー	1.0	0.958
20251206	阪神	7	◎	11	メイショウマジック	1.0	0.952
20251206	阪神	7	○	9	ヨリノレジェンド	0.93	0.952
20251206	阪神	7	▲	14	アンジュアルディ	1.0	0.952
20251206	阪神	7	☆	6	モズプリヴェール	0.88	0.952
20251206	阪神	8	◎	3	リメンバーヒム	0.86	0.964
20251206	阪神	8	○	5	ゴールデンカイト	1.0	0.964
20251206	阪神	8	▲	9	ヴィリアリート	1.0	0.964
20251206	阪神	8	☆	1	ワーズワース	1.0	0.964
20251206	阪神	9	◎	4	トップアタック	1.0	0.969
20251206	阪神	9	○	3	フォーゲル	1.0	0.969
20251206	阪神	9	▲	7	カイショー	1.0	0.969
20251206	阪神	9	☆	5	ジャスパールビー	0.88	0.969
20251206	阪神	10	◎	7	イミュータブル	0.86	0.964
20251206	阪神	10	○	3	ドラゴンウェルズ	1.0	0.964
20251206	阪神	10	▲	14	ゲッティヴィラ	1.0	0.964
20251206	阪神	10	☆	9	ネグレスコ	1.0	0.964
20251206	阪神	11	◎	4	センツブラッド	0.86	0.929
20251206	阪神	11	○	13	グランヴィノス	0.86	0.929
20251206	阪神	11	▲	10	デビットバローズ	1.0	0.929
20251206	阪神	11	☆	2	マテンロウレオ	1.0	0.929
20251206	阪神	12	◎	14	ロジカルワーズ	1.0	1.0
20251206	阪神	12	○	6	マイエレメント	1.0	1.0
20251206	阪神	12	▲	9	マーシーラン	1.0	1.0
20251206	阪神	12	☆	7	コスモグローリー	1.0	1.0
20251207	中京	1	◎	11	ストラドーネ	1.0	1.0
20251207	中京	1	○	2	アメリカンイズム	1.0	1.0
20251207	中京	1	▲	3	リベッチオ	1.0	1.0
20251207	中京	1	☆	5	アデルフィー	1.0	1.0
20251207	中京	2	◎	8	カンカール	1.0	1.0
20251207	中京	2	○	7	ヒミノエトワール	1.0	1.0
20251207	中京	2	▲	16	アクアマリーナ	1.0	1.0
20251207	中京	2	☆	3	アンリーベイビー	1.0	1.0
20251207	中京	3	◎	14	アークドール	1.0	1.0
20251207	中京	3	○	4	ジーティーダーリン	1.0	1.0
20251207	中京	3	▲	9	ポイントネモ	1.0	1.0
20251207	中京	3	☆	3	マンオブザマッチ	1.0	1.0
20251207	中京	4	◎	6	ベンティガオルサ	1.0	0.969
20251207	中京	4	○	13	トライアンフパス	0.88	0.969
20251207	中京	4	▲	10	ジューンアゲイン	1.0	0.969
20251207	中京	4	☆	5	マジェステラ	1.0	0.969
20251207	中京	6	◎	12	マテンロウミラクル	0.89	0.972
20251207	中京	6	○	14	レーティッシュ	1.0	0.972
20251207	中京	6	▲	4	ボディブロー	1.0	0.972
20251207	中京	6	☆	7	マリブオレンジ	1.0	0.972
20251207	中京	7	◎	10	セントキルダ	1.0	1.0
20251207	中京	7	○	7	メイショウゴールド	1.0	1.0
20251207	中京	7	▲	4	ラーナローザ	1.0	1.0
20251207	中京	7	☆	11	ダオラダオラ	1.0	1.0
20251207	中京	8	◎	12	イージーブリージー	1.0	0.861
20251207	中京	8	○	6	サンタンカ	0.44	0.861
20251207	中京	8	▲	1	ノボリリア	1.0	0.861
20251207	中京	8	☆	8	エイヘンハールト	1.0	0.861
20251207	中京	9	◎	14	ベファーナ	1.0	1.0
20251207	中京	9	○	5	アンドリーナ	1.0	1.0
20251207	中京	9	▲	9	ロフティーイデアル	1.0	1.0
20251207	中京	9	☆	15	ユウェンタース	1.0	1.0
20251207	中京	10	◎	7	ホウオウシェリー	1.0	1.0
20251207	中京	10	○	10	ジーティードレス	1.0	1.0
20251207	中京	10	▲	13	テラメリタ	1.0	1.0
20251207	中京	10	☆	9	ヴィスマール	1.0	1.0
20251207	中京	11	◎	14	ペプチドナイル	0.71	0.873
20251207	中京	11	○	12	ナルカミ	1.0	0.873
20251207	中京	11	▲	8	ウィルソンテソーロ	0.89	0.873
20251207	中京	11	☆	13	サンライズジパング	0.89	0.873
20251207	中京	12	◎	9	サリーチェ	1.0	0.972
20251207	中京	12	○	10	アスクコモンタレヴ	1.0	0.972
20251207	中京	12	▲	3	ヤマニンヒストリア	0.89	0.972
20251207	中京	12	☆	5	オーサムユニバンス	1.0	0.972
20251207	中山	1	◎	5	ヘヴンリースカイ	0.88	0.938
20251207	中山	1	○	6	トモジャオーリー	1.0	0.938
20251207	中山	1	▲	10	タイキプレジール	0.88	0.938
20251207	中山	1	☆	16	ニシノガランテ	1.0	0.938
20251207	中山	2	◎	7	ダイユウアレグロ	1.0	1.0
20251207	中山	2	○	1	ボニープリンス	1.0	1.0
20251207	中山	2	▲	8	ワインダークシー	1.0	1.0
20251207	中山	2	☆	14	テルケンレンスキー	1.0	1.0
20251207	中山	6	◎	3	クイーンレグナント	1.0	0.969
20251207	中山	6	○	1	カリヨンアヴォン	0.88	0.969
20251207	中山	6	▲	2	ルクスレイモンド	1.0	0.969
20251207	中山	6	☆	5	ランスオブキング	1.0	0.969
20251207	中山	7	◎	9	エコロレイズ	1.0	0.941
20251207	中山	7	○	8	フィーリウス	1.0	0.941
20251207	中山	7	▲	1	ミクニインスパイア	0.89	0.941
20251207	中山	7	☆	4	プルミエソルティ	0.88	0.941
20251207	中山	8	◎	9	ホワイトターフ	1.0	0.933
20251207	中山	8	○	13	アシャカトベ	1.0	0.933
20251207	中山	8	▲	15	ピコアーガイル	0.86	0.933
20251207	中山	8	☆	5	ズバットマサムネ	0.88	0.933
20251207	中山	9	◎	7	ハートホイップ	1.0	1.0
20251207	中山	9	○	4	ソーダーンライト	1.0	1.0
20251207	中山	9	▲	12	モジャーリオ	1.0	1.0
20251207	中山	9	☆	5	トーラスシャイン	1.0	1.0
20251207	中山	10	◎	10	イージーオンミー	1.0	0.969
20251207	中山	10	○	5	クラウンシエンタ	0.88	0.969
20251207	中山	10	▲	6	ウィステリアリヴァ	1.0	0.969
20251207	中山	10	☆	1	ゴールドアローン	1.0	0.969
20251207	中山	11	◎	9	ハクサンバード	1.0	1.0
20251207	中山	11	○	4	ルージュラナキラ	1.0	1.0
20251207	中山	11	▲	8	ロードフォアエース	1.0	1.0
20251207	中山	11	☆	16	ジョーメッドヴィン	1.0	1.0
20251207	中山	12	◎	11	ミスティマウンテン	1.0	0.944
20251207	中山	12	○	1	リザードアイランド	1.0	0.944
20251207	中山	12	▲	8	プロスペクトパーク	0.78	0.944
20251207	中山	12	☆	7	タキノボリ	1.0	0.944
20251207	阪神	1	◎	1	アルムアポジェ	0.86	0.914
20251207	阪神	1	○	10	ペンダント	0.8	0.914
20251207	阪神	1	▲	9	ウンナターシャ	1.0	0.914
20251207	阪神	1	☆	7	オラヴィンリンナ	1.0	0.914
20251207	阪神	2	◎	5	レッツエンジョイ	1.0	0.937
20251207	阪神	2	○	8	ジョアン	1.0	0.937
20251207	阪神	2	▲	9	タナスーペルノーバ	0.89	0.937
20251207	阪神	2	☆	2	ディープスリー	0.86	0.937
20251207	阪神	3	◎	6	レフティサーリ	1.0	0.938
20251207	阪神	3	○	8	デアヴェローチェ	1.0	0.938
20251207	阪神	3	▲	15	メイクワンズデイ	0.75	0.938
20251207	阪神	3	☆	2	ゴールドヴィーナス	1.0	0.938
20251207	阪神	4	◎	4	ウェルム	1.0	1.0
20251207	阪神	4	○	8	ダンツウルス	1.0	1.0
20251207	阪神	4	▲	5	エルナト	1.0	1.0
20251207	阪神	4	☆	2	ダーリンダーリン	1.0	1.0
20251207	阪神	7	◎	2	ペレグリン	0.8	0.9
20251207	阪神	7	○	3	ペンテリコン	1.0	0.9
20251207	阪神	7	▲	6	ゴールデンチップス	1.0	0.9
20251207	阪神	7	☆	1	ポムドール	0.8	0.9
20251207	阪神	8	◎	3	コスモアンソロジー	1.0	0.964
20251207	阪神	8	○	6	コンフォルツァ	0.86	0.964
20251207	阪神	8	▲	7	チェルノボーグ	1.0	0.964
20251207	阪神	8	☆	1	オリエンタルナイト	1.0	0.964
20251207	阪神	9	◎	2	クリノグローリー	1.0	0.942
20251207	阪神	9	○	6	ジューンエオス	1.0	0.942
20251207	阪神	9	▲	8	メイショウヘール	1.0	0.942
20251207	阪神	9	☆	12	シュプリンガー	0.77	0.942
20251207	阪神	10	◎	10	ドットクルー	1.0	1.0
20251207	阪神	10	○	17	ベラジオボンド	1.0	1.0
20251207	阪神	10	▲	9	アウフヘーベン	1.0	1.0
20251207	阪神	10	☆	3	ナヴォーナ	1.0	1.0
20251207	阪神	11	◎	15	ジョーローリット	1.0	0.9
20251207	阪神	11	○	8	メイショウホウレン	1.0	0.9
20251207	阪神	11	▲	4	キタノズエッジ	1.0	0.9
20251207	阪神	11	☆	1	ポールセン	0.6	0.9
20251207	阪神	12	◎	6	シアター	1.0	1.0
20251207	阪神	12	○	17	チューラワンサ	1.0	1.0
20251207	阪神	12	▲	15	シャイフ	1.0	1.0
20251207	阪神	12	☆	3	ビップジーニー	1.0	1.0
20251213	中京	1	◎	12	ジャカルタバオ	1.0	1.0
20251213	中京	1	○	5	インシオン	1.0	1.0
20251213	中京	1	▲	10	サトノリシャール	1.0	1.0
20251213	中京	1	☆	4	ナブッコ	1.0	1.0
20251213	中京	2	◎	4	メイショウタマユラ	0.89	0.922
20251213	中京	2	○	1	スタンピー	0.8	0.922
20251213	中京	2	▲	5	ミライハーモニー	1.0	0.922
20251213	中京	2	☆	12	クインズシャウラ	1.0	0.922
20251213	中京	3	◎	12	ディアマイサン	1.0	0.964
20251213	中京	3	○	9	ギュルヴィ	1.0	0.964
20251213	中京	3	▲	10	エンマ	0.86	0.964
20251213	中京	3	☆	6	ブレードサクセス	1.0	0.964
20251213	中京	4	◎	9	シンデレラガール	1.0	1.0
20251213	中京	4	○	6	イージーライダー	1.0	1.0
20251213	中京	4	▲	11	チュウワメロディー	1.0	1.0
20251213	中京	4	☆	13	ウォーターブビンガ	1.0	1.0
20251213	中京	6	◎	6	ライヴスプーン	1.0	1.0
20251213	中京	6	○	11	フォンデネージュ	1.0	1.0
20251213	中京	6	▲	13	ブルージュ	1.0	1.0
20251213	中京	6	☆	12	ルージュミレネール	1.0	1.0
20251213	中京	7	◎	12	キャピタルリッチ	0.88	0.906
20251213	中京	7	○	4	パフュームセント	0.75	0.906
20251213	中京	7	▲	9	レジェンドシップ	1.0	0.906
20251213	中京	7	☆	6	アドミラルシップ	1.0	0.906
20251213	中京	8	◎	14	ハイクライテリア	1.0	1.0
20251213	中京	8	○	9	エンダードラゴン	1.0	1.0
20251213	中京	8	▲	1	フォースミラクル	1.0	1.0
20251213	中京	8	☆	5	レイザリオ	1.0	1.0
20251213	中京	9	◎	3	ヘルモソブレード	1.0	1.0
20251213	中京	9	○	11	マルガ	1.0	1.0
20251213	中京	9	▲	1	ベレーバスク	1.0	1.0
20251213	中京	9	☆	4	アイニードユー	1.0	1.0
20251213	中京	10	◎	10	ワンダースティング	1.0	0.964
20251213	中京	10	○	2	ポッドフォルク	0.86	0.964
20251213	中京	10	▲	13	キングブルー	1.0	0.964
20251213	中京	10	☆	15	タイセイミッション	1.0	0.964
20251213	中京	11	◎	17	リフレーミング	1.0	0.972
20251213	中京	11	○	4	ファミリータイム	1.0	0.972
20251213	中京	11	▲	7	レッドバリエンテ	1.0	0.972
20251213	中京	11	☆	9	ピースワンデュック	0.89	0.972
20251213	中京	12	◎	7	クイーンズデイ	0.86	0.964
20251213	中京	12	○	2	ミリオンローズ	1.0	0.964
20251213	中京	12	▲	16	ブルーレース	1.0	0.964
20251213	中京	12	☆	11	イヴニングスター	1.0	0.964
20251213	中山	1	◎	13	マメーアップル	1.0	1.0
20251213	中山	1	○	2	ソチミルコ	1.0	1.0
20251213	中山	1	▲	14	ジーティージェミル	1.0	1.0
20251213	中山	1	☆	4	ミュージックレイン	1.0	1.0
20251213	中山	2	◎	9	ケイツークルサード	1.0	0.969
20251213	中山	2	○	10	イッテラッシャイ	1.0	0.969
20251213	中山	2	▲	3	ユニゾン	1.0	0.969
20251213	中山	2	☆	13	ウインビギニング	0.88	0.969
20251213	中山	3	◎	6	ロット	1.0	0.964
20251213	中山	3	○	4	バルボアパーク	0.86	0.964
20251213	中山	3	▲	5	ダノンプレサージュ	1.0	0.964
20251213	中山	3	☆	10	シャルムグリーン	1.0	0.964
20251213	中山	4	◎	5	マクシーン	1.0	1.0
20251213	中山	4	○	7	アオイミズホ	1.0	1.0
20251213	中山	4	▲	1	ガンダ	1.0	1.0
20251213	中山	4	☆	12	タイセツナヒ	1.0	1.0
20251213	中山	7	◎	14	ナムラトロム	1.0	0.969
20251213	中山	7	○	16	ヘルヴェティオス	1.0	0.969
20251213	中山	7	▲	4	マオノクラッシュ	1.0	0.969
20251213	中山	7	☆	13	パレスドフィーヌ	0.88	0.969
20251213	中山	8	◎	13	ゲンパチルーナ	0.86	0.893
20251213	中山	8	○	12	ミライヘノカギ	1.0	0.893
20251213	中山	8	▲	1	メリークリスマス	1.0	0.893
20251213	中山	8	☆	14	パイシャオピン	0.71	0.893
20251213	中山	9	◎	13	ラテラルパーム	0.86	0.923
20251213	中山	9	○	9	ヤマメライズ	0.83	0.923
20251213	中山	9	▲	5	ロンドンオービタル	1.0	0.923
20251213	中山	9	☆	3	プリティーミズホ	1.0	0.923
20251213	中山	10	◎	15	エレガントムーン	1.0	1.0
20251213	中山	10	○	9	ワンダラー	1.0	1.0
20251213	中山	10	▲	12	エンヤラヴフェイス	1.0	1.0
20251213	中山	10	☆	6	ジェネラーレ	1.0	1.0
20251213	中山	11	◎	11	マイネルオーシャン	1.0	0.972
20251213	中山	11	○	8	ショウナンラピダス	0.89	0.972
20251213	中山	11	▲	4	ワイドアラジン	1.0	0.972
20251213	中山	11	☆	10	フクノブルーレイク	1.0	0.972
20251213	中山	12	◎	4	ラストシャリナ	1.0	0.958
20251213	中山	12	○	9	シュヴァルボヌール	1.0	0.958
20251213	中山	12	▲	6	モリノセピア	0.83	0.958
20251213	中山	12	☆	10	アルデショワ	1.0	0.958
20251213	阪神	1	◎	9	ナムラソラン	1.0	1.0
20251213	阪神	1	○	13	ガーネットフレア	1.0	1.0
20251213	阪神	1	▲	4	ゼルダ	1.0	1.0
20251213	阪神	1	☆	12	テンタイムトップ	1.0	1.0
20251213	阪神	2	◎	5	ニシノトリビュート	1.0	0.899
20251213	阪神	2	○	1	スカイストライプス	0.89	0.899
20251213	阪神	2	▲	10	セルジュバローズ	0.88	0.899
20251213	阪神	2	☆	6	ピエナオルカ	0.83	0.899
20251213	阪神	3	◎	10	ニシノセイエス	0.86	0.897
20251213	阪神	3	○	14	ベルグランボヌール	1.0	0.897
20251213	阪神	3	▲	6	ハナイロマヒナ	0.86	0.897
20251213	阪神	3	☆	8	ルビーエクリプス	0.88	0.897
20251213	阪神	7	◎	6	フレイムスター	1.0	0.909
20251213	阪神	7	○	2	サリエンテ	1.0	0.909
20251213	阪神	7	▲	8	スパルタンエックス	0.78	0.909
20251213	阪神	7	☆	5	ヨカオウ	0.86	0.909
20251213	阪神	8	◎	6	セルズパワー	0.83	0.958
20251213	阪神	8	○	4	セボンサデッセ	1.0	0.958
20251213	阪神	8	▲	8	ラファル	1.0	0.958
20251213	阪神	8	☆	9	ジェミート	1.0	0.958
20251213	阪神	9	◎	6	ブルースカイブルー	1.0	0.958
20251213	阪神	9	○	8	ベレシート	1.0	0.958
20251213	阪神	9	▲	1	ストロベリーツリー	1.0	0.958
20251213	阪神	9	☆	3	ブレナヴォン	0.83	0.958
20251213	阪神	10	◎	12	トゥルブレンシア	0.75	0.906
20251213	阪神	10	○	4	ゴッドエスパーダ	0.88	0.906
20251213	阪神	10	▲	6	ソウルアンドジャズ	1.0	0.906
20251213	阪神	10	☆	14	クリノフィガロ	1.0	0.906
20251213	阪神	11	◎	5	アッシュルバニパル	0.89	0.941
20251213	阪神	11	○	6	ワールズエンド	1.0	0.941
20251213	阪神	11	▲	10	ランスオブカオス	0.88	0.941
20251213	阪神	11	☆	11	シヴァース	1.0	0.941
20251213	阪神	12	◎	5	ファミリーツリー	1.0	1.0
20251213	阪神	12	○	8	セナスタイル	1.0	1.0
20251213	阪神	12	▲	10	ウィルサヴァイブ	1.0	1.0
20251213	阪神	12	☆	4	イトカワサクラ	1.0	1.0
20251220	中京	1	◎	6	メモリーデイズ	1.0	1.0
20251220	中京	1	○	9	ミヤラティーニ	1.0	1.0
20251220	中京	1	▲	8	アリディプラチノ	1.0	1.0
20251220	中京	1	☆	3	ルヴレアール	1.0	1.0
20251220	中京	2	◎	3	クインズセレネ	1.0	1.0
20251220	中京	2	○	14	アクアマリーナ	1.0	1.0
20251220	中京	2	▲	11	メルシージュテーム	1.0	1.0
20251220	中京	2	☆	6	エイミームーン	1.0	1.0
20251220	中京	3	◎	12	ワンカードフェロー	1.0	1.0
20251220	中京	3	○	16	コズミックダンサー	1.0	1.0
20251220	中京	3	▲	9	ディニテ	1.0	1.0
20251220	中京	3	☆	2	コスモフレディ	1.0	1.0
20251220	中京	4	◎	4	ベルシュヴァル	1.0	0.969
20251220	中京	4	○	1	アンディムジーク	0.88	0.969
20251220	中京	4	▲	12	テイエムアイラン	1.0	0.969
20251220	中京	4	☆	3	オーロアルジェント	1.0	0.969
20251220	中京	5	◎	11	シュートザムーン	1.0	0.917
20251220	中京	5	○	2	ミエノストロング	1.0	0.917
20251220	中京	5	▲	10	ロードメルヴェイユ	1.0	0.917
20251220	中京	5	☆	17	ポッドリプル	0.67	0.917
20251220	中京	6	◎	7	ダイシンラー	1.0	1.0
20251220	中京	6	○	9	タガノヘラクレス	1.0	1.0
20251220	中京	6	▲	16	エンマ	1.0	1.0
20251220	中京	6	☆	4	カーフキック	1.0	1.0
20251220	中京	7	◎	11	ペイドラロワール	0.88	0.969
20251220	中京	7	○	15	タケルハーロック	1.0	0.969
20251220	中京	7	▲	12	レーティッシュ	1.0	0.969
20251220	中京	7	☆	16	テーオーミリカン	1.0	0.969
20251220	中京	8	◎	12	アスクデッドヒート	1.0	1.0
20251220	中京	8	○	5	エイシンジェンマ	1.0	1.0
20251220	中京	8	▲	10	アンビアンス	1.0	1.0
20251220	中京	8	☆	9	メイショウビストロ	1.0	1.0
20251220	中京	9	◎	4	コラルリーフ	1.0	1.0
20251220	中京	9	○	3	ハッピーエンジェル	1.0	1.0
20251220	中京	9	▲	1	タマモイカロス	1.0	1.0
20251220	中京	9	☆	9	フォーゲル	1.0	1.0
20251220	中京	10	◎	4	ルミッキ	1.0	1.0
20251220	中京	10	○	3	フィリップ	1.0	1.0
20251220	中京	10	▲	13	クリノオリーブ	1.0	1.0
20251220	中京	10	☆	8	メモリーグラス	1.0	1.0
20251220	中京	11	◎	2	パカーラン	0.8	0.922
20251220	中京	11	○	6	メイショウズイウン	1.0	0.922
20251220	中京	11	▲	8	ペンナヴェローチェ	0.89	0.922
20251220	中京	11	☆	7	アルゴナヴィス	1.0	0.922
20251220	中京	12	◎	14	ラヴスコール	1.0	0.958
20251220	中京	12	○	8	ノボリリア	1.0	0.958
20251220	中京	12	▲	15	サンタアニタ	1.0	0.958
20251220	中京	12	☆	13	ルパヴィヨン	0.83	0.958
20251220	中山	1	◎	7	アイビーキラリ	1.0	0.914
20251220	中山	1	○	6	シュピラー	0.8	0.914
20251220	中山	1	▲	16	メインテーマ	1.0	0.914
20251220	中山	1	☆	8	カンレイスター	0.86	0.914
20251220	中山	2	◎	15	クインズツバキ	1.0	0.964
20251220	中山	2	○	13	ホールドザデイ	0.86	0.964
20251220	中山	2	▲	2	ケイツーリーブル	1.0	0.964
20251220	中山	2	☆	4	アーティラリー	1.0	0.964
20251220	中山	3	◎	10	ベルランコントル	1.0	1.0
20251220	中山	3	○	2	サンヴィクトワール	1.0	1.0
20251220	中山	3	▲	14	ミスターライト	1.0	1.0
20251220	中山	3	☆	7	ドッグウッド	1.0	1.0
20251220	中山	7	◎	12	アレステリオス	1.0	0.972
20251220	中山	7	○	6	ヴァンデスペランス	0.89	0.972
20251220	中山	7	▲	10	エコロガノン	1.0	0.972
20251220	中山	7	☆	15	オルブライト	1.0	0.972
20251220	中山	8	◎	5	エンジェルブリーズ	1.0	0.958
20251220	中山	8	○	1	ダンケルド	1.0	0.958
20251220	中山	8	▲	4	ピコテンダー	0.83	0.958
20251220	中山	8	☆	11	シルフレイ	1.0	0.958
20251220	中山	9	◎	9	サンブライト	1.0	0.927
20251220	中山	9	○	1	クレパスキュラー	0.88	0.927
20251220	中山	9	▲	2	ヒシアイラ	1.0	0.927
20251220	中山	9	☆	5	ピースサイン	0.83	0.927
20251220	中山	10	◎	3	ラファールドール	1.0	0.865
20251220	中山	10	○	2	プレシャスデイ	0.57	0.865
20251220	中山	10	▲	6	タイセイアディクト	0.89	0.865
20251220	中山	10	☆	15	コスモコンフェルマ	1.0	0.865
20251220	中山	11	◎	5	ソルトクィーン	1.0	1.0
20251220	中山	11	○	6	ウンブライル	1.0	1.0
20251220	中山	11	▲	9	ビップデイジー	1.0	1.0
20251220	中山	11	☆	4	ジューンオレンジ	1.0	1.0
20251220	中山	12	◎	12	プレイテシア	0.83	0.958
20251220	中山	12	○	8	スノーサイレンス	1.0	0.958
20251220	中山	12	▲	13	ドントゥザムーン	1.0	0.958
20251220	中山	12	☆	7	エリカマユーリ	1.0	0.958
20251220	阪神	1	◎	11	タイガーロード	1.0	1.0
20251220	阪神	1	○	15	ストラーダ	1.0	1.0
20251220	阪神	1	▲	9	フェスティヴドレス	1.0	1.0
20251220	阪神	1	☆	13	ブリオーニ	1.0	1.0
20251220	阪神	2	◎	11	ジーモンスター	1.0	1.0
20251220	阪神	2	○	8	バステール	1.0	1.0
20251220	阪神	2	▲	15	カフジエメンタール	1.0	1.0
20251220	阪神	3	◎	13	シャンペトルブーケ	0.89	0.937
20251220	阪神	3	○	14	リアライズルミナス	1.0	0.937
20251220	阪神	3	▲	5	サトノセプター	0.86	0.937
20251220	阪神	3	☆	17	キミノナハオリョウ	1.0	0.937
20251220	阪神	7	◎	15	マーウォルス	1.0	1.0
20251220	阪神	7	○	14	アカデミア	1.0	1.0
20251220	阪神	7	▲	4	エイユーファイヤー	1.0	1.0
20251220	阪神	7	☆	13	メラヴィリオーザ	1.0	1.0
20251220	阪神	8	◎	2	サンライズジュピタ	0.89	0.922
20251220	阪神	8	○	8	イマージョン	1.0	0.922
20251220	阪神	8	▲	9	ララバッカナール	1.0	0.922
20251220	阪神	8	☆	7	セディバン	0.8	0.922
20251220	阪神	9	◎	5	ジャスティンルマン	1.0	1.0
20251220	阪神	9	○	6	ウェイニースー	1.0	1.0
20251220	阪神	9	▲	9	ワンダーディーン	1.0	1.0
20251220	阪神	9	☆	8	ロックターミガン	1.0	1.0
20251220	阪神	10	◎	4	シュバルツマサムネ	1.0	0.972
20251220	阪神	10	○	3	アロンディ	1.0	0.972
20251220	阪神	10	▲	1	クルミナーレ	1.0	0.972
20251220	阪神	10	☆	8	プレイリードリーム	0.89	0.972
20251220	阪神	11	◎	12	ショウナンハクラク	1.0	1.0
20251220	阪神	11	○	9	カルロヴェローチェ	1.0	1.0
20251220	阪神	11	▲	15	バースクライ	1.0	1.0
20251220	阪神	11	☆	10	グランテスト	1.0	1.0
20251220	阪神	12	◎	3	ブルーサンセット	1.0	0.969
20251220	阪神	12	○	6	レイククレセント	0.88	0.969
20251220	阪神	12	▲	9	ブルーアイドガール	1.0	0.969
20251220	阪神	12	☆	1	ニジュウダンサー	1.0	0.969
20251221	中京	1	◎	5	ブレイズランナー	1.0	1.0
20251221	中京	1	○	11	マッドゲイル	1.0	1.0
20251221	中京	1	▲	4	ウェルム	1.0	1.0
20251221	中京	1	☆	15	ブライトラン	1.0	1.0
20251221	中京	2	◎	7	ビアフォーナウ	1.0	0.958
20251221	中京	2	○	12	アフトクラーティラ	1.0	0.958
20251221	中京	2	▲	4	スプランドゥール	1.0	0.958
20251221	中京	2	☆	1	サンポーニャ	0.83	0.958
20251221	中京	3	◎	5	ローズマイスター	1.0	0.969
20251221	中京	3	○	11	ゼンエスポワール	0.88	0.969
20251221	中京	3	▲	8	ガラク	1.0	0.969
20251221	中京	3	☆	1	メイショウクーガー	1.0	0.969
20251221	中京	4	◎	9	マイティキングダム	1.0	0.969
20251221	中京	4	○	10	ハッピーローヴァー	1.0	0.969
20251221	中京	4	▲	11	ペアレンツギフト	0.88	0.969
20251221	中京	4	☆	17	ドヴィーグラン	1.0	0.969
20251221	中京	6	◎	3	ジャンヌローサ	1.0	1.0
20251221	中京	6	○	11	ノクナレア	1.0	1.0
20251221	中京	6	▲	10	マーシーラン	1.0	1.0
20251221	中京	6	☆	5	ショウナンラウール	1.0	1.0
20251221	中京	7	◎	5	アンタノバラード	1.0	0.9
20251221	中京	7	○	6	エメラヴィ	0.8	0.9
20251221	中京	7	▲	14	ペレグリン	0.8	0.9
20251221	中京	7	☆	3	ゲーベル	1.0	0.9
20251221	中京	8	◎	1	ルトンワージ	1.0	0.964
20251221	中京	8	○	8	レベルスルール	1.0	0.964
20251221	中京	8	▲	7	ゴールドブレス	1.0	0.964
20251221	中京	8	☆	6	サトノラポール	0.86	0.964
20251221	中京	9	◎	7	ジャンシ	1.0	0.941
20251221	中京	9	○	6	ホウオウルクソール	0.89	0.941
20251221	中京	9	▲	1	マーゴットブロー	0.88	0.941
20251221	中京	9	☆	11	マイケルバローズ	1.0	0.941
20251221	中京	10	◎	6	ショウナンバルドル	1.0	0.964
20251221	中京	10	○	10	メディテラニアン	1.0	0.964
20251221	中京	10	▲	2	ディヴァインスター	1.0	0.964
20251221	中京	10	☆	1	チェルノボーグ	0.86	0.964
20251221	中京	11	◎	5	プロトポロス	0.83	0.958
20251221	中京	11	○	12	スターターン	1.0	0.958
20251221	中京	11	▲	15	ダノンフィーゴ	1.0	0.958
20251221	中京	11	☆	1	ナイトアクアリウム	1.0	0.958
20251221	中京	12	◎	11	ワタシマツワ	0.83	0.958
20251221	中京	12	○	2	メイショウカイト	1.0	0.958
20251221	中京	12	▲	14	アドマイヤジェイ	1.0	0.958
20251221	中京	12	☆	10	バンブルビー	1.0	0.958
20251221	中山	1	◎	15	オレンジリバー	1.0	0.941
20251221	中山	1	○	3	ホウオウヘッセン	0.88	0.941
20251221	中山	1	▲	4	フュルスティン	1.0	0.941
20251221	中山	1	☆	9	ダイユウサルターレ	0.89	0.941
20251221	中山	2	◎	6	ベルウッドピース	0.88	0.927
20251221	中山	2	○	14	マイネルオランチア	1.0	0.927
20251221	中山	2	▲	5	レピュニット	0.83	0.927
20251221	中山	2	☆	1	ノボリフジ	1.0	0.927
20251221	中山	3	◎	15	シェリアドレ	0.83	0.908
20251221	中山	3	○	12	ロンギングセリーヌ	1.0	0.908
20251221	中山	3	▲	14	バンオンタイム	0.8	0.908
20251221	中山	3	☆	9	サムシングスイート	1.0	0.908
20251221	中山	7	◎	3	バレンタインビスタ	1.0	0.969
20251221	中山	7	○	1	ジッピーチューン	1.0	0.969
20251221	中山	7	▲	2	ワイズファミリア	1.0	0.969
20251221	中山	7	☆	8	スピットブレイク	0.88	0.969
20251221	中山	8	◎	8	タニセンドリーム	0.88	0.969
20251221	中山	8	○	10	サトミノエンジェル	1.0	0.969
20251221	中山	8	▲	12	ラヴアンドライク	1.0	0.969
20251221	中山	8	☆	3	リーゼノアール	1.0	0.969
20251221	中山	9	◎	9	コンドゥイア	1.0	1.0
20251221	中山	9	○	11	クロシェットノエル	1.0	1.0
20251221	中山	9	▲	4	ノビリシマビジョン	1.0	1.0
20251221	中山	9	☆	2	シャドウメテオ	1.0	1.0
20251221	中山	10	◎	5	ラフエイジアン	1.0	0.95
20251221	中山	10	○	15	イムホテプ	0.8	0.95
20251221	中山	10	▲	9	ドバイブルース	1.0	0.95
20251221	中山	10	☆	11	ホウオウバリスタ	1.0	0.95
20251221	中山	11	◎	9	バレエマスター	1.0	0.964
20251221	中山	11	○	7	コントラポスト	0.86	0.964
20251221	中山	11	▲	1	グランディア	1.0	0.964
20251221	中山	11	☆	3	ドラゴンブースト	1.0	0.964
20251221	中山	12	◎	8	パルティクラール	0.88	0.887
20251221	中山	12	○	6	メイショウヨゾラ	0.88	0.887
20251221	中山	12	▲	7	メタルスピード	1.0	0.887
20251221	中山	12	☆	14	ピコローズ	0.8	0.887
20251221	阪神	1	◎	7	ニシノネガイ	1.0	1.0
20251221	阪神	1	○	4	ブラックコーラル	1.0	1.0
20251221	阪神	1	▲	1	セイントホース	1.0	1.0
20251221	阪神	1	☆	12	マーゴットデイズ	1.0	1.0
20251221	阪神	2	◎	2	イルダメリーノ	1.0	1.0
20251221	阪神	2	○	13	ネメス	1.0	1.0
20251221	阪神	2	▲	6	ゴーゴーシャチョウ	1.0	1.0
20251221	阪神	2	☆	3	タナブイハチターボ	1.0	1.0
20251221	阪神	3	◎	18	オフクマメ	1.0	1.0
20251221	阪神	3	○	12	ロサドラーダ	1.0	1.0
20251221	阪神	3	▲	11	モスカテル	1.0	1.0
20251221	阪神	3	☆	1	ルクスキャンディ	1.0	1.0
20251221	阪神	4	◎	7	シャローファースト	1.0	0.969
20251221	阪神	4	○	9	ワンダフルデイズ	0.88	0.969
20251221	阪神	4	▲	3	レイサンソク	1.0	0.969
20251221	阪神	4	☆	4	ヴィエントデコラ	1.0	0.969
20251221	阪神	7	◎	14	レイデラティエラ	1.0	0.877
20251221	阪神	7	○	16	ニホンピロデヴィン	0.78	0.877
20251221	阪神	7	▲	2	サンライズバブル	0.88	0.877
20251221	阪神	7	☆	17	ロットブラータ	0.86	0.877
20251221	阪神	8	◎	11	エーデル	1.0	1.0
20251221	阪神	8	○	1	デルアヴァー	1.0	1.0
20251221	阪神	8	▲	6	ゼロスネーク	1.0	1.0
20251221	阪神	8	☆	7	トゥーザムーン	1.0	1.0
20251221	阪神	9	◎	4	ガンウルフ	1.0	0.958
20251221	阪神	9	○	6	ピエマンソン	0.83	0.958
20251221	阪神	9	▲	10	アンジュフィールド	1.0	0.958
20251221	阪神	9	☆	14	ダノンスウィッチ	1.0	0.958
20251221	阪神	10	◎	10	ディープリボーン	0.88	0.969
20251221	阪神	10	○	13	ジンセイ	1.0	0.969
20251221	阪神	10	▲	1	タガノバビロン	1.0	0.969
20251221	阪神	10	☆	14	テーオードレフォン	1.0	0.969
20251221	阪神	11	◎	9	スペルーチェ	0.83	0.865
20251221	阪神	11	○	12	アドマイヤクワッズ	1.0	0.865
20251221	阪神	11	▲	8	カヴァレリッツォ	0.88	0.865
20251221	阪神	11	☆	7	コルテオソレイユ	0.75	0.865
20251221	阪神	12	◎	1	モジャーリオ	0.83	0.958
20251221	阪神	12	○	11	ディアナザール	1.0	0.958
20251221	阪神	12	▲	9	ウイントワイライト	1.0	0.958
20251221	阪神	12	☆	2	タイセイカレント	1.0	0.958
20251227	中山	1	◎	2	リケアペンネ	0.83	0.908
20251227	中山	1	○	10	コウジハラ	0.8	0.908
20251227	中山	1	▲	1	リオクリスハーレー	1.0	0.908
20251227	中山	1	☆	9	ベルオーシャン	1.0	0.908
20251227	中山	2	◎	3	カフェオリーブ	0.86	0.902
20251227	中山	2	○	7	ウインビギニング	0.88	0.902
20251227	中山	2	▲	8	ビービーアジャイル	1.0	0.902
20251227	中山	2	☆	16	パッセージピーク	0.88	0.902
20251227	中山	3	◎	8	ティーエンティー	1.0	0.887
20251227	中山	3	○	11	サントマーレ	0.83	0.887
20251227	中山	3	▲	5	パータリプトラ	0.71	0.887
20251227	中山	3	☆	4	コロッセウム	1.0	0.887
20251227	中山	4	◎	17	ロイヤルタイム	1.0	0.958
20251227	中山	4	○	5	サトノフレア	1.0	0.958
20251227	中山	4	▲	12	オメガディコン	1.0	0.958
20251227	中山	4	☆	13	ポッドクロス	0.83	0.958
20251227	中山	7	◎	17	マイネルアレス	1.0	0.964
20251227	中山	7	○	9	ウィッシュツリー	1.0	0.964
20251227	中山	7	▲	1	ツインピークス	0.86	0.964
20251227	中山	7	☆	11	ミッドセンチュリー	1.0	0.964
20251227	中山	8	◎	2	ハクシンブライアン	0.89	0.944
20251227	中山	8	○	15	ニシノブレイゼスト	0.89	0.944
20251227	中山	8	▲	14	ミダース	1.0	0.944
20251227	中山	8	☆	13	キングベルベット	1.0	0.944
20251227	中山	9	◎	2	スターウェーブ	0.86	0.914
20251227	中山	9	○	13	タマカヅラ	0.8	0.914
20251227	中山	9	▲	11	ルシード	1.0	0.914
20251227	中山	9	☆	1	ゴキゲンサン	1.0	0.914
20251227	中山	11	◎	7	テーオーアルアイン	1.0	1.0
20251227	中山	11	○	6	バドリナート	1.0	1.0
20251227	中山	11	▲	12	アンドゥーリル	1.0	1.0
20251227	中山	11	☆	10	ウイナーズナイン	1.0	1.0
20251227	中山	12	◎	12	サークルオブジョイ	1.0	0.972
20251227	中山	12	○	14	ミクニインスパイア	0.89	0.972
20251227	中山	12	▲	3	アマキヒ	1.0	0.972
20251227	中山	12	☆	5	フルール	1.0	0.972
20251227	阪神	1	◎	10	アカウフリューゲル	1.0	0.972
20251227	阪神	1	○	13	メイショウイブキ	1.0	0.972
20251227	阪神	1	▲	2	ルージュルガーノ	1.0	0.972
20251227	阪神	1	☆	9	レジーナテンペスタ	0.89	0.972
20251227	阪神	2	◎	7	メイショウメゴヒメ	0.89	0.972
20251227	阪神	2	○	3	ロードステラート	1.0	0.972
20251227	阪神	2	▲	1	テーオータウンズ	1.0	0.972
20251227	阪神	2	☆	8	アビラーシャ	1.0	0.972
20251227	阪神	3	◎	7	ナルキッソス	1.0	1.0
20251227	阪神	3	○	4	ジョーカー	1.0	1.0
20251227	阪神	3	▲	13	ハグレジョー	1.0	1.0
20251227	阪神	3	☆	2	ゴディアンフィンチ	1.0	1.0
20251227	阪神	4	◎	14	アトリ	1.0	0.914
20251227	阪神	4	○	12	マゲバスピード	0.86	0.914
20251227	阪神	4	▲	4	ダノンベルビュー	1.0	0.914
20251227	阪神	4	☆	7	ルビドゥソレイユ	0.8	0.914
20251227	阪神	7	◎	13	シンドリームシン	0.88	0.905
20251227	阪神	7	○	9	コスモグローリー	1.0	0.905
20251227	阪神	7	▲	7	ブラーヴイストワル	0.89	0.905
20251227	阪神	7	☆	11	マサハヤヴォス	0.86	0.905
20251227	阪神	8	◎	15	アスクアイルビゼア	1.0	0.969
20251227	阪神	8	○	10	マイティマイティー	1.0	0.969
20251227	阪神	8	▲	14	ドンパッショーネ	0.88	0.969
20251227	阪神	8	☆	16	ニタモノドウシ	1.0	0.969
20251227	阪神	9	◎	5	トライアンフパス	0.88	0.906
20251227	阪神	9	○	8	メイクワンズデイ	0.75	0.906
20251227	阪神	9	▲	1	ゴーゴーリチャード	1.0	0.906
20251227	阪神	9	☆	9	ベネサルート	1.0	0.906
20251227	阪神	10	◎	9	クロニクル	1.0	0.972
20251227	阪神	10	○	3	ハナウマビーチ	1.0	0.972
20251227	阪神	10	▲	12	クァンタムウェーブ	0.89	0.972
20251227	阪神	10	☆	8	ワイドブリザード	1.0	0.972
20251227	阪神	11	◎	6	シュタールヴィント	0.89	0.972
20251227	阪神	11	○	12	ナムラクレア	1.0	0.972
20251227	阪神	11	▲	15	ルガル	1.0	0.972
20251227	阪神	11	☆	11	ダノンマッキンリー	1.0	0.972
20251227	阪神	12	◎	9	ショウナンハウル	1.0	0.983
20251227	阪神	12	○	1	ミュージシャン	0.93	0.983
20251227	阪神	12	▲	7	ショウナンバルドル	1.0	0.983
20251227	阪神	12	☆	4	カリーニョ	1.0	0.983
20251228	中山	1	◎	5	タイセイガナール	1.0	0.861
20251228	中山	1	○	11	ミツカネメルクリオ	1.0	0.861
20251228	中山	1	▲	14	イイクニパッション	0.78	0.861
20251228	中山	1	☆	8	コウユーニポポニコ	0.67	0.861
20251228	中山	2	◎	5	イントゥゴールデン	0.89	0.972
20251228	中山	2	○	7	サイモフェーン	1.0	0.972
20251228	中山	2	▲	15	タイセツナヒ	1.0	0.972
20251228	中山	2	☆	12	イデアクリスタル	1.0	0.972
20251228	中山	3	◎	4	ニシノオールワン	0.88	0.969
20251228	中山	3	○	12	クリオロゴールド	1.0	0.969
20251228	中山	3	▲	13	シャインフォーミー	1.0	0.969
20251228	中山	3	☆	1	ミスチヴマリアンヌ	1.0	0.969
20251228	中山	4	◎	3	コパノトーマス	0.86	0.964
20251228	中山	4	○	5	レッドスティンガー	1.0	0.964
20251228	中山	4	▲	10	ラブルラウザー	1.0	0.964
20251228	中山	4	☆	2	エムフォー	1.0	0.964
20251228	中山	7	◎	12	ヒメカミノイタダキ	1.0	0.902
20251228	中山	7	○	5	メッエフアパラ	0.86	0.902
20251228	中山	7	▲	2	エフエイト	1.0	0.902
20251228	中山	7	☆	8	パシーヴ	0.75	0.902
20251228	中山	8	◎	6	オールマキシマム	1.0	1.0
20251228	中山	8	○	4	ディーズゴールド	1.0	1.0
20251228	中山	8	▲	7	アートレスマインド	1.0	1.0
20251228	中山	8	☆	1	ジューンエオス	1.0	1.0
20251228	中山	9	◎	3	ソワドリヨン	1.0	0.969
20251228	中山	9	○	6	コーチェラバレー	1.0	0.969
20251228	中山	9	▲	8	ピックデムッシュ	0.88	0.969
20251228	中山	9	☆	12	フィーリウス	1.0	0.969
20251228	中山	10	◎	15	コブラ	1.0	0.977
20251228	中山	10	○	7	アシャカトベ	0.91	0.977
20251228	中山	10	▲	8	アンズアメ	1.0	0.977
20251228	中山	10	☆	11	カウスリップ	1.0	0.977
20251228	中山	11	◎	1	エキサイトバイオ	1.0	0.972
20251228	中山	11	○	9	ダノンデサイル	1.0	0.972
20251228	中山	11	▲	5	レガレイラ	1.0	0.972
20251228	中山	11	☆	3	ジャスティンパレス	0.89	0.972
20251228	中山	12	◎	2	テウメッサ	1.0	0.969
20251228	中山	12	○	5	グローリーリンク	0.88	0.969
20251228	中山	12	▲	11	カニキュル	1.0	0.969
20251228	中山	12	☆	8	セブンマジシャン	1.0	0.969
20251228	阪神	1	◎	11	スズランクイーン	1.0	0.91
20251228	阪神	1	○	5	ミヤジオズ	0.89	0.91
20251228	阪神	1	▲	3	パゴスピグイノス	0.75	0.91
20251228	阪神	1	☆	8	ボールドフロント	1.0	0.91
20251228	阪神	2	◎	2	フトゥーロスフィダ	0.78	0.944
20251228	阪神	2	○	9	デアヴェローチェ	1.0	0.944
20251228	阪神	2	▲	15	ララディアーブル	1.0	0.944
20251228	阪神	2	☆	3	サトノロザリー	1.0	0.944
20251228	阪神	3	◎	2	テムホウサク	1.0	0.969
20251228	阪神	3	○	1	ストームゲイル	1.0	0.969
20251228	阪神	3	▲	13	エースフライト	1.0	0.969
20251228	阪神	3	☆	10	エイシンビーコン	0.88	0.969
20251228	阪神	7	◎	13	ハイクライテリア	1.0	0.972
20251228	阪神	7	○	14	モズケイスター	1.0	0.972
20251228	阪神	7	▲	12	ウォーターパラディ	0.89	0.972
20251228	阪神	7	☆	4	イイデカンタロウ	1.0	0.972
20251228	阪神	8	◎	6	メイケイロゼッタ	1.0	0.964
20251228	阪神	8	○	3	ショーダンサー	0.86	0.964
20251228	阪神	8	▲	13	レッドダンルース	1.0	0.964
20251228	阪神	8	☆	5	ドッビアーコ	1.0	0.964
20251228	阪神	9	◎	2	トーホウガレオン	1.0	1.0
20251228	阪神	9	○	4	マイエレメント	1.0	1.0
20251228	阪神	9	▲	8	テラメリタ	1.0	1.0
20251228	阪神	9	☆	9	グラフィティアート	1.0	1.0
20251228	阪神	10	◎	4	リッケンバッカー	1.0	1.0
20251228	阪神	10	○	7	ローランドバローズ	1.0	1.0
20251228	阪神	10	▲	10	ガジュノリ	1.0	1.0
20251228	阪神	10	☆	6	マイネルエニグマ	1.0	1.0
20251228	阪神	11	◎	4	ロードフロンティア	1.0	1.0
20251228	阪神	11	○	5	コンクイスタ	1.0	1.0
20251228	阪神	11	▲	9	ユキマル	1.0	1.0
20251228	阪神	11	☆	13	ワイワイレジェンド	1.0	1.0
20251228	阪神	12	◎	5	ブリックワーク	1.0	0.917
20251228	阪神	12	○	2	バンドシェル	0.67	0.917
20251228	阪神	12	▲	4	ロードマイライフ	1.0	0.917
20251228	阪神	12	☆	3	エマヌエーレ	1.0	0.917
20260104	中山	1	◎	6	バーヴァンシー	1.0	0.942
20260104	中山	1	○	14	フュルスティン	1.0	0.942
20260104	中山	1	▲	11	マリノレーヴェ	0.77	0.942
20260104	中山	1	☆	8	トウシンラヴ	1.0	0.942
20260104	中山	2	◎	12	トーセンシーギリヤ	1.0	1.0
20260104	中山	2	○	4	フィンガー	1.0	1.0
20260104	中山	2	▲	8	ニシノモリミチ	1.0	1.0
20260104	中山	2	☆	7	ゴーフォアブローク	1.0	1.0
20260104	中山	4	◎	9	ニシノロッドマン	1.0	1.0
20260104	中山	4	○	8	アラビアンドリーム	1.0	1.0
20260104	中山	4	▲	5	カシマライフウ	1.0	1.0
20260104	中山	4	☆	7	サトノリシャール	1.0	1.0
20260104	中山	5	◎	7	コスモシグルン	0.86	0.964
20260104	中山	5	○	3	ベアサナエチャン	1.0	0.964
20260104	中山	5	▲	12	ニシノマーレ	1.0	0.964
20260104	中山	5	☆	16	タイセイアストロ	1.0	0.964
20260104	中山	7	◎	3	タキノボリ	1.0	1.0
20260104	中山	7	○	13	バタール	1.0	1.0
20260104	中山	7	▲	6	カージオイド	1.0	1.0
20260104	中山	7	☆	8	ブレードサクセス	1.0	1.0
20260104	中山	8	◎	10	フォンメイリー	1.0	1.0
20260104	中山	8	○	3	フラッシュポイント	1.0	1.0
20260104	中山	8	▲	4	ラヴァグロウ	1.0	1.0
20260104	中山	8	☆	5	ヒットミー	1.0	1.0
20260104	中山	9	◎	9	アンジュフィールド	1.0	1.0
20260104	中山	9	○	2	デコラシオン	1.0	1.0
20260104	中山	9	☆	4	ゴールドアローン	1.0	1.0
20260104	中山	10	◎	2	マーゴットブロー	1.0	0.972
20260104	中山	10	○	7	ジーティーシンドウ	0.89	0.972
20260104	中山	10	▲	4	リゾートアイランド	1.0	0.972
20260104	中山	10	☆	5	サレジオ	1.0	0.972
20260104	中山	11	◎	14	リカンカブール	1.0	1.0
20260104	中山	11	○	2	アンゴラブラック	1.0	1.0
20260104	中山	11	▲	3	カネラフィーナ	1.0	1.0
20260104	中山	11	☆	12	マイネルモーント	1.0	1.0
20260104	中山	12	◎	13	スリーピース	0.83	0.903
20260104	中山	12	○	2	テセラリアン	1.0	0.903
20260104	中山	12	▲	16	ショウナンハクウン	1.0	0.903
20260104	中山	12	☆	3	ジャスパーソレイユ	0.78	0.903
20260104	京都	1	◎	11	バンダムソレール	1.0	1.0
20260104	京都	1	○	9	リーグナイト	1.0	1.0
20260104	京都	1	▲	5	テーオーアンジェラ	1.0	1.0
20260104	京都	1	☆	4	マクアケ	1.0	1.0
20260104	京都	2	◎	6	ロジャートアリー	1.0	0.958
20260104	京都	2	○	4	リアライズグリント	1.0	0.958
20260104	京都	2	☆	7	ディープシャロー	0.88	0.958
20260104	京都	3	◎	5	ルーセントムーン	0.88	0.919
20260104	京都	3	○	4	アニマレイ	1.0	0.919
20260104	京都	3	▲	9	ジャーナーリア	1.0	0.919
20260104	京都	3	☆	2	オプティモ	0.8	0.919
20260104	京都	6	◎	3	ウィズクィーン	0.86	0.964
20260104	京都	6	○	1	スカイスプレンダー	1.0	0.964
20260104	京都	6	▲	7	ヴァロンブローサ	1.0	0.964
20260104	京都	6	☆	4	エアビーアゲイル	1.0	0.964
20260104	京都	7	◎	1	ヴァリオーサ	1.0	1.0
20260104	京都	7	○	9	アンジュアルディ	1.0	1.0
20260104	京都	7	☆	3	サンコンクエスト	1.0	1.0
20260104	京都	8	◎	14	キーガッツ	1.0	0.958
20260104	京都	8	○	1	ロードヴァルカン	1.0	0.958
20260104	京都	8	▲	11	イマージョン	1.0	0.958
20260104	京都	8	☆	15	ペンテリコン	0.83	0.958
20260104	京都	9	◎	4	サトノシュトラーセ	1.0	1.0
20260104	京都	9	○	9	グランドプラージュ	1.0	1.0
20260104	京都	9	▲	13	ドゥラエテルノ	1.0	1.0
20260104	京都	9	☆	1	クリノフィガロ	1.0	1.0
20260104	京都	10	◎	4	インザモーメント	1.0	1.0
20260104	京都	10	○	9	ウイントレメンデス	1.0	1.0
20260104	京都	10	▲	8	バッデレイト	1.0	1.0
20260104	京都	10	☆	2	タガノデュード	1.0	1.0
20260104	京都	11	◎	11	ファーヴェント	1.0	0.969
20260104	京都	11	○	1	ランスオブカオス	0.88	0.969
20260104	京都	11	▲	9	トロヴァトーレ	1.0	0.969
20260104	京都	11	☆	3	キープカルム	1.0	0.969
20260104	京都	12	◎	5	クイックバイオ	1.0	0.958
20260104	京都	12	○	12	ブルクトーア	0.83	0.958
20260104	京都	12	▲	8	アドマイヤジェイ	1.0	0.958
20260104	京都	12	☆	4	ホウオウサンデー	1.0	0.958
20260110	中山	1	◎	2	コウソクユノ	1.0	0.933
20260110	中山	1	○	11	ライヴレッドアイ	0.88	0.933
20260110	中山	1	▲	8	カンレイスター	0.86	0.933
20260110	中山	1	☆	3	ジャメビュ	1.0	0.933
20260110	中山	2	◎	14	トップデュオ	1.0	0.902
20260110	中山	2	○	2	ベルウッドピース	0.75	0.902
20260110	中山	2	▲	12	アルデキングダム	1.0	0.902
20260110	中山	2	☆	8	コパノエイダン	0.86	0.902
20260110	中山	3	◎	10	サトミノアカリ	0.86	0.964
20260110	中山	3	○	15	ヘイスティハート	1.0	0.964
20260110	中山	3	▲	3	サノノキャニオン	1.0	0.964
20260110	中山	3	☆	14	エンカウンターベイ	1.0	0.964
20260110	中山	6	◎	9	コスモシェルベット	0.89	0.91
20260110	中山	6	○	15	ニシノブレイゼスト	1.0	0.91
20260110	中山	6	▲	13	ブレードサクセス	1.0	0.91
20260110	中山	6	☆	2	ガラスノブルース	0.75	0.91
20260110	中山	7	◎	8	エフティヴェント	1.0	1.0
20260110	中山	7	○	13	シャルムグリーン	1.0	1.0
20260110	中山	7	☆	15	セーヌデローヴ	1.0	1.0
20260110	中山	8	◎	5	トルショー	1.0	0.866
20260110	中山	8	○	1	パイシャオピン	0.71	0.866
20260110	中山	8	▲	3	トレサフィール	1.0	0.866
20260110	中山	8	☆	8	ピコシー	0.75	0.866
20260110	中山	9	◎	10	アジアントレジャー	1.0	0.958
20260110	中山	9	○	4	マクリール	1.0	0.958
20260110	中山	9	▲	3	ダンツシタン	0.83	0.958
20260110	中山	9	☆	7	ハイライトニング	1.0	0.958
20260110	中山	10	◎	15	レーヴブリリアント	1.0	0.969
20260110	中山	10	○	12	ストレイトトーカー	1.0	0.969
20260110	中山	10	▲	8	ダノンミッション	0.88	0.969
20260110	中山	10	☆	14	ミトノオルフェ	1.0	0.969
20260110	中山	11	◎	6	モズマーヴェリック	1.0	1.0
20260110	中山	11	○	4	マイユニバース	1.0	1.0
20260110	中山	11	▲	13	アスクナイスショー	1.0	1.0
20260110	中山	11	☆	3	グロッシェン	1.0	1.0
20260110	中山	12	◎	12	プルシャプラ	0.83	0.877
20260110	中山	12	○	6	ピコレッド	0.8	0.877
20260110	中山	12	▲	2	キボウノホシ	1.0	0.877
20260110	中山	12	☆	4	ハッピーパンニャ	0.88	0.877
20260110	京都	1	◎	11	セラサイト	1.0	1.0
20260110	京都	1	○	3	ジーティービキニ	1.0	1.0
20260110	京都	1	▲	6	クイーンズドリーム	1.0	1.0
20260110	京都	1	☆	5	オレンジフィールド	1.0	1.0
20260110	京都	2	◎	6	ウォーターハクビ	1.0	0.958
20260110	京都	2	○	5	クリムゾンバースト	1.0	0.958
20260110	京都	2	▲	12	ロックバンド	0.83	0.958
20260110	京都	2	☆	9	サイモンエクセラー	1.0	0.958
20260110	京都	4	◎	11	バトゥカーダ	1.0	1.0
20260110	京都	4	○	6	ボクマダネムイヨ	1.0	1.0
20260110	京都	4	▲	1	ジャスティンダラス	1.0	1.0
20260110	京都	4	☆	9	インシオン	1.0	1.0
20260110	京都	5	◎	10	マサハヤルージュ	1.0	1.0
20260110	京都	5	○	1	リアライズルミナス	1.0	1.0
20260110	京都	5	▲	2	ロサドラーダ	1.0	1.0
20260110	京都	5	☆	9	スマッシング	1.0	1.0
20260110	京都	6	◎	12	レグラヴィエール	1.0	1.0
20260110	京都	6	○	10	フローマジック	1.0	1.0
20260110	京都	6	▲	6	ガウディ	1.0	1.0
20260110	京都	6	☆	4	フクチャンブラック	1.0	1.0
20260110	京都	7	◎	3	アーロッタレット	1.0	1.0
20260110	京都	7	○	10	モカラマーズ	1.0	1.0
20260110	京都	7	▲	1	ヒラボクカレラ	1.0	1.0
20260110	京都	7	☆	15	クリノミニスター	1.0	1.0
20260110	京都	9	◎	7	ブリーズオンチーク	1.0	0.917
20260110	京都	9	○	4	モズカトレア	0.83	0.917
20260110	京都	9	▲	6	ステアハート	0.83	0.917
20260110	京都	9	☆	8	ユウェンタース	1.0	0.917
20260110	京都	10	◎	3	モズトキキ	1.0	0.896
20260110	京都	10	○	17	インブロリオ	0.83	0.896
20260110	京都	10	▲	4	ルシード	1.0	0.896
20260110	京都	10	☆	11	カリーシ	0.75	0.896
20260110	京都	11	◎	11	スマートサニー	1.0	1.0
20260110	京都	11	○	8	ビダーヤ	1.0	1.0
20260110	京都	11	▲	15	トリリオンボーイ	1.0	1.0
20260110	京都	11	☆	3	ライツフォル	1.0	1.0
20260110	京都	12	◎	3	スピリットライズ	0.88	0.969
20260110	京都	12	○	8	チムグクル	1.0	0.969
20260110	京都	12	▲	14	サーナーティオン	1.0	0.969
20260110	京都	12	☆	6	シャーリーゴールド	1.0	0.969
20260112	中山	1	◎	11	ムーンブランシュ	0.88	0.969
20260112	中山	1	○	5	アイスメルティング	1.0	0.969
20260112	中山	1	▲	3	スリーコーズ	1.0	0.969
20260112	中山	1	☆	8	イトシサ	1.0	0.969
20260112	中山	2	◎	2	サプーズ	0.75	0.906
20260112	中山	2	○	15	ジャストマイウェイ	1.0	0.906
20260112	中山	2	▲	1	ブルーサーマル	1.0	0.906
20260112	中山	2	☆	9	アンデルストープ	0.88	0.906
20260112	中山	3	◎	8	モータリゼーション	1.0	1.0
20260112	中山	3	○	6	マイネルオランチア	1.0	1.0
20260112	中山	3	▲	3	ソニックキャット	1.0	1.0
20260112	中山	3	☆	11	ロケットパンチ	1.0	1.0
20260112	中山	6	◎	12	アドマイヤウルトラ	1.0	1.0
20260112	中山	6	○	7	エリュグレイス	1.0	1.0
20260112	中山	6	▲	15	ガードオブオナー	1.0	1.0
20260112	中山	6	☆	6	アイスアンドスノー	1.0	1.0
20260112	中山	7	◎	9	ムーランブルー	1.0	1.0
20260112	中山	7	○	15	ランスノーブル	1.0	1.0
20260112	中山	7	▲	5	マーキュリーダイム	1.0	1.0
20260112	中山	7	☆	4	キョウエイフロイデ	1.0	1.0
20260112	中山	8	◎	5	コパノトーマス	0.86	0.964
20260112	中山	8	○	9	ロンドンオービタル	1.0	0.964
20260112	中山	8	▲	7	シャルトル	1.0	0.964
20260112	中山	8	☆	3	ガラベイヤ	1.0	0.964
20260112	中山	9	◎	9	インジケーター	1.0	1.0
20260112	中山	9	○	6	フジレイメイ	1.0	1.0
20260112	中山	9	▲	11	ニューファウンド	1.0	1.0
20260112	中山	9	☆	13	イデアユウシン	1.0	1.0
20260112	中山	10	◎	5	タマモダイジョッキ	1.0	1.0
20260112	中山	10	○	15	ドラゴンウェルズ	1.0	1.0
20260112	中山	10	▲	8	ロサンゼルス	1.0	1.0
20260112	中山	10	☆	2	クーデール	1.0	1.0
20260112	中山	11	◎	14	シルトホルン	1.0	1.0
20260112	中山	11	○	8	ファンダム	1.0	1.0
20260112	中山	11	▲	5	リラボニート	1.0	1.0
20260112	中山	11	☆	12	ダイシンヤマト	1.0	1.0
20260112	中山	12	◎	11	アドミラルシップ	1.0	0.969
20260112	中山	12	○	3	ミッキーマドンナ	1.0	0.969
20260112	中山	12	▲	6	マリアイリダータ	1.0	0.969
20260112	中山	12	☆	1	キャピタルリッチ	0.88	0.969
20260112	京都	1	◎	6	ナムラオットー	1.0	1.0
20260112	京都	1	○	14	ウォーターサグラダ	1.0	1.0
20260112	京都	1	▲	2	リアルアルバ	1.0	1.0
20260112	京都	1	☆	13	ヤマニンフェイエル	1.0	1.0
20260112	京都	2	◎	4	カイキアス	1.0	1.0
20260112	京都	2	○	7	サヴォアフェール	1.0	1.0
20260112	京都	2	▲	10	ブラックコーラル	1.0	1.0
20260112	京都	2	☆	3	ヴィエントデコラ	1.0	1.0
20260112	京都	3	◎	5	ハンザキ	1.0	0.917
20260112	京都	3	○	2	ゼルダ	0.67	0.917
20260112	京都	3	▲	7	アゲンストオッズ	1.0	0.917
20260112	京都	3	☆	1	ガルディエンヌ	1.0	0.917
20260112	京都	6	◎	6	イフリーティア	1.0	1.0
20260112	京都	6	○	7	ジュルナール	1.0	1.0
20260112	京都	6	▲	4	アリストクラシア	1.0	1.0
20260112	京都	6	☆	8	レディゴディヴァ	1.0	1.0
20260112	京都	7	◎	4	ムギトルナ	0.8	0.95
20260112	京都	7	○	16	セボンサデッセ	1.0	0.95
20260112	京都	7	▲	6	サンマルノヴェル	1.0	0.95
20260112	京都	7	☆	14	メイケイレイン	1.0	0.95
20260112	京都	8	◎	15	ジュンビクトワール	1.0	1.0
20260112	京都	8	○	8	ユキノクラウン	1.0	1.0
20260112	京都	8	▲	1	オリーブグリーン	1.0	1.0
20260112	京都	8	☆	7	グレイルクエスト	1.0	1.0
20260112	京都	9	◎	12	オルトパラティウム	0.89	0.937
20260112	京都	9	○	8	キングスコール	1.0	0.937
20260112	京都	9	▲	10	アロンディ	1.0	0.937
20260112	京都	9	☆	1	パンデアスカル	0.86	0.937
20260112	京都	10	◎	2	カミノレアル	0.83	0.931
20260112	京都	10	○	7	デルアヴァー	1.0	0.931
20260112	京都	10	▲	3	ペンナヴェローチェ	0.89	0.931
20260112	京都	10	☆	15	モックモック	1.0	0.931
20260112	京都	11	◎	3	サンダーストラック	1.0	0.95
20260112	京都	11	○	1	アルトラムス	1.0	0.95
20260112	京都	11	▲	13	モノポリオ	0.8	0.95
20260112	京都	11	☆	10	ファニーバニー	1.0	0.95
20260112	京都	12	◎	4	ジャスパーメルチェ	1.0	1.0
20260112	京都	12	○	8	アクアアイ	1.0	1.0
20260112	京都	12	▲	13	ナオミニオールイン	1.0	1.0
20260112	京都	12	☆	16	サルタラリンダ	1.0	1.0
20260117	中山	1	◎	6	アシャカルッカ	0.86	0.964
20260117	中山	1	○	11	サントマーレ	1.0	0.964
20260117	中山	1	▲	14	エバーラスト	1.0	0.964
20260117	中山	1	☆	10	タイセイガナール	1.0	0.964
20260117	中山	2	◎	3	マツリダシリウス	1.0	0.938
20260117	中山	2	○	13	ウリズンベー	1.0	0.938
20260117	中山	2	▲	15	ツウキンカイソク	0.88	0.938
20260117	中山	2	☆	4	ブラックパロット	0.88	0.938
20260117	中山	5	◎	18	ブリサマリーナ	1.0	0.972
20260117	中山	5	○	8	カルダモン	1.0	0.972
20260117	中山	5	▲	4	サムシングスイート	0.89	0.972
20260117	中山	5	☆	17	フューチャプライム	1.0	0.972
20260117	中山	6	◎	11	ホーリーブライト	0.88	0.826
20260117	中山	6	○	9	メッエフアパラ	0.86	0.826
20260117	中山	6	▲	14	オオゾラヒバリ	0.71	0.826
20260117	中山	6	☆	10	タルトポワール	0.86	0.826
20260117	中山	7	◎	10	ストレートブラック	1.0	1.0
20260117	中山	7	○	8	エデルクローネ	1.0	1.0
20260117	中山	7	▲	6	ミッドセンチュリー	1.0	1.0
20260117	中山	7	☆	1	サラスヴァティー	1.0	1.0
20260117	中山	8	◎	8	フレイミングパイ	0.88	0.933
20260117	中山	8	○	4	ビッグドリーム	0.86	0.933
20260117	中山	8	▲	12	ダンケルド	1.0	0.933
20260117	中山	8	☆	3	リリージェーン	1.0	0.933
20260117	中山	9	◎	8	エコールナヴァール	1.0	0.875
20260117	中山	9	○	1	アメティスタ	1.0	0.875
20260117	中山	9	▲	6	ポペット	0.5	0.875
20260117	中山	9	☆	4	ファンクション	1.0	0.875
20260117	中山	10	◎	12	ピクシレーション	0.88	0.897
20260117	中山	10	○	15	ミライヘノカギ	0.86	0.897
20260117	中山	10	▲	4	アラレタバシル	0.86	0.897
20260117	中山	10	☆	11	ホウオウバリスタ	1.0	0.897
20260117	中山	11	◎	1	ウインモナーク	1.0	1.0
20260117	中山	11	○	4	ルージュラナキラ	1.0	1.0
20260117	中山	11	▲	13	エコロレジーナ	1.0	1.0
20260117	中山	11	☆	11	ティニア	1.0	1.0
20260117	中山	12	◎	7	バシレイア	1.0	0.873
20260117	中山	12	○	9	ヴァンヴィーヴ	0.71	0.873
20260117	中山	12	▲	11	マリノトニトゥルス	0.89	0.873
20260117	中山	12	☆	1	プリティディーヴァ	0.89	0.873
20260117	京都	1	◎	6	ハオカノア	1.0	1.0
20260117	京都	1	○	8	リアライズグリント	1.0	1.0
20260117	京都	1	▲	10	クラッチスラッガー	1.0	1.0
20260117	京都	1	☆	5	マーズローバー	1.0	1.0
20260117	京都	2	◎	5	シャインゴーツ	1.0	0.937
20260117	京都	2	○	8	タナスーペルノーバ	0.89	0.937
20260117	京都	2	▲	2	ソニックブーム	0.86	0.937
20260117	京都	2	☆	15	サウンドラッシュ	1.0	0.937
20260117	京都	3	◎	5	サンセットロード	1.0	1.0
20260117	京都	3	○	12	グリーンゴー	1.0	1.0
20260117	京都	3	▲	8	フィサブロス	1.0	1.0
20260117	京都	3	☆	7	グランシャン	1.0	1.0
20260117	京都	5	◎	3	ヴェルメロディ	0.86	0.964
20260117	京都	5	○	10	レイクラシック	1.0	0.964
20260117	京都	5	▲	9	ラコンチャビエン	1.0	0.964
20260117	京都	5	☆	13	ローズラフィネ	1.0	0.964
20260117	京都	6	◎	3	アトモス	1.0	0.964
20260117	京都	6	○	6	クイノールト	1.0	0.964
20260117	京都	6	▲	4	ショコラプリン	0.86	0.964
20260117	京都	6	☆	5	トリグラフヒル	1.0	0.964
20260117	京都	7	◎	6	エンブレムボム	0.71	0.843
20260117	京都	7	○	16	モズケイスター	1.0	0.843
20260117	京都	7	▲	9	レーティッシュ	0.86	0.843
20260117	京都	7	☆	12	インディゴ	0.8	0.843
20260117	京都	8	◎	3	リアルスター	1.0	1.0
20260117	京都	8	▲	2	ドラゴン	1.0	1.0
20260117	京都	8	☆	5	ハギノコラソン	1.0	1.0
20260117	京都	9	◎	4	ディーガレジェンド	1.0	1.0
20260117	京都	9	○	9	ジェットマグナム	1.0	1.0
20260117	京都	9	▲	5	ジョイエッロ	1.0	1.0
20260117	京都	9	☆	2	ハートメテオ	1.0	1.0
20260117	京都	10	◎	3	パープルガーネット	0.78	0.944
20260117	京都	10	○	9	リリージョワ	1.0	0.944
20260117	京都	10	▲	4	テイエムスティール	1.0	0.944
20260117	京都	10	☆	1	プリンセスモコ	1.0	0.944
20260117	京都	11	◎	11	テイエムランウェイ	1.0	0.958
20260117	京都	11	○	7	ピエマンソン	0.83	0.958
20260117	京都	11	▲	5	エストレヤデベレン	1.0	0.958
20260117	京都	11	☆	13	ヴェロクオーレ	1.0	0.958
20260117	京都	12	◎	15	ザブライド	1.0	1.0
20260117	京都	12	○	1	ポッドドンナー	1.0	1.0
20260117	京都	12	▲	9	オリバナム	1.0	1.0
20260117	京都	12	☆	14	ツーエムクロノス	1.0	1.0
20260118	中山	1	◎	9	ロット	1.0	0.941
20260118	中山	1	○	12	クリオロゴールド	1.0	0.941
20260118	中山	1	▲	3	プラチナムディスク	0.89	0.941
20260118	中山	1	☆	14	ポルタシャーンス	0.88	0.941
20260118	中山	2	◎	11	アルデバローズ	1.0	0.972
20260118	中山	2	○	1	イサチルクイーン	1.0	0.972
20260118	中山	2	▲	13	クイーンズホリデー	0.89	0.972
20260118	中山	2	☆	14	レヴェンドール	1.0	0.972
20260118	中山	3	◎	10	フライデイゼーン	1.0	0.972
20260118	中山	3	○	9	サイモフェーン	1.0	0.972
20260118	中山	3	▲	2	アラビアンドリーム	1.0	0.972
20260118	中山	3	☆	8	パラダイスフェイス	0.89	0.972
20260118	中山	6	◎	9	アリステア	1.0	1.0
20260118	中山	6	○	14	ホークライト	1.0	1.0
20260118	中山	6	▲	11	ノアヴィヴァーチェ	1.0	1.0
20260118	中山	6	☆	6	リラゲイル	1.0	1.0
20260118	中山	7	◎	10	ウインルピナス	0.86	0.923
20260118	中山	7	○	12	レッドバンデ	0.83	0.923
20260118	中山	7	▲	5	フィーリウス	1.0	0.923
20260118	中山	7	☆	2	オールマイデイズ	1.0	0.923
20260118	中山	8	◎	9	リュウノタブーク	1.0	0.902
20260118	中山	8	○	1	リアルクィーン	0.86	0.902
20260118	中山	8	▲	14	レイバックスピン	0.75	0.902
20260118	中山	8	☆	7	レディーフランシス	1.0	0.902
20260118	中山	9	◎	2	レッドアトレーヴ	0.88	0.969
20260118	中山	9	○	11	セブンマジシャン	1.0	0.969
20260118	中山	9	▲	5	コートアリシアン	1.0	0.969
20260118	中山	9	☆	8	グローリーリンク	1.0	0.969
20260118	中山	10	◎	9	ジョーローリット	1.0	1.0
20260118	中山	10	○	10	アメリカンステージ	1.0	1.0
20260118	中山	10	▲	6	エコロアゼル	1.0	1.0
20260118	中山	10	☆	7	バグラダス	1.0	1.0
20260118	中山	11	◎	9	タイダルロック	1.0	0.958
20260118	中山	11	○	12	ソラネルマン	1.0	0.958
20260118	中山	11	▲	4	グリーンエナジー	1.0	0.958
20260118	中山	11	☆	8	パラディオン	0.83	0.958
20260118	中山	12	◎	9	ワイズファミリア	1.0	0.905
20260118	中山	12	○	8	サンヴィクトワール	0.89	0.905
20260118	中山	12	▲	6	ブルームコード	0.86	0.905
20260118	中山	12	☆	12	サートゥルチェア	0.88	0.905
20260118	京都	1	◎	8	タマモビスケット	1.0	0.969
20260118	京都	1	○	3	メイショウイブキ	0.88	0.969
20260118	京都	1	▲	10	クロカミジョウ	1.0	0.969
20260118	京都	1	☆	4	ショウナンタマユラ	1.0	0.969
20260118	京都	2	◎	5	メイショウイッカク	0.89	0.889
20260118	京都	2	○	4	アンリミテッド	1.0	0.889
20260118	京都	2	▲	6	ポッドジーク	0.67	0.889
20260118	京都	2	☆	8	ハイロード	1.0	0.889
20260118	京都	3	◎	11	トリーア	1.0	1.0
20260118	京都	3	○	7	メイショウバルク	1.0	1.0
20260118	京都	3	▲	12	ゴディアンフィンチ	1.0	1.0
20260118	京都	3	☆	14	カフジクロミエ	1.0	1.0
20260118	京都	4	◎	6	エスカレイト	1.0	1.0
20260118	京都	4	○	8	ラブルラウザー	1.0	1.0
20260118	京都	4	▲	9	ランスオブキング	1.0	1.0
20260118	京都	4	☆	3	メイショウテリオス	1.0	1.0
20260118	京都	6	◎	13	オーロアルジェント	1.0	0.964
20260118	京都	6	○	4	マゲバスピード	0.86	0.964
20260118	京都	6	▲	5	フレッチャアズーラ	1.0	0.964
20260118	京都	6	☆	12	ラミエルノムスコ	1.0	0.964
20260118	京都	7	◎	3	ワイドクリーガー	1.0	0.937
20260118	京都	7	○	4	テンエースワン	0.86	0.937
20260118	京都	7	▲	11	オリーブグリーン	1.0	0.937
20260118	京都	7	☆	10	オリジナルファイン	0.89	0.937
20260118	京都	8	◎	7	オメガナビゲーター	1.0	1.0
20260118	京都	8	○	8	ノラリクラリ	1.0	1.0
20260118	京都	8	▲	9	ルージュスティーズ	1.0	1.0
20260118	京都	8	☆	11	ドルチェリターン	1.0	1.0
20260118	京都	9	◎	11	サザーランド	1.0	0.938
20260118	京都	9	○	1	ポートデラメール	1.0	0.938
20260118	京都	9	▲	2	スニーカースキル	1.0	0.938
20260118	京都	9	☆	3	トゥロン	0.75	0.938
20260118	京都	10	◎	15	トゥルブレンシア	0.75	0.938
20260118	京都	10	○	12	バッケンレコード	1.0	0.938
20260118	京都	10	▲	8	ショーダンサー	1.0	0.938
20260118	京都	10	☆	1	キングブルー	1.0	0.938
20260118	京都	11	◎	1	マイネルケレリウス	1.0	0.953
20260118	京都	11	○	11	シャイニングソード	0.89	0.953
20260118	京都	11	▲	6	ゲルチュタール	1.0	0.953
20260118	京都	11	☆	9	リビアングラス	0.92	0.953
20260118	京都	12	◎	10	アフェシス	0.8	0.9
20260118	京都	12	○	1	レッドフェルメール	1.0	0.9
20260118	京都	12	▲	11	パスコード	0.8	0.9
20260118	京都	12	☆	6	ダイヤモンドハンズ	1.0	0.9
20260124	中山	1	◎	10	オニノウタゲ	1.0	0.917
20260124	中山	1	○	2	アドミ	0.67	0.917
20260124	中山	1	▲	16	ムーンブランシュ	1.0	0.917
20260124	中山	1	☆	14	タヤスロレンヌ	1.0	0.917
20260124	中山	2	◎	2	シデンイッセン	0.86	0.929
20260124	中山	2	○	3	アイデアユー	1.0	0.929
20260124	中山	2	▲	12	ニシノモリミチ	0.86	0.929
20260124	中山	2	☆	6	ハルノアメ	1.0	0.929
20260124	中山	4	◎	3	テイクオンミー	1.0	1.0
20260124	中山	4	○	10	ウインビギニング	1.0	1.0
20260124	中山	4	▲	12	サクセスゴールド	1.0	1.0
20260124	中山	4	☆	8	カシマライフウ	1.0	1.0
20260124	中山	5	◎	15	ファインブライト	1.0	1.0
20260124	中山	5	○	2	ウィロークリーク	1.0	1.0
20260124	中山	5	▲	5	ウェイクフィールド	1.0	1.0
20260124	中山	5	☆	10	フォーチュンローズ	1.0	1.0
20260124	中山	6	◎	4	ガンダ	1.0	0.969
20260124	中山	6	○	2	ロンギングフォユー	1.0	0.969
20260124	中山	6	▲	11	クラウトロック	1.0	0.969
20260124	中山	6	☆	10	ユアフェリシティ	0.88	0.969
20260124	中山	7	◎	13	バスターコール	1.0	0.919
20260124	中山	7	○	9	ヴィンブルレー	1.0	0.919
20260124	中山	7	▲	15	ピコレッド	0.8	0.919
20260124	中山	7	☆	4	クインズポラリス	0.88	0.919
20260124	中山	8	◎	6	ルージュマローネ	1.0	0.964
20260124	中山	8	○	2	マタミカンサン	1.0	0.964
20260124	中山	8	▲	8	パースウェイド	0.86	0.964
20260124	中山	8	☆	11	キョウエイフロイデ	1.0	0.964
20260124	中山	9	◎	8	レイヤードレッド	1.0	1.0
20260124	中山	9	○	6	ビーオンザカバー	1.0	1.0
20260124	中山	9	▲	5	ヤマニンアドホック	1.0	1.0
20260124	中山	9	☆	2	タイセイリコルド	1.0	1.0
20260124	中山	10	◎	2	マンダリンボレロ	1.0	0.969
20260124	中山	10	○	7	サノノワンダー	1.0	0.969
20260124	中山	10	▲	1	プルナチャンドラ	0.88	0.969
20260124	中山	10	☆	10	フィールオーサム	1.0	0.969
20260124	中山	11	◎	3	ミカッテヨンデイイ	0.89	0.937
20260124	中山	11	○	7	シャドウメテオ	1.0	0.937
20260124	中山	11	▲	16	エセルフリーダ	0.86	0.937
20260124	中山	11	☆	8	ドットクルー	1.0	0.937
20260124	中山	12	◎	7	チョングク	1.0	0.964
20260124	中山	12	○	2	プリムツァール	0.86	0.964
20260124	中山	12	▲	11	メランジェ	1.0	0.964
20260124	中山	12	☆	5	イージーブリージー	1.0	0.964
20260124	京都	1	◎	3	オーブフレッシュ	0.88	0.901
20260124	京都	1	○	8	シャフメラン	0.73	0.901
20260124	京都	1	▲	6	タガノシルフィー	1.0	0.901
20260124	京都	1	☆	9	イルカンダ	1.0	0.901
20260124	京都	2	◎	1	アドフランマム	1.0	0.964
20260124	京都	2	○	9	ラヴネヴァーダイズ	1.0	0.964
20260124	京都	2	▲	8	ワイドポティロン	1.0	0.964
20260124	京都	2	☆	6	ゲレイロ	0.86	0.964
20260124	京都	4	◎	16	ペガサスノース	0.86	0.891
20260124	京都	4	○	5	ルクスデイジー	1.0	0.891
20260124	京都	4	▲	8	ダノンプリマ	0.83	0.891
20260124	京都	4	☆	12	パシフィックハイ	0.88	0.891
20260124	京都	5	◎	11	パウンドフォーワン	0.89	0.944
20260124	京都	5	○	17	ブラックオリンピア	0.89	0.944
20260124	京都	5	▲	4	マテンロウオリジン	1.0	0.944
20260124	京都	5	☆	2	マイコンチェルト	1.0	0.944
20260124	京都	6	◎	9	ライゼシュトゥルム	0.89	0.931
20260124	京都	6	○	5	タフクッキー	1.0	0.931
20260124	京都	6	▲	14	メルメラーダ	0.83	0.931
20260124	京都	6	☆	10	ルナカカオ	1.0	0.931
20260124	京都	7	◎	3	ヴィーナスバブル	1.0	1.0
20260124	京都	7	○	2	ユキノクラウン	1.0	1.0
20260124	京都	7	▲	9	ブリオメンテ	1.0	1.0
20260124	京都	7	☆	6	ローズゴジャール	1.0	1.0
20260124	京都	8	◎	9	セントールビースト	0.89	0.972
20260124	京都	8	○	5	フェデラー	1.0	0.972
20260124	京都	8	▲	10	ヴリトラハン	1.0	0.972
20260124	京都	8	☆	3	ハリーケーン	1.0	0.972
20260124	京都	9	◎	12	エルハーベン	1.0	0.964
20260124	京都	9	○	9	イベントホライゾン	1.0	0.964
20260124	京都	9	▲	4	ウィズクィーン	0.86	0.964
20260124	京都	9	☆	11	ラージアンサンブル	1.0	0.964
20260124	京都	10	◎	3	ヒロノラメール	1.0	0.953
20260124	京都	10	○	4	アスクシュタイン	1.0	0.953
20260124	京都	10	▲	14	ペンナヴェローチェ	0.89	0.953
20260124	京都	10	☆	8	シャルクハフト	0.92	0.953
20260124	京都	11	◎	11	ビップデイジー	1.0	0.969
20260124	京都	11	○	4	マイネルチケット	1.0	0.969
20260124	京都	11	▲	8	シヴァース	1.0	0.969
20260124	京都	11	☆	14	ニホンピロキーフ	0.88	0.969
20260124	京都	12	◎	3	ジッピーレーサー	0.88	0.919
20260124	京都	12	○	4	メイショウカイト	1.0	0.919
20260124	京都	12	▲	8	エイムフォーエース	1.0	0.919
20260124	京都	12	☆	11	ルトゥール	0.8	0.919
20260124	小倉	1	◎	2	シンゼンイセ	1.0	0.806
20260124	小倉	1	○	5	アンコールアゲイン	0.56	0.806
20260124	小倉	1	▲	1	マシン	0.67	0.806
20260124	小倉	1	☆	4	オトコノロマン	1.0	0.806
20260124	小倉	2	◎	11	ミツカネマルテ	1.0	0.77
20260124	小倉	2	○	4	アルヴァンドルード	0.56	0.77
20260124	小倉	2	▲	2	ポッドリプル	0.67	0.77
20260124	小倉	2	☆	7	カシノスパーク	0.86	0.77
20260124	小倉	3	◎	14	コウユーネロガ	0.86	0.923
20260124	小倉	3	○	2	カッタッパ	1.0	0.923
20260124	小倉	3	▲	7	エコロレバン	1.0	0.923
20260124	小倉	3	☆	3	ミスヘンリー	0.83	0.923
20260124	小倉	7	◎	4	シマサンブラック	1.0	0.937
20260124	小倉	7	○	15	スズカミエール	1.0	0.937
20260124	小倉	7	▲	8	オーサムユニバンス	0.89	0.937
20260124	小倉	7	☆	12	ローレルオーブ	0.86	0.937
20260124	小倉	8	◎	2	イエローブリック	1.0	0.972
20260124	小倉	8	○	1	ベイラム	1.0	0.972
20260124	小倉	8	▲	5	ニヒトツーゼーア	1.0	0.972
20260124	小倉	8	☆	7	プルーヴンウィナー	0.89	0.972
20260124	小倉	9	◎	2	オンザマーチ	1.0	1.0
20260124	小倉	9	○	9	トップアタック	1.0	1.0
20260124	小倉	9	▲	7	ワイドシュテルケ	1.0	1.0
20260124	小倉	9	☆	6	ドルチェミスト	1.0	1.0
20260124	小倉	10	◎	5	バーケンヘッド	1.0	1.0
20260124	小倉	10	○	4	キングスコール	1.0	1.0
20260124	小倉	10	▲	3	ウインマイルート	1.0	1.0
20260124	小倉	10	☆	7	ヴァイザーバルコ	1.0	1.0
20260124	小倉	11	◎	5	アレナリア	1.0	0.889
20260124	小倉	11	○	9	パレハ	0.67	0.889
20260124	小倉	11	▲	1	テレサ	1.0	0.889
20260124	小倉	11	☆	14	クリスマスパレード	0.89	0.889
20260124	小倉	12	◎	1	ウィズマスタング	1.0	0.98
20260124	小倉	12	○	9	ロードヴォイジャー	0.94	0.98
20260124	小倉	12	☆	13	ゴッドヴァレー	1.0	0.98
20260125	中山	1	◎	16	ステラゲイル	1.0	0.972
20260125	中山	1	○	6	アンプイットアップ	0.89	0.972
20260125	中山	1	▲	5	サノノキャニオン	1.0	0.972
20260125	中山	1	☆	2	エスシーケイミー	1.0	0.972
20260125	中山	2	◎	6	キタノエピックアン	0.89	0.937
20260125	中山	2	○	12	プレイメイカー	1.0	0.937
20260125	中山	2	▲	7	ラスターヴァース	1.0	0.937
20260125	中山	2	☆	1	マスカルポーネ	0.86	0.937
20260125	中山	3	◎	2	セイカユウヒ	0.83	0.903
20260125	中山	3	○	12	サトノエスケープ	0.88	0.903
20260125	中山	3	▲	8	フェルアフリーゼ	1.0	0.903
20260125	中山	6	◎	8	ティアップドライブ	1.0	0.964
20260125	中山	6	○	5	ドゥマーヴェリック	1.0	0.964
20260125	中山	6	▲	12	ブレードサクセス	1.0	0.964
20260125	中山	6	☆	10	マリンバンカー	0.86	0.964
20260125	中山	7	◎	5	コスモアンソロジー	1.0	1.0
20260125	中山	7	○	3	ストレイトトーカー	1.0	1.0
20260125	中山	7	▲	1	フォルラニーニ	1.0	1.0
20260125	中山	7	☆	2	アージェント	1.0	1.0
20260125	中山	8	◎	6	ロードトレゾール	1.0	0.938
20260125	中山	8	○	2	ハードセルツァー	0.88	0.938
20260125	中山	8	▲	14	ニタモノドウシ	1.0	0.938
20260125	中山	8	☆	9	ホウオウプレミア	0.88	0.938
20260125	中山	9	◎	3	ドナルンバ	1.0	0.964
20260125	中山	9	○	5	ウップヘリーア	1.0	0.964
20260125	中山	9	▲	11	サントルドパリ	0.86	0.964
20260125	中山	9	☆	8	マイネルマスター	1.0	0.964
20260125	中山	10	◎	6	アンジュフィールド	1.0	0.958
20260125	中山	10	○	9	ルディック	1.0	0.958
20260125	中山	10	▲	16	ワンダラー	1.0	0.958
20260125	中山	10	☆	4	ドンレパルス	0.83	0.958
20260125	中山	11	◎	5	マテンロウレオ	1.0	1.0
20260125	中山	11	○	14	ドゥラドーレス	1.0	1.0
20260125	中山	11	▲	12	ディマイザキッド	1.0	1.0
20260125	中山	11	☆	10	ノースブリッジ	1.0	1.0
20260125	中山	12	◎	13	ペリバジャ	0.4	0.819
20260125	中山	12	○	14	シャルムグリーン	0.88	0.819
20260125	中山	12	▲	7	サンデースマッシュ	1.0	0.819
20260125	中山	12	☆	4	フェイスリフト	1.0	0.819
20260125	京都	1	◎	7	ロジャートアリー	1.0	0.958
20260125	京都	1	○	9	テーオーカイザー	1.0	0.958
20260125	京都	1	▲	5	ロックバンド	0.83	0.958
20260125	京都	1	☆	1	ブルーザー	1.0	0.958
20260125	京都	2	◎	7	フォーシーファイン	1.0	0.969
20260125	京都	2	○	9	ジャスティンゴッホ	1.0	0.969
20260125	京都	2	▲	16	ドメイン	1.0	0.969
20260125	京都	2	☆	5	ボンボンベイビー	0.88	0.969
20260125	京都	3	◎	12	マルモリキャスター	1.0	1.0
20260125	京都	3	○	10	アイカンアズーラ	1.0	1.0
20260125	京都	3	▲	4	ハンザキ	1.0	1.0
20260125	京都	3	☆	7	テリオスリコ	1.0	1.0
20260125	京都	4	◎	7	オウケンブラッド	0.88	0.905
20260125	京都	4	○	1	ワイドグンサ	1.0	0.905
20260125	京都	4	▲	4	ペプチドレオン	0.86	0.905
20260125	京都	4	☆	10	スカイプレリュード	0.89	0.905
20260125	京都	6	◎	12	ワイルドブッター	1.0	0.929
20260125	京都	6	○	5	ロードヴァルカン	1.0	0.929
20260125	京都	6	▲	1	ダノンモンテローザ	1.0	0.929
20260125	京都	6	☆	3	チムニーパイプ	0.71	0.929
20260125	京都	7	◎	8	テリオスサラ	1.0	0.938
20260125	京都	7	○	5	タガノアビー	1.0	0.938
20260125	京都	7	▲	10	ヨヒーン	0.75	0.938
20260125	京都	7	☆	2	ウィルサヴァイブ	1.0	0.938
20260125	京都	8	◎	5	ダブルジャッジ	1.0	1.0
20260125	京都	8	○	8	サムシャイン	1.0	1.0
20260125	京都	8	▲	4	ドゥラエテルノ	1.0	1.0
20260125	京都	8	☆	3	メイショウヤシマ	1.0	1.0
20260125	京都	9	◎	6	グランドオーパス	0.88	0.905
20260125	京都	9	○	9	ソルパッサーレ	0.86	0.905
20260125	京都	9	▲	3	スマートプリエール	0.89	0.905
20260125	京都	9	☆	2	タイムレスキス	1.0	0.905
20260125	京都	10	○	2	モジャーリオ	1.0	0.963
20260125	京都	10	▲	18	ブリュットミレジメ	0.89	0.963
20260125	京都	10	☆	17	ララマセラシオン	1.0	0.963
20260125	京都	11	◎	1	ルシュヴァルドール	1.0	0.902
20260125	京都	11	○	12	シゲルショウグン	0.88	0.902
20260125	京都	11	▲	10	ジェイパームス	0.86	0.902
20260125	京都	11	☆	6	クラウンプライド	0.88	0.902
20260125	京都	12	◎	4	クラウディアイ	1.0	0.941
20260125	京都	12	○	9	ハギノピアチェーレ	0.89	0.941
20260125	京都	12	▲	6	ベイリークロア	1.0	0.941
20260125	京都	12	☆	2	ホウオウトランプ	0.88	0.941
20260125	小倉	1	◎	4	ドウカキミニトドケ	1.0	0.964
20260125	小倉	1	○	2	テーオーアンジェラ	1.0	0.964
20260125	小倉	1	▲	1	クロスボーダー	0.86	0.964
20260125	小倉	1	☆	10	エアトベーレ	1.0	0.964
20260125	小倉	2	◎	9	アジーザム	1.0	1.0
20260125	小倉	2	○	17	エコロアビス	1.0	1.0
20260125	小倉	2	▲	14	ゴッドレイ	1.0	1.0
20260125	小倉	2	☆	5	マイネルユーゲント	1.0	1.0
20260125	小倉	3	◎	8	ハッピービバーク	0.88	0.927
20260125	小倉	3	○	3	ララアヴリル	0.83	0.927
20260125	小倉	3	▲	11	ヒラボクカレラ	1.0	0.927
20260125	小倉	3	☆	5	ヨドノゴールド	1.0	0.927
20260125	小倉	6	◎	1	ユウトザケンケン	1.0	1.0
20260125	小倉	6	○	7	ロードアマルフィ	1.0	1.0
20260125	小倉	6	▲	9	アニマレイ	1.0	1.0
20260125	小倉	6	☆	3	ハイビッグゴールド	1.0	1.0
20260125	小倉	7	◎	14	ビレッジルイーザ	1.0	0.969
20260125	小倉	7	○	8	ドッグウッド	1.0	0.969
20260125	小倉	7	▲	18	アストリル	1.0	0.969
20260125	小倉	7	☆	1	リアライズパリオ	0.88	0.969
20260125	小倉	8	◎	15	ソニックドライブ	1.0	1.0
20260125	小倉	8	○	3	ウインシャーガス	1.0	1.0
20260125	小倉	8	▲	7	グランセゾン	1.0	1.0
20260125	小倉	8	☆	5	ジュルナール	1.0	1.0
20260125	小倉	9	◎	11	ヴィヴァクラウン	1.0	0.95
20260125	小倉	9	○	2	セゾンデフィーユ	1.0	0.95
20260125	小倉	9	▲	7	セディバン	0.8	0.95
20260125	小倉	9	☆	10	ヤマニンレセディ	1.0	0.95
20260125	小倉	10	◎	4	ギマール	1.0	1.0
20260125	小倉	10	○	7	マテンロウブレイブ	1.0	1.0
20260125	小倉	10	▲	1	アイウィル	1.0	1.0
20260125	小倉	10	☆	8	ライフゲート	1.0	1.0
20260125	小倉	11	◎	1	エイカイマッケンロ	1.0	0.964
20260125	小倉	11	○	4	キングノジョー	0.86	0.964
20260125	小倉	11	▲	2	イガッチ	1.0	0.964
20260125	小倉	11	☆	11	ワイドアラジン	1.0	0.964
20260125	小倉	12	◎	2	イゾレエオリア	0.86	0.952
20260125	小倉	12	○	13	マイネルアウルム	1.0	0.952
20260125	小倉	12	☆	4	アスクメークシェア	1.0	0.952
20260131	京都	1	◎	7	マユナイト	1.0	1.0
20260131	京都	1	○	6	アーディアイリ	1.0	1.0
20260131	京都	1	▲	2	ソウルオンファイア	1.0	1.0
20260131	京都	1	☆	11	ベリルスフィア	1.0	1.0
20260131	京都	2	◎	3	バンブトンコール	0.75	0.938
20260131	京都	2	○	2	コスモブラック	1.0	0.938
20260131	京都	2	▲	7	マジックファイヤー	1.0	0.938
20260131	京都	2	☆	9	メイショウソウテン	1.0	0.938
20260131	京都	3	◎	8	ヴァルボリ	1.0	1.0
20260131	京都	3	○	5	ゴディアンフィンチ	1.0	1.0
20260131	京都	3	▲	7	カルロット	1.0	1.0
20260131	京都	3	☆	3	アデルフィー	1.0	1.0
20260131	京都	4	◎	10	コンテナヒーロー	0.88	0.969
20260131	京都	4	○	8	ヴィエントデコラ	1.0	0.969
20260131	京都	4	▲	5	ラジャブルック	1.0	0.969
20260131	京都	4	☆	7	タワーオブバベル	1.0	0.969
20260131	京都	6	◎	10	タケウチビー	1.0	0.917
20260131	京都	6	○	14	タイムレスフレアー	1.0	0.917
20260131	京都	6	▲	8	ペイシャシス	0.67	0.917
20260131	京都	6	☆	2	オースミサイファー	1.0	0.917
20260131	京都	7	◎	3	ペイシャプル	0.67	0.845
20260131	京都	7	○	8	シルバーレシオ	0.71	0.845
20260131	京都	7	▲	6	ソルチェリア	1.0	0.845
20260131	京都	7	☆	4	セイントホース	1.0	0.845
20260131	京都	8	◎	5	リアルスター	1.0	0.985
20260131	京都	8	○	1	モーメントキャッチ	0.94	0.985
20260131	京都	8	▲	8	ディニテ	1.0	0.985
20260131	京都	8	☆	2	ヴェストラン	1.0	0.985
20260131	京都	9	◎	9	プリンスノット	0.86	0.905
20260131	京都	9	○	11	ポッドドンナー	0.86	0.905
20260131	京都	9	☆	12	ワイノナオミ	1.0	0.905
20260131	京都	10	◎	4	エルディアブロ	0.86	0.964
20260131	京都	10	○	2	オメガナビゲーター	1.0	0.964
20260131	京都	10	▲	6	ボンドロア	1.0	0.964
20260131	京都	10	☆	8	スカイサーベイ	1.0	0.964
20260131	京都	11	◎	11	ハワイアンティアレ	1.0	0.958
20260131	京都	11	○	5	モズカトレア	1.0	0.958
20260131	京都	11	▲	9	プロミストジーン	0.88	0.958
20260131	京都	12	◎	16	ジュンライトニング	1.0	1.0
20260131	京都	12	○	12	ダノンブギ	1.0	1.0
20260131	京都	12	▲	15	ダイヤモンドハンズ	1.0	1.0
20260131	京都	12	☆	1	ニシノイツキムスメ	1.0	1.0
20260131	小倉	1	◎	4	カイトヴァイター	1.0	1.0
20260131	小倉	1	○	7	ウーマンズパワー	1.0	1.0
20260131	小倉	1	▲	10	ヴォンドゥ	1.0	1.0
20260131	小倉	1	☆	13	ベアゴーフォー	1.0	1.0
20260131	小倉	2	◎	2	ウインポーシャ	1.0	1.0
20260131	小倉	2	○	11	フォーチュンライド	1.0	1.0
20260131	小倉	2	▲	16	カトマンズゴールド	1.0	1.0
20260131	小倉	2	☆	3	ロザーンジュ	1.0	1.0
20260131	小倉	3	◎	12	デルマサクラサク	1.0	0.95
20260131	小倉	3	○	7	ホウオウバローロ	0.94	0.95
20260131	小倉	3	▲	10	アメリカンチーフ	1.0	0.95
20260131	小倉	3	☆	11	チャチャピンク	0.86	0.95
20260131	小倉	6	◎	10	ジュニートワン	1.0	1.0
20260131	小倉	6	○	3	リネアベルタ	1.0	1.0
20260131	小倉	6	▲	13	アンジェラス	1.0	1.0
20260131	小倉	6	☆	5	ベアコルム	1.0	1.0
20260131	小倉	7	◎	8	エクリュ	1.0	0.964
20260131	小倉	7	○	6	バンオンタイム	0.86	0.964
20260131	小倉	7	▲	14	トルークマクト	1.0	0.964
20260131	小倉	7	☆	5	アイドクレース	1.0	0.964
20260131	小倉	8	◎	2	スマッシュアウト	1.0	1.0
20260131	小倉	8	○	1	セクシーマージュ	1.0	1.0
20260131	小倉	8	▲	11	キョラムン	1.0	1.0
20260131	小倉	8	☆	10	グランルーチェ	1.0	1.0
20260131	小倉	9	◎	5	リクエイ	1.0	1.0
20260131	小倉	9	○	9	スノーサイレンス	1.0	1.0
20260131	小倉	9	▲	3	ハニーローリエ	1.0	1.0
20260131	小倉	9	☆	1	ミルフルール	1.0	1.0
20260131	小倉	10	◎	14	ユウェンタース	1.0	0.958
20260131	小倉	10	○	11	ヴィリアリート	1.0	0.958
20260131	小倉	10	▲	5	ステアハート	0.83	0.958
20260131	小倉	10	☆	8	エルフストラック	1.0	0.958
20260131	小倉	11	◎	2	ポエットリー	0.83	0.891
20260131	小倉	11	○	18	ブラックケリー	1.0	0.891
20260131	小倉	11	▲	1	メイショウピース	0.88	0.891
20260131	小倉	11	☆	4	ハートホイップ	0.86	0.891
20260131	小倉	12	◎	15	エンジェルマーク	1.0	0.969
20260131	小倉	12	○	16	バズアップビート	0.88	0.969
20260131	小倉	12	▲	9	メイショウアイル	1.0	0.969
20260131	小倉	12	☆	6	フララナキラ	1.0	0.969
20260131	東京	1	◎	13	アサクサダイアナ	1.0	1.0
20260131	東京	1	○	8	メビウスロマンス	1.0	1.0
20260131	東京	1	▲	9	ヨルヴィック	1.0	1.0
20260131	東京	1	☆	2	マカイゾウ	1.0	1.0
20260131	東京	2	◎	12	マウントバーノン	1.0	1.0
20260131	東京	2	○	11	カージオイド	1.0	1.0
20260131	東京	2	▲	7	オウケンシルヴァー	1.0	1.0
20260131	東京	2	☆	15	ナムラジミー	1.0	1.0
20260131	東京	3	◎	3	キセログラフィカ	1.0	0.985
20260131	東京	3	○	7	ミスターキャンベラ	0.94	0.985
20260131	東京	3	▲	2	タイキブリッツェン	1.0	0.985
20260131	東京	3	☆	12	ライカ	1.0	0.985
20260131	東京	6	◎	4	タッカーヴァンバン	0.89	0.941
20260131	東京	6	○	11	ペルウィクトール	0.88	0.941
20260131	東京	6	▲	2	トランスマーレ	1.0	0.941
20260131	東京	6	☆	12	ワイルドミュール	1.0	0.941
20260131	東京	7	◎	11	ビルバンテ	1.0	0.958
20260131	東京	7	○	12	サンラザール	1.0	0.958
20260131	東京	7	▲	15	ピースサイン	0.83	0.958
20260131	東京	7	☆	2	ロミオ	1.0	0.958
20260131	東京	8	◎	11	フィーチャリング	1.0	0.929
20260131	東京	8	○	10	ペイシャケイプ	0.71	0.929
20260131	東京	8	▲	9	レッドアレグロ	1.0	0.929
20260131	東京	8	☆	14	ゴールデンカイト	1.0	0.929
20260131	東京	9	◎	12	ジョディーズマロン	1.0	0.938
20260131	東京	9	○	16	ヒルノハンブルク	0.75	0.938
20260131	東京	9	▲	8	ルグランヴァン	1.0	0.938
20260131	東京	9	☆	6	ワイドブリザード	1.0	0.938
20260131	東京	10	◎	7	ホワイトドラゴン	1.0	1.0
20260131	東京	10	○	9	フクチャンショウ	1.0	1.0
20260131	東京	10	▲	2	オルネーロ	1.0	1.0
20260131	東京	10	☆	12	アスミル	1.0	1.0
20260131	東京	11	◎	5	キングズパレス	0.86	0.859
20260131	東京	11	○	6	ウィクトルウェルス	0.78	0.859
20260131	東京	11	▲	2	レディネス	0.8	0.859
20260131	東京	11	☆	4	ダノンシーマ	1.0	0.859
20260131	東京	12	◎	11	サトノラポール	0.86	0.905
20260131	東京	12	○	2	タイセイプランセス	0.89	0.905
20260131	東京	12	▲	10	アールヴィヴァン	0.88	0.905
20260131	東京	12	☆	1	スワローシチー	1.0	0.905
20260201	京都	1	◎	1	グラシアムヘール	1.0	0.969
20260201	京都	1	○	5	ジーティービキニ	1.0	0.969
20260201	京都	1	▲	10	ペガサスウィンド	0.88	0.969
20260201	京都	1	☆	13	グロリアス	1.0	0.969
20260201	京都	2	◎	7	スカイピア	0.8	0.922
20260201	京都	2	○	1	ウェルカムソング	1.0	0.922
20260201	京都	2	▲	14	ビスケットアソート	1.0	0.922
20260201	京都	2	☆	5	ジャスパーメルチェ	0.89	0.922
20260201	京都	3	◎	7	リードアクター	1.0	0.972
20260201	京都	3	○	9	パラダイスフェイス	0.89	0.972
20260201	京都	3	▲	10	アスクチャンスマン	1.0	0.972
20260201	京都	3	☆	2	タケルフォーカス	1.0	0.972
20260201	京都	5	◎	6	グッデイ	1.0	1.0
20260201	京都	5	○	3	アルジェンテーラ	1.0	1.0
20260201	京都	5	▲	1	フウセン	1.0	1.0
20260201	京都	5	☆	11	メイショウテンク	1.0	1.0
20260201	京都	6	◎	12	ベラジオリン	1.0	0.937
20260201	京都	6	○	9	エブリーポッシブル	0.89	0.937
20260201	京都	6	▲	6	ワイズギャング	1.0	0.937
20260201	京都	6	☆	8	ヒルノプーリア	0.86	0.937
20260201	京都	7	◎	1	ロードアルディート	1.0	1.0
20260201	京都	7	○	3	ドラゴン	1.0	1.0
20260201	京都	7	▲	4	レーンアジリティ	1.0	1.0
20260201	京都	7	☆	8	メイショウアゴナス	1.0	1.0
20260201	京都	8	◎	3	ザックザク	1.0	0.875
20260201	京都	8	○	5	ポンピエ	0.5	0.875
20260201	京都	8	▲	7	メイショウサチダケ	1.0	0.875
20260201	京都	8	☆	9	ニシノジェダイ	1.0	0.875
20260201	京都	9	◎	1	プリンセッサ	0.83	0.931
20260201	京都	9	○	4	ブルックリンダンス	1.0	0.931
20260201	京都	9	▲	5	ソウルアンドジャズ	0.89	0.931
20260201	京都	9	☆	7	サンライズバレット	1.0	0.931
20260201	京都	10	◎	5	チルカーノ	1.0	1.0
20260201	京都	10	○	8	ミラージュナイト	1.0	1.0
20260201	京都	10	▲	3	レクスノヴァス	1.0	1.0
20260201	京都	10	☆	1	ライトトラック	1.0	1.0
20260201	京都	11	◎	5	ウインアイオライト	1.0	0.938
20260201	京都	11	○	4	カルプスペルシュ	0.75	0.938
20260201	京都	11	▲	9	ビッグシーザー	1.0	0.938
20260201	京都	11	☆	2	ダノンマッキンリー	1.0	0.938
20260201	京都	12	◎	1	サクラオーラ	1.0	1.0
20260201	京都	12	○	6	ジーティードレス	1.0	1.0
20260201	京都	12	▲	5	ウォータークラーク	1.0	1.0
20260201	京都	12	☆	7	クスクス	1.0	1.0
20260201	小倉	1	◎	5	ワルツプリンセス	1.0	1.0
20260201	小倉	1	○	3	ジョーカー	1.0	1.0
20260201	小倉	1	▲	15	ナリタアーマー	1.0	1.0
20260201	小倉	1	☆	7	テイエムリチャード	1.0	1.0
20260201	小倉	2	◎	11	ツトムユニバース	1.0	1.0
20260201	小倉	2	○	8	リラベガ	1.0	1.0
20260201	小倉	2	▲	12	ベネファクター	1.0	1.0
20260201	小倉	2	☆	2	ドリーマーズ	1.0	1.0
20260201	小倉	3	◎	3	スカイダイバー	1.0	0.931
20260201	小倉	3	○	10	ペンテリコン	0.83	0.931
20260201	小倉	3	▲	7	レジェンダリーデイ	0.89	0.931
20260201	小倉	3	☆	13	ミキノバカラ	1.0	0.931
20260201	小倉	6	◎	6	マイネルラジェム	1.0	0.938
20260201	小倉	6	○	16	ゴールデンダガー	1.0	0.938
20260201	小倉	6	▲	15	ノリマル	0.75	0.938
20260201	小倉	6	☆	2	トリニタリオ	1.0	0.938
20260201	小倉	7	◎	5	グランコネクシオン	1.0	0.981
20260201	小倉	7	○	7	ミサビスケッツ	0.92	0.981
20260201	小倉	7	▲	10	タマモジャスミン	1.0	0.981
20260201	小倉	7	☆	8	ミュークチェルシー	1.0	0.981
20260201	小倉	8	◎	3	フォルテフィオーレ	1.0	1.0
20260201	小倉	8	○	5	インパクトシー	1.0	1.0
20260201	小倉	8	▲	1	ラトラース	1.0	1.0
20260201	小倉	8	☆	11	フォーカルフラワー	1.0	1.0
20260201	小倉	9	◎	7	シャインフリーリー	1.0	0.952
20260201	小倉	9	○	3	ロットブラータ	0.86	0.952
20260201	小倉	9	☆	2	ドラギニャン	1.0	0.952
20260201	小倉	10	◎	8	ソングオブライフ	1.0	1.0
20260201	小倉	10	○	12	ハリウッドメモリー	1.0	1.0
20260201	小倉	10	▲	2	ヒーローインチーフ	1.0	1.0
20260201	小倉	10	☆	6	レディメローラ	1.0	1.0
20260201	小倉	11	◎	7	ピースオブザライフ	0.78	0.926
20260201	小倉	11	○	1	スナークラファエロ	1.0	0.926
20260201	小倉	11	▲	9	ヴーレヴー	1.0	0.926
20260201	小倉	12	◎	4	ホリーアン	1.0	0.969
20260201	小倉	12	○	9	プリュノワール	1.0	0.969
20260201	小倉	12	▲	3	スネーフリンガ	1.0	0.969
20260201	小倉	12	☆	13	インターポーザー	0.88	0.969
20260201	東京	1	◎	1	リゾートライン	0.86	0.964
20260201	東京	1	○	10	ケブランリ	1.0	0.964
20260201	東京	1	▲	9	タイセイゴッシュ	1.0	0.964
20260201	東京	1	☆	15	ヴァルボナ	1.0	0.964
20260201	東京	2	◎	12	グランドスウェル	1.0	1.0
20260201	東京	2	○	9	ホウオウファミリー	1.0	1.0
20260201	東京	2	▲	4	ゴーフォアブローク	1.0	1.0
20260201	東京	2	☆	2	タイガーゲイト	1.0	1.0
20260201	東京	3	◎	2	グラスハーティー	1.0	1.0
20260201	東京	3	○	11	ジュワネング	1.0	1.0
20260201	東京	3	▲	9	ルージュリリック	1.0	1.0
20260201	東京	3	☆	7	ボーントゥラブユー	1.0	1.0
20260201	東京	4	○	6	マックスキュー	1.0	0.958
20260201	東京	4	▲	14	ベラジオワールド	1.0	0.958
20260201	東京	4	☆	16	マルセルテソーロ	0.88	0.958
20260201	東京	6	◎	11	エポカリーナ	0.83	0.931
20260201	東京	6	○	6	レッドエウロス	1.0	0.931
20260201	東京	6	▲	2	ジェシーテソーロ	1.0	0.931
20260201	東京	6	☆	5	ハクシンブライアン	0.89	0.931
20260201	東京	7	◎	3	ログラール	1.0	1.0
20260201	東京	7	○	8	メディテラニアン	1.0	1.0
20260201	東京	7	▲	6	ボウウィンドウ	1.0	1.0
20260201	東京	7	☆	2	ナイトスラッガー	1.0	1.0
20260201	東京	8	◎	5	シグムンド	1.0	1.0
20260201	東京	8	○	2	テーオーマルコーニ	1.0	1.0
20260201	東京	8	▲	10	ジーティーダーリン	1.0	1.0
20260201	東京	8	☆	8	ダディーズトリップ	1.0	1.0
20260201	東京	9	◎	8	バークシャーシチー	0.89	0.931
20260201	東京	9	○	9	フジガイフウ	1.0	0.931
20260201	東京	9	▲	6	ブレットパス	0.83	0.931
20260201	東京	9	☆	12	リスレジャンデール	1.0	0.931
20260201	東京	10	◎	5	アンダースコア	1.0	1.0
20260201	東京	10	○	14	ウイントワイライト	1.0	1.0
20260201	東京	10	▲	3	スマートワイス	1.0	1.0
20260201	東京	10	☆	6	ジュドー	1.0	1.0
20260201	東京	11	◎	15	サントノーレ	1.0	0.964
20260201	東京	11	○	8	インユアパレス	0.86	0.964
20260201	東京	11	▲	7	ダノンフィーゴ	1.0	0.964
20260201	東京	11	☆	3	オメガギネス	1.0	0.964
20260201	東京	12	◎	15	ティブロン	1.0	1.0
20260201	東京	12	○	1	アウダーシア	1.0	1.0
20260201	東京	12	▲	4	ナックホワイト	1.0	1.0
20260201	東京	12	☆	6	フォンドルレール	1.0	1.0
20260207	京都	1	◎	6	カセノコンコルド	1.0	0.969
20260207	京都	1	○	9	キリオス	1.0	0.969
20260207	京都	1	▲	1	ワルトシュタイン	1.0	0.969
20260207	京都	1	☆	4	トランスマリーン	0.88	0.969
20260207	京都	2	◎	8	メイショウルーク	1.0	1.0
20260207	京都	2	○	7	アビル	1.0	1.0
20260207	京都	2	▲	3	ミーサーク	1.0	1.0
20260207	京都	2	☆	6	フォーティンブラス	1.0	1.0
20260207	京都	3	◎	14	ロット	1.0	0.917
20260207	京都	3	○	3	ポッドリプル	0.67	0.917
20260207	京都	3	▲	1	アニマレイ	1.0	0.917
20260207	京都	3	☆	12	セイウンバジリスク	1.0	0.917
20260207	京都	5	◎	13	ナデシコザクラ	1.0	1.0
20260207	京都	5	○	6	ミラキュラスアース	1.0	1.0
20260207	京都	5	▲	1	テイエムアイラン	1.0	1.0
20260207	京都	5	☆	8	オーロラボレアリス	1.0	1.0
20260207	京都	6	◎	2	ドナシェーン	1.0	1.0
20260207	京都	6	○	5	メイショウカクウチ	1.0	1.0
20260207	京都	6	▲	6	スマートジュリアス	1.0	1.0
20260207	京都	6	☆	1	ホールオブミラーズ	1.0	1.0
20260207	京都	7	◎	4	ドルチェリターン	1.0	0.964
20260207	京都	7	○	7	アスクコモンタレヴ	1.0	0.964
20260207	京都	7	▲	2	ロードガレリア	0.86	0.964
20260207	京都	7	☆	1	ジェロニモス	1.0	0.964
20260207	京都	8	◎	4	ディーガレジェンド	1.0	1.0
20260207	京都	8	○	8	バルティカ	1.0	1.0
20260207	京都	8	▲	7	ヴァリディシームス	1.0	1.0
20260207	京都	8	☆	6	ヴィスマール	1.0	1.0
20260207	京都	9	◎	5	ライジン	1.0	0.938
20260207	京都	9	○	8	ゲッティヴィラ	1.0	0.938
20260207	京都	9	▲	14	ハンベルジャイト	1.0	0.938
20260207	京都	9	☆	6	コパノハンプトン	0.75	0.938
20260207	京都	10	◎	5	アイニードユー	1.0	0.874
20260207	京都	10	○	4	スウィートハピネス	0.89	0.874
20260207	京都	10	▲	2	アドマイヤシュラ	0.75	0.874
20260207	京都	10	☆	1	スピナーリート	0.86	0.874
20260207	京都	11	◎	4	ホールシバン	1.0	0.969
20260207	京都	11	○	10	ディープリボーン	0.88	0.969
20260207	京都	11	▲	11	ミッキークレスト	1.0	0.969
20260207	京都	11	☆	16	ジューンアヲニヨシ	1.0	0.969
20260207	京都	12	◎	14	アメリカンランナー	1.0	1.0
20260207	京都	12	○	7	サンマルノヴェル	1.0	1.0
20260207	京都	12	▲	13	モカラマーズ	1.0	1.0
20260207	京都	12	☆	1	ジャスパーノベル	1.0	1.0
20260207	小倉	1	◎	7	アスターリコッタ	1.0	0.964
20260207	小倉	1	○	13	フレットローソ	0.86	0.964
20260207	小倉	1	▲	10	ホールドミーワンス	1.0	0.964
20260207	小倉	1	☆	12	ミティリーニ	1.0	0.964
20260207	小倉	2	◎	2	ワンワールド	1.0	0.964
20260207	小倉	2	○	4	ウォーターデライト	1.0	0.964
20260207	小倉	2	▲	16	マイネルユーゲント	1.0	0.964
20260207	小倉	2	☆	13	ヒッグスボソン	0.86	0.964
20260207	小倉	3	◎	10	スラッシュコード	1.0	0.933
20260207	小倉	3	○	8	ファンシーフリル	0.88	0.933
20260207	小倉	3	▲	5	パドゼフィール	0.86	0.933
20260207	小倉	3	☆	12	ショコラキュイ	1.0	0.933
20260207	小倉	6	◎	10	ゴールデンダガー	1.0	1.0
20260207	小倉	6	○	3	モスカテル	1.0	1.0
20260207	小倉	6	▲	9	アストリル	1.0	1.0
20260207	小倉	6	☆	12	ロサルゴサ	1.0	1.0
20260207	小倉	7	◎	17	ニホンピロホリデー	0.89	0.885
20260207	小倉	7	○	4	フィオレストラーダ	1.0	0.885
20260207	小倉	7	▲	13	パーフェクトパール	0.78	0.885
20260207	小倉	7	☆	12	メイショウピリカ	0.88	0.885
20260207	小倉	8	◎	9	チャチャピンク	0.86	0.916
20260207	小倉	8	○	4	モズタチアガレ	0.93	0.916
20260207	小倉	8	▲	12	ローズマイスター	0.88	0.916
20260207	小倉	8	☆	1	グレイスフルマーチ	1.0	0.916
20260207	小倉	9	◎	8	マイバラード	1.0	0.958
20260207	小倉	9	○	1	リーティアコナル	1.0	0.958
20260207	小倉	9	▲	9	サンライズバブル	1.0	0.958
20260207	小倉	9	☆	4	オーシンエス	0.83	0.958
20260207	小倉	10	◎	12	トーアライデン	1.0	1.0
20260207	小倉	10	○	6	マテンロウギフト	1.0	1.0
20260207	小倉	10	▲	8	フナデ	1.0	1.0
20260207	小倉	10	☆	9	ヤマニンループ	1.0	1.0
20260207	小倉	11	◎	2	サンセットブライト	1.0	0.964
20260207	小倉	11	○	8	レシプロシティ	1.0	0.964
20260207	小倉	11	▲	16	ノーブルスカイ	0.86	0.964
20260207	小倉	11	☆	11	ツークフォーゲル	1.0	0.964
20260207	小倉	12	◎	10	ユメシバイ	0.6	0.858
20260207	小倉	12	○	8	ラミアメンテ	0.83	0.858
20260207	小倉	12	▲	5	オンザヴィーナス	1.0	0.858
20260207	小倉	12	☆	16	アートフォーム	1.0	0.858
20260207	東京	1	◎	5	ノーブルティアラ	1.0	0.969
20260207	東京	1	○	7	ルージュリヴィエラ	1.0	0.969
20260207	東京	1	▲	15	スイープセレニティ	1.0	0.969
20260207	東京	1	☆	11	チームユートピア	0.88	0.969
20260207	東京	2	◎	14	サリーアン	1.0	1.0
20260207	東京	2	○	8	ジャスフォール	1.0	1.0
20260207	東京	2	▲	16	タヤスロレンヌ	1.0	1.0
20260207	東京	2	☆	12	ライヴギムレット	1.0	1.0
20260207	東京	3	◎	13	スーパーハイウェイ	1.0	1.0
20260207	東京	3	○	6	ロードクローザー	1.0	1.0
20260207	東京	3	▲	2	アオイミズホ	1.0	1.0
20260207	東京	3	☆	15	セブンワンダーズ	1.0	1.0
20260207	東京	4	◎	3	ブルスカメンテ	1.0	0.941
20260207	東京	4	○	10	タマモカンパネラ	0.88	0.941
20260207	東京	4	▲	9	クラリネットソナタ	1.0	0.941
20260207	東京	4	☆	2	ウエヲムイテゴラン	0.89	0.941
20260207	東京	6	◎	15	トーケンジンロック	1.0	0.964
20260207	東京	6	○	6	レッドアヴィオン	1.0	0.964
20260207	東京	6	▲	4	レヴェランジェ	1.0	0.964
20260207	東京	6	☆	10	コスモペンタス	0.86	0.964
20260207	東京	7	◎	12	ムーンブランシュ	1.0	1.0
20260207	東京	7	○	8	マジッククッキー	1.0	1.0
20260207	東京	7	▲	14	フルミネブル	1.0	1.0
20260207	東京	7	☆	1	ジェイエルキャリア	1.0	1.0
20260207	東京	8	◎	2	マーゴットゲイン	1.0	1.0
20260207	東京	8	○	11	ヘリオトロープ	1.0	1.0
20260207	東京	8	▲	12	レッドダンルース	1.0	1.0
20260207	東京	8	☆	16	エーリアル	1.0	1.0
20260207	東京	9	◎	16	ランプローグ	0.83	0.958
20260207	東京	9	○	13	メイショウハッケイ	1.0	0.958
20260207	東京	9	▲	11	ラヴノー	1.0	0.958
20260207	東京	9	☆	10	トラスコンガーデン	1.0	0.958
20260207	東京	10	◎	1	イブニングタイド	1.0	1.0
20260207	東京	10	○	12	ミクストベリーズ	1.0	1.0
20260207	東京	10	▲	5	サーナーティオン	1.0	1.0
20260207	東京	10	☆	7	エールトゥヘヴン	1.0	1.0
20260207	東京	11	◎	13	ロードオールライト	1.0	0.964
20260207	東京	11	○	10	トリプルコーク	0.86	0.964
20260207	東京	11	▲	5	アマキヒ	1.0	0.964
20260207	東京	11	☆	7	エレクトリックブギ	1.0	0.964
20260207	東京	12	◎	7	エコロヴァイス	1.0	0.938
20260207	東京	12	○	13	ルヴァレドクール	1.0	0.938
20260207	東京	12	▲	3	ソナタン	0.75	0.938
20260207	東京	12	☆	6	ドリーミングアップ	1.0	0.938
20260208	小倉	1	◎	4	シャープインサイト	0.89	0.972
20260208	小倉	1	○	16	ブルーミーティア	1.0	0.972
20260208	小倉	1	▲	3	ユイノサダハル	1.0	0.972
20260208	小倉	1	☆	1	モズジェネラル	1.0	0.972
20260208	小倉	2	◎	9	ノーブルマドンナ	1.0	1.0
20260208	小倉	2	○	10	ゴッドアイ	1.0	1.0
20260208	小倉	2	▲	2	ダブルチャレンジ	1.0	1.0
20260208	小倉	2	☆	4	ハッピーローヴァー	1.0	1.0
20260208	小倉	3	◎	7	スターチスブーケ	0.88	0.969
20260208	小倉	3	○	3	マオノクラッシュ	1.0	0.969
20260208	小倉	3	▲	11	クインズシフォン	1.0	0.969
20260208	小倉	3	☆	14	オコジュ	1.0	0.969
20260208	小倉	6	◎	13	ナムラオリガミ	1.0	0.969
20260208	小倉	6	○	10	パーシャングレー	0.88	0.969
20260208	小倉	6	▲	14	オックスアイ	1.0	0.969
20260208	小倉	6	☆	11	ギオンバヤシ	1.0	0.969
20260208	小倉	7	◎	1	パーリーラスター	1.0	0.972
20260208	小倉	7	○	3	ミラクルキャッツ	1.0	0.972
20260208	小倉	7	▲	8	ハギノコラソン	1.0	0.972
20260208	小倉	7	☆	4	ヴァイオパイシーズ	0.89	0.972
20260208	小倉	8	◎	6	シャインバオバブ	1.0	1.0
20260208	小倉	8	○	14	フォルテフィオーレ	1.0	1.0
20260208	小倉	8	▲	13	グランセゾン	1.0	1.0
20260208	小倉	8	☆	1	スタードメイソン	1.0	1.0
20260208	小倉	9	◎	5	ジャスパールビー	0.88	0.969
20260208	小倉	9	○	2	ミトノリン	1.0	0.969
20260208	小倉	9	▲	10	ドルチェミスト	1.0	0.969
20260208	小倉	9	☆	4	ネネキリマル	1.0	0.969
20260208	小倉	10	◎	11	サンキャメロン	1.0	1.0
20260208	小倉	10	▲	2	ライフゲート	1.0	1.0
20260208	小倉	10	☆	14	サンライズシュガー	1.0	1.0
20260208	小倉	11	◎	9	ダンテスヴュー	1.0	0.938
20260208	小倉	11	○	2	ヴィンセンシオ	1.0	0.938
20260208	小倉	11	▲	12	シルトホルン	1.0	0.938
20260208	小倉	11	☆	11	アスクドゥポルテ	0.75	0.938
20260208	小倉	12	◎	9	ツィスカリーゼ	1.0	1.0
20260208	小倉	12	○	2	ヴァージル	1.0	1.0
20260208	小倉	12	▲	6	パリコレジェンヌ	1.0	1.0
20260208	小倉	12	☆	3	グランテレーズ	1.0	1.0
20260210	京都	1	◎	12	アイファーセラピー	0.89	0.953
20260210	京都	1	○	16	スリーコーズ	1.0	0.953
20260210	京都	1	▲	14	プレデンシア	1.0	0.953
20260210	京都	1	☆	8	クロノレガリス	0.92	0.953
20260210	京都	2	◎	4	アージュドール	1.0	0.969
20260210	京都	2	○	9	ワンダフルデイズ	0.88	0.969
20260210	京都	2	▲	6	マテンロウアワー	1.0	0.969
20260210	京都	2	☆	5	ポッドジーク	1.0	0.969
20260210	京都	3	◎	5	モズオウンゴール	1.0	0.905
20260210	京都	3	○	9	アーガイルショア	1.0	0.905
20260210	京都	3	☆	2	ハッピーバンク	0.71	0.905
20260210	京都	4	◎	6	ビービーバザーク	1.0	1.0
20260210	京都	4	○	9	ハイクオリティ	1.0	1.0
20260210	京都	4	▲	7	ルクスフレンジー	1.0	1.0
20260210	京都	4	☆	1	エイユーファイヤー	1.0	1.0
20260210	京都	6	◎	3	ラピス	0.67	0.885
20260210	京都	6	○	5	スクランプシャス	0.88	0.885
20260210	京都	6	▲	1	ヴィラジョヴィス	1.0	0.885
20260210	京都	6	☆	7	トレセデオロ	1.0	0.885
20260210	京都	7	◎	2	マテンロウシルビア	0.89	0.972
20260210	京都	7	○	7	アリストクラシア	1.0	0.972
20260210	京都	7	▲	5	オリジナルファイン	1.0	0.972
20260210	京都	7	☆	4	サンコンクエスト	1.0	0.972
20260210	京都	8	◎	8	ウィップスティッチ	1.0	1.0
20260210	京都	8	○	2	アオイレーギーナ	1.0	1.0
20260210	京都	8	▲	4	リリーフィールド	1.0	1.0
20260210	京都	8	☆	12	インプロバイザー	1.0	1.0
20260210	京都	9	◎	3	メタルスピード	0.86	0.937
20260210	京都	9	○	10	キングメーカー	1.0	0.937
20260210	京都	9	▲	7	ミニトランザット	1.0	0.937
20260210	京都	9	☆	13	ブリュットミレジメ	0.89	0.937
20260210	京都	10	◎	14	イスラアネーロ	1.0	1.0
20260210	京都	10	○	3	ファムエレガンテ	1.0	1.0
20260210	京都	10	▲	10	ポッドベイダー	1.0	1.0
20260210	京都	10	☆	2	ロジアデレード	1.0	1.0
20260210	京都	11	◎	3	サトノアイボリー	1.0	0.958
20260210	京都	11	○	7	ラフターラインズ	1.0	0.958
20260210	京都	11	▲	4	ゴーイントゥスカイ	1.0	0.958
20260210	京都	11	☆	1	ゾロアストロ	0.83	0.958
20260210	京都	12	◎	1	ヨシノヤッタルデー	1.0	1.0
20260210	京都	12	○	6	ヴリトラハン	1.0	1.0
20260210	京都	12	▲	8	ジーベック	1.0	1.0
20260210	京都	12	☆	15	ベンダバール	1.0	1.0
20260210	東京	1	◎	3	マジンタクシー	1.0	0.958
20260210	東京	1	○	16	レピュニット	0.83	0.958
20260210	東京	1	▲	10	ベアハンドキャッチ	1.0	0.958
20260210	東京	1	☆	1	シュートザムーン	1.0	0.958
20260210	東京	2	◎	2	バッハ	0.67	0.875
20260210	東京	2	○	11	ジーティーブラック	1.0	0.875
20260210	東京	2	▲	3	モロノカガヤキ	1.0	0.875
20260210	東京	2	☆	5	タケルムサシ	0.83	0.875
20260210	東京	3	◎	12	モントゥリエ	0.83	0.958
20260210	東京	3	○	10	エアトベーレ	1.0	0.958
20260210	東京	3	▲	15	ティルベリー	1.0	0.958
20260210	東京	3	☆	4	ホテルストリート	1.0	0.958
20260210	東京	6	◎	8	ミクニフラッシュ	1.0	0.964
20260210	東京	6	○	10	レイヒストリコ	0.86	0.964
20260210	東京	6	▲	14	インタノン	1.0	0.964
20260210	東京	6	☆	5	サトノクラシカル	1.0	0.964
20260210	東京	7	◎	9	ブルーベリーフィズ	1.0	0.964
20260210	東京	7	○	2	ベストミーエヴァー	1.0	0.964
20260210	東京	7	▲	6	マイスターヴェルク	1.0	0.964
20260210	東京	7	☆	5	プリムツァール	0.86	0.964
20260210	東京	8	◎	14	エチャケナ	1.0	1.0
20260210	東京	8	○	1	セレジェイラ	1.0	1.0
20260210	東京	8	▲	9	セントラルヴァレー	1.0	1.0
20260210	東京	8	☆	8	ドラゴンテイラー	1.0	1.0
20260210	東京	9	◎	2	ブラウンバナナ	1.0	1.0
20260210	東京	9	○	5	アローメタル	1.0	1.0
20260210	東京	9	▲	6	スカイスプレンダー	1.0	1.0
20260210	東京	9	☆	1	ガローファノ	1.0	1.0
20260210	東京	10	◎	3	テリオスララ	1.0	1.0
20260210	東京	10	○	11	リンクスティップ	1.0	1.0
20260210	東京	10	▲	1	カニキュル	1.0	1.0
20260210	東京	10	☆	9	ルージュソリテール	1.0	1.0
20260210	東京	11	◎	15	ウンブライル	1.0	1.0
20260210	東京	11	○	12	ウォーターリヒト	1.0	1.0
20260210	東京	11	▲	7	トロヴァトーレ	1.0	1.0
20260210	東京	11	☆	16	ブエナオンダ	1.0	1.0
20260210	東京	12	◎	5	ヒルビリーエレジー	1.0	0.95
20260210	東京	12	○	2	キミハスコール	1.0	0.95
20260210	東京	12	▲	6	ピコレッド	0.8	0.95
20260210	東京	12	☆	12	カーヌスティ	1.0	0.95
20260214	京都	1	◎	8	アンヌグロース	1.0	1.0
20260214	京都	1	○	10	リーチグローリー	1.0	1.0
20260214	京都	1	▲	7	ティタノマキア	1.0	1.0
20260214	京都	1	☆	3	ウエスタンオレンジ	1.0	1.0
20260214	京都	2	◎	14	イッタレイッタレ	1.0	1.0
20260214	京都	2	○	15	メイショウバルク	1.0	1.0
20260214	京都	2	▲	12	ビスケットアソート	1.0	1.0
20260214	京都	2	☆	16	マクアケ	1.0	1.0
20260214	京都	3	◎	11	テンマジックアワー	0.89	0.931
20260214	京都	3	○	10	レイサンソク	1.0	0.931
20260214	京都	3	▲	6	メイショウアカリ	1.0	0.931
20260214	京都	3	☆	8	ピエナオルカ	0.83	0.931
20260214	京都	4	◎	15	ナブッコ	1.0	0.944
20260214	京都	4	○	5	キープシャイニング	0.89	0.944
20260214	京都	4	▲	8	ジュディーイメル	1.0	0.944
20260214	京都	4	☆	14	ダンジョンヒーロー	0.89	0.944
20260214	京都	6	◎	15	ミルトメテオ	1.0	1.0
20260214	京都	6	○	17	モンシーク	1.0	1.0
20260214	京都	6	▲	10	ルンベーラ	1.0	1.0
20260214	京都	6	☆	9	ブラックシャリマー	1.0	1.0
20260214	京都	7	◎	15	シュテルンビルト	1.0	1.0
20260214	京都	7	○	14	モズタチアガレ	1.0	1.0
20260214	京都	7	▲	2	エイシンマールス	1.0	1.0
20260214	京都	7	☆	12	クインズメレンゲ	1.0	1.0
20260214	京都	8	◎	8	マナエトレ	1.0	0.833
20260214	京都	8	○	1	ロカヒ	0.33	0.833
20260214	京都	8	▲	12	ソウルアンドジャズ	1.0	0.833
20260214	京都	8	☆	11	マンダリンボレロ	1.0	0.833
20260214	京都	9	◎	7	アイガーリー	1.0	0.972
20260214	京都	9	○	9	チュウワカーネギー	1.0	0.972
20260214	京都	9	▲	1	ナムラコスモス	1.0	0.972
20260214	京都	9	☆	4	カレントゥルーシー	0.89	0.972
20260214	京都	10	◎	7	アレナリア	1.0	1.0
20260214	京都	10	○	2	ミラージュナイト	1.0	1.0
20260214	京都	10	▲	9	ミュージシャン	1.0	1.0
20260214	京都	10	☆	14	ジーティーアダマン	1.0	1.0
20260214	京都	11	◎	6	ブラックシールド	1.0	0.969
20260214	京都	11	○	1	ニホンピロキーフ	0.88	0.969
20260214	京都	11	▲	7	リラボニート	1.0	0.969
20260214	京都	11	☆	8	ジャスティンスカイ	1.0	0.969
20260214	京都	12	◎	4	リュキア	1.0	0.913
20260214	京都	12	○	13	ミキノバカラ	1.0	0.913
20260214	京都	12	▲	3	リードプリンシパル	0.78	0.913
20260214	京都	12	☆	12	キープライジング	0.88	0.913
20260214	小倉	1	◎	3	サウンドディアナ	1.0	0.95
20260214	小倉	1	○	16	ペンダント	0.8	0.95
20260214	小倉	1	▲	9	タガノシルフィー	1.0	0.95
20260214	小倉	1	☆	11	アークブリッツ	1.0	0.95
20260214	小倉	2	◎	4	セイウンシシマイ	1.0	1.0
20260214	小倉	2	○	1	マーゴットミスト	1.0	1.0
20260214	小倉	2	▲	16	ワンダーアスク	1.0	1.0
20260214	小倉	2	☆	15	ノーブルマドンナ	1.0	1.0
20260214	小倉	3	◎	8	スイーヴル	0.8	0.887
20260214	小倉	3	○	11	チュラヴェール	1.0	0.887
20260214	小倉	3	▲	7	バンダムソレール	0.75	0.887
20260214	小倉	3	☆	14	シーキングザバース	1.0	0.887
20260214	小倉	5	◎	10	ノーブルトレジャー	1.0	0.972
20260214	小倉	5	○	7	ノリマル	1.0	0.972
20260214	小倉	5	▲	5	ミエノストロング	1.0	0.972
20260214	小倉	5	☆	1	スパルタンエックス	0.89	0.972
20260214	小倉	6	◎	3	ノーブルオリンポス	0.89	0.972
20260214	小倉	6	○	12	ノボリリア	1.0	0.972
20260214	小倉	6	▲	6	ケイアイクビラ	1.0	0.972
20260214	小倉	6	☆	1	ダイヤモンド	1.0	0.972
20260214	小倉	7	◎	11	エイトスターズ	1.0	0.964
20260214	小倉	7	○	8	ディスパラール	0.86	0.964
20260214	小倉	7	▲	16	タマモジャスミン	1.0	0.964
20260214	小倉	7	☆	3	アンリーベイビー	1.0	0.964
20260214	小倉	9	◎	5	アイドクレース	1.0	1.0
20260214	小倉	9	○	4	キッコベッロ	1.0	1.0
20260214	小倉	9	▲	7	ドッグウッド	1.0	1.0
20260214	小倉	9	☆	9	ソラーロ	1.0	1.0
20260214	小倉	10	◎	9	ビーアイフォルテ	1.0	0.964
20260214	小倉	10	○	12	ディーエスショウマ	1.0	0.964
20260214	小倉	10	▲	8	パールフロント	0.86	0.964
20260214	小倉	10	☆	2	トーアジョウトウ	1.0	0.964
20260214	小倉	11	◎	9	シュヴェルトライテ	1.0	1.0
20260214	小倉	11	○	18	ジュンヴァンケット	1.0	1.0
20260214	小倉	11	▲	6	ルーフ	1.0	1.0
20260214	小倉	11	☆	1	ロードトレイル	1.0	1.0
20260214	小倉	12	◎	3	ハレアカラフラ	1.0	1.0
20260214	小倉	12	○	12	シンゼンカガ	1.0	1.0
20260214	小倉	12	▲	7	グローブアマランス	1.0	1.0
20260214	小倉	12	☆	14	ジャグアール	1.0	1.0
20260214	東京	1	◎	15	スーホ	1.0	1.0
20260214	東京	1	○	12	タイセイゴッシュ	1.0	1.0
20260214	東京	1	▲	14	トウカイレオ	1.0	1.0
20260214	東京	1	☆	2	ライカ	1.0	1.0
20260214	東京	2	◎	12	ディースプレマシー	1.0	0.95
20260214	東京	2	○	5	ライノ	1.0	0.95
20260214	東京	2	▲	13	トレインザマインド	1.0	0.95
20260214	東京	2	☆	3	ベネスピラ	0.8	0.95
20260214	東京	3	◎	15	レイズテンペスト	0.88	0.969
20260214	東京	3	○	8	イナズマダイモン	1.0	0.969
20260214	東京	3	▲	5	ロードトライデント	1.0	0.969
20260214	東京	3	☆	12	スカイレックス	1.0	0.969
20260214	東京	5	◎	5	ダイユウルミナス	1.0	1.0
20260214	東京	5	○	6	サンデースマッシュ	1.0	1.0
20260214	東京	5	▲	1	ルージュリリック	1.0	1.0
20260214	東京	5	☆	14	レゲンデ	1.0	1.0
20260214	東京	6	◎	7	アルペンローゼ	0.86	0.964
20260214	東京	6	○	15	シニャンガ	1.0	0.964
20260214	東京	6	▲	8	ダーリングハースト	1.0	0.964
20260214	東京	6	☆	5	マンサニージャ	1.0	0.964
20260214	東京	7	◎	13	ランプローグ	0.83	0.958
20260214	東京	7	○	4	グリオンヴール	1.0	0.958
20260214	東京	7	▲	5	シャオママル	1.0	0.958
20260214	東京	7	☆	10	トラスコンガーデン	1.0	0.958
20260214	東京	8	◎	7	アルドール	1.0	0.964
20260214	東京	8	○	10	コスモストーム	1.0	0.964
20260214	東京	8	▲	11	ヘリオトロープ	0.86	0.964
20260214	東京	8	☆	5	チュウワチーフ	1.0	0.964
20260214	東京	9	◎	4	サトノスカイターフ	1.0	1.0
20260214	東京	9	○	7	レッドバンデ	1.0	1.0
20260214	東京	9	▲	6	アロンズロッド	1.0	1.0
20260214	東京	9	☆	3	イクリール	1.0	1.0
20260214	東京	10	◎	3	ガンウルフ	1.0	1.0
20260214	東京	10	○	10	ヴァンドーム	1.0	1.0
20260214	東京	10	▲	5	メイショウハチロー	1.0	1.0
20260214	東京	10	☆	14	レイズカイザー	1.0	1.0
20260214	東京	11	◎	16	タイムレスキス	1.0	0.972
20260214	東京	11	○	9	ギャラボーグ	1.0	0.972
20260214	東京	11	▲	1	ドリームコア	1.0	0.972
20260214	東京	11	☆	5	ヒズマスターピース	0.89	0.972
20260214	東京	12	◎	8	シークレットイスラ	1.0	1.0
20260214	東京	12	○	7	アルレッキーノ	1.0	1.0
20260214	東京	12	▲	9	シャンクス	1.0	1.0
20260214	東京	12	☆	3	レッドレナート	1.0	1.0
20260215	京都	1	◎	1	レイナサンライズ	1.0	1.0
20260215	京都	1	○	9	ガウラディスコ	1.0	1.0
20260215	京都	1	▲	4	マーチンゲール	1.0	1.0
20260215	京都	1	☆	8	ルファーダ	1.0	1.0
20260215	京都	3	◎	5	ムーンリットビーチ	1.0	1.0
20260215	京都	3	○	13	アーディアイリ	1.0	1.0
20260215	京都	3	▲	8	ナルキッソス	1.0	1.0
20260215	京都	3	☆	1	マルモリキャスター	1.0	1.0
20260215	京都	4	◎	9	ホーナー	1.0	0.937
20260215	京都	4	○	4	アメリカンスタイル	1.0	0.937
20260215	京都	4	▲	8	ダノンバーボン	0.86	0.937
20260215	京都	4	☆	6	ブルーメサンライズ	0.89	0.937
20260215	京都	5	◎	12	パンジー	0.75	0.86
20260215	京都	5	○	3	ピカキウイ	0.8	0.86
20260215	京都	5	▲	14	ジーティーメティオ	0.89	0.86
20260215	京都	5	☆	6	グリーンガーネット	1.0	0.86
20260215	京都	6	◎	11	ニシノメイホウ	1.0	0.917
20260215	京都	6	○	12	ラパンドール	0.83	0.917
20260215	京都	6	▲	5	アンガーザガール	1.0	0.917
20260215	京都	6	☆	14	エバイダンス	0.83	0.917
20260215	京都	7	◎	3	バルデラマ	1.0	1.0
20260215	京都	7	○	12	サイモンシュバリエ	1.0	1.0
20260215	京都	7	▲	9	ブリオメンテ	1.0	1.0
20260215	京都	7	☆	6	サトノブリジャール	1.0	1.0
20260215	京都	8	◎	7	ケアンズ	1.0	0.972
20260215	京都	8	○	11	アレンテージョ	1.0	0.972
20260215	京都	8	▲	5	ピースヒロフェイス	0.89	0.972
20260215	京都	8	☆	3	ギザキズラヴ	1.0	0.972
20260215	京都	9	◎	7	ホウオウトランプ	0.88	0.969
20260215	京都	9	○	8	ネブラディスク	1.0	0.969
20260215	京都	9	▲	1	ジーティーマン	1.0	0.969
20260215	京都	9	☆	9	マイネルフルムーン	1.0	0.969
20260215	京都	10	◎	9	トウカイポワール	0.88	0.854
20260215	京都	10	○	10	グランドプラージュ	0.89	0.854
20260215	京都	10	▲	5	ペンナヴェローチェ	0.78	0.854
20260215	京都	10	☆	1	バッケンレコード	0.88	0.854
20260215	京都	11	◎	3	サフィラ	1.0	1.0
20260215	京都	11	○	6	エリキング	1.0	1.0
20260215	京都	11	▲	1	ヘデントール	1.0	1.0
20260215	京都	11	☆	11	マイネルクリソーラ	1.0	1.0
20260215	京都	12	◎	5	フーコサンライズ	1.0	1.0
20260215	京都	12	○	4	ルクスデイジー	1.0	1.0
20260215	京都	12	▲	1	モンテディアーナ	1.0	1.0
20260215	京都	12	☆	7	フォルテローザ	1.0	1.0
20260215	小倉	1	◎	5	ライフイズカラフル	0.89	0.972
20260215	小倉	1	○	12	ロードアマルフィ	1.0	0.972
20260215	小倉	1	▲	1	ジューンセクレタ	1.0	0.972
20260215	小倉	1	☆	2	ボールドタワー	1.0	0.972
20260215	小倉	2	◎	14	プルヴォワール	0.86	0.902
20260215	小倉	2	○	13	エバーラスト	1.0	0.902
20260215	小倉	2	▲	8	モズヴイ	0.75	0.902
20260215	小倉	2	☆	4	クロナ	1.0	0.902
20260215	小倉	3	◎	3	インユアアイズ	1.0	0.985
20260215	小倉	3	○	11	キャリーグレイス	0.94	0.985
20260215	小倉	3	▲	2	アイファーモービル	1.0	0.985
20260215	小倉	3	☆	10	バーケンティン	1.0	0.985
20260215	小倉	5	◎	13	モヴシエラ	1.0	0.933
20260215	小倉	5	○	6	バンオンタイム	0.86	0.933
20260215	小倉	5	▲	10	ホノボノ	1.0	0.933
20260215	小倉	5	☆	4	ブルージェネシス	0.88	0.933
20260215	小倉	6	◎	13	ゼットエイト	1.0	1.0
20260215	小倉	6	○	10	ストレートブラック	1.0	1.0
20260215	小倉	6	▲	14	マイネルゼウス	1.0	1.0
20260215	小倉	6	☆	2	ミッドタウンナイト	1.0	1.0
20260215	小倉	7	◎	13	ローレルオーブ	0.86	0.937
20260215	小倉	7	○	1	ゲンジ	1.0	0.937
20260215	小倉	7	▲	4	ウインポセイドン	1.0	0.937
20260215	小倉	7	☆	14	オーサムユニバンス	0.89	0.937
20260215	小倉	8	◎	10	スマートブル	1.0	0.906
20260215	小倉	8	○	4	ニヒトツーゼーア	1.0	0.906
20260215	小倉	8	▲	15	グリプトグラフィ	0.88	0.906
20260215	小倉	8	☆	13	シドニーホバート	0.75	0.906
20260215	小倉	9	◎	4	オルノア	1.0	0.969
20260215	小倉	9	○	7	ウィルサヴァイブ	0.88	0.969
20260215	小倉	9	▲	6	マトラコーニッシュ	1.0	0.969
20260215	小倉	9	☆	3	ハートメテオ	1.0	0.969
20260215	小倉	10	◎	15	グランツベリー	1.0	0.969
20260215	小倉	10	○	7	ハリウッドメモリー	1.0	0.969
20260215	小倉	10	▲	1	ロードトレゾール	0.88	0.969
20260215	小倉	10	☆	18	ジョウゲンノツキ	1.0	0.969
20260215	小倉	11	◎	12	ダンツエラン	1.0	1.0
20260215	小倉	11	○	11	カルロヴェローチェ	1.0	1.0
20260215	小倉	11	▲	18	ナムラクララ	1.0	1.0
20260215	小倉	11	☆	10	サウザンサニー	1.0	1.0
20260215	小倉	12	◎	9	アスタールテニウム	1.0	1.0
20260215	小倉	12	○	12	マーウォルス	1.0	1.0
20260215	小倉	12	▲	13	レイザリオ	1.0	1.0
20260215	小倉	12	☆	6	トクシージェネラル	1.0	1.0
20260215	東京	1	◎	11	ハリエンジュ	1.0	1.0
20260215	東京	1	○	14	ジャックナダル	1.0	1.0
20260215	東京	1	▲	10	ユイノカタリベ	1.0	1.0
20260215	東京	1	☆	8	ジーティーニッツァ	1.0	1.0
20260215	東京	2	◎	5	バトルモクオ	0.83	0.923
20260215	東京	2	○	2	ホウオウモチーヴ	1.0	0.923
20260215	東京	2	▲	12	コパノエイダン	0.86	0.923
20260215	東京	2	☆	8	ケンブリッジ	1.0	0.923
20260215	東京	4	◎	5	トーアエレクトラム	1.0	0.941
20260215	東京	4	○	12	ショウナンパトス	0.88	0.941
20260215	東京	4	▲	13	ザーフィル	1.0	0.941
20260215	東京	4	☆	8	リアライズブラーヴ	0.89	0.941
20260215	東京	5	◎	5	アルカマル	1.0	0.958
20260215	東京	5	○	15	サムシングスイート	1.0	0.958
20260215	東京	5	▲	14	ナックホワイト	1.0	0.958
20260215	東京	5	☆	10	ヤマメホープ	0.83	0.958
20260215	東京	6	◎	8	クラッチプレイヤー	1.0	1.0
20260215	東京	6	○	4	ノラリクラリ	1.0	1.0
20260215	東京	6	▲	5	ヴィジョンメーカー	1.0	1.0
20260215	東京	6	☆	11	マーゴットソラーレ	1.0	1.0
20260215	東京	7	◎	13	グルーヴィーオン	1.0	0.969
20260215	東京	7	○	7	ホウオウゴールド	1.0	0.969
20260215	東京	7	▲	11	マルセルテソーロ	1.0	0.969
20260215	東京	7	☆	16	オブシディアーナ	0.88	0.969
20260215	東京	8	◎	8	ケイケイ	1.0	0.969
20260215	東京	8	○	10	ジャサルディア	1.0	0.969
20260215	東京	8	▲	6	コンテネレッツア	0.88	0.969
20260215	東京	8	☆	11	ツルマウカタチ	1.0	0.969
20260215	東京	9	◎	9	エスコバル	1.0	0.8
20260215	東京	9	○	14	アンパドゥ	0.8	0.8
20260215	東京	9	▲	15	ヒシアマン	0.4	0.8
20260215	東京	9	☆	8	アンダースコア	1.0	0.8
20260215	東京	10	◎	1	ヴィヴァン	1.0	0.95
20260215	東京	10	○	9	バトゥーキ	0.8	0.95
20260215	東京	10	▲	5	オウギノカナメ	1.0	0.95
20260215	東京	10	☆	7	レディントン	1.0	0.95
20260215	東京	11	◎	2	イージーライダー	1.0	0.958
20260215	東京	11	○	8	ラヴェニュー	0.83	0.958
20260215	東京	11	▲	5	リアライズシリウス	1.0	0.958
20260215	東京	11	☆	6	ロブチェン	1.0	0.958
20260215	東京	12	◎	5	ウルスクローム	1.0	1.0
20260215	東京	12	○	3	フィドルファドル	1.0	1.0
20260215	東京	12	▲	13	モーニングマジック	1.0	1.0
20260215	東京	12	☆	1	クインズデネブ	1.0	1.0
20260221	小倉	1	◎	8	シーズンシート	1.0	0.964
20260221	小倉	1	○	2	ボールドタワー	0.86	0.964
20260221	小倉	1	▲	11	オトコノロマン	1.0	0.964
20260221	小倉	1	☆	3	エルアン	1.0	0.964
20260221	小倉	2	◎	9	メカニックバレエ	1.0	1.0
20260221	小倉	2	○	18	ムーンリットアイル	1.0	1.0
20260221	小倉	2	▲	8	ハッピーローヴァー	1.0	1.0
20260221	小倉	2	☆	17	マティンデ	1.0	1.0
20260221	小倉	3	◎	12	ココソラーレ	0.83	0.927
20260221	小倉	3	○	8	ファンシーフリル	0.88	0.927
20260221	小倉	3	▲	3	ショコラキュイ	1.0	0.927
20260221	小倉	3	☆	1	マリノムーンリーフ	1.0	0.927
20260221	小倉	6	◎	16	ゲレーロアスール	1.0	1.0
20260221	小倉	6	○	7	ヴィスメンティス	1.0	1.0
20260221	小倉	6	▲	6	フィラーエ	1.0	1.0
20260221	小倉	6	☆	12	ヘヴンリーサイン	1.0	1.0
20260221	小倉	7	◎	6	ブリスキー	1.0	1.0
20260221	小倉	7	○	13	ディニテ	1.0	1.0
20260221	小倉	7	▲	14	ローズマイスター	1.0	1.0
20260221	小倉	7	☆	4	ドレアンティア	1.0	1.0
20260221	小倉	8	◎	3	ブルバンビーナ	1.0	1.0
20260221	小倉	8	○	11	フォーカルフラワー	1.0	1.0
20260221	小倉	8	▲	14	ハニードレス	1.0	1.0
20260221	小倉	8	☆	7	マルモア	1.0	1.0
20260221	小倉	9	◎	7	ネネキリマル	1.0	1.0
20260221	小倉	9	○	10	デルマリシリ	1.0	1.0
20260221	小倉	9	▲	4	ガラベイヤ	1.0	1.0
20260221	小倉	9	☆	6	シェーロドラート	1.0	1.0
20260221	小倉	10	◎	6	パープルクラウド	0.88	0.919
20260221	小倉	10	○	14	クルミナーレ	1.0	0.919
20260221	小倉	10	▲	8	ボンドロア	0.8	0.919
20260221	小倉	10	☆	1	ドーバーブライト	1.0	0.919
20260221	小倉	11	◎	12	アイウィル	1.0	0.901
20260221	小倉	11	○	11	ドゥラリス	1.0	0.901
20260221	小倉	11	▲	13	ホウオウスーペリア	0.89	0.901
20260221	小倉	11	☆	7	レシプロシティ	0.71	0.901
20260221	小倉	12	◎	17	メイショウオオミネ	1.0	1.0
20260221	小倉	12	○	9	ベルビースタローン	1.0	1.0
20260221	小倉	12	▲	18	ウィンストン	1.0	1.0
20260221	小倉	12	☆	7	ルクスアドラー	1.0	1.0
20260221	東京	1	◎	4	ミエスタ	1.0	1.0
20260221	東京	1	○	2	メビウスロマンス	1.0	1.0
20260221	東京	1	▲	8	グラスハーティー	1.0	1.0
20260221	東京	1	☆	12	ジェイドテソーロ	1.0	1.0
20260221	東京	2	◎	11	ベアハンドキャッチ	1.0	1.0
20260221	東京	2	○	1	サマーゲール	1.0	1.0
20260221	東京	2	▲	15	ジャスフォール	1.0	1.0
20260221	東京	2	☆	2	ゲームカレンダー	1.0	1.0
20260221	東京	3	◎	11	ガイストゼーゲン	1.0	0.958
20260221	東京	3	○	16	マイネルトレマーズ	1.0	0.958
20260221	東京	3	▲	3	スティールヴォーグ	1.0	0.958
20260221	東京	3	☆	1	アオイミズホ	0.83	0.958
20260221	東京	5	◎	5	プロミスライン	0.86	0.964
20260221	東京	5	○	4	ヘイジュード	1.0	0.964
20260221	東京	5	▲	3	ナイトバード	1.0	0.964
20260221	東京	5	☆	2	アデルバローズ	1.0	0.964
20260221	東京	6	◎	12	ベアサナエチャン	1.0	1.0
20260221	東京	6	○	3	グランマエストロ	1.0	1.0
20260221	東京	6	▲	9	トランスマーレ	1.0	1.0
20260221	東京	6	☆	13	ルージュアストレア	1.0	1.0
20260221	東京	7	◎	13	ヘインズポイント	1.0	0.964
20260221	東京	7	○	10	スナッピードレッサ	1.0	0.964
20260221	東京	7	▲	4	セブンメデュラス	1.0	0.964
20260221	東京	7	☆	14	ゼンカイパイロ	0.86	0.964
20260221	東京	8	◎	11	ヴァイザーブリック	1.0	1.0
20260221	東京	8	○	10	レッドキングリー	1.0	1.0
20260221	東京	8	▲	1	クラッシファイド	1.0	1.0
20260221	東京	8	☆	8	ダノンミッション	1.0	1.0
20260221	東京	9	◎	5	カムアップローゼス	1.0	0.969
20260221	東京	9	○	6	チャリングクロス	1.0	0.969
20260221	東京	9	▲	1	リッツパーティー	0.88	0.969
20260221	東京	9	☆	4	ファムクラジューズ	1.0	0.969
20260221	東京	10	◎	2	コスモジンバック	1.0	1.0
20260221	東京	10	○	14	ジーティーダーリン	1.0	1.0
20260221	東京	10	▲	10	ヴァナルガンド	1.0	1.0
20260221	東京	10	☆	9	グロバーテソーロ	1.0	1.0
20260221	東京	11	◎	1	ブレイヴロッカー	0.88	0.969
20260221	東京	11	○	6	レッドバリエンテ	1.0	0.969
20260221	東京	11	▲	12	ホーエリート	1.0	0.969
20260221	東京	11	☆	15	ボーンディスウェイ	1.0	0.969
20260221	東京	12	◎	7	マリンバンカー	1.0	1.0
20260221	東京	12	○	12	ルヴァレドクール	1.0	1.0
20260221	東京	12	▲	16	クラリネットソナタ	1.0	1.0
20260221	東京	12	☆	1	ニシノケンタマン	1.0	1.0
20260221	阪神	1	◎	14	マユナイト	1.0	1.0
20260221	阪神	1	○	2	アルサック	1.0	1.0
20260221	阪神	1	▲	4	リネアベルタ	1.0	1.0
20260221	阪神	1	☆	8	ナデシコザクラ	1.0	1.0
20260221	阪神	2	◎	4	メガクローム	1.0	1.0
20260221	阪神	2	○	11	スマートグロワール	1.0	1.0
20260221	阪神	2	▲	1	エイシンインアウト	1.0	1.0
20260221	阪神	2	☆	12	ローレルクラウン	1.0	1.0
20260221	阪神	3	◎	3	レッツエンジョイ	1.0	1.0
20260221	阪神	3	○	9	オプティモ	1.0	1.0
20260221	阪神	3	▲	5	アルデキングダム	1.0	1.0
20260221	阪神	3	☆	16	ハルカオル	1.0	1.0
20260221	阪神	5	◎	16	アイルトン	1.0	1.0
20260221	阪神	5	○	5	リヴァイ	1.0	1.0
20260221	阪神	5	▲	15	フレッチャアズーラ	1.0	1.0
20260221	阪神	5	☆	2	フルーツベイビー	1.0	1.0
20260221	阪神	6	◎	4	エンジェルボイス	1.0	1.0
20260221	阪神	6	○	8	マテンロウオリジン	1.0	1.0
20260221	阪神	6	▲	5	サガルマータ	1.0	1.0
20260221	阪神	6	☆	3	ロサルゴサ	1.0	1.0
20260221	阪神	7	◎	7	テーオーノーベル	1.0	0.972
20260221	阪神	7	○	2	タケルハーロック	1.0	0.972
20260221	阪神	7	▲	10	ザックザク	1.0	0.972
20260221	阪神	7	☆	14	アトリウムチャペル	0.89	0.972
20260221	阪神	8	◎	4	ラージアンサンブル	1.0	0.972
20260221	阪神	8	○	1	ページターナー	1.0	0.972
20260221	阪神	8	▲	2	アーレムアレス	1.0	0.972
20260221	阪神	8	☆	7	ナリタエスペランサ	0.89	0.972
20260221	阪神	9	◎	11	ミッキースターダム	1.0	1.0
20260221	阪神	9	○	13	レッドフェルメール	1.0	1.0
20260221	阪神	9	▲	15	ロケベンドラ	1.0	1.0
20260221	阪神	9	☆	17	エーデルヴェーグ	1.0	1.0
20260221	阪神	10	◎	12	メイショウヤーキス	1.0	0.972
20260221	阪神	10	○	8	ベルジュロネット	1.0	0.972
20260221	阪神	10	▲	14	ヴェロクオーレ	1.0	0.972
20260221	阪神	10	☆	3	ヤマニンアストロン	0.89	0.972
20260221	阪神	11	◎	10	グレイイングリーン	1.0	1.0
20260221	阪神	11	○	1	ソンシ	1.0	1.0
20260221	阪神	11	▲	5	ドロップオブライト	1.0	1.0
20260221	阪神	11	☆	6	ララマセラシオン	1.0	1.0
20260221	阪神	12	◎	15	ウインアルドーレ	1.0	1.0
20260221	阪神	12	○	10	ドゥラエテルノ	1.0	1.0
20260221	阪神	12	▲	12	レッドボブ	1.0	1.0
20260221	阪神	12	☆	1	シンリミテス	1.0	1.0
20260222	小倉	1	◎	8	サンタカリス	1.0	1.0
20260222	小倉	1	○	2	ガーネットフレア	1.0	1.0
20260222	小倉	1	▲	3	シオンダンサー	1.0	1.0
20260222	小倉	1	☆	7	ドルマバフチェ	1.0	1.0
20260222	小倉	2	◎	15	ジューンオアシス	1.0	1.0
20260222	小倉	2	○	16	ドラムメジャー	1.0	1.0
20260222	小倉	2	▲	13	フクオトコ	1.0	1.0
20260222	小倉	2	☆	11	ベアコルム	1.0	1.0
20260222	小倉	3	◎	13	ヨーグルトナン	1.0	1.0
20260222	小倉	3	○	3	マオノクラッシュ	1.0	1.0
20260222	小倉	3	▲	8	ラミアメンテ	1.0	1.0
20260222	小倉	3	☆	14	エブライト	1.0	1.0
20260222	小倉	5	◎	11	リゴドン	1.0	1.0
20260222	小倉	5	○	13	メイショウナルカミ	1.0	1.0
20260222	小倉	5	▲	8	イルミナジーティー	1.0	1.0
20260222	小倉	5	☆	6	マジックファイヤー	1.0	1.0
20260222	小倉	6	◎	6	リリーボレア	1.0	0.969
20260222	小倉	6	○	14	インフィオラータ	1.0	0.969
20260222	小倉	6	▲	16	ブライトエアリー	0.88	0.969
20260222	小倉	6	☆	11	エコロラヴァー	1.0	0.969
20260222	小倉	7	◎	7	ツーピース	0.8	0.95
20260222	小倉	7	○	8	マンオブザマッチ	1.0	0.95
20260222	小倉	7	▲	6	マテンロウカナロア	1.0	0.95
20260222	小倉	7	☆	12	ミッションルース	1.0	0.95
20260222	小倉	8	◎	5	ダノンアトラス	1.0	1.0
20260222	小倉	8	○	8	バズアップビート	1.0	1.0
20260222	小倉	8	▲	2	ルールーリマ	1.0	1.0
20260222	小倉	8	☆	9	マイネルビスマルク	1.0	1.0
20260222	小倉	9	◎	1	ラトラース	0.8	0.879
20260222	小倉	9	○	5	インパクトシー	1.0	0.879
20260222	小倉	9	▲	9	フォルテフィオーレ	1.0	0.879
20260222	小倉	9	☆	11	スナークピカソ	0.71	0.879
20260222	小倉	10	◎	6	コスモマルーン	1.0	0.944
20260222	小倉	10	○	10	ライフゲート	1.0	0.944
20260222	小倉	10	▲	13	マテンロウブレイブ	0.78	0.944
20260222	小倉	10	☆	9	タイセイミッション	1.0	0.944
20260222	小倉	11	◎	16	タガノデュード	1.0	0.964
20260222	小倉	11	○	12	センツブラッド	1.0	0.964
20260222	小倉	11	▲	14	エラトー	0.86	0.964
20260222	小倉	11	☆	7	シルトホルン	1.0	0.964
20260222	小倉	12	◎	14	ロンドンアームズ	1.0	1.0
20260222	小倉	12	○	15	セゾンデフィーユ	1.0	1.0
20260222	小倉	12	▲	7	キョラムン	1.0	1.0
20260222	小倉	12	☆	16	セガンティーニ	1.0	1.0
20260222	東京	1	◎	2	チェイサー	1.0	0.927
20260222	東京	1	○	12	レピュニット	0.83	0.927
20260222	東京	1	▲	3	アトミックブレス	0.88	0.927
20260222	東京	1	☆	15	タイセイモノリス	1.0	0.927
20260222	東京	2	◎	9	ジューングレイス	1.0	0.958
20260222	東京	2	○	4	バスキュール	1.0	0.958
20260222	東京	2	▲	1	タケルムサシ	0.83	0.958
20260222	東京	2	☆	6	クワッドマリニン	1.0	0.958
20260222	東京	4	◎	13	サクセスブルー	0.86	0.964
20260222	東京	4	○	5	アイムイン	1.0	0.964
20260222	東京	4	▲	15	スカイリッチ	1.0	0.964
20260222	東京	4	☆	14	カリドーラ	1.0	0.964
20260222	東京	5	◎	7	マゲバスピード	0.86	0.964
20260222	東京	5	○	8	ルージュボヤージュ	1.0	0.964
20260222	東京	5	▲	1	ゴーラッキー	1.0	0.964
20260222	東京	5	☆	2	フジガイフウ	1.0	0.964
20260222	東京	6	◎	5	ポタリング	0.8	0.9
20260222	東京	6	○	4	シャンソンドール	1.0	0.9
20260222	東京	6	▲	1	ミッキーマドンナ	1.0	0.9
20260222	東京	6	☆	13	ロパシック	0.8	0.9
20260222	東京	7	◎	8	ラファールドール	1.0	1.0
20260222	東京	7	○	11	アカデミア	1.0	1.0
20260222	東京	7	▲	5	サノノワンダー	1.0	1.0
20260222	東京	7	☆	2	スマートシーカー	1.0	1.0
20260222	東京	8	◎	11	ポッドロワール	1.0	0.969
20260222	東京	8	○	13	ミクストベリーズ	1.0	0.969
20260222	東京	8	▲	2	フェアリーライク	1.0	0.969
20260222	東京	8	☆	1	レイククレセント	0.88	0.969
20260222	東京	9	◎	9	ユアフェリシティ	0.88	0.969
20260222	東京	9	○	10	アルカディアカフェ	1.0	0.969
20260222	東京	9	▲	6	イッテラッシャイ	1.0	0.969
20260222	東京	9	☆	5	シーズザスローン	1.0	0.969
20260222	東京	10	◎	13	ディヴァインスター	1.0	0.95
20260222	東京	10	○	8	サクラファレル	1.0	0.95
20260222	東京	10	▲	3	レイニング	0.8	0.95
20260222	東京	10	☆	12	ウイントレメンデス	1.0	0.95
20260222	東京	11	◎	15	ペプチドナイル	0.86	0.964
20260222	東京	11	○	14	ウィルソンテソーロ	1.0	0.964
20260222	東京	11	▲	6	ラムジェット	1.0	0.964
20260222	東京	11	☆	1	オメガギネス	1.0	0.964
20260222	東京	12	◎	1	フィリップ	1.0	1.0
20260222	東京	12	○	16	カネショウレジェン	1.0	1.0
20260222	東京	12	▲	4	ベラジオワールド	1.0	1.0
20260222	東京	12	☆	12	イブニングタイド	1.0	1.0
20260222	阪神	1	◎	8	モンサンヴェロニカ	1.0	0.969
20260222	阪神	1	○	3	ペガサスウィンド	0.88	0.969
20260222	阪神	1	▲	9	アキノビューティー	1.0	0.969
20260222	阪神	1	☆	6	アーネストアイズ	1.0	0.969
20260222	阪神	2	◎	12	アイアンナックル	1.0	1.0
20260222	阪神	2	○	8	ラヴネヴァーダイズ	1.0	1.0
20260222	阪神	2	▲	14	メリフルアス	1.0	1.0
20260222	阪神	2	☆	10	アクアマイスター	1.0	1.0
20260222	阪神	3	◎	11	ビズロード	1.0	0.944
20260222	阪神	3	○	9	ファイアスピリット	0.89	0.944
20260222	阪神	3	▲	3	タイセイゼスティ	1.0	0.944
20260222	阪神	3	☆	8	ワンダーゾルダート	0.89	0.944
20260222	阪神	5	◎	5	メイショウユウゲン	0.89	0.941
20260222	阪神	5	○	13	ロングトールサリー	1.0	0.941
20260222	阪神	5	▲	11	ミッキージャンプ	0.88	0.941
20260222	阪神	5	☆	8	デルマフジ	1.0	0.941
20260222	阪神	6	◎	9	ペルセポネ	0.8	0.95
20260222	阪神	6	○	1	ゴールデンバランス	1.0	0.95
20260222	阪神	6	▲	11	メイショウカクウチ	1.0	0.95
20260222	阪神	6	☆	7	アスクケンタッキー	1.0	0.95
20260222	阪神	7	◎	8	ピコラ	0.67	0.881
20260222	阪神	7	○	4	ロットブラータ	0.86	0.881
20260222	阪神	7	▲	7	ロードガレリア	1.0	0.881
20260222	阪神	7	☆	6	セイキュート	1.0	0.881
20260222	阪神	8	◎	13	ブレスドナイル	0.86	0.964
20260222	阪神	8	○	3	ロードアルディート	1.0	0.964
20260222	阪神	8	▲	11	アスクヴォルテージ	1.0	0.964
20260222	阪神	8	☆	12	ダノンフェルゼン	1.0	0.964
20260222	阪神	9	◎	1	リリーブライト	0.86	0.948
20260222	阪神	9	○	2	ウォータークラーク	1.0	0.948
20260222	阪神	9	▲	10	シャンパンライフ	1.0	0.948
20260222	阪神	9	☆	5	ネーブルオレンジ	0.93	0.948
20260222	阪神	10	◎	6	テーオーダヴィンチ	1.0	1.0
20260222	阪神	10	○	7	タイセイカレント	1.0	1.0
20260222	阪神	10	▲	2	アイサンサン	1.0	1.0
20260222	阪神	10	☆	4	ブリュットミレジメ	1.0	1.0
20260222	阪神	11	◎	12	ケイアイシェルビー	1.0	1.0
20260222	阪神	11	○	1	ジョーローリット	1.0	1.0
20260222	阪神	11	▲	8	コンクイスタ	1.0	1.0
20260222	阪神	11	☆	11	ゲッティヴィラ	1.0	1.0
20260222	阪神	12	◎	15	ペイドラロワール	0.88	0.863
20260222	阪神	12	○	11	ルークススペイ	0.86	0.863
20260222	阪神	12	▲	3	ダイシンリンク	0.86	0.863
20260228	中山	1	◎	12	ペイトー	1.0	1.0
20260228	中山	1	○	2	ハングローズ	1.0	1.0
20260228	中山	1	▲	4	セントリアン	1.0	1.0
20260228	中山	1	☆	5	シュガームーン	1.0	1.0
20260228	中山	2	◎	2	オーシャンドリーム	1.0	1.0
20260228	中山	2	○	9	パラダイスフェイス	1.0	1.0
20260228	中山	2	▲	11	サウジバラード	1.0	1.0
20260228	中山	2	☆	15	スカイレックス	1.0	1.0
20260228	中山	3	◎	15	マダックス	1.0	1.0
20260228	中山	3	○	13	ヴィスクレス	1.0	1.0
20260228	中山	3	▲	8	デスサイズ	1.0	1.0
20260228	中山	3	☆	14	ミルトハーバー	1.0	1.0
20260228	中山	4	◎	11	トゥントゥントゥン	0.67	0.885
20260228	中山	4	○	9	インディヴァイン	0.88	0.885
20260228	中山	4	▲	5	リケアマカロニ	1.0	0.885
20260228	中山	4	☆	2	クリュメノス	1.0	0.885
20260228	中山	5	◎	15	ホープフルワールド	1.0	1.0
20260228	中山	5	○	2	セットエトワール	1.0	1.0
20260228	中山	5	▲	16	イニスフェイル	1.0	1.0
20260228	中山	5	☆	10	ゼータレティクル	1.0	1.0
20260228	中山	6	◎	1	アイドクレース	1.0	0.964
20260228	中山	6	○	6	レオアジャイル	0.86	0.964
20260228	中山	6	▲	8	フロレセール	1.0	0.964
20260228	中山	6	☆	5	ドナルンバ	1.0	0.964
20260228	中山	7	◎	14	ウインドワンピース	1.0	0.969
20260228	中山	7	○	15	グロスビーク	1.0	0.969
20260228	中山	7	▲	13	マリンバンカー	1.0	0.969
20260228	中山	7	☆	6	ジェシーテソーロ	0.88	0.969
20260228	中山	8	◎	5	コスモオピニオン	1.0	1.0
20260228	中山	8	○	1	ウィンターベル	1.0	1.0
20260228	中山	8	▲	12	コスモアンソロジー	1.0	1.0
20260228	中山	8	☆	8	ブルーベリーフィズ	1.0	1.0
20260228	中山	9	◎	1	グランアルト	1.0	0.917
20260228	中山	9	○	3	ブレットパス	0.67	0.917
20260228	中山	9	▲	4	ノーブルサヴェージ	1.0	0.917
20260228	中山	9	☆	8	コウギョク	1.0	0.917
20260228	中山	10	◎	12	ピックアップライン	1.0	0.958
20260228	中山	10	○	6	ワンダラー	1.0	0.958
20260228	中山	10	▲	2	ドンレパルス	0.83	0.958
20260228	中山	10	☆	15	サザンエルフ	1.0	0.958
20260228	中山	11	◎	4	ウイングレイテスト	1.0	0.969
20260228	中山	11	○	14	ママコチャ	1.0	0.969
20260228	中山	11	▲	5	ルガル	1.0	0.969
20260228	中山	11	☆	16	ヨシノイースター	0.88	0.969
20260228	中山	12	◎	4	トルショー	1.0	0.929
20260228	中山	12	○	10	メリークリスマス	1.0	0.929
20260228	中山	12	▲	11	パイシャオピン	0.71	0.929
20260228	中山	12	☆	7	アールプロスト	1.0	0.929
20260228	小倉	1	◎	7	アークブリッツ	1.0	0.964
20260228	小倉	1	○	14	フレットローソ	0.86	0.964
20260228	小倉	1	▲	2	インフィオラータ	1.0	0.964
20260228	小倉	1	☆	16	チカマヨルキーナ	1.0	0.964
20260228	小倉	2	◎	18	メーレスブリーゼ	0.88	0.933
20260228	小倉	2	○	15	ウインドトリック	1.0	0.933
20260228	小倉	2	▲	8	ダブルチャレンジ	1.0	0.933
20260228	小倉	2	☆	5	セイウンプーパ	0.86	0.933
20260228	小倉	3	◎	12	バーケンティン	1.0	1.0
20260228	小倉	3	○	6	キャリーグレイス	1.0	1.0
20260228	小倉	3	▲	8	キャンドルマス	1.0	1.0
20260228	小倉	3	☆	1	メイショウホダワラ	1.0	1.0
20260228	小倉	6	◎	2	ティブロン	1.0	1.0
20260228	小倉	6	○	8	ニホンピロロジャー	1.0	1.0
20260228	小倉	6	▲	6	ウインマニフィーク	1.0	1.0
20260228	小倉	6	☆	16	トリニタリオ	1.0	1.0
20260228	小倉	7	◎	5	テスタヴェローチェ	1.0	1.0
20260228	小倉	7	○	9	アトモス	1.0	1.0
20260228	小倉	7	▲	6	ブラックレジェンド	1.0	1.0
20260228	小倉	7	☆	11	クラックショット	1.0	1.0
20260228	小倉	8	◎	4	トーセンリバーブ	1.0	1.0
20260228	小倉	8	○	9	エアビッグマム	1.0	1.0
20260228	小倉	8	▲	1	ホウオウタイタン	1.0	1.0
20260228	小倉	8	☆	12	リアルセンター	1.0	1.0
20260228	小倉	9	◎	13	マイネルボス	1.0	1.0
20260228	小倉	9	○	16	アスクデッドヒート	1.0	1.0
20260228	小倉	9	▲	3	ニホンピロゴルディ	1.0	1.0
20260228	小倉	9	☆	15	テイクザクラウン	1.0	1.0
20260228	小倉	10	◎	13	マーウォルス	1.0	1.0
20260228	小倉	10	○	15	ゼロスネーク	1.0	1.0
20260228	小倉	10	▲	4	アラナコア	1.0	1.0
20260228	小倉	10	☆	7	ダミエ	1.0	1.0
20260228	小倉	11	◎	5	ファミリーツリー	1.0	1.0
20260228	小倉	11	○	14	クラヴァンス	1.0	1.0
20260228	小倉	11	▲	9	ホウオウアートマン	1.0	1.0
20260228	小倉	11	☆	11	フナデ	1.0	1.0
20260228	小倉	12	◎	3	スーパーバイザー	1.0	0.958
20260228	小倉	12	○	13	セガンティーニ	1.0	0.958
20260228	小倉	12	▲	17	ナンナンプー	0.83	0.958
20260228	小倉	12	☆	10	ジャンヌローサ	1.0	0.958
20260228	阪神	1	◎	6	マスティカーレ	1.0	1.0
20260228	阪神	1	○	7	ジュディーイメル	1.0	1.0
20260228	阪神	1	▲	16	アーガイルショア	1.0	1.0
20260228	阪神	1	☆	15	ペイシャプレイ	1.0	1.0
20260228	阪神	2	◎	14	ロードエルドラド	1.0	0.969
20260228	阪神	2	○	2	ホウオウモチーヴ	1.0	0.969
20260228	阪神	2	▲	1	ゲタリア	1.0	0.969
20260228	阪神	2	☆	12	ナウオアネヴァー	0.88	0.969
20260228	阪神	3	◎	7	メイショウマドンナ	1.0	1.0
20260228	阪神	3	○	8	ブルーマッキンジー	1.0	1.0
20260228	阪神	3	▲	2	クロカミジョウ	1.0	1.0
20260228	阪神	3	☆	14	ジャスパーレオン	1.0	1.0
20260228	阪神	4	◎	10	ジーティーピカソ	0.88	0.969
20260228	阪神	4	○	13	ジャスティンゴッホ	1.0	0.969
20260228	阪神	4	▲	1	ゴールドバローズ	1.0	0.969
20260228	阪神	4	☆	3	テイエムスターラン	1.0	0.969
20260228	阪神	5	◎	6	パーシャングレー	1.0	1.0
20260228	阪神	5	○	5	サトノアグード	1.0	1.0
20260228	阪神	5	▲	12	ビッグヒーロー	1.0	1.0
20260228	阪神	5	☆	10	レッドホット	1.0	1.0
20260228	阪神	6	◎	10	サンライズシア	0.71	0.897
20260228	阪神	6	○	1	サイモンシュバリエ	1.0	0.897
20260228	阪神	6	▲	8	ハイクオリティ	1.0	0.897
20260228	阪神	6	☆	5	レヴァンテシチー	0.88	0.897
20260228	阪神	7	◎	9	ハッコウイチウ	1.0	1.0
20260228	阪神	7	○	6	ソニックステップ	1.0	1.0
20260228	阪神	7	▲	1	ヨリノレジェンド	1.0	1.0
20260228	阪神	7	☆	16	テーオーノーベル	1.0	1.0
20260228	阪神	8	◎	5	エルフストラック	1.0	0.969
20260228	阪神	8	○	9	クインズショコラ	0.88	0.969
20260228	阪神	8	▲	7	ヴァンアグレアブル	1.0	0.969
20260228	阪神	8	☆	6	プリンセッサ	1.0	0.969
20260228	阪神	9	◎	8	プレシャスデイ	0.86	0.964
20260228	阪神	9	○	5	アマキヒ	1.0	0.964
20260228	阪神	9	▲	2	キングスコール	1.0	0.964
20260228	阪神	9	☆	1	サークルオブジョイ	1.0	0.964
20260228	阪神	10	◎	1	ウォーターデライト	1.0	1.0
20260228	阪神	10	○	5	ヒシアイラ	1.0	1.0
20260228	阪神	10	▲	2	タマモイカロス	1.0	1.0
20260228	阪神	10	☆	9	アスミル	1.0	1.0
20260228	阪神	11	◎	14	リアレスト	1.0	1.0
20260228	阪神	11	○	7	ムルソー	1.0	1.0
20260228	阪神	11	☆	9	シゲルショウグン	1.0	1.0
20260228	阪神	12	◎	15	スマートルシーダ	1.0	1.0
20260228	阪神	12	○	6	ブルクトーア	1.0	1.0
20260228	阪神	12	▲	17	ダノンキラウェア	1.0	1.0
20260228	阪神	12	☆	10	ユキノエミリオ	1.0	1.0
20260301	中山	1	◎	2	ビレッジルイーザ	1.0	1.0
20260301	中山	1	○	8	ロジマギー	1.0	1.0
20260301	中山	1	▲	1	バイアブランカ	1.0	1.0
20260301	中山	1	☆	14	タートルインメイ	1.0	1.0
20260301	中山	2	◎	9	トーケンジンロック	0.89	0.917
20260301	中山	2	○	5	アトラステソーロ	1.0	0.917
20260301	中山	2	▲	10	ゴーフォアブローク	0.78	0.917
20260301	中山	2	☆	16	シンエンドーツダ	1.0	0.917
20260301	中山	3	◎	12	エーデルハイ	1.0	1.0
20260301	中山	3	○	8	ヌクレオチド	1.0	1.0
20260301	中山	3	▲	14	モーゲンセン	1.0	1.0
20260301	中山	3	☆	6	カンノンミッキー	1.0	1.0
20260301	中山	4	◎	8	ランニングビーチ	1.0	1.0
20260301	中山	4	○	7	チャーリー	1.0	1.0
20260301	中山	4	▲	1	ゴールドブレイズ	1.0	1.0
20260301	中山	4	☆	3	ヴァレンティーニ	1.0	1.0
20260301	中山	5	◎	15	リバーブレーション	1.0	0.964
20260301	中山	5	○	2	サザンテイオー	1.0	0.964
20260301	中山	5	▲	11	アイアンパイク	0.86	0.964
20260301	中山	5	☆	7	ガヤーズベース	1.0	0.964
20260301	中山	6	◎	2	ノーブルノワール	0.88	0.969
20260301	中山	6	○	4	パースウェイド	1.0	0.969
20260301	中山	6	▲	3	ベルフィーヌ	1.0	0.969
20260301	中山	6	☆	7	テルケンユミクイン	1.0	0.969
20260301	中山	7	◎	9	ショーリバース	1.0	1.0
20260301	中山	7	○	10	ロデオドライブ	1.0	1.0
20260301	中山	7	▲	12	スペルーチェ	1.0	1.0
20260301	中山	7	☆	8	ジーティートゥーリ	1.0	1.0
20260301	中山	8	◎	1	ラブリーガール	1.0	0.923
20260301	中山	8	○	5	シャーンゴッセ	0.86	0.923
20260301	中山	8	▲	9	ライトニングゼウス	1.0	0.923
20260301	中山	8	☆	7	ナムラペルル	0.83	0.923
20260301	中山	9	◎	10	ゴーソーファー	1.0	1.0
20260301	中山	9	○	5	カリーニョ	1.0	1.0
20260301	中山	9	▲	8	ヤマニンアドホック	1.0	1.0
20260301	中山	9	☆	2	ダイシンアポロン	1.0	1.0
20260301	中山	10	◎	13	モンシュマン	1.0	0.958
20260301	中山	10	○	2	ソーダーンライト	1.0	0.958
20260301	中山	10	▲	10	サウスバンク	0.83	0.958
20260301	中山	10	☆	8	アスティスプマンテ	1.0	0.958
20260301	中山	11	◎	7	マイネルモーント	1.0	1.0
20260301	中山	11	○	10	エコロヴァルツ	1.0	1.0
20260301	中山	11	▲	5	レーベンスティール	1.0	1.0
20260301	中山	11	☆	14	シャンパンカラー	1.0	1.0
20260301	中山	12	◎	14	アスゴッド	0.8	0.95
20260301	中山	12	○	7	キョウエイカンフ	1.0	0.95
20260301	中山	12	▲	12	ビッグドリーム	1.0	0.95
20260301	中山	12	☆	10	カラヴァジェスティ	1.0	0.95
20260301	小倉	1	◎	10	ハクアイタワー	1.0	1.0
20260301	小倉	1	○	14	ロードアマルフィ	1.0	1.0
20260301	小倉	1	▲	13	マーチンゲール	1.0	1.0
20260301	小倉	1	☆	5	キタノドンカルロ	1.0	1.0
20260301	小倉	2	◎	5	ナムラオリガミ	1.0	1.0
20260301	小倉	2	○	15	アストリル	1.0	1.0
20260301	小倉	2	▲	14	ハナコトバ	1.0	1.0
20260301	小倉	2	☆	7	トゥスコラーナ	1.0	1.0
20260301	小倉	3	◎	11	ハルヒメ	0.75	0.938
20260301	小倉	3	○	3	ファンシーフリル	1.0	0.938
20260301	小倉	3	▲	5	マーゴットオネイロ	1.0	0.938
20260301	小倉	3	☆	7	スイーヴル	1.0	0.938
20260301	小倉	5	◎	9	セイカユウヒ	1.0	0.95
20260301	小倉	5	○	4	ミスターマーボー	1.0	0.95
20260301	小倉	5	▲	6	ゴッドアイ	0.8	0.95
20260301	小倉	5	☆	5	オレンジキャンパス	1.0	0.95
20260301	小倉	6	◎	8	ベストバラディア	1.0	1.0
20260301	小倉	6	○	16	エクリュ	1.0	1.0
20260301	小倉	6	▲	12	マイネルディザイア	1.0	1.0
20260301	小倉	6	☆	14	アルケミラモリス	1.0	1.0
20260301	小倉	7	◎	4	レオナルドスター	1.0	0.964
20260301	小倉	7	○	5	ジェニファー	1.0	0.964
20260301	小倉	7	▲	17	ヴェントゥーラ	0.86	0.964
20260301	小倉	7	☆	7	ヒットザグラウンド	1.0	0.964
20260301	小倉	8	◎	10	ビジュードネージュ	1.0	1.0
20260301	小倉	8	○	3	アンリーベイビー	1.0	1.0
20260301	小倉	8	▲	15	ヴァイオパイシーズ	1.0	1.0
20260301	小倉	8	☆	14	ヴァリオーサ	1.0	1.0
20260301	小倉	9	◎	14	シャインフリーリー	1.0	1.0
20260301	小倉	9	○	12	マイネルゼウス	1.0	1.0
20260301	小倉	9	▲	4	フォルテフィオーレ	1.0	1.0
20260301	小倉	9	☆	3	コスモグラニット	1.0	1.0
20260301	小倉	10	◎	13	シュブロンレーヴル	1.0	1.0
20260301	小倉	10	○	18	ヒーローインチーフ	1.0	1.0
20260301	小倉	10	▲	16	モーデン	1.0	1.0
20260301	小倉	10	☆	9	マイネルラッシュ	1.0	1.0
20260301	小倉	11	◎	14	トーアライデン	1.0	1.0
20260301	小倉	11	○	11	ミッキーゴールド	1.0	1.0
20260301	小倉	11	▲	8	バルナバ	1.0	1.0
20260301	小倉	11	☆	6	ホルトバージ	1.0	1.0
20260301	小倉	12	◎	9	ガーデンカメリア	1.0	0.963
20260301	小倉	12	○	3	セボンサデッセ	1.0	0.963
20260301	小倉	12	☆	7	グランコネクシオン	0.89	0.963
20260301	阪神	1	◎	8	ゴーイングムーン	1.0	0.972
20260301	阪神	1	○	13	エイシンキタールン	0.89	0.972
20260301	阪神	1	▲	10	スターチューン	1.0	0.972
20260301	阪神	1	☆	7	グロリアス	1.0	0.972
20260301	阪神	2	◎	10	セイウンバジリスク	1.0	1.0
20260301	阪神	2	○	13	アーディアイリ	1.0	1.0
20260301	阪神	2	▲	3	カルロット	1.0	1.0
20260301	阪神	2	☆	14	ブロンザイト	1.0	1.0
20260301	阪神	3	◎	2	メイショウジンライ	1.0	0.977
20260301	阪神	3	○	7	レイサンソク	0.91	0.977
20260301	阪神	3	▲	4	ジャスティンレビン	1.0	0.977
20260301	阪神	3	☆	8	デルマバンダイサン	1.0	0.977
20260301	阪神	4	◎	8	ブームバップビート	1.0	1.0
20260301	阪神	4	○	7	メルカントゥール	1.0	1.0
20260301	阪神	4	▲	1	ダンツシタン	1.0	1.0
20260301	阪神	4	☆	4	サイモンゼスト	1.0	1.0
20260301	阪神	5	◎	10	キーテーマ	1.0	1.0
20260301	阪神	5	○	4	アルペングロー	1.0	1.0
20260301	阪神	5	▲	1	ショウナンバンライ	1.0	1.0
20260301	阪神	5	☆	7	エイカイコバチ	1.0	1.0
20260301	阪神	6	◎	4	スチールナイト	1.0	1.0
20260301	阪神	6	○	5	コンジェスタス	1.0	1.0
20260301	阪神	6	▲	1	ドッグウッド	1.0	1.0
20260301	阪神	6	☆	2	ネッタイヤライ	1.0	1.0
20260301	阪神	7	◎	4	ラウルベア	1.0	1.0
20260301	阪神	7	○	3	ミルミナーヴァ	1.0	1.0
20260301	阪神	7	▲	7	カフェノワール	1.0	1.0
20260301	阪神	7	☆	12	スパークルジョイ	1.0	1.0
20260301	阪神	8	◎	12	ジュンライトニング	1.0	1.0
20260301	阪神	8	○	3	レベルスルール	1.0	1.0
20260301	阪神	8	▲	6	フェイトライン	1.0	1.0
20260301	阪神	8	☆	2	エイカイカッシーナ	1.0	1.0
20260301	阪神	9	◎	6	エバーグルーヴ	1.0	0.969
20260301	阪神	9	○	3	ダノンジョーカー	1.0	0.969
20260301	阪神	9	▲	4	セナスタイル	1.0	0.969
20260301	阪神	9	☆	9	サトノソティラス	0.88	0.969
20260301	阪神	10	◎	6	イージーオンミー	1.0	1.0
20260301	阪神	10	○	3	ルグランヴァン	1.0	1.0
20260301	阪神	10	▲	8	クロニクル	1.0	1.0
20260301	阪神	10	☆	5	ハワイアンティアレ	1.0	1.0
20260301	阪神	11	◎	8	エイズルブルーム	1.0	0.972
20260301	阪神	11	○	13	タイセイボーグ	1.0	0.972
20260301	阪神	11	▲	12	アランカール	1.0	0.972
20260301	阪神	11	☆	4	スマートプリエール	0.89	0.972
20260301	阪神	12	◎	3	モカラマーズ	1.0	1.0
20260301	阪神	12	○	2	ダノンモンテローザ	1.0	1.0
20260301	阪神	12	▲	4	アスタールフナ	1.0	1.0
20260301	阪神	12	☆	6	ランスオブセヘル	1.0	1.0
20260307	中山	1	◎	13	ニシノギャルズ	1.0	0.919
20260307	中山	1	○	1	アイムインディ	1.0	0.919
20260307	中山	1	▲	11	ジャメビュ	0.8	0.919
20260307	中山	1	☆	4	テンハートビート	0.88	0.919
20260307	中山	2	◎	12	ライヴジントニック	0.78	0.909
20260307	中山	2	○	5	ダンシングアウェイ	1.0	0.909
20260307	中山	2	▲	2	ロジクリスエス	0.86	0.909
20260307	中山	2	☆	10	エリーニック	1.0	0.909
20260307	中山	3	◎	7	ドラリズム	1.0	1.0
20260307	中山	3	○	5	アクロスメモリア	1.0	1.0
20260307	中山	3	▲	14	トヨサカエ	1.0	1.0
20260307	中山	3	☆	10	ココロノヒコボシ	1.0	1.0
20260307	中山	5	◎	14	ラクシオンデクラ	0.88	0.969
20260307	中山	5	○	12	ウィロークリーク	1.0	0.969
20260307	中山	5	▲	5	キンググローリー	1.0	0.969
20260307	中山	5	☆	11	ミサダメキメル	1.0	0.969
20260307	中山	6	◎	2	アリアファブラ	1.0	1.0
20260307	中山	6	○	1	エリュグレイス	1.0	1.0
20260307	中山	6	▲	10	クレアノア	1.0	1.0
20260307	中山	6	☆	15	メジロピオラ	1.0	1.0
20260307	中山	7	◎	11	スローモーション	1.0	1.0
20260307	中山	7	○	12	レッドスティンガー	1.0	1.0
20260307	中山	7	▲	4	ウォーターサグラダ	1.0	1.0
20260307	中山	7	☆	9	ディープスリー	1.0	1.0
20260307	中山	8	◎	12	キャストロペペ	1.0	0.941
20260307	中山	8	○	5	ホークライト	1.0	0.941
20260307	中山	8	▲	11	オウケンシルヴァー	0.89	0.941
20260307	中山	8	☆	2	プルメリアクヒオ	0.88	0.941
20260307	中山	9	◎	7	エーオーキング	1.0	1.0
20260307	中山	9	○	8	ピックデムッシュ	1.0	1.0
20260307	中山	9	▲	2	クリフハンガー	1.0	1.0
20260307	中山	9	☆	12	カエルム	1.0	1.0
20260307	中山	10	◎	12	ラフエイジアン	0.86	0.964
20260307	中山	10	○	8	ドバイブルース	1.0	0.964
20260307	中山	10	▲	13	エクリプスルバン	1.0	0.964
20260307	中山	10	☆	14	メイショウソウタ	1.0	0.964
20260307	中山	11	◎	2	ビヨンドザヴァレー	1.0	0.972
20260307	中山	11	○	14	ニシノティアモ	1.0	0.972
20260307	中山	11	▲	10	アンゴラブラック	1.0	0.972
20260307	中山	11	☆	11	フィールシンパシー	0.89	0.972
20260307	中山	12	◎	5	ゴーゴータカシ	0.86	0.964
20260307	中山	12	○	8	ブラックジェダイト	1.0	0.964
20260307	中山	12	▲	13	キアラメンテ	1.0	0.964
20260307	中山	12	☆	6	ラヴスコール	1.0	0.964
20260307	阪神	1	◎	12	オルビスケリー	1.0	0.964
20260307	阪神	1	○	8	ウンナターシャ	0.86	0.964
20260307	阪神	1	▲	13	ストラーダ	1.0	0.964
20260307	阪神	1	☆	3	シャンドラテ	1.0	0.964
20260307	阪神	2	◎	10	ライゼシュトゥルム	1.0	1.0
20260307	阪神	2	○	7	アパレイユ	1.0	1.0
20260307	阪神	2	▲	9	キープシャイニング	1.0	1.0
20260307	阪神	2	☆	16	ルクスドリーム	1.0	1.0
20260307	阪神	3	◎	10	ブレイブメンロード	0.89	0.972
20260307	阪神	3	○	6	アビル	1.0	0.972
20260307	阪神	3	▲	8	テンマジックアワー	1.0	0.972
20260307	阪神	3	☆	13	タイセイゼスティ	1.0	0.972
20260307	阪神	4	◎	9	ケンブリッジグレイ	1.0	1.0
20260307	阪神	4	○	2	カットソロ	1.0	1.0
20260307	阪神	4	▲	10	ダノンミッドナイト	1.0	1.0
20260307	阪神	4	☆	13	デルマフジ	1.0	1.0
20260307	阪神	5	◎	9	ドローイング	1.0	0.921
20260307	阪神	5	▲	5	ハピネスサンライズ	0.89	0.921
20260307	阪神	5	☆	8	リアライズアリス	0.88	0.921
20260307	阪神	6	◎	8	パドゼフィール	1.0	0.969
20260307	阪神	6	○	11	モンサンゴールデン	1.0	0.969
20260307	阪神	6	▲	4	ランスオブキング	0.88	0.969
20260307	阪神	6	☆	1	エムフォー	1.0	0.969
20260307	阪神	7	◎	4	バシリス	0.75	0.906
20260307	阪神	7	○	6	ダノンヴェステル	1.0	0.906
20260307	阪神	7	▲	2	クロノスバレット	0.88	0.906
20260307	阪神	7	☆	1	メイショウオグマ	1.0	0.906
20260307	阪神	8	◎	1	トーホウガレオン	1.0	1.0
20260307	阪神	8	○	6	レディーミコノス	1.0	1.0
20260307	阪神	8	▲	3	モアリジット	1.0	1.0
20260307	阪神	8	☆	8	ジャルディニエ	1.0	1.0
20260307	阪神	9	◎	7	ライフセービング	1.0	1.0
20260307	阪神	9	○	3	クルミナーレ	1.0	1.0
20260307	阪神	9	▲	8	ティムール	1.0	1.0
20260307	阪神	9	☆	2	マイネルフルムーン	1.0	1.0
20260307	阪神	10	◎	11	スリーピース	1.0	0.972
20260307	阪神	10	○	2	ショウナンアビアス	1.0	0.972
20260307	阪神	10	▲	8	タカネノハナコサン	0.89	0.972
20260307	阪神	10	☆	9	ナッカーフェイス	1.0	0.972
20260307	阪神	11	◎	6	タイニーワンダー	1.0	0.952
20260307	阪神	11	▲	4	ショウナンカリス	1.0	0.952
20260307	阪神	11	☆	11	クリエープキー	0.86	0.952
20260307	阪神	12	◎	14	エンブレムボム	1.0	1.0
20260307	阪神	12	○	2	サンマルノヴェル	1.0	1.0
20260307	阪神	12	▲	8	ダイヤモンド	1.0	1.0
20260307	阪神	12	☆	9	クリノミニスター	1.0	1.0
20260308	中山	1	◎	10	リベルタアーラ	1.0	0.938
20260308	中山	1	○	7	アンジュレーヌ	1.0	0.938
20260308	中山	1	▲	11	ルミテュット	1.0	0.938
20260308	中山	1	☆	9	パルミエ	0.75	0.938
20260308	中山	2	◎	6	ヘリオドール	1.0	0.972
20260308	中山	2	○	12	ツクバヴァンガード	0.89	0.972
20260308	中山	2	▲	16	アイアンクラッド	1.0	0.972
20260308	中山	2	☆	3	ライカ	1.0	0.972
20260308	中山	3	◎	9	ロット	1.0	1.0
20260308	中山	3	○	14	アラビアンドリーム	1.0	1.0
20260308	中山	3	▲	3	ラッキースウィッチ	1.0	1.0
20260308	中山	3	☆	5	グランフィエスタ	1.0	1.0
20260308	中山	5	◎	14	ポイズンオーク	1.0	1.0
20260308	中山	5	○	4	ハニージョー	1.0	1.0
20260308	中山	5	▲	15	ギリーカラム	1.0	1.0
20260308	中山	5	☆	9	ラベルセーヌ	1.0	1.0
20260308	中山	6	◎	12	サヨノジャンボリー	1.0	1.0
20260308	中山	6	○	3	カーヌスティ	1.0	1.0
20260308	中山	6	▲	10	マクミランテソーロ	1.0	1.0
20260308	中山	6	☆	5	ルクスマーベリック	1.0	1.0
20260308	中山	7	◎	6	ニシノセイドウ	1.0	0.981
20260308	中山	7	○	3	ランズダウンロード	1.0	0.981
20260308	中山	7	▲	1	マルガ	1.0	0.981
20260308	中山	7	☆	2	ショーリバース	0.92	0.981
20260308	中山	8	◎	8	ウインアクトゥール	0.89	0.972
20260308	中山	8	○	12	リザードアイランド	1.0	0.972
20260308	中山	8	▲	13	ニシノブレイゼスト	1.0	0.972
20260308	中山	8	☆	4	ニューファウンド	1.0	0.972
20260308	中山	9	◎	10	ヤマニンエンディマ	1.0	1.0
20260308	中山	9	○	1	マイユニバース	1.0	1.0
20260308	中山	9	▲	6	レッドテリオス	1.0	1.0
20260308	中山	9	☆	7	ルカランフィースト	1.0	1.0
20260308	中山	10	◎	6	ショウナンライシン	0.89	0.891
20260308	中山	10	○	9	ブレイクフォース	0.88	0.891
20260308	中山	10	▲	1	イムホテプ	0.8	0.891
20260308	中山	10	☆	11	クラウンシエンタ	1.0	0.891
20260308	中山	11	◎	9	アメテュストス	1.0	0.95
20260308	中山	11	○	4	ライヒスアドラー	1.0	0.95
20260308	中山	11	▲	8	バステール	0.8	0.95
20260308	中山	11	☆	5	タイダルロック	1.0	0.95
20260308	中山	12	◎	2	トーセントラム	0.86	0.929
20260308	中山	12	○	6	アオイレーギーナ	1.0	0.929
20260308	中山	12	▲	15	ピコアーガイル	0.86	0.929
20260308	中山	12	☆	5	ビービーエフォート	1.0	0.929
20260308	阪神	1	◎	3	シャマレル	0.8	0.95
20260308	阪神	1	○	4	アーサーバローズ	1.0	0.95
20260308	阪神	1	▲	7	ルファーダ	1.0	0.95
20260308	阪神	1	☆	11	サンライズフリード	1.0	0.95
20260308	阪神	2	◎	13	イズジョーアザヤカ	1.0	0.931
20260308	阪神	2	○	9	アームズレジェンド	1.0	0.931
20260308	阪神	2	▲	12	プレデンシア	0.83	0.931
20260308	阪神	2	☆	3	タナスーペルノーバ	0.89	0.931
20260308	阪神	3	◎	8	ジャッキーバローズ	1.0	1.0
20260308	阪神	3	○	6	アメリカンイズム	1.0	1.0
20260308	阪神	3	▲	14	ワザオギ	1.0	1.0
20260308	阪神	3	☆	10	タイセイサーブル	1.0	1.0
20260308	阪神	4	◎	10	ワイドシャッフエン	0.89	0.972
20260308	阪神	4	○	2	アニマレイ	1.0	0.972
20260308	阪神	4	▲	6	リヴァイ	1.0	0.972
20260308	阪神	4	☆	16	モンスエ	1.0	0.972
20260308	阪神	5	◎	7	デールエルバハリ	1.0	0.95
20260308	阪神	5	○	11	シュネルアンジュ	1.0	0.95
20260308	阪神	5	▲	13	グラシアムヘール	1.0	0.95
20260308	阪神	5	☆	8	ペンダント	0.8	0.95
20260308	阪神	6	◎	6	シーリュウシー	1.0	0.964
20260308	阪神	6	○	5	ニヒトツーゼーア	1.0	0.964
20260308	阪神	6	▲	1	タイセイカイザー	1.0	0.964
20260308	阪神	6	☆	8	テンエースワン	0.86	0.964
20260308	阪神	7	◎	7	ウインポセイドン	0.88	0.941
20260308	阪神	7	○	5	アスクコモンタレヴ	0.89	0.941
20260308	阪神	7	▲	1	エレガンシア	1.0	0.941
20260308	阪神	7	☆	8	ビゾー	1.0	0.941
20260308	阪神	8	◎	2	キングロコマイカイ	1.0	1.0
20260308	阪神	8	○	5	ルクスフレンジー	1.0	1.0
20260308	阪神	8	▲	7	ショーダンサー	1.0	1.0
20260308	阪神	8	☆	3	バトンインディ	1.0	1.0
20260308	阪神	9	◎	1	カレントゥルーシー	0.89	0.972
20260308	阪神	9	○	4	テーオーアルアイン	1.0	0.972
20260308	阪神	9	▲	6	ダノンセフィーロ	1.0	0.972
20260308	阪神	9	☆	5	キーンセンス	1.0	0.972
20260308	阪神	10	◎	11	スイープアワーズ	1.0	0.95
20260308	阪神	10	○	14	ミッキージュエリー	1.0	0.95
20260308	阪神	10	▲	9	スマートワイス	1.0	0.95
20260308	阪神	10	☆	4	ユハンヌス	0.8	0.95
20260308	阪神	11	◎	12	トゥデイイズザデイ	1.0	0.958
20260308	阪神	11	○	5	テリオスララ	1.0	0.958
20260308	阪神	11	▲	6	グランディア	0.83	0.958
20260308	阪神	11	☆	2	ドラゴンブースト	1.0	0.958
20260308	阪神	12	◎	3	ストラテージュ	1.0	0.914
20260308	阪神	12	○	12	ニューオーリンズ	1.0	0.914
20260308	阪神	12	▲	1	ストーンズ	0.8	0.914
20260308	阪神	12	☆	10	リメンバーヒム	0.86	0.914
20260314	中京	1	◎	4	トゥインクルピカ	0.75	0.923
20260314	中京	1	○	5	ヴェールミューズ	1.0	0.923
20260314	中京	1	▲	7	アウラニ	1.0	0.923
20260314	中京	1	☆	1	パーフェクトスノー	0.94	0.923
20260314	中京	2	◎	14	ケイツータカ	1.0	0.91
20260314	中京	2	○	3	グリニッジローズ	0.75	0.91
20260314	中京	2	▲	8	ダイユウヴェンティ	0.89	0.91
20260314	中京	2	☆	13	リリーサンライズ	1.0	0.91
20260314	中京	3	◎	6	リリーサンダー	1.0	0.933
20260314	中京	3	○	9	ジャスティンゴッホ	1.0	0.933
20260314	中京	3	▲	12	レッドフロイデ	0.86	0.933
20260314	中京	3	☆	4	マーゴットバディ	0.88	0.933
20260314	中京	4	◎	3	サンライズマーク	1.0	0.969
20260314	中京	4	○	12	ムーングレイル	1.0	0.969
20260314	中京	4	▲	5	エヴァンスベイ	1.0	0.969
20260314	中京	4	☆	14	ビロングトゥミー	0.88	0.969
20260314	中京	5	◎	11	ココロヅヨサ	0.83	0.896
20260314	中京	5	○	6	マジョレルブルー	1.0	0.896
20260314	中京	5	▲	8	カズシ	1.0	0.896
20260314	中京	5	☆	12	パンキー	0.75	0.896
20260314	中京	6	◎	16	ペイシャプル	0.67	0.875
20260314	中京	6	○	15	テイエムゴッホ	1.0	0.875
20260314	中京	6	▲	12	ダンツシタン	0.83	0.875
20260314	中京	6	☆	6	ゴールデンスラム	1.0	0.875
20260314	中京	7	◎	11	タイキバルドル	1.0	0.929
20260314	中京	7	○	6	ミッキーマドンナ	1.0	0.929
20260314	中京	7	▲	1	スナークピカソ	0.71	0.929
20260314	中京	7	☆	4	ヴォラヴィア	1.0	0.929
20260314	中京	8	◎	1	モズイージス	1.0	0.938
20260314	中京	8	○	2	テーオーミリカン	1.0	0.938
20260314	中京	8	▲	14	プルミエールパス	0.75	0.938
20260314	中京	8	☆	16	ルクスコスモス	1.0	0.938
20260314	中京	9	◎	6	コスモアチーブ	1.0	1.0
20260314	中京	9	○	9	ロードガレリア	1.0	1.0
20260314	中京	9	▲	4	スイートオレンジ	1.0	1.0
20260314	中京	9	☆	10	マーゴットソラーレ	1.0	1.0
20260314	中京	10	◎	9	タケトンボ	1.0	0.985
20260314	中京	10	○	1	シンゼンカガ	1.0	0.985
20260314	中京	10	▲	4	メディテラニアン	0.94	0.985
20260314	中京	10	☆	6	ナイトスラッガー	1.0	0.985
20260314	中京	11	◎	4	コパノヴィンセント	0.89	0.915
20260314	中京	11	○	7	テーオーマルコーニ	1.0	0.915
20260314	中京	11	▲	9	スマートスピア	0.77	0.915
20260314	中京	11	☆	3	タッチャブル	1.0	0.915
20260314	中京	12	◎	8	アウクソー	1.0	1.0
20260314	中京	12	○	12	ブルーミングローズ	1.0	1.0
20260314	中京	12	▲	11	ビーグラッド	1.0	1.0
20260314	中京	12	☆	4	マーゴットカーラ	1.0	1.0
20260314	中山	1	◎	4	ビレッジルイーザ	1.0	1.0
20260314	中山	1	○	6	アスコットヴェール	1.0	1.0
20260314	中山	1	▲	3	タイセイルビー	1.0	1.0
20260314	中山	1	☆	1	フローレスカラーズ	1.0	1.0
20260314	中山	2	◎	3	ドゥーニ	1.0	0.964
20260314	中山	2	○	5	ミスターキャンベラ	1.0	0.964
20260314	中山	2	▲	1	ジェネラスキング	1.0	0.964
20260314	中山	2	☆	9	コパノエイダン	0.86	0.964
20260314	中山	3	◎	7	アシャカバッハ	1.0	0.964
20260314	中山	3	○	4	ミルトハーバー	0.86	0.964
20260314	中山	3	▲	13	ロイヤルスパイア	1.0	0.964
20260314	中山	3	☆	11	ミリオングローリー	1.0	0.964
20260314	中山	4	◎	1	ティブロン	0.8	0.837
20260314	中山	4	○	8	イナズマダイモン	1.0	0.837
20260314	中山	4	▲	4	ナイトバード	0.83	0.837
20260314	中山	4	☆	15	レプレセンタル	0.71	0.837
20260314	中山	5	◎	7	ハチマン	1.0	0.958
20260314	中山	5	○	11	アイムイン	1.0	0.958
20260314	中山	5	▲	4	ヤマニンアレシス	1.0	0.958
20260314	中山	5	☆	9	レピュニット	0.83	0.958
20260314	中山	6	◎	5	ホールドザデイ	1.0	1.0
20260314	中山	6	○	12	テンカムテキ	1.0	1.0
20260314	中山	6	▲	11	チェリヴェント	1.0	1.0
20260314	中山	6	☆	3	サンダーヴィント	1.0	1.0
20260314	中山	7	◎	5	テイキットイージー	1.0	0.938
20260314	中山	7	○	7	ノクターン	1.0	0.938
20260314	中山	7	▲	1	ダノンピクチャー	0.88	0.938
20260314	中山	7	☆	4	キングズトゥルー	0.88	0.938
20260314	中山	8	◎	9	アイスブレイカー	0.88	0.901
20260314	中山	8	○	5	ソードマスター	1.0	0.901
20260314	中山	8	▲	15	トモジャシーマ	1.0	0.901
20260314	中山	8	☆	3	ハーフェン	0.73	0.901
20260314	中山	9	◎	2	ジャンビ	1.0	0.937
20260314	中山	9	○	9	テンミラクルスター	0.89	0.937
20260314	中山	9	▲	1	ブラックルビー	0.86	0.937
20260314	中山	9	☆	4	オルノア	1.0	0.937
20260314	中山	10	◎	4	エアミアーニ	1.0	0.95
20260314	中山	10	○	7	ヒシアマン	1.0	0.95
20260314	中山	10	▲	10	コートアリシアン	0.88	0.95
20260314	中山	10	☆	15	ウインレイアー	0.92	0.95
20260314	中山	11	◎	14	ナイスプレーアスク	1.0	0.944
20260314	中山	11	○	9	リアライズリバティ	0.78	0.944
20260314	中山	11	▲	13	ルージュダリア	1.0	0.944
20260314	中山	11	☆	1	ホワイトオーキッド	1.0	0.944
20260314	中山	12	◎	7	カワキタマナレア	1.0	1.0
20260314	中山	12	○	12	モリノレッドスター	1.0	1.0
20260314	中山	12	▲	14	キョウエイカンフ	1.0	1.0
20260314	中山	12	☆	3	ケンキョ	1.0	1.0
20260314	阪神	1	◎	11	ノーブルサンライズ	1.0	0.808
20260314	阪神	1	○	5	シャンデヴィーニュ	0.38	0.808
20260314	阪神	1	▲	1	アンミックス	1.0	0.808
20260314	阪神	1	☆	8	ダイシンヨーク	0.86	0.808
20260314	阪神	3	◎	5	テーオーモナーク	1.0	1.0
20260314	阪神	3	○	8	コスモブラック	1.0	1.0
20260314	阪神	3	▲	3	ゲタリア	1.0	1.0
20260314	阪神	3	☆	7	マオノムサシ	1.0	1.0
20260314	阪神	4	◎	9	ヤマニンフェイエル	1.0	0.969
20260314	阪神	4	○	7	アクアアイ	1.0	0.969
20260314	阪神	4	▲	5	ダノンベルビュー	0.88	0.969
20260314	阪神	4	☆	3	マイティキングダム	1.0	0.969
20260314	阪神	5	◎	12	ルナフィオーレ	1.0	0.938
20260314	阪神	5	○	4	ロードスタニング	1.0	0.938
20260314	阪神	5	▲	17	ハムタン	0.75	0.938
20260314	阪神	5	☆	15	コスモローマ	1.0	0.938
20260314	阪神	6	◎	7	コンテナライン	1.0	0.969
20260314	阪神	6	○	10	ヒメモモアスク	1.0	0.969
20260314	阪神	6	▲	12	ヒサエノオモカゲ	0.88	0.969
20260314	阪神	6	☆	4	ガイラルディア	1.0	0.969
20260314	阪神	7	◎	7	ザングウィル	1.0	1.0
20260314	阪神	7	○	16	エンダードラゴン	1.0	1.0
20260314	阪神	7	▲	2	コーラルクラウン	1.0	1.0
20260314	阪神	7	☆	8	ハウリングウィンド	1.0	1.0
20260314	阪神	9	◎	13	ゴルトリッチ	1.0	1.0
20260314	阪神	9	○	14	トウカイエルデ	1.0	1.0
20260314	阪神	9	▲	5	アサクサグレース	1.0	1.0
20260314	阪神	9	☆	10	ベビーズブレス	1.0	1.0
20260314	阪神	10	◎	6	トーホウディアス	1.0	1.0
20260314	阪神	10	○	8	ジーティーアダマン	1.0	1.0
20260314	阪神	10	▲	7	ミナデオロ	1.0	1.0
20260314	阪神	10	☆	3	ホウオウアートマン	1.0	1.0
20260314	阪神	11	◎	5	マルモリスペシャル	0.89	0.882
20260314	阪神	11	○	11	ジャスティンアース	0.89	0.882
20260314	阪神	11	▲	1	ビダーヤ	0.75	0.882
20260314	阪神	11	☆	4	キタノズエッジ	1.0	0.882
20260314	阪神	12	◎	3	ヤングアメリカンズ	1.0	1.0
20260314	阪神	12	○	7	ソニックステップ	1.0	1.0
20260314	阪神	12	▲	5	フランキーバローズ	1.0	1.0
20260314	阪神	12	☆	1	ゴルデールスカー	1.0	1.0
20260315	中京	1	◎	10	フルドフォルク	1.0	1.0
20260315	中京	1	○	3	ラインジーク	1.0	1.0
20260315	中京	1	▲	14	タイセイモノリス	1.0	1.0
20260315	中京	1	☆	6	ウェルム	1.0	1.0
20260315	中京	2	◎	8	サートゥリア	0.83	0.958
20260315	中京	2	○	1	オオツカ	1.0	0.958
20260315	中京	2	▲	13	ガイストライヒ	1.0	0.958
20260315	中京	2	☆	6	メイショウハチマキ	1.0	0.958
20260315	中京	3	◎	8	ハヤブサブロー	1.0	0.958
20260315	中京	3	○	12	フレッチャアズーラ	1.0	0.958
20260315	中京	3	▲	4	ラップトップ	0.83	0.958
20260315	中京	3	☆	16	ガミーヌ	1.0	0.958
20260315	中京	4	◎	14	ソチミルコ	1.0	0.972
20260315	中京	4	○	16	バレンタインビスタ	0.89	0.972
20260315	中京	4	▲	2	ワディアルリヤハ	1.0	0.972
20260315	中京	4	☆	12	アリアス	1.0	0.972
20260315	中京	5	◎	8	コワンニシタガウ	1.0	1.0
20260315	中京	5	○	7	ヘイジュード	1.0	1.0
20260315	中京	5	▲	1	メイショウナルカミ	1.0	1.0
20260315	中京	5	☆	10	メイショウハーブス	1.0	1.0
20260315	中京	6	◎	9	ノアスペシャル	0.71	0.929
20260315	中京	6	○	6	ヒミノエトワール	1.0	0.929
20260315	中京	6	▲	2	アクアマリーナ	1.0	0.929
20260315	中京	6	☆	3	シュレン	1.0	0.929
20260315	中京	7	◎	8	サルタール	1.0	1.0
20260315	中京	7	○	1	オリーブグリーン	1.0	1.0
20260315	中京	7	▲	6	レッドエウロス	1.0	1.0
20260315	中京	7	☆	9	トーアケルキラ	1.0	1.0
20260315	中京	8	◎	12	フォーグッド	0.83	0.931
20260315	中京	8	○	4	メイショウアイル	1.0	0.931
20260315	中京	8	▲	2	ウインリベラシオン	0.89	0.931
20260315	中京	8	☆	9	マイネルアレス	1.0	0.931
20260315	中京	9	◎	4	テラステラ	1.0	0.944
20260315	中京	9	○	15	エイプリルインパリ	0.78	0.944
20260315	中京	9	▲	14	セレジェイラ	1.0	0.944
20260315	中京	9	☆	8	ハリーケーン	1.0	0.944
20260315	中京	10	◎	8	ホウショウルクス	1.0	1.0
20260315	中京	10	○	10	マジッククッキー	1.0	1.0
20260315	中京	10	▲	6	ルクスレイモンド	1.0	1.0
20260315	中京	10	☆	1	テーオーグレーザー	1.0	1.0
20260315	中京	11	◎	11	キングズパレス	0.86	0.964
20260315	中京	11	○	12	クイーンズウォーク	1.0	0.964
20260315	中京	11	▲	1	ドゥラドーレス	1.0	0.964
20260315	中京	11	☆	2	ジューンテイク	1.0	0.964
20260315	中京	12	◎	12	ダガーリング	1.0	0.958
20260315	中京	12	○	13	ヴェントゥーラ	1.0	0.958
20260315	中京	12	▲	2	サディーク	1.0	0.958
20260315	中京	12	☆	7	エコロハート	0.83	0.958
20260315	中山	1	◎	3	ツキノマバタキ	1.0	0.958
20260315	中山	1	○	7	カンレイスター	1.0	0.958
20260315	中山	1	▲	10	ブーケドリス	0.83	0.958
20260315	中山	1	☆	11	サザンホクトベガ	1.0	0.958
20260315	中山	2	◎	12	ブザービーター	1.0	1.0
20260315	中山	2	○	7	トルネードアイル	1.0	1.0
20260315	中山	2	▲	11	ナックスプレンダー	1.0	1.0
20260315	中山	2	☆	8	タケルムサシ	1.0	1.0
20260315	中山	3	◎	5	ノブピースオブラブ	0.89	0.956
20260315	中山	3	○	10	ミスタートントン	1.0	0.956
20260315	中山	3	▲	6	ニンジャトットリ	0.93	0.956
20260315	中山	3	☆	1	フレンドリーエール	1.0	0.956
20260315	中山	4	◎	15	トラストレガート	1.0	0.964
20260315	中山	4	○	6	ブルーサーマル	1.0	0.964
20260315	中山	4	▲	16	ラルルジェンヌ	0.86	0.964
20260315	中山	4	☆	8	ルンベーラ	1.0	0.964
20260315	中山	5	◎	4	ヴォンサクレ	1.0	0.931
20260315	中山	5	○	18	ダノンファンスター	1.0	0.931
20260315	中山	5	▲	12	ランブルスコ	0.83	0.931
20260315	中山	5	☆	5	カムバックトゥミー	0.89	0.931
20260315	中山	6	◎	3	メトロポリターナ	1.0	0.95
20260315	中山	6	○	12	ファルコンミノル	1.0	0.95
20260315	中山	6	▲	8	ブリスキー	0.8	0.95
20260315	中山	6	☆	11	ブルーユンチェリー	1.0	0.95
20260315	中山	7	◎	15	ニルマーネル	1.0	0.917
20260315	中山	7	○	7	ロジケープ	1.0	0.917
20260315	中山	7	▲	1	グッドピース	0.67	0.917
20260315	中山	7	☆	3	ホウオウヘッセン	1.0	0.917
20260315	中山	8	◎	3	コスモオピニオン	0.88	0.969
20260315	中山	8	○	8	クライスレリアーナ	1.0	0.969
20260315	中山	8	▲	1	インパクトシー	1.0	0.969
20260315	中山	8	☆	4	ツルマウカタチ	1.0	0.969
20260315	中山	9	◎	1	キャストロププ	0.71	0.865
20260315	中山	9	○	8	ソウルアンドジャズ	0.89	0.865
20260315	中山	9	▲	5	オオタチ	1.0	0.865
20260315	中山	9	☆	10	オーシンハーフ	0.86	0.865
20260315	中山	10	◎	16	レガーロデルシエロ	1.0	0.969
20260315	中山	10	○	6	ジョイフルニュース	1.0	0.969
20260315	中山	10	▲	11	ランスオブカオス	0.88	0.969
20260315	中山	10	☆	4	ニシノスーベニア	1.0	0.969
20260315	中山	11	◎	3	タイキルッジェーロ	1.0	0.941
20260315	中山	11	○	12	クレパスキュラー	0.88	0.941
20260315	中山	11	▲	2	アスクエジンバラ	1.0	0.941
20260315	中山	11	☆	8	マイネルシンベリン	0.89	0.941
20260315	中山	12	◎	4	ブエナディオサ	1.0	0.95
20260315	中山	12	○	9	ガラク	1.0	0.95
20260315	中山	12	▲	3	シルフレイ	0.8	0.95
20260315	中山	12	☆	7	ルージュベルベット	1.0	0.95
20260315	阪神	1	◎	8	スーパーカルメン	1.0	0.95
20260315	阪神	1	○	2	ルビドゥソレイユ	0.8	0.95
20260315	阪神	1	▲	11	アイカンアズーラ	1.0	0.95
20260315	阪神	1	☆	4	カフジミモレット	1.0	0.95
20260315	阪神	2	◎	1	サーブルディアマン	1.0	0.972
20260315	阪神	2	○	3	テイエムスターラン	1.0	0.972
20260315	阪神	2	▲	4	ワンダーゾルダート	0.89	0.972
20260315	阪神	2	☆	11	グンバイ	1.0	0.972
20260315	阪神	3	◎	11	ジャスパーレオン	0.88	0.921
20260315	阪神	3	○	14	ナムラロダン	1.0	0.921
20260315	阪神	3	▲	1	レッドアイスピア	0.88	0.921
20260315	阪神	3	☆	7	ヨウリンケイジュ	0.93	0.921
20260315	阪神	5	◎	11	トラカイキャッスル	1.0	1.0
20260315	阪神	5	○	12	クランズクラウン	1.0	1.0
20260315	阪神	5	▲	14	オズマップ	1.0	1.0
20260315	阪神	5	☆	15	スリーロンドン	1.0	1.0
20260315	阪神	6	◎	7	シーミハットク	1.0	1.0
20260315	阪神	6	○	6	バルセシート	1.0	1.0
20260315	阪神	6	▲	10	コスモレッド	1.0	1.0
20260315	阪神	6	☆	4	マウンテンバローズ	1.0	1.0
20260315	阪神	7	◎	8	リオンプライム	0.86	0.964
20260315	阪神	7	○	3	エーデルヴェーグ	1.0	0.964
20260315	阪神	7	▲	10	テーオーシュタイン	1.0	0.964
20260315	阪神	7	☆	11	フェイトライン	1.0	0.964
20260315	阪神	8	◎	4	フラッシング	1.0	0.958
20260315	阪神	8	○	1	ストップヤーニング	1.0	0.958
20260315	阪神	8	▲	6	アラナコア	1.0	0.958
20260315	阪神	8	☆	2	ドッビアーコ	0.83	0.958
20260315	阪神	9	◎	6	ゴールデンパゴーダ	0.89	0.937
20260315	阪神	9	○	2	キシダンチョウ	0.86	0.937
20260315	阪神	9	▲	7	ヴァロンブローサ	1.0	0.937
20260315	阪神	9	☆	3	シャドウマスター	1.0	0.937
20260315	阪神	10	◎	2	プレイサーゴールド	1.0	1.0
20260315	阪神	10	○	5	テスティモーネ	1.0	1.0
20260315	阪神	10	▲	9	カネトシゴウト	1.0	1.0
20260315	阪神	10	☆	8	テーオーダグラス	1.0	1.0
20260315	阪神	11	◎	2	ロンドンプラン	1.0	0.972
20260315	阪神	11	○	8	アスクワンタイム	1.0	0.972
20260315	阪神	11	▲	3	レッドシュヴェルト	0.89	0.972
20260315	阪神	11	☆	6	ウインモナーク	1.0	0.972
20260315	阪神	12	◎	2	キタノライブリー	1.0	0.972
20260315	阪神	12	○	8	モーニングマジック	1.0	0.972
20260315	阪神	12	▲	5	スニーカースキル	1.0	0.972
20260315	阪神	12	☆	4	エターナルプロミス	0.89	0.972
20260321	中京	1	○	13	コルヴァス	1.0	1.0
20260321	中京	1	▲	5	ハイロード	1.0	1.0
20260321	中京	1	☆	2	レジェルテ	1.0	1.0
20260321	中京	2	○	16	シャインフォーミー	1.0	1.0
20260321	中京	2	▲	4	スノーランス	1.0	1.0
20260321	中京	2	☆	6	スノーガーネット	1.0	1.0
20260321	中京	3	○	1	セルジュバローズ	1.0	1.0
20260321	中京	3	▲	7	メイショウジンライ	1.0	1.0
20260321	中京	3	☆	11	レッドホット	1.0	1.0
20260321	中京	4	○	16	レイクラシック	1.0	1.0
20260321	中京	4	▲	9	ザタイムハズカム	1.0	1.0
20260321	中京	4	☆	6	ハナコトバ	1.0	1.0
20260321	中京	5	○	6	アラムシャピラス	0.88	0.884
20260321	中京	5	▲	2	ダーリンダーリン	1.0	0.884
20260321	中京	5	☆	9	エイシンウィスパー	0.78	0.884
20260321	中京	6	○	12	ダノンプレサージュ	1.0	0.921
20260321	中京	6	▲	4	ペアレンツギフト	0.88	0.921
20260321	中京	6	☆	8	ハピネスサンライズ	0.89	0.921
20260321	中京	7	○	5	フォースミラクル	1.0	0.933
20260321	中京	7	▲	8	エムティエスターテ	1.0	0.933
20260321	中京	7	☆	1	インディゴ	0.8	0.933
20260321	中京	8	○	7	アドミラルシップ	1.0	1.0
20260321	中京	8	▲	5	コスモレオナルド	1.0	1.0
20260321	中京	8	☆	12	ウインドラート	1.0	1.0
20260321	中京	9	○	5	ホーリーブラッサム	0.89	0.921
20260321	中京	9	▲	10	ダノンキラウェア	0.88	0.921
20260321	中京	9	☆	9	タイキヴァンクール	1.0	0.921
20260321	中京	10	○	14	ルシフェル	1.0	0.889
20260321	中京	10	▲	6	ピエマンソン	0.83	0.889
20260321	中京	10	☆	1	ドンレパルス	0.83	0.889
20260321	中京	11	○	9	ダイヤモンドノット	1.0	1.0
20260321	中京	11	▲	6	ハッピーエンジェル	1.0	1.0
20260321	中京	11	☆	17	タマモイカロス	1.0	1.0
20260321	中京	12	○	5	シャンパンライフ	1.0	1.0
20260321	中京	12	▲	3	ベストシーン	1.0	1.0
20260321	中京	12	☆	4	メイショウビストロ	1.0	1.0
20260321	中山	1	○	11	スプリングドリーム	1.0	0.88
20260321	中山	1	▲	8	ペイトー	0.75	0.88
20260321	中山	1	☆	2	リナクィーンアスク	0.89	0.88
20260321	中山	2	○	3	スカイレックス	1.0	0.909
20260321	中山	2	▲	6	アオイミズホ	0.73	0.909
20260321	中山	2	☆	9	コウソクユノ	1.0	0.909
20260321	中山	3	○	6	マルターズドン	0.71	0.905
20260321	中山	3	▲	12	ヌクレオチド	1.0	0.905
20260321	中山	3	☆	4	セントリアン	1.0	0.905
20260321	中山	4	○	8	ビービーアジャイル	1.0	0.958
20260321	中山	4	▲	1	ホウオウファミリー	1.0	0.958
20260321	中山	4	☆	12	ハイランドパレス	0.88	0.958
20260321	中山	5	○	9	レッドレガリア	1.0	1.0
20260321	中山	5	▲	10	エーデルゼーレ	1.0	1.0
20260321	中山	5	☆	4	レイランディ	1.0	1.0
20260321	中山	6	○	10	スペルーチェ	0.83	0.907
20260321	中山	6	▲	5	ジーティーシンドウ	0.89	0.907
20260321	中山	6	☆	12	モルニケ	1.0	0.907
20260321	中山	7	○	15	ダイシンレアレア	0.88	0.917
20260321	中山	7	▲	4	スマートクオーレ	1.0	0.917
20260321	中山	7	☆	6	レッドルイナール	0.88	0.917
20260321	中山	9	○	6	ビーオンザカバー	1.0	0.952
20260321	中山	9	▲	13	フォルラニーニ	1.0	0.952
20260321	中山	9	☆	8	ミーントゥビー	0.86	0.952
20260321	中山	10	○	11	ルージュアベリア	1.0	0.926
20260321	中山	10	▲	9	ロフティストーリー	1.0	0.926
20260321	中山	10	☆	10	メイショウポペット	0.78	0.926
20260321	中山	11	○	13	アメティスタ	1.0	0.963
20260321	中山	11	▲	1	エアビーアゲイル	1.0	0.963
20260321	中山	11	☆	10	スマートプリエール	0.89	0.963
20260321	中山	12	○	11	マックスキュー	1.0	1.0
20260321	中山	12	▲	16	トニケンサンバ	1.0	1.0
20260321	中山	12	☆	7	アツキヤマト	1.0	1.0
20260321	阪神	1	○	4	ストリートクイーン	1.0	1.0
20260321	阪神	1	▲	9	ミルボナー	1.0	1.0
20260321	阪神	1	☆	3	クレマチス	1.0	1.0
20260321	阪神	2	○	10	ラヴネヴァーダイズ	1.0	0.769
20260321	阪神	2	▲	3	メイショウマドンナ	1.0	0.769
20260321	阪神	2	☆	12	バーニングラン	0.31	0.769
20260321	阪神	4	○	15	ポッドリプル	0.67	0.847
20260321	阪神	4	▲	14	プリンセスアツコ	0.88	0.847
20260321	阪神	4	☆	13	キャリアハイ	1.0	0.847
20260321	阪神	5	○	12	ハヤブササキチャン	1.0	1.0
20260321	阪神	5	▲	6	タイムレスフレアー	1.0	1.0
20260321	阪神	5	☆	14	ソルトアイリス	1.0	1.0
20260321	阪神	6	◎	10	ハンザキ	1.0	0.964
20260321	阪神	6	○	11	ヒルノプーリア	0.86	0.964
20260321	阪神	6	▲	2	ブロンテス	1.0	0.964
20260321	阪神	6	☆	12	エブリデイ	1.0	0.964
20260321	阪神	7	○	4	アロマフェリス	1.0	0.917
20260321	阪神	7	▲	11	バシリス	0.75	0.917
20260321	阪神	7	☆	8	ラテライト	1.0	0.917
20260321	阪神	8	○	9	ドラゴン	1.0	0.944
20260321	阪神	8	▲	12	マイティマイティー	1.0	0.944
20260321	阪神	8	☆	3	プリンセッサ	0.83	0.944
20260321	阪神	9	○	2	タイセイリコルド	0.88	0.911
20260321	阪神	9	▲	3	ファームツエンティ	1.0	0.911
20260321	阪神	9	☆	5	ウインデイジー	0.86	0.911
20260321	阪神	10	○	15	エコロジーク	1.0	0.958
20260321	阪神	10	▲	2	メイショウピース	0.88	0.958
20260321	阪神	10	☆	9	モーデン	1.0	0.958
20260321	阪神	11	○	1	マテンロウゲイル	1.0	0.958
20260321	阪神	11	▲	7	サヴォアフェール	0.88	0.958
20260321	阪神	11	☆	12	キッコベッロ	1.0	0.958
20260321	阪神	12	○	7	ロードヴァルカン	1.0	1.0
20260321	阪神	12	▲	3	インディゴアスール	1.0	1.0
20260321	阪神	12	☆	15	ディーエストッキー	1.0	1.0
20260322	中京	1	◎	3	ライヴマルガリータ	1.0	1.0
20260322	中京	1	○	10	セレーノ	1.0	1.0
20260322	中京	1	▲	12	エアトベーレ	1.0	1.0
20260322	中京	1	☆	13	スーパーシスター	1.0	1.0
20260322	中京	2	◎	11	リューカデンドロン	1.0	1.0
20260322	中京	2	○	14	メイショウライゴー	1.0	1.0
20260322	中京	2	▲	4	スタームーンナイト	1.0	1.0
20260322	中京	2	☆	12	ショウナンバーボン	1.0	1.0
20260322	中京	3	◎	11	アデルフィー	1.0	0.91
20260322	中京	3	○	10	ジーティーピカソ	0.75	0.91
20260322	中京	3	▲	3	ライヴジントニック	0.89	0.91
20260322	中京	3	☆	5	サンライズビクター	1.0	0.91
20260322	中京	4	◎	15	ディープマウンテン	1.0	0.969
20260322	中京	4	○	10	ウィスカーパッド	0.88	0.969
20260322	中京	4	▲	11	ロザーンジュ	1.0	0.969
20260322	中京	4	☆	8	リードアクター	1.0	0.969
20260322	中京	5	◎	11	エルミー	1.0	1.0
20260322	中京	5	○	6	ビッグヒーロー	1.0	1.0
20260322	中京	5	▲	3	エンヴェロップ	1.0	1.0
20260322	中京	5	☆	14	ブラックジャック	1.0	1.0
20260322	中京	6	◎	3	サンセットビュー	1.0	0.969
20260322	中京	6	○	2	サラスヴァティー	1.0	0.969
20260322	中京	6	▲	6	ダノンフィオーレ	0.88	0.969
20260322	中京	6	☆	17	コスモイシュタル	1.0	0.969
20260322	中京	7	◎	6	ハイグッドワールド	1.0	1.0
20260322	中京	7	○	5	レヴァンテシチー	1.0	1.0
20260322	中京	7	▲	12	ロードアルディート	1.0	1.0
20260322	中京	8	◎	11	ジュエルハウス	1.0	0.887
20260322	中京	8	○	12	チムグクル	1.0	0.887
20260322	中京	8	▲	15	ディオデルマーレ	0.62	0.887
20260322	中京	8	☆	4	ミエノブラボー	0.92	0.887
20260322	中京	9	◎	8	テーオーアルアイン	1.0	0.929
20260322	中京	9	○	2	ピエドゥラパン	0.71	0.929
20260322	中京	9	▲	3	チュウワカーネギー	1.0	0.929
20260322	中京	9	☆	10	ブルースカイブルー	1.0	0.929
20260322	中京	10	◎	12	ノボリクレバー	0.86	0.937
20260322	中京	10	○	6	テーオーライマン	1.0	0.937
20260322	中京	10	▲	9	タイセイアディクト	1.0	0.937
20260322	中京	10	☆	2	コスモコンフェルマ	0.89	0.937
20260322	中京	11	◎	17	リラボニート	1.0	0.95
20260322	中京	11	○	16	ドロップオブライト	1.0	0.95
20260322	中京	11	▲	1	マピュース	0.8	0.95
20260322	中京	11	☆	6	ナムラクララ	1.0	0.95
20260322	中京	12	◎	9	ジェイエルバース	1.0	0.944
20260322	中京	12	○	15	サンライズブレイク	1.0	0.944
20260322	中京	12	▲	6	シルフズミスチーフ	0.89	0.944
20260322	中京	12	☆	3	ハッピーウィズユー	0.89	0.944
20260322	中山	1	◎	13	チョウブク	1.0	1.0
20260322	中山	1	○	4	デスサイズ	1.0	1.0
20260322	中山	1	▲	7	ヨドノティアラ	1.0	1.0
20260322	中山	1	☆	15	カンノンミッキー	1.0	1.0
20260322	中山	2	◎	4	ブッチギレ	1.0	0.938
20260322	中山	2	○	6	アイデアユー	1.0	0.938
20260322	中山	2	▲	3	イーグルロック	1.0	0.938
20260322	中山	2	☆	1	プリンセスダーコ	0.75	0.938
20260322	中山	3	◎	10	ファンシーズ	1.0	1.0
20260322	中山	3	○	2	タカスタカスタカス	1.0	1.0
20260322	中山	3	▲	9	モーゲンセン	1.0	1.0
20260322	中山	3	☆	8	ライヴレッドアイ	1.0	1.0
20260322	中山	5	◎	11	アラムベイ	1.0	0.931
20260322	中山	5	○	4	カナルサンマルタン	0.89	0.931
20260322	中山	5	▲	13	アクアマーズ	0.83	0.931
20260322	中山	5	☆	9	マイネルトレマーズ	1.0	0.931
20260322	中山	6	◎	11	コスモアンタレス	1.0	0.972
20260322	中山	6	○	2	シーギリヤロック	1.0	0.972
20260322	中山	6	▲	18	エラルディーク	1.0	0.972
20260322	中山	6	☆	7	タッカーヴァンバン	0.89	0.972
20260322	中山	7	◎	1	ヘルメスギャング	0.88	0.969
20260322	中山	7	○	4	プラウディッツ	1.0	0.969
20260322	中山	7	▲	2	ラディアントスター	1.0	0.969
20260322	中山	7	☆	6	マイネルマスター	1.0	0.969
20260322	中山	8	◎	7	ウインイメル	0.83	0.958
20260322	中山	8	○	4	エデルクローネ	1.0	0.958
20260322	中山	8	▲	16	ドゥマーヴェリック	1.0	0.958
20260322	中山	8	☆	2	カルネヴァーレ	1.0	0.958
20260322	中山	9	◎	5	レッドレナート	1.0	1.0
20260322	中山	9	○	13	カネショウレジェン	1.0	1.0
20260322	中山	9	▲	2	マサノユニコーン	1.0	1.0
20260322	中山	9	☆	8	アパッシメント	1.0	1.0
20260322	中山	10	◎	6	モズロックンロール	0.78	0.837
20260322	中山	10	○	8	エストゥペンダ	0.57	0.837
20260322	中山	10	▲	5	フィーリウス	1.0	0.837
20260322	中山	10	☆	4	ジュタ	1.0	0.837
20260322	中山	11	◎	13	エコロガイア	1.0	0.969
20260322	中山	11	○	10	ドラゴンウェルズ	0.88	0.969
20260322	中山	11	▲	7	エートラックス	1.0	0.969
20260322	中山	11	☆	3	アガシ	1.0	0.969
20260322	中山	12	◎	11	アルドール	1.0	0.969
20260322	中山	12	○	3	カーラデマドレ	1.0	0.969
20260322	中山	12	▲	10	フィールオーサム	1.0	0.969
20260322	中山	12	☆	14	レイバックスピン	0.88	0.969
20260322	阪神	1	◎	13	ジェイパック	0.83	0.958
20260322	阪神	1	○	14	シオンダンサー	1.0	0.958
20260322	阪神	1	▲	6	ワイルドチャーム	1.0	0.958
20260322	阪神	1	☆	4	スマートコーラル	1.0	0.958
20260322	阪神	2	◎	5	ブクブクー	1.0	0.937
20260322	阪神	2	○	4	エイシンリブウェル	0.89	0.937
20260322	阪神	2	▲	3	アルペングロー	0.86	0.937
20260322	阪神	2	☆	1	アーサーバローズ	1.0	0.937
20260322	阪神	3	◎	6	ダイメイプリンス	0.88	0.869
20260322	阪神	3	○	7	メイショウテンジン	1.0	0.869
20260322	阪神	3	▲	10	ヴォンドゥ	0.6	0.869
20260322	阪神	3	☆	13	マクアケ	1.0	0.869
20260322	阪神	4	◎	4	サラサチャーミング	1.0	0.981
20260322	阪神	4	○	8	ゴールドアクセス	1.0	0.981
20260322	阪神	4	▲	6	ヴィラジョヴィス	1.0	0.981
20260322	阪神	4	☆	3	ミエノクラウン	0.92	0.981
20260322	阪神	5	◎	8	ワイドカクゲン	1.0	1.0
20260322	阪神	5	○	7	グレースジェンヌ	1.0	1.0
20260322	阪神	5	▲	6	フルールジェンヌ	1.0	1.0
20260322	阪神	5	☆	3	ドルチェミスト	1.0	1.0
20260322	阪神	6	◎	1	ミヤジオズ	1.0	1.0
20260322	阪神	6	○	13	タガノエルー	1.0	1.0
20260322	阪神	6	▲	12	アメリカンコール	1.0	1.0
20260322	阪神	6	☆	5	ジュンプリメーロ	1.0	1.0
20260322	阪神	7	◎	2	ジーティートシオー	1.0	0.972
20260322	阪神	7	○	6	セイキュート	1.0	0.972
20260322	阪神	7	▲	4	ジュンライデン	1.0	0.972
20260322	阪神	7	☆	1	クラッチプレイヤー	0.89	0.972
20260322	阪神	8	◎	1	エンブレムボム	1.0	0.969
20260322	阪神	8	○	5	ポイントネモ	1.0	0.969
20260322	阪神	8	▲	9	オーレアミスト	1.0	0.969
20260322	阪神	8	☆	3	レーンアジリティ	0.88	0.969
20260322	阪神	9	◎	4	テラメリタ	1.0	0.958
20260322	阪神	9	○	1	リカントロポ	0.83	0.958
20260322	阪神	9	▲	5	フェアリーライク	1.0	0.958
20260322	阪神	9	☆	2	モアリジット	1.0	0.958
20260322	阪神	10	◎	1	カペルブリュッケ	0.88	0.969
20260322	阪神	10	○	8	ルシュヴァルドール	1.0	0.969
20260322	阪神	10	▲	11	ジンセイ	1.0	0.969
20260322	阪神	10	☆	15	タイトニット	1.0	0.969
20260322	阪神	11	◎	4	アクアヴァーナル	1.0	1.0
20260322	阪神	11	○	5	ダノンシーマ	1.0	1.0
20260322	阪神	11	▲	1	アドマイヤテラ	1.0	1.0
20260322	阪神	11	☆	9	サンライズソレイユ	1.0	1.0
20260322	阪神	12	◎	13	リメンバーヒム	1.0	1.0
20260322	阪神	12	○	7	ヨリノレジェンド	1.0	1.0
20260322	阪神	12	▲	8	ゲイルライダー	1.0	1.0
20260322	阪神	12	☆	11	ザックザク	1.0	1.0
20260329	中京	1	◎	1	ワイルドミュール	1.0	0.969
20260329	中京	1	○	12	ルビドゥソレイユ	0.88	0.969
20260329	中京	1	▲	6	クインズナデシコ	1.0	0.969
20260329	中京	1	☆	16	カーリキュー	1.0	0.969
20260329	中京	2	◎	1	メイショウペイト	0.88	0.969
20260329	中京	2	○	10	コスモブラック	1.0	0.969
20260329	中京	2	▲	8	マテンロウアワー	1.0	0.969
20260329	中京	2	☆	3	ジャスパーレオン	1.0	0.969
20260329	中京	3	◎	13	フルールサシェ	1.0	1.0
20260329	中京	3	○	7	ロイヤルスパイア	1.0	1.0
20260329	中京	3	▲	2	ミラビリオン	1.0	1.0
20260329	中京	3	☆	9	ゴッドシュアウイン	1.0	1.0
20260329	中京	4	◎	5	ルージュフローラ	1.0	1.0
20260329	中京	4	○	6	ヒッグスボソン	1.0	1.0
20260329	中京	4	▲	15	ピコランド	1.0	1.0
20260329	中京	4	☆	16	ウインドトリック	1.0	1.0
20260329	中京	5	◎	5	バチラ	1.0	1.0
20260329	中京	5	○	7	エンジョイドアスク	1.0	1.0
20260329	中京	5	▲	1	ペガサスジルシ	1.0	1.0
20260329	中京	5	☆	13	ヘヴンリーサイン	1.0	1.0
20260329	中京	6	◎	9	モアニ	1.0	0.969
20260329	中京	6	○	8	ロードガレリア	1.0	0.969
20260329	中京	6	▲	1	サンライズバブル	0.88	0.969
20260329	中京	6	☆	11	エレガンシア	1.0	0.969
20260329	中京	7	◎	11	ビジュードネージュ	1.0	1.0
20260329	中京	7	○	3	ハギノコラソン	1.0	1.0
20260329	中京	7	▲	2	ベルフィーヌ	1.0	1.0
20260329	中京	7	☆	7	ラルガメンテ	1.0	1.0
20260329	中京	8	◎	5	ダノンハドソン	1.0	1.0
20260329	中京	8	○	1	ボンドマティーニ	1.0	1.0
20260329	中京	8	▲	2	メイショウナルカミ	1.0	1.0
20260329	中京	8	☆	7	テルヒコウ	1.0	1.0
20260329	中京	9	◎	15	タイキバルドル	1.0	0.969
20260329	中京	9	○	13	メイショウアボット	1.0	0.969
20260329	中京	9	▲	4	オーバースタンド	1.0	0.969
20260329	中京	9	☆	1	アウローラシエル	0.88	0.969
20260329	中京	10	◎	7	カネトシゴウト	1.0	0.929
20260329	中京	10	○	8	ゴールデンクラウド	1.0	0.929
20260329	中京	10	▲	4	アラレタバシル	0.86	0.929
20260329	中京	10	☆	1	アルゴナヴィス	0.86	0.929
20260329	中京	11	◎	3	エーティーマクフィ	1.0	1.0
20260329	中京	11	○	13	ナムラクレア	1.0	1.0
20260329	中京	11	▲	1	パンジャタワー	1.0	1.0
20260329	中京	11	☆	5	ヤマニンアルリフラ	1.0	1.0
20260329	中京	12	◎	5	フィリップ	1.0	1.0
20260329	中京	12	○	11	コーラルクラウン	1.0	1.0
20260329	中京	12	▲	2	チュウワチーフ	1.0	1.0
20260329	中京	12	☆	16	フィーチャリング	1.0	1.0
20260329	中山	1	◎	14	ノーブルスアーク	0.88	0.969
20260329	中山	1	○	1	サラサチャチャチャ	1.0	0.969
20260329	中山	1	▲	7	バイアブランカ	1.0	0.969
20260329	中山	1	☆	10	オルナータス	1.0	0.969
20260329	中山	2	◎	12	エルドラド	1.0	1.0
20260329	中山	2	○	15	ニンジャトットリ	1.0	1.0
20260329	中山	2	▲	1	ユニバーサルラヴ	1.0	1.0
20260329	中山	2	☆	2	リオクリスハーレー	1.0	1.0
20260329	中山	3	◎	7	キチロクゴール	0.86	0.914
20260329	中山	3	○	14	ジェネラスキング	1.0	0.914
20260329	中山	3	▲	5	エタンセル	0.8	0.914
20260329	中山	3	☆	10	ジョイグリーン	1.0	0.914
20260329	中山	4	◎	13	ピースフルマインド	1.0	1.0
20260329	中山	4	○	12	トーセンブリラーレ	1.0	1.0
20260329	中山	4	▲	2	セツナサ	1.0	1.0
20260329	中山	4	☆	8	ベルランコントル	1.0	1.0
20260329	中山	5	◎	8	アイスアイスベイビ	1.0	0.812
20260329	中山	5	○	10	ニシノヒノトリ	0.5	0.812
20260329	中山	5	▲	13	ウインターブレス	0.75	0.812
20260329	中山	5	☆	2	キンググローリー	1.0	0.812
20260329	中山	6	◎	12	フレンドモナコ	1.0	1.0
20260329	中山	6	○	2	プルメリアリノ	1.0	1.0
20260329	中山	6	▲	7	コックピットサイト	1.0	1.0
20260329	中山	6	☆	4	マーガレットクレア	1.0	1.0
20260329	中山	7	◎	14	クールシェルタ	0.86	0.964
20260329	中山	7	○	9	マリンバンカー	1.0	0.964
20260329	中山	7	▲	2	クニノハッピー	1.0	0.964
20260329	中山	7	☆	6	サムワンライクユー	1.0	0.964
20260329	中山	8	◎	7	アイランドピーク	1.0	0.969
20260329	中山	8	○	3	ヘルヴェティオス	0.88	0.969
20260329	中山	8	▲	8	ティピティーナ	1.0	0.969
20260329	中山	8	☆	2	ライヴドライバー	1.0	0.969
20260329	中山	9	◎	7	セットエトワール	1.0	1.0
20260329	中山	9	○	5	ランザワールド	1.0	1.0
20260329	中山	9	▲	2	ドナルンバ	1.0	1.0
20260329	中山	9	☆	3	ベンヴェヌータ	1.0	1.0
20260329	中山	10	◎	14	ブランデーロック	1.0	1.0
20260329	中山	10	○	12	ヴェサリウス	1.0	1.0
20260329	中山	10	▲	13	サトミノキラリ	1.0	1.0
20260329	中山	10	☆	3	アンビバレント	1.0	1.0
20260329	中山	11	◎	4	ブレイクフォース	0.88	0.969
20260329	中山	11	○	9	オメガギネス	1.0	0.969
20260329	中山	11	▲	15	サンデーファンデー	1.0	0.969
20260329	中山	11	☆	11	ペイシャエス	1.0	0.969
20260329	中山	12	◎	10	トーセントラム	1.0	0.972
20260329	中山	12	○	6	ヴィヴァクラウン	1.0	0.972
20260329	中山	12	▲	9	ビービーエフォート	1.0	0.972
20260329	中山	12	☆	7	マリノトニトゥルス	0.89	0.972
20260329	阪神	1	◎	7	トラステッド	1.0	1.0
20260329	阪神	1	○	3	マルベック	1.0	1.0
20260329	阪神	1	▲	12	ウインカトリーヌ	1.0	1.0
20260329	阪神	1	☆	8	ブルーノザビーチ	1.0	1.0
20260329	阪神	2	◎	1	ニシノエビガタメ	1.0	1.0
20260329	阪神	2	○	3	ミスターエメラルド	1.0	1.0
20260329	阪神	2	▲	6	グランシャン	1.0	1.0
20260329	阪神	2	☆	2	ラヴィレット	1.0	1.0
20260329	阪神	3	◎	1	ダンツカレン	1.0	0.938
20260329	阪神	3	○	11	サンライズジョー	0.88	0.938
20260329	阪神	3	▲	4	マーゴットデイズ	0.88	0.938
20260329	阪神	3	☆	13	ナブッコ	1.0	0.938
20260329	阪神	5	◎	2	ルクスユアン	1.0	1.0
20260329	阪神	5	○	5	サイモンシャリオ	1.0	1.0
20260329	阪神	5	▲	7	チェファルー	1.0	1.0
20260329	阪神	5	☆	11	フレアオブセンス	1.0	1.0
20260329	阪神	6	◎	1	カネコメブライト	1.0	1.0
20260329	阪神	6	○	10	モンサンゴールデン	1.0	1.0
20260329	阪神	6	▲	7	カッタッパ	1.0	1.0
20260329	阪神	6	☆	4	ロードヴィゴラス	1.0	1.0
20260329	阪神	7	◎	7	リオンプライム	1.0	1.0
20260329	阪神	7	○	9	ワンコールアウェイ	1.0	1.0
20260329	阪神	7	▲	3	ヴァージル	1.0	1.0
20260329	阪神	7	☆	8	ザカリナン	1.0	1.0
20260329	阪神	8	◎	3	エバーグルーヴ	1.0	0.938
20260329	阪神	8	○	5	ステラクラウン	1.0	0.938
20260329	阪神	8	▲	7	キタサンハナビラ	1.0	0.938
20260329	阪神	8	☆	2	ヨヒーン	0.75	0.938
20260329	阪神	9	◎	7	リアルフォルゴーレ	1.0	1.0
20260329	阪神	9	○	14	テイエムパイロット	1.0	1.0
20260329	阪神	9	▲	1	メイショウオグマ	1.0	1.0
20260329	阪神	9	☆	2	バレンシア	1.0	1.0
20260329	阪神	10	◎	7	アスターブジエ	1.0	1.0
20260329	阪神	10	○	1	コーチェラバレー	1.0	1.0
20260329	阪神	10	▲	8	キングスコール	1.0	1.0
20260329	阪神	10	☆	3	ミッキーゴールド	1.0	1.0
20260329	阪神	11	◎	12	グレイイングリーン	1.0	0.964
20260329	阪神	11	○	6	ベラジオボンド	1.0	0.964
20260329	阪神	11	▲	9	ブルーミンデザイン	1.0	0.964
20260329	阪神	11	☆	8	オニャンコポン	0.86	0.964
20260329	阪神	12	◎	9	ズバットマサムネ	0.75	0.938
20260329	阪神	12	○	5	アスタールフナ	1.0	0.938
20260329	阪神	12	▲	4	ダノンモンテローザ	1.0	0.938
20260329	阪神	12	☆	15	ジャスパーソレイユ	1.0	0.938
20260404	中山	1	◎	7	マメーアップル	1.0	1.0
20260404	中山	1	○	8	カンレイスター	1.0	1.0
20260404	中山	1	▲	5	アドミ	1.0	1.0
20260404	中山	1	☆	3	フェルアフリーゼ	1.0	1.0
20260404	中山	2	◎	9	トーセンアミューズ	1.0	0.969
20260404	中山	2	○	5	アオハルブルース	0.88	0.969
20260404	中山	2	▲	12	アドマイヤウルトラ	1.0	0.969
20260404	中山	2	☆	3	ノーブルジャッカル	1.0	0.969
20260404	中山	3	◎	10	カーボフリオ	1.0	0.927
20260404	中山	3	○	3	クリオロゴールド	0.88	0.927
20260404	中山	3	▲	1	エコロバロン	1.0	0.927
20260404	中山	3	☆	5	ココラッシー	0.83	0.927
20260404	中山	5	◎	6	アリアス	1.0	0.969
20260404	中山	5	○	13	ヤマニンアレシス	0.88	0.969
20260404	中山	5	▲	3	ヴェガリア	1.0	0.969
20260404	中山	5	☆	15	ムーングレイル	1.0	0.969
20260404	中山	6	◎	11	マツリダシリウス	0.88	0.969
20260404	中山	6	○	4	ヴァンデスペランス	1.0	0.969
20260404	中山	6	▲	10	カシマライフウ	1.0	0.969
20260404	中山	6	☆	3	クアッドフォルツァ	1.0	0.969
20260404	中山	7	◎	7	アリスメティーク	1.0	1.0
20260404	中山	7	○	1	マリアイリダータ	1.0	1.0
20260404	中山	7	▲	10	キューティリップ	1.0	1.0
20260404	中山	7	☆	8	パストラーレ	1.0	1.0
20260404	中山	8	◎	2	ロジルーラー	1.0	1.0
20260404	中山	8	○	7	インテルメディオ	1.0	1.0
20260404	中山	8	▲	6	ニシノケンタマン	1.0	1.0
20260404	中山	8	☆	3	ファルコンミノル	1.0	1.0
20260404	中山	9	◎	2	グレーヌドジョワ	1.0	0.958
20260404	中山	9	▲	7	ヨカオウ	1.0	0.958
20260404	中山	9	☆	3	ヤマニンヘルシェ	0.88	0.958
20260404	中山	10	◎	13	セザンワールド	1.0	1.0
20260404	中山	10	○	6	リザードアイランド	1.0	1.0
20260404	中山	10	▲	3	オリーブグリーン	1.0	1.0
20260404	中山	10	☆	9	ニシノブレイゼスト	1.0	1.0
20260404	中山	11	◎	16	サイルーン	1.0	1.0
20260404	中山	11	○	8	ファーヴェント	1.0	1.0
20260404	中山	11	▲	10	ケイアイセナ	1.0	1.0
20260404	中山	11	☆	14	ジュンブロッサム	1.0	1.0
20260404	中山	12	◎	15	ショウナンラリー	1.0	1.0
20260404	中山	12	○	2	ダンケルド	1.0	1.0
20260404	中山	12	▲	1	ホウオウプレミア	1.0	1.0
20260404	中山	12	☆	11	ドナカルナバル	1.0	1.0
20260404	阪神	1	◎	10	シャドウクライ	1.0	0.969
20260404	阪神	1	○	16	ペトリコール	1.0	0.969
20260404	阪神	1	▲	3	ルージュエピック	0.88	0.969
20260404	阪神	1	☆	13	ハッピーリオン	1.0	0.969
20260404	阪神	2	◎	3	アメリカンサクラ	1.0	1.0
20260404	阪神	2	○	15	バトルアックス	1.0	1.0
20260404	阪神	2	▲	14	アニマレイ	1.0	1.0
20260404	阪神	2	☆	10	ジューンレトリバー	1.0	1.0
20260404	阪神	3	◎	12	キャリアハイ	1.0	1.0
20260404	阪神	3	○	13	グリーンゴー	1.0	1.0
20260404	阪神	3	▲	4	ドンテスタマスター	1.0	1.0
20260404	阪神	3	☆	3	テーオータウンズ	1.0	1.0
20260404	阪神	4	◎	8	ティアラティアレ	1.0	1.0
20260404	阪神	4	○	11	アクアアイ	1.0	1.0
20260404	阪神	4	▲	6	マイティキングダム	1.0	1.0
20260404	阪神	4	☆	15	ヴェルメロディ	1.0	1.0
20260404	阪神	5	◎	4	ペプチドアバンス	1.0	0.938
20260404	阪神	5	○	16	ハムタン	0.75	0.938
20260404	阪神	5	▲	6	フォルストランキル	1.0	0.938
20260404	阪神	5	☆	11	ラヴィニール	1.0	0.938
20260404	阪神	6	◎	13	スカイブルー	1.0	1.0
20260404	阪神	6	○	6	タケルハーロック	1.0	1.0
20260404	阪神	6	▲	5	ガビーズブラザー	1.0	1.0
20260404	阪神	6	☆	16	カネコメファミリー	1.0	1.0
20260404	阪神	7	◎	4	エイユーファイヤー	1.0	0.938
20260404	阪神	7	○	5	アークドール	1.0	0.938
20260404	阪神	7	▲	8	ジーティーアメリカ	1.0	0.938
20260404	阪神	7	☆	9	バシリス	0.75	0.938
20260404	阪神	8	◎	5	ミロワール	1.0	1.0
20260404	阪神	8	○	9	サンドロナイト	1.0	1.0
20260404	阪神	8	▲	2	ディアドコス	1.0	1.0
20260404	阪神	8	☆	1	タガノアンファン	1.0	1.0
20260404	阪神	9	◎	7	ヴァロンブローサ	0.88	0.941
20260404	阪神	9	○	2	アーレムアレス	1.0	0.941
20260404	阪神	9	▲	4	ブラックオリンピア	0.89	0.941
20260404	阪神	9	☆	5	サントルドパリ	1.0	0.941
20260404	阪神	10	◎	15	ナイトアクアリウム	1.0	1.0
20260404	阪神	10	○	8	ヤマニンウルス	1.0	1.0
20260404	阪神	10	▲	12	ベルジュロネット	1.0	1.0
20260404	阪神	10	☆	3	スマートサニー	1.0	1.0
20260404	阪神	11	◎	12	サーディンラン	1.0	1.0
20260404	阪神	11	○	8	アンドゥーリル	1.0	1.0
20260404	阪神	11	▲	6	サンダーストラック	1.0	1.0
20260404	阪神	11	☆	5	シーミハットク	1.0	1.0
20260404	阪神	12	◎	12	ワンダーカモン	1.0	0.958
20260404	阪神	12	○	5	ポートデラメール	1.0	0.958
20260404	阪神	12	▲	3	メイケイレイン	1.0	0.958
20260404	阪神	12	☆	9	タマモナポリ	0.83	0.958
20260405	中山	1	◎	4	サーロー	1.0	1.0
20260405	中山	1	○	1	ギンケイ	1.0	1.0
20260405	中山	1	▲	11	エフハリスト	1.0	1.0
20260405	中山	1	☆	13	ゼフィリア	1.0	1.0
20260405	中山	2	◎	3	ハンナパール	0.83	0.944
20260405	中山	2	▲	15	ミスタートントン	1.0	0.944
20260405	中山	2	☆	11	グランマズドリーム	1.0	0.944
20260405	中山	3	◎	2	ブッチギレ	1.0	1.0
20260405	中山	3	○	7	ミスターキャンベラ	1.0	1.0
20260405	中山	3	▲	4	モロノカガヤキ	1.0	1.0
20260405	中山	3	☆	16	モズラストセール	1.0	1.0
20260405	中山	5	◎	13	グレイスルーラー	1.0	0.926
20260405	中山	5	▲	16	ショウナンサイオウ	1.0	0.926
20260405	中山	5	☆	7	タッカーヴァンバン	0.78	0.926
20260405	中山	6	◎	6	ケイツーリーブル	1.0	1.0
20260405	中山	6	○	7	リヒトミューレ	1.0	1.0
20260405	中山	6	▲	2	アレンスター	1.0	1.0
20260405	中山	6	☆	16	ジェイエルモーダル	1.0	1.0
20260405	中山	7	◎	6	ヤマメライズ	0.83	0.958
20260405	中山	7	○	4	ニルマーネル	1.0	0.958
20260405	中山	7	▲	11	ガラベイヤ	1.0	0.958
20260405	中山	7	☆	12	フェーダーローター	1.0	0.958
20260405	中山	8	◎	5	イノキ	1.0	1.0
20260405	中山	8	○	6	トモジャシーマ	1.0	1.0
20260405	中山	8	▲	4	リッキースタイル	1.0	1.0
20260405	中山	8	☆	7	バスターコール	1.0	1.0
20260405	中山	9	◎	8	ダイシンアポロン	1.0	1.0
20260405	中山	9	○	1	オストラヴァ	1.0	1.0
20260405	中山	9	▲	7	イクリール	1.0	1.0
20260405	中山	9	☆	4	ロールザダイス	1.0	1.0
20260405	中山	10	◎	4	クロースコンバット	1.0	1.0
20260405	中山	10	○	7	ウィンドフォール	1.0	1.0
20260405	中山	10	▲	6	タイセイミッション	1.0	1.0
20260405	中山	10	☆	1	グレイテストソング	1.0	1.0
20260405	中山	11	◎	16	アルトゥーム	1.0	1.0
20260405	中山	11	○	14	ジュタ	1.0	1.0
20260405	中山	11	▲	5	スパークリシャール	1.0	1.0
20260405	中山	11	☆	3	ドゥカート	1.0	1.0
20260405	中山	12	◎	8	ロゼル	1.0	0.964
20260405	中山	12	○	12	プリムツァール	0.86	0.964
20260405	中山	12	▲	5	パワースナッチ	1.0	0.964
20260405	中山	12	☆	10	ケイケイ	1.0	0.964
20260405	阪神	1	◎	12	ワンダーアスク	1.0	0.969
20260405	阪神	1	○	1	プリンセスアツコ	0.88	0.969
20260405	阪神	1	▲	6	マリブサーフ	1.0	0.969
20260405	阪神	1	☆	14	メイショウマドンナ	1.0	0.969
20260405	阪神	2	◎	9	キングジェネシス	1.0	1.0
20260405	阪神	2	○	13	タイセイサーブル	1.0	1.0
20260405	阪神	2	▲	4	テイエムスターラン	1.0	1.0
20260405	阪神	2	☆	7	アウトリュコス	1.0	1.0
20260405	阪神	3	◎	14	リアルフォルツァ	1.0	1.0
20260405	阪神	3	○	10	キャッチアシーフ	1.0	1.0
20260405	阪神	3	▲	16	シオミン	1.0	1.0
20260405	阪神	3	☆	8	モズオサキニ	1.0	1.0
20260405	阪神	4	◎	6	レイワノキセキ	1.0	1.0
20260405	阪神	4	○	11	カモンメーン	1.0	1.0
20260405	阪神	4	▲	4	パーヴォ	1.0	1.0
20260405	阪神	4	☆	14	オドワローズ	1.0	1.0
20260405	阪神	5	◎	11	アーサーバローズ	0.88	0.969
20260405	阪神	5	○	12	シルバーレシオ	1.0	0.969
20260405	阪神	5	▲	10	スカイストライプス	1.0	0.969
20260405	阪神	5	☆	6	ドメイン	1.0	0.969
20260405	阪神	6	◎	9	ハルフロンティア	1.0	1.0
20260405	阪神	6	○	4	バニーラビット	1.0	1.0
20260405	阪神	6	▲	8	ドルチェリターン	1.0	1.0
20260405	阪神	6	☆	5	デルシエロ	1.0	1.0
20260405	阪神	7	◎	4	リアド	1.0	1.0
20260405	阪神	7	○	11	アラナコア	1.0	1.0
20260405	阪神	7	▲	2	スーパージョック	1.0	1.0
20260405	阪神	7	☆	1	メイショウオオコ	1.0	1.0
20260405	阪神	8	◎	1	オメガインペリアル	1.0	1.0
20260405	阪神	8	▲	2	ジーティーマン	1.0	1.0
20260405	阪神	8	☆	5	ツーエムクロノス	1.0	1.0
20260405	阪神	9	◎	10	ハグレジョー	1.0	1.0
20260405	阪神	9	○	6	エコロレーヴ	1.0	1.0
20260405	阪神	9	▲	11	メイショウカクウチ	1.0	1.0
20260405	阪神	9	☆	3	ビービークローサー	1.0	1.0
20260405	阪神	10	◎	11	エアミアーニ	1.0	1.0
20260405	阪神	10	○	2	スライビングロード	1.0	1.0
20260405	阪神	10	▲	13	スカイハイ	1.0	1.0
20260405	阪神	10	☆	8	エマヌエーレ	1.0	1.0
20260405	阪神	11	◎	8	エコロヴァルツ	1.0	0.958
20260405	阪神	11	▲	4	ダノンデサイル	1.0	0.958
20260405	阪神	11	☆	11	デビットバローズ	0.88	0.958
20260405	阪神	12	◎	11	ガンウルフ	1.0	0.958
20260405	阪神	12	○	5	ニューオーリンズ	0.88	0.958
20260405	阪神	12	☆	2	サヴォンリンナ	1.0	0.958
20260411	中山	1	◎	12	カスターニエ	1.0	1.0
20260411	中山	1	○	2	アスコットヴェール	1.0	1.0
20260411	中山	1	▲	15	ビーチイン	1.0	1.0
20260411	中山	1	☆	11	キタノローズ	1.0	1.0
20260411	中山	2	◎	4	ラストシャイニー	1.0	1.0
20260411	中山	2	○	5	フェイスリフト	1.0	1.0
20260411	中山	2	▲	14	マジンタクシー	1.0	1.0
20260411	中山	2	☆	9	ラベンダーヘイズ	1.0	1.0
20260411	中山	3	◎	2	ディープマウンテン	1.0	0.95
20260411	中山	3	○	1	アイデアユー	1.0	0.95
20260411	中山	3	▲	5	ネオシューマン	1.0	0.95
20260411	中山	3	☆	9	シンデレラカラー	0.8	0.95
20260411	中山	5	◎	16	ウィズアツインクル	1.0	0.958
20260411	中山	5	○	2	シヴィータス	0.83	0.958
20260411	中山	5	▲	6	アイムイン	1.0	0.958
20260411	中山	5	☆	5	シェリアドレ	1.0	0.958
20260411	中山	6	◎	1	ダンツアラーム	1.0	0.964
20260411	中山	6	○	2	エバーシャンティ	1.0	0.964
20260411	中山	6	▲	17	ピエスユニーク	0.86	0.964
20260411	中山	6	☆	7	ゴコウコイコイ	1.0	0.964
20260411	中山	7	◎	12	ハニーオーケストラ	1.0	1.0
20260411	中山	7	○	9	タカスタカスタカス	1.0	1.0
20260411	中山	7	▲	14	ミルトハーバー	1.0	1.0
20260411	中山	7	☆	2	ビップムーラン	1.0	1.0
20260411	中山	8	◎	16	ディースプレマシー	1.0	0.964
20260411	中山	8	○	14	ルシャルムール	1.0	0.964
20260411	中山	8	▲	7	マリンバンカー	0.86	0.964
20260411	中山	8	☆	15	ムーランブルー	1.0	0.964
20260411	中山	9	◎	7	グランセレスト	1.0	0.964
20260411	中山	9	○	6	チャリングクロス	1.0	0.964
20260411	中山	9	▲	5	コッツォリーノ	0.86	0.964
20260411	中山	9	☆	4	グランアルト	1.0	0.964
20260411	中山	10	◎	3	ジャーヴィス	1.0	1.0
20260411	中山	10	○	2	ワンダラー	1.0	1.0
20260411	中山	10	▲	11	エンヤラヴフェイス	1.0	1.0
20260411	中山	10	☆	7	ショウナンハクウン	1.0	1.0
20260411	中山	11	◎	3	レザベーション	1.0	0.839
20260411	中山	11	○	7	ロデオドライブ	0.86	0.839
20260411	中山	11	▲	11	ゴーラッキー	1.0	0.839
20260411	中山	11	☆	1	ハノハノ	0.5	0.839
20260411	中山	12	◎	7	ボルセーナ	1.0	0.972
20260411	中山	12	○	9	モリノレッドスター	0.89	0.972
20260411	中山	12	▲	4	アスタールフナ	1.0	0.972
20260411	中山	12	☆	6	プレゼンティーア	1.0	0.972
20260411	福島	1	◎	3	レジェルテ	1.0	0.964
20260411	福島	1	○	14	ウインビギニング	1.0	0.964
20260411	福島	1	▲	2	ロケットパンチ	0.86	0.964
20260411	福島	1	☆	4	ベストブラザーズ	1.0	0.964
20260411	福島	2	◎	3	エクスペクタント	0.75	0.856
20260411	福島	2	○	2	ダノンルミエール	0.88	0.856
20260411	福島	2	▲	6	デンプシー	0.8	0.856
20260411	福島	2	☆	11	サンタクローチェ	1.0	0.856
20260411	福島	3	◎	9	スワトウ	1.0	0.917
20260411	福島	3	○	7	ピアス	0.67	0.917
20260411	福島	3	▲	10	ファストフォワード	1.0	0.917
20260411	福島	3	☆	2	エコロディアン	1.0	0.917
20260411	福島	4	◎	14	スマートイデアル	1.0	0.906
20260411	福島	4	○	15	クロカミジョウ	1.0	0.906
20260411	福島	4	▲	6	モズタイシソウシ	0.75	0.906
20260411	福島	4	☆	12	アッチョンブリケ	0.88	0.906
20260411	福島	5	◎	8	ブランニューホーム	1.0	0.941
20260411	福島	5	○	3	アラムシャピラス	0.88	0.941
20260411	福島	5	▲	2	オービタルピリオド	0.89	0.941
20260411	福島	5	☆	12	ルシアージュ	1.0	0.941
20260411	福島	6	◎	12	ローレルエース	1.0	0.969
20260411	福島	6	○	4	フレアオブセンス	1.0	0.969
20260411	福島	6	▲	2	フォーチュンローズ	1.0	0.969
20260411	福島	6	☆	7	マイネルパーロル	0.88	0.969
20260411	福島	7	◎	5	ナインオブレター	0.88	0.941
20260411	福島	7	○	7	ホウオウバローロ	1.0	0.941
20260411	福島	7	▲	12	スコーピオンイメル	0.89	0.941
20260411	福島	7	☆	2	ルージュマローネ	1.0	0.941
20260411	福島	8	◎	7	グッドヴァイブス	1.0	1.0
20260411	福島	8	○	6	グランデスフィーダ	1.0	1.0
20260411	福島	8	▲	16	シャーンゴッセ	1.0	1.0
20260411	福島	8	☆	12	ヒラボクカレラ	1.0	1.0
20260411	福島	9	◎	5	ゼットエイト	0.83	0.958
20260411	福島	9	○	14	ガンバルマン	1.0	0.958
20260411	福島	9	▲	3	フォルテフィオーレ	1.0	0.958
20260411	福島	9	☆	6	エナジーショット	1.0	0.958
20260411	福島	10	◎	15	ラトルシェ	1.0	0.862
20260411	福島	10	○	16	アサクサグレース	0.88	0.862
20260411	福島	10	▲	4	ヴァンヴィーヴ	0.71	0.862
20260411	福島	10	☆	11	アタリダイキチ	0.86	0.862
20260411	福島	11	◎	4	ペプチドソレイユ	0.88	0.969
20260411	福島	11	○	3	コトホドサヨウニ	1.0	0.969
20260411	福島	11	▲	11	スナークラファエロ	1.0	0.969
20260411	福島	11	☆	9	マリアナトレンチ	1.0	0.969
20260411	福島	12	◎	7	ディクシーヴォーグ	1.0	0.917
20260411	福島	12	○	13	サンポーニャ	0.83	0.917
20260411	福島	12	▲	11	マーシーラン	0.83	0.917
20260411	福島	12	☆	8	ライツユーアップ	1.0	0.917
20260411	阪神	1	◎	6	トゥスコラーナ	1.0	0.972
20260411	阪神	1	○	2	ミルボナー	1.0	0.972
20260411	阪神	1	▲	15	プルーフリーディン	0.89	0.972
20260411	阪神	1	☆	16	トライアンドエラー	1.0	0.972
20260411	阪神	2	◎	13	ライフイズカラフル	1.0	0.964
20260411	阪神	2	○	5	ゼロヴィジビリティ	1.0	0.964
20260411	阪神	2	▲	8	ペプチドレオン	0.86	0.964
20260411	阪神	2	☆	1	オウケンブラッド	1.0	0.964
20260411	阪神	3	◎	5	ウインマデイラ	0.71	0.914
20260411	阪神	3	○	3	ジュンドラドラ	1.0	0.914
20260411	阪神	3	▲	11	ジャスティンレビン	0.94	0.914
20260411	阪神	3	☆	1	ハオカノア	1.0	0.914
20260411	阪神	4	◎	11	プロスト	1.0	0.969
20260411	阪神	4	○	8	サトノアグード	1.0	0.969
20260411	阪神	4	▲	6	オリオンブレード	0.88	0.969
20260411	阪神	4	☆	13	メイショウバルキア	1.0	0.969
20260411	阪神	5	◎	10	クラッチスラッガー	1.0	1.0
20260411	阪神	5	○	4	タガノエルー	1.0	1.0
20260411	阪神	5	▲	5	チュウワカーネギー	1.0	1.0
20260411	阪神	5	☆	8	キリオス	1.0	1.0
20260411	阪神	6	◎	6	ミトノリン	0.89	0.889
20260411	阪神	6	○	14	デアヴェローチェ	1.0	0.889
20260411	阪神	6	▲	3	デルマリシリ	1.0	0.889
20260411	阪神	6	☆	10	グッドピース	0.67	0.889
20260411	阪神	7	◎	7	ピコラ	0.67	0.917
20260411	阪神	7	○	5	ハギノコラソン	1.0	0.917
20260411	阪神	7	▲	11	アリストクラシア	1.0	0.917
20260411	阪神	7	☆	9	ヴィーナスバブル	1.0	0.917
20260411	阪神	8	◎	2	ワイドデコラシオン	1.0	0.964
20260411	阪神	8	○	9	モズケイスター	0.86	0.964
20260411	阪神	8	▲	6	エンダードラゴン	1.0	0.964
20260411	阪神	8	☆	4	モーニングコート	1.0	0.964
20260411	阪神	9	◎	5	パンデアスカル	1.0	0.972
20260411	阪神	9	○	4	アロンズロッド	1.0	0.972
20260411	阪神	9	▲	2	アルマデオロ	1.0	0.972
20260411	阪神	9	☆	1	ファームツエンティ	0.89	0.972
20260411	阪神	10	◎	4	マイネルメモリー	1.0	0.972
20260411	阪神	10	○	10	ウィクトルウェルス	0.89	0.972
20260411	阪神	10	▲	6	サンライズソレイユ	1.0	0.972
20260411	阪神	10	☆	3	ボーンディスウェイ	1.0	0.972
20260411	阪神	11	◎	8	カナテープ	0.8	0.863
20260411	阪神	11	○	1	エンブロイダリー	0.88	0.863
20260411	阪神	11	▲	6	アスコリピチェーノ	0.89	0.863
20260411	阪神	11	☆	3	ルージュソリテール	0.89	0.863
20260411	阪神	12	◎	11	クリノオリーブ	1.0	1.0
20260411	阪神	12	○	6	ドンパッショーネ	1.0	1.0
20260411	阪神	12	▲	8	ジャスパーソレイユ	1.0	1.0
20260411	阪神	12	☆	1	ゼンノツキヨミ	1.0	1.0
20260412	中山	1	◎	13	ダイメイミラクル	1.0	1.0
20260412	中山	1	○	9	ロードトライデント	1.0	1.0
20260412	中山	1	▲	6	ニンジャトットリ	1.0	1.0
20260412	中山	1	☆	5	ツァレヴナ	1.0	1.0
20260412	中山	2	◎	7	アイスアンドスノー	1.0	1.0
20260412	中山	2	○	15	ミッキーサウザンド	1.0	1.0
20260412	中山	2	▲	6	アルデキングダム	1.0	1.0
20260412	中山	2	☆	4	オックスアイ	1.0	1.0
20260412	中山	3	◎	1	ロジザボード	1.0	1.0
20260412	中山	3	○	5	トラスティア	1.0	1.0
20260412	中山	3	▲	13	グラスリッキー	1.0	1.0
20260412	中山	3	☆	8	アーデントアイ	1.0	1.0
20260412	中山	5	◎	15	ディアアズール	1.0	1.0
20260412	中山	5	○	17	ダーリンダーリン	1.0	1.0
20260412	中山	5	▲	10	レッドリアライズ	1.0	1.0
20260412	中山	5	☆	8	ティラーノ	1.0	1.0
20260412	中山	6	◎	10	エコロガノン	1.0	0.902
20260412	中山	6	○	7	プレイメイカー	0.86	0.902
20260412	中山	6	▲	8	サイモフェーン	1.0	0.902
20260412	中山	6	☆	2	ベルウッドピース	0.75	0.902
20260412	中山	7	◎	6	ポッドロルフ	1.0	0.972
20260412	中山	7	○	8	ブラックジェダイト	0.89	0.972
20260412	中山	7	▲	1	ガラク	1.0	0.972
20260412	中山	7	☆	15	メイリー	1.0	0.972
20260412	中山	8	◎	4	ヤマニンガラッシア	1.0	0.964
20260412	中山	8	○	6	マイネルフーガ	1.0	0.964
20260412	中山	8	▲	1	ウインシャーガス	1.0	0.964
20260412	中山	8	☆	5	ミーントゥビー	0.86	0.964
20260412	中山	9	◎	3	シゲルカミカゼ	0.92	0.874
20260412	中山	9	○	7	オオタチ	1.0	0.874
20260412	中山	9	▲	1	オーシンハーフ	0.86	0.874
20260412	中山	9	☆	11	キャストロププ	0.71	0.874
20260412	中山	10	◎	10	ボーモンド	1.0	0.964
20260412	中山	10	○	6	インパクトシー	0.86	0.964
20260412	中山	10	▲	9	ヒシアマン	1.0	0.964
20260412	中山	10	☆	7	ストレイトトーカー	1.0	0.964
20260412	中山	11	◎	12	カリボール	1.0	0.956
20260412	中山	11	○	11	ロードフォアエース	1.0	0.956
20260412	中山	11	▲	10	アスクワンタイム	1.0	0.956
20260412	中山	11	☆	4	ジョーメッドヴィン	0.82	0.956
20260412	中山	12	◎	2	ハーモニーソング	0.75	0.902
20260412	中山	12	○	10	シュレン	1.0	0.902
20260412	中山	12	▲	6	ハッピーウィズユー	1.0	0.902
20260412	中山	12	☆	1	シスター	0.86	0.902
20260412	福島	1	◎	6	ベッラモレーン	0.86	0.964
20260412	福島	1	○	11	エアトベーレ	1.0	0.964
20260412	福島	1	▲	1	ホテルストリート	1.0	0.964
20260412	福島	1	☆	9	フィアスゲイル	1.0	0.964
20260412	福島	2	◎	14	ロジスカヤ	1.0	0.964
20260412	福島	2	○	6	リナシタ	1.0	0.964
20260412	福島	2	▲	9	グレイシエーション	1.0	0.964
20260412	福島	2	☆	10	ツルノマイハシ	0.86	0.964
20260412	福島	3	◎	4	ハルイチバン	1.0	0.927
20260412	福島	3	○	11	ジョーカー	1.0	0.927
20260412	福島	3	▲	15	ブルーミーティア	0.88	0.927
20260412	福島	3	☆	9	アデルフィー	0.83	0.927
20260412	福島	4	◎	11	パラフローラ	0.83	0.844
20260412	福島	4	○	16	ルナーファントム	0.88	0.844
20260412	福島	4	▲	3	ブルーハーツ	0.67	0.844
20260412	福島	4	☆	12	ジーティーソレイユ	1.0	0.844
20260412	福島	5	◎	8	キタノタイキ	0.91	0.977
20260412	福島	5	○	1	ワンダーシャッフル	1.0	0.977
20260412	福島	5	▲	14	コスモクラシック	1.0	0.977
20260412	福島	5	☆	3	ワールドブレイヴ	1.0	0.977
20260412	福島	6	◎	3	アンビアンス	1.0	1.0
20260412	福島	6	○	11	コスモイシュタル	1.0	1.0
20260412	福島	6	▲	12	クラウディアイ	1.0	1.0
20260412	福島	6	☆	9	ジェロニモス	1.0	1.0
20260412	福島	7	◎	6	ブライティアブーケ	1.0	0.964
20260412	福島	7	○	13	ブルスカメンテ	0.86	0.964
20260412	福島	7	▲	4	キャットテイル	1.0	0.964
20260412	福島	7	☆	8	フォンデネージュ	1.0	0.964
20260412	福島	8	◎	2	ルクスアドラー	1.0	0.969
20260412	福島	8	○	6	ブライトアゲイン	1.0	0.969
20260412	福島	8	▲	11	タマモブラウンタイ	1.0	0.969
20260412	福島	8	☆	13	ピアストイヤーズ	0.88	0.969
20260412	福島	9	◎	7	イフルジャンス	1.0	1.0
20260412	福島	9	○	12	ローレルオーブ	1.0	1.0
20260412	福島	9	▲	4	テイクザクラウン	1.0	1.0
20260412	福島	9	☆	5	テイキットイージー	1.0	1.0
20260412	福島	10	◎	2	ディーエスショウマ	1.0	0.964
20260412	福島	10	○	3	パールフロント	0.86	0.964
20260412	福島	10	▲	8	イマージョン	1.0	0.964
20260412	福島	10	☆	4	ヒルノピレネー	1.0	0.964
20260412	福島	11	◎	3	トゥデイイズザデイ	1.0	0.972
20260412	福島	11	○	2	ピースワンデュック	0.89	0.972
20260412	福島	11	▲	4	リビアングラス	1.0	0.972
20260412	福島	11	☆	10	ラインベック	1.0	0.972
20260412	福島	12	◎	12	ラッキーベイ	1.0	1.0
20260412	福島	12	○	15	マテンロウカナロア	1.0	1.0
20260412	福島	12	▲	7	レッドベルダンス	1.0	1.0
20260412	福島	12	☆	9	ラッキーヤース	1.0	1.0
20260412	阪神	1	◎	14	オーロアルジェント	1.0	0.927
20260412	阪神	1	○	15	スマッシング	0.83	0.927
20260412	阪神	1	▲	6	ステライヴ	1.0	0.927
20260412	阪神	1	☆	8	アスターエポワス	0.88	0.927
20260412	阪神	2	◎	11	ジュウハチキン	1.0	0.958
20260412	阪神	2	○	12	ピコオーバル	0.83	0.958
20260412	阪神	2	▲	6	メンデレーエフ	1.0	0.958
20260412	阪神	2	☆	15	ガラード	1.0	0.958
20260412	阪神	3	◎	11	ナムラソラン	1.0	1.0
20260412	阪神	3	○	12	クリコファルコン	1.0	1.0
20260412	阪神	3	▲	9	ミスヘンリー	1.0	1.0
20260412	阪神	3	☆	2	ショーライトイヤー	1.0	1.0
20260412	阪神	4	◎	10	エイシンミスリル	0.88	0.906
20260412	阪神	4	○	11	ララファキュルテ	1.0	0.906
20260412	阪神	4	▲	14	ブランヴァンダイク	1.0	0.906
20260412	阪神	4	☆	9	シバノパージャン	0.75	0.906
20260412	阪神	5	◎	3	ハードシングス	1.0	1.0
20260412	阪神	5	○	14	テーオーパーセル	1.0	1.0
20260412	阪神	5	▲	7	ゴールデンバランス	1.0	1.0
20260412	阪神	5	☆	2	カフジクロミエ	1.0	1.0
20260412	阪神	6	◎	1	メイショウクモイ	1.0	1.0
20260412	阪神	6	○	8	ロードアルディート	1.0	1.0
20260412	阪神	6	▲	5	アスクガンバーレ	1.0	1.0
20260412	阪神	6	☆	10	ソニックステップ	1.0	1.0
20260412	阪神	7	◎	4	バガン	0.67	0.867
20260412	阪神	7	○	2	ジャサルディア	1.0	0.867
20260412	阪神	7	▲	10	ロンドボス	0.8	0.867
20260412	阪神	7	☆	1	エルサトアナ	1.0	0.867
20260412	阪神	8	◎	6	スルーザナイト	1.0	1.0
20260412	阪神	8	○	11	サンライズバレット	1.0	1.0
20260412	阪神	8	▲	3	ソウルアンドジャズ	1.0	1.0
20260412	阪神	8	☆	10	ユウトザユウト	1.0	1.0
20260412	阪神	9	◎	11	フルールドール	1.0	1.0
20260412	阪神	9	○	5	ダーリングハースト	1.0	1.0
20260412	阪神	9	▲	6	フォーチュンライド	1.0	1.0
20260412	阪神	9	☆	4	バースデイフライト	1.0	1.0
20260412	阪神	10	◎	11	ソリダリティ	1.0	1.0
20260412	阪神	10	○	8	ヴァリディシームス	1.0	1.0
20260412	阪神	10	▲	10	キングスコール	1.0	1.0
20260412	阪神	10	☆	2	マイネルエニグマ	1.0	1.0
20260412	阪神	11	◎	1	フェスティバルヒル	0.89	0.972
20260412	阪神	11	○	7	アランカール	1.0	0.972
20260412	阪神	11	▲	14	ドリームコア	1.0	0.972
20260412	阪神	11	☆	10	ナムラコスモス	1.0	0.972
20260412	阪神	12	◎	1	ゴールドダイアー	1.0	1.0
20260412	阪神	12	○	13	ペンナヴェローチェ	1.0	1.0
20260412	阪神	12	▲	2	シンビリーブ	1.0	1.0
20260412	阪神	12	☆	7	シャルクハフト	1.0	1.0
20260418	中山	1	◎	3	サドルトウショウ	1.0	1.0
20260418	中山	1	○	15	クアロアランチ	1.0	1.0
20260418	中山	1	▲	4	アドミ	1.0	1.0
20260418	中山	1	☆	14	タイセイスタナー	1.0	1.0
20260418	中山	2	◎	2	フクチャンブラック	1.0	0.914
20260418	中山	2	○	11	ロードステラート	1.0	0.914
20260418	中山	2	▲	6	キセログラフィカ	0.8	0.914
20260418	中山	2	☆	8	ユイノサダハル	0.86	0.914
20260418	中山	3	◎	4	フクノエルデ	1.0	1.0
20260418	中山	3	○	9	メリフルアス	1.0	1.0
20260418	中山	3	▲	11	クリオロゴールド	1.0	1.0
20260418	中山	3	☆	1	クレバーキュート	1.0	1.0
20260418	中山	4	◎	2	コスモアンタレス	1.0	0.937
20260418	中山	4	○	7	ゴールドプレイヤー	0.89	0.937
20260418	中山	4	▲	8	マサッチェハマー	1.0	0.937
20260418	中山	4	☆	3	メディチパワー	0.86	0.937
20260418	中山	5	◎	7	トレニアムーン	1.0	0.938
20260418	中山	5	○	8	ペルウィクトール	0.75	0.938
20260418	中山	5	▲	5	ショウナンバーボン	1.0	0.938
20260418	中山	5	☆	3	キタノアヤカ	1.0	0.938
20260418	中山	6	◎	4	トライアンドエラー	1.0	0.969
20260418	中山	6	○	5	タッセルノット	1.0	0.969
20260418	中山	6	▲	2	ルージュボヤージュ	1.0	0.969
20260418	中山	6	☆	1	ノーザンタイタン	0.88	0.969
20260418	中山	7	◎	5	バニーラビット	1.0	0.964
20260418	中山	7	○	3	トゥルーサクセサー	1.0	0.964
20260418	中山	7	▲	8	サンライズバブル	1.0	0.964
20260418	中山	7	☆	6	クモヒトツナイ	0.86	0.964
20260418	中山	8	◎	6	リボルトバレット	1.0	1.0
20260418	中山	8	○	16	ニヒトツーゼーア	1.0	1.0
20260418	中山	8	▲	12	ダイシンレアレア	1.0	1.0
20260418	中山	8	☆	14	ステイアンビシャス	1.0	1.0
20260418	中山	9	◎	2	ヴェナートル	1.0	1.0
20260418	中山	9	○	4	カウンターセブン	1.0	1.0
20260418	中山	9	▲	1	ワース	1.0	1.0
20260418	中山	9	☆	9	スムースベルベット	1.0	1.0
20260418	中山	10	◎	2	ラフエイジアン	1.0	1.0
20260418	中山	10	○	12	サトミノエンジェル	1.0	1.0
20260418	中山	10	▲	4	ターコイズフリンジ	1.0	1.0
20260418	中山	10	☆	1	クロニクル	1.0	1.0
20260418	中山	12	◎	10	ドナカルナバル	1.0	0.969
20260418	中山	12	○	13	ルイステソーロ	1.0	0.969
20260418	中山	12	▲	5	ホウオウプレミア	0.88	0.969
20260418	中山	12	☆	8	タイセイルヴァン	1.0	0.969
20260418	福島	1	◎	6	エリースノー	1.0	1.0
20260418	福島	1	○	14	メイショウイブキ	1.0	1.0
20260418	福島	1	▲	9	マクアケ	1.0	1.0
20260418	福島	1	☆	2	サンライズロイ	1.0	1.0
20260418	福島	2	◎	13	カドドゥディエ	1.0	1.0
20260418	福島	2	○	4	カルダモン	1.0	1.0
20260418	福島	2	▲	2	アルティマローネ	1.0	1.0
20260418	福島	2	☆	5	キャリアビジョン	1.0	1.0
20260418	福島	3	◎	5	タワーオブバベル	1.0	1.0
20260418	福島	3	○	15	マイネルユーゲント	1.0	1.0
20260418	福島	3	▲	8	ディサイドオンミー	1.0	1.0
20260418	福島	3	☆	13	ニシノタチアナ	1.0	1.0
20260418	福島	4	◎	14	フロムドーン	1.0	0.869
20260418	福島	4	○	5	ホウオウモチーヴ	0.88	0.869
20260418	福島	4	▲	12	エタンセル	0.6	0.869
20260418	福島	4	☆	15	ティナンヴァランタ	1.0	0.869
20260418	福島	5	◎	9	アクティングエリア	1.0	0.964
20260418	福島	5	○	7	ウインマニフィーク	1.0	0.964
20260418	福島	5	▲	8	イーサンミラー	0.86	0.964
20260418	福島	5	☆	13	ジーティーウブラブ	1.0	0.964
20260418	福島	6	◎	3	スノーエルヴァ	1.0	0.972
20260418	福島	6	○	2	ベルトラッキ	1.0	0.972
20260418	福島	6	▲	1	フォーティンブラス	0.89	0.972
20260418	福島	6	☆	10	ゴールデンダガー	1.0	0.972
20260418	福島	7	◎	9	グッバイウェーブ	1.0	0.938
20260418	福島	7	○	8	キャリーグレイス	1.0	0.938
20260418	福島	7	▲	3	ペイシャマリーン	0.75	0.938
20260418	福島	7	☆	6	スカイダイバー	1.0	0.938
20260418	福島	8	◎	15	ロストボール	1.0	0.969
20260418	福島	8	○	8	ハイクオリティ	1.0	0.969
20260418	福島	8	▲	6	メイショウピリカ	0.88	0.969
20260418	福島	8	☆	3	ヤングアメリカンズ	1.0	0.969
20260418	福島	9	◎	5	キンググローリー	1.0	0.929
20260418	福島	9	○	6	マイネルシンベリン	1.0	0.929
20260418	福島	9	▲	1	ロザーンジュ	1.0	0.929
20260418	福島	9	☆	7	オブラプリーマ	0.71	0.929
20260418	福島	10	◎	4	ムーンストラック	1.0	0.944
20260418	福島	10	○	5	スイートオレンジ	1.0	0.944
20260418	福島	10	▲	2	ルールーリマ	1.0	0.944
20260418	福島	10	☆	7	ウアーシュプルング	0.78	0.944
20260418	福島	11	◎	6	アイファーグローブ	1.0	1.0
20260418	福島	11	○	2	モレポブラーノ	1.0	1.0
20260418	福島	11	▲	10	ライフゲート	1.0	1.0
20260418	福島	11	☆	4	サンドオブエテル	1.0	1.0
20260418	福島	12	◎	16	ホリーアン	1.0	1.0
20260418	福島	12	○	5	ベルファスト	1.0	1.0
20260418	福島	12	▲	9	セガンティーニ	1.0	1.0
20260418	福島	12	☆	7	ハルオーブ	1.0	1.0
20260418	阪神	1	◎	14	ローゾフィア	0.83	0.927
20260418	阪神	1	○	6	アグレイビューティ	1.0	0.927
20260418	阪神	1	▲	3	ジーティービキニ	1.0	0.927
20260418	阪神	1	☆	12	ペガサスウィンド	0.88	0.927
20260418	阪神	2	◎	15	ゴッドシュアウイン	1.0	1.0
20260418	阪神	2	○	4	マリリンバローズ	1.0	1.0
20260418	阪神	2	▲	6	グレイトソン	1.0	1.0
20260418	阪神	2	☆	9	セイウンダイフク	1.0	1.0
20260418	阪神	3	◎	10	グランシャン	1.0	0.958
20260418	阪神	3	○	13	アビル	1.0	0.958
20260418	阪神	3	▲	9	フィサブロス	0.83	0.958
20260418	阪神	3	☆	15	ギレイ	1.0	0.958
20260418	阪神	4	◎	7	テイスティング	1.0	0.972
20260418	阪神	4	○	5	ダノンテムズ	1.0	0.972
20260418	阪神	4	▲	6	ランスオブヒーロー	0.89	0.972
20260418	阪神	4	☆	17	ベネディクション	1.0	0.972
20260418	阪神	5	◎	6	エチゴドラゴン	1.0	0.972
20260418	阪神	5	○	3	イベントホライゾン	0.89	0.972
20260418	阪神	5	▲	1	メイショウテンク	1.0	0.972
20260418	阪神	5	☆	4	サトノアイボリー	1.0	0.972
20260418	阪神	6	◎	15	ヴァレンティーニ	1.0	0.938
20260418	阪神	6	○	6	シュネルアンジュ	1.0	0.938
20260418	阪神	6	▲	7	ケイツーリーブル	0.75	0.938
20260418	阪神	6	☆	10	ヴェールミューズ	1.0	0.938
20260418	阪神	7	◎	6	リオンプライム	1.0	1.0
20260418	阪神	7	○	1	ヤエギリ	1.0	1.0
20260418	阪神	7	▲	13	エイヘンハールト	1.0	1.0
20260418	阪神	7	☆	3	ヴァージル	1.0	1.0
20260418	阪神	8	◎	5	ジーティートシオー	1.0	0.923
20260418	阪神	8	○	4	ノラリクラリ	0.83	0.923
20260418	阪神	8	▲	8	ドルチェリターン	1.0	0.923
20260418	阪神	8	☆	3	タイキジパング	0.86	0.923
20260418	阪神	9	◎	7	ワイノナオミ	1.0	0.983
20260418	阪神	9	○	3	メイケイレイン	1.0	0.983
20260418	阪神	9	▲	4	ヨリノレジェンド	0.93	0.983
20260418	阪神	9	☆	6	メイショウタムシバ	1.0	0.983
20260418	阪神	10	◎	9	ハピアーザンエバー	0.89	0.944
20260418	阪神	10	○	4	サーナーティオン	1.0	0.944
20260418	阪神	10	▲	7	ガンマジーティーピ	0.89	0.944
20260418	阪神	10	☆	8	サダメ	1.0	0.944
20260418	阪神	11	◎	14	シュラザック	0.83	0.859
20260418	阪神	11	○	10	ジェイパームス	0.71	0.859
20260418	阪神	11	▲	8	サンデーファンデー	1.0	0.859
20260418	阪神	11	☆	13	メイショウズイウン	0.89	0.859
20260418	阪神	12	◎	2	サンライズジュピタ	0.89	0.917
20260418	阪神	12	○	11	ニホンピロカラット	0.89	0.917
20260418	阪神	12	▲	10	ミヤジマナ	0.89	0.917
20260418	阪神	12	☆	9	フェアリーメドウ	1.0	0.917
20260419	中山	1	◎	10	トランセンコ	0.67	0.917
20260419	中山	1	○	11	マーゴットガイア	1.0	0.917
20260419	中山	1	▲	4	ギンケイ	1.0	0.917
20260419	中山	1	☆	6	ナムラハリス	1.0	0.917
20260419	中山	2	◎	8	ピュアクローム	0.86	0.937
20260419	中山	2	○	6	カンノンミッキー	1.0	0.937
20260419	中山	2	▲	13	ソニックブレイカー	1.0	0.937
20260419	中山	2	☆	10	ディーズメンフィス	0.89	0.937
20260419	中山	3	◎	13	ニシノカーロ	0.83	0.899
20260419	中山	3	○	5	マテンロウアワー	0.88	0.899
20260419	中山	3	▲	8	アンシュウマト	1.0	0.899
20260419	中山	3	☆	2	ガーディアンテイル	0.89	0.899
20260419	中山	4	◎	3	ホープフルワールド	1.0	0.875
20260419	中山	4	○	9	ミナヅキ	1.0	0.875
20260419	中山	4	▲	5	インドミタビリティ	1.0	0.875
20260419	中山	4	☆	13	ヒコボシ	0.5	0.875
20260419	中山	5	◎	4	ヘクセンハウス	0.86	0.933
20260419	中山	5	○	9	グリオンヴール	1.0	0.933
20260419	中山	5	▲	7	マーゴットブロー	0.88	0.933
20260419	中山	5	☆	3	ルージュブリッツ	1.0	0.933
20260419	中山	6	◎	1	ショウナンパトス	0.88	0.969
20260419	中山	6	○	3	イナズマダイモン	1.0	0.969
20260419	中山	6	▲	4	イッテラッシャイ	1.0	0.969
20260419	中山	6	☆	6	ファイタージェット	1.0	0.969
20260419	中山	7	◎	11	プルシャプラ	0.83	0.958
20260419	中山	7	○	7	リッキースタイル	1.0	0.958
20260419	中山	7	▲	2	アツキヤマト	1.0	0.958
20260419	中山	7	☆	3	アースミューズ	1.0	0.958
20260419	中山	8	◎	11	エーオーキング	1.0	0.964
20260419	中山	8	○	1	パースウェイド	0.86	0.964
20260419	中山	8	▲	9	サノノワンダー	1.0	0.964
20260419	中山	8	☆	8	メイショウジェンマ	1.0	0.964
20260419	中山	9	◎	12	エンジェルマーク	1.0	1.0
20260419	中山	9	○	8	ラブリージャブリー	1.0	1.0
20260419	中山	9	▲	2	ボウウィンドウ	1.0	1.0
20260419	中山	9	☆	9	ビターグラッセ	1.0	1.0
20260419	中山	10	◎	5	エスカル	1.0	0.923
20260419	中山	10	○	1	ポッドベイダー	0.86	0.923
20260419	中山	10	▲	14	スマートフォルス	1.0	0.923
20260419	中山	10	☆	9	スリーピース	0.83	0.923
20260419	中山	11	◎	13	アクロフェイズ	1.0	1.0
20260419	中山	11	○	12	グリーンエナジー	1.0	1.0
20260419	中山	11	▲	8	マテンロウゲイル	1.0	1.0
20260419	中山	11	☆	14	ゾロアストロ	1.0	1.0
20260419	中山	12	◎	11	ピンクジン	0.8	0.919
20260419	中山	12	○	15	ウインオーディン	0.88	0.919
20260419	中山	12	▲	17	アロンディ	1.0	0.919
20260419	中山	12	☆	9	リーティアコナル	1.0	0.919
20260419	福島	1	◎	5	オレンジキャンパス	0.89	0.972
20260419	福島	1	○	2	スイーヴル	1.0	0.972
20260419	福島	1	▲	13	ヨドノティアラ	1.0	0.972
20260419	福島	1	☆	8	フレンズプラス	1.0	0.972
20260419	福島	2	◎	11	ノーブルトレジャー	1.0	0.917
20260419	福島	2	○	9	ダノンプレサージュ	1.0	0.917
20260419	福島	2	▲	15	メジロピオラ	0.67	0.917
20260419	福島	2	☆	5	ブリスフルイヤー	1.0	0.917
20260419	福島	3	◎	16	エコロゼット	1.0	1.0
20260419	福島	3	○	8	グラスベルグ	1.0	1.0
20260419	福島	3	▲	7	エグジスタンス	1.0	1.0
20260419	福島	3	☆	6	エクラドット	1.0	1.0
20260419	福島	4	◎	2	トゥルージョワ	0.86	0.964
20260419	福島	4	○	3	サトノワーグナー	1.0	0.964
20260419	福島	4	▲	9	アドフランマム	1.0	0.964
20260419	福島	4	☆	15	ストリートクイーン	1.0	0.964
20260419	福島	5	◎	5	メーテルリンク	1.0	1.0
20260419	福島	5	○	16	コンフィアンサ	1.0	1.0
20260419	福島	5	▲	9	リラベガ	1.0	1.0
20260419	福島	5	☆	6	ミスチヴマリアンヌ	1.0	1.0
20260419	福島	6	◎	4	ナムラブーニン	1.0	0.969
20260419	福島	6	○	8	コスモキャバリエ	1.0	0.969
20260419	福島	6	▲	1	ストレートブラック	1.0	0.969
20260419	福島	6	☆	13	スピンザブラッド	0.88	0.969
20260419	福島	7	◎	9	トラストエムシー	1.0	0.969
20260419	福島	7	○	5	ホウオウタイタン	0.88	0.969
20260419	福島	7	▲	1	マイネルアウルム	1.0	0.969
20260419	福島	7	☆	4	フォーグッド	1.0	0.969
20260419	福島	8	◎	15	ミツカネヴィーナス	1.0	0.972
20260419	福島	8	○	4	ブレイジングスター	0.89	0.972
20260419	福島	8	▲	5	ブラックジジ	1.0	0.972
20260419	福島	8	☆	2	メトロポリターナ	1.0	0.972
20260419	福島	9	◎	6	ラブリーガール	1.0	0.969
20260419	福島	9	○	1	セゾンデフィーユ	0.88	0.969
20260419	福島	9	▲	8	ジェニファー	1.0	0.969
20260419	福島	9	☆	5	デアリングエア	1.0	0.969
20260419	福島	10	◎	8	アンテロース	0.83	0.891
20260419	福島	10	○	13	ドーバーブライト	0.88	0.891
20260419	福島	10	▲	11	ラーシャローム	0.86	0.891
20260419	福島	10	☆	6	ウインマイルート	1.0	0.891
20260419	福島	11	◎	4	アンリーロード	1.0	1.0
20260419	福島	11	○	14	ジョイフルニュース	1.0	1.0
20260419	福島	11	▲	11	ケリフレッドアスク	1.0	1.0
20260419	福島	11	☆	2	フィールシンパシー	1.0	1.0
20260419	福島	12	◎	4	カツノテンス	1.0	1.0
20260419	福島	12	○	9	ミルミナーヴァ	1.0	1.0
20260419	福島	12	▲	3	ジーティームッシュ	1.0	1.0
20260419	福島	12	☆	11	カフジキアッキエレ	1.0	1.0
20260419	阪神	1	◎	13	クリコバロー	1.0	1.0
20260419	阪神	1	○	16	サンセバ	1.0	1.0
20260419	阪神	1	▲	8	コスモブラック	1.0	1.0
20260419	阪神	1	☆	11	ミーサーク	1.0	1.0
20260419	阪神	2	◎	9	ヒメヒオウギ	0.83	0.958
20260419	阪神	2	○	6	カトマンズゴールド	1.0	0.958
20260419	阪神	2	▲	13	クランズクラウン	1.0	0.958
20260419	阪神	2	☆	16	アンフルラージュ	1.0	0.958
20260419	阪神	3	◎	6	ランスオブラヴ	0.86	0.874
20260419	阪神	3	○	10	モズプリフォール	1.0	0.874
20260419	阪神	3	▲	2	ニホンピロローカス	0.89	0.874
20260419	阪神	3	☆	12	ナブッコ	0.75	0.874
20260419	阪神	5	◎	3	ルクスユアン	1.0	0.941
20260419	阪神	5	○	11	オープンザパンドラ	0.89	0.941
20260419	阪神	5	▲	1	ミエノクラウン	1.0	0.941
20260419	阪神	5	☆	7	スクランプシャス	0.88	0.941
20260419	阪神	6	◎	8	エコロレバン	0.83	0.958
20260419	阪神	6	○	1	ゼンノフォトン	1.0	0.958
20260419	阪神	6	▲	3	カッタッパ	1.0	0.958
20260419	阪神	6	☆	9	ベラジオリン	1.0	0.958
20260419	阪神	7	◎	5	マイリトルヒーロー	0.89	0.922
20260419	阪神	7	○	2	アヴィオン	0.8	0.922
20260419	阪神	7	▲	7	ケイアイクウガ	1.0	0.922
20260419	阪神	7	☆	1	ダークマルス	1.0	0.922
20260419	阪神	8	◎	2	レーンアジリティ	1.0	0.964
20260419	阪神	8	○	6	レッドイステル	0.86	0.964
20260419	阪神	8	▲	10	レヴァンテシチー	1.0	0.964
20260419	阪神	8	☆	8	メイショウオグマ	1.0	0.964
20260419	阪神	9	◎	8	タケトンボ	1.0	0.964
20260419	阪神	9	○	6	ヤマニンループ	0.86	0.964
20260419	阪神	9	▲	4	スターリングアップ	1.0	0.964
20260419	阪神	9	☆	9	ズイウンゴサイ	1.0	0.964
20260419	阪神	10	◎	4	ジョディーズマロン	1.0	1.0
20260419	阪神	10	○	3	ゼットエール	1.0	1.0
20260419	阪神	10	▲	10	アンズアメ	1.0	1.0
20260419	阪神	10	☆	2	ロサンゼルス	1.0	1.0
20260419	阪神	11	◎	3	アウフヘーベン	1.0	0.885
20260419	阪神	11	○	4	インヴォーグ	0.67	0.885
20260419	阪神	11	▲	1	ラーンザロープス	0.88	0.885
20260419	阪神	11	☆	5	スイープアワーズ	1.0	0.885
20260419	阪神	12	◎	6	レディゴディヴァ	1.0	1.0
20260419	阪神	12	○	10	ヴァンアグレアブル	1.0	1.0
20260419	阪神	12	▲	7	アンドリーナ	1.0	1.0
20260419	阪神	12	☆	2	プウスカンドゥール	1.0	1.0
20260425	京都	1	◎	11	バケラッタ	1.0	1.0
20260425	京都	1	○	5	セスティーナ	1.0	1.0
20260425	京都	1	▲	2	グランドフィナーレ	1.0	1.0
20260425	京都	1	☆	14	ブーケ	1.0	1.0
20260425	京都	2	◎	10	ライフイズカラフル	0.89	0.91
20260425	京都	2	○	15	ナムラロダン	1.0	0.91
20260425	京都	2	▲	11	モズプリフォール	1.0	0.91
20260425	京都	2	☆	6	シティプロスパー	0.75	0.91
20260425	京都	3	◎	13	メイショウローゼ	1.0	1.0
20260425	京都	3	○	2	ヴィーラー	1.0	1.0
20260425	京都	3	▲	11	ゲフィオン	1.0	1.0
20260425	京都	3	☆	14	デュードロップ	1.0	1.0
20260425	京都	5	◎	7	レイワノキセキ	1.0	1.0
20260425	京都	5	○	9	ビップヴォルフ	1.0	1.0
20260425	京都	5	▲	11	スウィーティーベル	1.0	1.0
20260425	京都	5	☆	6	ロスニーニョス	1.0	1.0
20260425	京都	6	◎	15	クロスボーダー	1.0	1.0
20260425	京都	6	○	2	セルヴァジオ	1.0	1.0
20260425	京都	6	▲	9	クープグラッセ	1.0	1.0
20260425	京都	6	☆	3	メイショウマグナ	1.0	1.0
20260425	京都	7	◎	5	ロードヴェルテクス	1.0	0.969
20260425	京都	7	○	6	ジュンドラドラ	1.0	0.969
20260425	京都	7	▲	9	ケイアイアマゾン	0.88	0.969
20260425	京都	7	☆	1	ルファーダ	1.0	0.969
20260425	京都	8	◎	6	ジャストビート	1.0	0.972
20260425	京都	8	○	4	ブラックシャリマー	0.89	0.972
20260425	京都	8	▲	5	ララファキュルテ	1.0	0.972
20260425	京都	8	☆	1	アイガーリー	1.0	0.972
20260425	京都	9	◎	8	スウィートリワード	1.0	0.964
20260425	京都	9	○	2	モンタルチーノ	0.86	0.964
20260425	京都	9	▲	10	ダガーリング	1.0	0.964
20260425	京都	9	☆	13	イリスアスール	1.0	0.964
20260425	京都	10	◎	4	ピエマンソン	0.67	0.881
20260425	京都	10	○	11	アラレタバシル	0.86	0.881
20260425	京都	10	▲	9	タガノマカシヤ	1.0	0.881
20260425	京都	10	☆	6	ケイアイメキラ	1.0	0.881
20260425	京都	11	◎	3	ペプチドヤマト	0.71	0.884
20260425	京都	11	○	5	メイショウホウレン	0.95	0.884
20260425	京都	11	▲	2	ジュンウィンダム	0.88	0.884
20260425	京都	11	☆	9	カズゴルティス	1.0	0.884
20260425	京都	12	◎	7	サクラオーラ	1.0	1.0
20260425	京都	12	○	2	フェアリーライク	1.0	1.0
20260425	京都	12	▲	3	オデット	1.0	1.0
20260425	京都	12	☆	4	ユメハハテシナク	1.0	1.0
20260425	東京	1	◎	4	ソフィアプルーマ	0.88	0.969
20260425	東京	1	○	12	エリカビアリッツ	1.0	0.969
20260425	東京	1	▲	6	バターショコラ	1.0	0.969
20260425	東京	1	☆	2	ロンドンプライド	1.0	0.969
20260425	東京	2	◎	1	レッドジェルブロワ	1.0	0.958
20260425	東京	2	○	13	ココラッシー	0.83	0.958
20260425	東京	2	▲	5	ヘイスティハート	1.0	0.958
20260425	東京	2	☆	11	マカホウ	1.0	0.958
20260425	東京	3	◎	13	グランフィエスタ	1.0	0.938
20260425	東京	3	○	11	モデレートゲイル	0.88	0.938
20260425	東京	3	▲	4	コスモラムバック	0.88	0.938
20260425	東京	3	☆	5	キタイノホシ	1.0	0.938
20260425	東京	4	◎	9	アルケミラモリス	1.0	0.922
20260425	東京	4	○	12	シニャンガ	1.0	0.922
20260425	東京	4	▲	13	ピースフルマインド	0.89	0.922
20260425	東京	4	☆	2	ペカリーナ	0.8	0.922
20260425	東京	5	◎	12	ニシノマーレ	0.91	0.977
20260425	東京	5	○	6	グランマエストロ	1.0	0.977
20260425	東京	5	▲	11	ダノンケリー	1.0	0.977
20260425	東京	5	☆	9	アリアス	1.0	0.977
20260425	東京	6	◎	1	セントゴーデンス	0.88	0.941
20260425	東京	6	○	10	ビービークローサー	1.0	0.941
20260425	東京	6	▲	8	ザーフィル	0.89	0.941
20260425	東京	6	☆	13	リアライズタキオン	1.0	0.941
20260425	東京	7	◎	9	エイミームーン	1.0	1.0
20260425	東京	7	○	10	ケープウィッカム	1.0	1.0
20260425	東京	7	▲	6	ブルージュ	1.0	1.0
20260425	東京	7	☆	5	メルシージュテーム	1.0	1.0
20260425	東京	8	◎	7	ソニックライン	1.0	0.937
20260425	東京	8	○	6	ツインピークス	0.86	0.937
20260425	東京	8	▲	1	アセンブリールーム	0.89	0.937
20260425	東京	8	☆	2	チャイボーグ	1.0	0.937
20260425	東京	9	◎	8	コスモスプモーニ	1.0	0.969
20260425	東京	9	○	6	ダノンミッション	0.88	0.969
20260425	東京	9	▲	7	ビーオンザカバー	1.0	0.969
20260425	東京	9	☆	3	マイネルフォルツァ	1.0	0.969
20260425	東京	10	◎	12	フウセツ	1.0	1.0
20260425	東京	10	○	4	メイショウハチロー	1.0	1.0
20260425	東京	10	▲	6	トクシーカイザー	1.0	1.0
20260425	東京	10	☆	9	エンセリオ	1.0	1.0
20260425	東京	11	◎	17	シャドウマスター	1.0	1.0
20260425	東京	11	○	15	ノーブルサヴェージ	1.0	1.0
20260425	東京	11	▲	7	タイダルロック	1.0	1.0
20260425	東京	11	☆	8	ラストスマイル	1.0	1.0
20260425	東京	12	◎	1	エーデル	1.0	0.929
20260425	東京	12	○	13	コーカサスゴールド	1.0	0.929
20260425	東京	12	▲	4	キョウエイフロイデ	0.84	0.929
20260425	東京	12	☆	5	タマモカンパネラ	0.88	0.929
20260425	福島	1	◎	7	ノヴェルカフナ	1.0	0.937
20260425	福島	1	○	6	エイシンキーンラン	0.89	0.937
20260425	福島	1	▲	9	ロジマギー	1.0	0.937
20260425	福島	1	☆	13	ピンクカメリア	0.86	0.937
20260425	福島	2	◎	9	ジューンスマッシュ	1.0	0.929
20260425	福島	2	○	4	フクオトコ	1.0	0.929
20260425	福島	2	▲	13	エクスペクタント	1.0	0.929
20260425	福島	2	☆	6	セイウンプーパ	0.71	0.929
20260425	福島	3	◎	2	イバラヒメ	0.8	0.883
20260425	福島	3	○	15	エコロディアン	0.86	0.883
20260425	福島	3	▲	10	ライツェントライゼ	1.0	0.883
20260425	福島	3	☆	5	オウケンサクラコ	0.88	0.883
20260425	福島	4	◎	12	リスペクトライト	0.88	0.969
20260425	福島	4	○	8	ニンジャトットリ	1.0	0.969
20260425	福島	4	▲	3	コウソクルリアン	1.0	0.969
20260425	福島	4	☆	10	ユナダイヤ	1.0	0.969
20260425	福島	5	◎	1	ヴォンサクレ	1.0	0.964
20260425	福島	5	○	11	ブランニューホーム	1.0	0.964
20260425	福島	5	▲	13	ヒロイックヴァース	1.0	0.964
20260425	福島	5	☆	7	ピコブロッサム	0.86	0.964
20260425	福島	6	◎	9	アデルフィー	1.0	0.747
20260425	福島	6	○	14	シンエンドーツダ	0.75	0.747
20260425	福島	6	▲	8	セブンワンダーズ	0.88	0.747
20260425	福島	6	☆	12	プレヒティヒ	0.36	0.747
20260425	福島	7	◎	9	ハッピーサプライズ	0.89	0.931
20260425	福島	7	○	12	セイプリーズ	0.83	0.931
20260425	福島	7	▲	3	キョラムン	1.0	0.931
20260425	福島	7	☆	5	クリノゴッホ	1.0	0.931
20260425	福島	8	◎	9	ヴェラグエリエロ	1.0	0.86
20260425	福島	8	○	2	ルシャルムール	0.86	0.86
20260425	福島	8	▲	10	ココデイック	0.83	0.86
20260425	福島	8	☆	15	ヒラボクヒーロー	0.75	0.86
20260425	福島	9	◎	9	ディヴァインスカイ	1.0	0.919
20260425	福島	9	○	2	ロジケープ	0.8	0.919
20260425	福島	9	▲	14	ハッピーラッキー	0.88	0.919
20260425	福島	9	☆	16	メローネ	1.0	0.919
20260425	福島	10	◎	13	スネーフリンガ	1.0	0.923
20260425	福島	10	○	4	ウィンストン	0.83	0.923
20260425	福島	10	▲	7	ヴァンヴィーヴ	0.86	0.923
20260425	福島	10	☆	9	バシレウスシチー	1.0	0.923
20260425	福島	11	◎	8	プレゼンティーア	0.88	0.95
20260425	福島	11	○	3	キタノソワレ	0.92	0.95
20260425	福島	11	▲	7	ゴールドハンマー	1.0	0.95
20260425	福島	11	☆	9	サザンエルフ	1.0	0.95
20260425	福島	12	◎	13	クイーンズワーフ	1.0	0.798
20260425	福島	12	○	10	ペプロス	0.5	0.798
20260425	福島	12	▲	1	グランセゾン	0.83	0.798
20260425	福島	12	☆	15	リアルセンター	0.86	0.798
20260426	京都	1	◎	11	ニホンピロジニー	0.75	0.938
20260426	京都	1	○	7	アルムアポジェ	1.0	0.938
20260426	京都	1	▲	2	サトノロザリー	1.0	0.938
20260426	京都	1	☆	13	ガルディエンヌ	1.0	0.938
20260426	京都	2	◎	3	エトワールブルー	1.0	0.95
20260426	京都	2	○	14	テイエムスターラン	1.0	0.95
20260426	京都	2	▲	6	レッドフロイデ	1.0	0.95
20260426	京都	2	☆	9	ウィスピア	0.8	0.95
20260426	京都	3	◎	5	マサハヤルージュ	1.0	1.0
20260426	京都	3	○	6	アンジュラフィーユ	1.0	1.0
20260426	京都	3	▲	4	フルムーン	1.0	1.0
20260426	京都	3	☆	1	ドラムメジャー	1.0	1.0
20260426	京都	5	◎	7	バックドラフト	0.86	0.964
20260426	京都	5	○	6	オーマイラッキーン	1.0	0.964
20260426	京都	5	▲	8	ロングホリデー	1.0	0.964
20260426	京都	5	☆	12	バチラ	1.0	0.964
20260426	京都	6	◎	9	ワイズギャング	1.0	0.95
20260426	京都	6	○	10	ステライヴ	0.8	0.95
20260426	京都	6	▲	2	フェスティヴドレス	1.0	0.95
20260426	京都	6	☆	11	ナムラティアラ	1.0	0.95
20260426	京都	7	◎	5	カーメルタザイト	0.88	0.969
20260426	京都	7	○	7	ドーギッド	1.0	0.969
20260426	京都	7	▲	8	ハルフロンティア	1.0	0.969
20260426	京都	7	☆	11	デリュージョン	1.0	0.969
20260426	京都	8	◎	7	ガーデンカメリア	1.0	0.931
20260426	京都	8	○	2	メイショウクモイ	1.0	0.931
20260426	京都	8	▲	11	カンピドリオ	0.83	0.931
20260426	京都	8	☆	14	クレスコドルフィン	0.89	0.931
20260426	京都	9	◎	7	プレイリードリーム	0.89	0.941
20260426	京都	9	○	2	ピックデムッシュ	0.88	0.941
20260426	京都	9	▲	8	アスクコモンタレヴ	1.0	0.941
20260426	京都	9	☆	11	ニュークレド	1.0	0.941
20260426	京都	10	◎	5	イガッチ	1.0	1.0
20260426	京都	10	○	12	アラベラ	1.0	1.0
20260426	京都	10	▲	17	ネブラディスク	1.0	1.0
20260426	京都	10	☆	1	ミッキーツインクル	1.0	1.0
20260426	京都	11	◎	12	ファーヴェント	0.86	0.914
20260426	京都	11	○	16	シックスペンス	0.86	0.914
20260426	京都	11	▲	9	アドマイヤズーム	1.0	0.914
20260426	京都	11	☆	5	ショウナンアデイブ	0.94	0.914
20260426	京都	12	◎	10	ショーダンサー	1.0	0.903
20260426	京都	12	○	2	テイエムパイロット	0.78	0.903
20260426	京都	12	▲	3	アークドール	0.83	0.903
20260426	京都	12	☆	12	ゼンエスポワール	1.0	0.903
20260426	東京	1	◎	14	ティアップシャイン	1.0	1.0
20260426	東京	1	○	7	ベルオーシャン	1.0	1.0
20260426	東京	1	▲	12	ワイルドミュール	1.0	1.0
20260426	東京	1	☆	5	マリノレーヴェ	1.0	1.0
20260426	東京	2	◎	1	キチロクゴール	1.0	1.0
20260426	東京	2	○	9	マナイアカラニ	1.0	1.0
20260426	東京	2	▲	12	サトノフェンサー	1.0	1.0
20260426	東京	2	☆	2	イーガービーバー	1.0	1.0
20260426	東京	3	◎	4	プリンセスダーコ	0.88	0.969
20260426	東京	3	○	16	アニマレイ	1.0	0.969
20260426	東京	3	▲	15	シャインフォーミー	1.0	0.969
20260426	東京	3	☆	9	ヴィスクレス	1.0	0.969
20260426	東京	4	◎	3	アグアフレスカ	1.0	0.917
20260426	東京	4	○	2	ウルフマン	1.0	0.917
20260426	東京	4	▲	6	イブキ	0.67	0.917
20260426	東京	4	☆	8	マーゴットドライ	1.0	0.917
20260426	東京	5	◎	3	ヴレクール	1.0	0.944
20260426	東京	5	○	8	ブラッキッシュ	1.0	0.944
20260426	東京	5	▲	16	ダイユウアレグロ	1.0	0.944
20260426	東京	5	☆	7	ファンシーシェイプ	0.78	0.944
20260426	東京	6	◎	3	グランセレスト	1.0	0.958
20260426	東京	6	○	4	マツリダイコ	0.83	0.958
20260426	東京	6	▲	2	フジガイフウ	1.0	0.958
20260426	東京	6	☆	6	アルデキングダム	1.0	0.958
20260426	東京	7	◎	6	カーマンライン	1.0	1.0
20260426	東京	7	○	14	セブンマイスター	1.0	1.0
20260426	東京	7	▲	9	ウフドゥウフ	1.0	1.0
20260426	東京	7	☆	10	ユーウェイン	1.0	1.0
20260426	東京	8	◎	1	キャッスルレイク	1.0	1.0
20260426	東京	8	○	8	ライツユーアップ	1.0	1.0
20260426	東京	8	▲	10	サクセスカラー	1.0	1.0
20260426	東京	8	☆	6	リュウノタブーク	1.0	1.0
20260426	東京	9	◎	11	レッドアトレーヴ	1.0	0.945
20260426	東京	9	○	1	コートアリシアン	1.0	0.945
20260426	東京	9	▲	5	ヨウシタンレイ	0.92	0.945
20260426	東京	9	☆	14	ハピネスアゲン	0.86	0.945
20260426	東京	10	◎	13	アルムラトゥール	0.88	0.901
20260426	東京	10	○	3	ドンインザムード	1.0	0.901
20260426	東京	10	▲	14	ナイトアクアリウム	1.0	0.901
20260426	東京	10	☆	1	アンシール	0.73	0.901
20260426	東京	11	◎	6	ペンダント	0.8	0.95
20260426	東京	11	○	2	ラベルセーヌ	1.0	0.95
20260426	東京	11	▲	13	エンネ	1.0	0.95
20260426	東京	11	☆	3	サムシングスイート	1.0	0.95
20260426	東京	12	◎	3	リメンバーヒム	1.0	0.972
20260426	東京	12	○	15	スナッピードレッサ	1.0	0.972
20260426	東京	12	▲	11	ベラジオワールド	1.0	0.972
20260426	東京	12	☆	16	プライベートアイズ	0.89	0.972
20260426	福島	1	◎	3	メインテーマ	1.0	0.938
20260426	福島	1	○	1	シェイプオブユー	0.88	0.938
20260426	福島	1	▲	12	モズオウンゴール	0.88	0.938
20260426	福島	1	☆	16	ハミングディスト	1.0	0.938
20260426	福島	2	◎	5	アンデルストープ	0.88	0.875
20260426	福島	2	○	11	モズヴイ	0.75	0.875
20260426	福島	2	▲	15	ダノンルミエール	0.88	0.875
20260426	福島	2	☆	4	ハッピーローヴァー	1.0	0.875
20260426	福島	3	◎	14	ツクバアヴァロン	1.0	1.0
20260426	福島	3	○	10	ジョーカー	1.0	1.0
20260426	福島	3	▲	6	キャッチアシーフ	1.0	1.0
20260426	福島	3	☆	13	エリーニック	1.0	1.0
20260426	福島	4	◎	12	ウッケン	1.0	0.824
20260426	福島	4	○	4	ブルーエ	0.75	0.824
20260426	福島	4	▲	7	カレンデュラ	0.55	0.824
20260426	福島	4	☆	14	バランソワール	1.0	0.824
20260426	福島	5	◎	13	カタカムナ	1.0	0.964
20260426	福島	5	○	8	クシマトゥルー	0.86	0.964
20260426	福島	5	▲	9	ベルランコントル	1.0	0.964
20260426	福島	5	☆	14	エコロラヴァー	1.0	0.964
20260426	福島	6	◎	9	ニシノエピカリ	0.86	0.905
20260426	福島	6	○	10	アスクデッドヒート	0.89	0.905
20260426	福島	6	▲	4	ペネトレイトゴー	0.88	0.905
20260426	福島	6	☆	3	デリシュー	1.0	0.905
20260426	福島	7	◎	3	ザラタン	0.75	0.938
20260426	福島	7	○	11	マタミカンサン	1.0	0.938
20260426	福島	7	▲	12	レイフロレット	1.0	0.938
20260426	福島	7	☆	14	ハイゼンスレイ	1.0	0.938
20260426	福島	8	◎	4	マキシマムドライブ	1.0	0.969
20260426	福島	8	○	15	タマモブラウンタイ	1.0	0.969
20260426	福島	8	▲	14	モルティフレーバー	1.0	0.969
20260426	福島	8	☆	2	ピアストイヤーズ	0.88	0.969
20260426	福島	9	◎	5	ウインボレロ	1.0	1.0
20260426	福島	9	○	11	ミッドセンチュリー	1.0	1.0
20260426	福島	9	▲	12	マイネルアズーロ	1.0	1.0
20260426	福島	9	☆	4	ポッポノフェスタ	1.0	1.0
20260426	福島	10	◎	12	コスモマルーン	1.0	0.937
20260426	福島	10	○	3	セボンサデッセ	0.86	0.937
20260426	福島	10	▲	8	マーウォルス	1.0	0.937
20260426	福島	10	☆	13	カスバートテソーロ	0.89	0.937
20260426	福島	11	◎	6	サウンドモリアーナ	1.0	1.0
20260426	福島	11	○	8	イツモニコニコ	1.0	1.0
20260426	福島	11	▲	14	ナムラローズマリー	1.0	1.0
20260426	福島	11	☆	7	ショウナンハクラク	1.0	1.0
20260426	福島	12	◎	16	ヨドノゴールド	0.92	0.939
20260426	福島	12	○	4	ダイヤモンド	0.83	0.939
20260426	福島	12	▲	2	ケイアイマウンガ	1.0	0.939
20260426	福島	12	☆	8	タッカーバレット	1.0	0.939
20260502	京都	1	◎	7	サンライズロイ	1.0	1.0
20260502	京都	1	○	1	サンシャインビーチ	1.0	1.0
20260502	京都	1	▲	8	グランビスタ	1.0	1.0
20260502	京都	1	☆	3	クリコファルコン	1.0	1.0
20260502	京都	2	◎	1	ビナハイバン	0.83	0.917
20260502	京都	2	○	4	メイショウヒタカミ	1.0	0.917
20260502	京都	2	▲	10	ピコオーバル	0.83	0.917
20260502	京都	2	☆	8	ケンフィールド	1.0	0.917
20260502	京都	3	◎	14	ワンワールド	1.0	0.969
20260502	京都	3	○	7	ベネディクション	0.88	0.969
20260502	京都	3	▲	9	オーロラボレアリス	1.0	0.969
20260502	京都	3	☆	11	サトノカスターニャ	1.0	0.969
20260502	京都	4	◎	11	アラビアンジョイ	1.0	0.958
20260502	京都	4	○	4	タイガーロード	1.0	0.958
20260502	京都	4	▲	3	ジュエルブリス	1.0	0.958
20260502	京都	4	☆	6	リアンマヒナ	0.83	0.958
20260502	京都	5	◎	13	ルクスディグニティ	0.89	0.972
20260502	京都	5	○	1	ダノンワンダー	1.0	0.972
20260502	京都	5	▲	6	ロードスタニング	1.0	0.972
20260502	京都	5	☆	12	スーパービジー	1.0	0.972
20260502	京都	6	◎	5	シゲルオトヒメ	0.86	0.864
20260502	京都	6	○	7	シュドゥン	0.6	0.864
20260502	京都	6	▲	10	マーゴットレジーナ	1.0	0.864
20260502	京都	6	☆	8	アリュールテーラー	1.0	0.864
20260502	京都	7	◎	3	テーオーアンジェラ	1.0	0.938
20260502	京都	7	○	5	ファムマルキーズ	0.88	0.938
20260502	京都	7	▲	7	マイティキングダム	1.0	0.938
20260502	京都	7	☆	2	トライアンフパス	0.88	0.938
20260502	京都	8	◎	13	ルディシャ	0.8	0.894
20260502	京都	8	○	8	ニホンピロカラット	0.89	0.894
20260502	京都	8	▲	4	ウォーターパラディ	0.89	0.894
20260502	京都	8	☆	6	イーサンハンター	1.0	0.894
20260502	京都	9	◎	8	デルマホダカ	1.0	0.972
20260502	京都	9	○	9	レイクラシック	1.0	0.972
20260502	京都	9	▲	1	ロングトールサリー	0.89	0.972
20260502	京都	9	☆	3	ララオウ	1.0	0.972
20260502	京都	10	◎	10	セルヴァンス	1.0	1.0
20260502	京都	10	○	3	メイショウゴールド	1.0	1.0
20260502	京都	10	▲	8	タイセイディアマン	1.0	1.0
20260502	京都	10	☆	11	セールヴォラン	1.0	1.0
20260502	新潟	2	◎	4	スマートコーラル	1.0	0.923
20260502	新潟	2	○	10	マカロンブルー	0.86	0.923
20260502	新潟	2	▲	11	アーティラリー	1.0	0.923
20260502	新潟	2	☆	15	メジロピオラ	0.83	0.923
20260502	新潟	3	◎	14	トゥントゥントゥン	0.67	0.917
20260502	新潟	3	○	6	マリブサーフ	1.0	0.917
20260502	新潟	3	▲	4	ジュディーイメル	1.0	0.917
20260502	新潟	3	☆	7	ゲレイロ	1.0	0.917
20260502	新潟	5	◎	15	ノベンバーベイズ	1.0	0.969
20260502	新潟	5	○	4	ディオレガーロ	1.0	0.969
20260502	新潟	5	▲	9	ヤマニンアレシス	1.0	0.969
20260502	新潟	5	☆	14	ツウキンカイソク	0.88	0.969
20260502	新潟	6	◎	1	ゴールドアベニュー	1.0	0.933
20260502	新潟	6	○	3	マイネルリーヒム	0.88	0.933
20260502	新潟	6	▲	5	プレイザリード	0.86	0.933
20260502	新潟	6	☆	6	ディアアズール	1.0	0.933
20260502	新潟	7	◎	9	ヴィーナスバブル	1.0	1.0
20260502	新潟	7	○	2	ソングコレクター	1.0	1.0
20260502	新潟	7	▲	1	レッドイステル	1.0	1.0
20260502	新潟	7	☆	3	サンディエゴ	1.0	1.0
20260502	新潟	8	◎	4	ニシノヒミチュ	0.86	0.964
20260502	新潟	8	○	3	グレゴリオ	1.0	0.964
20260502	新潟	8	▲	8	ロケベンドラ	1.0	0.964
20260502	新潟	8	☆	12	オーバースタンド	1.0	0.964
20260502	新潟	9	◎	8	タイセイサーブル	1.0	1.0
20260502	新潟	9	○	11	タガノエルー	1.0	1.0
20260502	新潟	9	▲	9	ガムラスタン	1.0	1.0
20260502	新潟	9	☆	10	サムシングニュー	1.0	1.0
20260502	新潟	10	◎	2	ビターグラッセ	1.0	1.0
20260502	新潟	10	○	6	ツルマウカタチ	1.0	1.0
20260502	新潟	10	▲	12	ナイトスラッガー	1.0	1.0
20260502	新潟	10	☆	3	バガン	1.0	1.0
20260502	新潟	11	◎	2	ルージュミラージュ	1.0	1.0
20260502	新潟	11	○	5	クインズショコラ	1.0	1.0
20260502	新潟	11	▲	12	エルフストラック	1.0	1.0
20260502	新潟	11	☆	6	ファリーザ	1.0	1.0
20260502	新潟	12	◎	9	ラヴェンデル	1.0	0.969
20260502	新潟	12	○	8	レジーナローズ	1.0	0.969
20260502	新潟	12	▲	2	フランクスピード	0.88	0.969
20260502	新潟	12	☆	3	ビーグラッド	1.0	0.969
20260502	東京	1	◎	3	アンジュブルー	1.0	1.0
20260502	東京	1	○	2	マーマレードスカイ	1.0	1.0
20260502	東京	1	▲	1	ミエスタ	1.0	1.0
20260502	東京	1	☆	5	ロジザボード	1.0	1.0
20260502	東京	2	◎	13	ウィリーズロック	1.0	1.0
20260502	東京	2	○	5	ウインビギニング	1.0	1.0
20260502	東京	2	▲	9	ユイノスレチガイ	1.0	1.0
20260502	東京	2	☆	12	スチールナイト	1.0	1.0
20260502	東京	3	◎	3	リオンサーガ	1.0	1.0
20260502	東京	3	○	8	クアッドフォルツァ	1.0	1.0
20260502	東京	3	▲	7	ナウオアネヴァー	1.0	1.0
20260502	東京	3	☆	6	ニシノモリミチ	1.0	1.0
20260502	東京	4	◎	7	カキュウ	1.0	1.0
20260502	東京	4	○	10	タイドグラフ	1.0	1.0
20260502	東京	4	▲	6	スワーヴマルス	1.0	1.0
20260502	東京	4	☆	2	サトノスターライト	1.0	1.0
20260502	東京	5	◎	17	ラベンダーヘイズ	1.0	0.964
20260502	東京	5	○	6	レオアジャイル	0.86	0.964
20260502	東京	5	▲	5	シャルトル	1.0	0.964
20260502	東京	5	☆	11	ザバルガド	1.0	0.964
20260502	東京	6	◎	2	チャイボーグ	1.0	0.922
20260502	東京	6	○	6	ノクターン	1.0	0.922
20260502	東京	6	▲	4	オプレントジュエル	0.89	0.922
20260502	東京	6	☆	7	リポサンテ	0.8	0.922
20260502	東京	7	◎	1	キカオクベシ	1.0	1.0
20260502	東京	7	○	15	ドリーミングアップ	1.0	1.0
20260502	東京	7	▲	2	リプレゼント	1.0	1.0
20260502	東京	7	☆	10	ハルノアラシ	1.0	1.0
20260502	東京	8	◎	10	バーケンヘッド	1.0	1.0
20260502	東京	8	○	6	ノラリクラリ	1.0	1.0
20260502	東京	8	▲	2	イクリール	1.0	1.0
20260502	東京	8	☆	5	リトルジャイアンツ	1.0	1.0
20260502	東京	9	◎	11	ノットイナフ	1.0	1.0
20260502	東京	9	○	12	リアライズカミオン	1.0	1.0
20260502	東京	9	▲	2	ギュルヴィ	1.0	1.0
20260502	東京	9	☆	5	ロフティストーリー	1.0	1.0
20260502	東京	10	◎	2	ドナルンバ	1.0	1.0
20260502	東京	10	○	11	カナルサンマルタン	1.0	1.0
20260502	東京	10	▲	7	ラヴィニール	1.0	1.0
20260502	東京	10	☆	6	モートンアイランド	1.0	1.0
20260502	東京	11	◎	5	ワイドラトゥール	0.88	0.969
20260502	東京	11	○	16	ワールズエンド	1.0	0.969
20260502	東京	11	▲	4	シリウスコルト	1.0	0.969
20260502	東京	11	☆	1	レッドシュヴェルト	1.0	0.969
20260502	東京	12	◎	4	マスグラバイト	1.0	0.964
20260502	東京	12	○	2	ヘリオトロープ	0.86	0.964
20260502	東京	12	▲	5	ルヴァレドクール	1.0	0.964
20260502	東京	12	☆	14	レッドダンルース	1.0	0.964
20260509	京都	1	◎	3	マクアケ	1.0	1.0
20260509	京都	1	○	7	ジャーナーリア	1.0	1.0
20260509	京都	1	▲	10	アーガイルショア	1.0	1.0
20260509	京都	1	☆	4	ビービーシナジー	1.0	1.0
20260509	京都	2	◎	12	キタノハイテイル	0.88	0.933
20260509	京都	2	○	4	ワンダーゾルダート	1.0	0.933
20260509	京都	2	▲	5	ココロヅヨサ	1.0	0.933
20260509	京都	2	☆	8	ピエナスマシー	0.86	0.933
20260509	京都	3	◎	5	エクスペクタント	0.88	0.919
20260509	京都	3	○	3	モンシーク	1.0	0.919
20260509	京都	3	▲	16	シャンデリュイーズ	1.0	0.919
20260509	京都	3	☆	14	アルデマン	0.8	0.919
20260509	京都	4	◎	1	テクノピーチ	0.83	0.931
20260509	京都	4	○	2	パンチャマハブータ	0.89	0.931
20260509	京都	4	▲	10	カトマンズゴールド	1.0	0.931
20260509	京都	4	☆	7	ビシェノ	1.0	0.931
20260509	京都	5	◎	4	レッドリガーレ	1.0	0.972
20260509	京都	5	○	6	ラヴリーティアラ	1.0	0.972
20260509	京都	5	▲	1	マイリトルヒーロー	0.89	0.972
20260509	京都	5	☆	8	ナムラヒナギク	1.0	0.972
20260509	京都	6	◎	2	セイウンバジリスク	1.0	1.0
20260509	京都	6	○	7	マメタンク	1.0	1.0
20260509	京都	6	▲	5	ブルーマッキンジー	1.0	1.0
20260509	京都	6	☆	14	ビップムーラン	1.0	1.0
20260509	京都	7	◎	7	ムーンスカイ	1.0	1.0
20260509	京都	7	○	6	ガーデンカメリア	1.0	1.0
20260509	京都	7	▲	11	メイショウコナン	1.0	1.0
20260509	京都	7	☆	4	マハートマーベル	1.0	1.0
20260509	京都	8	◎	14	グディンナ	1.0	0.969
20260509	京都	8	○	4	ヒミノエトワール	0.88	0.969
20260509	京都	8	▲	15	ルクスコスモス	1.0	0.969
20260509	京都	8	☆	9	デュアルロール	1.0	0.969
20260509	京都	9	◎	9	リリーブライト	0.86	0.851
20260509	京都	9	○	11	マルカオペラ	0.83	0.851
20260509	京都	9	▲	3	スナークピカソ	0.71	0.851
20260509	京都	9	☆	5	ツーエムクロノス	1.0	0.851
20260509	京都	10	◎	8	ヴォラヴィア	1.0	0.969
20260509	京都	10	○	2	メディテラニアン	0.88	0.969
20260509	京都	10	▲	5	アオイタケル	1.0	0.969
20260509	京都	10	☆	1	クラヴァンス	1.0	0.969
20260509	京都	11	◎	13	ニホンピロロジャー	0.89	0.972
20260509	京都	11	○	12	キンググローリー	1.0	0.972
20260509	京都	11	▲	5	コンジェスタス	1.0	0.972
20260509	京都	11	☆	4	ティラーノ	1.0	0.972
20260509	京都	12	◎	10	スマートシーカー	1.0	1.0
20260509	京都	12	○	13	サイモンシュバリエ	1.0	1.0
20260509	京都	12	▲	9	メイショウオオコ	1.0	1.0
20260509	京都	12	☆	8	ロードヴォイジャー	1.0	1.0
20260509	新潟	2	◎	9	カズシ	0.67	0.917
20260509	新潟	2	○	3	ベストブラザーズ	1.0	0.917
20260509	新潟	2	▲	8	ロードステラート	1.0	0.917
20260509	新潟	2	☆	2	セブンワンダーズ	1.0	0.917
20260509	新潟	3	◎	7	スターペスアンナ	0.88	0.938
20260509	新潟	3	○	13	プラチナムディスク	1.0	0.938
20260509	新潟	3	▲	3	ラストシャイニー	0.88	0.938
20260509	新潟	3	☆	8	ヴィビーム	1.0	0.938
20260509	新潟	5	◎	11	ニシノシャルム	1.0	1.0
20260509	新潟	5	○	8	ニシノタチアナ	1.0	1.0
20260509	新潟	5	▲	16	マイネルユーゲント	1.0	1.0
20260509	新潟	5	☆	13	フクノアンタレス	1.0	1.0
20260509	新潟	6	◎	8	トンデトンデトンデ	1.0	1.0
20260509	新潟	6	○	9	ウインマニフィーク	1.0	1.0
20260509	新潟	6	▲	13	ダンツウルス	1.0	1.0
20260509	新潟	6	☆	12	ナイトバード	1.0	1.0
20260509	新潟	7	◎	13	リッチハンター	1.0	0.958
20260509	新潟	7	○	8	ソードマスター	1.0	0.958
20260509	新潟	7	▲	12	ピコテンダー	0.83	0.958
20260509	新潟	7	☆	1	ルクスマーベリック	1.0	0.958
20260509	新潟	8	◎	7	メイショウバスク	1.0	1.0
20260509	新潟	8	○	10	ベルフィーヌ	1.0	1.0
20260509	新潟	8	▲	3	ヴァズレーヌ	1.0	1.0
20260509	新潟	8	☆	13	リアンクトワ	1.0	1.0
20260509	新潟	9	◎	1	ホウオウヘッセン	1.0	0.95
20260509	新潟	9	○	4	ツルノマイハシ	1.0	0.95
20260509	新潟	9	▲	12	デンプシー	0.8	0.95
20260509	新潟	9	☆	9	フィオラーノ	1.0	0.95
20260509	新潟	10	◎	12	デビューフライト	1.0	0.933
20260509	新潟	10	○	3	スピンザブラッド	0.88	0.933
20260509	新潟	10	▲	5	トゥルーサクセサー	1.0	0.933
20260509	新潟	10	☆	11	ピティロディア	0.86	0.933
20260509	新潟	11	◎	2	ショウナンラスボス	1.0	0.969
20260509	新潟	11	○	1	パラサイコロジー	0.88	0.969
20260509	新潟	11	▲	5	カウンターセブン	1.0	0.969
20260509	新潟	11	☆	16	シュラフ	1.0	0.969
20260509	新潟	12	◎	5	ロストボール	1.0	1.0
20260509	新潟	12	○	11	ハイクオリティ	1.0	1.0
20260509	新潟	12	▲	8	カレンラップスター	1.0	1.0
20260509	新潟	12	☆	7	キタノブレイク	1.0	1.0
20260509	東京	1	◎	3	ジャガーライズ	1.0	0.933
20260509	東京	1	○	16	フェイスリフト	1.0	0.933
20260509	東京	1	▲	10	アイアムアッパレ	0.93	0.933
20260509	東京	1	☆	7	ノリキング	0.8	0.933
20260509	東京	2	◎	9	エオリアンリッジ	1.0	1.0
20260509	東京	2	○	8	ボクサークラブ	1.0	1.0
20260509	東京	2	▲	3	サクセスゴールド	1.0	1.0
20260509	東京	2	☆	6	ソニックキャット	1.0	1.0
20260509	東京	3	◎	11	ドロワ	1.0	1.0
20260509	東京	3	○	16	サトノワーグナー	1.0	1.0
20260509	東京	3	▲	9	トルネードアイル	1.0	1.0
20260509	東京	3	☆	5	コロッセウム	1.0	1.0
20260509	東京	4	◎	7	ダイナマイトメロン	1.0	0.917
20260509	東京	4	○	10	フォンドルレール	1.0	0.917
20260509	東京	4	▲	6	ガードオブオナー	1.0	0.917
20260509	東京	4	☆	4	ニシノヒノトリ	0.67	0.917
20260509	東京	5	◎	3	モンサンドール	1.0	0.969
20260509	東京	5	○	14	シャインアルプス	0.88	0.969
20260509	東京	5	▲	11	ワディアルリヤハ	1.0	0.969
20260509	東京	5	☆	9	グランマエストロ	1.0	0.969
20260509	東京	6	◎	8	マイネルシンベリン	1.0	0.933
20260509	東京	6	○	1	セイウンラピス	0.86	0.933
20260509	東京	6	▲	11	リッツパーティー	0.88	0.933
20260509	東京	6	☆	12	アメテュストス	1.0	0.933
20260509	東京	7	◎	11	タケルゴールド	1.0	1.0
20260509	東京	7	○	3	タマモトリノ	1.0	1.0
20260509	東京	7	▲	14	ローズマイスター	1.0	1.0
20260509	東京	7	☆	6	カイトヴィント	1.0	1.0
20260509	東京	8	◎	7	チャイボーグ	1.0	0.944
20260509	東京	8	○	6	カリーニョ	1.0	0.944
20260509	東京	8	▲	8	ショウナンマクベス	1.0	0.944
20260509	東京	8	☆	5	ミッドセンチュリー	0.78	0.944
20260509	東京	9	◎	1	ミカッテヨンデイイ	0.89	0.944
20260509	東京	9	○	3	マテンロウブラボー	0.89	0.944
20260509	東京	9	▲	8	アウフヘーベン	1.0	0.944
20260509	東京	9	☆	6	ショーモン	1.0	0.944
20260509	東京	10	◎	4	エコロシード	1.0	1.0
20260509	東京	10	○	10	ドンエレクトス	1.0	1.0
20260509	東京	10	▲	2	マクリール	1.0	1.0
20260509	東京	10	☆	11	ケブランリ	1.0	1.0
20260509	東京	11	◎	12	マイネルモーント	1.0	1.0
20260509	東京	11	○	4	カラマティアノス	1.0	1.0
20260509	東京	11	▲	14	サクラファレル	1.0	1.0
20260509	東京	11	☆	9	マテンロウレオ	1.0	1.0
20260509	東京	12	◎	12	ベルブリエ	1.0	0.969
20260509	東京	12	○	3	モーニングマジック	1.0	0.969
20260509	東京	12	▲	8	ホウショウマリス	1.0	0.969
20260509	東京	12	☆	6	クインズポラリス	0.88	0.969
20260510	京都	1	◎	8	スマイルガーデン	1.0	0.944
20260510	京都	1	○	7	ミルボナー	1.0	0.944
20260510	京都	1	☆	6	ローゾフィア	0.83	0.944
20260510	京都	2	◎	12	ジューンスマッシュ	1.0	1.0
20260510	京都	2	○	5	メリフルアス	1.0	1.0
20260510	京都	2	▲	2	サトノロザリー	1.0	1.0
20260510	京都	2	☆	11	ユナダイヤ	1.0	1.0
20260510	京都	3	◎	12	マテンロウルクス	0.88	0.927
20260510	京都	3	○	1	セスティーナ	1.0	0.927
20260510	京都	3	▲	3	トコトコクマチ	1.0	0.927
20260510	京都	3	☆	11	ハイドパーク	0.83	0.927
20260510	京都	4	◎	14	メイショウローゼ	1.0	0.875
20260510	京都	4	○	16	ビッグヒーロー	1.0	0.875
20260510	京都	4	▲	1	パーシャングレー	0.88	0.875
20260510	京都	4	☆	6	ペアピーターソン	0.62	0.875
20260510	京都	5	◎	4	ファビュラスベガス	1.0	0.927
20260510	京都	5	○	10	ベルアズーロ	0.83	0.927
20260510	京都	5	▲	8	フレアオブセンス	0.88	0.927
20260510	京都	5	☆	7	スリールーディカ	1.0	0.927
20260510	京都	6	◎	4	フェアリーグレン	0.88	0.941
20260510	京都	6	○	3	ロットブラータ	1.0	0.941
20260510	京都	6	▲	6	ニホンピロゴルディ	0.89	0.941
20260510	京都	6	☆	5	レジェンドシップ	1.0	0.941
20260510	京都	7	◎	4	ドウカキミニトドケ	1.0	0.964
20260510	京都	7	○	6	シュネルアンジュ	1.0	0.964
20260510	京都	7	▲	10	ルージュビバーチェ	1.0	0.964
20260510	京都	7	☆	1	ショコラプリン	0.86	0.964
20260510	京都	8	◎	6	ラブカムーン	0.83	0.899
20260510	京都	8	○	8	ブライトアゲイン	0.88	0.899
20260510	京都	8	▲	12	タマモブラウンタイ	0.89	0.899
20260510	京都	8	☆	4	ホウオウドルーリー	1.0	0.899
20260510	京都	9	◎	3	ナムラフッカー	1.0	0.964
20260510	京都	9	○	13	ベトルス	1.0	0.964
20260510	京都	9	▲	5	シュバルツマサムネ	1.0	0.964
20260510	京都	9	☆	10	ウインデイジー	0.86	0.964
20260510	京都	10	◎	3	トラスコンガーデン	1.0	0.958
20260510	京都	10	○	5	スペルーチェ	0.83	0.958
20260510	京都	10	▲	4	タガノアラリア	1.0	0.958
20260510	京都	10	☆	10	アスミル	1.0	0.958
20260510	京都	11	◎	16	テーオーグランビル	1.0	1.0
20260510	京都	11	○	4	テスティモーネ	1.0	1.0
20260510	京都	11	▲	7	ルヴァンユニベール	1.0	1.0
20260510	京都	11	☆	14	ベルウェザー	1.0	1.0
20260510	京都	12	◎	5	ハリウッドブルース	1.0	0.922
20260510	京都	12	○	2	メイショウタムシバ	0.89	0.922
20260510	京都	12	▲	9	クォーツァイト	1.0	0.922
20260510	京都	12	☆	13	ラピダリア	0.8	0.922
20260510	新潟	1	◎	12	アンヌグロース	1.0	0.964
20260510	新潟	1	○	1	ロココ	1.0	0.964
20260510	新潟	1	▲	6	クッカユフラ	1.0	0.964
20260510	新潟	1	☆	8	マスカルポーネ	0.86	0.964
20260510	新潟	2	◎	9	ラインメテオラ	1.0	0.931
20260510	新潟	2	○	4	セイウンヤオヨロズ	0.89	0.931
20260510	新潟	2	▲	14	フェルアフリーゼ	1.0	0.931
20260510	新潟	2	☆	2	エルヴィッタ	0.83	0.931
20260510	新潟	3	◎	11	ヤマタケボニータ	1.0	0.964
20260510	新潟	3	○	12	トップデュオ	1.0	0.964
20260510	新潟	3	▲	5	ノリノドラゴン	0.86	0.964
20260510	新潟	3	☆	6	メイショウイッカク	1.0	0.964
20260510	新潟	5	◎	5	マトリカリア	1.0	0.929
20260510	新潟	5	○	11	ソニックブーム	0.86	0.929
20260510	新潟	5	▲	12	ファストフォワード	1.0	0.929
20260510	新潟	5	☆	8	プロミスライン	0.86	0.929
20260510	新潟	6	◎	11	リアアーテシアン	1.0	0.917
20260510	新潟	6	○	7	コンフィアンサ	1.0	0.917
20260510	新潟	6	▲	10	オタルイーグル	1.0	0.917
20260510	新潟	6	☆	14	イソダ	0.67	0.917
20260510	新潟	7	◎	9	ワイドデコラシオン	1.0	0.926
20260510	新潟	7	○	15	ゴメンネジロー	0.86	0.926
20260510	新潟	7	▲	7	ヨドノゴールド	0.92	0.926
20260510	新潟	7	☆	11	ウインレアリゼ	0.92	0.926
20260510	新潟	8	◎	4	アイアンソリッド	1.0	0.972
20260510	新潟	8	○	2	シスター	1.0	0.972
20260510	新潟	8	▲	5	ハーモニーソング	1.0	0.972
20260510	新潟	8	☆	15	ガーデンプランナー	0.89	0.972
20260510	新潟	9	◎	9	ムーンストラック	1.0	0.972
20260510	新潟	9	○	10	パイオニアスクエア	0.89	0.972
20260510	新潟	9	▲	4	ガンバルマン	1.0	0.972
20260510	新潟	9	☆	8	スイートオレンジ	1.0	0.972
20260510	新潟	10	◎	1	エクストラノート	1.0	1.0
20260510	新潟	10	○	9	メイショウクーガー	1.0	1.0
20260510	新潟	10	▲	7	ケーヴァラ	1.0	1.0
20260510	新潟	10	☆	14	フラッシング	1.0	1.0
20260510	新潟	11	◎	2	ニシノエージェント	1.0	1.0
20260510	新潟	11	○	7	ランフォーヴァウ	1.0	1.0
20260510	新潟	11	▲	11	クランフォード	1.0	1.0
20260510	新潟	11	☆	10	アルセナール	1.0	1.0
20260510	新潟	12	◎	13	セガンティーニ	1.0	1.0
20260510	新潟	12	○	10	ベルファスト	1.0	1.0
20260510	新潟	12	▲	12	ノボリリア	1.0	1.0
20260510	新潟	12	☆	7	ジェニファー	1.0	1.0
20260510	東京	1	◎	15	オニノウタゲ	1.0	0.941
20260510	東京	1	○	16	ユーゲットミー	1.0	0.941
20260510	東京	1	▲	11	レディホークダイヤ	0.89	0.941
20260510	東京	1	☆	3	ゴールドビリーヴ	0.88	0.941
20260510	東京	2	◎	8	ウィザードオブマリ	1.0	1.0
20260510	東京	2	○	2	サクラドール	1.0	1.0
20260510	東京	2	▲	7	フルールサシェ	1.0	1.0
20260510	東京	2	☆	12	ダイユウレゾナンス	1.0	1.0
20260510	東京	3	◎	7	ローズバラード	1.0	0.933
20260510	東京	3	○	10	ウインアプローチ	0.88	0.933
20260510	東京	3	▲	6	アイアンパイク	0.86	0.933
20260510	東京	3	☆	18	ルモンテ	1.0	0.933
20260510	東京	4	◎	13	アルマサーガ	1.0	0.958
20260510	東京	4	○	4	ランブルスコ	0.83	0.958
20260510	東京	4	▲	7	ゴンファロニエーレ	1.0	0.958
20260510	東京	4	☆	10	フキョウワオン	1.0	0.958
20260510	東京	5	◎	4	マッドゲイル	1.0	0.928
20260510	東京	5	○	14	アスクドゥチャンプ	0.89	0.928
20260510	東京	5	▲	5	ミスターキャンベラ	0.95	0.928
20260510	東京	5	☆	12	ケイツーリーブル	0.88	0.928
20260510	東京	6	◎	4	ゴガツノアマノガワ	1.0	1.0
20260510	東京	6	○	10	アセンブリールーム	1.0	1.0
20260510	東京	6	▲	7	グレゴリオ	1.0	1.0
20260510	東京	6	☆	9	ライングッドマン	1.0	1.0
20260510	東京	7	◎	3	トキメキジニア	1.0	0.972
20260510	東京	7	○	13	キミハスコール	1.0	0.972
20260510	東京	7	▲	9	シルフレイ	1.0	0.972
20260510	東京	7	☆	16	レインボーラッキー	0.89	0.972
20260510	東京	8	◎	2	タリエシン	0.8	0.95
20260510	東京	8	○	9	プリティディーヴァ	1.0	0.95
20260510	東京	8	▲	1	ホウオウシェリー	1.0	0.95
20260510	東京	8	☆	3	ツーネサーン	1.0	0.95
20260510	東京	9	◎	2	ヒストリアイ	1.0	0.972
20260510	東京	9	○	3	オオタチ	1.0	0.972
20260510	東京	9	▲	1	インペリアルライン	0.89	0.972
20260510	東京	9	☆	8	タイセイカイザー	1.0	0.972
20260510	東京	10	◎	4	ワイドエンペラー	0.88	0.969
20260510	東京	10	○	8	マイネルケレリウス	1.0	0.969
20260510	東京	10	▲	12	ウエストナウ	1.0	0.969
20260510	東京	10	☆	2	バトルボーン	1.0	0.969
20260510	東京	11	◎	3	オルネーロ	1.0	0.969
20260510	東京	11	○	17	ロデオドライブ	1.0	0.969
20260510	東京	11	▲	4	カヴァレリッツォ	0.88	0.969
20260510	東京	11	☆	6	ジーネキング	1.0	0.969
20260510	東京	12	◎	10	ベルダイナフェロー	1.0	1.0
20260510	東京	12	○	3	セギレエルビエント	1.0	1.0
20260510	東京	12	▲	9	クールブロン	1.0	1.0
20260510	東京	12	☆	1	オンザライン	1.0	1.0
20260516	京都	1	◎	13	セラサイト	1.0	0.938
20260516	京都	1	○	8	プリンセスアツコ	0.88	0.938
20260516	京都	1	▲	12	シャドウルーラー	0.88	0.938
20260516	京都	1	☆	7	シャンパンスター	1.0	0.938
20260516	京都	2	◎	6	ダイメイクマモト	1.0	1.0
20260516	京都	2	○	9	レッドフロイデ	1.0	1.0
20260516	京都	2	▲	8	リリーサンダー	1.0	1.0
20260516	京都	2	☆	5	チアフルラン	1.0	1.0
20260516	京都	3	◎	17	ルナカカオ	1.0	1.0
20260516	京都	3	○	4	アクアアイ	1.0	1.0
20260516	京都	3	▲	11	タワワ	1.0	1.0
20260516	京都	3	☆	16	ルナフィオーレ	1.0	1.0
20260516	京都	4	◎	9	サトノビダーヤ	1.0	0.929
20260516	京都	4	○	7	ナムラヴンダー	0.86	0.929
20260516	京都	4	▲	6	ドンテスタマスター	1.0	0.929
20260516	京都	4	☆	1	ソルトハッピー	0.86	0.929
20260516	京都	5	◎	13	オーケーキュート	1.0	1.0
20260516	京都	5	○	2	ウイルソン	1.0	1.0
20260516	京都	5	▲	5	ロサルゴサ	1.0	1.0
20260516	京都	5	☆	12	ロッサコメータ	1.0	1.0
20260516	京都	6	◎	3	エブライト	1.0	0.92
20260516	京都	6	○	11	カネコメファミリー	1.0	0.92
20260516	京都	6	▲	5	ニホンピロカラット	0.82	0.92
20260516	京都	6	☆	2	バーケンティン	0.86	0.92
20260516	京都	7	◎	7	グロリアスグレイス	1.0	0.95
20260516	京都	7	○	5	パスコード	0.8	0.95
20260516	京都	7	▲	1	シャンパンライフ	1.0	0.95
20260516	京都	7	☆	4	シャーリーゴールド	1.0	0.95
20260516	京都	9	○	1	ミッキージャンプ	0.88	0.917
20260516	京都	9	▲	3	サイモンシャリオ	1.0	0.917
20260516	京都	9	☆	8	ワンダフルデイズ	0.88	0.917
20260516	京都	10	◎	10	タガノマカシヤ	1.0	0.906
20260516	京都	10	○	13	ヒルノハンブルク	0.62	0.906
20260516	京都	10	▲	3	ストップヤーニング	1.0	0.906
20260516	京都	10	☆	5	ゴールドダイアー	1.0	0.906
20260516	京都	11	◎	11	イツモニコニコ	1.0	0.969
20260516	京都	11	○	12	フリッカージャブ	0.88	0.969
20260516	京都	11	▲	3	ディアナザール	1.0	0.969
20260516	京都	11	☆	4	ガロンヌ	1.0	0.969
20260516	京都	12	◎	1	ズバットマサムネ	1.0	0.867
20260516	京都	12	○	14	インディゴアスール	1.0	0.867
20260516	京都	12	☆	3	オコタンペ	0.6	0.867
20260516	新潟	1	◎	2	アルファシーナ	1.0	0.969
20260516	新潟	1	○	8	ストロングボーイ	1.0	0.969
20260516	新潟	1	▲	5	クレセントゼファー	1.0	0.969
20260516	新潟	1	☆	7	クリムゾンリーフ	0.88	0.969
20260516	新潟	2	◎	1	アシャカバッハ	1.0	1.0
20260516	新潟	2	○	14	シュヴァルツシルト	1.0	1.0
20260516	新潟	2	▲	12	ナムラロダン	1.0	1.0
20260516	新潟	2	☆	6	ロードベルファスト	1.0	1.0
20260516	新潟	3	◎	4	ミセスジョーンズ	0.93	0.983
20260516	新潟	3	○	1	ランウェイミューズ	1.0	0.983
20260516	新潟	3	▲	14	ミラキュラスアース	1.0	0.983
20260516	新潟	3	☆	11	ドラリズム	1.0	0.983
20260516	新潟	4	◎	9	ウインプライム	1.0	1.0
20260516	新潟	4	○	11	ボールドタワー	1.0	1.0
20260516	新潟	4	▲	7	メイショウタイザン	1.0	1.0
20260516	新潟	4	☆	8	テリコス	1.0	1.0
20260516	新潟	5	◎	14	レッドリファインド	1.0	0.972
20260516	新潟	5	○	2	ヴェニゼロス	1.0	0.972
20260516	新潟	5	▲	8	シェーネエルデ	1.0	0.972
20260516	新潟	5	☆	12	リメンバーシドニー	0.89	0.972
20260516	新潟	6	◎	8	メーレスブリーゼ	0.88	0.969
20260516	新潟	6	○	13	コンフィアンサ	1.0	0.969
20260516	新潟	6	▲	16	リュウセイコウテイ	1.0	0.969
20260516	新潟	6	☆	11	ジョイアミーア	1.0	0.969
20260516	新潟	7	◎	12	オースミライト	1.0	1.0
20260516	新潟	7	○	1	フルドド	1.0	1.0
20260516	新潟	7	▲	13	アルバニー	1.0	1.0
20260516	新潟	7	☆	4	クインズシャウラ	1.0	1.0
20260516	新潟	8	◎	1	ボーヌロマネ	1.0	0.972
20260516	新潟	8	○	9	ファルコンミノル	1.0	0.972
20260516	新潟	8	▲	3	キングプロフィット	0.89	0.972
20260516	新潟	8	☆	5	ダノンヴェステル	1.0	0.972
20260516	新潟	9	◎	1	リアルセンター	0.86	0.964
20260516	新潟	9	○	12	ルールーリマ	1.0	0.964
20260516	新潟	9	▲	14	キアラメンテ	1.0	0.964
20260516	新潟	9	☆	11	グランツローゼ	1.0	0.964
20260516	新潟	10	◎	2	ブレトワルダ	1.0	1.0
20260516	新潟	10	○	1	アークドール	1.0	1.0
20260516	新潟	10	▲	8	ディアウス	1.0	1.0
20260516	新潟	10	☆	7	プラニスフェリオ	1.0	1.0
20260516	新潟	11	◎	11	バレエマスター	1.0	1.0
20260516	新潟	11	○	6	ドゥラドーレス	1.0	1.0
20260516	新潟	11	▲	3	グランディア	1.0	1.0
20260516	新潟	11	☆	2	ラインベック	1.0	1.0
20260516	新潟	12	◎	1	ラトラース	0.8	0.887
20260516	新潟	12	○	5	ピアストイヤーズ	0.75	0.887
20260516	新潟	12	▲	10	サンタアニタ	1.0	0.887
20260516	新潟	12	☆	11	ワンコールアウェイ	1.0	0.887
20260516	東京	1	◎	14	ムルーデ	1.0	1.0
20260516	東京	1	○	15	フォワードシャッセ	1.0	1.0
20260516	東京	1	▲	1	オーシャンステラ	1.0	1.0
20260516	東京	1	☆	10	カーボフリオ	1.0	1.0
20260516	東京	2	◎	13	ターフクリスタル	1.0	0.9
20260516	東京	2	○	2	ギリーカラム	1.0	0.9
20260516	東京	2	▲	6	マーゴットライズ	1.0	0.9
20260516	東京	2	☆	16	サンタピア	0.6	0.9
20260516	東京	3	◎	6	カフェタンガロア	1.0	0.917
20260516	東京	3	○	8	ココラッシー	0.67	0.917
20260516	東京	3	▲	11	ゲンテン	1.0	0.917
20260516	東京	3	☆	1	メイショウバリスタ	1.0	0.917
20260516	東京	4	◎	1	アニゴザントス	1.0	0.972
20260516	東京	4	○	12	ブライトエアリー	1.0	0.972
20260516	東京	4	▲	8	カンティーナ	1.0	0.972
20260516	東京	4	☆	3	ファンシーシェイプ	0.89	0.972
20260516	東京	5	◎	5	ノーブルクロンヌ	1.0	0.944
20260516	東京	5	○	2	ハニージョー	1.0	0.944
20260516	東京	5	▲	17	エイシンイクサボシ	0.78	0.944
20260516	東京	5	☆	10	エラルディーク	1.0	0.944
20260516	東京	6	◎	3	マジョレルブルー	1.0	0.933
20260516	東京	6	○	8	ブラウンバナナ	0.86	0.933
20260516	東京	6	▲	1	パッセージピーク	0.88	0.933
20260516	東京	6	☆	4	イブキ	1.0	0.933
20260516	東京	7	◎	16	ドナソール	1.0	1.0
20260516	東京	7	○	4	エアサロメ	1.0	1.0
20260516	東京	7	▲	9	ショーリバース	1.0	1.0
20260516	東京	7	☆	5	マーガレットクレア	1.0	1.0
20260516	東京	8	◎	6	ヴェーヌドール	0.86	0.937
20260516	東京	8	○	2	ドリーミングアップ	1.0	0.937
20260516	東京	8	▲	15	ハクシンブライアン	0.89	0.937
20260516	東京	8	☆	11	ファンタイムギフト	1.0	0.937
20260516	東京	9	◎	4	レッセパッセ	1.0	0.964
20260516	東京	9	○	3	シャンソンドール	1.0	0.964
20260516	東京	9	▲	5	ミーントゥビー	0.86	0.964
20260516	東京	9	☆	7	ヴォンフレ	1.0	0.964
20260516	東京	10	◎	1	プライベートアイズ	0.89	0.972
20260516	東京	10	○	8	メリディアンスター	1.0	0.972
20260516	東京	10	▲	6	ベラジオワールド	1.0	0.972
20260516	東京	10	☆	5	モリノアミーゴ	1.0	0.972
20260516	東京	11	◎	15	ホウオウアートマン	1.0	0.964
20260516	東京	11	○	2	バレンタインガール	1.0	0.964
20260516	東京	11	▲	6	トリプルコーク	0.86	0.964
20260516	東京	11	☆	1	リンフレスカンテ	1.0	0.964
20260516	東京	12	◎	13	キカオクベシ	0.83	0.958
20260516	東京	12	○	9	ケープウィッカム	1.0	0.958
20260516	東京	12	▲	4	チギリ	1.0	0.958
20260516	東京	12	☆	8	ノーブルノワール	1.0	0.958
20260517	京都	1	◎	13	ノーブルクインダム	1.0	0.969
20260517	京都	1	○	3	マカロンブルー	1.0	0.969
20260517	京都	1	▲	8	ルージュエピック	0.88	0.969
20260517	京都	1	☆	1	ミリオンアップ	1.0	0.969
20260517	京都	2	◎	6	ハクアイタワー	1.0	1.0
20260517	京都	2	○	12	ラッキーヴォーグ	1.0	1.0
20260517	京都	2	▲	1	マクアケ	1.0	1.0
20260517	京都	2	☆	15	イコミキマル	1.0	1.0
20260517	京都	3	◎	1	クリコバロー	1.0	0.922
20260517	京都	3	○	4	ウィムーヴ	0.8	0.922
20260517	京都	3	▲	8	キタノトレボーネ	1.0	0.922
20260517	京都	3	☆	7	マテンロウプリンス	0.89	0.922
20260517	京都	4	◎	8	カステッロトゥーレ	0.89	0.972
20260517	京都	4	○	3	アロハ	1.0	0.972
20260517	京都	4	▲	17	フレッチャアズーラ	1.0	0.972
20260517	京都	4	☆	10	アスコットダンス	1.0	0.972
20260517	京都	5	◎	4	トンデトンデトンデ	1.0	0.938
20260517	京都	5	○	2	ウインラファーガ	0.88	0.938
20260517	京都	5	▲	9	ライツェントライゼ	1.0	0.938
20260517	京都	5	☆	3	エンジェルボイス	0.88	0.938
20260517	京都	6	◎	1	バケラッタ	1.0	0.964
20260517	京都	6	○	6	システマソラー	0.86	0.964
20260517	京都	6	▲	7	テスタヴェローチェ	1.0	0.964
20260517	京都	6	☆	4	チェリヴェント	1.0	0.964
20260517	京都	7	◎	5	ボナペティアスク	0.88	0.969
20260517	京都	7	○	4	デリュージョン	1.0	0.969
20260517	京都	7	▲	3	ラブカ	1.0	0.969
20260517	京都	7	☆	6	メイショウアゴナス	1.0	0.969
20260517	京都	8	◎	8	ブルーワール	1.0	0.933
20260517	京都	8	○	7	ジョータルマエ	0.86	0.933
20260517	京都	8	▲	3	ゴッドエスパーダ	0.88	0.933
20260517	京都	8	☆	6	ワイドクリーガー	1.0	0.933
20260517	京都	9	◎	10	ビップチェイス	1.0	1.0
20260517	京都	9	○	6	アスクデッドヒート	1.0	1.0
20260517	京都	9	▲	1	サトノソティラス	1.0	1.0
20260517	京都	9	☆	8	メイショウアイル	1.0	1.0
20260517	京都	10	◎	11	プッシュオン	0.83	0.958
20260517	京都	10	○	10	インヴォーグ	1.0	0.958
20260517	京都	10	▲	1	セブンマジシャン	1.0	0.958
20260517	京都	10	☆	2	ジェットマグナム	1.0	0.958
20260517	京都	11	◎	8	スリーピース	0.83	0.923
20260517	京都	11	○	1	インユアパレス	0.86	0.923
20260517	京都	11	▲	13	ジャスティンアース	1.0	0.923
20260517	京都	11	☆	15	レアンダー	1.0	0.923
20260517	京都	12	◎	12	カリーシ	0.75	0.844
20260517	京都	12	○	5	ダノンブランニュー	0.62	0.844
20260517	京都	12	▲	7	タガノアンファン	1.0	0.844
20260517	京都	12	☆	13	アムールリーベ	1.0	0.844
20260517	新潟	2	◎	2	パイザナンバー	0.86	0.864
20260517	新潟	2	○	6	エタンセル	0.6	0.864
20260517	新潟	2	▲	7	アデルフィー	1.0	0.864
20260517	新潟	2	☆	1	ナウオアネヴァー	1.0	0.864
20260517	新潟	3	◎	13	ライブリピュア	0.86	0.964
20260517	新潟	3	○	6	マリリンバローズ	1.0	0.964
20260517	新潟	3	▲	12	エコロセレナ	1.0	0.964
20260517	新潟	3	☆	10	マジンタクシー	1.0	0.964
20260517	新潟	5	◎	14	スカーレットジーン	1.0	0.964
20260517	新潟	5	○	1	ウインポーシャ	0.86	0.964
20260517	新潟	5	▲	13	レゼルフォート	1.0	0.964
20260517	新潟	5	☆	4	ラップトップ	1.0	0.964
20260517	新潟	6	◎	7	トランセンコ	1.0	1.0
20260517	新潟	6	○	8	ライトオブジアース	1.0	1.0
20260517	新潟	6	▲	2	エコロラヴァー	1.0	1.0
20260517	新潟	6	☆	11	ノーブルスアーク	1.0	1.0
20260517	新潟	7	◎	4	コスモアチーブ	1.0	1.0
20260517	新潟	7	○	12	ダノンアトラス	1.0	1.0
20260517	新潟	7	▲	1	マイネルアウルム	1.0	1.0
20260517	新潟	7	☆	10	ディーンズリスター	1.0	1.0
20260517	新潟	8	◎	6	アイファーファイト	1.0	0.958
20260517	新潟	8	○	2	ココデイック	0.83	0.958
20260517	新潟	8	▲	10	ゴルデールスカー	1.0	0.958
20260517	新潟	8	☆	7	ダノンアンチュラス	1.0	0.958
20260517	新潟	9	◎	5	オオゾラヒバリ	0.71	0.929
20260517	新潟	9	○	15	ダノンゴーイチ	1.0	0.929
20260517	新潟	9	▲	8	ブラックティンカー	1.0	0.929
20260517	新潟	9	☆	16	ミエノブラボー	1.0	0.929
20260517	新潟	10	◎	7	ワザモノ	1.0	0.985
20260517	新潟	10	○	14	マリアイリダータ	1.0	0.985
20260517	新潟	10	▲	9	クロシェットノエル	0.94	0.985
20260517	新潟	10	☆	2	バードウォッチャー	1.0	0.985
20260517	新潟	11	◎	2	キントリヒ	0.6	0.864
20260517	新潟	11	○	6	エストゥペンダ	0.86	0.864
20260517	新潟	11	▲	7	マイエレメント	1.0	0.864
20260517	新潟	11	☆	15	ガジュノリ	1.0	0.864
20260517	新潟	12	◎	2	ビアフォーナウ	1.0	0.938
20260517	新潟	12	○	3	バシリス	0.75	0.938
20260517	新潟	12	▲	5	ジーティームッシュ	1.0	0.938
20260517	新潟	12	☆	7	エルムラント	1.0	0.938
20260517	東京	1	◎	14	スミレノハナ	1.0	0.985
20260517	東京	1	○	2	ミライヘノティアラ	0.94	0.985
20260517	東京	1	▲	12	キミガハマ	1.0	0.985
20260517	東京	1	☆	13	ビレッジルイーザ	1.0	0.985
20260517	東京	2	◎	4	エルアン	1.0	1.0
20260517	東京	2	○	5	マナイアカラニ	1.0	1.0
20260517	東京	2	▲	14	デスサイズ	1.0	1.0
20260517	東京	2	☆	9	キタノシオン	1.0	1.0
20260517	東京	3	◎	9	ネイティヴプライド	0.89	0.93
20260517	東京	3	○	8	アイスアイスベイビ	0.94	0.93
20260517	東京	3	▲	4	エクストラプッシュ	0.89	0.93
20260517	東京	3	☆	7	アイムスティルミー	1.0	0.93
20260517	東京	4	◎	4	ニシノマルガリート	1.0	1.0
20260517	東京	4	○	9	イニスフェイル	1.0	1.0
20260517	東京	4	☆	17	グランフルス	1.0	1.0
20260517	東京	5	◎	5	ウルフマン	1.0	1.0
20260517	東京	5	○	11	ショウナンマルチ	1.0	1.0
20260517	東京	5	▲	10	レッドブライトン	1.0	1.0
20260517	東京	5	☆	1	ゴールデンダガー	1.0	1.0
20260517	東京	6	◎	8	オウケンサクラコ	1.0	0.964
20260517	東京	6	○	1	ヴンダーバール	1.0	0.964
20260517	東京	6	▲	5	バルボアパーク	0.86	0.964
20260517	東京	6	☆	2	フィアーブル	1.0	0.964
20260517	東京	7	◎	7	リアライズリバティ	1.0	1.0
20260517	東京	7	○	1	サトノマティーニ	1.0	1.0
20260517	東京	7	▲	5	ヴァロアーク	1.0	1.0
20260517	東京	7	☆	4	ブルースカイブルー	1.0	1.0
20260517	東京	8	◎	3	ドルビナ	1.0	0.91
20260517	東京	8	○	4	ペプロス	0.75	0.91
20260517	東京	8	▲	9	ホウオウペトリュス	0.89	0.91
20260517	東京	8	☆	1	アドミラルシップ	1.0	0.91
20260517	東京	9	◎	6	リュウノタブーク	1.0	1.0
20260517	東京	9	○	12	エルマーゴ	1.0	1.0
20260517	東京	9	▲	4	ジーティーマン	1.0	1.0
20260517	東京	9	☆	2	ケイケイ	1.0	1.0
20260517	東京	10	◎	13	トラヴェリンバンド	1.0	0.972
20260517	東京	10	○	1	グロスビーク	1.0	0.972
20260517	東京	10	▲	4	キョウエイカンセ	1.0	0.972
20260517	東京	10	☆	8	キングツェッペリン	0.89	0.972
20260517	東京	11	◎	11	ボンドガール	1.0	1.0
20260517	東京	11	○	18	チェルヴィニア	1.0	1.0
20260517	東京	11	▲	16	ニシノティアモ	1.0	1.0
20260517	東京	11	☆	9	ココナッツブラウン	1.0	1.0
20260517	東京	12	◎	16	テリフィックプラン	1.0	1.0
20260517	東京	12	○	13	メイケイレイン	1.0	1.0
20260517	東京	12	▲	3	コーラルクラウン	1.0	1.0
20260517	東京	12	☆	5	フウセツ	1.0	1.0
20260523	京都	1	◎	6	シャインゴーツ	1.0	1.0
20260523	京都	1	○	3	メリフルアス	1.0	1.0
20260523	京都	1	▲	16	ラッキーヴォーグ	1.0	1.0
20260523	京都	1	☆	1	カーリキュー	1.0	1.0
20260523	京都	2	◎	1	クレセントゼファー	0.89	0.972
20260523	京都	2	○	3	メイショウコシュウ	1.0	0.972
20260523	京都	2	▲	11	ロードステラート	1.0	0.972
20260523	京都	2	☆	9	フォーオール	1.0	0.972
20260523	京都	3	◎	5	レガリアーナ	1.0	1.0
20260523	京都	3	○	11	スッサンエア	1.0	1.0
20260523	京都	3	▲	9	フルムーン	1.0	1.0
20260523	京都	3	☆	10	ジューンオアシス	1.0	1.0
20260523	京都	4	◎	12	ラヴィングチャンプ	0.89	0.972
20260523	京都	4	○	11	インフィオラータ	1.0	0.972
20260523	京都	4	▲	8	テンダーワーズ	1.0	0.972
20260523	京都	4	☆	7	ファビュラスベガス	1.0	0.972
20260523	京都	5	◎	10	パンチャマハブータ	0.89	0.937
20260523	京都	5	○	1	カデナボニータ	1.0	0.937
20260523	京都	5	▲	6	ペガサスジルシ	0.86	0.937
20260523	京都	5	☆	8	スウィーティーベル	1.0	0.937
20260523	京都	6	◎	11	ジャンヌドゥレーヴ	0.89	0.972
20260523	京都	6	○	3	シオンダンサー	1.0	0.972
20260523	京都	6	▲	7	ソウルオンファイア	1.0	0.972
20260523	京都	6	☆	10	キーンセンス	1.0	0.972
20260523	京都	7	◎	14	ロックウイズユー	1.0	0.964
20260523	京都	7	○	1	ロケベンドラ	1.0	0.964
20260523	京都	7	▲	5	ポイントネモ	1.0	0.964
20260523	京都	7	☆	13	シゲルオトヒメ	0.86	0.964
20260523	京都	8	◎	1	チャイボーグ	1.0	1.0
20260523	京都	8	○	10	マディソンガール	1.0	1.0
20260523	京都	8	▲	15	ウインリベラシオン	1.0	1.0
20260523	京都	8	☆	9	ハルフロンティア	1.0	1.0
20260523	京都	9	◎	11	ナムラヒナギク	0.86	0.923
20260523	京都	9	○	8	ペイシャシス	0.83	0.923
20260523	京都	9	▲	5	リアンマヒナ	1.0	0.923
20260523	京都	9	☆	10	ナルキッソス	1.0	0.923
20260523	京都	10	◎	1	ハニーコム	1.0	0.969
20260523	京都	10	○	14	マトラコーニッシュ	1.0	0.969
20260523	京都	10	▲	2	ラブリージャブリー	1.0	0.969
20260523	京都	10	☆	16	キーパフォーマー	0.88	0.969
20260523	京都	11	○	3	リアライズカミオン	1.0	1.0
20260523	京都	11	▲	15	ナルカミ	1.0	1.0
20260523	京都	11	☆	14	ロードクロンヌ	1.0	1.0
20260523	京都	12	◎	3	ズバットマサムネ	0.88	0.938
20260523	京都	12	○	4	ヨリノレジェンド	0.88	0.938
20260523	京都	12	▲	6	ダノンキラウェア	1.0	0.938
20260523	京都	12	☆	7	マイティマイティー	1.0	0.938
20260523	新潟	2	◎	11	エリザベスタウン	1.0	0.944
20260523	新潟	2	○	5	エレーデサンライズ	1.0	0.944
20260523	新潟	2	▲	8	ラミアスペランツァ	0.78	0.944
20260523	新潟	2	☆	2	スマートコーラル	1.0	0.944
20260523	新潟	3	◎	15	マイベスティー	1.0	1.0
20260523	新潟	3	○	11	ジャーナーリア	1.0	1.0
20260523	新潟	3	▲	8	クリコファルコン	1.0	1.0
20260523	新潟	3	☆	12	アイアンナックル	1.0	1.0
20260523	新潟	5	◎	12	ニシノマーレ	1.0	0.958
20260523	新潟	5	○	7	パトローナス	0.83	0.958
20260523	新潟	5	▲	1	ダノンルミエール	1.0	0.958
20260523	新潟	5	☆	3	ミスターマーボー	1.0	0.958
20260523	新潟	6	◎	15	エトワールブルー	1.0	0.847
20260523	新潟	6	○	5	キープシャイニング	0.89	0.847
20260523	新潟	6	▲	3	ピエナオルカ	0.83	0.847
20260523	新潟	6	☆	13	マシン	0.67	0.847
20260523	新潟	7	◎	2	ウィズアバウンス	1.0	0.938
20260523	新潟	7	○	5	パーヴォ	0.75	0.938
20260523	新潟	7	▲	3	ゾネブルーム	1.0	0.938
20260523	新潟	7	☆	16	ゴコウコイコイ	1.0	0.938
20260523	新潟	8	◎	4	キタノマーシャル	1.0	1.0
20260523	新潟	8	○	1	マタミカンサン	1.0	1.0
20260523	新潟	8	▲	15	ハギノコラソン	1.0	1.0
20260523	新潟	8	☆	6	ツァガーンサル	1.0	1.0
20260523	新潟	9	◎	4	カシノリアーナ	1.0	1.0
20260523	新潟	9	○	16	カレンデュラ	1.0	1.0
20260523	新潟	9	▲	10	ダブルチャレンジ	1.0	1.0
20260523	新潟	9	☆	9	ミヤフロント	1.0	1.0
20260523	新潟	10	◎	3	エコログロス	1.0	1.0
20260523	新潟	10	○	2	トゥルーサクセサー	1.0	1.0
20260523	新潟	10	▲	9	マイネルアズーロ	1.0	1.0
20260523	新潟	10	☆	8	ミッドセンチュリー	1.0	1.0
20260523	新潟	11	◎	11	ラトルシェ	1.0	0.969
20260523	新潟	11	○	4	ヴァンヴィーヴ	1.0	0.969
20260523	新潟	11	▲	2	パルティクラール	0.88	0.969
20260523	新潟	11	☆	13	ハニーローリエ	1.0	0.969
20260523	新潟	12	◎	14	アメリカンランナー	1.0	0.944
20260523	新潟	12	○	2	ダイヤモンド	1.0	0.944
20260523	新潟	12	▲	7	エテオクロス	1.0	0.944
20260523	新潟	12	☆	1	ペルフェツィオーネ	0.78	0.944
20260523	東京	1	◎	9	アンジュレーヌ	1.0	0.933
20260523	東京	1	○	14	アイアンパイク	0.86	0.933
20260523	東京	1	▲	1	エイシンキーンラン	1.0	0.933
20260523	東京	1	☆	8	ゴールドビリーヴ	0.88	0.933
20260523	東京	2	◎	12	トーセンシーギリヤ	1.0	1.0
20260523	東京	2	○	14	ウインビギニング	1.0	1.0
20260523	東京	2	▲	8	アイデアユー	1.0	1.0
20260523	東京	2	☆	2	インスウィング	1.0	1.0
20260523	東京	3	◎	10	ロイヤルタイム	1.0	1.0
20260523	東京	3	○	8	モデレートゲイル	1.0	1.0
20260523	東京	3	▲	4	ユイノサダハル	1.0	1.0
20260523	東京	3	☆	5	コスモラムバック	1.0	1.0
20260523	東京	4	◎	11	エクストラダーク	1.0	1.0
20260523	東京	4	○	2	フクオトコ	1.0	1.0
20260523	東京	4	▲	4	ウィズアツインクル	1.0	1.0
20260523	東京	4	☆	3	ビップマリク	1.0	1.0
20260523	東京	5	◎	2	ヴァルカンテソーロ	1.0	0.972
20260523	東京	5	○	9	ジャケットポケット	0.89	0.972
20260523	東京	5	▲	14	インドミタビリティ	1.0	0.972
20260523	東京	5	☆	15	ヤマメホープ	1.0	0.972
20260523	東京	6	◎	2	サムシングニュー	1.0	0.972
20260523	東京	6	○	1	スカイストライプス	0.89	0.972
20260523	東京	6	▲	6	リュウカルネ	1.0	0.972
20260523	東京	6	☆	4	テイクオンミー	1.0	0.972
20260523	東京	7	◎	14	メイリー	1.0	1.0
20260523	東京	7	○	15	フィールドノート	1.0	1.0
20260523	東京	7	▲	17	カザンラク	1.0	1.0
20260523	東京	7	☆	2	スタニングヴュー	1.0	1.0
20260523	東京	8	◎	3	エムティエスターテ	1.0	1.0
20260523	東京	8	○	16	ウフドゥウフ	1.0	1.0
20260523	東京	8	▲	4	グルーヴィーオン	1.0	1.0
20260523	東京	8	☆	12	エイミームーン	1.0	1.0
20260523	東京	9	◎	5	ヴァリスマリネリス	1.0	1.0
20260523	東京	9	○	4	ロザーンジュ	1.0	1.0
20260523	東京	9	▲	3	ヴェガリア	1.0	1.0
20260523	東京	9	☆	10	イクシード	1.0	1.0
20260523	東京	10	◎	4	ホウオウブースター	1.0	1.0
20260523	東京	10	○	1	ブラックジェダイト	1.0	1.0
20260523	東京	10	▲	5	チムグクル	1.0	1.0
20260523	東京	10	☆	12	キョウエイボニータ	1.0	1.0
20260523	東京	11	◎	12	アスクドゥラメンテ	1.0	1.0
20260523	東京	11	○	3	ドンインザムード	1.0	1.0
20260523	東京	11	▲	9	ノーブルロジャー	1.0	1.0
20260523	東京	11	☆	15	スマートサニー	1.0	1.0
20260523	東京	12	◎	5	エーリアル	1.0	0.929
20260523	東京	12	○	3	パイシャオピン	0.71	0.929
20260523	東京	12	▲	4	キョウエイフロイデ	1.0	0.929
20260523	東京	12	☆	14	マジックローズ	1.0	0.929
20260524	京都	1	◎	11	フィデリス	1.0	0.969
20260524	京都	1	○	12	レステダンルヴァン	1.0	0.969
20260524	京都	1	▲	16	オヤツノジカン	1.0	0.969
20260524	京都	1	☆	10	メイプルキュート	0.88	0.969
20260524	京都	2	◎	9	フチサンチャチャ	1.0	1.0
20260524	京都	2	○	11	ウインモンクール	1.0	1.0
20260524	京都	2	▲	1	ワンダーゾルダート	1.0	1.0
20260524	京都	2	☆	3	トーアシチフクジン	1.0	1.0
20260524	京都	3	◎	6	エイシンリーガル	0.88	0.913
20260524	京都	3	○	1	ハヤブササキチャン	0.89	0.913
20260524	京都	3	▲	3	タイムレスフレアー	1.0	0.913
20260524	京都	3	☆	5	ルージュソムニウム	0.89	0.913
20260524	京都	4	◎	8	ナムラシンジロー	1.0	0.977
20260524	京都	4	○	6	ダノンワンダー	1.0	0.977
20260524	京都	4	▲	2	シャリキモン	0.91	0.977
20260524	京都	4	☆	3	アメジストブリエ	1.0	0.977
20260524	京都	5	◎	7	ミルトベスト	1.0	0.938
20260524	京都	5	○	5	メイクワンズデイ	0.75	0.938
20260524	京都	5	▲	3	ウォーターサグラダ	1.0	0.938
20260524	京都	5	☆	8	マーゴットミスト	1.0	0.938
20260524	京都	6	◎	5	ヴァイヴァーイ	1.0	0.969
20260524	京都	6	○	10	ユアフェリシティ	0.88	0.969
20260524	京都	6	▲	13	アイアムジャイアン	1.0	0.969
20260524	京都	6	☆	12	ボクマダネムイヨ	1.0	0.969
20260524	京都	7	◎	17	ラブアイミー	1.0	0.958
20260524	京都	7	○	9	モンタルチーノ	1.0	0.958
20260524	京都	7	▲	16	ノボリリア	1.0	0.958
20260524	京都	7	☆	18	レモンバーム	0.83	0.958
20260524	京都	8	◎	7	フラッシング	1.0	1.0
20260524	京都	8	○	4	メイショウオオコ	1.0	1.0
20260524	京都	8	▲	1	テーオーライマン	1.0	1.0
20260524	京都	8	☆	5	サイモンシュバリエ	1.0	1.0
20260524	京都	9	◎	3	キーウェーブ	1.0	1.0
20260524	京都	9	○	6	ナイトスラッガー	1.0	1.0
20260524	京都	9	▲	1	マテンロウギフト	1.0	1.0
20260524	京都	9	☆	9	アラタマフェーヴル	1.0	1.0
20260524	京都	10	◎	7	サザンエルフ	1.0	1.0
20260524	京都	10	○	12	アンズアメ	1.0	1.0
20260524	京都	10	▲	14	ゲイルライダー	1.0	1.0
20260524	京都	10	☆	3	ワンダラー	1.0	1.0
20260524	京都	11	◎	11	ショウナンマグマ	1.0	1.0
20260524	京都	11	○	7	オーロラエックス	1.0	1.0
20260524	京都	11	▲	8	メリオーレム	1.0	1.0
20260524	京都	11	☆	6	ナムラエイハブ	1.0	1.0
20260524	京都	12	◎	11	ミッションルース	1.0	1.0
20260524	京都	12	○	7	ウォーターパラディ	1.0	1.0
20260524	京都	12	☆	1	グディンナ	1.0	1.0
20260524	新潟	1	◎	2	ブライティアロード	0.89	0.972
20260524	新潟	1	○	10	マイネルユーゲント	1.0	0.972
20260524	新潟	1	▲	9	ゲンテン	1.0	0.972
20260524	新潟	1	☆	12	ソワンドヴィクター	1.0	0.972
20260524	新潟	2	◎	5	ジュエルサンライズ	1.0	0.938
20260524	新潟	2	○	1	ジュディーイメル	1.0	0.938
20260524	新潟	2	▲	3	アーガイルショア	1.0	0.938
20260524	新潟	2	☆	7	ヘヴンズドライブ	0.75	0.938
20260524	新潟	3	◎	1	ホシヅキヨ	0.8	0.95
20260524	新潟	3	○	2	マイネルゼーロス	1.0	0.95
20260524	新潟	3	▲	6	セブンワンダーズ	1.0	0.95
20260524	新潟	3	☆	10	アイビーチーキー	1.0	0.95
20260524	新潟	5	◎	8	ヴォンサクレ	1.0	0.972
20260524	新潟	5	○	15	ディアアズール	1.0	0.972
20260524	新潟	5	▲	12	ブルーザー	1.0	0.972
20260524	新潟	5	☆	5	ショウナンパステル	0.89	0.972
20260524	新潟	6	◎	9	キタノハイテイル	1.0	1.0
20260524	新潟	6	○	7	コイオステソーロ	1.0	1.0
20260524	新潟	6	▲	10	マイカラー	1.0	1.0
20260524	新潟	6	☆	3	メイショウイッカク	1.0	1.0
20260524	新潟	7	◎	1	ナインオブレター	1.0	0.972
20260524	新潟	7	○	14	リッキースタイル	1.0	0.972
20260524	新潟	7	▲	2	メイショウサトノヒ	0.89	0.972
20260524	新潟	7	☆	8	ゼットスパンキー	1.0	0.972
20260524	新潟	8	◎	13	キタノクニカラ	1.0	0.923
20260524	新潟	8	○	6	セイプリーズ	0.83	0.923
20260524	新潟	8	▲	9	セガンティーニ	0.86	0.923
20260524	新潟	8	☆	10	インターポーザー	1.0	0.923
20260524	新潟	9	◎	11	シャインバオバブ	1.0	0.933
20260524	新潟	9	○	12	サトノラポール	0.86	0.933
20260524	新潟	9	▲	14	オーバースタンド	0.88	0.933
20260524	新潟	9	☆	7	ナムラブーニン	1.0	0.933
20260524	新潟	10	◎	5	ゲーベル	1.0	0.949
20260524	新潟	10	○	3	セレジェイラ	1.0	0.949
20260524	新潟	10	▲	9	シルフズミスチーフ	0.89	0.949
20260524	新潟	10	☆	11	テセラリアン	0.91	0.949
20260524	新潟	11	◎	13	シークレットヴァウ	1.0	1.0
20260524	新潟	11	○	8	シュラフ	1.0	1.0
20260524	新潟	11	▲	12	デュガ	1.0	1.0
20260524	新潟	11	☆	6	モズナナスター	1.0	1.0
20260524	新潟	12	◎	9	ヤマカツレオン	0.86	0.964
20260524	新潟	12	○	3	メイショウクモイ	1.0	0.964
20260524	新潟	12	▲	12	ニシノケンタマン	1.0	0.964
20260524	新潟	12	☆	11	タルタロス	1.0	0.964
20260524	東京	1	◎	8	キタノローズ	1.0	0.887
20260524	東京	1	○	10	ハンナパール	0.83	0.887
20260524	東京	1	▲	11	ベッラモレーン	0.71	0.887
20260524	東京	1	☆	15	ルンベーラ	1.0	0.887
20260524	東京	2	◎	16	キタノドンカルロ	1.0	0.972
20260524	東京	2	○	3	タッカーヴァンバン	0.89	0.972
20260524	東京	2	▲	1	ファイアリービート	1.0	0.972
20260524	東京	2	☆	7	スティールヴォーグ	1.0	0.972
20260524	東京	3	◎	13	ユーベルジーク	1.0	0.95
20260524	東京	3	○	8	アイムインディ	1.0	0.95
20260524	東京	3	▲	2	ツクバヴァンガード	1.0	0.95
20260524	東京	3	☆	10	ピコランド	0.8	0.95
20260524	東京	4	◎	9	ヘリオドール	1.0	1.0
20260524	東京	4	○	8	ベアサナエチャン	1.0	1.0
20260524	東京	4	▲	14	クレアノア	1.0	1.0
20260524	東京	4	☆	11	ダイヤテソーロ	1.0	1.0
20260524	東京	5	◎	9	ブルージェネシス	1.0	1.0
20260524	東京	5	○	5	クリアーゲイル	1.0	1.0
20260524	東京	5	▲	14	レガリーノ	1.0	1.0
20260524	東京	5	☆	12	ファインブライト	1.0	1.0
20260524	東京	6	◎	4	リアライズタキオン	1.0	1.0
20260524	東京	6	○	9	ベルゼビュート	1.0	1.0
20260524	東京	6	▲	3	ラインジーク	1.0	1.0
20260524	東京	6	☆	14	スノースコール	1.0	1.0
20260524	東京	7	◎	1	ムーンストラック	1.0	1.0
20260524	東京	7	○	17	ガンバルマン	1.0	1.0
20260524	東京	7	▲	9	マイネルアウルム	1.0	1.0
20260524	東京	7	☆	15	ストレートブラック	1.0	1.0
20260524	東京	8	◎	15	サンカルミア	1.0	0.95
20260524	東京	8	○	11	ヘニーガイスト	1.0	0.95
20260524	東京	8	▲	16	ホレーショ	0.8	0.95
20260524	東京	8	☆	12	シンボリノエル	1.0	0.95
20260524	東京	9	◎	9	ヴァリオーサ	1.0	0.969
20260524	東京	9	○	10	コスモイシュタル	0.88	0.969
20260524	東京	9	▲	1	アールヴィヴァン	1.0	0.969
20260524	東京	9	☆	8	フォルラニーニ	1.0	0.969
20260524	東京	10	◎	10	モーデン	1.0	1.0
20260524	東京	10	○	3	コートアリシアン	1.0	1.0
20260524	東京	10	▲	1	スカイハイ	1.0	1.0
20260524	東京	10	☆	13	ウインオーディン	1.0	1.0
20260524	東京	11	◎	4	ロングトールサリー	1.0	0.972
20260524	東京	11	○	10	スターアニス	1.0	0.972
20260524	東京	11	▲	16	ジュウリョクピエロ	0.89	0.972
20260524	東京	11	☆	13	エンネ	1.0	0.972
20260524	東京	12	◎	9	ニューバラード	0.92	0.945
20260524	東京	12	○	7	ギュルヴィ	1.0	0.945
20260524	東京	12	▲	13	メイショウフジ	0.86	0.945
20260524	東京	12	☆	16	ダカラフェスティヴ	1.0	0.945
20260530	京都	1	◎	10	サウンドディアナ	1.0	0.91
20260530	京都	1	○	3	タガノプディング	0.75	0.91
20260530	京都	1	▲	14	ニホンピロローカス	0.89	0.91
20260530	京都	1	☆	13	ドローイング	1.0	0.91
20260530	京都	2	◎	6	カフジミモレット	1.0	1.0
20260530	京都	2	○	1	アメリカンイズム	1.0	1.0
20260530	京都	2	▲	7	マテンロウアワー	1.0	1.0
20260530	京都	2	☆	14	サンライズコナー	1.0	1.0
20260530	京都	3	◎	12	グランスプリント	1.0	0.964
20260530	京都	3	○	4	メイショウトウコウ	1.0	0.964
20260530	京都	3	▲	11	ゴッドアイ	1.0	0.964
20260530	京都	3	☆	15	エイシンビギー	0.86	0.964
20260530	京都	4	◎	18	ボッチョ	1.0	0.964
20260530	京都	4	○	9	ソルトハッピー	0.86	0.964
20260530	京都	4	▲	6	ナムラヴンダー	1.0	0.964
20260530	京都	4	☆	1	ヴィラジョヴィス	1.0	0.964
20260530	京都	5	◎	2	サラサチャーミング	1.0	1.0
20260530	京都	5	○	12	サトノアグード	1.0	1.0
20260530	京都	5	▲	4	メイショウショカツ	1.0	1.0
20260530	京都	5	☆	11	ノヴァレジーナ	1.0	1.0
20260530	京都	6	◎	12	バシリス	0.75	0.938
20260530	京都	6	○	4	ロードシュヴァリエ	1.0	0.938
20260530	京都	6	▲	11	チュウワダイオウ	1.0	0.938
20260530	京都	6	☆	5	マハートマーベル	1.0	0.938
20260530	京都	7	◎	11	エイカイカッシーナ	1.0	0.933
20260530	京都	7	○	9	フェイトライン	1.0	0.933
20260530	京都	7	▲	5	エイヘンハールト	0.88	0.933
20260530	京都	7	☆	10	テレプシコーラ	0.86	0.933
20260530	京都	8	◎	1	アムールリーベ	1.0	0.893
20260530	京都	8	○	10	エーデルヴェーグ	1.0	0.893
20260530	京都	8	▲	5	アジュマン	1.0	0.893
20260530	京都	8	☆	12	サダメ	0.57	0.893
20260530	京都	9	◎	6	ビズロード	1.0	1.0
20260530	京都	9	○	4	ビービークローサー	1.0	1.0
20260530	京都	9	▲	5	タガノアバンドーネ	1.0	1.0
20260530	京都	9	☆	8	イッテラッシャイ	1.0	1.0
20260530	京都	10	◎	5	キングブルー	1.0	1.0
20260530	京都	10	○	2	テーオーマルコーニ	1.0	1.0
20260530	京都	10	▲	16	ドラゴン	1.0	1.0
20260530	京都	10	☆	8	マテンロウブレイブ	1.0	1.0
20260530	京都	11	◎	9	アンジュプロミス	0.88	0.969
20260530	京都	11	○	11	タガノアラリア	1.0	0.969
20260530	京都	11	▲	2	デアヴェローチェ	1.0	0.969
20260530	京都	11	☆	3	ガラベイヤ	1.0	0.969
20260530	京都	12	◎	10	フレイミングパイ	0.88	0.969
20260530	京都	12	○	7	アスタールフナ	1.0	0.969
20260530	京都	12	▲	5	ウルスクローム	1.0	0.969
20260530	京都	12	☆	3	ワンダーカモン	1.0	0.969
20260530	東京	1	◎	7	エーデルハイ	1.0	0.941
20260530	東京	1	○	14	サクラドール	1.0	0.941
20260530	東京	1	▲	4	ブルーミーティア	0.88	0.941
20260530	東京	1	☆	8	イデアジュアンイハ	0.89	0.941
20260530	東京	2	◎	3	ヒコボシ	0.5	0.875
20260530	東京	2	○	11	フォンドルレール	1.0	0.875
20260530	東京	2	▲	4	インタノン	1.0	0.875
20260530	東京	2	☆	2	ゴンファロニエーレ	1.0	0.875
20260530	東京	3	◎	16	アラムベイ	1.0	0.969
20260530	東京	3	○	4	ワディアルリヤハ	1.0	0.969
20260530	東京	3	▲	3	グローリアスダンス	1.0	0.969
20260530	東京	3	☆	18	ヤマニンアレシス	0.88	0.969
20260530	東京	5	◎	13	ケナゲ	1.0	0.91
20260530	東京	5	○	4	エバーシャンティ	0.75	0.91
20260530	東京	5	▲	3	フライングビーナス	0.89	0.91
20260530	東京	5	☆	16	ベルウッドバイオ	1.0	0.91
20260530	東京	6	◎	9	カシノスパーク	1.0	0.969
20260530	東京	6	○	5	バトルアックス	1.0	0.969
20260530	東京	6	▲	1	エスシービクトリア	1.0	0.969
20260530	東京	6	☆	11	ラフレードピエル	0.88	0.969
20260530	東京	7	◎	6	スタートレイン	1.0	0.958
20260530	東京	7	○	13	カフェラバー	1.0	0.958
20260530	東京	7	☆	4	トライアンフパス	0.88	0.958
20260530	東京	8	◎	12	ラッキーヤース	1.0	1.0
20260530	東京	8	○	1	ベルチュガダン	1.0	1.0
20260530	東京	8	▲	5	スモーキーゴッド	1.0	1.0
20260530	東京	8	☆	11	ナムラジミー	1.0	1.0
20260530	東京	9	◎	5	ノルドヴェスト	0.86	0.929
20260530	東京	9	○	7	ジェミート	1.0	0.929
20260530	東京	9	▲	3	ドントゥザムーン	1.0	0.929
20260530	東京	9	☆	16	ダイシンリンク	0.86	0.929
20260530	東京	10	◎	6	ツルマウカタチ	1.0	0.964
20260530	東京	10	○	1	クライスレリアーナ	1.0	0.964
20260530	東京	10	▲	2	ダガーリング	1.0	0.964
20260530	東京	10	☆	4	レッドレナート	0.86	0.964
20260530	東京	11	◎	3	ショウナンライシン	0.89	0.901
20260530	東京	11	○	12	ジェイパームス	0.86	0.901
20260530	東京	11	▲	14	キタノズエッジ	0.86	0.901
20260530	東京	11	☆	5	ルージュスタニング	1.0	0.901
20260530	東京	12	◎	1	ゴヴェルナーレリコ	1.0	0.964
20260530	東京	12	○	10	オセアバトルプラン	1.0	0.964
20260530	東京	12	▲	14	レッドリベルタ	0.86	0.964
20260530	東京	12	☆	2	ラファールドール	1.0	0.964
20260531	京都	1	◎	7	ルージュエピック	0.88	0.941
20260531	京都	1	○	2	グロリアス	1.0	0.941
20260531	京都	1	▲	6	プルーフリーディン	0.89	0.941
20260531	京都	1	☆	9	ワンインザスカイ	1.0	0.941
20260531	京都	2	◎	13	クリコイーコ	1.0	1.0
20260531	京都	2	○	16	カーリキュー	1.0	1.0
20260531	京都	2	▲	15	マリリンバローズ	1.0	1.0
20260531	京都	2	☆	3	ルクスドリーム	1.0	1.0
20260531	京都	3	◎	7	サンライズアーサー	1.0	0.981
20260531	京都	3	○	8	ミッキーロビン	1.0	0.981
20260531	京都	3	▲	10	クリノリキオー	0.92	0.981
20260531	京都	3	☆	3	ハオカノア	1.0	0.981
20260531	京都	5	◎	15	ゼットクイン	1.0	1.0
20260531	京都	5	○	3	エアヴァイブス	1.0	1.0
20260531	京都	5	▲	17	アイルトン	1.0	1.0
20260531	京都	5	☆	12	ウインドオルフェ	1.0	1.0
20260531	京都	6	◎	6	メイショウイブキ	1.0	0.867
20260531	京都	6	○	8	ピカラ	0.67	0.867
20260531	京都	6	▲	9	アパレイユ	0.8	0.867
20260531	京都	6	☆	5	グランディマージュ	1.0	0.867
20260531	京都	7	◎	5	エンスエーニョ	1.0	0.964
20260531	京都	7	○	1	ロードガレリア	1.0	0.964
20260531	京都	7	▲	10	ウインリュクス	1.0	0.964
20260531	京都	7	☆	6	ロットブラータ	0.86	0.964
20260531	京都	8	◎	4	ホウオウタイタン	1.0	1.0
20260531	京都	8	○	1	フィオレストラーダ	1.0	1.0
20260531	京都	8	▲	2	ステラクラウン	1.0	1.0
20260531	京都	8	☆	3	エコテーラー	1.0	1.0
20260531	京都	9	◎	8	アリエスキング	1.0	1.0
20260531	京都	9	○	6	ジョータルマエ	1.0	1.0
20260531	京都	9	▲	3	ブルックリンダンス	1.0	1.0
20260531	京都	9	☆	5	ソウルアンドジャズ	1.0	1.0
20260531	京都	10	◎	11	アサカラキング	1.0	1.0
20260531	京都	10	○	14	グレイイングリーン	1.0	1.0
20260531	京都	10	▲	12	ヨシノイースター	1.0	1.0
20260531	京都	10	☆	16	アスクワンタイム	1.0	1.0
20260531	京都	11	◎	5	バークシャーシチー	1.0	1.0
20260531	京都	11	○	4	テーオーアルアイン	1.0	1.0
20260531	京都	11	▲	1	ロサルゴサ	1.0	1.0
20260531	京都	11	☆	7	ダイチノナポリ	1.0	1.0
20260531	京都	12	◎	1	ブリックワーク	1.0	0.972
20260531	京都	12	○	9	ガンマジーティーピ	0.89	0.972
20260531	京都	12	▲	15	メイショウセイロウ	1.0	0.972
20260531	京都	12	☆	3	ディアドコス	1.0	0.972
20260531	東京	1	◎	12	カスターニエ	1.0	1.0
20260531	東京	1	○	2	アーティラリー	1.0	1.0
20260531	東京	1	▲	5	エリカビアリッツ	1.0	1.0
20260531	東京	1	☆	4	トラストレガート	1.0	1.0
20260531	東京	2	◎	1	ユニバーサルラヴ	1.0	1.0
20260531	東京	2	○	6	トワイライトビュー	1.0	1.0
20260531	東京	2	▲	5	グランマエストロ	1.0	1.0
20260531	東京	2	☆	3	セイカユウヒ	1.0	1.0
20260531	東京	3	◎	10	ベネファクター	1.0	0.922
20260531	東京	3	○	6	ヴァンデスペランス	0.89	0.922
20260531	東京	3	▲	4	カシマライフウ	1.0	0.922
20260531	東京	3	☆	3	ティブロン	0.8	0.922
20260531	東京	4	◎	15	ルージュダズリング	1.0	0.941
20260531	東京	4	○	5	ウインアプローチ	0.88	0.941
20260531	東京	4	▲	4	フューチャプライム	0.89	0.941
20260531	東京	4	☆	12	トランスマーレ	1.0	0.941
20260531	東京	5	◎	12	ゴーゴーパンチ	1.0	1.0
20260531	東京	5	○	4	トヨサカエ	1.0	1.0
20260531	東京	5	▲	1	モズタンケ	1.0	1.0
20260531	東京	5	☆	3	マーガレットクレア	1.0	1.0
20260531	東京	6	◎	2	チャイボーグ	0.83	0.917
20260531	東京	6	○	10	シェーンシュティア	1.0	0.917
20260531	東京	6	▲	8	ポッドロルフ	0.83	0.917
20260531	東京	6	☆	4	ゴーゴータカシ	1.0	0.917
20260531	東京	7	○	11	ヘインズポイント	1.0	0.917
20260531	東京	7	▲	5	マックスキュー	1.0	0.917
20260531	東京	7	☆	1	パシーヴ	0.75	0.917
20260531	東京	8	◎	9	ビップチェイス	1.0	0.972
20260531	東京	8	○	11	アロンズロッド	1.0	0.972
20260531	東京	8	▲	13	サトノパトリオット	0.89	0.972
20260531	東京	8	☆	4	ジオセントリック	1.0	0.972
20260531	東京	9	◎	3	ガンウルフ	1.0	1.0
20260531	東京	9	○	11	ヴァンドーム	1.0	1.0
20260531	東京	9	▲	14	メイショウハチロー	1.0	1.0
20260531	東京	9	☆	1	アルゴナヴィス	1.0	1.0
20260531	東京	10	◎	14	ソルトブリーズ	0.86	0.865
20260531	東京	10	○	10	ジャサルディア	1.0	0.865
20260531	東京	10	▲	13	テンミラクルスター	0.89	0.865
20260531	東京	10	☆	7	ゲンパチムサシ	0.71	0.865
20260531	東京	11	◎	5	バステール	0.8	0.908
20260531	東京	11	○	9	アウダーシア	0.83	0.908
20260531	東京	11	▲	11	リアライズシリウス	1.0	0.908
20260531	東京	11	☆	16	グリーンエナジー	1.0	0.908
20260531	東京	12	◎	5	ギャンブルルーム	0.88	0.969
20260531	東京	12	○	6	ウィクトルウェルス	1.0	0.969
20260531	東京	12	▲	11	ダノンシーマ	1.0	0.969
20260531	東京	12	☆	10	マイネルケレリウス	1.0	0.969
20260606	東京	2	◎	4	ダイユウヴェンティ	1.0	0.964
20260606	東京	2	○	1	ラショナルポイント	1.0	0.964
20260606	東京	2	▲	9	アイアンパイク	0.86	0.964
20260606	東京	2	☆	13	タイセイルビー	1.0	0.964
20260606	東京	3	◎	7	プリンセスダーコ	0.88	0.906
20260606	東京	3	○	12	サトノワーグナー	0.88	0.906
20260606	東京	3	▲	15	レイズテンペスト	0.88	0.906
20260606	東京	3	☆	9	レイズレガシー	1.0	0.906
20260606	東京	6	◎	7	パンパネイラ	0.83	0.958
20260606	東京	6	○	3	ファーザーアウェイ	1.0	0.958
20260606	東京	6	▲	11	ラッキースウィッチ	1.0	0.958
20260606	東京	6	☆	8	アオイミズホ	1.0	0.958
20260606	東京	7	◎	2	アールグレイ	1.0	0.958
20260606	東京	7	○	8	ヤマメホープ	0.83	0.958
20260606	東京	7	▲	9	イニスフェイル	1.0	0.958
20260606	東京	7	☆	6	ショウナンマルチ	1.0	0.958
20260606	東京	8	◎	7	ルージュカルデア	1.0	1.0
20260606	東京	8	○	4	ファンシーズ	1.0	1.0
20260606	東京	8	▲	3	ヴンダーバール	1.0	1.0
20260606	東京	8	☆	9	レイフロレット	1.0	1.0
20260606	東京	9	◎	2	ニシノヒノトリ	0.57	0.893
20260606	東京	9	○	7	ガンバルマン	1.0	0.893
20260606	東京	9	▲	10	ウップヘリーア	1.0	0.893
20260606	東京	9	☆	9	サンセットビュー	1.0	0.893
20260606	東京	10	◎	6	ロジケープ	0.8	0.887
20260606	東京	10	○	4	クレパスキュラー	0.88	0.887
20260606	東京	10	▲	11	ファムマルキーズ	1.0	0.887
20260606	東京	10	☆	3	クレオズニードル	0.88	0.887
20260606	東京	11	◎	8	ピエマンソン	0.67	0.917
20260606	東京	11	○	9	メリディアンスター	1.0	0.917
20260606	東京	11	▲	12	スナッピードレッサ	1.0	0.917
20260606	東京	11	☆	5	モーニングマジック	1.0	0.917
20260606	東京	12	◎	9	タイセイエムロード	1.0	1.0
20260606	東京	12	○	10	ザーフィル	1.0	1.0
20260606	東京	12	▲	6	カルフ	1.0	1.0
20260606	東京	12	☆	5	ファンタイムギフト	1.0	1.0
20260606	阪神	1	◎	1	コイバナ	1.0	1.0
20260606	阪神	1	○	11	アクアアイ	1.0	1.0
20260606	阪神	1	▲	6	ダノンベルビュー	1.0	1.0
20260606	阪神	1	☆	2	キャスケード	1.0	1.0
20260606	阪神	2	◎	13	マカホウ	1.0	0.964
20260606	阪神	2	○	15	アルムアポジェ	0.86	0.964
20260606	阪神	2	▲	5	ビスケットアソート	1.0	0.964
20260606	阪神	2	☆	10	ナムラロダン	1.0	0.964
20260606	阪神	3	◎	1	ワイドシャッフエン	1.0	1.0
20260606	阪神	3	○	2	マクノス	1.0	1.0
20260606	阪神	3	▲	10	ドリームキャリー	1.0	1.0
20260606	阪神	3	☆	5	リリークリスタル	1.0	1.0
20260606	阪神	4	◎	2	ドゥボヌール	1.0	0.972
20260606	阪神	4	○	3	タナブイハチターボ	0.89	0.972
20260606	阪神	4	▲	1	チョウギャル	1.0	0.972
20260606	阪神	4	☆	12	アンガーザガール	1.0	0.972
20260606	阪神	6	◎	11	ティアーズクィーン	0.89	0.91
20260606	阪神	6	○	14	メイショウコシュウ	1.0	0.91
20260606	阪神	6	▲	3	ジーティーピカソ	0.75	0.91
20260606	阪神	6	☆	6	ゴールデンドラゴン	1.0	0.91
20260606	阪神	7	◎	16	ディアーモルタル	1.0	0.924
20260606	阪神	7	○	2	モンシーク	1.0	0.924
20260606	阪神	7	▲	11	レインボーステート	0.95	0.924
20260606	阪神	7	☆	1	グッデイ	0.75	0.924
20260606	阪神	8	◎	1	ミッドタウンナイト	1.0	0.871
20260606	阪神	8	○	5	マイバレンタイン	0.88	0.871
20260606	阪神	8	▲	8	フウセン	0.75	0.871
20260606	阪神	8	☆	6	ヨカオウ	0.86	0.871
20260606	阪神	9	◎	7	メイショウヒュウガ	0.89	0.972
20260606	阪神	9	○	3	カフジエメンタール	1.0	0.972
20260606	阪神	9	▲	4	ブラックシャリマー	1.0	0.972
20260606	阪神	9	☆	1	ジェゼロ	1.0	0.972
20260606	阪神	10	◎	11	フクキタテーラー	1.0	1.0
20260606	阪神	10	○	4	バトンインディ	1.0	1.0
20260606	阪神	10	▲	1	クリノフィガロ	1.0	1.0
20260606	阪神	10	☆	8	ゴルデールスカー	1.0	1.0
20260606	阪神	11	◎	11	イケイケドンドン	1.0	1.0
20260606	阪神	11	○	7	エラン	1.0	1.0
20260606	阪神	11	▲	1	ミュージシャン	1.0	1.0
20260606	阪神	11	☆	10	ハギノアルデバラン	1.0	1.0
20260606	阪神	12	◎	10	スレッドザニードル	1.0	0.917
20260606	阪神	12	○	13	ゼンカイナダル	1.0	0.917
20260606	阪神	12	▲	3	ジューンアゲイン	1.0	0.917
20260606	阪神	12	☆	15	メイショウサトノヒ	0.67	0.917
20260607	東京	1	◎	15	グラデュエール	1.0	0.969
20260607	東京	1	○	11	テンハートビート	0.88	0.969
20260607	東京	1	▲	1	カゼノオモイデ	1.0	0.969
20260607	東京	1	☆	14	フィーユレアル	1.0	0.969
20260607	東京	2	◎	6	マスカルポーネ	0.86	0.905
20260607	東京	2	○	11	ワンダーブリッツ	0.88	0.905
20260607	東京	2	▲	8	インナーパッション	1.0	0.905
20260607	東京	2	☆	7	ネイティヴプライド	0.89	0.905
20260607	東京	3	◎	15	オーキーベルセルク	1.0	0.969
20260607	東京	3	○	7	ウインビギニング	1.0	0.969
20260607	東京	3	▲	13	シンギュラリティ	0.88	0.969
20260607	東京	3	☆	6	クワッドマリニン	1.0	0.969
20260607	東京	4	◎	5	ニシノトップダノン	0.89	0.937
20260607	東京	4	○	10	ワイズファミリア	1.0	0.937
20260607	東京	4	▲	16	バンオンタイム	0.86	0.937
20260607	東京	4	☆	12	ショウナンサイオウ	1.0	0.937
20260607	東京	6	◎	8	コウソクルリアン	0.88	0.969
20260607	東京	6	○	4	フェイスリフト	1.0	0.969
20260607	東京	6	▲	9	ヴィスクレス	1.0	0.969
20260607	東京	6	☆	12	チェストー	1.0	0.969
20260607	東京	7	◎	12	モティスフォント	1.0	1.0
20260607	東京	7	○	9	フォースミラクル	1.0	1.0
20260607	東京	7	▲	14	シュヴァルツシルト	1.0	1.0
20260607	東京	7	☆	2	メーゼ	1.0	1.0
20260607	東京	8	◎	10	アラスカフレイバー	1.0	0.964
20260607	東京	8	○	5	コンヴァージョン	1.0	0.964
20260607	東京	8	▲	17	ゴールドシーン	1.0	0.964
20260607	東京	8	☆	6	サトノラポール	0.86	0.964
20260607	東京	9	◎	3	クロシェットノエル	1.0	1.0
20260607	東京	9	○	7	ビーオンザカバー	1.0	1.0
20260607	東京	9	▲	6	ゴーラッキー	1.0	1.0
20260607	東京	9	☆	4	エボルヴィング	1.0	1.0
20260607	東京	10	◎	15	プチブール	1.0	1.0
20260607	東京	10	○	10	マジッククッキー	1.0	1.0
20260607	東京	10	▲	6	ポッドベル	1.0	1.0
20260607	東京	10	☆	11	クインズシフォン	1.0	1.0
20260607	東京	11	◎	7	スズハローム	1.0	1.0
20260607	東京	11	○	14	ガイアフォース	1.0	1.0
20260607	東京	11	▲	17	トロヴァトーレ	1.0	1.0
20260607	東京	11	☆	8	シャンパンカラー	1.0	1.0
20260607	東京	12	◎	11	ホウキボシ	0.8	0.908
20260607	東京	12	○	1	テンカムテキ	0.83	0.908
20260607	東京	12	▲	10	マクリール	1.0	0.908
20260607	東京	12	☆	4	フィーチャリング	1.0	0.908
20260607	阪神	2	◎	8	キーテーマ	1.0	0.969
20260607	阪神	2	○	12	ライツェントライゼ	1.0	0.969
20260607	阪神	2	▲	9	メイショウプレマ	0.88	0.969
20260607	阪神	2	☆	7	トラカイキャッスル	1.0	0.969
20260607	阪神	3	◎	9	オセアスターライト	1.0	1.0
20260607	阪神	3	○	4	ウルトラハート	1.0	1.0
20260607	阪神	3	▲	7	ボクサークラブ	1.0	1.0
20260607	阪神	3	☆	15	シャインヴィーラ	1.0	1.0
20260607	阪神	4	◎	14	ココプレミア	0.83	0.923
20260607	阪神	4	○	3	ビッグヒーロー	0.86	0.923
20260607	阪神	4	▲	7	モズジェネラル	1.0	0.923
20260607	阪神	4	☆	16	ロードインヴォーグ	1.0	0.923
20260607	阪神	6	◎	2	ハナコトバ	1.0	0.902
20260607	阪神	6	○	11	ビップヴォルフ	1.0	0.902
20260607	阪神	6	▲	15	フレアオブセンス	0.75	0.902
20260607	阪神	6	☆	16	シェーネエルデ	0.86	0.902
20260607	阪神	7	◎	2	グロリアス	1.0	1.0
20260607	阪神	7	○	8	ケイツーリーブル	1.0	1.0
20260607	阪神	7	▲	5	リアンドゥクール	1.0	1.0
20260607	阪神	7	☆	14	セレーノ	1.0	1.0
20260607	阪神	8	◎	3	トモジャプレジール	1.0	1.0
20260607	阪神	8	○	14	ワンコールアウェイ	1.0	1.0
20260607	阪神	8	▲	10	スウィートリワード	1.0	1.0
20260607	阪神	8	☆	17	アスクヴォルテージ	1.0	1.0
20260607	阪神	9	◎	9	ハリウッドパーク	0.88	0.969
20260607	阪神	9	○	4	リサシテーション	1.0	0.969
20260607	阪神	9	▲	8	カナタコナタ	1.0	0.969
20260607	阪神	9	☆	13	ロードオルデン	1.0	0.969
20260607	阪神	10	◎	7	ラーテル	1.0	1.0
20260607	阪神	10	○	6	エバーグルーヴ	1.0	1.0
20260607	阪神	10	▲	1	ウインリベラシオン	1.0	1.0
20260607	阪神	10	☆	9	ツーエムクロノス	1.0	1.0
20260607	阪神	11	◎	3	プレゼンティーア	0.88	0.885
20260607	阪神	11	○	8	クロジシジョー	1.0	0.885
20260607	阪神	11	▲	1	ムーヴ	0.67	0.885
20260607	阪神	11	☆	14	サンライズアムール	1.0	0.885
20260607	阪神	12	◎	7	オーレアミスト	1.0	0.964
20260607	阪神	12	○	3	チェリヴェント	1.0	0.964
20260607	阪神	12	▲	8	バートラガッツ	0.86	0.964
20260607	阪神	12	☆	6	フラワームーン	1.0	0.964
20260613	函館	1	◎	2	テリオスルミ	1.0	0.964
20260613	函館	1	○	11	ハナイロマヒナ	0.86	0.964
20260613	函館	1	▲	9	ニシノマーレ	1.0	0.964
20260613	函館	1	☆	13	ヨドノサファイア	1.0	0.964
20260613	函館	2	◎	1	ワンダーアスク	1.0	1.0
20260613	函館	2	○	7	ビーチイン	1.0	1.0
20260613	函館	2	▲	10	テンレッドサン	1.0	1.0
20260613	函館	2	☆	12	エルファリス	1.0	1.0
20260613	函館	3	◎	1	スイーヴル	1.0	1.0
20260613	函館	3	○	4	メイワメジェール	1.0	1.0
20260613	函館	3	▲	6	クロナ	1.0	1.0
20260613	函館	3	☆	9	マーゴットオネイロ	1.0	1.0
20260613	函館	4	◎	5	テンバコウクウ	1.0	1.0
20260613	函館	4	○	2	フォーチュンローズ	1.0	1.0
20260613	函館	4	▲	6	クオンタムスター	1.0	1.0
20260613	函館	4	☆	15	デルマフジ	1.0	1.0
20260613	函館	6	◎	6	サンオブザサン	1.0	0.956
20260613	函館	6	○	11	キセログラフィカ	0.82	0.956
20260613	函館	6	▲	10	コイオステソーロ	1.0	0.956
20260613	函館	6	☆	1	トーセンアミューズ	1.0	0.956
20260613	函館	7	◎	8	カイトグート	1.0	0.981
20260613	函館	7	○	3	グランテレーズ	0.92	0.981
20260613	函館	7	▲	4	ドリーミングアップ	1.0	0.981
20260613	函館	7	☆	7	アンバーニードル	1.0	0.981
20260613	函館	8	◎	2	スペルビア	0.8	0.914
20260613	函館	8	○	11	デアプリームス	0.86	0.914
20260613	函館	8	▲	7	キャンドルマス	1.0	0.914
20260613	函館	8	☆	10	ビップムーラン	1.0	0.914
20260613	函館	9	◎	5	マイネルモメンタム	1.0	1.0
20260613	函館	9	○	1	マカナアネラ	1.0	1.0
20260613	函館	9	▲	2	ドウアドバンテージ	1.0	1.0
20260613	函館	9	☆	6	ウェイクフィールド	1.0	1.0
20260613	函館	10	◎	8	フォルテフィオーレ	1.0	0.95
20260613	函館	10	○	15	ウインシャーガス	1.0	0.95
20260613	函館	10	▲	3	ハートメテオ	1.0	0.95
20260613	函館	10	☆	16	ベネスピラ	0.8	0.95
20260613	函館	11	◎	1	モズナナスター	1.0	0.875
20260613	函館	11	○	12	ルシード	1.0	0.875
20260613	函館	11	▲	4	カルプスペルシュ	0.75	0.875
20260613	函館	11	☆	3	レイピア	0.75	0.875
20260613	函館	12	◎	7	ホウオウバローロ	1.0	0.833
20260613	函館	12	○	1	レイサンソク	1.0	0.833
20260613	函館	12	▲	10	ペトリコール	0.83	0.833
20260613	函館	12	☆	2	ポンピエ	0.5	0.833
20260613	東京	1	◎	12	オウケンサクラコ	1.0	1.0
20260613	東京	1	○	15	ホウオウロレンシア	1.0	1.0
20260613	東京	1	▲	10	ブリサマリーナ	1.0	1.0
20260613	東京	1	☆	3	ジーティーフクフク	1.0	1.0
20260613	東京	2	◎	14	アニゴザントス	1.0	0.972
20260613	東京	2	○	6	ヴァルカンテソーロ	1.0	0.972
20260613	東京	2	▲	12	ウインターブレス	1.0	0.972
20260613	東京	2	☆	2	オービタルピリオド	0.89	0.972
20260613	東京	3	◎	5	フォルナカリア	1.0	1.0
20260613	東京	3	○	3	ルナーファントム	1.0	1.0
20260613	東京	3	▲	8	ミリオングローリー	1.0	1.0
20260613	東京	3	☆	7	メビウスロマンス	1.0	1.0
20260613	東京	7	◎	5	エイシンジザイテン	1.0	0.964
20260613	東京	7	○	10	ハニージョー	1.0	0.964
20260613	東京	7	▲	3	ロケットパンチ	0.86	0.964
20260613	東京	7	☆	11	キタノドンカルロ	1.0	0.964
20260613	東京	8	◎	8	ヘルモソブレード	0.88	0.933
20260613	東京	8	○	2	ハッピーラッキー	1.0	0.933
20260613	東京	8	▲	1	インプロペリア	0.86	0.933
20260613	東京	8	☆	10	タイキオーベロン	1.0	0.933
20260613	東京	9	◎	1	チムニートップス	1.0	0.972
20260613	東京	9	○	2	コズミックダンサー	1.0	0.972
20260613	東京	9	▲	7	インペリアルライン	0.89	0.972
20260613	東京	9	☆	5	サイモンルモンド	1.0	0.972
20260613	東京	10	◎	3	ファリーザ	1.0	1.0
20260613	東京	10	○	4	ヴァンドーム	1.0	1.0
20260613	東京	10	☆	7	キョウエイフロイデ	1.0	1.0
20260613	東京	11	◎	8	バレエマスター	1.0	1.0
20260613	東京	11	○	9	ダノンエアズロック	1.0	1.0
20260613	東京	11	▲	6	メリオーレム	1.0	1.0
20260613	東京	11	☆	1	レガーロデルシエロ	1.0	1.0
20260613	東京	12	◎	1	ドルンレースツェン	1.0	1.0
20260613	東京	12	○	3	ラインジーク	1.0	1.0
20260613	東京	12	▲	15	ライヴレッドアイ	1.0	1.0
20260613	東京	12	☆	5	ジェイエルキャリア	1.0	1.0
20260613	阪神	1	◎	7	ショウナンタマユラ	1.0	1.0
20260613	阪神	1	○	3	ジュディーイメル	1.0	1.0
20260613	阪神	1	▲	10	エバイダンス	1.0	1.0
20260613	阪神	1	☆	1	ガルディエンヌ	1.0	1.0
20260613	阪神	2	◎	3	マイカラー	1.0	0.958
20260613	阪神	2	○	10	メイショウジンライ	1.0	0.958
20260613	阪神	2	▲	6	ピエナオルカ	0.83	0.958
20260613	阪神	2	☆	1	アメリカンサクラ	1.0	0.958
20260613	阪神	3	◎	9	フェブリノ	1.0	0.969
20260613	阪神	3	○	5	ララディアーブル	0.88	0.969
20260613	阪神	3	▲	1	ホワイトフレイムス	1.0	0.969
20260613	阪神	3	☆	10	フェルギナス	1.0	0.969
20260613	阪神	4	◎	16	レフティサーリ	1.0	0.958
20260613	阪神	4	○	7	ラパンドール	0.83	0.958
20260613	阪神	4	▲	5	ジーティーウタマロ	1.0	0.958
20260613	阪神	4	☆	4	ファランギーナ	1.0	0.958
20260613	阪神	7	◎	12	フィサブロス	1.0	0.937
20260613	阪神	7	○	15	スカイストライプス	0.89	0.937
20260613	阪神	7	▲	2	ジュンドラドラ	1.0	0.937
20260613	阪神	7	☆	8	スリーラーケン	0.86	0.937
20260613	阪神	8	◎	12	チリーゴールド	1.0	1.0
20260613	阪神	8	○	15	テイエムスティール	1.0	1.0
20260613	阪神	8	▲	7	シャンパンライフ	1.0	1.0
20260613	阪神	8	☆	8	バースデイフライト	1.0	1.0
20260613	阪神	9	◎	1	ホウオウレイヴン	0.88	0.896
20260613	阪神	9	○	8	メイショウアイル	1.0	0.896
20260613	阪神	9	▲	3	ブレットパス	0.83	0.896
20260613	阪神	9	☆	2	アットアブラスト	0.88	0.896
20260613	阪神	10	◎	9	ミキノバカラ	1.0	1.0
20260613	阪神	10	○	13	テーオーグレーザー	1.0	1.0
20260613	阪神	10	▲	1	モカラマーズ	1.0	1.0
20260613	阪神	10	☆	10	カネコメブライト	1.0	1.0
20260613	阪神	11	◎	13	メイショウズイウン	0.89	0.972
20260613	阪神	11	○	7	モックモック	1.0	0.972
20260613	阪神	11	▲	5	テーオーグランビル	1.0	0.972
20260613	阪神	11	☆	14	メイショウユズルハ	1.0	0.972
20260613	阪神	12	◎	14	ハルオーブ	1.0	0.958
20260613	阪神	12	○	3	ブライトアゲイン	1.0	0.958
20260613	阪神	12	▲	12	フィオラーノ	1.0	0.958
20260613	阪神	12	☆	1	ペンテリコン	0.83	0.958
20260614	函館	1	◎	1	シバノパージャン	0.88	0.969
20260614	函館	1	○	3	サンエンジェルス	1.0	0.969
20260614	函館	1	▲	10	ニシノオールワン	1.0	0.969
20260614	函館	1	☆	9	マテンロウブリッジ	1.0	0.969
20260614	函館	2	◎	4	ダンツアラーム	1.0	1.0
20260614	函館	2	○	11	セスティーナ	1.0	1.0
20260614	函館	2	▲	9	ユマハム	1.0	1.0
20260614	函館	2	☆	2	ホワイトラバーズ	1.0	1.0
20260614	函館	3	◎	12	サチノブーケ	1.0	1.0
20260614	函館	3	○	1	ビタミンドロップ	1.0	1.0
20260614	函館	3	▲	8	セラサイト	1.0	1.0
20260614	函館	3	☆	9	エコロセレナ	1.0	1.0
20260614	函館	4	◎	6	ブランヴァンダイク	1.0	1.0
20260614	函館	4	○	1	アイムイン	1.0	1.0
20260614	函館	4	▲	9	キヨタリート	1.0	1.0
20260614	函館	4	☆	2	レガリーノ	1.0	1.0
20260614	函館	6	◎	9	ヒメヒオウギ	1.0	0.906
20260614	函館	6	○	15	ミナヅキ	0.75	0.906
20260614	函館	6	▲	14	ブライトエアリー	0.88	0.906
20260614	函館	6	☆	10	ハートチャン	1.0	0.906
20260614	函館	7	◎	12	ヒットミー	0.8	0.95
20260614	函館	7	○	3	キャリーグレイス	1.0	0.95
20260614	函館	7	▲	9	テーオーナタリー	1.0	0.95
20260614	函館	7	☆	4	ミサビスケッツ	1.0	0.95
20260614	函館	8	◎	4	スプリングデイ	0.86	0.937
20260614	函館	8	○	11	フロウアンドライム	1.0	0.937
20260614	函館	8	▲	8	クレセントウイング	0.89	0.937
20260614	函館	8	☆	9	フレンドモナコ	1.0	0.937
20260614	函館	9	◎	2	ゼアズノープレイス	0.89	0.972
20260614	函館	9	○	4	コスモナエマ	1.0	0.972
20260614	函館	9	▲	5	モンローウォーク	1.0	0.972
20260614	函館	9	☆	8	ゴガツノアマノガワ	1.0	0.972
20260614	函館	10	◎	6	アールプロスト	1.0	1.0
20260614	函館	10	○	4	ディアウス	1.0	1.0
20260614	函館	10	▲	12	ジュンラトゥール	1.0	1.0
20260614	函館	10	☆	10	ラマンシュ	1.0	1.0
20260614	函館	11	◎	3	ムチャスグラシアス	1.0	0.972
20260614	函館	11	○	1	ハリウッドメモリー	0.89	0.972
20260614	函館	11	▲	14	フードマン	1.0	0.972
20260614	函館	11	☆	5	ゴキゲンサン	1.0	0.972
20260614	函館	12	◎	4	グレイスフルマーチ	1.0	1.0
20260614	函館	12	○	2	アオハルブルース	1.0	1.0
20260614	函館	12	▲	6	アチーヴァー	1.0	1.0
20260614	函館	12	☆	9	トップオンザヒル	1.0	1.0
20260614	東京	1	◎	6	ブライティアビーム	1.0	0.972
20260614	東京	1	○	15	ツクバヴァンガード	0.89	0.972
20260614	東京	1	▲	11	スティールヴォーグ	1.0	0.972
20260614	東京	1	☆	5	ヴィスクレス	1.0	0.972
20260614	東京	2	◎	3	パレホ	0.67	0.917
20260614	東京	2	○	12	サクセスゴールド	1.0	0.917
20260614	東京	2	▲	8	モデレートゲイル	1.0	0.917
20260614	東京	2	☆	11	ラブトゥエニイワン	1.0	0.917
20260614	東京	3	◎	14	ガミーヌ	1.0	0.938
20260614	東京	3	○	1	エヴィーヴァ	1.0	0.938
20260614	東京	3	▲	9	ヤマニンアレシス	0.75	0.938
20260614	東京	3	☆	7	ジーティージェミル	1.0	0.938
20260614	東京	6	◎	6	ムーランブルー	0.86	0.964
20260614	東京	6	○	10	ジェイエルモーダル	1.0	0.964
20260614	東京	6	▲	1	ファイタージェット	1.0	0.964
20260614	東京	6	☆	8	タマモトリノ	1.0	0.964
20260614	東京	7	◎	1	ウインドラート	1.0	1.0
20260614	東京	7	○	8	ジャスティンシカゴ	1.0	1.0
20260614	東京	7	▲	4	ショウグンマサムネ	1.0	1.0
20260614	東京	7	☆	3	シーギリヤロック	1.0	1.0
20260614	東京	8	◎	1	ベルウッドピース	0.88	0.941
20260614	東京	8	○	4	ハクシンブライアン	0.89	0.941
20260614	東京	8	▲	12	クモヒトツナイ	1.0	0.941
20260614	東京	8	☆	11	ミリオンヴォイス	1.0	0.941
20260614	東京	9	◎	3	ロゼル	1.0	0.964
20260614	東京	9	○	6	ミーントゥビー	0.86	0.964
20260614	東京	9	▲	1	テーオーアルアイン	1.0	0.964
20260614	東京	9	☆	9	ミクストベリーズ	1.0	0.964
20260614	東京	10	◎	14	キントリヒ	1.0	0.958
20260614	東京	10	○	1	ベトルス	1.0	0.958
20260614	東京	10	▲	6	バレンタインガール	1.0	0.958
20260614	東京	10	☆	7	エコロレイズ	0.83	0.958
20260614	東京	11	◎	4	ショウナンザナドゥ	1.0	1.0
20260614	東京	11	○	7	イミグラントソング	1.0	1.0
20260614	東京	11	▲	10	グロリアラウス	1.0	1.0
20260614	東京	11	☆	1	ラケマーダ	1.0	1.0
20260614	東京	12	◎	9	マンダリンボレロ	1.0	1.0
20260614	東京	12	○	11	ロンギングフォユー	1.0	1.0
20260614	東京	12	▲	3	セブンマイスター	1.0	1.0
20260614	東京	12	☆	4	ヒロノゴウカイ	1.0	1.0
20260614	阪神	1	◎	6	リリーボレア	1.0	1.0
20260614	阪神	1	○	1	オーマイラッキーン	1.0	1.0
20260614	阪神	1	▲	13	フィデリス	1.0	1.0
20260614	阪神	1	☆	15	タガノラヴズワン	1.0	1.0
20260614	阪神	2	◎	12	オアシスアラン	0.86	0.902
20260614	阪神	2	○	13	タガノプディング	0.75	0.902
20260614	阪神	2	▲	16	モズジェネラル	1.0	0.902
20260614	阪神	2	☆	3	チョウスター	1.0	0.902
20260614	阪神	3	◎	10	ジェンティール	1.0	0.985
20260614	阪神	3	○	16	キタノトレボーネ	0.94	0.985
20260614	阪神	3	▲	14	インドミタビリティ	1.0	0.985
20260614	阪神	3	☆	7	レッドホット	1.0	0.985
20260614	阪神	4	◎	11	パゴスピグイノス	0.75	0.918
20260614	阪神	4	○	15	ミエノクラウン	0.92	0.918
20260614	阪神	4	▲	6	チェルヴァーラ	1.0	0.918
20260614	阪神	4	☆	5	ダノンミッドナイト	1.0	0.918
20260614	阪神	6	◎	2	モズイージス	1.0	1.0
20260614	阪神	6	○	12	レッドレベンディス	1.0	1.0
20260614	阪神	6	▲	11	アームズレジェンド	1.0	1.0
20260614	阪神	6	☆	9	エリカヴェローナ	1.0	1.0
20260614	阪神	7	◎	10	レーヌマロン	1.0	0.908
20260614	阪神	7	○	7	ダノンテムズ	0.83	0.908
20260614	阪神	7	▲	3	メイショウハンター	1.0	0.908
20260614	阪神	7	☆	2	ピカキウイ	0.8	0.908
20260614	阪神	8	◎	7	ユウェンタース	1.0	1.0
20260614	阪神	8	○	8	ヴァンアグレアブル	1.0	1.0
20260614	阪神	8	▲	1	ハギノコラソン	1.0	1.0
20260614	阪神	8	☆	2	メイショウリリー	1.0	1.0
20260614	阪神	9	◎	10	バシレウスシチー	0.88	0.938
20260614	阪神	9	○	14	マーゴットミスト	0.88	0.938
20260614	阪神	9	▲	7	マキシマムドライブ	1.0	0.938
20260614	阪神	9	☆	1	インフローレ	1.0	0.938
20260614	阪神	10	◎	2	マイエレメント	1.0	1.0
20260614	阪神	10	○	12	セブンマジシャン	1.0	1.0
20260614	阪神	10	▲	10	アウフヘーベン	1.0	1.0
20260614	阪神	10	☆	11	コルレオニス	1.0	1.0
20260614	阪神	11	◎	15	マイユニバース	1.0	0.964
20260614	阪神	11	○	5	クロワデュノール	1.0	0.964
20260614	阪神	11	▲	1	ダノンデサイル	0.86	0.964
20260614	阪神	11	☆	16	メイショウタバル	1.0	0.964
20260614	阪神	12	◎	10	ウルスクローム	1.0	0.969
20260614	阪神	12	○	1	ニューオーリンズ	0.88	0.969
20260614	阪神	12	▲	11	イリフィ	1.0	0.969
20260614	阪神	12	☆	12	ノボリショウリュウ	1.0	0.969
20260620	函館	1	◎	11	テリオスルミ	1.0	0.938
20260620	函館	1	○	16	ブルーエ	0.75	0.938
20260620	函館	1	▲	2	チョウブク	1.0	0.938
20260620	函館	1	☆	1	ナオミニオールイン	1.0	0.938
20260620	函館	2	◎	6	エーデルハイ	1.0	0.958
20260620	函館	2	○	7	コイタマチャン	1.0	0.958
20260620	函館	2	▲	12	サラサチャチャチャ	1.0	0.958
20260620	函館	2	☆	4	サチノブーケ	0.83	0.958
20260620	函館	3	◎	7	ゴコウコイコイ	1.0	0.948
20260620	函館	3	○	16	ウインポーシャ	0.86	0.948
20260620	函館	3	▲	6	ハヤブサブロー	0.93	0.948
20260620	函館	3	☆	2	メイショウノヴァス	1.0	0.948
20260620	函館	4	◎	9	ゴールデンダガー	1.0	0.972
20260620	函館	4	○	12	ガーディアンテイル	0.89	0.972
20260620	函館	4	▲	1	クッカユフラ	1.0	0.972
20260620	函館	4	☆	2	ニシノモリミチ	1.0	0.972
20260620	函館	7	◎	11	アーミル	1.0	1.0
20260620	函館	7	○	14	メイショウローゼ	1.0	1.0
20260620	函館	7	▲	16	ベネディクション	1.0	1.0
20260620	函館	7	☆	5	ジュラトリー	1.0	1.0
20260620	函館	8	◎	1	フクシマコウヨウ	1.0	1.0
20260620	函館	8	○	2	エムフォー	1.0	1.0
20260620	函館	8	▲	10	クロナ	1.0	1.0
20260620	函館	8	☆	9	タイセイブルーム	1.0	1.0
20260620	函館	9	◎	5	プルヴォワール	0.86	0.964
20260620	函館	9	○	2	デルマリシリ	1.0	0.964
20260620	函館	9	▲	1	メイショウハッケイ	1.0	0.964
20260620	函館	9	☆	4	コモンスナイプ	1.0	0.964
20260620	函館	10	◎	1	シャインバオバブ	1.0	1.0
20260620	函館	10	○	2	ローレルオーブ	1.0	1.0
20260620	函館	10	▲	6	バズアップビート	1.0	1.0
20260620	函館	10	☆	3	アスクファイアモア	1.0	1.0
20260620	函館	11	◎	5	スイミーユニバンス	1.0	0.941
20260620	函館	11	○	4	マジカルフェアリー	0.89	0.941
20260620	函館	11	▲	10	アンジュプロミス	0.88	0.941
20260620	函館	11	☆	8	フードマン	1.0	0.941
20260620	函館	12	◎	11	ラッキーヤース	1.0	0.964
20260620	函館	12	○	7	ゴールドブレイズ	1.0	0.964
20260620	函館	12	▲	5	リュウカルネ	1.0	0.964
20260620	函館	12	☆	6	ノリノドラゴン	0.86	0.964
20260620	東京	1	◎	11	カキュウ	1.0	1.0
20260620	東京	1	○	14	ダノンプレサージュ	1.0	1.0
20260620	東京	1	▲	3	ホウオウロレンシア	1.0	1.0
20260620	東京	1	☆	6	ベッラモレーン	1.0	1.0
20260620	東京	2	◎	13	ステラゲイル	1.0	0.952
20260620	東京	2	○	1	サクラドール	1.0	0.952
20260620	東京	2	▲	7	ブルーミーティア	0.88	0.952
20260620	東京	2	☆	12	ブレイブシュガー	0.93	0.952
20260620	東京	3	◎	12	チャチャット	1.0	0.969
20260620	東京	3	○	13	ウインアプローチ	0.88	0.969
20260620	東京	3	▲	5	シルフィー	1.0	0.969
20260620	東京	3	☆	3	セキテイリノ	1.0	0.969
20260620	東京	6	◎	7	ゴットタレント	1.0	0.969
20260620	東京	6	○	5	トルネードアイル	0.88	0.969
20260620	東京	6	▲	11	ミッキーサウザンド	1.0	0.969
20260620	東京	6	☆	13	ウインエンブレム	1.0	0.969
20260620	東京	7	◎	8	ミスエベレスト	1.0	1.0
20260620	東京	7	○	12	ダノンケリー	1.0	1.0
20260620	東京	7	▲	2	アンジェラス	1.0	1.0
20260620	東京	7	☆	3	ユキノサイエンス	1.0	1.0
20260620	東京	8	◎	7	ワールドブレイヴ	1.0	1.0
20260620	東京	8	○	3	ダノンファンスター	1.0	1.0
20260620	東京	8	▲	5	タッセルノット	1.0	1.0
20260620	東京	8	☆	11	ダーリングハースト	1.0	1.0
20260620	東京	9	◎	9	クリフハンガー	0.93	0.902
20260620	東京	9	○	7	チャリングクロス	1.0	0.902
20260620	東京	9	▲	3	ピックデムッシュ	0.88	0.902
20260620	東京	9	☆	1	フルレゾン	0.8	0.902
20260620	東京	10	◎	11	ビービーエフォート	1.0	0.969
20260620	東京	10	○	7	クレパスキュラー	0.88	0.969
20260620	東京	10	▲	8	チムグクル	1.0	0.969
20260620	東京	10	☆	6	サクセスカラー	1.0	0.969
20260620	東京	11	◎	7	ハナウマビーチ	1.0	0.914
20260620	東京	11	○	2	クールミラボー	0.86	0.914
20260620	東京	11	▲	6	タガノバビロン	0.86	0.914
20260620	東京	11	☆	12	ミッキークレスト	0.94	0.914
20260620	東京	12	◎	15	メトロポリターナ	0.88	0.899
20260620	東京	12	○	9	パラダイスフェイス	0.89	0.899
20260620	東京	12	▲	3	フルミネブル	0.83	0.899
20260620	東京	12	☆	2	コスモシェルベット	1.0	0.899
20260620	阪神	2	◎	10	マスターストーン	1.0	0.981
20260620	阪神	2	○	6	クロカミジョウ	0.92	0.981
20260620	阪神	2	▲	8	キャッチアシーフ	1.0	0.981
20260620	阪神	2	☆	12	マリリンバローズ	1.0	0.981
20260620	阪神	3	◎	4	ファーヴニル	1.0	0.969
20260620	阪神	3	○	9	ロサドラーダ	1.0	0.969
20260620	阪神	3	▲	14	マーゴットガイア	1.0	0.969
20260620	阪神	3	☆	15	ルージュエピック	0.88	0.969
20260620	阪神	4	◎	16	リードアクター	1.0	0.964
20260620	阪神	4	○	9	リバーソニック	1.0	0.964
20260620	阪神	4	▲	12	キングズテイル	0.86	0.964
20260620	阪神	4	☆	8	ギレイ	1.0	0.964
20260620	阪神	6	◎	2	ライフイズカラフル	1.0	1.0
20260620	阪神	6	○	7	メイショウショカツ	1.0	1.0
20260620	阪神	6	▲	3	ダンツウルス	1.0	1.0
20260620	阪神	6	☆	5	ゴリョウセイ	1.0	1.0
20260620	阪神	7	◎	2	シートゥサミット	0.88	0.941
20260620	阪神	7	○	16	ロードスタニング	1.0	0.941
20260620	阪神	7	▲	5	サガルマータ	1.0	0.941
20260620	阪神	7	☆	12	クラッチプレイヤー	0.89	0.941
20260620	阪神	8	◎	10	マーゴットバディ	1.0	0.964
20260620	阪神	8	○	4	アスクチャンスマン	1.0	0.964
20260620	阪神	8	▲	6	サントルドパリ	0.86	0.964
20260620	阪神	8	☆	13	アメリカンコール	1.0	0.964
20260620	阪神	9	◎	9	モアニ	1.0	0.9
20260620	阪神	9	○	6	アヴィオン	0.8	0.9
20260620	阪神	9	▲	8	テーオーシュタイン	1.0	0.9
20260620	阪神	9	☆	5	ロンドボス	0.8	0.9
20260620	阪神	10	◎	11	アスターブジエ	1.0	0.933
20260620	阪神	10	▲	15	アロンディ	0.8	0.933
20260620	阪神	10	☆	12	カエルム	1.0	0.933
20260620	阪神	11	◎	7	タイセイブレイズ	0.75	0.938
20260620	阪神	11	○	3	ベルジュロネット	1.0	0.938
20260620	阪神	11	▲	13	スマートフォルス	1.0	0.938
20260620	阪神	11	☆	9	サクセスローレル	1.0	0.938
20260620	阪神	12	◎	8	キシャール	1.0	1.0
20260620	阪神	12	○	17	メイショウトウコウ	1.0	1.0
20260620	阪神	12	▲	4	メイショウアボット	1.0	1.0
20260621	函館	1	◎	9	エコロアビス	1.0	1.0
20260621	函館	1	○	3	バレンタインビスタ	1.0	1.0
20260621	函館	1	▲	1	ソルトアイリス	1.0	1.0
20260621	函館	1	☆	10	スプリングドリーム	1.0	1.0
20260621	函館	2	◎	11	フクチャンブラック	1.0	0.958
20260621	函館	2	○	2	ポップアップ	0.83	0.958
20260621	函館	2	▲	8	ロードステラート	1.0	0.958
20260621	函館	2	☆	4	キヨタリート	1.0	0.958
20260621	函館	3	◎	2	ユーベルジーク	1.0	0.927
20260621	函館	3	○	6	シェイプオブユー	0.88	0.927
20260621	函館	3	▲	4	マーマレードスカイ	1.0	0.927
20260621	函館	3	☆	12	グレイトソン	0.83	0.927
20260621	函館	4	◎	7	トルークマクト	1.0	1.0
20260621	函館	4	○	8	パンキー	1.0	1.0
20260621	函館	4	▲	16	コワンニシタガウ	1.0	1.0
20260621	函館	4	☆	9	ヘクセンハウス	1.0	1.0
20260621	函館	6	◎	8	カタフラクト	1.0	1.0
20260621	函館	6	○	6	ウインカトリーヌ	1.0	1.0
20260621	函館	6	▲	4	モロノカガヤキ	1.0	1.0
20260621	函館	6	☆	9	メイショウライガ	1.0	1.0
20260621	函館	7	◎	6	ツルノマイハシ	1.0	0.95
20260621	函館	7	○	1	グランテレーズ	1.0	0.95
20260621	函館	7	▲	11	ヴェガリア	0.8	0.95
20260621	函館	7	☆	2	アイムインディ	1.0	0.95
20260621	函館	8	◎	2	ホウオウバローロ	1.0	1.0
20260621	函館	8	○	5	アスクガンバーレ	1.0	1.0
20260621	函館	8	▲	3	テイクオンミー	1.0	1.0
20260621	函館	8	☆	7	シーズザスローン	1.0	1.0
20260621	函館	9	◎	3	アルディスティーノ	1.0	1.0
20260621	函館	9	○	4	レダアトミカ	1.0	1.0
20260621	函館	9	▲	5	メリザンド	1.0	1.0
20260621	函館	9	☆	7	アストリル	1.0	1.0
20260621	函館	10	◎	5	クリノキングマン	1.0	0.919
20260621	函館	10	○	6	チャーリー	0.8	0.919
20260621	函館	10	▲	3	ジュンラトゥール	0.88	0.919
20260621	函館	10	☆	7	ラマンシュ	1.0	0.919
20260621	函館	11	◎	5	スティールブルー	0.88	0.941
20260621	函館	11	○	14	アスティスプマンテ	0.89	0.941
20260621	函館	11	▲	11	ヴェサリウス	1.0	0.941
20260621	函館	11	☆	9	ルーフ	1.0	0.941
20260621	函館	12	◎	6	グレーヌドジョワ	1.0	1.0
20260621	函館	12	○	3	ウインベラーノ	1.0	1.0
20260621	函館	12	▲	10	ネッタイヤライ	1.0	1.0
20260621	函館	12	☆	5	マイネルモメンタム	1.0	1.0
20260621	東京	2	◎	6	モロノラピド	0.83	0.958
20260621	東京	2	○	2	ダノンマスタング	1.0	0.958
20260621	東京	2	▲	16	ファイアリービート	1.0	0.958
20260621	東京	2	☆	3	ライトアファイア	1.0	0.958
20260621	東京	3	◎	14	レイランディ	1.0	1.0
20260621	東京	3	○	9	フォンドルレール	1.0	1.0
20260621	東京	3	▲	5	ユイノサダハル	1.0	1.0
20260621	東京	3	☆	4	クリムゾンリーフ	1.0	1.0
20260621	東京	6	◎	14	ウインドオブヘヴン	0.78	0.913
20260621	東京	6	○	16	シャルムグリーン	0.88	0.913
20260621	東京	6	▲	11	エヴァンスベイ	1.0	0.913
20260621	東京	6	☆	5	ブラーヴジャン	1.0	0.913
20260621	東京	7	◎	12	ジュエルハウス	1.0	1.0
20260621	東京	7	○	6	シオンダンサー	1.0	1.0
20260621	東京	7	▲	10	ファンシーズ	1.0	1.0
20260621	東京	7	☆	4	カサビセンス	1.0	1.0
20260621	東京	8	◎	8	マニス	1.0	0.929
20260621	東京	8	○	12	モートンアイランド	1.0	0.929
20260621	東京	8	▲	15	オルグジェシダ	0.71	0.929
20260621	東京	8	☆	14	マツリダイコ	1.0	0.929
20260621	東京	9	◎	13	シュレン	1.0	1.0
20260621	東京	9	○	9	マジッククッキー	1.0	1.0
20260621	東京	9	▲	8	タカスタカスタカス	1.0	1.0
20260621	東京	9	☆	3	ワーズワース	1.0	1.0
20260621	東京	10	◎	16	ウインオーディン	1.0	0.941
20260621	東京	10	○	12	マテンロウブラボー	0.89	0.941
20260621	東京	10	▲	10	ラーンザロープス	0.88	0.941
20260621	東京	10	☆	15	ウナギノボリ	1.0	0.941
20260621	東京	11	◎	9	テリオスララ	1.0	1.0
20260621	東京	11	○	8	ニシノティアモ	1.0	1.0
20260621	東京	11	▲	15	ルージュソリテール	1.0	1.0
20260621	東京	11	☆	13	ビップデイジー	1.0	1.0
20260621	東京	12	◎	7	シャオシンユン	0.86	0.964
20260621	東京	12	○	16	ロードトライデント	1.0	0.964
20260621	東京	12	▲	5	カンレイスター	1.0	0.964
20260621	東京	12	☆	14	グランドフォレスト	1.0	0.964
20260621	阪神	1	◎	11	サンライズフリード	1.0	1.0
20260621	阪神	1	○	1	メイショウナナユキ	1.0	1.0
20260621	阪神	1	▲	16	オアシスアラン	1.0	1.0
20260621	阪神	1	☆	10	モチモチチャン	1.0	1.0
20260621	阪神	2	◎	11	スリーロンドン	1.0	1.0
20260621	阪神	2	○	7	ブライトエンジェル	1.0	1.0
20260621	阪神	2	▲	8	セルヴァジオ	1.0	1.0
20260621	阪神	2	☆	12	フォルストランキル	1.0	1.0
20260621	阪神	3	◎	4	ピースビート	0.83	0.958
20260621	阪神	3	○	14	ワンダーシャッフル	1.0	0.958
20260621	阪神	3	▲	13	ハナコトバ	1.0	0.958
20260621	阪神	3	☆	9	ギフテッドスペック	1.0	0.958
20260621	阪神	4	◎	17	フィエールシャンテ	0.89	0.909
20260621	阪神	4	○	6	ナムラヴンダー	0.86	0.909
20260621	阪神	4	▲	2	ルクスディグニティ	0.89	0.909
20260621	阪神	4	☆	8	キービート	1.0	0.909
20260621	阪神	6	◎	7	レジーナテンペスタ	0.89	0.972
20260621	阪神	6	○	17	マティンデ	1.0	0.972
20260621	阪神	6	▲	2	アラビアンジョイ	1.0	0.972
20260621	阪神	6	☆	14	ケイアイブラック	1.0	0.972
20260621	阪神	7	◎	15	エブリデイ	0.8	0.9
20260621	阪神	7	○	9	アパレイユ	0.8	0.9
20260621	阪神	7	▲	12	エイシンマールス	1.0	0.9
20260621	阪神	7	☆	2	タイセイレグノ	1.0	0.9
20260621	阪神	8	◎	8	ベルシュヴァル	1.0	0.91
20260621	阪神	8	○	5	エイシンウィスパー	1.0	0.91
20260621	阪神	8	▲	3	アーリーハーベスト	0.89	0.91
20260621	阪神	8	☆	4	メイショウピリカ	0.75	0.91
20260621	阪神	9	◎	6	ラーテル	1.0	1.0
20260621	阪神	9	○	2	ロードガレリア	1.0	1.0
20260621	阪神	9	▲	1	ステラクラウン	1.0	1.0
20260621	阪神	9	☆	3	ダノンカゼルタ	1.0	1.0
20260621	阪神	10	◎	10	ロフティストーリー	1.0	0.969
20260621	阪神	10	○	13	ペイシャモノノフ	0.88	0.969
20260621	阪神	10	▲	3	アークドール	1.0	0.969
20260621	阪神	10	☆	12	キュールエフウジン	1.0	0.969
20260621	阪神	11	◎	15	ショウナンアデイブ	1.0	1.0
20260621	阪神	11	○	8	サイルーン	1.0	1.0
20260621	阪神	11	▲	2	ファインライン	1.0	1.0
20260621	阪神	11	☆	9	ファンダム	1.0	1.0
20260621	阪神	12	◎	7	メイショウマントル	1.0	1.0
20260621	阪神	12	○	3	ソウルアンドジャズ	1.0	1.0
20260621	阪神	12	▲	9	エンマ	1.0	1.0
20260621	阪神	12	☆	13	レッドリベルタ	1.0	1.0
20260627	函館	1	◎	11	サンアイディール	1.0	1.0
20260627	函館	1	○	16	ルージュアストレア	1.0	1.0
20260627	函館	1	▲	14	アリアス	1.0	1.0
20260627	函館	1	☆	15	スイープセレニティ	1.0	1.0
20260627	函館	2	◎	8	カレンココナ	1.0	1.0
20260627	函館	2	○	10	マリブサーフ	1.0	1.0
20260627	函館	2	▲	7	ドリームガッサン	1.0	1.0
20260627	函館	2	☆	2	スイーヴル	1.0	1.0
20260627	函館	3	◎	2	サクセスブルー	0.86	0.933
20260627	函館	3	○	12	シンエンドーツダ	1.0	0.933
20260627	函館	3	▲	1	キセログラフィカ	0.88	0.933
20260627	函館	3	☆	4	ホウオウファラオ	1.0	0.933
20260627	函館	4	◎	13	ケナゲ	1.0	1.0
20260627	函館	4	○	8	マンサニージャ	1.0	1.0
20260627	函館	4	▲	14	アイムイン	1.0	1.0
20260627	函館	4	☆	7	ゲフィオン	1.0	1.0
20260627	函館	6	◎	2	リアル	1.0	1.0
20260627	函館	6	○	5	プリンセスアツコ	1.0	1.0
20260627	函館	6	▲	4	サンエンジェルス	1.0	1.0
20260627	函館	6	☆	6	コウソクユノ	1.0	1.0
20260627	函館	7	◎	1	ブランヴァンダイク	1.0	1.0
20260627	函館	7	○	6	マカナアネラ	1.0	1.0
20260627	函館	7	▲	8	アイドクレース	1.0	1.0
20260627	函館	7	☆	10	ゴガツノアマノガワ	1.0	1.0
20260627	函館	8	◎	3	サツキレジーナ	1.0	0.95
20260627	函館	8	○	1	マメタンク	0.8	0.95
20260627	函館	8	▲	10	マジェステラ	1.0	0.95
20260627	函館	8	☆	7	カッタッパ	1.0	0.95
20260627	函館	9	◎	9	ナンナンプー	0.83	0.958
20260627	函館	9	○	7	ドリーミングアップ	1.0	0.958
20260627	函館	9	▲	1	クワイエットアイ	1.0	0.958
20260627	函館	9	☆	4	ララバニュルス	1.0	0.958
20260627	函館	10	◎	5	リッチブラック	1.0	0.938
20260627	函館	10	○	1	ハートメテオ	1.0	0.938
20260627	函館	10	▲	7	レイヤードレッド	1.0	0.938
20260627	函館	10	☆	3	ヨヒーン	0.75	0.938
20260627	函館	11	◎	6	クファシル	1.0	1.0
20260627	函館	11	○	11	ナムラクララ	1.0	1.0
20260627	函館	11	▲	2	ブラックチャリス	1.0	1.0
20260627	函館	11	☆	7	マイネルレノン	1.0	1.0
20260627	函館	12	◎	7	パシーヴ	0.75	0.938
20260627	函館	12	○	9	フロウアンドライム	1.0	0.938
20260627	函館	12	▲	1	マーベリックシチー	1.0	0.938
20260627	函館	12	☆	2	テイエムゴッホ	1.0	0.938
20260627	小倉	1	◎	6	ニドヅケキンシ	1.0	0.938
20260627	小倉	1	○	5	クリコキアナ	1.0	0.938
20260627	小倉	1	▲	1	シスキンブルーム	0.88	0.938
20260627	小倉	1	☆	3	ペプチドニンバス	0.88	0.938
20260627	小倉	2	◎	12	マユナイト	1.0	1.0
20260627	小倉	2	○	14	スマッシング	1.0	1.0
20260627	小倉	2	▲	5	メイショウテンジン	1.0	1.0
20260627	小倉	2	☆	1	クリコファルコン	1.0	1.0
20260627	小倉	3	◎	6	ヴァーティゴー	1.0	1.0
20260627	小倉	3	○	7	アロハ	1.0	1.0
20260627	小倉	3	▲	16	バロッカネーラ	1.0	1.0
20260627	小倉	3	☆	8	ライツェントライゼ	1.0	1.0
20260627	小倉	4	◎	3	シンゼンコジロウ	1.0	0.938
20260627	小倉	4	○	13	ラッキーヴォーグ	0.75	0.938
20260627	小倉	4	▲	6	シャンパンスター	1.0	0.938
20260627	小倉	4	☆	7	シャドウクライ	1.0	0.938
20260627	小倉	6	◎	16	トラカイキャッスル	1.0	0.964
20260627	小倉	6	○	9	ビップヴォルフ	1.0	0.964
20260627	小倉	6	▲	1	フレアオブセンス	1.0	0.964
20260627	小倉	6	☆	8	クロスボーダー	0.86	0.964
20260627	小倉	7	◎	4	ベルメサイア	1.0	0.964
20260627	小倉	7	○	12	ショコラプリン	0.86	0.964
20260627	小倉	7	▲	10	クイーンズホリデー	1.0	0.964
20260627	小倉	7	☆	2	ジョアン	1.0	0.964
20260627	小倉	8	◎	6	テーオーミリカン	1.0	0.941
20260627	小倉	8	○	8	レオナルドスター	0.88	0.941
20260627	小倉	8	▲	2	ブルズアイプリンス	0.89	0.941
20260627	小倉	8	☆	3	メローネ	1.0	0.941
20260627	小倉	9	◎	6	パイオニアスクエア	0.89	0.972
20260627	小倉	9	○	1	ダノンアトラス	1.0	0.972
20260627	小倉	9	▲	4	サヴォアフェール	1.0	0.972
20260627	小倉	9	☆	2	ノンブルドール	1.0	0.972
20260627	小倉	10	◎	1	ミキノバカラ	1.0	0.964
20260627	小倉	10	○	10	ルージュサウダージ	1.0	0.964
20260627	小倉	10	▲	11	サディーク	1.0	0.964
20260627	小倉	10	☆	7	スネーフリンガ	0.86	0.964
20260627	小倉	11	◎	10	マッシャーブルム	1.0	0.917
20260627	小倉	11	○	2	ジューンエオス	1.0	0.917
20260627	小倉	11	▲	13	シンビリーブ	0.67	0.917
20260627	小倉	11	☆	4	ハリーケーン	1.0	0.917
20260627	小倉	12	◎	7	メイショウオオミネ	1.0	0.919
20260627	小倉	12	○	2	ピアストイヤーズ	0.88	0.919
20260627	小倉	12	▲	1	ルブリアン	0.8	0.919
20260627	小倉	12	☆	4	レインオンミー	1.0	0.919
20260627	福島	2	◎	9	フロムドーン	1.0	0.958
20260627	福島	2	○	4	コパノミラノ	0.83	0.958
20260627	福島	2	▲	14	テンオンスゴールド	1.0	0.958
20260627	福島	2	☆	12	キタノタイキ	1.0	0.958
20260627	福島	3	◎	2	ラフレードピエル	0.75	0.878
20260627	福島	3	○	9	プロスペクトパーク	0.89	0.878
20260627	福島	3	▲	8	ガムラスタン	1.0	0.878
20260627	福島	3	☆	10	ショウナンパトス	0.88	0.878
20260627	福島	7	◎	4	グレイスルーラー	1.0	1.0
20260627	福島	7	○	3	アッパーウォーター	1.0	1.0
20260627	福島	7	▲	5	エバーシャンティ	1.0	1.0
20260627	福島	7	☆	7	ラグアイリータ	1.0	1.0
20260627	福島	8	◎	7	コールリッジ	1.0	1.0
20260627	福島	8	○	2	ウインマニフィーク	1.0	1.0
20260627	福島	8	▲	14	オートカリテ	1.0	1.0
20260627	福島	8	☆	5	ホープフルワールド	1.0	1.0
20260627	福島	9	◎	8	オセアエクスプレス	1.0	1.0
20260627	福島	9	○	15	ルクスレイモンド	1.0	1.0
20260627	福島	9	▲	6	エコロシード	1.0	1.0
20260627	福島	9	☆	7	ケブランリ	1.0	1.0
20260627	福島	10	◎	5	ショウナンヤッホー	1.0	1.0
20260627	福島	10	○	2	ラストレガシー	1.0	1.0
20260627	福島	10	▲	9	ドゥマーヴェリック	1.0	1.0
20260627	福島	10	☆	4	ホウオウフロイト	1.0	1.0
20260627	福島	11	◎	5	ホウオウスーペリア	0.89	0.972
20260627	福島	11	○	8	フィオレストラーダ	1.0	0.972
20260627	福島	11	▲	4	マリアイリダータ	1.0	0.972
20260627	福島	11	☆	2	ノーランサンライズ	1.0	0.972
20260627	福島	12	◎	2	ルシェロアズーリ	1.0	0.972
20260627	福島	12	○	11	エバーラスト	1.0	0.972
20260627	福島	12	▲	9	サムハラ	1.0	0.972
20260627	福島	12	☆	15	ファインサマーデイ	0.89	0.972
20260628	函館	1	◎	3	ウィルレーヴィア	1.0	1.0
20260628	函館	1	○	6	ガーシュウィン	1.0	1.0
20260628	函館	1	▲	4	キセキノユニコーン	1.0	1.0
20260628	函館	1	☆	8	アイルドフルール	1.0	1.0
20260628	函館	2	◎	12	ロスニーニョス	1.0	1.0
20260628	函館	2	○	5	テンレッドサン	1.0	1.0
20260628	函館	2	▲	3	ライカ	1.0	1.0
20260628	函館	2	☆	1	メイショウタイザン	1.0	1.0
20260628	函館	3	◎	11	コシタンタン	0.5	0.839
20260628	函館	3	○	9	ジャーナーリア	1.0	0.839
20260628	函館	3	▲	6	ハナイロマヒナ	0.86	0.839
20260628	函館	3	☆	1	エコロセレナ	1.0	0.839
20260628	函館	4	◎	4	ウインブリザード	0.88	0.969
20260628	函館	4	○	1	ミカレオス	1.0	0.969
20260628	函館	4	▲	11	ヴィラジョヴィス	1.0	0.969
20260628	函館	4	☆	3	フォーチュンローズ	1.0	0.969
20260628	函館	6	◎	13	マジックファイヤー	1.0	1.0
20260628	函館	6	○	14	マテンロウオリジン	1.0	1.0
20260628	函館	6	▲	10	ベネディクション	1.0	1.0
20260628	函館	6	☆	8	コティノス	1.0	1.0
20260628	函館	7	◎	8	サウンドルーチェ	1.0	1.0
20260628	函館	7	○	4	キャットテイル	1.0	1.0
20260628	函館	7	▲	2	ビーチイン	1.0	1.0
20260628	函館	7	☆	7	ヒミノエトワール	1.0	1.0
20260628	函館	8	◎	2	ストレイトアスク	1.0	1.0
20260628	函館	8	○	12	ニルマーネル	1.0	1.0
20260628	函館	8	▲	9	レオアジャイル	1.0	1.0
20260628	函館	8	☆	3	メーゼ	1.0	1.0
20260628	函館	9	◎	6	ゼアズノープレイス	0.89	0.901
20260628	函館	9	○	3	ゴーゴータカシ	0.86	0.901
20260628	函館	9	▲	1	カムアップローゼス	1.0	0.901
20260628	函館	9	☆	10	ピティロディア	0.86	0.901
20260628	函館	10	◎	3	ネクストダンサー	1.0	0.958
20260628	函館	10	○	10	ウインシャーガス	1.0	0.958
20260628	函館	10	▲	1	プリンセッサ	0.83	0.958
20260628	函館	10	☆	5	ブラックルビー	1.0	0.958
20260628	函館	11	◎	10	ケリフレッドアスク	1.0	1.0
20260628	函館	11	○	15	デビットバローズ	1.0	1.0
20260628	函館	11	▲	11	ジュタ	1.0	1.0
20260628	函館	11	☆	4	マジックサンズ	1.0	1.0
20260628	函館	12	◎	13	ゴキゲンサン	1.0	1.0
20260628	函館	12	○	6	ヴィヴァクラウン	1.0	1.0
20260628	函館	12	▲	14	ホワイトドラゴン	1.0	1.0
20260628	函館	12	☆	4	ウチュウノセカイ	1.0	1.0
20260628	小倉	1	◎	16	リーガルスプレンダ	0.89	0.972
20260628	小倉	1	○	9	アンガーザガール	1.0	0.972
20260628	小倉	1	▲	7	ディオレガーロ	1.0	0.972
20260628	小倉	1	☆	10	サンシャインビーチ	1.0	0.972
20260628	小倉	2	◎	15	パラフローラ	0.83	0.897
20260628	小倉	2	○	13	オーマイラッキーン	1.0	0.897
20260628	小倉	2	▲	5	モンロワイヤル	0.86	0.897
20260628	小倉	3	◎	14	ジャスティンカレラ	1.0	1.0
20260628	小倉	3	○	5	タイガーロード	1.0	1.0
20260628	小倉	3	▲	6	ドラムメジャー	1.0	1.0
20260628	小倉	3	☆	17	ワイドカクゲン	1.0	1.0
20260628	小倉	4	◎	12	バンダムソレール	0.88	0.969
20260628	小倉	4	○	10	メンデレーエフ	1.0	0.969
20260628	小倉	4	▲	14	ジューンマーチ	1.0	0.969
20260628	小倉	4	☆	6	グリーンゴー	1.0	0.969
20260628	小倉	7	◎	7	イイデカンタロウ	1.0	0.964
20260628	小倉	7	○	4	アイカンアズーラ	1.0	0.964
20260628	小倉	7	▲	2	ゴールデンバランス	1.0	0.964
20260628	小倉	7	☆	5	パドゼフィール	0.86	0.964
20260628	小倉	8	◎	6	エレガンシア	1.0	0.938
20260628	小倉	8	○	3	メイショウピリカ	0.88	0.938
20260628	小倉	8	▲	1	グランドオーパス	0.88	0.938
20260628	小倉	8	☆	7	レーヌマロン	1.0	0.938
20260628	小倉	9	◎	3	ショウナンガチ	1.0	0.944
20260628	小倉	9	○	7	ナリタエスペランサ	0.89	0.944
20260628	小倉	9	▲	6	ニュークレド	1.0	0.944
20260628	小倉	9	☆	8	マテンロウシルビア	0.89	0.944
20260628	小倉	10	◎	1	シンコーナホチャン	0.89	0.972
20260628	小倉	10	○	11	アラナコア	1.0	0.972
20260628	小倉	10	▲	7	テーオーライマン	1.0	0.972
20260628	小倉	10	☆	8	メイショウヘール	1.0	0.972
20260628	小倉	11	◎	7	ブラックケリー	1.0	0.969
20260628	小倉	11	○	6	アサクサグレース	0.88	0.969
20260628	小倉	11	▲	2	ベイビーキッス	1.0	0.969
20260628	小倉	11	☆	8	スカイハイ	1.0	0.969
20260628	小倉	12	◎	6	チャチャピンク	0.86	0.933
20260628	小倉	12	○	12	ブラックレジェンド	1.0	0.933
20260628	小倉	12	▲	3	アンティーム	1.0	0.933
20260628	小倉	12	☆	13	モズプリヴェール	0.88	0.933
20260628	福島	2	◎	2	カラクリスピリッツ	0.89	0.972
20260628	福島	2	○	12	ウインビギニング	1.0	0.972
20260628	福島	2	▲	13	カシマライフウ	1.0	0.972
20260628	福島	2	☆	7	チェイサー	1.0	0.972
20260628	福島	3	◎	4	ユイノヘラクレス	1.0	0.972
20260628	福島	3	○	2	アイファーラピッド	0.89	0.972
20260628	福島	3	▲	5	オオセイケイ	1.0	0.972
20260628	福島	3	☆	1	ドルチェテソーロ	1.0	0.972
20260628	福島	6	◎	4	スカット	1.0	0.972
20260628	福島	6	○	6	サトノワーグナー	1.0	0.972
20260628	福島	6	▲	2	リアアーテシアン	1.0	0.972
20260628	福島	6	☆	16	オレンジキャンパス	0.89	0.972
20260628	福島	7	◎	11	ホットジュピター	0.88	0.933
20260628	福島	7	○	15	マイネルヴェーゼン	1.0	0.933
20260628	福島	7	▲	5	ノーブルラホーヤ	1.0	0.933
20260628	福島	7	☆	14	アイアンパイク	0.86	0.933
20260628	福島	8	◎	4	リリエンフェルト	0.88	0.941
20260628	福島	8	○	5	ニホンピロロジャー	0.89	0.941
20260628	福島	8	▲	1	ゲンジ	1.0	0.941
20260628	福島	8	☆	7	ストレートブラック	1.0	0.941
20260628	福島	9	◎	4	レッセパッセ	0.83	0.923
20260628	福島	9	○	7	コスモイシュタル	1.0	0.923
20260628	福島	9	▲	6	ボウウィンドウ	0.86	0.923
20260628	福島	9	☆	12	ノビリシマビジョン	1.0	0.923
20260628	福島	10	◎	11	クロースコンバット	1.0	1.0
20260628	福島	10	○	4	エクリプスルバン	1.0	1.0
20260628	福島	10	▲	9	ドバイブルース	1.0	1.0
20260628	福島	10	☆	10	ゴールドアローン	1.0	1.0
20260628	福島	11	◎	16	スペルーチェ	0.83	0.927
20260628	福島	11	○	5	リッツパーティー	0.88	0.927
20260628	福島	11	▲	9	キンググローリー	1.0	0.927
20260628	福島	11	☆	13	サノノグレーター	1.0	0.927
20260628	福島	12	◎	6	カツノテンス	1.0	1.0
20260628	福島	12	○	5	クアロアランチ	1.0	1.0
20260628	福島	12	▲	4	ミルトハーバー	1.0	1.0
20260628	福島	12	☆	13	ブーケドリス	1.0	1.0
20260801	中京	1	◎	2	シャインラブ	1.0	1.0
20260801	中京	1	○	8	サイモンレガシー	1.0	1.0
20260801	中京	1	▲	3	オスカーレイア	1.0	1.0
20260801	中京	1	☆	6	フェーエンハフト	1.0	1.0
20260801	中京	3	◎	1	アージュドール	1.0	0.958
20260801	中京	3	○	11	チェファルー	1.0	0.958
20260801	中京	3	▲	7	アイルドゥレーヴェ	1.0	0.958
20260801	中京	3	☆	8	ソルアモール	0.83	0.958
20260801	中京	4	◎	12	ラミアスペランツァ	0.89	0.972
20260801	中京	4	○	9	ウンナターシャ	1.0	0.972
20260801	中京	4	▲	15	フィデリス	1.0	0.972
20260801	中京	4	☆	10	クラテロス	1.0	0.972
20260801	中京	5	◎	2	ゴールデンドラゴン	1.0	1.0
20260801	中京	5	○	9	メイショウナナシロ	1.0	1.0
20260801	中京	5	▲	1	ベラジオヴァレル	1.0	1.0
20260801	中京	5	☆	3	クロンヌジャン	1.0	1.0
20260801	中京	6	◎	1	トゥロン	0.75	0.896
20260801	中京	6	○	3	スナッピードレッサ	1.0	0.896
20260801	中京	6	▲	14	リサシテーション	1.0	0.896
20260801	中京	6	☆	13	ピエマンソン	0.83	0.896
20260801	中京	7	◎	11	アイルシャイン	1.0	0.929
20260801	中京	7	○	2	アンドゥーリル	0.86	0.929
20260801	中京	7	▲	4	ミエスペランサ	0.86	0.929
20260801	中京	7	☆	10	エポックヴィーナス	1.0	0.929
20260801	中京	8	◎	8	ソウルアンドジャズ	1.0	0.983
20260801	中京	8	○	10	ビービークローサー	1.0	0.983
20260801	中京	8	▲	4	ボクマダネムイヨ	0.93	0.983
20260801	中京	8	☆	12	バルダンツァ	1.0	0.983
20260801	中京	10	◎	12	エコログロウ	1.0	0.964
20260801	中京	10	○	14	プルメリアリノ	0.86	0.964
20260801	中京	10	▲	11	ウォーターデライト	1.0	0.964
20260801	中京	10	☆	10	カフェノワール	1.0	0.964
20260801	中京	11	◎	1	シルバーリム	1.0	0.95
20260801	中京	11	○	7	ピカキウイ	0.8	0.95
20260801	中京	11	▲	2	エクリュ	1.0	0.95
20260801	中京	11	☆	5	ヴィスコンテッサ	1.0	0.95
20260801	中京	12	◎	5	メイショウビストロ	1.0	1.0
20260801	中京	12	○	6	ヴォーカライズ	1.0	1.0
20260801	中京	12	▲	3	ララファキュルテ	1.0	1.0
20260801	中京	12	☆	8	グレゴリオ	1.0	1.0
20260801	新潟	1	◎	8	クールストラッチン	1.0	1.0
20260801	新潟	1	○	10	エストレアボニータ	1.0	1.0
20260801	新潟	1	▲	4	フォーエバーブルー	1.0	1.0
20260801	新潟	1	☆	2	コスモルトチェコ	1.0	1.0
20260801	新潟	4	◎	13	イデアクリスタル	1.0	1.0
20260801	新潟	4	○	3	ユニバーサルラヴ	1.0	1.0
20260801	新潟	4	▲	15	ブルージンジャー	1.0	1.0
20260801	新潟	4	☆	10	フィクセルリリア	1.0	1.0
20260801	新潟	5	◎	9	ロンバスブレス	0.86	0.964
20260801	新潟	5	○	12	サクラドール	1.0	0.964
20260801	新潟	5	▲	2	レイズレガシー	1.0	0.964
20260801	新潟	5	☆	5	ジーティーニッツァ	1.0	0.964
20260801	新潟	6	◎	11	スピンザブラッド	0.88	0.933
20260801	新潟	6	○	10	コンフォルツァ	0.86	0.933
20260801	新潟	6	▲	6	エリカアンディーヴ	1.0	0.933
20260801	新潟	6	☆	7	ツルマウカタチ	1.0	0.933
20260801	新潟	7	◎	9	ブルータス	1.0	0.903
20260801	新潟	7	○	6	ペンナヴェローチェ	0.78	0.903
20260801	新潟	7	▲	14	ショウサンジョージ	1.0	0.903
20260801	新潟	7	☆	15	オレデイイノカ	0.83	0.903
20260801	新潟	8	◎	2	ベルウッドクレド	1.0	1.0
20260801	新潟	8	○	11	リアライズルミナス	1.0	1.0
20260801	新潟	8	▲	7	ウィロークリーク	1.0	1.0
20260801	新潟	8	☆	12	ティラーノ	1.0	1.0
20260801	新潟	9	◎	13	キングクレオール	1.0	1.0
20260801	新潟	9	○	10	エアサロメ	1.0	1.0
20260801	新潟	9	▲	2	グランルチャドール	1.0	1.0
20260801	新潟	9	☆	1	ブリックンクリック	1.0	1.0
20260801	新潟	10	◎	1	タマモブレイキン	1.0	0.972
20260801	新潟	10	○	13	ゴールドプレイヤー	0.89	0.972
20260801	新潟	10	▲	5	ロードプレリュード	1.0	0.972
20260801	新潟	10	☆	9	ゼンノスタニング	1.0	0.972
20260801	新潟	11	◎	8	クイーンアン	1.0	0.958
20260801	新潟	11	○	11	クリスタルドレス	1.0	0.958
20260801	新潟	11	▲	1	ヴェニゼロス	0.83	0.958
20260801	新潟	11	☆	12	アニゴザントス	1.0	0.958
20260801	新潟	12	◎	11	レモンバーム	1.0	0.938
20260801	新潟	12	○	16	ゴールドパレード	0.88	0.938
20260801	新潟	12	▲	7	カガラプンツェル	0.88	0.938
20260801	新潟	12	☆	5	クリノゴッホ	1.0	0.938
20260801	札幌	1	◎	2	アルデバローズ	1.0	0.887
20260801	札幌	1	○	3	ナブッコ	0.75	0.887
20260801	札幌	1	▲	1	サンライズロイ	1.0	0.887
20260801	札幌	1	☆	6	ヒューザー	0.8	0.887
20260801	札幌	2	◎	8	ブルーリボン	1.0	0.972
20260801	札幌	2	○	4	ニーナラルゴ	1.0	0.972
20260801	札幌	2	▲	2	マイネルリコルディ	0.89	0.972
20260801	札幌	2	☆	3	ステラルミノーザ	1.0	0.972
20260801	札幌	3	◎	4	コーリンクレア	1.0	0.969
20260801	札幌	3	○	6	ハイテイラオユエ	0.88	0.969
20260801	札幌	3	▲	5	アルジェンタム	1.0	0.969
20260801	札幌	3	☆	8	リテラシー	1.0	0.969
20260801	札幌	4	◎	2	ドーギッド	1.0	1.0
20260801	札幌	4	○	1	アイドクレース	1.0	1.0
20260801	札幌	4	▲	4	ブルースカイブルー	1.0	1.0
20260801	札幌	4	☆	7	ミリオンクラウン	1.0	1.0
20260801	札幌	6	◎	7	テーオーナタリー	1.0	0.938
20260801	札幌	6	○	8	ウーマンズパワー	0.88	0.938
20260801	札幌	6	▲	1	エスカレイト	1.0	0.938
20260801	札幌	6	☆	2	グッバイウェーブ	0.88	0.938
20260801	札幌	7	◎	12	マンサニージャ	1.0	1.0
20260801	札幌	7	○	7	モンロワイヤル	1.0	1.0
20260801	札幌	7	▲	11	コスモクラシック	1.0	1.0
20260801	札幌	7	☆	8	マリノリュミエール	1.0	1.0
20260801	札幌	8	◎	5	シーリュウシー	1.0	1.0
20260801	札幌	8	○	4	エスシービクトリア	1.0	1.0
20260801	札幌	8	▲	11	メイショウコシュウ	1.0	1.0
20260801	札幌	8	☆	7	タマモスカイ	1.0	1.0
20260801	札幌	9	◎	3	フォルテフィオーレ	1.0	0.95
20260801	札幌	9	○	6	ジョイエッロ	1.0	0.95
20260801	札幌	9	▲	2	テルヒコウ	0.8	0.95
20260801	札幌	9	☆	1	ウィルサヴァイブ	1.0	0.95
20260801	札幌	10	◎	12	ヴェガリア	1.0	0.969
20260801	札幌	10	○	1	イヌボウノウタゴエ	1.0	0.969
20260801	札幌	10	▲	8	ルールザウェイヴ	0.88	0.969
20260801	札幌	10	☆	5	ハヤブササキチャン	1.0	0.969
20260801	札幌	11	◎	16	ディーガレジェンド	1.0	0.985
20260801	札幌	11	○	12	アルマデオロ	1.0	0.985
20260801	札幌	11	▲	8	キャントウェイト	0.94	0.985
20260801	札幌	11	☆	4	チルカーノ	1.0	0.985
20260801	札幌	12	◎	4	タマモカンパネラ	0.88	0.969
20260801	札幌	12	○	1	キャットテイル	1.0	0.969
20260801	札幌	12	▲	7	ユージュアーナ	1.0	0.969
20260801	札幌	12	☆	2	エンプレスフレーム	1.0	0.969
