{
 "version": 1,
 "model": "logistic",
 "indices_version": 10,
 "trained_at": "2026-06-10T23:23:29.049166+00:00",
 "train_start": 20240101,
 "train_end": 20260610,
 "n_train": 208546,
 "band": [
  10.0,
  15.0
 ],
 "threshold": 0.25371152179554685,
 "features": [
  "speed_index",
  "last3f_index",
  "jockey_index",
  "rotation_index",
  "last_margin_index",
  "speed_index_rk",
  "last3f_index_rk",
  "jockey_index_rk",
  "rotation_index_rk",
  "last_margin_index_rk",
  "kc_sp_rk",
  "nk_idx_rk",
  "b_kc",
  "b_nk",
  "badge_cnt",
  "hc",
  "n_unpop"
 ],
 "median": {
  "speed_index": 37.74338245913347,
  "last3f_index": 49.868046866677474,
  "jockey_index": 44.735362997658086,
  "rotation_index": 67.0,
  "last_margin_index": 48.3642511216479,
  "speed_index_rk": 7.0,
  "last3f_index_rk": 7.0,
  "jockey_index_rk": 7.0,
  "rotation_index_rk": 5.0,
  "last_margin_index_rk": 7.0,
  "kc_sp_rk": 7.0,
  "nk_idx_rk": 7.0,
  "b_kc": 0.0,
  "b_nk": 0.0,
  "badge_cnt": 0.0,
  "hc": 11.0,
  "n_unpop": 7.0
 },
 "mean": [
  36.98636878815471,
  48.817251156275375,
  46.053089003226695,
  59.51837963806546,
  47.188614239765855,
  6.631702358232716,
  6.437960929483183,
  6.694873073566503,
  5.352037440181063,
  6.527782839277665,
  6.83374411400842,
  6.962641335724492,
  0.13732701658147364,
  0.05809749407804513,
  0.19542451065951877,
  10.925378573552118,
  7.50015823847017
 ],
 "scale": [
  11.120250942275394,
  7.078802091811954,
  10.844317783642136,
  18.166472807854458,
  9.320444201989531,
  3.221706736628884,
  3.242832424083017,
  3.10801278209658,
  2.8716805280748634,
  3.0118918881834147,
  2.799480141723439,
  1.8657300857886014,
  0.34419225310617513,
  0.2339277137491337,
  0.4509362510149426,
  1.6280349904865585,
  1.8500023454245798
 ],
 "coef": [
  0.09644794505098998,
  -0.030900647957608853,
  0.05431241148760084,
  0.0026698122854599857,
  0.2077672665504049,
  -0.08697393597603226,
  -0.045693370956945846,
  -0.158773949620197,
  -0.03365555937755554,
  -0.016576090683643827,
  -0.24343703694140212,
  -0.15524290330259605,
  0.005000752198394317,
  -0.012763648676638033,
  -0.002804278841600277,
  -0.17333090159335907,
  0.1716093005996195
 ],
 "intercept": -1.9474689932398057,
 "validation": {
  "holdout_start": 20250611,
  "holdout_end": 20260610,
  "band_n": 11052,
  "band_base": 0.3192,
  "a2_n": 3063,
  "a2_precision": 0.3575,
  "note": "in-sample reference (trained on full period)"
 }
}