{
  "umaren": 0.48034478820795873,
  "umaren_nll_gain": 4370.0886,
  "sanrenpuku": 0.4335907711417721,
  "sanrenpuku_nll_gain": 7914.1708,
  "sanrentan": 0.44563469929296773,
  "sanrentan_nll_gain": 7913.3712,
  "fukusho": 0.434531087657466,
  "fukusho_nll_gain": 5324.0145,
  "wide": 0.48034478820795873,
  "tansho": 1.0
}