{
  "version": 1,
  "fit_date": "2026-06-13T08:05:06",
  "params": {
    "win": {
      "a": -0.097556,
      "b": 0.997753,
      "mae": 0.0072,
      "bias": 0.0,
      "bias_low_odds": -0.001,
      "bias_high_odds": -0.0006,
      "n": 8650
    },
    "place": {
      "a": 0.012226,
      "b": 0.751298,
      "mae": 0.0649,
      "bias": -0.0,
      "bias_low_odds": 0.0054,
      "bias_high_odds": -0.0046,
      "n": 25735
    },
    "quinella": {
      "a": 0.069063,
      "b": 0.86724,
      "mae": 0.0794,
      "bias": -0.0,
      "bias_low_odds": -0.0063,
      "bias_high_odds": -0.0009,
      "n": 8649
    },
    "wide": {
      "a": -0.149147,
      "b": 0.696637,
      "mae": 0.103,
      "bias": 0.0,
      "bias_low_odds": 0.0076,
      "bias_high_odds": 0.005,
      "n": 25951
    },
    "exacta": {
      "a": 0.063646,
      "b": 0.882622,
      "mae": 0.0893,
      "bias": 0.0,
      "bias_low_odds": -0.0082,
      "bias_high_odds": -0.0036,
      "n": 8662
    },
    "trio": {
      "a": 0.241576,
      "b": 0.790128,
      "mae": 0.1192,
      "bias": -0.0,
      "bias_low_odds": -0.0066,
      "bias_high_odds": -0.0054,
      "n": 8657
    },
    "trifecta": {
      "a": 0.271309,
      "b": 0.827866,
      "mae": 0.1452,
      "bias": 0.0,
      "bias_low_odds": -0.0118,
      "bias_high_odds": -0.0052,
      "n": 8682
    }
  }
}