{
 "version": 1,
 "model": "logistic+isotonic",
 "indices_version": 26,
 "trained_at": "2026-06-13T09:14:33.127266+00:00",
 "n_train": 102072,
 "min_odds": 10.0,
 "floor": 0.2,
 "features": [
  "log_odds",
  "pp",
  "wp",
  "comp_rank",
  "pp_rank",
  "bdm_rank",
  "tdm_rank",
  "kc_rank",
  "b_ana",
  "b_anaAB",
  "badge_cnt",
  "badge_any",
  "hc",
  "n_unpop",
  "is_turf",
  "distance",
  "speed_index",
  "last_3f_index",
  "course_aptitude",
  "position_advantage",
  "jockey_index",
  "pace_index",
  "rotation_index",
  "rebound_index",
  "career_phase_index",
  "distance_change_index",
  "speed_index_rk",
  "last_3f_index_rk",
  "course_aptitude_rk",
  "position_advantage_rk",
  "jockey_index_rk",
  "pace_index_rk",
  "rotation_index_rk",
  "rebound_index_rk",
  "career_phase_index_rk",
  "distance_change_index_rk"
 ],
 "median": {
  "log_odds": 3.927896354584436,
  "pp": 0.013,
  "wp": 0.0043,
  "comp_rank": 9.0,
  "pp_rank": 9.0,
  "bdm_rank": 9.0,
  "tdm_rank": 9.0,
  "kc_rank": 9.0,
  "b_ana": 0.0,
  "b_anaAB": 0.0,
  "badge_cnt": 0.0,
  "badge_any": 0.0,
  "hc": 16.0,
  "n_unpop": 11.0,
  "is_turf": 0.0,
  "distance": 1600.0,
  "speed_index": 50.2,
  "last_3f_index": 50.2,
  "course_aptitude": 50.2,
  "position_advantage": 50.3,
  "jockey_index": 46.8,
  "pace_index": 65.7,
  "rotation_index": 63.4,
  "rebound_index": 50.0,
  "career_phase_index": 50.9,
  "distance_change_index": 50.0,
  "speed_index_rk": 8.0,
  "last_3f_index_rk": 7.0,
  "course_aptitude_rk": 5.0,
  "position_advantage_rk": 7.0,
  "jockey_index_rk": 9.0,
  "pace_index_rk": 5.0,
  "rotation_index_rk": 7.0,
  "rebound_index_rk": 1.0,
  "career_phase_index_rk": 7.0,
  "distance_change_index_rk": 1.0
 },
 "mean": [
  4.017241176760857,
  0.054641798926248146,
  0.01826960184967474,
  9.42355396190924,
  9.450721059644172,
  9.325652480601928,
  9.094511717219218,
  8.698869425503567,
  0.10968727956736421,
  0.07369307939493691,
  0.2551434281683517,
  0.21824790344070852,
  14.659691198369778,
  10.643251822243123,
  0.46704287169840897,
  1650.324280899757,
  50.27227643232228,
  50.18286699584608,
  50.86534211145074,
  49.7791754839721,
  47.39038031977427,
  65.37467277999843,
  63.951515596833616,
  49.48028940355828,
  51.62609530527472,
  45.60740751626303,
  7.925219452935183,
  7.744699819735089,
  6.729485069362803,
  7.420360137941845,
  8.789687671447606,
  6.074143741672545,
  7.522973979151971,
  1.902843091151344,
  7.288512030723411,
  1.9567462183556705
 ],
 "scale": [
  1.0686238676414372,
  0.11167749429119188,
  0.03951437009006343,
  3.7680145605858937,
  3.7310354997827164,
  3.6988422252060915,
  3.9068946722848157,
  3.4012486433886857,
  0.3124995684292622,
  0.26127075887712436,
  0.5206216525730242,
  0.4130566015504941,
  2.343663871038759,
  2.5201153513816674,
  0.4989126453539863,
  407.1026839614811,
  6.98120929146055,
  5.238377943031719,
  5.109082414631679,
  7.261026567429948,
  8.046585417442735,
  11.998006357593356,
  17.790684535510056,
  2.3792776234962223,
  6.150638359333043,
  13.091072734184038,
  4.643175412001729,
  4.624008815528393,
  4.782055962669685,
  4.364229891163378,
  4.153347579590196,
  4.416096606974674,
  4.513425955208701,
  3.1438795947696043,
  4.67799499045517,
  2.7205052008098494
 ],
 "coef": [
  -1.0116825742206574,
  0.0032111093583429224,
  0.004160490321567722,
  -0.054723325353371516,
  -0.16777444331252728,
  0.08950671212816104,
  0.011963300217839107,
  -0.03977550426183481,
  0.015921418535300307,
  0.0039792490901784045,
  -0.01230658544140915,
  -0.0037321045114269828,
  -0.19133026649795917,
  0.15736739230523394,
  -0.0011051178475647528,
  -0.003021415349514411,
  -0.00485227908328846,
  0.024201512715631358,
  -0.01589516743802521,
  0.07564684984992139,
  -0.10862965996979963,
  -0.028751094946979357,
  0.004903403074181592,
  -0.07609417593012725,
  0.02268190087314594,
  0.004671008939118114,
  0.030020452243718316,
  -0.009237579642489505,
  0.0266824273299509,
  0.013163135444093452,
  -0.0366803120947204,
  -0.03525390730470558,
  -0.006953621806538202,
  -0.09546263724020736,
  0.02643742103267768,
  -0.0019497538588210265
 ],
 "intercept": -2.533111751533683,