{
 "version": 1,
 "model": "logistic",
 "indices_version": 26,
 "trained_at": "2026-06-10T22:22:13.872419+00:00",
 "train_start": 20230506,
 "train_end": 20260607,
 "n_train": 102072,
 "band": [
  10.0,
  15.0
 ],
 "threshold": 0.20996143217906546,
 "features": [
  "pp",
  "wp",
  "comp_rank",
  "bdm_rank",
  "tdm_rank",
  "kc_rank",
  "b_ana",
  "badge_cnt",
  "hc",
  "n_unpop",
  "speed_index",
  "last_3f_index",
  "course_aptitude",
  "position_advantage",
  "jockey_index",
  "pace_index",
  "rotation_index",
  "rebound_index",
  "career_phase_index",
  "distance_change_index",
  "speed_index_rk",
  "last_3f_index_rk",
  "course_aptitude_rk",
  "position_advantage_rk",
  "jockey_index_rk",
  "pace_index_rk",
  "rotation_index_rk",
  "rebound_index_rk",
  "career_phase_index_rk",
  "distance_change_index_rk"
 ],
 "median": {
  "pp": 0.013,
  "wp": 0.0043,
  "comp_rank": 9.0,
  "bdm_rank": 9.0,
  "tdm_rank": 9.0,
  "kc_rank": 9.0,
  "b_ana": 0.0,
  "badge_cnt": 0.0,
  "hc": 16.0,
  "n_unpop": 11.0,
  "speed_index": 50.2,
  "last_3f_index": 50.2,
  "course_aptitude": 50.2,
  "position_advantage": 50.3,
  "jockey_index": 46.8,
  "pace_index": 65.7,
  "rotation_index": 63.4,
  "rebound_index": 50.0,
  "career_phase_index": 50.9,
  "distance_change_index": 50.0,
  "speed_index_rk": 8.0,
  "last_3f_index_rk": 7.0,
  "course_aptitude_rk": 5.0,
  "position_advantage_rk": 7.0,
  "jockey_index_rk": 9.0,
  "pace_index_rk": 5.0,
  "rotation_index_rk": 7.0,
  "rebound_index_rk": 1.0,
  "career_phase_index_rk": 7.0,
  "distance_change_index_rk": 1.0
 },
 "mean": [
  0.054641798926248146,
  0.018269601849674737,
  9.42355396190924,
  9.325652480601928,
  9.094511717219218,
  8.698869425503567,
  0.10968727956736421,
  0.2551434281683517,
  14.659691198369778,
  10.643251822243123,
  50.27227643232228,
  50.18286699584606,
  50.865342111450744,
  49.7791754839721,
  47.39038031977428,
  65.37467277999843,
  63.9515155968336,
  49.48028940355827,
  51.6260953052747,
  45.60740751626303,
  7.925219452935183,
  7.744699819735089,
  6.729485069362803,
  7.420360137941845,
  8.789687671447606,
  6.074143741672545,
  7.522973979151971,
  1.902843091151344,
  7.288512030723411,
  1.9567462183556705
 ],
 "scale": [
  0.11167749429119186,
  0.03951437009006343,
  3.7680145605858932,
  3.6988422252060915,
  3.9068946722848157,
  3.4012486433886857,
  0.3124995684292622,
  0.5206216525730242,
  2.343663871038759,
  2.520115351381668,
  6.98120929146055,
  5.238377943031719,
  5.109082414631679,
  7.261026567429948,
  8.046585417442735,
  11.998006357593356,
  17.790684535510056,
  2.3792776234962223,
  6.150638359333043,
  13.09107273418404,
  4.643175412001729,
  4.624008815528393,
  4.782055962669685,
  4.364229891163378,
  4.153347579590196,
  4.416096606974674,
  4.513425955208702,
  3.1438795947696043,
  4.67799499045517,
  2.7205052008098494
 ],
 "coef": [
  0.014362117582066935,
  -0.012957776608119443,
  -0.4418437891892456,
  -0.1273669481606479,
  -0.07817408096233232,
  -0.07282126551243118,
  0.06095305725991219,
  -0.00840049734266264,
  -0.12152044202077307,
  0.11983393675199411,
  0.06775593516049312,
  0.03750787190553516,
  0.06704748337897803,
  0.07364139230264827,
  0.006734648772225735,
  -0.07401874134392286,
  0.023614748496468954,
  -0.057327957969003536,
  0.007477212646727428,
  -0.010713504174712955,
  0.04639320574377067,
  -0.003487615030138913,
  -0.022416070367814133,
  0.004076121496624476,
  -0.02098230149836634,
  -0.03676274469834473,
  0.03438579751185144,
  -0.10154276400282383,
  0.01636850295450368,
  -0.016875728995414976
 ],
 "intercept": -2.306632251055336,
 "validation": {
  "holdout_start": 20250614,
  "holdout_end": 20260607,
  "band_n": 4162,
  "band_base": 0.266,
  "a2_n": 965,
  "a2_precision": 0.2984,
  "a3_n": 377,
  "a3_precision": 0.3103,
  "note": "in-sample reference (trained on full period)"
 }
}