tree
version=v4
num_class=1
num_tree_per_iteration=1
label_index=0
max_feature_idx=33
objective=binary sigmoid:1
feature_names=speed_index last_3f_index course_aptitude position_advantage rotation_index jockey_index pace_index pedigree_index training_index anagusa_index paddock_index rebound_index rivals_growth_index career_phase_index distance_change_index jockey_trainer_combo_index going_pedigree_index distance head_count is_turf is_dirt is_jump is_good is_yaya is_heavy is_bad is_g1g2g3 frame_number horse_age weight_carried horse_weight weight_change jvan_time_dm jvan_battle_dm
feature_infos=[0:79] [14.1:71.900000000000006] [18.5:72.5] [31.699999999999999:69.5] [20:100] [0:84.299999999999997] [34.100000000000001:100] [26.800000000000001:91.200000000000003] [11.4:86.5] [40.200000000000003:76.900000000000006] none [40:70] [50:100] [20:85] [25:75] [35:70] [30:75] [1000:4260] [8:18] [0:1] [0:1] [0:1] [0:1] [0:1] [0:1] [0:1] [0:1] [1:8] [2:12] [49:65] [340:630] [-46:999] [11.699999999999999:98.099999999999994] [6.2000000000000002:89.900000000000006]
tree_sizes=3365 3454 3442 3455 3459 3450 3465 3459 3455 3451 3467 3461 3464 3449 3470 3470 3470 3475 3456 3465 3462 3463 3457 3481 3468 3463 3467 3476 3465 3469 3477 3459 3464 3476 3468 3478 3478 3478 3474 3456 3461 3474 3466 3484 3499 3482 3479 3474 3474 3485 3511 3454 3465 3469 3481 3469 3471 3484 3476 3490 3489 3475 3461 3437 3478 3458 3473 3471 3448 3481 3466 3468 3460 3453 3484 3472 3472 3473 3460 3470 3350 3473 3479 2721 3336 3452 3461 3460 3474 2609 3496 3481 3479 3465 3500 3458 3451 3470 3471 3448 1548 3480 2826 2726 2835 3352 3480 3482 3474 2938 3045 3458 3476 3478 3478 3452 3463 3459 3460 3486 3476 3469 3459 3474 3465 3365 3483 3480 3473 3484 3458 2838 3459 2397 2492 3369 3476 3243 3484 3458 3462 3488 3452 3507 2918 3165 3496 3493 3451 3447 3469 3444 2941 3464 3036 3435 3456 3458 3058 3461 3483 3486 2916 3486 3462 3132 3450 3142 3114 3447 3469 2504 2074 3452 3449 3456 3493 3257 3451 3148 2723 3157 3447 2190 3491 2395 2416 2829 2399 2288 3462 3460 3269 3462 3448 2610 1536 3477 3470 2706 3143 3039 3484 3237 3474 3453 3366 3464 3474

Tree=0
num_leaves=31
num_cat=0
split_feature=32 32 32 18 5 5 5 18 5 18 18 0 1 18 18 32 4 1 5 18 5 20 32 4 28 2 32 32 5 1
split_gain=5427.33 931.016 596.971 229.807 225.153 200.307 181.342 130.725 130.537 85.1773 84.9193 78.5331 74.3948 64.3441 64.2409 56.5548 51.4008 51.3715 49.3472 46.5604 45.5657 44.1356 45.4304 42.7125 39.6246 38.495 35.3645 35.2896 35.1539 34.4522
threshold=64.550000000000011 72.050000000000011 57.750000000000007 11.500000000000002 58.350000000000001 57.550000000000004 51.550000000000004 11.500000000000002 55.95000000000001 12.500000000000002 13.500000000000002 49.350000000000001 51.350000000000001 12.500000000000002 10.500000000000002 69.65000000000002 92.450000000000017 56.050000000000004 71.850000000000009 10.500000000000002 46.250000000000007 1.0000000180025095e-35 74.850000000000009 84.950000000000017 3.5000000000000004 49.95000000000001 61.550000000000004 49.550000000000004 68.250000000000014 54.95000000000001
decision_type=10 10 8 2 2 2 2 2 2 2 2 2 2 2 2 10 2 2 2 2 2 2 10 2 2 2 8 10 2 2
left_child=2 5 6 20 13 7 11 -2 16 -6 23 -1 -9 -3 -8 -14 -5 -11 -12 -13 -4 -15 -23 -7 -19 -16 -10 -21 -27 -22
right_child=1 4 3 8 9 10 14 12 26 17 18 19 15 21 25 -17 -18 24 -20 27 29 22 -24 -25 -26 28 -28 -29 -30 -31
leaf_value=-1.3328583202841837 -1.2333090359850543 -1.1968725439137951 -1.2779416010241094 -1.3050013639707398 -1.1502460175745968 -1.2222862154000178 -1.2660512284802095 -1.2847448903670116 -1.2886995545976263 -1.2076212535953572 -1.2501702752677335 -1.2975617381937739 -1.2690840959318981 -1.245642225269328 -1.3181311913856766 -1.2416279122415106 -1.2707838786983789 -1.1563840771236134 -1.2030699066545123 -1.3277632668379884 -1.2535480468792122 -1.2387523138076513 -1.2018783307127416 -1.1736407162593359 -1.2035238094776306 -1.3014848315231529 -1.2637169324356108 -1.3144525004797181 -1.2530767145125292 -1.211705312205325
leaf_weight=1656.967294216156 281.99002824723721 184.54133696854115 137.34493248164654 1723.3478487282991 153.98251391947269 161.11290596425533 110.86061917245388 566.86616756021976 265.86176052689552 269.59672778844833 498.10881569981575 238.52859102189541 730.01632839441299 274.01078000664711 406.60211779177189 252.95914635062218 116.97238378226757 123.25391963124275 62.815358489751816 980.59867739677429 179.95751351118088 154.32205639779568 185.72973564267159 63.664214685559273 72.322547882795334 628.32335613667965 302.36257694661617 1023.0414871871471 39.726469963788986 68.24803814291954
leaf_count=9760 1661 1087 809 10151 907 949 653 3339 1566 1588 2934 1405 4300 1614 2395 1490 689 726 370 5776 1060 909 1094 375 426 3701 1781 6026 234 402
internal_value=-1.28503 -1.23788 -1.30918 -1.29062 -1.20525 -1.25556 -1.31939 -1.26462 -1.29635 -1.1826 -1.23444 -1.32459 -1.27033 -1.22282 -1.30225 -1.26201 -1.30282 -1.19334 -1.24487 -1.31848 -1.25478 -1.23064 -1.21858 -1.20844 -1.17374 -1.30599 -1.27541 -1.32097 -1.29859 -1.242
internal_weight=11914 4035.29 7878.74 2794.1 1417.76 2617.53 5084.65 1831.83 2408.54 619.156 785.701 3899.14 1549.84 798.604 1185.51 982.975 1840.32 465.173 560.924 2242.17 385.55 614.063 340.052 224.777 195.576 1074.65 568.224 2003.64 668.05 248.206
internal_count=70177 23769 46408 16458 8351 15418 29950 10790 14187 3647 4628 22967 9129 4704 6983 5790 10840 2740 3304 13207 2271 3617 2003 1324 1152 6330 3347 11802 3935 1462
is_linear=0
shrinkage=1


Tree=1
num_leaves=31
num_cat=0
split_feature=33 33 33 18 18 33 32 32 18 32 32 21 17 32 18 18 5 18 33 1 3 4 33 33 5 33 4 32 33 33
split_gain=6222.13 1182.3 781.274 245.009 234.344 157.366 141.764 118.144 104.716 104.248 95.6255 78.7007 54.8772 54.8471 51.0707 48.4331 46.7313 43.3521 43.0277 40.3045 37.3693 38.7566 33.017 32.4323 30.1071 29.337 29.1672 28.7672 28.5532 26.0177
threshold=59.850000000000001 48.050000000000004 71.050000000000011 12.500000000000002 11.500000000000002 34.050000000000004 69.050000000000011 69.250000000000014 11.500000000000002 65.250000000000014 73.250000000000014 1.0000000180025095e-35 2810.0000000000005 52.95000000000001 14.500000000000002 12.500000000000002 65.350000000000009 10.500000000000002 56.650000000000013 55.750000000000007 41.550000000000004 94.550000000000011 67.050000000000011 44.45000000000001 54.250000000000007 65.050000000000011 88.050000000000011 70.750000000000014 62.250000000000007 76.450000000000017
decision_type=10 8 10 2 2 10 10 10 2 10 10 2 2 10 2 2 2 2 10 2 2 2 10 10 2 10 2 10 10 10
left_child=1 5 4 7 22 -1 14 13 23 18 17 -11 -9 -3 -6 -12 28 -4 -5 -17 -19 -22 -2 -7 -10 -16 -15 -13 -8 -21
right_child=2 3 10 9 6 8 16 12 24 11 15 27 -14 26 25 19 -18 20 -20 29 21 -23 -24 -25 -26 -27 -28 -29 -30 -31
leaf_value=-0.049598190969391026 0.067341215666231372 -0.012464009758985371 0.12519311474446135 -0.018779939437715054 0.039222006682601729 -0.017614108538879372 0.021667954964617091 0.044768895873772752 -0.037776091709158521 0.0031019583132064462 0.13899391249992424 0.034635876799202055 0.11455490014608119 0.016598207108132552 0.0081070823918569235 0.083985857679768933 0.073921110073694563 0.042105601003342034 0.00045441933134359754 0.09814819091785762 0.072524345469619875 0.11104858008352991 0.10006820144979528 0.012253186259678958 -0.023184594407517269 0.0272151860072554 0.049020101297120568 0.11815577633491213 0.048762076317689675 0.13522920181666073
leaf_weight=1995.3912766724825 255.12046703696251 152.90130068361759 45.688420698046684 1457.651461571455 334.33150693774223 325.14104513823986 119.50252595543861 104.27707542479038 2170.0461706221104 736.45122681558132 105.2660191655159 22.689747154712677 38.887666583061218 485.93575415015221 484.80960422754288 192.74418714642525 162.25164039433002 78.401693090796471 362.56629398465157 99.748226448893547 348.51398468017578 81.699310004711151 112.95467090606689 125.86306650936604 425.42566692829132 344.32077561318874 81.150049820542336 19.342861890792847 545.57274980843067 96.651586696505547
leaf_count=12007 1454 913 259 8679 1962 1922 687 589 12995 4270 582 132 219 2839 2853 1092 915 454 2152 560 2016 471 639 738 2516 2019 471 111 3122 539
internal_value=-0.000353387 -0.0232297 0.0567328 -0.000728787 0.0407627 -0.038678 0.0339786 0.0223484 -0.0315225 -0.00839629 0.0926423 0.00691175 0.0638264 0.0140861 0.0227162 0.108673 0.0498061 0.0783174 -0.0149461 0.100425 0.074073 0.079876 0.0774225 -0.009267 -0.0353873 0.0160506 0.0212544 0.0733785 0.0439052 0.116481
internal_weight=11911.3 8503.72 3407.58 3461.85 2358.86 5041.87 1990.79 863.152 3046.48 2598.7 1048.71 778.484 143.165 719.987 1163.46 494.41 827.327 554.303 1820.22 389.144 508.615 430.213 368.075 451.004 2595.47 829.13 567.086 42.0326 665.075 196.4
internal_count=70177 50553 19624 20375 13651 30178 11558 5031 18171 15344 5973 4513 808 4223 6834 2773 4724 3200 10831 2191 2941 2487 2093 2660 15511 4872 3310 243 3809 1099
is_linear=0
shrinkage=0.05


Tree=2
num_leaves=31
num_cat=0
split_feature=33 33 33 32 33 33 33 7 1 33 1 32 33 32 2 32 7 7 2 28 7 33 28 32 7 7 2 7 32 7
split_gain=5558.1 1084.3 604.697 236.068 158.811 118.174 108.254 76.9342 73.337 63.2326 58.6949 55.6091 52.7487 51.8129 50.5653 43.3091 36.5605 35.173 33.7907 33.3912 31.5735 30.8122 30.0116 27.1213 24.9977 22.5607 21.1707 19.8468 19.4136 19.3115
threshold=56.650000000000013 67.850000000000009 41.95000000000001 60.650000000000013 73.050000000000011 63.050000000000004 49.650000000000013 57.750000000000007 58.350000000000001 56.650000000000013 55.550000000000004 72.050000000000011 34.050000000000004 70.450000000000017 49.250000000000007 69.65000000000002 57.95000000000001 49.050000000000004 53.150000000000013 4.5000000000000009 45.050000000000004 75.550000000000011 2.5000000000000004 74.65000000000002 53.750000000000007 50.250000000000007 49.350000000000001 43.550000000000004 49.550000000000004 62.250000000000007
decision_type=8 10 10 10 10 8 10 2 2 10 2 10 10 10 2 10 2 2 2 2 2 10 2 10 2 2 2 2 8 2
left_child=2 3 12 9 8 14 17 11 15 28 20 -7 -1 24 -5 -3 -17 18 -4 -16 21 -6 -19 25 26 -12 -8 -15 -2 -22
right_child=1 4 6 5 10 7 13 -9 -10 -11 23 -13 -14 27 19 16 -18 22 -20 -21 29 -23 -24 -25 -26 -27 -28 -29 -30 -31
leaf_value=-0.048547181267662914 -0.044413482513436575 0.040079628012906987 -0.034658427047892147 0.0014750843012852647 0.01449063240628363 0.031365615923960234 -0.022247845573002495 0.079093122363869978 0.091049637650684523 0.0090930519842463819 0.07385144266660669 0.058467222554729671 -0.036173440981911262 -0.026384559888364335 0.031632018547343953 0.058196091703989178 0.10316560591092688 0.006138055146011556 -0.013852455792708222 0.009536584782233265 0.081391511684988441 0.074002780094413204 -0.01924159246722381 0.11857531895148297 0.0028164919903458058 0.10892377126067201 -0.0075310667346331905 0.028706874754030054 -0.012486186832508246 0.13147221302273093
leaf_weight=1938.1256059110165 69.795624002814293 351.3848729133606 716.38213554024696 255.3794584274292 35.449320033192635 683.60654874145985 332.00397717952728 136.6497902572155 151.93747517466545 544.63215418159962 95.852233663201332 263.04292166233063 1563.0860180109739 18.374396100640297 740.65056671202183 325.45207825303078 53.093513324856758 139.219861343503 269.72674036026001 223.36626517772675 303.5050832182169 57.407547727227211 703.15508264303207 184.39342159032822 408.63583128154278 93.06627145409584 933.4019605666399 137.74279077351093 151.9496164470911 21.164853945374489
leaf_count=12007 423 1989 4336 1479 195 3894 1982 762 834 3205 526 1434 9528 104 4237 1780 289 833 1622 1282 1655 313 4234 965 2420 507 5540 780 907 115
internal_value=-0.000364472 0.0416212 -0.0281714 0.023966 0.0740086 0.0319657 -0.0139541 0.0439876 0.0593887 -6.46467e-05 0.0902953 0.0389069 -0.0430256 -0.00535338 0.0212788 0.05278 0.0645421 -0.0225593 -0.0289745 0.0265191 0.0773237 0.0513771 -0.0150409 0.104765 -0.00792505 0.0912039 -0.0113977 0.0221781 -0.0225735 0.0847111
internal_weight=11901.6 4741.78 7159.85 3069.07 1672.71 2302.7 3658.64 1083.3 881.868 766.377 790.839 946.649 3501.21 1830.16 1219.4 729.93 378.546 1828.48 986.109 964.017 417.527 92.8569 842.375 373.312 1674.04 188.919 1265.41 156.117 221.745 324.67
internal_count=70177 26791 43386 17623 9168 13088 21851 6090 4892 4535 4276 5328 21535 10826 6998 4058 2069 11025 5958 5519 2278 508 5067 1998 9942 1033 7522 884 1330 1770
is_linear=0
shrinkage=0.05


Tree=3
num_leaves=31
num_cat=0
split_feature=33 33 33 32 33 32 33 21 1 33 33 1 7 32 7 32 7 7 7 33 33 28 3 5 7 7 9 5 15 3
split_gain=4985.57 910.964 575.213 206.631 128.642 104.601 100.196 69.641 59.5606 57.5697 51.6799 48.2432 48.2379 46.5132 37.7476 36.1232 33.0526 32.8871 29.3778 28.4385 27.7992 27.5474 25.554 25.4973 24.6926 23.4379 21.289 21.1073 19.9799 19.409
threshold=56.650000000000013 67.850000000000009 41.95000000000001 60.650000000000013 73.050000000000011 70.950000000000017 49.650000000000013 1.0000000180025095e-35 58.350000000000001 56.650000000000013 31.350000000000005 51.850000000000001 53.750000000000007 70.450000000000017 57.850000000000001 69.65000000000002 49.050000000000004 46.45000000000001 57.95000000000001 64.050000000000011 65.050000000000011 2.5000000000000004 42.850000000000001 55.95000000000001 54.050000000000004 48.95000000000001 51.350000000000001 55.250000000000007 52.150000000000013 57.750000000000007
decision_type=8 10 10 10 10 10 10 2 2 10 10 2 2 10 2 10 2 2 2 8 8 2 2 2 2 2 2 2 2 2
left_child=2 3 10 9 8 12 16 14 15 27 -1 24 19 23 -7 -3 26 22 -17 -5 -14 -18 -13 29 -6 -12 -4 -2 -25 -8
right_child=1 4 6 5 11 7 13 -9 -10 -11 25 17 20 -15 -16 18 21 -19 -20 -21 -22 -23 -24 28 -26 -27 -28 -29 -30 -31
leaf_value=-0.049060514565514676 -0.031136073244131313 0.037249363807663909 -0.030383807686312506 0.012144694300409507 0.049889161403441969 0.036126803553835629 -0.013511499553289187 0.10029878930196706 0.082531173686008846 0.0085931413540373917 -0.041396048174000159 0.027395619826200257 0.029902871310423407 0.020807133194400241 0.069310270010521133 0.053638489149685345 0.0058103367607280649 0.096012871728937146 0.093019322167299356 0.028201039027243198 0.059168268068305989 -0.018490939487139021 0.078848024119591756 -0.0058771439930148592 0.090178568464930442 -0.030259894068189672 -0.0047923241686966371 0.003840163424862526 0.017551506245057094 0.0033983851206577315
leaf_weight=1468.9216600507498 160.19469638168812 358.98249630630016 879.40252059698105 783.39981381595135 147.83891700208187 538.26019868254662 1092.920968413353 54.693052232265472 159.05211913585663 547.43230880796909 1106.4291431158781 29.486149683594704 326.90117727220058 157.99103553593159 102.58044402301311 335.19379162788391 139.71127876639366 451.69658349454403 55.87402132153511 427.40298938751221 108.88521406054497 695.32299761474133 145.26464502513409 216.7020011395216 52.176743984222412 836.8339951634407 90.103234112262726 58.655474722385406 156.51941902935505 200.30311186611652
leaf_count=9379 978 1989 5410 4479 781 2924 6542 284 834 3205 6931 155 1851 884 550 1780 833 2314 289 2399 601 4234 755 1279 271 5225 548 352 922 1199
internal_value=-0.000371079 0.0386714 -0.0272312 0.0224656 0.06769 0.0298391 -0.0133711 0.0461043 0.0546819 -6.56255e-05 -0.0419697 0.0819845 0.0229631 -0.00510439 0.0414563 0.0487594 -0.0217254 0.0888369 0.0593002 0.0178184 0.0372385 -0.0144188 0.0702156 -0.0075651 0.060464 -0.0366048 -0.0280113 -0.0217416 0.0039369 -0.0108885
internal_weight=11885.1 4843.97 7041.16 3108.41 1735.57 2342.12 3628.98 695.534 909.102 766.282 3412.18 826.463 1646.59 1824.44 640.841 750.05 1804.54 626.447 391.068 1210.8 435.786 835.034 174.751 1666.45 200.016 1943.26 969.506 218.85 373.221 1293.22
internal_count=70177 26791 43386 17623 9168 13088 21851 3758 4892 4535 21535 4276 9330 10826 3474 4058 11025 3224 2069 6878 2452 5067 910 9942 1052 12156 5958 1330 2201 7741
is_linear=0
shrinkage=0.05


Tree=4
num_leaves=31
num_cat=0
split_feature=32 32 32 18 18 18 4 2 28 0 32 32 1 32 32 18 1 1 32 4 28 4 3 28 0 2 18 4 2 32
split_gain=3560.44 560.202 390.182 238.635 141.091 114.608 104.99 88.7624 74.9868 64.0363 63.6822 49.2513 46.0744 45.6836 43.3159 31.7483 31.3905 27.5564 27.4981 27.4971 26.0897 24.7286 24.433 23.9352 23.509 23.4512 19.0499 16.9541 16.7499 16.3954
threshold=63.750000000000007 70.950000000000017 52.150000000000013 11.500000000000002 11.500000000000002 12.500000000000002 92.850000000000009 53.45000000000001 4.5000000000000009 49.95000000000001 74.450000000000017 61.050000000000004 55.550000000000004 66.850000000000009 60.650000000000013 9.5000000000000018 58.250000000000007 54.150000000000013 62.050000000000004 89.950000000000017 3.5000000000000004 80.850000000000009 48.350000000000001 4.5000000000000009 49.95000000000001 52.550000000000004 9.5000000000000018 84.950000000000017 60.850000000000001 72.65000000000002
decision_type=10 10 8 2 2 2 2 2 2 2 10 8 2 10 10 2 2 2 8 2 2 2 2 2 2 2 2 2 2 10
left_child=2 4 9 14 26 17 13 11 18 27 -7 24 -12 22 25 -11 -15 -3 -9 28 -14 -13 -6 -8 -5 -4 -2 -1 -17 -19
right_child=1 5 3 7 6 10 23 8 -10 15 12 21 20 16 -16 19 -18 29 -20 -21 -22 -23 -24 -25 -26 -27 -28 -29 -30 -31
leaf_value=-0.04548760929105046 0.059978509230351945 0.062203603639266802 -0.0015431045650412944 -0.03286721024687185 -0.0067688963567833996 0.035918338166298767 0.051144887291837651 0.00052706804001563339 -0.019461352812217312 -0.00040137268650986842 0.04524669220341359 -0.016073332537977734 0.079697135575816105 0.014340511174989239 0.036255756848042824 -0.034256228968078388 0.041401440263081291 0.061818777744735369 0.026564074199126639 -0.0072576409265486712 0.051751030726633229 0.0085388039090556738 0.0090454762558352803 0.015128113597856855 -0.021405281975162078 0.022784623315137871 0.037575353379099258 -0.016619401767739579 -0.00088924474270900993 0.093327509302585487
leaf_weight=1338.7594888210297 147.29457664489746 221.69989013671875 273.39215365052223 935.52291035652161 412.79807381331921 696.33568507432938 211.93069447577 444.19061902165413 538.83825688064098 88.192105546593666 414.02133390307426 540.94943702220917 235.51065334677696 938.39047935605049 184.30933018028736 1317.4059188067913 121.23612442612648 54.642302274703979 131.46598741412163 110.15683110058308 132.93947066366673 125.42839999496937 597.21741239726543 59.636394694447517 866.93867707252502 154.9388345927 276.89185445010662 53.599480763077736 39.039017796516418 198.46332274377346
leaf_count=8704 802 1137 1649 5868 2387 3704 1160 2665 3290 545 2166 3258 1163 5269 1049 8407 661 283 765 686 684 739 3452 335 5352 913 1515 337 245 987
internal_value=-0.000374428 0.033327 -0.0226397 -0.0128437 0.0188435 0.0538243 0.0140319 -0.0177747 -0.00605544 -0.036584 0.0469467 -0.0230626 0.0567489 0.0101921 0.0159878 -0.0295957 0.017445 0.0752198 0.00648555 -0.0313477 0.0696443 -0.0114326 0.00257709 0.0432625 -0.0273586 0.00724848 0.0453787 -0.0443812 -0.0332997 0.086572
internal_weight=11862.1 4719.01 7143.13 4195.97 2765.4 1953.61 2341.21 3583.33 1114.49 2947.15 1478.81 2468.84 782.471 2069.64 612.64 1554.79 1059.63 474.806 575.657 1466.6 368.45 666.378 1010.02 271.567 1802.46 428.331 424.186 1392.36 1356.44 253.106
internal_count=70177 25705 44472 25548 15581 10124 13264 21937 6720 18924 7717 15217 4013 11769 3611 9883 5930 2407 3430 9338 1847 3997 5839 1495 11220 2562 2317 9041 8652 1270
is_linear=0
shrinkage=0.05


Tree=5
num_leaves=31
num_cat=0
split_feature=33 33 33 18 32 18 18 33 33 33 33 7 5 18 18 5 7 33 7 7 5 18 7 32 7 5 1 32 7 5
split_gain=4252.05 587.016 570.906 212.923 149.157 129.427 105.666 88.1763 73.5218 63.9853 63.2958 62.3095 57.5901 50.557 50.0055 35.1391 34.0159 40.7823 32.4009 30.8197 30.4144 28.834 27.4361 26.351 24.592 24.359 24.1257 22.3498 22.222 21.1377
threshold=57.45000000000001 68.250000000000014 43.750000000000007 12.500000000000002 62.250000000000007 14.500000000000002 13.500000000000002 73.850000000000009 31.650000000000002 57.650000000000013 50.850000000000001 66.850000000000009 60.550000000000004 13.500000000000002 14.500000000000002 65.15000000000002 53.45000000000001 82.950000000000017 47.150000000000013 57.45000000000001 57.150000000000013 10.500000000000002 46.650000000000013 74.450000000000017 59.750000000000007 62.750000000000007 53.250000000000007 58.350000000000001 57.350000000000001 50.050000000000004
decision_type=8 10 10 2 10 2 2 10 10 10 10 2 2 2 2 2 2 10 2 2 2 2 2 10 2 2 2 10 2 2
left_child=2 4 8 15 9 12 23 26 29 27 24 18 19 22 28 21 17 -9 -7 -6 -15 -4 -10 -3 -5 -12 -8 -2 -11 -1
right_child=1 6 3 10 5 11 7 16 13 14 25 -13 -14 20 -16 -17 -18 -19 -20 -21 -22 -23 -24 -25 -26 -27 -28 -29 -30 -31
leaf_value=-0.049939191205501623 -0.022714371779465635 0.070896370551287946 0.022723499485055143 -0.025983405008367912 0.032888686220479531 0.0066057528459580253 0.028232024921825905 0.051420970214574757 -0.033385483759681547 0.024968172881225808 -0.010948063457375267 0.10083187548217842 0.065140875527717995 -0.03952413859288495 0.0025478369683525118 0.065104314244361125 0.086389284872837535 0.093245174929714625 0.023981781790488817 0.06416354738737777 -0.014802504332214928 0.002577406085252509 -0.012499163761425238 0.09564883365380436 0.0039181861130350992 0.012668062020470369 0.047533824525709319 0.01383934705308525 0.066090815067095396 -0.034355212662939762
leaf_weight=1169.5962047576904 200.88565944135189 303.41280925273895 315.51969747245312 1229.152522072196 610.24625216424465 408.00396978855133 263.54347631335258 325.41888403892517 262.39123299717903 233.33982959389687 1230.2689239382744 23.115105241537094 245.94803395867348 1435.5393650829792 368.82057413458824 31.725765213370323 161.56425641477108 71.694317832589149 789.01777070760727 91.029252767562866 137.12485955655575 407.70923329889774 395.60050740838051 172.10290387272835 72.504886388778687 119.54950280487537 429.67931780219078 52.549755305051804 38.455616429448128 271.52653752267361
leaf_count=7888 1254 1525 1815 7678 3259 2253 1391 1621 1685 1339 7373 122 1272 9343 2172 178 783 345 4298 476 869 2413 2503 811 446 696 2207 308 218 1810
internal_value=9.82826e-05 0.0364852 -0.0245191 -0.00977389 0.0233315 0.0304202 0.0597912 0.0521496 -0.0381967 0.00613997 -0.016445 0.0196446 0.0442916 -0.0324993 0.0145567 0.0136481 0.066948 0.059006 0.0180644 0.036964 -0.0373728 0.0113753 -0.0208395 0.0798837 -0.0243138 -0.00885196 0.0402082 -0.0151128 0.0308271 -0.047009
internal_weight=11867 4788.83 7078.21 3406.43 3061.41 2167.36 1727.42 1251.9 3671.78 894.051 2651.48 1220.14 947.224 2230.66 640.616 754.955 558.677 397.113 1197.02 701.276 1572.66 723.229 657.992 475.516 1301.66 1349.82 693.223 253.435 271.795 1441.12
internal_count=70351 25654 44697 20599 16971 11680 8683 6347 24098 5291 16193 6673 5007 14400 3729 4406 2749 1966 6551 3735 10212 4228 4188 2336 8124 8069 3598 1562 1557 9698
is_linear=0
shrinkage=0.05


Tree=6
num_leaves=31
num_cat=0
split_feature=32 32 32 32 2 1 0 28 2 2 2 28 28 29 28 32 9 30 32 1 9 0 30 2 30 28 30 28 2 28
split_gain=2906.86 507.75 257.26 97.0597 96.0973 83.5473 56.9115 43.9812 40.5755 39.6195 37.1068 33.4531 32.5692 42.6872 32.3188 30.2111 26.5676 24.8307 23.416 22.6998 20.7394 20.2443 18.4373 18.2979 18.2242 18.0923 17.9993 18.6743 16.7746 26.6856
threshold=62.250000000000007 69.65000000000002 50.350000000000001 74.450000000000017 48.850000000000001 54.350000000000001 49.350000000000001 4.5000000000000009 56.050000000000004 49.45000000000001 55.850000000000001 6.5000000000000009 4.5000000000000009 58.750000000000007 4.5000000000000009 59.350000000000001 58.650000000000013 447.00000000000006 61.050000000000004 58.750000000000007 50.150000000000013 49.850000000000001 431.00000000000006 46.750000000000007 455.00000000000006 4.5000000000000009 415.00000000000006 4.5000000000000009 58.550000000000004 5.5000000000000009
decision_type=10 10 8 10 2 2 2 2 2 2 2 2 2 2 2 10 2 2 10 2 2 2 2 2 2 2 2 2 2 2
left_child=2 5 6 16 18 9 -1 10 15 24 22 25 19 -14 17 21 26 -11 -4 -5 -17 -6 -7 -8 -2 -10 -3 -28 -9 -30
right_child=1 3 4 12 8 7 23 28 11 14 -12 -13 13 -15 -16 20 -18 -19 -20 -21 -22 -23 -24 -25 -26 -27 27 -29 29 -31
leaf_value=-0.044418386735143499 -0.016615735459718322 -0.0055491511349625485 -0.030219148458876084 0.05445373049370307 -0.025993886127538626 -0.0018712726644416783 -0.04813850618489305 -0.0038418327635228742 0.012564159919575248 0.0017788950150992803 0.04502090131756778 -0.034999208310953871 0.021488750873053568 0.094219708910714947 -0.0025206858894488301 -0.012971777360409801 -0.0028720018400048542 0.020446511272790006 -0.0075018253157474318 0.074763522783698078 0.0053218464278709824 -0.01352593023713341 0.025544867327965511 -0.027096540741259886 0.0019790996791519229 -0.0045580104875833204 0.039534691091503774 0.023612774277988444 0.047870311691918903 -0.010051639859275248
leaf_weight=1069.7884191274643 193.07149338722229 25.352332875132561 978.85261186957359 775.12082426249981 466.27492007613182 69.005530163645744 113.80661962926388 165.32393991947174 306.6342091858387 234.67351432144642 260.70607398450375 60.432809963822365 127.85541413724422 23.96771028637886 309.58066427707672 323.01144631206989 45.232283696532249 747.53135693073273 129.07151129841805 170.46724078059196 297.1107152402401 1092.7336351424456 526.74046404659748 1216.9059928804636 413.33255681395531 309.79343420267105 1079.8707957267761 224.8100061416626 47.766639679670334 33.758599609136581
leaf_count=7347 1129 136 6339 3784 3002 384 773 942 1811 1353 1402 381 645 113 1791 1976 248 4213 784 801 1768 6847 2889 8047 2364 1920 5531 1176 263 192
internal_value=7.52306e-05 0.0267902 -0.0229022 0.0435679 -0.0150765 0.0129658 -0.0358213 0.0239088 -0.0102242 0.00660174 0.0292691 0.000462006 0.0546674 0.0330579 0.0115517 -0.0135457 0.034704 0.0159921 -0.027578 0.0581279 -0.0041995 -0.0172595 0.0223611 -0.0289034 -0.00393478 0.00395175 0.0359857 0.036797 0.00528662 0.0238414
internal_weight=11838.6 5474.17 6364.42 2472.68 3963.92 3001.49 2400.5 1103.3 2855.99 1898.19 856.452 676.86 1097.41 151.823 1291.79 2179.13 1375.27 982.205 1107.92 945.588 620.122 1559.01 595.746 1330.71 606.404 616.428 1330.03 1304.68 246.849 81.5252
internal_count=70351 29356 40995 12434 24828 16922 16167 6072 17705 10850 4675 4112 5343 758 7357 13593 7091 5566 7123 4585 3744 9849 3273 8820 3493 3731 6843 6707 1397 455
is_linear=0
shrinkage=0.05


Tree=7
num_leaves=31
num_cat=0
split_feature=32 32 5 32 5 18 18 18 32 18 18 5 7 5 5 4 5 7 7 5 5 4 5 7 13 4 32 4 28 18
split_gain=2624.08 442.489 305.608 140.49 138.252 131.843 107.404 89.6124 84.3701 74.7441 60.6514 52.8385 52.371 46.5844 40.2588 39.1489 35.4248 35.4045 33.5157 31.7282 30.885 29.0794 26.7441 26.1065 25.4169 25.2035 25.4225 24.8284 23.3721 23.2913
threshold=62.250000000000007 69.65000000000002 50.95000000000001 50.750000000000007 53.550000000000004 11.500000000000002 12.500000000000002 13.500000000000002 74.450000000000017 15.500000000000002 10.500000000000002 57.750000000000007 55.850000000000001 64.950000000000017 67.65000000000002 91.750000000000014 50.850000000000001 56.150000000000013 47.050000000000004 64.750000000000014 65.550000000000011 84.950000000000017 59.350000000000001 56.050000000000004 53.95000000000001 94.850000000000009 65.750000000000014 90.250000000000014 4.5000000000000009 9.5000000000000018
decision_type=10 10 2 10 2 2 2 2 10 2 2 2 2 2 2 2 2 2 2 2 2 2 2 2 2 2 10 2 2 2
left_child=2 4 3 21 9 11 19 23 14 17 -6 -3 15 18 27 22 -10 28 -12 29 -14 -1 -8 -5 -18 26 -11 -7 -2 -4
right_child=1 5 6 7 10 8 12 -9 16 25 13 -13 20 -15 -16 -17 24 -19 -20 -21 -22 -23 -24 -25 -26 -27 -28 -29 -30 -31
leaf_value=-0.041289987202233737 0.013585344643537518 0.050108697370336276 0.034414536473859912 -0.010051397108879201 0.057980424148918457 0.019429290635509845 -0.023190252579302746 -0.027576619979854923 0.031271592226205507 -0.018592634438832408 0.0012567670879950785 0.086298282175647875 0.0025678802033920361 0.039499074474465642 0.05213135294588938 0.020136128372426568 0.044249617907993366 0.035365884270799681 0.022377484366149142 0.054073106065157243 0.056592025327380772 -0.020098979328441426 -0.0065512981905238993 0.018811896546583256 0.063990860281463932 0.0209098477750604 -0.00039260134312704389 0.039197147649875919 -0.0068293946639693907 0.0049472597374644591
leaf_weight=1777.7569625675678 590.43937297165394 223.91816866397858 85.938363879919052 624.03462651371956 125.02603985369205 836.63286717236042 819.8229324221611 1685.9713091552258 267.12979145348072 414.51206184923649 277.46470062434673 186.18202790617943 210.78004299104214 267.35842232406139 136.55335953831673 70.125083431601524 378.26345896720886 149.0596868544817 584.79443122446537 49.053922578692436 30.196102306246758 179.48829272389412 343.79867570102215 89.393332034349442 292.88130943477154 71.090994089841843 358.22924542427063 197.07959179580212 183.41936129331589 306.91620260477066
leaf_count=12386 3325 1094 502 3898 637 4330 5296 10962 1313 2486 1546 861 1309 1416 667 417 1817 826 3207 281 179 1196 2149 544 1364 388 2034 988 1057 1876
internal_value=5.89062e-05 0.0251354 -0.0220858 -0.0294057 0.0122308 0.0406129 -0.00544382 -0.0212903 0.0355595 0.00321402 0.0249226 0.0665677 -0.0119249 0.0212546 0.0265899 -0.0160904 0.0467375 0.0130491 0.0155878 0.0161711 0.00937891 -0.0393504 -0.0182795 -0.00642566 0.0528802 -0.00753712 -0.010163 0.0232063 0.00873994 0.0114132
internal_weight=11813.3 5540.03 6273.28 4356.64 3021.39 2518.64 1916.63 2399.4 2108.54 1766.75 1254.64 410.1 1474.72 1129.62 1170.27 1233.75 938.275 922.918 862.259 441.908 240.976 1957.25 1163.62 713.428 671.145 843.832 772.741 1033.71 773.859 392.855
internal_count=70351 29356 40995 28986 16922 12434 12009 15404 10479 10116 6806 1955 9350 6169 5985 7862 4494 5208 4753 2659 1488 13582 7445 4442 3181 4908 4520 5318 4382 2378
is_linear=0
shrinkage=0.05


Tree=8
num_leaves=31
num_cat=0
split_feature=33 33 33 18 18 7 18 33 33 33 2 7 18 32 33 7 2 33 7 33 7 7 32 33 7 2 33 6 7 18
split_gain=3351.65 461.699 450.119 179.446 122.027 81.5976 78.7889 65.0187 51.8675 50.8342 46.5342 42.5762 41.3053 37.1752 36.4993 30.1158 28.9415 26.7391 26.5713 30.1602 24.8242 23.065 22.8914 20.5985 20.698 17.1166 17.0843 16.6428 16.2932 16.0543
threshold=56.650000000000013 68.250000000000014 41.95000000000001 12.500000000000002 10.500000000000002 51.550000000000004 13.500000000000002 73.850000000000009 50.850000000000001 31.650000000000002 55.95000000000001 66.850000000000009 13.500000000000002 44.550000000000004 59.850000000000001 49.250000000000007 58.050000000000004 47.050000000000004 53.45000000000001 82.950000000000017 47.750000000000007 55.45000000000001 51.150000000000013 72.65000000000002 57.750000000000007 59.850000000000001 64.65000000000002 60.850000000000001 46.750000000000007 10.500000000000002
decision_type=8 10 10 2 2 2 2 10 10 10 2 2 2 10 10 2 2 10 2 10 2 2 10 10 2 2 8 2 2 2
left_child=2 4 9 17 15 10 23 25 16 -1 13 14 28 -6 -7 22 20 -4 19 -9 -5 29 -2 24 -3 -8 -12 -10 -11 -19
right_child=1 6 3 8 5 11 7 18 27 12 26 -13 -14 -15 -16 -17 -18 21 -20 -21 -22 -23 -24 -25 -26 -27 -28 -29 -30 -31
leaf_value=-0.044770947209651218 -0.024208242306923367 0.049712786675933082 -0.0038890374543004281 -0.03270019283415939 -0.034671622275874218 0.011501207711596677 0.030837686390477875 0.043085451146039087 -0.0023372650163952439 -0.03065368407835381 0.015589722739491628 0.072012748650989472 -0.036832868428430941 0.0062570612075054351 0.03060446387282701 0.058600845684040774 -0.0025514256140380166 0.021904006111352219 0.073000419909213354 0.077917502100587177 -0.019332531388155438 0.035561781351962828 0.036354784638365639 0.077298888356156628 0.086634714538921631 0.053194146908353362 0.03573162050166525 -0.014423803666751901 -0.01271227279905515 0.0022221598457816561
leaf_weight=1338.8263356238604 17.36045403778553 199.78867498040199 249.71427725255489 658.15786293148994 57.841530725359917 379.35033477842808 622.03347617387772 341.66043825447559 485.34649306535721 215.28198318183422 289.91605012118816 48.504950523376465 1230.180146664381 1291.874647051096 740.15908148884773 212.20316974818707 151.19046737253666 178.28055474162102 171.95970234274864 76.771854549646378 743.20078247785568 116.75829765200615 141.65870897471905 257.71397340297699 47.756400406360626 100.40279175341129 166.8939210921526 693.19552510976791 311.11615182459354 248.78307509422302
leaf_count=9698 112 950 1527 4331 380 2131 3109 1621 2943 1454 1588 248 8478 7161 3885 1069 953 1005 783 345 4759 647 733 1163 223 489 874 4203 2032 1457
internal_value=4.35801e-05 0.0302362 -0.023507 -0.0112863 0.0192118 0.0158348 0.050519 0.0440438 -0.0173681 -0.0374198 0.00917084 0.0261358 -0.0318119 0.00449694 0.0241373 0.0462457 -0.0233736 0.0096385 0.0563682 0.0495053 -0.0256162 0.0158589 0.0297005 0.067322 0.0568881 0.0339586 0.0229656 -0.0094512 -0.0200637 0.0104534
internal_weight=11783.9 5163.85 6620.03 3524.63 3345.76 2974.54 1818.09 1312.83 2731.09 3095.4 1806.53 1168.01 1756.58 1349.72 1119.51 371.222 1552.55 793.536 590.392 418.432 1401.36 543.822 159.019 505.259 247.545 722.436 456.81 1178.54 526.398 427.064
internal_count=70351 26864 43487 21825 18181 16267 8683 6347 17189 21662 10003 6264 11964 7541 6016 1914 10043 4636 2749 1966 9090 3109 845 2336 1173 3598 2462 7146 3486 2462
is_linear=0
shrinkage=0.05


Tree=9
num_leaves=31
num_cat=0
split_feature=5 1 5 18 4 4 1 28 2 1 2 4 7 18 29 5 7 7 1 5 4 7 1 18 18 9 6 3 28 30
split_gain=1237.18 380.203 306.495 186.691 109.135 100.444 86.3564 85.3402 78.3714 64.1052 59.058 55.3561 51.1875 48.4412 47.7118 42.1909 39.2372 38.9814 38.0154 30.2925 30.1064 29.1137 27.4464 26.8961 25.9519 24.2131 22.4536 21.7777 20.7587 20.5209
threshold=51.150000000000013 52.95000000000001 64.950000000000017 13.500000000000002 84.950000000000017 89.450000000000017 49.95000000000001 4.5000000000000009 49.95000000000001 49.750000000000007 54.850000000000001 89.950000000000017 55.050000000000004 12.500000000000002 58.250000000000007 47.150000000000013 55.050000000000004 51.150000000000013 55.750000000000007 46.95000000000001 85.450000000000017 53.650000000000013 47.050000000000004 10.500000000000002 12.500000000000002 51.500000000000007 47.050000000000004 54.050000000000004 2.5000000000000004 443.00000000000006
decision_type=2 2 2 2 2 2 2 2 2 2 2 2 2 2 2 2 2 2 2 2 2 2 2 2 2 2 2 2 2 2
left_child=1 4 3 11 8 6 26 10 25 20 15 17 19 28 -9 18 -8 22 -3 -10 27 -15 -2 -14 -6 -1 -5 -4 -11 -17
right_child=2 7 9 5 24 -7 16 14 12 13 -12 -13 23 21 -16 29 -18 -19 -20 -21 -22 -23 -24 -25 -26 -27 -28 -29 -30 -31
leaf_value=-0.036244004517132215 -0.01106234142649894 -0.015342792590417893 -0.011746537183530853 0.013517371973337322 0.01835752770972976 0.027655484041529552 0.002991618541540357 -0.017690208177601374 -0.027259586849457309 0.093980623736278662 0.021889715385272953 0.052144022846937227 0.033872550042453452 0.032734638879751941 0.033422937010799764 -0.0072608157425455219 0.021424435912021533 0.033996838372754051 0.0071352919267798232 -0.013065528380169526 0.059576535273928269 0.053632916041558988 0.01931599775247125 -0.007426642157656968 -0.0079246203911843751 -0.012279624608622411 -0.016739330321274053 0.030527131145390726 0.058431426464540782 0.019921476756339873
leaf_weight=1480.6048714369535 87.336718663573265 424.78088696300983 87.146027788519859 67.627955317497253 121.93300858139992 412.08726154267788 1298.9676510542631 584.62624409794807 1298.6660220324993 56.950607523322105 517.07071961462498 200.95647016167641 45.814261376857758 438.32661283016205 49.369871884584427 87.18113087117672 371.47016441822052 482.17673143744469 337.09150740504265 531.6984728872776 28.45506526529789 272.18352262675762 490.76605772972107 278.27905805408955 407.21155315637589 114.32048028707504 633.48464512825012 46.673913687467575 158.63238932192326 335.50386023521423
leaf_count=10272 536 2650 491 410 702 2129 7393 3626 8711 264 2831 989 266 2213 268 520 2025 2562 1962 3411 144 1321 2706 1785 2489 765 4007 260 749 1894
internal_value=2.73923e-05 -0.0142668 0.0184463 0.0121064 -0.0231239 0.00487329 0.000911482 0.00195627 -0.0261239 0.0420003 0.00779197 0.0280648 -0.019897 0.0470817 -0.0136975 0.00163262 0.00709472 0.0234918 -0.00539114 -0.0231401 0.0129592 0.0407538 0.0147168 -0.00156446 -0.00185654 -0.0345303 -0.0138122 0.00297218 0.0678849 0.0143028
internal_weight=11747.4 6614.15 5133.24 4044.87 4278.53 2783.64 2371.55 2335.62 3749.38 1088.37 1701.63 1261.24 2154.46 926.093 633.996 1184.56 1670.44 1060.28 761.872 1830.36 162.275 710.51 578.103 324.093 529.145 1594.93 701.113 133.82 215.583 422.685
internal_count=70351 42152 28199 22757 28401 15964 13835 13751 25210 5442 9857 6793 14173 4547 3894 7026 9418 5804 4612 12122 895 3534 3242 2051 3191 11037 4417 751 1013 2414
is_linear=0
shrinkage=0.05


Tree=10
num_leaves=31
num_cat=0
split_feature=33 33 33 18 18 18 33 33 33 7 7 6 5 33 3 7 18 7 3 3 5 3 5 33 7 1 33 3 7 7
split_gain=2843.44 579.906 305.636 145.865 122.576 76.3916 74.9818 68.8505 43.3893 38.5623 36.7693 33.8056 33.7602 31.0322 30.1002 29.5192 28.445 25.5651 23.1099 22.8905 25.918 22.5596 20.003 17.0369 18.1018 17.9607 15.4327 14.2486 14.2359 14.1858
threshold=53.650000000000013 66.050000000000011 40.45000000000001 11.500000000000002 12.500000000000002 13.500000000000002 76.450000000000017 59.850000000000001 31.650000000000002 49.650000000000013 60.750000000000007 52.550000000000004 60.150000000000013 47.050000000000004 43.750000000000007 57.350000000000001 13.500000000000002 40.750000000000007 43.350000000000001 55.750000000000007 51.050000000000004 57.95000000000001 53.150000000000013 72.850000000000009 57.650000000000013 48.350000000000001 49.45000000000001 54.250000000000007 58.650000000000013 48.250000000000007
decision_type=8 10 10 2 2 2 10 10 10 2 2 2 2 10 2 2 2 2 2 2 2 2 2 10 2 2 10 2 2 2
left_child=2 3 8 17 13 23 10 12 -1 22 14 28 18 -4 -7 21 -10 -2 -5 20 -19 -9 26 24 25 -3 -6 -13 -11 -18
right_child=1 5 4 7 9 6 -8 15 16 11 -12 27 -14 -15 -16 -17 29 19 -20 -21 -22 -23 -24 -25 -26 -27 -28 -29 -30 -31
leaf_value=-0.044255875376195956 -0.0049050012464984154 0.0028883916426121333 -0.0074811326867111616 -0.015784274301806508 -0.033521969679695653 0.014711012768022594 0.056983915261388587 0.0090791862886558574 -0.020799896549808263 -0.0031084286398765258 0.06109343997141839 -0.02264019302373918 0.016054386750233806 0.01383164973017325 0.033569610823125186 0.033587791037811981 -0.041818246420666595 0.017390792140008569 -5.5266868743736622e-06 0.05327058308168079 0.040530577934791451 0.028658251647010066 -0.014505021183798834 0.067564528161426898 0.072521182712506405 0.048988061826551681 -0.020110238219950286 -0.0076673727821840983 0.025621196691085642 -0.029780203238053849
leaf_weight=1282.2758197188377 42.651180997490883 22.895839259028435 313.17206826806068 294.72377519309521 661.1529978364706 273.31881704926491 379.68676415085793 975.45324969291687 431.7283576130867 209.99674262106419 99.153720498085022 517.36399964988232 266.85701939463615 375.009695276618 956.8214815557003 184.94335907697678 531.45438548922539 224.76953029632568 1092.9685167074203 135.06179800629616 265.33308996260166 173.64209897816181 308.83586156368256 254.51675470173359 80.177927121520042 317.54505650699139 321.97415032982826 231.18298368155956 54.10130263864994 465.25827886164188
leaf_count=9715 231 111 1945 1754 4558 1355 1705 5244 2925 1347 463 3316 1466 2139 4693 944 3840 1206 6440 686 1325 931 1968 1112 362 1494 2055 1467 335 3297
internal_value=-8.46713e-05 0.0238213 -0.0254041 0.0113092 -0.0143851 0.0430072 0.0373688 0.00658576 -0.0375668 -0.0199148 0.0317585 -0.0125976 -0.000225902 0.00412586 0.0293851 0.0150371 -0.0315561 0.0324356 -0.00336118 0.0349915 0.0299342 0.0120444 -0.0256447 0.0572647 0.0510058 0.0459041 -0.0291372 -0.0180243 0.00276547 -0.0362075
internal_weight=11744 6040.52 5703.51 3656.4 2992.79 2384.12 1708.98 2988.59 2710.72 2304.61 1329.29 1012.65 1654.55 688.182 1230.14 1334.04 1428.44 667.816 1387.69 625.164 490.103 1149.1 1291.96 675.136 420.619 340.441 983.127 748.547 264.098 996.713
internal_count=70429 31522 38907 20227 19130 11295 8216 16779 19777 15046 6511 6465 9660 4084 6048 7119 10062 3448 8194 3217 2531 6175 8581 3079 1967 1605 6613 4783 1682 7137
is_linear=0
shrinkage=0.05


Tree=11
num_leaves=31
num_cat=0
split_feature=33 33 33 18 18 18 33 33 33 7 3 7 7 33 18 3 5 7 3 2 6 3 33 7 7 7 3 7 18 9
split_gain=2578.53 510.562 291.388 115.877 112.792 83.9852 78.7706 44.1708 42.6453 37.293 36.3868 34.1782 33.9306 27.8487 27.3394 26.6191 26.1138 24.4259 22.9211 21.6504 21.144 18.221 17.2877 18.1034 16.063 15.6234 14.0204 13.8166 13.8077 13.6468
threshold=53.650000000000013 64.850000000000009 40.45000000000001 13.500000000000002 12.500000000000002 13.500000000000002 76.450000000000017 59.850000000000001 31.650000000000002 45.45000000000001 55.750000000000007 60.750000000000007 56.350000000000001 47.050000000000004 13.500000000000002 43.750000000000007 60.150000000000013 47.150000000000013 50.95000000000001 56.850000000000001 59.45000000000001 51.750000000000007 72.850000000000009 57.650000000000013 41.750000000000007 40.750000000000007 57.750000000000007 48.250000000000007 8.5000000000000018 51.650000000000013
decision_type=8 10 10 2 2 2 10 10 10 2 2 2 2 10 2 2 2 2 2 2 2 2 10 2 2 2 2 2 2 2
left_child=2 3 8 10 13 22 11 16 -1 -6 12 15 25 28 -10 -7 21 -9 20 -20 -11 -5 23 -3 -12 -2 -19 -16 -4 -26
right_child=1 5 4 7 9 6 -8 17 14 18 24 -13 -14 -15 27 -17 -18 26 19 -21 -22 -23 -24 -25 29 -27 -28 -29 -30 -31
leaf_value=-0.043384936408205343 -0.010380504949914106 0.042532050829795331 0.02700500504735362 -0.011892355468158266 -0.028982965854654225 0.013019776829190064 0.053172152503347891 -0.00042212171249631013 -0.020031825257951462 -0.0097372178178625757 -0.0019855034643730136 0.053878280207770794 0.038832673093765986 0.013040595106243714 -0.040891034937502263 0.029428388785087675 0.012867134346864914 0.013570366291390669 -0.012550575105121524 0.0097770405700651711 -0.026581065191327163 0.0011293204327861865 0.063032093717792448 0.066549309118435082 0.048283249936535232 0.015422794720552893 0.034105268452618055 -0.028869895996409718 -0.01038621012852846 0.011725777414181305
leaf_weight=1243.6066921949387 63.751401528716087 422.20891062915325 26.874786049127579 624.97878068685532 679.73006235063076 318.87217932939529 386.38590669631958 301.30477085709572 426.01993843913078 286.08943389356136 21.152214631438255 117.64058709144592 156.62508174777031 377.80222280323505 516.70988841354847 1122.0476733744144 211.92958419024944 502.60375544428825 638.51838609576225 130.47977508604527 541.09338313341141 469.95272052288055 259.06071130931377 98.081200405955315 192.06140303611755 696.53668320178986 100.16593356430531 456.16988700628281 284.91243815422058 29.959257736802101
leaf_count=9715 356 1977 160 3735 4623 1585 1705 1659 2925 1869 118 542 785 2139 3840 5482 1167 2666 4178 820 3556 2779 1112 436 998 3737 526 3297 1785 157
internal_value=-9.32073e-05 0.0224179 -0.0245613 0.00940649 -0.0137991 0.0385153 0.0329477 0.00268862 -0.036636 -0.0191669 0.022204 0.0279276 0.0176304 0.00390948 -0.03063 0.0258018 -0.00318648 0.0111862 -0.014982 -0.00875486 -0.0207634 -0.0062992 0.0523971 0.0470811 0.0394144 0.0132515 0.0169962 -0.0352632 -0.00713958 0.0433802
internal_weight=11703.3 6095.32 5608.01 3371.02 2965.5 2724.3 1944.95 2210.94 2642.51 2275.91 1160.09 1558.56 916.913 689.589 1398.9 1440.92 1306.86 904.074 1596.18 768.998 827.183 1094.93 779.351 520.29 243.173 760.288 602.77 972.88 311.787 222.021
internal_count=70429 31522 38907 18683 19130 12839 9314 12532 19777 15046 6151 7609 4878 4084 10062 7067 7681 4851 10423 4998 5425 6514 3525 2413 1273 4093 3192 7137 1945 1155
is_linear=0
shrinkage=0.05


Tree=12
num_leaves=31
num_cat=0
split_feature=33 33 33 32 33 29 7 33 33 7 7 2 9 32 32 4 15 33 3 1 32 7 7 7 32 2 15 13 29 30
split_gain=2339.34 452.76 277.844 92.6637 56.5791 54.3024 45.6344 45.4364 37.7243 37.4318 29.2887 26.8503 25.565 24.2326 22.1405 22.6698 21.1872 20.7587 20.2347 20.1538 18.2029 17.6732 17.2622 16.8333 16.6256 16.2048 15.9975 15.2453 14.5354 14.149
threshold=53.650000000000013 66.050000000000011 40.95000000000001 65.750000000000014 73.850000000000009 58.750000000000007 46.650000000000013 31.650000000000002 56.650000000000013 56.350000000000001 61.150000000000013 49.850000000000001 55.050000000000004 66.850000000000009 83.050000000000011 93.15000000000002 55.750000000000007 46.850000000000001 58.45000000000001 51.850000000000001 73.65000000000002 55.150000000000013 48.95000000000001 63.250000000000007 78.65000000000002 54.250000000000007 43.850000000000001 49.850000000000001 56.750000000000007 431.00000000000006
decision_type=8 10 10 10 10 2 2 10 10 2 2 2 2 10 10 2 2 10 2 2 10 2 2 2 10 2 2 2 2 2
left_child=2 3 7 8 10 9 17 -1 16 12 14 29 -5 -13 15 -3 27 -4 23 -6 -7 -15 25 -10 -21 -9 -11 -2 -18 -8
right_child=1 4 6 5 19 20 11 22 18 26 -12 13 -14 21 -16 -17 28 -19 -20 24 -22 -23 -24 -25 -26 -27 -28 -29 -30 -31
leaf_value=-0.04252611307136682 -0.022052021694017116 0.026402722213825031 -0.029320384552497136 0.014065475215048291 0.034143591510897908 0.03770829480955501 -0.039783318503091442 -0.037452745357773529 0.0046559087536244183 0.0056745008918045068 0.056824900715142179 -0.0074645291038004146 -0.017571830261949747 8.1366113673852208e-07 0.06930201598366828 0.042435088229092539 0.021106535468826796 -0.014934292964118879 0.025209911202956427 0.048163375264264757 0.079925973525929589 0.029318904375163116 -0.023253944675388043 0.041174138107745333 0.067516759647789373 -0.018646659108895805 0.037146804690081837 -0.0048778836218600352 -0.0046702089714504942 -0.014752286056039537
leaf_weight=1206.2428665459156 196.89484629034996 1183.4673804789782 454.18796633183956 1221.2838559746742 196.93758828938007 84.025443941354752 65.304393321275711 676.04277303814888 1002.6908657997847 48.630973771214485 113.20549872517586 1107.3937626183033 67.155249699950218 143.20906116068363 35.803291141986847 273.11248974502087 103.48377199470997 565.87772533297539 154.72217896580696 502.9116465896368 37.450422435998917 80.382096230983734 646.30370546877384 32.53099562227726 145.82004289329052 139.69978109747171 250.75217433273792 378.91335086524487 115.29619593918324 431.42461243271828
leaf_count=9715 1221 5672 3179 6279 883 414 438 5067 5631 241 505 7102 360 812 159 1269 629 3662 858 2197 165 440 4620 171 610 1022 1223 2337 698 2850
internal_value=-0.000100165 0.0211169 -0.0237375 0.0100586 0.0377776 0.0185919 -0.0128719 -0.0353313 0.00270577 0.0161201 0.0322509 -0.00813821 0.0124114 -0.00443034 0.0303798 0.029415 -0.00572621 -0.0213469 0.00834046 0.0482594 0.05082 0.0105716 -0.0293894 0.00581216 0.052531 -0.0342409 0.0320548 -0.010762 0.00750352 -0.0180605
internal_weight=11661.2 6145.09 5516.07 3693.83 2451.26 1709.3 2847.78 2668.29 1984.53 1587.82 1605.59 1827.71 1288.44 1330.98 1492.38 1456.58 794.588 1020.07 1189.94 845.669 121.476 223.591 1462.05 1035.22 648.732 815.743 299.383 575.808 218.78 496.729
internal_count=70429 31522 38907 20227 11295 8682 18483 20424 11545 8103 7605 11642 6639 8354 7100 6941 4885 6841 6660 3690 579 1252 10709 5802 2807 6089 1464 3558 1327 3288
is_linear=0
shrinkage=0.05


Tree=13
num_leaves=31
num_cat=0
split_feature=32 32 5 18 32 5 18 5 18 5 0 5 4 18 7 32 7 4 2 7 4 7 4 18 18 18 30 4 30 5
split_gain=1617.57 304.43 166.49 116.942 107.402 67.9107 60.5466 51.7234 48.885 48.2197 43.4358 40.0547 37.681 36.9374 27.6383 26.5618 26.3932 28.7429 26.1654 26.2154 23.0442 21.2235 20.7174 20.5794 20.5298 18.1522 16.4086 15.7391 16.2579 15.5753
threshold=61.050000000000004 70.15000000000002 50.95000000000001 13.500000000000002 52.95000000000001 57.150000000000013 13.500000000000002 64.550000000000011 9.5000000000000018 46.650000000000013 48.95000000000001 68.250000000000014 92.850000000000009 12.500000000000002 68.050000000000011 64.550000000000011 54.350000000000001 91.750000000000014 59.45000000000001 57.45000000000001 94.950000000000017 48.150000000000013 86.65000000000002 9.5000000000000018 8.5000000000000018 11.500000000000002 459.00000000000006 63.250000000000007 453.00000000000006 37.150000000000013
decision_type=10 10 2 2 10 2 2 2 2 2 2 2 2 2 2 10 2 2 2 2 2 2 2 2 2 2 2 2 2 2
left_child=2 3 4 9 10 12 23 13 -4 -2 -1 16 15 27 20 -5 17 -10 19 -11 -15 -8 -7 -6 -12 -9 -23 -3 -29 -26
right_child=1 7 8 5 6 22 21 25 11 18 24 -13 -14 14 -16 -17 -18 -19 -20 -21 -22 26 -24 -25 29 -27 -28 28 -30 -31
leaf_value=-0.042415534323854996 0.0050301065837205566 0.02448678042097166 0.029603757229879693 -0.012740594740924295 0.020058716300512036 0.010806707829992195 -0.029701155464193104 0.063059412281869454 -0.016603919237857419 0.021061410689338169 0.013540200493548642 0.022609661190827052 0.018341985158440832 0.018871635502067656 0.073341604063085999 8.2048378663095736e-05 0.0013300677994485489 0.018445052457927682 0.058321464296293125 0.04605480922537613 0.036455969878585466 -0.027633532313919146 0.031837684131247608 -0.0067087823672520508 -0.041972299383227739 0.039562575816569905 -0.0095239834082835005 0.021484694643059677 0.049888914561784313 -0.026214688663444549
leaf_weight=849.67102777957916 322.56302019953728 139.42150412499905 85.904722966253757 697.93585320562124 86.764656439423561 624.53776554763317 575.020528011024 100.08193902671337 1082.4145207107067 633.88562843203545 29.268635347485542 93.439266428351402 187.05502396821976 1185.6409542560577 26.353005960583687 956.53995953500271 329.80477734655142 61.622447684407234 65.10101018846035 126.34911127388477 222.1489851474762 194.07618900388479 144.59811605513096 413.1550850123167 187.62564191967249 495.18346165120602 355.90668908506632 62.865736603736877 273.23974601924419 1009.980416379869
leaf_count=6919 1797 644 481 4390 534 3312 4132 420 7289 3269 200 547 987 5727 117 5396 2065 358 317 613 1013 1365 713 2661 1459 2182 2440 284 1213 7585
internal_value=-0.000105338 0.0171442 -0.0202835 0.00814302 -0.026176 0.00229244 -0.0165402 0.0306472 -0.00708635 0.0214433 -0.0337126 -0.00910233 -0.00291704 0.0266263 0.0226107 -0.00532457 -0.0111176 -0.0147102 0.0278506 0.0252273 0.0216524 -0.022974 0.0147707 -0.00205001 -0.0276783 0.0435314 -0.0159274 0.0387191 0.044599 -0.0286909
internal_weight=11618.2 6263.5 5354.65 3758.57 3701.47 2610.67 1624.92 2504.94 1653.19 1147.9 2076.55 1567.28 1841.53 1909.67 1434.14 1654.48 1473.84 1144.04 825.336 760.235 1407.79 1125 769.136 499.92 1226.87 595.265 549.983 475.527 336.105 1197.61
internal_count=70429 32394 38035 20794 27295 14798 11132 11600 10740 5996 16163 10259 10773 8998 6857 9786 9712 7647 4199 3882 6740 7937 4025 3195 9244 2602 3805 2141 1497 9044
is_linear=0
shrinkage=0.05


Tree=14
num_leaves=31
num_cat=0
split_feature=33 33 33 18 18 18 33 32 33 2 1 3 18 32 29 33 5 3 2 18 1 33 12 32 18 5 29 2 5 4
split_gain=1991.92 372.772 254.88 98.0296 94.6541 67.1084 60.551 53.3662 40.4181 29.465 29.3074 26.1101 26.0513 24.3705 23.9546 23.0159 21.2838 20.3965 19.5821 18.9308 17.7295 17.2889 15.9632 14.9896 14.2942 13.445 13.1083 12.909 12.8429 12.6961
threshold=53.650000000000013 64.850000000000009 40.45000000000001 12.500000000000002 11.500000000000002 13.500000000000002 76.450000000000017 65.15000000000002 31.650000000000002 56.050000000000004 59.850000000000001 54.95000000000001 13.500000000000002 66.350000000000009 59.750000000000007 47.050000000000004 53.550000000000004 45.250000000000007 49.150000000000013 15.500000000000002 47.050000000000004 56.45000000000001 50.600000000000009 71.850000000000009 10.500000000000002 51.050000000000004 54.250000000000007 53.350000000000001 64.15000000000002 84.950000000000017
decision_type=8 10 10 2 2 2 10 10 10 2 2 2 2 10 2 10 2 2 2 2 2 10 2 10 2 2 2 2 2 2
left_child=2 4 8 15 13 24 10 11 -1 16 17 21 26 20 18 -4 19 -7 -9 -5 -2 -6 -18 -16 -3 -15 -10 28 -14 -26
right_child=1 5 3 9 7 6 -8 14 12 -11 -12 -13 27 25 23 -17 22 -19 -20 -21 -22 -23 -24 -25 29 -27 -28 -29 -30 -31
leaf_value=-0.041105237187834202 -0.012167849572464265 0.05445118684465762 -0.0060255983123399404 -0.016015467992086821 -0.014356703479990022 0.011161086049172524 0.045184596705279967 -0.0031884369813939143 -0.034362134039914616 -0.0054246881409363377 0.045040196013633196 0.0086811459893026324 -0.03734268099757828 0.023274598391833448 0.020121022259469105 0.012378186275069598 0.0043690184363125361 0.024741545791600688 0.0126681933089203 -0.028198990619033054 0.021065912723192741 -0.0013513626965837213 -0.016625693343972511 0.067398332090986057 0.034075075294333505 0.045937245533445477 -0.012870002179737975 -0.02251955514675974 0.010933626255472539 0.050009352085497595
leaf_weight=1145.6698759123683 45.643310636281967 264.82641968131065 306.89851999282837 528.75809112936258 432.911202698946 373.18027976155281 399.24274383485317 239.84811025857925 92.049961470067501 413.4667521417141 142.89964665472507 374.52910575270653 675.35391931980848 112.56476390361786 41.250818595290184 379.68300446867943 124.38164427876472 1087.1987600624561 1022.8402707129717 815.20251524448395 318.71132804453373 625.91912181675434 329.02384993433952 28.807000815868378 334.90190725028515 161.72139698266983 316.93759659677744 226.75344099104404 13.859728291630743 205.02803230285645
leaf_count=9715 268 1136 1945 3679 2763 1806 1705 1284 670 2684 647 2219 5325 532 207 2139 797 5156 5257 5744 1677 3621 2142 126 1493 729 2255 1716 96 896
internal_value=-0.000108246 0.0191683 -0.0224164 -0.0123523 0.00804412 0.0326574 0.0277474 0.00403573 -0.0342159 -0.0174778 0.0233996 -0.00265817 -0.0282524 0.0253942 0.0112384 0.00414483 -0.0202472 0.0212757 0.00965225 -0.0234109 0.0168867 -0.00667428 -0.0108555 0.0397006 0.044864 0.0366668 -0.0177266 -0.0329444 -0.0363632 0.0401432
internal_weight=11580.1 6212.02 5368.04 2897.41 3404.75 2807.28 2002.52 2766.11 2470.62 2210.83 1603.28 1433.36 1324.95 638.641 1332.75 686.582 1797.37 1460.38 1262.69 1343.96 364.355 1058.83 453.405 70.0578 804.756 274.286 408.988 915.967 689.214 539.93
internal_count=70429 31522 38907 19130 18683 12839 9314 15477 19777 15046 7609 8603 10062 3206 6874 4084 12362 6962 6541 9423 1945 6384 2939 333 3525 1261 2925 7137 5421 2389
is_linear=0
shrinkage=0.05


Tree=15
num_leaves=31
num_cat=0
split_feature=32 32 5 18 32 18 5 18 18 18 32 5 5 0 0 7 4 7 5 2 18 2 2 19 4 18 32 18 30 5
split_gain=1303.8 235.942 153.659 122.364 97.5188 71.085 50.0926 48.3318 46.4643 45.1152 41.5944 39.7397 34.7083 33.8223 32.211 28.9228 26.853 24.037 22.2851 21.8162 21.0194 20.7853 20.0269 18.7262 17.6588 17.389 17.3177 16.2918 15.689 15.32
threshold=61.050000000000004 72.250000000000014 50.850000000000001 14.500000000000002 50.750000000000007 13.500000000000002 56.550000000000004 9.5000000000000018 12.500000000000002 12.500000000000002 65.65000000000002 51.050000000000004 68.250000000000014 48.850000000000001 49.95000000000001 49.550000000000004 84.050000000000011 66.850000000000009 60.95000000000001 48.650000000000013 16.500000000000004 54.850000000000001 52.45000000000001 1.0000000180025095e-35 55.050000000000004 8.5000000000000018 45.750000000000007 9.5000000000000018 427.00000000000006 72.950000000000017
decision_type=10 10 2 2 8 2 2 2 2 2 10 2 2 2 2 2 2 2 2 2 2 2 2 2 2 2 10 2 2 2
left_child=2 3 4 7 13 16 10 -2 23 -3 22 -9 19 -1 -7 21 25 18 24 -10 -12 -8 -5 26 -11 -6 -4 -28 -13 -17
right_child=1 9 8 6 5 14 15 11 12 17 20 28 -14 -15 -16 29 -18 -19 -20 -21 -22 -23 -24 -25 -26 -27 27 -29 -30 -31
leaf_value=-0.042402417979627807 0.039751218301762467 0.044079102795721775 -0.034871991194645534 -0.017224180128986164 0.028099651523338945 -0.033038829532992385 -0.0051500128355005679 0.007489671100877034 -0.024038393225073319 0.0052185218027698257 0.0079482071062082164 -0.0082494843918182164 0.021792000245491182 -0.027554430814253544 -0.01715970011631434 0.017515294176475446 0.019759745068522822 0.065294496303998806 0.033266890193902825 -0.0088153978898096418 -0.011497315169198873 0.020039661724997659 -0.0012883862536432801 0.018090144165675195 0.023399556830910176 -0.010144236777583316 0.043593825494673319 -0.0024897561939359659 0.024679054118253243 0.049057081839209066
leaf_weight=657.07063563168049 241.88237874209881 454.47038561105728 35.002887614071369 496.58129252493382 31.648519486188889 524.53964552283287 284.85747422277927 764.95033691078424 326.80446901917458 167.83229053020477 777.05608397722244 37.580758228898048 75.893869437277317 932.89831233024597 823.64796035736799 426.64974738657475 109.46466992050409 37.650010645389557 485.08645386993885 848.44785289466381 168.964744374156 114.75781825184822 328.13316398859024 225.36576738208532 669.78871972858906 454.16587555408478 22.162813827395439 137.41833609342575 811.62252326309681 42.512329563498497
leaf_count=5736 1154 1941 246 3172 197 4053 1498 4204 2390 816 4157 194 444 7433 5845 2151 668 160 2109 5652 926 582 1965 1293 3085 3027 122 841 4011 199
internal_value=-7.41649e-05 0.0152048 -0.0186004 0.00905996 -0.0245091 -0.0169893 0.00214033 0.0188972 -0.00610326 0.0304222 -0.00268213 0.0157668 -0.0109351 -0.0336959 -0.0233435 0.0119744 -0.00258842 0.025853 0.0247217 -0.0130544 0.00446899 0.00207442 -0.0108907 0.00827934 0.0197637 -0.00763727 -0.00306123 0.00390236 0.0232151 0.0203939
internal_weight=11514.9 6310.38 5204.53 4495.55 3533.44 1943.47 2639.51 1856.04 1671.1 1814.83 1770.74 1614.15 1251.15 1589.97 1348.19 868.777 595.279 1360.36 1322.71 1175.25 946.021 399.615 824.714 419.95 837.621 485.814 194.584 159.581 849.203 469.162
internal_count=70271 32324 37947 24213 26959 13790 14650 9563 10988 8111 10220 8409 8486 13169 9898 4430 3892 6170 6010 8042 5083 2080 5137 2502 3901 3224 1209 963 4205 2350
is_linear=0
shrinkage=0.05


Tree=16
num_leaves=31
num_cat=0
split_feature=32 32 32 0 7 2 28 7 4 28 28 0 32 4 2 28 17 4 7 30 4 3 28 32 2 7 17 4 3 13
split_gain=1183.34 210.194 142.316 86.4319 79.2788 45.3885 45.7879 39.9845 36.8442 29.1463 29.0035 28.9568 28.8467 29.4494 27.627 26.1835 37.3887 27.5772 28.3409 23.2827 21.2389 20.3564 18.4402 16.9844 15.0378 13.2219 12.8373 12.4689 12.1932 12.1901
threshold=61.050000000000004 72.250000000000014 46.650000000000013 49.95000000000001 53.95000000000001 53.750000000000007 4.5000000000000009 55.95000000000001 91.15000000000002 4.5000000000000009 4.5000000000000009 47.350000000000001 68.850000000000009 80.850000000000009 48.350000000000001 4.5000000000000009 2760.0000000000005 55.050000000000004 55.650000000000013 469.00000000000006 93.15000000000002 59.350000000000001 2.5000000000000004 78.450000000000017 61.050000000000004 44.95000000000001 2550.0000000000005 84.65000000000002 59.350000000000001 57.750000000000007
decision_type=10 10 8 2 2 2 2 2 2 2 2 2 10 2 2 2 2 2 2 2 2 2 2 10 2 2 2 2 2 2
left_child=2 4 11 7 5 12 28 19 10 20 14 -1 13 -2 -5 17 -17 18 -3 -4 22 -8 -6 25 -12 -19 -11 -13 -7 -25
right_child=1 15 3 8 9 6 21 -9 -10 26 24 27 -14 -15 -16 16 -18 23 -20 -21 -22 -23 -24 29 -26 -27 -28 -29 -30 -31
leaf_value=-0.042043059793143801 -0.0068713529442733252 0.0090790453007040719 -0.032556498496172835 -0.022714690707535831 0.034171622741876018 0.017451222716202003 -0.0048381562972595544 0.00047089137349840514 0.012920464645618976 -0.00066512442920628294 -0.019809297923796113 -0.028954583957198632 0.010470041404313254 0.0090914977269999208 -0.0025300601685768935 0.0063350926579537449 0.057998749643822581 0.017728234463456474 0.040924105744730765 -0.019034796373883705 0.042773213538383481 0.032082388841153352 0.016542364431351687 0.038946681540611261 0.007386051159792126 0.033843187026837633 0.039486141461517459 -0.011075956098467865 0.037714217972141285 0.061681584016787222
leaf_weight=473.41704193502665 1229.9893486872315 238.05646295845509 627.88685528188944 195.18201231956482 190.73264912515879 676.1119644716382 365.88623157888651 164.71986816078424 207.72730474919081 204.0833525583148 630.42800202965736 722.78675126284361 515.59996564686298 377.33091585338116 1292.8947112858295 229.0642504543066 41.321307569742203 156.4708729237318 99.204346001148224 652.87162994593382 121.42914785444736 41.465438604354858 682.18425212800503 258.91063107550144 54.957061059772968 727.59733335673809 21.934130877256393 114.0339462980628 84.023677974939346 78.32026295363903
leaf_count=4211 7198 1097 4843 1434 965 3450 2042 1148 1251 1104 4442 5911 2545 2046 8652 1075 176 699 439 4840 563 231 3533 1106 370 3190 107 845 429 329
internal_value=-7.77441e-05 0.0143739 -0.0179142 -0.0130416 0.00857478 0.00453566 0.0124541 -0.0226875 -0.00718332 0.0194599 -0.00910753 -0.0321391 0.000178253 -0.00312051 -0.00518226 0.0286725 0.0142675 0.0311673 0.0184704 -0.0256697 0.0231444 -0.00106069 0.0204036 0.0346676 -0.0176206 0.030999 0.00322503 -0.0265258 0.0197023 0.0442583
internal_weight=11476.6 6339.72 5136.91 3826.67 4510.77 3290.41 1167.49 1445.48 2381.19 1220.36 2173.46 1310.24 2122.92 1607.32 1488.08 1828.95 270.386 1558.56 337.261 1280.76 994.346 407.352 872.917 1221.3 685.385 884.068 226.017 836.821 760.136 337.231
internal_count=70271 32324 37947 26980 24213 17941 6152 10831 16149 6272 14898 10967 11789 9244 10086 8111 1251 6860 1536 9683 5061 2273 4498 5324 4812 3889 1211 6756 3879 1435
is_linear=0
shrinkage=0.05


Tree=17
num_leaves=31
num_cat=0
split_feature=32 32 32 7 0 2 2 28 7 9 28 7 15 7 32 28 7 7 32 28 17 32 32 2 32 9 7 7 17 2
split_gain=1073.81 187.598 135.546 70.5674 69.6241 49.3428 40.8642 39.2476 32.9012 31.7135 29.5387 29.3982 28.4862 27.2496 26.4428 23.3154 21.8613 20.8628 18.9906 17.9209 32.117 16.3634 15.9479 15.0346 14.6106 14.4391 13.3539 13.119 12.0659 11.8517
threshold=61.050000000000004 72.250000000000014 50.750000000000007 53.95000000000001 49.95000000000001 48.850000000000001 55.850000000000001 4.5000000000000009 55.95000000000001 55.050000000000004 4.5000000000000009 48.150000000000013 56.150000000000013 68.65000000000002 45.150000000000013 4.5000000000000009 67.450000000000017 46.650000000000013 67.950000000000017 4.5000000000000009 2760.0000000000005 68.850000000000009 82.050000000000011 48.45000000000001 63.95000000000001 60.95000000000001 47.95000000000001 49.150000000000013 2550.0000000000005 61.550000000000004
decision_type=10 10 8 2 2 2 2 2 2 2 2 2 2 2 10 2 2 2 10 2 2 10 10 2 10 2 2 2 2 2
left_child=2 3 5 6 8 27 11 -8 26 16 12 24 17 15 25 18 19 -6 -5 22 -21 -13 -3 -14 -2 -7 -4 -1 -17 -16
right_child=1 9 4 13 10 14 7 -9 -10 -11 -12 21 23 -15 29 28 -18 -19 -20 20 -22 -23 -24 -25 -26 -27 -28 -29 -30 -31
leaf_value=-0.044028794949192977 -0.011196679605697157 0.027450819291112923 -0.028836897593383135 0.014458411033902822 -0.014264834295076526 -0.029669424227834609 0.023110298057819119 -7.547379192445528e-05 0.0026476459733281747 -0.018770517038203705 -0.014239447548736251 0.0037131915177685674 -0.022269976302644948 0.052540953794309599 -0.015640152605540979 -0.0017688182123834655 0.063010824613409955 0.00054129446897364095 0.028979305683205277 0.0070792133140464113 0.055051769945500165 0.017611821853990611 0.044523310411495612 0.014634922735584619 -0.00017868575932125118 0.020821026361857224 -0.017056461395446414 -0.029203266075233731 0.036932294174915829 0.029440633583447451
leaf_weight=415.53446391969919 430.09122162312269 1349.9961609244347 557.18381176888943 581.90918207913637 384.76109389215708 686.32691824436188 482.08639796078205 292.99687572568655 134.07886198908091 36.815941229462624 590.89563933759928 797.64638713747263 30.014874793589115 55.649932995438576 636.04727643728256 200.03072086721659 43.645540192723274 621.52278415858746 370.18729105591774 215.80853071808815 41.619008839130402 288.97140918672085 153.71398778259754 319.65476839244366 1004.2328273802996 14.274667441844938 429.76400034874678 238.67618221789598 22.276057243347168 14.756992220878599
leaf_count=3753 2667 5914 4224 3069 2649 5766 2399 1625 912 183 4055 4485 211 267 4917 1083 181 4036 1746 1008 175 1404 650 2000 5361 111 3141 2070 107 102
internal_value=-7.99562e-05 0.0135925 -0.017241 0.00811625 -0.0106298 -0.0273501 0.00430003 0.0143403 -0.020557 0.0270474 -0.00491026 0.00121064 -0.000840358 0.0183369 -0.021882 0.0167075 0.0279858 -0.00511584 0.020112 0.0271115 0.0148728 0.00741523 0.0292022 0.0114473 -0.00348654 -0.0286307 -0.0237144 -0.0386329 0.00210157 -0.0146059
internal_weight=11441.2 6367.68 5073.49 4526.08 3067.88 2005.62 3296.03 775.083 1121.03 1841.6 1946.85 2520.94 1355.95 1230.05 1351.41 1174.4 1804.78 1006.28 952.096 1761.14 257.428 1086.62 1503.71 349.67 1434.32 700.602 986.948 654.211 222.307 650.804
internal_count=70271 32324 37947 24213 21228 16719 17941 4024 8277 8111 12951 13917 8896 6272 10896 6005 7928 6685 4815 7747 1183 5889 6564 2211 8028 5877 7365 5823 1190 5019
is_linear=0
shrinkage=0.05


Tree=18
num_leaves=31
num_cat=0
split_feature=33 33 33 18 18 18 33 5 7 7 3 32 17 5 0 5 33 18 7 18 18 7 30 7 9 7 1 5 5 5
split_gain=1496.57 268.427 221.913 123.298 93.2504 43.1392 33.9142 33.4887 32.7371 32.2467 26.8527 26.0883 35.7999 25.1589 23.8865 23.4155 22.0947 22.3273 21.5242 20.1441 18.5156 18.4612 18.2708 16.8 16.3518 15.8978 15.0958 15.0398 13.8582 13.3436
threshold=56.650000000000013 39.95000000000001 68.65000000000002 14.500000000000002 13.500000000000002 10.500000000000002 63.050000000000004 48.45000000000001 53.750000000000007 42.850000000000001 46.650000000000013 66.050000000000011 2350.0000000000005 53.550000000000004 47.650000000000013 54.550000000000004 82.15000000000002 12.500000000000002 66.350000000000009 9.5000000000000018 11.500000000000002 67.450000000000017 433.00000000000006 53.250000000000007 73.950000000000017 41.850000000000001 56.850000000000001 69.450000000000017 49.95000000000001 55.750000000000007
decision_type=8 10 10 2 2 2 10 2 2 2 2 10 2 2 2 2 10 2 2 2 2 2 2 2 2 2 2 2 2 2
left_child=1 7 4 5 6 -3 11 14 16 -6 29 12 -2 21 -1 -7 17 -4 -12 -10 -13 24 -9 -17 -5 -19 28 -15 -21 -11
right_child=2 3 8 13 9 15 -8 22 19 10 18 20 -14 27 -16 23 -18 25 -20 26 -22 -23 -24 -25 -26 -27 -28 -29 -30 -31
leaf_value=-0.043801654224748104 0.019372137889542534 0.015919676065907662 0.038913989520276616 -0.021889579813005461 -0.010212019199963045 -0.007510259890890679 0.033687305234868417 -0.042733650583449301 0.075483996969681499 -0.0066679072460091348 0.010503852555023292 0.036763555152662074 -0.0094631458394018372 -0.010516812185810749 -0.03074128836899916 0.00024126049736435194 0.047805135119614407 0.0040493283133131702 0.051886899394505172 0.010827737999446576 0.013887196973533423 0.03364017273683563 -0.019271055343664113 0.026086677905110295 0.0095168624373030489 0.024400128205290611 0.049640840219958404 0.020852161718353437 0.037250788573522375 0.0078008106171895538
leaf_weight=576.30519472062588 280.39882963895798 383.98486981540918 249.51845011115074 1502.9571438804269 291.0686829611659 865.36568779498339 428.45524246990681 96.751544378697872 41.363899007439613 390.74982500076294 1375.6037406474352 195.42775458097458 174.32662005722523 546.73948059231043 910.2856871932745 183.59233824163675 124.25839793682098 109.1926236897707 32.133717983961105 60.08473128080368 163.55169600248337 15.444856598973272 604.3252655044198 95.84221276640892 42.341826669871807 832.78491409122944 218.88746127486229 40.891182750463486 304.28346885740757 268.83240063488483
leaf_count=5415 1472 2173 1046 10665 1620 5682 1950 807 169 2152 7189 867 1071 3512 7757 1108 510 495 147 267 773 98 4950 540 288 3735 917 231 1306 1359
internal_value=-8.18053e-05 -0.0176864 0.018551 -0.00943337 0.0112027 0.00141722 0.0222909 -0.0315553 0.0321826 0.0053598 0.00755504 0.0162806 0.00830701 -0.0171567 -0.0358104 -0.00344374 0.027692 0.0255864 0.0114557 0.0416279 0.0263617 -0.020479 -0.0225218 0.00912993 -0.0210252 0.0220471 0.0392058 -0.00832227 0.0329115 -0.000762882
internal_weight=11405.7 5864.83 5540.92 3677.16 3600.55 1528.79 1242.16 2187.67 1940.37 2358.39 2067.32 813.705 454.725 2148.37 1486.59 1144.8 1315.75 1191.5 1407.74 624.62 358.979 1560.74 701.077 279.435 1545.3 941.978 583.256 587.631 364.368 659.582
internal_count=70271 43226 27045 24297 18600 9503 6133 18929 8445 12467 10847 4183 2543 14794 13172 7330 5786 5276 7336 2659 1640 11051 5757 1648 10953 4230 2490 3743 1573 3511
is_linear=0
shrinkage=0.05


Tree=19
num_leaves=31
num_cat=0
split_feature=5 5 18 18 2 5 28 2 5 7 7 2 7 28 7 7 2 28 28 13 18 5 28 2 7 30 7 2 2 26
split_gain=527.843 133.349 129.587 111.621 68.5206 64.7075 60.6404 46.4805 45.0572 43.8468 35.826 35.7784 34.3619 33.6742 33.4119 26.8811 25.0443 30.9742 23.2137 21.7714 20.1528 17.7287 15.9497 18.2806 15.65 15.5921 14.9542 14.34 13.3427 16.6163
threshold=50.850000000000001 67.050000000000011 14.500000000000002 12.500000000000002 53.350000000000001 44.850000000000001 4.5000000000000009 54.45000000000001 42.95000000000001 52.550000000000004 55.350000000000001 53.150000000000013 45.95000000000001 4.5000000000000009 51.550000000000004 63.550000000000004 49.650000000000013 4.5000000000000009 3.5000000000000004 56.850000000000001 9.5000000000000018 42.850000000000001 6.5000000000000009 60.850000000000001 43.550000000000004 433.00000000000006 68.65000000000002 59.95000000000001 56.350000000000001 1.0000000180025095e-35
decision_type=2 2 2 2 2 2 2 2 2 2 2 2 2 2 2 2 2 2 2 2 2 2 2 2 2 2 2 2 2 2
left_child=2 3 5 20 8 11 28 9 -4 24 16 19 -10 25 -3 -14 -7 -18 -11 -1 -2 -21 23 -8 -5 -9 -16 -15 -6 -30
right_child=1 14 4 7 6 10 22 13 12 18 -12 -13 15 27 26 -17 17 -19 -20 21 -22 -23 -24 -25 -26 -27 -28 -29 29 -31
leaf_value=-0.019418205822738687 0.033395061228891035 0.018962488055488086 -0.030684435246858533 -0.014261411977083775 -0.0036036789764928284 -0.010886561735328218 -0.019690689211746593 -0.0091651820707850037 -0.026474040865041151 0.013464104380937437 0.024430926585514868 0.0021328490249996938 -0.011806374898955328 -0.0056760577893320875 0.036751195742996637 0.037375785477775494 0.013769723125965961 -0.0087036713896714198 -0.0091960528035748886 -0.00952197375719031 0.017692601421744 0.027590534975997567 -0.039441738072411206 0.0088234603780867529 -0.0026592775019841776 0.020069193675639262 0.078391684403674028 0.014191546042207799 0.016486590913138387 -0.012293886685249861
leaf_weight=686.19574539363384 268.94684936851263 399.88705344498158 868.78232299536467 389.02270134538412 323.94241058081388 260.78391484171152 386.62883034348488 48.612457819283009 513.97293304651976 601.90180921554565 227.0153019502759 429.61620546132326 860.14249319583178 296.77272744476795 420.43746446073055 28.569238878786564 519.43399377912283 217.14846158027649 138.79686213284731 110.20537789165974 867.95744771510363 45.315367840230465 83.086798451840878 65.447725288569927 1155.3686771839857 675.47709558159113 22.973058357834816 130.73612605035305 254.53958018124104 62.169839881360531
leaf_count=5069 1281 1898 6982 2456 2039 1818 2740 251 3908 3233 1281 2719 6057 1753 1884 178 3101 1384 848 790 4439 296 646 406 6861 3360 99 712 1394 388
internal_value=-8.47704e-05 0.0112039 -0.0103749 0.00783339 -0.0166571 -0.0016952 -0.00685234 0.00333872 -0.0217297 -0.00078726 0.00650601 -0.00959736 -0.0161781 0.0115295 0.0294745 -0.0102157 0.00241898 0.00713738 0.00921048 -0.01559 0.0214142 0.00127046 -0.0192758 -0.0155506 -0.00558576 0.0180986 0.038937 0.000389843 0.00351908 0.0108191
internal_weight=11359.9 5416.89 5943 4573.59 3447.28 2495.71 1175.82 3436.69 2271.47 2285.09 1224.38 1271.33 1402.68 1151.6 843.298 888.712 997.366 736.582 740.699 841.716 1136.9 155.521 535.163 452.077 1544.39 724.09 443.411 427.509 640.652 316.709
internal_count=70271 29075 41196 25194 24738 16458 7613 19474 17125 13398 7584 8874 10143 6076 3881 6235 6303 4485 4081 6155 5720 1086 3792 3146 9317 3611 1983 2465 3821 1782
is_linear=0
shrinkage=0.05


Tree=20
num_leaves=31
num_cat=0
split_feature=33 33 33 18 18 3 18 33 5 33 33 5 5 1 33 3 1 5 31 3 4 4 5 33 18 15 6 2 6 0
split_gain=1357.22 248.896 177.878 75.5283 58.8835 45.0575 36.4376 33.0185 31.059 29.8296 27.4382 22.6433 22.1494 21.7235 20.5204 20.0529 16.839 16.2552 16.0176 15.8905 15.8424 14.9328 14.6537 12.8065 12.5099 13.8134 12.5013 11.5382 11.1339 11.1098
threshold=53.650000000000013 66.450000000000017 34.95000000000001 12.500000000000002 11.500000000000002 53.45000000000001 14.500000000000002 48.050000000000004 65.950000000000017 70.65000000000002 43.95000000000001 62.550000000000004 50.050000000000004 59.850000000000001 61.250000000000007 48.250000000000007 53.45000000000001 42.95000000000001 -2.4999999999999996 58.750000000000007 40.350000000000001 90.250000000000014 62.750000000000007 80.750000000000014 16.500000000000004 56.850000000000001 60.050000000000004 57.95000000000001 82.550000000000011 48.95000000000001
decision_type=8 10 10 2 2 2 2 10 2 10 10 2 2 2 10 2 2 2 10 2 2 2 2 10 2 2 2 2 2 2
left_child=2 4 12 10 11 8 16 15 14 -8 21 19 29 23 -6 -5 -3 -17 -13 20 -2 -4 -12 -11 25 -7 -10 28 -9 -1
right_child=1 6 3 7 5 24 9 27 26 13 22 18 -14 -15 -16 17 -18 -19 -20 -21 -22 -23 -24 -25 -26 -27 -28 -29 -30 -31
leaf_value=-0.043147462877524675 -0.020374133683811191 0.026697323538874326 -0.013936455547494259 -0.028422389711016016 -0.0059121411013832899 0.010920349263470325 0.014001377894523612 -0.01104433909034235 0.034078057469512334 0.023038676284090946 0.0038975881294906175 0.066108534900173793 -0.022707996365674613 0.050811286612372858 0.0051332295805551478 -0.027344099251597379 0.040493031121574707 -0.013285628203084519 0.026141677192497322 0.038110160547847383 0.015624235761946556 0.036805100684921876 0.036942283223775067 0.03983957250352313 -0.0012886074337598418 0.02450361146410298 0.0079835220862429414 0.0035548368918413412 -0.032652115615636072 -0.032939762084495332
leaf_weight=550.69404013454914 32.304201073944569 357.86857412755489 341.50346092879772 721.4119189530611 1194.3420938774943 698.69032925367355 588.30337783694267 809.78117099404335 81.312294065952301 703.68197502195835 495.21758668124676 40.764918833971024 299.81598345935345 97.290827840566635 648.47692584991455 293.05858589708805 596.31723780930042 700.20794975012541 67.255674764513969 74.707954533398151 511.20008893311024 14.998234309256075 35.955531224608421 136.75210170447826 142.00717967748642 257.23174793273211 106.90835525095463 125.05142010003328 64.609210349619389 535.75305242836475
leaf_count=5517 183 1553 2415 5657 6995 3799 2747 5491 387 3087 2875 179 2547 406 3331 2389 2516 5332 300 354 2501 96 183 562 786 1356 518 789 438 4877
internal_value=-6.33018e-05 0.0152959 -0.0195722 -0.0137115 0.00734481 0.00436543 0.0276521 -0.0178522 -4.36895e-05 0.0228476 -0.00104478 0.0201722 -0.0347937 0.02839 -0.00202256 -0.0220654 0.0353275 -0.0174409 0.0413178 0.0164632 0.0134721 -0.011778 0.00615035 0.0257828 0.0125256 0.0145829 0.0192952 -0.0106175 -0.0126502 -0.0381219
internal_weight=11323.5 6335.42 4988.06 3601.8 3855.2 3128.97 2480.21 2714.12 2031.04 1526.03 887.675 726.233 1386.26 937.725 1842.82 1714.68 954.186 993.267 108.021 618.212 543.504 356.502 531.173 840.434 1097.93 955.922 188.221 999.442 874.39 1086.45
internal_count=70166 31560 38606 25665 20689 17172 10871 20096 11231 6802 5569 3517 12941 4055 10326 13378 4069 7721 479 3038 2684 2511 3058 3649 5941 5155 905 6718 5929 10394
is_linear=0
shrinkage=0.05


Tree=21
num_leaves=31
num_cat=0
split_feature=32 32 32 4 0 7 7 4 1 15 28 1 30 32 7 7 9 30 7 13 32 1 3 4 9 6 3 28 15 3
split_gain=830.271 161.849 100.196 54.5012 48.2687 47.874 45.0836 35.877 33.5988 27.8083 23.7084 31.7944 22.0426 21.6165 20.4928 19.9941 18.0362 18.6261 17.4617 17.1788 15.5266 15.3064 14.3173 13.0827 12.5202 11.8554 11.0731 10.9918 11.2304 10.95
threshold=60.650000000000013 71.450000000000017 50.95000000000001 89.450000000000017 47.350000000000001 48.050000000000004 44.150000000000013 90.250000000000014 52.550000000000004 63.850000000000001 2.5000000000000004 55.050000000000004 431.00000000000006 83.050000000000011 63.250000000000007 55.95000000000001 59.350000000000001 461.00000000000006 51.45000000000001 53.850000000000001 42.45000000000001 53.95000000000001 50.95000000000001 84.950000000000017 61.650000000000013 54.150000000000013 59.350000000000001 4.5000000000000009 69.250000000000014 54.650000000000013
decision_type=10 10 8 2 2 2 2 2 2 2 2 2 2 10 2 2 2 2 2 2 10 2 2 2 2 2 2 2 2 2
left_child=2 3 4 5 23 8 24 12 25 -10 -7 -12 -8 16 20 -14 17 -3 -19 29 -6 -22 27 -1 26 -2 -4 28 -5 -15
right_child=1 13 6 22 14 10 7 -9 9 -11 11 -13 15 19 -16 -17 -18 18 -20 -21 21 -23 -24 -25 -26 -27 -28 -29 -30 -31
leaf_value=-0.037686640627395233 -0.0013286623310240899 0.014196599483605798 -0.025090664882879296 0.018735046300635782 -0.027848435178142852 0.019641966987386773 -0.024075780736683469 0.015992924015569263 0.0010091448212757954 0.03363417235963647 0.001092016446514686 0.01512350233061987 -0.0091754937670300799 0.015351002230149409 0.025250385865545028 0.0043616555360163926 -0.013265231163418358 0.019836711227694207 0.031037610721766352 0.062246289507157992 -0.019619416074926215 -0.0027331870803295661 0.02556228867095869 0.00034439050423256757 0.024974926183351183 -0.014771246126230231 -0.0034905264981922057 -0.0045342253846948535 -0.016064339959319739 0.053939309400928372
leaf_weight=602.90647134184837 236.75822822749615 557.94541016221046 554.51902209222317 288.80836355686188 440.50740618258715 371.29715534299612 201.64425481110811 162.89521813392639 629.01248725503683 72.835396207869053 1212.8808322995901 605.72783774137497 1446.5150222107768 61.437322586774826 25.074505336582661 335.53291407972574 36.795317992568016 757.98417370021343 651.62139491736889 58.681479156017303 666.96854826807976 168.9324099868536 353.16468979418278 23.221726335585117 13.863993398845194 540.22400420159101 67.092464379966259 82.313876517117023 24.976228058338165 26.588434085249901
leaf_count=5922 1409 2469 4220 1398 3956 1926 1494 966 3439 382 6736 3060 10347 262 190 2179 184 3343 2799 242 5561 1262 1717 183 96 3251 506 435 119 113
internal_value=-6.65507e-05 0.0114196 -0.0160884 0.00594153 -0.0248514 0.00342992 -0.0100143 -0.00654724 -0.00351807 0.00440629 0.00812409 0.00576884 -0.00840141 0.0226678 -0.0193526 -0.00662374 0.0213045 0.0219542 0.02502 0.0412319 -0.0202347 -0.0162135 0.0182307 -0.0362683 -0.021715 -0.0106822 -0.0227683 0.0116765 0.015945 0.0271114
internal_weight=11278.7 6569.05 4709.67 4418 1927.61 3668.74 2782.06 2146.59 1478.83 701.848 2189.91 1818.61 1983.69 2151.05 1301.48 1782.05 2004.35 1967.55 1409.61 146.707 1276.41 835.901 749.263 626.128 635.475 776.982 621.611 396.098 313.785 88.0258
internal_count=70166 33284 36882 23872 17074 20203 19808 14986 8481 3821 11722 9796 14020 9412 10969 12526 8795 8611 6142 617 10779 6823 3669 6105 4822 4660 4726 1952 1517 375
is_linear=0
shrinkage=0.05


Tree=22
num_leaves=31
num_cat=0
split_feature=33 33 33 18 18 18 33 33 32 3 5 5 5 5 3 3 2 9 1 33 5 3 14 33 13 30 18 30 30 18
split_gain=1163.34 209.041 162.981 69.6485 54.6436 33.1862 31.6162 30.4467 29 28.8941 26.3986 22.9518 22.6434 21.8824 20.2531 18.7417 17.6173 15.5097 15.5041 14.7406 14.2679 13.7333 14.7792 13.4394 13.0025 12.5848 12.0428 11.7585 11.6546 11.6275
threshold=53.650000000000013 66.450000000000017 34.95000000000001 13.500000000000002 14.500000000000002 13.500000000000002 48.050000000000004 76.450000000000017 46.650000000000013 58.350000000000001 62.550000000000004 64.750000000000014 46.350000000000001 50.050000000000004 48.250000000000007 55.750000000000007 48.850000000000001 43.150000000000013 56.150000000000013 59.250000000000007 64.550000000000011 42.45000000000001 31.900000000000002 59.250000000000007 56.650000000000013 417.00000000000006 10.500000000000002 421.00000000000006 493.00000000000006 8.5000000000000018
decision_type=8 10 10 2 2 2 10 10 10 2 2 2 2 2 2 2 2 2 2 8 2 2 2 10 2 2 2 2 2 2
left_child=2 4 13 12 8 29 14 21 19 10 23 15 25 17 -5 -10 -14 -1 -9 -2 -16 22 -7 -6 -20 -4 -13 -8 -18 -3
right_child=1 5 3 6 9 7 27 18 11 -11 -12 26 16 -15 20 -17 28 -19 24 -21 -22 -23 -24 -25 -26 -27 -28 -29 -30 -31
leaf_value=0.010137704023874277 0.019383856798543059 0.059630095670095168 -0.048429926155929365 -0.029040452392282853 -0.0088306546744971997 0.033019514169319544 -0.034539993046361801 0.025145671653407371 0.0093533872045535992 0.015632108947398662 0.01285673714387062 0.05244164469217627 -0.014532994792252001 -0.02122535805961288 -0.018367574752638945 0.022680341918111076 0.0032928222259600232 -0.037612027639741336 0.034674427113601934 -0.034893376508554973 0.018615313172593739 0.020360706170160978 0.0010534502875201403 0.00062896706814139663 0.063292190852871452 -0.0090291169032219645 0.023336811850937458 -0.0089025586319915941 0.021210597825054533 0.032829271623547235
leaf_weight=17.089155420660973 16.975962363183498 43.76616632938385 21.126741126179695 627.24935137480497 708.04380114376545 44.542322337627411 47.316907674074173 237.58183981478214 1191.2780582085252 297.80778532475233 281.64968745410442 48.156725317239761 112.84759530425072 290.30990313738585 844.28671880066395 340.02230955660343 419.66082911193371 1018.7625218480825 115.04050320386887 45.914992243051529 26.699620127677917 1150.047080129385 192.24920551478863 797.2780610024929 62.334109604358673 488.21961618959904 141.8859957754612 844.59095458686352 116.07894411683083 655.73859219253063
leaf_count=165 108 178 151 5100 4324 205 327 990 6139 1603 1397 206 759 2547 6775 1698 2552 10229 470 342 178 5150 886 4216 255 3365 656 5753 705 2737
internal_value=-6.79368e-05 0.0139993 -0.0184538 -0.0128612 0.00671459 0.0252645 -0.0177374 0.0216662 0.0131377 0.00121468 -0.001186 0.0143581 -0.00279107 -0.0334107 -0.0221772 0.0123172 0.0033991 -0.0368185 0.0335634 -0.0201556 -0.0172261 0.0181007 0.00709902 -0.00381743 0.0447896 -0.0106824 0.030762 -0.010272 0.00718764 0.0345216
internal_weight=11244.6 6370.31 4874.24 3548.08 3869.01 2501.3 2390.14 1801.8 1784.23 2084.78 1786.97 1721.34 1157.93 1326.16 1498.24 1531.3 648.587 1035.85 414.956 62.891 870.986 1386.84 236.792 1505.32 177.375 509.346 190.043 891.908 535.74 699.505
internal_count=70166 31560 38606 25665 20689 10871 18133 7956 9149 11540 9937 8699 7532 12941 12053 7837 4016 10394 1715 450 6953 6241 1091 8540 725 3516 862 6080 3257 2915
is_linear=0
shrinkage=0.05


Tree=23
num_leaves=31
num_cat=0
split_feature=32 32 5 5 0 18 2 5 4 18 32 18 18 18 28 32 5 32 32 4 2 4 1 18 2 5 4 1 12 31
split_gain=691.117 133.511 112.894 66.717 59.4776 53.4311 48.5948 38.0719 32.9703 30.6202 30.0408 37.2978 24.9672 19.557 18.666 20.2838 18.6231 18.5476 18.371 17.3613 17.1964 15.1538 14.5963 14.3222 14.0606 13.2929 11.5812 11.4221 10.6254 10.3956
threshold=60.650000000000013 71.450000000000017 48.150000000000013 64.350000000000009 47.45000000000001 10.500000000000002 48.650000000000013 71.250000000000014 90.250000000000014 15.500000000000002 42.850000000000001 14.500000000000002 14.500000000000002 9.5000000000000018 3.5000000000000004 83.550000000000011 43.050000000000004 48.150000000000013 52.550000000000004 88.250000000000014 56.750000000000007 69.950000000000017 57.45000000000001 9.5000000000000018 62.150000000000013 71.850000000000009 41.550000000000004 49.850000000000001 60.350000000000001 20.500000000000004
decision_type=10 10 2 2 2 2 2 2 2 2 10 2 2 2 2 10 2 8 8 2 2 2 2 2 2 2 2 2 2 8
left_child=2 3 4 5 18 26 23 13 9 -7 -6 16 21 -8 15 25 -12 -15 -1 22 -13 27 29 -4 28 -14 -2 -3 -16 -5
right_child=1 12 6 19 10 8 7 -9 -10 -11 11 20 14 17 24 -17 -18 -19 -20 -21 -22 -23 -24 -25 -26 -27 -28 -29 -30 -31
leaf_value=-0.040841517864785709 -0.014280340902695596 -0.0064026403036698924 0.02271043508728382 0.0099851770837665541 -0.031121997531298042 0.0043420524674130465 0.017817000726809366 0.046044671936669557 0.013428466010912972 -0.0057102724460297728 -0.013356860088840709 -0.025062526520470953 0.015987531272751061 -0.015557589901035562 -0.015291996284831636 0.050417654947749316 0.0035668477431527257 -0.0018333891133338221 -0.024202138441647758 0.039922777659061881 -0.0066538454590173357 0.031698212720088763 0.038537969193898326 -0.021140596870716906 0.030305482387714702 0.038698618509680642 0.022293107237851842 0.021724031844503038 0.0073606652922253175 0.036759179510528074
leaf_weight=434.77226468920708 22.702301636338234 40.445327922701836 19.134433940052986 304.72261634469032 321.65344809740782 1475.3467037305236 101.95215597003698 39.944993317127228 468.82364288717508 1556.5325348079205 341.64668408036232 644.26034300029278 706.77683083713055 314.84318637102842 62.951351180672646 51.876274287700653 309.28065203130245 1133.0923861190677 272.47565218806267 108.64935784041882 159.05358505249023 575.77145881950855 68.400637909770012 512.42705667763948 55.787551030516624 71.291836053133011 384.01049298793077 313.60125967860222 287.20459033548832 41.317354321479797
leaf_count=4635 118 183 127 1454 3097 8088 584 213 2307 9115 2642 5445 3099 2597 293 216 2217 7607 2294 477 1213 2429 303 4211 240 295 1814 1349 1308 196
internal_value=-7.02247e-05 0.0103062 -0.0149359 0.00533101 -0.0221729 0.00308431 -0.00646173 -0.00208199 0.00108963 -0.000817067 -0.0172822 -0.0142157 0.0204811 -0.00332846 0.0158123 0.0201128 -0.00530876 -0.00482194 -0.0344424 0.0221002 -0.0214252 0.0266791 0.0174073 -0.0195487 0.00700484 0.0180796 0.0202363 0.0184959 0.00327067 0.0132061
internal_weight=11200.7 6596.21 4604.54 4430.51 2483.14 3907.42 2121.39 1589.83 3500.7 3031.88 1775.89 1454.24 2165.71 1549.89 1235.89 829.945 650.927 1447.94 707.248 523.09 803.314 929.818 414.441 531.561 405.943 778.069 406.713 354.047 350.156 346.04
internal_count=70166 33284 36882 23872 21543 21442 15339 11001 19510 17203 14614 11517 9412 10788 5451 3610 4859 10204 6929 2430 6658 3961 1953 4338 1841 3394 1932 1532 1601 1650
is_linear=0
shrinkage=0.05


Tree=24
num_leaves=31
num_cat=0
split_feature=33 33 33 18 18 33 33 5 18 5 9 1 32 32 18 3 31 5 5 2 3 9 18 4 3 3 3 5 30 32
split_gain=997.16 177.804 150.132 64.4003 46.2241 36.9552 31.57 25.9389 23.3491 22.3612 21.5509 21.2383 19.2541 18.0069 17.4237 17.159 15.8047 21.1127 15.1384 14.9172 14.5641 19.0687 15.5924 14.5382 13.369 12.9778 12.6653 13.2016 12.0741 11.8809
threshold=53.650000000000013 65.050000000000011 33.750000000000007 13.500000000000002 15.500000000000002 73.050000000000011 45.45000000000001 66.15000000000002 13.500000000000002 46.350000000000001 43.150000000000013 56.250000000000007 45.750000000000007 81.65000000000002 10.500000000000002 54.650000000000013 10.500000000000002 56.150000000000013 48.350000000000001 50.650000000000013 50.95000000000001 74.15000000000002 15.500000000000002 50.050000000000004 44.350000000000001 56.850000000000001 48.750000000000007 64.550000000000011 417.00000000000006 68.050000000000011
decision_type=8 10 10 2 2 10 10 2 2 2 2 2 10 10 2 2 8 2 2 2 2 2 2 2 2 2 2 2 2 10
left_child=2 4 10 9 7 8 26 12 -3 28 -1 24 -2 25 -14 29 19 -18 -12 -11 21 -8 -22 -13 -7 -10 -5 -28 -4 -6
right_child=1 5 3 6 15 11 20 -9 13 16 18 23 14 -15 -16 -17 17 -19 -20 -21 22 -23 -24 -25 -26 -27 27 -29 -30 -31
leaf_value=0.016775637809214119 -0.020732688627530801 0.02644798156035635 -0.046299751424637853 -0.028777608529679047 -0.0086905231460763163 0.010170483897676493 -0.018166835807860278 0.029076560079167396 0.010565434194953748 -0.011161181322151584 -0.03814883495621256 0.0016733755412193891 0.018813734223428028 0.044834605820656764 0.0067752525049898623 0.0068130865322514585 0.0061827064313062369 0.049936434693023626 -0.025449554524109505 0.0060039197046428665 0.0054874193295405176 0.035213556508325951 -0.011589808422168817 0.040547631292599251 0.027640285341076501 0.023633881106868464 -0.019595651159906489 0.020941196606129121 -0.008994307110128939 0.0028567506509947814
leaf_weight=20.915731549263 54.760686963796616 545.47953955829144 22.655682221055031 516.73407194763422 706.01966718584299 143.73315632343292 618.22638436406851 165.71854881942272 1030.6105882674456 209.64607774466276 767.71186071634293 25.895996004343033 381.33138813078403 46.077570661902428 1433.3387661501765 432.57563441991806 102.03912565857172 37.874573193490505 343.80683955550194 318.90960767865181 201.21892810612917 17.043709769845009 395.9854501709342 397.22593559324741 476.10291737318039 234.09189051389694 669.44581453502178 20.508780352771282 504.58541445434093 324.54470893740654
leaf_count=199 410 2311 171 4464 4284 610 4447 757 4767 1379 8239 107 1792 192 7668 2375 635 212 3257 1930 1385 117 2800 1626 1989 1068 5684 137 3550 1604
internal_value=-7.11051e-05 0.0128274 -0.0173813 -0.0124259 0.00523693 0.0219841 -0.0170859 0.0101103 0.0177442 -0.00291499 -0.0332801 0.0295232 0.00842492 0.0141166 0.00930865 -0.00153855 0.00315166 0.0180897 -0.0342279 -0.000795803 -0.0114477 -0.0167215 -0.00582757 0.0381812 0.0235996 0.01299 -0.022839 -0.0183806 -0.0106153 -0.00504929
internal_weight=11164.8 6397.51 4767.31 3634.87 3498.29 2899.22 2439.16 2035.15 1856.26 1195.71 1132.43 1042.96 1869.43 1310.78 1814.67 1463.14 668.469 139.914 1111.52 528.556 1232.47 635.27 597.204 423.122 619.836 1264.7 1206.69 689.955 527.241 1030.56
internal_count=70166 31560 38606 26911 18890 12670 19034 10627 8338 7877 11695 4332 9870 6027 9460 8263 4156 847 11496 3309 8749 4564 4185 1733 2599 5835 10285 5821 3721 5888
is_linear=0
shrinkage=0.05


Tree=25
num_leaves=31
num_cat=0
split_feature=33 33 33 18 18 7 33 33 7 18 31 18 15 32 7 18 1 33 9 9 9 13 7 7 0 6 1 4 18 2
split_gain=894.084 173.621 104.759 64.5253 42.3694 37.2136 33.3939 29.9981 24.8094 22.6567 25.2044 22.6426 22.5931 21.6444 20.4095 19.1301 19.2543 18.5283 17.2826 16.4234 16.4045 15.1202 14.566 14.1935 13.0588 12.8759 12.4968 12.2359 11.9482 11.8398
threshold=51.850000000000001 66.050000000000011 42.95000000000001 11.500000000000002 12.500000000000002 46.45000000000001 71.050000000000011 57.850000000000001 47.150000000000013 13.500000000000002 17.500000000000004 14.500000000000002 65.250000000000014 70.250000000000014 64.550000000000011 12.500000000000002 51.850000000000001 52.250000000000007 55.050000000000004 74.450000000000017 55.050000000000004 63.050000000000004 44.050000000000004 66.850000000000009 46.45000000000001 47.050000000000004 57.650000000000013 84.250000000000014 9.5000000000000018 48.250000000000007
decision_type=8 10 10 2 2 2 10 10 2 2 8 2 2 10 2 2 2 10 2 2 2 2 2 2 2 2 2 2 2 2
left_child=2 3 5 -2 28 20 11 13 21 10 -7 -3 19 27 29 -8 -17 -15 -10 23 24 -9 -18 -6 -1 -13 -27 -5 -4 -11
right_child=1 6 4 7 12 9 15 8 18 14 -12 25 -14 17 -16 16 22 -19 -20 -21 -22 -23 -24 -25 -26 26 -28 -29 -30 -31
leaf_value=-0.041537970466693726 0.017614544063114596 0.02320157728042134 0.018674696712925713 -0.0082860180769626229 -0.016864320927121267 -0.015011633010450843 0.037574577777521691 -0.0036732203193513592 0.011454346593648168 -0.033278601159066626 0.020215448376954867 0.036799959661745832 0.0079661924513256249 0.036022838540098093 0.02551578630375443 0.011729844256693638 0.011514134600246594 0.0025466850585124049 -0.013293481024609486 0.022263341338442429 0.0049206109846188298 0.038516195472540975 0.029731242506725417 0.030474321891749492 -0.02924136963253662 0.0037781703313727157 0.019839150785694429 0.0032011707677348437 -0.00038297165196702053 -0.02126312879307804
leaf_weight=329.74963118880987 789.25287341326475 489.98978644609451 107.42110339552164 1043.8866053968668 1221.5607868880033 398.19133163243532 296.63323789834976 601.26094518601894 1196.7501527369022 304.19145193696022 57.996135793626308 39.952213019132614 112.42356425523758 56.192107945680618 20.162346683442593 275.62010686099529 130.57127425074577 157.06329061090946 74.699267074465752 28.12181218713522 28.508139468729496 21.901354625821114 726.80877442657948 15.87990917265415 650.28039820492268 514.80416369438171 158.8034341186285 297.20860037952662 347.78703022748232 649.26021385192871
leaf_count=3578 3803 2103 595 6696 9125 3349 1207 3245 6014 3092 447 187 796 246 172 1194 557 784 396 194 247 122 3032 99 6144 2401 696 1797 2096 5963
internal_value=-0.000181857 0.0109844 -0.0181455 0.00471807 -0.00910989 -0.024936 0.021068 0.00176499 0.00598944 -0.0197366 -0.0105187 0.0149194 -0.0134794 -0.00338107 -0.024049 0.0262393 0.0232642 0.0114037 0.00999552 -0.0153889 -0.0322995 -0.00217649 0.0269644 -0.0162504 -0.0333877 0.00922264 0.00757436 -0.00573649 0.00410643 -0.0251049
internal_weight=11142.9 6871.4 4271.53 4238.22 1833.19 2438.34 2633.18 3448.96 1894.61 1429.8 456.187 1203.55 1377.99 1554.35 973.614 1429.63 1133 213.255 1271.45 1265.56 1008.54 623.162 857.38 1237.44 980.03 713.56 673.608 1341.1 455.208 953.452
internal_count=70377 34480 35897 23103 12905 22992 11377 19300 9777 13023 3796 5387 10214 9523 9227 5990 4783 1030 6410 9418 9969 3367 3589 9224 9722 3284 3097 8493 2691 9055
is_linear=0
shrinkage=0.05


Tree=26
num_leaves=31
num_cat=0
split_feature=33 33 33 18 18 3 33 18 7 5 5 18 5 3 7 5 18 2 0 7 33 7 2 7 6 3 18 4 31 3
split_gain=813.716 155.894 99.4224 57.7166 42.2494 40.3529 30.1104 28.8524 28.1594 22.6328 21.7748 20.2589 19.4465 19.1755 18.8808 18.7692 17.4362 16.632 16.3372 19.9099 14.5521 15.4831 14.356 13.6875 14.9314 13.6828 13.3254 14.5921 17.1294 14.7432
threshold=51.850000000000001 66.050000000000011 40.45000000000001 11.500000000000002 13.500000000000002 49.45000000000001 71.050000000000011 11.500000000000002 50.050000000000004 52.750000000000007 40.750000000000007 14.500000000000002 65.550000000000011 48.750000000000007 49.650000000000013 51.95000000000001 12.500000000000002 59.150000000000013 46.650000000000013 64.250000000000014 84.550000000000011 44.050000000000004 49.150000000000013 44.250000000000007 75.750000000000014 40.050000000000004 9.5000000000000018 81.250000000000014 3.5000000000000004 54.95000000000001
decision_type=8 10 10 2 2 2 10 2 2 2 2 2 2 2 2 2 2 2 2 2 10 2 2 2 2 2 2 2 8 2
left_child=2 3 7 -2 26 15 11 10 22 18 -1 -3 -10 -11 -6 -5 -8 -17 -9 -20 21 -18 -7 -12 -25 -13 -4 28 -28 -29
right_child=1 6 4 5 14 8 16 9 12 13 23 25 -14 -15 -16 17 20 -19 19 -21 -22 -23 -24 24 -26 -27 27 29 -30 -31
leaf_value=-0.031789206837157837 0.016627452531536968 0.021933601020124715 0.013794456487171251 -0.0096078478693982054 -0.020104313699787438 -0.010113293972002894 0.035675807009217277 -0.038295553011239332 0.01031755360349796 -0.030802224014657806 -0.023724900720992426 -0.012066532642346859 0.033308189567667533 -0.0041615077606997194 -0.0087618671363233584 -0.0013948997890162297 0.0064385428246128244 0.021226274525221477 -0.027681858220766908 0.040995962028783833 0.044930943513997144 0.023168097040661518 0.0040975008689138155 0.011616685698398192 -0.028976305018361161 0.011033340990860618 -0.016363237488115329 0.001650389505497318 0.0025915060438058647 0.041008145745405865
leaf_weight=93.533265456557274 794.17688271403313 492.34324781596661 133.33778095990419 802.06865412741899 834.72893226146698 231.85845693945885 296.79993860423565 486.25070958584547 795.43676991760731 115.68812084943056 57.878325752913952 70.897993221879005 104.25625474750996 163.44547196477652 658.79508498311043 664.35747890174389 164.31667564809322 92.442853674292564 890.79935449361801 10.536827281117437 65.648911371827126 907.0966749638319 759.24952701479197 132.00812694430351 27.203156635165215 644.6981810182333 260.26832994073629 99.414466969668865 219.04978877305984 31.309100076556206
leaf_count=912 3803 2103 754 4830 6732 1408 1207 5515 4283 1029 536 334 484 1415 4777 3590 709 464 8835 93 265 3809 4241 1109 232 2950 1726 619 1421 192
internal_value=-0.000177891 0.0104126 -0.0174826 0.004475 -0.0102576 0.00167543 0.0199483 -0.0256525 0.00658653 -0.0282621 -0.0116295 0.0141209 0.0129907 -0.0152279 -0.0151054 -0.00427823 0.0248528 0.0013641 -0.0308793 -0.026869 0.0220204 0.0206079 0.000767318 -0.00290997 0.00463567 0.00873636 -0.000510535 -0.00364714 -0.0076917 0.0111392
internal_weight=11099.9 6885.65 4214.25 4243.85 2236.9 3449.67 2641.8 1977.34 1890.8 1666.72 310.623 1207.94 899.693 279.134 1493.52 1558.87 1433.86 756.8 1387.59 901.336 1137.06 1071.41 991.108 217.09 159.211 715.596 743.379 610.042 479.318 130.724
internal_count=70377 34480 35897 23103 16221 19300 11377 19676 10416 16887 2789 5387 4767 2444 11509 8884 5990 4054 14443 8928 4783 4518 5649 1877 1341 3284 4712 3958 3147 811
is_linear=0
shrinkage=0.05


Tree=27
num_leaves=31
num_cat=0
split_feature=33 33 33 18 18 5 18 3 31 18 5 33 30 0 18 1 0 15 33 5 3 5 3 5 15 30 18 1 5 28
split_gain=740.617 121.248 121.038 53.1755 48.8142 33.9515 32.501 31.8706 27.9697 22.951 21.9036 19.6887 18.5634 17.5362 16.6916 18.4867 16.138 15.3566 15.1669 14.5654 14.266 14.1002 13.7282 13.2547 12.9634 12.4975 12.4176 11.3499 10.7287 10.3297
threshold=53.650000000000013 70.850000000000009 43.150000000000013 13.500000000000002 12.500000000000002 41.95000000000001 13.500000000000002 50.350000000000001 31.000000000000004 9.5000000000000018 58.550000000000004 57.650000000000013 433.00000000000006 49.95000000000001 12.500000000000002 51.850000000000001 50.850000000000001 65.65000000000002 59.650000000000013 69.750000000000014 63.850000000000001 72.950000000000017 65.450000000000017 47.550000000000004 56.250000000000007 437.00000000000006 8.5000000000000018 57.45000000000001 70.950000000000017 4.5000000000000009
decision_type=8 10 10 2 2 2 2 2 8 2 2 10 2 2 2 2 2 2 10 2 2 2 2 2 2 2 2 2 2 2
left_child=2 3 5 9 26 13 8 11 24 29 16 -5 -6 -1 -3 -16 -11 19 20 -14 -9 -17 25 -10 -7 -8 -4 -13 -12 -2
right_child=1 14 4 7 12 6 22 18 23 10 28 27 17 -15 15 21 -18 -19 -20 -21 -22 -23 -24 -25 -26 -27 -28 -29 -30 -31
leaf_value=-0.040667853387708085 0.031122232595800822 0.033737874239704098 0.029494501598213048 -0.011233751636245211 -0.026286183691440274 -0.017272714823257547 -0.036090280015247091 0.00078669166668109266 -5.5011917205370762e-05 -5.1995247289042873e-05 0.018208523654799188 -0.0010378776147445914 -0.011729135174578778 -0.025328369148032159 0.0094760763542775153 0.022194856641762614 0.012857980251870745 0.0077824264928213274 0.011735077315143084 0.026722122074989203 0.045441060214016581 0.044765527019044897 0.032591542253959049 0.050524160065369285 0.0027603657329528927 -0.022047042883096231 0.0033416816508595373 0.011154925205015299 0.042669681944823311 0.0087774559291556066
leaf_weight=332.91250939667225 247.52119193971157 305.97870905697346 49.839350670576096 411.93750800192356 186.12074063718319 348.15872405469418 193.94499548524618 638.83212881535292 24.634911119937897 413.11442945152521 332.53906736522913 919.47828544676304 1328.9035336971283 432.23135998100042 285.33672618865967 813.59095561504364 581.92994412779808 117.73602847754955 1053.5898027867079 24.924974262714386 18.312243923544884 76.229225128889084 10.466551922261713 26.761448681354523 104.56617241352797 911.02938661724329 508.70363564789295 240.59827728569508 52.293495520949364 66.34982868283987
leaf_count=3829 1089 1245 262 2596 1407 3012 1975 3704 197 2176 1504 4730 9855 4197 1229 3397 2801 811 5101 144 104 309 100 190 844 8915 2968 1150 221 315
internal_value=-0.000174134 0.0107474 -0.015504 0.00700796 -0.00708791 -0.0233228 -0.0192121 0.00329326 -0.00865823 0.0142041 0.0114203 -0.00184348 -0.0113961 -0.0320135 0.0233069 0.020584 0.00749363 -0.0095078 0.00801623 -0.0110156 0.00204538 0.0241389 -0.0239762 0.0262308 -0.012635 -0.0245195 0.00568914 0.00148733 0.0215557 0.026419
internal_weight=11058.6 6457.63 4600.93 4976.5 2216.23 2384.71 1619.56 3282.75 504.121 1693.75 1379.88 1572.01 1657.69 765.144 1481.14 1175.16 995.044 1471.56 1710.73 1353.83 657.144 889.82 1115.44 51.3964 452.725 1104.97 558.543 1160.08 384.833 313.871
internal_count=70377 31671 38706 25491 15447 23259 15233 17385 4243 8106 6702 8476 12217 8026 6180 4935 4977 10810 8909 9999 3808 3706 10990 387 3856 10890 3230 5880 1725 1404
is_linear=0
shrinkage=0.05


Tree=28
num_leaves=31
num_cat=0
split_feature=32 5 32 18 18 2 5 32 3 18 2 18 18 5 7 7 7 4 28 2 5 30 5 3 32 7 27 30 32 28
split_gain=446.556 83.4518 77.6126 62.0395 51.6872 45.7693 35.9436 29.922 24.3943 21.4849 21.22 19.0066 18.9922 17.6658 17.4396 17.3804 16.7907 16.4306 15.884 14.9174 14.592 14.5822 13.9392 13.2562 12.7922 12.6701 12.5928 12.5319 13.0106 11.3102
threshold=60.650000000000013 52.250000000000007 71.15000000000002 13.500000000000002 10.500000000000002 53.350000000000001 59.350000000000001 54.750000000000007 48.750000000000007 9.5000000000000018 48.650000000000013 17.500000000000004 11.500000000000002 48.050000000000004 56.95000000000001 62.250000000000007 58.750000000000007 89.950000000000017 4.5000000000000009 57.550000000000004 40.95000000000001 453.00000000000006 72.250000000000014 38.850000000000001 78.65000000000002 45.050000000000004 7.5000000000000009 421.00000000000006 83.050000000000011 4.5000000000000009
decision_type=10 2 10 2 2 2 2 10 2 2 2 2 2 2 2 2 2 2 2 2 2 2 2 2 10 2 2 2 10 2
left_child=1 4 3 9 16 7 8 17 -5 29 -3 -10 23 -11 -8 27 20 -6 19 -7 -1 -22 -12 -4 -25 -9 -15 -14 -29 -2
right_child=2 10 12 6 5 18 14 25 11 13 22 -13 15 26 -16 -17 -18 -19 -20 -21 21 -23 -24 24 -26 -27 -28 28 -30 -31
leaf_value=-0.018150926001596509 0.031340337226624909 -0.013459303236737148 -0.0074469056736422463 -0.0091522483965147741 -0.02898489173084149 -0.0078867713026179679 0.0062842643231288652 -0.024974965452806655 0.0035039155748717594 0.0010729788661294677 0.00083696095470863537 -0.015480805758878714 -0.013154797870874908 0.011352070748373135 0.027096240857009124 0.032903173304830252 0.040919930746080031 0.0026983635410973953 -0.015594591414720655 0.01446883994025617 -0.014182255642191485 0.012800942521119475 0.035922194566168547 0.023565661559571485 0.047856748685710673 -0.010285484185660412 0.028313464765049597 0.011784304812796473 0.029699510017548492 0.0035082617604475447
leaf_weight=98.991566106677055 201.68159242719412 292.71183890849352 28.04861007630825 946.96888892352581 1227.9225076436996 264.09303210675716 589.44549308717251 215.54560222476721 1170.6639393866062 373.83315693587065 937.55235060304403 148.41919350624084 47.111360803246498 613.8492778763175 121.64639010280371 107.97066901624203 24.310694172978401 42.015892028808594 448.5208510607481 103.83404672890902 71.371261671185493 166.42982267588377 29.107298664748669 297.31826101243496 67.089557707309723 467.54712782800198 133.91439753770828 1626.4027021750808 108.49346408247948 45.103435024619102
leaf_count=854 909 2337 117 5631 12881 2092 2931 1867 6746 2036 6240 886 217 2931 562 450 165 349 3876 723 523 1191 152 1233 277 3774 631 7133 454 209
internal_value=-0.000169916 -0.0125387 0.00802174 0.00409877 -0.0169112 -0.0192311 4.6681e-05 -0.0233887 -0.00302925 0.0129105 -0.00166504 0.00136301 0.015488 0.00996279 0.00985491 0.0134027 0.000867642 -0.0279326 -0.00927794 -0.00156191 -0.0020199 0.0046789 0.0019022 0.0255115 0.0280634 -0.014931 0.0143997 0.0122166 0.0129092 0.0262774
internal_weight=11017.9 4389.95 6627.96 4345.53 3130.58 2769.48 2977.14 1953.03 2266.05 1368.38 1259.37 1319.08 2282.43 1121.6 711.092 1889.98 361.103 1269.94 816.448 367.927 336.793 237.801 966.66 392.456 364.408 683.093 747.764 1782.01 1734.9 246.785
internal_count=70377 37024 33353 23472 28295 25562 16756 18871 13263 6716 8729 7632 9881 5598 3493 8254 2733 13230 6691 2815 2568 1714 6392 1627 1510 5641 3562 7804 7587 1118
is_linear=0
shrinkage=0.05


Tree=29
num_leaves=31
num_cat=0
split_feature=5 1 0 5 18 18 6 18 3 28 7 28 28 9 13 5 3 3 9 18 7 18 18 7 7 1 5 18 1 0
split_gain=250.652 96.6905 67.9171 66.6772 51.3236 32.9835 29.7429 29.5757 27.5301 28.6153 26.8775 25.1365 23.6929 23.4295 22.7249 22.3938 23.955 21.4601 18.2066 18.104 17.353 15.3905 14.693 13.0459 11.9803 11.278 15.8469 14.7423 11.1457 11.0659
threshold=50.150000000000013 53.45000000000001 49.350000000000001 65.15000000000002 13.500000000000002 11.500000000000002 49.95000000000001 14.500000000000002 40.650000000000013 4.5000000000000009 43.750000000000007 5.5000000000000009 4.5000000000000009 55.050000000000004 63.250000000000007 39.550000000000004 56.95000000000001 50.95000000000001 51.750000000000007 17.500000000000004 45.250000000000007 12.500000000000002 8.5000000000000018 58.95000000000001 54.850000000000001 53.350000000000001 72.250000000000014 10.500000000000002 53.150000000000013 45.550000000000004
decision_type=2 2 2 2 2 2 2 2 2 2 2 2 2 2 2 2 2 2 2 2 2 2 2 2 2 2 2 2 2 2
left_child=1 2 14 4 22 15 17 -3 21 25 -6 13 20 -12 18 -4 -17 -7 24 -8 29 -5 -2 28 -1 27 -27 -10 -24 -9
right_child=3 7 5 8 10 6 19 12 9 -11 11 -13 -14 -15 -16 16 -18 -19 -20 -21 -22 -23 23 -25 -26 26 -28 -29 -30 -31
leaf_value=-0.027690039137629879 0.030226969152108041 0.0082881343497861037 -0.018097351532634528 0.025121670092261635 -0.0099862002150910862 -0.0079686606513519956 -0.01106189260116555 -0.040809654692492724 0.047252153891169504 0.00014029724142481441 0.0051375965525967656 -0.016436015198738142 -0.017580560072192521 -0.016882435139001048 0.0036189477556584008 0.0050620090604563475 0.041638872902372337 0.026417107509168883 0.0024350021888546024 -0.029048704526108384 0.0044994864580841882 -0.012072376051741177 0.0044892418330352247 0.024104673195333697 -0.011558315927167218 0.023240046843214311 0.043068005434046264 0.014517112196394014 0.01401439982763999 -0.0076680858703607989
leaf_weight=954.95584949851036 102.52663651108742 813.06742142140865 80.461947187781334 37.311935968697071 496.55884266644716 94.146577544510365 1450.5428841635585 29.31595267355442 38.336457081139088 144.39638802409172 2300.7988500371575 160.56815047562122 257.99630096554756 127.30595616996288 77.773247323930264 256.89872782677412 54.244764491915703 87.156818099319935 60.207612998783588 155.27432123571634 562.5348349288106 108.03330307453871 672.61403042078018 158.7116276845336 132.37217758595943 328.77182903140783 147.20444329082966 345.48418731242418 568.61605796217918 181.38199090212584
leaf_count=9261 466 4691 630 165 3218 701 11431 234 164 691 13088 1039 1840 805 645 1626 331 620 508 1251 3318 511 3722 749 1141 1419 618 1660 2697 1137
internal_value=-0.000164924 -0.00806179 -0.0130572 0.00705814 0.00435831 -0.00775665 -0.0106373 0.00115575 0.0178272 0.0207713 0.000665954 0.00271149 -0.00446316 0.00398038 -0.0224766 0.00537605 0.0114662 0.00853928 -0.0242497 -0.0128059 -7.82413e-05 -0.00247912 0.0119365 0.0105913 -0.025732 0.0242299 0.0293905 0.0178112 0.00885759 -0.0123202
internal_weight=10985.6 5248.33 3404.03 5737.24 4587.7 2178.73 1787.12 1844.3 1149.54 1004.19 3085.23 2588.67 1031.23 2428.1 1225.31 391.605 311.143 181.303 1147.54 1605.82 773.233 145.345 1502.47 1399.94 1087.33 859.797 475.976 383.821 1241.23 210.698
internal_count=70377 39365 28145 31012 25784 16590 14003 11220 5228 4552 18150 14932 6529 13893 11555 2587 1957 1321 10910 12682 4689 676 7634 7168 10402 3861 2037 1824 6419 1371
is_linear=0
shrinkage=0.05


Tree=30
num_leaves=31
num_cat=0
split_feature=33 33 33 18 18 33 18 3 2 33 3 27 33 2 33 18 18 6 2 15 18 15 0 1 15 3 2 15 13 6
split_gain=631.451 146.228 68.2666 46.2894 42.4981 28.8412 19.3798 19.3794 18.2861 16.9634 16.0223 18.51 14.8028 14.2168 13.8006 12.7194 11.7801 11.6395 11.5414 10.7522 10.2309 9.54119 9.1917 9.12506 10.626 10.4613 8.92914 8.76808 8.72311 8.70087
threshold=48.45000000000001 63.250000000000007 34.650000000000013 14.500000000000002 11.500000000000002 71.050000000000011 13.500000000000002 55.350000000000001 60.650000000000013 57.650000000000013 43.350000000000001 7.5000000000000009 71.250000000000014 55.050000000000004 85.450000000000017 15.500000000000002 10.500000000000002 54.150000000000013 54.850000000000001 64.850000000000009 15.500000000000002 36.050000000000004 58.550000000000004 49.850000000000001 47.550000000000004 41.250000000000007 61.350000000000001 46.850000000000001 68.050000000000011 62.550000000000004
decision_type=8 10 10 2 2 10 2 2 2 8 2 2 10 2 10 2 2 2 2 2 2 2 2 2 2 2 2 2 2 2
left_child=2 3 13 10 -4 6 -3 9 15 26 21 18 -7 20 16 19 -14 -11 -12 -6 -1 -2 -9 24 -8 -25 -5 -13 -17 -10
right_child=1 5 4 7 8 12 23 22 29 17 11 27 14 -15 -16 28 -18 -19 -20 -21 -22 -23 -24 25 -26 -27 -28 -29 -30 -31
leaf_value=-0.025764918137410598 0.028574803348751222 0.019157719238648441 0.0018654674500148986 -0.01129673574913246 -0.014378312106428887 0.049829248941840321 -0.018992430017818002 0.001817320202520641 0.038283703280769833 0.011859415981776833 0.0045704627816531276 0.0072982247788243096 0.0347063677144702 -0.014512900846644888 0.044991840324935979 -0.021947296426784453 0.017639267889254705 -0.0035309589768779126 0.014799313571432444 0.0074311007274180359 -0.036184928216800187 -0.0033436738808561069 0.018755458774229725 -0.0022533082938670512 0.0062664314216903608 0.011807601175318502 0.014088304438177178 0.030456439173995244 0.017943417014516471 -0.0036244200942428789
leaf_weight=501.17757927626371 24.761227026581764 593.22545929253101 383.57747004181147 920.90941852331161 737.34072831273079 43.272655859589577 61.138467192649841 462.67574044317007 20.25603935867548 156.73874692618847 991.61583549529314 58.435563571751118 111.00184692442417 158.70923957973719 53.640526294708252 912.04034844040871 1227.8264921456575 566.60474818199873 383.35518437623978 60.830111958086491 457.68168272823095 397.72131490707397 97.012872770428658 151.5059839040041 129.7103865146637 1010.3463685512543 35.73978466540575 141.55162256211042 13.704942271113394 31.116691626608372
leaf_count=5632 129 2528 2586 6258 6130 185 302 2789 152 863 5407 318 453 1624 219 8195 5112 3139 1945 465 5505 2158 545 723 638 4683 217 754 120 232
internal_value=-5.71296e-05 0.00783609 -0.0184127 0.00164637 -0.0132146 0.0155898 0.0116167 -0.0032874 -0.0164756 -0.00597317 0.00718088 0.00950053 0.0209701 -0.0284476 0.0200662 -0.0173529 0.0190605 -0.000187983 0.00742687 -0.0127092 -0.0307471 -0.00145482 0.00476503 0.00830478 -0.00180477 0.00996971 -0.0103418 0.0237217 -0.0213495 0.0128449
internal_weight=10895.2 7618.79 3276.43 4237.12 2158.87 3381.67 1945.93 2239.68 1775.29 1679.99 1997.44 1574.96 1435.74 1117.57 1392.47 1723.92 1338.83 723.343 1374.97 798.171 958.859 422.483 559.689 1352.7 190.849 1161.85 956.649 199.987 925.745 51.3727
internal_count=70006 39365 30641 24522 17880 14843 8874 13811 15294 10477 10711 8424 5969 12761 5784 14910 5565 4002 7352 6595 11137 2287 3334 6346 940 5406 6475 1072 8315 384
is_linear=0
shrinkage=0.05


Tree=31
num_leaves=31
num_cat=0
split_feature=33 33 33 7 7 3 33 2 7 31 5 2 15 5 31 31 7 4 7 4 2 6 3 4 4 3 13 7 33 9
split_gain=575.806 133.251 63.2777 37.4007 36.0124 30.5761 26.3199 23.1584 21.5131 21.16 18.5965 18.7213 17.3546 15.8698 19.8862 14.5287 14.3875 14.3165 17.078 13.5174 13.4575 13.2876 13.0354 12.9854 12.4152 12.2985 12.1439 11.6572 13.724 11.6003
threshold=48.250000000000007 63.250000000000007 34.650000000000013 55.550000000000004 44.350000000000001 55.45000000000001 74.65000000000002 53.250000000000007 67.450000000000017 8.5000000000000018 52.350000000000001 55.650000000000013 64.250000000000014 46.95000000000001 10.500000000000002 -7.4999999999999991 59.250000000000007 93.15000000000002 53.850000000000001 64.050000000000011 45.250000000000007 72.050000000000011 62.350000000000001 92.450000000000017 90.050000000000011 38.750000000000007 50.150000000000013 50.550000000000004 84.550000000000011 58.750000000000007
decision_type=8 10 10 2 2 2 10 2 2 8 2 2 2 2 8 8 2 2 2 2 2 2 2 2 2 2 2 2 10 2
left_child=2 3 10 5 -4 7 8 -2 17 12 16 20 -5 24 22 -7 29 18 -3 -11 -12 -18 -15 -17 -6 -9 -16 28 -8 -1
right_child=1 6 4 9 13 15 27 25 -10 19 11 -13 -14 14 26 23 21 -19 -20 -21 -22 -23 -24 -25 -26 -27 -28 -29 -30 -31
leaf_value=-0.03260751085984491 -0.0072302800164829942 0.0069936966584041131 -0.024138310186473333 0.0033606632836398276 -0.015720380570847552 0.028533842071782486 0.013934169323603274 -0.015125543007413028 0.044265911780581722 0.032220844603901393 0.011642249178136175 0.029480023093957627 0.026586276891172392 -0.0094490457281132326 0.02118012272418458 0.00333970424104523 0.019307798025764225 0.01967888541836767 0.016832769765252293 -0.0042478051582816954 -0.026308272498421881 -0.043523607114186777 0.027842096563549575 0.025632099861107635 0.01482970389094896 0.0040739256192384027 -0.0077248167249614353 0.029515862471501356 0.043091681295875608 0.0090197440177528978
leaf_weight=864.44361620396376 1585.7120082303882 1466.8734168112278 526.84517122805119 545.85901381075382 713.47098498791456 75.162715472280979 369.91667453944683 91.303670719265938 51.854107320308685 151.71078510582447 28.683753535151482 22.811998836696148 94.411760330200195 637.75098646432161 107.72746494412422 685.49031435698271 26.415945015847683 464.56563618779182 632.83344928920269 30.208121843636036 120.9148772507906 12.223108448088167 24.170613013207912 72.247024565935135 34.637054666876793 945.38822181522846 54.431453801691532 358.19331899285316 45.495194166898727 16.836362697184086
leaf_count=10510 9797 6705 4819 2923 6225 439 1526 528 215 782 300 200 487 4900 777 3979 283 1999 2751 167 1159 127 178 365 261 5332 443 1462 185 182
internal_value=-5.77811e-05 0.00737008 -0.0179044 0.00150091 -0.01282 -0.000778472 0.0147746 -0.00343052 0.0123737 0.0110852 -0.027668 -0.0125392 0.00679684 -0.00902268 -0.00422697 0.00756496 -0.0304964 0.0117252 0.00996215 0.0261387 -0.0189954 -0.000500312 -0.00807578 0.00547489 -0.0142975 0.00237687 0.0114481 0.0228847 0.0171491 -0.0318056
internal_weight=10858.6 7667.23 3191.36 4277.49 2099.03 3455.3 3389.73 2622.4 2616.13 822.19 1092.33 172.411 640.271 1572.19 824.081 832.9 919.919 2564.27 2099.71 181.919 149.599 38.6391 661.922 757.737 748.108 1036.69 162.159 773.605 415.412 881.28
internal_count=70006 39642 30364 24799 17603 20440 14843 15657 11670 4359 12761 1659 3410 12784 6298 4783 11102 11455 9456 949 1459 410 5078 4344 6486 5860 1220 3173 1711 10692
is_linear=0
shrinkage=0.05


Tree=32
num_leaves=31
num_cat=0
split_feature=33 33 33 7 7 3 33 2 2 7 31 0 27 4 4 15 33 7 7 31 7 27 4 33 4 7 26 3 7 4
split_gain=525.175 118.211 61.5887 36.7881 33.6991 26.2791 24.5198 21.237 20.8034 18.595 17.6523 15.1064 19.0167 18.1256 17.2178 15.0355 14.8207 14.045 13.9982 13.8206 13.7441 12.8295 12.2594 12.0821 11.8115 14.4745 11.5657 11.0796 11.0563 11.0003
threshold=48.45000000000001 63.250000000000007 31.350000000000005 48.250000000000007 55.550000000000004 55.650000000000013 71.050000000000011 56.350000000000001 53.250000000000007 53.95000000000001 8.5000000000000018 49.95000000000001 7.5000000000000009 65.750000000000014 97.250000000000014 64.250000000000014 84.550000000000011 58.850000000000001 62.250000000000007 -7.4999999999999991 67.450000000000017 5.5000000000000009 64.050000000000011 71.250000000000014 73.15000000000002 49.150000000000013 1.0000000180025095e-35 58.350000000000001 46.250000000000007 92.450000000000017
decision_type=8 10 10 2 2 2 10 2 2 2 8 2 2 2 2 2 10 2 2 8 2 2 2 10 2 2 2 2 2 2
left_child=2 4 17 7 5 8 20 -4 21 16 15 18 14 -14 -13 -6 23 -1 -5 28 24 -2 -12 -8 25 -3 -26 -9 -7 -21
right_child=1 6 3 11 10 19 9 27 -10 -11 22 12 13 -15 -16 -17 -18 -19 -20 29 -22 -23 -24 -25 26 -27 -28 -29 -30 -31
leaf_value=-0.031116801054074661 -0.010766786625996975 -0.001704926883115036 -0.021984069571417002 -0.017023371050284532 0.0034441963466654828 0.00086607873037232571 0.045176718603805163 -0.0067776529990878631 0.0023820787105486452 0.027616319492274444 0.030118005781748686 -0.0078129343999953828 0.030321079416015397 -0.0092001828139417537 0.039467485333430273 0.025036185791118267 0.039883325591296162 0.00025363463358154848 0.023024111489975112 0.0031454017749576952 0.039772950606121266 -0.0017073570561528112 -0.0048543927611089388 0.012677689837646035 0.014730753501157063 0.01106811273411965 -0.008950598899443149 0.033385244071356242 0.042148593809982988 0.024092190461937026
leaf_weight=719.6135316491127 875.55201325565577 387.48746244609356 1039.7168730720878 409.56516250222921 542.35954966396093 24.947622805833817 29.575654298067093 106.07461366802454 1039.3717757165432 434.86561866104603 151.71506434679031 690.3198167309165 74.198264546692371 47.278420701622963 19.679185263812542 94.8116175532341 57.51659069955349 37.206659458577633 22.859870187938213 656.06506093591452 38.937852337956429 708.52270056307316 29.696715973317623 917.31496426463127 960.61078907549381 516.65643446147442 54.150201424956322 20.382370561361313 47.646714583039284 69.34755427390337
leaf_count=9045 5471 1845 9831 3627 2896 151 126 894 5855 1785 770 5415 582 365 136 483 235 402 180 3788 161 4330 164 3823 4314 2309 245 164 267 347
internal_value=-5.83753e-05 0.00705568 -0.0171079 -0.0132242 0.00148621 -0.000692823 0.0140054 -0.0196311 -0.00311095 0.0189641 0.0105991 -0.00730768 -0.00335707 0.0149035 -0.00649004 0.00666837 0.0152107 -0.0295681 -0.0148899 0.0072499 0.0103567 -0.00671822 0.024366 0.0137027 0.00975512 0.00558888 0.0134614 -0.000243414 0.028051 0.0051578
internal_weight=10824 7637.15 3186.89 2430.07 4240.04 3421.45 3397.12 1166.17 2623.45 1439.27 818.583 1263.9 831.476 121.477 709.999 637.171 1004.41 756.82 432.425 798.007 1957.84 1584.07 181.412 946.891 1918.9 904.144 1014.76 126.457 72.5943 725.413
internal_count=70006 39365 30641 21194 24522 20209 14843 10889 15656 5969 4313 10305 6498 947 5551 3379 4184 9447 3807 4553 8874 9801 934 3949 8713 4154 4559 1058 418 4135
is_linear=0
shrinkage=0.05


Tree=33
num_leaves=31
num_cat=0
split_feature=32 7 32 32 32 7 0 0 3 9 21 28 3 9 7 27 31 3 9 6 6 15 15 3 7 17 32 0 15 0
split_gain=298.917 76.6882 52.2397 33.2802 32.0447 27.2494 19.4417 19.05 18.1721 16.5958 16.0881 15.6969 15.0292 16.8518 13.7575 12.8342 16.0691 13.4778 11.6495 10.6467 10.4878 10.2114 10.1774 9.82036 9.6348 9.52567 8.70293 8.39471 8.26323 7.79253
threshold=61.95000000000001 48.250000000000007 72.250000000000014 49.350000000000001 45.150000000000013 66.850000000000009 46.350000000000001 51.150000000000013 57.95000000000001 48.350000000000001 1.0000000180025095e-35 4.5000000000000009 58.150000000000013 51.750000000000007 56.350000000000001 7.5000000000000009 6.5000000000000009 50.850000000000001 51.050000000000004 82.250000000000014 49.250000000000007 57.550000000000004 35.050000000000004 38.250000000000007 50.650000000000013 1950.0000000000002 84.950000000000017 51.45000000000001 55.95000000000001 49.95000000000001
decision_type=8 2 10 10 10 2 2 2 2 2 2 2 2 2 2 2 8 2 2 2 2 2 2 2 2 2 10 2 2 2
left_child=1 3 5 6 29 8 -1 18 9 -2 11 24 13 -8 -11 17 27 28 22 -19 -10 -14 -5 -9 26 -25 -4 -17 -6 -3
right_child=2 4 10 7 15 -7 12 23 20 14 -12 -13 21 -15 -16 16 -18 19 -20 -21 -22 -23 -24 25 -26 -27 -28 -29 -30 -31
leaf_value=-0.03750312012457685 -0.017178370448392374 -0.025584606085581597 0.0097481270154179157 0.010777349867244927 -0.01021693090187133 0.034854620589861524 -0.02552522346151468 -0.03000894248620636 0.033233744122235127 0.0013871594227624873 0.040658651997158055 0.0010155542627425663 -0.0058174496248633465 0.017508690806828989 0.010121828219191244 -0.0083051815126642236 0.028539370751308437 0.0033938791557281234 -0.0034644303225155673 -0.017851728227626235 0.0094119554683031476 0.049309196150289801 -0.020852480443079236 -0.0072255172562241364 0.018641689352012814 0.0086992827818838277 0.036385693052328964 0.010397124972769158 0.00057780627370836288 -0.01069233291064701
leaf_weight=219.68649806827307 107.48429036140442 154.24501271545887 727.37530190497637 26.145674087107182 605.72930764406919 70.734199821949005 406.70510322600603 40.052926681935787 50.245751447975636 2868.8580110967159 55.350290447473526 229.69877775758505 61.209956511855125 23.888951763510704 535.26911652833223 108.07645180821419 74.97820470482111 792.32149877399206 132.28961611539125 63.562850452959538 595.95469500124454 9.6268349364399892 682.73502611368895 551.55365877598524 859.38846950232983 112.82195410877466 32.097836300730705 134.33943148702383 249.3965115249157 208.67075721174479
leaf_count=2928 629 1852 3110 193 4679 320 4366 302 257 15232 226 1047 656 225 2586 836 536 5850 1057 502 3037 88 6050 4182 3628 796 134 915 1755 2032
internal_value=-5.86175e-05 -0.00960758 0.00719372 -0.0161975 -0.00335856 0.00409531 -0.0250736 -0.0120516 0.00356999 0.00215009 0.014072 0.0132711 -0.0196116 -0.0231226 0.00276234 -0.000907379 0.00832155 -0.00262266 -0.0171343 0.00180832 0.0112768 0.00166282 -0.0196775 -0.00597363 0.0150068 -0.0045128 0.0108851 0.00203846 -0.00706311 -0.0170409
internal_weight=10790.5 4658.04 6132.46 2266.72 2391.32 4228.55 721.117 1545.6 4157.81 3511.61 1903.91 1848.56 501.431 430.594 3404.13 2028.4 317.394 1711.01 841.17 855.884 646.2 70.8368 708.881 704.429 1618.86 664.376 759.473 242.416 855.126 362.916
internal_count=70006 39800 30206 20843 18957 22061 8263 12580 21741 18447 8145 7919 5335 4591 17818 15073 2287 12786 7300 6352 3294 744 6243 5280 6872 4978 3244 1751 6434 3884
is_linear=0
shrinkage=0.05


Tree=34
num_leaves=31
num_cat=0
split_feature=5 5 2 18 28 18 4 5 18 4 18 9 4 6 30 3 18 3 9 3 30 27 5 0 6 27 27 2 27 0
split_gain=187.888 61.0431 58.6237 46.2094 33.9243 32.443 27.4976 22.4033 21.8624 20.2203 18.8443 17.1273 16.8696 15.2014 15.0067 14.3319 14.2153 14.1759 13.3055 12.9648 12.6407 12.0875 12.0128 13.1112 11.8892 11.6886 11.3463 11.1294 10.865 13.8159
threshold=47.150000000000013 64.550000000000011 52.45000000000001 14.500000000000002 4.5000000000000009 15.500000000000002 92.850000000000009 54.150000000000013 9.5000000000000018 84.050000000000011 10.500000000000002 59.750000000000007 93.65000000000002 51.550000000000004 441.00000000000006 37.95000000000001 12.500000000000002 54.45000000000001 50.550000000000004 40.650000000000013 461.00000000000006 7.5000000000000009 41.750000000000007 57.95000000000001 62.550000000000004 2.5000000000000004 2.5000000000000004 57.750000000000007 6.5000000000000009 51.850000000000001
decision_type=2 2 2 2 2 2 2 2 2 2 2 2 2 2 2 2 2 2 2 2 2 2 2 2 2 2 2 2 2 2
left_child=2 3 5 8 15 9 7 14 20 17 -3 22 27 -9 -5 -4 26 -1 -8 -12 -2 -21 -7 -24 25 -18 -6 -10 -17 -30
right_child=1 10 4 6 16 11 18 13 12 -11 19 -13 -14 -15 -16 28 24 -19 -20 21 -22 -23 23 -25 -26 -27 -28 -29 29 -31
leaf_value=-0.015761587950980843 0.0056868057074202331 0.032591607968381002 -0.025027533535994892 -0.018444159172868506 0.031946976593260332 -0.029213444482932855 0.01582856818733756 0.010994799293280748 0.0026929265198902264 0.0060396061736227051 -0.0016060065398673753 0.015095188371854555 0.018490103760465438 -0.0012977378980143191 -0.0050063871966299547 0.0027117067555063983 -0.028504601257715662 -0.0026768819991619805 -0.008088857174357927 0.012526244030912676 0.025690895344156722 0.029804101891460422 -0.019392584231943968 0.018964184418327715 -0.020122102471931906 0.0031352016052039345 -0.00357805759873547 0.013780634789792648 -0.0080305475997960295 0.022444300946837144
leaf_weight=708.96142742782831 119.25346123427153 130.68009916692972 38.325345370918512 248.04969269409776 28.172707237303257 406.36609918624163 307.25692754983902 326.72868968546391 1693.1461321339011 184.9601034745574 141.64475120604038 30.632285699248314 230.4682417139411 1089.2237674593925 1292.733478397131 598.24993301928043 37.208303347229958 293.79832435771823 71.350688718259335 881.13457986712456 238.33061347156763 114.97576478868723 487.8463840521872 23.136601388454437 322.18721157684922 133.28504960983992 108.85977657139301 261.61139544844627 47.278284575790167 169.80697826296091
leaf_count=6171 600 553 265 1951 188 4155 1476 1900 9952 1155 679 225 1047 6269 9071 3759 305 2517 346 4044 1139 529 4376 180 2624 1095 747 1307 355 1026
internal_value=-5.81587e-05 0.00464191 -0.00934064 0.00249416 -0.00170086 -0.0146443 -0.00137538 -0.00300138 0.00757156 -0.00913015 0.01459 -0.0215459 0.00569232 0.00153579 -0.00717403 0.0047892 -0.0105063 -0.0119335 0.011307 0.0125153 0.019037 0.0145283 -0.0227764 -0.0176427 -0.0144697 -0.00375319 0.0037071 0.00418002 0.00619978 0.0157836
internal_weight=10765.7 7146.59 3619.07 5878.15 1483.37 2135.7 3335.34 2956.74 2542.81 1187.72 1268.44 947.981 2185.23 1415.95 1540.78 853.661 629.713 1002.76 378.608 1137.76 357.584 996.11 917.349 510.983 492.681 170.493 137.032 1954.76 815.335 217.085
internal_count=70006 40863 29143 35058 10364 18779 21013 19191 14045 9843 5805 8936 12306 8169 11022 5405 4959 8688 1822 5252 1739 4573 8711 4556 4024 1400 935 11259 5140 1381
is_linear=0
shrinkage=0.05


Tree=35
num_leaves=31
num_cat=0
split_feature=33 33 33 33 2 5 9 1 5 9 31 13 33 5 2 3 25 2 9 27 4 5 5 13 3 3 13 3 13 4
split_gain=480.927 90.1359 86.7463 32.1998 30.1476 22.8556 21.6821 21.0424 19.6934 17.2958 16.2668 16.1493 15.484 14.7687 13.1649 12.7897 12.5855 10.3999 9.72801 9.73189 9.62638 9.04123 8.60356 8.46464 8.33975 7.9782 11.4727 7.93209 9.38399 13.031
threshold=51.850000000000001 34.050000000000004 60.250000000000007 71.050000000000011 57.650000000000013 53.45000000000001 74.950000000000017 56.250000000000007 65.750000000000014 55.050000000000004 11.500000000000002 49.050000000000004 43.350000000000001 51.95000000000001 40.550000000000004 43.350000000000001 1.0000000180025095e-35 48.95000000000001 46.050000000000004 7.5000000000000009 82.450000000000017 71.850000000000009 49.150000000000013 50.45000000000001 50.850000000000001 55.850000000000001 56.850000000000001 54.45000000000001 45.95000000000001 77.550000000000011
decision_type=8 10 10 10 2 2 2 2 2 2 8 2 10 2 2 2 2 2 2 2 2 2 2 2 2 2 2 2 2 2
left_child=1 13 8 9 5 6 12 25 15 14 24 -9 -3 17 -4 23 -16 -1 -17 -20 -10 -13 -11 -2 -7 26 -5 -6 -29 -30
right_child=2 4 3 7 27 10 -8 11 20 22 -12 21 -14 -15 16 18 -18 -19 19 -21 -22 -23 -24 -25 -26 -27 -28 28 29 -31
leaf_value=-0.037320710344440962 -0.00023609225719472884 -0.019824291672749853 -0.02190407790918077 0.0058310072121300037 -0.00045210827322031606 -0.013988980248943196 0.027385554430038286 0.0012877834609987236 0.010034087208219437 0.0081540723728577881 0.01237097580045067 0.026110620621172448 -0.010897144265127383 -0.014071476558875121 0.010621243953821158 -0.022363262605586721 -0.0097746274172682748 -0.025638355874815701 0.00033255062114898894 0.011019886053785725 0.037489187228901467 0.047081200986373854 -0.023324276246705217 -0.013200467970890051 -0.00086040414134574798 0.021682164560273384 0.019807344080142716 0.047738190606761974 -0.0089883612592161835 0.033306087135531168
leaf_weight=327.48953718692064 220.54309237748384 893.08359856158495 32.470206677913666 440.41759094595909 207.09175451099873 244.89103168994188 30.543026797473431 61.141675293445587 140.38157604634762 33.378916695713997 130.58945137262344 445.23079784214497 1075.1054183989763 168.48228049278259 2621.794045381248 42.782272934913635 77.552308440208435 472.11598762124777 1653.3598638027906 244.6091023683548 41.640289470553398 59.074271932244301 60.769396066665649 295.81245514750481 240.67099886387587 213.01732751727104 221.48288509249687 19.643914684653282 42.965128175914288 31.321965232491493
leaf_count=4623 1324 8678 159 1841 1525 1799 223 251 681 178 882 1834 8296 1703 12146 268 362 5856 9483 1426 192 244 306 1796 1690 882 924 141 307 218
internal_value=-0.000295187 -0.014371 0.00762117 0.0120287 -0.00997888 -0.0117044 -0.0143005 0.0181165 0.000493961 0.00892357 -0.00327395 0.0256437 -0.0149513 -0.0275927 0.00965086 -0.000679933 0.0100331 -0.0304333 0.00117863 0.00171307 0.0163595 0.0285859 -0.0121142 -0.00767399 -0.00749355 0.0132437 0.0105176 0.00499239 0.0170369 0.008798
internal_weight=10789.5 3883.99 6905.46 4266.33 2915.91 2614.88 1998.73 1440.36 2639.13 2825.96 616.151 565.447 1968.19 968.088 2731.82 2457.11 2699.35 799.606 1940.75 1897.97 182.022 504.305 94.1483 516.356 485.562 874.918 661.9 301.023 93.931 74.2871
internal_count=70238 35941 34297 19127 23759 21568 17197 5976 15170 13151 4371 2329 16974 12182 12667 14297 12508 10479 11177 10909 873 2078 484 3120 3489 3647 2765 2191 666 525
is_linear=0
shrinkage=0.05


Tree=36
num_leaves=31
num_cat=0
split_feature=33 33 33 2 33 18 18 18 33 1 28 13 30 32 21 4 4 3 32 2 30 18 6 28 1 2 33 8 4 8
split_gain=437.428 86.6933 75.9031 31.02 29.1928 27.0587 25.8585 20.1291 19.9766 19.0871 16.3173 14.5872 13.6507 15.8861 25.7509 13.0474 12.5207 12.3743 12.2638 11.02 10.7743 12.02 10.144 9.86722 9.39986 9.3721 8.44851 8.86592 8.42945 8.84927
threshold=52.050000000000004 34.050000000000004 60.250000000000007 57.650000000000013 71.050000000000011 10.500000000000002 14.500000000000002 9.5000000000000018 43.150000000000013 56.250000000000007 4.5000000000000009 49.050000000000004 439.00000000000006 71.15000000000002 1.0000000180025095e-35 49.750000000000007 92.450000000000017 50.95000000000001 79.65000000000002 48.95000000000001 433.00000000000006 11.500000000000002 50.850000000000001 4.5000000000000009 51.45000000000001 42.150000000000013 26.850000000000005 50.050000000000004 87.250000000000014 36.650000000000013
decision_type=8 10 10 2 10 2 2 2 10 2 2 2 2 8 2 2 2 2 10 2 2 2 2 2 2 2 10 2 2 2
left_child=1 19 7 5 6 28 20 -2 -7 -6 15 -11 -9 23 -15 -5 22 -10 -13 -1 21 -4 -8 -14 -17 -22 -21 -28 29 -3
right_child=2 3 4 10 9 8 16 12 17 11 -12 18 13 14 -16 24 -18 -19 -20 26 25 -23 -24 -25 -26 -27 27 -29 -30 -31
leaf_value=-0.033380933988252981 0.016669484134149273 0.018972749866380274 0.019706016374342251 0.059435670425172941 0.012565307032504204 -0.018706917100090554 0.01094051917391729 -0.01102586121477632 -0.013887094917172811 0.0012234623034413222 -0.0033534580047399512 0.023627905837936936 0.0012645142761622472 0.0042883016062800856 0.040819228608883457 0.033111642801691307 0.014396666407511031 -0.004364746223040423 0.04457995845799434 -0.029809514532917348 -0.016288604314629949 -0.020631753376241884 0.00039633915677328533 -0.0068431311140649724 0.0010577096650678259 0.016113135310557261 -0.010765484954872215 -0.027582599354385503 0.025798555517409533 -0.0043561820527427348
leaf_weight=384.98749738186598 180.05027782171965 48.616269916296005 31.229044392704964 17.988101795315742 876.06616017222404 942.56503319740295 287.08713765442371 280.39062068611383 699.95761101692915 61.14349253475666 193.54408613592386 419.21224036812782 1256.3137414678931 274.47259053587914 58.553495481610298 36.570836387574673 266.20717683434486 669.64528449624777 84.834674522280693 226.95876057446003 22.56397271156311 44.74710838496685 1114.1233962774277 534.64291435480118 61.703603208065033 1067.579351529479 206.21163919940591 128.14689182117581 33.936583392322063 245.07529927790165
leaf_count=5362 845 322 134 122 3647 9229 1386 1690 5500 251 1471 1724 7461 1364 241 250 1205 5054 354 2979 104 204 5424 3218 394 4694 2375 1466 195 1573
internal_value=-0.000284292 -0.0136643 0.00731467 -0.00943646 0.0114043 -0.0111936 0.00845349 0.000548047 -0.0130994 0.0172012 0.00551877 0.0243747 -0.000657763 0.000709049 0.0107366 0.0203217 0.00445424 -0.0092356 0.0271723 -0.0268347 0.0141668 -0.00398159 0.00256088 -0.00115326 0.0130583 0.0154365 -0.0223309 -0.0172321 0.00224072 -0.000472262
internal_weight=10755.1 3895.91 6859.22 2949.6 4274.79 2639.8 2833.54 2584.42 2312.17 1441.26 309.807 565.19 2404.37 2123.98 333.026 116.263 1667.42 1369.6 504.047 946.305 1166.12 75.9762 1401.21 1790.96 98.2744 1090.14 561.317 334.359 327.628 293.692
internal_count=70238 36292 33946 24110 19127 21873 13151 14819 19783 5976 2237 2329 13974 12284 1605 766 8015 10554 2078 12182 5136 338 6810 10679 644 4798 6820 3841 2090 1895
is_linear=0
shrinkage=0.05


Tree=37
num_leaves=31
num_cat=0
split_feature=33 33 33 7 33 5 18 7 18 2 18 3 7 4 9 5 18 7 7 2 1 33 8 16 7 5 9 8 9 0
split_gain=398.16 100.988 56.0248 30.9315 26.4494 24.5751 23.2072 20.6012 19.3426 17.7683 15.7612 15.5231 15.3231 14.8291 14.8042 14.5776 12.9685 12.3166 12.1437 12.1061 11.8518 11.2997 10.6053 10.4075 10.4042 10.3319 9.54388 9.25426 9.23516 8.77841
threshold=48.050000000000004 60.250000000000007 34.050000000000004 45.150000000000013 71.050000000000011 60.750000000000007 14.500000000000002 53.350000000000001 14.500000000000002 61.250000000000007 11.500000000000002 56.050000000000004 68.050000000000011 87.250000000000014 73.850000000000009 51.650000000000013 11.500000000000002 65.250000000000014 59.250000000000007 59.650000000000013 56.250000000000007 84.550000000000011 36.650000000000013 47.050000000000004 41.250000000000007 50.750000000000007 51.850000000000001 29.350000000000005 51.750000000000007 49.45000000000001
decision_type=8 10 10 2 10 2 2 2 2 2 2 2 2 2 2 2 2 2 2 2 2 10 2 2 2 2 2 2 2 2
left_child=2 5 15 16 6 8 18 21 11 10 27 24 19 28 -12 17 -4 26 -3 -8 22 29 -9 -10 -2 -25 -1 -5 -7 -6
right_child=1 4 3 9 7 13 12 20 23 -11 14 -13 -14 -15 -16 -17 -18 -19 -20 -21 -22 -23 -24 25 -26 -27 -28 -29 -30 -31
leaf_value=-0.030576398070051282 -0.016402680411918707 0.011589636743188809 -0.0049511388875221754 0.027644666258779704 0.0032393734461030467 0.0081224128169337349 0.0018167539339947487 -0.0077500386510882414 0.033457964979891557 0.027365911998342696 -0.011682396901964695 0.011713778754295188 0.038230441876908106 0.03111185252558837 0.022588524305156402 -0.012808629933514804 -0.024503119165484713 0.032875584274513529 0.027735221183183442 0.014259236930348874 0.034012882407199997 0.033736832253850893 0.021798514803190769 -0.0099723871226138835 0.00055805423745498102 -0.0015021439099340626 0.0075489783603397628 -0.00068850081843761215 -0.021248306621092301 0.013991454340236251
leaf_weight=730.84616756439209 98.920152097940445 1037.8611187636852 104.09635455161333 32.83562196791172 271.19062174856663 399.18506923317909 1410.2952832877636 34.653869107365608 16.171588815748692 35.823161296546459 1123.9890496097505 309.32225685566664 32.414285317063332 69.227697789669037 32.234373904764652 170.38172976672649 475.60772868990898 7.7870795764029017 131.8212286233902 227.1681699603796 204.65323439240456 57.292684316635132 230.25199265778065 932.65552320331335 1036.6787953302264 588.87883408367634 16.541568651795387 228.31726349145174 28.510271266102791 643.76321884989738
leaf_count=10124 605 4586 800 226 1134 2097 6842 142 112 264 10003 1673 136 331 254 1782 4868 85 550 1037 846 238 946 6497 5844 3678 191 1527 150 2670
internal_value=-0.000273586 0.00567558 -0.0158814 -0.0112334 0.0108174 -0.0006498 0.00801311 0.0163359 -0.00236637 -0.00733185 -0.0082142 0.00178467 0.00422523 0.00964171 -0.0107208 -0.0260825 -0.0210023 -0.0290686 0.0134157 0.00354674 0.0249463 0.0121702 0.0179128 -0.00627005 -0.000916279 -0.00669775 -0.029725 0.002864 0.00614836 0.0108107
internal_weight=10719.4 7760.92 2958.46 2032.9 4281.37 3479.55 2839.56 1441.81 2982.63 1453.2 1417.38 1444.92 1669.88 496.923 1156.22 925.557 579.704 755.175 1169.68 1637.46 469.559 972.247 264.906 1537.71 1135.6 1521.53 747.388 261.153 427.695 914.954
internal_count=70238 40114 30124 17942 19127 20987 13151 5976 18409 12274 12010 8122 8015 2578 10257 12182 5668 10400 5136 7879 1934 4042 1088 10287 6449 10175 10315 1753 2247 3804
is_linear=0
shrinkage=0.05


Tree=38
num_leaves=31
num_cat=0
split_feature=33 33 33 7 1 2 13 18 3 11 7 18 7 33 30 7 7 1 9 18 2 3 18 2 18 1 28 33 13 6
split_gain=363.212 75.3649 62.717 30.4988 25.2262 24.9558 21.812 19.7873 18.3185 17.9678 19.9879 18.064 13.5134 12.9555 12.9464 12.9175 12.4581 11.6682 11.6473 11.6057 11.0244 11.0045 10.4541 10.0948 10.9391 9.76964 10.6557 9.25842 8.28673 8.2277
threshold=51.850000000000001 34.050000000000004 60.250000000000007 46.750000000000007 58.250000000000007 54.250000000000007 49.45000000000001 9.5000000000000018 48.350000000000001 48.850000000000001 66.350000000000009 10.500000000000002 44.150000000000013 43.150000000000013 429.00000000000006 40.45000000000001 63.250000000000007 55.550000000000004 59.050000000000004 9.5000000000000018 63.050000000000004 43.45000000000001 15.500000000000002 49.45000000000001 9.5000000000000018 44.050000000000004 5.5000000000000009 69.450000000000017 57.550000000000004 79.050000000000011
decision_type=8 10 10 2 2 2 2 2 2 2 2 2 2 10 2 2 2 2 2 2 2 2 2 2 2 2 2 10 2 2
left_child=1 16 7 5 8 13 29 28 12 -5 11 -11 17 -3 -10 -9 23 -4 -16 -14 27 -17 -23 -1 -25 -7 -27 -8 -2 -6
right_child=2 3 4 9 6 25 20 15 14 10 -12 -13 19 -15 18 21 -18 -19 -20 -21 -22 22 -24 24 -26 26 -28 -29 -30 -31
leaf_value=-0.032062855310911208 0.011821132007153082 -0.026700997328549858 -0.012937923340460089 -0.026754767742183501 0.0069610893349315601 0.03711191862362434 0.01413567694579237 -0.015083628378862813 -0.0052097552990927644 0.0090967710698371413 0.032377512729412632 -0.0064816382915817584 0.02632853848536227 -0.014009517101510716 0.013115646776339227 -0.0064123654071449572 0.019436581996589417 0.012926834904821164 -0.011076108206226669 0.0051623316112543935 0.046766247313734355 0.0052201365943740693 -0.002484279916790383 0.006105173161754825 -0.023303077974057836 0.0036356114339084161 -0.020454190560623208 0.026951577885237638 0.042010298190390344 -0.022786354560387551
leaf_weight=397.50533977895975 158.06313347071409 363.17977307736874 180.06267833709717 88.852203071117401 103.53466035425663 15.564574308693407 278.05170805752277 147.16968274116516 108.71320848166943 212.79573068767786 37.430149838328362 1466.3539873659611 68.616811901330948 457.63965677469969 1901.1888596564531 495.1734801158309 15.079989392310379 57.265084624290466 50.794356733560562 1172.6250875517726 44.085063830018044 1053.1396170556545 755.51206691563129 33.635038938373327 459.43514257669449 148.35026008635759 66.221532627940178 291.85658432543278 26.728839531540871 29.860390707850456
leaf_count=5796 741 3926 871 732 447 133 1239 942 500 1283 243 11870 285 3828 8428 2997 157 262 254 5313 185 5778 4590 373 5856 1164 580 1210 122 133
internal_value=-0.000263116 -0.0127686 0.00653242 -0.00878046 0.0102643 -0.015554 0.0186165 0.000461106 0.00849866 -0.0048341 -0.00369506 -0.00450401 0.00424627 -0.0196336 0.011547 -0.00072675 -0.025339 -0.00667311 0.012483 0.00633847 0.0225974 0.00018882 0.00199912 -0.0261049 -0.021286 -0.000979443 -0.0037818 0.0207112 0.0162352 0.000252609
internal_weight=10684.5 3762.04 6922.44 2856.39 4286.65 1050.96 747.388 2635.79 3539.27 1805.43 1716.58 1679.15 1478.57 820.819 2060.7 2450.99 905.656 237.328 1951.98 1241.24 613.993 2303.83 1808.65 890.576 493.07 230.136 214.572 569.908 184.792 133.395
internal_count=70238 35941 34297 23759 19127 9631 3214 15170 15913 14128 13396 13153 6731 7754 9182 14307 12182 1133 8682 5598 2634 13365 10368 12025 6229 1877 1744 2449 863 580
is_linear=0
shrinkage=0.05


Tree=39
num_leaves=31
num_cat=0
split_feature=33 33 33 2 33 18 18 18 1 3 1 17 31 31 13 0 15 15 2 2 3 18 30 28 15 17 3 13 1 30
split_gain=332.501 81.3633 50.0018 26.8075 23.2573 20.5112 20.2618 16.6262 15.0897 14.5358 14.95 17.0761 13.7825 12.6907 12.5221 10.9427 11.2776 10.7111 10.237 10.076 10.6321 10.072 9.94732 12.0045 11.7346 9.41806 12.2816 10.3309 9.25676 9.25013
threshold=48.050000000000004 60.250000000000007 31.950000000000003 49.850000000000001 71.050000000000011 14.500000000000002 14.500000000000002 15.500000000000002 56.250000000000007 56.050000000000004 47.750000000000007 1450.0000000000002 11.500000000000002 -3.4999999999999996 49.050000000000004 61.250000000000007 54.150000000000013 41.250000000000007 53.350000000000001 62.850000000000001 57.95000000000001 9.5000000000000018 439.00000000000006 4.5000000000000009 52.350000000000001 1350.0000000000002 57.750000000000007 53.250000000000007 50.350000000000001 433.00000000000006
decision_type=8 10 10 2 10 2 2 2 2 2 2 2 10 8 2 2 2 2 2 2 2 2 2 2 2 2 2 2 2 2
left_child=2 6 18 21 5 29 9 12 -6 10 11 -2 28 -12 -10 -9 -17 -11 -1 20 -7 -4 25 24 -24 26 -8 -27 -5 -3
right_child=1 4 3 7 8 19 22 15 14 17 13 -13 -14 -15 -16 16 -18 -19 -20 -21 -22 -23 23 -25 -26 27 -28 -29 -30 -31
leaf_value=-0.029500131948332661 0.012661769243071209 -0.0046246666534966487 0.010206133023583971 0.00064641241426544472 0.010804103536326963 0.0010450187448747788 -0.0089521993784063003 -0.015293979843520968 0 -0.0092555033381614676 -0.0066563131362540363 -0.021337366263138438 0.023088362887785006 0.0059134086099017795 0.023911380254012196 -0.012063940946278127 0.040072728627864207 0.015607896136937483 -0.01495069742614058 0.023372668873769101 0.012209234129712461 -0.020241552860292139 -0.0048503468575265447 -0.010632762850361539 0.0052651675488188101 -0.0082678600238393005 0.041662726184631814 -0.032606548882404052 -0.010020707078150975 0.013350613242507491
leaf_weight=551.40020942687988 50.294619023799896 76.077827140688896 28.019126448780298 443.03471336141229 878.37158451974392 1361.829295091331 57.127465456724167 567.80211873725057 61.125644907355309 49.892363898456097 259.17467353492975 136.84764311462641 48.774006143212318 886.6376753821969 502.20296122133732 22.983746372163296 18.614766903221607 314.8016512170434 157.32282084226608 61.778350636363029 253.07194332778454 675.16655200719833 633.61262642592192 368.82663364708424 523.39147884398699 93.080843821167946 15.049957953393458 83.263159573078156 374.58182625472546 1098.8964105695486
leaf_count=8109 297 338 211 3678 3647 6563 398 5481 251 266 1420 861 390 4835 2078 203 154 1660 1967 276 1176 7003 4200 2452 3309 623 93 573 2928 4798
internal_value=-0.000253259 0.005133 -0.0147389 -0.0109818 0.0097355 0.0071151 -0.00055696 -0.00714736 0.0149143 0.00334623 0.000921802 -0.0121715 -0.00268867 0.00306553 0.0213111 -0.0134766 0.0111867 0.0121911 -0.0262801 0.00356072 0.00279831 -0.0190199 -0.00429422 -0.00277874 -0.000270032 -0.0135737 0.00157555 -0.0198 -0.00423512 0.0121822
internal_weight=10653.1 7765.35 2887.7 2178.98 4293.35 2851.65 3472 1475.79 1441.7 1697.65 1332.95 187.142 866.391 1145.81 563.329 609.401 41.5985 364.694 708.723 1676.68 1614.9 703.186 1774.35 1525.83 1157 248.521 72.1774 176.344 817.617 1174.97
internal_count=70238 40114 30124 20048 19127 13151 20987 12834 5976 9339 7413 1158 6996 6255 2329 5838 357 1926 10076 8015 7739 7214 11648 9961 7509 1687 491 1196 6606 5136
is_linear=0
shrinkage=0.05


Tree=40
num_leaves=31
num_cat=0
split_feature=33 33 33 6 7 5 1 7 3 9 9 31 27 9 31 1 33 2 6 7 9 7 1 6 13 7 17 2 3 33
split_gain=287.211 88.08 30.8087 23.9689 23.5914 21.6814 19.0132 17.6984 17.5991 17.0069 16.0159 15.7642 14.6244 14.4109 14.1675 14.1014 13.7195 13.0461 14.4642 12.4564 13.5265 11.7635 11.5379 11.4033 11.3676 9.87352 9.74755 9.22168 9.08256 9.02243
threshold=57.850000000000001 41.95000000000001 68.250000000000014 52.550000000000004 41.95000000000001 40.550000000000004 59.550000000000004 47.850000000000001 56.650000000000013 51.850000000000001 49.350000000000001 2.5000000000000004 2.5000000000000004 51.750000000000007 -4.4999999999999991 51.050000000000004 82.950000000000017 53.45000000000001 70.65000000000002 52.250000000000007 50.050000000000004 67.450000000000017 49.550000000000004 54.95000000000001 66.050000000000011 57.250000000000007 1950.0000000000002 49.45000000000001 54.250000000000007 59.45000000000001
decision_type=8 10 10 2 2 2 2 2 2 2 2 10 2 2 10 2 10 2 2 2 2 2 2 2 2 2 2 2 2 8
left_child=1 5 4 7 27 -1 8 12 16 11 -5 21 -3 17 -14 25 23 18 -7 20 -10 -6 -13 -4 26 -9 -12 -2 -26 -29
right_child=2 3 6 10 9 13 -8 15 19 -11 24 22 14 -15 -16 -17 -18 -19 -20 -21 -22 -23 -24 -25 28 -27 -28 29 -30 -31
leaf_value=-0.026875985753842719 -0.021275969065832925 -0.024913813860485145 0.016411567376134136 -0.012645264628352743 0.0089159503207198454 -0.014303021721755967 0.026085958799694678 0.0093503104529638319 0.02485555911225729 -0.011570814867432765 -0.0059723905683329182 -0.011447815637188247 -0.00935196437775874 0.0048270971333508467 0.014465003608399524 -0.0046697311046134862 0.028124454385829722 -0.006722526407911069 -0.027588064892521788 0.033535342358210339 4.6986237189348722e-05 0.037452742144256999 0.0040115901808481444 0.0051716712440307852 0.0049545029289865365 0.027860337290450246 0.0038699622231211706 -0.028193459611368321 0.053268468746192968 0.001728815612607796
leaf_weight=449.62175450101495 94.048173666000366 75.917124383151531 283.75515238940716 697.51904380321503 2051.2847484201193 655.11315699294209 237.70557922124863 309.22389160841703 124.83884604275227 126.77534624934196 1550.3721905276179 146.96670945733786 158.91555023193359 92.404415044933558 102.70924636721611 140.2893533334136 85.317267894744873 314.77614288777113 300.63418697938323 128.40561285614967 98.797603115439415 36.791604578495026 671.31500493735075 1115.7176183909178 29.254202514886856 94.592308834195137 299.5610675662756 29.130605451762676 14.696782149374483 180.8966229557991
leaf_count=5997 554 593 1190 5116 10006 7780 985 2040 524 669 10530 812 1223 902 735 892 353 3168 3696 531 412 157 3219 4694 202 539 1949 165 95 929
internal_value=-0.000116738 -0.0084071 0.00797947 -0.00374222 0.00500231 -0.0173421 0.0127658 0.00337512 0.011038 0.00633434 -0.00616564 0.00711746 -0.00560904 -0.0141915 0 0.00895774 0.00864809 -0.0155789 -0.0184896 0.0210982 0.013923 0.00942293 0.00122785 0.00745524 -0.00377601 0.0137044 -0.00437579 -0.00826594 0.021308 -0.00240903
internal_weight=10697.3 5285.6 5411.75 3473.05 3337.21 1812.55 2074.54 881.647 1836.83 3033.13 2591.4 2906.36 337.542 1362.93 261.625 544.106 1484.79 1270.52 955.747 352.042 223.636 2088.08 818.282 1399.47 1893.88 403.816 1849.93 304.075 43.951 210.027
internal_count=70657 45457 25200 23914 16511 21543 8689 6022 7704 14863 17892 14194 2551 15546 1958 3471 6237 14644 11476 1467 936 10163 4031 5884 12776 2579 12479 1648 297 1094
is_linear=0
shrinkage=0.05


Tree=41
num_leaves=31
num_cat=0
split_feature=32 5 18 18 3 13 28 2 17 7 30 3 5 30 2 15 7 27 13 27 3 32 31 3 5 14 5 3 18 12
split_gain=169.722 51.148 34.8354 32.173 24.6444 22.7418 22.441 25.7577 24.2173 22.7337 20.8852 15.8311 15.5731 16.6814 13.8133 13.3463 17.5197 12.509 12.3753 12.0769 12.479 11.4605 10.9656 10.68 10.6008 9.92881 9.86272 9.81468 9.11455 9.0432
threshold=60.650000000000013 42.850000000000001 12.500000000000002 13.500000000000002 58.850000000000001 71.65000000000002 4.5000000000000009 55.550000000000004 2675.0000000000005 43.150000000000013 439.00000000000006 46.45000000000001 67.050000000000011 437.00000000000006 47.550000000000004 63.850000000000001 51.650000000000013 6.5000000000000009 52.650000000000013 3.5000000000000004 58.850000000000001 46.95000000000001 2.5000000000000004 61.350000000000001 40.350000000000001 55.350000000000001 42.150000000000013 61.550000000000004 9.5000000000000018 66.65000000000002
decision_type=10 2 2 2 2 2 2 2 2 2 2 2 2 2 2 2 2 2 2 2 2 10 10 2 2 2 2 2 2 2
left_child=1 14 12 19 6 10 7 9 -8 -4 -5 -12 13 -2 -1 16 27 -16 -10 20 -3 -21 28 -22 -19 -23 -24 -6 -15 -18
right_child=2 3 4 5 15 -7 8 -9 18 -11 11 -13 -14 22 17 -17 29 24 -20 21 23 25 26 -25 -26 -27 -28 -29 -30 -31
leaf_value=-0.02889541594817345 -0.0068449106060301419 -0.01084326925371901 -0.010672593798009285 -0.021270691595005352 0.0096215030677767963 0.06042914826037752 -0.0092341990180160767 0.010348948912216447 0.0025815651767052729 0.0024289194105803222 -0.014184855020609496 -0.0035500467354078976 0.02536208404634446 0.022457015365173055 -0.018871636900112024 0.031645081309622555 0.0085994789065822457 -0.013291498591799261 0.047982606560493961 -0.0066954250330010963 0.042497036876704287 0.0065873841514948496 -0.020063873857303696 -0.0071510212377659203 0.0077457560380341864 0.027733371051263424 0.0065950139743085195 -0.0075242963602345286 0.011161793509952368 0.029403285501144072
leaf_weight=219.56923681870103 142.13834802806377 241.79206788912416 385.53434590250254 296.95863270759583 191.49668794125319 11.728426195681093 683.41117534041405 895.64872249960899 32.71690545976162 2339.8500569611788 507.85124611109495 1131.5205983966589 171.26188606023788 237.96384170651436 572.24456823989749 75.780156150460243 93.14897409081459 162.92195208370686 28.045144200325012 148.31354745477438 22.116745837032795 525.39832280948758 38.583496913313866 20.807372495532036 94.253269609063864 62.236826863139868 331.51282729953527 147.56326553225517 735.31640518456697 121.64475282281637
leaf_count=3001 690 1748 2230 2973 1014 113 3870 4105 165 12249 4685 10165 720 1042 6156 359 447 1740 132 1439 152 3497 193 154 940 409 1497 767 3423 582
internal_value=-0.000113186 -0.0082277 0.00478744 -0.00487158 0.00270206 -0.00863963 0.00136678 0.00299296 -0.00653857 0.000573414 -0.00906367 -0.00684825 0.0110709 0.00941833 -0.0177196 0.0119498 0.0092408 -0.014752 0.0236633 0.00231543 -0.0064191 0.00570177 0.0111432 0.0183534 -0.00556201 0.00883981 0.00379758 0.00214467 0.0139306 0.0204128
internal_weight=10669.3 4017.71 6651.62 2968.72 4994.84 1948.06 4365.21 3621.03 744.173 2725.38 1936.33 1639.37 1656.78 1485.51 1048.99 629.634 553.854 829.42 60.762 1020.66 284.716 735.949 1343.38 42.9241 257.175 587.635 370.096 339.06 973.28 214.794
internal_count=70657 37172 33485 25335 25920 17936 22751 18584 4167 14479 17823 14850 7565 6845 11837 3169 2810 8836 297 7399 2054 5345 6155 306 2680 3906 1690 1781 4465 1029
is_linear=0
shrinkage=0.05


Tree=42
num_leaves=31
num_cat=0
split_feature=33 33 18 18 7 33 7 9 7 3 6 1 6 5 4 3 18 7 32 7 7 9 18 33 5 15 32 32 6 7
split_gain=247.406 78.0793 39.6001 29.3719 27.2846 25.5088 19.2803 18.108 23.2094 18.1547 17.7331 16.999 16.3765 16.341 14.9617 14.6937 12.203 12.0983 12.0014 11.4179 11.4105 11.3869 10.7838 9.9928 9.67979 9.4177 9.33102 9.21734 9.09239 8.99415
threshold=57.850000000000001 41.95000000000001 12.500000000000002 15.500000000000002 68.65000000000002 68.250000000000014 41.95000000000001 74.15000000000002 47.050000000000004 63.750000000000007 66.750000000000014 59.550000000000004 58.750000000000007 40.350000000000001 44.95000000000001 56.650000000000013 15.500000000000002 40.350000000000001 84.250000000000014 49.95000000000001 63.850000000000001 58.750000000000007 9.5000000000000018 54.250000000000007 49.050000000000004 48.95000000000001 56.550000000000004 52.750000000000007 60.050000000000004 52.250000000000007
decision_type=8 10 2 2 2 10 2 2 2 2 2 2 2 2 2 2 2 2 10 2 2 2 2 10 2 2 10 10 2 2
left_child=1 3 17 13 5 6 26 9 -9 12 20 15 -4 19 27 18 -16 -3 -7 -1 24 22 -15 -10 -5 -21 -2 -8 -28 -17
right_child=4 2 7 10 -6 11 14 8 23 -11 -12 -13 -14 21 16 29 -18 -19 -20 25 -22 -23 -24 -25 -26 -27 28 -29 -30 -31
leaf_value=-0.029812035143318972 -0.029164979759126054 -0.016797951763296761 -0.0019200371515045213 -0.023008627302257428 0.036551922227305945 0.0067493460915307446 -0.033655754972345846 0.055531390473121459 0.0119364361644982 0.029004339047637353 -0.0314614051625208 0.02410433275563233 -0.010782443936463229 0.0086129600185077312 0.0092746978202007651 0.01295286975113679 0.0025556223234947566 0.0069158903697398594 0.035099849610435316 0.017268614013353209 0.042811872192645622 0.020621743175389382 -0.010573339129848498 -0.032617256249649638 -0.006809362963045941 -0.01971299592360095 0.0096718519597990341 -0.0031125777628566789 -0.010513836631186227 0.029867133169801652
leaf_weight=156.94332493469119 43.693629302084446 57.177488476037979 761.87158689647913 278.88134124130011 78.970389991998672 1421.5560496002436 28.336181826889515 25.677345409989357 42.804585516452789 33.456936351954937 373.81871685013175 231.83409585058689 1661.0416922494769 82.574002373963594 1603.8876513391733 224.02974371612072 1172.1439568921924 858.05808993428946 38.341762095689774 27.378081399947405 7.819411262869834 35.488957155495882 625.91879811882973 17.698291629552841 139.42155714705586 45.706623788923025 81.053843915462494 192.7527662217617 177.3711946234107 122.81843377649784
leaf_count=2160 314 357 5657 3860 333 5973 214 183 291 220 4985 961 12335 731 7546 936 5942 4765 160 338 71 318 7001 106 1547 532 416 979 918 508
internal_value=-0.000109497 -0.00786482 -0.0034877 -0.0163932 0.00737996 0.00694677 0.00422714 -0.00669885 0.0157979 -0.00749078 -0.0234975 0.0113453 -0.00799797 -0.0105516 0.00544171 0.00970414 0.00643965 0.00542728 0.0074997 -0.0222062 -0.0164937 -0.00693893 -0.00832924 -0.00104621 -0.0176242 -0.00578642 -0.00780308 -0.00706324 -0.00416205 0.0189635
internal_weight=10648.5 5231.74 3457.79 1773.95 5416.79 5337.82 3299.24 2542.55 86.1802 2456.37 799.941 2038.58 2422.91 974.01 2997.12 1806.75 2776.03 915.236 1459.9 230.028 426.122 743.982 708.493 60.5029 418.303 73.0847 302.119 221.089 258.425 346.848
internal_count=70657 45457 23914 21543 25200 24867 16329 18792 580 18212 10463 8538 17992 11080 14681 7577 13488 5122 6133 3030 5478 8050 7732 397 5407 870 1648 1193 1334 1444
is_linear=0
shrinkage=0.05


Tree=43
num_leaves=31
num_cat=0
split_feature=5 18 4 0 4 7 2 9 30 28 28 5 13 28 2 18 9 17 4 7 30 2 29 18 13 7 18 8 13 29
split_gain=92.6472 40.4309 32.4619 31.006 27.3024 28.5599 27.201 24.3458 21.6651 23.3971 20.343 19.5635 17.2953 17.1147 19.9641 15.2845 14.8483 14.4645 14.4368 12.6219 11.4182 11.3113 11.299 10.9546 10.9101 10.6524 10.1568 9.75448 9.49865 8.93293
threshold=47.150000000000013 13.500000000000002 84.850000000000009 49.350000000000001 92.850000000000009 49.750000000000007 56.95000000000001 51.750000000000007 421.00000000000006 3.5000000000000004 5.5000000000000009 67.050000000000011 57.95000000000001 4.5000000000000009 52.250000000000007 8.5000000000000018 74.250000000000014 2855.0000000000005 40.050000000000004 56.650000000000013 443.00000000000006 46.750000000000007 59.750000000000007 15.500000000000002 68.850000000000009 58.550000000000004 12.500000000000002 41.150000000000013 59.550000000000004 55.750000000000007
decision_type=2 2 2 2 2 2 2 2 2 2 2 2 2 2 2 2 2 2 2 2 2 2 2 2 2 2 2 2 2 2
left_child=2 11 3 7 5 6 20 12 -7 -10 -8 15 25 14 23 -2 17 -15 19 -17 -3 -6 -20 -5 26 -1 28 -16 -4 -28
right_child=1 4 24 13 21 8 10 -9 9 -11 -12 -13 -14 16 27 18 -18 -19 22 -21 -22 -23 -24 -25 -26 -27 29 -29 -30 -31
leaf_value=-0.024311588151733551 0.022347950625188108 -0.015861902899734274 0.014844627325768243 -0.0023328917670466095 0.036371900882171945 -0.021166661711517709 0.0146792740585005 0.014654682358980906 0.0084113582793169505 -0.0026449008537543016 -0.018147973515926449 0.021388895940467705 -0.0048587394181321556 -0.016413551486653011 0.016556253042391531 -0.017136496998656815 0.03697409924494547 0.024717230874761881 0.005882388008984319 0.03018926607365573 -0.0055176287333059326 0.0087356270525075861 0.023304783995489887 -0.014328725944117181 0.041365239371630808 0.0050197338362889905 0.0045574075233401545 0.00093284943089620763 -0.01705489028979806 -0.0081094534653289637
leaf_weight=629.84896226227283 148.80906628072262 327.88576765358448 180.28810243308544 443.21767788752913 39.792861893773079 87.349619667977095 253.93393128365278 56.34804167971015 1268.5573547668755 767.31959104910493 57.752199597656727 262.68119543790817 167.74857769906521 491.42237312719226 139.07376133278012 106.56151114031672 14.186151959002016 22.166289787739515 1716.3306799679995 16.075346291065216 1450.9286161735654 546.3485594689846 98.563984453678131 335.10053431242704 17.24550399929285 32.227553978562355 258.45964964851737 356.89373589679599 26.579883847385645 300.73101962730289
leaf_count=7221 700 2506 992 3660 181 590 1341 495 7074 4603 399 1141 1750 4485 1012 732 104 130 9037 94 9832 2543 491 3152 109 303 1659 2268 147 1906
internal_value=-0.000106469 0.00314734 -0.00680833 -0.00941852 0.000515698 -0.000889741 -0.00503902 -0.0170784 0.00319328 0.00424189 0.00857682 0.00852233 -0.0192407 -0.00564824 -0.00250708 0.00689901 -0.013221 -0.0146242 0.00570881 -0.0108727 -0.00742797 0.0106263 0.00683256 -0.00750523 0.00214329 -0.0228757 0.00124851 0.00532633 0.0107155 -0.00224608
internal_weight=10620.4 7148.89 3471.54 2688.23 4799.87 4213.73 2090.5 886.173 2123.23 2035.88 311.686 2349.02 829.825 1802.06 1274.29 2086.34 527.775 513.589 1937.53 122.637 1778.81 586.141 1814.89 778.318 783.304 662.077 766.059 495.967 206.868 559.191
internal_count=70657 41264 29393 24580 29069 26345 14078 9769 12267 11677 1740 12195 9274 14811 10092 11054 4719 4615 10354 826 12338 2724 9528 6812 4813 7524 4704 3280 1139 3565
is_linear=0
shrinkage=0.05


Tree=44
num_leaves=31
num_cat=0
split_feature=33 33 18 18 9 33 6 9 6 18 5 8 12 18 28 0 33 33 5 15 9 5 18 27 13 1 14 19 33 14
split_gain=215.344 69.9045 33.6541 27.0204 24.492 21.3197 17.0688 15.8318 15.2346 14.9817 14.8416 12.5755 12.2544 10.9852 15.5604 12.2338 10.4321 10.0008 9.99211 10.1178 9.98619 9.8386 9.66303 9.15125 9.86309 12.1035 9.04726 8.12925 15.7787 10.9587
threshold=57.850000000000001 41.95000000000001 12.500000000000002 15.500000000000002 55.050000000000004 73.850000000000009 66.750000000000014 74.15000000000002 51.850000000000001 9.5000000000000018 40.350000000000001 22.750000000000004 90.350000000000009 17.500000000000004 4.5000000000000009 46.650000000000013 54.250000000000007 26.450000000000003 49.050000000000004 69.750000000000014 58.750000000000007 44.250000000000007 11.500000000000002 4.5000000000000009 62.250000000000007 46.95000000000001 49.350000000000001 1.0000000180025095e-35 82.950000000000017 42.600000000000009
decision_type=8 10 2 2 2 10 2 2 2 2 2 2 2 2 2 2 10 10 2 2 2 2 2 2 2 2 2 2 10 2
left_child=1 3 23 10 5 9 18 8 12 -2 17 -10 -4 15 -15 -11 26 -1 19 -5 22 -6 -12 24 25 -3 -9 28 -7 -29
right_child=4 2 7 6 21 27 -8 16 11 13 20 -13 -14 14 -16 -17 -18 -19 -20 -21 -22 -23 -24 -25 -26 -27 -28 29 -30 -31
leaf_value=-0.040596739907571712 0.017156189615207623 -0.032520002451219165 -0.003251137066265954 -0.022962762401347491 0.016973282954217305 0.0063668411112029234 -0.030460672902293998 0.047766786321720094 0.0067429423899547317 -0.001513790930087312 0.00070532356138338173 -0.010307711903471994 0.015976603863493942 0.00089999861671250642 -0.029960467200670301 0.0071207391916378428 -0.012665953129893588 -0.015385390078234321 -0.0047729517233407806 0.029423350381093911 0.019059192090990638 -0.018522713377788658 -0.011854302314374478 0.0088660852709059271 0.033987184287076526 -0.00024808258078247447 0.0090592631461273512 0.0075571435153196781 0.026612708533472709 0.027112977823164776
leaf_weight=51.514214944094419 281.6062333881855 32.09233558177948 496.61553382873535 265.27949655801058 22.844630479812622 440.28717495501041 361.16890105605125 26.417603373527527 114.93485099822283 468.12645311653614 224.33626990020275 1726.7367019504309 99.356329955160618 318.34596136957407 46.715943574905396 3262.6937950402498 24.729395754635334 172.63537825644016 142.4767068400979 9.3835695348680002 36.113526038825512 126.80284458398819 477.50578854605556 566.63890968263149 18.538476921617985 301.46360722184181 36.121499560773373 107.24440515041351 123.52553744614124 221.29869030416012
leaf_count=892 1214 191 3730 3777 125 1810 4985 179 888 2464 2107 12894 700 1600 254 15192 152 2138 1580 121 318 662 5625 3178 101 1652 249 444 519 916
internal_value=-0.00010286 -0.00738868 -0.00325899 -0.0155563 0.00686554 0.00743263 -0.0224879 -0.00624142 -0.00699211 0.00599455 -0.00994191 -0.00924059 -3.50896e-05 0.00522553 -0.00304256 0.00603597 0.0146542 -0.0212173 -0.0155674 -0.0211448 -0.00650789 -0.0130629 -0.0078331 0.00493182 -0.00138627 -0.00337685 0.02554 0.0144801 0.0108153 0.0207489
internal_weight=10603.6 5184.06 3443.65 1740.41 5419.49 5269.84 778.309 2524.91 2437.64 4377.49 962.105 1841.67 595.972 4095.88 365.062 3730.82 87.2685 224.15 417.14 274.663 737.956 149.647 701.842 918.733 352.094 333.556 62.5391 892.356 563.813 328.543
internal_count=70657 45457 23914 21543 25200 24413 10463 18792 18212 20724 11080 13782 4430 19510 1854 17656 580 3030 5478 3898 8050 787 7732 5122 1944 1843 428 3689 2329 1360
is_linear=0
shrinkage=0.05


Tree=45
num_leaves=31
num_cat=0
split_feature=0 28 30 2 18 13 30 18 3 18 3 28 2 21 1 15 31 26 21 4 13 18 0 4 31 0 30 1 1 2
split_gain=60.3434 49.838 56.7054 35.2597 33.0354 27.0955 25.0679 24.1324 18.9524 18.3734 18.1117 17.9515 23.1654 14.8705 14.5692 13.8079 11.8258 11.6118 10.6565 10.6009 10.4738 8.45576 8.45155 8.22556 7.3766 7.29079 11.2015 10.4134 7.20616 7.00223
threshold=46.050000000000004 4.5000000000000009 421.00000000000006 55.95000000000001 10.500000000000002 71.65000000000002 431.00000000000006 10.500000000000002 65.15000000000002 9.5000000000000018 50.350000000000001 6.5000000000000009 59.95000000000001 1.0000000180025095e-35 55.150000000000013 53.350000000000001 2.5000000000000004 1.0000000180025095e-35 1.0000000180025095e-35 90.250000000000014 55.550000000000004 16.500000000000004 45.150000000000013 94.950000000000017 -1.0000000180025095e-35 38.350000000000001 477.00000000000006 52.45000000000001 49.95000000000001 48.250000000000007
decision_type=2 2 2 2 2 2 2 2 2 2 2 2 2 2 2 2 10 2 2 2 2 2 2 2 10 2 2 2 2 2
left_child=4 2 21 7 22 6 -6 19 11 -5 -9 12 18 -13 15 -8 -14 -11 -3 -4 -16 23 25 29 -15 -1 27 -27 -7 -2
right_child=1 8 3 9 5 28 14 10 -10 17 -12 13 16 24 20 -17 -18 -19 -20 -21 -22 -23 -24 -25 -26 26 -28 -29 -30 -31
leaf_value=-0.0029649607333430317 -0.028991626043045855 -0.0079118804512251801 0.0092809367689063449 0.033367899173334346 -0.036418042719761665 0.055676599030687814 -0.017258379724903586 -0.0020760536776992886 0.040710532874004411 0.011459369357797127 0.0042986798757271251 -0.025046278171043969 0.015220251440215238 0.021230494116131149 -0.011098288726242921 -0.005044736607890783 -0.0063951483079365242 -0.002599815524582382 0.0076294282437037999 0.028964989122828688 0.014986615338425838 -0.030563805921166084 -0.01174566705398504 0.016360570099861936 -0.011695445792226766 -0.0073426992780683559 0.046826159819601865 0.039382706789478882 0.009625527084466394 -0.0097560985417447493
leaf_weight=27.553281884640455 62.272751279175282 1352.5297551006079 534.23656232282519 88.171352252364159 105.75850400701165 16.372730698436499 687.6226609274745 2139.3077905550599 21.925911318510771 1267.2419201619923 2323.8330665901303 196.48374968767166 207.44976904243231 28.665724597871304 69.579613301903009 350.92492208257318 90.580319583415985 165.44191294908524 119.6903006657958 78.789882592856884 85.620335638523102 76.119441587477922 26.758818626403809 23.622297741472721 41.431781187653542 30.679229140281677 37.940199289470911 19.249122135341167 18.294553238898516 203.62326476350427
leaf_count=236 592 10170 2895 386 1306 127 6821 13988 140 6098 14618 1768 1154 144 403 3028 531 930 626 361 484 617 178 121 217 233 258 119 118 1525
internal_value=-9.40454e-05 0.00143904 0.0034603 0.00452326 -0.00946498 -0.0119087 -0.013076 0.00252105 -0.0053942 0.0112022 0.00124199 -0.00589494 -0.00406918 -0.0179942 -0.011001 -0.0131371 0.00863397 0.0098323 -0.00664456 0.0118233 0.00326036 -0.0157005 0.013423 -0.0117662 0.00170915 0.0193063 0.0263423 0.0106143 0.031616 -0.0142891
internal_weight=10497.8 9021.42 6962.66 6597.02 1476.35 1334.17 1299.51 5076.17 2058.76 1520.86 4463.14 2036.83 1770.25 266.581 1193.75 1038.55 298.03 1432.68 1472.22 613.026 155.2 365.638 142.181 289.518 70.0975 115.422 87.8686 49.9284 34.6673 265.896
internal_count=70192 56881 42131 39276 13311 12287 12042 31862 14750 7414 28606 14610 12481 2129 10736 9849 1685 7028 10796 3256 887 2855 1024 2238 361 846 610 352 245 2117
is_linear=0
shrinkage=0.05


Tree=46
num_leaves=31
num_cat=0
split_feature=33 33 18 18 7 7 3 4 28 2 33 30 13 7 33 33 28 4 6 13 3 3 2 4 18 7 13 6 17 30
split_gain=195.806 52.3956 32.5115 31.7853 23.5461 20.0984 19.8215 17.2237 17.0107 16.8515 20.06 14.1729 14.1592 13.7562 13.5791 13.5179 13.3431 12.7868 12.3652 12.2769 11.093 10.6253 10.7431 10.5219 10.5069 10.5007 11.2191 10.4253 17.6679 14.3682
threshold=46.050000000000004 66.050000000000011 10.500000000000002 15.500000000000002 46.750000000000007 47.350000000000001 63.550000000000004 70.050000000000011 5.5000000000000009 55.95000000000001 64.450000000000017 433.00000000000006 70.050000000000011 65.65000000000002 80.15000000000002 29.550000000000004 4.5000000000000009 91.550000000000011 58.050000000000004 51.350000000000001 58.650000000000013 60.95000000000001 51.750000000000007 80.050000000000011 14.500000000000002 53.850000000000001 53.95000000000001 50.850000000000001 1550.0000000000002 475.00000000000006
decision_type=8 10 2 2 2 2 2 2 2 2 8 2 2 2 10 10 2 2 2 2 2 2 2 2 2 2 2 2 2 2
left_child=3 2 16 5 9 15 11 25 12 20 -11 -5 -6 18 24 -1 -2 27 -13 -16 -4 -17 -23 -21 -9 -3 -27 28 -7 -29
right_child=1 7 4 6 8 17 -8 14 -10 10 -12 13 -14 -15 19 21 -18 -19 -20 23 -22 22 -24 -25 -26 26 -28 29 -30 -31
leaf_value=-0.029131741288952073 0.015037155978666356 0.00071509294337166265 -0.010106107892932937 -0.033774201007216662 0.0025809638129265823 0.030825597938301454 0.051546360572275345 0.016100644168633282 -0.010133075153959066 -0.00048957691413746281 0.035499408687706471 -0.0095580138763355846 0.03864376420756456 0.036469445799969517 -0.0059084272448978728 -0.012626564044657104 -0.0015880390404750756 0.030008408873501369 -0.022337246610722408 0.049494993449447251 0.0040380266280600164 -0.0039908001049132179 0.058332159467977908 0.021447637964024848 0.0074791299334487048 0.0041231714966378204 0.023406129715960289 -0.014236554723073506 -0.0035768137704987931 0.0018257030416778044
leaf_weight=126.20596928521991 511.45054389536381 689.38194817304611 1088.2806368172169 157.28421552479267 2901.7268093898892 54.048935789614916 9.6632758714258653 590.02124588191509 272.55987358093262 278.43948879092932 44.826197996735573 283.59707311913371 27.399523586034775 11.533210419118403 26.053933724761009 417.75755464285612 157.24049098789692 29.374538864940405 580.76211371272802 51.477832332253456 158.25623880326748 19.110599450767044 10.609713807702063 99.289322733879089 890.97506180405617 192.99648407101631 124.63729250431061 304.099454857409 119.40824139863253 255.78777517005801
leaf_count=2047 2374 2973 7276 2175 16560 493 113 2453 1639 1643 218 3406 160 103 108 4390 782 219 7374 215 983 208 96 415 3794 807 522 3058 1083 2505
internal_value=-9.10331e-05 0.00361068 0.00079598 -0.0127028 -0.000650108 -0.00759066 -0.0192479 0.00935469 0.00180815 -0.00566682 0.00449487 -0.0199198 0.00292132 -0.0174227 0.012489 -0.0146616 0.0111207 -0.00226447 -0.0181517 0.0256045 -0.00830622 -0.0105636 0.0182109 0.0310837 0.0109181 0.00418902 0.0117104 -0.00356791 0.00712569 -0.00689047
internal_weight=10484.3 8105.01 5440.18 2379.24 4771.49 1336.4 1042.84 2664.83 3201.69 1569.8 323.266 1033.18 2929.13 875.892 1657.82 573.684 668.691 762.719 864.359 176.821 1246.54 447.478 29.7203 150.767 1481 1007.02 317.634 733.344 173.457 559.887
internal_count=70192 42922 31635 27270 28479 14099 13171 11287 18359 10120 1861 13058 16720 10883 6985 6741 3156 7358 10780 738 8259 4694 304 630 6247 4302 1329 7139 1576 5563
is_linear=0
shrinkage=0.05


Tree=47
num_leaves=31
num_cat=0
split_feature=33 33 7 7 7 4 9 4 3 31 31 7 3 33 7 1 4 31 0 0 0 3 7 13 28 13 0 1 3 19
split_gain=178.486 45.3748 32.5466 23.5592 17.1182 16.4374 18.686 15.5375 14.4174 15.5796 13.5933 17.0902 13.3468 12.4079 11.9708 11.6903 11.4026 11.377 11.1619 11.0704 10.3729 9.7901 9.4731 10.1136 9.28538 8.96429 8.24686 7.83863 7.61886 10.0094
threshold=46.850000000000001 66.050000000000011 44.350000000000001 46.750000000000007 67.450000000000017 91.350000000000009 50.150000000000013 70.050000000000011 63.850000000000001 11.500000000000002 22.500000000000004 53.550000000000004 55.750000000000007 80.750000000000014 58.650000000000013 57.250000000000007 73.550000000000011 1.0000000180025095e-35 51.050000000000004 46.350000000000001 53.050000000000004 36.150000000000013 53.850000000000001 53.95000000000001 2.5000000000000004 52.95000000000001 52.750000000000007 58.050000000000004 54.250000000000007 1.0000000180025095e-35
decision_type=8 10 2 2 2 2 2 2 2 8 8 2 2 10 2 2 2 8 2 2 2 2 2 2 2 2 2 2 2 2
left_child=2 3 19 18 10 8 -7 22 9 21 12 -12 -5 15 -11 24 -6 -10 27 -1 -20 -4 28 -24 -9 -8 -17 -2 -3 -30
right_child=1 7 5 4 16 6 25 13 17 14 11 -13 -14 -15 -16 26 -18 -19 20 -21 -22 -23 23 -25 -26 -27 -28 -29 29 -31
leaf_value=-0.032074556309220133 -0.00959209238662663 -0.0027878731876531189 -0.036442111183819084 -0.00024309309970436014 0.044010211577281362 -0.012849504169407947 0.072963151209760282 0.01929446941202154 0.067463954450055583 -0.0035050532480195872 0.0010848444632821283 0.021707271804776232 0.007495045034465163 0.025359899494374151 0.026287356538352836 0.027513580441672372 0.004516572383882078 -0.0049971619063589184 0.0091296556785381375 -0.017362317796492006 -0.0031999486443358722 -0.011382508229046559 0.003916196318563098 0.022222047541540085 0.0056863000076792861 0.020745203992127495 0.012718687725739765 0.012827189590459974 -0.0009905823453552232 0.02097609779664315
leaf_weight=178.83833941072226 729.98697973787785 479.76439851522446 40.232856549322605 2381.7133529111743 42.162120200693607 30.063892349600792 13.325307585299013 145.92697915434837 10.737439524382351 301.53117683902383 203.0351630449295 199.82838186621666 726.89459911733866 154.82925170660019 37.858108840882778 136.46881434321404 32.784169532358646 10.567509032785894 223.23145448416471 463.00042200088501 721.82526684552431 1383.2564947083592 193.04083442687988 124.71763741970062 907.82363955676556 22.530362494289875 313.22296985983849 40.917297892272472 117.65859018266201 92.045082584023476
leaf_count=2833 4863 2077 465 13405 207 252 101 616 112 3108 1189 1021 3858 650 312 570 157 108 1339 5545 4250 15363 807 522 3845 175 1304 242 502 394
internal_value=-8.84459e-05 0.00356374 -0.0117678 0.000887416 0.00319352 -0.00839693 0.0160776 0.00888553 -0.00930484 -0.00980176 0.00268687 0.0113292 0.00156491 0.0118621 -0.000160285 0.0104671 0.02683 0.0314334 -0.00392941 -0.0214738 -0.00028163 -0.0120968 0.00397932 0.0111216 0.0075772 0.0404394 0.0172248 -0.00839415 0.000679256 0.00863281
internal_weight=10459.8 7967.88 2491.94 5302.38 3586.42 1850.1 65.9196 2665.5 1784.18 1762.88 3511.47 402.864 3108.61 1658.27 339.389 1503.44 74.9463 21.3049 1715.96 641.839 945.057 1423.49 1007.23 317.758 1053.75 35.8557 449.692 770.904 689.468 209.704
internal_count=70192 41818 28374 30531 19837 19996 528 11287 19468 19248 19473 2210 17263 6985 3420 6335 364 220 10694 8378 5589 15828 4302 1329 4461 276 1874 5105 2973 896
is_linear=0
shrinkage=0.05


Tree=48
num_leaves=31
num_cat=0
split_feature=7 18 30 28 4 0 28 15 13 30 18 0 4 18 2 12 21 3 6 3 7 28 7 12 31 3 31 1 1 30
split_gain=63.8253 43.7741 32.8865 33.9219 29.7372 26.6298 25.2936 16.9082 15.8214 13.8097 13.1575 13.0337 12.1195 10.8953 10.8251 12.8785 10.7946 13.3795 10.5737 10.5202 9.94348 8.93376 14.0144 13.7394 12.0446 11.8041 10.091 8.68901 8.55256 8.4756
threshold=44.250000000000007 10.500000000000002 431.00000000000006 6.5000000000000009 71.250000000000014 46.050000000000004 3.5000000000000004 55.650000000000013 55.550000000000004 419.00000000000006 14.500000000000002 46.650000000000013 41.850000000000001 16.500000000000004 55.95000000000001 99.350000000000009 1.0000000180025095e-35 49.750000000000007 67.050000000000011 58.95000000000001 41.45000000000001 4.5000000000000009 57.750000000000007 95.550000000000011 3.5000000000000004 54.95000000000001 8.5000000000000018 48.850000000000001 58.250000000000007 453.00000000000006
decision_type=2 2 2 2 2 2 2 2 2 2 2 2 2 2 2 2 2 2 2 2 2 2 2 2 10 2 8 2 2 2
left_child=4 21 11 5 7 8 -7 10 -4 -6 18 -3 -9 28 19 -16 -5 -18 -1 27 -21 22 23 -2 -24 -25 -23 -11 -13 -12
right_child=1 2 3 16 9 6 -8 12 -10 14 29 13 -14 -15 15 -17 17 -19 -20 20 -22 26 24 25 -26 -27 -28 -29 -30 -31
leaf_value=-0.016666666365420215 0.006005671481012948 -0.028843626334420565 -0.012258541085007566 -0.027733447526258823 -0.035328585312175802 0.0064851100891556539 -0.00016364054101633446 -0.027870188680336624 0.0010474152676967702 -0.016707503593112859 -0.031342520303238947 -0.0065254520616570269 0.0028850662192425117 -0.021435364762057211 0.0025352490178879817 0.030981586280910578 -0.027907552947824012 0.024430452457023379 0.00021756986109631706 -0.0049414243889825916 0.029390292443473593 0.0057605597980254766 0.036349301433198984 0.014569994787680306 0.0059327729383419495 0.043408320031390453 -0.034212733021500741 -0.0022811588887775313 0.015828114789008748 -0.017422142579498531
leaf_weight=218.86514354869723 443.06678123399615 84.961632113903761 469.19748575985432 127.81221592053771 28.708874698728323 3028.7013769857585 2707.8756838180125 37.696256410330534 425.13132685050368 136.51381025090814 162.30355998128653 354.51311387121677 209.13870085030794 112.57561197504401 159.71128031238914 53.110163137316704 22.882147245109081 25.952892124652863 159.82833541557193 39.467694275081158 44.619156427681446 183.17028019204736 111.93340926617384 133.59061150625348 46.528270866721869 48.815409887582064 17.15969255939126 447.40656200423837 48.466663498431444 347.83134389296174
leaf_count=1830 2384 999 4363 1135 260 17317 17471 354 3304 1278 1803 2619 1573 815 943 275 131 134 1292 280 300 1057 529 705 219 246 102 2929 249 3296
internal_value=-8.55322e-05 0.00184417 0.000527135 0.00151728 -0.00800606 0.00209417 0.00334584 -0.0134017 -0.00592837 -0.0012627 -0.0166172 -0.0106874 -0.00180097 -0.00768058 -0.000142831 0.00966881 -0.0200984 0 -0.00952926 -0.0032772 0.01323 0.0117507 0.0141597 0.0107785 0.0274592 0.0223346 0.00229625 -0.00566472 -0.00382131 -0.0218661
internal_weight=10437.5 8392.33 7408.07 6807.55 2045.2 6630.91 5736.58 1135.66 894.329 909.538 888.828 600.517 246.835 515.555 880.829 212.821 176.647 48.835 378.693 668.007 84.0869 984.264 783.934 625.473 158.462 182.406 200.33 583.92 402.98 510.135
internal_count=70192 53779 48537 43855 16413 42455 34788 10148 7667 6265 8221 4682 1927 3683 6005 1218 1400 265 3122 4787 580 5242 4083 3335 748 951 1159 4207 2868 5099
is_linear=0
shrinkage=0.05


Tree=49
num_leaves=31
num_cat=0
split_feature=33 33 18 7 13 7 3 7 9 18 3 33 1 2 33 2 3 32 3 6 12 0 3 29 9 8 17 7 6 2
split_gain=157.945 41.7242 28.7788 22.3422 22.5148 19.1355 18.5313 16.7334 16.1244 15.9652 16.6593 14.6855 15.7792 13.9147 12.7905 11.8233 9.81558 14.4205 9.71467 9.76132 9.61411 9.50257 9.47027 17.8607 8.98671 8.7257 8.71726 8.59507 8.54792 8.27198
threshold=46.050000000000004 61.45000000000001 15.500000000000002 45.45000000000001 70.050000000000011 67.450000000000017 65.850000000000009 47.350000000000001 59.650000000000013 11.500000000000002 52.850000000000001 74.65000000000002 58.250000000000007 53.650000000000013 29.550000000000004 61.95000000000001 48.350000000000001 63.650000000000013 54.150000000000013 53.350000000000001 65.550000000000011 49.650000000000013 60.95000000000001 55.750000000000007 51.850000000000001 51.750000000000007 1550.0000000000002 51.050000000000004 68.850000000000009 57.350000000000001
decision_type=8 10 2 2 2 2 2 2 2 2 2 10 2 2 10 2 2 10 2 2 2 2 2 2 2 2 2 2 2 2
left_child=2 3 7 21 9 8 13 14 11 24 -11 12 -3 16 -1 25 28 -18 -15 -20 -10 -2 29 -24 -5 26 -9 -13 -4 -16
right_child=1 5 6 4 -6 -7 -8 15 20 10 -12 27 -14 18 22 -17 17 -19 19 -21 -22 -23 23 -25 -26 -27 -28 -29 -30 -31
leaf_value=-0.027720704445724609 -0.013427341304493096 0.003663490065662113 -0.02198048294411516 0.0098212217496003486 0.045496604742478713 0.031093641595022248 0.058668734877837518 0.012782071611508071 -0.044752342091726835 -0.0037772084808288583 0.0046822216003323865 0.0086372371236424546 0.013196181209559255 -0.015304374112448966 -0.013110948587752783 0.051129599820232824 -0.020043240113983913 0.011032033191934416 0.042476782491412901 -0.0023521065239890458 -0.004433649941547599 -0.0033018643135019651 -0.025551986751503553 0.052025197039483467 -0.022960834943008913 -0.0094768856612063423 -0.0025731806229129612 0.019657478577342416 -0.039008932269573526 0.016306327109755561
leaf_weight=120.24600417912006 338.00432297587395 2550.8218094259501 188.71891589090228 592.70002181828022 29.221809148788452 79.984170138835907 7.7115230336785308 127.36690732836723 22.174608141183853 1442.4714134708047 975.32609241455793 435.10287630558014 523.91656111180782 173.95912862196565 381.83693375065923 10.281775407493113 389.12622626870871 41.014047481119633 14.506392627954481 71.043985087424517 45.037602409720421 743.09473610669374 13.093377951532604 16.726428013294935 21.490987241268158 284.28573815152049 335.23781895264983 301.53915472328663 124.24875849485397 25.260561637580395
leaf_count=2047 2471 11430 2587 2856 171 335 85 1279 110 9214 5854 1795 2241 1941 4166 83 5434 359 150 761 226 4846 142 162 111 2720 3276 1262 1854 224
internal_value=-8.29032e-05 0.00321339 -0.0115715 -0.000293352 0.00188762 0.00688408 -0.0179194 -0.00668704 0.00638275 0.00146419 -0.000362601 0.00681198 0.0052898 -0.0185193 -0.0132645 -0.00183932 -0.0220044 -0.0170667 -0.00851576 0.00523167 -0.0178566 -0.00647316 -0.00926905 0.0178237 0.00866246 -0.00258194 0.00164556 0.0131571 -0.0287671 -0.0112698
internal_weight=10425.6 8100.89 2324.66 4142.31 3061.21 3958.58 1010.33 1314.34 3878.59 3031.99 2417.8 3811.38 3074.74 1002.62 557.163 757.172 743.108 430.14 259.51 85.5504 67.2122 1081.1 436.917 29.8198 614.191 746.89 462.605 736.642 312.968 407.097
internal_count=70192 42922 27270 25523 18206 17399 13171 14099 17064 18035 15068 16728 13671 13086 6741 7358 10234 5793 2852 911 336 7317 4694 304 2967 7275 4555 3057 4441 4390
is_linear=0
shrinkage=0.05


Tree=50
num_leaves=31
num_cat=0
split_feature=32 18 0 30 28 32 8 2 4 28 30 2 18 28 3 31 3 18 32 3 15 3 30 15 18 3 18 32 0 2
split_gain=78.5162 34.5516 33.2714 19.7958 19.2332 17.7871 15.2851 18.4601 14.4687 14.0186 16.0732 13.9418 16.8689 15.7262 13.8488 13.4731 12.6949 11.8982 11.1834 11.0389 10.8101 14.2474 10.2881 10.1741 9.56811 10.6033 9.13063 9.02969 8.75458 8.19738
threshold=60.650000000000013 14.500000000000002 49.750000000000007 467.00000000000006 4.5000000000000009 76.65000000000002 43.850000000000001 47.150000000000013 80.450000000000017 4.5000000000000009 429.00000000000006 55.150000000000013 11.500000000000002 6.5000000000000009 48.150000000000013 2.5000000000000004 55.850000000000001 10.500000000000002 42.850000000000001 59.95000000000001 55.050000000000004 48.150000000000013 499.00000000000006 57.050000000000004 9.5000000000000018 50.95000000000001 13.500000000000002 64.050000000000011 49.45000000000001 53.750000000000007
decision_type=8 2 2 2 2 10 2 2 2 2 2 2 2 2 2 10 2 2 10 2 2 2 2 2 2 2 2 8 2 2
left_child=2 5 3 8 6 15 7 -4 26 10 -3 16 -13 -14 27 17 -6 -2 -5 -7 21 -8 -9 -19 -20 -26 -1 -12 -16 -11
right_child=1 9 4 18 11 19 20 22 -10 29 14 12 13 -15 28 -17 -18 23 24 -21 -22 -23 -24 -25 25 -27 -28 -29 -30 -31
leaf_value=-0.011278424150867595 0.015354419471569198 -0.010256242612134458 -0.022951346393538654 -0.021009970747468132 -0.021204795475601602 0.015523651850221724 -0.012505269258432705 0.0083151320523455596 0.0092044256670297878 -0.018819217450644195 -0.010613140143868521 0.024246879621685178 -0.0017523868926625852 -0.028947932923740999 -0.00015139572459810124 0.00022502460939071269 0.0025666478265210769 0.003372974466429768 0.020193351600238173 0.046126516710867434 0.0051725632578379713 0.00045699430813567806 0.029339010731280042 0.013094625904254262 -0.011910362702920042 0.0015265045752992082 -0.025363205213849428 0.00053827358315758811 0.0075814460338819688 -0.0038815995424937872
leaf_weight=168.03755252435803 464.07527381181717 262.97321963682771 41.502270955592394 113.13471313565969 269.76772322133183 286.36232735216618 370.31221340596676 336.39491978660226 42.345193643122911 114.86427944526076 223.68763932213187 50.976511806249619 316.04288806021214 63.934745199978352 508.88982928171754 689.95439840853214 70.440695129334927 977.44191356003284 38.443760890513659 33.041155315935612 364.27057118713856 493.98527007177472 70.701139755547047 372.56361481547356 307.53883487358689 279.7053452655673 377.62348971143365 957.82154077291489 1292.1405138969421 464.82359049469233
leaf_count=1779 2057 1572 476 1778 2783 1224 3215 2800 345 775 1499 341 2714 682 2793 3307 701 4895 281 141 2694 4213 541 1763 3201 2872 5285 4702 6346 2598
internal_value=0.000134681 0.00340506 -0.00562358 -0.0120004 -0.00216541 0.00760045 0.000836973 0.00873729 -0.0188502 0.000306956 0.00158749 -0.00870089 -0.00271249 -0.00634786 0.00263375 0.00617959 -0.0162689 0.00844142 -0.00654019 0.0187185 -0.00204415 -0.00509177 0.011985 0.00606035 -0.00391289 -0.00550268 -0.0210378 -0.00156944 0.00539383 -0.00685283
internal_weight=10423.8 6648.64 3775.16 1326.83 2448.33 2823.44 1677.17 448.598 588.006 3825.2 3245.51 771.163 430.954 379.978 2982.54 2504.04 340.208 1814.08 738.823 319.403 1228.57 864.297 407.096 1350.01 625.688 587.244 545.661 1181.51 1801.03 579.688
internal_count=70373 33672 36701 15541 21160 13387 13939 3817 7409 20285 16912 7221 3737 3396 15340 12022 3484 8715 8132 1365 10122 7428 3341 6658 6354 6073 7064 6201 9139 3373
is_linear=0
shrinkage=0.05


Tree=51
num_leaves=31
num_cat=0
split_feature=33 7 33 33 2 15 1 7 6 2 7 28 33 7 1 7 0 7 7 32 32 7 8 8 16 4 9 13 0 6
split_gain=126.773 32.4106 31.4831 21.4162 20.2641 15.6393 17.3341 13.7098 13.6951 13.4623 18.5941 17.8048 14.1409 13.7986 13.0234 12.5838 11.7801 10.5088 9.81959 9.4491 8.89304 8.72097 7.61362 7.58089 8.19526 10.1661 7.96268 7.34474 7.2326 6.97986
threshold=47.45000000000001 61.650000000000013 28.050000000000004 71.050000000000011 63.050000000000004 61.45000000000001 50.45000000000001 60.95000000000001 77.350000000000009 48.45000000000001 49.95000000000001 4.5000000000000009 60.850000000000001 35.95000000000001 55.550000000000004 58.850000000000001 49.95000000000001 41.350000000000001 72.950000000000017 84.950000000000017 58.95000000000001 43.350000000000001 58.050000000000004 15.550000000000002 49.750000000000007 57.150000000000013 48.250000000000007 53.750000000000007 50.250000000000007 66.050000000000011
decision_type=8 2 10 10 2 2 2 2 2 2 2 2 8 2 2 2 2 2 2 10 10 2 2 2 2 2 2 2 2 2
left_child=2 3 15 9 5 7 17 16 -8 10 14 13 -13 -11 -2 23 -4 -7 -3 21 -12 28 -9 -1 25 -25 -26 -23 -5 -17
right_child=1 18 4 19 -6 6 8 22 -10 11 20 12 -14 -15 -16 29 -18 -19 -20 -21 -22 27 -24 24 26 -27 -28 -29 -30 -31
leaf_value=0.0084119553314261544 -0.012638045727806045 0.014006890904600637 -0.015267523037502371 -0.015165945411288281 0.056382815721233527 -0.030543494053667658 -0.0014202862926739933 0.020997029411530869 -0.047565018401918749 -0.031580191937811274 0.019140001905184192 -0.0079298704741109106 0.0027408817956543229 0.0042405399502087405 0.0079291375846662123 0.043627952109237519 -0.0069365069718827907 0.022192525759668055 0.037923982392395243 0.032798462767695609 0.00056200182236801745 0.0044955159859014189 -0.012020665841592551 -0.033834212847852367 0.024481159590651544 0.058432466295665134 -0.029042599344425182 0.012633989032268679 0.0055748322664989696 -0.015559168654976944
leaf_weight=16.040520682930946 515.67351578176022 368.4583103582263 668.12213526666164 71.191276893019676 12.333823516964911 10.160127226263283 91.4377754740417 57.027850203216076 19.477841477841139 26.945736482739449 80.196854628622532 657.70925848186016 587.01507611572742 3808.0846895352006 90.086705185472965 10.531319241970779 1174.3277003988624 111.20670479908586 48.9120277389884 38.029365584254265 328.87415792793036 493.42823615670204 24.859706044197083 5.5642751269042474 6.9258442483842364 6.1480286009609699 327.88642646744847 640.27590242028236 101.9215676933527 9.1375224217772466
leaf_count=276 3390 1723 8148 301 96 119 819 458 186 175 587 4225 2905 19950 519 133 11656 1064 219 164 1725 2046 196 101 110 104 5767 2659 424 128
internal_value=0.000126606 0.00327157 -0.00955662 0.00251001 -0.00722085 -0.00758952 0.00464995 -0.00906968 -0.00960433 0.0012488 -0.00400668 0.00229977 -0.00289368 0.00398674 -0.0095703 -0.0227923 -0.00996094 0.0177151 0.0168301 0.00822137 0.00422016 0.00749988 0.01091 -0.024911 -0.02647 0.0142598 -0.0279135 0.00909696 -0.00292961 0.0159389
internal_weight=10408 7856.8 2551.19 7439.43 2168.95 2156.62 232.282 1924.34 110.916 6094.59 1014.83 5079.75 1244.72 3835.03 605.76 382.234 1842.45 121.367 417.37 1344.85 409.071 1306.82 81.8876 362.565 346.525 11.7123 334.812 1133.7 173.113 19.6688
internal_count=70373 41012 29361 39070 22742 22646 2188 20458 1005 33476 6221 27255 7130 20125 3909 6619 19804 1183 1942 5594 2312 5430 654 6358 6082 205 5877 4705 725 261
is_linear=0
shrinkage=0.05


Tree=52
num_leaves=31
num_cat=0
split_feature=5 0 28 18 5 18 18 7 6 7 13 1 4 27 2 9 27 7 18 7 5 18 9 13 28 6 7 0 4 5
split_gain=56.6836 39.1487 29.7025 27.8295 23.9171 22.6691 22.2454 21.3623 17.6431 15.9852 15.1338 14.2153 14.1095 14.0762 14.0723 13.6052 13.463 13.0594 12.5654 11.6333 11.1881 11.1304 10.5933 10.5605 10.4821 10.1658 9.53094 7.4815 7.22561 8.29465
threshold=56.550000000000004 49.45000000000001 4.5000000000000009 16.500000000000004 42.95000000000001 12.500000000000002 8.5000000000000018 62.050000000000004 49.95000000000001 66.850000000000009 66.050000000000011 59.95000000000001 80.450000000000017 6.5000000000000009 60.550000000000004 51.850000000000001 5.5000000000000009 43.250000000000007 14.500000000000002 54.95000000000001 73.350000000000009 15.500000000000002 49.150000000000013 54.45000000000001 6.5000000000000009 59.45000000000001 54.650000000000013 56.850000000000001 87.050000000000011 67.65000000000002
decision_type=2 2 2 2 2 2 2 2 2 2 2 2 2 2 2 2 2 2 2 2 2 2 2 2 2 2 2 2 2 2
left_child=1 4 3 6 10 17 -3 12 13 11 15 20 19 27 18 21 -8 -2 -10 -6 25 -1 -14 26 -16 -7 -5 -4 -19 -30
right_child=5 2 8 23 7 9 16 -9 14 -11 -12 -13 22 -15 24 -17 -18 28 -20 -21 -22 -23 -24 -25 -26 -27 -28 -29 29 -31
leaf_value=-0.014363998253422007 -0.0067769860724204408 0.026382336016491766 -0.012927139043153152 -0.0095338092358069303 -0.010424921903497348 0.0053431062732750504 0.00020083792831995155 0.02670617364982086 -0.0045947087689382918 0.027350878034730599 0.02365979074015297 0.017437761304619215 0.031239727029846599 0.044764465081289534 0.010281515763457883 0.025000806541305695 0.00667629399748354 0.012463974812357056 -0.015569941931518142 0.0033324916952702241 0.01368142833275938 -0.030164015660416033 0.00062277258798111123 -0.020779879518319416 -0.023036709389590154 -0.0020469698084071195 0.011105356925540374 0.022044738811557107 0.017840869149280965 0.04515525230015708
leaf_weight=257.37507789209485 75.517161443829536 104.84631985798478 36.332913361489773 217.06046391278505 1053.0206064172089 710.58145243674517 1867.2199815958738 50.670527826994658 503.66598724573851 66.699314370751381 20.855919282883406 150.01708913594484 32.742229577153921 27.239864118397236 148.06235994771123 16.26979161798954 1410.0145384185016 570.9507359713316 544.6677348986268 179.25699670240283 174.72197710722685 199.69273993745446 204.84381864219904 144.10234175994992 27.919911570847034 1347.2095633149147 75.070757925510406 26.215479642152786 109.07930213212967 37.941400438547134
leaf_count=2915 374 551 306 1727 9854 3790 12084 322 3638 304 194 665 186 209 869 137 9007 2664 4884 1373 769 2838 1122 933 212 7120 489 203 471 163
internal_value=0.000118911 -0.0023682 -4.86686e-05 0.0021818 -0.00827433 0.00560211 0.00371597 -0.0051633 -0.00653309 0.00321961 -0.0178332 0.00254083 -0.00626708 0.0148295 -0.00810494 -0.0196766 0.00298852 0.0129484 -0.0103027 -0.00841949 0.00153684 -0.021283 0.00487456 -0.00969918 0.00495704 0.000502624 -0.00421094 0.00166237 0.0150308 0.0249497
internal_weight=10389.9 7147.15 5132.42 3818.31 2014.73 3242.72 3382.08 1520.53 1314.1 2449.23 494.194 2382.53 1469.86 89.7883 1224.32 473.338 3277.23 793.489 1048.33 1232.28 2232.51 457.068 237.586 436.234 175.982 2057.79 292.131 62.5484 717.971 147.021
internal_count=70373 54053 35112 24791 18941 16320 21642 12857 10321 12648 6084 12344 12535 718 9603 5890 21091 3672 8522 11227 11679 5753 1308 3149 1081 10910 2216 509 3298 634
is_linear=0
shrinkage=0.05


Tree=53
num_leaves=31
num_cat=0
split_feature=33 18 33 18 33 7 7 33 6 1 3 0 3 8 3 7 8 7 8 7 18 7 8 3 13 13 3 3 17 6
split_gain=110.932 29.8248 28.7683 21.8231 18.6931 18.2272 16.9198 16.7781 15.201 26.3184 13.9524 13.7144 13.0134 13.6486 12.6273 13.15 11.7876 11.5026 11.3149 10.6949 10.6207 10.473 12.3746 10.2417 10.34 9.82759 8.67927 11.2508 8.60896 8.55387
threshold=47.45000000000001 14.500000000000002 28.050000000000004 11.500000000000002 61.850000000000001 67.450000000000017 50.850000000000001 68.65000000000002 49.95000000000001 46.050000000000004 40.850000000000001 37.550000000000004 51.850000000000001 24.150000000000002 38.650000000000013 56.650000000000013 83.850000000000009 58.850000000000001 28.550000000000004 57.650000000000013 16.500000000000004 42.350000000000001 38.45000000000001 51.250000000000007 44.95000000000001 47.45000000000001 50.050000000000004 47.050000000000004 1075.0000000000002 60.050000000000004
decision_type=8 2 10 2 10 2 2 10 2 2 2 2 2 2 2 2 2 2 2 2 2 2 2 2 2 2 2 2 2 2
left_child=2 4 17 18 14 7 8 11 9 -5 -9 -3 13 -8 15 -2 -12 28 -4 23 -14 22 -16 24 -6 -10 27 -20 -1 -13
right_child=1 5 3 6 19 -7 12 10 25 -11 16 29 20 -15 21 -17 -18 -19 26 -21 -22 -23 -24 -25 -26 -27 -28 -29 -30 -31
leaf_value=0.019579397293510697 -0.020196687691100758 0.036527530985223725 0.025733272760923312 0.038673130210728886 -0.028581758589860631 0.023246344669359317 0.018876771069009146 -0.009509745652132447 -0.0058198663273357348 -0.016574038445572214 0.005089327333266792 0.00074733071677852807 0.0094427070024800455 -0.012416492902799012 0.017367273839366967 0.025187960665704806 0.022476263475498623 0.014881268090864694 -0.0011791441527215611 0.020267374298791375 -0.018444278365850952 0.0056744343393309634 -0.012473625688177378 0.013733222444439594 0.0058343982340611847 -0.017513375483302753 0.0081390500763253246 -0.032441139325270374 -0.025350313638024743 -0.0045706293669401411
leaf_weight=10.809321735054253 96.946425914764404 22.746014408767223 49.994592167437077 37.355400498956442 22.422624990344048 84.993951551616192 38.869298491626978 147.7323849350214 236.29187482222915 50.567666172981262 956.21256025135517 1299.15994168818 235.83385421708226 321.71362760290504 43.749826155602932 18.92483776062727 108.74645368754864 19.935249771922827 151.24827165901661 245.2660016566515 39.728846665471792 1589.39131013304 165.64370819181204 580.85045070946217 666.22601518034935 770.86530986055732 183.25957288965583 35.557217430323362 341.16751692444086 1804.2255628407001
leaf_count=177 557 152 415 431 97 391 408 633 2760 575 4009 7653 2211 3236 268 93 455 261 1215 1033 390 8477 995 2467 2854 9373 1437 291 6181 10878
internal_value=0.00011206 0.00304294 -0.00900782 -0.00678396 0.00654257 0.000328737 -0.00926525 -0.000119573 -0.0130337 0.00685899 0.00487108 -0.00205724 -0.00276928 -0.00902505 0.00325513 -0.0127257 0.0068714 -0.0218528 0.00343024 0.0106941 0.00539877 0.00428798 -0.00620961 0.00883917 0.00470255 -0.0147757 0.000397527 -0.00717059 -0.0239511 -0.00234283
internal_weight=10376.4 7853.24 2523.2 2151.29 3429.42 4423.82 1731.23 4338.82 1095.08 87.9231 1212.69 3126.13 636.146 360.583 1914.66 115.871 1064.96 371.912 420.06 1514.77 275.563 1798.78 209.394 1269.5 688.649 1007.16 370.065 186.805 351.977 3103.39
internal_count=70373 41012 29361 22742 16841 24171 19384 23780 13139 1006 5097 18683 6245 3644 10390 650 4464 6619 3358 6451 2601 9740 1263 5418 2951 12133 2943 1506 6358 18531
is_linear=0
shrinkage=0.05


Tree=54
num_leaves=31
num_cat=0
split_feature=33 33 18 18 5 33 7 7 33 4 3 0 8 4 3 3 7 7 7 0 32 30 7 31 18 7 2 2 3 3
split_gain=100.766 26.8728 26.8699 19.8954 20.2368 16.8859 16.4094 15.9562 15.1444 13.6909 12.5953 12.148 12.0214 12.0101 12.5063 11.4525 12.7407 10.8138 10.6775 10.6639 10.5647 10.5525 10.7633 10.541 9.52178 9.29011 9.21208 8.93234 8.91228 8.29291
threshold=47.45000000000001 28.050000000000004 14.500000000000002 11.500000000000002 53.550000000000004 61.850000000000001 67.450000000000017 48.250000000000007 68.65000000000002 92.850000000000009 40.850000000000001 37.550000000000004 28.550000000000004 53.050000000000004 48.750000000000007 38.850000000000001 57.350000000000001 41.350000000000001 58.850000000000001 49.750000000000007 38.550000000000004 427.00000000000006 57.650000000000013 -12.499999999999998 15.500000000000002 42.350000000000001 52.150000000000013 49.45000000000001 53.750000000000007 50.250000000000007
decision_type=8 10 2 2 2 10 2 2 10 2 2 2 2 2 2 2 2 2 2 2 10 2 2 10 2 2 2 2 2 2
left_child=1 18 5 9 7 15 8 24 11 12 -10 -4 -3 14 -6 16 26 -12 -1 -9 -17 -7 28 -15 -5 -22 -2 -13 -23 -14
right_child=2 3 6 4 13 21 -8 19 10 -11 17 27 29 23 -16 20 -18 -19 -20 -21 25 22 -24 -25 -26 -27 -28 -29 -30 -31
leaf_value=-0.023249443129804568 -0.0021780716630149018 0.024208411363530861 0.033981022928737212 -0.010809796081437895 -0.004674234867639516 -0.010364616512317121 0.022030017633892118 -0.015295589844158486 -0.0090491898515357716 0.04581801432524777 -0.011427646125793896 -0.0070564670201359279 -0.0094951634968152288 -0.038518178371517733 0.02702190585475471 -0.033701418213251892 0.027171393565535825 0.0079382232418894506 0.013966225285378621 -0.0020636165424571607 -0.0054455545500134888 0.0060711899669863619 0.020836054498753649 -0.0016929468811270974 -0.022878012922167554 0.0058644991320165102 -0.030458396960444552 -0.00073367364867976074 0.015142865575051854 0.005824902285925926
leaf_weight=344.66699988022447 55.071596339344978 50.167608678340912 23.222737371921539 310.10084506124258 52.558327954262495 59.849069833755493 85.202282518148422 226.0209320448339 147.49979855120182 17.982657536864281 77.468079119920731 731.91466496139765 178.71452689915895 21.341516878455877 75.279326133430004 18.11254944652319 18.696887120604515 988.05432689189911 20.179364167153835 469.75566160306334 204.96260912716389 812.59334444999695 234.27538089454174 211.8957517594099 351.63232244551182 1558.9067548960447 61.239273868501186 2367.7170049622655 408.61559902131557 174.15643943846226
leaf_count=6358 327 410 152 3755 481 260 391 2790 633 113 331 4800 1464 202 637 154 89 4133 261 4642 1229 3474 987 1939 4938 8252 339 13731 1730 1371
internal_value=0.000105115 -0.0086272 0.00289057 -0.00648447 -0.00887157 0.00620985 0.000312408 -0.0116701 -0.0001137 0.00324744 0.00462617 -0.00195652 0.00132474 0.00163624 0.013958 0.00308781 -0.0109374 0.00652461 -0.0211741 -0.00637075 0.00415375 0.0101557 0.0110036 -0.005099 -0.0172327 0.0045472 -0.0171244 -0.00222846 0.00911165 -0.0019204
internal_weight=10357.9 2504.45 7853.4 2139.61 1718.58 3432.32 4421.08 1357.51 4335.88 421.021 1213.02 3122.85 403.039 361.075 127.838 1916.99 135.008 1065.52 364.846 695.777 1781.98 1515.33 1455.48 233.237 661.733 1763.87 116.311 3099.63 1221.21 352.871
internal_count=70373 29361 41012 22742 19384 16841 24171 16125 23780 3358 5097 18683 3245 3259 1118 10390 755 4464 6619 7432 9635 6451 6191 2141 8693 9481 666 18531 5204 2835
is_linear=0
shrinkage=0.05


Tree=55
num_leaves=31
num_cat=0
split_feature=32 5 3 18 30 9 7 9 30 5 29 4 2 28 6 30 29 4 5 3 32 5 6 5 2 3 7 18 31 4
split_gain=60.2636 31.454 21.895 23.2167 18.2067 18.1005 16.8666 16.4695 16.0752 14.9186 16.141 13.6953 12.1651 12.1182 10.6495 10.6077 12.3732 10.0972 10.0083 9.3109 7.98018 7.7229 6.78273 6.64872 6.32178 6.27314 6.23658 5.19676 6.03853 5.15604
threshold=61.050000000000004 39.350000000000001 50.95000000000001 9.5000000000000018 421.00000000000006 55.050000000000004 59.250000000000007 60.050000000000004 541.00000000000011 65.15000000000002 59.250000000000007 86.65000000000002 54.150000000000013 4.5000000000000009 83.350000000000009 467.00000000000006 54.250000000000007 73.550000000000011 63.150000000000013 62.550000000000004 46.350000000000001 47.850000000000001 81.850000000000009 47.050000000000004 49.650000000000013 49.850000000000001 37.750000000000007 13.500000000000002 -1.0000000180025095e-35 58.95000000000001
decision_type=10 2 2 2 2 2 2 2 2 2 2 2 2 2 2 2 2 2 2 2 8 2 2 2 2 2 2 2 10 2
left_child=1 20 3 11 22 8 7 -5 9 10 -6 17 13 18 -11 16 -14 -3 -4 -17 -1 -8 -2 27 -15 -10 -22 -7 -29 -28
right_child=4 2 12 6 5 23 21 -9 25 14 -12 -13 15 24 -16 19 -18 -19 -20 -21 26 -23 -24 -25 -26 -27 29 28 -30 -31
leaf_value=-0.02701166688634626 -0.014619906572394502 0.014911475697166988 -0.0016084272828869137 -0.011547725675836154 0.0022112518937001421 -0.019593524153938179 -0.010717008963455022 0.014578932453732284 -0.031922156558329473 0.010861981409601209 0.019189842529586883 0.05298088044505405 0.024995597987286167 -0.030998921542524732 -0.014135394078277332 0.01041186484532052 -0.010914726609066658 -0.020424087307593236 0.017383629427163136 0.046075019426625299 -0.04689380166355106 0.016595730789675116 0.016689969187793655 -0.01605723738434835 -0.0087601088250726759 -0.0042863512542656145 -0.020194285551876849 -0.0087198674822179922 0.022391867177440846 -0.006860208259760775
leaf_weight=150.16269518062472 196.26434147357941 82.578555155545473 884.43819522857666 1495.3137258887291 4799.673256278038 22.150958091020584 36.284914750605822 62.604841064661741 41.970922544598579 875.51908273249865 144.18778257071972 18.298261642456055 29.987826973199844 44.387729115784168 44.531977944076061 288.82584292069077 117.55732611566782 26.578151404857635 75.166561797261238 19.567710727453232 13.083920914679764 88.302682533860207 18.740092325955629 165.62298111617565 117.82428719475865 41.108417019248009 113.73252236098051 27.79739361256361 34.85801612585783 205.19598749279976
leaf_count=2580 1140 588 8798 14776 24457 125 330 508 208 3777 658 97 219 479 193 2219 854 181 482 145 182 596 118 934 1153 196 1383 174 216 2169
internal_value=-0.000538198 -0.00546587 -0.00376309 -0.00751607 0.00243491 0.00293186 -0.00907657 -0.0104938 0.00348705 0.0037973 0.00270782 0.0130355 0.000539278 -0.00225633 0.00964523 0.00742769 -0.00357028 0.00625117 -0.000113899 0.0127051 -0.0174158 0.00859885 -0.0118612 -0.0102284 -0.0148917 -0.0183294 -0.013054 0.00110167 0.00851741 -0.0116358
internal_weight=10282.3 3869.89 3387.72 1809.96 6412.43 6197.42 1682.51 1557.92 5946.99 5863.91 4943.86 127.455 1577.76 1121.82 920.051 455.939 147.545 109.157 959.605 308.394 482.175 124.588 215.004 250.429 162.212 83.0793 332.012 84.8064 62.6554 318.929
internal_count=69935 37739 31425 17076 32196 30938 16210 15284 29489 29085 25115 866 14349 10912 3970 3437 1073 769 9280 2364 6314 926 1258 1449 1632 404 3734 515 390 3552
is_linear=0
shrinkage=0.05


Tree=56
num_leaves=31
num_cat=0
split_feature=33 33 33 2 18 5 9 9 18 32 2 5 8 2 9 9 5 15 2 18 5 12 31 1 2 13 29 27 1 5
split_gain=99.8631 38.6932 17.7705 16.4356 15.4122 14.6594 14.6357 14.549 15.0733 16.0427 13.7871 13.1445 11.9054 10.0776 9.9007 9.7804 9.70688 8.47857 8.45906 8.30971 7.87821 7.85315 7.97784 7.75674 7.34941 9.57447 9.92952 8.5676 7.28902 7.01608
threshold=56.650000000000013 34.650000000000013 76.750000000000014 65.350000000000009 12.500000000000002 50.150000000000013 74.250000000000014 51.350000000000001 17.500000000000004 49.550000000000004 60.850000000000001 49.250000000000007 22.750000000000004 54.550000000000004 43.150000000000013 51.750000000000007 70.050000000000011 56.150000000000013 42.150000000000013 11.500000000000002 53.850000000000001 99.750000000000014 10.500000000000002 54.850000000000001 49.850000000000001 55.95000000000001 55.750000000000007 3.5000000000000004 56.650000000000013 45.650000000000013
decision_type=8 10 10 2 2 2 2 2 2 10 2 2 2 2 2 2 2 2 2 2 2 2 8 2 2 2 2 2 2 2
left_child=1 5 3 7 16 14 10 8 9 -2 12 -10 -6 18 -1 -16 21 20 -7 -17 -15 22 -3 -12 28 26 27 -26 -4 -9
right_child=2 4 24 -5 6 13 -8 29 11 -11 23 -13 -14 17 15 19 -18 -19 -20 -21 -22 -23 -24 -25 25 -27 -28 -29 -30 -31
leaf_value=0.026340814382470486 -0.014025198833032907 -0.0049717587618683555 -0.0010230454814657371 0.033297935130175024 0.0060793520000199594 0.032192106439623544 0.014590388653628045 0.0071613968673702151 -0.020533146939639219 0.0049447147954332707 0.023303256794582429 -0.00024631263429238727 -0.0081441088558897173 0.0012830231730196705 -0.022614570082171014 0.04615228661372052 0.03979198747145006 -0.020752973206484018 -0.0132527340983497 -0.01182080183436018 0.054769871554112094 0.0079768013022960601 0.0068747973110523802 -0.0043185452295516616 0.00070954057531721773 0.030110659505790345 0.00031752765101238138 0.036474613511738654 0.019548223233193957 -0.0093467145845756456
leaf_weight=11.020205263048409 114.23699512332678 563.73536935448647 131.42977899312973 44.467678502202034 156.20611716061831 10.874667204916475 84.184499397873878 79.199173837900162 107.69244425743818 4238.8441819623113 58.576497815549374 309.98208808153868 2410.1925401128829 12.106077838689091 540.045519862324 9.3055119179189223 15.978899344801901 9.9646786227822286 143.64319085329771 17.743534244596958 16.497912548482418 268.25213704258204 189.65909244120121 44.329261235892773 25.499587401747704 107.29579409956932 96.571907117962837 50.357143402099609 63.641570940613747 335.71015693992376
leaf_count=156 802 3635 541 192 1438 157 597 399 632 19766 406 1489 21221 134 9618 129 74 103 1870 257 167 1643 1184 293 107 452 405 210 272 1586
internal_value=-0.000513539 -0.00602804 0.00389564 0.00305345 -0.00394927 -0.0162387 -0.00590655 0.0027925 0.00357422 0.00444543 -0.00655538 -0.00549266 -0.00727623 -0.00427482 -0.0202245 -0.0211427 0.00123993 0.0185125 -0.0100033 0.00803568 0.0323901 0.000628232 -0.00198236 0.0113633 0.0131597 0.0183616 0.0110084 0.0245346 0.00566924 -0.00618258
internal_weight=10267.2 4562.32 5704.93 5230.13 3791.11 771.201 2753.49 5185.67 4770.76 4353.08 2669.3 417.675 2566.4 193.087 578.115 567.095 1037.63 38.5687 154.518 27.049 28.604 1021.65 753.394 102.906 474.796 279.724 172.429 75.8567 195.071 414.909
internal_count=69935 43082 26853 24866 30491 12591 23955 24674 22689 20568 23358 2121 22659 2431 10160 10004 6536 404 2027 386 301 6462 4819 699 1987 1174 722 317 813 1985
is_linear=0
shrinkage=0.05


Tree=57
num_leaves=31
num_cat=0
split_feature=32 0 7 30 7 30 28 17 27 27 30 30 8 30 18 32 28 2 0 8 32 28 7 2 1 12 32 6 32 1
split_gain=49.5007 24.2375 19.4379 16.2227 15.5196 15.5195 14.4709 32.4013 14.7205 13.1238 16.0131 12.6358 10.9771 9.6982 10.3661 8.96553 8.31382 8.25395 8.04913 7.73544 7.62418 7.59953 7.50326 7.38313 7.37107 6.93387 10.5719 6.21008 5.91705 6.9741
threshold=61.050000000000004 49.350000000000001 55.050000000000004 421.00000000000006 77.050000000000011 541.00000000000011 4.5000000000000009 2675.0000000000005 5.5000000000000009 5.5000000000000009 433.00000000000006 443.00000000000006 17.350000000000005 513.00000000000011 15.500000000000002 52.150000000000013 4.5000000000000009 49.550000000000004 49.050000000000004 28.550000000000004 44.850000000000001 3.5000000000000004 48.750000000000007 53.750000000000007 57.750000000000007 70.850000000000009 50.150000000000013 81.850000000000009 45.45000000000001 50.95000000000001
decision_type=10 2 2 2 2 2 2 2 2 2 2 2 2 2 2 8 2 2 2 2 10 2 2 2 2 2 10 2 8 2
left_child=1 2 11 27 5 6 8 -8 -5 10 -3 18 -4 14 16 24 -11 21 -1 -16 -19 -12 -7 -17 -13 -15 -27 -2 -14 -30
right_child=3 9 12 4 -6 22 7 -9 -10 13 17 15 28 25 19 23 -18 20 -20 -21 -22 -23 -24 -25 -26 26 -28 -29 29 -31
leaf_value=-0.027332062530276986 -0.014007984733943657 -0.020427832583851727 0.043876178239559589 0.0016533714292919393 0.046369373032761924 -0.037921483422245356 -0.006188840785430097 0.017507934739710306 0.0071507342057181211 0.0075105084643492751 -0.0045067151887522817 -0.017744641152796264 -0.020817884005898436 0.001606400928756939 0.012000799137747924 -0.0079843093039368394 -0.0049666208042878782 -0.012776819089721626 0.024107031434254106 -0.0087235704673748592 -0.00034236967124143443 -0.025369920776527163 -0.007170503371417546 0.016205604900611112 0.025722687352481538 0.066719644140555298 0.015409587914190183 0.015872033203165367 -0.0059732062438586806 0.015498325604877849
leaf_weight=181.38288976997137 194.79368532449007 158.6389746889472 15.546912148594854 2916.9725945480168 20.160044334828854 31.583633795380592 909.03863620385528 171.29850938171148 2094.2632139027119 493.28117990493774 102.05375158786774 368.8925965949893 28.10480810329318 40.145831070840359 51.462513267993927 436.72659604251385 182.46141486614943 141.56137783452868 7.760130561888217 347.0201582685113 957.45731840282679 77.192181456834078 54.641960136592388 33.78264531493187 9.8406490348279458 13.872067917138336 37.455619666725397 18.856751136481762 79.888235319405794 71.325031213462353
leaf_count=2797 1140 1607 173 14385 88 167 5029 778 10232 3752 1004 5733 383 338 522 4252 1610 1717 84 3273 7571 895 259 263 95 141 266 118 713 550
internal_value=-0.000489853 -0.00498301 -0.0107576 0.00219751 0.00266519 0.00252101 0.00282001 -0.00242557 0.00395189 -0.00224448 -0.00544312 -0.0134777 0.00371115 0.00169418 0.000357894 -0.0108621 0.00413385 -0.00357808 -0.0251836 -0.00603221 -0.00194958 -0.0135285 -0.0185231 -0.00623377 -0.0165955 0.0173148 0.0294769 -0.0113412 0.000178453 0.0041251
internal_weight=10247.5 3835.85 1233.25 6411.61 6197.96 6177.8 6091.57 1080.34 5011.24 2602.6 1436.9 1038.39 194.865 1165.7 1074.23 849.242 675.743 1278.26 189.143 398.483 1099.02 179.246 86.2256 470.509 378.733 91.4735 51.3277 213.65 179.318 151.213
internal_count=69935 37739 15043 32196 30938 30850 30424 5807 24617 22696 12794 13224 1819 9902 9157 10343 5362 11187 2881 3795 9288 1899 426 4515 5828 745 407 1258 1646 1263
is_linear=0
shrinkage=0.05


Tree=58
num_leaves=31
num_cat=0
split_feature=33 33 3 33 2 9 7 9 18 7 3 18 0 17 18 30 31 32 18 20 9 9 30 27 0 2 13 33 1 27
split_gain=85.9055 34.0779 23.4276 15.8993 14.815 13.7612 19.3131 13.0789 13.3885 12.8586 14.8093 13.577 12.2488 11.8569 12.0902 17.0346 12.7793 11.0625 10.7777 10.5784 10.0725 10.04 9.11274 8.6323 7.03453 6.69722 8.68471 7.22278 6.73563 6.71614
threshold=56.650000000000013 34.650000000000013 50.95000000000001 76.750000000000014 65.350000000000009 74.050000000000011 47.050000000000004 51.350000000000001 10.500000000000002 44.45000000000001 63.850000000000001 15.500000000000002 49.95000000000001 1075.0000000000002 15.500000000000002 425.00000000000006 11.500000000000002 50.550000000000004 17.500000000000004 1.0000000180025095e-35 43.150000000000013 51.750000000000007 431.00000000000006 5.5000000000000009 52.45000000000001 49.850000000000001 55.95000000000001 77.550000000000011 56.050000000000004 7.5000000000000009
decision_type=8 10 2 10 2 2 2 2 2 2 2 2 2 2 2 2 8 10 2 2 2 2 2 2 2 2 2 10 2 2
left_child=1 9 5 4 7 12 -7 8 17 21 11 20 22 19 16 -16 -15 -2 -10 -4 -11 24 -3 -14 -1 29 27 -27 -28 -5
right_child=3 2 13 25 -6 6 -8 -9 18 10 -12 -13 23 14 15 -17 -18 -19 -20 -21 -22 -23 -24 -25 -26 26 28 -29 -30 -31
leaf_value=-0.033345228613508228 -0.020225083963729282 -0.034920466689977676 0.059077811129012718 0.0014218003202681607 0.031483566034643869 0.05959698351212446 -0.0026708219211661766 -0.005947722491435172 0.0032205207416573256 0.052615371684964329 0.055756634202653824 -0.02111173233303365 -0.0095164024403307582 0.0005133205242419857 -0.030092208135850097 -0.0027834717097603399 0.01461907465557552 0.012719793859230064 -0.0052438768166150436 0.0086417032561327371 -0.0064895832358952054 0.027038714666904468 -0.012492709100258122 -0.0014353898453256253 -0.012168603894665557 0.030363987318078007 0.017897002839176501 0.0050630017986742068 0.04366631353975161 0.028049633253093665
leaf_weight=153.06522364541888 26.702248364686966 50.140201848000288 15.285372942686079 167.18659164011478 44.617466285824776 17.819278493523598 40.34185866266489 414.26966429501772 3848.6253606826067 7.27987291291356 8.0189655013382417 236.67158063873649 693.53792506456375 808.08627549186349 61.992411222308874 721.65908021107316 200.54486741125584 482.11812205612659 416.30239770561457 33.13858662545681 286.51364136114717 8.5111058317124826 496.3454253859818 634.44186560064554 54.055557105690241 35.737634837627411 62.783647418022156 136.42076654732227 43.968662947416306 27.590327844023705
leaf_count=3119 168 564 123 697 192 134 273 1985 18337 85 108 4105 5646 5780 637 6224 1404 2063 2121 240 4187 127 4644 4822 860 151 260 571 192 116
internal_value=-0.000467333 -0.00561067 -0.00366945 0.00361259 0.00281713 -0.00751435 0.0163904 0.00256903 0.00330927 -0.0153155 -0.0111639 -0.0121952 -0.00825957 0.000364937 -0.000292567 -0.00495373 0.00332408 0.0109774 0.00239303 0.0247542 -0.00499061 -0.0256499 -0.0145656 -0.00565987 -0.0278511 0.0123867 0.0173618 0.0103587 0.0285885 0.00523177
internal_weight=10233.8 4527.45 3773.33 5706.32 5232.64 1932.63 58.1611 5188.02 4773.75 754.116 538.484 530.465 1874.47 1840.71 1792.28 783.651 1008.63 508.82 4264.93 48.424 293.794 215.632 546.486 1327.98 207.121 473.688 278.911 172.158 106.752 194.777
internal_count=69935 43082 30491 26853 24866 16083 407 24674 22689 12591 8485 8377 15676 14408 14045 6861 7184 2231 20458 363 4272 4106 5208 10468 3979 1987 1174 722 452 813
is_linear=0
shrinkage=0.05


Tree=59
num_leaves=31
num_cat=0
split_feature=5 4 18 3 32 32 0 5 18 3 27 26 9 3 5 28 4 27 3 18 31 13 32 30 31 13 13 9 32 0
split_gain=41.1508 26.8782 22.1821 21.3821 22.5344 16.4072 16.208 16.011 14.4788 14.4708 12.4138 11.5833 9.13138 8.40827 8.14066 15.2489 10.7998 7.95146 11.392 7.93031 8.16076 7.8261 7.59907 7.92602 7.55539 7.48316 14.7489 7.16868 6.58092 6.387
threshold=41.850000000000001 93.15000000000002 9.5000000000000018 48.350000000000001 66.550000000000011 57.750000000000007 47.650000000000013 70.950000000000017 17.500000000000004 58.850000000000001 1.5000000000000002 1.0000000180025095e-35 60.750000000000007 55.350000000000001 53.750000000000007 4.5000000000000009 80.850000000000009 6.5000000000000009 48.150000000000013 17.500000000000004 -7.4999999999999991 57.150000000000013 79.65000000000002 471.00000000000006 1.5000000000000002 61.050000000000004 60.150000000000013 49.150000000000013 64.350000000000009 54.250000000000007
decision_type=2 2 2 2 10 10 2 2 2 2 2 2 2 2 2 2 2 2 2 2 8 2 8 2 10 2 2 2 10 2
left_child=5 2 14 4 10 6 -1 8 -5 19 -4 22 17 -13 15 16 -2 18 -8 20 28 -6 25 -24 -11 26 -3 -19 -7 -27
right_child=1 11 3 7 21 9 12 -9 -10 24 -12 13 -14 -15 -16 -17 -18 27 -20 -21 -22 -23 23 -25 -26 29 -28 -29 -30 -31
leaf_value=-0.027850821213084128 0.028123693971956493 0.0091232622864163612 -0.018024988677996685 0.0016083376085539247 -0.00081648871148072935 0.033820577756038327 -0.028483420023539194 0.015082565706482857 -0.0092862527784410478 0.0034062882180608913 -0.0059328191917316555 -0.017356541799421654 0.028955795337264136 0.018442464375928707 0.0030205019157733722 -0.0077848076534275589 0.00079996529908893475 0.02500090544324728 -0.0083094550014420031 -0.026009430814018821 -0.0062680694961851514 0.0091012995818350439 0.047429313218178761 0.012577655449877252 0.033611497773309545 0.0037171161394263063 0.050131131491887686 -0.0059427879720691966 -0.0018548245617354296 -0.026679607326111493
leaf_weight=166.36689384654164 164.66773124784231 749.1157575622201 245.20130022242665 3752.6558914259076 975.75056590884924 23.721726417541504 108.57802785933018 203.7540712878108 331.76859218254685 51.287198949605227 1605.9535565339029 67.814898569136858 14.675676435232161 21.417175561189651 219.30516545474529 53.132013164460659 46.828029751777649 22.010829452425241 199.89680874347687 46.008877623826265 538.64696341380477 249.54309412837029 26.722463637590408 43.33576974272728 35.134824760258198 55.390270464122295 22.559232801198959 121.33254107832909 27.700636871159077 24.875623293220997
leaf_count=3105 942 3508 2124 24566 4575 207 1424 907 2366 342 13314 366 123 111 984 331 230 268 2470 365 3553 1141 119 191 222 264 103 1443 156 115
internal_value=-0.000446009 0.000794737 -0.000193207 -0.000875273 -0.00405639 -0.00855973 -0.0144395 0.00140581 0.000721965 -0.00340124 -0.00753812 0.00846676 -0.00964094 -0.00869719 0.0101744 0.0160807 0.0221007 -0.0109118 -0.0154335 -0.00601572 -0.00444416 0.00119986 0.0101341 0.0259911 0.0157686 0.00882135 0.0103349 -0.00114231 0.0145393 -0.00566255
internal_weight=10215.2 8859.79 7848.56 7364.63 3076.45 1355.36 632.861 4288.18 4084.42 722.5 1851.15 1011.23 466.494 89.2321 483.933 264.628 211.496 451.818 308.475 636.078 590.069 1225.29 921.999 70.0582 86.422 851.941 771.675 143.343 51.4224 80.2659
internal_count=69935 56257 51480 48993 21154 13678 8833 27839 26932 4845 15438 4777 5728 477 2487 1503 1172 5605 3894 4281 3916 5716 4300 310 564 3990 3611 1711 363 379
is_linear=0
shrinkage=0.05


Tree=60
num_leaves=31
num_cat=0
split_feature=33 18 33 5 9 5 30 9 3 33 2 13 3 28 30 32 31 30 30 15 18 9 33 32 33 2 16 2 15 13
split_gain=62.9667 28.9367 18.3767 18.3046 22.5991 18.0924 16.4529 14.2431 13.7472 13.3124 13.2715 11.088 13.7599 10.8766 11.0158 10.4703 10.3748 10.2898 9.5136 9.05895 8.44652 8.39424 7.7993 7.51635 8.69525 7.49845 7.26571 6.4072 6.04753 5.15689
threshold=56.45000000000001 15.500000000000002 84.550000000000011 50.550000000000004 74.15000000000002 68.250000000000014 431.00000000000006 55.050000000000004 54.45000000000001 28.050000000000004 59.750000000000007 50.350000000000001 46.850000000000001 5.5000000000000009 435.00000000000006 47.550000000000004 1.5000000000000002 453.00000000000006 467.00000000000006 69.65000000000002 8.5000000000000018 51.750000000000007 47.250000000000007 63.250000000000007 67.250000000000014 49.850000000000001 49.45000000000001 48.850000000000001 52.350000000000001 49.750000000000007
decision_type=8 2 10 2 2 2 2 2 2 10 2 2 2 2 2 10 10 2 2 2 2 2 10 8 8 2 2 2 2 2
left_child=1 5 6 4 10 9 23 8 18 21 19 12 29 14 -11 -13 -12 -17 -8 -3 -10 26 -15 -2 27 -26 -1 -25 -7 -5
right_child=2 3 -4 11 -6 28 7 -9 20 13 16 15 -14 22 -16 17 -18 -19 -20 -21 -22 -23 -24 24 25 -27 -28 -29 -30 -31
leaf_value=0.034995274058138313 0.0048923565436408134 -0.015938775467843638 0.029363259561915014 -0.01780360505196352 0.031232291209625191 0.011840212526674321 -0.00084518165254818831 -0.01081132148414915 0.033493388173622726 -0.0087341620550246621 -0.011446646937603987 -0.033365288190996434 0.010637059543974746 -0.0031211342779976499 0.0020556621726583414 -0.019894551313828002 0.027592784323676307 -1.566767064863732e-05 0.0045681853107014496 0.0081471298504554868 0.0077925349745889376 0.024153527807885551 -0.021878320158604917 -0.040205350219605022 0.016848515414774272 -0.010070817241972127 -0.01990384228779242 -0.014275693929722492 0.04475440939002092 0.0065953464231720523
leaf_weight=6.1146039925515643 93.151269778609276 1072.5304820053279 68.358134791254997 77.084686178714037 28.435049623250961 31.366933949291706 1227.1868375018239 157.68745800107718 32.688204392790794 271.43200249224901 34.428451802581549 38.332630913704634 236.10905220732093 137.18167054280639 1832.7995116151869 91.143020607531071 33.277125295251608 228.93824895471334 2388.3387991115451 40.175355955958366 1541.0352287068963 12.681475982069967 93.792737044394016 31.926986441016197 36.397165656089783 88.388964369893074 157.08876963332295 98.830046847462654 26.010724231600761 29.685890983790159
leaf_count=110 526 13599 305 704 225 171 5823 857 141 2344 289 483 1933 1410 14436 792 285 1819 11278 436 7008 198 615 172 171 391 2924 468 141 234
internal_value=0.000146443 -0.00430044 0.00360254 -0.00896098 -0.0126898 -0.000832288 0.00329198 0.00397888 0.00442947 -0.001469 -0.0137547 -0.00252539 0.00389193 -0.000467379 0.000661121 -0.00867789 0.00767979 -0.00569623 0.00272942 -0.015064 0.00833165 -0.0147312 -0.0107658 -0.00722479 -0.0116615 -0.00217184 -0.0177962 -0.020671 0.0268999 -0.0109732
internal_weight=10242.6 4478.61 5763.99 1910.14 1208.85 2568.47 5695.63 5346.94 5189.25 2511.09 1180.41 701.294 342.88 2335.21 2104.23 358.414 67.7056 320.081 3615.53 1112.71 1573.72 175.885 230.974 348.694 255.543 124.786 163.203 130.757 57.3777 106.771
internal_count=70288 43148 27140 20799 14834 22349 26835 25107 24250 22037 14609 5965 2871 18805 16780 3094 574 2611 17101 14035 7149 3232 2025 1728 1202 562 3034 640 312 938
is_linear=0
shrinkage=0.05


Tree=61
num_leaves=31
num_cat=0
split_feature=33 18 6 5 33 30 33 5 30 13 4 33 1 28 33 9 9 2 4 6 2 9 31 2 27 5 13 14 1 5
split_gain=56.9583 27.6763 29.2036 18.1212 16.775 14.8636 14.4561 16.0872 17.0941 15.3812 13.1372 15.1366 14.2817 11.8799 11.8122 10.617 10.142 9.91408 9.78505 9.23165 9.00396 8.61473 8.59192 8.21597 8.06873 7.95084 7.56897 7.04114 7.47691 6.23398
threshold=56.45000000000001 16.500000000000004 58.050000000000004 41.850000000000001 84.550000000000011 431.00000000000006 36.150000000000013 52.350000000000001 471.00000000000006 66.050000000000011 55.050000000000004 74.450000000000017 44.45000000000001 6.5000000000000009 80.15000000000002 46.050000000000004 41.95000000000001 57.550000000000004 83.250000000000014 81.050000000000011 49.650000000000013 60.95000000000001 -3.4999999999999996 55.750000000000007 6.5000000000000009 55.750000000000007 49.150000000000013 57.550000000000004 49.750000000000007 49.95000000000001
decision_type=8 2 2 2 10 2 10 2 2 2 2 8 2 2 8 2 2 2 2 2 2 2 8 2 2 2 2 2 2 2
left_child=1 2 3 17 5 18 7 15 -9 16 14 13 -13 -12 19 -4 -8 24 22 -7 25 23 -2 -3 -1 -5 -16 28 -25 -20
right_child=4 21 6 20 -6 10 9 8 -10 -11 11 12 -14 -15 26 -17 -18 -19 29 -21 -22 -23 -24 27 -26 -27 -28 -29 -30 -31
leaf_value=-0.016884283957730808 -0.028564063172021155 -0.021019989834835388 0.031336487474975923 -0.0069701466401056802 0.02813821452093998 0.0020740744815253213 -0.030852652762118501 -0.016466289417884198 0.023727355311315014 0.022081689392746046 0.0038724030107778994 -0.021786392171621108 0.012309965316055453 -0.025711924914922132 -0.030713575929718781 -0.018232013941812304 -0.004089717836403872 0.02583406026066716 -0.011415422369855368 -0.016763578633307536 0.0091612868718612926 0.021731264391134441 -0.0068769441236212862 0.026829476093463114 0.0030696883690258716 0.013212859121977102 -0.0053339009013648811 -0.028337299779463362 -0.0072722884836469246 0.012819281223738911
leaf_weight=172.13207562826574 63.583849206566811 330.39401516318321 10.913950804620979 187.29804352670908 67.78668324649334 990.58460722863674 35.979155570268631 50.191991608589888 55.584415264427662 55.494462441653013 3279.1032621264458 31.712049059569836 822.2732889354229 34.148299768567085 49.183922573924065 440.27873577363789 2085.7402466610074 19.553491640836 39.557777650654316 69.480753615498543 765.90875079110265 14.505560383200644 165.29422374069691 22.509901661425829 71.181483507156372 65.799105804413557 74.351556725800037 23.984792683273554 55.239927031099796 79.399121180176735
leaf_count=2143 332 3798 147 2238 305 4676 313 628 634 418 15214 205 3734 180 324 7746 16603 172 194 336 5908 111 841 204 854 563 438 206 462 361
internal_value=0.000138017 -0.00410259 -0.00278776 0.00343664 0.00342072 0.00312534 -0.0057078 -0.0128992 0.00461029 -0.00386532 0.00377703 0.00509753 0.0110356 0.00356521 -0.000868016 -0.0170152 -0.00454734 -0.00825759 -0.00688366 0.000833201 0.00645875 -0.0159108 -0.0129334 -0.0171907 -0.0110273 -0.00170016 -0.0154956 -0.00469717 0.00255831 0.00471549
internal_weight=10229.1 4462.69 4016.06 1281.87 5766.46 5698.67 2734.18 556.969 105.776 2177.21 5350.84 4167.24 853.985 3313.25 1183.6 451.193 2121.72 262.867 347.835 1060.07 1019.01 446.634 228.878 432.129 243.314 253.097 123.535 101.735 77.7498 118.957
internal_count=70288 43148 38367 11878 27140 26835 26489 9155 1262 17334 25107 19333 3939 15394 5774 7893 16916 3169 1728 5012 8709 4781 1173 4670 2997 2801 762 872 666 555
is_linear=0
shrinkage=0.05


Tree=62
num_leaves=31
num_cat=0
split_feature=30 28 7 2 7 7 8 4 7 4 32 21 4 13 31 5 0 30 9 8 5 7 8 32 8 2 4 5 2 7
split_gain=36.524 24.9325 25.5306 33.0118 16.4725 15.6163 15.0684 14.0198 13.9317 13.4596 12.6087 18.1378 11.1338 10.819 9.78923 9.57171 9.26716 13.7918 11.4221 9.14831 8.68196 7.50706 7.4604 7.45505 7.24803 7.23856 7.74522 7.11613 7.05141 7.03703
threshold=431.00000000000006 5.5000000000000009 54.050000000000004 55.95000000000001 39.45000000000001 52.45000000000001 50.050000000000004 83.65000000000002 66.850000000000009 64.850000000000009 70.15000000000002 1.0000000180025095e-35 70.050000000000011 42.050000000000004 -2.4999999999999996 45.850000000000001 55.750000000000007 529.00000000000011 51.650000000000013 25.550000000000004 46.750000000000007 52.45000000000001 28.950000000000003 60.650000000000013 21.250000000000004 50.250000000000007 88.850000000000009 50.050000000000004 48.45000000000001 51.150000000000013
decision_type=2 2 2 2 2 2 2 2 2 2 10 2 2 2 8 2 2 2 2 2 2 2 2 10 2 2 2 2 2 2
left_child=7 2 3 4 12 20 16 14 13 -6 19 21 -2 -8 -1 24 17 -4 -18 23 -5 27 -7 29 -16 28 -27 -12 -9 -3
right_child=1 10 6 5 9 22 8 25 -10 -11 11 -13 -14 -15 15 -17 18 -19 -20 -21 -22 -23 -24 -25 -26 26 -28 -29 -30 -31
leaf_value=-0.024011482808934254 -0.020735430542597449 -0.016565250173095229 0.014165685146343591 0.0021106640462201336 -0.0039660714716744936 0.021552847565871617 -0.03145844712137965 -0.00049362287734477613 0.022797871892412825 0.0014618045912615514 0.023900792005277866 0.030060304087685535 -0.0018703853721608321 0.0014749879346563164 0.025969275206548733 -0.0048298718583840551 0.0054440407439018991 -0.01803291461357022 -0.031699441065781181 -0.012293735535206282 0.011767363994873603 -0.026281634559194963 -0.010024069633101691 0.029019444352536151 -0.023018450028234345 0.014534852376197938 -0.01341467741586843 -0.010793833272592413 0.033467214362057504 0.020043499578244917
leaf_weight=167.22013563103974 183.95076257176697 38.594944968819618 838.71943781152368 320.86538595706224 2078.5997798144817 20.922112487256527 25.457064349204302 30.456029314547777 76.241587221622467 2533.1792520806193 24.91253849118948 51.019796282052994 137.12539085373282 1018.4149454757571 7.8088783714920273 310.17739818617702 271.8012397736311 34.413012836128473 22.281325057148933 598.75133652985096 861.17218455299735 32.625943742692471 164.77116974815726 23.779180329293013 138.89097855612636 35.277521248906851 82.028947584331036 35.862784273922443 30.012326419353485 19.698533967137337
leaf_count=1681 1924 462 4924 2042 16844 122 154 208 378 16799 134 210 1056 5538 126 2325 1460 205 127 5158 4296 152 834 145 1762 226 433 170 183 210
internal_value=0.000129817 0.00100296 0.00180114 0.000157699 -0.00174726 0.0070314 0.0063257 -0.0101126 0.00217703 -0.000983571 -0.00729645 0.00609758 -0.0126972 0.000664109 -0.0136418 -0.00983106 0.0103021 0.012889 0.00260303 -0.0101455 0.00915067 -0.00695657 -0.00642969 0.00546168 -0.0203608 0.00224971 -0.00496162 0.00336168 0.0163071 -0.00409565
internal_weight=10215 9413.16 8587.91 6300.59 4932.86 1367.73 2287.33 801.872 1120.11 4611.78 825.245 144.421 321.076 1043.87 624.097 456.877 1167.22 873.132 294.083 680.824 1182.04 93.4013 185.693 82.0727 146.7 177.775 117.306 60.7753 60.4684 58.2935
internal_count=70288 63344 56703 43917 36623 7294 12786 6944 6070 33643 6641 666 2980 5692 5894 4213 6716 5129 1587 5975 6338 456 956 817 1888 1050 659 304 391 672
is_linear=0
shrinkage=0.05


Tree=63
num_leaves=31
num_cat=0
split_feature=30 5 2 32 7 26 2 4 6 5 27 5 6 4 7 32 7 11 2 14 7 7 30 15 6 30 2 4 32 5
split_gain=33.1819 23.2517 20.2679 17.5328 14.6513 15.0348 15.5242 12.8341 10.341 12.8781 12.5635 9.53109 10.0144 12.8339 13.3811 11.4422 8.78963 8.69812 8.62813 8.40412 8.13886 7.61276 7.42335 7.23828 7.21423 7.20854 6.4937 6.99683 6.83137 10.8203
threshold=431.00000000000006 56.95000000000001 49.95000000000001 52.750000000000007 35.350000000000001 1.0000000180025095e-35 62.750000000000007 83.65000000000002 63.050000000000004 47.350000000000001 6.5000000000000009 72.250000000000014 54.95000000000001 71.65000000000002 45.550000000000004 70.550000000000011 42.550000000000004 49.650000000000013 43.650000000000013 41.550000000000004 41.45000000000001 44.150000000000013 413.00000000000006 44.050000000000004 57.600000000000009 421.00000000000006 50.250000000000007 88.850000000000009 64.350000000000009 49.45000000000001
decision_type=2 2 2 8 2 2 2 2 2 2 2 2 2 2 2 8 2 2 2 2 2 2 2 2 2 2 2 2 10 2
left_child=7 2 3 20 -4 6 -6 8 9 -1 22 12 15 14 -14 21 24 -18 -15 -17 -2 -3 -11 -22 -5 -10 28 -28 29 -9
right_child=1 11 4 16 5 -7 -8 26 25 10 -12 -13 13 18 -16 19 17 -19 -20 -21 23 -23 -24 -25 -26 -27 27 -29 -30 -31
leaf_value=-0.019931114216253813 -0.031255708335291864 -0.0022498972497935451 -0.034797998612402667 0.005068271278631728 0.0016141290115070446 -0.0091683393092496946 0.023671483988794612 0 -0.026911455464760356 -0.0268761166307948 0.022862549597019013 0.013155180870821591 -0.013747460945381465 0.027609691079863604 0.00082762469954497414 -0.026208382014481869 -0.018519525002216861 0.00020212468881768524 0.0049021102800965114 0.0036821511898919679 0.0031240946229980845 0.017033975984560485 0.00032871145730932558 -0.014951441582025066 -0.016302668012485085 -0.011879526312840534 0.013717877274247081 -0.012802338644730508 0 0.062523444209492129
leaf_weight=109.13481548056006 60.714203372597694 59.488666728138924 28.241859011352062 50.337897650897503 4270.5893071629107 321.83827349543571 81.23302149400115 12.740052647888662 158.35350028239191 32.920826446264982 50.831334363669157 298.65779734402895 198.62870987132192 43.784000381827354 756.12709042057395 26.580440923571587 65.527371369302273 1127.3343573696911 953.78252711519599 198.07875969260931 68.685512538999319 346.71601618081331 102.75501676276326 276.26911922730505 177.1695099696517 164.65524706430733 35.509378235787153 81.66898674890399 33.230285584926605 14.880455512553452
leaf_count=1390 1169 368 286 425 29338 2258 400 129 1713 273 367 1314 1165 222 3977 112 495 7759 4507 841 1054 1855 712 4352 1447 1439 226 433 162 100
internal_value=0.000122321 0.000952379 -0.000698374 -0.0051693 0.00103697 0.00125532 0.00202754 -0.00967431 -0.0130793 -0.00629404 0.00166531 0.00469329 0.00371255 0.00193939 -0.00220048 0.0091908 -0.00254623 -0.000823585 0.00590644 0.000113334 -0.0143383 0.0141977 -0.00625046 -0.011338 -0.0115521 -0.0192704 0.00213074 -0.00471825 0.0153878 0.0337153
internal_weight=10206.5 9409.78 6527.94 1826.04 4701.9 4673.66 4351.82 796.68 618.651 295.642 186.507 2881.84 2583.19 1952.32 954.756 630.864 1420.37 1192.86 997.567 224.659 405.669 406.205 135.676 344.955 227.507 323.009 178.029 117.178 60.8508 27.6205
internal_count=70288 63344 48983 16701 32282 31996 29738 6944 5894 2742 1352 14361 13047 9871 5142 3176 10126 8254 4729 953 6575 2223 985 5406 1872 3152 1050 659 391 229
is_linear=0
shrinkage=0.05


Tree=64
num_leaves=31
num_cat=0
split_feature=18 7 4 6 32 30 18 4 28 15 6 3 18 6 7 30 17 0 32 15 4 32 32 3 18 32 6 17 17 7
split_gain=30.2473 26.6787 22.1955 18.6884 15.6718 15.3005 14.4413 13.8642 14.9292 12.9168 12.6812 12.185 11.5506 11.5347 11.3937 11.3212 11.9628 10.8667 9.90547 9.64836 9.40287 9.06516 8.96933 8.3838 7.60281 6.99843 6.95593 6.91834 6.57832 11.8952
threshold=14.500000000000002 45.250000000000007 67.750000000000014 82.250000000000014 64.550000000000011 431.00000000000006 8.5000000000000018 90.250000000000014 5.5000000000000009 54.150000000000013 49.95000000000001 57.95000000000001 16.500000000000004 48.350000000000001 36.350000000000001 451.00000000000006 1350.0000000000002 61.550000000000004 66.050000000000011 52.150000000000013 95.050000000000011 70.15000000000002 66.350000000000009 42.350000000000001 10.500000000000002 79.65000000000002 56.050000000000004 1350.0000000000002 1750.0000000000002 47.650000000000013
decision_type=2 2 2 2 8 2 2 2 2 2 2 2 2 2 2 2 2 2 10 2 2 10 10 2 2 8 2 2 2 2
left_child=5 2 10 4 12 -1 -7 8 14 24 13 -6 23 18 -8 -4 26 19 -2 -12 28 -10 -13 -3 -9 -18 -17 -14 -5 -30
right_child=1 3 15 20 11 6 7 9 21 -11 17 22 27 -15 -16 16 25 -19 -20 -21 -22 -23 -24 -25 -26 -27 -28 -29 29 -31
leaf_value=-0.0075555685263880889 -0.028384171254907144 -0.0097648000087544561 -0.013369499476843256 -0.022917898311789826 0.0016488786443138175 0.016644040169452333 -0.026726436849733581 0.032740101319531367 -0.010748873326861657 0.0016686500201578893 -0.023388769036435806 0.030737234291046189 0.0011522074834691687 0.042280452943155557 0.00356981789121437 0.027482042442398876 -0.0054559004956752401 0.026938014761341111 0.030088720304540146 -0.0099759095452884358 0.020386966725113958 0.0093376804874691268 0.0084079498327207895 0.0005354240311852735 0.013309848197996618 0.029699795086032755 0.0055101949160527922 -0.015363812623162117 0.030015034791866749 -0.014734761738902247
leaf_weight=310.16993281245232 21.212076162919402 233.8504986371845 179.3144690990448 143.88688838295639 1837.3765023313463 212.65246510505676 31.216559926047921 63.701557196676731 316.46922424435616 230.78556250780821 356.55474333837628 52.979731895029545 83.529352694749832 17.032679330557585 3054.7971891965717 50.006712827831507 356.82593978010118 13.407729584723709 10.81916259229183 217.84780552797019 18.74207628518343 67.942050337791443 305.98974721133709 1265.6666952818632 251.1505167260766 14.606769397854803 131.49779320321977 255.93641590513289 18.431046482175589 73.977818053215742
leaf_count=2383 276 2242 1629 1177 8927 1135 296 292 2513 1070 3875 285 735 144 19166 339 2763 115 59 2081 91 299 1383 11631 1200 69 953 2379 180 601
internal_value=0.00011518 -0.00232286 -0.00839975 -0.000382304 0.000446246 0.00315623 0.00394327 0.00326911 0.00210229 0.0106796 -0.0152268 0.00329846 -0.0029575 0.00911228 0.00326088 -0.00245385 0.00107877 -0.0172681 -0.00844605 -0.0183131 -0.0135066 -0.0071842 0.0117251 -0.00106811 0.017266 -0.00405231 0.011603 -0.011286 -0.0162236 -0.00573252
internal_weight=10198.4 5659.49 1369.13 4290.37 4035.33 4538.89 4228.72 4016.06 3470.43 545.638 636.874 2196.35 1838.98 49.0639 3086.01 732.252 552.937 587.81 32.0312 574.403 255.038 384.411 358.969 1499.52 314.852 371.433 181.505 339.466 236.296 92.4089
internal_count=70288 41934 12303 29631 27582 28354 25971 24836 22274 2562 6550 10595 16987 479 19462 5753 4124 6071 335 5956 2049 2812 1668 13873 1492 2832 1292 3114 1958 781
is_linear=0
shrinkage=0.05


Tree=65
num_leaves=31
num_cat=0
split_feature=33 5 7 18 33 30 1 17 13 15 7 28 3 7 20 13 33 33 3 13 7 9 1 1 9 18 5 30 3 33
split_gain=44.3117 23.7138 18.7539 18.7991 16.8152 17.4913 13.8608 13.8468 26.3371 10.5434 9.81695 8.63304 7.92292 9.87115 8.91208 11.1811 12.6182 10.478 10.8812 6.23278 6.21665 5.82153 5.78487 8.83165 5.65851 6.34928 5.29624 5.10934 4.05244 3.64584
threshold=31.350000000000005 65.15000000000002 35.350000000000001 9.5000000000000018 56.45000000000001 541.00000000000011 50.150000000000013 1175.0000000000002 48.150000000000013 66.65000000000002 58.350000000000001 2.5000000000000004 42.050000000000004 44.750000000000007 1.0000000180025095e-35 49.750000000000007 75.550000000000011 83.750000000000014 58.95000000000001 48.650000000000013 59.95000000000001 42.650000000000013 43.550000000000004 47.650000000000013 50.95000000000001 15.500000000000002 49.650000000000013 451.00000000000006 49.050000000000004 25.650000000000002
decision_type=8 2 2 2 8 2 2 2 2 2 2 2 2 2 2 2 8 10 2 2 2 2 2 2 2 2 2 2 2 10
left_child=7 2 -2 9 6 -6 -5 8 -1 11 21 -4 13 -3 15 19 -17 18 -16 -14 -12 -9 27 -24 25 -15 29 -23 -11 -22
right_child=1 12 3 4 5 -7 -8 10 -10 28 20 -13 14 24 17 16 -18 -19 -20 -21 26 22 23 -25 -26 -27 -28 -29 -30 -31
leaf_value=0.092310483023280085 -0.028003775317435389 -0.034170733251969752 -0.0026918240784600984 -0.00011631333372925217 0.0014444556249707603 -0.02481247417450564 -0.0065120526721484124 0.030002627228555526 -0.021064580719810964 0.04762754292466434 0.042502861902754346 0.011351930259336474 0.0074629756943135591 0.0087025515111898693 -0.00070232468514429736 0.014319578433557682 0.040187382972293385 0.033748670237842539 0.02117527523956441 -0.019107538676536053 0.035041586038986716 -0.04524689952152311 -0.0033723549835566885 -0.021675046025670816 0.020964156652580418 -0.013134279822307353 -0.037051600158577128 -0.022211423638638525 0.018530049492418717 -0.011458706493661017
leaf_weight=8.4487598575651663 61.513464454561472 21.291039071977139 167.32916040718555 1568.0920355431736 4462.476706225425 64.225509166717529 1846.5305028446019 5.8387645445764056 12.591158779338 20.50698571652174 9.6934460587799531 313.26039666309953 87.160022787749767 64.107447631657124 388.98220859467983 281.34257817268372 57.007587969303131 28.418427050113678 66.387933313846588 29.425298899412155 8.2928070016205364 34.694610804319382 97.279616924002767 209.20399817638099 31.476107761263847 68.798095621168613 8.2391130737960321 85.914160016924143 31.221587143838406 8.1760335415601713
leaf_count=139 537 110 869 14831 21519 314 15512 90 238 100 141 1615 407 294 1776 1244 253 133 303 130 122 780 1887 4060 143 317 88 1697 146 110
internal_value=-0.000361063 0.000381414 -0.000517248 -0.000316794 -0.000927143 0.00107027 -0.0035765 -0.0150539 0.0244469 0.0087777 -0.0168478 0.0064523 0.00720693 -0.00220775 0.00907444 0.0141027 0.0187033 0.00433384 0.00248016 0.00070329 0.00873984 -0.0188941 -0.0195811 -0.015885 0.00192002 -0.00256499 -0.00442249 -0.0289113 0.0302314 0.0117247
internal_weight=10147.9 9659.55 8535.16 8473.64 7941.32 4526.7 3414.62 488.372 21.0399 532.318 467.333 480.59 1124.4 185.673 938.724 454.935 338.35 483.789 455.37 116.585 34.4014 432.931 427.092 306.484 164.382 132.906 24.708 120.609 51.7286 16.4688
internal_count=69905 60553 55443 54906 52176 21833 30343 9352 377 2730 8975 2484 5110 864 4246 2034 1497 2212 2079 537 461 8514 8424 5947 754 611 320 2477 246 232
is_linear=0
shrinkage=0.05


Tree=66
num_leaves=31
num_cat=0
split_feature=5 7 2 5 3 15 30 31 3 4 2 3 4 4 15 26 7 5 8 4 9 13 30 31 13 13 14 3 11 17
split_gain=27.478 19.133 18.5036 14.8799 14.2845 15.7036 12.7142 13.4139 11.7092 11.2835 10.6931 12.1179 12.8069 10.5783 17.2991 11.6582 10.5654 11.2336 10.4755 10.1325 9.20696 9.19906 9.01556 8.83398 7.79476 7.82383 7.76074 8.38506 7.82592 7.25559
threshold=44.850000000000001 46.850000000000001 43.050000000000004 65.950000000000017 39.95000000000001 55.350000000000001 421.00000000000006 24.500000000000004 53.45000000000001 59.850000000000001 55.95000000000001 56.050000000000004 71.850000000000009 92.65000000000002 49.650000000000013 1.0000000180025095e-35 45.95000000000001 59.750000000000007 52.95000000000001 42.45000000000001 51.650000000000013 53.550000000000004 491.00000000000006 -4.4999999999999991 53.250000000000007 47.050000000000004 71.100000000000009 45.350000000000001 48.150000000000013 1850.0000000000002
decision_type=2 2 2 2 2 2 2 8 2 2 2 2 2 2 2 2 2 2 2 2 2 2 2 8 2 2 2 2 2 2
left_child=2 10 20 6 22 13 9 8 -8 -3 11 19 -13 15 -15 -6 17 29 -9 -2 -1 -11 -4 -14 25 -24 27 -5 -29 -12
right_child=1 3 4 26 5 -7 7 18 -10 21 16 12 23 14 -16 -17 -18 -19 -20 -21 -22 -23 24 -25 -26 -27 -28 28 -30 -31
leaf_value=-0.029529405989497409 -0.018945614889902838 -0.028138947950250789 -0.021526385606361428 0.0014808506135001755 -0.0059849055917574031 0.0047856331387354269 -0.00076671659415782729 0.012240484853818838 0.00484071152893058 0.014233089575613467 -0.0014881150417756506 -0.0045419628535880189 -0.011999093706116265 0.025592395722799269 -0.010199963895580512 -0.034892721185683366 -0.01231566934022126 0.021014546548133593 -0.018391828867051804 -0.0050819348396417647 0.022956713903922149 -0.01492881438855889 0.021634055255734981 0.01808493193382785 0.025904201767453096 -0.027511029068515186 -0.013927981262102686 -0.014047955252445258 0.014923187741332739 0.018609837993066473
leaf_weight=100.73051815293729 146.41984071955085 64.728242363780737 174.71534948796034 197.57692198082805 1276.0042546354234 510.6191383395344 2597.3266408704221 430.42668095231056 1450.0278981626034 49.103918664157391 242.55095162242651 230.55408047698438 28.811502706259489 68.26333000510931 66.369277901947498 35.848684258759022 82.791040122509003 108.65728051960468 29.632270496338606 1347.5308790020645 8.929043132811783 59.842439692467451 11.526964997872708 151.26746241375804 20.531764110550284 26.104304358363152 34.380241110920906 24.186314277350903 504.08563478291035 54.923645999282598
leaf_count=1424 1463 530 1778 895 13011 4071 15622 2402 8286 336 1442 1785 189 398 380 344 454 507 258 9561 100 399 126 910 168 235 158 110 2251 312
internal_value=-0.000344412 0.00106559 -0.00515025 0.00270478 -0.00414325 -0.00274677 0.00164968 0.00216221 0.00124107 -0.011617 -0.00265876 -0.00435324 0.00324526 -0.00540937 0.0079164 -0.00678127 0.00393134 0.00725786 0.010253 -0.00644522 -0.0251931 -0.00173821 -0.0158515 0.0132399 0.00111701 -0.0123073 0.00919388 0.0102977 0.0135849 0.00221084
internal_weight=10134.5 7834.82 2299.64 5441.32 2189.98 1957.1 4681.09 4507.41 4047.35 173.675 2393.51 1904.58 410.633 1446.49 134.633 1311.85 488.923 406.132 460.059 1493.95 109.66 108.946 232.878 180.079 58.163 37.6313 760.229 725.849 528.272 297.475
internal_count=69905 47870 22035 31247 20511 18204 27833 26568 23908 1265 16623 13908 2884 14133 778 13355 2715 2261 2660 11024 1524 735 2307 1099 529 361 3414 3256 2361 1754
is_linear=0
shrinkage=0.05


Tree=67
num_leaves=31
num_cat=0
split_feature=33 18 3 27 30 33 17 8 7 33 33 8 7 1 5 32 5 5 4 33 12 4 33 7 1 1 32 30 7 5
split_gain=39.4647 20.7111 18.9627 37.3144 16.8342 14.5167 12.5665 12.848 12.0597 10.9229 9.58358 9.50902 9.02998 8.80694 13.4955 8.06282 10.8724 11.341 7.89429 7.75899 8.37713 7.02776 7.00235 6.72261 5.53929 7.93884 7.66467 7.29375 5.43011 4.98981
threshold=31.350000000000005 10.500000000000002 43.550000000000004 7.5000000000000009 421.00000000000006 50.45000000000001 1175.0000000000002 36.95000000000001 44.350000000000001 71.050000000000011 74.15000000000002 53.45000000000001 58.350000000000001 53.95000000000001 46.350000000000001 65.550000000000011 62.750000000000007 59.350000000000001 49.750000000000007 68.050000000000011 95.550000000000011 61.050000000000004 80.15000000000002 51.050000000000004 43.550000000000004 47.650000000000013 55.95000000000001 483.00000000000006 59.95000000000001 56.350000000000001
decision_type=8 2 2 2 2 10 2 2 2 10 10 2 2 2 2 10 2 2 2 8 2 2 10 2 2 2 10 2 2 2
left_child=6 9 8 4 18 -6 7 -1 -3 15 11 -5 24 14 -10 16 17 -2 -4 20 -17 -18 -15 -11 -8 27 -27 -26 -14 -21
right_child=1 2 3 10 5 -7 12 -9 13 23 -12 -13 28 22 -16 19 21 -19 -20 29 -22 -23 -24 -25 25 26 -28 -29 -30 -31
leaf_value=0.071561147651329635 0.0085553110052772417 -0.013375878726520712 -0.039133005380601833 0.014848035227538664 -0.0041278851509381348 0.0015038003622529479 -0.027281075454681204 -0.007399238738384873 -0.016637556407954748 0.0086233548666358288 0.028776793779734761 0.0029516184131361954 0.039249015137677083 0.00044471505441822718 -0.0024596529746487685 -0.010008024871668054 0.052447983690753902 -0.019179634329971332 -0.010422341999840636 0.00026273186674981367 0.0082596582926333928 0.014356377754278268 0.026438403065112207 0.03369905882972174 -0.012587596810020175 -0.023577034585092298 0.0059313189416330628 0.016093866747717737 -0.0041245966614672216 0.024539176400574833
leaf_weight=8.2411764692515153 539.79400888085365 348.9091127011925 27.345916457474232 368.92126469686627 1577.4121076799929 4166.3251342251897 119.11358936317265 13.180810548365114 229.68516427651048 51.699606522917747 70.877226635813713 310.67800512909889 10.01388171315193 570.56190453842282 627.1319858469069 205.90070857107639 21.640879280865192 39.365828156471252 199.92807935923338 42.086038947105408 89.890454068779945 28.688846744596958 27.067976325750351 56.956702709197998 64.290999898687005 182.05256501585245 24.69227221980691 33.627801885828376 24.59251881763339 43.364433079957962
leaf_count=131 3251 2797 269 2470 15131 20921 2511 246 2121 223 299 1953 141 3134 3950 885 99 190 1611 175 384 129 118 260 1303 3735 361 604 320 183
internal_value=-0.000328684 0.000367176 -0.000471928 0.000748918 -0.000571103 -4.20132e-05 -0.0143233 0.0229364 -0.00502484 0.00676142 0.0112567 0.00941819 -0.0160801 -0.00301728 -0.00626763 0.00513427 0.00860972 0.00665853 -0.0139145 -0.00059187 -0.00443869 0.0309058 0.00163462 0.0218327 -0.0180891 -0.0144712 -0.0200274 -0.00268027 0.00835907 0.0126553
internal_weight=10124 9644.23 8524.84 6721.49 5971.01 5743.74 479.806 21.422 1803.36 1119.39 750.476 679.599 458.384 1454.45 856.817 1010.73 629.49 579.16 227.274 381.242 295.791 50.3297 597.63 108.656 423.777 304.664 206.745 97.9188 34.6064 85.4505
internal_count=69905 60553 54774 42654 37932 36052 9352 377 12120 5779 4722 4423 8975 9323 6071 5296 3669 3441 1880 1627 1269 228 3252 483 8514 6003 4096 1907 461 358
is_linear=0
shrinkage=0.05


Tree=68
num_leaves=31
num_cat=0
split_feature=33 7 7 2 5 6 1 33 1 33 3 3 17 15 32 13 0 27 32 0 15 3 8 32 7 8 15 28 1 17
split_gain=36.2945 15.8968 15.3061 15.3603 15.2228 14.0958 15.2828 16.3525 14.4225 13.4533 13.2825 10.469 10.4419 9.54855 9.22108 8.42477 8.28351 8.12871 9.65895 9.47984 7.519 8.89516 8.32133 7.6577 7.51315 6.55353 6.37325 5.98725 7.69682 5.04677
threshold=41.95000000000001 35.350000000000001 46.45000000000001 49.95000000000001 70.950000000000017 52.550000000000004 44.250000000000007 47.250000000000007 53.95000000000001 71.65000000000002 55.550000000000004 36.550000000000004 1650.0000000000002 40.95000000000001 45.750000000000007 58.050000000000004 56.150000000000013 7.5000000000000009 31.250000000000004 48.250000000000007 49.650000000000013 46.45000000000001 77.350000000000009 66.550000000000011 48.750000000000007 50.650000000000013 55.45000000000001 3.5000000000000004 50.750000000000007 2150.0000000000005
decision_type=8 2 2 2 2 2 2 8 2 10 2 2 2 2 10 2 2 2 10 2 2 2 2 10 2 2 2 2 2 2
left_child=2 -2 13 14 5 6 7 -3 10 -8 -7 -5 -10 16 -4 25 27 18 -13 -19 21 -6 -22 -23 -17 -16 29 28 -1 -15
right_child=1 4 3 11 20 8 9 -9 12 -11 -12 17 -14 26 15 24 -18 19 -20 -21 22 23 -24 -25 -26 -27 -28 -29 -30 -31
leaf_value=-0.0053435550039708469 -0.026331317758837999 0.067865907006969858 -0.024661510772457481 -0.040692064693000823 -0.015128540958997488 -0.00466298573658659 0.0018964874933890504 0.013663753176113517 -0.0013382495638091143 0.015610870967040899 0.0027907938861090006 0.042609309707421168 0.0044643804942698468 -0.020626349247899203 -0.0034445500687416753 -0.022120295322554766 0.045175745489820056 -0.01758465899829011 -0.0012226020318510135 0.025129371713193363 0.019718719383112145 0.033667475635697837 -0.0056171714402266752 0.0025050448158507 0.02923854708454364 -0.022068068674599435 -0.00553773295470912 -0.0247456166443937 0.050478527920247956 0.006279872101224492
leaf_weight=21.703464908525351 53.061723101884127 17.86964476108551 101.40367811359465 14.30091594904661 51.314661592245102 2435.1291191391647 1518.5507779531181 63.785548500716686 1377.6719498261809 202.83454225957394 791.10579657554626 12.8173586204648 1769.9963842183352 371.46533696725965 124.05895644426346 9.5174327157437784 10.312646232545374 15.877610944211481 465.26278014481068 67.214604813605547 213.24968810379505 26.104183010756969 37.82424421608448 81.399320170283318 26.605213064700365 77.031703615561128 107.39608258754015 20.301456918939948 8.4571557436138374 17.948314994573593
leaf_count=369 380 146 1982 191 225 15212 8889 391 7234 850 4608 214 8947 6604 1746 149 126 216 5426 716 931 122 165 349 370 1058 1577 295 131 286
internal_value=-0.000313443 0.000922392 -0.00757174 -0.00358122 0.00109169 0.000619633 0.00452296 0.0256552 -0.000483804 0.0035162 -0.00283366 0.00138307 0.00192313 -0.0141029 -0.0120306 -0.00660198 0.00453385 0.00247128 -2.83444e-05 0.016896 0.0104941 0.00194162 0.0158812 0.0101427 0.015545 -0.0106109 -0.0163933 -0.00374593 0.010259 -0.0193721
internal_weight=10111.6 8639.9 1471.67 914.09 8586.84 8176.94 1803.04 81.6552 6373.9 1721.39 3226.23 575.473 3147.67 557.584 338.617 237.213 60.7747 561.172 478.08 83.0922 409.892 158.818 251.074 107.504 36.1226 201.091 496.81 50.4621 30.1606 389.414
internal_count=69905 48449 21456 12068 48069 46277 10276 537 36001 9739 19820 6763 16181 9388 5305 3323 921 6572 5640 932 1792 696 1096 471 519 2804 8467 795 500 6890
is_linear=0
shrinkage=0.05


Tree=69
num_leaves=31
num_cat=0
split_feature=5 18 2 2 6 5 15 18 3 3 3 0 32 17 31 32 9 3 32 18 5 2 2 32 5 0 15 6 31 32
split_gain=22.4716 19.0373 17.5338 16.7537 16.3911 18.0912 12.4674 11.6195 13.6233 11.1107 11.0265 10.2395 10.0575 9.2546 9.11891 8.83353 8.59507 7.99557 7.49066 7.32214 8.12577 10.2932 7.2752 6.70762 6.67771 7.48313 6.46329 6.00924 5.48161 5.41429
threshold=44.850000000000001 10.500000000000002 65.250000000000014 43.050000000000004 54.95000000000001 72.250000000000014 55.350000000000001 16.500000000000004 59.95000000000001 53.45000000000001 37.350000000000001 50.050000000000004 70.550000000000011 1550.0000000000002 -1.0000000180025095e-35 79.65000000000002 51.650000000000013 46.95000000000001 78.450000000000017 8.5000000000000018 48.95000000000001 51.850000000000001 58.350000000000001 54.750000000000007 43.95000000000001 48.050000000000004 50.45000000000001 76.050000000000011 12.500000000000002 62.45000000000001
decision_type=2 2 2 2 2 2 2 2 2 2 2 2 10 2 8 10 2 2 10 2 2 2 2 10 2 2 2 2 8 10
left_child=3 18 4 16 13 9 7 11 26 -6 -8 12 -5 17 -15 -13 23 -3 19 28 21 -21 -22 -1 27 -26 -9 -12 -2 -7
right_child=1 2 -4 6 5 29 10 8 -10 -11 24 15 -14 14 -16 -17 -18 -19 -20 20 22 -23 -24 -25 25 -27 -28 -29 -30 -31
leaf_value=-0.044126269865859914 0.020514527208014718 0.00068921739643436905 0.028209710246627152 -0.011849017580647424 -0.0038809407187786931 0.031470096108295077 -0.034831316704146791 -0.032250133535384133 0.022210386437332658 0.0010147038178225842 0.0090162136529234448 -0.0017987609021748706 0.011187961106201218 -0.0086380485729333264 0.0035052152175695378 0.035577871302843518 0.022282185444958028 0.011663234545042084 0.02875260160699394 0.0025364560906442784 -0.00041239193066221181 0.029236954103591076 0.018612051073843672 -0.017210547776672382 0.0254520695911876 -0.014255489008776738 -0.010808048913990254 -0.0060984894022344562 -0.0015209137960788834 0.009250238235392132
leaf_weight=40.106315031647682 137.89573022723198 243.40179047174752 54.893126308917999 516.98746699281037 3209.8655395358801 32.464234296232462 18.869788417592645 87.454309223219752 18.093058979138732 1811.5833897329867 379.83170745708048 851.80791605263948 51.856585208326578 201.3408742044121 663.93707486987114 15.998656742274759 8.9748148620128614 528.60982166975737 40.971170738339424 78.484741732478142 474.12385201454163 67.485643472522497 56.055022843182087 57.32721471041441 13.791555397212504 79.026606123894453 60.396353598684072 79.040646089240909 34.94216313958168 185.45564360171556
leaf_count=886 674 1561 248 6506 20875 166 167 1060 190 11081 3097 7210 250 1315 4198 70 100 3174 184 501 2327 369 245 538 128 534 634 665 158 794
internal_value=-0.000299252 0.000973391 8.87291e-05 -0.00466792 -0.000135427 -0.00150075 -0.00371608 -0.00597664 -0.0185096 -0.00211376 0.00262458 -0.00452432 -0.00973855 0.00423041 0.000673159 -0.00109991 -0.0240385 0.00821033 0.00785729 0.00683975 0.00448048 0.0149265 0.00159274 -0.0283749 0.00392085 -0.00828062 -0.0235382 0.00640105 0.0160325 0.0125963
internal_weight=10101.1 7821.51 6931.55 2279.56 6876.66 5239.37 2173.15 1602.59 165.944 5021.45 570.56 1436.65 568.844 1637.29 865.278 867.807 106.408 772.012 889.958 848.987 676.149 145.97 530.179 97.4335 551.691 92.8182 147.851 458.872 172.838 217.92
internal_count=69905 47870 43412 22035 43164 32916 20511 15920 1884 31956 4591 14036 6756 10248 5513 7280 1524 4735 4458 4274 3442 870 2572 1424 4424 662 1694 3762 832 960
is_linear=0
shrinkage=0.05


Tree=70
num_leaves=31
num_cat=0
split_feature=33 30 33 5 6 18 8 4 13 4 30 29 31 5 32 32 18 32 2 2 31 8 18 32 13 30 2 32 33 30
split_gain=39.7324 21.5541 19.8279 17.6707 16.6261 13.9941 12.7872 11.5647 14.3132 10.4301 9.6938 9.22491 8.79825 16.7844 8.7346 13.219 7.89873 7.85165 7.77447 7.65822 7.31813 7.22674 7.10686 7.86158 7.09958 8.38764 6.9878 6.68053 6.51023 5.60761
threshold=41.95000000000001 541.00000000000011 71.050000000000011 42.750000000000007 70.65000000000002 17.500000000000004 20.650000000000002 91.350000000000009 63.050000000000004 84.250000000000014 413.00000000000006 56.750000000000007 1.5000000000000002 49.150000000000013 77.250000000000014 71.850000000000009 9.5000000000000018 63.250000000000007 60.95000000000001 58.850000000000001 18.500000000000004 15.550000000000002 11.500000000000002 57.150000000000013 49.350000000000001 457.00000000000006 52.050000000000004 62.050000000000004 37.250000000000007 471.00000000000006
decision_type=8 2 10 2 2 2 2 2 2 2 2 2 8 2 10 8 2 10 2 2 8 2 2 10 2 2 2 8 10 2
left_child=3 2 5 9 10 7 24 8 -2 18 -5 26 16 -14 15 -7 -12 -9 21 27 22 -1 -4 -24 25 -6 -11 -3 -28 -8
right_child=1 19 20 4 6 14 29 17 -10 11 12 -13 13 -15 -16 -17 -18 -19 -20 -21 -22 -23 23 -25 -26 -27 28 -29 -30 -31
leaf_value=0.023994529104173816 0.00010231909254272509 -0.0080966821830068137 0.017793437268653591 -0.029108053846928991 -0.014003703295725426 -0.009500091147393825 -0.023675770853897424 0.014375353118226714 0.013545707952661974 -0.0051454900580140267 0.025560252232241915 -0.026470750807124122 -0.0035950519433179985 0.019076000617706906 -0.038359876230889323 0.0098977745762238722 -0.0060329809357672314 0.003702590401359267 0.04013042117763068 0.008233484190139596 -0.01490959046711648 -0.019489588524916768 0.033810889750867122 0.0058975633323655212 -0.015609233862669204 0.048398781190478371 0.061413788674888392 -0.035977497371053414 0.0045218822405209396 -0.0093681029596910156
leaf_weight=9.5936040133237821 5596.7181358896196 34.236446812748909 158.23628310859203 25.55810572206974 7.5155266076326397 435.32827481999993 141.44839397072792 247.03997922688723 205.19286789372563 16.286388572305441 21.113715264946222 15.523292843252419 159.63752007670701 166.28777287900448 21.089615993201733 109.69915580749512 285.46087203733623 576.28377761691809 5.5855701789259902 19.491417311131954 36.137655600905418 420.10845684446394 25.767864346504211 1181.1791503727436 12.986663978546856 17.674585096538067 12.351847216486933 60.404335089027882 8.7991885058581811 136.18187335133553
leaf_count=194 33526 245 705 389 114 3023 2063 1410 1199 242 189 197 2253 1857 95 631 3896 2560 62 99 151 7554 112 4940 203 236 169 294 90 1739
internal_value=0.000213823 0.00149508 0.00178243 -0.00741214 -0.00351274 0.000721365 -0.0129425 0.00136677 0.000578851 -0.0151774 0.00100635 0.0056931 0.00223553 0.00795873 -0.00682189 -0.00558556 -0.00383323 0.0069124 -0.0177289 -0.0200775 0.00722363 -0.0185018 0.00781422 0.0065004 0.0140908 0.0296014 0.0191979 -0.0259635 0.0381137 -0.0166815
internal_weight=10168.9 8706.8 8592.67 1462.11 973.865 7191.35 315.807 6625.23 5801.91 488.248 658.058 52.9607 632.5 325.925 566.117 545.027 306.575 823.324 435.288 114.132 1401.32 429.702 1365.18 1206.95 38.1768 25.1901 37.4374 94.6408 21.151 277.63
internal_count=70437 48990 48352 21447 12939 42444 4355 38695 34725 8508 8584 698 8195 4110 3749 3654 4085 3970 7810 638 5908 7748 5757 5052 553 350 501 539 259 3802
is_linear=0
shrinkage=0.05


Tree=71
num_leaves=31
num_cat=0
split_feature=33 5 30 33 3 7 18 31 3 31 18 8 30 7 3 0 4 33 0 15 3 15 30 17 4 33 5 15 6 18
split_gain=36.4155 22.4505 21.737 14.7887 14.3381 15.1827 12.957 12.27 12.0219 9.7243 12.3957 9.63928 9.53122 8.85464 9.3003 8.41528 8.41088 8.31162 7.92922 7.68512 7.52215 9.85356 7.35441 6.93169 11.859 7.13037 6.9244 6.86314 6.65172 6.52631
threshold=48.45000000000001 42.750000000000007 541.00000000000011 71.050000000000011 50.95000000000001 43.650000000000013 15.500000000000002 11.500000000000002 58.45000000000001 3.5000000000000004 17.500000000000004 29.350000000000005 503.00000000000006 53.850000000000001 44.45000000000001 54.150000000000013 90.050000000000011 79.550000000000011 49.95000000000001 58.45000000000001 47.150000000000013 38.95000000000001 471.00000000000006 1350.0000000000002 89.450000000000017 27.250000000000004 55.95000000000001 62.650000000000013 57.600000000000009 14.500000000000002
decision_type=8 2 2 10 2 2 2 10 2 10 2 2 2 2 2 2 2 10 2 2 2 2 2 2 2 10 2 2 2 2
left_child=1 18 3 8 6 -6 11 16 9 10 -2 27 -9 14 17 -11 -7 -5 -1 26 -8 -22 -21 24 25 -20 -15 -3 -13 -10
right_child=2 4 -4 13 5 7 20 12 29 15 -12 28 -14 19 -16 -17 -18 -19 23 22 21 -23 -24 -25 -26 -27 -28 -29 -30 -31
leaf_value=-0.019871542340287124 0.0024618535025137151 0.0081731164195407106 -0.021012435996062711 -0.0093571496968174964 -0.011213957798906887 0.0027109572869016422 -0.01846036487337651 0.017496549702217784 0.011780941442342327 -0.0067193220881774512 -0.007968534227801069 0.0039479256494761574 0.071063852408752348 -0.0012617000011790008 0.0068841275413966119 0.00084939943708722614 0.030143170169449375 0.015629934756830811 0.036171877772474222 0.037411444051070851 0.041162407353817133 -0.0078645787111636615 0.012946842648064933 -0.012069907883942247 0.058487996985545312 -0.0069606476603209649 0.014453884681151635 0.049898550702749629 -0.0088837253384783099 0.0029104856913410781
leaf_weight=241.53626631386578 3509.291154589504 76.291313830763102 101.82432573661208 180.96606200933456 164.5007107090205 649.84252012707293 254.1969084944576 34.827766865491867 361.74722824990749 782.18569783866405 309.73601537570357 153.65306614898145 11.034392513334749 112.79637512564659 755.3635338395834 690.22026517242193 29.156145736575127 40.56661032140255 10.547660604119299 53.170859158039093 11.251982510089872 104.0590332262218 75.174796476960182 366.43253094702959 8.506516080349682 94.284724447876215 182.59767019748688 11.332330845296381 292.06371062621474 490.56110793352127
leaf_count=4786 18943 825 535 763 2157 6608 3505 359 1709 4454 1912 1426 106 472 3155 3616 215 171 209 229 140 1405 329 4602 90 1184 789 103 3013 2627
internal_value=0.000202163 -0.00501817 0.00191893 0.00222936 -0.00201673 0.00248508 -0.00645662 0.00560197 0.00117135 0.000282639 0.00161442 -0.00145974 0.0306202 0.00686626 0.00423959 -0.00316812 0.00390052 -0.00475402 -0.0124675 0.0129076 -0.0136531 -0.00300571 0.0231422 -0.00872623 0.00204114 -0.0025429 0.00843756 0.0136772 -0.00444913 0.0066822
internal_weight=10159.7 2513.52 7646.2 7544.38 1792.21 889.362 902.848 724.861 6143.74 5291.43 3819.03 533.34 45.8622 1400.64 976.896 1472.41 678.999 221.533 721.308 423.74 369.508 115.311 128.346 479.771 113.339 104.832 295.394 87.6236 445.717 852.308
internal_count=70437 30733 39704 39169 19862 9445 10417 7288 33261 28925 20855 5367 465 5908 4089 8070 6823 934 10871 1819 5050 1545 558 6085 1483 1393 1261 928 4439 4336
is_linear=0
shrinkage=0.05


Tree=72
num_leaves=31
num_cat=0
split_feature=33 27 3 3 5 33 18 7 1 3 4 5 31 32 7 5 32 29 8 4 33 1 31 18 32 1 7 27 0 7
split_gain=33.4224 16.2434 20.0614 15.1486 15.1358 14.1443 14.3622 12.534 10.463 11.491 9.844 9.46313 9.22985 9.21936 9.19175 9.16053 8.59112 8.51348 8.29278 11.3433 10.5476 8.98835 8.19759 7.9532 8.34929 7.93597 7.38968 8.16778 12.0596 7.35939
threshold=41.95000000000001 7.5000000000000009 42.850000000000001 58.45000000000001 42.650000000000013 68.65000000000002 17.500000000000004 58.550000000000004 50.150000000000013 45.150000000000013 84.250000000000014 56.750000000000007 10.500000000000002 54.95000000000001 64.550000000000011 57.150000000000013 84.250000000000014 55.750000000000007 51.45000000000001 40.95000000000001 48.250000000000007 49.350000000000001 6.5000000000000009 15.500000000000002 77.250000000000014 46.150000000000013 41.550000000000004 7.5000000000000009 52.750000000000007 41.95000000000001
decision_type=8 2 2 2 2 10 2 2 2 2 2 2 8 10 2 2 10 2 2 2 8 2 10 2 10 2 2 2 2 2
left_child=4 3 -3 5 10 6 7 -2 9 -6 26 14 -13 -7 -11 -8 -15 25 19 -4 21 -20 -21 24 -5 -12 -1 -28 -29 -22
right_child=1 2 18 23 8 13 15 -9 -10 11 17 12 -14 16 -16 -17 -18 -19 20 22 29 -23 -24 -25 -26 -27 27 28 -30 -31
leaf_value=-0.032476829549638563 -0.0018937051616298103 -0.0019987585891688693 -0.01444851175362525 0.0080909305171154005 -0.011282577290906981 0.034130049475926696 -0.01647757874696525 0.0068178713012291992 -0.0099047125829027829 0.00038311216702109993 0.069189879502606966 0.013528268061570835 0.063286425094448248 0.0026402986485771778 0.056719283251704812 0.0014670242591374911 0.025369708870493647 -0.013862735763446486 0.013749882359717393 0.015906048929740246 -0.012767017978099766 -0.035255919706186592 0.041095228089737507 0.0012799357220276239 0.030259497021763667 0.0083353628923682095 -0.017164365448089584 -0.012491907169729652 0.037644032952111245 0.010994816976870186
leaf_weight=64.00914765521884 4063.3345958441496 446.66392328217626 28.276010006666183 542.32524266093969 149.02213594131172 24.660274878144264 254.86514387652278 459.32956770062447 370.57118324749172 373.55021878890693 7.5620251670479801 64.154376037418842 10.940571945160626 1381.2465479671955 7.2884199023246756 97.926553174853325 42.833943963050842 26.347465317696333 14.184675883501766 361.73506004363298 35.807685114443302 26.510388325899839 35.774375647306442 504.92520162463188 46.240426376461983 18.732081092894077 299.31815087608993 36.449210807681084 17.720146533101797 336.31696760654449
leaf_count=1419 25022 2595 187 2774 2159 112 1906 2327 4671 5379 109 673 98 5825 67 539 193 342 125 2018 210 222 205 2838 202 243 5367 674 246 1690
internal_value=0.000191529 0.00136149 0.00655089 0.000461567 -0.00684783 -0.000477295 -0.00176698 -0.00100771 -0.00328885 0.000756463 -0.0142197 0.00470401 0.0209185 0.00385926 0.001489 -0.0114834 0.00332921 0.00607628 0.0111103 0.0160129 0.00603906 -0.0180601 0.0181953 0.00589559 0.00984593 0.026222 -0.0167916 -0.0139289 0.00385582 0.00869209
internal_weight=10148.6 8702.96 1285.27 7417.69 1445.67 6324.2 4875.46 4522.66 975.527 604.956 470.138 455.934 75.0949 1448.74 380.839 352.792 1424.08 52.6416 838.605 425.785 412.82 40.6951 397.509 1093.49 588.566 26.2941 417.497 353.488 54.1694 372.125
internal_count=70437 48990 7252 41738 21447 35924 29794 27349 13047 8376 8400 6217 771 6130 5446 2445 6018 694 4657 2410 2247 347 2223 5814 2976 352 7706 6287 920 1900
is_linear=0
shrinkage=0.05


Tree=73
num_leaves=31
num_cat=0
split_feature=33 30 9 33 5 31 9 9 30 18 7 7 1 1 18 31 3 3 3 14 1 15 4 18 0 15 18 32 14 4
split_gain=30.3395 17.8787 15.4714 15.2633 14.4729 12.3153 11.9981 11.9603 11.3922 11.2872 11.2365 11.2093 11.5181 11.159 10.846 10.5278 9.46999 9.19767 7.56095 7.68002 7.44076 7.22237 7.20657 7.03037 6.52976 8.02501 6.4166 6.29245 7.86105 6.17456
threshold=41.95000000000001 541.00000000000011 58.750000000000007 68.65000000000002 49.050000000000004 11.500000000000002 41.95000000000001 49.150000000000013 393.00000000000006 8.5000000000000018 63.050000000000004 43.95000000000001 46.750000000000007 50.150000000000013 15.500000000000002 18.500000000000004 59.250000000000007 44.050000000000004 44.45000000000001 39.350000000000001 50.350000000000001 59.050000000000004 71.450000000000017 13.500000000000002 53.650000000000013 49.650000000000013 9.5000000000000018 62.050000000000004 48.850000000000001 57.150000000000013
decision_type=8 2 2 10 2 8 2 2 2 2 2 2 2 2 2 8 2 2 2 2 2 2 2 2 2 2 2 10 2 2
left_child=2 3 4 6 10 17 22 18 -8 -9 16 -7 -13 24 -10 -11 -1 26 -5 -20 -19 -18 29 -15 25 -4 -6 -3 -29 -2
right_child=1 27 13 7 5 11 8 9 14 15 -12 12 -14 23 -16 -17 21 20 19 -21 -22 -23 -24 -25 -26 -27 -28 28 -30 -31
leaf_value=-0.014140148555007948 -0.025419421662324498 -0.0023053408517306247 0.081907930006723528 -0.00074674656632951449 0.023865199984294733 -0.020040697833805687 -0.035614735605040186 0.036209634897387481 0.0024591416720217444 0.0039078355875045356 0.028902712718640707 0.07289558543952715 0.016686741100853802 0.018643454574862623 -0.0016646282412815295 -0.017595264453922507 -0.0030710492876189961 0.005539763413510191 0.0027388509551336182 0.02255192237808052 -0.010264892682797282 0.036091837167455558 -0.042669239802626095 -0.03489856104715839 0.0050846066224335597 0.023313172798301959 -0.02192415085804561 -0.0019087057746281087 -0.03793107436916892 0.015342128217734542
leaf_weight=766.90514926053584 21.101264145225286 39.682235099375248 11.114474542438986 68.595236286520958 8.2053988464176637 15.842395231127737 21.518354751169682 26.107933714985847 3819.6420178711414 1527.3870891481638 16.728542175143957 11.103956323117016 52.003198020160198 12.118602860718967 2735.6474994756281 58.954362660646439 83.733386982232332 205.06124889664352 65.147686243057251 204.02029709517956 116.78816368989646 13.57517405413091 24.341699194163084 12.102290134876965 12.04637900739908 13.105342421680687 86.795572351664305 21.953900925815105 51.064171381294727 16.30437146127224
leaf_count=13162 160 280 125 298 67 214 170 120 21369 6454 175 128 518 101 18087 249 1365 2523 274 863 1309 186 181 137 126 149 1162 108 250 127
internal_value=0.000181281 0.00129338 -0.0065479 0.00155364 -0.00763822 -0.000793601 0.000410354 0.00544261 0.000617213 0.00364582 -0.0114842 0.0172886 0.0267557 0.0181578 0.000737452 0.00310449 -0.012275 -0.0042336 0.0140019 0.0177779 -0.000181083 0.00237254 -0.0215071 -0.00793743 0.0356972 0.0506341 -0.0178957 -0.0184797 -0.0271863 -0.00752543
internal_weight=10138.7 8701.47 1437.23 8588.77 1376.74 495.8 6638.56 1950.21 6576.81 1612.45 880.942 78.9495 63.1072 60.4871 6555.29 1586.34 864.214 416.85 337.763 269.168 321.849 97.3086 61.7473 24.2209 36.2662 24.2198 95.001 112.7 73.0181 37.4056
internal_count=70437 48990 21447 48352 20809 5921 40094 8258 39626 6823 14888 860 646 638 39456 6703 14713 5061 1435 1137 3832 1551 468 238 400 274 1229 638 358 287
is_linear=0
shrinkage=0.05


Tree=74
num_leaves=31
num_cat=0
split_feature=33 5 30 27 30 1 32 4 30 1 15 8 8 0 30 26 32 12 8 0 31 13 2 32 33 31 0 15 18 13
split_gain=27.8604 18.7347 18.0303 13.1386 16.2304 12.398 13.6083 11.7818 10.5618 10.9503 9.97873 9.93007 9.33981 9.17902 9.15952 8.79993 8.26768 9.67032 7.53361 7.44802 7.04488 6.36088 6.33709 5.83765 5.7306 6.0914 13.0503 5.34225 5.19606 5.12382
threshold=48.45000000000001 41.95000000000001 541.00000000000011 7.5000000000000009 419.00000000000006 53.95000000000001 56.150000000000013 22.850000000000005 441.00000000000006 42.150000000000013 37.95000000000001 20.650000000000002 54.750000000000007 58.850000000000001 515.00000000000011 1.0000000180025095e-35 61.350000000000001 66.65000000000002 50.050000000000004 49.95000000000001 4.5000000000000009 52.95000000000001 58.150000000000013 62.050000000000004 29.550000000000004 -5.4999999999999991 47.050000000000004 49.150000000000013 13.500000000000002 60.850000000000001
decision_type=8 2 2 2 2 2 10 2 2 2 2 2 2 2 2 2 10 2 2 2 8 2 2 10 10 8 2 2 2 2
left_child=1 19 3 4 16 21 -7 -3 12 10 -10 -11 13 -9 15 18 27 -18 -5 24 -16 -6 23 -4 -1 26 -26 -2 -27 -21
right_child=2 7 22 14 5 6 -8 8 9 11 -12 -13 -14 -15 20 -17 17 -19 -20 29 -22 -23 -24 -25 25 28 -28 -29 -30 -31
leaf_value=-0.031563515986022361 0.023538429433177278 -0.040066526696405112 -0.0049233330413899004 0.011118810675085045 -0.0024277642741828078 0.016020551118709203 0.0029165753125969789 -0.0068661994755463878 0.066540698874524587 0.013149675259004685 0.010457524441532924 -0.0022946126793079351 -0.023052436814146718 0.033808521991530116 0.033689132610918403 -0.016481546204662061 -0.0065123587842153101 -0.035768143959578613 0.0023743704649490187 -0.0071175567485194883 0.0029763736781632422 0.0019440589126820647 0.0053179405380549792 -0.034572656560624575 0.037756778965113418 -0.0037731687659394077 -0.034921400191282911 -0.01175386927086319 -0.026821205972411413 -0.040190408574278594
leaf_weight=69.121866935864091 19.09496346116066 19.937536377459764 24.240693092346191 480.93629926815629 1952.4482551626861 214.270816616714 2655.6910593211651 222.31050858646631 8.4546516202390176 113.17338034883142 119.38354180380702 1275.4163210354745 92.914869766682386 14.664436958730219 53.742458380758762 42.765780836343765 54.706830844283104 59.519691549241543 508.56556539982557 403.26540909148753 29.189159855246544 1448.8143631182611 20.383727736771107 55.918971411883831 15.129653653129937 38.079814001917839 10.250302366912363 24.042563710361719 71.280236665159464 12.045898541808127
leaf_count=2053 144 283 160 2562 10736 1364 12547 2799 101 1277 1708 13541 1199 149 261 236 296 325 2624 5289 152 7735 100 275 263 474 150 187 1313 134
internal_value=0.000171368 -0.00442665 0.00166703 0.00194809 0.00107802 0.00147682 0.00389718 -0.00192277 -0.00150602 0.00025481 0.0142548 -0.00103141 -0.00961293 -0.00431488 0.00695858 0.00566641 -0.0147739 -0.0218183 0.00663025 -0.011964 0.0229561 -0.000564054 -0.0193518 -0.0256862 -0.019807 -0.0137199 0.00818587 0.00377105 -0.0188522 -0.0080983
internal_weight=10129.8 2485.43 7644.33 7543.79 6428.59 6271.22 2869.96 1866.26 1846.32 1516.43 127.838 1388.59 329.89 236.975 1115.2 1032.27 157.364 114.227 989.502 619.173 82.9316 3401.26 100.543 80.1597 203.862 134.74 25.38 43.1375 109.36 415.311
internal_count=70437 30733 39704 39169 33334 32382 13911 21057 20774 16627 1809 14818 4147 2948 5835 5422 952 621 5186 9676 413 18471 535 435 4253 2200 413 331 1787 5423
is_linear=0
shrinkage=0.05


Tree=75
num_leaves=31
num_cat=0
split_feature=33 6 0 18 30 7 33 13 5 7 30 2 2 30 14 28 2 7 7 6 6 0 6 29 2 27 33 27 6 29
split_gain=23.2253 17.3906 15.5447 14.3537 16.9246 11.9997 10.5927 13.6558 10.472 9.49753 9.07715 10.3477 9.84375 8.69703 10.1285 8.63822 8.51518 13.9413 9.0158 8.2055 8.04547 6.94096 6.47053 6.35879 5.46784 5.06679 10.3183 5.02823 4.33948 5.42962
threshold=46.850000000000001 57.250000000000007 37.550000000000004 15.500000000000002 435.00000000000006 35.350000000000001 82.950000000000017 53.550000000000004 68.550000000000011 41.150000000000013 495.00000000000006 61.250000000000007 54.750000000000007 511.00000000000006 35.45000000000001 4.5000000000000009 56.050000000000004 56.050000000000004 52.850000000000001 81.050000000000011 47.050000000000004 62.45000000000001 78.050000000000011 58.250000000000007 48.550000000000004 6.5000000000000009 39.050000000000004 3.5000000000000004 67.350000000000009 54.250000000000007
decision_type=8 2 2 2 2 2 10 2 2 2 2 2 2 2 2 2 2 2 2 2 2 2 2 2 2 2 10 2 2 2
left_child=1 2 -1 4 28 24 15 -8 21 25 11 -6 -12 14 -11 16 17 -7 -18 23 -15 22 -5 -17 -2 -4 -27 -21 -3 -30
right_child=5 3 9 8 10 6 7 -9 -10 13 12 -13 -14 20 -16 19 18 -19 -20 27 -22 -23 -24 -25 -26 26 -28 -29 29 -31
leaf_value=-0.033869133710139381 -0.0010954400851130289 -0.036773079363899112 -0.021967363756856782 -0.012486647875337124 -0.0050726509439719784 -0.00036072691773607698 -0.016830164860618935 0.025216547618828147 0.046395351267561565 -0.012248982945670991 0.016521042881655817 0.048406589466462153 -0.0081921074309804741 0.064379022464411087 0.0064861921584026807 -0.00278798669227808 0.008773515160218192 0.006516039919227147 0.00062268577422181285 -0.00014950126094917277 0.014604354839202159 0.019444973163589695 -0.025169981721092013 0.0061827334383105139 -0.036516983823271884 0.042149390793105868 -0.029187077364141452 -0.021095644953012992 0.0021160936999190783 -0.026934427175500538
leaf_weight=29.221634969115257 17.40523249655962 36.416893608868122 52.355302974581718 430.8942925427109 576.45316920429468 3970.6287097297609 24.259240418672562 91.295584052801132 6.9883257597684851 84.933910803869367 124.2015366256237 9.0746581517159921 59.242581099271774 10.569669749587773 471.31197643652558 1103.098444826901 807.84080315381289 904.59810740873218 587.27888622134924 43.095804996788502 36.289045486599207 14.37800597026944 132.95574426651001 240.3150240033865 30.448832560330629 10.340151250362398 9.7015732266008836 88.351035200059414 26.849991483613849 38.875240465626121
leaf_count=539 122 498 836 6641 6790 21830 106 415 57 1050 1480 71 560 119 5412 6353 3750 4336 2666 271 424 160 2329 1294 192 187 119 533 394 514
internal_value=-9.14348e-05 -0.00468545 0.00175646 -0.00780605 -0.00372891 0.0011633 0.00131601 0.0163392 -0.0138648 0.00330978 -0.00118076 -0.00422715 0.00851267 0.00537037 0.00361482 0.00109102 0.00190129 0.000914339 0.00534628 -0.00235035 0.0260514 -0.0146096 -0.0154902 -0.00117921 -0.0237671 -0.0137707 0.00739593 -0.0142716 -0.0228437 -0.0150056
internal_weight=10069.7 2161.05 704.723 1456.33 871.114 7908.62 7860.76 115.555 585.216 675.502 768.972 585.528 183.444 603.105 556.246 7745.21 6270.35 4875.23 1395.12 1474.86 46.8587 578.228 563.85 1343.41 47.8541 72.397 20.0417 131.447 102.142 65.7252
internal_count=70048 28180 8686 19494 10307 41868 41554 521 9187 8147 8901 6861 2040 7005 6462 41033 32582 26166 6416 8451 543 9130 8970 7647 314 1142 306 804 1406 908
is_linear=0
shrinkage=0.05


Tree=76
num_leaves=31
num_cat=0
split_feature=33 9 0 6 9 12 15 9 15 0 7 7 26 17 15 33 9 15 32 17 16 16 7 8 8 32 32 6 13 32
split_gain=21.0603 16.7495 15.9372 15.0664 14.2917 13.7871 13.8373 13.367 12.7533 17.8083 10.2739 9.47005 9.32694 8.75941 8.68187 8.67685 7.94301 7.83513 9.26167 7.77508 7.20864 6.98121 6.5562 6.44975 6.44037 6.23207 5.19996 5.63159 4.71423 3.78172
threshold=46.850000000000001 41.95000000000001 49.95000000000001 57.250000000000007 51.650000000000013 71.65000000000002 49.650000000000013 55.050000000000004 53.350000000000001 32.350000000000001 35.350000000000001 38.650000000000013 1.0000000180025095e-35 2450.0000000000005 58.850000000000001 82.950000000000017 43.150000000000013 69.550000000000011 72.450000000000017 1750.0000000000002 51.150000000000013 52.45000000000001 68.050000000000011 60.45000000000001 53.850000000000001 61.850000000000001 54.350000000000001 61.850000000000001 49.45000000000001 51.550000000000004
decision_type=8 2 2 2 2 2 2 2 2 2 2 2 2 2 2 10 2 2 10 2 2 2 2 2 2 10 10 2 2 10
left_child=2 28 4 11 8 26 -7 10 16 -10 -3 29 15 22 -14 -12 -1 18 24 -11 -18 25 23 -5 -9 -13 27 -6 -2 -4
right_child=1 7 3 13 5 6 -8 17 9 19 12 21 14 -15 -16 -17 20 -19 -20 -21 -22 -23 -24 -25 -26 -27 -28 -29 -30 -31
leaf_value=0.025307135792065252 -0.003194695361189933 -0.022008928045595001 -0.006828925074352437 -0.0033596830611793884 -0.021941337002616631 0.068540118334041694 0.0041597307996495865 -0.010496934300594027 0.062156332159072403 -0.014250761182081427 0.0020264889688195666 0.0033533291493722688 -0.013155629071196301 0.026531785705172957 0.0043735616626325042 0.015972155797603135 -0.018589386563610196 -0.039055366634631217 -0.033249884653791681 0.004420458316598601 0.00633828341339609 0.042372962202453589 0.035612151518469734 -0.012936381646808826 0.0040902049553797511 0.017917530926594274 -0.031860074768600102 0.035961717740552061 -0.036989232375207418 -0.0496520046061266
leaf_weight=11.10428464412689 14.870402432978151 45.135057285428047 11.8227855283767 566.03648721985519 7.8556505180895391 15.852633383125065 17.903929501771927 164.35646723210812 10.193475229665635 113.60909877717495 7042.7805352061987 346.5264870673418 191.69881239533424 21.240410212427378 111.20729108899832 113.35508091747761 484.14531196467578 19.428087934851646 29.229937255382538 108.76812704466283 30.491693891584873 13.933479454368351 9.2814727723598462 256.45619155466557 139.46628800034523 93.623335711658001 15.437714148312805 8.6918559148907644 36.481991175562143 9.5573473051190359
leaf_count=156 111 299 201 6598 120 176 196 1031 203 1697 36945 3980 1031 225 562 514 8374 117 143 1496 558 151 73 2910 864 684 143 121 251 118
internal_value=-8.80707e-05 0.00110496 -0.00447322 -0.00108033 -0.00993613 0.0123761 0.0346546 0.00129177 -0.0118785 -0.00210336 0.00173933 0.00604621 0.001884 -0.0050587 -0.00670424 0.00224831 -0.0161919 -0.00822032 -0.00639542 -0.00509802 -0.0171018 0.00758787 -0.00587451 -0.00635302 -0.00378528 0.00646597 -0.011015 0.00820619 -0.0273256 -0.0263465
internal_weight=10060.5 7908.01 2152.53 1328.48 824.054 65.7418 33.7566 7856.66 758.312 232.571 7504.18 475.463 7459.04 853.015 302.906 7156.14 525.741 352.481 333.053 222.377 514.637 454.083 831.774 822.493 303.823 440.15 31.9852 16.5475 51.3524 21.3801
internal_count=70048 41868 28180 14940 13240 756 372 41506 12484 3396 39351 5134 39052 9806 1593 37459 9088 2155 2038 3193 8932 4815 9581 9508 1895 4664 384 241 362 319
is_linear=0
shrinkage=0.05


Tree=77
num_leaves=31
num_cat=0
split_feature=7 0 7 6 1 2 20 9 31 6 4 0 4 9 13 18 2 1 6 4 27 4 2 2 15 9 7 14 9 9
split_gain=15.514 19.0925 10.9679 10.0414 16.5234 10.7603 10.9114 10.9068 10.7593 13.9364 9.84418 9.81815 9.26886 8.81846 8.71229 8.1878 8.16419 7.91627 7.68271 7.66635 7.42638 7.25276 8.6488 6.67252 6.36817 6.31815 6.22835 5.82413 5.4736 5.2226
threshold=44.050000000000004 44.050000000000004 66.850000000000009 59.45000000000001 54.350000000000001 46.250000000000007 1.0000000180025095e-35 55.050000000000004 -7.4999999999999991 45.050000000000004 64.950000000000017 49.550000000000004 44.95000000000001 42.250000000000007 63.050000000000004 11.500000000000002 64.350000000000009 49.95000000000001 88.100000000000009 62.650000000000013 6.5000000000000009 85.65000000000002 58.750000000000007 41.750000000000007 50.750000000000007 48.95000000000001 59.250000000000007 73.050000000000011 50.050000000000004 49.95000000000001
decision_type=2 2 2 2 2 2 2 2 8 2 2 2 2 2 2 2 2 2 2 2 2 2 2 2 2 2 2 2 2 2
left_child=1 15 3 8 11 6 -6 -7 9 28 19 14 26 -13 -5 17 -14 -1 21 23 29 24 -23 -3 -12 -11 -10 -25 -2 -4
right_child=2 10 20 4 5 7 -8 -9 12 25 18 13 16 -15 -16 -17 -18 -19 -20 -21 -22 22 -24 27 -26 -27 -28 -29 -30 -31
leaf_value=-0.021189457597382833 0.0019859317857984882 -0.044142888079796855 0.019167446873302057 -0.0082437453965954182 0.042842955710933578 0.0022937032571205907 0.0087090404893958428 -0.014211006890532228 -0.012629486000624246 0.044132719505025245 0.0093257775101243095 -0.028332112584184943 0.0027800041606776279 -0.00058453870141566178 0.0081758370818859564 -0.024219556063937761 0.033443296006696058 0.028794762780716295 -0.033157190390176471 -0.031240291241876703 0.028954406820536183 -0.0078851205096537366 0.016156906173280552 -0.0042105780333059253 -0.00092949054001887276 0.016818833068281303 0.024513749630077131 -0.027132638269684619 -0.038660291720836251 -0.0016573249322051967
leaf_weight=15.728969011455776 21.526432879269123 11.222792834043501 49.122876942157745 997.76787525974214 29.020286163315177 2227.5718580149114 123.37984745204449 104.64529989659786 140.59877474233508 26.246434524655342 323.42689628899097 28.973672937601805 2188.1129258070141 1952.3048638682812 87.522451611235738 154.41854018159211 21.859799459576607 15.698992075398563 16.361963909119368 31.79942093975842 52.26126754283905 283.5087412185967 42.887476891279221 575.35319908335805 282.93730005808175 117.63283794187009 12.095966152846811 29.131565257906914 13.140465188771485 76.505587037652731
leaf_count=179 167 145 246 9283 172 11571 675 644 1268 190 2641 251 14081 13519 645 2335 103 146 122 295 267 1677 222 5422 2087 838 90 277 104 386
internal_value=-8.48844e-05 -0.00431614 0.000826506 0.000555813 -0.000635111 0.00239427 0.0152655 0.00155042 0.00315923 0.0149958 -0.00254646 -0.00309122 0.00226204 -0.000994245 -0.00691436 -0.0194833 0.00308707 0.00363236 0.0006916 -0.00729993 0.0131053 0.00129421 -0.00470678 -0.0060505 0.00453293 0.0218633 -0.00964028 -0.00532782 -0.0133441 0.00645452
internal_weight=10052.8 1782.48 8270.29 8092.4 5551.19 2484.62 152.4 2332.22 2541.21 178.546 1596.63 3066.57 2362.67 1981.28 1085.29 185.847 2209.97 31.428 949.122 647.507 177.89 932.76 326.396 615.708 606.364 143.879 152.695 604.485 34.6669 125.628
internal_count=70048 15548 54500 53601 36760 13062 847 12215 16841 1299 12888 23698 15542 13770 9928 2660 14184 325 6749 6139 899 6627 1899 5844 4728 1028 1358 5699 271 632
is_linear=0
shrinkage=0.05


Tree=78
num_leaves=31
num_cat=0
split_feature=3 1 13 3 6 18 1 4 0 1 11 3 6 32 5 32 5 27 20 16 0 18 15 15 1 26 3 0 0 17
split_gain=18.4676 14.5137 17.1435 12.6541 11.5651 14.0993 10.9267 10.5963 9.27319 15.3155 9.10502 8.55849 9.07327 8.23329 11.7273 11.1021 7.817 7.2162 10.712 7.15446 7.01667 6.16825 5.88507 5.8255 5.32998 5.26829 9.11767 6.22941 7.03836 5.78682
threshold=50.95000000000001 57.550000000000004 48.250000000000007 66.500000000000014 59.45000000000001 14.500000000000002 38.550000000000004 46.250000000000007 50.850000000000001 58.350000000000001 49.650000000000013 63.45000000000001 83.550000000000011 70.750000000000014 53.550000000000004 62.350000000000001 56.95000000000001 4.5000000000000009 1.0000000180025095e-35 54.350000000000001 57.850000000000001 10.500000000000002 44.750000000000007 40.750000000000007 51.050000000000004 1.0000000180025095e-35 41.95000000000001 57.95000000000001 60.850000000000001 1950.0000000000002
decision_type=2 2 2 2 2 2 2 2 2 2 2 2 2 8 2 10 2 2 2 2 2 2 2 2 2 2 2 2 2 2
left_child=1 6 -3 4 7 8 -1 16 9 -6 21 12 -7 15 -15 -9 23 19 -19 -12 -10 -8 -13 -2 -23 27 -27 29 -29 -4
right_child=3 2 25 -5 5 11 10 13 20 -11 17 22 -14 14 -16 -17 -18 18 -20 -21 -22 24 -24 -25 -26 26 -28 28 -30 -31
leaf_value=-0.027172369659359666 -0.050769106936917878 -0.016281733059302708 0.0025600406428571611 0.044415231965079849 -0.0036679008556372052 -0.0022894738073774871 0.01859152055618267 0.0044620516510041732 0.0095081901709302419 0.027329834398610076 -0.0055406898524029231 0.041350568356584662 -0.015748149475836772 0.012199045198260575 -0.0070710868253825894 0.014776883062172192 0.011300108335116084 -0.0034596875883478799 0.0033732532911936192 0.014866526264672959 0 -0.033328094994765807 0.0064860637672390477 -0.011022612848603227 -0.01170111479319464 -0.030226328162423145 0.0062538939926290232 0.02693492617609268 0.0035300306691774344 0.015565537621312226
leaf_weight=47.336115090176463 10.358847761526702 90.857970383018255 362.83320888876915 17.530359400436282 513.98078771866858 1615.6227902304381 12.317796017974613 594.26458141952753 692.15792302042246 43.081419877707958 1712.7808406054974 15.806744590401648 135.87229994870722 125.19515841454268 213.35303147882223 467.76482334733009 38.02711883559823 1481.7648788187653 935.2408696077764 43.83257158473134 269.88595993816853 40.660300707444549 53.020607896149158 86.41574477031827 99.727618474513292 25.031134720891714 53.30948119983077 82.823507681488991 53.358701165765524 112.40761897340417
leaf_count=805 96 530 1866 102 3674 11584 81 5349 3958 211 13005 119 1207 570 910 2395 226 10442 6935 372 1427 524 357 866 779 142 298 402 262 554
internal_value=-8.1528e-05 -0.00217051 0.00410653 0.00211828 0.00196424 0.000311264 -0.00329207 0.00555594 0.00386889 -0.00125719 -0.003029 -0.00265497 -0.00333723 0.00684655 4.17436e-05 0.00901083 -0.00781143 -0.00258859 -0.000813637 -0.00502781 0.00684212 -0.0150236 0.0146139 -0.0153767 -0.0180198 0.00680136 -0.00536208 0.00836864 0.0178105 0.00564935
internal_weight=10046.6 5154.28 780.622 4892.34 4874.81 3339.43 4373.66 1535.38 1519.11 557.062 4326.32 1820.32 1751.5 1400.58 338.548 1062.03 134.802 4173.62 2417.01 1756.61 962.044 152.706 68.8274 96.7746 140.388 689.764 78.3406 611.423 136.182 475.241
internal_count=70048 36997 4054 33051 32949 22537 32943 10412 9270 3885 32138 13267 12791 9224 1480 7744 1188 30754 17377 13377 5385 1384 476 962 1303 3524 440 3084 664 2420
is_linear=0
shrinkage=0.05


Tree=79
num_leaves=31
num_cat=0
split_feature=33 9 8 3 9 33 18 6 5 13 4 0 33 9 4 30 13 1 13 1 31 6 30 18 0 5 30 13 31 0
split_gain=17.7594 15.6353 12.2027 11.2866 11.9766 11.754 10.816 10.4831 10.2349 10.0476 10.0263 9.66234 9.42218 9.33255 9.1441 12.0657 9.09354 8.70417 10.26 7.97519 8.12281 6.8334 6.79381 8.13929 7.29132 6.45546 6.44983 6.35375 5.83194 8.56719
threshold=43.750000000000007 41.95000000000001 50.350000000000001 50.850000000000001 59.050000000000004 81.450000000000017 15.500000000000002 68.950000000000017 38.350000000000001 73.350000000000009 84.450000000000017 56.650000000000013 44.45000000000001 42.750000000000007 59.550000000000004 477.00000000000006 48.150000000000013 57.550000000000004 48.250000000000007 54.650000000000013 -4.4999999999999991 73.050000000000011 479.00000000000006 10.500000000000002 62.150000000000013 41.550000000000004 543.00000000000011 56.95000000000001 2.5000000000000004 55.45000000000001
decision_type=8 2 2 2 2 10 2 2 2 2 2 2 8 2 2 2 2 2 2 2 10 2 2 2 2 2 2 2 8 2
left_child=2 -2 6 5 9 17 8 -8 19 12 13 25 -5 -4 21 -16 -13 26 -19 20 -1 -10 24 -24 -15 -6 -3 -7 29 -12
right_child=1 3 10 4 11 27 7 -9 14 -11 28 16 -14 22 15 -17 -18 18 -20 -21 -22 -23 23 -25 -26 -27 -28 -29 -30 -31
leaf_value=0.00055716116440191084 -0.02529242630566449 -0.0019540804987020362 0.026753443310221278 0.025613716124938787 0.012179611308979326 0.0062860224727733054 -0.0011717287880103067 -0.017264313156489772 0.016627224338610452 0.033365097254910152 0.032724611971718387 0.039238764038778642 0.0030142294248192113 -0.019370786395988288 -0.0099212825089058463 0.01210667442229995 -0.0053449943495132417 -0.012842157157535944 0.0060732554276124867 0.034518676670823346 -0.033196444481629138 -0.003239019160279067 0.019184570690574217 -0.010490922671917554 0.033235921636414027 -0.020507806131127168 -0.022328788307358495 0.034289745811347284 -0.017035655220365837 -0.0027546485729119628
leaf_weight=30.626441510394216 56.662233762443066 3405.7716595046222 14.378123041242359 46.651293121278286 17.020513333380222 51.068224385380745 259.82930555567145 166.45111938379705 198.91622831299901 27.908969111740589 29.400530651211739 16.660043343901634 3826.4124980643392 322.75551260821521 154.18620984815061 103.95548132434487 35.511605270206928 80.732692115008831 625.60669741034508 7.6052305083721867 41.593346878886223 54.770781444385648 26.314436649903655 179.97604496590793 6.5675205551087847 119.47000724077225 39.245558835566044 34.154496893286705 22.222451463341713 39.625664360821247
leaf_count=487 425 19782 166 427 109 225 4121 3021 2298 144 340 100 20135 5064 1984 1207 211 431 3048 98 780 717 271 2597 75 722 232 152 239 440
internal_value=-7.80611e-05 0.000856901 -0.00480468 0.00103576 0.00290965 -0.000771985 -0.00139536 -0.00746976 0.00297325 0.0035057 -0.0102079 -0.00938375 0.00328839 -0.0127569 0.00557775 -0.00102985 0.00884417 -0.00115065 0.00390269 -0.01365 -0.0188323 0.0123188 -0.0138316 -0.00667383 -0.0182967 -0.0163891 -0.00218828 0.0175946 0.00509789 0.0123103
internal_weight=10042.1 8382.88 1659.17 8326.21 4089.63 4236.58 1017.93 426.28 591.654 3900.97 641.24 188.662 3873.06 549.992 511.829 258.142 52.1716 4151.36 706.339 79.825 72.2198 253.687 535.614 206.29 329.323 136.491 3445.02 85.2227 91.2486 69.0262
internal_count=70048 46143 23905 45718 21848 23870 14713 7142 7571 20706 9192 1142 20562 8173 6206 3191 311 23493 3479 1365 1267 3015 8007 2868 5139 831 20014 377 1019 780
is_linear=0
shrinkage=0.05


Tree=80
num_leaves=30
num_cat=0
split_feature=33 3 33 9 11 7 7 4 4 4 3 6 32 33 7 8 5 7 1 7 13 3 9 31 32 1 31 33 7
split_gain=22.1119 15.9934 12.1118 12.333 11.3722 10.8216 9.7517 9.49547 9.22688 18.3657 16.9516 12.2488 12.0907 11.0161 9.42805 8.8326 8.23851 8.23207 7.51703 12.1131 12.5591 7.33549 7.13489 7.76037 6.47195 5.76328 5.74169 4.2569 3.76839
threshold=56.650000000000013 65.950000000000017 28.450000000000003 42.750000000000007 49.750000000000007 72.950000000000017 66.350000000000009 20.050000000000004 71.65000000000002 79.15000000000002 53.650000000000013 77.350000000000009 66.850000000000009 71.65000000000002 52.350000000000001 25.550000000000004 38.95000000000001 57.95000000000001 49.650000000000013 55.250000000000007 52.650000000000013 58.550000000000004 51.850000000000001 -12.499999999999998 64.250000000000014 49.750000000000007 -4.4999999999999991 55.250000000000007 49.850000000000001
decision_type=8 2 10 2 2 2 2 2 2 2 2 2 10 8 2 2 2 2 2 2 2 2 2 8 10 2 10 10 2
left_child=1 2 3 -1 15 8 7 -6 18 10 14 13 -12 -11 -10 -4 28 -18 19 21 -21 -2 23 -20 -13 -8 -24 -17 -5
right_child=5 -3 4 16 6 -7 25 -9 9 11 12 24 -14 -15 -16 27 17 -19 22 20 -22 -23 26 -25 -26 -27 -28 -29 -30
leaf_value=0.061017478470124946 -0.012698162540691296 0.059343454104749144 0.020641013518086317 -0.037869731648781907 -0.034967082288042114 0.029371945772618559 0.042709817777831179 -0.0013052556506108141 0.011606243237380638 -0.0019830068576408076 0.040464218973009072 0.021083383895320773 0.014639847830832227 0.0058130760767848861 -0.0047008547488775329 -0.018728928047700145 -0.011892902649150156 0.022608388963114442 -0.027067364956038266 -0.0096827749355103739 0.03061138203103235 0.0078184455641065898 0.0096142488846176835 0.0020686476398823254 0.0064265694887619997 0.008748922813581618 -0.022420122439093259 0.0075697938537753716 -0.010826959397534102
leaf_weight=5.5452245175838462 310.32423678040504 10.367432286962865 17.404418284073472 43.236626563593745 20.981324041262269 36.784805700182915 17.512140367180109 3742.705454165116 252.83358573913574 1372.8178706094623 70.844126179814339 101.25040772557259 128.8610452413559 676.02963473647833 135.85883996635675 172.03402266465127 221.78210987895727 18.567824630066752 22.986473955214024 35.714285954833031 41.630013756453991 50.295099034905434 18.537891447544098 2085.7469409406185 301.14962290227413 45.184208326041698 54.103561699390411 16.55911972373724 19.310867562890053
leaf_count=87 1764 76 175 1298 269 162 118 33722 1205 6371 346 521 556 3023 618 1799 4820 254 112 175 192 261 99 9809 1318 260 301 105 464
internal_value=0.000315316 -0.0023678 -0.0025177 -0.0120684 -0.00178564 0.00236592 -0.00116793 -0.00149516 0.00218898 0.00406312 0.0119969 0.00215624 0.0238416 0.000587076 0.00589385 -0.013229 -0.0134426 -0.00919848 1.21235e-05 -0.005963 0.0119522 -0.0098215 0.00121428 0.00174741 0.0101312 0.0183673 -0.0141743 -0.0163905 -0.029631
internal_weight=10047 4351.19 4340.82 308.443 4032.38 5695.77 3826.38 3763.69 5658.98 3039.65 588.398 2451.25 199.705 2048.85 388.692 205.998 302.897 240.35 2619.34 437.964 77.3443 360.619 2181.37 2108.73 402.4 62.6963 72.6415 188.593 62.5475
internal_count=70280 43447 43371 6923 36448 26833 34369 33991 26671 13958 2725 11233 902 9394 1823 2079 6836 5074 12713 2392 367 2025 10321 9921 1839 378 400 1904 1762
is_linear=0
shrinkage=0.05


Tree=81
num_leaves=31
num_cat=0
split_feature=33 28 3 2 7 1 4 0 33 9 7 4 4 3 15 6 14 0 32 33 7 14 5 2 3 13 32 14 13 15
split_gain=19.9782 16.1258 14.531 13.6478 21.9198 12.2426 11.271 10.9707 10.7156 10.5415 9.80846 8.31928 16.4964 15.1669 12.2643 11.0191 10.767 10.7412 10.5547 9.94355 6.85319 9.53601 8.83753 6.16951 5.783 5.74929 3.91455 4.18981 7.87297 3.95254
threshold=56.650000000000013 6.5000000000000009 65.950000000000017 53.250000000000007 54.45000000000001 50.150000000000013 66.850000000000009 54.150000000000013 41.250000000000007 51.050000000000004 72.950000000000017 71.65000000000002 79.15000000000002 53.650000000000013 65.450000000000017 77.350000000000009 41.750000000000007 47.45000000000001 66.850000000000009 71.65000000000002 47.050000000000004 50.95000000000001 54.150000000000013 60.750000000000007 59.250000000000007 53.650000000000013 37.350000000000001 46.250000000000007 45.750000000000007 55.250000000000007
decision_type=8 2 2 2 2 2 2 2 10 2 2 2 2 2 2 2 2 2 10 8 2 2 2 2 2 2 10 2 2 2
left_child=1 2 3 4 8 9 -7 -6 -1 -5 11 14 13 16 20 19 -13 -16 -15 -14 22 -22 -2 -17 -19 26 -3 28 -28 -29
right_child=10 25 -4 5 7 6 -8 -9 -10 -11 -12 12 15 18 17 23 -18 24 -20 -21 21 -23 -24 -25 -26 -27 27 29 -30 -31
leaf_value=-0.010871614322382948 -0.00027385485499662057 -0.052138539149890056 0.05671285608863931 0.012383817835091142 0.0078655038521149839 0.0051183311670056899 -0.0060158086698664107 -0.011020288586584357 -0.0035832811590287383 -0.0074106903929869851 0.028000494065706406 -0.00653868340091464 -0.0018848841565911577 0.037933719282683825 -0.01228368642448768 0.011821005322814998 0.011281755759773592 0.010796522552822749 0.013900375990312948 0.0055226439712830399 0.002002601661970561 -0.010675264651086128 -0.011199512158090634 -0.0075894755971851642 0.034728971777705599 0.0088892334556358952 0.014065138720933568 -0.0010006314250841674 -0.037771739876836533 -0.031341283163368309
leaf_weight=769.79484794475138 415.7215173766017 10.685304727405308 10.511533573269842 378.73890377022326 482.97087306901813 405.70216749235988 516.14694747515023 91.170476052910089 1472.1132978796959 81.373394941911101 36.66516700387001 124.08826185762882 1372.093688800931 71.773280084133148 47.671366304159164 357.52454612404108 265.24019137769938 228.40128461271524 128.9337409734726 676.00829438865185 1397.1078864037991 165.79020907729864 334.93411587178707 45.835280194878578 28.614342421293259 15.674514712765811 8.4685166291892511 37.616917768493295 46.892288936302066 15.13330005481839
leaf_count=13567 2319 224 74 3562 4050 3182 3725 728 12203 675 162 592 6371 346 247 1638 1231 1051 556 3023 6549 791 1630 201 126 186 108 454 547 162
internal_value=0.000299151 -0.00225471 -0.00170856 -0.00185738 -0.00385512 0.0022098 -0.00111027 0.00485644 -0.00608845 0.00887134 0.00224713 0.00207891 0.00385746 0.0113644 1.08717e-05 0.00204822 0.0055889 0.00944079 0.0225343 0.000557796 -0.00122921 0.000653954 -0.00515626 0.00960159 0.0134929 -0.0192965 -0.0230618 -0.0200962 -0.0297411 -0.00984238
internal_weight=10039.4 4342.99 4208.52 4198.01 2816.05 1381.96 921.849 574.141 2241.91 460.112 5696.4 5659.74 3041.5 590.035 2618.24 2451.46 389.328 304.687 200.707 2048.1 2313.55 1562.9 750.656 403.36 257.016 134.471 118.796 108.111 55.3608 52.7502
internal_count=70280 43447 41766 41692 30548 11144 6907 4778 25770 4237 26833 26671 13958 2725 12713 11233 1823 1424 902 9394 11289 7340 3949 1839 1177 1681 1495 1271 655 616
is_linear=0
shrinkage=0.05


Tree=82
num_leaves=31
num_cat=0
split_feature=33 33 27 0 1 1 16 7 5 7 30 15 18 1 7 8 33 0 33 1 18 4 15 12 29 8 33 31 4 30
split_gain=18.0579 10.9323 8.94937 16.256 14.921 10.6716 11.1323 8.89184 8.88678 8.5058 8.43241 9.56983 9.37362 7.95693 11.1428 10.7988 10.3027 12.8452 8.01823 7.85661 7.82787 14.0728 7.78102 7.46803 12.4218 14.0621 8.11684 10.319 7.21282 7.08169
threshold=56.650000000000013 28.450000000000003 6.5000000000000009 49.95000000000001 40.550000000000004 48.250000000000007 53.550000000000004 72.950000000000017 38.95000000000001 58.650000000000013 441.00000000000006 53.550000000000004 16.500000000000004 49.650000000000013 53.95000000000001 29.650000000000002 74.450000000000017 44.850000000000001 58.850000000000001 47.750000000000007 13.500000000000002 89.450000000000017 62.650000000000013 90.350000000000009 56.750000000000007 18.750000000000004 24.850000000000005 -7.4999999999999991 44.95000000000001 469.00000000000006
decision_type=8 10 2 2 2 2 2 2 2 2 2 2 2 2 2 2 8 2 8 2 2 2 2 2 2 2 10 10 2 2
left_child=1 8 10 4 -4 28 -7 13 -1 -6 11 -3 -13 14 -2 29 -17 -18 -16 -20 21 -12 -22 26 -25 -26 27 -10 -5 -15
right_child=7 2 3 5 9 6 -8 -9 23 -11 20 12 -14 15 18 16 17 -19 19 -21 22 -23 -24 24 25 -27 -28 -29 -30 -31
leaf_value=-0.028317979487632722 -0.005502313516226251 -0.014122150962141897 0.047780600661593065 -0.0070575360721294349 -0.011243684192666994 0.004175085440150216 -0.038020057696309416 0.026697463556594414 0.030565911941841401 0.017419565815514668 2.4570579189898675e-05 0.0057958019084843812 -0.028637100901609699 0.0030523076014058897 0.035056236049561297 0.000878238197005516 -0.014618251370339114 0.0087674443931554796 0.016193127905121125 -0.005832444569350872 -0.005103149225728465 0.022010826183616803 0.0059910097847687182 -0.0083297518926334409 0.094468549380776812 0.011121039818316124 -0.026112565102144727 -0.011294574260472834 0.021817715447307248 0.016639303871463881
leaf_weight=61.276525504887104 666.32690725103021 314.92893840745091 11.931359115988014 25.242177989333868 308.68438294157386 656.1005187779665 15.894811764359472 36.540073350071907 17.873703975230455 28.033480182290077 730.98467007465661 137.94073642604053 22.95840679295361 171.37649369239807 24.309514835476875 3567.9650284945965 63.233918584883213 783.8637156561017 74.617013104259968 87.876605704426765 1379.4602009393275 80.78521042317152 178.01486428640783 50.311257045716047 6.9754519313573864 18.515115987509489 68.394853286445141 80.667322369292378 139.75916536711156 220.83694599568844
leaf_count=1776 3551 3412 165 249 3343 5144 119 162 405 216 5358 1249 254 814 126 16504 318 3552 361 402 13781 455 1502 1044 121 372 1379 1836 1267 1043
internal_value=0.000283492 -0.00214787 -0.00145669 0.00219034 -0.00687295 0.00597198 0.00316409 0.00213436 -0.0112917 -0.00883801 -0.00297833 -0.00905422 0.000836842 0.00197445 -0.00247225 0.00276466 0.00205681 0.00701433 0.00830638 0.00425468 -0.00175563 0.00222119 -0.00383161 -0.00696314 0.00600136 0.0344044 -0.01288 -0.0036278 0.0173684 0.0107175
internal_weight=10031.7 4334.73 4030.72 1185.65 348.649 836.997 671.995 5696.95 304.014 336.718 2845.07 475.828 160.899 5660.41 853.13 4807.28 4415.06 847.098 186.803 162.494 2369.24 811.77 1557.48 242.738 75.8018 25.4906 166.936 98.541 165.001 392.213
internal_count=70280 43447 36514 10503 3724 6779 5263 26833 6933 3559 26011 4915 1503 26671 4440 22231 20374 3870 889 763 21096 5813 15283 5157 1537 493 3620 2241 1516 1857
is_linear=0
shrinkage=0.05


Tree=83
num_leaves=24
num_cat=0
split_feature=3 33 9 7 6 7 3 14 12 9 2 6 9 7 30 12 15 7 0 33 0 2 15
split_gain=16.9489 17.0577 12.5802 11.3524 9.76889 12.5132 10.6501 13.4672 9.5199 9.27734 8.42635 10.413 9.34145 8.34516 8.09258 7.85432 7.58768 6.76907 6.70873 6.43397 5.52126 2.27936 2.68954
threshold=66.500000000000014 48.250000000000007 41.95000000000001 42.95000000000001 54.350000000000001 58.650000000000013 63.45000000000001 45.100000000000009 90.050000000000011 55.050000000000004 48.750000000000007 86.850000000000009 51.850000000000001 72.950000000000017 431.00000000000006 88.450000000000017 59.050000000000004 49.150000000000013 46.45000000000001 28.050000000000004 53.750000000000007 53.850000000000001 50.250000000000007
decision_type=2 8 2 2 2 2 2 2 2 2 2 2 2 2 2 2 2 2 2 10 2 2 2
left_child=1 3 21 9 5 8 14 -8 -5 15 11 17 13 -12 -6 19 -14 -4 -17 -1 -7 22 -3
right_child=-2 2 10 4 6 20 7 -9 -10 -11 12 -13 16 -15 -16 18 -18 -19 -20 -21 -22 -23 -24
leaf_value=-0.034874855164893859 0.047447622837668339 -0.030246907609012514 -0.0047953931355795374 -0.002111875258442115 -0.016195971989354505 0.034431188346183465 0.069620305859465034 -0.00037068958299966092 0.016127050025053279 0.029516786510110665 0.0025774670235911585 -0.037147635433599883 -0.002444711474787936 0.025604520523517811 -0.0034892912057172981 -0.027716295380136688 -0.022950212633175496 0.0021030395688533422 0.004281942785887647 -0.013861610654174331 -0.0019850282402582306 -0.038425588155902538 0.00029957061129906826
leaf_weight=43.989601762965322 18.901127986609936 14.393872864544393 727.90846405178308 401.9480244088918 139.18017639964819 43.744646470993757 10.841333618387582 18.102442903444171 86.88165095448494 13.302385669201611 5805.9763430505991 20.613091669976711 226.83581237494946 39.567926660180092 1279.7631797268987 19.865776691585779 56.465931668877602 693.94204428792 90.685726385563612 225.71960152685642 13.300948940217493 18.367690779268742 13.692361705005167
leaf_count=1261 107 104 4380 4554 2199 358 105 200 996 149 29320 123 1372 179 15494 457 327 3631 1321 3321 96 125 101
internal_value=0.000268613 0.000178512 0.00133474 -0.00350871 -0.00197351 0.00372124 -0.00412407 0.0258228 0.00112221 -0.0112708 0.00149467 -0.00194163 0.00230426 0.00273463 -0.00474023 -0.0127181 -0.00655604 -0.00142515 -0.00144271 -0.0173191 0.0258641 -0.0245714 -0.0152295
internal_weight=10024 10005.1 7617.76 2387.33 1993.76 545.875 1447.89 28.9438 488.83 393.563 7571.31 1442.46 6128.85 5845.54 1418.94 380.261 283.302 1421.85 110.552 269.709 57.0456 46.4539 28.0862
internal_count=70280 70173 39662 30511 24002 6004 17998 305 5550 6509 39332 8134 31198 29499 17693 6360 1699 8011 1778 4582 454 330 205
is_linear=0
shrinkage=0.05


Tree=84
num_leaves=30
num_cat=0
split_feature=28 3 4 7 27 33 17 8 5 20 13 5 13 3 3 15 31 27 15 0 2 33 0 30 7 9 3 8 0
split_gain=17.0602 15.3882 13.2708 23.1502 15.0022 16.3425 12.1867 11.3992 12.4298 9.77655 8.40262 7.79259 7.6929 7.31369 6.71582 5.97554 5.66623 5.59657 4.90121 4.94204 9.09616 4.13937 4.12691 4.66184 3.64143 3.04307 3.02964 2.85899 2.33026
threshold=6.5000000000000009 66.500000000000014 42.750000000000007 58.750000000000007 6.5000000000000009 43.750000000000007 2350.0000000000005 39.95000000000001 43.050000000000004 1.0000000180025095e-35 40.150000000000013 43.050000000000004 76.750000000000014 50.150000000000013 48.750000000000007 49.45000000000001 1.5000000000000002 2.5000000000000004 36.850000000000001 55.150000000000013 53.550000000000004 41.550000000000004 46.850000000000001 471.00000000000006 46.550000000000004 51.050000000000004 42.95000000000001 34.250000000000007 49.95000000000001
decision_type=2 2 2 2 2 8 2 2 2 2 2 2 2 2 2 2 10 2 2 2 2 10 2 2 2 2 2 2 2
left_child=1 2 3 11 5 13 18 8 -6 16 -9 15 -7 -4 -13 -1 -5 -8 -2 20 27 -22 -19 -24 -25 26 -21 -20 -11
right_child=6 -3 4 9 7 12 17 10 -10 28 -12 14 -14 -15 -16 -17 -18 22 19 25 21 -23 23 24 -26 -27 -28 -29 -30
leaf_value=-0.030732626614467934 0.013382929069207928 0.046056494058945296 -0.011782541098091411 -0.018009467975977581 0.027715992737823755 0.00065502385094380307 0.023854707727998466 -0.032662798959563581 0.0073118602870256748 0.057348544135644178 0.0028340996819724864 -0.012008627587763217 0.028673432428599179 -0.0026688028198372207 -0.0010951048831676624 -0.0099131168589305096 0.022018051006595298 -0.023250082322439927 -0.0090137696469988031 -0.051580550228279835 -0.01777030403658502 0.011295539585356944 -0.020642038800624166 0.028812389198243801 0 -0.056347536731239913 -0.022351145917873204 -0.04815689137959904 0.028368148851617165
leaf_weight=60.481250060722232 9.408426132053135 18.483237911015749 377.69456916116178 15.405796973034738 89.513245202600956 5387.9148365855217 20.670944903045893 16.687735507264733 456.92971177399158 15.410994648933412 2056.1851736512035 244.54436511546373 24.520737711340189 532.16111873276532 335.35196705907583 82.663623349741101 20.320466902107 22.856802297756076 6.6767486948519972 11.336381454020737 21.958819391205907 27.350375909358263 17.853119939565659 15.805740579962729 34.958764851093292 11.867562863975762 49.208626613020897 19.094215959310532 15.081538200378416
leaf_count=1059 81 102 5781 110 962 29306 129 126 2993 116 13296 2304 126 7278 2869 1183 143 165 113 116 354 207 105 96 198 106 475 286 95
internal_value=0.00025439 0.000597694 0.000510361 -0.00570322 0.00105944 -0.000258073 -0.0121628 0.00424134 0.0106679 0.0225513 0.00254436 -0.00830054 0.000783411 -0.00645842 -0.00570727 -0.0187599 0.00461582 0.000381752 -0.0211555 -0.0234001 -0.0142636 -0.0015569 -0.00488821 0.00118038 0.00897879 -0.0327714 -0.0279825 -0.038283 0.0433179
internal_weight=10018.4 9749.35 9730.87 789.26 8941.61 6322.29 269.047 2619.32 546.443 66.2188 2072.87 723.041 5412.44 909.856 579.896 143.145 35.7263 112.145 156.901 147.493 75.0802 49.3092 91.4744 68.6176 50.7645 72.4126 60.545 25.771 30.4925
internal_count=70280 67849 67747 7879 59868 42491 2431 17377 3955 464 13422 7415 29432 13059 5173 2242 253 693 1738 1657 960 561 564 399 294 697 591 399 211
is_linear=0
shrinkage=0.05


Tree=85
num_leaves=31
num_cat=0
split_feature=28 7 18 30 4 29 4 28 6 4 7 29 12 9 7 17 4 13 27 6 15 0 15 30 30 0 6 15 5 0
split_gain=18.0906 16.0229 14.4717 13.9541 10.0261 8.93635 12.2015 11.9161 9.04868 8.53765 8.6676 7.84852 9.84796 9.24194 7.60867 9.07702 7.44213 7.33599 6.93998 6.58591 10.0653 9.66824 6.0237 5.8678 5.80737 5.79663 5.68851 5.63484 5.61519 5.33127
threshold=4.5000000000000009 39.45000000000001 8.5000000000000018 413.00000000000006 70.050000000000011 58.250000000000007 85.850000000000009 7.5000000000000009 69.050000000000011 20.050000000000004 66.850000000000009 54.250000000000007 89.450000000000017 50.95000000000001 52.550000000000004 1250.0000000000002 84.850000000000009 41.750000000000007 3.5000000000000004 59.45000000000001 59.050000000000004 56.150000000000013 49.250000000000007 399.00000000000006 487.00000000000006 48.550000000000004 60.350000000000001 54.350000000000001 58.750000000000007 52.95000000000001
decision_type=2 2 2 2 2 2 2 2 2 2 2 2 2 2 2 2 2 2 2 2 2 2 2 2 2 2 2 2 2 2
left_child=1 4 25 14 22 7 8 17 -7 -5 -11 26 13 -13 15 -4 -14 -2 -10 21 -21 -19 29 -16 -9 -3 -6 -8 -24 -1
right_child=5 2 3 9 11 6 27 24 18 10 -12 12 16 -15 23 -17 -18 19 -20 20 -22 -23 28 -25 -26 -27 -28 -29 -30 -31
leaf_value=-0.032781881769241066 -0.03428518981818595 -0.0050486474029863577 -0.002857888374085394 -0.026939280748375212 0.00879629839661299 -0.010932922365118863 0.045322127071899303 -0.012632588819375044 0.032003196686368029 0.00099234898889420838 0.013318576510023626 -0.01167237648132443 0.050687782867014121 0.034007417975102608 -0.025793892485993848 -0.031830827717204434 0.0044355387769559503 -0.0059914157933408704 0.0017863433460668533 -0.0042695827689546535 -0.015195748317055441 0.010873989175602014 -0.013960558125461786 0.0092366907182450646 -0.047998331154667499 0.018915340830769903 -0.034214543709919103 0.0096429104654798051 0.019715146976758812 -0.0014330342199269466
leaf_weight=73.689633870497346 21.313712958246469 29.764966936782002 44.4915452580899 26.867136623710394 10.91266589052975 107.00410717353225 22.716463826596737 23.673176905140281 26.388136383146048 7165.4466266222298 145.50153631716967 64.10544291138649 17.84385983273387 13.254835704341529 15.67419685050845 70.501041570678353 17.41807870939374 194.08145875111222 68.704838175326586 1115.1847604792565 260.65962416678667 150.84590226411819 83.291882716119289 49.166514560580254 23.829741103574634 153.84111018106341 24.407351596280932 22.459004499018192 14.337151348590849 17.04084625467658
leaf_count=944 244 205 484 349 103 627 102 276 144 47626 726 502 134 100 159 853 93 1707 379 9026 1777 1056 980 402 283 763 222 101 91 142
internal_value=-0.000397325 0.000668754 0.0011359 0.00079637 -0.0100111 -0.00460641 0.0042902 -0.00583864 -0.000941392 0.00113431 0.00123853 -0.000234171 0.00618308 -0.0037473 -0.0129578 -0.0206766 0.0280595 -0.00516044 0.0102488 -0.00479482 -0.00634418 0.0013708 -0.0176595 0.000664939 -0.0305423 0.0150026 -0.0207972 0.0277551 -0.00894889 -0.0269571
internal_weight=10074.4 8037.56 7701.25 7517.65 336.302 2036.86 247.273 1789.59 202.097 7337.82 7310.95 147.942 112.622 77.3603 179.833 114.993 35.2619 1742.09 95.093 1720.77 1375.84 344.927 188.36 64.8407 47.5029 183.606 35.32 45.1755 97.629 90.7305
internal_count=70600 54878 51567 50599 3311 15722 1353 14369 1150 48701 48352 1154 829 602 1898 1337 227 13810 523 13566 10803 2763 2157 561 559 968 325 203 1071 1086
is_linear=0
shrinkage=0.05


Tree=86
num_leaves=31
num_cat=0
split_feature=28 7 18 30 32 4 8 30 28 17 32 6 4 15 8 28 2 4 4 8 4 27 7 9 32 13 9 4 7 17
split_gain=16.3794 14.5667 13.0309 12.7124 9.61816 9.23275 8.80607 10.2791 10.2669 8.32408 17.8776 14.256 9.91576 9.84136 9.80955 9.30868 8.83898 8.65775 10.9551 8.14578 7.8061 7.78418 7.02431 8.72409 7.00546 7.70661 5.98138 5.75622 7.37858 7.76426
threshold=4.5000000000000009 39.45000000000001 8.5000000000000018 413.00000000000006 42.850000000000001 70.050000000000011 33.350000000000001 499.00000000000006 3.5000000000000004 2675.0000000000005 67.050000000000011 69.050000000000011 64.950000000000017 51.850000000000001 17.350000000000005 7.5000000000000009 53.150000000000013 77.350000000000009 61.650000000000013 55.550000000000004 89.950000000000017 2.5000000000000004 52.550000000000004 49.850000000000001 67.15000000000002 57.550000000000004 50.150000000000013 68.65000000000002 36.350000000000001 1550.0000000000002
decision_type=2 2 2 2 10 2 2 2 2 2 10 2 2 2 2 2 2 2 2 2 2 2 2 2 8 2 2 2 2 2
left_child=1 5 -3 22 20 27 7 -5 -8 14 11 19 -12 -14 17 16 -16 18 -6 -11 -2 -7 23 -4 25 -23 -26 28 -1 -30
right_child=4 2 3 6 9 21 8 -9 -10 10 12 -13 13 -15 15 -17 -18 -19 -20 -21 -22 24 -24 -25 26 -27 -28 -29 29 -31
leaf_value=-0.03124450267247483 -0.021017760055682559 0.014224902801168683 -0.0043928569854081488 0.0031311730246725098 0.0086830019315177337 -0.024784362552800032 0.001581150483194287 0.016744132575854807 -0.0030217094518999077 -0.035379292188957405 -0.0051213894193490898 0.0098955093828360652 0.046594591927910767 0.011819089712629556 -0.011882474160321566 -0.031258697444178828 -0.0028418347867073209 -0.015265213580320923 0.070296948604126483 -0.0028300920133145398 0.022777569854385268 -0.013969721282046236 0.00062326578856914598 -0.032411604543850135 0.0023299394758424592 0.023403179283094891 0.037793629265875983 -0.03935466481034923 -0.021121312860856948 0.0045788559898301577
leaf_weight=42.852518709376454 122.33511120453477 183.9363163728267 50.737363588064909 763.82958073914051 18.578957099467519 26.44530669413507 4784.8280832879245 169.80586592666805 1621.7853263095021 43.960782699286938 28.782109819352627 69.822701070457697 40.054736264050007 42.415715858340263 348.9693680871278 34.13008065149188 1211.3216734603047 12.998456539586185 11.96414379775524 34.760460712015629 10.90775580331683 55.029305040836334 64.818592555820942 62.657157734036446 24.454050987958908 18.241213386878371 23.67417448759079 25.058592202141881 53.14849366247654 64.996666233986616
leaf_count=577 1978 968 605 5977 186 226 31751 1169 9804 291 127 416 173 180 3271 376 8193 106 107 207 111 540 561 732 112 168 108 288 580 712
internal_value=-0.000378632 0.000634724 0.00107858 0.000756106 -0.00439059 -0.00958632 0.00107716 0.00561393 0.000415162 -0.00347505 0.00482883 -0.0064959 0.0199867 0.0288056 -0.00479539 -0.00543765 -0.00486767 0.0185674 0.0331318 -0.021092 -0.0173806 -0.000223632 -0.0124327 -0.0199338 0.00510148 -0.00457811 0.0199203 -0.0169951 -0.0134616 -0.00694836
internal_weight=10067.3 8036.3 7702.4 7518.46 2031 333.9 7340.25 933.635 6406.61 1897.76 259.797 148.544 111.253 82.4705 1637.96 1594.42 1560.29 43.5416 30.5431 78.7212 133.243 147.844 178.213 113.395 121.399 73.2705 48.1282 186.056 160.998 118.145
internal_count=70600 54878 51567 50599 15722 3311 48701 7146 41555 13633 1394 914 480 353 12239 11840 11464 399 293 498 2089 1154 1898 1337 928 708 220 2157 1869 1292
is_linear=0
shrinkage=0.05


Tree=87
num_leaves=31
num_cat=0
split_feature=28 18 33 9 16 1 4 30 30 11 27 17 30 31 2 33 12 18 31 7 30 12 4 12 12 1 1 28 27 6
split_gain=14.9803 13.0908 12.3449 15.3028 14.2734 10.8872 10.7323 10.4882 9.91419 9.71824 8.90733 6.11651 6.11552 5.56034 6.37581 5.3817 5.1578 4.98903 4.94036 4.63189 6.80023 4.60521 4.45614 4.07579 6.2104 3.93802 7.81174 6.96652 3.59437 3.44154
threshold=6.5000000000000009 9.5000000000000018 28.450000000000003 42.750000000000007 49.750000000000007 61.350000000000001 57.150000000000013 391.00000000000006 483.00000000000006 49.750000000000007 1.5000000000000002 2350.0000000000005 469.00000000000006 -7.4999999999999991 58.550000000000004 57.250000000000007 56.050000000000004 13.500000000000002 7.5000000000000009 48.45000000000001 479.00000000000006 59.45000000000001 49.350000000000001 55.550000000000004 52.600000000000001 48.250000000000007 45.850000000000001 4.5000000000000009 4.5000000000000009 67.050000000000011
decision_type=2 2 8 2 2 2 2 2 2 2 2 2 2 8 2 10 2 2 10 2 2 2 2 2 2 2 2 2 2 2
left_child=1 13 3 -3 6 7 -5 -4 -6 -9 17 22 15 16 25 -7 -1 -2 -14 20 -13 -21 28 24 -24 26 -15 -27 -12 -22
right_child=10 2 5 4 8 12 -8 9 -10 -11 11 19 18 14 -16 -17 -18 -19 -20 21 29 -23 23 -25 -26 27 -28 -29 -30 -31
leaf_value=0.046626123743395198 0.03893720139052162 0.075188493828707431 -0.034216738006624829 -0.0073341885889594838 -0.021983592989163941 -0.020633863514936693 0.097962336882500514 -0.008415682268714076 -0.00045833332786735501 -4.8425187072129981e-05 -0.02578804161575355 -0.019794316547222329 0.013058129621542139 -0.00065194888118821925 0.025034963555401264 0.0074535732157587327 0.011599896479584074 -0.0040858588500828439 0.038638601309134268 -0.0029331693609984388 0.00079986689455573698 -0.035202253677946764 -0.027991643534787343 -0.032469435607213597 0.0233872262747204 0.0048627505914779993 0.032739881122367705 -0.013340445892345957 0.010726163327896289 0.033407042608598767
leaf_weight=15.922996094450353 11.887910479679705 4.914488408714532 22.891424188390374 4.5309475623071176 170.02222090773284 21.837697919458151 4.8709329944103956 362.10560794733465 78.734456224367023 8312.6960499659181 11.331302441656591 18.356182577088475 105.58299770206213 36.347229409962893 39.309641219675541 76.222486779093742 32.506291376426816 14.934388499706982 23.353273645043373 25.188208479434252 15.778790280222891 20.172667294740677 15.905559539794924 81.364286167547107 9.1200768575072271 397.31343289092183 33.191182821989059 60.37572667747736 16.140408063307405 17.250532006844878
leaf_count=95 95 75 259 108 4278 156 107 2776 1661 54473 149 125 499 307 180 336 189 159 112 143 106 124 190 849 97 2060 222 341 225 104
internal_value=-0.000360893 -4.76526e-05 -0.000520905 -0.0111941 -0.0128864 -0.000205608 0.0471486 -0.000488336 -0.0151936 -0.000398363 -0.0122648 -0.0154477 0.010601 0.00701367 0.00560951 0.001133 0.0232915 0.0148705 0.0177564 -0.00579077 0.00440907 -0.0174396 -0.0223802 -0.0270212 -0.00905011 0.00414721 0.0152385 0.00244818 -0.00419247 0.0180303
internal_weight=10060.2 9802.73 9187.76 263.073 258.159 8924.69 9.40188 8697.69 248.757 8674.8 257.43 230.608 226.996 614.967 566.537 98.0602 48.4293 26.8223 128.936 96.7464 51.3855 45.3609 133.862 106.39 25.0256 527.228 69.5384 457.689 27.4717 33.0293
internal_count=70600 68234 64840 6229 6154 58611 215 57508 5939 57249 2366 2112 1103 3394 3110 492 284 254 611 602 335 267 1510 1136 287 2930 529 2401 374 210
is_linear=0
shrinkage=0.05


Tree=88
num_leaves=31
num_cat=0
split_feature=28 3 30 18 33 31 13 13 6 33 32 4 12 17 3 32 28 31 24 13 5 1 3 33 32 13 29 5 30 30
split_gain=14.2875 12.7683 12.2894 11.6207 12.1113 11.1751 9.26919 8.91203 11.0586 10.6005 15.3792 8.76363 7.80095 7.69323 7.56461 7.53998 6.94746 6.77204 6.28862 6.28477 8.39031 6.53431 6.18141 5.21408 5.15479 5.16934 4.62641 4.53737 4.00599 3.36897
threshold=4.5000000000000009 63.550000000000004 391.00000000000006 9.5000000000000018 28.450000000000003 24.500000000000004 76.750000000000014 47.050000000000004 54.550000000000004 70.450000000000017 51.750000000000007 47.250000000000007 99.950000000000017 1075.0000000000002 42.050000000000004 57.95000000000001 7.5000000000000009 1.5000000000000002 1.0000000180025095e-35 49.550000000000004 51.350000000000001 58.95000000000001 35.95000000000001 64.250000000000014 43.45000000000001 50.150000000000013 57.750000000000007 40.750000000000007 485.00000000000006 507.00000000000006
decision_type=2 2 2 2 10 10 2 2 2 8 10 2 2 2 2 10 2 10 2 2 2 2 2 10 10 2 2 2 2 2
left_child=2 7 -1 15 11 6 -6 8 12 16 -11 29 28 -13 -12 24 22 -3 23 20 -17 -21 -9 -10 25 -4 -18 -26 -2 -5
right_child=1 17 3 4 5 -7 -8 9 18 10 14 13 -14 -15 -16 19 26 -19 -20 21 -22 -23 -24 -25 27 -27 -28 -29 -30 -31
leaf_value=-0.033261609844835428 0.018312951959404394 0.044128974568902503 0.016852237756734199 -0.027726518731367684 0.00039000839912484289 0.038820107096056329 0.024416924808249144 -0.031557914210777721 -0.014804887610973653 -0.026240861262425599 -0.010822177732828887 0.045581709610227623 0.045333948553312936 -0.0062381892015008844 0.012263291400942842 0.035625267121810959 -0.047606939759735234 0.00075312820356748095 0.0095637445542315 -0.0021425922269891636 0.0022221010214202573 0.02150044329845122 -0.003985646075021095 -0.04087668874378507 -0.0016545403280757303 -0.03083156695791436 -0.0084723578794153095 0.024989656093646059 -0.015152690740959197 0.0040009870088557149
leaf_weight=26.597910296171904 15.53086559101939 20.446457512676716 12.461047086864712 69.371793216094375 7130.4325491972268 19.006575483828783 40.27725724875927 20.634031999856234 294.08865147829056 34.704691968858242 41.162829585373402 7.2897371314465991 12.148261044174431 216.81442515365779 245.74745500087738 33.211682051420212 15.587229652330279 16.440424190834165 24.560997759923339 251.41244257614017 43.979892238974571 32.95194984972477 1223.4673822075129 20.73883244395256 18.238554092124104 10.217450067400931 15.370672067627311 111.14069817587733 20.761683838441968 9.1792246084660274
leaf_count=364 149 131 134 1527 45704 129 238 171 2908 285 198 115 118 3870 1136 159 207 98 241 1122 193 152 9600 92 185 133 194 696 194 157
internal_value=-0.000343745 -0.0041013 0.000601255 0.000714795 0.000215306 0.000628469 0.000526001 -0.00464571 -0.011448 -0.0029897 0.00511335 -0.00958002 0.0108239 -0.00451069 0.0089312 0.00798992 -0.00503774 0.0249859 -0.0146438 0.00404094 0.016686 0.000586165 -0.00444946 -0.0165506 0.017338 -0.00445251 -0.0284274 0.0211966 -0.000683199 -0.023955
internal_weight=10054 2021.39 8032.58 8005.99 7492.37 7189.72 7170.71 1984.5 387.829 1596.67 321.615 302.655 48.4408 224.104 286.91 513.614 1275.06 36.8869 339.388 361.556 77.1916 284.364 1244.1 314.827 152.058 22.6785 30.9579 129.379 36.2925 78.551
internal_count=70600 15722 54878 54514 51740 46071 45942 15493 3702 11791 1619 5669 461 3985 1334 2774 10172 229 3241 1626 352 1274 9771 3000 1148 267 401 881 343 1684
is_linear=0
shrinkage=0.05


Tree=89
num_leaves=23
num_cat=0
split_feature=28 30 1 3 27 3 30 27 8 0 4 0 3 3 8 32 0 0 14 15 3 9
split_gain=13.0903 10.9423 9.06365 9.52983 10.3158 10.3934 9.08893 8.22212 7.76434 6.75482 6.58915 7.09507 6.21677 5.22627 5.14714 5.22119 4.96486 5.19757 3.95677 5.50418 3.77031 1.43938
threshold=6.5000000000000009 391.00000000000006 61.350000000000001 38.650000000000013 7.5000000000000009 53.45000000000001 513.00000000000011 1.5000000000000002 85.550000000000011 60.050000000000004 47.550000000000004 42.750000000000007 47.150000000000013 37.350000000000001 27.850000000000005 73.850000000000009 61.750000000000007 50.750000000000007 52.850000000000001 50.45000000000001 48.250000000000007 49.850000000000001
decision_type=2 2 2 2 2 2 2 2 2 2 2 2 2 2 2 10 2 2 2 2 2 2
left_child=1 21 3 10 5 -5 -6 12 16 14 13 -12 -2 -3 18 20 17 -4 19 -9 -16 -1
right_child=7 2 8 4 6 -7 -8 9 -10 -11 11 -13 -14 -15 15 -17 -18 -19 -20 -21 -22 -23
leaf_value=-0.019982466212235428 -0.014124074648691372 -0.032836277736711238 0.020251611652686106 -0.001947864220082327 0.0031601357917108832 0.0017730561794412625 0.01822741526162221 -0.032302189639516407 0.03215555885257277 -0.044438635079934841 0.02126697462938415 -0.0058822476089295354 0.034449475570728354 -0.0043707136389371194 -0.027274709280706196 0.013560292336965221 0.028826195288633158 -0.00058808951898411455 0.030933162485172652 0.016664594399113813 -0.011604882771658611 -0.044793178127341959
leaf_weight=13.317208863794805 10.938216758891942 39.61165009252727 36.885025873780251 4664.4796007527038 1044.1594655644149 3139.0446746125817 110.85816264897585 10.533184990286829 32.847242940217257 17.573598902672529 25.195436295121908 471.04431363008916 15.915597001090644 27.954241855069995 66.257575247436762 13.954059094190596 21.382361099123955 154.45703475177288 10.606736078858374 12.259730484336613 96.004589280113578 12.651861770078538
leaf_count=185 117 411 195 33451 7243 21090 697 123 160 160 313 3209 137 263 637 66 102 736 110 122 894 179
internal_value=-0.000327487 -3.62606e-05 4.95668e-05 -0.000194555 0.000201749 -0.000450443 0.00461207 -0.0115308 0.00953225 -0.0146346 -0.00649937 -0.00448973 0.0144998 -0.0211569 -0.0120921 -0.0155096 0.00600198 0.00341154 0.00578179 -0.00578805 -0.0180471 -0.0323872
internal_weight=10047.9 9793.89 9767.92 9522.35 8958.54 7803.52 1155.02 254.043 245.572 227.189 563.806 496.24 26.8538 67.5659 209.616 176.216 212.724 191.342 33.3997 22.7929 162.262 25.9691
internal_count=70600 68234 67870 66677 62481 54541 7940 2366 1193 2112 4196 3522 254 674 1952 1597 1033 931 355 245 1531 364
is_linear=0
shrinkage=0.05


Tree=90
num_leaves=31
num_cat=0
split_feature=18 3 33 6 7 33 29 1 28 17 17 33 6 28 7 3 32 1 15 33 6 33 33 7 13 1 17 3 15 32
split_gain=20.3788 16.574 12.7708 12.1951 11.2146 13.0925 11.1384 11.1288 11.0442 12.7546 10.4227 8.77107 10.0071 8.73913 8.69763 9.62857 8.94263 8.42921 8.19338 8.01616 7.8734 7.79582 8.25555 7.43173 7.62298 7.3067 7.22548 7.64025 7.05956 7.01762
threshold=15.500000000000002 46.95000000000001 46.850000000000001 72.850000000000009 58.650000000000013 32.250000000000007 53.500000000000007 54.45000000000001 6.5000000000000009 1075.0000000000002 1075.0000000000002 40.95000000000001 59.750000000000007 2.5000000000000004 42.350000000000001 51.750000000000007 64.450000000000017 60.350000000000001 55.150000000000013 61.250000000000007 65.950000000000017 28.050000000000004 36.45000000000001 52.550000000000004 53.650000000000013 56.850000000000001 1550.0000000000002 46.45000000000001 51.050000000000004 50.150000000000013
decision_type=2 2 10 2 2 10 2 2 2 2 2 8 2 2 2 2 10 2 2 8 2 8 8 2 2 2 2 2 2 10
left_child=3 2 18 4 14 -6 7 23 9 19 -4 -11 -13 -7 21 25 -17 26 -2 -3 -15 -1 -23 24 -5 -16 27 -8 -28 -12
right_child=1 8 10 6 5 13 17 -9 -10 11 29 12 -14 20 15 16 -18 -19 -20 -21 -22 22 -24 -25 -26 -27 28 -29 -30 -31
leaf_value=-0.039951665219195381 -0.021126899504126967 0.046807485116024693 -0.038001490768988094 0.011391531135546236 0.044313055132439112 0.017348529137520132 -0.014996637763435478 0.034696295889512153 -0.025027485059924134 -0.0079553761008498963 0.018173616445056787 0.0049534381000053435 -0.0016476648146474323 -0.0042876154326004483 -0.0034064458604482727 0.0077123959792882203 -0.00053431030515029964 0.019651362379850872 -0.0020477308335414266 0.0008645709913312565 0.014682018797038905 0.01820981296725379 -0.0076878953423773575 0.028359461539468556 -0.020331508778021628 0.0052836997025784253 0.009112302120822582 0.0016366806876447278 0.0015493856076893866 -0.0044927404682103111
leaf_weight=17.191202277317643 218.93327294569463 23.44053978100419 22.604285508394241 53.746401214972138 23.731398899108171 119.18470524996519 96.73722555115819 60.945668151602149 44.499772513285279 334.45563504658639 35.155304878950119 882.74711483716965 1640.5691748280078 192.9296708330512 1425.9786101300269 684.24067169986665 630.55952446162701 83.623755447566509 76.56413247808814 16.295890167355537 76.171795774251223 33.225225714966655 388.52576294913888 32.693494563922286 29.105134034529328 290.82765673846006 584.81656569242477 239.06018751859665 657.19824435003102 1020.4904534183443
leaf_count=497 3758 195 138 530 203 553 703 343 551 6101 322 5240 9803 987 10015 5427 2875 405 1067 77 402 590 2686 221 304 1465 3727 1622 3895 5842
internal_value=0.000138803 -0.00245459 -0.00698899 0.00209624 0.000506409 0.00830502 0.00545177 0.0174 -0.000335416 4.2928e-05 -0.00445804 -0.000346993 0.000659763 0.00608055 -0.000418201 0.000532787 0.00375385 0.00417856 -0.0162027 0.0281413 0.00106681 -0.00699632 -0.00563201 0.00821146 0.000176109 -0.0019312 0.00335414 -0.00314323 0.00511494 -0.00373152
internal_weight=10036.2 4315.76 1373.75 5720.49 3882.57 412.018 1837.93 176.491 2942.01 2897.51 1078.25 2857.77 2523.32 388.286 3470.55 3031.61 1314.8 1661.44 295.497 39.7364 269.101 438.942 421.751 115.545 82.8515 1716.81 1577.81 335.797 1242.01 1055.65
internal_count=70544 33094 11127 37450 25700 2145 11750 1398 21967 21416 6302 21144 15043 1942 23555 19782 8302 10352 4825 272 1389 3773 3276 1055 834 11480 9947 2325 7622 6164
is_linear=0
shrinkage=0.05


Tree=91
num_leaves=31
num_cat=0
split_feature=18 33 6 8 7 33 12 12 32 30 1 13 8 7 7 12 29 6 0 0 16 8 29 13 0 30 33 6 26 33
split_gain=18.41 14.9693 10.9822 10.6966 10.1004 11.4768 11.1462 11.0062 9.49179 9.14575 10.1486 8.50426 8.78688 8.23843 7.88258 9.75405 8.77566 7.7406 9.17386 7.62193 7.57421 7.38186 7.3517 6.99911 6.88636 6.8102 6.49621 6.41834 6.38287 8.29598
threshold=15.500000000000002 40.95000000000001 72.850000000000009 24.650000000000002 58.650000000000013 32.250000000000007 53.900000000000006 84.750000000000014 69.450000000000017 461.00000000000006 56.350000000000001 43.650000000000013 32.150000000000013 44.350000000000001 42.350000000000001 95.050000000000011 53.500000000000007 66.750000000000014 41.550000000000004 39.650000000000013 53.650000000000013 32.750000000000007 53.500000000000007 44.850000000000001 52.350000000000001 543.00000000000011 57.650000000000013 48.45000000000001 1.0000000180025095e-35 48.850000000000001
decision_type=2 8 2 2 2 10 2 2 10 2 2 2 2 2 2 2 2 2 2 2 2 2 2 2 2 2 10 2 2 10
left_child=2 13 4 24 14 -6 26 -8 11 10 20 -5 -13 -2 15 -1 -17 18 19 -15 27 -10 -23 -20 -4 28 -7 -3 -11 -30
right_child=1 9 3 8 5 6 7 -9 21 25 -12 12 -14 17 -16 16 -18 -19 23 -21 -22 22 -24 -25 -26 -27 -28 -29 29 -31
leaf_value=-0.011015383963009223 -0.021152973529785485 0.0063908777550434129 0.0081367468067183712 -0.016917505169915106 0.041222991610111885 0.0051558681220852482 -0.013359443870957586 0.0085144549802494817 0.030932154062026391 0.0015570011739517462 0.0032301021819161114 -0.012501685574273228 0.0038754992109339792 0.010039179431271417 0.00050563552006192131 0.043749621875729505 0.00081054537268169201 -0.014721853543183165 0.016017102180608575 0.067689798445657853 -0.035032831711730127 0.028442658364614723 0.0061658113405329753 -0.00906335878241144 0.031189249721956015 -0.020641181606812924 0.025719770761516453 -0.0076439906870505604 -0.032369512008941274 -0.0032178435375869088
leaf_weight=327.02258916944265 131.20799141936004 89.140153650194407 70.498150989413261 58.854524344205856 24.228924959897995 73.040311098098755 102.94375079870224 129.91155768930912 37.80153401196003 2271.5550197213888 314.46389434859157 88.815727766603231 1023.480126420036 22.795675478875641 3032.6817701719701 13.509250616654752 96.870466766878963 167.02810557186604 33.695292709395289 7.7152981534600249 23.593971587717533 40.385522708296776 459.69350132346153 154.96554132923484 61.227306559681892 37.221288423985243 82.752811908721924 895.95426605828106 30.179600074887276 128.73960278183222
leaf_count=2892 3094 518 603 484 203 387 535 665 168 13525 1693 659 7215 496 19782 113 768 3184 490 156 174 180 2031 2423 410 228 355 6172 261 680
internal_value=0.00013108 -0.00233719 0.00198983 0.00517097 0.000480404 0.00787292 0.0057709 -0.00113597 0.00410841 -0.00124671 -0.00460086 0.00157774 0.0025623 -0.0103153 -0.000397933 -0.00667284 0.00614591 -0.00661579 -0.000411554 0.0249541 -0.00704724 0.00960795 0.00798017 -0.00455133 0.0189052 0.00054984 0.0161204 -0.0063684 0.000877261 -0.00880222
internal_weight=10032 4308.26 5723.72 1840.76 3882.96 412.877 388.648 232.855 1709.03 3790.85 1323.15 1171.15 1112.3 517.408 3470.08 437.402 110.38 386.2 219.172 30.511 1008.69 537.881 500.079 188.661 131.725 2467.7 155.793 985.094 2430.47 158.919
internal_count=70544 33094 37450 11750 25700 2145 1942 1200 10737 23251 8557 8358 7874 9843 23555 3773 881 6749 3565 652 6864 2379 2211 2913 1013 14694 742 6690 14466 941
is_linear=0
shrinkage=0.05


Tree=92
num_leaves=31
num_cat=0
split_feature=18 3 3 4 28 27 8 32 30 30 1 3 9 19 9 6 2 13 6 1 8 3 1 32 4 30 13 16 2 9
split_gain=16.6392 15.0934 10.694 19.4063 10.048 10.2005 13.3133 10.534 10.2979 13.3847 10.0165 9.57339 9.31513 10.5347 8.93147 8.66523 15.4417 10.9291 8.95698 9.16704 8.80283 8.25911 8.21136 7.38222 7.32879 6.71449 9.66612 6.02179 5.99352 6.39343
threshold=15.500000000000002 46.95000000000001 58.650000000000013 79.750000000000014 6.5000000000000009 7.5000000000000009 25.150000000000002 66.65000000000002 459.00000000000006 495.00000000000006 53.050000000000004 60.850000000000001 50.250000000000007 1.0000000180025095e-35 41.95000000000001 72.850000000000009 49.150000000000013 56.45000000000001 56.050000000000004 56.850000000000001 21.750000000000004 61.750000000000007 56.95000000000001 66.050000000000011 39.150000000000013 519.00000000000011 51.250000000000007 51.150000000000013 61.550000000000004 74.15000000000002
decision_type=2 2 2 2 2 2 2 8 2 2 2 2 2 2 2 2 2 2 2 2 2 2 2 10 2 2 2 2 2 2
left_child=2 10 14 12 5 8 -7 -8 22 -10 25 -5 13 23 -1 18 20 -18 24 -20 -17 -15 -3 -4 -16 28 -27 -12 29 -2
right_child=1 4 3 11 -6 6 7 -9 9 -11 27 -13 -14 21 15 16 17 -19 19 -21 -22 -23 -24 -25 -26 26 -28 -29 -30 -31
leaf_value=-0.027855696079754674 -0.013017136804475919 -0.0075646006205445275 0.04453544549259264 0.0080918592773820703 -0.024036656741573702 0.046391329624478145 -0.0034137832509488529 0.016010066793568516 0.0045676395549426865 -0.0046908582133193752 -0.0029614212086101523 -0.011460406321598095 0.0077888815931587618 0.021069183706380865 -0.023476191133323082 0.024381022262646747 0.0046066309443664188 0.016768342174672816 -0.0039565691082454847 0.0041458362683683015 -0.0075707302669736787 -0.010945801850120481 0.0052311578716550018 0.016417319414996624 0.0035943294544460319 -0.012515369963492062 0.034177611630427263 0.020295773429960945 0.019159080617608713 0.023280041329633572
leaf_weight=26.414529528468847 674.10167116578668 712.43509446084499 60.670214559882879 107.23927352391183 43.46970154158771 21.857388343662024 144.9760953206569 133.88036744296551 1131.1933302301913 595.55995228327811 590.40491583384573 149.64399506337941 260.12989610247314 56.564701234921813 25.361933129839599 23.011231722310185 1056.0352090857923 224.50564501620829 1642.3503204043955 442.68062200956047 309.66950540058315 30.95183421485126 151.59875295870006 39.316490925848484 1270.6457815524191 24.592592176049948 19.896082188934088 29.071900337934494 15.210039492696522 12.168912243098019
leaf_count=231 6739 6393 491 608 551 191 1277 660 8021 4046 3629 832 1639 393 251 226 6441 1266 11783 2183 2423 195 828 174 8314 216 168 184 102 89
internal_value=0.000124018 -0.0022257 0.00188987 0.00765932 -0.000203457 0.000153932 0.00887063 0.00589618 -0.000856193 0.00137139 -0.00656844 -0.00327863 0.0139468 0.0224545 0.00107915 0.00123374 0.00424886 0.00674388 -0.000203494 -0.0022338 -0.00533897 0.00968986 -0.00531339 0.0335563 0.00305895 -0.010472 0.0082842 -0.0018588 -0.0116697 -0.0123629
internal_weight=10025.6 4300.42 5725.19 704.516 2934.97 2891.5 300.714 278.856 2590.79 1726.75 1365.45 256.883 447.633 187.503 5020.67 4994.26 1613.22 1280.54 3381.04 2085.03 332.681 87.5165 864.034 99.9867 1296.01 745.969 44.4887 619.477 701.481 686.271
internal_count=70544 33094 37450 4332 21967 21416 2128 1937 19288 12067 11127 1440 2892 1253 33118 32887 10356 7707 22531 13966 2649 588 7221 665 8565 7314 384 3813 6930 6828
is_linear=0
shrinkage=0.05


Tree=93
num_leaves=31
num_cat=0
split_feature=33 13 13 17 12 13 30 27 28 29 5 2 4 6 12 13 33 6 7 32 7 29 32 29 12 13 16 15 14 27
split_gain=11.5414 11.2364 8.25407 10.3609 9.35839 8.40783 7.74055 10.2401 8.3984 8.25036 7.92789 7.80645 7.41452 8.16776 8.15923 7.35362 9.07073 7.11525 7.08988 6.67642 6.34325 6.34259 6.11913 5.55821 8.56104 5.51835 4.56118 4.24007 4.17144 3.07207
threshold=28.450000000000003 76.750000000000014 47.050000000000004 1175.0000000000002 73.950000000000017 40.550000000000004 431.00000000000006 5.5000000000000009 6.5000000000000009 58.250000000000007 33.95000000000001 55.95000000000001 73.350000000000009 73.950000000000017 75.250000000000014 50.750000000000007 44.150000000000013 65.750000000000014 59.250000000000007 60.650000000000013 49.95000000000001 57.750000000000007 64.65000000000002 57.750000000000007 87.750000000000014 43.350000000000001 49.650000000000013 47.650000000000013 45.850000000000001 3.5000000000000004
decision_type=8 2 2 2 2 2 2 2 2 2 2 2 2 2 2 2 8 2 2 10 2 2 10 2 2 2 2 2 2 2
left_child=2 6 3 -1 5 -5 7 12 10 28 19 -12 14 -14 -2 20 -17 -11 23 -8 -9 25 -3 26 29 -6 -4 -28 -10 -25
right_child=1 22 18 4 21 -7 8 15 9 17 11 -13 13 -15 -16 16 -18 -19 -20 -21 -22 -23 -24 24 -26 -27 27 -29 -30 -31
leaf_value=0.072138928620895479 -0.0081255327957423084 0.045368301449422027 0.018442027650162073 0.027766869825792757 -0.018753467687617955 -0.031320930615451305 -0.022490903783096344 0.02316072987645082 -0.024194869171388619 -0.014504425727314705 0.00022128275458143726 0.003636230314238955 -0.0096135904505071281 0.013486894927598648 -0.026903888583931265 -0.030687722622942795 0.00050203228628539981 0.015367016536213536 0.02125484928970596 0.00047114219852742206 0.00084332962751953967 0.050398850418798352 0.0083586678248769013 -0.050533700985632514 0.044641462386039658 0.021429300567357146 -0.033578552705921007 -0.016385744807268263 -0.0070011457620147814 -0.0003547764031479915
leaf_weight=5.0239826161414376 153.04631907492876 20.507678154855967 6.9213870484381905 7.3508370891213408 14.687960423529146 30.073726853355765 65.845383988693357 60.342666912823915 75.307568266987801 32.511588897556067 6334.7249317187816 2276.0177090391517 111.93848538026214 57.939346825703979 94.15599150583148 27.48258757032454 148.6480981297791 50.921988695859909 12.300835978239773 60.071461990475655 68.322539990767837 9.5046017318963987 25.397261157631874 4.7887906767427948 8.6012060549110156 19.992904076352715 56.377858731895685 105.42486046161503 68.442929720506072 8.6599761191755515
leaf_count=78 1427 153 163 174 308 642 849 565 764 188 42219 12067 764 411 852 461 920 276 166 378 493 177 115 118 188 433 1556 2766 679 194
internal_value=0.000117151 0.000410457 -0.0097148 0.00315641 -0.00111211 -0.0195387 0.000292841 -0.00468678 0.000694465 -0.00879213 0.00094182 0.00112454 -0.00977892 -0.00170211 -0.0153062 0.00226579 -0.00435095 0.00366372 -0.0152293 -0.011505 0.0113587 0.014391 0.0250638 -0.0176178 0.00579134 0.00426244 -0.0207083 -0.0224243 -0.0160539 -0.0188325
internal_weight=10021.3 9731.62 289.709 86.634 81.61 37.4246 9685.72 721.876 8963.84 227.184 8736.66 8610.74 417.08 169.878 247.202 304.796 176.131 83.4336 203.075 125.917 128.665 44.1855 45.9049 190.774 22.05 34.6809 168.724 161.803 143.75 13.4488
internal_count=70544 63581 6963 1812 1734 816 63313 5893 57420 1907 55513 54286 3454 1175 2279 2439 1381 464 5151 1227 1058 918 268 4985 500 741 4485 4322 1443 312
is_linear=0
shrinkage=0.05


Tree=94
num_leaves=31
num_cat=0
split_feature=18 3 33 17 3 4 7 17 5 30 32 31 5 27 3 33 32 33 30 5 15 4 1 13 31 17 19 33 0 5
split_gain=14.9811 13.6692 10.7807 9.68297 9.61754 17.5024 9.73 9.55177 8.86859 9.46311 9.6211 8.80903 8.77268 8.93175 8.63115 8.01476 7.94658 7.94369 9.82764 7.85023 7.68547 7.62403 10.0811 7.00195 6.9103 6.50572 7.33783 8.32744 6.85395 8.96405
threshold=15.500000000000002 46.95000000000001 46.850000000000001 1075.0000000000002 58.650000000000013 79.750000000000014 47.650000000000013 1075.0000000000002 64.950000000000017 533.00000000000011 64.65000000000002 -7.4999999999999991 38.750000000000007 2.5000000000000004 60.850000000000001 62.850000000000001 67.250000000000014 36.750000000000007 459.00000000000006 60.95000000000001 55.150000000000013 90.050000000000011 49.250000000000007 57.45000000000001 -1.4999999999999998 1750.0000000000002 1.0000000180025095e-35 70.850000000000009 50.350000000000001 48.45000000000001
decision_type=2 2 10 2 2 2 2 2 2 2 10 10 2 2 2 8 10 8 2 2 2 2 2 2 8 2 2 10 2 2
left_child=4 2 20 -3 6 25 12 -4 9 15 -11 17 16 -14 -7 -5 -1 18 -8 -19 -2 23 -23 -13 -15 26 27 -6 -27 -30
right_child=1 3 7 8 5 14 11 -9 -10 10 -12 21 13 24 -16 -17 -18 19 -20 -21 -22 22 -24 -25 -26 28 -28 -29 29 -31
leaf_value=-0.018549115249168482 -0.019774444111646496 0.023544343300281441 -0.036479291767448956 -0.0032720692661905603 0.031255885861918964 0.0076168366231609335 0.0032200845240219983 -0.0032677678464333782 0.0067116643972745587 -0.0013539608948553901 -0.042187415487355238 -0.0010725117153618053 -0.0090566837613801857 0.0054562611197278539 -0.010949787674404526 0.0026665444637752906 0.010345459403725638 0.0032365583369862458 0.050237326963831132 0.017549788270209057 -0.0011009471721741123 0.03086235804852824 0.0049812718028678302 0.0065495517977153432 -0.0018133001985202333 -0.0023071378612952481 0.0086040210899404942 -0.0061709347141473041 0.035494056402424159 0.0053226627481161226
leaf_weight=127.73819576576352 211.27173426561058 42.210690330713987 22.043606951832771 1578.1083065066487 118.16317302919924 107.42863819375634 21.107510473579168 1050.9125140234828 366.86473140865564 29.591105809435248 28.55512522906065 1781.6767292004079 275.18362274952233 508.3105885386467 149.18751557730138 886.84552236646414 28.930361066013575 418.66245846450329 23.98961959220469 124.68144415318966 75.328856576234102 41.686147179454565 390.28777868300676 362.48073407635093 914.42805945500731 104.11452812515199 99.990364998579025 16.716471135616302 37.247879274189472 73.843049928545952
leaf_count=1760 3758 289 138 15547 829 608 301 6164 1712 293 144 11288 2039 3742 832 3982 148 2366 322 564 1067 210 1801 2155 6422 718 654 72 256 363
internal_value=0.000110439 -0.00212239 -0.00626632 -0.000199126 0.00178491 0.00724676 0.00101476 -0.00395809 -0.000548455 -0.0016063 -0.0215308 0.00270067 -0.00185929 -0.000811208 -0.00315772 -0.00113341 -0.0131784 0.00822156 0.0283976 0.00653285 -0.0148859 0.00143738 0.00749697 0.00021395 0.000780628 0.0131895 0.0189549 0.0265792 0.00686822 0.0155067
internal_weight=10017.6 4291.73 1359.56 2932.18 5725.85 706.692 5019.16 1072.96 2889.96 2523.1 58.1462 3164.57 1854.59 1697.92 256.616 2464.95 156.669 588.441 45.0971 543.344 286.601 2576.13 431.974 2144.16 1422.74 450.075 234.87 134.88 215.205 111.091
internal_count=70544 33094 11127 21967 37450 4332 33118 6302 21678 19966 437 19007 14111 12203 1440 19529 1908 3553 623 2930 4825 15454 2011 13443 10164 2892 1555 901 1337 619
is_linear=0
shrinkage=0.05


Tree=95
num_leaves=31
num_cat=0
split_feature=18 4 18 4 3 5 15 27 15 28 6 6 4 15 1 27 17 14 32 3 1 18 6 5 5 6 4 3 5 9
split_gain=16.6835 14.6645 11.8372 12.1407 9.47245 9.43621 9.20632 8.92825 14.5625 8.7356 8.65792 8.61088 8.5715 7.38238 7.1228 9.60461 9.2247 6.93051 5.83848 5.61758 5.45625 6.3521 5.36014 5.01909 4.66896 4.61168 4.4532 4.90906 3.53988 3.66315
threshold=8.5000000000000018 90.050000000000011 15.500000000000002 31.350000000000005 58.150000000000013 41.95000000000001 63.250000000000007 7.5000000000000009 46.850000000000001 3.5000000000000004 60.350000000000001 46.900000000000006 87.250000000000014 53.150000000000013 50.45000000000001 6.5000000000000009 2050.0000000000005 37.550000000000004 54.95000000000001 55.250000000000007 61.050000000000004 9.5000000000000018 85.050000000000011 62.350000000000001 50.650000000000013 67.050000000000011 71.65000000000002 42.95000000000001 53.650000000000013 50.45000000000001
decision_type=2 2 2 2 2 2 2 2 2 2 2 2 2 2 2 2 2 2 10 2 2 2 2 2 2 2 2 2 2 2
left_child=19 2 4 23 7 6 -5 9 -9 -2 -7 -6 -13 20 17 16 -16 -15 -17 26 21 -3 -23 -4 -19 -21 27 -1 29 -29
right_child=1 13 3 5 11 10 -8 8 -10 -11 -12 12 -14 14 15 18 -18 24 -20 25 -22 22 -24 -25 -26 -27 -28 28 -30 -31
leaf_value=0.03453854681901878 0.0011349334522142017 0.034701460385903736 -0.031167404885420774 -0.011339182593590638 -0.019234653203464989 0.0013582910403355315 0.015336909882514432 -0.0059829077229027082 0.0097651484783114091 -0.004033533437239732 -0.0038853001521329876 0.0089808733999103534 -0.013838465460666714 -0.0080701939822076935 -0.008447665721997304 -0.016622579580296375 0.015514090757740476 0.0080709082411059389 0.013005970957603395 0.013653211993111772 -0.010491419623497866 0.0074579817940351794 0.032541490661436696 0.010543752764892842 0.0346079625284565 0.04064367200469305 -0.00057834049046190383 0.028889367378775611 -0.0042512735546709471 -0.0016239405612515551
leaf_weight=25.440039526671171 1861.0257571162656 23.603648398071527 51.084321916103363 418.49284478928894 31.422507096081972 1410.9888870380819 34.812448050826788 208.55489412881434 492.88410603068769 1456.5654016584158 1777.6004070173949 622.90323642455041 43.810248013585806 26.399483308196068 339.16333671659231 18.79475587233901 45.340855177491903 32.491410050541162 132.05580648034811 36.081350179389119 36.770790405571461 655.81789434328675 22.065105780959129 8.1479288004338724 35.238669171929359 29.474029820412397 73.885306116193533 27.541411248967052 29.6876290589571 14.78798054717481
leaf_count=150 12842 110 661 5607 214 10018 367 1463 3341 10216 13453 4039 242 143 1614 120 214 188 609 195 171 3291 108 50 161 153 378 183 133 103
internal_value=0.000322435 4.46834e-06 -0.000775209 -0.00289218 0.000884746 -0.00252507 -0.00927658 -4.79095e-05 0.00507556 -0.00113279 -0.00156341 0.00626026 0.00747205 0.00480666 0.000819447 -0.00140306 -0.00560579 0.0135009 0.0092728 0.0134307 0.00819906 0.00918726 0.0082865 -0.0253373 0.021982 0.0259078 0.00861548 0.0156303 0.00884299 0.0181328
internal_weight=10022.9 9786.03 8418.29 3701.13 4717.17 3641.89 453.305 4019.03 701.439 3317.59 3188.59 698.136 666.713 1367.74 629.484 535.355 384.504 94.1296 150.851 236.898 738.257 701.487 677.883 59.2323 67.7301 65.5554 171.342 97.4571 72.017 42.3294
internal_count=70537 69242 62513 30156 32357 29445 5974 27862 4804 23058 23471 4495 4281 6729 3049 2557 1828 492 729 1295 3680 3509 3399 711 349 348 947 569 419 286
is_linear=0
shrinkage=0.05


Tree=96
num_leaves=31
num_cat=0
split_feature=33 18 4 13 30 28 31 31 2 18 30 18 33 33 30 1 31 7 4 27 7 31 30 27 31 28 2 4 4 9
split_gain=16.0582 15.5124 11.952 10.8245 11.0671 13.0299 10.5816 10.0084 8.57262 8.02301 7.61173 9.38695 6.84696 6.8225 6.75355 9.25047 9.21812 6.59731 10.1605 6.25142 6.21609 5.80212 4.91652 4.75059 4.15275 4.15117 5.22155 3.87624 5.1153 4.85603
threshold=28.050000000000004 8.5000000000000018 90.050000000000011 76.750000000000014 431.00000000000006 3.5000000000000004 -11.499999999999998 2.5000000000000004 48.95000000000001 9.5000000000000018 485.00000000000006 12.500000000000002 81.450000000000017 67.050000000000011 483.00000000000006 46.95000000000001 9.5000000000000018 54.650000000000013 78.15000000000002 2.5000000000000004 58.350000000000001 8.5000000000000018 505.00000000000006 5.5000000000000009 -2.4999999999999996 4.5000000000000009 51.95000000000001 82.050000000000011 85.050000000000011 48.650000000000013
decision_type=8 2 2 2 2 2 10 10 2 2 2 2 8 8 2 2 10 2 2 2 2 8 2 2 10 2 2 2 2 2
left_child=6 17 3 4 8 -6 10 9 -3 -4 11 -1 -11 20 27 16 24 18 19 -2 -9 -21 -15 -19 -16 26 -17 29 -29 -8
right_child=1 2 7 -5 5 -7 14 13 -10 12 -12 -13 -14 22 15 25 -18 23 -20 21 -22 -23 -24 -25 -26 -27 -28 28 -30 -31
leaf_value=0.065214476867946181 0.051166699569953226 -0.016586121841046159 0.029351345238356766 0.030057146450656564 0.0018000050681408572 -0.0024167205552675579 0.019510595806042797 -0.0055631111361568539 -0.0033173139257925499 0.0051834438338783789 0.067217794882288559 -0.016782009111045985 0.022429171929001804 0.0012195157391070347 -0.025726154019314013 -0.023376538106710545 0.055497937102709533 -0.0094933257276237238 0.0024238171052896138 0.031072201445852474 -0.033940658761293603 0.0021907811116609432 0.025097626283163657 0.017891128212898007 0.0097922415884828633 -0.042863420069939533 0.031982066505589685 0.04373749281028929 -0.020169593278302155 -0.025375433823327416
leaf_weight=4.512388883158569 23.550434026867151 168.08013452310115 39.263513505458832 28.96939504891634 4343.6505844220519 3168.1317709144205 6.1021785344928494 177.63601037301123 446.20199437253177 911.62186069786549 6.1129872836172572 14.172872491180897 61.58760529756546 126.17849940061569 11.220689488574861 15.601978573948147 9.0775954462587816 43.751467145979404 59.929896134883165 53.102493707090616 21.695732925087214 26.430956773459911 26.038601040840149 24.678837843239307 30.033676078543067 15.12635970301926 5.6983823906630269 5.0791578497737628 7.7437231726944447 138.48765882384032
leaf_count=84 127 1857 179 175 28361 22164 146 971 3560 4459 128 373 284 541 246 391 182 204 299 296 107 142 112 114 645 305 96 111 147 3731
internal_value=0.000306043 0.000639039 0.000327458 -0.000396584 -0.000506135 2.09058e-05 -0.0117427 0.00465964 -0.00695818 0.0071845 0.0192339 0.00299528 0.00628213 -0.00259779 -0.0149157 -0.00363915 0.0101756 0.0134267 0.0188939 0.0284091 -0.00869233 0.0215518 0.00535078 0.000321392 0 -0.0228399 -0.00825284 -0.0210929 0.00489973 -0.0234344
internal_weight=10019.5 9750.5 9519.06 8155.03 8126.06 7511.78 268.97 1364.02 614.282 1012.47 24.7982 18.6853 973.209 351.549 244.171 86.7587 50.332 231.444 163.014 103.084 199.332 79.5335 152.217 68.4303 41.2544 36.4267 21.3004 157.413 12.8229 144.59
internal_count=70537 63952 62770 56117 55942 50525 6585 6653 5417 4922 585 457 4743 1731 6000 1865 1073 1182 864 565 1078 438 653 318 891 792 487 4135 258 3877
is_linear=0
shrinkage=0.05


Tree=97
num_leaves=31
num_cat=0
split_feature=3 30 3 18 17 13 1 18 16 5 31 32 32 13 30 0 13 13 1 6 6 3 6 0 5 5 32 3 5 6
split_gain=15.2587 11.1673 10.3928 9.87098 8.91459 8.73592 9.11544 8.57347 9.05226 8.51193 7.35834 10.8043 7.06647 6.87657 6.45572 6.15173 6.12779 10.9587 7.01712 7.5717 5.86547 8.55036 8.55531 8.47529 8.51679 6.40721 5.70242 5.46957 4.67535 4.48852
threshold=55.850000000000001 427.00000000000006 35.650000000000013 9.5000000000000018 1175.0000000000002 76.750000000000014 47.150000000000013 14.500000000000002 54.050000000000004 70.65000000000002 3.5000000000000004 64.450000000000017 76.450000000000017 46.850000000000001 445.00000000000006 45.95000000000001 42.95000000000001 43.95000000000001 48.550000000000004 59.750000000000007 63.95000000000001 53.050000000000004 73.050000000000011 55.750000000000007 46.550000000000004 47.350000000000001 67.350000000000009 60.850000000000001 48.150000000000013 61.050000000000004
decision_type=2 2 2 2 2 2 2 2 2 2 8 10 10 2 2 2 2 2 2 2 2 2 2 2 2 2 10 2 2 2
left_child=1 15 29 10 14 6 -5 8 9 12 13 -12 -6 -4 -2 -1 18 -18 19 -9 23 22 -22 26 -25 -23 -17 -16 -19 -3
right_child=4 2 3 5 7 -7 -8 16 -10 -11 11 -13 -14 -15 27 20 17 28 -20 -21 21 25 -24 24 -26 -27 -28 -29 -30 -31
leaf_value=-0.026026537763687463 -0.0050882345913004813 -0.026288394479255423 -0.0062314165779064588 -0.0056797289716220209 0.0039801942253265589 0.02980103366405373 1.9715094560039269e-05 -0.030166338724675591 0.038773120408710178 0.03159058925114349 0.0098647032180752062 -0.01414263742816242 0.022204400595405072 0.015857531167299817 0.038266804206740751 -0.0002509996153540814 0.041657311862985338 -0.0035665234497737606 -0.034630415946273821 0.032688852517747412 -0.02987496050697246 0.035036449412473226 -0.0069650975443223302 -0.012166278218790627 0.03318127507376422 -0.0070046766387300095 -0.023418445485981362 0.010232428194683466 0.0029143446092945832 -0.0066114338024763604
leaf_weight=45.253064949065447 21.154083590954542 50.23844562843442 41.358987746760249 796.51115726586431 818.56120721623302 23.513117333874106 5864.0450809523463 8.3722057938575762 21.682705819606781 31.594464927911758 108.94282989948988 82.06442453712225 56.975487135350704 225.01741500198841 40.627221375703812 103.42256828770041 16.446687687188387 423.42270539700985 25.665877196937799 10.862280860543249 74.385719960555434 14.478554449975489 91.773508289828897 15.146388620138167 31.468608751893044 23.532932341098785 35.851525343954563 31.571128413081169 810.0070080626756 70.70382497087121
leaf_count=858 150 363 251 8865 5021 142 38406 93 131 142 671 356 255 1244 263 1123 149 3953 198 144 638 161 828 146 190 156 187 179 4730 544
internal_value=0.000290416 -0.000779803 -0.000312778 -6.58283e-05 0.0038481 -0.000552833 -0.000661185 0.00320944 0.00687533 0.00610319 0.00703875 -0.000425659 0.00517424 0.0124081 0.0189875 -0.00855792 0.000575502 0.0012318 -0.0175446 0.00505671 -0.00651232 -0.0123607 -0.0172632 -5.87028e-05 0.0183452 0.00892749 -0.00626309 0.0261081 0.000685372 -0.0148414
internal_weight=10014.7 7697.71 7262.4 7141.45 2316.94 6684.07 6660.56 2223.59 928.814 907.131 457.384 191.007 875.537 266.376 93.3524 435.313 1294.78 1249.88 44.9004 19.2345 390.06 204.171 166.159 185.889 46.615 38.0115 139.274 72.1983 1233.43 120.942
internal_count=70537 55129 50842 49935 15408 47413 47271 14816 5549 5418 2522 1027 5276 1495 592 4287 9267 8832 435 237 3429 1783 1466 1646 336 317 1310 442 8683 907
is_linear=0
shrinkage=0.05


Tree=98
num_leaves=31
num_cat=0
split_feature=3 30 3 32 30 31 31 16 32 8 1 17 17 6 3 31 3 31 3 8 16 15 6 32 16 3 16 26 28 30
split_gain=13.7662 10.1732 10.2986 10.722 11.5842 10.1182 10.0806 11.8514 10.45 10.0818 9.4133 7.96267 8.38262 7.51722 10.1564 9.70038 7.84068 11.4219 9.59138 6.64356 6.23933 7.71297 6.08097 5.94608 5.69106 7.24929 5.67752 5.6277 5.0457 5.19874
threshold=55.850000000000001 419.00000000000006 37.350000000000001 66.65000000000002 497.00000000000006 -3.4999999999999996 2.5000000000000004 47.250000000000007 84.250000000000014 85.550000000000011 40.350000000000001 1175.0000000000002 1950.0000000000002 69.450000000000017 62.750000000000007 -5.4999999999999991 61.350000000000001 -1.0000000180025095e-35 57.45000000000001 55.550000000000004 52.45000000000001 50.250000000000007 73.350000000000009 61.550000000000004 50.250000000000007 58.95000000000001 54.45000000000001 1.0000000180025095e-35 5.5000000000000009 449.00000000000006
decision_type=2 2 2 10 2 8 10 2 10 2 2 2 2 2 2 10 2 10 2 2 2 2 2 10 2 2 2 2 2 2
left_child=1 -1 3 28 5 -5 8 -8 10 -9 -4 22 20 14 15 -14 18 -18 -15 -10 24 23 -2 -22 27 -26 -23 -13 29 -3
right_child=11 2 6 4 -6 -7 7 9 19 -11 -12 12 13 16 -16 -17 17 -19 -20 -21 21 26 -24 -25 25 -27 -28 -29 -30 -31
leaf_value=-0.010945957351990231 0.023624524255312227 -0.030311874244985926 -0.017243806512972706 -0.037205667620285786 0.027635911843867746 0.0026378598383265364 0.035114768048587125 -0.0043446445410968209 0.0057890896609056833 0.010231262833702834 0.0011978935878940095 0.002041641040778129 0.026624747995058297 0.025783815366264302 -0.020329765484006463 0.00087193470820564787 0.0032635522416597342 0.047169362137290193 -0.00079662791802279868 0.044208649918001407 0.058784322485840729 0.02107119903915777 -0.010197503621091071 0.015422215594097156 0.0043881918386177035 -0.0318932969526576 -0.017321019872025358 -0.013055349806578596 -0.037860705633472422 -0.0089450397099173802
leaf_weight=236.68241541925818 78.277029590681195 35.644844571128488 70.037099340930581 20.800436016172171 33.631411373615265 66.249577552080154 20.042261390015483 1858.7820096947253 23.08144636452198 126.44297659210861 5007.6655077096075 1603.4355214424431 50.068256983533502 55.573632281273603 38.52880496904254 136.50829111970961 23.958088656887412 39.88975702598691 86.03074218519032 22.574307128787041 13.725698774680493 18.019739542156458 15.717000130563973 19.708967916667461 25.521380154415965 29.211704231798649 20.433165300637484 64.032283758744597 23.528769748285413 147.9492650385946
leaf_count=2541 472 367 1123 101 158 320 147 13251 101 830 34518 10839 332 339 231 910 140 231 534 103 150 105 120 99 167 197 142 400 252 1317
internal_value=0.000275393 -0.000741935 -0.000417225 -0.0090813 0.00272893 -0.00685707 -1.79915e-05 -0.00302398 0.0011576 -0.00341329 0.000942207 0.00365287 0.00304742 0.0093141 0.00297291 0.00782011 0.0162327 0.0308033 0.0096106 0.0249499 0.00154027 0.0159664 0.0179111 0.0334947 0.000934308 -0.0149073 0.000548578 0.00145816 -0.0159847 -0.0131349
internal_weight=10011.8 7693.11 7456.43 327.804 120.681 87.05 7128.63 2005.27 5123.36 1985.22 5077.7 2318.64 2224.65 430.558 225.105 186.577 205.452 63.8478 141.604 45.6558 1794.09 71.8876 93.994 33.4347 1722.2 54.7331 38.4529 1667.47 207.123 183.594
internal_count=70537 55129 52588 2515 579 421 50073 14228 35845 14081 35641 15408 14816 2717 1473 1242 1244 371 873 204 12099 496 592 249 11603 364 247 11239 1936 1684
is_linear=0
shrinkage=0.05


Tree=99
num_leaves=31
num_cat=0
split_feature=33 18 0 6 30 17 17 33 18 17 13 30 6 8 7 0 3 30 0 7 22 33 6 7 15 3 32 12 8 18
split_gain=14.1464 13.4216 13.3896 11.9877 13.4765 13.1343 11.6679 11.2518 10.0995 8.14257 9.72445 8.13915 8.13346 7.47476 7.0029 6.8587 6.84642 9.62192 8.73308 6.10971 6.35025 6.60641 5.86631 5.78839 9.36471 8.10369 7.91268 5.66903 5.18287 6.13341
threshold=28.050000000000004 15.500000000000002 37.95000000000001 60.350000000000001 515.00000000000011 2150.0000000000005 1850.0000000000002 36.750000000000007 8.5000000000000018 1650.0000000000002 55.45000000000001 483.00000000000006 79.050000000000011 15.550000000000002 74.350000000000009 56.750000000000007 51.850000000000001 541.00000000000011 64.65000000000002 43.350000000000001 1.0000000180025095e-35 24.150000000000002 76.050000000000011 54.650000000000013 62.650000000000013 55.550000000000004 69.65000000000002 61.150000000000013 50.650000000000013 9.5000000000000018
decision_type=8 2 2 2 2 2 2 8 2 2 2 2 2 2 2 2 2 2 2 2 2 10 2 2 2 2 10 2 2 2
left_child=11 8 9 4 6 7 -4 -5 23 -3 -11 28 -7 -13 16 -6 17 -10 -18 -15 21 -21 -22 24 25 -2 27 -25 29 -1
right_child=1 2 3 5 15 12 -8 -9 14 10 -12 13 -14 19 -16 -17 18 -19 -20 20 22 -23 -24 26 -26 -27 -28 -29 -30 -31
leaf_value=0.031439006080843428 0.0055244906680153721 0.046385925565894666 0.0011498938456997539 -0.021374342625689536 0.0081466116339291832 0.0037658340741746734 -0.013040653850981528 -0.0043524169207443241 0.00038646732687305384 -0.031589608284293802 0.029886300077452174 0.058102606520850975 0.032887779410523295 -0.031702176719056376 0.033650991188491776 0.030367630804949461 0.0039746664338925963 -0.02471112793858727 -0.029753288024873516 0.057547647262531011 0.0010969168191762313 0 -0.045420409749409349 0.031285819651336859 0.045859700290031474 0.03379927198074139 -0.022840414199738132 -0.0042792330628860465 -0.030912362204475175 -0.014773237729075114
leaf_weight=7.5123639646917573 105.84751571714878 22.570459689944983 1483.35184735246 101.90101540740579 125.12962028756738 89.281221527606249 160.41627811081707 2097.1885562501848 2972.3384222127497 10.535647956654431 16.091493291780353 5.2539185043424359 32.951983949169517 15.01379444170743 17.049495428800583 48.59057516977191 2276.9018939360976 38.584918573498726 19.223696138709784 9.3814009279012698 45.617909897118807 10.320514449849723 7.8228368908166876 21.261224906891584 24.716814592480659 33.508359044790268 24.094673991203308 23.080595452338457 51.501559730619192 112.72029656264931
leaf_count=143 572 288 10312 2061 805 643 1224 13875 18768 130 159 97 228 430 82 273 13570 252 100 204 892 199 181 99 117 175 110 109 1427 3012
internal_value=0.000261215 0.000571811 -0.0015649 -0.00187452 0.00116439 -0.00425596 -0.000232637 -0.00514439 0.00218315 0.0243322 0.00534767 -0.0111309 0.011678 0.000696348 0.00173646 0.0144046 0.00163236 6.23716e-05 0.00368883 -0.00273024 0.00318365 0.027416 -0.00569117 0.0123848 0.0174775 0.0123784 9.47216e-05 0.0126932 -0.0175898 -0.0118205
internal_weight=10009.8 9744.62 4188.01 4138.81 1817.49 2321.32 1643.77 2199.09 5556.61 49.1976 26.6271 265.145 122.233 93.4104 5324.1 173.72 5307.05 3010.92 2296.13 88.1565 73.1427 19.7019 53.4407 232.509 164.073 139.356 68.4365 44.3418 171.734 120.233
internal_count=70537 63952 29998 29421 12614 16807 11536 15936 33954 577 289 6585 871 2003 32772 1078 32690 19020 13670 1906 1476 403 1073 1182 864 747 318 208 4582 3155
is_linear=0
shrinkage=0.05


Tree=100
num_leaves=13
num_cat=0
split_feature=3 2 13 32 0 26 4 7 2 13 12 15
split_gain=14.9762 12.6607 12.649 12.1841 12.1252 11.3075 9.86751 10.1015 7.6765 7.37509 5.20483 4.83573
threshold=66.15000000000002 65.250000000000014 76.750000000000014 69.050000000000011 45.050000000000004 1.0000000180025095e-35 92.850000000000009 53.95000000000001 59.550000000000004 61.050000000000004 56.95000000000001 64.450000000000017
decision_type=2 2 2 10 2 2 2 2 2 2 2 2
left_child=1 2 5 -3 -4 6 7 -1 10 -8 -7 -10
right_child=-2 3 4 -5 -6 8 9 -9 11 -11 -12 -13
leaf_value=-0.0019500419657298021 0.039491583781796354 0.049485534460447643 0.059089712401950725 0.0035625574781807724 0.0048336755371457185 -0.004033888389298244 0.005597689306380934 0.0020199180027901582 0.0034850341568317907 -0.0090099047403430273 -0.020249925581103306 -0.016830897833041078
leaf_weight=6202.3995448555797 23.429461818188429 24.503415867686272 17.03104574047029 35.646633356809616 26.432942304760218 74.440590845420957 939.26990163698792 2159.2952297050506 133.92643793299794 94.829012647271156 153.04231942072511 37.345215704292059
leaf_count=48683 126 123 108 155 150 518 4504 13059 825 463 1173 213
internal_value=-0.000348801 -0.000444008 -0.000584439 0.0224043 0.0262951 -0.000704496 -0.000353913 -0.000924243 -0.00895053 0.00425257 -0.0149695 -0.000922847
internal_weight=9921.59 9898.16 9838.01 60.15 43.464 9794.55 9395.79 8361.69 398.755 1034.1 227.483 171.272
internal_count=70100 69974 69696 278 258 69438 66709 61742 2729 4967 1691 1038
is_linear=0
shrinkage=0.05


Tree=101
num_leaves=31
num_cat=0
split_feature=8 1 33 3 33 27 4 1 1 16 15 8 33 18 15 4 33 2 15 33 19 4 6 8 16 18 16 16 2 3
split_gain=13.4676 16.3806 12.1295 10.8912 9.50439 9.18384 8.59305 8.63922 9.41899 7.34616 7.56201 15.229 7.80037 7.16878 10.4267 12.0179 10.0815 7.66509 9.83713 8.58842 7.06609 6.87036 7.2562 9.45091 6.14167 10.2439 8.25284 6.8764 6.50641 5.99467
threshold=50.350000000000001 56.050000000000004 54.050000000000004 37.350000000000001 39.650000000000013 7.5000000000000009 84.450000000000017 49.850000000000001 52.850000000000001 55.150000000000013 41.150000000000013 82.350000000000009 54.45000000000001 13.500000000000002 53.150000000000013 83.050000000000011 40.45000000000001 57.750000000000007 65.65000000000002 43.95000000000001 1.0000000180025095e-35 41.550000000000004 49.250000000000007 21.750000000000004 54.350000000000001 14.500000000000002 53.850000000000001 58.750000000000007 64.850000000000009 50.650000000000013
decision_type=2 2 8 2 8 2 2 2 2 2 2 2 10 2 2 2 10 2 2 10 2 2 2 2 2 2 2 2 2 2
left_child=3 4 -3 -1 6 24 -2 20 -9 10 11 -4 -12 14 15 -6 -16 18 -15 -19 -8 -7 29 -24 26 27 28 -26 -5 -23
right_child=1 2 9 5 13 21 7 8 -10 -11 12 -13 -14 17 16 -17 -18 19 -20 -21 -22 22 23 -25 25 -27 -28 -29 -30 -31
leaf_value=-0.011002476388320564 -0.014690216719148398 -0.0079559719388323895 -0.013925121311799783 0.000712895472253381 -0.00015679847671950747 -0.0094558851048841836 -0.0032706440495595631 -0.040431616672322042 0.026824138655083263 0.032585050464698055 0.030044587573003403 0.025300923329795801 0.0045345174276588225 -0.0073842148201771138 0.013394744859314481 0.015436595640260035 -0.0087748819630536767 0.033802879688597798 0.0064772615995578545 -5.2034897904514315e-05 0.051145308160091621 0.0090765566596483754 0.027732490030229557 0.0053289260575790981 0.047573747999660056 -0.00087089629933656825 -0.033969372171635918 0.0042801601422578633 0.025239170866128421 0.04707570799639213
leaf_weight=168.62427405081689 316.5592755638063 242.87460442073643 128.86636909842491 4028.8614878607914 398.72671057656407 56.469939447008073 9.8439037352800369 13.348052199929954 8.3211969546973688 22.441636815667152 30.881619155406952 30.458264231681824 1001.4914850443602 1570.1900649499148 59.403316665440798 178.54398894309998 365.34746894240379 19.737558074295521 138.89087894931436 331.32886547967792 14.38571784645319 20.684773441404104 51.561056550592184 550.39446503296494 26.424394262954593 52.235205549746752 16.954981077462435 14.460020707920192 27.138353951275349 21.673711461946368
leaf_count=1422 5850 1951 595 30246 2272 600 150 170 105 103 159 137 4572 10397 320 864 1856 160 825 1714 187 160 431 3716 192 474 115 100 128 129
internal_value=-0.000331627 -0.00220339 0.00223474 0.00148197 -0.00409307 0.00191576 -0.0117534 0.00838104 -0.0143705 0.00427788 0.00373792 -0.00638371 0.00530528 -0.00318436 0.000279799 0.00465926 -0.00566017 -0.00487163 -0.0062545 0.00184619 0.0289093 0.0072123 0.00868215 0.00726052 0.00102347 0.0137161 0.000731725 0.0324315 0.00087885 0.0287026
internal_weight=9917.12 4881.64 1457.01 5035.48 3424.63 4866.86 362.458 45.8989 21.6692 1214.14 1191.7 159.325 1032.37 3062.17 1002.02 577.271 424.751 2060.15 1709.08 351.066 24.2296 700.784 644.314 601.956 4166.07 93.1196 4072.95 40.8844 4056 42.3585
internal_count=70100 32387 7517 37713 24870 36291 6462 612 275 5566 5463 732 4731 18408 5312 3136 2176 13096 11222 1874 337 5036 4436 4147 31255 766 30489 292 30374 289
is_linear=0
shrinkage=0.05


Tree=102
num_leaves=25
num_cat=0
split_feature=3 8 33 7 12 8 13 2 7 8 7 13 13 2 14 13 3 9 6 13 6 9 3 5
split_gain=13.1602 12.2435 14.6615 13.891 12.2564 11.5727 11.0314 9.58627 9.32924 9.05956 13.508 8.9596 9.14522 8.16231 7.20779 7.13138 6.68743 5.80725 9.5905 6.25111 6.55119 5.67383 8.23436 6.40129
threshold=66.15000000000002 50.350000000000001 39.650000000000013 53.750000000000007 77.950000000000017 49.95000000000001 79.050000000000011 65.250000000000014 52.650000000000013 34.550000000000004 44.95000000000001 48.550000000000004 49.050000000000004 54.45000000000001 40.850000000000001 63.350000000000001 62.95000000000001 48.550000000000004 64.050000000000011 69.750000000000014 43.95000000000001 50.45000000000001 38.650000000000013 43.95000000000001
decision_type=2 2 8 2 2 2 2 2 2 2 2 2 2 2 2 2 2 2 2 2 2 2 2 2
left_child=1 3 17 4 11 15 7 8 -4 13 -11 14 -13 -6 -1 16 -5 18 -3 20 -19 22 -7 -23
right_child=-2 2 6 5 9 21 -8 -9 -10 10 -12 12 -14 -15 -16 -17 -18 19 -20 -21 -22 23 -24 -25
leaf_value=-0.020186849918947029 0.036785286893328072 -0.024297781167337718 -0.00014327311863665502 0.001927403313349662 0.0036881947282000806 -0.016249642904636485 0.031297869915788583 0.024506194429283756 -0.0050105798918943754 -0.010708726349618031 0.0039527479419469297 0.020287803738547189 -0.0017885259635710882 0.015837058670926805 -0.0050547594553669558 -0.03005169482351985 0.029444259277564944 0.027844436486054266 0.046268327803749516 0.027946593572903317 -0.01506350500391046 -0.019366791715651664 0.017654133405844784 0.0080895592296383167
leaf_weight=114.2222993299365 23.741419725120068 8.4440400488674658 2926.3639969155192 859.52305530942976 402.84859143197536 18.828500797972083 25.554678171873093 34.828082986176014 1485.2073328755796 220.44958649855107 545.83470427431166 48.044513029977679 1795.1391112273559 211.70644231140614 257.27196917124093 16.882512953132391 22.599899012595415 8.9587261788547021 10.797092799097298 8.9517923444509488 350.38992987386882 23.655824286863208 296.91047318466008 193.93433892354369
leaf_count=1040 126 128 17387 5481 3917 125 130 153 7812 1858 3791 388 14192 1390 2373 100 127 146 168 144 6249 191 1710 974
internal_value=-0.000315732 -0.000405696 -0.00219575 0.00132343 -0.000334064 0.00548739 -0.00138586 -0.00157553 -0.00178312 0.00336125 -0.000259482 -0.00264038 -0.0012093 0.00788336 -0.00972502 0.00201853 0.00264131 -0.0115256 0.0150761 -0.0129327 -0.0139724 0.0113238 0.015612 0.00507408
internal_weight=9911.09 9887.35 4859.5 5027.85 3595.52 1432.33 4471.95 4446.4 4411.57 1380.84 766.284 2214.68 1843.18 614.555 371.494 899.005 882.123 387.542 19.2411 368.3 359.349 533.329 315.739 217.59
internal_count=70100 69974 32317 37657 28949 8708 25482 25352 25199 10956 5649 17993 14580 5307 3413 5708 5608 6835 296 6539 6395 3000 1835 1165
is_linear=0
shrinkage=0.05


Tree=103
num_leaves=24
num_cat=0
split_feature=3 18 33 13 32 3 12 27 3 0 13 1 32 5 32 14 32 17 13 12 1 0 32
split_gain=11.75 11.4079 9.73733 9.59367 8.73786 7.4978 10.4179 8.84005 8.9066 7.23836 13.4327 11.9574 9.44529 8.85055 8.59445 7.18801 7.08104 6.88635 7.84777 7.24238 6.38004 5.73029 3.77543
threshold=66.15000000000002 16.500000000000004 49.850000000000001 76.750000000000014 64.65000000000002 38.650000000000013 82.550000000000011 7.5000000000000009 40.850000000000001 51.150000000000013 61.750000000000007 49.550000000000004 77.250000000000014 57.750000000000007 72.050000000000011 55.850000000000001 83.050000000000011 1350.0000000000002 53.750000000000007 78.750000000000014 58.45000000000001 39.650000000000013 72.850000000000009
decision_type=2 2 8 2 10 2 2 2 2 2 2 2 10 2 8 2 10 2 2 2 2 2 8
left_child=1 3 17 5 -5 6 22 16 -9 11 12 13 -11 -4 -13 -8 -7 18 19 -3 21 -19 -1
right_child=-2 2 9 4 -6 7 15 8 -10 10 -12 14 -14 -15 -16 -17 -18 20 -20 -21 -22 -23 -24
leaf_value=-0.009202949058126738 0.034565525598124827 -0.026986130097421252 -0.03167608165677134 0.049076592407587605 0.0021892316626183511 -0.00038001531025118692 -0.00082386773855491486 -0.0066020666940544209 0.0065084511089238701 -0.0022437013797328492 -0.045716413894252503 0.0029344909019422779 -0.027478654171670031 0.0097040602505505634 0.025260022808863136 0.026056282097930462 0.013103833894632566 0.015005088594982688 0.038499955654625204 0.011449811580347417 0.022352748632559788 -0.023308264961140402 -0.024696794188448654
leaf_weight=262.8644786933437 24.002216245979071 24.791741045191884 35.448723636567593 18.986161194741726 21.238068655133247 7176.1880192449316 173.57787125837058 150.26670268923044 921.96160698216408 411.80024836212397 20.647844206541777 150.49688356742263 40.739074468612671 20.001614436507225 60.699938479810953 28.872223353013396 98.594491466879845 10.144522549584506 11.014019215479491 23.848694151267409 8.7053950279951078 165.00071153324097 46.874414019286633
leaf_count=2167 126 362 270 140 95 50430 1254 1045 6220 2257 110 923 176 108 313 219 443 242 159 343 93 2395 210
internal_value=-0.000300564 -0.000386098 -0.00549647 0.000178065 0.0245113 6.67427e-05 -0.00580404 0.00042765 0.00466598 -0.00263286 -0.006349 0.00394289 -0.00453205 -0.0166692 0.00938364 0.0029959 -0.000196405 -0.0141717 0.000508172 -0.00805335 -0.0189598 -0.0210533 -0.0115711
internal_weight=9906.77 9882.76 983.339 8899.42 40.2242 8859.2 512.189 8347.01 1072.23 739.834 473.187 266.647 452.539 55.4503 211.197 202.45 7274.78 243.505 59.6545 48.6404 183.851 175.145 309.739
internal_count=70100 69974 7751 62223 235 61988 3850 58138 7265 4157 2543 1614 2433 378 1236 1473 50873 3594 864 705 2730 2637 2377
is_linear=0
shrinkage=0.05


Tree=104
num_leaves=25
num_cat=0
split_feature=3 18 2 15 28 15 2 33 13 4 4 17 2 2 33 4 15 12 9 4 15 1 33 3
split_gain=10.5022 10.3467 11.2976 9.98676 9.19484 10.2139 10.7791 8.96253 8.07537 7.55643 7.29839 6.38135 10.4787 6.25442 6.13545 6.65275 5.84013 4.96128 4.84104 4.78564 4.72613 4.53461 4.17613 3.71609
threshold=66.15000000000002 16.500000000000004 64.350000000000009 61.850000000000001 4.5000000000000009 53.650000000000013 55.750000000000007 49.850000000000001 76.750000000000014 92.850000000000009 83.050000000000011 1350.0000000000002 48.850000000000001 52.850000000000001 74.450000000000017 96.250000000000014 50.250000000000007 91.550000000000011 50.350000000000001 41.550000000000004 49.850000000000001 58.150000000000013 39.050000000000004 52.150000000000013
decision_type=2 2 2 2 2 2 2 8 2 2 2 2 2 2 10 2 2 2 2 2 2 2 10 2
left_child=1 2 4 20 8 10 -7 11 9 -1 -6 12 -3 22 15 19 -14 -16 -10 -9 -4 -15 -13 -17
right_child=-2 7 3 -5 5 6 -8 14 18 -11 -12 13 16 21 17 23 -18 -19 -20 -21 -22 -23 -24 -25
leaf_value=8.4481479582047678e-05 0.032514324982597431 0.049950138296345592 0.011510712419721906 -0.0076326044294274635 -0.0027605293011788105 -0.014801173131674367 -0.0022230964295099995 -0.019603952831478644 0.039105951589835077 0.005204436969138998 0.0061903783268426214 -0.012540831091443503 -0.026030502954731027 -0.011001114333659641 0.025276730335685824 -0.031510205427656077 0.007792653006856597 -0.0042204410453059197 0.0042464760207871098 -0.0012056418720244296 0.040996821816576601 0.028701345133719604 -0.032815019176155001 -0.0057450974076017486
leaf_weight=6142.7501403307542 24.240545347332954 9.0028299335390312 22.833358038216829 25.433814890682697 809.78120168484747 314.33017868921161 374.16726114973426 37.593935329467058 21.70231544598937 816.66772349737585 316.6696871612221 41.002056706696749 24.231264557689428 60.031006563454866 34.174614518880844 31.872391134500504 26.447829907760024 23.925065338611603 19.035758960992098 585.63125190511346 36.047214794903994 8.0210784897208196 71.994133409112692 25.955825053155422
leaf_count=43531 126 157 106 117 7182 2493 2472 254 129 3868 2047 982 365 768 144 162 342 101 106 3378 172 82 898 118
internal_value=-0.000286102 -0.000367417 0.000168987 0.0183738 -4.77712e-06 -0.00317663 -0.00797413 -0.00524373 0.000816918 0.000686078 -0.000239471 -0.0136255 0.000471892 -0.018298 -0.00250568 -0.00384243 -0.00830021 0.0130577 0.0229898 -0.00232645 0.029686 -0.0062129 -0.0255201 -0.0200619
internal_weight=9903.54 9879.3 8899.42 84.3144 8815.1 1814.95 688.497 979.883 7000.16 6959.42 1126.45 240.73 59.6819 181.048 739.153 681.053 50.6791 58.0997 40.7381 623.225 58.8806 68.0521 112.996 57.8282
internal_count=70100 69974 62223 395 61828 14194 4965 7751 47634 47399 9229 3594 864 2730 4157 3912 707 245 235 3632 278 850 1880 280
is_linear=0
shrinkage=0.05


Tree=105
num_leaves=30
num_cat=0
split_feature=33 18 33 2 6 13 4 32 2 2 27 17 7 33 20 13 2 33 31 2 32 12 32 15 4 13 13 15 6
split_gain=11.6705 12.1439 10.2703 8.82231 8.13844 8.07692 8.04559 7.99796 7.8689 7.58489 7.5129 7.43452 7.18251 6.96658 6.81727 7.79357 7.78315 6.68797 5.94059 5.87342 5.83279 7.00108 5.35442 5.63172 4.79655 4.76143 8.68988 3.93782 3.15133
threshold=76.750000000000014 15.500000000000002 34.95000000000001 61.550000000000004 43.95000000000001 77.950000000000017 20.050000000000004 83.050000000000011 65.050000000000011 41.350000000000001 5.5000000000000009 1550.0000000000002 35.350000000000001 68.850000000000009 1.0000000180025095e-35 55.850000000000001 44.550000000000004 82.950000000000017 1.5000000000000002 48.550000000000004 78.450000000000017 59.550000000000004 78.850000000000009 55.250000000000007 82.250000000000014 50.850000000000001 55.050000000000004 51.45000000000001 64.950000000000017
decision_type=10 2 8 2 2 2 2 10 2 2 2 2 2 8 2 2 2 10 10 2 10 2 10 2 2 2 2 2 2
left_child=1 6 3 4 -3 9 25 8 10 11 -8 -4 -11 -9 22 16 -16 18 28 -20 21 -18 23 -2 -6 -1 -27 -19 -17
right_child=14 2 5 -5 24 -7 7 13 -10 12 -12 -13 -14 -15 15 17 20 27 19 -21 -22 -23 -24 -25 -26 26 -28 -29 -30
leaf_value=-0.050991180622330851 0.040879703805963785 0.032828608605099327 -0.038878278433556533 0.057965200267817762 -0.016922336954326152 0.033870485948277927 -0.00076161050373890955 0.0030654527900830361 0.027727664063727023 -0.029993091805857821 0.0030069157559862113 -0.0053846817284984548 -0.0014570274200056618 0.039831161132045864 0.023268054254757808 -0.01543953289219771 0.0049313973650622119 0.036537804249660764 0.00047609253916899977 0.033910481397619097 0.011230173629567165 -0.020507954071805772 -0.00026877614901200502 0.010924282214975954 0.008335066096286807 0.030039325096679444 -0.045045855366039 0.011546377634031315 0.0044355919151641129
leaf_weight=11.199652016162874 35.841090500354767 9.1144730262458307 26.804626012220979 4.3099655602127305 231.4006576910615 15.693447899073361 2887.3576082056388 27.265512138605118 27.519257970154285 22.105483576655388 2437.810331328772 44.335803095251322 3653.010876879096 24.917493388056755 24.591533660888672 31.734680861234665 40.020575538277626 33.99865585565567 25.101214006543159 28.189687564969063 34.143107235431671 81.359231755137444 22.987336054444313 29.004093483090401 20.123228508979082 7.5091988183557969 7.6552770081907511 30.962095201015472 52.770309492945671
leaf_count=146 154 173 259 57 5735 89 19265 117 127 240 16068 397 24811 113 105 133 169 159 106 120 156 341 106 125 387 95 115 145 225
internal_value=-1.8089e-06 -0.000384764 -0.00246583 -0.0119821 -0.0131798 -0.00179398 0.0011573 0.00129282 0.00110172 -0.00194562 0.000962669 -0.0181116 -0.00163084 0.0207594 0.00768096 0.00477902 -0.00276688 0.011505 0.00521635 0.0182862 -0.006928 -0.0120819 0.0202541 0.0275956 -0.0148792 -0.0263357 -0.00758414 0.0247391 -0.00297857
internal_weight=9928.84 9458.13 4026.9 264.948 260.638 3761.95 5431.23 5404.87 5352.69 3746.26 5325.17 71.1404 3675.12 52.183 470.704 382.871 180.114 202.757 137.796 53.2909 155.523 121.38 87.8325 64.8452 251.524 26.3641 15.1645 64.9608 84.505
internal_count=70238 68194 32148 6352 6295 25796 36046 35690 35460 25707 35333 656 25051 230 2044 1659 771 888 584 226 666 510 385 279 6122 356 210 304 358
is_linear=0
shrinkage=0.05


Tree=106
num_leaves=31
num_cat=0
split_feature=0 33 8 32 28 6 30 30 15 4 33 12 12 4 4 32 27 5 4 15 30 30 5 4 27 4 5 33 6 8
split_gain=10.7895 11.9024 11.4481 10.6903 9.84424 10.6261 8.35036 8.22654 7.71308 7.17428 8.32653 7.88756 7.11411 6.88328 15.1078 10.3652 6.62293 9.35718 9.47079 9.28974 8.16742 7.15628 6.19915 11.2928 6.4944 5.86932 6.95954 7.9951 6.44026 5.82209
threshold=49.95000000000001 76.450000000000017 23.750000000000004 42.850000000000001 5.5000000000000009 46.150000000000013 429.00000000000006 537.00000000000011 56.850000000000001 67.750000000000014 78.550000000000011 94.050000000000011 52.250000000000007 81.050000000000011 75.750000000000014 78.450000000000017 6.5000000000000009 50.350000000000001 65.050000000000011 50.050000000000004 425.00000000000006 467.00000000000006 34.45000000000001 60.250000000000007 5.5000000000000009 59.850000000000001 43.650000000000013 48.850000000000001 60.95000000000001 44.45000000000001
decision_type=2 8 2 8 2 2 2 2 2 2 8 2 2 2 2 8 2 2 2 2 2 2 2 2 2 2 2 10 2 2
left_child=3 2 16 -1 22 -6 25 13 -9 10 -3 -12 -7 14 -8 -15 20 19 -19 -18 -2 -22 23 -4 -24 28 -27 -28 -5 -11
right_child=1 9 4 6 5 12 7 8 -10 29 11 -13 -14 15 -16 -17 17 18 -20 -21 21 -23 24 -25 -26 26 27 -29 -30 -31
leaf_value=-0.015370717968328876 0.041310254997744392 0.021510826612308808 -0.035120739668792769 -0.0032052541952478941 0.043028555181802763 0.0077035755050646748 -7.7694657079902159e-05 -0.0093453341369419008 -0.053398132615325611 0.00048811644149497147 0.00053880761851942554 -0.029998501862391863 -0.010563233357685694 0.0025926555329377847 -0.011397711982336646 0.03270898941465198 0.06192480745014646 0.027927279808922751 -0.013490990289036746 0.018332221581342747 -0.0091535762936225777 0.0092996842488111027 -0.0006801444305570795 0.00015480863666088792 0.0027381172956303414 0.020709706412451595 -0.036498935389874192 -0.0014924958639402704 -0.040674337503655844 0.016390373683875779
leaf_weight=154.71480302419513 14.173703851178287 32.904804617166519 34.001523550599813 18.23426291719079 10.26311384886503 61.178972221910954 1650.3060881234705 39.319919930770993 13.415394380688666 75.244156487286091 84.278205946087837 27.991698734462261 396.4824809152633 479.10082747973502 358.97694322094321 30.338770486414433 19.595117749646306 24.932980488985777 30.523865964263678 33.853228509426117 84.673846688121557 137.62346352636814 3223.1042841915041 66.949541736394167 2440.3241177983582 19.075048420578241 24.295346049591899 50.220264978706837 32.348174879327416 254.26331742107868
leaf_count=3629 121 140 424 257 93 590 13668 311 89 349 433 161 3490 2496 3189 142 197 160 166 295 676 1071 19981 605 14765 340 399 307 518 1176
internal_value=-1.71868e-06 0.00104963 0.000496958 -0.00258654 5.04073e-06 -0.00696805 -0.00185582 -0.00119692 -0.0207265 0.00869578 -0.00053199 -0.00705033 -0.0081093 -0.000785232 -0.00210308 0.00440206 0.00935654 0.019568 0.0050571 0.0344932 0.00462631 0.00224733 0.000572061 -0.0116999 0.000791896 -0.0135644 -0.00606674 -0.0130068 -0.0272989 0.0127755
internal_weight=9922.71 7052.36 6577.68 2870.35 6232.3 467.925 2715.63 2571.46 52.7353 474.682 145.175 112.27 457.661 2518.72 2009.28 509.44 345.376 108.905 55.4568 53.4483 236.471 222.297 5764.38 100.951 5663.43 144.173 93.5907 74.5156 50.5824 329.507
internal_count=70238 44893 42634 25345 39948 4173 21716 19895 400 2259 734 594 4080 19495 16857 2638 2686 818 326 492 1868 1747 35775 1029 34746 1821 1046 706 775 1525
is_linear=0
shrinkage=0.05


Tree=107
num_leaves=31
num_cat=0
split_feature=0 18 4 4 4 30 0 0 3 27 23 9 4 5 32 31 5 32 4 31 14 14 5 14 18 5 2 12 2 3
split_gain=9.7618 10.7485 12.0079 12.9599 15.7891 11.0796 10.3186 10.7271 10.2577 9.11978 15.9407 13.0593 10.8467 10.3723 9.74497 14.3797 9.43347 13.2819 8.98478 8.93592 8.13555 8.02662 7.71942 8.06875 10.9062 7.43568 9.61399 10.6918 10.6434 7.27497
threshold=49.95000000000001 10.500000000000002 81.050000000000011 76.250000000000014 74.850000000000009 435.00000000000006 45.750000000000007 48.750000000000007 53.45000000000001 5.5000000000000009 1.0000000180025095e-35 49.050000000000004 61.250000000000007 34.45000000000001 64.450000000000017 2.5000000000000004 45.550000000000004 52.750000000000007 99.950000000000017 1.0000000180025095e-35 50.95000000000001 56.250000000000007 60.150000000000013 51.750000000000007 15.500000000000002 61.550000000000004 49.650000000000013 79.950000000000017 56.550000000000004 48.050000000000004
decision_type=2 2 2 2 2 2 2 2 2 2 2 2 2 2 10 10 2 8 2 10 2 2 2 2 2 2 2 2 2 2
left_child=1 6 3 4 5 -3 -1 -8 -6 11 13 25 -12 -11 -15 -16 17 -14 19 29 -18 -5 -13 -24 -25 26 27 -2 -28 -4
right_child=9 2 18 21 8 -7 7 -9 -10 10 12 22 16 14 15 -17 20 -19 -20 -21 -22 -23 23 24 -26 -27 28 -29 -30 -31
leaf_value=0.017315590684550526 0.012811107160700644 -0.017956409363191528 0.00024876134891085692 -0.012088208990152132 0.0030410939565829916 -0.0033935938122477446 -0.010842142009490905 0.012860933678084302 0.033110546257142638 -0.0218741991529963 0.02261497295033604 -0.0029378097402991102 0.062837089133180077 0.005191513810048066 0.0022474347778814264 -0.0093233356024125282 0.005296715457603688 0.010919386092048603 -0.022840847496163306 -0.0037818994971315113 -0.020107579950873967 -0.047179582256796776 0.0046222663961362131 0.0036155452344904409 -0.029206799319102212 -0.0063041038847826084 0.019580597440560982 -0.02860330670729426 0.0017729229810486222 0.016924115390902852
leaf_weight=125.69833097420633 30.099328586831689 143.93621005862951 104.41729143820703 348.23081301245838 80.391478598117828 1428.2816165080294 115.13050087168813 81.334393952041864 44.106131860986352 46.369464987888932 150.99461948312819 2699.6115120984614 15.385620310902594 1215.5449389964342 954.87096967920661 373.30103586241603 195.8373329564929 62.497195547446609 30.032292423769832 167.58764107711613 37.4288713298738 17.135270822793245 690.28771116957068 58.922326147556305 43.944196797907352 87.458684962242842 222.1530934125185 31.910086400806904 135.88244511187077 177.78458477929235
leaf_count=950 236 2258 588 3668 459 13763 743 485 246 492 1024 18498 198 9533 4492 1748 1056 398 193 888 211 178 3241 278 220 424 1694 298 852 926
internal_value=-2.35051e-06 -0.0024645 -0.00355624 -0.00521491 -0.00337117 -0.00473105 0.00613241 -0.00100233 0.013752 0.000996856 0.00305545 -0.000572654 0.0116103 0.0015267 0.00195609 -0.00100138 0.00624839 0.0213072 0.00356123 0.00533989 0.00119216 -0.0137601 -0.00166284 0.00267022 -0.0103722 0.00691927 0.00968529 -0.00843201 0.0128385 0.0107741
internal_weight=9916.57 2864.07 2541.9 2062.08 1696.72 1572.22 322.163 196.465 124.498 7052.5 3052.23 4000.27 462.144 2590.09 2543.72 1328.17 311.149 77.8828 479.822 449.79 233.266 365.366 3492.77 793.154 102.867 507.504 420.045 62.0094 358.036 282.202
internal_count=70238 25345 23167 20572 16726 16021 2178 1228 705 44893 19152 25741 2887 16265 15773 6240 1863 596 2595 2402 1267 3846 22237 3739 498 3504 3080 534 2546 1514
is_linear=0
shrinkage=0.05


Tree=108
num_leaves=31
num_cat=0
split_feature=18 6 1 5 8 4 0 7 3 3 16 15 1 4 4 27 23 7 8 0 12 12 16 15 18 8 7 6 13 13
split_gain=9.23897 10.5699 10.6287 11.4603 8.8436 11.7193 8.75737 9.32185 7.58402 7.38742 8.47382 7.26772 8.80759 6.99421 6.88718 6.5222 13.0355 11.6687 8.2851 10.6863 9.86304 8.19062 7.14469 8.60253 7.02046 11.8289 7.25507 5.9886 4.97217 7.21994
threshold=15.500000000000002 44.70000000000001 57.550000000000004 38.750000000000007 83.450000000000017 84.950000000000017 62.45000000000001 60.150000000000013 44.050000000000004 48.350000000000001 54.050000000000004 59.550000000000004 51.350000000000001 81.850000000000009 20.050000000000004 5.5000000000000009 1.0000000180025095e-35 66.850000000000009 67.850000000000009 48.250000000000007 61.150000000000013 86.15000000000002 56.550000000000004 51.45000000000001 8.5000000000000018 53.150000000000013 55.45000000000001 67.850000000000009 50.850000000000001 55.050000000000004
decision_type=2 2 2 2 2 2 2 2 2 2 2 2 2 2 2 2 2 2 2 2 2 2 2 2 2 2 2 2 2 2
left_child=14 11 4 -4 9 8 7 -5 -6 13 -11 12 -2 -3 28 22 17 21 19 -18 -20 -17 24 -24 25 -16 -26 -7 -1 -30
right_child=1 2 3 6 5 27 -8 -9 -10 10 -12 -13 -14 -15 15 16 18 -19 20 -21 -22 -23 23 -25 26 -27 -28 -29 29 -31
leaf_value=-0.050182311076516696 0.01578923396669565 -0.0076705582961667067 -0.03188723861220355 0.001495150850844267 -0.00061762992586855713 0.018447111115249534 0.028552328683277773 0.02407803014140596 -0.024189860422901405 -7.8654299072690383e-05 -0.022779772656998112 0.039095243462401973 -0.015795862596184908 0.00057775443548228704 0.021913222637412091 -0.0010007695216274939 -0.0032153041562523036 0.031277597701971048 -0.036610191451661826 0.020535717877865733 0.0063374642765453154 0.0053940830783652301 0.044380681889602064 -0.0039260778694565511 -0.0021974518715556579 -0.0075407740691567264 0.0040335496994429827 -0.009862837138979192 0.028381759976578099 -0.03987622165663085
leaf_weight=10.770116254687311 79.198972061276436 961.88763897493482 21.870851252228022 554.92077437974513 45.116383488290012 38.39788343757391 36.591405091807246 49.777356967329979 145.82648807018995 1853.2978919204324 41.952218560501933 21.084457380697131 30.358910508453846 349.19101176783442 87.26528393663466 1360.3394515505061 58.707365926355124 32.989728383719921 16.338251696899533 237.0714956112206 71.221696905791759 791.4381677377969 19.547301173210144 17.00097999535501 2288.6078733401373 55.507489731535316 586.49737098254263 35.977877497673035 7.6259499434381706 7.6249197041615844
leaf_count=146 599 9403 158 2940 406 207 184 239 1226 14752 388 133 175 2218 474 8954 494 167 106 1459 423 5023 139 118 15784 296 3221 195 95 116
internal_value=-3.05591e-06 -0.00176002 -0.00220358 0.00359259 -0.00331229 -0.0120885 0.00481519 0.00336606 -0.0186496 -0.00258415 -0.000584967 0.0122314 0.00698486 -0.00547002 0.00132282 0.00144263 0.00329985 0.00180473 0.0118053 0.0158051 -0.00165194 0.00134912 -0.000117302 0.0218242 -0.000385399 0.0104298 -0.000924545 0.00469071 -0.0242813 -0.00545667
internal_weight=9914 4265.45 4134.81 663.16 3471.65 265.319 641.29 604.698 190.943 3206.33 1895.25 130.642 109.558 1311.08 5648.55 5622.53 2568.11 2184.77 383.339 295.779 87.5599 2151.78 3054.43 36.5483 3017.88 142.773 2875.11 74.3758 26.021 15.2509
internal_count=70238 33223 32316 3521 28795 2034 3363 3179 1632 26761 15140 907 774 11621 37015 36658 16626 14144 2482 1953 529 13977 20032 257 19775 770 19005 402 357 211
is_linear=0
shrinkage=0.05


Tree=109
num_leaves=26
num_cat=0
split_feature=33 2 13 0 30 26 33 32 7 5 19 33 3 7 13 3 0 33 5 2 29 3 2 31 32
split_gain=9.39559 8.87493 8.18691 8.26829 9.25709 8.28565 7.55923 7.42129 7.41373 7.38577 12.3154 20.5063 6.4289 6.29688 6.1874 5.55327 4.72506 4.58833 3.67613 5.36822 3.60523 4.38457 3.4382 6.23507 3.11776
threshold=76.750000000000014 65.250000000000014 79.050000000000011 49.95000000000001 429.00000000000006 1.0000000180025095e-35 58.850000000000001 42.850000000000001 35.350000000000001 62.150000000000013 1.0000000180025095e-35 82.950000000000017 54.650000000000013 47.750000000000007 56.45000000000001 50.050000000000004 49.350000000000001 53.850000000000001 49.95000000000001 48.050000000000004 56.750000000000007 51.650000000000013 52.250000000000007 1.5000000000000002 74.65000000000002
decision_type=10 2 2 2 2 2 8 8 2 2 2 10 2 2 2 2 2 10 2 2 2 2 2 10 10
left_child=1 2 3 4 17 8 -7 -6 -5 13 11 12 16 18 -13 -3 -11 -1 -2 -20 22 -22 23 -15 -21
right_child=9 15 -4 5 7 6 -8 -9 -10 10 -12 14 -14 20 -16 -17 -18 -19 19 24 21 -23 -24 -25 -26
leaf_value=-0.021366831422870398 0.015072810596215146 0.0031249017116642885 0.025964495526856535 -0.023961654093941763 -0.013560166471266422 -0.0010126129011384453 -0.015647590881147179 -0.0015187285171708628 0.00092919415941718035 -0.046992318687301297 0.022329485822017991 0.0015795632664429501 -0.00052402572824985962 0.0050973033382026014 0.037365552842184138 0.036049719668027079 -0.019136295425618094 -0.0032893209268108829 0.014090259501764252 -0.025837635893875617 0.019732153263069943 -0.00819090823390403 0.035348964032725867 0.035011197614555657 -0.00042229014314762518
leaf_weight=97.725482483394444 40.665964379906654 25.172134604305029 29.109399769455194 29.944772379472852 135.38291702419519 220.68203925713897 147.82459172606468 2353.9550723591819 6318.795163217932 26.916225969791412 43.040404409170151 27.709857478737831 24.343028105795383 45.58706559240818 21.756624951958656 26.800326608121395 37.627754464745522 55.91895204782486 27.469093680381775 24.866140499711037 32.270417854189873 24.470157831907272 39.028986506164074 28.626963779330254 24.150619074702263
leaf_count=1997 170 121 169 316 3101 1861 702 18970 40509 114 195 134 105 197 109 122 163 326 114 102 138 105 170 124 104
internal_value=-3.5196e-06 -0.000347021 -0.000461699 -0.000544692 -0.00291396 0.000386809 -0.00689958 -0.00217613 0.00081063 0.00690629 -0.000966523 -0.00826069 -0.0226363 0.0118958 0.0174637 0.0202357 -0.0308849 -0.0148265 0.00292197 -0.00348434 0.0180458 0.00760876 0.0232199 0.016735 -0.0134436
internal_weight=9909.84 9441.31 9389.34 9360.23 2642.98 6717.25 368.507 2489.34 6348.74 468.529 181.394 138.353 88.887 287.135 49.4665 51.9725 64.544 153.644 117.152 76.4859 169.984 56.7406 113.243 74.214 49.0168
internal_count=70238 68194 67951 67782 24394 43388 2563 22071 40825 2044 820 625 382 1224 243 243 277 2323 490 320 734 243 491 321 206
is_linear=0
shrinkage=0.05


Tree=110
num_leaves=27
num_cat=0
split_feature=18 0 11 7 17 13 33 5 2 7 15 33 12 31 5 14 15 5 31 32 32 5 33 32 32 1
split_gain=11.1575 11.5364 11.7532 11.5101 11.3741 9.39286 8.53451 8.14442 7.39851 6.74715 6.64743 9.99538 7.56224 6.64122 6.87249 6.60002 8.08913 7.49892 5.69554 6.81115 5.53925 5.18591 9.0493 7.80046 4.18321 3.91941
threshold=10.500000000000002 45.350000000000001 49.750000000000007 77.050000000000011 1075.0000000000002 76.750000000000014 70.050000000000011 72.250000000000014 64.350000000000009 53.45000000000001 53.45000000000001 54.850000000000001 82.550000000000011 13.500000000000002 69.450000000000017 49.550000000000004 51.250000000000007 57.95000000000001 11.500000000000002 66.15000000000002 69.250000000000014 55.650000000000013 67.050000000000011 71.850000000000009 71.850000000000009 53.95000000000001
decision_type=2 2 2 2 2 2 10 2 2 2 2 8 2 10 2 2 2 2 10 10 10 2 8 10 10 2
left_child=6 4 18 7 -2 10 13 8 -4 -9 12 -12 -6 14 21 24 -17 -18 19 25 -21 23 -23 -1 -8 -3
right_child=1 2 3 -5 5 -7 15 9 -10 -11 11 -13 -14 -15 -16 16 17 -19 -20 20 -22 22 -24 -25 -26 -27
leaf_value=0.0067383852610719101 0.035147694326628967 -0.025633092544726357 -0.00037333649274412154 0.038097061431759331 -0.013806231462082392 0.028692745086606228 0.017170717920603068 0.0016411121885833554 0.01479126918474234 0.017727350664729857 0.0078497669066239281 -0.0098504878810761042 -0.0011791513918197696 -0.01892871358377364 0.027305740340955672 0.02611953369181402 -0.023193949473086287 0.01566130747914584 0.020816196384754768 0.01263569090470946 -0.0095745124386726402 -0.0083132959102314354 0.013441897808622129 -0.01098505072639025 0.048238823483506853 -0.010471533729999682
leaf_weight=653.90449531376362 16.390458447858691 80.627967236563563 7080.7356699248776 19.904729172587395 448.27718685660511 18.23508520424366 23.935278877615929 149.62754693627357 81.245964508503675 116.49703032523394 149.92988037131727 169.96625063568354 162.44354050792754 33.703162932768464 29.58235639333725 36.207058653235435 26.307099729776382 23.229872316122055 14.461066991090773 41.676871314644814 85.067572697997093 200.9837728664279 62.495666064321995 68.306502565741539 21.118069693446159 94.318680129945278
leaf_count=4256 195 923 48675 96 5436 115 104 658 384 513 2156 918 2066 186 127 169 116 113 109 220 395 921 278 291 105 730
internal_value=-0.000203707 -0.000820998 -0.000179411 0.000220791 -0.00597603 -0.0066953 0.00435922 0.000118111 -0.000200406 0.00870572 -0.00739709 -0.00153919 -0.0104565 0.00285096 0.00358067 0.0164056 0.00816847 -0.00487759 -0.00962039 -0.0111023 -0.0022276 0.00286087 -0.00313099 0.0050539 0.0319187 -0.0174983
internal_weight=9909.18 8729.41 7764.16 7448.01 965.242 948.852 1179.77 7428.11 7161.98 266.125 930.617 319.896 610.721 1048.98 1015.27 130.797 85.744 49.537 316.152 301.691 126.744 985.69 263.479 722.211 45.0533 174.947
internal_count=70255 63589 52703 50326 10886 10691 6666 50230 49059 1171 10576 3074 7502 6059 5873 607 398 229 2377 2268 615 5746 1199 4547 209 1653
is_linear=0
shrinkage=0.05


Tree=111
num_leaves=31
num_cat=0
split_feature=4 3 18 33 5 0 11 32 0 3 33 3 4 0 32 27 5 4 4 8 8 12 5 15 1 15 5 33 33 33
split_gain=13.0502 14.039 11.6041 11.3977 11.559 11.0324 9.70465 9.5997 8.70162 9.446 9.80379 8.37505 7.18979 7.16326 7.04535 6.97861 6.87683 6.52388 7.72967 6.19796 5.53565 5.50922 5.68253 8.8803 5.35229 5.19116 5.19069 5.05433 8.27705 4.44763
threshold=92.850000000000009 42.45000000000001 11.500000000000002 47.050000000000004 58.350000000000001 50.350000000000001 49.750000000000007 77.450000000000017 45.250000000000007 50.95000000000001 33.750000000000007 51.050000000000004 94.950000000000017 63.350000000000001 75.65000000000002 7.5000000000000009 69.15000000000002 88.450000000000017 84.450000000000017 48.550000000000004 37.250000000000007 76.950000000000017 50.350000000000001 51.150000000000013 45.95000000000001 53.250000000000007 59.150000000000013 67.250000000000014 64.65000000000002 67.850000000000009
decision_type=2 2 2 10 2 2 2 8 2 2 8 2 2 2 10 2 2 2 2 2 2 2 2 2 2 2 2 8 10 8
left_child=2 12 7 4 5 -3 17 14 27 10 -10 -11 -2 15 16 25 20 18 24 -7 -1 22 -14 -24 -4 -5 -17 28 -8 -23
right_child=1 3 6 13 -6 19 8 -9 9 11 -12 -13 21 -15 -16 26 -18 -19 -20 -21 -22 29 23 -25 -26 -27 -28 -29 -30 -31
leaf_value=0.0085545612224187922 0.017311539230527129 -0.018195666539715376 0.017466086931525782 0.008889031926247213 0.063209614981985435 -0.0011715038922811471 -0.0055464882046711312 0.020119846137992409 -0.01563481686765214 0.019737067099920069 -0.0020206602921937059 0.00093419452251085756 -0.033772408272908873 -0.015032646259126238 -0.017943782865605433 0.01181567935475409 0.020462839847686126 -0.035832665440385082 0.014765305660755007 0.037096373597289692 0.00055499652647895688 0.007593180503686691 0.014185794897363808 -0.028128068078817355 -0.012564954965588765 0.00050068047518366432 0.038222284527369102 -0.013901531822814768 0.020156127442809011 -0.0157977728981465
leaf_weight=264.63471555896103 25.61737298220396 17.689224129542708 15.508198288269339 392.50819192826748 15.789460957050322 14.026947800070046 575.38753379043192 77.512417361140251 138.68419320229441 60.380461104214191 2870.3944579940289 2934.4326617475599 39.587795488536358 40.058081984519958 42.520099639892578 64.811184667050838 52.311656210571527 22.893572248518467 32.682704405859113 39.988977864384651 1190.5833228994161 50.483099956065416 23.202229827642441 26.209479015320539 261.48827321175486 350.3783820644021 26.653397418558598 170.7312384955585 32.958541080355644 33.781901195645332
leaf_count=1761 130 126 280 1813 81 116 8132 355 2987 409 19451 19980 229 186 185 297 230 132 204 317 7125 263 111 126 2299 1595 119 907 164 145
internal_value=-0.000193661 0.00478664 -0.000855494 0.00728951 0.0245025 0.0158334 -0.00172712 0.00295196 -0.00131732 -0.000671225 -0.00265028 0.00131561 -0.00729107 0.00555883 0.00208899 0.00655512 0.00265848 -0.0100673 -0.00813542 0.0270827 0.00201366 -0.0109653 -0.019639 -0.00816926 -0.0108599 0.00494004 0.0195987 -0.00628922 -0.00414269 -0.00173261
internal_weight=9903.89 1160.79 8743.1 961.904 87.4946 71.7051 7115.54 1627.56 6782.97 6003.89 3009.08 2994.81 198.882 874.409 1550.05 834.351 1507.53 332.573 309.679 54.0159 1455.22 173.265 88.9995 49.4117 276.996 742.887 91.4646 779.077 608.346 84.265
internal_count=70255 5654 64601 4650 640 559 54945 9656 52030 42827 22438 20389 1004 4010 9301 3824 9116 2915 2783 433 8886 874 466 237 2579 3408 416 9203 8296 408
is_linear=0
shrinkage=0.05


Tree=112
num_leaves=31
num_cat=0
split_feature=4 3 4 32 4 6 8 31 4 12 7 8 8 3 29 3 31 31 6 32 4 32 0 3 12 16 32 29 0 8
split_gain=11.7687 12.6648 10.7305 10.8741 8.8972 11.5671 10.8528 10.5145 8.45605 10.8481 12.3226 7.76971 7.43233 7.12373 7.11589 18.5254 7.00149 6.85818 7.32176 8.12776 6.67596 6.17592 6.12396 8.45741 5.98365 5.3392 4.79183 11.9974 8.65435 7.13395
threshold=92.850000000000009 42.45000000000001 79.15000000000002 82.550000000000011 81.250000000000014 59.750000000000007 83.850000000000009 2.5000000000000004 73.15000000000002 89.450000000000017 43.550000000000004 51.750000000000007 18.750000000000004 59.650000000000013 56.750000000000007 47.150000000000013 2.5000000000000004 -4.4999999999999991 72.750000000000014 60.250000000000007 82.050000000000011 56.550000000000004 60.850000000000001 45.850000000000001 99.65000000000002 49.650000000000013 64.850000000000009 53.500000000000007 53.550000000000004 63.650000000000013
decision_type=2 2 2 10 2 2 2 8 2 2 2 2 2 2 2 2 10 10 2 10 2 8 2 2 2 2 10 2 2 2
left_child=2 16 3 8 5 11 7 21 9 10 -1 13 -11 -4 25 -16 17 -2 19 -19 -9 -6 -7 -24 -13 -10 27 -3 -28 -29
right_child=1 26 4 -5 6 22 -8 20 14 12 -12 24 -14 -15 15 -17 -18 18 -20 -21 -22 -23 23 -25 -26 -27 28 29 -30 -31
leaf_value=-0.0090979743225049793 -0.023174769186208782 0.038790084051326439 0.018072130337525815 0.017767886219808984 0.0072459943059349947 -0.013873474866861649 0.01201096299329516 0.015407836658418515 0.028391330994403437 0.015699142762595621 -0.0010015862509177866 -0.016375760997875282 0.0016264053427378856 -0.024264095383751943 -0.0058319162303817167 0.020889232803036381 -0.022627543366258752 -0.034591772692859762 0.020586361439207584 0.0038505171480666665 -0.01111309503034214 -0.0020844320338767675 -0.025898440310657828 0.017014882608669537 0.014668834521881204 0.00012863432491499286 0.012993380119066329 0.015173472472466865 0.00053113253704326828 -0.0010368115292674297
leaf_weight=562.01277384348214 28.709634616971016 36.860734101384878 80.405660243704915 87.75143851339817 213.42585737071931 472.26708495989442 133.1069611646235 24.966495150700212 17.283595349639654 98.877150583080947 2880.0918319057673 60.343550529330969 1847.2399741346017 11.154018841683863 100.65614669583738 180.87427729927003 52.301984302699566 17.948361206799746 42.596008293330669 57.02990297973156 405.00462256371975 1044.8165622986853 16.389529045671225 37.483690729364753 20.639967685565352 441.86689053475857 203.24497321248055 161.99329030513763 445.30669102817774 115.79794323630631
leaf_count=6136 150 220 748 393 2070 4280 732 161 101 1077 21572 493 13980 91 599 1017 263 115 217 259 2424 5436 108 238 155 2790 894 920 1962 654
internal_value=-0.000184336 0.0045426 -0.000813535 0.000301391 -0.00356586 -0.00836408 -0.00172209 -0.00280848 5.02104e-05 -0.000637577 -0.00232521 0.00284553 0.00234474 0.0128392 0.00505981 0.0113191 -0.00693947 -0.00128461 0.00403325 -0.00531905 -0.00955829 -0.000497361 -0.0120495 0.00384318 -0.00839354 0.00120935 0.00691555 0.0119874 0.0044457 0.00840024
internal_weight=9898.45 1161.79 8736.66 6216.65 2520 698.684 1821.32 1688.21 6128.9 5388.22 3442.1 172.543 1946.12 91.5597 740.681 281.53 198.586 146.284 117.574 74.9783 429.971 1258.24 526.14 53.8732 80.9835 459.15 963.204 314.652 648.552 277.791
internal_count=70255 5654 64601 47665 16936 6113 10823 10091 47272 42765 27708 1487 15057 839 4507 1616 1004 741 591 374 2585 7506 4626 346 648 2891 4650 1794 2856 1574
is_linear=0
shrinkage=0.05


Tree=113
num_leaves=31
num_cat=0
split_feature=4 4 32 2 4 8 16 9 32 4 33 33 13 9 13 0 16 13 26 13 13 29 33 2 14 0 1 14 1 33
split_gain=10.6127 9.70477 9.83544 8.32112 8.09788 9.77275 10.4525 8.97347 7.99105 7.85374 7.72591 7.39022 8.7298 12.6005 6.90372 6.10072 6.03526 5.93299 5.888 5.96755 8.68513 5.85202 8.64138 7.23555 6.36555 5.75233 5.55795 5.16689 5.1439 4.97446
threshold=92.850000000000009 79.15000000000002 82.550000000000011 64.050000000000011 81.250000000000014 83.850000000000009 46.45000000000001 49.250000000000007 80.550000000000011 73.15000000000002 65.050000000000011 47.650000000000013 57.150000000000013 50.050000000000004 54.750000000000007 60.550000000000004 51.850000000000001 54.350000000000001 1.0000000180025095e-35 61.050000000000004 60.050000000000004 57.750000000000007 32.550000000000004 55.650000000000013 44.250000000000007 53.95000000000001 54.95000000000001 44.850000000000001 51.550000000000004 27.650000000000002
decision_type=2 2 10 2 2 2 2 2 10 2 8 10 2 2 2 2 2 2 2 2 2 2 10 2 2 2 2 2 2 10
left_child=1 2 3 8 21 6 -6 -7 9 -1 -8 12 13 -2 -9 -5 18 27 19 20 -13 22 24 29 -3 -10 -24 -15 -21 -23
right_child=11 4 -4 15 5 7 10 14 25 -11 -12 16 -14 17 -16 -17 -18 -19 -20 28 -22 23 26 -25 -26 -27 -28 -29 -30 -31
leaf_value=-0.00060534769055418372 0.0013831782997690738 0.0073954982531605849 0.016913767722526941 0.037518549218718604 0.038199067811000888 0.041036877035277856 -0.0058111721690063721 -0.012959989019660943 -0.0043331487879309464 0.0049438679957579052 0.0011293512380704327 0.0037441999877687402 -0.0052775351806474613 0.0076624897627051757 0.013895602856225098 0.0030637000287582774 0.021656907315931815 0.066705758197196693 -0.010635856176960092 0.011965188965090356 0.031946541704438843 -0.0086889796217716735 -0.0004378087248733305 0.0022207866845093105 -0.034957824784764051 -0.034906546862425183 -0.012038994362975052 0.049012602683907641 -0.015290980150708001 -0.0321994507352521
leaf_weight=5287.6554660191759 32.668127806857228 11.183179416693745 87.583039321005344 25.279583480209112 15.383806843310593 21.355505276471376 1007.7034303322434 34.256733728572726 35.652257762849331 724.90681008808315 664.10472479462624 806.23093832284212 32.265142852440476 15.380109548568727 77.95802971534431 26.754873983561993 41.602968193590641 16.158077653497458 81.494784295558929 22.640517167747021 28.221928633749485 35.293889632448554 364.83550329320133 34.828954059630632 39.187710963189602 27.602284923195839 144.42979064211249 15.497319620102642 70.563944570720196 65.894511999562383
leaf_count=42305 268 240 393 127 91 127 7081 192 160 4431 2919 3691 236 101 413 130 190 102 404 105 129 287 2940 204 1004 119 828 110 318 610
internal_value=-0.000175637 -0.000773679 0.000286223 4.74835e-05 -0.00339348 -0.00163662 -0.00266992 0.0113703 -0.000122369 6.29351e-05 -0.00305124 0.00431093 0.0165265 0.0254113 0.00564842 0.0199385 0.00300303 0.0419554 0.00222699 0.00336341 0.00470773 -0.0079837 -0.00570757 -0.0173009 -0.0254596 -0.0177874 -0.00373949 0.0286687 -0.0086108 -0.0240652
internal_weight=9894.57 8731.85 6215.43 6127.85 2516.42 1820.76 1687.19 133.57 6075.82 6012.56 1671.81 1162.72 111.969 79.7036 112.215 52.0345 1050.76 47.0355 1009.15 927.657 834.453 695.654 559.636 136.017 50.3709 63.2545 509.265 30.8774 93.2045 101.188
internal_count=70255 64601 47665 47272 16936 10823 10091 732 47015 46736 10000 5654 817 581 605 257 4837 313 4647 4243 3820 6113 5012 1101 1244 279 3768 211 423 897
is_linear=0
shrinkage=0.05


Tree=114
num_leaves=31
num_cat=0
split_feature=4 3 33 13 13 5 4 32 9 1 33 32 13 31 3 3 12 5 14 0 27 3 9 0 6 6 31 8 29 32
split_gain=9.57608 11.3132 8.85485 12.2995 10.9874 9.01548 8.78725 8.89605 7.7625 7.73823 7.93324 9.17028 7.70914 7.58203 8.60236 7.25176 7.2333 12.7592 10.5091 6.35537 6.23182 5.88813 5.59459 5.52807 5.32801 5.12342 4.57274 4.47773 7.08279 6.12998
threshold=92.850000000000009 42.45000000000001 47.050000000000004 57.150000000000013 54.95000000000001 47.45000000000001 79.15000000000002 82.550000000000011 41.95000000000001 38.550000000000004 29.550000000000004 59.750000000000007 55.050000000000004 10.500000000000002 39.850000000000001 60.750000000000007 86.65000000000002 47.650000000000013 33.850000000000001 63.350000000000001 7.5000000000000009 39.350000000000001 49.350000000000001 55.850000000000001 67.050000000000011 78.450000000000017 13.500000000000002 36.050000000000004 57.750000000000007 62.95000000000001
decision_type=2 2 10 2 2 2 2 10 2 2 10 10 2 8 2 2 2 2 2 2 2 2 2 2 2 2 8 2 2 10
left_child=6 12 3 4 5 -3 7 9 -8 10 -1 -12 27 14 24 -16 18 -18 -11 20 25 -14 -22 26 -10 -4 -15 -2 29 -29
right_child=1 2 19 -5 -6 -7 8 -9 13 16 11 -13 21 23 15 -17 17 -19 -20 -21 22 -23 -24 -25 -26 -27 -28 28 -30 -31
leaf_value=-0.034900744918212635 0.023887775262325134 -0.0033972321600126303 0.002583282526284052 -0.0080139129757116154 0.068298426155561628 0.040040787406142579 -0.034982942085734457 0.016101001357390562 -0.01946424080647453 -0.0073788476678389812 0.021952498267386045 -0.033354599625786178 -0.0055376291807799453 -0.057636144773301645 -0.0007347262854315895 -0.011149022151929387 0.0078313343053862464 -0.00011482005204694283 -6.6706831034285179e-06 -0.01461317739665235 -0.00051800434218139289 -0.032994397815431974 0.026187634555823604 -0.0038819424891271383 -0.0044583792173622221 0.014907324354106896 -0.016471448422065851 -0.017105753883020824 -0.027660535345376866 0.013351317736236915
leaf_weight=31.814482758753002 18.376850455999374 21.300763018429279 647.05104175209999 25.320428036153316 16.397841446101665 26.494235824793577 19.033873539417982 87.41342006623745 113.27588010765612 570.53703674022108 19.226586394011978 12.138649400323628 41.038042269647121 13.718190036714077 2018.4405513731763 182.32693488243967 741.40713552292436 1581.3111966848373 3171.229903624393 40.033693291246891 27.763179644942284 38.157240025699139 63.809194684028625 23.666581882163882 126.12196988239884 97.249601848423481 14.266405531205237 23.429036196321249 22.353109132498503 54.877281978726387
leaf_count=779 95 173 2961 184 114 169 180 393 826 4578 286 109 211 108 13497 1150 7343 9871 24306 186 129 193 287 144 914 447 117 147 111 247
internal_value=-0.000167204 0.00409253 0.00632915 0.0213162 0.0329574 0.0206107 -0.000735877 0.000271896 -0.00323231 4.50125e-05 -0.0173482 0.000351232 -0.00677269 -0.00298638 -0.00258229 -0.00160026 0.000227322 0.00241965 -0.00113227 0.00478959 0.00572649 -0.0188546 0.0180447 -0.0219381 -0.0115847 0.00420203 -0.036962 0.00123256 -0.00287346 0.00416468
internal_weight=9889.58 1163.65 965.42 89.5133 64.1928 47.795 8725.93 6215.08 2510.85 6127.66 63.1797 31.3652 198.232 2491.82 2440.17 2200.77 6064.49 2322.72 3741.77 875.907 835.873 79.1953 91.5724 51.6512 239.398 744.301 27.9846 119.036 100.659 78.3063
internal_count=70255 5654 4650 640 456 342 64601 47665 16936 47272 1174 395 1004 16756 16387 14647 46098 17214 28884 4010 3824 404 416 369 1740 3408 225 600 505 394
is_linear=0
shrinkage=0.05


Tree=115
num_leaves=31
num_cat=0
split_feature=5 4 33 6 6 6 17 7 29 32 1 33 29 13 27 4 32 1 18 4 1 4 1 32 5 13 27 5 2 13
split_gain=8.43925 7.77404 6.97493 7.49331 12.9707 11.5327 10.0119 7.89907 8.47564 6.8811 6.92602 10.2295 5.73786 6.27661 5.6278 8.74182 5.59258 5.30593 8.13232 5.07805 4.76187 5.60307 4.44503 7.16794 4.43728 5.3612 4.10571 3.97894 5.19773 4.70537
threshold=35.95000000000001 30.050000000000004 79.050000000000011 88.350000000000009 81.050000000000011 79.850000000000009 1650.0000000000002 44.850000000000001 55.750000000000007 50.350000000000001 45.45000000000001 47.050000000000004 55.750000000000007 56.650000000000013 6.5000000000000009 92.15000000000002 70.750000000000014 54.550000000000004 9.5000000000000018 95.050000000000011 41.150000000000013 69.250000000000014 56.150000000000013 62.750000000000007 35.250000000000007 59.150000000000013 3.5000000000000004 53.650000000000013 47.150000000000013 54.350000000000001
decision_type=2 2 10 2 2 2 2 2 2 10 2 8 2 2 2 2 10 2 2 2 2 2 2 8 2 2 2 2 2 2
left_child=9 12 3 4 5 -3 -6 -5 -9 17 11 -11 27 22 15 16 -4 18 -1 24 21 -20 23 -14 25 -12 -17 28 -2 -30
right_child=1 2 14 7 6 -7 -8 8 -10 10 19 -13 13 -15 -16 26 -18 -19 20 -21 -22 -23 -24 -25 -26 -27 -28 -29 29 -31
leaf_value=0.03486949400698372 -0.039272223835438054 0.00019237015691068386 -0.0092575000371795946 -0.011412639638950901 -0.013971604571375871 0.008929889054787336 -0.001166737870659835 0.036566659294539471 0.0012798526704104294 -0.0071506434730209956 -0.0041550263083410888 0.066137021744958835 -0.00089505981331479748 0.032923336739853579 0.020025184748758366 5.0946920680837812e-05 0.014364729701368279 0.018043409977937797 -0.036839856127847882 -0.03586577141537111 -0.036547432036075467 0.046838582733982129 0.022422740641352117 -0.035397471728095722 -0.020470417510759439 0.025233294298850285 -0.02970354181570083 -0.043017137429582415 -0.015299133866596516 0.028643945642048016
leaf_weight=4.887472888454794 14.087559647858141 8052.8968621408567 31.055109038949013 22.43222133256495 276.49610521644354 396.22228768095374 342.80919085070491 42.623120829463005 28.795314494520426 10.689737612381579 122.26428082585335 8.3111765943467599 45.347609434276819 10.631580250337718 74.787671312689781 22.042498409748077 123.92670042812824 7.3455202002078286 3.8597551146522155 13.811920560896395 53.296482373960316 3.9154586428776383 10.336946249008177 22.673142351210117 34.328912498429418 17.666361832991242 23.600021928548813 17.568886937573552 20.434705433435742 8.5388730727136117
leaf_count=82 213 55708 128 181 2431 2645 2545 266 187 200 1125 58 576 105 334 100 550 108 136 82 1234 112 65 132 283 136 108 129 267 104
internal_value=4.2216e-05 0.000292816 0.000472648 0.000236376 9.02786e-05 0.00060281 -0.00689303 0.0142849 0.0224309 -0.00850612 -0.00381191 0.0248227 -0.0110099 -0.00285607 0.00831174 0.00391256 0.00959617 -0.021675 -0.0261946 -0.0067431 -0.0312122 0.00472388 -0.00781013 -0.0125041 -0.0043869 -0.000393649 -0.015256 -0.022871 -0.0144549 -0.00212261
internal_weight=9867.68 9587.31 9437.69 9162.28 9068.42 8449.12 619.305 93.8507 71.4184 280.377 207.072 19.0009 149.619 88.9893 275.412 200.624 154.982 73.3047 65.9592 188.071 61.0717 7.77521 78.3577 68.0208 174.26 139.931 45.6425 60.63 43.0611 28.9736
internal_count=70330 66774 65183 63963 63329 58353 4976 634 453 3556 1884 258 1591 878 1220 886 678 1672 1564 1626 1482 248 773 708 1544 1261 208 713 584 371
is_linear=0
shrinkage=0.05


Tree=116
num_leaves=31
num_cat=0
split_feature=30 28 8 33 7 17 1 18 27 2 7 8 2 33 4 27 29 1 2 17 7 30 3 7 15 33 33 1 8 3
split_gain=9.16206 9.49475 12.5812 12.3647 11.381 9.61659 8.53714 9.59999 7.61864 7.30188 7.28455 14.4144 12.5139 11.7369 11.5893 9.77379 7.1837 6.62292 6.54715 5.94879 9.35588 5.73936 5.24959 5.14505 5.50161 13.5712 9.754 4.384 4.22942 4.21568
threshold=413.00000000000006 4.5000000000000009 19.450000000000003 61.850000000000001 36.750000000000007 1075.0000000000002 60.850000000000001 16.500000000000004 5.5000000000000009 61.050000000000004 48.250000000000007 50.350000000000001 55.95000000000001 54.050000000000004 43.95000000000001 7.5000000000000009 53.500000000000007 50.050000000000004 53.550000000000004 1250.0000000000002 47.150000000000013 445.00000000000006 51.150000000000013 42.250000000000007 55.45000000000001 52.850000000000001 53.850000000000001 58.45000000000001 30.950000000000003 58.250000000000007
decision_type=2 2 2 8 2 2 2 2 2 2 2 2 2 8 2 2 2 2 2 2 2 2 2 2 2 8 8 2 2 2
left_child=8 4 23 5 17 18 7 -5 27 -7 12 15 14 -14 -6 -12 -13 -2 -4 20 -10 -19 -23 -3 25 -25 -26 28 -1 -30
right_child=1 2 3 6 10 9 -8 -9 19 -11 11 16 13 -15 -16 -17 -18 21 -20 -21 -22 22 -24 24 26 -27 -28 -29 29 -31
leaf_value=0.0060493940195395328 -0.031213137774489492 0.049013099052204086 -0.0070532349243748876 0.0045424752604455391 -0.012318830522276896 -0.0088747566350966863 -0.025071963431111389 -0.018645834638035649 -0.018287299808738524 0.0045525095589331868 0.0038491814047472389 0.0079862350608932865 0.023351386456776035 0.0030395088849138286 -0.00096559420026153192 0.012794072876584751 -0.0013586052268387745 0.021556959029890691 0.033855197228394328 -0.0092437785456521444 0.041994259268672549 -0.030941256216550313 0.0042676828725611423 0.038939404595806547 -0.034423625953830674 -0.013273224679020937 0.024370890209626947 0.014769944357664178 -0.032374049176464595 -0.0046832452675551525
leaf_weight=10.872708918526767 40.956665864214301 10.012629812583326 16.158966902643442 606.25507583096623 250.03316215798259 1055.8371717492118 28.48992820084095 48.021757174283266 10.051685260608794 111.41361777298152 2039.717690911144 229.15587935876101 86.27022048458457 408.22511997818947 2233.9879522575065 360.00449705868959 1993.5984811801463 15.025952808558939 23.915410257875919 51.911526913754642 17.167996313422918 22.210444188676775 19.690536130219698 34.741002475842834 14.980392478406431 19.117746353149414 13.088595971465109 8.1648832447826845 67.459059001877904 17.853329122066498
leaf_count=169 603 121 158 2996 3019 10339 126 249 119 762 12957 1543 669 1837 17725 2216 11393 142 181 597 153 193 173 436 168 116 75 56 868 171
internal_value=3.95156e-05 0.000249857 -0.00283549 -0.00371649 0.00104484 -0.00675831 0.00165519 0.0028303 -0.0110254 -0.00758857 0.0012637 0.00250641 -0.00066326 0.00659726 -0.00211084 0.00519365 -0.000392629 -0.0158832 0.017259 0.000614995 0.019565 -0.00473082 -0.0143057 0.0152059 0.0109585 0.0203231 -0.006841 -0.0198927 -0.0228993 -0.02665
internal_weight=9864.39 9680.91 1982.03 1890.09 7698.88 1207.33 682.767 654.277 183.481 1167.25 7600.99 4622.48 2978.52 494.495 2484.02 2399.72 2222.75 97.8836 40.0744 79.1312 27.2197 56.9269 41.901 91.9404 81.9277 53.8587 28.069 104.35 96.1851 85.3124
internal_count=70330 68197 15727 14811 52470 11440 3371 3245 2133 11101 51359 28109 23250 2506 20744 15173 12936 1111 339 869 272 508 366 916 795 552 243 1264 1208 1039
is_linear=0
shrinkage=0.05


Tree=117
num_leaves=31
num_cat=0
split_feature=30 6 17 6 7 30 30 7 7 6 1 17 32 15 1 0 13 8 13 32 15 2 7 6 7 15 33 6 4 4
split_gain=8.3444 8.3924 11.7534 10.6982 8.50339 7.96201 12.9847 8.82727 7.88362 7.80214 11.9061 7.39402 8.21157 7.71961 6.73128 6.66127 6.64287 6.53161 6.11562 6.12292 5.96735 8.08313 6.80983 5.77144 7.5576 5.72049 5.47366 4.92104 4.32672 4.97456
threshold=413.00000000000006 81.050000000000011 1650.0000000000002 78.750000000000014 36.750000000000007 469.00000000000006 499.00000000000006 45.050000000000004 66.850000000000009 85.850000000000009 46.350000000000001 1750.0000000000002 71.65000000000002 52.850000000000001 50.050000000000004 42.150000000000013 63.050000000000004 39.050000000000004 60.050000000000004 69.750000000000014 52.95000000000001 50.050000000000004 46.850000000000001 74.950000000000017 32.45000000000001 66.450000000000017 39.95000000000001 83.350000000000009 94.950000000000017 89.450000000000017
decision_type=2 2 2 2 2 2 2 2 2 2 2 2 10 2 2 2 2 2 2 10 2 2 2 2 2 2 10 2 2 2
left_child=27 3 15 4 23 18 7 -7 16 11 -11 12 -4 -13 -10 26 -6 -12 19 -5 21 -17 -22 24 -2 -8 -3 28 29 -1
right_child=1 2 9 5 8 6 25 -9 14 10 17 13 -14 -15 -16 20 -18 -19 -20 -21 22 -23 -24 -25 -26 -27 -28 -29 -30 -31
leaf_value=-0.013077989227684817 0.018397397054673106 -0.0085077325522643875 -0.0004748994028720411 -0.0041458252670154797 -7.4382747723794292e-05 0.044128213100558415 0.0042210212083697322 0.015768487964788143 0.026144795825863848 0.050635570857344318 -0.012261394140129325 -0.0018936643950109421 0.042251142889498529 -0.022407818668523632 0.0039787537767524807 -0.024617581775857343 0.0072600551374075034 0.010197784036380844 -0.030363272962140721 0.016300960424030186 -0.039685872116214931 -0.0016792668982929277 -0.013664393605437872 0.010242154530946125 -0.025656765647893178 -0.027096303243943604 0.046998104944879208 0.016143487138285745 0.01523724805284672 -0.05150207314586297
leaf_weight=145.35722232609987 11.034736356697975 9.1849994203075784 45.193272224627435 113.87762984633446 7863.4525935444981 33.644289782270789 99.483345702290535 156.16172359883785 52.685942061245441 15.133326616138218 43.30803438089788 116.43753005471081 14.772286280989645 76.230569482780993 99.618966363370419 54.739169233478606 321.19080173224211 125.94323364831507 15.477423936128615 53.721195757389069 40.347511027008295 130.03397442959249 69.390563383698463 19.526246960274875 72.470791703090072 16.978165112435818 8.2429050933569652 15.522927445359526 12.231507707387207 8.9764886908233148
leaf_count=1798 133 269 384 989 55024 284 617 949 286 169 274 1008 65 563 494 571 2001 745 114 240 348 1022 481 185 822 91 69 209 66 60
internal_value=3.66489e-05 0.000236715 -0.004846 0.000663642 0.000246259 0.00785075 0.012781 0.0208423 0.000423353 0.000435222 0.00826338 -0.00525938 0.0100201 -0.0100436 0.0116915 -0.0122586 0.000212918 0.00441756 -0.000372187 0.00238407 -0.0140466 -0.00851144 -0.0233047 -0.0140215 -0.0197604 -0.000320961 0.0175781 -0.010564 -0.0130912 -0.0153771
internal_weight=9860.37 9678.28 748.957 8929.32 8439.98 489.344 306.268 189.806 8336.95 437.018 184.385 252.634 59.9656 192.668 152.305 311.939 8184.64 169.251 183.076 167.599 294.511 184.773 109.738 103.032 83.5055 116.462 17.4279 182.088 166.565 154.334
internal_count=70330 68197 5968 62229 58945 3284 1941 1233 57805 3208 1188 2020 449 1571 780 2760 57025 1019 1343 1229 2422 1593 829 1140 955 708 338 2133 1924 1858
is_linear=0
shrinkage=0.05


Tree=118
num_leaves=31
num_cat=0
split_feature=30 28 16 8 33 16 6 32 27 9 6 31 14 33 18 32 30 13 9 33 4 2 4 9 17 32 9 0 2 31
split_gain=7.58686 8.43643 11.3367 12.224 12.1001 13.4968 9.57972 8.71172 7.067 8.99338 7.0305 6.8682 6.14025 7.96698 7.72787 12.7349 5.65418 5.24378 5.10522 11.0821 8.79586 4.68136 4.68043 6.18927 4.55098 4.38777 4.30191 4.14873 4.07183 4.57534
threshold=413.00000000000006 4.5000000000000009 49.150000000000013 19.450000000000003 61.850000000000001 56.050000000000004 75.15000000000002 58.750000000000007 5.5000000000000009 50.150000000000013 68.350000000000009 -1.4999999999999998 58.350000000000001 34.050000000000004 14.500000000000002 53.550000000000004 503.00000000000006 50.250000000000007 75.250000000000014 55.250000000000007 64.250000000000014 50.350000000000001 20.050000000000004 49.750000000000007 1650.0000000000002 59.550000000000004 41.95000000000001 51.050000000000004 48.45000000000001 -3.4999999999999996
decision_type=2 2 2 2 8 2 2 10 2 2 2 8 2 10 2 10 2 2 2 8 2 2 2 2 2 8 2 2 2 8
left_child=8 12 25 6 5 -5 24 -6 10 11 21 -10 18 -14 16 -16 -15 -13 22 20 -20 27 23 -2 -4 -3 -24 -1 -12 -30
right_child=1 2 3 4 7 -7 -8 -9 9 -11 28 17 13 14 15 -17 -18 -19 19 -21 -22 -23 26 -25 -26 -27 -28 -29 29 -31
leaf_value=-0.029051644274690994 -0.054158651690444641 0.047567641662247556 0.021379329885302341 -0.0076482251372254131 -0.010936978521278952 0.046897182863323672 0.046259130688582874 0.0039202608514888283 -0.0056145790692069299 -0.019010770819201772 -0.026793650082593514 0.057591926622071479 -0.029742064442079087 0.0087020553933087937 0.022892392926083464 -0.012406722364247072 -0.012824886106918813 0.011283397952945362 0.058948162979985709 -0.0070136449306317647 0.0099510024296539726 -0.04839674318052839 -0.014508187576075979 -0.0023978986815439839 -0.0040425109836587881 0.0099060452964668463 0.0013841819356399459 0.0072216570760427652 0.031899852289695031 -0.0083184862719440835
leaf_weight=28.044783618301153 8.6669223234057444 14.12036583945155 29.479385340586305 1167.7635859875008 119.81106029078364 11.32965639606118 18.945064447820187 554.97390489280224 20.998274254612625 32.355272168293595 12.469964500516651 11.571623133495452 29.224322136491537 160.41692198440433 28.544008301571012 231.27068025618792 37.415048457682133 13.661958585493265 17.591332290321589 30.988374419510365 19.702209454029799 21.696028765290976 42.688673216849566 17.602437382563949 42.834106599912047 18.03713733330369 7075.5984726212919 10.625153867527841 11.387216101400552 18.019030859693888
leaf_count=406 133 168 315 11116 811 107 192 2518 240 351 200 123 417 855 291 1280 190 155 122 166 131 219 382 258 393 107 48245 115 128 196
internal_value=3.41781e-05 0.000224348 -0.00268817 -0.00317785 -0.00405965 -0.00711594 0.0146657 0.00127365 -0.0101096 0.00110584 -0.0187717 0.015303 0.00097296 -0.00445876 -0.00282716 -0.0085021 0.00460108 0.0328605 0.00134035 0.0149437 0.0332925 -0.029687 0.00120944 -0.0198053 0.00626714 0.0266945 0.00128797 -0.0189631 -0.00288443 0.00714146
internal_weight=9857.83 9677 1977.29 1945.14 1853.88 1179.09 91.2586 674.785 180.829 78.5871 102.242 46.2319 7699.71 486.871 457.647 259.815 197.832 25.2336 7212.84 68.2819 37.2935 60.366 7144.56 26.2694 72.3135 32.1575 7118.29 38.6699 41.8762 29.4062
internal_count=70330 68197 15727 15452 14552 11223 900 3329 2133 869 1264 518 52470 3033 2616 1571 1045 278 49437 419 253 740 49018 391 708 275 48627 521 524 324
is_linear=0
shrinkage=0.05


Tree=119
num_leaves=31
num_cat=0
split_feature=5 28 16 33 15 2 32 6 7 31 33 12 7 5 3 20 31 13 32 32 18 4 33 7 18 31 33 18 6 33
split_gain=7.51555 6.89896 9.897 8.30192 9.89613 9.93177 9.08025 8.38718 7.94496 12.4898 11.0074 8.84755 7.47576 7.27953 13.7752 6.63295 6.51084 7.02184 6.65372 6.37192 6.21092 6.04573 5.49786 7.03054 4.6184 5.62016 4.51208 4.13755 4.88112 4.81422
threshold=35.95000000000001 4.5000000000000009 49.150000000000013 61.850000000000001 57.550000000000004 60.95000000000001 44.550000000000004 71.350000000000009 43.250000000000007 3.5000000000000004 28.050000000000004 63.350000000000001 48.750000000000007 36.850000000000001 55.050000000000004 1.0000000180025095e-35 -10.499999999999998 48.750000000000007 49.350000000000001 50.350000000000001 13.500000000000002 95.050000000000011 74.65000000000002 39.650000000000013 9.5000000000000018 -9.4999999999999982 21.350000000000005 13.500000000000002 48.350000000000001 63.850000000000001
decision_type=2 2 2 8 2 2 10 2 2 8 10 2 2 2 2 2 8 2 8 10 2 2 10 2 2 8 10 2 2 8
left_child=19 8 12 4 5 -4 -5 -6 9 10 26 -12 -3 14 15 -10 18 -18 -15 24 -8 27 23 -11 -1 -26 -2 -21 -29 -30
right_child=1 2 3 6 7 -7 20 -9 13 22 11 -13 -14 16 -16 -17 17 -19 -20 21 -22 -23 -24 -25 25 -27 -28 28 29 -31
leaf_value=0.021298325799436635 -0.010211416350946266 0.045445359485031041 -0.0046070868737964404 -0.029244209798458317 -0.006547925587499304 0.013849428955109842 0.0079691290401950107 -0.025103615588686012 -0.015607973956081121 -0.022102891110649048 -0.0050877652291195915 0.0074031502388855891 -0.0037338694400635046 0.020906162281022728 0.062362472592831925 0.026996804378378165 0.0051728964912073697 0.00089152512737666239 -0.01236843106200752 0.0089987254988582576 -0.0017825205468338966 -0.035347384120437239 0.011356000539372746 -0.0070877812519372077 0.025614151559865003 -0.028903502582513299 -0.044989797377345667 0.028425194346050814 -0.0044869626830841784 -0.030924797739092919
leaf_weight=5.7549956049770108 23.810859750956297 18.663116402924064 858.75561297219247 23.07559085264802 149.53927081823349 79.446319911628962 295.72311633080244 103.93138773553073 19.51958036236465 113.47855938319117 223.4594253571704 386.07468385063112 12.813568122684954 16.677114464342594 14.055164927616714 16.91968272253871 1172.6474655084312 5250.1095763249323 137.32551464438438 64.87275005877018 363.01778088510036 13.870306793600319 27.418138772249222 254.50242799241096 4.9503511367365718 60.98768012970686 15.870029661804436 9.1221247427165491 97.399314000271261 21.025473438203335
leaf_count=92 443 166 8547 204 1251 548 1418 891 211 1251 1824 2819 97 292 133 184 8343 32556 886 483 1747 84 116 2312 131 1449 535 89 1124 104
internal_value=3.16159e-05 0.000267407 -0.00242492 -0.00289504 -0.0054134 -0.00303756 0.00149936 -0.014183 0.0009366 -0.00311439 0.00114558 0.00281561 0.0253186 0.00157592 0.0204767 0.00405742 0.00142974 0.00167405 -0.00872141 -0.00807084 0.00258816 -0.00357468 -0.0101201 -0.0117365 -0.0209155 -0.0247022 -0.0243245 -0.00124125 -0.00649163 -0.00924513
internal_weight=9854.82 9576.83 1904.97 1873.49 1191.67 938.202 681.816 253.471 7671.87 1044.61 649.215 609.534 31.4767 6627.25 50.4944 36.4393 6576.76 6422.76 154.003 277.983 658.741 206.29 395.399 367.981 71.693 65.938 39.6809 192.42 127.547 118.425
internal_count=70330 66774 14869 14606 11237 9095 3369 2142 51905 9300 5621 4643 263 42605 528 395 42077 40899 1178 3556 3165 1884 3679 3563 1672 1580 978 1800 1317 1228
is_linear=0
shrinkage=0.05


Tree=120
num_leaves=31
num_cat=0
split_feature=27 29 30 9 18 18 3 7 7 7 14 4 7 31 17 9 4 9 17 13 7 5 4 13 30 31 4 5 4 5
split_gain=12.7576 12.5372 9.07627 9.30722 8.11185 8.00451 9.90481 11.5833 6.62515 17.3981 6.52597 6.45812 12.066 12.2052 9.89334 13.5781 9.04988 9.93834 8.8701 7.87778 7.74091 7.61056 6.57757 6.43748 5.85179 5.74851 4.84889 9.06923 5.86918 5.58097
threshold=7.5000000000000009 51.250000000000007 513.00000000000011 50.350000000000001 9.5000000000000018 15.500000000000002 42.850000000000001 43.45000000000001 52.850000000000001 53.95000000000001 48.650000000000013 67.750000000000014 54.45000000000001 -2.4999999999999996 1450.0000000000002 48.95000000000001 79.950000000000017 42.650000000000013 2855.0000000000005 59.45000000000001 46.750000000000007 56.350000000000001 73.350000000000009 76.750000000000014 519.00000000000011 10.500000000000002 78.15000000000002 40.150000000000013 87.050000000000011 43.850000000000001
decision_type=2 2 2 2 2 2 2 2 2 2 2 2 2 10 2 2 2 2 2 2 2 2 2 2 2 8 2 2 2 2
left_child=4 -2 5 -4 8 10 -7 -8 26 -10 25 12 13 19 15 -14 20 -18 -15 -6 21 -13 -22 -19 -5 -3 27 -1 29 -28
right_child=1 2 3 24 11 6 7 -9 9 -11 -12 16 14 18 -16 -17 17 23 -20 -21 22 -23 -24 -25 -26 -27 28 -29 -30 -31
leaf_value=-0.017345575996877152 0.041391231519697161 0.013637429239479987 0.0049106264625507707 0.056653250350538455 -0.0076406383128162086 -0.012610639814967873 -0.019313755302974779 0.0060188143655139775 -0.035632178494518746 0.0047311938472660645 0.0022493197345610791 0.012899452442854578 -0.016089026299196309 -0.00099806678880076465 -0.00099079080549196747 0.015780788153637648 -0.027398521259549807 -0.0013575941970868589 -0.02116121844700581 -0.028417768852737436 -0.0031235820736418168 -0.0012627818912611137 0.0052814665542022972 0.025531147654955611 0.020839567713716683 -0.015273550486281852 0.01618003822432627 0.017647900440525346 0.012930350285237039 -0.01790058652011153
leaf_weight=20.324153492227197 22.266636771149933 258.72637437097728 80.523574434220791 16.4900120832026 1023.7664035530761 164.31735003646463 52.898020539432764 302.12077390961349 32.175333071500063 153.92140598781407 536.21313289552927 323.76563641615212 39.5061249807477 1572.7778501445428 650.19596144836396 210.10237450711429 36.430841805413365 2843.1435597203672 56.449695389717817 47.885743266902864 496.11537642404437 133.26171081885695 437.92711114883423 22.319206999614835 39.914557278156281 18.175150495022535 15.969959773123263 187.20762655511498 58.600433722138405 46.378092728555202
leaf_count=226 201 1632 523 103 8971 1365 519 2105 159 745 3493 3000 265 13793 4077 1382 315 17718 367 442 3568 731 2567 117 250 131 130 1067 278 241
internal_value=-4.46272e-05 0.00421614 0.00364662 0.0159068 -0.000801137 0.00238186 -0.00246034 0.00222579 0.00527909 -0.002236 0.00548064 -0.00119819 -0.00275982 -0.00443104 0.00225094 0.0107122 0.000110472 -0.00147777 -0.00170101 -0.00857627 0.00342714 0.00875967 0.000811928 -0.00114553 0.03148 0.0117169 0.00955128 0.0141901 0.0015452 -0.00907911
internal_weight=9899.87 1491.65 1469.38 136.928 8408.22 1332.45 519.336 355.019 514.577 186.097 813.115 7893.65 3600.68 2700.88 899.804 249.608 4292.96 2901.89 1629.23 1071.65 1391.07 457.027 934.042 2865.46 56.4046 276.902 328.48 207.532 120.948 62.3481
internal_count=70481 10322 10121 876 60159 9245 3989 2624 2846 904 5256 57313 29297 23573 5724 1647 28016 18150 14160 9413 9866 3731 6135 17835 353 1763 1942 1293 649 371
is_linear=0
shrinkage=0.05


Tree=121
num_leaves=31
num_cat=0
split_feature=27 7 30 30 18 17 32 33 28 31 7 28 2 27 3 9 7 33 13 18 13 12 33 5 7 9 5 7 33 7
split_gain=12.1446 8.75522 8.86671 7.55734 9.63249 8.33505 10.6954 8.32198 12.6105 10.3022 8.25997 7.40428 7.29236 6.92509 6.75547 7.45515 6.48646 6.10411 6.00984 5.84745 6.88015 5.99717 5.68353 5.3874 6.59005 5.11058 5.01024 4.98206 7.58748 4.80558
threshold=5.5000000000000009 36.350000000000001 415.00000000000006 479.00000000000006 10.500000000000002 1950.0000000000002 72.050000000000011 50.650000000000013 6.5000000000000009 41.000000000000007 59.250000000000007 6.5000000000000009 59.250000000000007 7.5000000000000009 51.650000000000013 49.750000000000007 77.050000000000011 72.050000000000011 66.050000000000011 9.5000000000000018 76.750000000000014 98.350000000000009 59.850000000000001 60.95000000000001 43.750000000000007 49.45000000000001 47.350000000000001 54.95000000000001 37.850000000000001 47.550000000000004
decision_type=2 2 2 2 2 2 10 10 2 8 2 2 2 2 2 2 2 8 2 2 2 2 8 2 2 2 2 2 8 2
left_child=1 14 23 4 25 7 12 8 10 -9 -5 18 13 -7 -1 -16 19 -8 22 21 -21 -4 -6 24 -3 -2 -26 28 -27 -11
right_child=3 2 16 5 11 6 17 9 -10 29 -12 -13 -14 -15 15 -17 -18 -19 -20 20 -22 -23 -24 -25 26 27 -28 -29 -30 -31
leaf_value=-0.037487810036135313 0.029131242677756859 -0.040337306474396595 0.001324252407075845 0.012156557167879681 -0.00360798961819388 -0.01379560174843856 0.0034717877709290455 0.0053602376146184858 -0.025785505099342149 -0.031615042289848752 0.037914209755025734 -0.024449697051567593 0.016707617472042014 0.0018214068418987797 0.032235237237020632 -0.021272891192845297 0.029390924113583856 0.033117393519964754 0.01685823064473865 -0.0017200040746358494 0.025527405437223528 0.016553343965249486 0.0017023261749971421 -0.041814358033428228 0.0080791341117838721 0.03611478694507448 -0.015940498848407699 -0.0045551904799073064 0.0067496258018024061 -0.0051389469972981158
leaf_weight=29.716879891231656 26.622719099745154 15.694687070325015 263.56661004945636 332.29361207876354 1080.2677756911144 192.78000010550022 43.633630342781544 944.7689563035965 20.223772229626775 24.30465130507946 34.547479692846537 33.311651015654206 32.732177734375 111.46460058912635 9.6077820891514438 19.55129938852042 17.312717415392399 29.258509054780006 47.39589860662818 5072.2043603714556 23.152915693819523 85.947883119806647 942.76608286798 16.063491996377707 39.109450039453804 24.813063638284802 48.122754594311118 78.376165132969618 197.65753307193518 59.864049226045609
leaf_count=403 150 276 1448 3728 10730 1347 193 4652 300 135 249 346 175 751 107 226 82 128 341 36549 128 465 4433 108 587 345 420 383 1013 283
internal_value=-4.30952e-05 -0.00156525 -0.00136176 0.00197237 0.000144537 0.00440331 -0.00186607 0.00622155 0.0124762 0.00386285 0.0146056 -0.00109519 -0.00563416 -0.00805893 -0.0207352 -0.00342141 -0.00106649 0.0154689 -0.000715852 -0.00116479 -0.00159471 0.00508715 -0.00113086 -0.0148618 -0.0105704 0.00812198 -0.00511743 0.00623713 0.0100621 -0.012872
internal_weight=9897.13 5640.05 5581.17 4257.08 2431.21 1825.87 409.869 1416 387.065 1028.94 366.841 2103.74 336.977 304.245 58.876 29.1591 5462.18 72.8921 2070.43 5444.87 5095.36 349.514 2023.03 118.99 102.927 327.469 87.2322 300.847 222.471 84.1687
internal_count=70481 40799 40063 29682 17741 11941 2594 9347 4277 5070 3977 15850 2273 2098 736 333 38672 321 15504 38590 36677 1913 15163 1391 1283 1891 1007 1741 1358 418
is_linear=0
shrinkage=0.05


Tree=122
num_leaves=31
num_cat=0
split_feature=27 29 8 6 30 0 0 30 17 8 6 2 17 13 0 0 2 30 3 19 29 13 2 20 27 13 3 17 2 9
split_gain=10.961 11.483 9.28049 8.22905 7.74264 7.33873 8.07835 7.18707 8.76018 7.41228 6.97069 8.21792 8.7003 7.77488 7.58916 12.3577 6.85661 6.32652 6.23942 6.22828 7.54814 6.03803 6.62987 5.91471 5.90315 4.9754 4.4604 8.06848 6.15115 5.65818
threshold=5.5000000000000009 51.250000000000007 21.250000000000004 80.850000000000009 415.00000000000006 62.550000000000004 46.050000000000004 485.00000000000006 1650.0000000000002 20.050000000000004 49.95000000000001 55.850000000000001 2810.0000000000005 65.750000000000014 44.95000000000001 46.350000000000001 63.45000000000001 439.00000000000006 58.850000000000001 1.0000000180025095e-35 57.250000000000007 55.550000000000004 50.250000000000007 1.0000000180025095e-35 1.5000000000000002 51.750000000000007 51.050000000000004 1650.0000000000002 50.050000000000004 49.850000000000001
decision_type=2 2 2 2 2 2 2 2 2 2 2 2 2 2 2 2 2 2 2 2 2 2 2 2 2 2 2 2 2 2
left_child=4 25 7 5 26 6 -4 9 23 18 13 19 17 14 -6 -16 -7 -13 -3 24 -21 -5 -23 -9 -12 -2 29 -28 -29 -1
right_child=1 2 3 21 10 16 -8 8 -10 -11 11 12 -14 -15 15 -17 -18 -19 -20 20 -22 22 -24 -25 -26 -27 27 28 -30 -31
leaf_value=-0.0081624539896651954 0.041909975085323903 -0.0037182945816730292 -0.0041515690153608844 -0.010497148295407406 -0.014300261138785648 -0.01664247287809402 0.0030423429553703687 0.068862256350665813 0.009060756308145226 0.039736148113706474 0.0012544748333490436 -0.0130692772525216 0.028613245043990921 0.04065162035903748 0.04325924337323505 0.0037539723538185053 0.016609246048822239 0.0018352724412252668 0.031977657734823924 0.00046396650238829536 -0.011071164224626789 -0.0086969132489578514 0.016558702308619964 0.025408711807468405 -0.0059601660207418087 0.011701626213931626 -0.021269781242949912 -0.0056661637272982165 0.039146585301264504 -0.041509563407091013
leaf_weight=25.678068340755999 23.256283819675446 102.66947521828115 446.11891961377114 248.5420545488596 52.731597846373916 91.18282919190824 3085.1602664478123 13.46969594620168 44.40733328089118 13.354142546653746 337.37014182563871 75.358146544545889 29.036479152739048 14.455066010355948 20.842554086819291 375.01199416723102 18.446454681456089 1247.3603607285768 13.79210579395294 1466.2594220582396 156.84438389539719 51.93917222134769 51.57070498354733 20.340898856520653 1739.929603994824 34.572290231473744 37.13931860588491 17.832648383453492 13.090982463210819 26.13447985239327
leaf_count=353 232 988 4288 1908 608 532 19716 105 356 114 2784 425 144 93 157 2386 88 7156 130 10835 1287 444 310 161 13483 310 414 226 115 333
internal_value=-4.14419e-05 0.00187234 0.00156616 0.00102823 -0.00148872 0.00173517 0.002132 0.0118617 0.0238398 0.00459317 -0.00121435 -0.00175324 0.00158074 0.00465366 0.00347373 0.00585703 -0.0109919 0.000981424 0.000489954 -0.0029725 -0.000648234 -0.00626722 0.00384152 0.0430195 -0.00478604 0.0239879 -0.0140587 -0.00553526 0.0132084 -0.0251268
internal_weight=9893.9 4258.82 4200.99 3992.96 5635.08 3640.91 3531.28 208.034 78.2179 129.816 5515.2 5052.16 1351.75 463.041 448.586 395.855 109.629 1322.72 116.462 3700.4 1623.1 352.052 103.51 33.8106 2077.3 57.8286 119.875 68.0629 30.9236 51.8125
internal_count=70481 29682 29140 27286 40799 24624 24004 1854 622 1232 39358 36114 7725 3244 3151 2543 620 7581 1118 28389 12122 2662 754 266 16267 542 1441 755 341 686
is_linear=0
shrinkage=0.05


Tree=123
num_leaves=31
num_cat=0
split_feature=27 29 6 3 3 30 3 18 30 9 2 6 7 7 9 18 3 7 8 12 8 29 7 9 4 6 18 13 7 7
split_gain=10.1582 10.1011 8.38824 10.3416 18.0205 9.18056 8.20426 7.97073 7.77842 8.221 7.71909 7.69185 7.58043 7.40348 7.32779 7.1465 8.92792 10.4242 6.89964 8.61374 7.17585 6.77739 6.09456 8.6375 5.26091 5.16471 4.81237 4.49922 4.25823 4.23746
threshold=7.5000000000000009 51.250000000000007 81.050000000000011 39.350000000000001 38.850000000000001 399.00000000000006 49.750000000000007 9.5000000000000018 513.00000000000011 50.350000000000001 54.550000000000004 76.850000000000009 44.350000000000001 40.850000000000001 49.650000000000013 15.500000000000002 42.850000000000001 43.45000000000001 51.750000000000007 73.750000000000014 68.450000000000017 53.500000000000007 53.550000000000004 50.45000000000001 83.050000000000011 70.850000000000009 15.500000000000002 49.350000000000001 57.350000000000001 49.550000000000004
decision_type=2 2 2 2 2 2 2 2 2 2 2 2 2 2 2 2 2 2 2 2 2 2 2 2 2 2 2 2 2 2
left_child=2 -2 5 4 10 -1 28 18 15 -10 -4 13 -13 -9 26 22 27 -18 19 -7 -20 -16 25 -24 -11 -3 -8 -17 29 -5
right_child=1 8 3 6 -6 7 14 11 9 24 -12 12 -14 -15 21 16 17 -19 20 -21 -22 -23 23 -25 -26 -27 -28 -29 -30 -31
leaf_value=-0.024661630546084647 0.036496548810426632 -0.0012718778735065657 -0.028710392144899684 -0.011441698410629218 0.059343049733200787 0.0054971847547121248 -0.0029010461872045305 -0.0073523556222977824 0.0041931991890581067 0.019138881187226162 0.025388395093229585 0.017175279406955353 0.0022875740646343076 -0.00059260051996247877 0.020624973624584209 0.0032883859257633696 -0.018642392302818101 0.0054870587948045307 -0.00998092846394758 0.024899528175448743 0.0088621321093179054 -0.0021205489232051311 0.021110342909931828 0.0020119063053024907 0.053038096982014706 0.0086234426819474224 -0.025202421351279893 -0.016608589788294392 0.0060097907029942645 -0.025840051292044103
leaf_weight=38.240409695543349 23.122513175010681 374.68275584187359 16.518482725135986 132.20137389656156 16.033467295579612 194.50046407058835 45.78076540119946 433.54895815998316 80.919618230313063 40.774647450074553 10.767778832465408 103.90790473483503 487.88593061082065 6195.8765568807721 37.812886663712561 36.013711990788579 52.363721694797277 303.22161618620157 104.73912240378559 81.58781810477376 97.334384327754378 239.38480379711837 120.66420676372945 117.41945945098996 16.430367823690176 202.82123191654682 52.627129576168954 127.37798005435616 21.469061013311148 85.756158006377518
leaf_count=527 201 2591 176 1266 120 1080 326 4385 523 269 69 951 3195 43102 328 356 519 2105 564 457 515 1800 667 621 84 1377 498 1009 139 661
internal_value=-3.97571e-05 0.00375566 -0.000716575 -0.00613453 0.0174161 -0.000254871 -0.00780401 -0.000132682 0.00323576 0.0145326 -0.00716446 -0.000547325 0.00491248 -0.00103553 -0.00317493 0.00206182 -0.00251828 0.00191544 0.00611763 0.0112559 -0.000880013 0.000970484 0.00498232 0.0117171 0.0290382 0.00219562 -0.0148917 -0.0121931 -0.0150407 -0.017139
internal_weight=9891.79 1495.81 8395.97 658.352 43.3197 7737.62 615.032 7699.38 1472.69 138.125 27.2863 7221.22 591.794 6629.43 375.606 1334.56 518.977 355.585 478.162 276.088 202.074 277.198 815.588 238.084 57.205 577.504 98.4079 163.392 239.427 217.958
internal_count=70481 10322 60159 5383 365 54776 5018 54249 10121 876 245 51633 4146 47487 2952 9245 3989 2624 2616 1537 1079 2128 5256 1288 353 3968 824 1365 2066 1927
is_linear=0
shrinkage=0.05


Tree=124
num_leaves=31
num_cat=0
split_feature=27 8 6 12 0 5 18 0 1 6 8 30 5 6 8 3 17 20 17 32 32 31 18 0 1 32 9 17 6 32
split_gain=9.41086 9.91863 7.39112 10.558 7.0484 13.2971 10.8872 9.74913 10.4887 9.75785 7.89021 6.77679 6.46077 6.3031 7.4135 12.3855 9.53983 7.18348 8.59088 7.28556 6.84244 6.24838 11.9853 6.0556 5.9726 8.33393 5.93523 5.91334 12.9391 8.42446
threshold=5.5000000000000009 21.250000000000004 80.850000000000009 78.850000000000009 46.050000000000004 56.95000000000001 9.5000000000000018 46.350000000000001 51.150000000000013 79.450000000000017 43.250000000000007 415.00000000000006 66.450000000000017 49.95000000000001 73.250000000000014 46.150000000000013 1350.0000000000002 1.0000000180025095e-35 1175.0000000000002 78.850000000000009 77.250000000000014 -11.499999999999998 12.500000000000002 55.750000000000007 58.45000000000001 71.65000000000002 48.850000000000001 1550.0000000000002 75.15000000000002 57.150000000000013
decision_type=2 2 2 2 2 2 2 2 2 2 2 2 2 2 2 2 2 2 2 10 10 8 2 2 2 10 2 2 2 8
left_child=11 12 4 24 5 6 -3 8 -6 -9 -7 -1 27 14 20 -16 -17 18 -15 -20 26 22 -19 -23 25 -4 -13 -2 -29 -30
right_child=1 2 3 -5 7 10 -8 9 -10 -11 -12 13 -14 17 15 16 -18 21 19 -21 -22 23 -24 -25 -26 -27 -28 28 29 -31
leaf_value=-0.013226286837087679 0.026360329133762819 0.023967762711698412 -0.014702766577999371 0.0029155281697883896 0.058326365275098761 -0.021575372685813641 -0.012066835194032063 0.0018218723007909798 0.0030980412888863048 0.016310098681518781 0.014381793097556845 0.019770924645997268 -0.017547899344188305 -0.026798292045302537 -0.013767119322684002 0.046688170680753538 0.010656305199678397 0.027361003434110909 0.0011477852391158885 -0.011919094092715616 0.030367435269717431 -0.0045409649973658425 -0.029563748595113872 0.0012254431388164619 -0.032981027749396444 0.019416302624822881 -0.002628549236730665 -0.00059177244909732276 0.067688536658540605 0.01283251865712394
leaf_weight=118.18658053874969 70.996479568071663 22.377694072201848 123.11028018593788 177.41076400317252 16.156154702417552 17.474616289138794 296.64831185247749 3089.5397904403508 18.702816686592996 120.78229809366167 111.86041234433651 32.561662971973419 16.516962811350822 28.922378370538354 25.129680422134697 33.15805628336966 42.250517755746841 11.129496067762373 2383.6410324303433 111.53571762889624 18.842130348086357 1858.1238756617531 50.767291331663728 601.34219148568809 34.576089546084404 20.735864512622356 311.57632499281317 95.968524968251586 12.799642952159049 16.039626743644476
leaf_count=1441 676 159 1186 1241 156 105 3423 19763 119 690 662 247 79 245 172 178 288 79 16506 504 82 14581 482 3717 195 92 2277 881 159 96
internal_value=-3.81544e-05 0.00173372 0.00117985 -0.00569796 0.00184395 -0.00402724 -0.00951685 0.00265676 0.0289315 0.00236901 0.00947203 -0.00138096 0.0122679 -0.0011257 0.00445072 0.0164621 0.026607 -0.00163906 0.000244702 0.000561231 0.00110642 -0.00352679 -0.01922 -0.00312905 -0.0142875 -0.00973959 -0.000489502 0.0148161 0.0081934 0.0375016
internal_weight=9888.86 4261.7 4049.38 355.833 3693.54 448.361 319.026 3245.18 34.859 3210.32 129.335 5627.17 212.321 5508.98 463.518 100.538 75.4086 5045.46 2524.1 2495.18 362.98 2521.36 61.8968 2459.47 178.422 143.846 344.138 195.804 124.808 28.8393
internal_count=70481 29682 27791 2714 25077 4349 3582 20728 275 20453 767 40799 1891 39358 3244 638 466 36114 17255 17010 2606 18859 561 18298 1473 1278 2524 1812 1136 255
is_linear=0
shrinkage=0.05


Tree=125
num_leaves=30
num_cat=0
split_feature=26 33 9 1 33 7 0 0 13 4 31 7 1 15 27 8 12 7 1 15 13 15 4 0 15 8 12 7 8
split_gain=10.4279 10.2549 7.19072 6.97615 8.56073 7.60884 17.1683 11.8786 10.2529 9.04821 7.88883 7.30803 6.19169 7.67065 5.74228 6.94111 5.65098 7.06613 6.03042 5.23129 3.98462 3.44655 5.13447 3.4988 2.9349 2.21188 2.08296 1.2884 1.86282
threshold=1.0000000180025095e-35 32.550000000000004 41.95000000000001 60.350000000000001 73.050000000000011 53.750000000000007 53.650000000000013 49.150000000000013 51.850000000000001 64.850000000000009 1.0000000180025095e-35 35.350000000000001 49.95000000000001 50.45000000000001 1.5000000000000002 82.65000000000002 55.650000000000013 50.850000000000001 58.550000000000004 51.150000000000013 60.45000000000001 68.65000000000002 75.050000000000011 62.250000000000007 53.850000000000001 56.850000000000001 50.600000000000009 54.250000000000007 51.45000000000001
decision_type=2 10 2 2 10 2 2 2 2 2 8 2 2 2 2 2 2 2 2 2 2 2 2 2 2 2 2 2 2
left_child=2 27 12 5 14 7 10 9 -8 -4 -7 -9 13 -1 -5 -16 17 24 26 -14 21 23 -23 -18 -3 -6 -19 28 -2
right_child=1 16 3 4 25 6 8 11 -10 -11 -12 -13 19 -15 15 -17 20 18 -20 -21 -22 22 -24 -25 -26 -27 -28 -29 -30
leaf_value=0.033675916680761926 -0.010036386697001078 0.0038700243758555252 -0.008952898085177137 0.024623634482091903 0.012621905122923225 0.0014175766875936121 0.0014233768372789546 -0.023245673757884503 -0.0087555923654794327 -0.0017006432947538246 0.0087983115099949678 0.00018496174926687921 -0.045260476179388651 -0.021468514463155799 -0.0032204709248501921 0.018789455901483204 -0.013607454373951739 -0.026326199564171055 0.013333617784788108 -0.010257726943766596 -0.030914095651259993 0.025657203320200148 -0.011666070193846641 0.0014545982055417283 0.032749723436457497 0.030399401844517528 -0.0034231506020099278 -0.051334015641482426 -0.046806648780137773
leaf_weight=11.37119233608246 7.9504426121711749 15.337235096842049 748.39814928732812 27.1217504106462 35.133687078952789 667.03467393107712 561.24591966532171 33.413803984411061 441.30787076801062 1016.1938870931044 796.59043718129396 4745.2830386720598 21.531164452433586 13.8539055082947 213.62753024511039 42.919194061309099 182.81463419273496 25.803458787500858 25.249463498592377 22.124860731884837 20.919240087270737 17.404502712190151 19.176358882337809 48.09276046231389 22.07781669870019 38.161948949098587 17.037300337105989 11.738704502582548 6.7478126417845488
leaf_count=127 133 110 8992 137 166 4269 3269 363 2283 8693 4855 32170 196 141 1074 207 1206 152 128 191 126 100 112 266 138 177 104 154 108
internal_value=-0.000572114 -0.00827696 -0.000228244 -0.00010925 0.00674433 -0.000381423 0.00198455 -0.00127395 -0.00305268 -0.00477963 0.00543835 1.95998e-05 -0.0163129 0.00322736 0.00278503 0.000448102 -0.0062333 0.00363104 -0.00590412 -0.0276993 -0.00985921 -0.00818296 0.00597688 -0.0104495 0.0210865 0.0219748 -0.0173635 -0.0384011 -0.0274573
internal_weight=9855.66 420.35 9435.31 9366.43 356.964 9009.47 2466.18 6543.29 1002.55 1764.59 1463.63 4778.7 68.8811 25.2251 283.668 256.547 393.913 105.505 68.0902 43.656 288.407 267.488 36.5809 230.907 37.4151 73.2956 42.8408 26.437 14.6983
internal_count=70147 2837 67310 66655 1761 64894 14676 50218 5552 17685 9124 32533 655 268 1418 1281 2442 632 384 387 1810 1684 212 1472 248 343 256 395 241
is_linear=0
shrinkage=0.05


Tree=126
num_leaves=31
num_cat=0
split_feature=28 20 8 0 15 13 6 2 4 18 0 0 31 32 15 1 4 13 17 32 13 6 5 5 17 13 0 31 1 2
split_gain=6.49348 8.99608 8.07849 7.16618 6.68054 6.39657 6.22654 6.10981 10.9075 6.52855 5.99518 8.38566 8.98567 7.31698 7.5425 6.74263 6.29138 5.12863 9.33042 10.5284 6.61104 6.12859 5.37739 5.07619 7.25546 6.54589 4.91217 5.03788 4.30817 4.20757
threshold=5.5000000000000009 1.0000000180025095e-35 20.050000000000004 61.95000000000001 53.550000000000004 40.150000000000013 83.450000000000017 60.850000000000001 69.950000000000017 13.500000000000002 49.650000000000013 53.650000000000013 19.500000000000004 62.650000000000013 35.050000000000004 60.150000000000013 99.950000000000017 63.050000000000004 1950.0000000000002 63.150000000000013 62.95000000000001 82.250000000000014 54.45000000000001 54.050000000000004 1750.0000000000002 38.350000000000001 52.95000000000001 1.5000000000000002 52.95000000000001 59.350000000000001
decision_type=2 2 2 2 2 2 2 2 2 2 2 2 10 10 2 2 2 2 2 10 2 2 2 2 2 2 2 10 2 2
left_child=5 2 28 4 29 23 7 9 -9 -4 17 12 15 14 -13 -12 -15 20 21 -20 22 -19 -7 25 -25 26 27 -1 -2 -3
right_child=1 3 6 -5 -6 10 -8 8 -10 -11 11 13 -14 16 -16 -17 -18 18 19 -21 -22 -23 -24 24 -26 -27 -28 -29 -30 -31
leaf_value=-0.018092357549228343 0.0086999165049519364 -0.0048747153955583968 0.0025673748004778293 0.018147221216172692 -0.02595781144509527 -0.004618575418898407 -0.026694333688493856 -0.013199740255648049 0.037448459602391765 -0.010642124130286978 0.0020702440620938962 -0.015948144899744107 0.039027927159467249 -0.0034780584634906508 0.0030616613897034863 0.014709743635445471 0.0045986007183132938 0.0035892029902874233 0.059799970189808815 0.0034645629054706932 -0.03966299460436018 -0.027336383349075455 0.00046280255829392493 -0.034090138535024704 0.00029014643178748307 -0.022317026770438064 0.032291239611420587 0.018121895709150768 0.047612968377865543 -0.024064103353573424
leaf_weight=20.848764020949602 18.799385555088524 144.4401975767687 216.7137043569237 18.115740777924657 82.884075694717467 1346.0204453030601 25.046919545158744 17.807247016578913 25.732306599617004 163.87522373907268 2829.6106076417491 54.393321126699448 16.89572224766016 2032.0448602959514 1196.1716891322285 109.67671273648739 272.98881855607033 176.43936273921281 15.290440169163046 18.452295575290918 12.0559314051643 17.509239424020052 846.29016264155507 40.109930897131562 24.350809536874294 26.71741705108434 14.835656516253946 17.595551893115044 11.815631909295915 35.902867944911122
leaf_count=249 194 1579 1453 132 781 15091 285 117 150 1580 18637 366 128 9796 9650 534 1210 1236 137 93 117 152 5122 265 146 294 107 206 81 259
internal_value=-0.000544452 -0.0049806 -0.000806251 -0.0120788 -0.0141841 -0.000172329 -0.00251221 -0.00106639 0.0166365 -0.00310858 -3.13014e-06 0.000787438 0.00275558 -0.000847535 0.00222962 0.00254406 -0.0025192 -0.00212186 0.00501286 0.0292418 -0.00286128 0.000758896 -0.00265482 -0.0106061 -0.0210448 -0.00211655 0.00794222 -0.00138375 0.023987 -0.00873389
internal_weight=9849.43 761.133 479.79 281.343 263.227 9088.3 449.175 424.128 43.5396 380.589 8943.84 6511.78 2956.18 3555.6 1250.57 2939.29 2305.03 2432.06 227.691 33.7427 2204.37 193.949 2192.31 144.458 64.4607 79.9974 53.28 38.4443 30.615 180.343
internal_count=70147 6611 3860 2751 2619 63536 3585 3300 267 3033 62269 40321 19299 21022 10016 19171 11006 21948 1618 230 20330 1388 20213 1267 411 856 562 455 275 1838
is_linear=0
shrinkage=0.05


Tree=127
num_leaves=31
num_cat=0
split_feature=3 30 9 7 27 12 4 15 0 14 7 15 12 33 3 3 28 29 0 14 2 7 4 5 5 3 30 15 2 9
split_gain=11.1256 10.6616 8.90031 8.76856 8.04546 7.48375 7.44121 6.68631 9.45789 6.55735 14.2463 10.5781 9.49004 7.2193 8.62063 8.40393 6.19773 7.77412 6.28915 5.90066 7.11004 5.63617 8.25325 13.9733 9.78335 5.98858 7.59133 6.66574 4.90861 3.80637
threshold=43.150000000000013 547.00000000000011 41.95000000000001 44.550000000000004 7.5000000000000009 77.450000000000017 30.050000000000004 63.050000000000004 56.250000000000007 50.550000000000004 44.350000000000001 68.450000000000017 77.450000000000017 61.250000000000007 64.850000000000009 46.850000000000001 5.5000000000000009 58.250000000000007 59.650000000000013 51.750000000000007 52.150000000000013 51.850000000000001 79.750000000000014 59.550000000000004 45.050000000000004 51.95000000000001 493.00000000000006 49.95000000000001 55.95000000000001 41.250000000000007
decision_type=2 2 2 2 2 2 2 2 2 2 2 2 2 8 2 2 2 2 2 2 2 2 2 2 2 2 2 2 2 2
left_child=1 3 5 7 9 29 -5 19 -9 13 12 -12 -11 15 -15 -4 18 -18 -8 28 -21 25 24 -24 -23 27 -27 -6 -1 -2
right_child=2 -3 4 6 21 -7 16 8 -10 10 11 -13 -14 14 -16 -17 17 -19 -20 20 -22 22 23 -25 -26 26 -28 -29 -30 -31
leaf_value=-0.017831624174285684 0.023040808637981344 -0.046979725047614551 -0.007195650813039467 -0.030962480545654581 -0.0018416606017658606 -0.033747698207339603 0.00050371160309211846 -0.0078168804641507491 0.043697501435487986 0.023472319652264276 -0.0049416461351669124 -0.024721601690565934 -0.0016101865471142224 0.0027362696042268313 -0.020967645622402303 -4.5961262206750028e-05 -0.019315470830789577 0.015237908502857 -0.01030849302918644 0.038006763485497724 -0.0082998525565744306 0.038433679880356869 -0.011988542358327961 0.02531874663662094 0.010793123510914694 -0.0083469626813612915 0.011307862631977823 0.012694573892538353 -0.00034220217042868077 -0.015568188353492296
leaf_weight=252.87826242949814 11.498348137363793 14.169383944943545 481.24635157361627 21.653505235910416 136.20392335485667 35.005271492525935 1285.9573902627453 27.287766797468066 13.039820045232771 69.323651039041579 669.22469964437187 75.319754842668772 81.778657518327236 2666.2682736590505 38.773507587611675 2822.5703806094825 89.020149684511125 19.674323935061693 150.03592707589269 11.714001083746551 27.412670660763979 39.555715311318636 81.570740858092904 36.126674473285675 172.76004808396101 203.234873380512 64.521552298218012 185.43018619064242 48.380663670599461 14.042209917679427
leaf_count=2718 109 105 4646 243 1132 320 8997 225 78 595 4459 428 646 12084 174 25523 828 114 862 130 247 320 448 167 946 1452 395 1296 323 137
internal_value=-0.000517952 -0.00388805 0.000319749 -0.00356949 0.000468268 -0.018759 -0.00191102 -0.0103774 0.00878337 -0.000116138 -0.0041076 -0.0069524 0.00987217 0.000478033 0.00239389 -0.00108911 -0.00149856 -0.0130069 -0.00062313 -0.0126641 0.00549781 0.00486199 0.0100963 -0.000483025 0.0159819 0.0019215 -0.0035896 0.00652465 -0.0150405 0.00164063
internal_weight=9845.68 1961.22 7884.45 1947.05 7823.91 60.5458 1566.34 380.713 40.3276 6904.51 895.647 744.544 151.102 6008.86 2705.04 3303.82 1544.69 108.694 1435.99 340.386 39.1267 919.404 330.013 117.697 212.316 589.391 267.756 321.634 301.259 25.5406
internal_count=70147 14870 55277 14765 54711 566 11044 3721 303 48555 6128 4887 1241 42427 12258 30169 10801 942 9859 3418 377 6156 1881 615 1266 4275 1847 2428 3041 246
is_linear=0
shrinkage=0.05


Tree=128
num_leaves=31
num_cat=0
split_feature=3 30 32 28 33 33 32 0 27 16 4 33 5 32 28 16 0 16 16 32 0 8 8 5 5 8 0 18 5 15
split_gain=10.0716 9.88927 8.88069 8.05047 10.5715 9.34694 7.25511 7.09575 6.83674 6.46549 7.62506 6.26397 6.11091 6.65297 5.71611 11.3931 11.6482 10.8669 7.64042 6.84615 5.08747 6.95838 6.82575 4.59613 4.59454 4.28245 3.28218 2.63515 2.42821 0.795333
threshold=43.150000000000013 547.00000000000011 84.250000000000014 5.5000000000000009 36.150000000000013 29.950000000000003 39.050000000000004 50.550000000000004 7.5000000000000009 50.150000000000013 36.250000000000007 19.750000000000004 50.95000000000001 60.850000000000001 3.5000000000000004 49.250000000000007 53.45000000000001 55.550000000000004 44.550000000000004 32.550000000000004 57.45000000000001 44.45000000000001 53.45000000000001 50.550000000000004 54.250000000000007 46.250000000000007 57.250000000000007 14.500000000000002 44.350000000000001 57.050000000000004
decision_type=2 2 10 2 10 10 10 2 2 2 2 8 2 8 2 2 2 2 2 10 2 2 2 2 2 2 2 2 2 2
left_child=1 2 3 5 7 25 -7 -5 11 10 -10 24 13 -11 18 16 -16 -17 23 -20 22 -22 -12 -13 27 -1 -6 28 -2 -29
right_child=8 -3 -4 4 26 6 -8 -9 9 12 20 14 -14 -15 15 17 -18 -19 19 -21 21 -23 -24 -25 -26 -27 -28 29 -30 -31
leaf_value=-0.0035179227309036702 -0.032594511377013295 -0.045669919495823573 0.033669420584900599 0.024200400404565722 -0.03176550943561534 -0.032286975942938882 -0.0015488426419380382 -0.014238122162325196 -0.025290868606422795 -0.024668683279721385 0.012159760373104192 -0.043666081411592499 -0.026869613371907283 0.021240632041929268 0.04852530583391354 -0.002667197644479596 0.0031599696790362273 0.025645953642384881 0.032406541788913147 0.0011326001100366223 -0.018678191011163948 0.0049121685762638151 0.002070349266864033 -0.0057948367634935612 0.024002826357551424 -0.025254578981849782 -0.011809634330354259 -0.047489490420238742 0.014273022240333484 -0.014877177636533907
leaf_weight=35.729804041795433 5.6042055971920544 13.857849145308135 15.89822258800268 22.651379154063761 61.396863896399736 19.341713665053248 1665.2229680381715 25.207602960988879 19.509518030099571 12.527845149859784 407.64334848895669 14.659062380902467 31.015028167515993 20.813732966780663 21.943920718505979 2760.8797502145171 40.293569143861532 34.181896014139056 17.489162413403392 4016.4017052957788 44.65876211412251 103.11781779304147 287.01978758536279 18.381322149187326 4.4178187623620024 64.889225705526769 32.683944197371602 13.94663615524769 5.108402980491519 2.8415799709036937
leaf_count=708 185 105 74 229 535 285 11190 340 192 165 2842 136 171 109 173 19392 272 252 331 27426 269 586 1872 102 80 1155 249 526 115 81
internal_value=-0.000493252 -0.00370395 -0.00339973 -0.00370987 -0.0151745 -0.00279472 -0.00190663 0.00386288 0.00030323 0.00433852 0.00548411 -0.00023346 -0.0109118 0.00381886 -0.000130703 -0.00184523 0.0192874 -0.00231825 0.00107266 0.00127023 0.00620565 -0.00219094 0.00799913 -0.0228291 -0.0222987 -0.0175967 -0.0249058 -0.029978 -0.00985758 -0.0423864
internal_weight=9839.33 1956.88 1943.02 1927.12 141.94 1785.18 1684.56 47.859 7882.45 926.306 861.949 6956.15 64.3566 33.3416 6924.23 2857.3 62.2375 2795.06 4066.93 4033.89 842.44 147.777 694.663 33.0404 31.9186 100.619 94.0808 27.5008 10.7126 16.7882
internal_count=70147 14870 14765 14691 1353 13338 11475 569 55277 6206 5761 49071 445 274 48084 20089 445 19644 27995 27757 5569 855 4714 238 987 1863 784 907 300 607
is_linear=0
shrinkage=0.05


Tree=129
num_leaves=31
num_cat=0
split_feature=26 33 1 33 6 30 14 31 30 14 6 32 13 28 8 30 12 14 8 13 31 13 12 0 13 1 13 32 13 13
split_gain=9.19651 9.67953 5.78202 9.12812 7.81302 8.93336 6.575 6.24362 5.91271 8.59052 5.42588 12.2718 7.31101 5.26086 5.71639 6.89796 5.06542 6.96579 7.95583 4.90454 4.60285 3.74689 3.57029 3.55107 2.96417 5.35258 4.84818 2.73947 1.43742 1.20878
threshold=1.0000000180025095e-35 32.550000000000004 60.350000000000001 59.250000000000007 71.450000000000017 477.00000000000006 49.95000000000001 -18.499999999999996 541.00000000000011 49.550000000000004 81.050000000000011 39.050000000000004 63.050000000000004 4.5000000000000009 43.550000000000004 449.00000000000006 55.650000000000013 39.650000000000013 37.250000000000007 49.250000000000007 5.5000000000000009 60.45000000000001 84.750000000000014 53.95000000000001 56.150000000000013 57.550000000000004 54.250000000000007 57.750000000000007 54.95000000000001 51.750000000000007
decision_type=2 10 2 10 2 2 2 8 2 2 2 8 2 2 2 2 2 2 2 2 10 2 2 2 2 2 2 10 2 2
left_child=2 29 7 4 5 -4 -6 27 10 22 12 -12 -9 14 23 -16 17 -3 -19 -20 -11 24 -10 -5 26 -26 -18 -1 -8 -2
right_child=1 16 3 13 6 -7 28 8 9 20 11 -13 -14 -15 15 -17 21 18 19 -21 -22 -23 -24 -25 25 -27 -28 -29 -30 -31
leaf_value=-0.046560704533557054 -0.045534315804567189 -0.025520911813328547 -0.038495605339414291 0.012562498381987914 0.032153339441005395 0.0030165020463585354 0.0046124851555173971 -0.00014003191258006299 -0.0088308166822911507 -0.028709900268601648 0.04165653449500141 -0.0055581112861369754 0.0074755612573778885 -0.0069467405477522783 -0.0014322012066629883 0.02303765287460997 -0.0066177797073666764 0.040963425559596013 -0.022302029716583099 0.0090587965819587824 -0.00013537427455244611 -0.029769821619176295 0.021095125765843409 -0.015126627335345082 -0.011613812581612872 0.025239551297086049 -0.026852040540776015 -0.0086119164072309112 -0.016245368487061967 -0.020690715786472906
leaf_weight=10.113061425276102 16.996004385873679 17.055166389793158 29.059652902185917 22.273102149367332 17.499498467892408 22.927488420158625 16.104096671566367 7936.0043756952509 18.281770817935467 56.209571314975619 13.941370557062326 646.38768561091274 328.04616026766598 34.479632124304771 35.742237642407417 140.30628980696201 191.01664847508073 16.083788029849529 15.860611714422701 56.41884832456708 19.269677300006151 20.65855872258544 21.316958935931325 23.808156110346317 21.576687134802341 17.844645719975233 35.297896157950163 9.719493016600607 16.235169138759375 8.514644753187893
leaf_count=157 275 103 174 100 117 133 104 56848 132 388 365 5186 2092 156 159 628 1234 105 100 324 143 126 155 105 144 100 206 68 100 120
internal_value=-0.000469681 -0.00773224 -0.000147249 0.00607943 -0.00655185 -0.0201212 0.00751426 -0.000394227 -0.000332026 -0.011589 -0.000186181 -0.00454755 0.000161755 0.0111118 0.0139392 0.0180433 -0.00576894 0.00356494 0.00925788 0.00208676 -0.0214909 -0.00922212 0.00716565 -0.00163676 -0.00759532 0.00496354 -0.00980623 -0.0283502 -0.00572238 -0.0375507
internal_weight=9835.05 417.323 9417.73 358.435 101.826 51.9871 49.8388 9059.29 9039.46 115.078 8924.38 660.329 8264.05 256.609 222.13 176.049 391.813 105.418 88.3632 72.2795 75.4792 286.394 39.5987 46.0813 265.736 39.4213 226.315 19.8326 32.3393 25.5106
internal_count=70147 2837 67310 1776 628 307 321 65534 65309 818 64491 5551 58940 1148 992 787 2442 632 529 424 531 1810 287 205 1684 244 1440 225 204 395
is_linear=0
shrinkage=0.05


Tree=130
num_leaves=31
num_cat=0
split_feature=9 13 19 13 6 13 3 30 30 16 16 13 6 2 13 1 28 6 2 5 1 2 2 3 1 3 1 2 0 5
split_gain=7.18563 10.0496 9.50784 7.63634 8.6387 12.5724 14.0979 8.61219 9.39143 7.03746 16.1986 12.4255 7.29876 9.61028 6.8709 6.73427 6.73175 6.58493 12.6838 6.55666 9.15978 6.5533 6.34184 7.19906 5.7898 5.53403 5.18718 4.28801 3.61488 2.82786
threshold=74.350000000000009 47.250000000000007 1.0000000180025095e-35 44.95000000000001 50.850000000000001 43.350000000000001 54.45000000000001 469.00000000000006 527.00000000000011 55.650000000000013 55.95000000000001 49.150000000000013 81.050000000000011 48.850000000000001 41.550000000000004 55.150000000000013 5.5000000000000009 79.350000000000009 49.350000000000001 50.050000000000004 56.250000000000007 47.95000000000001 53.350000000000001 55.350000000000001 59.250000000000007 51.650000000000013 46.95000000000001 47.750000000000007 55.45000000000001 52.850000000000001
decision_type=2 2 2 2 2 2 2 2 2 2 2 2 2 2 2 2 2 2 2 2 2 2 2 2 2 2 2 2 2 2
left_child=3 2 -2 4 5 6 14 22 21 12 -11 -12 17 26 -1 -13 -15 24 -19 20 25 -9 27 -24 -5 -3 -14 -6 -21 -10
right_child=1 19 -4 9 7 -7 -8 8 29 10 11 15 13 16 -16 -17 -18 18 -20 28 -22 -23 23 -25 -26 -27 -28 -29 -30 -31
leaf_value=-0.011720436665087725 0.0066943365074108368 0.039995860217606496 0.056792076763047185 -0.00016970579167775431 -0.0051633019335512106 -0.016734318487145985 0.059028533534067729 0.018720275452310097 -0.015447979421474401 0.061080541533236735 0.044985945911224762 -0.0094361443435188198 0.0071848600825246429 0.00037463464560156769 0.032408109960015995 0.017593951436069157 -0.016361480435821193 -0.0083627726664360514 0.011503076453585512 -0.00062453236860314997 -0.017615321981338937 -0.0026913983028236336 -0.01282839711393946 0.020691803846157493 0.0052316202250024171 0.0085439668694190264 -0.020068095498328574 -0.024760780243759328 -0.027583174293919779 -0.04942340930764795
leaf_weight=22.358805840834975 18.628353279083967 26.987572219222784 19.777805101126432 7252.6155899399891 36.807853202335536 29.491932913661003 18.537985570728779 41.564465617761016 14.372119365260007 14.635708711110054 17.075201280415058 72.484193535521626 19.947018560953438 469.10093339998275 14.354060808196662 33.636153435334563 68.726844415068626 106.58669786993414 322.82245302014053 46.254158843308687 17.480228707194328 250.64298638701439 53.822750607505441 22.636622967198491 532.3909085765481 30.096896979957819 124.90427191182971 125.97059119399637 17.115238025784492 11.612569022923706
leaf_count=199 130 189 132 51257 468 258 157 450 160 109 149 641 380 3133 142 173 737 919 1894 290 108 2135 449 180 2606 200 1251 1221 103 72
internal_value=0.00010102 0.0101008 0.0327032 -8.07856e-05 -0.00534913 0.00949019 0.0235836 -0.00761533 -0.00220652 0.000293172 0.011501 0.00552558 0.000118855 -0.00484768 0.00543836 -0.000813052 -0.00175736 0.000532273 0.00655959 0.00375204 0.0138179 0.00034252 -0.0147843 -0.00282501 0.000199093 0.0235447 -0.0162783 -0.0203659 -0.00801647 -0.0309546
internal_weight=9853.44 176.34 38.4062 9677.1 642.173 84.7428 55.2509 557.43 318.192 9034.93 137.831 123.196 8897.09 682.679 36.7129 106.12 537.828 8214.42 429.409 137.934 74.5647 292.207 239.238 76.4594 7785.01 57.0845 144.851 162.778 63.3694 25.9847
internal_count=70292 1152 262 69140 5891 756 498 5135 2817 63249 1072 963 62177 5501 341 814 3870 56676 2813 890 497 2585 2318 629 53863 389 1631 1689 393 232
is_linear=0
shrinkage=0.05


Tree=131
num_leaves=25
num_cat=0
split_feature=7 9 4 7 15 2 6 17 15 6 1 30 33 6 0 7 1 1 30 30 18 15 1 3
split_gain=9.54997 6.66708 6.25232 12.8083 12.1246 8.21364 11.1987 8.44366 7.84515 12.4819 11.2323 10.0104 7.26581 6.74751 6.65441 7.73478 5.64145 4.79997 5.87016 7.53533 7.66712 7.10712 4.77207 4.49766
threshold=74.350000000000009 74.350000000000009 67.450000000000017 44.350000000000001 51.750000000000007 49.550000000000004 74.65000000000002 2855.0000000000005 50.850000000000001 60.850000000000001 59.650000000000013 513.00000000000011 47.850000000000001 49.95000000000001 40.750000000000007 38.650000000000013 50.650000000000013 56.350000000000001 487.00000000000006 465.00000000000006 15.500000000000002 48.650000000000013 51.45000000000001 50.350000000000001
decision_type=2 2 2 2 2 2 2 2 2 2 2 2 8 2 2 2 2 2 2 2 2 2 2 2
left_child=1 2 3 4 12 6 -5 -7 14 11 -11 -10 -1 -6 16 -16 -4 18 19 20 -3 -21 -20 -2
right_child=23 17 8 5 13 7 -8 -9 9 10 -12 -13 -14 -15 15 -17 -18 -19 22 21 -22 -23 -24 -25
leaf_value=-0.020401826456519584 0.041709572785276136 -0.0087720913320228754 -0.024411309033080964 -0.00097600420469948809 0.025742298536635563 0.0015085490112174888 -0.013668565607910785 -0.017123390916708652 0.0017765246566847912 -0.0046202019243264713 0.0088737876163265655 0.017138532003557926 -0.0076308627185975274 -0.0018452855985241449 0.018849835112380423 0.0029586955397432079 0.0048430376360691953 -0.0077140576894261783 -0.016823275482772963 0.06239549669062714 0.028658186209826582 0.020186327585445921 0.015321118685309984 0.0088599167960288008
leaf_weight=175.27897238731384 19.046313852071762 30.431397303938866 39.932026196271181 624.75639918353409 23.765052012167871 2637.5060113389045 241.19879940059036 62.109901573508978 889.95471162814647 1620.0764488959685 170.12238900363445 120.49475193955004 311.46661010757089 310.63737841136754 79.267043492756784 2296.9915792383254 27.545156541280448 32.305064812302589 23.739321880042553 16.026017639786005 24.519665740430355 27.989003218710423 22.246808465570211 24.094977993518114
leaf_count=3440 95 199 691 5871 241 17853 2243 364 5423 10269 830 677 2072 3030 709 14906 310 195 162 105 172 181 137 117
internal_value=9.52478e-05 -7.60633e-06 -0.000185012 -0.00157836 -0.00720809 -0.000280272 -0.00451827 0.00107741 0.000979524 -0.000825495 -0.00333465 0.00361489 -0.0122433 0.000107449 0.00305017 0.00349167 -0.0124058 0.00959805 0.0134935 0.0203494 0.00786053 0.0357748 -0.00116472 0.0235412
internal_weight=9851.5 9808.36 9631.1 4386.72 821.148 3565.57 865.955 2699.62 5244.38 2800.65 1790.2 1010.45 486.746 334.402 2443.74 2376.26 67.4772 177.257 144.952 98.9661 54.9511 44.015 45.9861 43.1413
internal_count=70292 70080 68929 35114 8783 26331 8114 18217 33815 17199 11099 6100 5512 3271 16616 15615 1001 1151 956 657 371 286 299 212
is_linear=0
shrinkage=0.05


Tree=132
num_leaves=31
num_cat=0
split_feature=7 29 7 30 27 1 0 9 3 6 15 15 17 1 4 0 9 17 0 0 5 17 4 6 15 3 5 3 0 3
split_gain=8.6187 6.67682 12.9059 12.6557 9.49954 9.29446 8.88761 7.71415 7.6774 7.0405 12.7483 9.83062 8.66063 8.51913 7.93589 9.59411 7.86641 7.7952 13.1787 8.68706 7.67257 6.02882 6.02584 5.82887 5.72464 5.39295 4.20027 4.03785 3.29819 2.68202
threshold=74.350000000000009 54.250000000000007 39.650000000000013 443.00000000000006 7.5000000000000009 49.45000000000001 58.750000000000007 49.050000000000004 56.150000000000013 51.550000000000004 53.550000000000004 35.050000000000004 1750.0000000000002 42.150000000000013 41.250000000000007 42.150000000000013 50.850000000000001 1850.0000000000002 56.750000000000007 33.350000000000001 41.550000000000004 1175.0000000000002 54.750000000000007 56.45000000000001 47.750000000000007 48.050000000000004 54.45000000000001 50.350000000000001 50.350000000000001 53.150000000000013
decision_type=2 2 2 2 2 2 2 2 2 2 2 2 2 2 2 2 2 2 2 2 2 2 2 2 2 2 2 2 2 2
left_child=1 2 3 5 6 -1 21 29 28 10 11 16 -13 20 26 -16 -3 19 -19 -15 -11 -4 -8 -22 -9 -7 -12 -2 -5 -6
right_child=27 9 4 8 7 25 22 24 -10 13 14 12 -14 17 15 -17 -18 18 -20 -21 23 -23 -24 -25 -26 -27 -28 -29 -30 -31
leaf_value=-0.031714774216708395 0.039542812369886486 0.020241699996695783 0.014301421658431054 -0.020039406594161473 -0.025022602844692533 0.0028860190167762029 -0.0090057220962965964 0.029779091949299757 0.003678269936848574 -0.039253292579605727 -0.036140479952024393 0.00081877628460288304 -0.0088433544817753292 0.027770174941278772 0.040857953610072627 0.0072332976973524853 -0.013418556728522286 0.0042238361484351807 -0.0074517953136338279 -0.0022890428575212322 0.015817968712611954 -0.0010207825400247081 0.012189855237475698 -0.013230426436374343 0.011278374013478198 0.055642635605243643 0.0030633588009529918 0.0084187777486470841 -0.04852034078421491 0.0043355600775556629
leaf_weight=8.3853181581944245 19.089758113026619 83.371553406119347 68.754106163047254 16.923469207249582 15.240700628608467 9.5143832489848155 37.798680912703276 59.282345070503652 13.896868963725863 23.931429840624332 15.503868509083988 611.92786401323974 372.56709260120988 24.038372131064534 21.881883289664984 680.08449796400964 21.652532080188394 1249.7482526963577 299.30747229605913 4610.3716380754486 20.661884542554617 949.40852298028767 276.99282142519951 99.490929520688951 147.893874024041 10.260792872868477 11.738300684839485 24.094903588294983 29.565555144101381 15.248908082954584
leaf_count=177 95 466 559 277 125 104 296 478 160 570 169 4422 2866 473 205 4010 117 8106 1698 31036 266 8782 1668 1309 1156 120 67 117 284 114
internal_value=9.00186e-05 -7.7446e-06 0.00288269 -0.0156679 0.00393262 0.0118589 0.00228564 0.0131439 -0.0285858 -0.000597086 0.0021435 -0.00127732 -0.00283316 -0.00138562 0.00726091 0.00829425 0.0132483 -0.00110457 0.00196432 -0.00213145 -0.0134032 1.02821e-05 0.00962686 -0.00818459 0.0166082 0.0306538 -0.0191158 0.0223522 -0.038325 -0.0102099
internal_weight=9848.63 9805.44 1659.17 88.5464 1570.62 28.1605 1332.95 237.666 60.3859 8146.28 1818.73 1089.52 984.495 6327.55 729.209 701.966 105.024 6183.47 1549.06 4634.41 144.084 1018.16 314.792 120.153 207.176 19.7752 27.2422 43.1847 46.489 30.4896
internal_count=70292 70080 14300 1122 13178 401 11305 1873 721 55780 12322 7871 7288 43458 4451 4215 583 41313 9804 31509 2145 9341 1964 1575 1634 224 236 212 561 239
is_linear=0
shrinkage=0.05


Tree=133
num_leaves=21
num_cat=0
split_feature=7 13 6 3 13 17 16 24 12 7 1 29 12 6 33 3 30 9 18 30
split_gain=7.78075 7.01478 12.181 9.61297 8.33605 18.5283 6.75102 7.04109 10.2727 5.95679 13.7843 8.85258 5.66566 5.64922 6.54911 4.61878 8.08568 4.83251 4.43115 4.11442
threshold=74.350000000000009 42.95000000000001 50.850000000000001 54.45000000000001 43.150000000000013 1650.0000000000002 55.150000000000013 1.0000000180025095e-35 84.550000000000011 41.150000000000013 51.650000000000013 54.250000000000007 88.250000000000014 59.050000000000004 35.250000000000007 48.050000000000004 495.00000000000006 50.350000000000001 15.500000000000002 483.00000000000006
decision_type=2 2 2 2 2 2 2 2 2 2 2 2 2 2 10 2 2 2 2 2
left_child=1 2 3 19 5 -3 9 12 -9 10 -6 -11 -8 14 -4 16 -15 -17 -2 -1
right_child=18 4 13 -5 6 -7 7 8 -10 11 -12 -13 -14 15 -16 17 -18 -19 -20 -21
leaf_value=0.014176575499763731 0.037499583854321422 0.071403826159763983 0.004217560438914649 0.046145917164307396 -0.012240109151578414 -0.013233479146806282 0.014633100143141502 0.015178351962553245 -0.013867706183446413 0.0039438522982313678 0.0021038252164661399 -0.00037674798017321048 0.054413441964036129 -0.026464305923020487 -0.043009878185339162 -0.011102429502056976 0.0080459995898568889 0.006756448422870604 0.0051807038079783284 -0.021811870319086782
leaf_weight=19.730551125481725 21.239201836287975 12.685586586594583 9.9348334372043592 16.823592005297542 312.24231199361384 12.866265920922158 27.571995532140136 80.785390911623836 48.585583411157131 1419.305658495985 360.07057805173099 7189.2888685204089 13.628981390967963 65.896429425105453 25.982219349592924 85.761676819995046 22.528987741097808 67.370447603054345 21.977699257433414 13.143780304118989
leaf_count=185 104 113 163 142 3968 116 227 636 363 11589 2722 47172 101 687 186 828 213 553 108 116
internal_value=8.4923e-05 -7.98715e-06 -0.00720546 0.015527 0.000240035 0.0287056 0.000162247 0.0100164 0.00422913 -1.84279e-05 -0.00455132 0.000335049 0.0280131 -0.0112992 -0.0298323 -0.00851159 -0.0176161 -0.00321351 0.0212293 -8.31651e-05
internal_weight=9847.42 9804.2 327.173 49.6979 9477.03 25.5519 9451.48 170.572 129.371 9280.91 672.313 8608.59 41.201 277.475 35.9171 241.558 88.4254 153.132 43.2169 32.8743
internal_count=70292 70080 3073 443 67007 229 66778 1327 999 65451 6690 58761 328 2630 349 2281 900 1381 212 301
is_linear=0
shrinkage=0.05


Tree=134
num_leaves=22
num_cat=0
split_feature=7 13 8 13 17 9 15 15 13 31 16 16 17 20 3 4 14 8 4 3 3
split_gain=7.0338 6.36663 8.06853 7.3593 15.8224 7.23352 6.28607 13.0182 8.46613 8.38124 6.53588 11.3231 6.37751 6.04872 7.24017 4.7939 4.96389 7.2122 4.2225 3.98248 3.46768
threshold=74.350000000000009 42.95000000000001 18.050000000000004 43.150000000000013 1650.0000000000002 49.150000000000013 66.250000000000014 69.15000000000002 49.550000000000004 2.5000000000000004 55.650000000000013 55.95000000000001 3185.0000000000005 1.0000000180025095e-35 51.150000000000013 86.65000000000002 53.550000000000004 65.850000000000009 62.250000000000007 47.650000000000013 51.150000000000013
decision_type=2 2 2 2 2 2 2 2 2 8 2 2 2 2 2 2 2 2 2 2 2
left_child=1 2 5 4 -3 -1 10 8 -8 -9 12 -12 -5 18 -15 16 17 -4 -7 -18 -2
right_child=20 3 15 6 -6 13 7 9 -10 -11 11 -13 -14 14 -16 -17 19 -19 -20 -21 -22
leaf_value=-0.023048618702160205 0.034224627741711137 0.064797672777655066 -0.0023079716504085458 -0.00032795683974668702 -0.012679346276835394 0.014152584836897551 -0.0026507750787296298 0.0051149845521077947 0.020311981089435879 -0.006572616762786811 0.05116259774230885 0.0054250985173625553 -0.018905612607788141 0.0089026778818686921 0.060718087796011289 -0.042055440294574482 -0.050381592528869604 -0.02569716922414475 -0.024507490884399422 -0.012313906259921271 0.0055640529724431337
leaf_weight=14.993963967077432 21.799261212348938 13.273976676166059 170.81719837337732 8401.9154758621007 12.764175171032546 19.692576993256811 52.437408056110144 402.1317970585078 165.79484457336366 247.71799682453275 15.221363350749014 120.01177136413753 46.364611696451902 15.180231677368285 12.487326687201856 11.934643520042298 12.447847476229073 40.938981138169765 10.87719716876745 16.399150088429451 21.395774599164724
leaf_count=157 107 113 1568 60411 116 210 338 2303 941 1447 111 945 282 183 135 92 128 345 98 157 105
internal_value=8.03433e-05 -7.9545e-06 -0.00688012 0.000227801 0.0267231 0.00768445 0.000153998 0.00420878 0.0147728 0.000651738 -0.000255538 0.0106441 -0.000430726 0.0157087 0.0326033 -0.0111247 -0.00955287 -0.00686342 0.00019865 -0.0290306 0.0201893
internal_weight=9846.6 9803.4 325.769 9477.63 26.0382 73.2313 9451.6 868.082 218.232 649.85 8583.51 135.233 8448.28 58.2373 27.6676 252.538 240.603 211.756 30.5698 28.847 43.195
internal_count=70292 70080 3073 67007 229 783 66778 5029 1279 3750 61749 1056 60693 626 318 2290 2198 1913 308 285 212
is_linear=0
shrinkage=0.05


Tree=135
num_leaves=30
num_cat=0
split_feature=2 26 1 13 1 11 28 0 1 4 13 4 5 5 9 1 19 31 18 5 27 5 2 0 4 23 19 13 6
split_gain=6.47916 9.81071 7.90737 8.15733 7.56923 7.46357 7.05446 7.44406 8.56471 7.18209 5.83897 5.61003 4.89327 4.84114 5.98116 5.92493 4.47286 4.3016 7.75184 6.8588 4.25012 4.09676 4.0719 4.01965 3.5297 3.79687 3.43271 1.99873 0.958309
threshold=58.750000000000007 1.0000000180025095e-35 59.550000000000004 47.350000000000001 61.050000000000004 49.750000000000007 6.5000000000000009 53.350000000000001 53.650000000000013 50.050000000000004 52.95000000000001 20.050000000000004 53.850000000000001 71.850000000000009 51.050000000000004 55.750000000000007 1.0000000180025095e-35 2.5000000000000004 16.500000000000004 63.750000000000007 5.5000000000000009 46.050000000000004 58.850000000000001 55.650000000000013 62.850000000000001 1.0000000180025095e-35 1.0000000180025095e-35 50.850000000000001 69.65000000000002
decision_type=2 2 2 2 2 2 2 2 2 2 2 2 2 2 2 2 2 10 2 2 2 2 2 2 2 2 2 2 2
left_child=1 11 3 23 -4 27 7 8 -7 10 -9 16 26 17 15 -15 21 18 -13 -19 -10 -1 -11 -3 -5 -26 -8 -2 -18
right_child=5 2 4 24 -6 6 12 9 20 22 -12 13 -14 14 -16 -17 28 19 -20 -21 -22 -23 -24 -25 25 -27 -28 -29 -30
leaf_value=0.022821940792729093 -0.005713342080402169 0.02711826485138441 0.031879579254693653 -0.0032665607347084611 -0.011279209193156062 -0.00017413923176633916 -0.037224082554104858 -0.0024214966807401608 0.047488042543736481 0.02478172295618275 -0.03425414401260022 0.0015798572049482637 0.0066464754256665487 0.0042159707429266823 -0.011959355076696602 0.021228566101042599 -0.027901508358808186 -0.00062232222625828004 -0.004660643596697581 -0.0097329777599483702 0.017165401407622519 -0.024016742244577498 0.0054518650182305822 -0.0093003132108271311 -0.022382197467145058 -0.051565317845099129 -0.0060550821635893754 -0.027731083167523735 -0.056709495431292882
leaf_weight=8.0583353508263844 22.339778527617455 13.237070314586164 18.531312674283981 20.317277429625392 22.042134052142501 29.989035930484533 19.891157306730747 87.140799624845386 26.004976823925972 28.193258486688137 17.272904511541128 5411.3513187067583 21.559995010495186 147.03700360655785 34.883718948811293 79.288402050733566 8.1724740201607329 1971.6179024986923 547.61477904487401 230.89841042459011 22.260074727237225 10.723614457063375 884.51740176603198 17.199508808553219 83.258264221251011 13.292245097458361 16.691552663221955 20.345342364162207 6.1991899488493791
leaf_count=153 128 127 106 196 117 178 194 568 134 147 95 39461 141 668 158 356 139 15560 4661 1144 102 118 4460 173 645 96 159 104 109
internal_value=0.000666923 0.000189003 -0.0111078 -0.0165003 0.0083399 0.00411587 0.00487943 0.00578366 0.0206531 0.00463283 -0.00776307 0.000440722 -0.0120507 0.000522216 0.00722227 0.0102048 -0.0200519 0.000307081 0.00100546 -0.0015801 0.0336709 -0.00364152 0.00605708 0.00641157 -0.0225106 -0.0265008 -0.0231942 -0.016365 -0.0409793
internal_weight=9839.93 8643.72 187.878 147.304 40.5734 1196.21 1153.52 1095.38 78.2541 1017.12 104.414 8455.85 58.1427 8422.69 261.209 226.325 33.1536 8161.48 5958.97 2202.52 48.2651 18.7819 912.711 30.4366 116.868 96.5505 36.5827 42.6851 14.3717
internal_count=70397 63987 1460 1237 223 6410 6178 5684 414 5270 663 62527 494 62008 1182 1024 519 60826 44122 16704 236 271 4607 300 937 741 353 232 248
is_linear=0
shrinkage=0.05


Tree=136
num_leaves=31
num_cat=0
split_feature=32 32 21 12 6 7 0 3 9 6 18 14 32 9 0 29 12 18 5 17 32 4 32 31 8 6 5 17 32 0
split_gain=8.22865 6.53866 18.3551 9.09292 8.82879 8.96314 7.97126 11.5275 7.55478 7.30271 6.85136 7.30476 7.04924 6.83581 6.1538 6.86837 6.04058 5.99346 6.33064 5.8714 8.01987 7.6437 11.3312 7.19988 5.88715 9.65026 6.62246 5.81143 5.66155 5.31447
threshold=41.250000000000007 56.750000000000007 1.0000000180025095e-35 99.050000000000011 80.950000000000017 35.350000000000001 62.250000000000007 40.650000000000013 42.45000000000001 54.350000000000001 15.500000000000002 45.250000000000007 56.350000000000001 50.850000000000001 39.050000000000004 58.750000000000007 88.250000000000014 13.500000000000002 52.550000000000004 2050.0000000000005 39.550000000000004 84.850000000000009 35.95000000000001 -3.4999999999999996 16.550000000000004 68.350000000000009 37.95000000000001 1650.0000000000002 38.550000000000004 62.750000000000007
decision_type=8 8 2 2 2 2 2 2 2 2 2 2 10 2 2 2 2 2 2 2 10 2 10 8 2 2 2 2 10 2
left_child=19 2 3 4 5 -2 8 -8 -3 16 12 -12 -5 -6 -10 -16 -9 18 -4 20 21 24 -23 27 25 -1 -26 -22 -21 -11
right_child=1 6 17 10 13 -7 7 9 14 29 11 -13 -14 -15 15 -17 -18 -19 -20 28 23 22 -24 -25 26 -27 -28 -29 -30 -31
leaf_value=-0.0086836786238114333 -0.040308958144192643 -0.015204789627553001 -0.027741121393351734 0.012708311173509172 -0.017497625674245162 0.0039351530684182722 -0.01758610204473415 0.01226891660989887 0.012378987653193743 0.032410631242084209 0.012580344213686088 -0.0063910005197314202 0.044457398139779829 0.0096275281162969267 -0.00038625814084959013 0.0085172931383949123 -0.024164265934473322 -0.046402017609338153 0.0059298046977931569 -0.041340410703351302 -0.024166736882198548 0.059698132213671755 -0.0084140724943288902 -0.032212393385529052 -0.030569859810538998 0.061292516484163576 -0.0024943642650659616 0.039473331116530251 -0.00017099321348530277 0.012160645713348297
leaf_weight=11.126225259155037 11.436292104423044 81.801358982920647 31.308832366019487 300.90799672622234 90.82907332573086 1235.4391276612878 37.020120833069086 22.511182487010956 99.981093576177955 40.921168521046638 98.426381843164563 104.19343559257686 18.648147135972977 30.863199605606496 6897.2247710190713 223.51274987310171 22.628263611346483 17.6893563978374 24.709712952375412 23.18852177914232 6.7172609968110901 12.256369613111021 11.809664294123648 41.36795464809984 25.332907215692103 8.5708038620650751 123.86814612150192 7.3818282503634691 13.402603739872573 165.05750055983663
leaf_count=231 238 647 258 2880 1336 14028 201 114 818 214 1238 1472 142 351 38499 1078 106 159 157 377 144 163 135 753 782 186 2519 152 181 838
internal_value=0.000632912 0.000883136 0.00345431 0.00441117 0.0022643 0.00352214 0.000217025 0.00837276 -0.000104204 0.012225 0.0100268 0.00280168 0.01459 -0.0105749 6.63817e-05 -0.000105967 -0.00589744 -0.0209959 -0.0128157 -0.00773547 -0.00495104 -0.000105086 0.0261708 -0.0216891 -0.00389195 0.0216684 -0.00731209 0.00884435 -0.0264387 0.0162217
internal_weight=9840.13 9555.11 1964.45 1890.74 1368.57 1246.88 7590.66 288.138 7302.52 251.118 522.176 202.62 319.556 121.692 7220.72 7120.74 45.1394 73.7079 56.0185 285.022 248.431 192.964 24.066 55.467 168.898 19.697 149.201 14.0991 36.5911 205.979
internal_count=70397 64774 22259 21685 15953 14266 42515 1473 41042 1272 5732 2710 3022 1687 40395 39577 220 574 415 5623 5065 4016 298 1049 3718 417 3301 296 558 1052
is_linear=0
shrinkage=0.05


Tree=137
num_leaves=29
num_cat=0
split_feature=16 27 16 32 7 31 15 29 32 19 6 2 5 5 8 7 31 15 5 32 7 7 30 30 12 9 3 9
split_gain=7.8878 9.22719 9.76749 8.19079 6.4676 6.06946 8.88691 10.8722 7.02589 11.6246 8.39234 5.92803 7.56388 6.7214 6.03004 9.15982 6.54188 6.85912 5.91395 5.33934 5.08755 4.95094 4.35049 4.08428 3.83331 3.29566 3.17111 1.74381
threshold=47.050000000000004 3.5000000000000004 44.95000000000001 41.250000000000007 50.050000000000004 -3.4999999999999996 61.650000000000013 55.750000000000007 31.250000000000004 1.0000000180025095e-35 80.950000000000017 64.350000000000009 56.95000000000001 47.650000000000013 50.050000000000004 35.350000000000001 -11.499999999999998 54.95000000000001 70.350000000000009 83.050000000000011 37.150000000000013 42.550000000000004 475.00000000000006 457.00000000000006 73.450000000000017 51.650000000000013 50.550000000000004 50.050000000000004
decision_type=2 2 2 8 2 10 2 2 10 2 2 2 2 2 2 2 8 2 2 10 2 2 2 2 2 2 2 2
left_child=1 22 4 5 24 8 20 -8 9 27 25 14 13 -13 15 26 17 -16 -17 -18 -7 -22 -1 -11 -3 -10 -5 -2
right_child=3 2 -4 11 -6 6 7 -9 10 23 -12 12 -14 -15 16 18 19 -19 -20 -21 21 -23 -24 -25 -26 -27 -28 -29
leaf_value=0.019996140885994797 0.0087313572971028219 -0.041663072978876101 0.030496201013043057 -0.0081685618855672319 0.019011765908323975 0.033464660384622556 0.06626509654048883 -0.014315252553901897 -0.006318663778228796 0.092235991196425268 0.051788704735371699 0.002896486882025733 -0.0025645374894124068 0.039007690112164789 -0.021793493435065037 0.0016076034423719366 -0.00061372835880779306 0.0046816968659455713 0.0098883641560330859 0.013987622600978095 -0.041405727547014777 -0.015454588892049731 0.057840744281803171 0.028664151948967077 -0.0062521731264197043 -0.046219232162960255 -0.042301960009116568 -0.03282452547005496
leaf_weight=18.328656366094947 4.7297694962471724 13.696166632696988 23.144607469439507 13.310936178080739 13.811198206618426 4.5502471458166829 7.2459311392158297 9.4965798296034318 77.66341997217387 5.661965137347579 5.9621852850541464 21.300537340342999 43.644421719014645 33.853949286043644 71.943527209572494 4453.9114369070157 4482.8654262442142 36.578060245141387 226.81285537406802 63.376810684800148 21.872133936733007 126.41985499765724 13.85408387519419 5.2557304566726089 18.125647848471999 5.5152535028755656 14.943455889821051 4.9228039644658566
leaf_count=144 115 119 174 180 85 143 117 144 1499 115 134 102 197 156 579 32064 29085 230 1029 295 597 2423 107 101 129 68 174 92
internal_value=0.00060004 0.0144985 0.00405949 0.000455341 -0.00927698 -0.00798053 -0.0139085 0.0204483 0.00114138 0.0274441 -0.0048962 0.000704944 0.0128845 0.0251826 0.000575764 0.00183755 -0.000699655 -0.0128277 0.00201013 -0.000408776 -0.0177156 -0.0193412 0.0365711 0.0626245 -0.0217325 -0.00907668 -0.0264832 -0.0120687
internal_weight=9842.8 100.96 68.7776 9741.84 45.633 279.296 169.585 16.7425 109.711 20.5703 89.1409 9462.54 98.7989 55.1545 9363.74 4708.98 4654.76 108.522 4680.72 4546.24 152.842 148.292 32.1827 10.9177 31.8218 83.1787 28.2544 9.65257
internal_count=70397 758 507 69639 333 5548 3424 261 2124 423 1701 64091 455 258 63636 33447 30189 809 33093 29380 3163 3020 251 216 248 1567 354 207
is_linear=0
shrinkage=0.05


Tree=138
num_leaves=31
num_cat=0
split_feature=32 26 13 2 33 11 30 30 14 30 32 2 13 7 15 15 31 15 32 13 13 24 1 31 4 2 13 2 8 14
split_gain=6.79078 6.10592 8.58081 6.70656 10.6722 9.51993 7.55247 6.85725 7.20572 7.05899 7.71146 7.12541 6.55712 6.54149 5.46153 8.69215 8.11697 16.1601 7.94188 6.90801 10.5224 6.01139 5.41691 8.19638 9.9752 6.15188 7.69414 6.82911 4.92461 3.73617
threshold=41.250000000000007 1.0000000180025095e-35 62.050000000000004 58.750000000000007 26.850000000000005 49.750000000000007 471.00000000000006 541.00000000000011 49.550000000000004 481.00000000000006 60.150000000000013 50.550000000000004 56.95000000000001 49.650000000000013 61.45000000000001 59.050000000000004 -3.4999999999999996 56.250000000000007 31.250000000000004 47.350000000000001 53.550000000000004 1.0000000180025095e-35 58.45000000000001 2.5000000000000004 88.250000000000014 59.050000000000004 47.350000000000001 59.650000000000013 43.250000000000007 70.65000000000002
decision_type=8 2 2 2 10 2 2 2 2 2 10 2 2 2 2 2 10 2 10 2 2 2 2 8 2 2 2 2 2 2
left_child=14 3 22 7 -5 -6 -7 9 13 11 -11 -2 -10 -9 15 16 17 18 -1 -16 -21 29 25 24 -24 26 -3 -27 -23 -18
right_child=1 2 -4 4 5 6 -8 8 12 10 -12 -13 -14 -15 19 -17 21 -19 -20 20 -22 28 23 -25 -26 27 -28 -29 -30 -31
leaf_value=0.02751265578333539 0.0014172537530831118 0.0067549383504320899 -0.036414139079862504 0.038803138243325874 -0.021237530673523106 0.011944324056775483 0.002072269257295329 -0.01717776542091649 -0.013206293256445081 0.0064342491355201372 0.00097753493335667077 -0.0023367813758153394 -0.050854753426538196 0.027461837244270045 0.050095583309065973 -0.052152981863938241 -0.020346955319477195 0.075639752745456729 -0.0094557547007804443 -0.034600764690430934 0.041696160346152485 0.057767474321793848 0.031174035816413301 -0.012626065281272315 -0.0049048768509798429 0.027885869952308524 -0.023214175143267467 -0.00470837601972881 -0.0077305017436283324 0.0089990629810997175
leaf_weight=18.097760536707938 2632.8269941546023 27.826485821977258 20.826489917933941 22.759847141802311 35.243738103657961 283.82492994517088 615.4068170171231 15.180402353405951 50.737013522535563 938.03362622763962 2099.162376685068 2430.0781597299501 15.189564064145086 17.483984403312206 8.8640890084207076 11.286734221503137 122.94865256920457 7.1520172692835322 71.596797943115234 10.941305447369816 7.5343242092058054 4.8099613217636925 42.638808995485306 40.776023764163256 34.301911443471909 18.195243794471025 89.076849900186062 131.58682401105762 6.5958359986543655 11.590454302728174
leaf_count=373 21193 254 123 127 180 1400 3167 113 357 9175 10720 15458 94 112 133 160 2635 118 1456 157 123 97 239 223 176 143 721 799 152 219
internal_value=0.000569559 0.000795379 -0.00520787 0.00106167 0.00502249 0.00419032 0.00519473 0.000598565 -0.0124987 0.000758749 0.00266464 -0.00038362 -0.0220202 0.00657437 -0.00708244 -0.00937995 -0.0073503 0.00382955 -0.00191859 0.0140434 -0.00316089 -0.0148008 -0.00349511 0.00541095 0.0150389 -0.0074456 -0.0160382 -0.000699565 0.0197182 -0.0177769
internal_weight=9842.57 9561.16 405.229 9155.93 957.235 934.475 899.232 8198.69 98.591 8100.1 3037.2 5062.91 65.9266 32.6644 281.418 254.078 242.791 96.8466 89.6946 27.3397 18.4756 145.945 384.402 117.717 76.9407 266.685 116.903 149.782 11.4058 134.539
internal_count=70397 64774 2678 62096 4874 4747 4567 57222 676 56546 19895 36651 451 225 5623 5210 5050 1947 1829 413 280 3103 2555 638 415 1917 975 942 249 2854
is_linear=0
shrinkage=0.05


Tree=139
num_leaves=31
num_cat=0
split_feature=32 4 7 31 32 21 2 0 3 26 12 6 13 30 7 4 15 32 0 13 18 12 13 15 1 5 2 32 8 3
split_gain=6.17492 5.94789 6.16165 8.67218 6.9427 16.9082 9.76843 6.81562 10.3936 6.74669 5.80107 10.5942 9.43226 10.3472 9.15114 7.50926 6.79137 6.11486 6.86564 6.79263 5.77478 5.73929 7.66649 5.56288 5.43801 5.34824 4.8601 4.2119 4.10716 3.74439
threshold=41.250000000000007 20.050000000000004 35.350000000000001 1.0000000180025095e-35 56.750000000000007 1.0000000180025095e-35 53.550000000000004 62.250000000000007 40.650000000000013 1.0000000180025095e-35 51.850000000000009 68.350000000000009 47.350000000000001 449.00000000000006 59.250000000000007 81.050000000000011 49.95000000000001 32.550000000000004 42.550000000000004 52.150000000000013 13.500000000000002 98.750000000000014 55.45000000000001 49.95000000000001 42.350000000000001 40.95000000000001 46.850000000000001 59.95000000000001 57.150000000000013 49.650000000000013
decision_type=8 2 2 8 8 2 2 2 2 2 2 2 2 2 2 2 2 10 2 2 2 2 2 2 2 2 2 10 2 2
left_child=10 28 3 27 5 6 -4 9 -9 -6 14 21 13 -13 15 23 -15 19 -19 -14 -7 -12 24 26 -23 -25 -1 -3 29 -2
right_child=1 2 4 -5 7 20 -8 8 -10 -11 11 12 17 16 -16 -17 -18 18 -20 -21 -22 22 -24 25 -26 -27 -28 -29 -30 -31
leaf_value=0.023674521603668931 -0.0091346009796872962 -0.022580927519256444 0.0019086326410424036 -0.034851065922495601 0.0002178863080496483 -0.012110208903348685 0.0095391768384821118 -0.016963803967175568 0.01140635027316275 -0.0083082086039924837 -0.03041817165340549 0.081577254017833542 -0.022005506491808876 -0.020508156814341719 0.064095159039679758 0.039539342961748339 0.032344778894799434 0.034211255187390009 -0.026683615600266899 0.053366228458825632 -0.045629479260507672 0.019509387500108666 0.045562490325608156 0.038194739802410171 -0.026764584732715726 -0.0051851520208779159 -0.027920632596766387 0.01830783075606382 0.0023427642008242268 -0.054923443184952507
leaf_weight=5.1931544728577128 8.1750374669209176 9.4291023425757903 1236.1314850421622 28.718568477779627 7004.7765044309199 55.183855660259724 636.54900037869811 36.809324201196432 251.9350370913744 239.86170778982341 69.886078560724854 6.13064085133374 5.077178765088318 10.675592849031093 5.8262622058391562 10.142112292349337 13.687464883551 5.1076774327084413 38.355745702981949 6.8120705271139741 17.006558727473021 8.1464851228520256 5.874807469546794 10.243742770515381 26.361294381320477 22.176726132631302 30.097174301743507 18.264371130615473 11.063126858323811 10.740469465963541
leaf_count=197 123 185 15474 332 39184 410 5646 201 1271 1380 1410 128 137 216 54 140 251 178 722 156 157 184 99 259 438 426 628 122 141 148
internal_value=0.00054025 0.000754928 0.000825456 -0.0156307 0.00092409 0.00358749 0.0045054 0.000235786 0.00776777 -6.38236e-05 -0.00677822 -0.0114861 0.00163138 0.0239671 0.00419637 -0.000298598 0.00899172 -0.0106042 -0.0193506 0.0208474 -0.020128 -0.0217359 -0.00654885 -0.006389 -0.0156711 0.00844294 -0.0201414 0.00417493 -0.0214382 -0.0355491
internal_weight=9844.44 9564.64 9534.67 56.412 9478.25 1944.87 1872.68 7533.38 288.744 7244.64 279.794 196.115 85.8464 30.4937 83.6792 77.8529 24.3631 55.3527 43.4634 11.8892 72.1904 110.269 40.3826 67.7108 34.5078 32.4205 35.2903 27.6935 29.9786 18.9155
internal_count=70397 64774 64362 639 63723 21687 21120 42036 1472 40564 5623 3919 1788 595 1704 1650 467 1193 900 293 567 2131 721 1510 622 685 825 307 412 271
is_linear=0
shrinkage=0.05


Tree=140
num_leaves=31
num_cat=0
split_feature=26 2 15 7 4 30 4 15 2 1 33 8 15 30 22 12 14 4 14 28 33 1 14 30 4 1 1 8 29 12
split_gain=7.21588 8.54449 8.67171 9.99914 10.1282 7.99916 6.18594 6.09438 5.73543 5.46797 8.24879 7.71893 7.39619 5.40981 9.48814 4.76169 6.00253 6.05205 12.9398 4.49519 4.3695 3.73463 3.60711 3.39057 3.24889 3.16364 4.41183 3.98912 2.71717 2.54281
threshold=1.0000000180025095e-35 60.050000000000004 55.150000000000013 56.850000000000001 80.850000000000009 475.00000000000006 20.050000000000004 43.95000000000001 64.050000000000011 59.850000000000001 66.450000000000017 83.850000000000009 38.550000000000004 541.00000000000011 1.0000000180025095e-35 98.750000000000014 35.650000000000013 69.950000000000017 44.250000000000007 5.5000000000000009 19.250000000000004 55.45000000000001 48.650000000000013 473.00000000000006 70.250000000000014 57.050000000000004 55.550000000000004 67.050000000000011 56.750000000000007 69.550000000000011
decision_type=2 2 2 2 2 2 2 2 2 2 10 2 2 2 2 2 2 2 2 2 8 2 2 2 2 2 2 2 2 2
left_child=6 2 19 4 5 -4 7 -1 9 13 11 -11 -12 20 -15 16 -3 22 -19 25 -8 -10 -18 -6 -21 26 -2 -27 -9 -5
right_child=1 15 3 29 23 -7 8 28 21 10 12 -13 -14 14 -16 -17 17 18 -20 24 -22 -23 -24 -25 -26 27 -28 -29 -30 -31
leaf_value=0.022797624606781215 -0.025339117102379793 -0.026184315404389494 0.051902990095318915 -0.036440694962969929 -0.026668847717501106 0.006552704006548303 -0.018845210909674153 -0.048152410621964001 0.028923312856902719 -0.0041041327686610818 -0.014304409463568302 0.023827800151550765 0.016377059570143359 0.0091305555969015042 -0.021565141082203067 0.021931945065857085 -0.029393485486027379 0.044183891193414732 -0.00039725616465797044 -0.020562429946846122 0.00019541440371859009 0.0052791987749783815 7.5229504355803995e-05 0.0022842537329279167 0.021094950285646147 -0.0030531903127478752 -0.057605217340402241 -0.032576621566865908 -0.012762603195653408 -0.0095129585304660827
leaf_weight=5.7481468738988069 42.977627161890268 21.091836340725422 15.996327427215872 20.120723264291883 18.368527166545391 25.413150675594807 30.131547304801643 13.873211466707291 27.499237880110741 203.99665115214884 21.767078921198845 28.03316991776228 181.91047846525908 38.105373532511294 72.826183898374438 25.220551438629627 19.037614308297634 20.771540127694607 72.949791248887777 8.9716669190675038 8724.0189725244418 44.137651361525059 21.96781931258738 21.686231778934598 9.5503784436732513 26.844960931688547 14.719823092222212 20.43229603394866 9.7670534392818791 16.72581328637898
leaf_count=81 382 128 136 122 138 199 1020 285 130 1125 96 145 804 276 526 147 116 116 409 102 62524 199 135 151 117 175 104 124 133 107
internal_value=7.59956e-06 -0.00638064 -0.0125313 -0.00280432 0.00692532 0.0242746 0.000295507 -0.0225665 0.000367967 0.000258791 0.00572664 -0.000699127 0.0130682 -9.44465e-06 -0.0109773 0.00180933 -0.00142759 0.0024276 0.00946657 -0.0217995 0.000129091 0.0144528 -0.0135228 -0.010902 0.000646478 -0.0258044 -0.0337428 -0.01596 -0.033857 -0.0244115
internal_weight=9824.66 422.847 241.808 118.311 81.4642 41.4095 9401.81 29.3884 9372.43 9300.79 435.707 232.03 203.678 8865.08 110.932 181.039 155.819 134.727 93.7213 123.497 8754.15 71.6369 41.0054 40.0548 18.522 104.975 57.6975 47.2773 23.6403 36.8465
internal_count=70252 2908 1857 853 624 335 67344 499 66845 66516 2170 1270 900 64346 802 1051 904 776 525 1004 63544 329 251 289 219 785 486 299 418 229
is_linear=0
shrinkage=0.05


Tree=141
num_leaves=31
num_cat=0
split_feature=26 2 15 7 3 2 15 15 1 33 13 15 33 17 6 2 3 13 8 7 27 30 6 1 30 7 30 2 1 2
split_gain=6.5544 7.78577 8.02499 8.91998 6.45131 8.27641 6.47174 6.90416 5.47307 12.0847 8.02801 7.90727 8.20672 7.39423 13.4402 9.29976 9.0826 9.87062 8.43406 8.59343 7.34526 7.15453 6.9198 6.40998 6.2838 6.21551 5.69525 5.62199 5.23936 5.2179
threshold=1.0000000180025095e-35 60.050000000000004 54.550000000000004 56.850000000000001 47.050000000000004 62.350000000000001 44.750000000000007 54.250000000000007 53.95000000000001 86.550000000000011 50.550000000000004 54.150000000000013 68.850000000000009 1350.0000000000002 55.050000000000004 64.050000000000011 46.95000000000001 58.550000000000004 50.050000000000004 55.050000000000004 4.5000000000000009 481.00000000000006 83.450000000000017 53.650000000000013 503.00000000000006 52.250000000000007 449.00000000000006 42.150000000000013 49.95000000000001 55.45000000000001
decision_type=2 2 2 2 2 2 2 2 2 8 2 2 10 2 2 2 2 2 2 2 2 2 2 2 2 2 2 2 2 2
left_child=8 2 -2 -4 5 -3 -6 -8 13 10 22 12 -12 14 16 18 20 -18 19 -15 -1 -13 25 27 -11 -10 -24 -16 -20 -5
right_child=1 4 3 29 6 -7 7 -9 9 24 11 21 -14 15 23 -17 17 -19 28 -21 -22 -23 26 -25 -26 -27 -28 -29 -30 -31
leaf_value=-0.010427010560595026 -0.021572608957743631 0.0055128191158481214 0.0056229707871397082 -0.00066192935714213435 -0.019349461410651188 -0.030120441829971673 0.033233690041405993 0.0046934386560908694 0.0090895596193056281 0.011390679488220532 -0.00081725242542127457 -0.0079426454652146532 0.0071097035011934403 -0.0017541271123024016 -0.02462252267508204 0.041606981015060183 0.0086279652067074615 0.031123231865233709 -0.0013315441680488399 0.0049658015615272862 0.0075852836213850935 0.0011812272188420742 0.017153270649706964 -0.022506903236434284 0.039550999450198528 0.00099802427783794766 -0.013196110507677168 -0.00028032919006836811 -0.0069710053924306875 -0.038251332915921921
leaf_weight=107.09395126160234 114.49182995781302 35.107400201261044 87.029670617543161 15.811832631006835 17.154532715678215 29.973528686910868 31.120291661471128 67.74989596568048 629.16132199671119 91.823129542171955 955.57363759260625 512.25556926056743 495.17617700248957 1876.7393869785592 24.327439115382731 12.215296827256678 431.29298142902553 55.191826228052378 711.22255370486528 637.17122135404497 119.68996742088348 368.54290381260216 18.740728087723255 35.949742160737514 25.576922424137592 383.46845299564302 83.68236648850143 838.89990475028753 986.76695827301592 23.066074453294277
leaf_count=888 946 220 668 93 97 168 184 382 3729 483 5854 2648 2139 17078 347 58 2968 324 7003 3983 871 1832 144 229 132 1988 617 7249 6780 150
internal_value=6.56838e-06 -0.00609189 -0.0119908 -0.00322789 0.00171304 -0.0108427 0.00880216 0.0137518 0.000280606 0.00182485 0.00128567 -0.000381176 0.00188527 -0.000661519 0.00221749 -0.00176171 0.00734379 0.0111962 -0.00188966 -4.87876e-05 -0.000899454 -0.00411967 0.00477522 -0.00184374 0.0175967 0.00603075 -0.00758289 -0.000974904 -0.00461201 -0.0231327
internal_weight=9822.07 421.505 240.399 125.908 181.106 65.0809 116.025 98.8702 9400.56 3564 3446.6 2331.55 1450.75 5836.56 1612.45 4224.12 713.269 486.485 4211.9 2513.91 226.784 880.798 1115.05 899.177 117.4 1012.63 102.423 863.227 1697.99 38.8779
internal_count=70252 2908 1857 911 1051 388 663 566 67344 19566 18951 12473 7993 47778 12876 34902 5051 3292 34844 21061 1759 4480 6478 7825 615 5717 761 7596 13783 243
is_linear=0
shrinkage=0.05


Tree=142
num_leaves=31
num_cat=0
split_feature=26 2 15 7 3 2 5 12 8 11 13 5 33 2 16 12 16 2 16 33 13 28 2 7 15 28 28 3 3 7
split_gain=5.9419 7.09247 7.42506 8.31345 5.8189 7.55954 6.22063 6.03882 5.78114 5.31192 5.02416 9.58554 5.94417 5.02075 11.6529 10.8966 10.7297 9.04555 8.27919 6.004 7.46628 5.36732 11.3517 6.47693 5.06199 4.64235 4.2113 4.28699 8.75097 4.23356
threshold=1.0000000180025095e-35 60.050000000000004 55.150000000000013 56.850000000000001 47.050000000000004 62.350000000000001 44.750000000000007 68.350000000000009 50.350000000000001 50.850000000000001 52.250000000000007 50.45000000000001 51.45000000000001 49.45000000000001 48.750000000000007 61.250000000000007 49.750000000000007 48.050000000000004 47.750000000000007 21.350000000000005 44.350000000000001 3.5000000000000004 53.550000000000004 35.95000000000001 52.250000000000007 4.5000000000000009 5.5000000000000009 44.45000000000001 40.050000000000004 54.050000000000004
decision_type=2 2 2 2 2 2 2 2 2 2 2 2 8 2 2 2 2 2 2 8 2 2 2 2 2 2 2 2 2 2
left_child=9 2 26 10 5 25 -6 8 -8 13 12 -12 -4 14 18 17 -17 -16 24 20 -15 23 -23 -21 -1 -3 27 28 -2 -29
right_child=1 4 3 -5 6 -7 7 -9 -10 -11 11 -13 -14 19 15 16 -18 -19 -20 21 -22 22 -24 -25 -26 -27 -28 29 -30 -31
leaf_value=-0.0076392143453021854 -0.035291737024051417 0.02313443840507054 0.038796046255340139 -0.0224723936941192 -0.017388011030359599 -0.028892644458870128 0.022298360226860516 0.027872935797193688 -0.010556726142427539 -0.024104070749474744 -0.027396925477250263 0.021848972921258557 0.00082715909779479705 0.023978899985827209 0.0049166365547239736 -0.045101792208268397 -0.0045678549032713367 -0.0067722230055583298 0.043773669413246563 -0.022005886825639615 -0.037445892849919324 -0.0048086782804745995 0.0015300315309007388 0.0026109135191603326 0.026015525618617072 -0.013009446912534171 0.0016569866138245121 -0.04066117864468477 0.021535161768572411 -0.016369722444744841
leaf_weight=26.422361384145916 13.399570463225247 17.878952108323574 19.175065930001438 36.186895713210106 19.342421935871243 29.696346003562212 22.269237726926804 41.715599406510592 33.10471498966217 22.201119650155306 23.034211559221148 17.07422487065196 22.762162573635578 6.3455748483538654 670.51191442552954 16.456056958064437 1372.3533985186368 219.39122906699777 22.165885731577873 26.7815748648718 20.346929668448865 1002.5177540387958 2388.9430538229644 3584.7024710737169 19.047984385862947 17.312698926776648 18.267432069405913 42.867241846397519 13.4208847284317 32.706484436988831
leaf_count=261 107 101 220 229 144 168 121 229 169 357 183 96 125 143 5893 152 12777 1843 186 299 567 8108 14697 21912 149 119 219 348 104 226
internal_value=5.75029e-06 -0.00581001 -0.01147 -0.00251252 0.00162182 -0.0103326 0.0083301 0.0135178 0.00258255 0.000266377 0.00624671 -0.00630632 0.0183577 0.000324873 -0.00167699 -0.00228635 -0.00505496 0.00202888 0.0187521 0.000993779 -0.0226218 0.00108483 -0.000342307 0.00242637 0.00637552 0.00522513 -0.0201964 -0.0241417 -0.00669561 -0.03025
internal_weight=9818.4 420.214 238.894 118.233 181.32 64.888 116.432 97.0896 55.374 9398.19 82.0457 40.1084 41.9372 9375.99 2346.35 2278.71 1388.81 889.903 67.6362 7029.64 26.6925 7002.94 3391.46 3611.48 45.4703 35.1917 120.662 102.394 26.8205 75.5737
internal_count=70252 2908 1857 853 1051 388 663 519 290 67344 624 279 345 66987 21261 20665 12929 7736 596 45726 710 45016 22805 22211 410 220 1004 785 211 574
is_linear=0
shrinkage=0.05


Tree=143
num_leaves=31
num_cat=0
split_feature=26 1 33 32 13 0 15 0 17 8 7 0 1 1 15 30 3 31 1 32 13 33 15 33 0 33 14 15 32 7
split_gain=5.39347 4.80248 10.9886 7.44297 7.24178 7.89884 9.45284 8.78024 6.66646 6.82258 7.55889 12.0917 7.70874 6.70863 9.33489 11.6468 10.6233 6.8078 7.85672 6.15968 8.19071 7.41102 6.06011 14.353 6.66042 5.32628 4.98827 4.63687 5.23341 4.77322
threshold=1.0000000180025095e-35 53.95000000000001 86.550000000000011 78.250000000000014 50.550000000000004 53.650000000000013 51.250000000000007 63.95000000000001 1350.0000000000002 50.050000000000004 55.050000000000004 54.650000000000013 51.550000000000004 50.150000000000013 43.550000000000004 487.00000000000006 52.550000000000004 6.5000000000000009 50.350000000000001 63.150000000000013 42.050000000000004 47.650000000000013 39.95000000000001 62.050000000000004 46.050000000000004 64.450000000000017 25.850000000000005 56.95000000000001 75.050000000000011 58.350000000000001
decision_type=2 2 8 8 2 2 2 2 2 2 2 2 2 2 2 2 2 8 2 10 2 8 2 10 2 10 2 2 8 2
left_child=1 8 4 26 22 6 -6 -7 13 10 12 -12 -10 14 16 -16 -1 18 -15 20 -11 -21 23 -3 -24 -19 -4 28 -2 -29
right_child=27 2 3 -5 5 7 -8 -9 9 19 11 -13 -14 17 15 -17 -18 25 -20 21 -22 -23 24 -25 -26 -27 -28 29 -30 -31
leaf_value=0.0040467099371573195 -0.0075319805435150782 0.011121669512058764 -0.0070477089816230951 0.03989218079989703 0.0064469173722854801 -0.0043569554319667384 -0.0022071008911298522 0.022587478412644052 -0.0035161677460697725 -0.027998175874291611 0.0081384474559837699 -0.0089247081307610651 0.0037981409704668577 -0.027811725535791438 0.0055924200120336569 -0.0078483277525344848 0.027258951413580885 -0.025246138770450427 0.0013455648539533391 -0.024683876139444349 -0.00035085652604926521 -0.0059411778590392171 -0.015476056059243319 -0.021726991225775465 0.0066442724436864553 0.0027238330831039839 0.017893498225714764 0.0049865474674595902 -0.031735473718115095 -0.014373710296779802
leaf_weight=114.36582362372428 214.3862767200917 65.33235745318234 29.296450085937977 26.798130005598068 654.27362782042474 1036.5840246658772 608.21409202180803 30.992850489914417 1392.962205498945 27.571687187068164 510.41140036191791 129.99246736615896 485.22229594178498 24.216223279945552 631.30693087168038 216.10901189688593 87.395121457055211 51.839346503838897 462.8545125182718 56.829557212069631 855.82188945356756 760.04646643996239 35.074027856811881 67.320841982960701 949.08729229308665 24.836341947317123 61.548105895519257 138.22665267251432 25.066418781876564 41.231600729748607
leaf_count=1040 1635 470 148 160 3738 5267 3312 156 13226 328 3194 799 3870 178 5712 1672 686 466 3015 483 9296 3706 263 292 5453 107 307 908 130 235
internal_value=4.61914e-06 0.000252632 0.00169884 0.0167225 0.00118416 -0.00040057 0.00227397 -0.00356801 -0.000630481 -0.0016764 -2.23072e-05 0.00466622 -0.00162378 0.00210212 0.00446731 0.00215832 0.0141347 -0.00229085 -9.92276e-05 -0.0041235 -0.00122249 -0.00725408 0.00449468 -0.00551501 0.00584937 -0.0161294 0.00979633 -0.00554518 -0.0100987 0.000505039
internal_weight=9815.21 9396.3 3564.52 117.643 3446.88 2330.06 1262.49 1067.58 5831.78 4218.86 2518.59 640.404 1878.18 1612.92 1049.18 847.416 201.761 563.746 487.071 1700.27 883.394 816.876 1116.81 132.653 984.161 76.6757 90.8446 418.911 239.453 179.458
internal_count=70252 67344 19566 615 18951 12473 7050 5423 47778 34902 21089 3993 17096 12876 9110 7384 1726 3766 3193 13813 9624 4189 6478 762 5716 573 455 2908 1765 1143
is_linear=0
shrinkage=0.05


Tree=144
num_leaves=26
num_cat=0
split_feature=4 15 26 2 15 7 4 3 2 15 15 15 28 2 2 11 28 30 22 30 32 29 29 0 0
split_gain=5.49682 5.62813 5.00168 6.48562 6.61658 7.15216 8.04932 5.25309 6.90107 5.78509 6.38534 5.1879 5.08093 4.91416 4.77033 4.48293 4.16772 4.16386 10.0762 6.14361 4.01961 3.21673 2.66915 0.844537 0.417455
threshold=20.050000000000004 43.95000000000001 1.0000000180025095e-35 60.050000000000004 54.550000000000004 56.850000000000001 80.850000000000009 47.050000000000004 62.350000000000001 44.750000000000007 54.250000000000007 52.650000000000013 5.5000000000000009 55.45000000000001 64.050000000000011 50.850000000000001 4.5000000000000009 541.00000000000011 1.0000000180025095e-35 535.00000000000011 69.65000000000002 55.750000000000007 56.750000000000007 56.650000000000013 43.750000000000007
decision_type=2 2 2 2 2 2 2 2 2 2 2 2 2 2 2 2 2 2 2 2 8 2 2 2 2
left_child=1 -1 14 4 11 6 -6 8 16 -9 -11 12 -4 -7 15 17 -5 19 -19 -2 -16 -17 24 -13 -3
right_child=2 22 3 7 5 13 -8 9 -10 10 -12 23 -14 -15 20 21 -18 18 -20 -21 -22 -23 -24 -25 -26
leaf_value=0.021291198687083186 0.00026515735439193585 -0.031785738349901706 -0.019121457110836758 0.022075679157518936 0.019945842615308809 0.00026526445937683364 -0.010298172582183691 -0.018520493513345154 -0.027449464756703158 0.031436107066670611 0.0041061982586842929 -0.02993168067490843 0.013672541827052402 -0.035885469898621701 0.026439531887711611 -0.0010498537413872787 -0.012172044583253702 0.011213911903638893 -0.019764184355938966 0.014909956749255177 0.0024821352217265541 -0.04048485210104491 -0.012075892781577982 -0.051160932435427908 -0.055389478927733521
leaf_weight=5.8340431312099126 9086.0970691256225 4.7924614758230772 73.847783448174596 18.022540375590324 44.474922062829137 15.679782984778283 43.136194093152881 17.067900525406003 29.381854984909296 31.462039098143578 67.98684137314558 12.284016106277706 13.798910723999141 22.39353553391993 31.674718923866749 9.8256006166338938 17.160361755639315 39.646749009378254 76.456397140398622 72.100840125232935 40.198100514709949 11.496615105308591 9.6504636369645578 11.313488403335212 8.5141605520620924
leaf_count=81 64853 130 582 101 356 93 312 97 168 184 382 108 161 150 151 179 119 281 544 492 178 167 133 95 155
internal_value=3.70831e-06 -0.021773 6.85131e-05 -0.00528141 -0.0107275 -0.00281573 0.00500314 0.00181873 -0.0095769 0.00817899 0.0128255 -0.0196109 -0.0138918 -0.0209048 0.000307833 0.000208001 0.00524258 0.000261303 -0.00914225 0.000381161 0.0131318 -0.0226357 -0.0329786 -0.0404937 -0.0475619
internal_weight=9814.3 28.7911 9785.51 418.01 236.929 125.684 87.6111 181.082 64.5648 116.517 99.4489 111.244 87.6467 38.0733 9367.5 9295.62 35.1829 9274.3 116.103 9158.2 71.8728 21.3222 22.9571 23.5975 13.3066
internal_count=70252 499 69753 2908 1857 911 668 1051 388 663 566 946 743 243 66845 66516 220 66170 825 65345 329 346 418 203 285
is_linear=0
shrinkage=0.05


Tree=145
num_leaves=28
num_cat=0
split_feature=30 16 33 33 33 33 30 13 12 3 27 23 33 12 29 32 0 11 13 0 3 29 3 19 33 32 33
split_gain=11.1387 5.38349 6.77373 5.55886 8.20924 9.20362 7.72844 6.40107 5.2532 6.79732 4.88504 10.563 12.7321 8.21081 7.6407 9.79628 8.80324 7.47077 7.99754 7.36785 5.70929 6.79069 5.8663 5.56103 3.70075 3.88891 2.39717
threshold=543.00000000000011 48.250000000000007 69.450000000000017 60.650000000000013 37.550000000000004 33.150000000000013 469.00000000000006 48.95000000000001 81.450000000000017 49.750000000000007 5.5000000000000009 1.0000000180025095e-35 62.850000000000001 91.250000000000014 51.250000000000007 59.550000000000004 59.750000000000007 49.750000000000007 48.550000000000004 51.350000000000001 50.550000000000004 53.500000000000007 65.15000000000002 1.0000000180025095e-35 65.65000000000002 59.550000000000004 73.65000000000002
decision_type=2 2 8 10 10 10 2 2 2 2 2 2 8 2 2 8 2 2 2 2 2 2 2 2 8 10 8
left_child=1 2 3 4 5 -1 -5 -6 24 -10 17 14 13 -13 15 -12 -16 18 19 -3 21 -19 -22 -14 25 -2 -20
right_child=8 10 -4 6 7 -7 -8 -9 9 -11 11 12 23 -15 16 -17 -18 20 26 -21 22 -23 -24 -25 -26 -27 -28
leaf_value=0.0080340645995255287 -0.019322176044281533 0.03464012626895259 -0.010688331311887279 0.049371178006828748 -0.025802870343956116 0.086420492572081245 0.0073940634450770691 0.007503888328739234 -0.024519845792448369 0.014987777168611294 -0.0083162065264799877 -0.004188538176613972 0.022152881854467378 0.010524595385037236 0.00017247399294614672 0.038744393781477503 -0.0084522611486114434 -0.012301868665295333 -0.013032648799575317 -0.0067751986408461449 0.00063174168950672809 -0.0022281447341172228 -0.015987740158084289 0.0068318675526750491 -0.010275648118451589 -0.053675305245364402 -0.033428949708498593
leaf_weight=9.710790607146917 16.442457044497132 16.843924880959094 37.578094571828842 21.421215951442719 18.44245657324791 6.1900236364454022 23.104205265641212 64.854992149397731 21.071047404780984 22.204200685024261 18.168223929591477 260.78297165874392 139.12572837620974 148.73993110656738 3083.6962814964354 27.460328809916973 327.054229516536 182.06937927752733 173.75934698153287 28.89014501683414 2811.5356542626396 2095.4254472171888 54.007044930011034 105.31925316900015 20.371157452464104 18.13872554153204 16.093546688556671
leaf_count=226 194 183 171 102 151 83 105 468 161 147 262 2229 617 1206 21805 158 1901 1897 1477 221 19397 15534 317 482 95 122 71
internal_value=-0.000582567 -0.000411782 0.00811877 0.0130749 0.00640871 0.039211 0.0277667 4.75603e-05 -0.0173276 -0.00414569 -0.000575382 0.000721525 0.00654859 0.00114437 -0.000379702 0.0199194 -0.000653303 -0.0015674 -0.0102749 0.00841133 -0.00116738 -0.00303617 0.000316222 0.0155778 -0.0275912 -0.0375883 -0.0148046
internal_weight=9768.5 9670.27 181.302 143.724 99.1983 15.9008 44.5254 83.2974 98.2276 43.2752 9488.97 4110.35 653.968 409.523 3456.38 45.6286 3410.75 5378.62 235.587 45.7341 5143.04 2277.49 2865.54 244.445 54.9523 34.5812 189.853
internal_count=69782 69063 1306 1135 928 309 207 619 719 308 67757 28660 4534 3435 24126 420 23706 39097 1952 404 37145 17431 19714 1099 411 316 1548
is_linear=0
shrinkage=0.05


Tree=146
num_leaves=31
num_cat=0
split_feature=18 31 5 27 23 17 6 7 29 32 1 29 5 13 13 8 17 32 7 6 5 15 32 13 27 1 3 14 8 12
split_gain=9.03153 8.13067 5.97218 5.94537 10.7686 8.40003 10.5076 9.21951 8.25881 10.6115 8.17702 9.16477 8.72305 7.60146 7.74491 6.93022 5.9304 5.648 7.20613 5.62834 7.60763 8.63894 6.41379 5.61633 5.23247 5.69066 5.37015 5.06527 4.7553 4.54357
threshold=16.500000000000004 -7.4999999999999991 47.250000000000007 5.5000000000000009 1.0000000180025095e-35 1850.0000000000002 72.350000000000009 47.350000000000001 51.250000000000007 59.550000000000004 54.95000000000001 57.250000000000007 62.95000000000001 65.050000000000011 59.250000000000007 85.550000000000011 3205.0000000000005 76.850000000000009 51.350000000000001 63.050000000000004 42.750000000000007 40.350000000000001 39.050000000000004 59.750000000000007 4.5000000000000009 46.750000000000007 53.45000000000001 41.550000000000004 38.150000000000013 87.15000000000002
decision_type=2 8 2 2 2 2 2 2 2 10 2 2 2 2 2 2 2 10 2 2 2 2 10 2 2 2 2 2 2 2
left_child=3 -2 -3 5 8 19 10 27 9 -5 12 -12 -7 14 15 -6 28 24 -19 29 21 -21 -22 -9 25 -4 -26 -8 -10 -1
right_child=1 2 17 4 13 6 7 23 16 -11 11 -13 -14 -15 -16 -17 -18 18 -20 20 22 -23 -24 -25 26 -27 -28 -29 -30 -31
leaf_value=0.0015360779636712479 -0.019853772491020216 -0.010107456092844525 0.03027141893897782 -0.0086399983968584015 0.0070938527364165869 -0.0077086052063206362 0.0086723531355166802 0.0064500295285780515 0.0041222702722807985 0.042800829404705254 0.00032923208814935977 0.022082766218831519 0.015778208138960709 0.0388252207173026 -0.012775458909247778 0.036742294415993831 -0.02266680343421509 -0.035055276019508169 0.00044691971976171062 0.026888036816880297 0.023743951633200231 -0.012966803901512681 -0.0030734378760775417 -0.021364476281571117 0.00051512495619533715 0.0034936557653761596 -0.013650768708894104 0.030380637970106213 -0.00077233103264433105 -0.0037201775543127613
leaf_weight=1232.3121881876141 85.694208265282214 257.55341081041843 21.714353499934077 16.361642519012094 520.59824629593641 372.2302260287106 46.59574725292623 238.44403580203652 618.19171256339177 25.115420464426279 177.02255020663142 66.800109693780541 44.017065849155188 18.782374730333686 47.477851912379265 20.494710263796151 28.530593473464251 26.493199698626995 30.30658183991909 14.071094608865677 22.441167566925287 301.12899214494973 1776.339707727544 19.480667594820261 215.6470272000879 230.15043126419187 96.484652871266007 66.350899033248425 2511.4368470897898 616.67512029316276
leaf_count=8902 775 2999 248 236 3601 3044 319 1426 4659 138 952 355 219 113 309 143 163 115 134 141 489 3557 11764 100 1456 1457 607 473 16790 4098
internal_value=-0.000554141 -0.00514835 -0.00370586 -5.02739e-05 0.00143753 -0.00118547 0.00283273 0.00956696 0.000277234 0.0224165 -0.000944309 0.00631616 -0.00520973 0.00754089 0.00652763 0.00823265 -1.2645e-05 -0.00104074 -0.0160571 -0.00223209 -0.00399441 -0.0111638 -0.00273479 0.0043224 0.000465256 0.00583322 -0.00385072 0.0214848 0.000192997 -0.000214393
internal_weight=9764.94 964.044 878.35 8800.9 3806.99 4993.91 1030.94 370.871 3199.64 41.4771 660.07 243.823 416.247 607.353 588.571 541.093 3158.16 620.796 56.7998 3962.97 2113.98 315.2 1798.78 257.925 563.996 251.865 312.132 112.947 3129.63 1848.99
internal_count=69782 7791 7016 61991 26152 35839 6888 2318 21986 374 4570 1307 3263 4166 4053 3744 21612 4017 249 28951 15951 3698 12253 1526 3768 1705 2063 792 21449 13000
is_linear=0
shrinkage=0.05


Tree=147
num_leaves=31
num_cat=0
split_feature=18 31 9 16 29 0 27 23 29 20 3 12 16 12 14 2 12 1 7 0 32 1 32 7 6 3 3 27 7 31
split_gain=8.17828 7.45545 6.84022 6.42747 8.80763 9.0016 5.46917 10.4879 8.45514 8.13734 7.61485 5.34981 5.1494 5.13199 5.05935 5.22475 4.20846 4.38437 3.90552 4.30183 16.3073 8.11248 7.30951 7.6155 6.72185 4.65716 4.17842 2.70137 2.37312 2.29962
threshold=16.500000000000004 -7.4999999999999991 41.550000000000004 49.250000000000007 53.500000000000007 53.350000000000001 5.5000000000000009 1.0000000180025095e-35 51.250000000000007 1.0000000180025095e-35 49.650000000000013 86.550000000000011 55.850000000000001 63.150000000000013 58.350000000000001 45.95000000000001 69.050000000000011 53.550000000000004 38.850000000000001 51.150000000000013 72.050000000000011 50.95000000000001 76.850000000000009 51.350000000000001 59.750000000000007 51.45000000000001 53.95000000000001 3.5000000000000004 51.550000000000004 -8.4999999999999982
decision_type=2 8 2 2 2 2 2 2 2 2 2 2 2 2 2 2 2 2 2 2 10 2 10 2 2 2 2 2 2 10
left_child=2 16 13 4 5 -4 9 8 -8 10 -5 -9 -11 -1 15 -6 17 28 26 20 21 -20 24 -24 -21 -22 -3 -18 -2 -29
right_child=1 18 3 6 14 -7 7 11 -10 12 -12 -13 -14 -15 -16 -17 27 -19 19 22 25 -23 23 -25 -26 -27 -28 29 -30 -31
leaf_value=0.0061614212703373118 -0.034076221435425082 -0.041354397494456165 0.0035980926847932328 -0.003265947491465505 0.022060361518229807 0.062922160704236091 0.02276420665016177 0.0034420929689802102 -0.00020833493818549003 -0.0034933912202258751 0.0030084915889473478 0.013061604827016821 0.01156975155050291 -0.030178281056054929 0.031571760421568701 -0.00093415406751364981 -0.012857117380227432 0.017724862520055482 -0.0097339355555554133 0.0051322657215114266 0.044669817347432604 0.007744228528482131 -0.045088690999022935 -0.0048220031002347381 -0.0077800021349913378 0.012713972470839024 0.0023869495267412337 -0.024309213541851421 -0.0010884891454821545 -0.052714735277932891
leaf_weight=13.556045306846498 11.958859519101681 13.631526323966684 12.135214147157969 716.96976433880627 28.888022520579398 13.907212831079958 40.485940624028444 364.45410182327032 3044.1565264253877 2569.6074296524748 1482.5633560866117 241.70911840349436 57.776805808767676 32.191028567031026 16.157363826408982 164.95545205194503 18.600073530338705 12.591237291693686 173.37666582688689 143.38677206449211 23.327625334262848 107.19581266399473 23.024616524577141 24.540622815489769 336.09873155876994 23.526383712887764 8.7019961196929199 16.936097894795239 10.554523669183252 14.157596364617349
leaf_count=132 158 194 148 5105 257 95 360 2522 20783 19281 9737 1616 468 326 110 1051 166 79 1924 1001 106 932 102 111 2440 104 102 153 98 121
internal_value=-0.000527005 -0.00490486 -4.79755e-05 5.23404e-05 0.00818977 0.0355892 -0.000172671 0.00127555 9.2287e-05 -0.00128106 0.000960918 0.00728767 -0.00315982 -0.0193109 0.00475283 0.00247649 -0.0190665 -0.00561197 -0.00352754 -0.00297982 0.0015089 -0.00303802 -0.00577765 -0.0244723 -0.00390799 0.0287919 -0.0241535 -0.0284403 -0.0189055 -0.0375306
internal_weight=9761.12 961.609 8799.51 8753.77 236.043 26.0424 8517.72 3690.81 3084.64 4826.92 2199.53 606.163 2627.38 45.7471 210.001 193.843 84.7984 35.1046 876.811 854.477 327.426 280.572 527.051 47.5652 479.486 46.854 22.3335 49.6938 22.5134 31.0937
internal_count=69782 7791 61991 61533 1661 243 59872 25281 21143 34591 14842 4138 19749 458 1418 1308 775 335 7016 6720 3066 2856 3654 213 3441 210 296 440 256 274
is_linear=0
shrinkage=0.05


Tree=148
num_leaves=31
num_cat=0
split_feature=18 31 9 16 29 0 8 9 5 0 8 28 9 1 0 2 14 0 1 1 3 4 32 0 4 2 8 32 6 1
split_gain=7.41719 6.85843 6.26676 5.78264 7.80763 7.82015 5.48088 5.7631 5.4032 10.209 9.75099 11.4421 4.87896 11.6988 4.86136 7.57749 5.71953 4.80329 5.53581 4.15376 4.68462 4.01302 6.20376 4.00474 6.4538 5.54662 3.86459 5.64627 5.66049 3.75771
threshold=16.500000000000004 -7.4999999999999991 41.550000000000004 49.250000000000007 53.500000000000007 53.350000000000001 22.250000000000004 51.050000000000004 47.250000000000007 58.050000000000004 70.050000000000011 3.5000000000000004 75.950000000000017 53.45000000000001 55.150000000000013 56.250000000000007 56.95000000000001 58.850000000000001 58.250000000000007 50.850000000000001 51.750000000000007 89.250000000000014 57.750000000000007 60.650000000000013 59.850000000000001 58.550000000000004 30.050000000000004 54.750000000000007 63.45000000000001 56.250000000000007
decision_type=2 8 2 2 2 2 2 2 2 2 2 2 2 2 2 2 2 2 2 2 2 2 10 2 2 2 2 10 2 2
left_child=2 26 19 4 5 -4 -6 -8 17 14 11 -11 23 -14 16 -16 -10 18 -3 20 -1 22 -19 25 -25 -5 -2 28 -28 -29
right_child=1 8 3 12 6 -7 7 -9 9 10 -12 -13 13 -15 15 -17 -18 21 -20 -21 -22 -23 -24 24 -26 -27 27 29 -30 -31
leaf_value=-0.025483209281797738 0.0058243663639291699 -0.010092090427172431 0.0034120797363650225 -0.00039188271125623953 -0.024259305876026885 0.058418815043278532 0.0027503699150876492 0.025271157498057681 0.001089564508214962 0.0174090599781563 -0.036848698751962623 -0.019195904351691908 0.044698193257804136 -0.012489663447232034 -0.00047996892882064897 0.02656933421989335 -0.028768153411218036 -0.013644673055081267 -0.038366131992924178 -0.031685877709553452 0.023545621020460206 -0.014262690103653528 0.033516098130773053 -0.016910701851730926 -0.0020430451888245413 0.0040017628762887723 -0.02772165008847817 -0.037922645178991521 0.034044231365510512 -0.0076049449524764378
leaf_weight=9.6552783269435185 13.508822359144686 189.32858502212912 12.161690435372295 7100.1714180358686 15.188017826527355 14.229327507317064 160.66720704827458 34.614334670826793 376.86577774584293 34.504127778112888 33.220897980034351 55.383955266326666 19.22166395559907 16.39032156765461 55.54010540805757 47.822023751214147 16.650021592155099 10.807445067912342 19.170646276324987 25.833129143342376 9.6182914990931732 16.905395062640309 18.771203722804785 85.753442486748099 496.15619482286274 799.03796954639256 6.9703777665272337 41.522178765386343 7.6541009042412043 14.210127197206019
leaf_count=114 136 2453 148 52061 128 95 1072 218 2587 185 177 333 126 95 344 267 124 148 140 246 98 127 131 572 2763 4255 94 326 137 82
internal_value=-0.000501305 -0.00467708 -4.56342e-05 4.96888e-05 0.00775447 0.0333675 0.00450475 0.00677874 -0.00335974 -0.000830624 -0.0137204 -0.00508556 -0.000164092 0.0182764 0.00235506 0.0120001 -0.000168028 -0.00948691 -0.0127329 -0.0186142 -0.000762513 0.00496131 0.0161281 -0.000242327 -0.00424515 5.19649e-05 -0.0183409 -0.0230534 0.00427722 -0.0303095
internal_weight=9757.53 958.836 8798.7 8753.59 236.861 26.391 210.47 195.282 874.97 619.987 123.109 89.8881 8516.73 35.612 496.878 103.362 393.516 254.983 208.499 45.1067 19.2736 46.484 29.5786 8481.12 581.91 7899.21 83.8656 70.3568 14.6245 55.7323
internal_count=69782 7791 61991 61533 1661 243 1418 1290 7016 4017 695 518 59872 221 3322 611 2711 2999 2593 458 212 406 279 59651 3335 56316 775 639 231 408
is_linear=0
shrinkage=0.05


Tree=149
num_leaves=31
num_cat=0
split_feature=16 33 33 8 8 1 13 32 33 8 12 31 1 17 7 4 11 13 13 6 5 1 27 1 33 4 4 33 4 12
split_gain=4.58703 5.38336 7.51135 5.67426 5.78204 5.06348 7.18992 7.17074 4.42553 12.4797 17.346 6.8359 10.0961 10.9419 7.44773 7.63537 5.11661 7.2983 10.4631 12.0467 7.70536 6.57422 5.69239 4.57156 3.95697 6.70213 5.74876 3.62798 3.51184 3.78452
threshold=48.250000000000007 37.550000000000004 32.250000000000007 58.95000000000001 68.65000000000002 55.050000000000004 49.150000000000013 58.150000000000013 28.050000000000004 15.550000000000002 85.65000000000002 -7.4999999999999991 50.050000000000004 1750.0000000000002 42.95000000000001 84.450000000000017 49.750000000000007 48.150000000000013 45.750000000000007 69.65000000000002 45.350000000000001 60.750000000000007 5.5000000000000009 54.750000000000007 29.150000000000002 75.050000000000011 44.650000000000013 61.850000000000001 20.050000000000004 56.95000000000001
decision_type=2 8 8 2 2 2 2 8 8 2 2 10 2 2 2 2 2 2 2 2 2 2 2 2 8 2 2 10 2 2
left_child=1 2 -1 5 -5 6 -3 -8 9 10 -2 12 13 -11 -13 -16 17 18 23 -20 21 -19 -22 -10 25 26 -18 -6 29 -26
right_child=8 3 -4 4 27 -7 7 -9 16 11 -12 14 -14 -15 15 -17 24 20 19 -21 22 -23 -24 -25 28 -27 -28 -29 -30 -31
leaf_value=0.0023211892498141125 -0.020701204218443209 -0.024182637609589053 0.069925508550719107 -0.030994216518814829 -0.013331262324589758 0.028777497923658399 0.040903481117371035 0.0019382790828892703 0.003603394553750164 0.0013888228012643982 0.092747649511486979 -0.036098974265929729 -0.030425534860108946 0.066745343093575438 -0.012652500988844998 0.032896876119161138 -0.0037533690241183535 -0.02796874265621889 -0.0052960780829275772 0.049697712167151353 -0.011070942943134286 0.014425442338002621 0.0041338984683501993 -0.034311013848598602 -0.047825291564854461 -0.017175105269537909 0.043678834194359639 0.015772378326173089 -0.00022684503562777608 -0.0048717790906696945
leaf_weight=8.9239529473707098 6.2127200393006188 16.72984116896987 7.7876019794493905 18.264645002782345 19.466633833944798 30.495661992579699 16.332878582179546 43.064842276275158 17.959985092282299 18.338555120863024 7.0412193201482296 32.577462597284466 11.660442629829047 9.8803349826484901 138.11086145602167 9.7084021866321546 9.1907510301098245 70.613192543387413 17.533144300803542 22.449545511975884 147.73622716590762 10.275124300271271 104.79940083809197 13.856218993663786 7.8148586489260223 11.044380341656504 19.44902359507978 23.411819994449615 8867.680809260346 15.528867012821136
leaf_count=210 153 122 102 104 139 163 140 233 176 494 128 1264 333 247 3563 174 206 783 133 180 992 60 697 97 106 229 412 104 57840 198
internal_value=-0.000477117 0.007328 0.0343508 0.00458755 -0.00749812 0.0115655 0.00457626 0.0127875 -0.00062818 -0.00742665 0.0394378 -0.0102858 0.00835259 0.0246037 -0.0144361 -0.00960691 -0.000457509 -0.00595238 0.00846327 0.0255041 -0.00907322 -0.0225106 -0.00474218 -0.0128078 -0.00020756 0.0155238 0.0283234 0.00244284 -0.000278512 -0.0196074
internal_weight=9753.94 184.478 16.7116 167.766 61.1431 106.623 76.1276 59.3977 9569.46 233.53 13.2539 220.276 39.8793 28.2189 180.397 147.819 9335.93 405.223 71.7989 39.9827 333.424 80.8883 252.536 31.8162 8930.71 39.6842 28.6398 42.8785 8891.02 23.3437
internal_count=69782 1317 312 1005 347 658 495 373 68465 6356 281 6075 1074 741 5001 3737 62109 3118 586 313 2532 843 1689 273 58991 847 618 243 58144 304
is_linear=0
shrinkage=0.05


Tree=150
num_leaves=31
num_cat=0
split_feature=6 17 33 0 5 0 2 2 5 19 32 3 8 2 7 17 4 3 18 27 32 15 1 32 6 7 8 7 2 7
split_gain=7.56299 13.6419 13.0738 8.69947 8.05784 7.3199 6.75225 6.86955 6.05596 5.86866 8.98729 5.65936 5.43289 5.42849 8.76483 7.03433 7.22546 7.78606 6.11156 6.62224 8.50114 8.73605 6.40484 6.66767 6.38854 11.3735 9.90991 9.22163 8.36985 8.26863
threshold=47.550000000000004 1550.0000000000002 36.45000000000001 61.150000000000013 40.95000000000001 45.150000000000013 57.650000000000013 48.250000000000007 52.95000000000001 1.0000000180025095e-35 57.550000000000004 49.550000000000004 71.250000000000014 59.150000000000013 51.550000000000004 1950.0000000000002 70.250000000000014 46.750000000000007 15.500000000000002 2.5000000000000004 43.45000000000001 40.750000000000007 49.95000000000001 78.65000000000002 67.350000000000009 57.750000000000007 37.850000000000001 38.45000000000001 50.850000000000001 38.650000000000013
decision_type=2 2 8 2 2 2 2 2 2 2 10 2 2 2 2 2 2 2 2 2 10 2 2 10 2 2 2 2 2 2
left_child=1 2 4 6 -1 -3 7 -4 -6 10 -7 -11 -13 18 15 -15 -17 -18 24 20 -20 -22 23 -21 25 27 -26 -2 -27 -28
right_child=13 5 3 -5 8 9 -8 -9 -10 11 -12 12 -14 14 -16 16 17 -19 19 22 21 -23 -24 -25 26 28 29 -29 -30 -31
leaf_value=-0.0037921258913302235 -0.021404015793047831 -0.021714372334200666 0.026032302458380514 -0.021304695926307016 0.073408134556152888 -0.018602121859589201 0.031583857384364193 0.0038639121873052375 0.018581272397261966 -0.021021153893915963 0.024950484419604749 -0.006839369823710556 0.026728158957145372 0.0050174826099462586 -0.0016334844408934246 -0.00088743611325633087 0.0075924921701621267 0.046536855929926575 -0.02427602080004844 -0.0087457971781231842 -0.011738718773798158 0.0043919363223660487 -0.0023895920034780753 0.030103277202238946 0.0081229929942844992 0.01422636375549044 0.019672191431994165 -0.0023927505561003176 -0.0017298044655167447 -0.000293050489697992
leaf_weight=7.0095063494518426 65.834579383023083 47.197389801032841 43.159916114062071 22.089030899107456 16.57853482011706 16.063933271914721 35.367995604872704 186.63442180864513 7.7289598789066067 40.763611648231745 43.40258190408349 39.20820736233145 17.224943779408932 413.23079164884984 521.62099229730666 24.861140018329024 21.463790070265532 33.311739549040794 30.957457509823143 649.3586023952812 95.557891972362995 678.96292928513139 1981.6626947354525 11.084795720875261 518.07616942096502 180.70825297757983 53.310864211060107 2040.8864928018302 149.72058082185686 1776.3012634906918
leaf_count=141 700 588 261 118 259 169 180 1059 82 312 217 296 100 2260 2724 146 113 163 822 7542 724 5400 14044 53 3774 943 509 14031 797 11536
internal_value=-0.000242269 0.00560913 0.0120753 0.00870073 0.0427428 -0.00447187 0.0112262 0.00805884 0.0563275 0.000701358 0.01309 -0.0068325 0.00334707 -0.000573457 0.00287615 0.00765837 0.0212756 0.0314093 -0.000999192 -0.00260418 0.00135995 0.00239407 -0.00381459 -0.00808173 0.000156224 -0.00163576 0.00201861 -0.00299021 0.006983 0.000287003
internal_weight=9769.34 522.429 318.568 287.251 31.317 203.861 265.162 229.794 24.3075 156.663 59.4665 97.1968 56.4332 9246.91 1014.49 492.867 79.6367 54.7755 8232.42 3447.58 805.478 774.521 2642.11 660.443 4784.84 2437.15 2347.69 2106.72 330.429 1829.61
internal_count=70063 3782 2100 1618 482 1682 1500 1320 341 1094 386 708 396 66281 5406 2682 422 276 60875 28585 6946 6124 21639 7595 32290 16471 15819 14731 1740 12045
is_linear=0
shrinkage=0.05


Tree=151
num_leaves=31
num_cat=0
split_feature=6 17 33 30 29 0 16 0 8 33 7 4 6 9 9 7 33 0 32 0 30 32 31 28 32 8 16 0 2 7
split_gain=6.80493 12.2362 11.1448 8.93225 7.06399 8.73303 6.63255 7.50168 7.00283 6.60405 6.49701 6.83962 6.48262 6.20413 7.45715 10.4635 7.2872 6.63303 5.55755 6.15298 5.49855 7.218 8.59389 6.47863 5.45432 8.60636 5.80011 5.22802 7.53361 5.14801
threshold=47.550000000000004 1550.0000000000002 36.45000000000001 455.00000000000006 55.250000000000007 45.050000000000004 50.250000000000007 43.750000000000007 77.350000000000009 80.15000000000002 46.250000000000007 85.450000000000017 43.95000000000001 75.950000000000017 51.650000000000013 53.550000000000004 51.850000000000001 33.350000000000001 53.350000000000001 57.45000000000001 491.00000000000006 59.550000000000004 -8.4999999999999982 5.5000000000000009 66.250000000000014 79.050000000000011 55.45000000000001 42.150000000000013 53.150000000000013 45.95000000000001
decision_type=2 2 8 2 2 2 2 2 2 10 2 2 2 2 2 2 10 2 8 2 2 10 10 2 8 2 2 2 2 2
left_child=1 2 12 29 -3 -6 8 -8 13 24 -7 -12 -1 14 17 -16 -15 -2 -5 -20 21 23 -23 -10 26 -26 -9 -22 -29 -4
right_child=6 4 3 18 5 10 7 9 20 -11 11 -13 -14 16 15 -17 -18 -19 19 -21 27 22 -24 -25 25 -27 -28 28 -30 -31
leaf_value=0.0070916124686260995 0.021323930037761379 -0.015724113026088393 -0.029158317589367808 -0.011083894251013516 -0.02147309113317036 0.031232208391751018 -0.023901743854866993 -0.0045665066411306231 0.004925123491082822 0.024652605324059232 -0.0072090254636610722 0.028949746048151731 0.055059811400955616 0.046992995503434234 -0.0006336622853388114 -0.015107079510521513 0 0.00058883757908406557 0.020429524336795086 -0.0016019740610128245 0.028439623791225679 -0.038750978788243018 -0.0075544140802191496 -0.037038796054689439 -0.015048980100809257 0.011345587551958358 0.011743895016111538 -0.0084519216218897335 0.0076292873485210846 0.00098973016493676485
leaf_weight=10.869659255258737 38.702497815713286 80.970796141773462 19.051772018894553 20.731136620044708 27.358803262934089 26.990814581513405 51.58485599886626 214.74741882830858 170.2032853551209 19.330022439360619 49.976078120991588 17.571016889065504 21.539532299153507 15.368967585265635 397.90671806503087 182.41970521956682 17.628374114632607 6905.1450961944647 155.78450718522072 39.243065387010574 17.171177360229194 22.945074643939734 586.14551751874387 9.606250671669839 191.15194510295987 36.534951850771904 72.906850704923272 136.38913539797068 156.02726855874062 53.193551827222109
leaf_count=158 805 754 126 166 313 196 687 1845 2040 89 327 92 324 105 2825 1110 97 49838 821 201 183 128 3071 117 901 165 634 839 802 304
internal_value=-0.000230859 0.00531466 0.0114014 0.0082437 -0.00427514 0.0032956 -0.000545444 -0.00569206 -0.000196219 -0.00392171 0.0105315 0.00215193 0.0391969 0.000345409 0.000249718 -0.00519367 0.0219475 0.000705433 0.0133454 0.0159722 -0.00392665 -0.00614386 -0.008744 0.00263609 -0.00500779 -0.0107886 -0.000412565 0.0017073 0.000111256 -0.0069208
internal_weight=9765.2 523.281 320.413 288.004 202.868 121.897 9241.92 586.256 8655.66 534.671 94.5379 67.5471 32.4092 7557.17 7524.17 580.326 32.9973 6943.85 215.759 195.028 1098.49 788.9 609.091 179.81 515.341 227.687 287.654 309.588 292.416 72.2453
internal_count=70063 3782 2100 1618 1682 928 66281 4321 61960 3634 615 419 482 54780 54578 3935 202 50643 1188 1022 7180 5356 3199 2157 3545 1066 2479 1824 1641 430
is_linear=0
shrinkage=0.05


Tree=152
num_leaves=26
num_cat=0
split_feature=3 18 33 17 15 30 33 27 1 30 31 30 3 14 5 1 5 9 30 32 32 9 33 3 33
split_gain=6.41655 5.28593 14.7659 7.94992 6.62508 6.92062 9.97462 9.8178 6.38133 7.69906 5.18662 4.7794 8.83038 5.90587 5.36177 6.27627 4.7843 9.31564 7.73737 4.89886 3.77683 7.28828 6.82129 3.1015 2.79293
threshold=65.950000000000017 16.500000000000004 73.350000000000009 1350.0000000000002 53.750000000000007 461.00000000000006 31.050000000000004 3.5000000000000004 49.550000000000004 439.00000000000006 -8.4999999999999982 541.00000000000011 49.750000000000007 49.95000000000001 48.550000000000004 54.350000000000001 73.850000000000009 50.050000000000004 461.00000000000006 70.450000000000017 63.250000000000007 51.650000000000013 19.750000000000004 52.350000000000001 63.050000000000004
decision_type=2 2 10 2 2 2 10 2 2 2 8 2 2 2 2 2 2 2 2 10 8 2 10 2 10
left_child=1 11 4 -4 8 7 -7 -6 9 -3 -10 16 14 -14 -13 -16 20 19 -19 -18 22 -22 -1 -5 -15
right_child=-2 2 3 23 5 6 -8 -9 10 -11 -12 12 13 24 15 -17 17 18 -20 -21 21 -23 -24 -25 -26
leaf_value=-0.0079228538488647412 0.022812986704376911 -0.040129017184443214 0.040992985581294945 0.015966398501800039 0.0089143277806090371 0.044755883034316449 0.0023182132054976423 -0.018751515376497524 -0.034014806794149414 -0.011941666963878758 -0.0048075563655587258 -0.00083418872381988438 0.02342053117055844 0.0016004853242463425 -0.05376980931712097 -0.011690590937956005 0.0063286309987948229 -0.025700212744435087 0.0063873222728852031 0.030606976695804457 -0.00035570552559291489 -0.0081399076749530761 0.0017194163338975308 -0.0073422014189990399 -0.025100916742732966
leaf_weight=193.00600057141855 30.03867556899786 32.056302694603801 23.44687432050705 34.791762679815292 49.232133421115577 14.862353865057228 191.38310792669654 90.663020804524422 15.833287133835254 102.87398458831012 369.51599975395948 16.401916671544313 22.153159320354462 25.065898437052965 20.676919762045145 16.193625435233116 37.319415058940649 26.103494502604008 65.961226172745228 48.743940629065037 4370.6650409530848 322.98997879773378 3605.6848692796193 23.732703566551208 15.638393282890318
leaf_count=2432 158 478 99 148 404 200 1279 750 158 1216 2949 178 150 196 155 85 171 116 296 216 21304 1667 35086 102 70
internal_value=-0.000219879 -0.000291698 -0.00383795 0.016417 -0.0057617 -0.000385944 0.00542077 -0.00898018 -0.00932781 -0.0187001 -0.00602911 9.05409e-05 -0.00998029 0.00264322 -0.0249458 -0.0355054 0.000226117 0.00833369 -0.00267435 0.0201568 5.53747e-05 -0.000892596 0.00122799 0.00643266 -0.0085719
internal_weight=9765.03 9735 948.392 81.9713 866.42 346.141 206.245 139.895 520.28 134.93 385.349 8786.6 116.13 62.8575 53.2725 36.8705 8670.47 178.128 92.0647 86.0634 8492.35 4693.66 3798.69 58.5245 40.7043
internal_count=70063 69905 7783 349 7434 2633 1479 1154 4801 1694 3107 62122 834 416 418 240 61288 799 412 387 60489 22971 37518 250 266
is_linear=0
shrinkage=0.05


Tree=153
num_leaves=31
num_cat=0
split_feature=6 7 16 20 0 29 1 30 8 12 8 8 30 7 32 31 7 7 1 29 2 14 8 31 32 6 30 1 32 31
split_gain=6.14151 10.8898 7.91559 7.35732 9.88862 12.2089 7.15005 12.4209 10.0931 8.39259 7.42769 6.95156 6.51515 6.50385 6.47778 6.00878 8.96998 7.62739 9.66532 5.84437 5.46953 5.21191 5.20686 5.20088 5.18571 5.14365 5.09792 7.8418 6.08577 7.99392
threshold=49.95000000000001 50.650000000000013 50.250000000000007 1.0000000180025095e-35 52.750000000000007 55.750000000000007 55.350000000000001 461.00000000000006 22.750000000000004 75.250000000000014 78.750000000000014 77.350000000000009 445.00000000000006 46.550000000000004 78.65000000000002 4.5000000000000009 48.250000000000007 47.850000000000001 45.050000000000004 55.750000000000007 57.350000000000001 48.550000000000004 50.050000000000004 1.5000000000000002 48.150000000000013 47.050000000000004 489.00000000000006 59.850000000000001 59.550000000000004 -8.4999999999999982
decision_type=2 2 2 2 2 2 2 2 2 2 2 2 2 2 10 10 2 2 2 2 2 2 2 10 10 2 2 2 10 10
left_child=1 3 11 4 24 13 8 23 9 -4 19 -2 22 -6 -3 17 25 18 -5 -9 -19 -7 -10 -8 -1 -17 28 -28 -13 -30
right_child=2 14 6 15 5 21 7 10 12 -11 -12 26 -14 -15 -16 16 -18 20 -20 -21 -22 -23 -24 -25 -26 -27 27 -29 29 -31
leaf_value=-0.033715504218076453 0.00033967490936183972 -0.0040066808342472697 -0.011857214713643543 0.043403812301465512 -0.021468076124794219 0.01490449075961508 0.035853553212269788 0.0069737035056213134 -0.014361642010008224 0.04525307697878405 0.018558134673513121 0.0020286695044940003 -0.0094174703110397329 0.015087975455405207 0.025963819077375067 0.032405540258507039 -0.032777597013380656 0.040078306934152784 0.0057934651006607638 -0.020346072803601983 0.0058865488690170737 0.047179369330171361 -0.046082198122129214 0.0033891805162235633 -0.0033494168085368096 -0.0065947267677157881 -0.001390739723902806 0.024228759396298247 -0.038730587784648995 -0.0075684709644987386
leaf_weight=16.411139021627605 7311.0016959439963 353.53590519260615 11.282187059521675 20.189141617156565 25.692003261297941 26.519468910992146 30.434459377080202 26.727033782750368 30.443429636768997 14.436192324385047 23.295826107263565 168.92852615285665 310.16683642473072 22.824743248522282 18.867996968328953 17.316211730241776 15.096083605661986 52.387971574440598 111.73692922852933 70.321774849668145 15.56016777269542 24.900982799008489 23.448981530033052 21.34848491102457 98.832952037453651 16.040493106469512 283.20241548679769 33.264295354485512 21.389202561229467 547.685043618083
leaf_count=304 53137 2191 121 227 193 181 168 142 313 169 109 2039 2417 151 88 144 101 364 776 372 84 156 240 117 759 117 1717 161 121 2884
internal_value=-0.000209385 0.00388774 -0.000593618 0.00900464 0.00220834 0.0137295 -0.00633803 0.00212464 -0.0100876 0.0200573 -0.00665484 -0.0002071 -0.0122358 -0.00417175 -0.00246823 0.0148704 -0.000826966 0.0186992 0.0116155 -0.0127714 0.032342 0.0306923 -0.0283159 0.0225982 -0.00774248 0.0135381 -0.00400249 0.00129317 -0.00627999 -0.00875511
internal_weight=9763.29 835.912 8927.38 463.508 215.181 99.9372 561.905 172.128 389.778 25.7184 120.345 8365.47 364.059 48.5167 372.404 248.327 48.4528 199.874 131.926 97.0488 67.9481 51.4205 53.8924 51.7829 115.244 33.3567 1054.47 316.467 738.003 569.074
internal_count=70063 5836 64227 3557 1744 681 4168 908 3260 290 623 60059 2970 344 2279 1813 362 1451 1003 514 448 337 553 285 1063 261 6922 1878 5044 3005
is_linear=0
shrinkage=0.05


Tree=154
num_leaves=27
num_cat=0
split_feature=3 2 15 1 6 30 8 15 4 15 15 0 6 7 3 9 9 9 5 2 7 15 1 4 2 27
split_gain=5.86446 5.20969 7.03824 8.44457 8.14559 7.80778 7.13534 7.92216 6.84377 6.73713 6.27722 6.02718 5.96665 8.19421 9.44822 8.10561 7.14265 6.67635 6.94478 5.39508 4.88505 4.47618 4.46136 8.0924 4.12923 3.34049
threshold=67.050000000000011 46.650000000000013 43.750000000000007 57.750000000000007 70.850000000000009 431.00000000000006 26.650000000000002 37.750000000000007 81.250000000000014 42.750000000000007 47.550000000000004 49.250000000000007 49.95000000000001 50.650000000000013 37.350000000000001 48.850000000000001 41.550000000000004 50.750000000000007 39.95000000000001 50.45000000000001 55.250000000000007 57.750000000000007 38.850000000000001 80.050000000000011 59.650000000000013 4.5000000000000009
decision_type=2 2 2 2 2 2 2 2 2 2 2 2 2 2 2 2 2 2 2 2 2 2 2 2 2 2
left_child=1 2 4 5 6 21 -1 -8 9 -6 -7 -5 13 14 -3 -16 19 18 -15 -14 -19 -4 23 -18 -24 -21
right_child=-2 12 3 11 8 10 7 -9 -10 -11 -12 -13 16 17 15 -17 22 20 -20 25 -22 -23 24 -25 -26 -27
leaf_value=0.043131437625264515 0.027292720311068743 -0.029324716763330295 -0.030142217217889695 -0.0018345212416857447 -0.022871673687745609 -0.01503384249805346 0.025254727750864139 -0.00055861282581698023 0.017466187303438959 0.020356786640747235 -0.0032480492642271868 0.030162626077439744 0.0073204525410239338 0.031343193112209962 0.031964674168486265 0.0084137874549034177 -0.023901977528813446 -0.0020019282242293998 -0.00055278808987903533 -0.013233189221272798 -0.036514668639051055 0.0018547324537109217 -0.00041519313812217256 0.036663696640255039 0.0033883523395143392 -0.048801335842389618
leaf_weight=15.632150379940866 19.256039079278708 14.925674079917369 50.925288345199078 31.310409875586629 55.33622311335057 136.40151153039187 42.955135298892856 94.814926156774163 19.901968330144882 10.56130272708833 669.06824833340943 27.204154625535011 11.262091986835001 18.10307855438441 41.24035906791687 331.35702926013619 40.090700310654938 20.199315439909697 269.48160723038018 12.424433544278147 21.449156459420919 13.527805793099104 6978.2727060588077 6.2442638948559752 794.71560649760067 15.513731457293032
leaf_count=168 97 127 845 175 545 1487 309 974 113 102 6212 138 114 166 291 2423 814 132 1539 126 123 147 48482 79 4184 151
internal_value=-0.000199338 -0.000254466 -0.00338782 -0.00536051 0.00424712 -0.0066014 0.0111586 0.00746591 -0.00805047 -0.0158474 -0.00525173 0.0129821 0.000171633 0.00453876 0.00946697 0.0110418 -0.000226099 -0.00124791 0.00144784 -0.0214893 -0.0199408 -0.0233566 -0.000118588 -0.0155709 -2.56342e-05 -0.0332657
internal_weight=9762.17 9742.92 1167.64 928.437 239.202 869.923 153.402 137.77 85.7995 65.8975 805.47 58.5146 8575.28 716.756 387.523 372.597 7858.52 329.233 287.585 39.2003 41.6485 64.4531 7819.32 46.335 7772.99 27.9382
internal_count=70063 69966 11215 9004 2211 8691 1451 1283 760 647 7699 313 58751 4801 2841 2714 53950 1960 1705 391 255 992 53559 893 52666 277
is_linear=0
shrinkage=0.05


Tree=155
num_leaves=31
num_cat=0
split_feature=14 16 29 30 27 2 5 12 14 5 9 8 3 12 30 2 1 5 5 8 18 12 18 15 13 8 1 1 14 13
split_gain=5.82086 9.25919 6.39015 6.13198 8.04889 9.36389 6.47106 5.4641 6.98301 5.36802 10.1904 11.2362 8.40594 6.49634 5.35017 9.86751 5.04266 9.36177 6.18594 8.11122 5.2084 4.52075 4.0896 4.47351 12.3023 8.39679 4.36517 6.72201 6.143 3.88633
threshold=50.45000000000001 54.850000000000001 52.500000000000007 455.00000000000006 7.5000000000000009 56.350000000000001 60.350000000000001 99.950000000000017 68.050000000000011 73.350000000000009 50.050000000000004 50.050000000000004 44.45000000000001 76.050000000000011 437.00000000000006 57.850000000000001 61.550000000000004 55.750000000000007 51.350000000000001 74.850000000000009 15.500000000000002 67.65000000000002 17.500000000000004 51.45000000000001 49.550000000000004 18.750000000000004 38.550000000000004 39.45000000000001 32.550000000000004 56.050000000000004
decision_type=2 2 2 2 2 2 2 2 2 2 2 2 2 2 2 2 2 2 2 2 2 2 2 2 2 2 2 2 2 2
left_child=9 2 7 14 6 -6 -5 8 -2 16 12 21 -11 -14 15 -4 22 18 19 -18 -19 -12 26 25 -25 -24 28 -28 -1 -16
right_child=1 -3 3 4 5 -7 -8 -9 -10 10 11 -13 13 -15 29 -17 17 20 -20 -21 -22 -23 23 24 -26 -27 27 -29 -30 -31
leaf_value=-0.039661753464622779 0.029048970318125436 0.032578695000998602 0.010155755191187013 -0.0018570520414532357 -0.0032648444282714784 0.021438676077358922 -0.01260255885252491 0.041204743650638143 -0.027509060016136774 -0.0058268502500048586 0.0010082606210533914 -0.019358660064103559 0.013549715803486059 0.042239899035336342 -0.013798540233582686 -0.036650816052514953 -0.0025939917815710244 0.011065893587866272 -0.018136636324928412 0.035969431496773209 0.038610836316379557 0.030716167740625064 -0.047355636517224922 0.019051315919337033 -0.0045953686591248821 -0.0058638452934071071 0.027348726595412799 0.0009435655363092681 -0.0029894775767272046 -0.03817921897984268
leaf_weight=15.366472958587108 11.118503034114838 18.271685119718313 51.91344878077507 689.81483417376876 80.882716909982264 72.330583343282342 176.28582784533501 14.470827946439384 10.510626466944814 24.061330266296864 30.527907304465771 49.561801210045815 41.142883867025375 39.333407264202833 119.19514080230147 14.270875595510004 48.275044525042176 40.316518381237984 33.3582613915205 18.789694888517261 30.875528641045094 22.431929685175419 12.676477026194332 71.671290614642203 235.01725731324404 292.02867324510589 24.095785913988948 7443.1448834058829 45.093543836846948 19.298033554106951
leaf_count=271 107 135 443 5153 598 422 873 112 106 110 135 225 184 182 869 79 265 186 158 99 145 103 169 638 1761 2607 361 52777 890 116
internal_value=0.000506619 -0.00263829 -0.00315546 -0.00377085 -0.00217841 0.00837122 -0.00405116 0.0175245 0.0013345 0.000979225 0.00893176 -0.00222575 0.0199136 0.0276693 -0.011672 0 0.000780383 0.00926176 -0.000525782 0.00817344 0.0231195 0.0137199 0.000600825 -0.00332979 0.000918832 -0.00762138 0.000920771 0.00102981 -0.0124427 -0.017257
internal_weight=9796.13 1278.36 1260.09 1223.99 1019.31 153.213 866.101 36.1 21.6291 8517.77 207.059 102.522 104.538 80.4763 204.677 66.1843 8310.71 171.615 100.423 67.0647 71.192 52.9598 8139.09 611.394 306.689 304.705 7527.7 7467.24 60.46 138.493
internal_count=70279 9013 8878 8553 7046 1020 6026 325 213 61266 939 463 476 366 1507 522 60327 853 522 364 331 238 59474 5175 2399 2776 54299 53138 1161 985
is_linear=0
shrinkage=0.05


Tree=156
num_leaves=31
num_cat=0
split_feature=4 14 7 30 5 1 14 3 5 5 30 32 0 27 4 14 5 9 8 3 32 32 1 5 6 32 33 11 1 30
split_gain=7.51642 5.45441 9.20549 8.99875 8.35515 6.97875 8.44406 10.1799 6.76871 6.68046 6.4935 7.48746 5.71506 5.3932 5.30595 5.20073 4.74377 9.21693 10.1445 7.61459 6.02656 6.01826 4.45342 8.46056 8.05638 6.87118 4.24737 3.98256 6.94245 4.93741
threshold=20.050000000000004 50.45000000000001 52.750000000000007 455.00000000000006 50.650000000000013 54.050000000000004 58.95000000000001 57.95000000000001 51.45000000000001 35.250000000000007 437.00000000000006 60.850000000000001 50.350000000000001 7.5000000000000009 58.650000000000013 60.250000000000007 73.350000000000009 50.050000000000004 50.050000000000004 44.45000000000001 72.050000000000011 71.65000000000002 61.550000000000004 55.750000000000007 69.250000000000014 71.850000000000009 65.250000000000014 49.750000000000007 46.150000000000013 391.00000000000006
decision_type=2 2 2 2 2 2 2 2 2 2 2 8 2 2 2 2 2 2 2 2 8 10 2 2 2 8 8 2 2 2
left_child=-1 16 3 10 9 12 14 -8 -6 -5 15 -12 -4 -14 -7 -3 22 19 26 -18 -21 -20 27 25 -25 -24 -19 28 -2 -29
right_child=1 2 5 4 8 6 7 -9 -10 -11 11 -13 13 -15 -16 -17 17 18 21 20 -22 -23 23 24 -26 -27 -28 29 -30 -31
leaf_value=-0.024591465648074115 0.026853557467318281 -0.018547813423154421 -0.033809539451215224 -0.022049469292275463 -0.032468370629876453 0.033253730563498708 -0.016297662372564619 0.021084935206332901 -0.00088479243040281508 0.010059795970177171 -0.00091764812179757384 -0.029780213532210848 -0.014502859903745589 0.0082517159705028879 0.003485442560940898 0.017428839515973581 -0.005539340535950326 0.029445264150667033 0.00024006368603273344 0.012046049118421255 0.039714410310467352 -0.034457346022488469 0.0086993780976373468 0.0023110620616312006 0.036490686976089905 -0.018997081793706058 0.00066513904357888445 -0.023442956912326431 -0.0063062528469964036 0.00095615882242088403
leaf_weight=29.69279991555959 16.458046965301037 15.206922577694057 32.237918317317963 16.847623663954437 17.883208528161049 18.546692272648215 110.72543136961758 21.599142447113991 307.82577875629067 331.47832197695971 37.831547110341489 56.611424058675766 170.35278040356934 30.372179852798581 78.807899672538042 28.819224675185978 24.050164863467216 22.54189845174551 22.87303301692009 39.077600877732038 41.239069797098637 26.713324010372162 66.938693102449179 30.419188469648361 40.753830343484879 33.51057656109333 30.409665778279305 20.675030674785376 320.11137334536761 7756.0965593289584
leaf_count=512 276 129 291 212 128 105 602 114 1752 2886 421 306 1184 207 392 241 110 101 105 176 190 120 371 140 191 151 137 338 2634 55757
internal_value=0.000480852 0.000557838 -0.00249009 0.000710088 0.00310114 -0.00812008 -0.00190866 -0.0101467 -0.00264368 0.00848652 -0.0108868 -0.0182847 -0.0142191 -0.0110325 0.00923611 0.00487508 0.00101613 0.008495 -0.00210849 0.0189526 0.0263464 -0.0183833 0.000828653 0.00879914 0.0219763 -0.000500331 0.0130437 0.00065933 -0.00466241 0.000890349
internal_weight=9796.71 9767.01 1275.15 812.504 674.035 462.642 229.679 132.325 325.709 348.326 138.469 94.443 232.963 200.725 97.3546 44.0261 8491.87 206.905 102.538 104.367 80.3167 49.5864 8284.96 171.622 71.173 100.449 52.9516 8113.34 336.569 7776.77
internal_count=70279 69767 8970 6075 4978 2895 1213 716 1880 3098 1097 727 1682 1391 497 370 60797 939 463 476 366 225 59858 853 331 522 238 59005 2910 56095
is_linear=0
shrinkage=0.05


Tree=157
num_leaves=31
num_cat=0
split_feature=14 7 30 2 5 29 2 0 1 2 32 33 9 30 5 14 30 14 33 18 33 0 15 16 9 9 1 7 13 2
split_gain=4.75494 8.41855 8.38566 7.27779 7.19992 8.82827 9.08117 7.96233 6.55107 10.0951 12.0701 9.07858 6.17136 6.13416 6.00795 5.63321 5.55639 5.43629 5.30652 4.97551 9.86234 5.74344 4.52826 11.9849 9.9477 6.72716 5.62895 8.0493 6.39558 4.52207
threshold=50.45000000000001 52.650000000000013 455.00000000000006 56.95000000000001 50.650000000000013 56.750000000000007 57.050000000000004 60.850000000000001 53.95000000000001 56.150000000000013 62.45000000000001 60.850000000000001 50.350000000000001 437.00000000000006 35.250000000000007 63.70000000000001 509.00000000000006 61.150000000000013 41.750000000000007 11.500000000000002 53.250000000000007 50.350000000000001 60.650000000000013 55.550000000000004 55.050000000000004 60.350000000000001 51.95000000000001 54.050000000000004 50.350000000000001 53.050000000000004
decision_type=2 2 2 2 2 2 2 2 2 2 10 8 2 2 2 2 2 2 8 2 10 2 2 2 2 2 2 2 2 2
left_child=22 2 3 13 14 7 -7 -6 19 11 12 -10 -11 17 -4 -12 -16 -2 -15 20 -3 -21 29 24 26 -26 27 -24 -28 -1
right_child=1 8 4 -5 5 6 -8 -9 9 10 15 -13 -14 18 16 -17 -18 -19 -20 21 -22 -23 23 -25 25 -27 28 -29 -30 -31
leaf_value=-0.00059866200011631909 -0.014299237720265446 0.024552958247120237 -0.021215338799181749 -0.029163807241048417 -0.017955698720551302 -0.0052274019466916656 0.01699463358393034 0.0114393454654703 -0.033052965255873659 0.011728109045603797 0.006594210326176588 0.00035168106508365663 0.05336941649180358 -0.041428261716516625 0.012572009189622681 -0.015738496088127382 -0.0039670807154827559 0.028890675359969351 -0.0051990506483213768 -0.041262402005640068 -0.023404564054862582 -0.013988685726910434 0.0044630241519049707 -0.034534737038093781 -0.045179581518084905 -0.0056547881384886485 0.0090189541020459611 0.017075911002481542 -0.00086140644934323178 0.0020224664438339909
leaf_weight=4482.3364393129013 10.715945414267479 22.34256686642766 16.575445876456797 37.966936655342579 110.79952754452825 101.468450371176 83.584689136594534 28.785102117806673 40.060432260856032 20.262538058683276 71.532084912061691 40.615126214921474 16.441641502082348 12.435905221849678 269.71448272000998 46.393658760935068 61.980613838881254 21.611412480473518 54.909481760114431 22.096727333031595 20.399134248495102 165.59085910208523 393.19829168170691 20.356427760794759 15.293501414358614 37.182849798351526 231.92141767404974 187.63486322946846 554.44210161454976 2598.5487445611507
leaf_count=36934 101 162 214 227 654 640 438 147 277 137 326 182 106 217 2363 218 523 203 355 222 90 1211 2911 125 117 244 1268 1083 2868 15716
internal_value=0.000456418 -0.00238858 0.000684068 -0.0105483 0.00299024 -0.00235452 0.00478659 -0.0118542 -0.00774584 -0.0018515 0.00560492 -0.0161943 0.0306115 -0.0033851 0.00798591 -0.00215532 0.00946618 0.0144198 -0.0120147 -0.0137398 0.00154658 -0.0172465 0.000883159 0.00343941 0.00398983 -0.0173329 0.00481311 0.00854839 0.00204702 0.000362551
internal_weight=9797.2 1276.28 810.548 137.64 672.908 324.638 185.053 139.585 465.735 235.305 154.63 80.6756 36.7042 99.6727 348.271 117.926 331.695 32.3274 67.3454 230.429 42.7417 187.688 8520.91 1440.03 1419.67 52.4764 1367.2 580.833 786.364 7080.89
internal_count=70279 9013 6082 1103 4979 1879 1078 801 2931 1246 787 459 243 876 3100 544 2886 304 572 1685 252 1433 61266 8616 8491 361 8130 3994 4136 52650
is_linear=0
shrinkage=0.05


Tree=158
num_leaves=27
num_cat=0
split_feature=4 14 7 30 4 3 7 20 31 8 30 13 1 8 31 7 13 13 12 4 30 17 3 3 13 20
split_gain=6.90325 4.47549 7.83398 7.51547 6.64033 10.354 8.29257 7.58659 6.53106 6.51029 7.57152 6.04239 5.36828 5.82244 3.68615 8.50207 6.90934 5.85532 12.0838 5.87443 5.38721 7.44702 4.90399 3.8357 3.01207 2.20796
threshold=20.050000000000004 50.45000000000001 49.650000000000013 457.00000000000006 59.550000000000004 55.850000000000001 60.150000000000013 1.0000000180025095e-35 -1.4999999999999998 72.350000000000009 437.00000000000006 57.350000000000001 60.550000000000004 36.350000000000001 2.5000000000000004 35.350000000000001 76.750000000000014 50.150000000000013 98.450000000000017 43.650000000000013 433.00000000000006 2450.0000000000005 36.050000000000004 50.550000000000004 50.150000000000013 1.0000000180025095e-35
decision_type=2 2 2 2 2 2 2 2 8 2 2 2 2 2 8 2 2 2 2 2 2 2 2 2 2 2
left_child=24 14 3 9 6 11 7 -4 -7 10 -3 -6 13 -5 16 23 20 18 -17 -19 21 -2 -22 -16 -1 -26
right_child=1 2 4 12 5 8 -8 -9 -10 -11 -12 -13 -14 -15 15 17 -18 19 -20 -21 22 -23 -24 -25 25 -27
leaf_value=-0.044267027241108627 -0.0043122919938038042 0.018857010250548738 0.017435190604979042 -0.0041962099848762589 -0.010668455721699735 0.017441827023902724 -0.024513108475210117 -0.0058001537836576732 -0.0060574585477065103 -0.036001324916765269 -0.013568129925284023 -0.03299045465116858 -0.022840205603369287 0.0088315178830253287 -0.0089048403615303428 -0.00020284970093872062 0.02465104843475777 -0.012687814627804356 0.010711126572381853 -0.0014477061505570054 -0.0087693656881325573 0.037492757885538082 0.0023471697184635626 -0.051426275069181737 -0.028673612209302451 0.0058612296653990092
leaf_weight=11.154128689784558 481.90141271660104 25.248792866244912 80.923695234581828 112.7771718474105 365.89069950953126 52.340343095362186 23.667695961892605 61.529649620875716 67.306736867874861 19.617809608578682 61.588774681091309 33.291913190856576 16.977967359125614 351.56824689265341 10.549617176875474 1293.3631443288177 32.620851635932922 126.34527741651982 315.12514449004084 1470.1648713950999 101.10060348641127 10.774017129093407 4642.6263295207173 11.401880422607062 8.7401948906481266 9.2648001303896308
leaf_count=194 4556 226 592 1011 2300 301 158 495 380 140 515 181 89 2582 157 9203 193 1380 2464 10068 772 79 31772 153 157 161
internal_value=0.000432703 0.000505833 -0.00225802 0.0019701 -0.00589335 -0.008681 0.00278293 0.00736708 0.00418667 -0.0100311 -0.00407187 -0.0125504 0.00463634 0.00565644 0.000920478 -0.000409079 0.00173569 -0.000194624 0.00193277 -0.0023411 0.00159151 -0.00338051 0.00210901 -0.0313508 -0.023814 -0.0106927
internal_weight=9797.86 9768.7 1272.73 587.779 684.951 518.83 166.121 142.453 119.647 106.455 86.8376 399.183 481.323 464.345 8495.97 3226.95 5269.02 3205 1608.49 1596.51 5236.4 492.675 4743.73 21.9515 29.1591 18.005
internal_count=70279 69767 8970 4563 4407 3162 1245 1087 681 881 741 2481 3682 3593 60797 23425 37372 23115 11667 11448 37179 4635 32544 310 512 318
is_linear=0
shrinkage=0.05


Tree=159
num_leaves=31
num_cat=0
split_feature=33 8 12 33 31 17 9 6 30 32 33 32 13 5 8 33 31 8 11 32 2 6 30 6 6 33 18 2 27 8
split_gain=4.3641 5.69706 9.93521 5.96176 6.52721 10.003 9.56213 8.41755 7.06593 4.27772 6.84903 13.3017 8.0201 6.20136 5.92962 7.76453 7.05539 6.97685 6.74639 8.00525 6.27402 5.60296 5.31102 5.26577 7.98214 10.1975 8.39697 7.24663 12.2036 6.5022
threshold=28.050000000000004 13.550000000000002 93.450000000000017 27.650000000000002 -5.4999999999999991 1450.0000000000002 48.550000000000004 72.850000000000009 479.00000000000006 63.250000000000007 85.450000000000017 65.250000000000014 53.550000000000004 58.550000000000004 30.950000000000003 72.450000000000017 -12.499999999999998 30.650000000000002 49.750000000000007 62.95000000000001 53.250000000000007 65.450000000000017 465.00000000000006 72.850000000000009 62.250000000000007 59.650000000000013 12.500000000000002 60.750000000000007 5.5000000000000009 17.350000000000005
decision_type=8 2 2 8 10 2 2 2 2 10 8 10 2 2 2 10 10 2 2 10 2 2 2 2 2 10 2 2 2 2
left_child=1 2 -1 4 5 -3 -6 -7 -8 14 23 -12 22 -14 16 18 -2 20 -16 -20 -18 -17 -13 24 26 -26 -11 29 -29 -25
right_child=9 3 -4 -5 6 7 8 -9 -10 10 11 12 13 -15 15 21 17 -19 19 -21 -22 -23 -24 27 25 -27 -28 28 -30 -31
leaf_value=-0.018848963701206291 0.043523251803127494 -0.01654473699884693 0.070499369826001593 -0.040843438085405345 0.046023263986620815 0.011119572018002552 -0.022452718503149692 0.069472252495424908 -0.00073925910063006302 -0.0060959355116244731 -0.025367138056053996 -0.017747036283455028 0.011871806028014078 0.037591096630229921 -0.0093236191233926607 0 0.00020601289132833492 0.045040836432847335 0.00077163420194293621 0.015702395457167909 0.010915155760527422 0.030413325780620806 0.0093153855424281656 -0.017752216563282155 -0.011272948246702962 -0.0018441818350299775 0.0016352213754896082 0.0032567385205150667 -0.024932651234855354 0.0029574838485870326
leaf_weight=5.9021640699356777 12.516962954774497 22.21674325549975 6.254366647452116 12.987970869988201 6.9013665439561001 23.285842902027074 91.998069168999791 8.4865293707698566 63.997135480865836 442.5985428839922 25.694432891905308 23.969578646123409 55.726911529898643 41.577937968075275 159.72737870365381 25.072425812482834 316.40855731163174 10.953948384150861 3184.8927356870845 92.335240434855223 242.10860085114837 38.164786860346794 72.801980935037136 38.656029459089041 426.03759363666177 882.12563160061836 1699.3352490700781 89.284690640866756 66.891866475343704 1609.9401614964008
leaf_count=150 131 624 100 317 148 635 2831 234 1556 1985 126 108 252 205 1747 107 3275 105 28713 566 1914 163 322 207 2651 3911 8439 411 307 8039
internal_value=0.000410189 -0.00621724 0.0269117 -0.0080019 -0.00599426 0.00900997 -0.0110003 0.0270318 -0.013583 0.000578618 -0.000334069 0.00830988 0.012805 0.0229402 0.00180383 0.001025 0.00647833 0.00564781 0.000703781 0.0011943 0.00485834 0.0183755 0.00254921 -0.000696682 -0.00184207 -0.00491936 3.51493e-05 0.00149012 -0.00879327 0.00246781
internal_weight=9798.85 242.03 12.1565 229.874 216.886 53.9891 162.897 31.7724 155.995 9556.82 5474.64 219.771 194.076 97.3048 4082.18 3500.19 581.988 569.471 3436.96 3277.23 558.517 63.2372 96.7716 5254.87 3450.1 1308.16 2141.93 1804.77 156.177 1648.6
internal_count=70279 6595 250 6345 6028 1493 4535 869 4387 63684 26963 1013 887 457 36721 31296 5425 5294 31026 29279 5189 270 430 25950 16986 6562 10424 8964 718 8246
is_linear=0
shrinkage=0.05


Tree=160
num_leaves=31
num_cat=0
split_feature=32 33 2 15 13 5 3 8 7 15 8 0 3 13 2 13 5 33 2 5 0 31 31 33 5 5 1 1 12 6
split_gain=7.03937 14.001 8.90046 8.85901 10.0131 8.70068 9.75345 8.15876 7.70335 7.5615 8.68555 7.43524 7.37338 7.34476 8.99535 7.05412 13.6312 9.0414 6.98631 6.81293 8.78798 6.40152 5.99591 5.74807 5.68933 5.242 8.77338 8.65616 8.17787 8.86122
threshold=63.250000000000007 56.650000000000013 43.250000000000007 41.95000000000001 72.750000000000014 38.350000000000001 66.15000000000002 19.450000000000003 52.250000000000007 50.350000000000001 56.45000000000001 37.95000000000001 40.050000000000004 46.150000000000013 50.550000000000004 55.95000000000001 45.250000000000007 55.850000000000001 41.350000000000001 50.050000000000004 60.050000000000004 2.5000000000000004 -11.499999999999998 62.050000000000004 38.750000000000007 48.45000000000001 47.95000000000001 51.150000000000013 80.65000000000002 75.15000000000002
decision_type=10 10 2 2 2 2 2 2 2 2 2 2 2 2 2 2 2 8 2 2 2 10 10 10 2 2 2 2 2 2
left_child=1 5 18 25 7 8 15 13 -1 19 -11 -9 -10 -5 -15 17 -17 -7 -3 24 -21 -13 -14 -12 -4 26 -2 -28 29 -27
right_child=3 2 9 4 -6 6 -8 11 12 10 23 21 22 14 -16 16 -18 -19 -20 20 -22 -23 -24 -25 -26 28 27 -29 -30 -31
leaf_value=-0.01305614873529657 0.032221112240065623 0.0064585180250726522 -0.0083440688278507442 0.0053252870581417871 -0.026594436474698075 5.3302773367792948e-05 0.049711777252160944 0.024605960249849301 0.053052308213714851 -0.0028592845905468724 0.0011251191174497814 0.00097025324832479315 0.036861293516573884 -0.036787527316204709 -0.0050627460513230655 0.017816799843667904 0.00025093800410255074 -0.010406950796876136 0.050593913348331743 0.0081446103440550206 -0.021442179009991139 -0.0032859875350998973 -0.0058739032379963125 0.016590931717932723 0.020917474601732464 -0.0066495368944097149 -0.022764769195603631 0.0043848348507092485 -0.014482257131468959 0.014336397729941162
leaf_weight=228.92381298914552 20.45390141941607 17.077603816986084 18.263842739164829 38.707599801942706 36.647840112447739 2124.5923469923437 9.8885993082076293 30.319859027862549 7.2298057638108721 400.11792350560427 117.08523198217154 3215.0204675532877 9.4726806953549367 43.972264084964991 46.246310330927372 156.30231371708214 377.88245953433216 228.623495105654 19.559723049402237 262.23998305946589 27.582488961517811 1217.8314627856016 57.41284264344722 124.94709896296263 156.84455467015505 315.18104441463947 39.345553938299417 114.19445893540978 291.49646496400237 59.647087089717388
leaf_count=4190 128 109 113 221 168 24093 58 175 109 2084 672 15807 123 240 228 2236 3937 1632 125 1335 139 6018 769 600 905 1492 233 611 1411 285
internal_value=-0.000261174 0.00124079 0.00598915 -0.00145509 -0.000596411 -0.000454733 0.000386875 -0.000387266 -0.00851513 0.00517973 0.00165381 -2.78085e-05 0.00544227 -0.0127826 -0.0206043 0.000214503 0.00540244 -0.000961223 0.0302309 0.0100375 0.00530516 -0.000197978 0.000149831 0.00913342 0.0178339 -0.00617838 0.00152483 -0.00255016 -0.00819731 -0.00329374
internal_weight=9813.11 4344.05 1143.72 5469.06 4628.75 3200.33 2897.29 4592.1 303.039 1107.08 642.15 4463.17 74.1153 128.926 90.2186 2887.4 534.185 2353.22 36.6373 464.931 289.822 4432.85 66.8855 242.032 175.108 840.319 173.994 153.54 666.325 374.828
internal_count=70246 43229 6082 27017 22857 37147 31956 22689 5191 5848 3356 22000 1001 689 468 31898 6173 25725 234 2492 1474 21825 892 1272 1018 4160 972 844 3188 1777
is_linear=0
shrinkage=0.05


Tree=161
num_leaves=31
num_cat=0
split_feature=28 15 12 31 15 18 5 1 7 13 3 5 1 27 7 1 5 30 4 5 15 15 1 0 0 15 4 30 31 5
split_gain=10.3345 8.93233 6.16248 11.4019 8.72991 11.0113 6.23056 7.93871 7.16434 6.05106 6.14244 5.75724 5.48372 5.35858 5.24979 13.5967 11.0089 9.02409 8.04441 10.54 8.79321 4.9601 5.9078 4.68967 4.58577 4.55432 5.82081 5.47268 4.07627 6.90125
threshold=6.5000000000000009 36.050000000000004 73.950000000000017 -14.499999999999998 41.350000000000001 14.500000000000002 73.850000000000009 53.95000000000001 39.850000000000001 42.750000000000007 49.650000000000013 49.95000000000001 52.95000000000001 1.5000000000000002 53.550000000000004 50.050000000000004 65.550000000000011 491.00000000000006 67.750000000000014 46.95000000000001 51.050000000000004 44.650000000000013 54.350000000000001 56.050000000000004 59.95000000000001 55.850000000000001 62.250000000000007 489.00000000000006 -1.0000000180025095e-35 46.250000000000007
decision_type=2 2 2 10 2 2 2 2 2 2 2 2 2 2 2 2 2 2 2 2 2 2 2 2 2 2 2 2 10 2
left_child=2 -2 9 25 5 23 8 -8 -6 10 12 -7 -1 -3 18 17 -17 -16 20 -20 -11 -12 -23 -5 28 26 -4 -28 29 -15
right_child=1 13 3 4 6 11 7 -9 -10 14 21 -13 -14 24 15 16 -18 -19 19 -21 -22 22 -24 -25 -26 -27 27 -29 -30 -31
leaf_value=-0.0319654389152947 0.028981103074578171 0.010120157239911103 -0.037927020556605288 -0.0003532825252526767 0.012447271785937523 0.00013281471119324444 -0.0073765485157818878 0.02506750733385182 0.0017593392297413407 -0.0084067075872531986 0.021511388865789335 -0.013425489159543204 -0.0005026020870923779 -0.022652928014424468 0.011555715088528564 -0.00470510354043846 0.011328955458486455 -0.0029289045702882164 0.0060287142229613726 -0.0023398706748215098 -0.00079130763963634735 9.0987508673100171e-05 -0.032928484503504531 0.013855839360977756 -0.039837558816759128 0.0012096867291745165 -0.022479237962436182 0.021660467247187627 -0.01945648286975811 0.0065567843260579952
leaf_weight=46.143211751244962 13.448249116539953 22.85527615249157 33.311362566426396 201.69390871748328 163.75602067261934 110.77924715261906 26.409286100417376 63.72671365737915 3747.1291918801144 775.96577122807503 17.380750057287514 261.06715668365359 20.239271743223071 32.763536716811359 407.41663135960698 724.55770732462406 125.38692213594913 145.34637710824609 548.88117932248861 1195.2981346212327 744.10060861054808 53.329873824492097 17.923705885186791 81.082751493901014 17.455174895003438 26.026458293199539 20.86149651743472 10.377765478566287 106.56132694240659 52.113354649394751
leaf_count=539 104 232 401 1286 1548 1046 121 286 25637 7356 166 1582 140 429 2520 4185 570 855 4963 7073 5916 504 100 434 177 241 253 109 1066 407
internal_value=-0.000248561 -0.0103824 1.07137e-05 0.00129022 0.00163317 -0.00371608 0.00250971 0.0155086 0.00220845 -0.00124766 -0.010966 -0.00937385 -0.0224632 -0.0126997 -0.000923555 0.00163258 -0.00233276 0.00773817 -0.00202352 0.000290993 -0.00468241 -0.00228318 -0.00817943 0.00370679 -0.015224 -0.0162647 -0.0233786 -0.00763404 -0.012934 -0.00467308
internal_weight=9813.39 245.197 9568.19 4746.22 4655.64 654.623 4001.02 90.136 3910.89 4821.97 155.017 371.846 66.3825 231.749 4666.95 1402.71 849.945 552.763 3264.25 1744.18 1520.07 88.6343 71.2536 282.777 208.893 90.5771 64.5506 31.2393 191.438 84.8769
internal_count=70246 2415 67831 32944 31940 4348 27592 407 27185 34887 1449 2628 679 2311 33438 8130 4755 3375 25308 12036 13272 770 604 1720 2079 1004 763 362 1902 836
is_linear=0
shrinkage=0.05


Tree=162
num_leaves=26
num_cat=0
split_feature=28 15 9 2 7 15 0 6 7 7 5 9 17 28 33 7 27 9 5 0 7 8 33 6 7
split_gain=9.40203 8.05479 7.84503 4.95209 8.15056 12.3771 9.04454 7.91145 7.26504 7.23997 7.23563 6.2617 6.39237 9.52294 8.05729 5.79031 4.8965 6.65269 4.66982 4.32503 4.16934 3.84146 4.05833 3.67351 1.81606
threshold=6.5000000000000009 36.050000000000004 41.650000000000013 56.350000000000001 52.45000000000001 44.650000000000013 59.150000000000013 85.850000000000009 62.850000000000001 52.050000000000004 45.650000000000013 74.15000000000002 1650.0000000000002 4.5000000000000009 55.250000000000007 77.050000000000011 1.5000000000000002 49.850000000000001 45.550000000000004 59.95000000000001 53.95000000000001 27.450000000000003 44.45000000000001 63.45000000000001 47.050000000000004
decision_type=2 2 2 2 2 2 2 2 2 2 2 2 2 2 8 2 2 2 2 2 2 2 8 2 2
left_child=2 -2 18 11 6 8 7 -5 -6 -8 -7 15 13 -13 -14 20 17 -3 -1 21 -4 23 -23 -18 -20
right_child=1 16 3 4 5 10 9 -9 -10 -11 -12 12 14 -15 -16 -17 19 -19 24 -21 -22 22 -24 -25 -26
leaf_value=0.0030007376265097935 0.027162332933523867 -0.021109599734079762 -0.0014863194451433578 0.0086616135620376095 -0.01000758908997134 0.011472570776540859 -0.0028852542783728181 -0.018622777783827163 -0.042993161424402779 0.028594366462984269 -0.0010193935668343665 0.01072012266234617 0.01483445449782031 0.054826796884958375 -0.020241173763207478 0.026715420195374387 0.026884354340511975 0.032870574303479706 -0.04380444853882362 -0.038829858216378167 0.0012795081776374433 -0.029844467216391498 -0.010950581755455966 -0.0094642045299075973 -0.019901737656928632
leaf_weight=15.935046892613171 13.633064763620494 9.8365216962993163 5358.5739386552013 820.24510408192873 140.81463564932346 142.30344701185822 378.39778373576701 27.254897300153971 19.024520765990019 19.076062723994255 620.79811895266175 61.922144573181868 34.74036019295454 15.332960002124308 30.742282994091511 19.08565341308713 11.034496111795308 13.147999525070189 13.733206640928982 17.026371108368039 1825.2347177090123 37.703057578764856 122.96610767021775 18.185381251387298 22.651141073554754
leaf_count=199 104 104 43359 4606 759 917 2067 154 96 100 3078 412 247 111 169 91 125 128 131 177 11138 746 828 203 197
internal_value=-0.000236894 -0.00993646 9.62185e-06 0.000116429 0.00221664 -0.00133975 0.00485702 0.00777618 -0.0139893 -0.00135506 0.00130476 -0.000502746 0.00986139 0.0195983 -0.00156209 -0.000708958 -0.012169 0.0095611 -0.0192796 -0.0146104 -0.000782884 -0.0123932 -0.0154312 0.00413669 -0.0291562
internal_weight=9809.4 243.533 9565.87 9513.55 2167.91 922.941 1244.97 847.5 159.839 397.474 763.102 7345.63 142.738 77.2551 65.4826 7202.89 229.9 22.9845 52.3194 206.915 7183.81 189.889 160.669 29.2199 36.3843
internal_count=70246 2415 67831 67304 11777 4850 6927 4760 855 2167 3995 55527 939 523 416 54588 2311 232 527 2079 54497 1902 1574 328 328
is_linear=0
shrinkage=0.05


Tree=163
num_leaves=31
num_cat=0
split_feature=32 33 5 3 2 15 4 2 33 15 2 8 32 5 17 7 3 30 0 2 33 3 3 12 8 5 2 7 31 33
split_gain=6.61778 12.3325 7.93775 8.56618 7.91169 7.29949 9.92289 9.57579 7.52973 7.01649 11.0813 8.01331 9.78311 7.61999 7.52481 6.89377 7.20377 6.86717 6.43897 7.3113 20.133 6.25299 6.20426 6.18167 9.58588 8.05758 5.99743 5.81175 5.67189 9.2097
threshold=63.250000000000007 56.650000000000013 38.350000000000001 66.15000000000002 43.250000000000007 41.95000000000001 81.450000000000017 46.850000000000001 75.250000000000014 43.850000000000001 47.750000000000007 56.45000000000001 62.95000000000001 50.050000000000004 1350.0000000000002 52.250000000000007 39.95000000000001 415.00000000000006 37.95000000000001 49.150000000000013 62.45000000000001 52.350000000000001 37.350000000000001 73.950000000000017 25.550000000000004 67.65000000000002 41.350000000000001 52.650000000000013 1.5000000000000002 43.350000000000001
decision_type=10 10 2 2 2 2 2 2 10 2 2 2 10 2 2 2 2 2 2 2 8 2 2 2 2 2 2 2 10 10
left_child=1 2 15 17 26 6 28 -8 27 10 -6 14 -13 -12 -11 -1 -17 -4 -7 20 -20 -22 -19 24 -21 -25 -3 -9 29 -2
right_child=5 4 3 -5 9 18 7 8 -10 11 13 12 -14 -15 -16 16 -18 22 19 23 21 -23 -24 25 -26 -27 -28 -29 -30 -31
leaf_value=-0.012450353256351115 0.016510806090241175 0.0062132423808881334 -0.013896933541498313 0.046161880368445547 0.042875847647171124 0.021882807495525496 0.030349224607522769 0.0083642608439485604 -0.021915450991515664 -0.012097824439283329 0.023338969616672933 0.006713135603549825 0.04206868045378219 0.001909611138544702 0.0022160466581861182 0.051956650879321165 -3.1707969865197315e-05 -0.011844282132023008 -0.014813114951925666 -0.018709959129086639 0.0050108832534292713 -0.0051878747563385043 0.0011388412632455794 0.0010501000806452461 -0.0010887877703026426 0.011332218780834864 0.046874197658214031 -0.0086516625448744503 -0.0033559353517757804 -0.016010540019310626
leaf_weight=226.02811525342986 23.191011685878038 17.112322974950075 82.89392659207806 10.108485857024787 27.035029500722885 31.500597052276134 26.699550934135914 144.23658636212349 36.943960979580879 116.94682124257088 60.662292517721653 325.89381086081266 20.802572764456272 132.70240554213524 424.94615523517132 7.2728404477238646 67.26067378744483 95.112126977182925 322.6342119704932 80.918812660500407 348.77140264958143 263.75384365767241 2706.6479800231755 1707.949168715626 1657.0150617994368 214.62994464486837 20.074503727257252 76.630894903093576 221.83843553438783 308.70775537565351
leaf_count=4190 172 109 1382 58 156 182 124 686 164 629 345 1733 102 658 2225 103 898 1207 2165 420 1575 1162 29309 8338 8070 945 125 352 1120 1542
internal_value=-0.000225629 0.00123105 -0.000363559 0.00043792 0.00568054 -0.00138367 -0.00567724 0.00189708 -0.00104073 0.00491292 0.0129033 0.00292419 0.00886049 0.00866685 -0.000865491 -0.00809695 0.00503704 0.000274365 -0.000604674 -0.000760373 -0.00470606 0.000610999 0.000695908 0.000246375 -0.00191314 0.00220109 0.0283641 0.00243664 -0.00957761 -0.0137188
internal_weight=9806.92 4341.5 3195.32 2894.76 1146.18 5465.42 838.248 284.511 257.811 1108.99 220.4 888.589 346.696 193.365 541.893 300.562 74.5335 2884.65 4627.17 4595.67 935.159 612.525 2801.76 3660.51 1737.93 1922.58 37.1868 220.867 553.737 331.899
internal_count=70246 43229 37147 31956 6082 27017 4160 1326 1202 5848 1159 4689 1835 1003 2854 5191 1001 31898 22857 22675 4902 2737 30516 17773 8490 9283 234 1038 2834 1714
is_linear=0
shrinkage=0.05


Tree=164
num_leaves=31
num_cat=0
split_feature=28 15 12 31 12 15 18 2 3 8 15 13 3 15 15 2 13 7 4 4 18 7 7 15 30 14 4 4 8 13
split_gain=8.5603 7.23761 5.16397 10.3108 7.47347 8.44684 8.84785 7.71584 7.28264 5.57775 6.38423 5.48383 5.87497 5.45413 5.28668 5.46244 4.87749 4.94995 10.0231 8.38531 4.61658 4.91814 15.427 4.57293 4.50263 4.28702 5.53673 3.90071 3.58842 3.14923
threshold=6.5000000000000009 36.050000000000004 73.950000000000017 -14.499999999999998 74.850000000000009 41.350000000000001 14.500000000000002 46.650000000000013 54.650000000000013 37.850000000000001 55.850000000000001 42.750000000000007 60.95000000000001 51.050000000000004 50.150000000000013 48.350000000000001 43.350000000000001 53.350000000000001 85.050000000000011 67.750000000000014 16.500000000000004 53.250000000000007 55.95000000000001 61.650000000000013 483.00000000000006 38.750000000000007 59.550000000000004 62.250000000000007 62.150000000000013 50.650000000000013
decision_type=2 2 2 10 2 2 2 2 2 2 2 2 2 2 2 2 2 2 2 2 2 2 2 2 2 2 2 2 2 2
left_child=2 -2 11 9 8 6 -6 -7 13 -4 27 12 14 -5 15 -1 24 19 -19 -18 21 25 -23 -12 -13 29 -27 -11 -16 -3
right_child=1 20 3 4 5 7 -8 -9 -10 10 23 16 -14 -15 28 -17 17 18 -20 -21 -22 22 -24 -25 -26 26 -28 -29 -30 -31
leaf_value=0.024755768336239641 0.025412196181953502 -0.013991555547526045 0.014542627104294333 0.049470817995542843 0.0026706752130750441 -0.0045698317362141616 -0.0091592195113667438 0.0028722159797478566 -0.003987473046248349 -0.043583895998697761 0.022475696340492339 0.038700171018832247 0.023654117805362803 0.01210036020935772 -0.016224611157459042 -0.010586912064697567 -0.0048028902368730184 0.0037470703488044731 -0.0062191538988671429 0.00032956524240180174 -0.037919399832678634 0.032581020616592064 -0.021761980011174211 -0.022132543608962146 -0.00083643627960900888 0.010247234789154229 -0.015399849730904525 -0.016165000420701885 -0.043725214861796438 -0.036948668348780814
leaf_weight=14.758242531679569 13.809768639504908 34.99889958370477 12.863557587377725 20.514277448877692 278.01047008298337 385.4087600694038 364.5703219641 3566.976512722671 22.315700592473149 27.124015509150922 12.051198557019235 14.862199148163201 11.505831101909278 19.542298955842853 71.89686431363225 41.146754278801382 1482.6115301838145 1111.0494893770665 326.03588862903416 1714.1410709493794 15.615374897606669 24.414599115028977 27.795186342671514 10.774499319493769 13.409223809838293 30.287882940843701 67.243131319060922 26.646468164399266 14.584149448201059 27.686454623937607
leaf_count=183 104 416 126 133 1693 3916 2592 23350 134 338 112 132 90 122 649 405 13019 6679 1661 11836 222 193 232 99 111 342 636 329 122 270
internal_value=-0.000214749 -0.00950285 1.9729e-05 0.00119057 0.00151466 0.00127993 -0.00403366 0.00214516 0.0186979 -0.015609 -0.0207502 -0.00113325 -0.0104195 0.031439 -0.0132226 -0.00114005 -0.000825433 -0.000952987 0.00148225 -0.00204931 -0.0116494 -0.00967781 0.00356828 0.00119631 0.0198347 -0.014025 -0.00738169 -0.0301443 -0.0209652 -0.0242534
internal_weight=9804.65 241.851 9562.8 4746.8 4657.34 4594.97 642.581 3952.39 62.3723 89.4597 76.5962 4816 153.892 40.0566 142.386 55.905 4662.11 4633.84 1437.09 3196.75 228.042 212.426 52.2098 22.8257 28.2714 160.216 97.531 53.7705 86.481 62.6854
internal_count=70246 2415 67831 32944 31940 31551 4285 27266 389 1004 878 34887 1449 255 1359 588 33438 33195 8340 24855 2311 2089 425 211 243 1664 978 667 771 686
is_linear=0
shrinkage=0.05


Tree=165
num_leaves=28
num_cat=0
split_feature=30 8 12 23 16 13 1 14 20 5 0 6 1 6 32 8 12 27 33 17 1 12 13 32 17 30 6
split_gain=6.25226 6.52094 8.0481 13.7383 10.2998 9.57224 8.51327 7.23409 5.49949 5.38903 7.56432 6.67931 6.38718 6.04255 4.8128 10.6457 7.03128 4.7112 10.125 4.62004 10.8637 8.94774 4.31043 2.7961 2.44096 1.90666 0.83894
threshold=399.00000000000006 22.750000000000004 54.300000000000004 1.0000000180025095e-35 51.650000000000013 46.95000000000001 59.45000000000001 45.45000000000001 1.0000000180025095e-35 64.950000000000017 41.95000000000001 83.350000000000009 48.550000000000004 86.850000000000009 31.250000000000004 46.850000000000001 75.850000000000009 5.5000000000000009 61.45000000000001 1650.0000000000002 49.45000000000001 63.350000000000001 51.45000000000001 27.750000000000004 1750.0000000000002 389.00000000000006 58.050000000000004
decision_type=2 2 2 2 2 2 2 2 2 2 2 2 2 2 8 2 2 2 10 2 2 2 2 8 2 2 2
left_child=8 2 3 17 6 -6 7 -4 24 14 -11 12 -12 -13 15 23 -17 22 -19 20 -16 -21 -2 -3 26 -26 -1
right_child=1 9 4 -5 5 -7 -8 -9 -10 10 11 13 -14 -15 19 16 -18 18 -20 21 -22 -23 -24 -25 25 -27 -28
leaf_value=-0.027472962334733175 -0.011141569471998784 -0.051044517396998362 0.017078874165802779 0.031620802401499191 0.079478055673448386 0.010192322961974799 -0.02725090623842031 0.0031708102719425844 0.014149410798935134 0.02675476223363318 -0.0094197897408997682 -0.03211140361380433 0.0046083613984106491 0.0015168505321503539 0.0026388838140185044 0.052316639431120152 -0.0017518566516754371 -0.016226219113214535 0.032627763592250239 -0.0023831101651313317 -0.0033556904299497843 0.00243592654482017 -0.03907796412588483 -0.0016860425263901847 -0.028055872760829693 0.0054395306425930367 -0.049222776976804036
leaf_weight=12.695242977701129 36.375726713333279 4.6971747716888759 151.48551001213491 20.784994825720787 9.602013576775791 10.713481498882173 17.25092476978898 247.1344774630852 10.443976240698246 32.987427810207009 88.691596861928701 25.79397439211607 919.9815080575645 27.019766952842474 1011.5603315453045 18.120292378123853 8.7031556302681548 34.414868208579719 15.199835401028393 1575.7315885564312 2980.3632963048294 2476.1238379497081 23.024446679279208 7.7119474373757848 8.2835544552654046 8.1537591628730279 9.5654862271621806
leaf_count=163 338 123 1344 190 105 105 85 2352 169 182 474 123 4204 124 9890 402 192 340 68 11544 19823 17307 188 157 111 101 165
internal_value=0.000134836 0.000225155 0.0054335 -0.00546959 0.00869 0.0434137 0.00697168 0.00847172 -0.0176355 -9.55607e-05 0.00319628 0.002457 0.00336911 -0.0148422 -0.000541942 0.0169011 0.0346465 -0.0126096 -0.00112334 -0.000627849 -0.00183537 0.000560598 -0.0221017 -0.0210279 -0.0263569 -0.0112057 -0.0372208
internal_weight=9792.61 9743.47 565.986 129.8 436.186 20.3155 415.871 398.62 49.142 9177.49 1094.47 1061.49 1008.67 52.8137 8083.01 39.2326 26.8234 109.015 49.6147 8043.78 3991.92 4051.86 59.4002 12.4091 38.698 16.4373 22.2607
internal_count=70369 69660 5115 1124 3991 210 3781 3696 709 64545 5107 4925 4678 247 59438 874 594 934 408 58564 29713 28851 526 280 540 212 328
is_linear=0
shrinkage=0.05


Tree=166
num_leaves=31
num_cat=0
split_feature=30 8 3 12 3 3 3 2 2 2 7 20 5 0 14 32 9 5 33 2 0 29 12 20 0 33 33 17 33 2
split_gain=5.72666 5.85895 7.37404 9.80756 7.53174 8.41855 7.93796 7.6021 6.72756 7.59319 5.97383 5.08122 4.86354 6.77253 5.8402 4.92743 4.53369 12.9374 5.45542 5.17936 7.47891 4.93554 4.53226 4.41811 4.25662 3.32437 2.88812 2.32763 1.78934 0.955636
threshold=399.00000000000006 22.750000000000004 54.45000000000001 53.900000000000006 51.550000000000004 50.95000000000001 50.650000000000013 51.750000000000007 46.350000000000001 54.550000000000004 48.850000000000001 1.0000000180025095e-35 64.950000000000017 41.95000000000001 74.700000000000017 63.750000000000007 74.350000000000009 50.250000000000007 50.650000000000013 58.750000000000007 53.650000000000013 53.500000000000007 65.550000000000011 1.0000000180025095e-35 43.45000000000001 64.65000000000002 46.250000000000007 1750.0000000000002 52.050000000000004 50.150000000000013
decision_type=2 2 2 2 2 2 2 2 2 2 2 2 2 2 2 10 2 2 8 2 2 2 2 2 2 8 10 2 8 2
left_child=11 2 4 26 5 6 -2 24 10 -10 -5 27 16 -14 15 -15 19 18 -18 21 -21 -3 -19 -9 -6 -16 -4 29 -29 -1
right_child=1 12 3 8 7 -7 -8 23 9 -11 -12 -13 13 14 25 -17 17 22 -20 20 -22 -23 -24 -25 -26 -27 -28 28 -30 -31
leaf_value=-0.026949896545317372 0.0047401922950432718 0.0027439992877486708 -0.028010965106963527 0.017902805274909332 0.0018215448528102023 0.036857749142288392 -0.033959835320842506 -0.0089794269259502821 0.0051710050492835896 0.032022121035416205 0.07288605899831839 0.013319128728393973 0.025255222989345811 0.0097076320678199136 -0.028000948559809915 0.0012886929771843208 0.03605312412787328 -0.025833406553403521 0.010639181092530245 0.017016579465316962 0.0013947920727852676 -0.00160595634473692 0.00077073248077839593 0.025675238567889908 -0.032901413939089734 -0.0016947356084684785 0.0011809289418229199 -0.026030866928054078 0.0066368278292910825 -0.050576418706621655
leaf_weight=13.45543180126697 278.26930125895888 727.04350056312978 12.86096462421119 9.9712130874395388 11.198251233436165 19.400790503248572 13.791878476738928 22.323751576244831 71.002732207067311 42.329862577840686 10.499538185074924 10.543860849458722 33.199074245989323 223.55268046632409 23.561910111457109 788.8926193267107 33.895572405308485 24.242805223912001 58.310011200606823 84.274452364072204 847.28516620397568 6261.1823660349473 45.741240169852972 15.376643925905226 37.197263085283339 25.293902590870857 23.576843462884426 8.7945763720199484 7.509909037500619 8.2350580682978016
leaf_count=215 2625 6789 177 118 156 179 117 162 639 283 94 169 182 1209 125 3481 260 152 336 464 4607 46547 283 122 316 110 127 160 52 113
internal_value=0.000127485 0.000213414 0.00514196 0.0138495 0.00139812 0.00502794 0.00288457 -0.0116657 0.0201207 0.0152634 0.0465642 -0.0169851 -9.10501e-05 0.00303608 0.002334 0.00315335 -0.000515192 0.00775499 0.0200647 -0.000685284 0.00281507 -0.00115265 -0.00839744 0.00505323 -0.0247766 -0.014515 -0.00903416 -0.0255389 -0.0107305 -0.0363404
internal_weight=9792.81 9744.27 567.799 170.241 397.558 311.462 292.061 86.0959 133.803 113.333 20.4708 48.5388 9176.48 1094.5 1061.3 1012.45 8081.98 162.19 92.2056 7919.79 931.56 6988.23 69.984 37.7004 48.3955 48.8558 36.4378 37.995 16.3045 21.6905
internal_count=70369 69660 5115 1438 3677 2921 2742 756 1134 922 212 709 64545 5107 4925 4690 59438 1031 596 58407 5071 53336 435 284 472 235 304 540 212 328
is_linear=0
shrinkage=0.05


Tree=167
num_leaves=28
num_cat=0
split_feature=30 8 33 4 14 15 8 4 0 16 31 16 8 13 5 0 31 20 29 5 17 4 5 5 17 31 30
split_gain=5.2452 5.27028 6.80666 5.87992 8.04013 9.70768 7.54796 10.4429 6.73047 4.83789 7.16759 7.94906 10.7847 8.22457 5.17469 8.62552 6.17907 4.6956 4.52119 10.6023 5.97131 4.28378 3.94853 8.3386 2.20722 2.06709 1.79523
threshold=399.00000000000006 22.750000000000004 77.550000000000011 59.250000000000007 36.750000000000007 59.050000000000004 16.450000000000003 66.550000000000011 41.750000000000007 50.250000000000007 10.500000000000002 55.650000000000013 78.750000000000014 54.45000000000001 64.950000000000017 41.95000000000001 -3.4999999999999996 1.0000000180025095e-35 53.500000000000007 39.150000000000013 1650.0000000000002 64.250000000000014 61.550000000000004 56.350000000000001 1750.0000000000002 4.5000000000000009 389.00000000000006
decision_type=2 2 10 2 2 2 2 2 2 2 8 2 2 2 2 2 8 2 2 2 2 2 2 2 2 8 2
left_child=17 2 3 4 5 -2 21 -8 -6 14 11 12 -11 -13 18 -16 -17 24 19 -3 -20 -5 23 -12 25 -1 -26
right_child=1 9 -4 6 8 -7 7 -9 -10 10 22 13 -14 -15 15 16 -18 -19 20 -21 -22 -23 -24 -25 26 -27 -28
leaf_value=-0.048366811997723469 0.040057614746659378 -0.0093969745371229822 -0.025728379128516499 0.012465855594663294 0.032145491027376447 -0.012069255987330113 -0.010736353445129292 0.01340847348932128 0.0021571562606795308 -0.009580951039703571 -0.022947292439301461 0.019774176815874681 0.013464083689796036 -0.0061854145018489263 0.029203815069066098 -0.0045708447423058688 0.0048614016465374429 0.012544998841045749 -0.0021439600957882327 0.0063256548079747956 0.00080932534723920338 -0.01285990174945844 -0.040903241878957809 0.024208764207364883 -0.026973034233488985 -0.015209866406225138 0.0058194550201043924
leaf_weight=12.674674579873681 42.632816462777555 130.33648145245388 17.456574320793152 19.911174734123051 21.92573660146445 11.07035271450877 60.258533911779523 171.7516979528591 127.72611284069717 324.1585778426379 43.226967442780733 70.630892468616366 59.944155542179942 53.197273483499885 31.691387459635735 223.9254797026515 765.9573912024498 10.638440982904283 3356.7009734287858 598.09670974034816 3489.0958837084472 96.45943614281714 16.449496190994978 11.781797207891939 8.0522579932585376 8.4839152675122023 8.0953013971447927
leaf_count=201 456 1695 77 194 401 95 498 1340 1219 2326 420 540 370 377 172 1058 3532 169 24613 4871 24422 835 84 65 111 127 101
internal_value=0.000120821 0.000202581 0.00487091 0.0058526 0.0126108 0.0292168 0.00189092 0.00711403 0.00660272 -8.65287e-05 -0.00450881 -0.00240987 -0.0059689 0.00858545 0.000211017 0.00355158 0.0027224 -0.016358 -0.000238922 0.00350468 -0.00063804 -0.00847672 -0.0193342 -0.0127311 -0.0247454 -0.0354412 -0.0102907
internal_weight=9792.33 9744.39 569.192 551.736 203.355 53.7032 348.381 232.01 149.652 9175.19 579.389 507.931 384.103 123.828 8595.8 1021.57 989.883 47.9446 7574.23 728.433 6845.8 116.371 71.4583 55.0088 37.3061 21.1586 16.1476
internal_count=70369 69660 5115 5038 2171 551 2867 1838 1620 64545 4182 3613 2696 917 60363 4762 4590 709 55601 6566 49035 1029 569 485 540 328 212
is_linear=0
shrinkage=0.05


Tree=168
num_leaves=28
num_cat=0
split_feature=9 33 6 6 33 9 2 32 17 8 8 13 9 8 9 28 13 2 15 9 28 4 7 4 2 33 15
split_gain=4.86799 10.5467 4.89134 10.5047 6.78833 6.77608 6.6536 6.49609 6.21163 5.97189 8.03251 8.38272 7.55469 11.4221 9.34813 5.71447 7.23273 6.49223 6.41253 6.13374 5.95162 5.70529 5.42581 8.49039 6.49503 3.8137 2.67841
threshold=75.950000000000017 50.650000000000013 81.050000000000011 85.850000000000009 75.850000000000009 50.750000000000007 54.95000000000001 69.050000000000011 1550.0000000000002 41.750000000000007 41.150000000000013 54.350000000000001 60.750000000000007 73.450000000000017 58.400000000000006 5.5000000000000009 48.350000000000001 54.350000000000001 44.350000000000001 49.350000000000001 4.5000000000000009 20.050000000000004 53.45000000000001 30.050000000000004 55.95000000000001 50.250000000000007 49.250000000000007
decision_type=2 8 2 2 8 2 2 10 2 2 2 2 2 2 2 2 2 2 2 2 2 2 2 2 2 10 2
left_child=2 -2 5 15 6 21 8 -8 -5 10 11 -7 14 -14 -11 17 26 18 -4 -18 -19 25 24 -24 -23 -1 -17
right_child=1 -3 3 4 -6 9 7 -9 -10 12 -12 -13 13 -15 -16 16 19 20 -20 -21 -22 22 23 -25 -26 -27 -28
leaf_value=-0.04727442547210943 0.049053554497382718 -0.001894681005257734 0.0029665947359979938 -0.0045550836272551243 -0.022097972157899919 0.004787958533649047 -0.015662418623738898 0.01191614576557529 0.017464657774409819 -0.0035911207743049289 0.037498758447140325 -0.0099717584878233623 0 0.033081043650003257 -0.01941219250334493 -0.018757660613238688 -0.004872918363538978 0.010435819703069199 -0.014797337506935876 -0.050481438558349113 -0.012512664158757812 -0.00072392148782419975 -0.032361848079316947 0.0036857659671394056 0.00364457258283033 0.0018479044184860766 0.020846243648882212
leaf_weight=10.034078889060767 15.9212862662971 27.25504594296217 65.564300232566893 42.341385070234537 23.123994506895542 418.44954410148785 54.70325294137001 34.717490218579769 126.89651762321591 1394.4448112268001 15.770111188292502 124.70069756172597 126.77882697433233 32.693334046751261 100.19003006070852 7.6855188515037325 10.866577269509433 85.774321768432856 218.58785060141236 24.79105272050947 41.88849644176662 3645.0588079988956 16.343557078391314 2002.2895623138174 1109.5827332958579 6.1525671407580367 9.2694487590342742
leaf_count=276 106 151 646 450 109 3122 397 156 977 8960 109 793 853 207 769 93 124 465 2127 263 291 30326 141 11920 6372 48 118
internal_value=0.000114234 0.0168469 3.94414e-05 -0.00384981 0.0037532 0.000362413 0.00609126 -0.00489787 0.0119266 -0.00203943 0.00242321 0.00138889 -0.00355043 0.00677865 -0.00465623 -0.00847337 -0.0240113 -0.0064708 -0.0106814 -0.0367747 0.00286297 0.00114605 0.00121781 0.00338985 0.00029455 -0.0283993 0.00259629
internal_weight=9791.88 43.1763 9748.7 746.21 281.783 9002.49 258.659 89.4207 169.238 2213.03 558.92 543.15 1654.11 159.472 1494.63 464.428 52.6126 411.815 284.152 35.6576 127.663 6789.46 6773.27 2018.63 4754.64 16.1866 16.955
internal_count=70369 257 70112 6216 2089 63896 1980 553 1427 14813 4024 3915 10789 1060 9729 4127 598 3529 2773 387 756 49083 48759 12061 36698 324 211
is_linear=0
shrinkage=0.05


Tree=169
num_leaves=31
num_cat=0
split_feature=30 8 2 12 6 23 28 5 15 5 7 15 0 16 31 16 8 6 5 0 6 16 5 2 31 0 7 15 9 0
split_gain=4.78142 4.63411 6.72469 9.84387 9.42572 8.86811 8.28673 8.18251 7.95931 6.6687 5.46038 4.7697 4.55965 4.38844 6.54758 7.17567 9.71785 7.61258 4.59958 7.72974 5.6036 4.37191 10.9793 4.30909 3.76658 3.76362 3.64674 3.22822 2.60619 0.443253
threshold=399.00000000000006 22.750000000000004 45.350000000000001 51.850000000000009 53.350000000000001 1.0000000180025095e-35 3.5000000000000004 53.050000000000004 51.250000000000007 43.95000000000001 49.250000000000007 55.350000000000001 49.850000000000001 50.250000000000007 10.500000000000002 55.650000000000013 78.750000000000014 76.850000000000009 64.950000000000017 41.95000000000001 83.350000000000009 50.050000000000004 50.350000000000001 58.45000000000001 14.500000000000002 46.650000000000013 55.150000000000013 52.650000000000013 49.95000000000001 46.250000000000007
decision_type=2 2 2 2 2 2 2 2 2 2 2 2 2 2 8 2 2 2 2 2 2 2 2 2 8 2 2 2 2 2
left_child=12 2 4 5 -2 11 9 10 -8 -5 -6 -4 29 18 15 16 -15 -17 21 -20 -21 23 -23 -3 -16 -9 -26 28 -14 -1
right_child=1 13 3 6 7 -7 8 25 -10 -11 -12 -13 27 14 24 17 -18 -19 19 20 -22 22 -24 -25 26 -27 -28 -29 -30 -31
leaf_value=-0.029003491581018087 -0.021375047720378269 -0.00076430637667509278 -0.027158756315982364 0.01920343316896039 -0.0088189432510646613 0.02541103689149023 0.021411662113033539 0.025839933015181466 0.002748174557865992 -0.0071780639385827768 0.030280555435334595 -0.00071143151002908179 0.018421138587659477 -0.0091432023864787808 -0.041741740149025555 0.0020923090807202656 0.012709931948160677 0.033763963351455616 0.027548112415404197 0.0034217319370132213 -0.013884818730255958 0.04962739579340486 -0.013035910854837005 0.0027836432627587771 -0.019917072935325079 0.060947707786972755 0.0092198902265958806 -0.029853042074779998 -0.013136662978280957 -0.054800105017976088
leaf_weight=4.4769455795176309 12.643865234218536 6560.2842057002708 53.616424771491438 28.750237020663917 19.692374989390373 13.133404004387556 112.82302769739181 16.3112439699471 117.0901658795774 139.77478892263025 15.998285973444579 25.558478404767811 12.776827106252314 322.92340331431478 14.108040823601186 100.93289517425001 60.123344263993204 23.391662072390318 31.901379559189081 940.87039468064904 49.02627856656909 14.445854481309654 13.209000047296284 983.76834766566753 42.660974924452603 16.04536721482873 14.008881490677593 10.965002331882713 13.104356787167488 6.0490616699680686
leaf_count=155 128 49994 472 417 318 120 998 123 990 1089 192 181 151 2326 107 750 370 167 172 4361 229 129 83 5395 382 87 80 123 151 129
internal_value=0.000107802 0.000185436 0.00455381 0.002341 0.0179302 -0.0123458 0.00575835 0.0253276 0.0119338 -0.00263903 0.00860328 -0.018696 -0.0157207 -8.62365e-05 -0.00430287 -0.00230253 -0.00569764 0.00811386 0.000196913 0.00334595 0.00255823 -0.000227426 0.0195778 -0.000300949 -0.0185482 0.0435378 -0.0126227 -0.00721534 0.00226105 -0.044675
internal_weight=9790.46 9743.09 571.438 490.747 80.6911 92.3083 398.438 68.0473 229.913 168.525 35.6907 79.1749 47.3722 9171.65 578.149 507.371 383.047 124.325 8593.51 1021.8 989.897 7571.71 27.6549 7544.05 70.7779 32.3566 56.6699 36.8462 25.8812 10.526
internal_count=70369 69660 5115 4267 848 773 3494 720 1988 1506 510 653 709 64545 4182 3613 2696 917 60363 4762 4590 55601 212 55389 569 210 462 425 302 284
is_linear=0
shrinkage=0.05


Tree=170
num_leaves=31
num_cat=0
split_feature=3 6 22 2 12 12 9 3 15 6 3 15 17 15 7 2 15 1 8 8 7 0 13 1 20 8 12 15 17 1
split_gain=5.13344 6.24063 7.32755 9.10456 4.47601 6.64915 6.3276 8.78843 6.06912 9.6492 7.93188 6.57813 6.08619 6.03209 6.01083 5.9376 8.41563 7.18015 6.41988 6.31115 12.1142 7.66134 5.87378 5.21176 10.1527 5.5874 5.19899 4.63226 4.10019 3.89356
threshold=35.650000000000013 65.850000000000009 1.0000000180025095e-35 50.550000000000004 68.550000000000011 61.150000000000013 74.050000000000011 45.150000000000013 53.550000000000004 83.550000000000011 54.050000000000004 43.550000000000004 2150.0000000000005 44.45000000000001 40.050000000000004 46.650000000000013 43.95000000000001 54.550000000000004 77.550000000000011 37.550000000000004 40.95000000000001 48.150000000000013 63.050000000000004 59.750000000000007 1.0000000180025095e-35 85.65000000000002 63.350000000000001 57.95000000000001 1450.0000000000002 55.95000000000001
decision_type=2 2 2 2 2 2 2 2 2 2 2 2 2 2 2 2 2 2 2 2 2 2 2 2 2 2 2 2 2 2
left_child=1 -1 -3 -4 5 8 15 -8 11 10 -10 14 -13 -9 -2 16 18 -18 -6 20 -17 -21 23 25 -25 -7 -24 -15 -11 -5
right_child=4 2 3 29 6 22 7 13 9 28 -12 12 -14 27 -16 19 17 -19 -20 21 -22 -23 26 24 -26 -27 -28 -29 -30 -31
leaf_value=-0.020506100475451997 -0.016166126372373756 -0.025988879184634796 0.046210096156782655 -0.020271160819941181 0.0028044514707987116 -0.0057431373400509836 0.040112678170840139 -0.015849229283643403 0.0066126478974406254 -0.037061101312513514 -0.0016418766513297458 -0.0042287567937960464 0.0072502810007958442 0.020643018918212987 0.0039381234427330429 0.025526503300216746 -0.010349681262565132 0.0058803243015846272 0.034140771852706163 0.0071555224657697666 0.0038496388951041482 2.9066088890463003e-05 -0.0053336762493552906 0.02946545558271731 -0.016267696826695179 -0.028965794083349008 0.02655797531579043 -0.0051282019024687774 -0.0079542630204536419 0.016529797653988147
leaf_weight=63.872043020091951 39.305484740063548 16.617247801274061 13.84231086168438 15.243337166495623 99.957083929330111 738.44983995752409 23.540405388921499 23.606769472360611 873.91748428158462 17.649747198447585 434.97938953712583 1308.9941007429734 126.25810298416764 56.628358699381351 637.7073908187449 69.004429235123098 332.7344221342355 85.197560137137771 19.56107628531754 427.96213808422908 984.17043866263703 3182.2048920113593 23.230038375593722 28.628809625282884 20.780151158571243 26.882337160408497 27.656421193853021 24.726342104375362 40.305005331523716 13.345213394612072
leaf_count=520 431 137 136 128 974 5526 158 154 5746 147 2657 10883 868 361 4479 663 3818 532 192 3824 7244 19438 153 144 106 177 184 154 315 77
internal_value=0.000467507 -0.00967959 0.00196173 0.013061 0.000597054 -0.000593249 0.00156839 0.0125292 0.000381128 0.00297816 0.00386573 -0.00129711 -0.00321504 0.00626296 0.00276133 0.00129637 -0.0036765 -0.00702854 0.0079992 0.00187063 0.00527695 0.000875422 -0.00451482 -0.00554872 0.0101363 -0.00656904 0.0119192 0.0127522 -0.0169533 -0.00292035
internal_weight=9796.96 122.92 59.0481 42.4309 9674.04 4344.74 5329.29 128.502 3479.12 1366.85 1308.9 2112.27 1435.25 104.961 677.013 5200.79 537.45 417.932 119.518 4663.34 1053.17 3610.17 865.628 814.741 49.409 765.332 50.8865 81.3547 57.9548 28.5886
internal_count=70326 998 478 341 69328 31816 37512 827 25526 8865 8403 16661 11751 669 4910 36685 5516 4350 1166 31169 7907 23262 6290 5953 250 5703 337 515 462 205
is_linear=0
shrinkage=0.05


Tree=171
num_leaves=22
num_cat=0
split_feature=16 3 32 6 6 2 1 27 29 8 32 27 4 31 29 31 14 12 12 2 5
split_gain=5.43621 4.72111 7.57743 9.39653 5.88128 5.26593 4.85949 4.736 8.12197 5.87935 6.24332 7.36786 6.5518 5.48701 6.80517 5.12968 8.53292 7.90453 4.96878 3.83181 4.02537
threshold=39.100000000000009 35.650000000000013 49.750000000000007 65.850000000000009 61.750000000000007 50.550000000000004 56.350000000000001 7.5000000000000009 51.750000000000007 16.450000000000003 60.250000000000007 5.5000000000000009 81.850000000000009 -1.0000000180025095e-35 53.500000000000007 2.5000000000000004 34.650000000000013 99.950000000000017 91.15000000000002 55.150000000000013 50.750000000000007
decision_type=2 2 8 2 2 2 2 2 2 2 10 2 2 10 2 10 2 2 2 2 2
left_child=-1 2 4 19 -2 -5 -7 9 -9 10 12 -12 -3 18 -15 16 -11 -17 -10 20 -4
right_child=1 7 3 5 -6 6 -8 8 13 15 11 -13 -14 14 -16 17 -18 -19 -20 -21 -22
leaf_value=-0.021858740612874468 0.064199683457344559 -0.004572784919017402 -0.01794744876067092 0.023859317631301266 -0.0036516714583477786 -0.024795348278645664 0.012362245017249042 0.033587432534534854 -0.0034894259741051884 -0.0025319567635821625 -0.029602011620416424 0.0027509680925803803 0.039694294988249557 0.021306191859511006 0.0042495398554659464 -0.0038780206146834515 0.0021344698205809109 0.0023710301481694495 0.0062394023848226154 -0.0086023526407759867 -0.051467046940869079
leaf_weight=27.137625718489289 5.7358384896069747 80.349660572595894 16.793108390644193 17.592471398413181 6.7463384736329317 21.189723601564765 14.717664137482641 21.739110281690955 443.98166065989062 1243.0076643181965 54.326980076730251 25.583381164819002 9.2278299927711469 64.028125423006713 691.2894785515964 1438.9967277646065 4610.6750806747004 779.39099362445995 186.06858299765736 18.44214092195034 21.110065203160048
leaf_count=198 99 1128 160 142 123 159 82 182 3177 8914 328 150 81 510 4561 10452 32903 5473 1271 108 125
internal_value=0.00044351 0.000506187 -0.00924819 -0.0134784 0.0273926 0.00144448 -0.00943436 0.000630467 0.00331147 0.00017209 -0.00904022 -0.0191912 0 0.00283038 0.00570468 0.000366248 0.00114269 -0.00168027 -0.000607806 -0.0277138 -0.036834
internal_weight=9798.13 9770.99 122.327 109.845 12.4822 53.4999 35.9074 9648.67 1407.11 8241.56 169.488 79.9104 89.5775 1385.37 755.318 8072.07 5853.68 2218.39 630.05 56.3453 37.9032
internal_count=70326 70128 998 776 222 383 241 69130 9701 59429 1687 478 1209 9519 5071 57742 41817 15925 4448 393 285
is_linear=0
shrinkage=0.05


Tree=172
num_leaves=18
num_cat=0
split_feature=16 3 4 31 7 6 30 27 29 8 1 1 31 4 8 3 15
split_gain=4.95331 4.28517 5.46439 6.89106 6.6602 4.5861 4.27708 4.41507 7.35804 5.18197 6.12592 4.97567 4.74998 3.66307 2.75822 1.83833 1.20764
threshold=39.100000000000009 35.650000000000013 70.450000000000017 5.5000000000000009 54.050000000000004 69.450000000000017 385.00000000000006 7.5000000000000009 51.750000000000007 16.450000000000003 57.350000000000001 59.350000000000001 -1.0000000180025095e-35 86.65000000000002 53.45000000000001 34.95000000000001 49.45000000000001
decision_type=2 2 2 10 2 2 2 2 2 2 2 2 10 2 2 2 2
left_child=-1 2 3 4 15 13 16 9 -9 10 -8 -11 -10 -4 -7 -2 -3
right_child=1 6 5 -5 -6 14 7 8 12 11 -12 -13 -14 -15 -16 -17 -18
leaf_value=-0.02096522063100972 0.013752631799798593 -0.011337516541122623 -0.048665446644760774 0.031174077760748199 -0.035550805862460115 0.010800479328989912 -0.0051356876369886301 0.03190535153107945 -0.00043786390320898415 3.8449181399957566e-05 -0.036050101445700276 0.0049285452188313865 0.0054362242187677096 -0.013914571883688338 -0.019805867051856014 -0.011463722299561822 -0.042072942265458504
leaf_weight=26.890204434283078 20.853222220204774 7.172631530556826 16.804911770857874 14.897023417986928 14.676681883633135 14.037158060818912 150.40218621585518 21.951115138828754 628.49389579379931 7502.4176861038432 17.954613320529461 559.02082625962794 756.64916953630745 14.870310313999651 15.040959983132778 10.758080790750681 6.8459809729829431
leaf_count=198 223 113 138 129 104 108 1576 180 4432 54735 100 2820 5065 85 105 106 109
internal_value=0.000420888 0.000480458 -0.00882754 0.00164613 -0.00779588 -0.0194432 0.000598672 0.000639461 0.00322782 0.000196274 -0.00848172 0.00037823 0.00276747 -0.0326037 -0.00487323 0.00500414 -0.026893
internal_weight=9799.74 9772.85 121.938 61.185 46.288 60.7533 9650.91 9636.89 1407.09 8229.8 168.357 8061.44 1385.14 31.6752 29.0781 31.6113 14.0186
internal_count=70326 70128 998 562 433 436 69130 68908 9677 59231 1676 57555 9497 223 213 329 222
is_linear=0
shrinkage=0.05


Tree=173
num_leaves=31
num_cat=0
split_feature=33 1 2 31 7 12 31 33 12 1 0 33 30 30 1 4 0 33 6 2 33 0 7 1 6 16 31 29 16 0
split_gain=4.73328 7.36102 5.81722 6.66546 6.52694 7.14186 9.05597 6.49665 6.18503 5.32845 5.19677 7.15856 5.57126 8.72283 11.6032 6.139 5.36664 8.5576 4.95413 7.86538 5.62443 4.84618 6.88967 4.98056 4.33501 7.52353 7.49727 6.38406 4.99614 4.67759
threshold=28.050000000000004 53.250000000000007 55.45000000000001 -7.4999999999999991 55.250000000000007 71.350000000000009 -1.4999999999999998 27.250000000000004 93.65000000000002 44.850000000000001 39.050000000000004 74.950000000000017 441.00000000000006 459.00000000000006 48.95000000000001 44.95000000000001 42.150000000000013 75.250000000000014 62.550000000000004 49.350000000000001 56.45000000000001 56.250000000000007 49.050000000000004 51.850000000000001 75.050000000000011 39.100000000000009 -10.499999999999998 54.250000000000007 48.250000000000007 50.95000000000001
decision_type=8 2 2 10 2 2 10 10 2 2 2 8 2 2 2 2 2 10 2 2 8 2 2 2 2 2 10 2 2 2
left_child=1 2 3 7 5 9 -7 8 -1 -4 11 12 -2 14 -14 -15 17 18 19 -12 -20 23 -23 -5 25 -18 29 -28 -27 -26
right_child=10 -3 4 21 -6 6 -8 -9 -10 -11 16 -13 13 15 -16 -17 24 -19 20 -21 -22 22 -24 -25 26 28 27 -29 -30 -31
leaf_value=0.032261274240072746 -0.015900965056900033 -0.035334792770129846 0.033637377227966565 -0.017016331377428816 -0.029004726751294257 0.097036820768195503 0.012089311888315095 -0.050223929034639542 -0.016935574771441999 -0.034329585396637524 0.014040271011775081 -0.024836349498971625 0.081212108220690915 0.033714716880896674 0.011401750929077192 0.0037336027855050242 -0.031908026006562201 -0.050560681415324139 -0.020465450801666174 -0.019682378753669044 0.00078728485561895076 0.05282957860990152 -0.023448844652830092 0.019958394694436138 -0.040016834176071603 0.01016062994797752 0.010085360526973357 0.0019937507149283794 5.325969960983859e-06 -0.0059880095301272267
leaf_weight=24.022579580545425 14.916391660459338 20.278267120942473 5.5908879907801801 129.5101765836589 6.1163816479966036 6.1403771415352821 6.6836347645148617 3.6227263594046226 8.4713916350156051 5.7407984090968966 60.164524676278234 13.659476824104784 10.925947679206731 21.458344636484981 13.444555189460514 84.841875398531556 18.219269542954862 10.783596962690352 71.777590055018663 24.075977213680744 54.127319864928722 6.5313699319958669 5.1618992481380701 9.5916450908407551 14.633498707786201 123.05248738732189 299.67521886155009 1320.4698596349917 7372.9652414536104 33.728325270116329
leaf_count=698 194 521 111 3921 100 100 120 98 218 122 624 103 141 252 126 819 126 47 968 212 306 158 94 298 132 784 2232 8467 48007 227
internal_value=0.000399392 -0.00657056 -0.00384683 -0.00716008 0.0164021 0.0281777 0.0535868 0.0120412 0.0192693 -0.000357396 0.000573056 0.0095285 0.0128019 0.0161263 0.0431079 0.00985875 0.000420769 -0.00727645 -0.00500855 0.00433113 -0.0112957 -0.011797 0.0188198 -0.0144183 0.000606579 9.39596e-05 0.00291206 0.00349406 0.000172833 -0.0164491
internal_weight=9800.38 237.462 217.184 186.912 30.2721 24.1557 12.824 36.1167 32.494 11.3317 9562.92 159.247 145.587 130.671 24.3705 106.3 9403.67 220.929 210.145 84.2405 125.905 150.795 11.6933 139.102 9182.74 7514.24 1668.51 1620.15 7496.02 48.3618
internal_count=70326 6559 6038 5485 553 453 220 1014 916 233 63767 1635 1532 1338 267 1071 62132 2157 2110 836 1274 4471 252 4219 59975 48917 11058 10699 48791 359
is_linear=0
shrinkage=0.05


Tree=174
num_leaves=31
num_cat=0
split_feature=33 13 9 9 1 9 31 30 5 8 33 17 5 5 5 9 6 6 31 6 30 12 0 6 3 30 19 27 1 27
split_gain=4.47621 7.76412 6.35366 5.93753 13.2719 5.90934 7.3935 11.3639 6.56208 6.55669 4.66208 4.19959 6.0074 13.5767 6.623 4.15812 5.18057 4.33547 7.58999 6.2019 4.70753 4.87809 4.86838 4.13951 3.94428 3.67662 4.89088 7.38404 4.91392 2.97572
threshold=34.650000000000013 44.750000000000007 46.050000000000004 41.650000000000013 50.95000000000001 51.750000000000007 22.500000000000004 459.00000000000006 51.95000000000001 55.350000000000001 31.950000000000003 1750.0000000000002 40.750000000000007 37.95000000000001 54.050000000000004 42.050000000000004 61.45000000000001 75.050000000000011 -10.499999999999998 81.050000000000011 553.00000000000011 95.750000000000014 33.350000000000001 69.65000000000002 54.050000000000004 437.00000000000006 1.0000000180025095e-35 5.5000000000000009 43.650000000000013 4.5000000000000009
decision_type=8 2 2 2 2 2 8 2 2 2 8 2 2 2 2 2 2 2 10 2 2 2 2 2 2 2 2 2 2 2
left_child=1 11 -3 4 29 6 8 -8 -4 10 -7 25 13 -13 -14 16 -5 20 24 -20 22 -22 -17 -6 -19 -1 28 -28 -27 -2
right_child=3 2 5 15 23 9 7 -9 -10 -11 -12 12 14 -15 -16 17 -18 18 19 -21 21 -23 -24 -25 -26 26 27 -29 -30 -31
leaf_value=-0.017468345919317646 0.033259828553538283 0.029621683989751391 -0.014305322683035552 0.045131939955964678 -0.058822836951590012 0.015869924833551888 -0.009557279882898664 0.047267858745562101 0.0014697614056177599 0.055411704352139851 -0.03319133385815725 -0.02870572917728827 -0.029037984738376755 0.093749219316679178 0.028103637356115319 0.025441145071947752 0.00074728815435380017 -0.027631592157681708 0.0061877395384403733 -8.8087836706133671e-05 -0.033658126470199889 0.0025143899034802833 0.00019165309294676944 -0.019531462970442767 0.0024794348902070591 -0.012545813258327945 0.063731715451869217 0.007104660925095198 0.024249126384164377 -0.0040213211017191466
leaf_weight=7.1443640803918234 9.7686414178460854 11.651866672560571 314.31655214261264 11.73904422670603 13.794734809547665 15.491190564818686 22.519306462258101 14.208616969175635 82.682553471066058 7.1308420542627564 6.9188843071460715 4.5098807960748655 22.304612795822326 4.2924214173108339 6.3853248804807654 19.043831147253513 15.320486521348355 30.072777757421136 942.06404814403504 673.51831294037402 20.712511707097292 16.419167254120111 7427.206206034869 14.23159579746425 16.529480805620551 15.735624210909007 12.605307507328691 10.977640484459696 20.842964853160083 11.207892492413519
leaf_count=176 102 160 8163 101 124 251 452 280 1249 108 81 125 415 97 78 153 133 217 5511 4602 143 95 46090 140 106 298 232 170 357 117
internal_value=0.000378553 -0.00388149 -0.00660552 0.000646942 -0.0166892 -0.00753367 -0.00901512 0.0123591 -0.0110077 0.0140056 0.000420474 0.00841004 -0.0048911 0.0308298 -0.0160932 0.000740283 0.0202817 0.000681697 0.00299169 0.00356848 0.000167907 -0.017565 0.000257241 -0.0391891 -0.0168619 0.0158898 0.0199565 0.0377248 0.00829306 0.0131785
internal_weight=9801.35 579.718 474.92 9221.63 49.0029 463.268 433.727 36.7279 396.999 29.5409 22.4101 104.798 37.4922 8.8023 28.6899 9172.63 27.0595 9145.57 1662.18 1615.58 7483.38 37.1317 7446.25 28.0263 46.6023 67.3059 60.1615 23.5829 36.5786 20.9765
internal_count=70326 12692 10744 57634 483 10584 10144 732 9412 440 332 1948 715 222 493 57151 234 56917 10436 10113 46481 238 46243 264 323 1233 1057 402 655 219
is_linear=0
shrinkage=0.05


Tree=175
num_leaves=31
num_cat=0
split_feature=5 32 4 13 5 30 2 5 32 4 8 1 28 3 1 4 8 1 14 4 3 5 30 14 8 3 16 16 16 32
split_gain=7.08517 6.79632 6.68135 7.25247 12.9116 8.76531 6.46229 7.66173 6.24272 7.02698 5.8073 5.80525 6.69088 5.6481 5.55539 6.292 5.26075 6.94976 5.08837 4.9759 6.70269 10.2207 6.97433 6.84582 5.99665 10.5027 7.94557 7.27726 7.06824 4.65277
threshold=33.95000000000001 51.95000000000001 79.750000000000014 57.95000000000001 72.250000000000014 487.00000000000006 42.850000000000001 42.250000000000007 54.750000000000007 88.450000000000017 73.250000000000014 48.45000000000001 2.5000000000000004 60.850000000000001 53.550000000000004 87.050000000000011 61.95000000000001 53.150000000000013 49.350000000000001 76.65000000000002 40.350000000000001 53.850000000000001 489.00000000000006 42.050000000000004 33.050000000000004 55.850000000000001 44.550000000000004 47.050000000000004 50.750000000000007 67.750000000000014
decision_type=2 10 2 2 2 2 2 2 10 2 2 2 2 2 2 2 2 2 2 2 2 2 2 2 2 2 2 2 2 10
left_child=1 10 19 4 6 11 7 -4 -3 -10 -1 12 -5 -8 -6 -16 17 -7 -13 24 -21 23 -23 -22 25 28 -26 -28 -2 -27
right_child=2 8 3 5 14 16 13 -9 9 -11 -12 18 -14 -15 15 -17 -18 -19 -20 20 21 22 -24 -25 26 29 27 -29 -30 -31
leaf_value=-0.034606025425841201 0.00031699203986409753 0.029410717888102924 -0.029286368809866417 0.0071926524365828783 -0.0038456973757734444 0.034591486783611285 -0.0030226673104627572 0.017633989989770636 -0.002326440624280046 -0.038721719288152934 0.02586990904083189 0.014706209902732992 -0.025873993610429143 -0.011895082426019844 0.0028019823728001989 0.034296339597729104 0.0034593695099586126 0.0081578194882626562 -0.00065773706621891006 -0.012270329180209016 0.0050939937410424 -0.010000051400778627 0.016406681232721657 0.028133391648651654 -0.024588278614708921 0.018627931509556658 0.029897084677171677 0.00022268401184388548 0.022072985620938887 0.0013895498339470045
leaf_weight=36.746624274645001 637.62871952494606 12.123523643240331 9.8990458464249951 23.282010143622756 26.661505065858364 44.941060079261661 2518.159095720388 64.287335122004151 79.369568706490099 15.918871421366928 4.2795630414038888 63.335053686052561 43.227382101118565 193.58846047148108 25.395874917507172 43.888701967895031 95.351432718336582 57.134835589677095 355.03151807840914 36.586722540669143 52.127034887671471 71.819770906120539 38.203727751970291 87.231050729751587 32.047650506719947 159.18032238166779 20.652717338874936 4867.9271087087691 39.59308385103941 52.772134698927402
leaf_count=926 5717 175 164 178 117 278 15595 552 703 95 122 344 363 1150 115 198 514 286 2022 230 349 354 180 577 238 1440 158 36531 366 248
internal_value=1.45738e-05 -0.010822 0.00018172 -0.00153733 -0.00263571 0.00309433 -0.00325848 0.0112749 -0.00414518 -0.00849327 -0.0281285 -0.000512536 -0.0142303 -0.00365832 0.0153798 0.022845 0.0119738 0.0198672 0.00165917 0.00118767 0.00762769 0.0105707 -0.000778802 0.0195612 0.000869697 0.00464854 0.000185749 0.000349681 0.00159939 0.0143622
internal_weight=9808.39 148.438 9659.95 3564.18 2881.88 682.303 2785.93 74.1864 107.412 95.2884 41.0262 484.876 66.5094 2711.75 95.9461 69.2846 197.427 102.076 418.367 6095.77 285.968 249.382 110.023 139.358 5809.8 889.174 4920.63 4888.58 677.222 211.952
internal_count=70285 2021 68264 21876 17891 3985 17461 716 973 798 1048 2907 541 16745 430 313 1078 564 2366 46388 1690 1460 534 926 44698 7771 36927 36689 6083 1688
is_linear=0
shrinkage=0.05


Tree=176
num_leaves=31
num_cat=0
split_feature=5 32 4 31 31 8 32 0 28 7 8 7 1 4 8 32 30 5 15 7 1 18 4 31 0 15 32 4 1 8
split_gain=6.45402 6.38263 6.03049 9.62546 9.18403 9.28724 9.37591 8.70662 7.19442 8.71874 9.68362 6.78569 7.23677 8.68764 7.36263 6.44816 6.66724 6.57647 6.42932 6.35594 7.86921 6.26443 7.55887 7.37487 6.20968 5.70809 5.55987 6.49542 5.44323 5.42596
threshold=33.95000000000001 51.95000000000001 79.750000000000014 2.5000000000000004 -1.0000000180025095e-35 65.65000000000002 64.050000000000011 49.45000000000001 2.5000000000000004 52.850000000000001 16.450000000000003 40.750000000000007 59.350000000000001 47.550000000000004 15.550000000000002 76.65000000000002 483.00000000000006 72.550000000000011 69.550000000000011 55.750000000000007 55.250000000000007 16.500000000000004 75.750000000000014 -7.4999999999999991 63.150000000000013 39.250000000000007 54.750000000000007 88.450000000000017 48.650000000000013 73.250000000000014
decision_type=2 10 2 8 10 2 10 2 2 2 2 2 2 2 2 10 2 2 2 2 2 2 2 8 2 2 10 2 2 2
left_child=1 29 4 8 5 21 25 -8 19 10 -10 -6 14 -14 -13 17 -17 18 -5 28 -21 23 -23 -2 -11 -7 -3 -28 -4 -1
right_child=2 26 3 15 11 6 7 -9 9 24 -12 12 13 -15 -16 16 -18 -19 -20 20 -22 22 -24 -25 -26 -27 27 -29 -30 -31
leaf_value=-0.033902413407587942 0.0078338888292491058 0.027310086006521017 -0.01026694100572708 -0.0066043779902301555 -0.0060325473576740693 -0.024251434696411504 -0.026372258073877494 -0.0073772257965681529 -0.028937736261739479 -0.0060868892934583451 0.0018429987313983238 0.027346189952896945 -0.017604258836631716 0.01604027880194564 0.002631965797385834 0.021973122883222077 -0.0066885748311612328 0.023441482329459168 -0.024097238138491694 0.036226390446769959 8.1817986383074157e-05 -0.0093679780580665003 0.030900355695317561 -1.8918706576579707e-05 0.014690737438062478 0.0034595332039265496 -0.0022133612634407805 -0.037469855451148573 0.0080377958263325566 0.024066510095609242
leaf_weight=35.663631440605968 358.08602076256648 12.403413489460943 53.448243221268058 763.40873036440462 195.0168497110717 20.343055063858628 83.189088447019458 223.94912719726562 25.868407212197781 757.51771081890911 1540.1231779539958 30.420810157433152 21.161954917013645 186.77797982282937 2739.1830420284532 40.322785869240761 40.294436201453209 17.003315083682537 56.625547887757421 37.341916635632515 25.655649155378342 225.17053288593888 12.143323129042981 1801.2468274361454 37.528083860874176 202.78474509529769 79.261245443485677 15.638750117272137 166.28627633396536 4.3751673325896254
leaf_count=926 3097 175 445 4846 2061 188 435 1111 227 4182 9881 310 122 942 20390 182 181 73 312 189 126 2074 86 13444 196 2128 703 95 1036 122
internal_value=1.35126e-05 -0.010368 0.000172469 -0.00146172 0.00112749 -0.000891136 -0.00687878 -0.0125453 6.78954e-05 -0.000832899 0.00132953 0.00299135 0.00358424 0.0125854 0.0029062 -0.00587354 0.00759483 -0.00717744 -0.00782119 0.00760556 0.0216093 0.000431795 -0.00727424 0.00128131 -0.00509812 0.000900932 -0.00394694 -0.0081093 0.00355996 -0.0273992
internal_weight=9808.24 147.342 9660.9 3561.42 6099.47 2926.91 530.266 307.138 2643.77 2361.04 1565.99 3172.56 2977.54 207.94 2769.6 917.655 80.6172 837.038 820.034 282.732 62.9976 2396.65 237.314 2159.33 795.046 223.128 107.303 94.9 219.735 40.0388
internal_count=70285 2021 68264 21876 46388 22563 3862 1546 16282 14486 10108 23825 21764 1064 20700 5594 363 5231 5158 1796 315 18701 2160 16541 4378 2316 973 798 1481 1048
is_linear=0
shrinkage=0.05


Tree=177
num_leaves=29
num_cat=0
split_feature=5 2 32 13 31 1 1 4 31 31 13 5 3 1 13 13 32 15 5 32 6 7 7 2 7 2 6 33
split_gain=5.87742 6.30739 5.81621 6.38304 7.5966 5.4562 5.30104 5.2805 8.93598 8.35149 7.75595 9.19428 7.33835 7.35731 7.02297 6.55891 6.17721 6.16777 5.96137 5.49976 3.46912 1.93541 3.26418 3.10045 1.83195 1.11707 1.93899 1.12665
threshold=33.95000000000001 46.850000000000001 51.95000000000001 58.250000000000007 8.5000000000000018 65.350000000000009 49.750000000000007 79.750000000000014 2.5000000000000004 -1.0000000180025095e-35 56.250000000000007 71.850000000000009 60.750000000000007 59.95000000000001 68.350000000000009 65.750000000000014 76.65000000000002 44.250000000000007 72.550000000000011 70.750000000000014 62.350000000000001 49.250000000000007 43.95000000000001 51.150000000000013 53.650000000000013 45.550000000000004 74.950000000000017 38.45000000000001
decision_type=2 2 10 2 8 2 2 2 8 10 2 2 2 2 2 2 10 2 2 8 2 2 2 2 2 2 2 8
left_child=1 25 21 4 6 7 -4 9 10 14 11 -9 13 -11 15 -2 18 -14 -10 -12 -18 22 23 -3 -23 26 27 -1
right_child=5 2 3 -5 -6 -7 -8 8 16 12 19 -13 17 -15 -16 -17 20 -19 -20 -21 -22 24 -24 -25 -26 -27 -28 -29
leaf_value=-0.015889742337064174 -0.00075829005916664229 0.017404468498568949 0.010845694645726486 0.035458840992580357 0.032988934995945678 -0.02942158811455033 -0.019659306733744442 -0.0022808036372082038 -0.0074789260086236004 0.0016308121447195175 0.0073614390783384763 0.016175450881604183 -0.0041316280899924398 0.013140150659701878 -0.025667788049710007 0.030962426343830885 0.021054088769371839 0.015708395913534619 0.022297254926344462 -0.001583323729268506 -0.00031169277550607106 0.012511490339738279 -0.049056786975228611 -0.039978615825306006 -0.02705779925104377 -0.050370408974567377 3.425006519871064e-06 -0.051977105661214044
leaf_weight=4.3485247110947975 2879.8273046752438 4.9082396845333296 20.046883524395525 11.671223459765313 11.665155258029698 15.456740051507948 47.328680204227567 1797.7923870943487 815.91389483353123 2792.273278276436 513.99269198067486 69.961194157600403 49.377586004324257 146.20840581133962 28.073858576826751 16.283145152963698 30.000125758349895 182.18387962691486 16.987607799470425 256.85913703590631 50.289560660719872 5.9143908917903882 12.331183074042199 4.2532819043844938 5.4535734038800001 7.6774993687868109 4.8001559549011281 5.8871558904647836
leaf_count=175 22244 163 222 88 114 77 361 11438 5148 21466 3356 314 337 758 195 113 136 1235 73 1148 226 124 297 109 89 135 85 59
internal_value=1.22883e-05 -0.00993086 -0.00541849 0.0010638 -0.00399021 0.000163458 -0.0105061 0.000211688 -0.00132004 0.00110522 0.000153577 -0.00158597 0.00288325 0.00220561 -0.000820618 -0.000577154 -0.00558297 0.0114562 -0.00686301 0.00437461 0.00762566 -0.0234135 -0.0322658 -0.00884006 -0.00610557 -0.03413 -0.0252291 -0.0374316
internal_weight=9807.77 146.286 123.573 90.7119 79.0407 9661.48 67.3756 9646.02 3551.8 6094.23 2638.61 1867.75 3170.04 2938.48 2924.18 2896.11 913.191 231.561 832.902 770.852 80.2897 32.8607 21.4927 9.16152 11.368 22.7133 15.0358 10.2357
internal_count=70285 2021 1567 785 697 68264 583 68187 21839 46348 16256 11752 23796 22224 22552 22357 5583 1572 5221 4504 362 782 569 272 213 454 319 234
is_linear=0
shrinkage=0.05


Tree=178
num_leaves=31
num_cat=0
split_feature=11 9 4 26 13 5 3 2 7 7 33 4 5 3 1 7 7 5 5 0 18 7 1 33 33 4 33 13 1 1
split_gain=5.39834 7.05204 5.49784 7.46837 7.91758 8.34303 7.04768 6.80149 6.25946 7.19625 6.56627 6.24516 7.45666 9.40596 7.25116 6.59014 6.11561 5.72343 5.53685 5.53339 5.72505 5.72201 5.43566 4.87338 6.1837 4.60343 4.11779 2.94344 2.73928 4.3261
threshold=50.050000000000004 50.650000000000013 79.750000000000014 1.0000000180025095e-35 57.95000000000001 72.250000000000014 47.250000000000007 62.750000000000007 43.250000000000007 40.650000000000013 81.450000000000017 76.65000000000002 53.850000000000001 40.050000000000004 55.250000000000007 43.650000000000013 46.250000000000007 33.45000000000001 49.850000000000001 60.250000000000007 8.5000000000000018 62.250000000000007 57.250000000000007 47.650000000000013 62.45000000000001 92.65000000000002 72.050000000000011 47.250000000000007 60.150000000000013 54.850000000000001
decision_type=2 2 2 2 2 2 2 2 2 2 8 2 2 2 2 2 2 2 2 2 2 2 2 8 8 2 8 2 2 2
left_child=2 27 11 4 5 7 28 -4 9 -6 -10 17 13 -13 26 -15 -8 23 -18 20 -19 -21 -16 -1 -25 -7 -14 -2 29 -5
right_child=1 -3 3 6 8 25 16 -9 10 -11 -12 12 14 15 22 -17 18 19 -20 21 -22 -23 -24 24 -26 -27 -28 -29 -30 -31
leaf_value=-0.026162389558040618 -0.010813126643096735 0.014403219467847589 -0.0029908857630642277 -0.011663563731734243 0.0071981390146089244 0.0032790686135510828 -0.026954436961079006 0.013410405843020024 0.0047350212229897238 -0.020159893356371538 0.028022182703549454 -0.018607086016485166 0.0018068846467263686 0.04465326803736816 -0.032963364299195608 0.014822340281792979 -0.011078542652989251 0.010875793955132525 0.010439048811793996 -0.0037389371398076684 0.00091777966791820032 -0.031176333994958012 -0.0007743131345625859 0.014271732669180651 -0.025960259788965434 0.026519462526584853 0.028407823490599178 -0.053982667578762245 -0.0034255485724201729 -0.038852268631112963
leaf_weight=36.42182195559144 6.3765039676800432 8.7241611657664162 2574.8560476377606 26.301037861034274 43.7838025377132 51.940343670547009 23.74379866477102 64.602539606392384 523.77653406001627 52.58557478711009 32.161600161343813 18.137671940028667 52.916621491312981 22.003936730325222 23.399638012051582 124.49464894458652 54.188286863267422 148.38637388404459 66.359456479549408 317.41257487423718 5323.2430701251142 20.197250589728355 30.434799045324326 25.138409979641438 15.251734580844639 36.764033310115337 20.221420742571354 12.200310189276932 15.517715413123367 35.176826948300004
leaf_count=901 86 126 16366 227 325 234 184 292 2971 366 162 132 284 167 109 810 395 822 356 2000 41648 107 140 194 94 166 88 218 82 233
internal_value=1.1178e-05 -0.0221503 7.37827e-05 -0.00147826 -0.000893962 -0.00207841 -0.0103772 -0.00258707 0.00405169 -0.00768383 0.006096 0.000979486 0.008122 0.0151421 -0.000945825 0.0193644 -0.00381157 0.000624648 0.000723912 0.000804844 0.00118894 -0.00540391 -0.0148935 -0.0129218 -0.00082339 0.0129865 0.00925861 -0.0395696 -0.0225955 -0.0273396
internal_weight=9806.72 27.301 9779.42 3601.76 3380.47 2728.16 221.287 2639.46 652.308 96.3694 555.938 6177.66 291.609 164.636 126.972 146.499 144.292 5886.05 120.548 5809.24 5471.63 337.61 53.8344 76.812 40.3901 88.7044 73.138 18.5768 76.9956 61.4779
internal_count=70285 430 69855 22359 20882 17058 1477 16658 3824 691 3133 47496 1730 1109 621 977 935 45766 751 44577 42470 2107 249 1189 288 400 372 304 542 460
is_linear=0
shrinkage=0.05


Tree=179
num_leaves=28
num_cat=0
split_feature=5 2 4 8 30 2 11 29 4 26 3 2 2 7 0 2 3 2 15 29 30 14 30 30 14 3 30
split_gain=4.99107 5.94213 4.9803 8.47734 6.59286 5.21489 4.72204 5.18991 4.64154 6.53963 6.73683 6.59611 6.35765 6.28245 5.68075 8.71841 6.81745 6.06314 5.43994 5.27649 8.5719 7.19941 4.4942 2.89776 2.04942 2.00597 0.435113
threshold=33.95000000000001 46.850000000000001 95.050000000000011 70.850000000000009 427.00000000000006 52.350000000000001 50.050000000000004 55.750000000000007 79.750000000000014 1.0000000180025095e-35 47.250000000000007 62.750000000000007 64.550000000000011 46.250000000000007 60.250000000000007 62.850000000000001 51.650000000000013 53.150000000000013 51.550000000000004 55.750000000000007 449.00000000000006 56.95000000000001 451.00000000000006 469.00000000000006 45.550000000000004 52.350000000000001 445.00000000000006
decision_type=2 2 2 2 2 2 2 2 2 2 2 2 2 2 2 2 2 2 2 2 2 2 2 2 2 2 2
left_child=1 23 3 4 -3 -5 8 25 14 11 24 18 -13 -12 15 17 -17 -2 -10 21 -21 -16 -6 26 -11 -8 -1
right_child=6 2 -4 5 22 -7 7 -9 9 10 13 12 -14 -15 19 16 -18 -19 -20 20 -22 -23 -24 -25 -26 -27 -28
leaf_value=-0.033262418342642035 8.157827792347877e-05 0.034970563190954637 -0.042398372971772451 0.045143128156037091 -0.035269406599955956 -0.0020549858712435418 -0.016251324065140176 -0.043172430921684914 0.0010085148780319309 -0.0077817730677638714 -0.027162697757208726 0.025588197448360325 -0.0044674732525428812 0.0013945732539996725 -0.0034214582326746266 0.040176040049428999 0.0020149148454820221 0.0035412635452467742 -0.0030756192345120707 -0.039136334312876817 -0.0068568376995180175 0.025161448081728727 -0.0069431777340658932 -0.011738570065753271 -0.026794780572748107 0.022417831369376248 -0.057964748049083442
leaf_weight=4.744424865581097 3798.3038377193734 7.6347515136003485 8.1516240574419481 13.275525491684677 18.017855875194073 10.043944168835877 7.3775173751637357 13.084138770122079 1642.3567609153688 20.346872879192233 22.816998550668359 45.71341685205698 28.113507874310017 119.0855912361294 140.96988638117909 25.644862368702888 22.007895700633526 1902.00875980407 1616.5621900707483 24.026462811976671 145.12879732437432 25.990203907713294 65.307755614630878 9.6611614599823934 54.868932727724314 5.96221240516752 7.5975638427771628
leaf_count=127 31445 167 60 157 257 92 131 188 10641 146 177 211 125 737 884 140 110 12242 9400 161 873 179 834 188 383 91 139
internal_value=1.01272e-05 -0.00921198 -0.00485217 -0.00209554 -0.00903417 0.0246789 0.000148621 -0.0209174 0.000207136 -0.00122898 -0.0096367 -0.000679466 0.0140847 -0.00317793 0.00104589 0.00141606 0.0226976 0.00123688 -0.00101589 -0.00526814 -0.0114917 0.00101043 -0.0131631 -0.0331132 -0.0217351 0.000698087 -0.0492144
internal_weight=9804.8 144.435 122.431 114.28 90.9604 23.3195 9660.37 26.4239 9633.94 3549.86 217.118 3332.75 73.8269 141.903 6084.08 5747.97 47.6528 5700.31 3258.92 336.115 169.155 166.96 83.3256 22.0032 75.2158 13.3397 12.342
internal_count=70285 2021 1567 1507 1258 249 68264 410 67854 21820 1443 20377 336 914 46034 43937 250 43687 20041 2097 1034 1063 1091 454 529 222 266
is_linear=0
shrinkage=0.05


Tree=180
num_leaves=24
num_cat=0
split_feature=9 31 1 18 4 8 14 8 12 13 12 13 9 4 13 2 6 2 6 1 4 4 0
split_gain=8.95253 6.66331 5.52152 3.44621 5.60452 4.85901 9.30468 8.66905 2.52019 6.36785 6.82775 6.15436 8.07984 7.59051 8.65062 7.24459 7.04162 6.04072 5.9707 3.48997 8.70917 5.6291 1.10246
threshold=41.550000000000004 -1.0000000180025095e-35 49.550000000000004 8.5000000000000018 91.350000000000009 68.65000000000002 58.250000000000007 53.850000000000001 76.250000000000014 44.95000000000001 55.550000000000004 48.750000000000007 43.250000000000007 55.650000000000013 48.95000000000001 42.350000000000001 87.600000000000009 52.050000000000004 80.050000000000011 45.95000000000001 45.650000000000013 59.250000000000007 51.95000000000001
decision_type=2 10 2 2 2 2 2 2 2 2 2 2 2 2 2 2 2 2 2 2 2 2 2
left_child=1 22 -3 4 5 6 7 -2 9 10 17 12 -10 16 -15 -14 -13 -5 -12 20 -11 -21 -1
right_child=3 2 -4 8 -6 -7 -8 -9 11 19 18 13 15 14 -16 -17 -18 -19 -20 21 -22 -23 -24
leaf_value=-0.030770320288047787 0.0081579956964895669 0.0233719872091811 -0.022620414253760098 0.0097856931458469472 -0.013876770684543058 0.025970467696797856 0.038694265247764571 -0.019734499002085994 0.03579825997943268 -0.026298254387012596 -0.018124924559193629 -0.0040005115302102507 0.040308758163245174 -0.019578791900030892 0.0015125347914630956 0.0031165615443991823 -0.039415454136507017 -0.011258528096990197 0.013832420396811266 0.0026882048098402708 -0.0020084828317487244 -0.0011134789296617144 -0.056285397027989875
leaf_weight=11.3012324385345 116.98081860691309 10.401188733056189 16.980832347646356 76.070275070145726 30.08981467038393 35.558510568924248 18.83074744977057 36.421711195260286 19.717146696522832 42.571036477573216 142.43409725092351 691.06070080446079 13.176064372994004 49.426004864275455 2574.4565966036171 1115.6461590514518 14.267937527038155 61.616280234418809 16.032145476900041 1456.4842518400401 278.14949641749263 2936.1172849480063 9.3439465314149839
leaf_count=122 650 115 169 726 140 197 106 199 178 720 1322 5850 185 320 15808 8921 122 549 156 11215 3137 19231 103
internal_value=0.000143876 -0.0213667 -0.00494657 0.000250838 0.00619396 0.00912969 0.00561075 0.00149448 0.00010123 -0.000668636 -0.0077796 0.000963629 0.00411953 -0.00012371 0.0011126 0.00355864 -0.00472949 0.000330544 -0.0148536 -0.000220615 -0.00525538 0.000145965 -0.042775
internal_weight=9773.13 48.0272 27.382 9725.11 237.882 207.792 172.233 153.403 9487.23 5009.47 296.153 4477.75 1148.54 3329.21 2623.88 1128.82 705.329 137.687 158.466 4713.32 320.721 4392.6 20.6452
internal_count=70241 509 284 69732 1292 1152 955 849 68440 37056 2753 31384 9284 22100 16128 9106 5972 1275 1478 34303 3857 30446 225
is_linear=0
shrinkage=0.05


Tree=181
num_leaves=28
num_cat=0
split_feature=9 31 1 3 1 32 4 32 32 9 27 29 8 15 3 2 31 15 32 29 4 12 30 12 32 8 9
split_gain=8.23056 6.34928 5.00362 3.99566 6.63678 5.38404 7.97845 4.43265 8.77002 5.73959 7.43581 4.36178 9.77796 10.637 5.60732 5.62648 5.17945 4.26621 10.0945 4.51339 3.60984 3.41145 3.19842 1.46308 1.39524 1.05948 0.0138347
threshold=41.550000000000004 -1.0000000180025095e-35 49.550000000000004 47.250000000000007 38.050000000000004 32.550000000000004 72.250000000000014 35.250000000000007 24.850000000000005 50.250000000000007 4.5000000000000009 52.500000000000007 66.250000000000014 43.750000000000007 47.650000000000013 48.850000000000001 4.5000000000000009 48.350000000000001 41.650000000000013 52.500000000000007 50.850000000000001 50.600000000000009 399.00000000000006 97.350000000000009 62.45000000000001 46.850000000000001 49.850000000000001
decision_type=2 10 2 2 2 8 2 8 10 2 2 2 2 2 2 2 10 2 10 2 2 2 2 2 8 2 2
left_child=1 24 -3 4 21 6 20 8 -5 10 -10 12 13 -9 15 -13 -14 18 -7 -19 -6 -2 -16 26 -1 -11 -23
right_child=3 2 -4 7 5 17 -8 11 9 25 -12 14 16 -15 22 -17 -18 19 -20 -21 -22 23 -24 -25 -26 -27 -28
leaf_value=-0.054456271000397627 0.0065164864956023406 0.021824896604999398 -0.021858316399635272 0.036127985939154249 0.023699619843984086 -0.029331639817421248 0.066867612389479955 0.031709705710320633 -0.031602752124919607 -0.049259013687020306 0.015941304536117151 0.029908980887540799 0.029742304612092457 -0.0033915502657890732 -0.017845875496600862 0.0055124644317071161 -0.0037098011512498165 -0.010370395519597316 -0.0027214939029840193 0.00064760209644317902 -0.026950334455140397 -0.039347772373940181 0.00067815592223749357 -0.019093913149952336 -0.02590085302948917 -0.026306413407861225 -0.056868443420247362
leaf_weight=10.971942067146303 5.1840785201638964 10.583777081221344 16.70486862026155 8.1143774194642884 8.1729963463731128 36.763166113756597 7.1151978643611065 24.869722682982683 14.783686641603706 11.421029104851188 18.167799325659871 29.696879421360791 57.914902522228658 158.43761981092393 23.278941181953996 118.81243693549186 14.10684990743175 97.068476473912597 1123.0476259319112 2132.3041841052473 5.9965857723727813 4.2055349349975604 5800.5178406978957 6.7913644332438698 9.0310096107423288 12.445165777578948 6.3078544661402702
leaf_count=150 113 115 169 180 179 706 126 242 340 221 386 264 488 1631 283 767 122 985 8246 14953 162 112 38693 137 75 258 138
internal_value=0.000136112 -0.020649 -0.0047156 0.000237908 -0.0011335 -0.000953037 0.0240463 0.00098689 -0.0119928 -0.0190044 -0.00526914 0.00112322 0.00752415 0.00135815 0.000848603 0.0104414 0.0231247 -0.00111222 -0.00357174 0.000165184 0.00187545 -0.0281541 0.000602948 -0.0388055 -0.0420057 -0.0376586 -0.0507678
internal_weight=9772.82 47.2916 27.2886 9725.52 3432.96 3410.47 21.2848 6292.57 64.9321 56.8177 32.9515 6227.64 255.329 183.307 5972.31 148.509 72.0218 3389.18 1159.81 2229.37 14.1696 22.4888 5823.8 17.3048 20.003 23.8662 10.5134
internal_count=70241 509 284 69732 25857 25357 467 43875 1385 1205 726 42490 2483 1873 40007 1031 610 24890 8952 15938 341 500 38976 387 225 479 250
is_linear=0
shrinkage=0.05


Tree=182
num_leaves=31
num_cat=0
split_feature=15 15 2 2 17 18 5 5 12 8 5 5 2 30 30 13 13 13 13 17 13 13 2 2 1 15 18 31 15 13
split_gain=3.54262 8.40267 7.31607 7.05176 8.61909 6.99086 6.62692 6.09094 9.42105 7.33551 6.39884 5.34347 4.9172 4.83437 8.07535 4.67616 4.66128 12.3532 7.94617 7.74759 4.60782 3.91224 3.722 3.51396 7.71381 3.32581 7.58518 6.18914 4.52253 8.86764
threshold=66.250000000000014 69.15000000000002 54.45000000000001 56.550000000000004 1650.0000000000002 13.500000000000002 44.95000000000001 48.650000000000013 73.250000000000014 38.150000000000013 53.050000000000004 57.750000000000007 59.95000000000001 541.00000000000011 539.00000000000011 57.650000000000013 62.350000000000001 57.95000000000001 51.250000000000007 1750.0000000000002 52.650000000000013 51.050000000000004 55.250000000000007 49.95000000000001 50.250000000000007 64.65000000000002 10.500000000000002 -1.0000000180025095e-35 63.850000000000001 55.650000000000013
decision_type=2 2 2 2 2 2 2 2 2 2 2 2 2 2 2 2 2 2 2 2 2 2 2 2 2 2 2 8 2 2
left_child=13 7 16 5 12 -4 -6 8 -2 -9 21 -12 -5 14 25 23 17 18 -3 -19 -10 -11 -7 24 -15 28 -27 -28 -1 -30
right_child=1 2 3 4 6 22 -8 9 20 10 11 -13 -14 15 -16 -17 -18 19 -20 -21 -22 -23 -24 -25 -26 26 27 -29 29 -31
leaf_value=-0.00011141922137035133 -0.023555752167201238 0.0098314997626222853 -0.035454492858347654 -0.00027637471429456877 -0.017010691590524537 0.012061812659207869 0.015882441946620873 -0.0055211876080918064 -0.0015191807946706621 0.019524809020265363 -0.0019434574431396933 0.022697271557572594 -0.022323131555360302 -0.020582778086894616 0.030408695588834529 -0.038336991480847377 -0.015941926918316054 0.055595986741078768 -0.0062534736675168741 0.012460188622056187 0.03381178934660857 0.052737370108483519 -0.016367044409588621 -0.01250435681756853 0.037848934148739605 -0.033129125649760713 -0.016965878668330547 0.0049561375184916205 0.0012719307423591742 0.034810362085161882
leaf_weight=8488.1728288633749 27.907910637557507 175.76014501787722 34.01835417188704 52.944588683545589 18.635944161564112 18.013889797031879 81.326979104429483 30.822924338281155 19.338705491274595 16.196568485349417 32.494225855916739 65.702872574329376 49.157049911096692 10.482889497652652 21.610417202115059 13.516675963066517 25.037952651269734 18.683275774121284 135.85169273801148 24.390118790790439 17.102242197841406 21.853391293436289 30.986819526180625 66.562201811932027 11.888702094554899 23.944258952513337 49.36197710223496 91.688946114853024 71.158706666901708 27.344291294924915
leaf_count=62439 227 1148 169 295 107 106 402 184 143 96 173 326 246 128 137 98 142 117 853 145 112 122 182 462 91 122 311 549 455 154
internal_value=0.000128484 0.00312455 0.000259934 -0.0057845 -0.000715674 -0.0180459 0.00968938 0.0113286 -0.00167016 0.0163631 0.021351 0.0144989 -0.0109512 -0.000173511 -4.67781e-05 -0.0109669 0.00481139 0.00629458 0.00280323 0.0313718 0.0149725 0.0388192 -0.00581077 -0.00671244 0.0102767 -0.000122899 -0.00715231 -0.00268682 1.1672e-05 0.0106587
internal_weight=9771.96 896.226 664.807 285.084 202.065 83.0191 99.9629 231.419 64.3489 167.07 136.247 98.1971 102.102 8875.73 8773.28 102.45 379.723 354.685 311.612 43.0734 36.4409 38.05 49.0007 88.9338 22.3716 8751.67 164.995 141.051 8586.68 98.503
internal_count=70241 5295 3912 1507 1050 457 509 1383 482 901 717 499 541 64946 64167 779 2405 2263 2001 262 255 218 288 681 219 64030 982 860 63048 609
is_linear=0
shrinkage=0.05


Tree=183
num_leaves=19
num_cat=0
split_feature=9 15 33 0 33 1 15 13 15 15 7 0 7 16 1 19 1 18
split_gain=7.56799 5.15095 3.82904 3.62234 3.49418 7.64962 5.73879 5.09372 4.18408 8.52491 9.99201 8.83782 4.9758 7.47773 6.6488 2.80122 1.98231 1.65349
threshold=41.550000000000004 43.750000000000007 84.550000000000011 49.850000000000001 28.850000000000005 54.850000000000001 63.45000000000001 51.550000000000004 66.250000000000014 69.15000000000002 45.850000000000001 62.150000000000013 53.750000000000007 53.95000000000001 51.550000000000004 1.0000000180025095e-35 50.45000000000001 15.500000000000002
decision_type=2 2 10 2 8 2 2 2 2 2 2 2 2 2 2 2 2 2
left_child=1 -1 4 -4 5 6 7 -2 12 10 -10 -11 14 -14 -6 16 -3 -8
right_child=2 15 3 -5 8 -7 17 -9 9 11 -12 -13 13 -15 -16 -17 -18 -19
leaf_value=0.011320636128967485 0.0045071184367289794 -0.021723682603880537 0.026749841629124377 0.0022513443612623718 -0.0026574270424138016 -0.047421150888793083 -0.043661597532615469 -0.01053300168196347 0.032715970818766094 0.0021699690393871813 0.0065856808987532064 -0.022093288532435407 0.0022763246165577442 -0.018909387383913373 0.00065782420005786697 -0.010320455289697578 -0.05291203055028787 -0.013128948703532629
leaf_weight=10.036969386041163 138.22762791858986 10.032203387469055 26.064116664230824 36.874714031815529 2689.3471781220287 10.393531220033763 10.366842269897463 94.631156237330288 46.118370067328215 608.63581513427198 180.02464697696269 39.88379842787981 2342.0147761423141 42.26189111545682 3451.5698506394401 13.790756616741417 12.714321438223122 8.9302312629297358
leaf_count=111 3489 113 130 191 22545 243 197 3076 297 3442 994 205 13419 239 21057 151 134 208
internal_value=0.000121645 -0.0199627 0.000218546 0.0125023 0.000137886 -0.00554928 -0.00378545 -0.00158545 0.000297325 0.00359056 0.0119488 0.0006669 -4.00035e-05 0.00189793 -0.000793259 -0.0287003 -0.0395308 -0.0299301
internal_weight=9771.92 46.5743 9725.34 62.9388 9662.41 262.549 252.156 232.859 9399.86 874.663 226.143 648.52 8525.19 2384.28 6140.92 36.5373 22.7465 19.2971
internal_count=70241 509 69732 321 69411 7213 6970 6565 62198 4938 1291 3647 57260 13658 43602 398 247 405
is_linear=0
shrinkage=0.05


Tree=184
num_leaves=31
num_cat=0
split_feature=28 15 6 32 17 32 19 5 8 2 5 31 8 15 13 33 28 13 8 32 33 18 15 29 5 31 5 32 13 33
split_gain=3.66246 6.52316 8.85931 6.94889 10.3048 9.72395 9.36242 9.31424 10.4197 6.42289 6.30168 7.13241 6.48162 6.21419 10.4663 10.3692 11.0018 10.0334 8.58229 7.27552 7.11511 6.89927 6.4348 6.22934 5.64699 5.55128 6.54268 5.46168 5.61366 5.36406
threshold=4.5000000000000009 51.850000000000001 83.550000000000011 56.350000000000001 2675.0000000000005 66.350000000000009 1.0000000180025095e-35 60.150000000000013 66.250000000000014 65.550000000000011 55.95000000000001 4.5000000000000009 67.450000000000017 56.350000000000001 50.750000000000007 54.850000000000001 3.5000000000000004 64.15000000000002 80.450000000000017 71.15000000000002 54.050000000000004 15.500000000000002 63.250000000000007 54.250000000000007 47.550000000000004 -5.4999999999999991 46.850000000000001 78.850000000000009 44.750000000000007 55.650000000000013
decision_type=2 2 2 10 2 10 2 2 2 2 2 10 2 2 2 10 2 2 2 10 8 2 2 2 2 10 2 10 2 10
left_child=13 3 9 6 10 -6 25 8 -8 27 11 -5 -12 -1 18 20 17 -17 21 -18 -16 23 -22 -15 -23 -2 -27 28 -3 -4
right_child=1 2 29 4 5 -7 7 -9 -10 -11 12 -13 -14 14 15 16 19 -19 -20 -21 22 24 -24 -25 -26 26 -28 -29 -30 -31
leaf_value=-0.00028563561186442042 -0.01902629728996276 -0.017782464664207347 -0.037119272197511613 0.0023268132505250066 -0.0049776639190790804 0.025987159636616481 0.0046666651270213027 0.058598956418583981 0.03736251281323142 0.028189250148541484 -0.01652430389903857 -0.015058055001936875 0.0047578952209508382 -0.0016823108364219979 0.0048526777903045749 0.0019853925755039087 -0.019757412864798513 -0.019891045798663572 -0.012778301158068757 -0.0015374057135562841 0.0065733933531827871 0.013856219932879929 0.048163218290481466 0.013975426243500042 -0.0012408932161656729 0.014757678370730202 -0.0070485848137330333 -0.028682105487501532 -0.0023602359062338467 -0.0048945156526872735
leaf_weight=5608.2274435060099 33.739284448325634 64.012517156079412 32.917923652566969 333.77168872579932 43.85908817499876 59.159743562340736 102.71661199163646 11.934051960706709 32.062463407404721 15.430760409682987 153.87279526889324 71.524576826021075 46.121036019176245 73.327351542189717 311.0658676372841 675.65018761903048 134.12862955778837 56.712589770555496 51.528785534203053 93.673255272209644 18.66793480142951 82.262197130359709 19.159401029348373 448.46220297925174 247.95700457971543 67.048186238855124 70.121191829442978 22.183720722794533 765.7808305406943 21.904998026788235
leaf_count=41326 442 659 422 2356 248 263 1377 86 399 73 834 539 242 518 2996 3137 626 258 301 404 112 755 109 2484 1481 1079 750 98 5744 123
internal_value=0.000115157 -0.0018239 -0.00487611 0.000915128 -0.00183491 0.0127637 0.00706221 0.0163246 0.0125037 -0.0036358 -0.00432952 -0.000731802 -0.0115915 0.000598831 0.00284284 -1.04334e-05 -0.00269677 0.000282018 0.00698179 -0.0122912 0.00736677 0.00818409 0.0278418 0.0117656 0.00250793 -0.000864547 0.00357685 -0.00422131 -0.00355797 -0.024367
internal_weight=9768.98 1948.16 922.231 1025.93 708.309 103.019 317.622 146.713 134.779 867.408 605.29 405.296 199.994 7820.82 2212.6 1309.06 960.165 732.363 903.538 227.802 348.893 852.009 37.8273 521.79 330.219 170.909 137.169 851.977 829.793 54.8229
internal_count=70241 15734 7119 8615 4482 511 4133 1862 1776 6574 3971 2895 1076 54507 13181 7642 4425 3395 5539 1030 3217 5238 221 3002 2236 2271 1829 6501 6403 545
is_linear=0
shrinkage=0.05


Tree=185
num_leaves=21
num_cat=0
split_feature=7 30 2 12 18 1 8 32 32 6 18 18 30 15 13 5 32 1 6 1
split_gain=7.09029 6.28776 8.66593 6.44925 5.87674 7.56612 6.19657 7.56635 5.49548 5.20121 7.02402 4.79926 4.37357 8.85118 4.24689 6.47005 3.95875 3.55537 3.06506 1.14338
threshold=80.450000000000017 541.00000000000011 59.45000000000001 80.950000000000017 17.500000000000004 40.95000000000001 77.15000000000002 62.050000000000004 69.950000000000017 60.350000000000001 14.500000000000002 15.500000000000002 537.00000000000011 53.650000000000013 67.350000000000009 46.850000000000001 63.850000000000001 50.050000000000004 63.050000000000004 37.250000000000007
decision_type=2 2 2 2 2 2 2 8 10 2 2 2 2 2 2 2 10 2 2 2
left_child=1 4 3 11 12 19 7 -7 -8 -5 -11 16 14 -14 17 -16 -3 -1 -13 -6
right_child=-2 2 -4 9 5 6 8 -9 -10 10 -12 18 13 -15 15 -17 -18 -19 -20 -21
leaf_value=0.0015183126220412232 0.034886462572766994 -0.023680320525376192 0.024700468785484098 0.020256455827194601 -0.018311916395521752 -0.0094704694447244955 -0.0061534077455013617 0.0025531723636311688 -0.029585680786264862 0.006646154649076569 -0.039290178621480418 -0.027502813413341085 0.03290019648000729 -0.010586682887035438 0.023065218922232691 0.0014954035528993341 -0.060108722495568014 -0.00062031492873877822 0.0063446980912738446 -0.048704171091381948
leaf_weight=2924.2244013939053 14.350935421884058 16.861379854381088 14.390890117734669 15.995277343317865 5.5752623057924202 198.17180546093732 72.024527749046683 383.74468777049333 38.922009684145451 17.892524790018797 15.181595321744679 14.091008933261039 28.822522189468145 19.35796488262713 50.652296094223857 112.22496800869703 14.653909444808958 5791.3800998032093 12.232472448609768 10.259276390541343
leaf_count=26181 70 159 79 122 121 2536 621 2262 178 103 131 104 197 127 412 635 74 35877 108 171
internal_value=-0.000109107 -0.000161451 -0.0114697 -0.0164038 -1.8456e-05 -0.00440108 -0.00360915 -0.00153381 -0.0144381 -0.00294497 -0.0143436 -0.0277109 0.000328971 0.0153387 0.000246783 0.008244 -0.0409134 9.66643e-05 -0.0116202 -0.0384991
internal_weight=9771.01 9756.66 121.299 106.908 9635.36 708.698 692.863 581.916 110.947 49.0694 33.0741 57.8388 8926.66 48.1805 8878.48 162.877 31.5153 8715.6 26.3235 15.8345
internal_count=70268 70198 880 801 69318 5889 5597 4798 799 356 234 445 63429 324 63105 1047 233 62058 212 292
is_linear=0
shrinkage=0.05


Tree=186
num_leaves=21
num_cat=0
split_feature=7 3 1 3 0 31 5 32 1 3 3 7 31 3 33 3 32 1 32 33
split_gain=6.42415 5.86729 6.91686 6.06079 5.91939 5.6246 8.46418 8.12934 7.07617 8.95774 6.02544 4.95019 4.70097 7.47063 10.7524 5.88135 4.78592 10.0598 4.96901 0.0924237
threshold=80.450000000000017 46.95000000000001 38.050000000000004 40.350000000000001 65.850000000000009 -2.4999999999999996 60.750000000000007 73.65000000000002 58.650000000000013 44.350000000000001 46.750000000000007 51.350000000000001 2.5000000000000004 47.150000000000013 62.050000000000004 49.45000000000001 24.850000000000005 50.550000000000004 33.550000000000004 29.950000000000003
decision_type=2 2 2 2 2 8 2 10 2 2 2 2 10 2 10 2 10 2 10 8
left_child=1 2 3 -1 12 8 10 -8 11 -10 -7 -4 16 14 -14 -15 17 -3 -18 -5
right_child=-2 4 5 19 -6 6 7 -9 9 -11 -12 -13 13 15 -16 -17 18 -19 -20 -21
leaf_value=0.0050359582131238919 0.033257722340124189 -0.0044411422843202266 -0.0005316119041552514 -0.040904261424953792 0.023109340766910666 -0.0014801774993553393 0.0088431870379758973 -0.0052640516250142795 -0.032830416143649198 0.0059724445279651043 -0.015740460225199673 -0.0091133171559514194 0.0015215130692357152 -0.0090413540417533626 0.055369400283137041 -0.00086088769606262265 -0.019449394529437211 0.063963173142551885 0.0014672484015856805 -0.058955400950659653
leaf_weight=7.0515191326849189 14.307086445391176 12.283362802118065 428.48978216946125 5.3012201590463492 29.295876694843173 1885.9773065857589 385.5626754052937 138.3488542586565 47.430283503606915 21.316824369132519 77.114372752606869 277.81479520723224 28.817687508650124 258.59445423260331 13.714755833148955 1472.2286237566732 28.438901467248797 9.2724378071725351 4621.8407341777347 7.272736258804799
leaf_count=166 70 147 3838 193 167 14966 1997 609 249 117 629 1923 295 1939 62 10254 620 80 31851 96
internal_value=-0.000104009 -0.000153785 -0.00187645 -0.0314102 0.000718616 -0.00169628 -0.000534933 0.00510807 -0.00541584 -0.0207348 -0.00204367 -0.00391499 0.000615709 -0.00157463 0.0190914 -0.00208643 0.00144821 0.0249122 0.00133784 -0.0521223
internal_weight=9770.47 9756.17 3281.68 19.6255 6474.49 3262.05 2487 523.912 775.052 68.7471 1963.09 706.305 6445.19 1773.36 42.5324 1730.82 4671.84 21.5558 4650.28 12.574
internal_count=70268 70198 24783 455 45415 24328 18201 2606 6127 366 15595 5761 45248 12550 357 12193 32698 227 32471 289
is_linear=0
shrinkage=0.05


Tree=187
num_leaves=25
num_cat=0
split_feature=30 14 33 3 30 13 6 32 17 31 0 3 33 17 14 31 0 1 13 5 13 28 5 31
split_gain=5.73382 8.60944 5.73801 5.59467 8.0872 5.48911 7.05134 5.41081 5.62497 5.27736 8.98638 6.73888 9.44566 5.51264 5.33699 5.22138 3.98509 3.70521 7.79689 5.27436 4.4712 3.64472 1.87364 0.706295
threshold=541.00000000000011 49.550000000000004 19.750000000000004 46.95000000000001 537.00000000000011 64.15000000000002 59.750000000000007 62.650000000000013 1650.0000000000002 2.5000000000000004 65.850000000000009 47.150000000000013 62.050000000000004 2450.0000000000005 49.050000000000004 -2.4999999999999996 48.650000000000013 41.550000000000004 48.350000000000001 51.850000000000001 60.350000000000001 4.5000000000000009 55.250000000000007 3.5000000000000004
decision_type=2 2 8 2 2 2 2 10 2 10 2 2 10 2 2 8 2 2 2 2 2 2 2 10
left_child=2 21 17 4 5 15 -7 8 -3 10 13 12 -11 -5 -13 -4 -10 23 -19 20 -20 -2 -9 -1
right_child=1 7 3 9 -6 6 -8 22 16 11 -12 14 -14 -15 -16 -17 -18 18 19 -21 -22 -23 -24 -25
leaf_value=-0.05177258914534795 0.017289985463399129 0.025980837011615389 -0.0058330974608543588 0.0013281732174019118 0.031374352199029558 -0.012201669731992715 0.016950303262744989 -0.020662614575273058 0.0032160376251218086 0.0016717787338545158 0.037472780205372667 0.0017071744701591817 0.05203935699626442 0.0093899254710540763 -0.0040557074040135184 -0.0010104277038665702 -0.041555946317834012 0.042453556160504065 -0.044626763264962538 0.026185092498175661 0.025833962554615883 -0.012963608204500477 -0.041320883374090421 -0.020248438694168962
leaf_weight=7.963531338144092 28.539009680971503 10.088725997135045 737.1654863609001 4393.3274277485907 18.393915619701147 27.787174642086029 79.373056135140359 23.233353905379772 9.3493387373164314 28.711771155707538 17.556361282244325 647.03221042826772 13.836343735456465 223.00207995530218 1055.5972036975436 2367.3367726318538 10.037422865629194 5.6930822175927487 15.437138295266783 4.2886400837451211 2.4709408571943632 14.997562525793908 24.350869856774807 3.3014394282363355
leaf_count=266 185 109 5801 30460 123 178 517 136 112 288 100 4460 62 1328 7328 17390 93 164 639 83 87 129 116 114
internal_value=-9.91794e-05 -0.0109297 3.57883e-05 0.000114239 -0.00158061 -0.00177188 0.00934011 -0.0209776 -0.00392789 0.000973223 0.00185624 -0.00136851 0.0182518 0.00171889 -0.00186279 -0.00215733 -0.0198022 -0.0190409 -0.00897115 -0.0225162 -0.0345375 0.00674776 -0.0314037 -0.0432332
internal_weight=9768.87 120.596 9648.27 9609.12 3230.06 3211.66 107.16 77.0597 29.4755 6379.06 4633.89 1745.18 42.5481 4616.33 1702.63 3104.5 19.3868 39.1548 27.8898 22.1967 17.9081 43.5366 47.5842 11.265
internal_count=70268 880 69388 68035 24009 23886 695 566 314 44026 31888 12138 350 31788 11788 23191 205 1353 973 809 726 314 252 380
is_linear=0
shrinkage=0.05


Tree=188
num_leaves=21
num_cat=0
split_feature=7 30 14 18 1 7 1 3 1 2 15 9 7 32 32 1 2 29 7 1
split_gain=5.83286 5.15661 7.83709 5.38908 7.0068 6.11697 5.81035 5.24227 10.2071 8.8264 6.34263 6.25925 5.81167 4.96452 4.89909 4.34142 4.24227 3.90328 3.16155 1.14899
threshold=80.450000000000017 541.00000000000011 49.550000000000004 17.500000000000004 40.95000000000001 41.150000000000013 61.550000000000004 51.650000000000013 38.050000000000004 60.45000000000001 54.550000000000004 73.850000000000009 56.250000000000007 62.650000000000013 48.350000000000001 49.150000000000013 53.150000000000013 54.250000000000007 52.050000000000004 37.250000000000007
decision_type=2 2 2 2 2 2 2 2 2 2 2 2 2 10 10 2 2 2 2 2
left_child=1 3 16 7 19 14 -7 8 17 12 -11 -10 -9 15 -6 -4 -3 -1 -15 -5
right_child=-2 2 13 4 5 6 -8 9 11 10 -12 -13 -14 18 -16 -17 -18 -19 -20 -21
leaf_value=-0.00049936206897513967 0.031745991284759988 0.02464117250137407 -0.031289245687156131 -0.0171695230338248 0.014482827912254252 -0.003110625243028825 0.025003729127831553 0.0031239210793871414 -0.00088192104425410421 3.1697447012199661e-05 -0.015514945087556561 0.011454574143551438 -0.0021320829953007854 -0.042438276918625763 -0.030599609012353354 0.0094422353721832775 -0.0067747001187085116 -0.042257315794264561 -0.015919168165391583 -0.04802589828157687
leaf_weight=8.0462537789717334 14.260867297649382 18.396528342738748 9.5940597895532864 5.4215460312552741 7.144039303995668 632.61871634051204 18.797175953164697 3180.1699113850482 4721.7171242148615 139.5569001622498 122.64264591224492 104.96727810613811 628.89458476193249 24.9698581174016 32.912185722030699 19.812078303657472 25.199063997715712 20.335060244426131 22.173232443630695 9.882881220430134
leaf_count=199 70 155 127 121 167 4971 104 22876 34460 704 609 696 3450 143 355 187 159 435 109 171
internal_value=-9.45056e-05 -0.000141899 -0.0104322 -1.29322e-05 -0.00421592 -0.00346442 -0.00228797 0.000319339 -0.000789544 0.00164292 -0.00722425 -0.000612368 0.00225478 -0.0200758 -0.0224186 -0.00373838 0.00639384 -0.0306376 -0.0301312 -0.0376021
internal_weight=9767.51 9753.25 120.145 9633.11 706.777 691.472 651.416 8926.33 4855.07 4071.26 262.2 4826.68 3809.06 76.5492 40.0562 29.4061 43.5956 28.3813 47.1431 15.3044
internal_count=70268 70198 880 69318 5889 5597 5075 63429 35790 27639 1313 35156 26326 566 522 314 314 634 252 292
is_linear=0
shrinkage=0.05


Tree=189
num_leaves=20
num_cat=0
split_feature=7 28 5 2 8 1 2 29 7 31 2 2 15 30 3 30 32 15 18
split_gain=5.28667 5.06144 7.28661 4.82591 5.81444 4.38336 7.38248 7.75574 8.11846 4.3261 4.20501 4.02955 4.01255 3.86268 3.76941 8.06341 4.69643 2.26256 0.31183
threshold=80.450000000000017 6.5000000000000009 60.550000000000004 60.350000000000001 68.250000000000014 38.550000000000004 55.650000000000013 54.250000000000007 47.45000000000001 -1.4999999999999998 53.650000000000013 45.650000000000013 47.050000000000004 389.00000000000006 37.350000000000001 513.00000000000011 31.250000000000004 47.050000000000004 15.500000000000002
decision_type=2 2 2 2 2 2 2 2 2 8 2 2 2 2 2 2 10 2 2
left_child=1 5 3 4 10 6 7 8 -1 -5 -3 -9 -6 17 15 -15 -16 -7 -19
right_child=-2 2 -4 9 12 13 -8 11 -10 -11 -12 -13 -14 14 16 -17 -18 18 -20
leaf_value=0.044710969821520168 0.030273625705274018 -0.022556441736482667 0.014377287310330354 -0.054118650619834591 -0.011766613554308051 0.0019824092048916294 0.035029826534933549 -0.00027026528760908065 -0.020102661796598698 -0.013378827372613551 -0.0048790268856485795 -0.037184206477005897 0.025229157432066364 -0.0079183506549502011 0.012572086619450893 0.018634031277413417 0.00025897029876271842 -0.025047693920373666 -0.045727747432021168
leaf_weight=8.5545548456721026 14.212831795215605 57.846772564575076 32.618071984499693 11.376036958768962 11.325867325998844 5.5246627964079407 7.2277351366356006 9.7246307698078436 10.742354095447807 16.314374614506963 82.63431959412992 34.862830929923803 19.766695193015039 281.3959299698472 78.034747338388115 31.638110759668052 9041.6190996407531 5.8826121715828759 5.7285226080566645
leaf_count=237 70 674 190 104 119 99 85 233 205 145 944 638 216 2298 1120 222 62468 75 126
internal_value=-9.02945e-05 -0.000135367 -0.00743262 -0.0110332 -0.0078577 4.19089e-05 -0.0123159 -0.017797 0.00845461 -0.0304304 -0.0122046 -0.0292637 0.0115982 0.000135562 0.000179298 -0.00521366 0.000365016 -0.0235107 -0.0359808
internal_weight=9767.03 9752.82 231.882 199.264 171.574 9520.94 71.1121 63.8844 19.2969 27.6904 140.481 44.5875 31.0926 9449.82 9432.69 313.034 9119.65 17.1358 11.6111
internal_count=70268 70198 2392 2202 1953 67806 1398 1313 442 249 1618 871 335 66408 66108 2520 63588 300 201
is_linear=0
shrinkage=0.05


Tree=190
num_leaves=31
num_cat=0
split_feature=28 30 6 4 3 32 32 2 15 0 16 30 31 4 12 3 2 0 27 2 6 6 9 16 16 31 15 12 32 27
split_gain=3.87825 10.134 11.9242 9.59323 9.5625 8.73805 8.11847 8.08877 7.23884 17.37 11.3122 9.22857 8.81815 8.4691 8.18409 8.0323 6.70991 7.99646 7.01485 10.9446 10.5576 8.69967 9.15438 6.40318 6.569 6.04185 6.89778 5.80406 5.7457 5.51118
threshold=3.5000000000000004 513.00000000000011 75.750000000000014 44.650000000000013 49.45000000000001 55.750000000000007 72.050000000000011 52.150000000000013 53.650000000000013 38.650000000000013 51.850000000000001 517.00000000000011 2.5000000000000004 59.850000000000001 59.45000000000001 46.850000000000001 53.350000000000001 60.150000000000013 1.5000000000000002 63.350000000000001 74.950000000000017 69.65000000000002 50.050000000000004 48.150000000000013 48.850000000000001 12.500000000000002 43.95000000000001 82.750000000000014 50.550000000000004 2.5000000000000004
decision_type=2 2 2 2 2 10 10 2 2 2 2 2 8 2 2 2 2 2 2 2 2 2 2 2 2 8 2 2 10 2
left_child=7 23 3 28 6 -6 -5 8 11 14 13 12 15 -11 29 -1 17 25 21 20 -20 22 -18 -2 -25 26 -9 -16 -3 -10
right_child=1 2 -4 4 5 -7 -8 16 9 10 -12 -13 -14 -15 27 -17 18 -19 19 -21 -22 -23 -24 24 -26 -27 -28 -29 -30 -31
leaf_value=-0.0046485303752507451 0.014572181255060532 0.018145475888610183 -0.011141934490618169 0.0074893706356574377 0.03755798838205162 0.01275113186102988 -0.020082707889779856 0.027165377559599746 0.051889238821853492 0.0063688032298752683 -0.019446704304918024 -0.015625876199006003 -0.0051654745582191165 -0.0016571791833624575 0.078210009422716817 0.003471687565931024 0.0080409503175086373 -0.020531009575129874 -0.0036957566645261829 0.032934703269003704 0.0067520562079540977 -0.0020686660449290351 0.042585312767801434 -0.035113888551646578 -0.0027416098032084007 -0.016952097254280013 0.0089493952194925602 0.019932159192362534 -0.020947182406070408 0.006576776272736117
leaf_weight=447.45335979107767 53.114899430423975 12.051465825177727 96.269998424686491 140.60938780754805 45.4877495970577 167.62989967316389 32.805484592914581 64.406649854965508 8.3733062082901579 582.4496477721259 65.348221004940569 125.70944694895297 1064.2741034207866 752.66891510225832 11.290252904407682 951.66176093183458 44.707694344222546 21.25745085068047 774.50315467454493 25.024018600583076 351.34927607886493 60.095722513273358 34.163445841521025 15.671601843088864 3422.0086491941474 18.26416340097785 278.76474899426103 7.4086380237713447 40.099875347688794 34.290703711099923
leaf_count=4075 364 186 684 1020 462 877 146 406 112 3980 447 955 8957 4854 141 7967 228 130 4082 114 1814 311 175 119 24771 155 1731 117 295 398
internal_value=-0.000451814 -0.0016411 0.00476325 0.00826681 0.0109896 0.0180845 0.00223608 0.000383845 -0.000822966 0.00198797 0.000842458 -0.00241199 -0.00173504 0.00184065 0.0280063 0.000871027 0.00330964 0.0091256 0.00157961 0.000293414 -0.000430515 0.0121876 0.0231023 -0.00262409 -0.00289166 0.0108889 0.0123897 0.0556147 -0.0118003 0.0156873
internal_weight=9749.21 4025.75 534.954 438.684 386.533 213.118 173.415 5723.46 4050.93 1461.83 1400.47 2589.1 2463.39 1335.12 61.3629 1399.12 1672.54 382.693 1289.84 1150.88 1125.85 138.967 78.8711 3490.8 3437.68 361.436 343.171 18.6989 52.1513 42.664
internal_count=70073 28924 3670 2986 2505 1339 1166 41149 32003 10049 9281 21954 20999 8834 768 12042 9146 2422 6724 6010 5896 714 403 25254 24890 2292 2137 258 481 510
is_linear=0
shrinkage=0.05


Tree=191
num_leaves=31
num_cat=0
split_feature=33 5 30 20 0 6 31 33 15 16 18 0 0 15 0 33 5 7 7 16 27 15 33 13 30 6 5 9 6 1
split_gain=4.72622 8.85268 8.57286 8.02839 9.32678 7.48375 7.37533 6.06781 5.41536 5.33083 4.88379 9.54864 10.4627 10.5886 8.2846 9.11434 8.06419 4.86533 7.08048 6.24334 6.65039 6.20528 5.69709 4.47473 4.3656 6.39217 13.3075 5.67948 5.5568 5.48864
threshold=74.65000000000002 41.350000000000001 515.00000000000011 1.0000000180025095e-35 56.95000000000001 71.550000000000011 1.0000000180025095e-35 84.550000000000011 50.650000000000013 49.050000000000004 9.5000000000000018 44.95000000000001 49.250000000000007 55.95000000000001 43.150000000000013 41.95000000000001 45.650000000000013 51.45000000000001 49.050000000000004 46.150000000000013 3.5000000000000004 57.650000000000013 59.250000000000007 56.250000000000007 475.00000000000006 87.350000000000009 52.45000000000001 75.65000000000002 83.550000000000011 52.95000000000001
decision_type=10 2 2 2 2 2 8 10 2 2 2 2 2 2 2 8 2 2 2 2 2 2 8 2 2 2 2 2 2 2
left_child=9 -2 3 4 -3 -6 7 -5 -4 17 11 14 16 -14 15 -11 -13 18 21 -19 -21 22 -1 -8 25 28 -27 29 -12 -26
right_child=1 2 8 6 5 -7 23 -9 -10 10 24 12 13 -15 -16 -17 -18 19 -20 20 -22 -23 -24 -25 27 26 -28 -29 -30 -31
leaf_value=-0.010005561464597981 0.037272120735877455 0.020830874858486191 0.0030884497661925244 -0.0081693964499776391 -0.013927904712250734 0.015700346202040347 0.00045550430842738684 0.014801950986112518 -0.027128484647056403 0.045359430335373874 -0.00226975639271971 0.010480139610535863 -0.00085191797330625883 0.015181526999987115 0.056404050699809562 -0.0073159419475893163 -0.023978460086337045 0.018827912307319256 0.034519510215024647 -0.036356016267915174 0.00024415665086543217 0.029549672637610425 0.014823326027236816 0.016993285627339177 -0.0019496994752543505 0.027269388064592427 -0.014349756408097852 0.023072458484738073 -0.011751968427076782 0.0017862138517311475
leaf_weight=52.290539146400988 18.810703918337822 126.77724061906338 24.053237557411194 217.69640886038542 46.962119199335575 38.836238726973534 85.252841331064701 32.896355599164963 37.36669647693634 12.541071123443542 3998.1831536907703 23.065292780287564 308.23213230911642 154.13217576220632 14.32899124547839 23.047734253108501 62.028653524816036 22.314438235946 28.699217040091753 18.893358437344432 35.040751611813903 23.688248496502638 41.182391885668039 79.688110902905464 2117.2154386024922 50.595228346996009 30.66935514099896 26.257841179147363 160.94244992686436 1834.6894706957974
leaf_count=587 81 563 108 931 207 175 369 171 163 182 31739 221 1647 749 97 119 318 142 208 112 225 166 197 356 17275 485 185 160 1631 10504
internal_value=-0.00042981 0.00350165 0.00256785 0.00431812 0.0122195 -0.000455938 0.000261976 -0.00512921 -0.0152279 -0.00073852 -0.000931795 0.00343065 0.00151004 0.00448425 0.0243493 0.0111812 -0.0145782 0.00690742 0.0122623 -0.00327349 -0.0125281 0.0067429 0.00088429 0.00848117 -0.00124953 -0.00236572 0.0115025 -5.84834e-05 -0.00263816 -0.000214019
internal_weight=9746.38 708.34 689.529 628.109 212.576 85.7984 415.534 250.593 61.4199 9038.04 8815.93 597.376 547.458 462.364 49.9178 35.5888 85.0939 222.109 145.86 76.2485 53.9341 117.161 93.4729 164.941 8218.55 4240.39 81.2646 3978.16 4159.13 3951.9
internal_count=70073 3124 3043 2772 945 382 1827 1102 271 66949 65312 3333 2935 2396 398 301 539 1637 1158 479 337 950 784 725 61979 34040 670 27939 33370 27779
is_linear=0
shrinkage=0.05


Tree=192
num_leaves=29
num_cat=0
split_feature=33 5 30 20 28 9 33 4 15 0 4 4 0 33 30 4 0 32 17 6 15 13 1 33 33 12 2 1
split_gain=4.27485 8.00395 7.7314 7.26864 8.49569 7.91817 6.75489 7.01983 4.86978 4.77275 4.57859 7.59663 7.41192 10.0016 9.64059 7.06109 5.63045 4.87595 9.00919 9.02595 7.97838 6.74417 6.68475 5.30569 4.86588 4.00287 3.38994 3.16621
threshold=74.65000000000002 41.350000000000001 515.00000000000011 1.0000000180025095e-35 3.5000000000000004 49.95000000000001 79.550000000000011 55.350000000000001 50.650000000000013 52.350000000000001 99.15000000000002 99.950000000000017 54.150000000000013 52.45000000000001 485.00000000000006 98.15000000000002 57.050000000000004 69.950000000000017 2810.0000000000005 66.850000000000009 53.350000000000001 41.750000000000007 56.650000000000013 29.550000000000004 61.050000000000004 99.950000000000017 54.050000000000004 55.650000000000013
decision_type=10 2 2 2 2 2 10 2 2 2 2 2 2 10 2 2 2 8 2 2 2 2 2 8 10 2 2 2
left_child=10 -2 3 4 25 -6 9 -8 -4 -5 15 -12 24 14 -14 17 -15 21 20 -20 -19 23 -23 -1 26 -3 -13 -17
right_child=1 2 8 6 5 -7 7 -9 -10 -11 11 12 13 16 -16 27 -18 18 19 -21 -22 22 -24 -25 -26 -27 -28 -29
leaf_value=0.01319162080780324 0.035465026273493051 0.023907282094467686 0.0029356601070735077 -0.00091445283061228995 0.015259110292908213 -0.017349355167534521 -0.018559365730132702 0.0099996548698257706 -0.025695743740563694 -0.017246557188856013 -0.027704261027761801 -0.013470334037884283 0.0059951105678536822 0.0074983076229133321 0.055461482962947201 0.027769439881776749 -0.0080879519474536532 -0.0063193097125646405 0.034605992865277213 -0.00056463553947326995 0.00024748978711915522 -0.00029422494603242595 0.0043000583526926475 -0.012315445114039002 -0.00018239956863607754 0.0039737632953711112 -0.036204149872200615 0.0035941616104065038
leaf_weight=22.961169793270528 18.786417335271835 103.43402750790119 24.045277118682861 142.02894134819508 35.098642371594906 39.337633021175861 24.178518533706665 183.34026952087879 37.480208218097687 65.695237770676613 35.62542375549674 41.527101397514343 31.730177335441113 81.754956863820553 14.389013603329657 31.366809919476509 196.62644811719656 1050.5401050597429 31.442818149924278 42.60608071833849 823.77140096575022 5446.7798572331667 926.07443596981466 166.61818294227123 36.550863474607468 34.180054649710655 28.460719648748636 24.758971400558949
leaf_count=508 81 464 108 598 153 176 105 842 163 282 171 263 227 369 103 152 886 4918 135 183 3748 47855 5556 1431 159 152 168 117
internal_value=-0.000408521 0.00333245 0.00244381 0.00410963 0.0116395 -0.00190669 0.000250477 0.00664075 -0.0144383 -0.00610955 -0.00070214 -0.00552551 -0.00367483 6.79826e-05 0.0216232 -0.000438752 -0.00349158 -0.000555989 -0.00275241 0.0143287 -0.00343063 9.53903e-05 0.000372668 -0.00919443 -0.0151111 0.0189991 -0.0228249 0.0172192
internal_weight=9741.19 707.605 688.819 627.293 212.05 74.4363 415.243 207.519 61.5255 207.724 9033.58 466.665 431.039 324.501 46.1192 8566.92 278.381 8510.79 1948.36 74.0489 1874.31 6562.43 6372.85 189.579 106.539 137.614 69.9878 56.1258
internal_count=70073 3124 3043 2772 945 329 1827 947 271 880 66949 2346 2175 1585 330 64603 1255 64334 8984 318 8666 55350 53411 1939 590 616 431 269
is_linear=0
shrinkage=0.05


Tree=193
num_leaves=31
num_cat=0
split_feature=18 0 0 15 13 32 0 5 32 13 0 1 17 13 5 8 16 31 15 31 1 28 3 15 3 16 32 6 16 28
split_gain=4.19266 7.7859 8.23433 7.14175 15.2633 9.1171 6.95549 6.5109 5.42591 4.7599 4.55777 4.38753 7.21843 9.14294 8.95816 8.72956 8.87824 7.6125 7.75876 7.66223 7.54285 8.47461 7.9856 7.3712 6.61909 6.43182 6.31426 10.1102 8.094 8.0165
threshold=9.5000000000000018 44.95000000000001 48.850000000000001 55.95000000000001 50.050000000000004 63.750000000000007 43.150000000000013 49.050000000000004 58.150000000000013 59.95000000000001 49.850000000000001 52.350000000000001 1550.0000000000002 48.45000000000001 63.350000000000001 85.65000000000002 55.750000000000007 7.5000000000000009 60.350000000000001 -12.499999999999998 47.650000000000013 5.5000000000000009 61.350000000000001 45.350000000000001 54.050000000000004 61.650000000000013 57.350000000000001 59.350000000000001 48.350000000000001 3.5000000000000004
decision_type=2 2 2 2 2 10 2 2 10 2 2 2 2 2 2 2 2 10 2 8 2 2 2 2 2 2 10 2 2 2
left_child=1 6 7 9 -5 -6 8 -3 -1 10 -4 12 14 17 20 16 -15 19 -19 -14 21 -2 -22 -16 -17 26 27 -13 -29 -28
right_child=11 2 3 4 5 -7 -8 -9 -10 -11 -12 25 13 15 23 24 -18 18 -20 -21 22 -23 -24 -25 -26 -27 29 28 -30 -31
leaf_value=0.027754979987656071 0.0044957365151073571 0.0052115240294451047 0.019613036427351946 0.02897003041955214 0.017898940093827569 -0.014393837398150087 0.05063298422837581 -0.024310270805527494 -0.0099222782119582215 0.021656838188964161 -0.0033875240908026517 -0.0072548219127364566 0.027332514725234121 -0.00099458781315151477 0.0065109352352268309 -0.0095197678827071176 -0.028424058104802405 -0.0026946537534030491 0.036592737224692855 -0.013135690485576029 0.0004316408956356807 0.026598822641646598 -0.016405129673101867 -0.013451709784050052 -0.048912222261608351 0.030164737152096163 0.0014790045987993208 0.045513589997844085 0.0064692563395610794 -0.0030834362205878559
leaf_weight=20.459955217316747 555.12764221336693 29.651976827532053 23.149318871088326 77.147136494517326 36.646877897903323 53.766424089670181 15.034395271912215 49.135063856840134 17.526802079752088 23.472855359315872 287.01468674093485 146.78322201222181 11.851946108043192 1829.1786841992289 61.179669078439474 32.059124142862856 29.904269798658788 72.718059359584004 15.051232532598076 434.559411640279 1062.0019857841544 47.100068409927189 75.299496972002089 185.1556193176657 16.263065139763057 17.988340955227613 2199.0295553915203 13.533600938506423 589.27244747756049 1711.6635476481169
leaf_count=225 6126 255 137 384 193 239 99 248 87 112 1540 1450 137 15566 318 298 284 752 130 4378 8707 639 557 950 139 109 11115 114 5748 9037
internal_value=-0.000388263 0.00354492 0.00185709 0.0042273 0.012646 -0.00124417 0.0218753 -0.0131437 0.0102593 0 -0.00164898 -0.000662272 -0.00179067 -0.0036116 0.000445685 -0.00198884 -0.00144 -0.00939519 0.00401967 -0.0120442 0.00171193 0.00623684 -0.000680052 -0.00847288 -0.0229544 0.000404573 0.000287983 0.00449213 0.00736154 -0.00051667
internal_weight=9738.73 633.005 579.984 501.197 167.56 90.4133 53.0212 78.787 37.9868 333.637 310.164 9105.72 4427.45 2441.59 1985.86 1907.41 1859.08 534.181 87.7693 446.411 1739.53 602.228 1137.3 246.335 48.3222 4678.27 4660.28 749.589 602.806 3910.69
internal_count=70073 3519 3108 2605 816 432 411 503 312 1789 1677 66554 38981 21684 17297 16287 15850 5397 882 4515 16029 6765 9264 1268 437 27573 27464 7312 5862 20152
is_linear=0
shrinkage=0.05


Tree=194
num_leaves=31
num_cat=0
split_feature=18 0 0 0 13 13 7 5 2 26 7 5 2 5 13 7 0 4 5 4 17 30 0 7 30 6 13 30 5 18
split_gain=3.781 6.93681 7.43765 6.1799 5.96384 6.26642 6.58255 5.91741 4.69571 3.54027 7.85635 4.97287 3.99695 3.94153 4.96907 5.50974 4.58929 3.79871 7.59292 6.79733 3.499 3.43106 10.5501 5.17776 4.73838 7.96755 3.93468 2.90142 2.89818 2.48172
threshold=9.5000000000000018 44.95000000000001 48.850000000000001 43.150000000000013 62.550000000000004 54.550000000000004 61.650000000000013 49.050000000000004 53.350000000000001 1.0000000180025095e-35 47.95000000000001 54.550000000000004 66.550000000000011 44.350000000000001 52.750000000000007 56.95000000000001 58.150000000000013 86.65000000000002 46.350000000000001 68.050000000000011 1850.0000000000002 541.00000000000011 45.650000000000013 49.050000000000004 537.00000000000011 64.050000000000011 41.550000000000004 475.00000000000006 56.350000000000001 16.500000000000004
decision_type=2 2 2 2 2 2 2 2 2 2 2 2 2 2 2 2 2 2 2 2 2 2 2 2 2 2 2 2 2 2
left_child=1 3 7 27 5 6 -4 20 -7 12 11 17 21 29 15 -15 -16 19 -19 -11 -3 24 -23 -24 26 -26 -2 -1 -9 -12
right_child=9 2 4 -5 -6 8 -8 28 -10 10 13 -13 -14 14 16 -17 -18 18 -20 -21 -22 22 23 -25 25 -27 -28 -29 -30 -31
leaf_value=-0.0016552630145317843 -0.0078428135379717042 -0.013074579329654175 0.0043229969983492279 0.047499913802102334 0.030250117887580863 0.0034321278487526234 0.033778334426699974 -0.034786398198328586 -0.017523258686933878 -0.013615809659628886 -0.027618677099327932 0.026263380099966621 0.026215414667564569 -0.0052256390685048925 -0.0066219465156627791 -0.0256854490522915 0.014337498122984935 0.01224565953938197 -0.042164729835586647 0.026590487799084433 0.021094293904280654 -0.041316161710961113 -0.017804608006159083 0.0074595812590875976 0.036535749880263826 -0.0042778703246185885 -0.00027926053715923943 0.026056594870239133 -0.0099879060744433954 -0.0044794087401900931
leaf_weight=22.564835282973945 175.54220908880234 13.917246086522939 354.3633499443531 15.226210515014825 20.700294017791748 49.301524084061384 20.02024095505476 25.776961084455252 57.385967884212732 18.013720124959946 40.413569504395127 25.530752532184124 13.959782119840382 96.914378495886922 64.471344327554107 50.451473940163851 43.640754278749228 12.596213055774571 12.679502800107 24.647775583900511 15.808875308372079 20.707722396589816 31.651750894263387 55.836876342073083 22.922680336982012 24.444041157141328 8352.1105928663164 15.76172513514757 23.143766306340694 17.064929265528917
leaf_count=187 1714 129 1898 99 96 253 92 138 266 194 355 144 63 632 376 306 227 110 97 239 126 216 251 349 145 170 60783 125 110 183
internal_value=-0.000369318 0.00336267 0.00176289 0.0205727 0.00401177 0.00286631 0.00592008 -0.0125085 -0.00779856 -0.000629795 -0.0051915 0.00749404 -0.000415991 -0.00899734 -0.00630279 -0.0122767 0.00179781 0.00033881 -0.0149107 0.0095044 0.00493919 -0.000459683 -0.00930555 -0.00163334 -0.000347379 0.0154035 -0.000435633 0.00964922 -0.0232009 -0.0208554
internal_weight=9737.57 633.971 580.418 53.5528 501.771 481.071 374.384 78.6468 106.687 9103.6 406.424 93.468 8697.18 312.956 255.478 147.366 108.112 67.9372 25.2757 42.6615 29.7261 8683.22 108.196 87.4886 8575.02 47.3667 8527.65 38.3266 48.9207 57.4785
internal_count=70073 3519 3108 411 2605 2509 1990 503 519 66554 2863 784 63691 2079 1541 938 603 640 207 433 255 63628 816 600 62812 315 62497 312 248 538
is_linear=0
shrinkage=0.05


Tree=195
num_leaves=23
num_cat=0
split_feature=1 33 16 12 14 8 9 5 0 0 0 7 33 2 5 2 33 0 31 7 0 1
split_gain=3.99434 3.63705 8.09001 10.6642 5.98007 5.90702 5.44043 4.33814 5.04928 4.51717 3.68357 6.67627 6.62897 7.70457 4.33648 3.49841 12.428 9.67197 7.89874 5.52425 7.29885 5.01134
threshold=65.350000000000009 31.050000000000004 49.750000000000007 72.550000000000011 41.750000000000007 13.550000000000002 51.850000000000001 39.350000000000001 51.150000000000013 41.95000000000001 36.650000000000013 53.650000000000013 40.95000000000001 49.550000000000004 48.95000000000001 59.150000000000013 55.050000000000004 64.450000000000017 -9.4999999999999982 62.250000000000007 57.350000000000001 37.650000000000013
decision_type=2 8 2 2 2 2 2 2 2 2 2 2 10 2 2 2 10 2 10 2 2 2
left_child=1 2 3 -1 5 -4 -7 8 -6 -9 11 12 14 -14 -3 19 17 -17 -18 21 -21 -12
right_child=-2 10 4 -5 7 6 -8 9 -10 -11 15 -13 13 -15 -16 16 18 -19 -20 20 -22 -23
leaf_value=0.079988505551226136 -0.024687684702273265 -0.05280185956387199 0.054391175530933658 -0.0090556192094868003 -0.037208742543089292 -0.0017455577965814401 0.054074601431610129 0.0032974538545657533 -0.00053954420361868646 -0.012670884073453448 0.021603069306943713 0.032309764805032122 0.037945171008189726 -0.013660935027882654 -0.0020971042480441297 0.0098274322828942468 -0.025004230320307977 0.047459828615855161 0.00084892684131115243 0.009046912293997721 -0.012066503848768131 -0.00050802290818581009
leaf_weight=6.2859967974945885 16.216094188392162 7.3663802854716804 5.3822481716051689 6.877816011197865 28.530523778405041 89.356180080212653 4.4856535512953988 65.042705269530416 14.388011276721953 135.62666467949748 25.599626231007278 25.049691841006279 16.161242440342907 12.770816583186386 10.20926236361265 229.90045732073486 30.632533147931099 18.460397589951754 762.40187533199787 291.59241267293692 47.341806139796972 7938.9242719849572
leaf_count=151 80 138 87 152 1285 2161 64 1891 369 2943 317 161 143 84 132 1678 142 124 3475 1500 250 53090
internal_value=2.99473e-05 7.17271e-05 -0.00488793 0.0333703 -0.00638091 0.00392656 0.000924151 -0.0106 -0.0250618 -0.00747112 0.000259802 0.011554 0.000222064 0.0150251 -0.0238101 0.00017266 0.00290453 0.0126627 -0.000146425 -0.000169392 0.00608039 -0.000436055
internal_weight=9788.6 9772.39 355.976 13.1638 342.812 99.2241 93.8418 243.588 42.9185 200.669 9416.41 71.5574 46.5077 28.9321 17.5756 9344.85 1041.4 248.361 793.034 8303.46 338.934 7964.52
internal_count=70417 70337 9103 303 8800 2312 2225 6488 1654 4834 61234 658 497 227 270 60576 5419 1802 3617 55157 1750 53407
is_linear=0
shrinkage=0.05


Tree=196
num_leaves=13
num_cat=0
split_feature=6 6 5 6 30 1 1 13 8 31 5 29
split_gain=5.04438 6.24375 6.47909 4.23207 5.20732 4.30308 3.65174 3.49708 3.42012 9.81289 5.9956 3.19233
threshold=88.350000000000009 91.750000000000014 52.750000000000007 88.100000000000009 479.00000000000006 65.350000000000009 63.550000000000004 53.650000000000013 50.050000000000004 -11.499999999999998 38.350000000000001 55.750000000000007
decision_type=2 2 2 2 2 2 2 2 2 10 2 2
left_child=3 2 7 5 -5 6 8 -2 10 -10 -1 -3
right_child=1 11 -4 4 -6 -7 -8 -9 9 -11 -12 -13
leaf_value=-0.0065234953654470075 0.023387515952280072 0.00949071138954217 0.0015074137183206885 0.0013344768344331925 -0.040465589877462224 -0.026576370815179575 0.015431384203326921 0.058844884893581029 -0.012505134948419969 -0.00054987260169717654 0.0013029247396922395 -0.017706895308559265
leaf_weight=258.17954970616847 18.113440123386685 24.480550115928054 20.697259467095137 14.928589674644174 14.332888392731546 15.136589560657738 38.166084919124842 12.277378355152903 178.31525322981179 4569.2585297273472 4605.0806015627459 19.030910773202777
leaf_count=3581 167 156 121 147 123 75 186 92 1784 30505 33358 122
internal_value=2.79352e-05 0.0115122 0.0233582 -8.37436e-05 -0.0190379 -2.56397e-05 1.57678e-05 0.0380217 -4.50896e-05 -0.00100021 0.000886284 -0.00230357
internal_weight=9788 94.5995 51.0881 9693.4 29.2615 9664.14 9649 30.3908 9610.83 4747.57 4863.26 43.5115
internal_count=70417 658 380 69759 270 69489 69414 259 69228 32289 36939 278
is_linear=0
shrinkage=0.05


Tree=197
num_leaves=31
num_cat=0
split_feature=28 7 32 3 1 2 27 5 32 27 13 7 15 7 33 17 32 31 1 2 2 8 7 2 12 31 31 13 7 13
split_gain=3.8154 10.2334 6.29835 9.84639 9.3806 7.06897 7.81718 7.05656 6.93826 6.33508 10.5298 7.02446 5.35768 5.05874 6.48348 7.70861 5.80533 5.62864 5.56594 5.10844 9.45592 4.9258 7.92607 11.1567 8.65374 8.27155 6.74212 6.73742 12.0341 7.68276
threshold=4.5000000000000009 50.150000000000013 68.850000000000009 59.250000000000007 46.250000000000007 50.050000000000004 6.5000000000000009 68.250000000000014 64.450000000000017 5.5000000000000009 51.45000000000001 45.750000000000007 45.45000000000001 43.750000000000007 25.250000000000004 2250.0000000000005 66.050000000000011 -3.4999999999999996 50.550000000000004 56.050000000000004 57.050000000000004 50.050000000000004 54.45000000000001 44.850000000000001 53.000000000000007 17.500000000000004 -5.4999999999999991 58.250000000000007 47.95000000000001 55.050000000000004
decision_type=2 2 8 2 2 2 2 2 10 2 2 2 2 2 10 2 10 10 2 2 2 2 2 2 2 10 10 2 2 2
left_child=13 2 3 5 -5 6 -2 9 -7 11 -11 -4 -6 14 16 19 17 18 -1 -16 -21 22 23 24 -15 -25 -23 29 -29 -28
right_child=1 -3 7 4 12 8 -8 -9 -10 10 -12 -13 -14 21 15 -17 -18 -19 -20 20 -22 26 -24 25 -26 -27 27 28 -30 -31
leaf_value=-0.021588532210676498 -0.025112110668675081 -0.0059642788139391981 0.029541517862079605 0.048075822300977122 -0.013736093039078549 0.002016536854053909 0.0049295660143085949 -0.019423541748913847 -0.010574172491856491 -0.014602420831985036 0.017102043241779753 0.0066695025601634199 0.014602436017115748 0.023410024717767323 -0.0036504918505200061 0.022137861834171529 0.017897917034663573 -0.03813631142081516 0.04191291439221731 0.025854805060049349 -0.0018247384452958375 -0.0055945497198175466 0.0060163254119802922 -0.00065029047521544955 0.0026109195426775901 0.02772564245362464 0.0010878960112303997 0.016615453317649354 0.00088245428339267192 -0.0057916701534188155
leaf_weight=10.814164749346672 66.578100548125803 875.5830307956785 64.867166876792908 16.577530255541205 22.65156217571348 466.54431477468461 31.653062235563993 21.231653615832329 142.73391231894493 52.236300684511662 52.271734360605478 71.07736448943615 61.275724400766194 91.054076756350696 978.73086367314681 32.984090114012361 8.7442729249596578 31.597045256756246 4.9389759073965243 43.554790213704109 104.23967619054019 511.17969941906631 1046.863570054993 2091.6032339022495 112.22344139078632 25.897305115126073 1604.8452869262546 169.70695483591408 430.35787750128657 542.82006437517703
leaf_count=340 893 6350 339 192 193 5021 370 93 879 272 250 350 486 799 8882 251 48 843 129 237 534 3680 6080 14889 1193 221 9924 1099 2452 3128
internal_value=2.63773e-05 -0.00195515 0.00132202 -0.000855993 0.0137717 -0.00294265 -0.0153858 0.00806403 -0.0009261 0.010519 0.00120858 0.0176335 0.00688726 0.000518561 -0.00244504 -0.00163634 -0.0190399 -0.02599 -0.00122516 -0.00233877 0.00631054 0.001063 0.00240417 0.000772451 0.011959 -0.000299595 -0.000321417 0.00065793 0.00534233 -0.000648767
internal_weight=9787.44 1945.28 1069.7 808.014 100.505 707.509 98.2312 261.684 609.278 240.453 104.508 135.945 83.9273 7842.16 1215.6 1159.51 56.0945 47.3502 15.7531 1126.53 147.794 6626.55 3367.64 2320.78 203.278 2117.5 3258.91 2747.73 600.065 2147.67
internal_count=70417 15688 9338 8034 871 7163 1263 1304 5900 1211 522 689 679 54729 11264 9904 1360 1312 469 9653 771 43465 23182 17102 1992 15110 20283 16603 3551 13052
is_linear=0
shrinkage=0.05


Tree=198
num_leaves=31
num_cat=0
split_feature=28 7 4 2 14 31 5 13 7 14 14 7 4 4 30 32 30 17 2 13 31 2 32 8 8 30 1 7 18 14
split_gain=3.44896 9.26084 6.77871 7.74699 5.84264 8.62285 6.40089 7.93817 6.17359 5.67236 5.35511 5.03688 4.8864 8.20525 11.1731 11.8834 8.62654 7.01369 5.54724 4.82136 6.14403 11.3997 13.4631 18.6455 8.54609 8.65066 6.08603 13.6891 10.3118 9.48868
threshold=4.5000000000000009 50.150000000000013 91.750000000000014 55.550000000000004 30.100000000000005 11.500000000000002 46.750000000000007 52.95000000000001 38.050000000000004 37.850000000000001 33.250000000000007 44.95000000000001 43.95000000000001 58.050000000000004 449.00000000000006 73.250000000000014 469.00000000000006 2675.0000000000005 55.850000000000001 52.550000000000004 11.500000000000002 53.45000000000001 64.550000000000011 51.45000000000001 66.850000000000009 475.00000000000006 50.45000000000001 42.250000000000007 8.5000000000000018 42.250000000000007
decision_type=2 2 2 2 2 10 2 2 2 2 2 2 2 2 2 10 2 2 2 2 10 2 10 2 2 2 2 2 2 2
left_child=19 2 4 9 5 11 8 -8 -6 -4 -5 -2 -3 14 -14 -16 18 -18 -15 20 26 24 23 -23 25 -22 27 -1 -28 -29
right_child=1 12 3 10 6 -7 7 -9 -10 -11 -12 -13 13 16 15 -17 17 -19 -20 -21 21 22 -24 -25 -26 -27 28 29 -30 -31
leaf_value=-0.0095674920842498887 -0.010981555051925392 -0.017014477459546259 0.051272338375762998 -0.019325078504198581 0.031767772947892611 -0.044238235182915121 0.0025440959455750745 0.019263622397645515 -0.0056212978389995304 0.012377247905849501 0.010697717277979907 0.0017632779045138186 0.048493718296457947 -0.024928085755404093 -0.0032485176332396754 0.045884076667660388 -0.0052761328453807717 0.0158569273978128 -0.0071969165139369384 -0.0007751879854209975 -0.024026074142235492 0.074630295066124216 0.0046089803641068136 0.010290571645608624 0.025351510878518637 0.0061226077880492408 0.02288051859058203 0.013166243249680149 -0.0011824916576905836 0.0030624949669265256
leaf_weight=182.9127064216882 138.43206996191293 85.980140454135835 18.11306144669652 19.175060413777828 11.479907071217893 13.740875999443231 290.30174438562244 94.308131443336606 225.46026676986367 20.379566803574562 63.888458404690027 174.7582634948194 13.964629147201775 90.783217968419194 122.76806734874845 13.568242661654947 414.94957057200372 43.17634255439043 87.904274683445692 3831.4760848297738 42.144967311061919 22.615427186712623 48.93353258818388 22.811068395152688 25.699291271157563 53.996365656144917 45.436770783737302 283.23513292148709 1975.7268352182582 1307.3405147646554
leaf_count=2343 1450 802 101 102 170 169 2204 628 2538 125 345 1506 127 721 949 62 2883 225 581 26195 424 163 228 154 206 467 223 2596 11710 10020
internal_value=2.45781e-05 -0.00186062 0.00125353 0.0123656 -0.000166449 -0.00558133 0.00267414 0.00666074 -0.00377604 0.0308947 0.00369198 -0.00385576 -0.00568267 -0.00443649 0.0060509 0.00163458 -0.00692014 -0.0032705 -0.0162422 0.000492339 0.00170441 0.00990428 0.0229411 0.0425253 -0.000161709 -0.00705279 0.00123566 0.00337368 -0.000637964 0.00486554
internal_weight=9785.46 1943.13 1070.04 121.556 948.481 326.931 621.55 384.61 236.94 38.4926 83.0635 313.19 873.094 787.114 150.301 136.336 636.813 458.126 178.687 7842.33 4010.85 216.201 94.36 45.4265 121.841 96.1413 3794.65 1773.49 2021.16 1590.58
internal_count=70417 15688 9338 673 8665 3125 5540 2832 2708 226 447 2956 6350 5548 1138 1011 4410 3108 1302 54729 28534 1642 545 317 1097 891 26892 14959 11933 12616
is_linear=0
shrinkage=0.05


Tree=199
num_leaves=24
num_cat=0
split_feature=6 3 7 18 4 7 6 30 2 33 31 4 4 33 7 8 0 0 14 30 14 7 33
split_gain=4.57092 5.99513 5.74747 5.74234 8.10833 4.71351 3.83159 4.83605 3.8879 10.9491 7.93393 7.81479 7.15282 6.53294 6.00781 5.86912 5.47245 6.59134 5.45782 5.2638 5.10955 4.68173 3.89592
threshold=88.350000000000009 53.750000000000007 48.45000000000001 12.500000000000002 81.65000000000002 48.850000000000001 88.100000000000009 479.00000000000006 59.150000000000013 55.050000000000004 9.5000000000000018 57.750000000000007 63.050000000000004 46.650000000000013 62.250000000000007 50.050000000000004 57.350000000000001 56.050000000000004 38.550000000000004 541.00000000000011 49.550000000000004 64.250000000000014 26.850000000000005
decision_type=2 2 2 2 2 2 2 2 2 10 10 2 2 10 2 2 2 2 2 2 2 2 8
left_child=6 3 -3 -2 5 -5 8 -8 14 10 18 15 -13 -12 19 -11 17 -16 -10 22 -21 -18 -1
right_child=1 2 -4 4 -6 -7 7 -9 9 11 13 12 -14 -15 16 -17 21 -19 -20 20 -22 -23 -24
leaf_value=-0.0078442099389387544 0.028097623300160909 0.0064059781832244188 0.049784517108515253 -0.0010073994490469517 0.020697060757374763 -0.040528750500451738 0.0013114347516788643 -0.039167764259082249 0.021383259411706219 -0.026574911536479458 0.058160626134090315 0.020898341762435761 0.00040260505982869695 0.011348812739768578 0.0065852395164515704 -0.0017878234338093862 -0.026498408152688738 0.037299051990746825 0.003863579059415877 0.0026753668716117725 -0.021502305299523267 0.0044972849133380326 -0.00035362122452206829
leaf_weight=177.43764643324539 15.870194742456077 15.184126287698748 15.966759100556372 14.626347344368698 17.281990248709917 16.10242501180619 14.929056682623925 14.047117045149205 60.700600484386086 45.059795521199703 15.691649409011008 45.54894782602787 640.30695798993111 14.825020682066677 286.90594897419214 51.708460509777069 22.100258719176054 18.610734239220619 169.47388446517289 34.329903226345778 58.334099318832159 26.459888484328985 7993.0486952075735
leaf_count=5361 99 111 96 140 97 115 147 123 457 213 133 211 2907 94 1532 239 123 105 1294 250 464 143 55963
internal_value=2.27989e-05 0.0109297 0.0288883 0.00206282 -0.0064797 -0.0219438 -8.37688e-05 -0.0182074 -2.87027e-05 0.00285331 0.0117263 -9.69991e-05 0.0017739 0.0356941 -0.000378246 -0.013397 0.00599721 0.00848414 0.00851278 -0.00065211 -0.0124979 -0.00953191 -0.000517
internal_weight=9784.55 95.0318 31.1509 63.881 48.0108 30.7288 9689.52 28.9762 9660.54 1043.32 260.691 782.624 685.856 30.5167 8617.23 96.7683 354.077 305.517 230.174 8263.15 92.664 48.5601 8170.49
internal_count=70417 658 207 451 352 255 69759 270 69489 5548 1978 3570 3118 227 63941 452 1903 1637 1751 62038 714 266 61324
is_linear=0
shrinkage=0.05


Tree=200
num_leaves=28
num_cat=0
split_feature=30 5 12 2 30 15 3 17 1 1 17 15 33 5 3 13 4 13 33 13 1 15 5 12 5 18 3
split_gain=7.139 5.39975 8.5304 8.07046 6.94177 7.40506 10.6726 6.87266 6.57872 5.50574 5.46313 9.0217 6.71989 4.40263 12.1103 10.0426 9.7145 9.36623 6.25025 15.2954 8.47304 5.72776 3.74873 7.44102 5.10523 1.84998 1.63014
threshold=389.00000000000006 41.95000000000001 81.950000000000017 43.850000000000001 513.00000000000011 52.550000000000004 51.45000000000001 2885.0000000000005 43.850000000000001 56.050000000000004 2250.0000000000005 51.750000000000007 73.850000000000009 43.350000000000001 62.150000000000013 50.550000000000004 89.950000000000017 51.150000000000013 25.650000000000002 49.850000000000001 43.850000000000001 50.050000000000004 44.850000000000001 99.15000000000002 45.750000000000007 15.500000000000002 51.350000000000001
decision_type=2 2 2 2 2 2 2 2 2 2 2 2 8 2 2 2 2 2 10 2 2 2 2 2 2 2 2
left_child=25 2 3 8 10 6 -6 9 -2 -5 12 -12 -4 14 15 16 -3 -17 19 21 -21 -15 23 -20 -24 -1 -10
right_child=1 13 4 7 5 -7 -8 -9 26 -11 11 -13 -14 18 -16 17 -18 -19 22 20 -22 -23 24 -25 -26 -27 -28
leaf_value=-0.012823432879716518 0.02366704873553337 -0.0060019153520690111 -0.0021318711643905342 -0.0080620227477891868 0.063561005623523278 -0.0025652334562832053 0.00076640283653902827 0.020385035333013599 -0.044357186731094012 0.0041147065431277668 -0.0010565616675983229 0.055848145500429131 0.040357778635227243 0.0046209486676246246 -0.036283777993925355 0.051690587857924124 0.036773638834312609 0.011726317373089684 -0.0080535103140117158 -0.013000059433503916 0.017798573251151022 -0.015181694357879647 0.0068253748685677962 0.00629896985267987 0.00019945585288261107 -0.046976047088337289 -0.022787056190726108
leaf_weight=7.8660003002733019 5.4343973016366354 140.59529351722449 412.58040210558102 533.57857727725059 15.94052439928055 20.258311548270285 11.98975821956992 25.598528679460287 20.241847334429622 111.72661722823977 17.392461370676759 11.330917390063403 9.4133847802877408 67.733895889483392 16.140036141499877 15.814997731707988 14.542821153998373 204.40618894482031 335.10936090303585 24.684268506243825 212.81941118836403 78.321281406097114 303.36039873119444 123.14148916956037 6982.0978716472164 9.3455869383178634 18.599727673921734
leaf_count=110 171 1432 4505 6795 156 171 130 176 358 833 174 94 58 725 133 145 86 1831 2863 503 1894 832 2451 999 42089 197 288
internal_value=0.000256434 0.000314 -0.0028046 -0.00630658 0.00220572 0.0202241 0.0368822 -0.00493072 -0.0269839 -0.00594571 0.000264123 0.0213339 -0.00116288 0.000759073 0.00593857 0.00777658 -0.00193877 0.0146412 0.000508886 0.00673868 0.0145724 -0.00596702 0.000199586 -0.00418526 0.00047613 -0.0318208 -0.0342415
internal_weight=9750.06 9732.85 1214.09 715.18 498.906 48.1886 27.9303 670.904 44.276 645.305 450.717 28.7234 421.994 8518.77 391.499 375.359 155.138 220.221 8127.27 383.559 237.504 146.055 7743.71 458.251 7285.46 17.2116 38.8416
internal_count=70199 69892 13909 8621 5288 457 286 7804 817 7628 4831 268 4563 55983 3627 3494 1518 1976 52356 3954 2397 1557 48402 3862 44540 307 646
is_linear=0
shrinkage=0.05


Tree=201
num_leaves=27
num_cat=0
split_feature=30 5 2 17 15 7 33 2 32 33 15 9 7 5 13 8 12 4 5 33 13 13 3 4 4 18
split_gain=6.61926 4.8849 7.80677 9.0927 9.64455 8.61981 7.25317 6.43388 4.87736 13.5672 12.8579 6.7539 6.35712 6.18902 13.0696 5.71827 5.37229 5.26058 5.09416 3.88186 4.26384 5.54837 2.89886 2.26305 2.1778 1.79698
threshold=389.00000000000006 41.95000000000001 43.850000000000001 2550.0000000000005 47.550000000000004 46.550000000000004 74.950000000000017 53.550000000000004 70.450000000000017 25.650000000000002 48.050000000000004 50.250000000000007 35.350000000000001 43.350000000000001 50.550000000000004 70.450000000000017 75.350000000000009 39.150000000000013 76.15000000000002 66.450000000000017 52.45000000000001 45.95000000000001 51.45000000000001 71.65000000000002 79.15000000000002 15.500000000000002
decision_type=2 2 2 2 2 2 8 2 10 10 2 2 2 2 2 2 2 2 2 10 2 2 2 2 2 2
left_child=25 2 19 6 23 -6 7 -4 12 10 -10 17 16 14 -14 -15 24 -11 -13 20 21 -2 -22 -5 -3 -1
right_child=1 8 3 4 5 -7 -8 -9 9 11 -12 18 13 15 -16 -17 -18 -19 -20 -21 22 -23 -24 -25 -26 -27
leaf_value=-0.012307292213322647 -0.052684680002748147 -0.042953505226735744 -0.0067103132581056955 -0.022057737497115273 0.054220410066738091 0.0090994566337119324 0.023902474918571004 0.0012548407474181837 0.047931145447893939 0.022430723590907573 0.0030122091483861481 -0.0043103339076450507 -0.0030872626957913546 0.0019448515630310634 0.016851232052565415 -0.002053303732347181 0.0075551016817393601 0.00013070000220519992 -0.026691919215068735 0.011390639394242303 -0.046095547395788999 0.0098926714060455778 -0.018361458684108854 0.0065836325424567304 -0.011818134722893942 -0.046327752514289056
leaf_weight=7.7922062063589719 4.4913684730418053 16.386174703948203 621.71334987413138 13.452598608098926 20.177202579565346 22.91108525544405 24.643977858126163 426.45341841131449 26.479234356433153 26.976838119328022 40.45497290790081 1006.1237065084279 144.63125287368894 4763.1328782700002 189.09015041682869 1099.8050302183256 12.659358132630585 1159.741923943162 26.089791297912598 8.8218605518341047 20.87746512144804 15.195650462061165 18.981412282213569 13.593461869284509 9.4493072517216188 9.0124334907159191
leaf_count=110 104 253 8307 126 144 164 141 3661 116 124 177 4487 1479 34576 1824 7367 160 5202 117 40 448 334 349 91 101 197
internal_value=0.000243042 0.000297846 -0.00267218 -0.00168482 0.0157336 0.0304209 -0.00282956 -0.00346506 0.000720665 -0.0012538 0.0209018 -0.00192529 0.00144533 0.00157205 0.00819679 0.00119398 -0.0187744 0.000643691 -0.00488342 -0.0190788 -0.0236883 -0.00432505 -0.0330923 -0.00750705 -0.031848 -0.0310146
internal_weight=9749.14 9732.33 1211.31 1142.95 70.1343 43.0883 1072.81 1048.17 8521.02 2285.87 66.9342 2218.93 6235.15 6196.66 333.721 5862.94 38.4948 1186.72 1032.21 68.3678 59.5459 19.687 39.8589 27.0461 25.8355 16.8046
internal_count=70199 69892 13909 12634 525 308 12109 11968 55983 10223 293 9930 45760 45246 3303 41943 514 5326 4604 1275 1235 438 797 217 354 307
is_linear=0
shrinkage=0.05


Tree=202
num_leaves=31
num_cat=0
split_feature=5 12 2 27 31 13 9 19 5 5 14 6 8 18 31 31 33 5 6 8 9 13 19 33 14 28 8 32 14 8
split_gain=4.46999 7.72365 7.01611 6.65344 7.64606 5.98347 6.99069 5.69207 7.84617 12.0032 6.48068 5.82312 7.8221 5.1849 7.84296 5.10009 9.99776 6.77115 5.19442 7.06817 11.251 5.24862 6.83765 5.05772 5.01605 4.85742 10.7198 12.1024 10.2181 7.53099
threshold=41.95000000000001 81.65000000000002 43.850000000000001 6.5000000000000009 -5.4999999999999991 50.95000000000001 48.250000000000007 1.0000000180025095e-35 36.550000000000004 32.850000000000001 31.050000000000004 68.850000000000009 33.050000000000004 15.500000000000002 -6.4999999999999991 13.500000000000002 57.45000000000001 62.750000000000007 65.950000000000017 50.650000000000013 49.850000000000001 55.050000000000004 1.0000000180025095e-35 46.250000000000007 60.050000000000004 3.5000000000000004 21.250000000000004 40.850000000000001 44.750000000000007 13.550000000000002
decision_type=2 2 2 2 10 2 2 2 2 2 2 2 2 2 10 10 8 2 2 2 2 2 2 10 2 2 2 10 2 2
left_child=1 2 3 4 -1 6 -3 8 9 -4 -10 12 -9 23 -15 25 18 -18 19 20 -17 22 -20 -8 -13 29 27 28 -27 -2
right_child=15 5 7 -5 -6 -7 13 11 10 -11 -12 24 -14 14 -16 16 17 -19 21 -21 -22 -23 -24 -25 -26 26 -28 -29 -30 -31
leaf_value=0.03019002518080581 -0.019960711221323497 0.049451876471714735 -0.015268145636453729 -0.057106740684356776 -0.027275547724160177 -0.0028169593973687889 0.0031511873544049483 -0.044297314122584863 0.011988938519774934 0.02510089471540888 -0.0087722603325960432 -0.0039270697377734752 -0.011218583382296842 0.038889121012537567 -0.0083561064020540223 0.061686723409931178 -0.0088797359313443746 -0.034238581774431891 0.01808466544571085 -0.0043811519837680711 0.0042075298488906312 -0.031318433500113388 -0.017020384579046397 0.023073730595409674 0.031251199885383829 0.09072075116323941 -0.0013037343239551994 0.0070656540925226052 0.012579323290815665 0.0020157680830411875
leaf_weight=7.5388331259600845 39.155225346796215 9.7320341011509282 26.158016019966453 12.027108599431811 23.221640853211284 275.44735308503732 67.914436912164092 19.814708188176155 46.581284032203257 60.770749599672854 190.18276949506253 122.37728839041665 189.52256288006902 9.7704964075237495 78.63342808233574 14.925787981599568 99.671828992664814 36.179643504321575 29.190317757427692 28.689858886413276 20.151461185887456 15.565223724581299 26.207920970395207 61.104023665189743 10.937846683897076 8.3470013383775967 3119.6771574290469 154.23504769988358 8.7008724305778724 4937.8784070671536
leaf_count=156 352 116 363 215 448 2656 1011 288 453 753 2043 1491 2310 156 1054 148 500 161 286 250 181 149 244 362 152 115 20342 1131 129 32184
internal_value=0.000230348 -0.00261058 -0.00597277 -0.0256026 -0.0129776 0.0021235 0.00813491 -0.00470113 3.84447e-05 0.0128923 -0.00466323 -0.00919175 -0.0143932 0.00624065 -0.00303998 0.000634124 -0.00611721 -0.0156902 0.00350285 0.013872 0.0289136 -0.00575085 0.00138625 0.0126359 -0.000982129 0.000855748 -0.00063349 0.0115385 0.0514365 0.00184147
internal_weight=9750.31 1211.73 709.133 42.7876 30.7605 502.602 227.154 666.345 323.693 86.9288 236.764 342.652 209.337 217.422 88.4039 8538.58 270.582 135.851 134.731 63.7671 35.0772 70.9635 55.3982 129.018 133.315 8267.99 3290.96 171.283 17.0479 4977.03
internal_count=70199 14027 8672 819 604 5355 2699 7853 3612 1116 2496 4241 2598 2583 1210 56172 1919 661 1258 579 329 679 530 1373 1643 54253 21717 1375 244 32536
is_linear=0
shrinkage=0.05


Tree=203
num_leaves=29
num_cat=0
split_feature=30 8 8 30 30 27 4 1 29 4 3 6 1 2 32 32 17 2 1 31 2 2 14 32 27 14 3 18
split_gain=6.12696 3.84227 6.44253 10.2479 7.79667 9.93327 7.61698 6.2883 5.9543 5.66335 5.45198 5.17123 8.96705 11.6409 7.48322 8.59114 7.34787 7.20243 5.44127 5.86893 4.84822 7.09843 4.09234 4.01073 3.82149 2.84341 2.53444 1.74176
threshold=389.00000000000006 22.750000000000004 16.450000000000003 423.00000000000006 447.00000000000006 4.5000000000000009 65.350000000000009 42.750000000000007 55.750000000000007 50.850000000000001 60.750000000000007 47.050000000000004 43.650000000000013 51.45000000000001 67.950000000000017 66.250000000000014 1250.0000000000002 54.650000000000013 38.850000000000001 9.5000000000000018 45.750000000000007 44.95000000000001 28.500000000000004 31.250000000000004 6.5000000000000009 42.45000000000001 54.750000000000007 15.500000000000002
decision_type=2 2 2 2 2 2 2 2 2 2 2 2 2 2 8 10 2 2 2 10 2 2 2 10 2 2 2 2
left_child=27 2 4 -4 8 9 -7 24 26 -6 -9 12 13 16 15 -14 -3 -15 19 25 21 -20 -16 -22 -5 -13 -2 -1
right_child=1 11 3 7 5 6 -8 10 -10 -11 -12 18 14 17 22 -17 -18 -19 20 -21 23 -23 -24 -25 -26 -27 -28 -29
leaf_value=-0.011818399182624725 -0.02266247722077179 0.070701839976881328 0.048986602214785679 -0.026797427421451865 0.010066246509225982 0.027313269184063356 -0.001914324574214794 0.0067710609014862283 -0.058746210412273181 -0.02142165173752655 0.032444265295433976 -0.042832514540471003 0.0044265939999273956 -0.023493526105363247 0.012298438368973694 0.033237189181798001 0.014258338689101886 0.025534178076924416 -0.0014431830224466678 0.03105960888093693 0.01235186263957137 -0.013225531598763482 -0.010225068508404291 0.00012049965948027235 0.011519196693095913 -0.014468419015523188 0.0085476458859592916 -0.045678972186338658
leaf_weight=7.7207563905976739 18.691224654205147 15.403074953705074 14.76442425791174 21.221456122584645 19.784922854043543 45.170353003777564 43.305249552242458 292.16024962626398 9.0436525261029583 49.213718064129353 22.318172018043697 12.516148791182784 209.3685453850776 13.693657809868457 23.993358463048935 29.557965073734522 9.6765072201378626 16.236027700826526 609.8934923382476 5.624760676175355 67.513758493121713 162.09275283198804 119.31463812664151 7851.4105266737752 9.0848135091364366 33.530134278349578 9.5976650379598123 8.6859910720959288
leaf_count=110 250 138 185 328 222 436 356 2307 102 443 157 249 1720 121 110 145 146 125 5859 111 883 1443 544 52588 131 691 102 197
internal_value=0.000218002 0.000270121 0.00431217 0.00828266 -0.00299088 0.0018542 0.0129651 0.00651144 -0.0235121 -0.0123188 0.00861869 2.54382e-05 0.00533179 0.0241984 0.0025979 0.00802413 0.0492658 0.00293261 -0.000239435 -0.016402 -0.000142579 -0.00392497 -0.00641326 0.000225566 -0.0151468 -0.0223627 -0.0119048 -0.0302158
internal_weight=9750.59 9734.18 554.356 359.549 194.807 157.474 88.4756 344.785 37.3325 68.9986 314.478 9179.83 437.244 55.0093 382.235 238.927 25.0796 29.9297 8742.58 51.671 8690.91 771.986 143.308 7918.92 30.3063 46.0463 28.2889 16.4067
internal_count=70199 69892 5019 3108 1911 1457 792 2923 454 665 2464 64873 3049 530 2519 1865 284 246 61824 1051 60773 7302 654 53471 459 940 352 307
is_linear=0
shrinkage=0.05


Tree=204
num_leaves=31
num_cat=0
split_feature=30 5 12 2 15 9 33 27 19 5 15 4 30 28 8 33 0 13 33 15 8 2 15 13 3 30 8 30 5 13
split_gain=5.67649 4.01142 7.02834 6.53123 6.39406 6.90722 6.84946 6.38368 5.82329 6.69311 5.94865 4.95208 4.17116 4.10479 10.7893 7.41573 11.2426 7.38927 6.75817 6.16436 5.38603 8.68456 4.81538 9.71775 7.12299 3.2956 2.90401 2.08066 1.56006 1.15363
threshold=389.00000000000006 41.95000000000001 81.950000000000017 43.850000000000001 43.95000000000001 48.250000000000007 49.650000000000013 6.5000000000000009 1.0000000180025095e-35 38.150000000000013 50.550000000000004 83.65000000000002 441.00000000000006 3.5000000000000004 21.250000000000004 26.850000000000005 50.750000000000007 41.250000000000007 75.550000000000011 47.550000000000004 13.550000000000002 45.150000000000013 63.45000000000001 60.45000000000001 65.750000000000014 489.00000000000006 46.550000000000004 469.00000000000006 52.850000000000001 50.150000000000013
decision_type=2 2 2 2 2 2 8 2 2 2 2 2 2 2 2 8 2 2 10 2 2 2 2 2 2 2 2 2 2 2
left_child=28 2 3 7 11 -6 -7 26 9 -5 -10 12 -4 20 15 16 -15 25 -19 -17 21 -3 24 -24 -22 -16 -2 -23 29 -1
right_child=1 13 4 8 5 6 -8 -9 10 -11 -12 -13 -14 14 17 19 -18 18 -20 -21 22 27 23 -25 -26 -27 -28 -29 -30 -31
leaf_value=-0.017794258933253426 -0.038289657181291584 0.021325005524437564 -0.023555480492401387 0.0089071580608917952 0.032725392403330889 -0.009077195699694068 0.003988828944402556 -0.056484763820685006 -0.016418375203140757 -0.0056570356667101085 -0.0030683487761864626 0.040627777578286728 0.014531135752589509 0.082221886478089534 -0.047031691212688964 -0.0068536351608718118 0.0010759167314319355 -0.0008284940813333123 -0.016967980032783322 0.014169673596572016 0.0012646888124437199 -0.043774596607206659 0.0080230220359617833 -0.011671676787840073 -0.023766284142504077 -0.0085543701496937682 -0.0030177968739720415 -0.016124571781386737 -0.0058739369169416014 -0.053989806620133897
leaf_weight=4.2755495719611663 7.9720967574976411 10.731692238710819 8.285654707811771 134.19748036656529 15.23115863651037 171.89287462411448 240.04974972456694 11.501783521380274 150.78261006111279 190.99084700085223 189.3675633831881 15.788001645356415 47.66711862757802 8.6475166622549313 12.388656364753844 49.527530653402209 8.5894746128469688 3151.5113253844902 66.171859927475452 115.31211696378887 4413.4671198748983 15.31899651233107 554.04701831750572 70.335969256237149 28.488069469109178 10.801262227818368 22.498235085047781 13.87231091223657 5.278324080631136 6.4805314773693681
leaf_count=97 180 102 116 1652 168 2915 1434 214 2129 1967 2056 121 534 140 143 365 120 20679 292 827 29303 155 3102 385 170 93 423 107 54 156
internal_value=0.00020656 0.000256177 -0.00244171 -0.00564877 0.00209513 -0.000214332 -0.00145203 -0.0247812 -0.00443076 0.00033878 -0.00900396 0.0158973 0.00876999 0.00063833 -0.000700369 0.0111365 0.0423134 -0.00136725 -0.00116247 0.00782239 0.00153669 -0.0167222 0.00168189 0.00579492 0.0011025 -0.0294383 -0.0125048 -0.0309053 -0.0294237 -0.0403591
internal_weight=9751.47 9735.44 1206.23 707.311 498.915 427.174 411.943 41.9721 665.339 325.188 340.15 71.7408 55.9528 8529.21 3422.95 182.077 17.237 3240.87 3217.68 164.84 5106.26 39.923 5066.34 624.383 4441.96 23.1899 30.4703 29.1913 16.0344 10.7561
internal_count=70199 69892 13909 8621 5288 4517 4349 817 7804 3619 4185 771 650 55983 22659 1452 260 21207 20971 1192 33324 364 32960 3487 29473 236 603 262 307 253
is_linear=0
shrinkage=0.05


Tree=205
num_leaves=31
num_cat=0
split_feature=8 4 4 9 31 2 9 2 31 11 29 30 32 30 31 13 6 3 32 3 1 8 2 18 6 15 30 8 4 18
split_gain=6.64362 7.7358 7.68601 8.7214 6.84621 9.032 6.89709 6.73087 6.49881 9.95642 6.18112 8.17253 5.86727 8.45318 7.85479 5.55783 7.06948 9.47012 6.437 6.40466 6.34315 5.85096 5.62354 5.23789 6.25278 5.0517 6.37204 5.01704 7.13014 9.68611
threshold=50.350000000000001 79.750000000000014 70.050000000000011 75.950000000000017 8.5000000000000018 61.850000000000001 49.750000000000007 61.250000000000007 -12.499999999999998 48.45000000000001 56.750000000000007 437.00000000000006 47.550000000000004 447.00000000000006 -8.4999999999999982 48.95000000000001 52.550000000000004 52.250000000000007 46.650000000000013 43.350000000000001 51.550000000000004 36.350000000000001 56.350000000000001 15.500000000000002 63.95000000000001 58.150000000000013 481.00000000000006 50.95000000000001 88.65000000000002 14.500000000000002
decision_type=2 2 2 2 10 2 2 2 10 2 2 2 10 2 8 2 2 2 8 2 2 2 2 2 2 2 2 2 2 2
left_child=1 2 3 4 5 -1 -6 12 9 -2 11 -11 13 -4 -14 16 17 21 23 22 -21 -3 -20 24 -17 26 -12 28 29 -10
right_child=8 15 7 -5 6 -7 -8 -9 27 10 25 -13 14 -15 -16 18 -18 -19 19 20 -22 -23 -24 -25 -26 -27 -28 -29 -30 -31
leaf_value=0.00053614104411210282 0.0340216981180868 0.045241689935198628 0.069495054242130747 0.039367454080740764 0.018998278360796698 -0.020430400431302394 0.0023693292136757883 0.038345965718042975 0.016810571418588476 0.0080258382262270878 -0.038621571343350744 -0.035616831768869421 0.030862390840433102 0.012068107699595544 0.0033143061016189784 0.016645797934395877 -0.010824932641503499 -0.018025355843589875 -0.012502689181012723 -0.0038489025589572689 0.0050843331153626664 0.0024317618932897201 0.00513807588072641 -0.040306586872301264 -0.025225232921513352 0.026919431473929681 0.006473934642796858 -0.0013902555599905227 -0.046568869176756379 -0.026917083044880497
leaf_weight=2644.9398696338758 9.9882077379152161 17.511206046678126 8.5486923176795226 14.707045678049324 98.805004542693496 52.279582716524601 171.09447344159707 17.462788008153439 23.56908498890698 13.081204804591833 13.515564449131491 54.637767100706697 27.642204144969583 26.212781499139965 400.7248760368675 15.870867939665912 294.77149108517915 19.79676366969943 156.81443795096129 297.74833753146231 594.6114107221365 15.092193292453883 62.906652549281716 17.152324882335961 19.906993762589991 10.627419855445622 18.044405213557184 4610.6475674933754 14.246269978582857 26.991548981983215
leaf_count=21876 112 132 114 89 918 296 1446 93 165 213 156 643 176 353 2393 208 2264 133 1002 2002 3158 102 331 386 298 74 173 30830 72 213
internal_value=-0.000553674 0.000725735 0.00202952 0.0010817 0.00088892 0.000127155 0.00848017 0.00789841 -0.00188194 -0.0133772 -0.0177572 -0.0271133 0.00673152 0.0264931 0.00511042 -0.00225614 -0.00780918 0.0090487 -0.000596521 0.000210579 0.00209793 0.0256458 -0.00742931 -0.0176167 -0.00651748 -0.00259209 -0.0127413 -0.00158581 -0.0153978 -0.00644158
internal_weight=9769.95 4974.6 3462.42 2981.83 2967.12 2697.22 269.899 480.591 4795.35 119.895 109.906 67.719 463.129 34.7615 428.367 1512.18 347.172 52.4002 1165.01 1112.08 892.36 32.6034 219.721 52.9302 35.7779 42.1874 31.56 4675.45 64.8069 50.5606
internal_count=70421 37770 27754 24625 24536 22172 2364 3129 32651 1371 1259 856 3036 467 2569 10016 2631 367 7385 6493 5160 234 1333 892 506 403 329 31280 450 378
is_linear=0
shrinkage=0.05


Tree=206
num_leaves=30
num_cat=0
split_feature=8 33 9 1 33 17 5 9 1 17 14 6 8 9 33 18 31 0 31 5 1 33 8 14 9 29 12 9 6
split_gain=6.00052 8.20521 8.76349 6.50635 7.8402 9.71009 10.0202 7.51154 6.57387 5.92178 5.85107 5.36897 7.00733 5.23452 8.56931 4.53858 5.44813 5.21391 4.66985 4.51595 8.62185 6.924 4.2302 3.91943 3.85524 4.15221 9.94958 2.86066 2.18798
threshold=50.350000000000001 28.850000000000005 51.750000000000007 42.550000000000004 29.550000000000004 2940.0000000000005 46.050000000000004 48.850000000000001 56.650000000000013 2050.0000000000005 40.550000000000004 78.450000000000017 84.450000000000017 75.65000000000002 50.650000000000013 10.500000000000002 -7.4999999999999991 60.050000000000004 24.500000000000004 49.150000000000013 52.050000000000004 35.850000000000001 48.850000000000001 25.850000000000005 48.550000000000004 52.500000000000007 88.65000000000002 50.45000000000001 64.050000000000011
decision_type=2 8 2 2 10 2 2 2 2 2 2 2 2 2 10 2 8 2 10 2 2 8 2 2 2 2 2 2 2
left_child=13 2 24 7 5 6 -5 -3 9 -6 -10 12 -9 15 -15 16 27 22 19 20 -17 -21 -18 -7 -2 26 -26 -1 -27
right_child=1 3 -4 4 8 23 -8 11 10 -11 -12 -13 -14 14 -16 18 17 -19 -20 21 -22 -23 -24 -25 25 28 -28 -29 -30
leaf_value=0.032469035780295495 0.02681919422216273 0.05239009277953946 0.057613566927113162 -0.0022814260050375251 -0.0028548493520952939 -0.024479857088620105 0.025463274034047391 -0.0033887864443402221 0.0063471655794188706 -0.011128624848826492 -0.0013412407288183419 0.041602404716264314 0.033665273377972753 0.046412551736705783 -0.0035161357300422256 -0.0052618390816779057 -0.0022449587551205234 0.024555469481904405 0.026812373908772332 0.012035935052725362 0.0021235219675570481 0.0005371249865319547 0.0064330144961429418 0.00053801850586449951 -0.031699504153483202 -0.018385671412137868 0.081571260602150766 0.0085755773078724281 -0.038351246450466753
leaf_weight=24.527684587985277 3.6384117426350704 9.6291194474324566 3.4953974094241849 50.953014205209911 2952.317710866686 22.629360966384411 88.387113355100155 78.587230638600886 347.06432392820716 233.8671164624393 859.75933450832963 9.6714477287605387 15.102288839407263 16.211876526474953 17.775603897869587 955.22765834908932 282.0475915260613 26.961639219895005 16.040855191648006 138.08436472155154 672.73078366275877 2520.4877231009305 278.42893305141479 49.09713838621974 5.3786689126864058 26.527555344160646 2.8866905719041824 27.196804255247116 32.611490679904819
leaf_count=155 86 108 72 409 19930 129 539 825 1799 1635 4423 121 170 107 97 11861 1712 138 128 2148 5408 14278 1570 259 210 784 93 168 1059
internal_value=-0.000526565 -0.00178972 -0.0182444 -0.00152827 -0.00182019 0.00758527 0.0152876 0.0103135 -0.00227338 -0.00346405 0.000866029 0.00629852 0.00256036 0.000688859 0.0202192 0.000553118 0.00448424 0.00310258 -2.97922e-05 -0.000132029 -0.00220693 0.00113668 0.00205747 -0.00730848 -0.0221227 -0.0248744 0.007765 0.0200431 -0.029526
internal_weight=9767.32 4791.6 74.5382 4717.07 4604.08 211.067 139.34 112.99 4393.01 3186.18 1206.82 103.361 93.6895 4975.72 33.9875 4941.73 639.163 587.438 4302.57 4286.53 1627.96 2658.57 560.477 71.7265 71.0428 67.4044 8.26536 51.7245 59.139
internal_count=70421 32651 2304 30347 29123 1336 948 1224 27787 21565 6222 1116 995 37770 204 37566 3743 3420 33823 33695 17269 16426 3282 388 2232 2146 303 323 1843
is_linear=0
shrinkage=0.05


Tree=207
num_leaves=31
num_cat=0
split_feature=8 4 4 9 15 32 31 11 29 8 6 15 32 32 32 12 5 13 6 32 32 17 31 0 17 18 17 0 32 8
split_gain=5.42334 7.03757 6.90556 7.13319 6.22094 7.40306 5.89709 9.00202 5.76148 5.83236 5.64211 8.56961 8.83663 6.38058 6.37144 5.57243 5.29929 5.04732 6.43475 8.9542 5.92401 5.66059 7.16088 7.07802 5.63995 9.98388 5.35216 7.3399 5.53621 4.55968
threshold=50.350000000000001 79.750000000000014 70.050000000000011 75.950000000000017 60.650000000000013 67.950000000000017 -12.499999999999998 48.45000000000001 56.750000000000007 65.450000000000017 79.350000000000009 51.750000000000007 67.15000000000002 47.550000000000004 40.050000000000004 79.550000000000011 40.350000000000001 48.95000000000001 52.550000000000004 57.150000000000013 46.650000000000013 1650.0000000000002 -2.4999999999999996 61.45000000000001 1650.0000000000002 15.500000000000002 2150.0000000000005 59.150000000000013 65.65000000000002 50.95000000000001
decision_type=2 2 2 2 2 10 10 2 2 2 2 2 8 10 8 2 2 2 2 10 8 2 10 2 2 2 2 2 8 2
left_child=1 2 3 4 5 -1 7 -2 9 -9 13 12 -12 14 -4 -15 -6 18 19 -3 24 22 -22 -23 25 -19 27 -20 -28 -8
right_child=6 17 10 -5 16 -7 29 8 -10 -11 11 -13 -14 15 -16 -17 -18 20 26 -21 21 23 -24 -25 -26 -27 28 -29 -30 -31
leaf_value=0.0013883389564501303 0.03186697134024475 0.036390054583028339 -0.0072858156885150993 0.03505064475852597 -0.015753990794291569 -0.004895819805325833 -0.014632166173625217 -0.035299900427836282 -0.0023261238085967632 -0.001902497524965574 0.016878599615383291 0.00013164432066090063 0.06735021614645606 0.0089351020078648324 0.040951209010146934 -0.0031394662757845758 0.0070821100254729224 0.024682014389477269 -0.017913150755329073 -0.0065794455317305257 0.0054937662985180625 0.0022175686596973224 -0.0074637948229686474 0.027233986480687245 -0.032852126770787138 -0.039883782190070792 0.02126680644766786 0.0016920015429030403 -0.017554336935253007 -0.0012353341923888091
leaf_weight=1833.1268373257481 10.176846836693583 18.588966202922165 9.4958759713917953 15.206114199012516 26.607670503668487 629.4204863589257 64.38504830468446 48.005392136983573 41.945402899757028 18.410995432175696 22.48717949911952 28.061305211856961 14.505632003769277 211.53598061203957 22.792781583964825 173.33802215661854 479.44144661910832 15.564940557815136 191.4064923375845 34.072527255862951 150.09931582864374 566.9393514348194 364.93829258624464 29.722418040037155 27.064782487694174 9.5915987929329258 24.554675865918398 62.971560701727867 14.428382232785223 4604.359135591425
leaf_count=18213 112 183 162 89 302 3012 450 672 403 184 183 174 72 1266 262 1010 3009 210 1586 184 915 3277 2148 153 490 192 199 407 72 30830
internal_value=-0.000500734 0.000654414 0.00189628 0.000997024 0.000819732 -0.000215978 -0.00170244 -0.0127163 -0.016975 -0.0261339 0.00744884 0.0211597 0.0369326 0.00529417 0.026632 0.00348462 0.00586865 -0.00219286 -0.00749509 0.0085338 -0.000611755 0.000157601 -0.00367749 0.00347648 -0.0170545 0 -0.0103914 -0.0130415 0.00676227 -0.00142147
internal_weight=9763.25 4975.96 3466.02 2983.8 2968.6 2462.55 4787.28 118.539 108.362 66.4164 482.217 65.0541 36.9928 417.163 32.2887 384.874 506.049 1509.94 346.023 52.6615 1163.92 1111.7 515.038 596.662 52.2213 25.1565 293.361 254.378 38.9831 4668.74
internal_count=70421 37770 27754 24625 24536 21225 32651 1371 1259 856 3129 429 255 2700 424 2276 3311 10016 2631 367 7385 6493 3063 3430 892 402 2264 1993 271 31280
is_linear=0
shrinkage=0.05


Tree=208
num_leaves=31
num_cat=0
split_feature=8 7 29 31 2 5 1 30 0 1 1 29 13 5 1 5 0 30 27 1 15 31 11 29 30 1 15 1 1 27
split_gain=4.89751 5.86069 12.4995 9.38002 9.28941 8.97435 9.45321 7.81026 6.7093 6.52879 6.04647 6.9269 5.58099 6.00752 5.47208 7.79827 7.50781 6.42961 8.36956 7.06985 5.54311 5.39589 8.13141 5.37904 7.78684 5.26854 4.88955 7.42422 7.30338 4.76204
threshold=50.350000000000001 51.150000000000013 54.250000000000007 7.5000000000000009 55.45000000000001 40.150000000000013 60.850000000000001 501.00000000000006 56.95000000000001 50.550000000000004 50.95000000000001 53.500000000000007 54.150000000000013 71.850000000000009 51.750000000000007 49.150000000000013 38.650000000000013 489.00000000000006 4.5000000000000009 54.550000000000004 37.750000000000007 -12.499999999999998 48.45000000000001 56.750000000000007 437.00000000000006 47.150000000000013 53.45000000000001 50.150000000000013 52.150000000000013 4.5000000000000009
decision_type=2 2 2 10 2 2 2 2 2 2 2 2 2 2 2 2 2 2 2 2 2 10 2 2 2 2 2 2 2 2
left_child=1 4 3 10 14 9 7 -7 12 25 -3 -12 -4 -14 15 20 -17 18 -16 -19 -1 22 -2 24 -24 -6 28 -28 -10 -5
right_child=21 2 8 29 5 6 -8 -9 26 -11 11 -13 13 -15 17 16 -18 19 -20 -21 -22 -23 23 -25 -26 -27 27 -29 -30 -31
leaf_value=0.020998772543298207 0.029694619783704607 0.016374239392840662 0.00065733252218741229 0.055768118889544832 -0.016931831905253585 0.011311607169826637 -0.023919058541065588 -0.0025803426313948871 -0.027200401395391802 -0.027690787518827271 -0.012732760642463285 0.012543728780695368 0.0060344962872720996 0.033160984706669047 0.0045046160979365889 0.02117010851668101 -0.0020519503570917536 0.017052268752160635 -0.0069817975492240253 -0.00069992991820523555 -0.0092853806709169012 -0.0013512025263386421 0.0091804253185342067 -0.0022131238118885403 -0.033887688083054333 0.038066264162765394 0.025778961180968327 -0.003650130501097794 -0.004343619883515319 0.019216490766932267
leaf_weight=15.314217144623397 10.377229951322077 125.22240706905723 1082.9580438444391 16.823567965999246 8.7236749054864067 403.2548588803038 24.345718756318092 134.28664501197636 50.550813350826502 34.798302991315722 52.699543681927025 55.582362083718181 402.16685587633401 21.521493479609489 290.10777110047638 36.396498494781554 743.10850535240024 110.7990605533123 348.93805395532399 112.40708493068814 594.90838587703183 4666.3356988071464 12.862484608776866 41.889314267784357 52.335457265377045 8.3828494967892748 25.072833614423871 143.69009909778833 115.19136488996446 20.424199612811208
leaf_count=159 112 1141 6804 140 113 2481 117 824 352 293 345 362 2468 103 2222 475 5325 840 2509 695 8187 31280 213 403 643 90 181 756 622 166
internal_value=-0.000476281 0.000620914 0.00261998 0.0126506 -0.000850575 0.00459895 0.0064434 0.00783204 0.0011416 -0.0152457 0.00889641 0.000195425 0.00256606 0.0074317 -0.00233824 -0.00428009 -0.000958681 0.000785868 -0.0017596 0.00809352 -0.00851386 -0.00161898 -0.0122037 -0.0163344 -0.0253134 0.00979334 -0.00525822 0.000705169 -0.0113572 0.0359646
internal_weight=9761.48 4977.68 2111.9 270.752 2865.77 613.792 561.887 537.542 1841.15 51.9048 233.504 108.282 1506.65 423.688 2251.98 1389.73 779.505 862.252 639.046 223.206 610.223 4783.8 117.464 107.087 65.1979 17.1065 334.505 168.763 165.742 37.2478
internal_count=70421 37770 13440 2154 24330 3918 3422 3305 11286 496 1848 707 9375 2571 20412 14146 5800 6266 4731 1535 8346 32651 1371 1259 856 203 1911 937 974 306
is_linear=0
shrinkage=0.05


end of trees

feature_importances:
jvan_battle_dm=470
pedigree_index=464
jockey_index=379
jvan_time_dm=368
position_advantage=351
head_count=339
course_aptitude=334
rotation_index=313
last_3f_index=299
horse_weight=274
career_phase_index=264
speed_index=258
jockey_trainer_combo_index=231
pace_index=229
training_index=204
anagusa_index=196
weight_change=184
horse_age=140
distance=121
rivals_growth_index=116
frame_number=111
distance_change_index=84
weight_carried=80
going_pedigree_index=75
is_g1g2g3=27
is_dirt=23
rebound_index=21
is_turf=20
is_jump=10
is_yaya=8
is_good=4
is_heavy=3
is_bad=1

parameters:
[boosting: gbdt]
[objective: binary]
[metric: binary_logloss]
[tree_learner: serial]
[device_type: cpu]
[data_sample_strategy: bagging]
[data: ]
[valid: ]
[num_iterations: 500]
[learning_rate: 0.05]
[num_leaves: 31]
[num_threads: 0]
[seed: 0]
[deterministic: 0]
[force_col_wise: 0]
[force_row_wise: 0]
[histogram_pool_size: -1]
[max_depth: 6]
[min_data_in_leaf: 100]
[min_sum_hessian_in_leaf: 0.001]
[bagging_fraction: 0.7]
[pos_bagging_fraction: 1]
[neg_bagging_fraction: 1]
[bagging_freq: 5]
[bagging_seed: 3]
[bagging_by_query: 0]
[feature_fraction: 0.7]
[feature_fraction_bynode: 1]
[feature_fraction_seed: 2]
[extra_trees: 0]
[extra_seed: 6]
[early_stopping_round: 0]
[early_stopping_min_delta: 0]
[first_metric_only: 0]
[max_delta_step: 0]
[lambda_l1: 0.1]
[lambda_l2: 0.1]
[linear_lambda: 0]
[min_gain_to_split: 0]
[drop_rate: 0.1]
[max_drop: 50]
[skip_drop: 0.5]
[xgboost_dart_mode: 0]
[uniform_drop: 0]
[drop_seed: 4]
[top_rate: 0.2]
[other_rate: 0.1]
[min_data_per_group: 100]
[max_cat_threshold: 32]
[cat_l2: 10]
[cat_smooth: 10]
[max_cat_to_onehot: 4]
[top_k: 20]
[monotone_constraints: ]
[monotone_constraints_method: basic]
[monotone_penalty: 0]
[feature_contri: ]
[forcedsplits_filename: ]
[refit_decay_rate: 0.9]
[cegb_tradeoff: 1]
[cegb_penalty_split: 0]
[cegb_penalty_feature_lazy: ]
[cegb_penalty_feature_coupled: ]
[path_smooth: 0]
[interaction_constraints: ]
[verbosity: -1]
[saved_feature_importance_type: 0]
[use_quantized_grad: 0]
[num_grad_quant_bins: 4]
[quant_train_renew_leaf: 0]
[stochastic_rounding: 1]
[linear_tree: 0]
[max_bin: 255]
[max_bin_by_feature: ]
[min_data_in_bin: 3]
[bin_construct_sample_cnt: 200000]
[data_random_seed: 1]
[is_enable_sparse: 1]
[enable_bundle: 1]
[use_missing: 1]
[zero_as_missing: 0]
[feature_pre_filter: 1]
[pre_partition: 0]
[two_round: 0]
[header: 0]
[label_column: ]
[weight_column: ]
[group_column: ]
[ignore_column: ]
[categorical_feature: ]
[forcedbins_filename: ]
[precise_float_parser: 0]
[parser_config_file: ]
[objective_seed: 5]
[num_class: 1]
[is_unbalance: 0]
[scale_pos_weight: 1]
[sigmoid: 1]
[boost_from_average: 1]
[reg_sqrt: 0]
[alpha: 0.9]
[fair_c: 1]
[poisson_max_delta_step: 0.7]
[tweedie_variance_power: 1.5]
[lambdarank_truncation_level: 30]
[lambdarank_norm: 1]
[label_gain: ]
[lambdarank_position_bias_regularization: 0]
[eval_at: ]
[multi_error_top_k: 1]
[auc_mu_weights: ]
[num_machines: 1]
[local_listen_port: 12400]
[time_out: 120]
[machine_list_filename: ]
[machines: ]
[gpu_platform_id: -1]
[gpu_device_id: -1]
[gpu_use_dp: 0]
[num_gpu: 1]

end of parameters

pandas_categorical:null
