tree
version=v4
num_class=1
num_tree_per_iteration=1
label_index=0
max_feature_idx=33
objective=binary sigmoid:1
feature_names=speed_index last_3f_index course_aptitude position_advantage rotation_index jockey_index pace_index pedigree_index training_index anagusa_index paddock_index rebound_index rivals_growth_index career_phase_index distance_change_index jockey_trainer_combo_index going_pedigree_index distance head_count is_turf is_dirt is_jump is_good is_yaya is_heavy is_bad is_g1g2g3 frame_number horse_age weight_carried horse_weight weight_change jvan_time_dm jvan_battle_dm
feature_infos=[0:80.099999999999994] [14.1:71.900000000000006] [18.5:72.5] [31.699999999999999:69.5] [20:100] [0:86.5] [34.100000000000001:100] [26.800000000000001:91.200000000000003] [11.4:86.5] [40.200000000000003:76.900000000000006] [45:85] [40:80] [50:100] [20:85] [25:75] [35:70] [30:75] [1000:4260] [8:18] [0:1] [0:1] [0:1] [0:1] [0:1] [0:1] [0:1] [0:1] [1:8] [2:12] [49:65] [340:630] [-46:999] [10.699999999999999:98.099999999999994] [0:89.900000000000006]
tree_sizes=3354 3436 3434 3444 3432 3452 3449 3447 3455 3450 3456 3451 3442 3460 3450 3465 3455 3464 3466 3457 3482 3466 3468 3485 3476 3493 3451 3486 3462 3474 3457 3463 3475 3473 3446 3452 3476 3446 3477 3437 3456 3463 3464 3482 3469 3459 3478 3451 3475 3452 3483 3471 3490 3464 3470 3462 3490 3468 3445 3476 3464 3469 3466 3473 3487 3480 3440 3358 3458 3145 3460 3487 3472 3502 3437 3425 3038 3473 1858 3468 3481 3466 3481 3457 3461 3468 2069 3138 2618 2070 3274 3363 3385 3464 3144 3467 3466 3467 3469 3449 3442 3458 2860 3464 2390 3459 3478 3467 3473 3482 3342 2946 3363 3260 3451 3256 3441 3445 3463 3457 3481 3457 3477 3471 3457 1981 1543 2404 3030 1992 3469 3475 3466 3356 2607 3150 2692 3003 2504 2187 3470 3450 3451 3503 3233 3495 3462 3474 3454 3463 3469 3003 3426 3323 3444 3486 3458

Tree=0
num_leaves=31
num_cat=0
split_feature=33 33 33 7 32 7 32 7 32 29 33 7 7 32 7 4 32 7 32 7 12 33 32 7 33 0 7 33 2 4
split_gain=4704.17 689.426 663.524 291.586 278.55 229.483 144.245 112.403 100.985 98.1445 91.6265 89.0278 86.5631 86.5357 70.2134 56.2742 55.3061 49.1269 44.9467 44.5984 40.9174 40.4655 37.1807 36.375 36.1695 32.7533 30.5596 29.9842 30.4201 29.1722
threshold=62.45000000000001 52.050000000000004 70.850000000000009 50.150000000000013 71.850000000000009 54.050000000000004 74.050000000000011 54.95000000000001 71.850000000000009 58.750000000000007 41.750000000000007 70.350000000000009 60.350000000000001 75.850000000000009 58.650000000000013 98.850000000000009 72.050000000000011 61.95000000000001 65.550000000000011 41.95000000000001 55.100000000000009 85.350000000000009 75.450000000000017 47.45000000000001 57.250000000000007 50.050000000000004 64.050000000000011 69.250000000000014 59.250000000000007 93.950000000000017
decision_type=10 8 10 2 10 2 10 2 10 2 10 2 2 10 2 2 10 2 10 2 2 8 10 2 8 2 2 10 2 2
left_child=1 10 5 13 7 8 17 18 25 12 -1 16 -6 19 23 26 20 -5 -3 -4 -7 -15 -11 -12 -9 -2 -8 -10 -29 -21
right_child=2 4 3 6 9 11 15 24 27 22 14 -13 -14 21 -16 -17 -18 -19 -20 29 -22 -23 -24 -25 -26 -27 -28 28 -30 -31
leaf_value=-2.5965210505730987 -2.5506007699353237 -2.5711636517314496 -2.5405353419336856 -2.4434668791654408 -2.5189536246350062 -2.4524054228170331 -2.3850873998906792 -2.550192040066992 -2.4988985410603983 -2.451906066684638 -2.5925346098467688 -2.3368944042651023 -2.3934228006640526 -2.4397719206370536 -2.5437072273137247 -2.2744388926318613 -2.4404925232061752 -2.3608123811496724 -2.5501234290476078 -2.4893658000060057 -2.5025946665934256 -2.3144422415753896 -2.3186372237497714 -2.5759391857621869 -2.5172309002812741 -2.5230222948095 -2.2956364325865066 -2.4738587340948692 -2.365508650264275 -2.4363017086246384
leaf_weight=2076.8216388821602 160.9041268453002 905.02712377905846 36.359109811484814 153.60552100837231 150.2575366795063 57.518370769917965 108.13989382237196 157.15438439697027 146.44083454459906 13.057138882577421 605.44948603212833 12.454501703381537 15.06592947989702 68.365839995443821 120.9291939586401 15.802486032247542 88.989423461258411 20.757502838969231 352.20795139670372 141.82061617076397 142.55717272311449 7.2316461503505698 9.2404367476701719 732.80680990219116 177.77796786278486 328.03550454229116 11.115307971835135 28.658745855093002 8.5708398818969709 32.274568930268288
leaf_count=31016 2403 13516 543 2294 2244 859 1615 2347 2187 195 9042 186 225 1021 1806 236 1329 310 5260 2118 2129 108 138 10944 2655 4899 166 428 128 482
internal_value=-2.55454 -2.577 -2.47848 -2.4369 -2.55162 -2.50392 -2.40323 -2.55841 -2.52019 -2.49401 -2.58977 -2.46767 -2.50739 -2.47337 -2.58016 -2.36432 -2.47339 -2.43349 -2.56527 -2.48996 -2.4881 -2.42742 -2.39565 -2.58345 -2.53268 -2.53209 -2.3765 -2.48857 -2.44834 -2.47944
internal_weight=6885.4 5315.8 1569.6 595.472 1779.79 974.13 309.421 1592.17 672.61 187.621 3536.01 301.519 165.323 286.052 1459.19 135.058 289.065 174.363 1257.24 210.454 200.076 75.5975 22.2976 1338.26 334.932 488.94 119.255 183.67 37.2296 174.095
internal_count=102829 79388 23441 8893 26580 14548 4621 23778 10045 2802 52808 4503 2469 4272 21792 2017 4317 2604 18776 3143 2988 1129 333 19986 5002 7302 1781 2743 556 2600
is_linear=0
shrinkage=1


Tree=1
num_leaves=31
num_cat=0
split_feature=33 33 33 7 7 7 18 1 33 33 18 33 18 7 7 2 7 7 18 33 18 33 18 30 1 33 18 7 7 18
split_gain=4072.69 695.023 413.855 223.468 192.008 108.198 90.7872 86.4566 78.0635 77.9755 64.2607 60.8119 58.2999 56.4784 55.671 50.1064 47.815 46.0388 45.8261 42.6616 40.1072 40.2295 36.9097 33.6865 29.5849 28.7483 27.7653 26.8712 26.0549 25.9553
threshold=59.650000000000013 70.850000000000009 51.250000000000007 54.050000000000004 50.150000000000013 55.150000000000013 13.500000000000002 57.150000000000013 64.850000000000009 41.750000000000007 14.500000000000002 85.350000000000009 12.500000000000002 58.650000000000013 66.550000000000011 58.650000000000013 41.250000000000007 63.150000000000013 11.500000000000002 68.850000000000009 13.500000000000002 79.850000000000009 12.500000000000002 461.00000000000006 57.250000000000007 56.45000000000001 14.500000000000002 43.95000000000001 69.250000000000014 15.500000000000002
decision_type=10 10 8 2 2 2 2 2 10 10 2 10 2 2 2 2 2 2 2 10 2 10 2 2 2 8 2 2 2 2
left_child=2 3 9 6 11 18 8 17 -2 -1 24 15 -7 22 23 16 -3 26 27 -8 -9 -22 -11 -12 -5 -20 -6 -4 -14 -19
right_child=1 4 5 10 7 12 19 20 -10 13 14 -13 28 -15 -16 -17 -18 29 25 -21 21 -23 -24 -25 -26 -27 -28 -29 -30 -31
leaf_value=-0.042084405822315089 0.023739991219443257 0.0035028624014807638 -0.021677907693044809 0.078164136836951018 0.12327511663984024 0.059642383328819694 0.010569637622864883 0.20503876469505813 0.07820943247681153 -0.012214560915870093 0.016234701704864095 0.17909214478866378 0.0055726862056748819 0.0077082146422543353 0.12674131148283879 0.11834066388030767 0.066865796783290354 0.2223257668708381 -0.023319691103827138 0.04605744058718482 0.12298533743407647 0.21304275464717165 -0.034004940191099925 0.05701338244318014 0.12453012006312242 -0.0062242222668148607 0.085222360391970078 0.021013975715797533 0.082040851741204804 0.11662406115471091
leaf_weight=2002.1287072300911 138.29152265936136 34.669683583080769 48.37677925825119 140.06235063821077 79.788409262895584 77.783063299953938 616.63162782043219 36.110517084598541 126.18003568798304 245.55937975645065 75.193044677376747 12.519536107778547 217.3929321244359 111.04102268815041 22.250199683010578 40.459172904491425 218.75433827191591 12.889771357178688 534.32406740635633 98.257989048957825 66.360848844051361 15.779609948396681 948.81176376342773 158.19801259785891 46.900281682610512 457.5305997133255 128.75633129477501 152.77815606445074 11.660710997879503 11.859957404434681
leaf_count=31016 2043 503 727 1968 1059 1137 9063 472 1826 3760 1061 160 3192 1644 296 560 3049 160 8070 1408 867 204 14536 2228 657 6848 1711 2287 169 148
internal_value=-0.000710424 0.0577417 -0.0260014 0.0380709 0.100235 -0.00421167 0.0247334 0.125478 0.0497661 -0.0358803 0.0675593 0.0712246 0.0222587 -0.0263587 0.0511852 0.066553 0.058222 0.107661 -0.0110252 0.01546 0.160466 0.140585 -0.0295305 0.0439095 0.0898823 -0.0154402 0.0998573 0.0107163 0.00952147 0.172548
internal_weight=6887.3 2079.91 4807.39 1421.97 657.948 1499.85 979.361 351.545 264.472 3307.54 442.604 306.403 306.837 1305.41 255.641 293.883 253.424 233.294 1193.01 714.89 118.251 82.1405 1194.37 233.391 186.963 991.855 208.545 201.155 229.054 24.7497
internal_count=102829 29443 73386 20550 8893 22430 14340 4621 3869 50956 6210 4272 4498 19940 3585 4112 3552 3078 17932 10471 1543 1071 18296 3289 2625 14918 2770 3014 3361 308
is_linear=0
shrinkage=0.05


Tree=2
num_leaves=31
num_cat=0
split_feature=32 5 5 32 7 32 7 32 18 32 18 7 1 32 7 29 32 7 3 28 1 5 31 18 18 0 14 7 5 15
split_gain=3197.79 549.319 340.529 202.988 154.459 139.415 121.557 87.8651 82.9629 80.8134 64.1938 58.8714 57.7616 53.4487 49.6822 49.3244 44.2075 41.1641 40.0742 39.9961 36.5317 35.8928 37.1647 34.9187 33.8413 32.2025 31.5399 31.0174 28.6556 27.9645
threshold=66.350000000000009 61.050000000000004 53.850000000000001 74.050000000000011 54.150000000000013 54.650000000000013 49.95000000000001 77.250000000000014 12.500000000000002 59.850000000000001 12.500000000000002 56.650000000000013 58.850000000000001 72.450000000000017 63.750000000000007 58.250000000000007 69.850000000000009 60.750000000000007 63.050000000000004 4.5000000000000009 56.650000000000013 66.450000000000017 6.5000000000000009 11.500000000000002 11.500000000000002 56.350000000000001 52.850000000000001 47.850000000000001 57.650000000000013 57.250000000000007
decision_type=10 2 2 10 2 10 2 10 2 8 2 2 2 10 2 2 10 2 2 2 2 2 8 2 2 2 2 2 2 2
left_child=2 3 5 8 7 -1 24 23 11 -8 -7 25 15 21 16 18 -10 28 -5 20 -15 -6 -23 -3 -4 -2 -14 -12 -11 -19
right_child=1 4 6 12 13 10 9 -9 14 17 27 -13 26 19 -16 -17 -18 29 -20 -21 -22 22 -24 -25 -26 -27 -28 -29 -30 -31
leaf_value=-0.040078039963267476 0.025209761561654748 0.10119216159971774 0.016015023382236433 0.050160003013842269 0.061792726156845716 -0.0023010118398665556 -0.0017293133731446598 0.11811138582842583 0.0031631559518775464 0.0047668114034218126 -0.033593800960751333 0.097986309412845765 0.12412470493567976 0.12756798189586735 0.081645819769506384 0.15504039682322324 0.026636170615360461 0.051557467904103697 0.16174983957105935 0.049988761776906802 0.18297993293178183 0.099942417617483889 0.2035323472905271 0.050800362706352867 -0.020306193814812034 0.072327712929966745 0.02580550044981731 -0.018716351950171912 0.040912173961873174 0.13679663152318663
leaf_weight=1877.9744430929422 149.87399521097541 40.390340346843004 73.587291933596134 316.56691879406571 45.891020134091377 379.27238307893276 279.19233566895127 77.710744515061378 447.62652898952365 85.818851061165333 643.95003699883819 49.083520643413067 53.569928288459778 73.066334240138531 27.77042393386364 12.295656576752661 364.21176927909255 28.707320034503937 8.2239308692514879 10.878021638840435 53.6306516751647 40.34606633707881 11.333563532680271 244.44464172050357 488.53068676963449 48.120279066264629 9.8475726358592492 775.09968222677708 153.56685173511505 14.805780902504919
leaf_count=29758 2135 547 1105 4211 606 5724 4219 992 6537 1255 10016 653 685 907 358 156 5126 395 109 137 629 528 150 3381 7486 680 128 11808 2208 200
internal_value=-0.000726431 0.0509765 -0.0231829 0.0346967 0.0914633 -0.0305469 0.000894405 0.0709249 0.0234714 0.0173388 -0.0205891 0.0489436 0.0651284 0.123064 0.0159646 0.0568298 0.0137019 0.0361687 0.0530498 0.143266 0.151189 0.0944121 0.123106 0.0579966 -0.0155405 0.0367172 0.109001 -0.025473 0.0279825 0.0809228
internal_weight=6885.39 2084.88 4800.51 1487.19 597.691 3676.3 1124.21 362.546 1086.69 562.091 1798.32 247.078 400.504 235.146 839.609 337.087 811.838 282.899 324.791 137.575 126.697 97.5707 51.6796 284.835 562.118 197.994 63.4175 1419.05 239.386 43.5131
internal_count=102829 28655 74174 20778 7877 57306 16868 4920 15489 8277 27548 3468 5289 2957 12021 4476 11663 4058 4320 1673 1536 1284 678 3928 8591 2815 813 21824 3463 595
is_linear=0
shrinkage=0.05


Tree=3
num_leaves=31
num_cat=0
split_feature=33 33 33 7 7 7 33 18 18 33 7 28 1 9 7 18 1 28 33 33 18 7 31 18 7 15 0 18 1 0
split_gain=3283.5 454.943 380.416 153.158 107.374 91.2038 76.432 75.702 68.4617 57.0033 55.0786 49.1947 51.785 48.3858 44.8277 41.1136 40.6675 35.0384 33.7573 33.137 30.73 29.8233 29.6575 27.5001 25.2114 23.6012 22.6365 22.5358 20.7324 20.2829
threshold=59.650000000000013 70.850000000000009 51.250000000000007 54.050000000000004 51.150000000000013 50.850000000000001 40.650000000000013 11.500000000000002 13.500000000000002 64.850000000000009 47.45000000000001 4.5000000000000009 56.650000000000013 58.45000000000001 41.250000000000007 15.500000000000002 58.250000000000007 3.5000000000000004 77.750000000000014 68.850000000000009 12.500000000000002 59.95000000000001 8.5000000000000018 13.500000000000002 69.250000000000014 56.050000000000004 54.350000000000001 14.500000000000002 57.45000000000001 47.850000000000001
decision_type=10 10 8 2 2 2 10 2 2 10 2 2 2 2 2 2 2 2 10 10 2 2 8 2 2 2 2 2 2 2
left_child=2 3 6 8 14 27 -1 25 9 -2 -8 12 29 15 -3 17 18 -5 -16 26 -12 -22 -17 -14 -9 -7 -10 -4 -21 -6
right_child=1 4 5 13 11 7 10 24 19 -11 20 -13 23 -15 16 22 -18 -19 -20 28 21 -23 -24 -25 -26 -27 -28 -29 -30 -31
leaf_value=-0.041629161453677239 0.02061284390156631 0.01239895186417673 -0.0059247862588929804 0.086823786260406433 0.057355994381156628 0.030020378908169901 -0.037783959023656916 0.00038691872765881806 0.0013797224351700735 0.065610011804112675 0.00063364075123516802 0.035120981308409009 0.16240211665978188 -0.029026352262812201 0.047757827168751821 0.033813328491864629 0.10438563220808184 0.04857211830412779 0.085943596840139289 0.028299701286844871 -0.026496468369321152 0.0084975854965761502 0.082852798127303284 0.11322418244534999 0.067692122115270814 0.077583170118966649 0.020669565389210946 -0.022097862632299976 0.083451051279857205 0.097019902379007261
leaf_weight=1754.0569031052291 143.7241690158844 41.114201724529266 405.77152432501316 160.10279999673367 41.602520547807217 72.916510969400406 571.86382151767612 498.64338987320662 366.34111239761114 138.89660278707743 180.96588011085987 27.543228596448898 43.586100049316883 16.047026582062244 190.61027128249407 175.17602555453777 62.608562491834164 97.677383445203304 84.342375822365284 82.75819968432188 562.46732364594936 67.993377942591906 37.682984091341496 92.183278903365135 14.218336343765257 41.225029423832893 260.70325604826212 461.74936580657959 21.642853826284409 165.2143927142024
leaf_count=28955 2043 566 6116 1993 479 1023 9273 7380 5332 1826 2782 318 447 215 2413 2280 754 1245 1032 1123 8936 1010 477 997 187 569 3731 7155 285 1887
internal_value=-0.000733006 0.0488247 -0.0248033 0.0329325 0.0806605 -0.00403798 -0.0346931 0.0104852 0.0218552 0.0427602 -0.025892 0.0998433 0.105021 0.0559939 0.0618759 0.058909 0.0678818 0.0723734 0.0595166 0.0137662 -0.0175012 -0.0227138 0.0425532 0.129157 0.00227544 0.0472955 0.00940976 -0.0145404 0.0398496 0.089097
internal_weight=6881.43 2249.56 4631.87 1500.75 748.805 1494.52 3137.35 627.003 1014.07 282.621 1383.29 370.13 342.586 486.686 378.675 470.639 337.561 257.78 274.953 731.445 811.427 630.461 212.859 135.769 512.862 114.142 627.044 867.521 104.401 206.817
internal_count=102829 29443 73386 20550 8893 22430 50956 9159 14340 3869 22001 4128 3810 6210 4765 5995 4199 3238 3445 10471 12728 9946 2757 1444 7567 1592 9063 13271 1408 2366
is_linear=0
shrinkage=0.05


Tree=4
num_leaves=31
num_cat=0
split_feature=32 5 5 32 32 7 7 4 32 32 7 18 4 7 7 7 5 18 28 2 32 18 7 18 18 13 7 5 4 5
split_gain=2564.4 371.735 309.135 145.754 132.658 102.83 92.3012 71.8515 68.6907 67.4917 64.4198 62.2069 58.189 48.8655 36.5481 33.3692 32.229 31.9572 28.8109 28.5145 27.9174 35.2838 27.2369 26.2245 24.1071 24.0848 23.1965 21.705 21.1809 21.0037
threshold=66.350000000000009 61.050000000000004 53.850000000000001 72.450000000000017 54.050000000000004 47.050000000000004 56.650000000000013 90.750000000000014 59.650000000000013 71.65000000000002 54.150000000000013 10.500000000000002 74.050000000000011 56.95000000000001 60.750000000000007 66.550000000000011 50.650000000000013 10.500000000000002 4.5000000000000009 56.550000000000004 70.050000000000011 13.500000000000002 58.650000000000013 8.5000000000000018 10.500000000000002 63.350000000000001 46.050000000000004 65.050000000000011 85.050000000000011 65.950000000000017
decision_type=10 2 2 10 10 2 2 2 8 10 2 2 2 2 2 2 2 2 2 2 10 2 2 2 2 2 2 2 2 2
left_child=2 3 4 10 -1 -4 9 13 29 27 26 -12 22 23 -10 -13 -14 -11 20 -18 -8 -22 -5 -6 -9 -19 -2 -3 -29 -7
right_child=1 6 5 12 7 8 18 24 14 17 11 15 16 -15 -16 -17 19 25 -20 -21 21 -23 -24 -25 -26 -27 -28 28 -30 -31
leaf_value=-0.039397509978884776 -0.0024720260702837532 0.019822194939516133 -0.021266505528304738 0.024458848524176142 0.026013598512991454 -0.0091213505170372518 0.072374028115997746 0.069125213228435109 0.019886888635646242 0.1287420440348323 0.099991246383155874 0.023612508443084615 0.045927292982102963 0.00037356612252749822 0.066011773608965679 0.092276118259631112 0.06064590390831507 0.069432108658866801 0.036410663147341614 0.10102269652946504 0.15775058642288722 0.10226650516249408 0.071108603960686356 -0.026804671711765284 0.0063406877907749961 0.14819315788540438 0.016565805767893179 0.041031662979345185 0.090247901597663049 0.02542283989743914
leaf_weight=1684.7011456340551 251.88572616130114 79.884752154350281 358.05935131013393 219.54551201313734 23.714123722165823 318.06051809340715 38.652661845088005 17.350398160517216 348.14789099246264 28.383543320000172 35.369746081531048 226.28408484533429 156.38545546680689 199.58006099238992 49.085419531911612 19.187986575067043 110.78827424347401 255.40525899082422 14.644665665924547 74.397988080978394 44.919698156416416 85.700998179614544 36.642921607941389 1458.9691810421646 126.02829803153872 10.20780400931835 436.43196491524577 85.542544461786747 29.873325705528259 50.91919669508934
leaf_count=28462 3625 1054 5644 2821 365 4913 449 251 4943 319 429 2998 1922 2971 609 219 1317 2960 174 869 446 884 423 23365 1892 115 6155 1102 374 759
internal_value=-0.00073679 0.0431856 -0.0219682 0.0298263 -0.029276 0.000845436 0.074263 -0.0199315 0.0111865 0.0628618 0.0178389 0.038022 0.0492471 -0.0228285 0.0256142 0.0290355 0.0627733 0.0780181 0.104517 0.0769399 0.110355 0.121491 0.0311759 -0.0259548 0.014016 0.0725324 0.00959242 0.0399925 0.0538808 -0.00433511
internal_weight=6874.75 2240.13 4634.62 1566.92 3510.34 1124.27 673.215 1825.64 766.213 489.297 969.16 280.842 597.76 1682.26 397.233 245.472 341.572 293.997 183.918 185.186 169.273 130.621 256.188 1482.68 143.379 265.613 688.318 195.301 115.416 368.98
internal_count=102829 28655 74174 20778 57306 16868 7877 28844 11224 5924 13426 3646 7352 26701 5552 3217 4108 3394 1953 2186 1779 1330 3244 23730 2143 3075 9780 2530 1476 5672
is_linear=0
shrinkage=0.05


Tree=5
num_leaves=31
num_cat=0
split_feature=33 33 33 32 32 5 33 32 29 5 4 10 33 1 12 5 28 32 4 33 2 5 13 13 32 5 15 13 33 32
split_gain=2686.29 517.146 244.102 173.689 99.1473 75.1379 60.3328 58.2616 49.496 44.9592 38.0792 37.7705 37.7077 35.1365 42.2587 34.4622 31.8843 29.0969 27.7026 24.9364 24.556 24.059 23.3473 22.9974 32.8844 21.8529 20.8838 20.6808 19.8191 19.8153
threshold=58.650000000000013 68.850000000000009 46.050000000000004 64.65000000000002 78.250000000000014 55.850000000000001 74.550000000000011 73.250000000000014 58.250000000000007 66.850000000000009 95.050000000000011 65.000000000000014 64.250000000000014 55.350000000000001 71.15000000000002 56.250000000000007 4.5000000000000009 55.250000000000007 92.950000000000017 54.850000000000001 61.850000000000001 66.850000000000009 54.150000000000013 51.95000000000001 83.050000000000011 71.250000000000014 52.850000000000001 49.95000000000001 34.750000000000007 79.350000000000009
decision_type=8 10 10 10 10 2 10 10 2 2 2 2 8 2 2 2 2 10 2 10 2 2 2 2 10 2 2 2 10 10
left_child=2 3 15 17 6 19 13 9 26 12 21 25 -5 -3 -15 20 23 -2 -19 -4 28 -8 -10 29 -25 -7 -9 -11 -1 -6
right_child=1 4 5 7 16 11 10 8 22 27 -12 -13 -14 14 -16 -17 -18 18 -20 -21 -22 -23 -24 24 -26 -27 -28 -29 -30 -31
leaf_value=-0.044400243079994552 -0.016650123054787878 0.036155396998828526 -0.022124239294469134 0.010644848611729709 0.13194878366894774 -0.0012637629104528354 0.059456807180463971 0.032220538528993939 0.080559964583295465 0.019466971436491648 0.11601183265431936 0.057094898678481026 0.034087808569952145 0.035643167048202466 0.078456821799238657 -0.017391095740968792 0.024059331337897425 0.0026499862503206848 0.042403016523226228 -0.0073835449218945109 0.017860293446302057 0.093379608268323477 0.18518736981194939 0.10018270565671564 0.16031961250324206 0.046315492255430919 0.06006700158275087 0.079514394920683185 -0.034545434377221296 0.059782038334586375
leaf_weight=973.07313659787178 183.16522545367479 298.19157327711582 976.39905478805304 359.92680963128805 12.627705693244932 362.75875838845968 217.90331285446882 138.39179258793592 14.222376652061941 20.081941828131676 48.364795699715614 33.590719137340784 329.30043415725231 95.208608888089657 149.25509492307901 210.73522144556046 13.641836434602736 409.81912570074201 49.029739826917648 408.10758201032877 18.866727232933044 70.370829701423645 9.0370965823531133 85.920234620571136 32.102974995970726 25.743150573223829 134.25098232924938 53.004129521548748 1097.3868322484195 41.977577194571495
leaf_count=17238 2805 3557 15776 4940 124 5433 2428 1656 158 251 500 475 4359 1074 1649 3471 143 5951 681 6223 323 721 100 836 302 359 1573 641 18821 411
internal_value=-0.000257998 0.0378317 -0.0259125 0.0207094 0.0651431 -0.0121528 0.0580965 0.0331561 0.0520037 0.0258277 0.0747606 0.00630503 0.021856 0.0477377 0.0618245 -0.0367171 0.0983312 0.000183987 0.00691696 -0.0177836 -0.038663 0.0677846 0.122044 0.104154 0.116704 0.0018872 0.0459676 0.0631326 -0.0391813 0.076773
internal_weight=6872.46 2765.79 4106.66 1700.23 1065.56 1806.6 879.294 1058.22 295.902 762.313 336.639 422.093 689.227 542.655 244.464 2300.06 186.27 642.014 458.849 1384.51 2089.33 288.274 23.2595 172.628 118.023 388.502 272.643 73.0861 2070.46 54.6053
internal_count=102979 34860 68119 23115 11745 28266 9929 13678 3487 10191 3649 6267 9299 6280 2723 39853 1816 9437 6632 21999 36382 3149 258 1673 1138 5792 3229 892 36059 535
is_linear=0
shrinkage=0.05


Tree=6
num_leaves=31
num_cat=0
split_feature=33 33 32 33 32 32 18 18 33 18 33 18 4 33 33 10 4 10 32 33 18 28 18 6 27 4 29 29 32 32
split_gain=2407.28 511.704 156.93 152.584 75.5685 54.6287 53.1814 48.0298 47.2309 45.0899 36.2079 35.0327 33.2826 32.8205 29.1975 42.2958 27.5465 27.499 24.6523 24.2626 28.7175 24.087 23.8922 20.9802 19.8197 19.6817 17.6113 20.1035 17.1553 16.77
threshold=56.45000000000001 68.850000000000009 69.550000000000011 46.050000000000004 78.250000000000014 61.150000000000013 11.500000000000002 14.500000000000002 74.250000000000014 11.500000000000002 61.850000000000001 11.500000000000002 92.350000000000009 34.750000000000007 63.45000000000001 77.500000000000014 92.750000000000014 65.000000000000014 73.65000000000002 56.650000000000013 10.500000000000002 4.5000000000000009 10.500000000000002 61.750000000000007 4.5000000000000009 50.050000000000004 54.250000000000007 59.750000000000007 84.950000000000017 72.65000000000002
decision_type=8 10 10 10 10 10 2 2 10 2 8 2 2 10 8 2 2 2 10 10 2 2 2 2 2 2 2 2 10 10
left_child=3 2 5 13 8 19 18 10 11 26 -7 -3 -13 -1 15 -11 -16 -8 -5 -2 -21 25 29 -9 -24 -6 -4 -28 -27 -10
right_child=1 4 9 6 21 7 17 23 22 14 -12 12 -14 -15 16 -17 -18 -19 -20 20 -22 -23 24 -25 -26 28 27 -29 -30 -31
leaf_value=-0.042712295942898534 -0.023869479316822474 0.07142748334074546 0.12771985893453194 0.0032810273225397594 0.042920383633900355 0.0087291562779390538 -0.020734079592523144 0.016471328371324933 0.069074722356076118 0.013033526121342712 0.040580529320746364 0.030336404646230719 0.064024236867760861 -0.030487897841128094 0.033347091312197666 0.12176485376661744 0.071766469370793354 0.018915330222851301 0.076432261413504607 0.042752732402137422 -0.0039473571790093189 0.022430578473970859 0.049294324683167391 -0.0039982001326084324 0.0734046497556477 0.089440084561460076 0.049561202333621129 0.11127078980705851 0.13311674736269843 0.14615053081831839
leaf_weight=1013.9029009342194 137.98995044082403 91.163399681448936 10.002541586756704 209.06298535689712 19.428298234939575 146.81624096259475 1185.3639496676624 216.32559132948518 14.24668423831463 231.49519950896502 229.44176636636257 356.28924947977066 92.925230607390404 1213.146413821727 252.31095468997955 9.221711650490759 57.716959968209267 45.19860265403986 12.105008594691752 36.496756307780743 327.16777134314179 13.9011148288846 159.47565514594316 296.22038221359253 191.10850523412228 139.04962127655745 98.826263353228569 15.451047390699385 28.148667261004448 15.365203782916067
leaf_count=18581 2193 952 115 3183 184 2066 19259 3052 144 2965 3020 4064 1016 21272 3007 109 671 678 157 510 4878 143 1643 4232 1972 1249 1118 168 240 138
internal_value=-0.00027795 0.0315328 0.0167666 -0.0278341 0.0587292 0.00715834 -0.0152143 0.014605 0.0526453 0.0365468 0.028171 0.0431029 0.037329 -0.0360572 0.0303807 0.0172686 0.0405365 -0.0192723 0.00734008 -0.00602559 0.000736104 0.0865939 0.06618 0.00463296 0.0624687 0.0913319 0.0637851 0.0580385 0.0968983 0.109594
internal_weight=6865.36 3186.58 2065.48 3678.78 1121.1 1390.46 1451.73 888.804 920.574 675.025 376.258 540.378 449.214 2227.05 550.745 240.717 310.028 1230.56 221.168 501.654 363.665 200.528 380.196 512.546 350.584 186.627 124.28 114.277 167.198 29.6119
internal_count=102979 39849 28104 63130 11745 19951 23277 12370 9929 8153 5086 6032 5080 39853 6752 3074 3678 19937 3340 7581 5388 1816 3897 7284 3615 1673 1401 1286 1489 282
is_linear=0
shrinkage=0.05


Tree=7
num_leaves=31
num_cat=0
split_feature=32 32 7 7 7 10 4 32 4 18 2 7 18 18 28 32 32 7 32 8 8 2 6 7 7 28 7 9 7 18
split_gain=1826.11 317.645 129.126 92.1342 80.044 71.6941 58.5555 56.1212 53.2603 50.5559 50.3941 46.1929 36.9205 35.5252 33.8773 29.401 27.4364 22.919 21.1957 19.1646 18.9989 18.8952 18.8461 18.0194 15.2277 14.8597 16.0213 14.7184 14.5615 14.2967
threshold=63.550000000000004 70.850000000000009 48.250000000000007 45.850000000000001 60.95000000000001 55.000000000000007 90.950000000000017 57.650000000000013 93.15000000000002 11.500000000000002 54.050000000000004 66.550000000000011 11.500000000000002 14.500000000000002 4.5000000000000009 61.250000000000007 78.250000000000014 54.150000000000013 58.95000000000001 69.65000000000002 28.750000000000004 48.95000000000001 76.250000000000014 60.750000000000007 47.050000000000004 3.5000000000000004 58.750000000000007 50.050000000000004 53.050000000000004 15.500000000000002
decision_type=10 10 2 2 2 2 2 10 2 2 2 2 2 2 2 8 10 2 10 2 2 2 2 2 2 2 2 2 2 2
left_child=2 3 10 -2 8 7 11 21 9 22 18 13 20 -5 -11 -12 29 19 -1 -8 -9 -4 -3 -14 -17 26 -7 -13 -23 -6
right_child=1 4 5 6 16 25 17 12 -10 14 15 27 23 -15 -16 24 -18 -19 -20 -21 -22 28 -24 -25 -26 -27 -28 -29 -30 -31
leaf_value=-0.041183434282448535 -0.0070665656519971962 0.05281451227212719 -0.033974937177682706 0.02485597797694546 0.08470216931794089 0.029083840838248172 0.01690628192564439 0.090510960666312368 0.062573207228485639 0.035734649573138773 -0.023630708418962976 0.11760907967097237 -0.013314641109109513 0.0062898351525062929 0.0080728518424404826 0.00095824909283544711 0.11722408612224572 0.067512598129702769 -0.026577021000700609 0.063173214425459853 0.015403109713161375 -0.026215411908612343 0.094632395003235156 0.016593846654533069 0.061549034765342785 0.007414535948664612 0.094488399595507352 0.045362427825355114 -0.013127032173859007 0.046750133766652498
leaf_weight=1087.4621753245592 414.65802328661084 142.36214396357536 321.13212578743696 439.67071950808167 55.774830117821693 34.791529063135386 73.165760736912489 9.2349308431148511 243.86798000708222 724.79584319517016 325.68005947396159 12.869321372359993 517.55579707399011 624.75972456857562 131.28545223549008 52.085079539567232 38.835746996104717 75.406300753355026 325.89535380527377 32.52483095228672 91.121274795383215 429.60200418904424 33.982851967215538 55.560184188187122 12.90398223698139 47.058407656848431 13.001304257661102 16.658435963094234 425.75121325999498 47.138248790055513
leaf_count=19895 6064 1499 5810 5802 509 518 951 135 2448 8003 5714 142 8221 8749 1609 835 320 863 5462 418 1310 7610 349 780 199 696 183 181 7251 453
internal_value=-0.000292935 0.0280461 -0.0237872 0.0133968 0.0454962 -0.014844 0.0200556 -0.0170198 0.0415231 0.0365404 -0.0334242 0.0156863 -0.00549871 0.013965 0.0314998 -0.0174989 0.0811802 0.0463987 -0.0378211 0.0312378 0.0224476 -0.0236097 0.0609505 -0.0104041 0.0131418 0.0275126 0.0471407 0.0773097 -0.0197088 0.0674294
internal_weight=6856.59 3107.76 3748.84 1689.71 1418.04 1944.81 1275.06 1849.96 1276.29 1032.43 1804.03 1093.96 673.472 1064.43 856.081 390.669 141.749 181.097 1413.36 105.691 100.356 1176.49 176.345 573.116 64.9891 94.8512 47.7928 29.5278 855.353 102.913
internal_count=102979 38360 64619 23170 15190 32514 17106 31117 13908 11460 32105 14874 10446 14551 9612 6748 1282 2232 25357 1369 1445 20671 1848 9001 1034 1397 701 323 14861 962
is_linear=0
shrinkage=0.05


Tree=8
num_leaves=31
num_cat=0
split_feature=33 33 33 32 18 5 33 5 1 5 18 31 5 18 33 18 10 12 33 30 32 17 33 4 4 4 33 5 4 4
split_gain=2028.21 395.419 133.783 117.283 58.6034 57.5987 52.6258 44.9436 41.1576 35.4682 29.2105 27.9209 27.5422 26.1715 34.9721 25.3354 24.4004 23.5052 23.4065 22.5128 21.8077 20.7978 20.1812 19.3871 18.9292 18.7828 18.2634 18.0237 17.0932 16.6456
threshold=56.050000000000004 68.850000000000009 41.750000000000007 64.65000000000002 13.500000000000002 55.850000000000001 76.550000000000011 61.45000000000001 58.150000000000013 71.250000000000014 11.500000000000002 8.5000000000000018 70.65000000000002 13.500000000000002 60.250000000000007 10.500000000000002 65.000000000000014 76.65000000000002 64.050000000000011 499.00000000000006 72.850000000000009 1450.0000000000002 61.850000000000001 92.350000000000009 93.450000000000017 70.450000000000017 56.650000000000013 48.650000000000013 92.750000000000014 62.050000000000004
decision_type=8 10 10 10 2 2 10 2 2 2 2 8 2 2 10 2 2 2 8 2 10 2 8 2 2 2 10 2 2 2
left_child=2 3 16 13 20 15 8 18 10 11 29 -7 21 14 -2 -4 27 -10 -6 -19 22 -8 -5 -12 -16 -11 -22 -1 -9 -3
right_child=1 6 5 4 7 9 12 28 17 25 23 -13 -14 -15 24 -17 -18 19 -20 -21 26 -23 -24 -25 -26 -27 -28 -29 -30 -31
leaf_value=-0.041714708264139623 -0.0019246899835855355 0.097976940704840143 -0.0026002864364694876 0.013268923823548998 0.002173825080152026 -0.012388711029076576 0.076260361431172471 0.030574413858251895 0.043698808063145224 0.088394358355248392 0.02838606376936665 0.021076175321099094 0.099780258046911791 -0.0063453033268127991 0.025218111365608333 -0.024519723246539761 0.024966526726067723 0.066286561506535016 0.021126516421427044 0.11965908067536868 0.093975246062264706 0.048757739957039713 0.040548431887316112 0.051524104830085307 0.083706120510439394 -0.0019324449684357536 0.046448631604009694 -0.030032174360825233 0.071162259279451301 0.050813644609250974
leaf_weight=1124.352927941829 174.61552038416266 24.455063723027706 146.79363605380058 105.74911128729582 392.99151969328523 264.92580557242036 123.49431342631578 180.74465104192495 82.05179875344038 16.357403948903087 443.87918511033058 81.329273156821728 54.543981678783894 554.98553815484047 99.60457419231534 1341.5586463734508 15.251493752002714 83.392740346491337 278.99369988590479 26.64556960016489 24.745751209557056 161.48363061994314 192.75985579192638 114.9241061732173 16.138439297676086 8.6794674322009069 120.03078470379114 475.07658084109426 30.596671026200056 86.940473094582558
leaf_count=21840 2703 239 2314 1361 5338 4156 1151 2106 771 226 4743 1255 452 8498 1329 23095 270 752 3435 235 238 1449 2243 1135 202 120 1225 8947 333 818
internal_value=-0.000301383 0.0273108 -0.0271158 0.0145733 0.0238476 -0.0179667 0.0503231 0.0163901 0.0437305 -0.00033478 0.0378533 -0.00451014 0.0670339 1.20156e-05 0.0121785 -0.0223615 -0.0376482 0.0641799 0.010052 0.0793529 0.0386897 0.060716 0.0309089 0.033162 0.0334817 0.056999 0.0546658 -0.0382499 0.036505 0.061291
internal_weight=6848.09 3373.77 3474.33 2171.96 1326.61 1859.64 1201.81 883.327 862.289 371.292 670.199 346.255 339.522 845.344 290.359 1488.35 1614.68 192.09 671.985 110.038 443.286 284.978 298.509 558.803 115.743 25.0369 144.777 1599.43 211.341 111.396
internal_count=102979 40756 62223 29011 16279 31166 11745 11212 8693 5757 6935 5411 3052 12732 4234 25409 31057 1758 8773 987 5067 2600 3604 5878 1531 346 1463 30787 2439 1057
is_linear=0
shrinkage=0.05


Tree=9
num_leaves=31
num_cat=0
split_feature=33 33 33 7 5 7 7 5 33 33 7 32 28 32 7 4 30 33 3 31 7 32 4 2 7 7 2 17 7 2
split_gain=1833.74 332.53 130.291 111.415 74.8535 63.6825 50.3802 47.8633 38.4425 36.8747 36.3531 34.3923 27.5547 27.2042 26.5038 26.2807 25.9705 25.5128 25.1061 25.0147 23.5339 21.72 20.7457 19.7435 19.519 18.5552 18.2888 18.1552 37.9303 16.8654
threshold=56.050000000000004 68.850000000000009 41.750000000000007 47.150000000000013 60.250000000000007 46.750000000000007 45.750000000000007 56.45000000000001 76.550000000000011 64.050000000000011 60.650000000000013 68.450000000000017 2.5000000000000004 48.750000000000007 66.550000000000011 88.850000000000009 475.00000000000006 79.250000000000014 44.850000000000001 4.5000000000000009 48.150000000000013 60.45000000000001 73.250000000000014 58.350000000000001 68.65000000000002 41.150000000000013 62.850000000000001 2150.0000000000005 43.95000000000001 52.250000000000007
decision_type=8 10 10 2 2 2 2 2 10 10 2 10 2 10 2 2 2 10 2 8 2 10 2 2 2 2 2 2 2 2
left_child=2 3 20 11 9 -4 17 14 18 13 15 25 -12 -5 -7 -6 -11 22 -8 -9 -1 -21 -3 -20 -10 -2 -22 -13 -29 -24
right_child=1 6 5 4 10 7 8 19 24 16 12 27 -14 -15 -16 -17 -18 -19 23 21 26 -23 29 -25 -26 -27 -28 28 -30 -31
leaf_value=-0.042922381069620319 -0.029903616340522823 -0.0025245265094318912 -0.030437170500395901 -0.029062909632933644 0.026824511742313706 -0.017085488698816244 0.028240305141207581 -0.0032260807444578227 0.063911615747458475 0.013482285863959557 0.13226970180876393 0.0064328085112790121 0.055160712925222566 0.010829094706958357 0.038093740998114016 0.063404437021388649 0.041312826813891326 0.057400524613544279 0.044165992507158441 0.0006343713812415018 -0.031281772571203278 0.049945305167140373 0.0095283298104092435 0.065481917385956198 0.12891702794665227 -0.0055838878800085539 0.056749346979633408 -0.004059515998429959 0.095663923686124863 0.047315352817998785
leaf_weight=813.89771313592792 100.93844456225634 77.315132156014442 616.73294442147017 45.268621873110533 281.55510831996799 937.80397698655725 173.88047331571579 161.84976058080792 266.4690450951457 158.51536821946502 15.730468638241289 194.48724815249443 46.33891037106514 722.48394164443016 22.13302680850029 59.854659460484982 179.79934412613511 50.870615169405937 393.21120292693377 38.603676907718182 741.67551125958562 53.570506136864424 53.541002787649632 153.1665707975626 12.259175218641756 354.58032822236419 5.819491632282733 19.511139549314976 18.365122087299824 66.99160061776638
leaf_count=16428 1570 871 11141 739 3340 15903 1658 2446 2231 1894 147 2401 458 9836 321 662 2097 467 3782 615 14523 740 593 1367 83 5441 106 224 202 693
internal_value=-0.000310663 0.0253821 -0.0264067 0.0136726 0.0212727 -0.0173502 0.045998 -0.0106955 0.0510172 0.0145385 0.0397125 -0.00299911 0.0749645 0.00846697 -0.0158042 0.0332689 0.0282956 0.0258055 0.044881 0.00858903 -0.0370202 0.0293705 0.0176316 0.0501615 0.0668339 -0.0109893 -0.0305822 0.012641 0.0442865 0.0305935
internal_weight=6837.22 3445.13 3392.09 2197.43 1509.55 1830.69 1247.7 1213.96 998.986 1106.07 403.479 687.882 62.0694 767.753 959.937 341.41 338.315 248.718 720.258 254.024 1561.39 92.1742 197.848 546.378 278.728 455.519 747.495 232.364 37.8763 120.533
internal_count=102979 40756 62223 29011 19173 31166 11745 20025 9121 14566 4607 9838 605 10575 16224 4002 3991 2624 6807 3801 31057 1355 2157 5149 2314 7011 14629 2827 426 1286
is_linear=0
shrinkage=0.05


Tree=10
num_leaves=31
num_cat=0
split_feature=33 32 33 7 33 7 5 7 33 5 7 10 10 0 18 1 9 32 1 6 18 5 18 18 5 6 7 33 18 0
split_gain=1716.65 264.651 168.174 96.8244 77.8142 70.8673 55.3112 51.4763 48.5955 44.5972 41.9699 38.1169 34.03 29.7491 37.8951 29.3504 29.0031 28.1408 26.9187 30.1479 24.7149 24.6277 24.4161 23.6014 22.7442 22.0393 20.9424 19.5107 19.2985 18.993
threshold=56.45000000000001 68.850000000000009 41.750000000000007 46.550000000000004 70.450000000000017 47.650000000000013 54.250000000000007 51.150000000000013 60.850000000000001 69.15000000000002 58.750000000000007 65.000000000000014 65.000000000000014 52.95000000000001 15.500000000000002 47.850000000000001 59.250000000000007 81.65000000000002 56.150000000000013 56.050000000000004 10.500000000000002 62.45000000000001 14.500000000000002 10.500000000000002 66.65000000000002 54.150000000000013 45.150000000000013 62.250000000000007 11.500000000000002 51.150000000000013
decision_type=8 10 10 2 8 2 2 2 10 2 2 2 2 2 2 2 2 10 2 2 2 2 2 2 2 2 2 10 2 2
left_child=2 3 11 8 10 28 13 17 -2 12 18 24 22 27 -15 -9 25 20 19 -3 -6 -12 -7 -17 -1 -8 -20 -5 -4 -10
right_child=1 4 5 6 7 9 16 15 29 -11 21 -13 -14 14 -16 23 -18 -19 26 -21 -22 -23 -24 -25 -26 -27 -28 -29 -30 -31
leaf_value=-0.039079484637541385 -0.025259894867450103 0.0343115255971983 -0.0071415127026377189 -0.013255370755329832 0.073017068000599247 -0.0020646453342802649 0.049683248707593157 0.12475139364053196 -0.0088112051906553083 0.049680909837065329 0.036301851076945162 0.042529851560437648 0.028947746998046565 0.035386778544726279 4.5205846135536065e-05 0.091423480461075748 -0.030556843623550652 0.075861202850082132 0.0065855951712271727 0.007851526689816507 0.028492778033440899 0.079787665164976526 -0.017523595843295596 0.053949958703317924 0.024327187144939769 0.026087945885569837 0.042560677075956288 0.012142922967938936 -0.030939891172277814 0.017648089635899127
leaf_weight=1483.3330070711672 222.93809993565083 158.84950187802315 99.666867028921843 184.67548359185457 34.291140928864479 431.41041769087315 130.80634231865406 17.383837573230267 119.772506326437 32.943479809910059 84.888375386595726 14.527378868311642 55.273025576025248 164.37892269715667 141.28825765103102 48.011901289224625 19.193343587219715 41.379294209182262 49.928103052079678 336.08090446144342 358.8389091566205 53.820337161421776 628.96613617613912 377.37499925494194 14.119064047932623 418.42177733406425 222.0287069529295 127.76733512803912 613.21424527466297 155.66432612389326
leaf_count=30571 3626 1784 1714 2794 303 6944 1566 147 1662 433 841 259 805 2105 1955 349 261 323 583 3853 3407 448 10717 2988 262 4987 2381 1567 11397 2078
internal_value=8.96383e-05 0.0247933 -0.0253033 0.0105796 0.0382218 -0.0152362 0.0183485 0.0488436 -0.00790651 -0.00754324 0.0279224 -0.0376923 -0.00924176 0.00798303 0.0190726 0.060863 0.0296078 0.036573 0.0233273 0.0163593 0.0324067 0.0532561 -0.0112397 0.0582117 -0.0384767 0.0317246 0.0359793 -0.00285268 -0.0276212 0.00612521
internal_weight=6841.24 3467.78 3373.45 1684.91 1782.88 1861.47 1186.53 877.28 498.375 1148.59 905.596 1511.98 1115.65 618.11 305.667 442.771 568.421 434.509 766.887 494.93 393.13 138.709 1060.38 425.387 1497.45 549.228 271.957 312.443 712.881 275.437
internal_count=103110 40008 63102 22601 17407 32010 15235 7517 7366 18899 9890 31092 18466 8421 4060 3484 6814 4033 8601 5637 3710 1289 17661 3337 30833 6553 2964 4361 13111 3740
is_linear=0
shrinkage=0.05


Tree=11
num_leaves=31
num_cat=0
split_feature=33 33 33 5 1 18 33 18 33 5 10 5 10 0 32 32 18 5 5 3 5 3 4 10 32 33 18 6 18 32
split_gain=1552.89 232.48 163.174 75.7395 72.3902 52.4295 50.0943 48.3446 46.3315 40.4207 35.5192 35.475 32.856 31.0703 34.5535 28.9314 28.4502 27.6255 24.6101 23.3668 21.5724 19.7585 19.6898 22.3968 19.3274 18.4422 18.1662 16.474 16.1496 15.9151
threshold=56.45000000000001 64.850000000000009 41.750000000000007 56.45000000000001 55.850000000000001 10.500000000000002 85.350000000000009 13.500000000000002 71.050000000000011 70.950000000000017 65.000000000000014 58.850000000000001 65.000000000000014 52.350000000000001 64.850000000000009 76.850000000000009 11.500000000000002 46.650000000000013 63.250000000000007 56.650000000000013 66.65000000000002 40.150000000000013 89.950000000000017 77.500000000000014 78.050000000000011 77.350000000000009 14.500000000000002 60.350000000000001 14.500000000000002 56.650000000000013
decision_type=8 10 10 2 2 2 10 2 10 2 2 2 2 2 10 10 2 2 2 2 2 2 2 2 10 10 2 2 2 10
left_child=2 3 10 13 8 18 7 21 24 12 20 -9 17 14 -2 22 19 -7 29 -10 -1 -6 23 -5 28 -18 -15 -17 -3 -4
right_child=1 4 5 15 6 9 -8 11 16 -11 -12 -13 -14 26 -16 27 25 -19 -20 -21 -22 -23 -24 -25 -26 -27 -28 -29 -30 -31
leaf_value=-0.038488629677223815 -0.019840143139068574 0.024382875502252432 -0.015312271602031642 0.014281840368351931 0.027228299452564143 -0.027829714819777113 0.10994453132524498 0.023150793602067232 0.051910655677000019 0.042136793789104156 0.038909016020042271 0.048938284715462105 0.018633779607154267 0.020332363552708357 0.0061258545776048355 0.09233653905471044 0.0255090650825841 -0.014316553830658616 0.078349121878395031 0.12408321134634961 0.02261832584753384 0.067950405129569208 0.044889293912788841 0.080736133824961864 0.046236145341446176 0.046595872625987911 0.001590502675948629 0.030816994880286476 0.0066798360227296009 0.016215736791463778
leaf_weight=1432.1076025851071 275.33071708679199 217.20289718732238 60.677862830460072 398.52263165637851 35.468671299517155 649.50140844285488 29.581068441271782 287.49033350124955 63.507997743785381 27.745372530072927 15.07961370795965 251.09252651408315 57.018919993191957 223.23876084759831 239.08359298482537 22.968170642852783 328.15145578980446 912.73963037505746 12.291105676442383 13.819766119122503 14.425831049680708 208.80771576613188 71.560912530869246 13.041527327150105 50.544856697320938 153.52233375608921 308.61957346275449 21.48794037103653 319.35779732465744 116.69798975810409
leaf_count=30571 4416 2295 1047 5075 304 11961 195 2875 513 360 259 2175 853 2862 3047 215 3091 15885 160 110 262 1769 835 140 461 1270 4355 203 3802 1744
internal_value=6.32219e-05 0.0231002 -0.0246074 0.00878604 0.0345992 -0.0146807 0.046026 0.0435907 0.0264915 -0.0175485 -0.037076 0.0351893 -0.0185768 0.000991657 -0.0077634 0.0242309 0.0368014 -0.0199393 0.0101922 0.0650173 -0.0378743 0.0620716 0.0206547 0.0164189 0.016662 0.0322487 0.00946883 0.0628491 0.0138587 0.00539971
internal_weight=6830.69 3532.4 3298.29 1573.85 1958.55 1836.67 812.44 782.859 1146.11 1647.01 1461.61 538.583 1619.26 1046.27 514.414 527.581 559.002 1562.24 189.667 77.3278 1446.53 244.276 483.125 411.564 587.106 481.674 531.858 44.4561 536.561 177.376
internal_count=103110 40008 63102 21148 18860 32010 7318 7123 11542 29059 31092 5050 28699 14680 7463 6468 4984 27846 2951 623 30833 2073 6050 5215 6558 4361 7217 418 6097 2791
is_linear=0
shrinkage=0.05


Tree=12
num_leaves=31
num_cat=0
split_feature=7 1 28 1 4 0 7 7 7 18 30 4 0 18 2 21 0 28 0 30 18 1 30 11 7 0 3 0 2 29
split_gain=415.475 249.196 125.343 126.344 96.9279 89.0522 66.0329 63.4615 58.5046 48.8582 46.8387 44.6593 38.4715 38.178 35.8664 39.4034 31.0848 25.7934 24.0783 22.1109 20.9074 18.1285 18.0765 16.9213 16.3844 16.1633 15.7424 14.6454 14.4517 13.186
threshold=51.150000000000013 53.650000000000013 4.5000000000000009 56.550000000000004 90.250000000000014 46.150000000000013 44.150000000000013 67.550000000000011 41.650000000000013 15.500000000000002 445.00000000000006 89.250000000000014 49.95000000000001 11.500000000000002 58.550000000000004 1.0000000180025095e-35 47.550000000000004 4.5000000000000009 60.050000000000004 503.00000000000006 13.500000000000002 48.550000000000004 451.00000000000006 48.95000000000001 59.350000000000001 46.050000000000004 37.95000000000001 41.250000000000007 51.95000000000001 57.750000000000007
decision_type=2 2 2 2 2 2 2 2 2 2 2 2 2 2 2 2 2 2 2 2 2 2 2 2 2 2 2 2 2 2
left_child=1 4 3 5 6 19 25 9 -3 -7 -5 13 27 18 15 24 -17 -15 -10 -2 26 -9 -14 -22 -4 -1 -12 -8 -18 -16
right_child=2 8 14 10 -6 7 12 21 11 -11 20 -13 22 17 29 16 28 -19 -20 -21 23 -23 -24 -25 -26 -27 -28 -29 -30 -31
leaf_value=-0.045615444865764486 -0.01833132664329145 -0.019191000724400602 -0.027321670620278196 0.008208788612443757 0.01731856910545233 0.023912570032552222 -0.040361335459166543 0.12407552732205658 0.023488199685912824 0.0051766485835881611 0.0021039453192675051 0.027346366275514147 -0.021745526390635039 0.0057585431841345527 0 -0.029439524312319568 0.097727869663191691 -0.015906376698090544 0.1060703502451031 0.016808774773717398 -0.00021779074053276606 0.052551771703884323 -0.0055959929332801521 0.041583828134914555 0.0043961585013756561 -0.029708653016483191 0.063538462725325137 -0.021851191532010948 0.022648210494828014 0.026987632443647172
leaf_weight=221.96555982157588 247.99846917018294 191.2566929385066 268.50908687338233 99.282769273966551 162.9952615685761 765.58219561725855 136.72249230742455 10.4603447727859 126.93961507081985 639.40577182546258 11.310379609465597 298.04329229146242 234.37867769598961 575.25156575068831 118.83735651150346 14.17053961008787 13.616562228649856 180.35755648463964 9.4498291835188848 54.393456134945154 26.250658191740513 63.628091420978308 669.82233202084899 278.65247320383787 47.649286236613989 592.10102271288633 166.71792772039771 508.28882694989443 12.573029667139052 72.715187065303326
leaf_count=4546 4160 2977 4515 1117 2133 10006 2816 140 1706 8911 100 3479 4141 7887 1699 192 166 2930 108 829 273 626 11255 2793 743 11102 1559 9125 141 935
internal_value=4.10324e-05 -0.0106117 0.0143386 0.0193344 -0.0199486 0.0127204 -0.0225216 0.0177763 0.00646117 0.0153904 0.0395577 0.0105893 -0.016455 0.00498224 -0.00719734 -0.0165767 0.0298416 0.000579272 0.0293201 -0.0119904 0.0459892 0.062871 -0.0097896 0.0379696 -0.0225257 -0.0340571 0.0596669 -0.0257882 0.0620973 0.0102329
internal_weight=6819.33 3907.57 2911.75 2363.68 2526.27 1781.47 2363.28 1479.08 1381.3 1404.99 582.214 1190.04 1549.21 891.999 548.071 356.519 40.3601 755.609 136.389 302.392 482.931 74.0884 904.201 304.903 316.158 814.067 178.028 645.011 26.1896 191.553
internal_count=103110 64205 38905 30514 45118 24672 42985 19683 19087 18917 5842 16110 27337 12631 8391 5757 499 10817 1814 4989 4725 766 15396 3066 5258 15648 1659 11941 307 2634
is_linear=0
shrinkage=0.05


Tree=13
num_leaves=31
num_cat=0
split_feature=33 33 33 7 7 7 33 18 5 5 7 10 5 18 7 9 5 18 7 7 3 1 18 2 5 1 7 33 7 33
split_gain=1358.87 198.851 146.626 85.7653 62.4828 60.3689 54.3475 50.4681 43.2503 38.6306 38.2077 32.7688 26.2974 25.1978 23.2645 22.7985 20.5303 20.4597 20.8585 18.995 18.9885 18.6612 18.3183 17.5643 17.5283 17.2038 15.4451 15.252 14.8947 11.5225
threshold=56.050000000000004 64.850000000000009 41.750000000000007 51.550000000000004 47.650000000000013 45.750000000000007 76.550000000000011 11.500000000000002 65.450000000000017 71.550000000000011 42.750000000000007 65.000000000000014 66.850000000000009 14.500000000000002 38.050000000000004 51.850000000000001 66.65000000000002 15.500000000000002 57.45000000000001 66.15000000000002 61.850000000000001 49.550000000000004 10.500000000000002 55.95000000000001 48.850000000000001 59.45000000000001 56.45000000000001 86.550000000000011 52.050000000000004 79.250000000000014
decision_type=8 10 10 2 2 2 10 2 2 2 2 2 2 2 2 2 2 2 2 2 2 2 2 2 2 2 2 10 2 10
left_child=2 3 11 10 22 14 7 25 17 13 -2 16 -9 24 -3 21 26 18 -5 -15 -19 -12 -4 29 -6 -7 -1 28 -8 -16
right_child=1 5 4 8 9 6 27 12 -10 -11 15 -13 -14 19 23 -17 -18 20 -20 -21 -22 -23 -24 -25 -26 -27 -28 -29 -30 -31
leaf_value=-0.039484184700483982 -0.023049809501908106 -0.028561519597974268 -0.00032867041275393458 0.014534308941086694 -0.0098051360662325324 0.046277300960949314 0.038849863733283641 0.022465229053668236 0.050816573105972929 0.060535854056686947 -0.01066045663484288 0.0354128056146805 0.041996815304433104 -0.01662925677433438 0.0051944996771203268 -0.029883422209655661 0.021593898964715759 0.0024219472832566606 0.03984450434112382 0.03098101087652709 0.077657459860199521 0.0092948397875345801 -0.0292982843773913 0.03442848637694166 0.0099193762588543951 0.084774814261386722 -0.022066597526891309 0.098230894908898192 0.061579301104340567 0.033144286546009517
leaf_weight=1219.6856062710285 178.64557053521276 30.085425589233637 60.448913108557463 233.06852546706796 214.21588541939855 199.53715935349464 134.90853527933359 865.5283944234252 102.45266992598772 20.582908518612385 148.69574423879385 15.650405284017323 216.44001700356603 599.34752013906837 213.68773317709565 49.999275930225849 14.614583555608986 250.13707085698843 126.03014716133475 21.548056658357382 8.5872351899743062 548.21409793943167 596.52338740229607 104.10777029022574 237.23527422919869 34.588558927178383 144.13922112062573 18.687820859253407 161.60188117623329 44.667817652225494
leaf_count=27528 2782 358 1044 2870 3592 1667 1078 8567 1016 239 2232 259 1826 10567 2455 738 262 3285 1374 295 112 7627 11745 1053 3640 253 3043 112 1117 374
internal_value=2.57169e-05 0.0206941 -0.0240967 0.00778263 -0.014453 0.0311906 0.0354286 0.030949 0.0207206 -0.0071204 -0.00228155 -0.0361964 0.0263805 -0.0084292 0.0135615 0.00268152 -0.0370155 0.0157143 0.0234398 -0.0149642 0.00496742 0.005029 -0.0266408 0.0170785 0.000548823 0.0520198 -0.0376488 0.0541015 0.0512711 0.0100571
internal_weight=6813.66 3669.67 3143.99 1645.83 1749.9 2023.84 1631.29 1316.09 720.276 1092.93 925.555 1394.09 1081.97 1072.35 392.549 746.909 1378.44 617.823 359.099 620.896 258.724 696.91 656.972 362.463 451.451 234.126 1363.82 315.198 296.51 258.356
internal_count=103110 40896 62214 22036 31122 18860 14620 12313 8657 18333 13379 31092 10393 18094 4240 10597 30833 7641 4244 10862 3397 9859 12789 3882 7232 1920 30571 2307 2195 2829
is_linear=0
shrinkage=0.05


Tree=14
num_leaves=31
num_cat=0
split_feature=33 32 33 33 5 10 5 1 5 33 5 31 5 33 15 10 5 4 19 3 4 6 6 1 4 3 13 14 3 10
split_gain=1232.75 176.738 142.219 60.2844 51.3575 45.113 40.1032 33.8954 29.6992 29.6968 26.1703 25.9783 25.3739 25.1264 24.8906 22.5945 23.4668 19.4737 17.3806 16.6612 16.2082 15.9946 15.3032 15.2088 15.0521 13.7191 13.3252 12.9764 12.6711 12.1116
threshold=56.050000000000004 68.850000000000009 40.45000000000001 60.850000000000001 57.850000000000001 65.000000000000014 70.950000000000017 63.550000000000004 52.550000000000004 64.050000000000011 46.650000000000013 10.500000000000002 61.45000000000001 73.350000000000009 48.95000000000001 55.000000000000007 66.65000000000002 90.950000000000017 1.0000000180025095e-35 57.050000000000004 73.550000000000011 88.100000000000009 58.750000000000007 58.550000000000004 87.65000000000002 59.95000000000001 49.95000000000001 53.750000000000007 50.250000000000007 65.000000000000014
decision_type=8 10 10 10 2 2 2 2 2 8 2 8 2 8 2 2 2 2 2 2 2 2 2 2 2 2 2 2 2 2
left_child=2 3 15 8 9 6 10 13 24 22 -4 -12 17 14 -6 16 -1 21 -14 -19 25 -5 -3 -15 -2 -11 -8 -20 -22 -24
right_child=1 4 5 12 7 -7 26 -9 -10 20 11 -13 18 23 -16 -17 -18 19 27 -21 28 -23 29 -25 -26 -27 -28 -29 -30 -31
leaf_value=-0.038057694994414158 -0.016074448104845856 0.0275874963437099 -0.024390438982922962 0.0063505394372450012 0.015726394314973954 0.022141683472369385 0.092383381613041118 0.11729770157034519 0.0087058769550408463 0.013828516937691297 -0.016033866951187064 0.003861768782605789 0.013857455706379444 0.041630724203921249 0.037985755747115518 0.0208586283423422 0.027979430443314829 0.019396398566047593 0.044756517882524043 0.06274419640256397 0.023920668829435863 0.071983516568144709 -0.0035851607138936907 0.066342918707889623 0.0092662146616582976 0.052483129580949098 0.017778351611680641 -0.0026571431616653294 0.04094783699686224 0.036967495285587362
leaf_weight=1206.3479404561222 347.44255913048983 71.002966240048409 732.014209959656 636.86081061884761 196.4238588809967 79.744859337806702 9.3859278783202189 13.299839399754999 305.34196648746729 246.71726907789707 795.76160737872124 206.15981805324554 111.82030578330159 308.33540960401297 353.95890302211046 16.747585501521826 13.449792351573704 122.65059607103467 138.40905854105949 27.228856794536114 207.50678334385157 9.3386464193463308 179.36740865558386 79.676908202469349 70.150889113545418 25.374867372214794 16.997391302138567 15.876305289566515 237.40984433889389 20.412682667374611
leaf_count=28096 5597 831 14167 7855 1790 1153 116 92 4323 2337 14307 3638 1199 2287 3160 293 238 1353 1407 292 1846 115 2165 517 1029 237 206 162 2072 230
internal_value=6.969e-06 0.0193543 -0.0234136 0.00799696 0.0298042 -0.0145952 -0.0162635 0.0381013 -0.00313464 0.0218021 -0.0171973 -0.0119351 0.0155775 0.0369611 0.0300551 -0.0365295 -0.0373232 0.0110969 0.0289538 0.0273414 0.0271322 0.00731777 0.00766543 0.046734 -0.0118043 0.0174697 0.0447567 0.0398466 0.0330249 0.000549745
internal_weight=6801.22 3724.61 3076.61 1785.12 1939.49 1840.06 1760.32 951.695 722.935 987.792 1733.94 1001.92 1062.18 938.395 550.383 1236.55 1219.8 796.079 266.106 149.879 717.009 646.199 270.783 388.012 417.593 272.092 26.3833 154.285 444.917 199.78
internal_count=103110 40896 62214 23332 17564 33587 32434 7846 10949 9718 32112 17945 12383 7754 4950 28627 28334 9615 2768 1645 6492 7970 3226 2804 6626 2574 322 1569 3918 2395
is_linear=0
shrinkage=0.05


Tree=15
num_leaves=31
num_cat=0
split_feature=33 33 33 7 32 7 5 5 1 18 10 7 3 7 7 0 6 7 29 0 7 33 0 5 33 31 9 26 18 9
split_gain=1111.4 148.45 115.791 81.5893 55.3404 54.8597 40.6367 36.0794 34.245 34.0673 31.2135 29.0701 26.9725 26.6857 26.0727 23.1094 32.9487 21.5803 20.2786 20.2433 18.8895 21.2951 18.5215 18.2647 18.2397 17.2105 17.1126 16.5611 16.1175 15.7962
threshold=56.050000000000004 70.450000000000017 41.750000000000007 54.150000000000013 65.850000000000009 47.650000000000013 61.850000000000001 65.65000000000002 58.550000000000004 15.500000000000002 65.000000000000014 67.550000000000011 56.250000000000007 50.250000000000007 42.550000000000004 55.350000000000001 54.95000000000001 42.250000000000007 58.250000000000007 49.650000000000013 55.350000000000001 77.350000000000009 49.850000000000001 56.250000000000007 58.850000000000001 12.500000000000002 51.850000000000001 1.0000000180025095e-35 9.5000000000000018 50.050000000000004
decision_type=8 10 10 2 10 2 2 2 2 2 2 2 2 2 2 2 2 2 2 2 2 10 2 2 8 8 2 2 2 2
left_child=2 3 10 4 14 28 11 9 15 26 13 22 24 -1 -2 20 -17 -10 -14 -9 21 -3 -7 -15 -6 -25 -5 -19 -4 -13
right_child=1 8 5 7 12 6 -8 19 17 -11 -12 29 18 23 -16 16 -18 27 -20 -21 -22 -23 -24 25 -26 -27 -28 -29 -30 -31
leaf_value=-0.040184831248976878 -0.026379607024361981 0.0096457379425171092 0.009290459514095151 0.031012282775998531 -0.012019677189155524 -0.023632010649619801 0.021873978155842425 0.0036283982046203486 -0.0093617215364475044 0.0060708248388021985 0.03258586178058142 0.091808340245410194 0.024985374863577301 -0.028485271765494147 -0.00098719792740586932 0.071431019290417563 0.031076573260683173 0.056182695771224159 0.089845008395757223 0.053512838968328806 0.037313297417086784 0.031525834351248859 -0.007608924360372922 -0.0069446096338248928 0.01153348881450619 0.084845343241258531 -0.022251712203123452 0.0016184739030444127 -0.027494721374755046 0.010292275915896503
leaf_weight=822.04172738268971 120.30778718739748 301.01918226480484 31.066349662840366 370.49652476608753 93.16132728010416 245.44407124817371 108.42797461524606 24.296715565025806 14.702430851757525 286.72359231486917 17.290912415832281 9.8022831156849879 191.46076457574964 418.85771611705422 633.29566230252385 64.354429304599762 242.41698378324509 221.05519015341997 12.861997060477732 132.49797090142965 168.01597861945629 177.32017783820629 686.58466331660748 41.599454235285521 682.73466855287552 5.7131679505109778 15.54054284468293 15.047698155045508 603.76387221738696 15.343961220234631
leaf_count=20111 2037 2788 545 3782 1262 4420 1490 219 138 3317 273 130 2184 9710 9414 503 1920 1514 133 1093 1202 1370 11930 852 7604 115 196 106 12302 209
internal_value=2.00906e-05 0.0181124 -0.0226529 0.0113066 0.00513211 -0.014048 -0.00710857 0.0242034 0.0325967 0.0191515 -0.0338552 -0.0103989 0.0129655 -0.0347533 -0.00505052 0.0282529 0.0395789 0.0490665 0.0291347 0.0458219 0.0228644 0.017772 -0.011836 -0.0251581 0.00869785 0.00418947 0.0288499 0.0527284 -0.0256855 0.042504
internal_weight=6773.25 3767.31 3005.94 2563.38 1733.82 1700.43 1065.6 829.555 1203.93 672.761 1305.5 957.175 980.219 1288.21 753.603 953.127 306.771 250.805 204.323 156.795 646.355 478.339 932.029 466.17 775.896 47.3126 386.037 236.103 634.83 25.1462
internal_count=102869 40782 62087 31241 22634 31026 18179 8607 9541 7295 31061 16689 11183 30788 11451 7783 2423 1758 2317 1312 5360 4158 16350 10677 8866 967 3978 1620 12847 339
is_linear=0
shrinkage=0.05


Tree=16
num_leaves=31
num_cat=0
split_feature=33 32 33 7 7 33 5 7 7 7 5 7 3 1 33 33 5 4 32 31 4 17 9 9 3 5 8 32 4 9
split_gain=1009.29 130.034 111.708 61.4228 51.6865 42.3093 36.5501 30.9576 30.9452 29.3924 28.9995 25.783 23.1404 22.7086 20.2277 17.8738 17.312 17.6159 15.4572 15.2192 14.9403 14.9372 14.5755 14.5629 14.4328 14.288 14.2443 14.1985 13.3539 12.8519
threshold=56.050000000000004 68.850000000000009 41.750000000000007 52.95000000000001 47.650000000000013 70.450000000000017 61.850000000000001 58.750000000000007 42.550000000000004 50.250000000000007 65.65000000000002 67.550000000000011 55.95000000000001 58.550000000000004 65.050000000000011 76.250000000000014 56.250000000000007 89.050000000000011 69.550000000000011 12.500000000000002 47.45000000000001 2350.0000000000005 75.850000000000009 51.850000000000001 46.550000000000004 56.45000000000001 44.150000000000013 52.650000000000013 92.350000000000009 50.350000000000001
decision_type=8 10 10 2 2 8 2 2 2 2 2 2 2 2 10 8 2 2 10 8 2 2 2 2 2 2 2 10 2 2
left_child=2 3 9 8 18 7 11 20 28 -1 12 22 23 15 27 -7 17 -11 -4 -18 -3 -16 -6 -5 -12 -22 -14 -10 -2 -13
right_child=1 5 4 10 6 13 -8 -9 14 16 24 29 26 -15 21 -17 19 -19 -20 -21 25 -23 -24 -25 -26 -27 -28 -29 -30 -31
leaf_value=-0.03902771702680341 -0.023199214626658679 -0.00880095426976483 -0.027097713115409917 0.011882936018147289 -0.012063846268471909 0.021725584307895632 0.020397606894762922 0.038465088202219805 -0.021308251589248602 -0.028823781151601648 0.017708517962423991 0.070848232127855099 0.0026743181304870914 0.047464291174496839 0.011208958321087311 0.036846416076279961 -0.006175328367117313 0.019952668776848259 0.004405492077038043 0.074992162523622993 0.010223150749196164 0.062791161268606691 0.04540768881161656 -0.028487520206525181 0.058384869747141535 0.023873961005518182 0.043994543492587579 0.0012933734997348106 0.020738575047990798 3.635953965440902e-06
leaf_weight=799.96000288799405 163.95680408924818 62.847479797899723 578.95553612709045 420.78183221444488 911.37819807976484 406.62372453510761 110.41621337458491 162.32474315166473 79.766978848725557 395.97030107304454 33.733856894075871 14.20307543128729 27.330212999135256 214.88206008821726 338.49778346344829 382.23506664484739 44.061084315180779 19.228072956204414 41.426696967333555 6.5356948301196089 420.64787593111396 14.603771414607762 11.036037322133778 23.430868294090033 64.42452584952116 355.49134828150272 91.883873574435711 532.67007183283567 19.132855214178562 11.844511806964872
leaf_count=20234 2643 697 12139 4809 16162 3227 1490 1315 1370 9385 309 177 315 1403 3710 2845 890 432 708 120 4582 154 188 320 583 3397 1031 7814 258 162
internal_value=4.09421e-06 0.0169784 -0.0219842 0.0072591 -0.0135235 0.0257499 -0.00680148 0.0184634 0.000264391 -0.033203 0.0193937 -0.00997497 0.0150057 0.0330112 0.00384289 0.0290623 -0.0231826 -0.0265486 -0.0249856 0.00433787 0.0145834 0.0133737 -0.011366 0.00973633 0.0444889 0.0164843 0.0345738 -0.00164521 -0.0185716 0.0389478
internal_weight=6760.28 3815.27 2945.02 1810.21 1679.26 2005.05 1058.88 1001.31 1148.63 1265.76 661.585 948.462 563.427 1003.74 965.539 788.859 465.795 415.198 620.382 50.5968 838.987 353.102 922.414 444.213 98.1584 776.139 119.214 612.437 183.09 26.0476
internal_count=102869 40782 62087 23316 31026 17466 18179 9991 15949 31061 7367 16689 6475 7475 13048 6072 10827 9817 12847 1010 8676 3864 16350 5129 892 7979 1346 9184 2901 339
is_linear=0
shrinkage=0.05


Tree=17
num_leaves=31
num_cat=0
split_feature=33 33 33 7 7 7 28 2 7 10 7 7 7 3 32 4 32 32 8 2 32 3 33 30 9 8 8 0 2 14
split_gain=916.953 116.51 107.597 48.6412 46.3524 40.1145 41.6369 36.8264 30.8768 29.7019 28.3155 27.2539 26.147 25.9616 24.0577 21.3887 20.8864 20.7108 15.6126 14.6679 14.5805 14.2214 13.995 13.086 13.0354 12.8088 10.5575 10.4223 10.238 10.4697
threshold=56.050000000000004 65.050000000000011 41.750000000000007 47.650000000000013 49.45000000000001 39.750000000000007 4.5000000000000009 63.050000000000004 74.450000000000017 65.000000000000014 67.050000000000011 71.350000000000009 50.250000000000007 55.95000000000001 65.15000000000002 87.450000000000017 69.350000000000009 71.250000000000014 57.150000000000013 53.550000000000004 69.550000000000011 50.550000000000004 34.750000000000007 495.00000000000006 55.050000000000004 34.650000000000013 67.65000000000002 56.250000000000007 58.850000000000001 42.250000000000007
decision_type=8 10 10 2 2 2 2 2 2 2 2 2 2 2 10 2 10 10 2 2 10 2 10 2 2 2 2 2 2 2
left_child=2 4 9 20 15 -3 7 11 13 12 17 -7 -1 14 -6 16 19 21 -9 -2 -4 -5 -14 -24 -15 -18 -12 -22 -8 -30
right_child=1 5 3 10 8 6 28 18 -10 -11 26 -13 22 24 -16 -17 25 -19 -20 -21 27 -23 23 -25 -26 -27 -28 -29 29 -31
leaf_value=-0.039105868485343954 -0.018842870746082555 -0.015744485638970657 -0.026395135141227707 -0.016280181920882538 -0.0020701468667470978 0.025087479091044043 -0.0081360002997494987 0.036240837428318712 0.095509025769285189 0.032042176326028939 0.052171170568509631 0.074541506604896404 -0.031716819393195907 0.031444282415096156 0.015883638335647137 0.013913578662279318 -0.029332099052633221 0.017018060674549546 0.08554458221085795 0.00097253514900596909 -0.012054005884953931 -0.0039672101811913055 -0.020389897156221411 0.011357524092470641 -0.016887276336801749 0.013927818962698613 -0.011810755986368162 0.042396819750421325 -0.006113894249731272 0.027766744372194525
leaf_weight=764.41922848671675 309.6932901032269 62.233288202434778 565.00957931578159 466.34086021408439 327.94565660506487 1781.9433575719595 100.45651515945792 29.595361977815628 11.239199846982954 17.393972937017679 27.361140597611666 28.338851690292358 248.96795719861984 195.2087297514081 431.35813562944531 147.25798865407705 19.433334570378065 76.025271050632 36.959321968257427 133.00861889496446 29.152124766260386 474.48448269441724 156.41711910441518 40.662990681827068 14.824038181453941 135.23547867685556 8.2283265963196737 12.434147942811249 36.783775426447392 58.879348427057266
leaf_count=20111 5099 694 12139 8288 4467 15191 985 213 94 273 336 172 6125 2236 4567 1912 226 1047 265 2041 494 8406 3619 933 202 1561 102 214 328 529
internal_value=-7.73577e-06 0.015931 -0.0213228 -0.0130122 0.00626304 0.0237396 0.0249281 0.027219 0.0134054 -0.0325456 -0.00650493 0.0258685 -0.0334804 0.0124385 0.00812351 -0.0031363 -0.00734926 -0.00804465 0.0637826 -0.0128792 -0.0242912 -0.0100768 -0.0238218 -0.0138117 0.0280029 0.00844469 0.0372467 0.0041693 0.00297643 0.0146942
internal_weight=6747.29 3860.39 2886.9 1659.04 1725.2 2135.19 2072.96 1876.84 980.576 1227.86 1052.44 1810.28 1210.47 969.337 759.304 744.629 597.371 1016.85 66.5547 442.702 606.596 940.825 446.048 197.08 210.033 154.669 35.5895 41.5863 196.12 95.6631
internal_count=102869 40782 62087 31026 22405 18377 17683 15841 11566 31061 18179 15363 30788 11472 9034 10839 8927 17741 478 7140 12847 16694 10677 4552 2438 1787 438 708 1842 857
is_linear=0
shrinkage=0.05


Tree=18
num_leaves=31
num_cat=0
split_feature=32 32 32 7 18 7 7 7 2 28 18 10 21 3 18 3 0 8 2 32 0 30 1 2 7 0 1 28 10 4
split_gain=694.895 102.943 98.4292 53.311 41.7025 39.332 34.9265 34.7753 31.7849 36.6622 31.5363 29.7241 24.4413 23.9001 22.9145 19.8374 19.7624 18.4273 17.6766 17.6318 16.5606 16.4567 15.5008 15.3076 15.2359 14.7516 14.2145 13.8273 13.4531 12.8464
threshold=63.550000000000004 55.250000000000007 71.050000000000011 47.650000000000013 10.500000000000002 52.550000000000004 61.650000000000013 66.550000000000011 49.350000000000001 4.5000000000000009 14.500000000000002 65.000000000000014 1.0000000180025095e-35 50.95000000000001 12.500000000000002 61.850000000000001 59.95000000000001 16.550000000000004 54.150000000000013 78.250000000000014 59.550000000000004 445.00000000000006 52.45000000000001 56.250000000000007 60.750000000000007 55.650000000000013 60.550000000000004 4.5000000000000009 55.000000000000007 90.950000000000017
decision_type=10 8 10 2 2 2 2 2 2 2 2 2 2 2 2 2 2 2 2 10 2 2 2 2 2 2 2 2 2 2
left_child=1 5 7 14 20 18 19 8 29 13 17 15 -11 -10 16 -12 -3 -5 28 21 -4 -6 -9 -7 -19 -16 -8 -27 -1 -2
right_child=2 3 4 10 6 23 26 22 9 12 11 -13 -14 -15 25 -17 -18 24 -20 -21 -22 -23 -24 -25 -26 27 -28 -29 -30 -31
leaf_value=-0.035290417352799405 -0.0087805111604196944 -0.0059005674445355609 0.0399847651233253 0.068926703017692922 -0.00061701170891547156 -0.018471502453323938 0.038612051211339739 0.077375466099583581 0.0065593518948272424 -0.010836121773452698 -0.013467780678062377 0.038402931755127392 0.03583967000071292 0.02137024505658584 -0.030046438569012249 0.034135466615443331 0.080109422211255901 0.003961172657527723 -0.019153325144014931 0.027951175158893851 0.08583646593244687 0.017559617758222131 0.022552504134879369 0.0043253974455655262 0.034946707825985669 0.0051865316657308865 0.089338037783395649 -0.033230101228220697 0.015767891530634171 0.02372980838639524
leaf_weight=874.93577766045928 387.5559251382947 114.028794310987 172.12218423187733 12.476705692708491 144.03031820803881 331.31371406838298 128.38804595172405 23.340089987963438 566.25467723980546 270.08029784634709 525.40965026989579 31.445286754518747 31.163109939545393 527.30000035092235 361.38635644689202 22.687473952770233 6.9923757240176192 359.38465960323811 238.99222011119127 356.5738010853529 22.535619534552097 894.86262306198478 29.709296643733978 94.202963426709175 44.598503530025482 65.695556934922934 15.68526455760002 36.144396401941776 12.904878828674553 32.805815771222115
leaf_count=21862 5221 2130 1335 196 1408 6983 872 199 6943 3845 9112 397 375 6476 7724 397 117 5623 5382 2706 159 8201 239 1754 556 1235 93 760 227 342
internal_value=-2.01744e-05 -0.0172435 0.0149556 -0.00825452 0.0235348 -0.0263896 0.0207692 0.00698832 0.00581755 0.00945111 -0.00121497 -0.00876084 -0.00598071 0.0137069 -0.0202444 -0.0114823 -0.000827754 0.00927338 -0.0312838 0.0183407 0.0453601 0.015035 0.0468672 -0.013413 0.00740206 -0.0253051 0.0442274 -0.00841823 -0.034541 -0.00622641
internal_weight=6735.01 3132.6 3602.41 1580.25 1734.2 1552.35 1539.54 1868.21 1815.16 1394.8 996.002 579.542 301.243 1093.55 584.247 548.097 121.021 416.46 1126.83 1395.47 194.658 1038.89 53.0494 425.517 403.983 463.226 144.073 101.84 887.841 420.362
internal_count=102869 64455 38414 28247 14774 36208 13280 23640 23202 17639 16281 9906 4220 13419 11966 9509 2247 6375 27471 12315 1494 9609 438 8737 6179 9719 965 1995 22089 5563
is_linear=0
shrinkage=0.05


Tree=19
num_leaves=31
num_cat=0
split_feature=33 33 5 33 7 5 7 7 1 7 0 7 4 1 5 4 29 32 33 7 4 30 0 13 4 2 0 33 7 1
split_gain=780.844 100.414 99.7273 66.8896 47.7374 38.1951 32.8042 30.5684 29.465 28.4823 27.1313 25.0749 21.6879 19.6574 19.44 18.3755 18.4453 17.6357 15.494 14.8262 14.5565 14.1008 13.7679 13.4791 13.332 24.1207 16.1759 13.0294 12.9571 12.9213
threshold=56.050000000000004 40.45000000000001 60.850000000000001 63.850000000000001 46.750000000000007 56.050000000000004 69.250000000000014 42.750000000000007 55.95000000000001 45.250000000000007 49.550000000000004 49.95000000000001 55.050000000000004 63.45000000000001 56.250000000000007 95.950000000000017 53.500000000000007 50.45000000000001 73.550000000000011 67.550000000000011 87.850000000000009 493.00000000000006 58.750000000000007 43.550000000000004 94.250000000000014 52.550000000000004 49.95000000000001 51.250000000000007 58.45000000000001 52.750000000000007
decision_type=8 10 2 10 2 2 2 2 2 2 2 2 2 2 2 2 2 10 8 2 2 2 2 2 2 2 2 10 2 2
left_child=1 11 3 7 27 10 8 -2 24 -5 -6 -1 28 18 20 16 -11 -9 -10 -12 -13 -22 -19 -16 26 -26 -4 -3 -7 -17
right_child=2 4 6 9 5 12 -8 17 13 15 19 14 -14 -15 23 29 -18 22 -20 -21 21 -23 -24 -25 25 -27 -28 -29 -30 -31
leaf_value=-0.038488519825372838 -0.022162283092012586 -0.030475401045515962 0.0032864483643481966 0.0016497850976240893 -0.027041852887093262 0.017177080662482733 0.07162438470062274 -0.020032977951894279 0.024683427458777815 0.041100875669363018 -0.0083145322430436316 -0.028834656743083237 -0.0021389318492943629 0.090389056342389279 0.067652612771861048 0.061425546015974213 0.015039745514367688 0.0023501989224547874 0.043530326298460521 0.037972623007937363 -0.0089283825667390553 0.087753703990410881 0.018772747284418148 -0.0042191800215228481 0.070686926583012011 0.017191722275778944 0.020765675298386084 -0.013941790539391354 0.058978360591926716 0.027476666345536638
leaf_weight=647.63342197984457 135.24840852990746 365.48750929534435 186.06283534690738 276.56573655828834 228.22527116909623 84.938752789050341 38.208510905504227 76.76639162003994 268.15537402778864 73.42516728490591 662.14161789417267 351.89514973387122 168.72234012559056 15.171307936310766 7.7851218804717055 36.09964295476675 939.02916729077697 856.56719965487719 187.10342512652278 17.631729017943144 15.091445382684471 4.8927433341741553 150.12084747478366 37.190729759633541 32.641802631318569 60.38704701885581 465.14211844280362 179.21117611601949 23.919562514871359 132.46581310778856
leaf_count=18180 2276 8532 1825 2994 4505 1317 218 1341 2235 666 12385 8967 2597 102 158 307 8475 11261 1181 220 353 111 1880 774 244 480 4269 3695 293 1028
internal_value=-2.9631e-05 -0.0202331 0.0143397 0.00888608 -0.0127934 -0.00715707 0.0259837 0.000237039 0.0245381 0.0161137 -0.0121212 -0.0323189 0.00906168 0.034346 -0.0227148 0.0194961 0.0169386 0.00303956 0.032448 -0.00710119 -0.0264723 0.0148125 0.00480577 0.00823307 0.018328 0.0360715 0.0157804 -0.0250484 0.0264537 0.0348088
internal_weight=6723.93 2794.77 3929.16 2676.29 1730.28 1185.58 1252.87 1218.7 1214.66 1457.59 907.999 1064.49 277.581 470.43 416.855 1181.02 1012.45 1083.45 455.259 679.773 371.879 19.9842 1006.69 44.9759 744.234 93.0288 651.205 544.699 108.858 168.565
internal_count=102869 62087 40782 30228 33544 21317 10554 16758 10336 13470 17110 28543 4207 3518 10363 10476 9141 14482 3416 12605 9431 464 13141 932 6818 724 6094 12227 1610 1335
is_linear=0
shrinkage=0.05


Tree=20
num_leaves=31
num_cat=0
split_feature=33 5 33 33 32 33 28 18 18 5 33 17 13 5 30 30 18 18 10 9 33 9 32 30 32 6 4 5 15 14
split_gain=693.175 104.904 104.772 42.6712 42.1331 36.1329 32.2538 28.8015 28.2404 27.4916 25.961 22.0762 22.9346 21.1018 18.7917 17.9924 16.8265 15.4893 15.3505 15.3035 15.2452 14.4218 15.4579 14.286 13.4962 13.2177 13.1969 12.7901 12.3631 10.8581
threshold=54.850000000000001 49.250000000000007 65.050000000000011 34.150000000000013 65.050000000000011 39.250000000000007 4.5000000000000009 12.500000000000002 12.500000000000002 70.350000000000009 71.050000000000011 2760.0000000000005 53.150000000000013 64.250000000000014 475.00000000000006 493.00000000000006 12.500000000000002 8.5000000000000018 55.000000000000007 51.850000000000001 85.350000000000009 49.750000000000007 47.850000000000001 473.00000000000006 68.450000000000017 50.050000000000004 48.850000000000001 63.650000000000013 55.850000000000001 34.650000000000013
decision_type=8 2 10 10 10 10 2 2 2 2 10 2 2 2 2 2 2 2 2 2 10 2 10 2 10 2 2 2 2 2
left_child=1 5 4 -3 19 18 8 9 -4 15 14 13 23 17 -10 -5 28 -6 -1 21 -12 26 -23 -13 27 -15 -2 -9 -7 -14
right_child=2 3 6 7 11 16 -8 24 10 -11 20 12 29 25 -16 -17 -18 -19 -20 -21 -22 22 -24 -25 -26 -27 -28 -29 -30 -31
leaf_value=-0.038162374146233573 -0.038421963842687333 -0.03164989861247542 0.032500449439623172 0.00083558771961058796 0.052960155315576435 -0.01672587376059527 0.00057754988007048308 -0.013808359255923247 0.0027442971986760063 0.1059728545193335 0.022455283558490764 -0.025097499183212191 0.03039547460920371 0.045924270028408154 0.019414858599997326 0.037300697325759594 -0.025827770720925149 0.0037559354503246128 0.029285266950266349 -0.028399426643217419 0.051283815817030613 -0.023118786097558838 0.0052840723791288966 0.0302634130120936 0.012293834399722696 0.015095337841432108 -0.0072849507232331983 0.009070269556361775 0.011073515684177727 0.082781177984228668
leaf_weight=677.34173890948296 39.842037003487349 159.4447372816503 463.34678424149752 141.60394208133221 16.254524346441031 154.70422369986773 200.15654897689819 504.5169214643538 340.97586955875158 7.6229313798248759 840.08924452215433 17.613447364419699 17.516012031584978 49.932047285139561 336.79936841875315 44.471890572458506 682.40596556663513 771.378467541188 8.3895149677991849 61.861893776804209 48.808825850486755 53.29157230257988 463.24902940914035 33.685567006468773 69.189956802874804 117.35205819830298 236.14740434288979 69.158855482935905 53.622952681034803 24.410645868629217
leaf_count=19288 655 4262 3406 2521 159 3063 1862 10646 3461 89 6257 183 170 416 3188 774 15076 9226 156 1020 274 961 6915 339 1068 1092 3731 1155 1012 228
internal_value=-0.000283222 -0.0206599 0.0123996 -0.00794901 0.00377657 -0.0286865 0.019753 -0.00342253 0.0216411 0.0134644 0.0184244 0.0104955 0.0337246 0.00821915 0.0110372 0.00959291 -0.0220265 0.00478431 -0.0373258 -0.00446038 0.0240495 -0.00258214 0.00234016 0.0111462 -0.00851973 0.0243492 -0.0118103 -0.0110404 -0.0095445 0.061139
internal_weight=6705.18 2572.47 4132.71 996.009 1902.53 1576.46 2230.18 836.564 2030.02 193.699 1566.67 1048.14 93.2257 954.917 677.775 186.076 890.733 787.633 685.731 854.392 888.898 792.53 516.541 51.299 642.866 167.284 275.989 573.676 208.327 41.9267
internal_count=102653 59110 43543 20515 25095 38595 18448 16253 16586 3384 13180 11813 920 10893 6649 3295 19151 9385 19444 13282 6531 12262 7876 522 12869 1508 4386 11801 4075 398
is_linear=0
shrinkage=0.05


Tree=21
num_leaves=31
num_cat=0
split_feature=5 7 2 28 1 2 7 28 0 7 5 1 18 7 17 30 5 7 28 3 8 0 2 8 30 7 30 27 17 30
split_gain=388.084 111.717 72.4869 65.9454 57.5023 49.0079 46.8124 43.0289 36.83 25.2353 24.2804 23.6926 22.7157 22.0937 20.8004 20.1451 18.3805 17.495 16.4834 16.2168 15.8275 15.374 14.9626 15.5768 14.8207 14.2059 14.0724 13.028 12.6953 12.244
threshold=49.250000000000007 47.650000000000013 54.850000000000001 4.5000000000000009 56.850000000000001 53.150000000000013 56.350000000000001 4.5000000000000009 46.050000000000004 60.95000000000001 61.050000000000004 49.850000000000001 12.500000000000002 72.15000000000002 2675.0000000000005 445.00000000000006 56.650000000000013 39.750000000000007 5.5000000000000009 44.850000000000001 83.250000000000014 49.350000000000001 57.850000000000001 38.250000000000007 441.00000000000006 61.750000000000007 493.00000000000006 7.5000000000000009 1450.0000000000002 485.00000000000006
decision_type=2 2 2 2 2 2 2 2 2 2 2 2 2 2 2 2 2 2 2 2 2 2 2 2 2 2 2 2 2 2
left_child=2 5 6 4 8 10 11 12 16 -10 -2 -1 27 20 -9 -6 -3 -13 22 -17 26 -12 -7 -24 -19 -5 -8 -4 29 -14
right_child=1 3 7 25 15 18 13 14 9 -11 21 17 28 -15 -16 19 -18 24 -20 -21 -22 -23 23 -25 -26 -27 -28 -29 -30 -31
leaf_value=-0.031115101600188738 -0.018071003245323961 -0.017924206872513098 0.020117441393787627 -0.0056411804367975235 0.010001677155999906 0.0052773805239456082 -0.013339261897549914 -0.018040449687030231 0.013678993847199903 0.031716424864058866 -0.014200054286947547 -0.040158679460179779 0.0024641766578178213 0.083447511079923542 0.04937126830208368 0.018934794991715114 0.0089110716464179743 -0.029144856542582462 -0.01671228495568133 0.03973988700363966 0.040613402199558647 0.014360022179155732 0.061229316576611015 0.017735136551088486 -0.013721390886947765 0.026430900266906528 0.018046631768071524 0.065230688471461462 -0.0071634021688262509 0.03437533221365794
leaf_weight=607.58678966015577 493.6644931063056 124.49062260240316 89.328038945794106 410.21091642603278 97.047853492200375 260.17038944736123 158.64962119609118 311.43172085657716 1340.8240377008915 227.38743855431676 79.162239771336317 87.660495743155479 89.347861889749765 7.704362701624631 11.748214069753883 123.67272184044123 130.46443413570523 195.40380886569619 54.886938259005547 403.96030221879482 19.627778351306915 115.89930417016149 25.095145665109158 117.6355864815414 786.36191987618804 37.565781358629465 45.881692413240671 19.656757559627295 173.05144154280424 45.509024161845446
leaf_count=15025 9051 2275 1205 5676 920 3516 2770 6220 15534 1992 1070 2071 1350 96 139 1008 1614 4196 971 3180 284 1373 335 1263 14882 415 753 257 2579 633
internal_value=-0.000279867 0.00946729 -0.0151551 0.014698 0.0179254 -0.00373907 -0.0203052 -0.00186377 0.0134335 0.0162994 -0.0121694 -0.0232166 0.00874282 0.000731489 -0.0155599 0.031023 -0.00417447 -0.018722 0.00893303 0.0348773 -0.00212511 0.00274247 0.0124424 0.0254549 -0.0167989 -0.00293406 -0.00626878 0.0283523 0.00177881 0.0132875
internal_weight=6691.09 4042.14 2648.95 2895.62 2447.85 1146.51 1908.88 740.073 1823.17 1568.21 688.726 1677.01 416.893 231.863 323.18 624.681 254.955 1069.43 457.788 527.633 224.159 195.062 402.901 142.731 981.766 447.777 204.531 108.985 307.908 134.857
internal_count=102653 50193 52460 32614 26523 17579 40077 12383 21415 17526 11494 36174 6024 3903 6359 5108 3889 21149 6085 4188 3807 2443 5114 1598 19078 6091 3523 1462 4562 1983
is_linear=0
shrinkage=0.05


Tree=22
num_leaves=31
num_cat=0
split_feature=32 5 5 7 18 7 2 32 2 1 18 7 32 17 27 4 7 1 18 7 2 32 7 18 8 7 29 2 17 6
split_gain=538.415 99.0296 80.8221 48.0158 36.8691 36.5314 35.0081 33.3736 24.0321 23.6913 22.6579 21.2883 20.3649 19.3575 19.1406 18.0964 17.9202 15.119 13.5019 12.9429 12.8129 12.4925 12.4665 14.0288 12.6101 12.1774 12.0174 11.9276 11.9016 11.8478
threshold=60.650000000000013 58.850000000000001 47.95000000000001 47.650000000000013 12.500000000000002 47.650000000000013 53.550000000000004 70.050000000000011 54.350000000000001 58.250000000000007 14.500000000000002 62.350000000000001 66.450000000000017 2675.0000000000005 6.5000000000000009 94.950000000000017 38.050000000000004 63.650000000000013 9.5000000000000018 50.250000000000007 55.250000000000007 38.45000000000001 59.45000000000001 12.500000000000002 41.750000000000007 64.750000000000014 52.250000000000007 49.550000000000004 1550.0000000000002 75.950000000000017
decision_type=10 2 2 2 2 2 2 10 2 2 2 2 10 2 2 2 2 2 2 2 2 10 2 2 2 2 2 2 2 2
left_child=2 3 8 6 11 18 12 25 19 16 21 26 -2 -8 -10 -9 -3 -11 -4 -1 -13 -7 23 -18 -24 -6 -5 -20 29 -16
right_child=1 9 5 4 7 10 13 15 14 17 -12 20 -14 -15 28 -17 22 -19 27 -21 -22 -23 24 -25 -26 -27 -28 -29 -30 -31
leaf_value=-0.036648271407186767 -0.023867536891170299 -0.036019264862355065 0.018252097367031119 0.061611905511897984 -0.0031560774029959059 -0.038392530290229619 0.0050998583989973791 0.009737596581615075 -0.024464091814621391 0.030044704636903903 -0.011021451782847601 0.034417431067369192 -0.0044381732876205135 0.068969522215670473 0.039006954545419165 0.032206133502584139 0.025982128408584944 0.079529433157119633 -0.036171534459227515 -0.024100137219578696 0.093069242303278468 0.008886292388718478 0.00060892243477088913 0.012404894231939445 0.034891548568322703 0.024220129321615678 0.016149942524382743 -0.017487571464198246 -0.010837341433223256 -0.041392189916149062
leaf_weight=611.4264496602118 237.88760848902166 15.475778859108685 19.525334667414427 15.062302749603985 757.456103798002 14.506502501666544 338.99292478151619 465.94270220398903 209.65378713607788 288.69856850802898 406.83711795695126 27.360189903527498 313.20255506038666 12.21400151029229 28.782398233190179 111.33800623938441 251.49857584387064 16.405270356684923 134.12452695332468 315.62759263068438 14.563796222209929 307.22454633750021 32.316987622529268 797.05028418079019 166.85184775665402 42.797500267624855 422.65341582149267 241.43792087957263 58.521154860034585 5.3039453178644171
leaf_count=17064 4735 185 396 176 11130 329 4572 4507 4832 2011 7696 231 3861 135 654 869 2114 103 3441 7530 119 5103 246 7656 1147 435 4499 5464 1288 125
internal_value=-0.000274849 0.0101906 -0.0195255 0.00448607 0.00908411 -0.00982478 -0.00497237 0.00492163 -0.0283869 0.0202239 -0.00317681 0.0210249 -0.0128371 0.0073543 -0.0161026 0.0140845 0.0171928 0.032747 -0.0220675 -0.0323845 0.0550842 0.00672774 0.0178596 0.0156684 0.0293571 -0.00168291 0.0177395 -0.0241813 0.00277902 0.0262658
internal_weight=6680.74 4327.77 2352.97 2759.47 1857.17 1123.66 902.297 1377.53 1229.32 1568.3 728.568 479.64 551.09 351.207 302.261 577.281 1263.19 305.104 395.088 927.054 41.924 321.731 1247.72 1048.55 199.169 800.254 437.716 375.562 92.6075 34.0863
internal_count=102653 48731 53922 35269 21966 22429 13303 16941 31493 13462 13128 5025 8596 4707 6899 5376 11348 2114 9301 24594 350 5432 11163 9770 1393 11565 4675 8905 2067 779
is_linear=0
shrinkage=0.05


Tree=23
num_leaves=31
num_cat=0
split_feature=5 7 4 28 7 2 9 30 2 3 28 7 5 28 17 30 3 4 29 7 2 5 23 15 4 26 3 4 2 29
split_gain=325.266 90.1445 69.5722 56.4362 53.2394 41.6641 39.3294 38.7425 31.5534 29.2415 28.6493 26.5034 20.7638 15.053 14.2598 13.8881 13.0322 12.9243 12.4154 13.9392 13.2602 12.2241 12.0707 15.9049 14.7749 11.8725 11.2856 11.033 10.0102 9.58685
threshold=49.250000000000007 47.650000000000013 91.450000000000017 4.5000000000000009 42.750000000000007 53.150000000000013 55.050000000000004 437.00000000000006 54.850000000000001 44.95000000000001 4.5000000000000009 55.550000000000004 62.45000000000001 4.5000000000000009 2675.0000000000005 499.00000000000006 48.350000000000001 93.450000000000017 58.250000000000007 63.45000000000001 58.95000000000001 46.95000000000001 1.0000000180025095e-35 52.550000000000004 91.950000000000017 1.0000000180025095e-35 43.750000000000007 42.750000000000007 55.95000000000001 58.750000000000007
decision_type=2 2 2 2 2 2 2 2 2 2 2 2 2 2 2 2 2 2 2 2 2 2 2 2 2 2 2 2 2 2
left_child=2 5 4 6 -1 12 7 27 11 -9 25 21 16 26 -12 -13 -2 -14 19 20 -5 -6 24 -24 -4 -10 -7 -3 -28 -15
right_child=1 3 22 18 8 13 -8 9 10 -11 14 15 17 29 -16 -17 -18 -19 -20 -21 -22 -23 23 -25 -26 -27 28 -29 -30 -31
leaf_value=-0.034556066512606745 -0.025550237337625195 -0.04121719791266884 0.068233927797676314 -0.015624206955025054 -0.023463666960371624 -0.0029079226891572207 -0.017645689998902158 0.0093683352155778162 0.010968404895304066 0.022836573478493941 -0.018449512457481023 -0.0085558433355879416 -0.00032654350110961186 -0.0094268164741960637 0.041860386986405346 0.021378705829868536 -0.0093914452383532659 0.047888751572356079 0.019354161549542084 0.032775781294338946 0.0039213595380963306 -0.010939739993097795 0.0036530905372968402 0.064967465945410183 0.0024887111128693035 -0.022638288585936559 0.0076692717427374185 0.0017765286079365194 0.028052560511366904 0.037910596597905709
leaf_weight=364.27305476740003 218.62717401608825 15.764957867562769 8.7935185953974706 238.24066765606403 913.66697465069592 74.510280512273312 83.425758603960276 539.89252352900803 255.19898846372962 1608.715236807242 231.84724888019264 202.91924243792892 147.63326349109411 129.2432934269309 10.093499358743427 47.739053893834352 294.36471267789602 15.221186067909001 53.615689877420664 21.483504056930542 135.85166910663247 250.1322846673429 21.69759202376008 20.905508475378156 226.46770800277591 29.119559332728386 107.32646863162518 249.73196910507977 139.9002139121294 11.532230030745266
leaf_count=9323 4122 267 122 3654 21018 889 1282 5700 3689 16250 4798 3678 1818 2167 115 780 5427 127 586 232 1619 4932 292 256 2922 535 1408 3024 1485 136
internal_value=-0.000270511 0.00850965 -0.0141591 0.0131263 -0.017009 -0.00343669 0.0160611 0.0172287 -0.0137112 0.0194553 -0.00324658 -0.0176006 -0.0113522 0.00811905 -0.0158965 -0.00282848 -0.0162914 0.00417584 -0.00317996 -0.00625096 -0.00851372 -0.0207774 0.00946166 0.0339391 0.00499531 0.00750212 0.0140888 -0.00077213 0.0192306 -0.00548932
internal_weight=6667.94 4085.08 2582.85 2946.72 2304.99 1138.36 2497.53 2414.1 1940.72 2148.61 526.259 1414.46 675.846 462.512 241.941 250.658 512.992 162.854 449.192 395.576 374.092 1163.8 277.864 42.6031 235.261 284.319 321.737 265.497 247.227 140.776
internal_count=102653 50193 52460 32614 48868 17579 26523 25241 39545 21950 9137 30408 11494 6085 4913 4458 9549 1945 6091 5505 5273 25950 3592 548 3044 4224 3782 3291 2893 2303
is_linear=0
shrinkage=0.05


Tree=24
num_leaves=31
num_cat=0
split_feature=5 7 2 0 5 7 18 28 0 28 3 7 18 7 0 15 3 13 13 21 28 13 5 5 2 7 3 13 0 18
split_gain=295.47 82.2368 59.7444 49.1194 40.6896 40.2153 36.3822 35.2251 24.2398 23.5455 20.5729 19.4332 19.2748 18.2349 17.936 17.7495 16.9126 16.1429 15.897 15.3775 15.1608 15.1055 14.8668 14.6268 14.4731 13.9014 17.5327 17.4604 16.2861 12.3726
threshold=49.250000000000007 52.050000000000004 54.850000000000001 48.95000000000001 58.850000000000001 56.350000000000001 14.500000000000002 4.5000000000000009 41.050000000000004 4.5000000000000009 59.350000000000001 42.750000000000007 14.500000000000002 72.15000000000002 47.45000000000001 56.45000000000001 46.250000000000007 59.750000000000007 57.150000000000013 1.0000000180025095e-35 3.5000000000000004 53.750000000000007 42.350000000000001 72.250000000000014 57.750000000000007 58.750000000000007 51.850000000000001 63.250000000000007 45.750000000000007 13.500000000000002
decision_type=2 2 2 2 2 2 2 2 2 2 2 2 2 2 2 2 2 2 2 2 2 2 2 2 2 2 2 2 2 2
left_child=2 3 5 21 10 8 25 12 -1 14 24 -10 18 22 -8 -12 -6 -18 20 -9 -4 -2 -7 -16 -5 26 -3 -28 -27 -13
right_child=1 6 7 4 16 13 9 19 11 -11 15 29 -14 -15 23 -17 17 -19 -20 -21 -22 -23 -24 -25 -26 28 27 -29 -30 -31
leaf_value=-0.042170462488486965 -0.021128426210871857 0.010869886573409537 0.04415277330185164 -0.0072126319438192395 0.0028989650921020121 -0.02087974413035322 -0.0034224181900966173 -0.016557110508544338 -0.031386086278335432 -0.0094791766436105734 0.0076616957373257426 -0.0090271792885116119 -0.001768447321419137 0.073585237255866007 0.01271575307892292 0.055859221217496785 0.017366326618405814 0.053049026163118462 -0.010928292106224017 0.040286481502259754 0.012477888103728848 -0.0041864478969959552 0.0069924172131128259 0.033524280213584549 0.0088116770488050195 -0.0070295355584779201 0.025628174650299214 0.090304213074717143 0.035575926473049288 -0.020126821036626951
leaf_weight=128.72684633173048 240.73978269286454 324.91031927987933 68.339142398908734 654.50611920841038 210.42802285030484 69.509298611432314 152.29801732301712 300.94262093678117 278.77219930291176 143.68784573301673 73.744588853791356 366.99903428554535 233.24394145049155 8.2408779524266702 682.83706131577492 25.85832910053432 452.34296051412821 34.200422380119562 34.346070224419236 12.24611798673868 85.907837906852365 292.12683580443263 152.68007998540998 96.799406766891479 179.23389235511422 24.237203244119883 241.58034550771117 10.901743736118076 267.7285867780447 810.20025051385164
leaf_count=3897 4478 3322 854 10348 2276 1309 1982 6226 7204 1972 1095 7390 3502 96 6909 348 4742 311 442 133 1226 4597 2498 639 2233 259 2395 100 2187 17683
internal_value=-0.000265138 0.00803263 -0.0136341 0.00132198 0.00563156 -0.0185042 0.0154931 -0.00159991 -0.0213422 0.00933604 -0.00118959 -0.0194945 0.00782316 0.000991814 0.0122431 0.0202681 0.0147721 0.0198952 0.0197068 -0.0143063 0.0265634 -0.0118524 -0.00171003 0.0153097 -0.00376115 0.0231033 0.0185806 0.0284752 0.0320208 -0.0166717
internal_weight=6658.32 4108.16 2550.15 2163.18 1630.31 1815.13 1944.98 735.026 1584.7 1075.62 933.343 1455.97 421.837 230.43 931.934 99.6029 696.971 486.543 188.593 313.189 154.247 532.867 222.189 779.636 833.74 869.358 577.392 252.482 291.966 1177.2
internal_count=102653 50193 52460 30428 21353 40077 19765 12383 36174 11502 14024 32277 6024 3903 9530 1443 7329 5053 2522 6359 2080 9075 3807 7548 12581 8263 5817 2495 2446 25073
is_linear=0
shrinkage=0.05


Tree=25
num_leaves=31
num_cat=0
split_feature=32 18 32 2 32 18 30 32 28 2 28 17 1 30 0 30 30 31 15 28 32 30 32 29 0 31 15 0 0 28
split_gain=424.325 80.7208 60.9273 53.0881 37.1953 38.0993 30.3907 23.5783 23.1424 21.6814 22.3286 20.7452 18.901 16.2828 15.9836 14.2994 12.9901 14.6268 12.7789 12.7205 12.4867 11.4802 11.2774 11.1199 10.9932 10.248 10.0072 8.84914 8.83884 10.0767
threshold=60.850000000000001 11.500000000000002 68.050000000000011 48.95000000000001 50.050000000000004 14.500000000000002 435.00000000000006 78.050000000000011 4.5000000000000009 51.650000000000013 3.5000000000000004 2675.0000000000005 57.850000000000001 523.00000000000011 53.050000000000004 495.00000000000006 449.00000000000006 4.5000000000000009 57.250000000000007 3.5000000000000004 53.050000000000004 453.00000000000006 40.95000000000001 52.250000000000007 57.050000000000004 7.5000000000000009 56.45000000000001 56.550000000000004 49.150000000000013 5.5000000000000009
decision_type=10 2 10 2 8 2 2 10 2 2 2 2 2 2 2 2 2 8 2 2 10 2 10 2 2 10 2 2 2 2
left_child=3 7 9 20 22 13 -4 16 12 21 14 -10 -8 26 -11 -12 17 -2 -15 24 -1 -3 -5 -23 -18 -21 -6 -9 -7 -30
right_child=1 2 6 4 5 28 8 27 11 10 15 -13 -14 18 -16 -17 19 -19 -20 25 -22 23 -24 -25 -26 -27 -28 -29 29 -31
leaf_value=-0.036616296319403212 -0.0049823014925655792 -0.018094545728373164 -0.010145427909197369 -0.034388033190425119 -0.003976261464777509 -0.029049381117921397 0.011843334065024583 0.058650733664223069 -0.0064679062912263918 -0.00053278254370099686 -0.0095330651239021996 0.031366097757473912 0.024071761137870042 0.018357207214773883 0.023956976126794052 0.0091632059995552483 0.026237908067802702 0.03554876027299142 0.098262541191640046 0.019046894961076359 -0.022445740711994844 0.037552417006390421 -0.01886971279907966 -0.0056709195773429009 0.052026703737693927 -0.011531111028764101 0.012395728023925301 0.023580788097950282 -0.01050299910267562 -0.030991867550798764
leaf_weight=339.87900583073497 86.917339112609625 220.64888882450759 157.37103752046824 170.33684649318457 349.68958216160536 109.0941196102649 1306.9246481917799 61.324022401124239 237.08793387189507 106.65746861323714 301.70127381384373 42.658144544810057 418.6357238702476 17.237542364746336 175.66859374381602 154.38650630787015 259.78012746572495 29.755004066973925 7.1196211092174044 197.86758172512054 293.01137733645737 15.260018117725847 386.4847444538027 454.74103955551982 49.882824011147022 31.520440965890884 127.17970376089215 26.510393418371677 441.91692217625678 69.818503431975842
leaf_count=10095 925 3728 1601 4901 6842 2684 11836 400 2671 1459 4542 409 3030 314 2171 2203 2486 362 116 2057 6854 287 9989 7056 383 333 2213 158 9054 1632
internal_value=-0.000421712 0.00880249 0.00569604 -0.0177218 -0.0130631 -0.00781253 0.0109899 0.0237986 0.0126514 -0.00231213 0.00363907 -0.000671631 0.0148142 0.00243266 0.0146906 -0.00319276 0.0205207 0.00533313 0.0422243 0.023797 -0.0300682 -0.00868174 -0.0236312 -0.00424922 0.0304238 0.0148202 0.000381303 0.0481616 -0.0160911 -0.0133137
internal_weight=6647.07 4335.3 3591.74 2311.77 1678.88 1122.06 2162.68 743.558 2005.31 1429.06 738.414 279.746 1725.56 501.226 282.326 456.088 655.723 116.672 24.3572 539.051 632.89 690.65 556.822 470.001 309.663 229.388 476.869 87.8344 620.83 511.735
internal_count=102791 48097 40993 54694 37745 22855 19547 7104 17946 21446 10375 3080 14866 9485 3630 6745 6546 1287 430 5259 16949 11071 14890 7343 2869 2390 9055 558 13370 10686
is_linear=0
shrinkage=0.05


Tree=26
num_leaves=31
num_cat=0
split_feature=33 33 33 7 5 7 5 28 2 9 3 30 0 5 7 2 7 30 33 33 14 7 3 33 5 2 30 12 6 7
split_gain=485.092 79.724 58.6878 43.8916 40.1778 31.8532 26.9113 24.5406 23.8904 22.3098 20.0252 19.8667 19.6143 16.656 15.6388 15.4462 14.1385 13.9153 13.2421 12.7799 12.5578 11.3762 14.9351 10.8535 10.4184 11.4969 8.91369 11.0652 8.16646 7.95961
threshold=51.850000000000001 64.050000000000011 33.850000000000001 56.45000000000001 62.050000000000004 38.95000000000001 64.250000000000014 4.5000000000000009 48.45000000000001 46.050000000000004 53.850000000000001 437.00000000000006 50.250000000000007 70.950000000000017 74.450000000000017 61.850000000000001 40.350000000000001 497.00000000000006 48.850000000000001 70.050000000000011 57.250000000000007 60.95000000000001 45.850000000000001 55.45000000000001 52.350000000000001 56.350000000000001 459.00000000000006 67.950000000000017 76.750000000000014 59.750000000000007
decision_type=8 10 10 2 2 2 2 2 2 2 2 2 2 2 2 2 2 2 10 10 2 2 2 10 2 2 2 2 2 2
left_child=2 4 24 6 9 28 8 11 -4 -2 21 19 -13 17 16 -10 -11 -5 -19 -7 23 -6 -23 -12 29 -26 -8 -28 -3 -1
right_child=1 5 3 13 10 7 26 -9 15 14 20 12 -14 -15 -16 -17 -18 18 -20 -21 -22 22 -24 -25 25 -27 27 -29 -30 -31
leaf_value=-0.03938953562707545 -0.037829312273624099 -0.034667022832979427 -0.034119544076374825 -0.0049462058044773532 0.0040819564904225033 -0.012101690187130226 -0.014155528917237481 -0.00031228371157419947 -0.018071704686302158 -0.021899624911725559 0.06514220210635599 0.011389309001104185 0.021920883329334288 0.086383687811331711 0.061480770688519384 0.030058609376476926 -0.00020976644383133617 0.0089524554261081728 0.065379557815445286 0.01339432679935303 -0.013278801127817525 -0.0035163365181188734 0.066155760678750342 0.028980285681628679 -0.025127932394943799 0.03379788766817584 0.06604305861810561 0.0078326860933354819 0.018459702278659364 -0.0067886936468623945
leaf_weight=433.95531041361392 41.6977444216609 40.412049628794193 270.36222803965211 186.06523539498448 213.84283650666475 89.35315678268671 16.566350940614939 224.57134680822492 906.3647767342627 78.718798566609621 28.72429321706295 658.67965519428253 1362.5164273157716 5.8308039940893641 9.9013096988201124 16.818071477115154 1618.5764542967081 40.080154951661825 14.095633704215286 108.84842704236507 12.82568286731839 13.206424921751024 17.863537792116404 79.465889196842909 72.682407531887293 9.1848026830703002 13.232219971716402 21.743618421256542 8.6068886108696443 20.005697041749954
leaf_count=14460 716 471 7358 3469 2392 912 279 2127 22149 1571 351 5519 10329 59 85 357 23819 757 210 820 139 102 128 780 2002 223 217 353 94 543
internal_value=-0.000409068 0.00855714 -0.0207932 -0.0156853 0.00141369 0.0146147 -0.0194992 0.0154167 -0.0210288 -0.00173639 0.016479 0.0170104 0.018492 0.00359232 -0.00084974 -0.0171863 -0.0012199 0.00152701 0.0238194 0.0018747 0.0331243 0.00822368 0.0364646 0.0386787 -0.0349931 -0.0184228 0.0157947 0.0301232 -0.0252185 -0.0379657
internal_weight=6634.8 4607.81 2026.99 1491.16 2114.82 2492.99 1245.09 2443.97 1193.55 1748.89 365.929 2219.4 2021.2 246.072 1707.2 923.183 1697.3 240.241 54.1758 198.202 121.016 244.913 31.07 108.19 535.828 81.8672 51.5422 34.9758 49.0189 453.961
internal_count=102791 50355 52436 35208 30083 20272 30713 19707 29864 26191 3892 17580 15848 4495 25475 22506 25390 4436 967 1732 1270 2622 230 1131 17228 2225 849 570 565 15003
is_linear=0
shrinkage=0.05


Tree=27
num_leaves=31
num_cat=0
split_feature=32 18 7 32 10 30 32 7 32 32 1 15 7 10 3 3 3 13 2 27 2 2 9 30 28 12 7 12 16 28
split_gain=357.827 70.6431 53.9626 50.0508 31.374 25.696 24.3794 22.1395 20.7603 19.5973 18.9389 17.193 16.7762 16.0182 18.5376 15.298 14.9849 14.1763 12.7034 16.1123 12.5019 12.3951 12.3798 10.7661 10.503 12.2584 10.4576 15.8325 9.95679 8.91151
threshold=60.850000000000001 11.500000000000002 48.250000000000007 68.050000000000011 55.000000000000007 435.00000000000006 40.95000000000001 46.550000000000004 78.250000000000014 78.050000000000011 56.95000000000001 57.250000000000007 42.550000000000004 65.000000000000014 54.850000000000001 56.550000000000004 57.750000000000007 54.650000000000013 48.95000000000001 7.5000000000000009 48.350000000000001 56.150000000000013 48.850000000000001 449.00000000000006 3.5000000000000004 89.450000000000017 57.95000000000001 82.15000000000002 50.95000000000001 4.5000000000000009
decision_type=10 2 2 10 2 2 8 2 10 10 2 2 2 2 2 2 2 2 2 2 2 2 2 2 2 2 2 2 2 2
left_child=2 9 10 7 6 -5 -4 21 15 23 12 20 -1 14 -9 -7 -12 -15 -14 -20 -8 28 -10 -2 25 -25 -6 -28 -3 -13
right_child=1 3 4 5 26 8 11 13 22 -11 16 29 18 17 -16 -17 -18 -19 19 -21 -22 -23 -24 24 -26 -27 27 -29 -30 -31
leaf_value=-0.037103216043405572 0.004995459130121214 -0.019368192792232702 -0.034025319666330177 -0.0097646284301241629 0.0093809118847936381 0.006374529878956571 -0.024614012061168113 -0.0048492265077115515 0.055033493173164499 0.043643101967113879 -0.010937519024705675 0.0075459997774950313 -0.033233955399895314 0.034000959002776658 0.010560244202530253 0.018264864632666366 0.050044438089075806 -0.0093524919815353522 -0.021999398195392685 0.0044677525603403949 -0.0096596972261719094 0.0057369273168534057 0.019311949906892056 0.022029863000316962 0.013625298478767879 0.044989775211647133 0.087285517037212795 0.0012116063339557921 0.017175391965734723 -0.014037560847375292
leaf_weight=298.69663686677814 117.12924174033105 287.80045747384429 111.38469813205302 156.19826425611973 52.226935487240553 1314.252560146153 179.41098150424659 680.23515328392386 26.175388045608997 90.723031889647245 59.693455876782537 186.77031166478992 193.29282613843679 65.053233690559864 273.55080953799188 341.59263103455305 12.012384748086331 26.25884198769927 351.63970117643476 68.342595484107733 644.55662765726447 73.980593910440803 354.45775418356061 240.01634773612022 232.50272588431835 77.776374466717243 12.521963812410833 9.4753306023776513 19.709155729040504 64.095991695299745
leaf_count=9241 1287 5485 3211 1601 748 12263 4458 9622 185 558 1338 3502 5906 708 3821 3103 259 266 9362 1707 13384 1177 2395 2173 2390 696 155 110 367 1313
internal_value=-0.000397549 0.00792391 -0.0166314 0.00501468 -0.00977422 0.00975767 -0.0117506 -0.00227199 0.0112579 0.021803 -0.0254109 -0.00943472 -0.0273562 0.00148725 -0.000423824 0.00883142 -0.000596533 0.0214824 -0.0225954 -0.0176805 -0.0129245 -0.0125813 0.0217954 0.0188207 0.0217528 0.0276772 0.0217182 0.0506087 -0.0170049 0.00200811
internal_weight=6621.53 4377.41 2244.12 3619.26 1260.44 2192.68 1186.22 1426.59 2036.48 758.148 983.678 1074.83 911.972 1045.1 953.786 1655.85 71.7058 91.3121 613.275 419.982 823.968 381.49 380.633 667.425 550.295 317.793 74.2242 21.9973 307.51 250.866
internal_count=102791 48097 54694 40993 26881 19547 25868 21446 17946 7104 27813 22657 26216 14417 13443 15366 1597 974 16975 11069 17842 7029 2580 6546 5259 2869 1013 265 5852 4815
is_linear=0
shrinkage=0.05


Tree=28
num_leaves=31
num_cat=0
split_feature=33 33 33 7 18 7 5 2 5 18 29 29 33 5 29 18 9 5 7 4 3 18 13 28 9 5 2 12 27 29
split_gain=418.295 65.6537 55.6279 39.4171 39.1431 28.4656 24.7061 22.75 21.0491 20.877 20.7962 19.5072 18.2294 17.294 18.1765 16.9859 15.3107 14.0063 13.4603 13.3785 13.1582 12.3596 12.4202 11.9271 11.1551 10.3669 10.4898 10.0481 9.57664 8.97127
threshold=51.850000000000001 64.050000000000011 33.850000000000001 56.45000000000001 11.500000000000002 38.050000000000004 64.450000000000017 48.45000000000001 63.050000000000004 11.500000000000002 51.750000000000007 53.500000000000007 76.250000000000014 52.350000000000001 59.750000000000007 9.5000000000000018 48.650000000000013 70.950000000000017 54.95000000000001 71.850000000000009 47.750000000000007 14.500000000000002 46.050000000000004 3.5000000000000004 48.95000000000001 52.350000000000001 56.350000000000001 58.45000000000001 4.5000000000000009 57.750000000000007
decision_type=8 10 10 2 2 2 2 2 2 2 2 2 10 2 2 2 2 2 2 2 2 2 2 2 2 2 2 2 2 2
left_child=2 4 25 6 13 -3 7 -4 10 11 28 -7 19 27 23 -9 -12 21 -10 -11 -20 -5 -23 -15 -14 -1 -27 29 -6 -2
right_child=1 5 3 17 8 9 -8 15 18 12 16 -13 24 14 -16 -17 -18 -19 20 -21 -22 22 -24 -25 -26 26 -28 -29 -30 -31
leaf_value=-0.037069346261698145 0.0026199640830049976 -0.033497705759857083 -0.033093754214636908 0.013924658794430854 0.0062458071199817571 0.062920033283288587 0.01586896322781332 0.0096426359238017678 0.002332982865150914 0.0038481494439545922 -0.026511424919190524 0.021075076578669534 0.039309886088821001 0.028734369792972711 0.060311735313143294 -0.01802082070563641 -0.0038293670581747981 0.076959020763191388 0.0029500111504732777 0.013079802071723932 0.041025208560954068 0.025023587674789155 -0.015833695028900915 0.0016856291968418875 0.017324145726945243 -0.023931386876244225 0.031973034618863361 0.013761611991065143 0.082355771746903783 -0.032598142228097114
leaf_weight=428.72219697013497 55.222626630216837 32.026442561298609 257.14837596006691 109.26778436638415 7.3976800031960037 30.175277732312679 49.98161693662405 59.096706131473184 165.08726802095771 664.48176772147417 78.767734166234732 376.6182823702693 68.243028774857521 112.92975769564509 31.387502744793892 842.95016652531922 1346.2638730332255 6.217129059135913 37.962441768497229 965.49675202742219 57.487250067293644 22.266258867457509 108.70101903192699 64.391991525888443 392.39801256358624 69.779780076816678 9.3772337865084392 123.41297928616405 9.774856783449648 26.62010744959116
leaf_count=15003 734 391 7365 1879 123 196 813 1274 1965 6077 1301 2575 439 1143 323 21261 20814 59 335 8118 476 435 2122 721 2476 2002 223 1617 153 378
internal_value=-0.000385055 0.00779113 -0.0197339 -0.0147549 0.00129106 0.0132283 -0.0184699 -0.0199561 -0.00205911 0.0138309 -0.00442454 0.0242061 0.0118086 0.0150804 0.0252173 -0.0162021 -0.00508838 0.00345173 0.0110122 0.00931993 0.0259531 0.00149737 -0.00883545 0.0189467 0.0206 -0.0339885 -0.0172137 0.00474131 0.0500842 -0.00879984
internal_weight=6609.65 4646.15 1963.51 1455.63 2116.71 2529.44 1209.18 1159.2 1702.74 2497.41 1442.2 406.794 2090.62 413.965 208.709 902.047 1425.03 246.452 260.537 1629.98 95.4497 240.235 130.967 177.322 460.641 507.879 79.157 205.256 17.1725 81.8427
internal_count=102791 50355 52436 35208 30083 20272 30713 29900 25167 19881 22391 2771 17110 4916 2187 22535 22115 4495 2776 14195 811 4436 2557 1864 2915 17228 2225 2729 276 1112
is_linear=0
shrinkage=0.05


Tree=29
num_leaves=31
num_cat=0
split_feature=33 33 33 7 18 7 5 2 28 7 18 5 33 32 18 2 2 30 12 5 32 18 2 18 32 30 5 2 7 6
split_gain=382.457 58.4177 53.6516 36.572 34.9225 25.9069 22.8196 21.7293 20.9708 20.5211 19.9687 18.1503 17.5564 16.0328 15.7829 14.8905 13.8596 13.2185 15.2764 12.7939 12.6507 12.0504 11.8367 10.6096 10.8986 10.3685 10.1914 9.56175 8.12089 7.68384
threshold=51.850000000000001 64.050000000000011 33.850000000000001 56.45000000000001 11.500000000000002 38.95000000000001 64.250000000000014 48.45000000000001 4.5000000000000009 46.650000000000013 14.500000000000002 62.45000000000001 73.050000000000011 76.450000000000017 9.5000000000000018 49.050000000000004 63.550000000000004 501.00000000000006 51.650000000000013 43.750000000000007 50.45000000000001 15.500000000000002 54.95000000000001 15.500000000000002 53.050000000000004 455.00000000000006 52.350000000000001 56.350000000000001 59.750000000000007 76.750000000000014
decision_type=8 10 10 2 2 2 2 2 2 2 2 2 10 10 2 2 2 2 2 2 10 2 2 2 10 2 2 2 2 2
left_child=2 4 26 6 13 29 7 -4 10 15 16 21 -12 19 -9 -6 -7 23 -19 -2 -21 -11 -20 24 -5 -13 28 -28 -1 -3
right_child=1 5 3 17 9 8 -8 14 -10 11 12 25 -14 -15 -16 -17 -18 18 22 20 -22 -23 -24 -25 -26 -27 27 -29 -30 -31
leaf_value=-0.038034779610172674 -0.0099639582635968737 -0.033584751563655715 -0.032417189936189077 -0.019735951705443244 -0.027105489239289533 0.019179710035532718 0.014265543618058924 0.0091180242815870303 -0.0012900241676132116 0.0040734717810228561 0.0058996148943437016 -0.0053430006752786486 0.017579325065350825 0.045735124226866472 -0.017462842401376296 -0.0059195671338158184 0.05702792136162968 0.082041140620757555 0.038500039554149511 -0.02543617301504373 0.017496491736342049 -0.0068163841429576266 -0.016258203051959449 -0.015733007238766077 0.016454397971910058 0.019695215540839042 -0.023258014067369999 0.029510903434074167 -0.0042182824144215416 0.018032169357464208
leaf_weight=395.05939090251923 60.337188806384802 38.825269069522619 249.08413700200617 27.331246148794889 110.04256011173129 914.5206253118813 52.592911068350077 59.57082000747323 227.73362505063415 491.60360484197736 791.21625408902764 53.314017415046692 544.56318040937185 36.678772769868374 827.61754610762 340.2408108189702 24.923806108534336 9.8142348490655404 20.515449158847332 18.007920663803816 303.62033183500171 524.92638611420989 18.699773330241442 85.672586349770427 85.080936245620251 179.24121008068323 68.252379940822721 9.6525274105370027 18.966750992462039 8.6458958424627763
leaf_count=14460 876 471 7358 570 2228 6573 849 1273 2127 6756 7244 557 3617 263 21233 5962 146 159 366 309 3468 7912 317 1692 1391 1752 2002 223 543 94
internal_value=-0.00037342 0.00736271 -0.0191085 -0.0142187 0.00122237 0.0124598 -0.017857 -0.0193494 0.0131553 -0.00196191 0.0146034 0.00133361 0.0106658 0.0141574 -0.0156716 -0.0111131 0.0201951 0.0032651 0.0264896 0.0111008 0.01507 -0.00154515 0.0122865 -0.00246861 0.00760113 0.0139338 -0.0333661 -0.0166263 -0.0364991 -0.0240605
internal_weight=6596.35 4668.44 1927.91 1435.98 2118.01 2550.43 1188.87 1136.27 2502.96 1699.37 2275.22 1249.09 1335.78 418.644 887.188 450.283 939.444 247.114 49.0295 381.965 321.628 1016.53 39.2152 198.085 112.412 232.555 491.931 77.9049 414.026 47.4712
internal_count=102791 50355 52436 35208 30083 20272 30713 29864 19707 25167 17580 16977 10861 4916 22506 8190 6719 4495 842 4653 3777 14668 683 3653 1961 2309 17228 2225 15003 565
is_linear=0
shrinkage=0.05


Tree=30
num_leaves=31
num_cat=0
split_feature=33 33 33 9 7 10 9 7 17 18 0 9 13 7 29 33 29 30 2 2 1 18 12 4 15 15 9 15 1 15
split_gain=369.585 78.4869 59.3895 41.764 35.6326 35.9817 30.8282 29.3461 27.4425 22.9121 21.9461 19.0273 17.1343 17.1334 15.1738 13.6599 11.3736 11.6653 10.5111 10.1989 10.303 9.84154 12.3183 9.17171 8.55571 8.18532 6.88399 6.81383 16.0458 5.4291
threshold=51.650000000000013 71.050000000000011 34.750000000000007 55.050000000000004 45.150000000000013 55.000000000000007 46.050000000000004 54.95000000000001 1075.0000000000002 15.500000000000002 53.95000000000001 51.150000000000013 50.050000000000004 71.350000000000009 55.750000000000007 86.550000000000011 56.250000000000007 463.00000000000006 54.050000000000004 61.050000000000004 58.550000000000004 11.500000000000002 96.250000000000014 61.650000000000013 35.050000000000004 38.45000000000001 73.850000000000009 58.95000000000001 53.750000000000007 54.250000000000007
decision_type=8 10 10 2 2 2 2 2 2 2 2 2 2 2 2 10 2 2 2 2 2 2 2 2 2 2 2 2 2 2
left_child=2 3 18 6 21 8 -2 10 12 -9 -8 -10 -6 14 19 24 17 -7 -1 20 -3 22 -4 -24 -16 -20 -5 -23 -29 -18
right_child=1 13 4 26 5 16 7 9 11 -11 -12 -13 -14 -15 15 -17 29 -19 25 -21 -22 27 23 -25 -26 -27 -28 28 -30 -31
leaf_value=-0.03747858529356992 -0.034222857022984755 0.01763400922421858 -0.02226112522889594 -0.03119412924766838 0.085522580722875899 0.01519834635070608 -0.0026150708095471695 0.018532043767266772 -0.015973898061827991 0.0027421554386331043 0.0074233570118231954 0.0030141028315190648 -0.0029086990123352325 0.065694724757141915 0.032481461486820851 0.051301834895124736 -0.019619928559498144 0.077677123015880825 0.028508154868461356 0.047330737192916972 0.036464176883138306 -0.035110404387534176 0.082532050196048187 -0.0024640677069000787 0.0092703237359075905 -0.023645010424129406 -0.011382497649846505 -0.030360205325624997 0.052924815235403183 0.032454894850073149
leaf_weight=414.53237994760275 51.457481889054179 410.85476073250175 38.719044480472803 83.715941617265344 11.484125113114716 13.607331229373814 1294.0384920630604 563.65551070123911 794.13277897424996 389.22416459769011 939.31448051333427 157.67097621783614 10.178517142310737 18.0305255651474 42.38243243098259 21.305731907486916 11.785841183736922 17.285773046314716 7.9916093479841939 40.101751163601875 89.201321810483932 240.60800165310502 5.4666120894253236 7.1169005800038576 661.84857254102826 96.378332827240229 94.692732185125351 23.639714308083061 7.5229808483272782 8.5226151086390001
leaf_count=15260 873 2876 1042 1358 270 210 18177 4945 18642 4043 11328 3498 236 85 284 105 186 255 246 235 525 7531 142 177 4473 3120 1458 716 207 125
internal_value=-0.000691199 0.00678372 -0.0195135 0.00282082 -0.0139715 -0.00939744 0.0041201 0.00474196 -0.011551 0.0120885 0.00160484 -0.0128232 0.0439196 0.0173244 0.0166262 0.0118855 0.0313919 0.0504566 -0.0338927 0.0229814 0.0210096 -0.0284558 -0.00821972 0.0344259 0.0106787 -0.0195803 -0.0207191 -0.032253 -0.00998947 0.00204066
internal_weight=6566.47 4699.82 1866.64 3416.1 1347.74 1024.67 3237.69 3186.23 973.466 952.88 2233.35 951.804 21.6626 1283.73 1265.69 725.537 51.2016 30.8931 518.902 540.158 500.056 323.073 51.3026 12.5835 704.231 104.37 178.409 271.771 31.1627 20.3085
internal_count=102628 50765 51863 42182 33237 23422 39366 38493 22646 8988 29505 22140 506 8583 8498 4862 776 465 18626 3636 3401 9815 1361 319 4757 3366 2816 8454 923 311
is_linear=0
shrinkage=0.05


Tree=31
num_leaves=31
num_cat=0
split_feature=33 33 33 5 7 33 9 9 3 30 31 7 18 5 9 3 1 5 9 18 18 18 18 1 29 3 33 29 2 13
split_gain=340.468 86.0794 40.2584 33.207 28.5702 25.5725 24.9888 21.7618 20.8123 19.5213 17.6003 17.1958 16.8947 16.2631 15.1197 15.0106 15.0083 19.1621 14.5027 14.4316 13.3747 12.1547 11.9394 11.2142 10.8577 10.7936 10.4776 10.0559 15.8261 11.8716
threshold=48.250000000000007 63.850000000000001 33.850000000000001 56.850000000000001 45.150000000000013 76.550000000000011 48.650000000000013 58.250000000000007 49.750000000000007 477.00000000000006 -9.4999999999999982 68.65000000000002 11.500000000000002 55.650000000000013 55.050000000000004 43.45000000000001 44.45000000000001 60.250000000000007 51.150000000000013 15.500000000000002 17.500000000000004 13.500000000000002 11.500000000000002 52.850000000000001 55.250000000000007 56.95000000000001 61.050000000000004 55.750000000000007 59.250000000000007 53.750000000000007
decision_type=8 10 10 2 2 10 2 2 2 2 10 2 2 2 2 2 2 2 2 2 2 2 2 2 2 2 8 2 2 2
left_child=2 3 -1 6 22 7 -2 8 12 10 26 19 -3 18 15 -11 17 -15 21 -8 -10 -6 23 -4 -12 -20 -5 28 -7 -29
right_child=1 5 4 9 13 27 11 -9 20 14 24 -13 -14 16 -16 -17 -18 -19 25 -21 -22 -23 -24 -25 -26 -27 -28 29 -30 -31
leaf_value=-0.03402625470399584 -0.030442632792750914 0.018138726478635424 -0.022098310605671675 0.0076757477005863512 -0.0058637782797307724 0.025775061197796052 -0.00037288723884312119 -0.02803047642940882 0.016433564473130033 -0.0018396187442724029 0.0044562873686906828 0.035252942265909935 0.0013059832008499501 0.11188840030815357 -0.030244032021418489 0.023241170130296984 -0.0016679299074374395 0 -0.0056895113863747945 -0.010088757302817259 -0.0029895633895441875 -0.022872201104216446 -0.035451632396822939 0.036722378941456565 -0.014532684951257821 0.034859921471690578 0.044793113808888785 0.0016239491168052126 0.073220206868907803 0.023016397456006837
leaf_weight=461.80178001523018 91.752549316734076 185.69146246090531 28.70714764110744 62.667052730917931 146.74178219586611 198.49663518369198 945.68116365745664 37.978031560778618 1011.9127906821668 75.37498239800334 135.50295236706734 27.829117748886347 758.41219867765903 6.8850648496299973 16.932593140751123 279.29558737203479 122.7822088431567 8.4551723655313236 80.29118399694562 642.63337710127234 96.638357561081648 378.18396615982056 213.5535941105336 11.145218933001159 168.32501918077469 20.496526315808296 27.514946077018976 98.718120932579041 19.392105497419834 191.99789713323116
leaf_count=17250 1722 1294 844 775 3464 1219 14799 435 8175 897 1736 262 6655 151 251 3105 2291 164 1940 11861 812 10353 7139 291 2117 488 266 610 107 1155
internal_value=-0.00066498 0.00548886 -0.0217734 -0.00118606 -0.0162032 0.0118426 -0.00506658 0.00939147 0.0100876 0.00746345 -0.000278193 -0.00362103 0.0046236 -0.0113638 0.0156832 0.0178979 0.00413392 0.0506054 -0.014793 -0.00430747 0.0147357 -0.0181291 -0.0307606 -0.00547247 -0.00604874 0.00253358 0.0190929 0.0219045 0.0300523 0.0157724
internal_weight=6551.79 5072.75 1479.04 2473.51 1017.24 2599.24 1707.9 2090.63 2052.65 765.613 394.01 1616.14 944.104 763.836 371.603 354.671 138.122 15.3402 625.713 1588.31 1108.55 524.926 253.406 39.8524 303.828 100.788 90.182 508.605 217.889 290.716
internal_count=102628 58253 44375 37791 27125 20462 28644 17371 16936 9147 4894 26922 7949 18851 4253 4002 2606 315 16245 26660 8987 13817 8274 1135 3853 2428 1041 3091 1326 1765
is_linear=0
shrinkage=0.05


Tree=32
num_leaves=31
num_cat=0
split_feature=33 33 33 5 7 7 33 9 10 6 7 9 3 7 10 3 30 9 3 15 6 7 10 7 32 30 1 9 16 14
split_gain=312.64 76.9136 38.9601 30.0588 27.2835 23.8348 23.8184 22.5187 20.9242 20.4786 19.7515 19.4251 18.1799 16.7679 15.2448 14.6098 12.8545 11.6028 12.7377 10.8591 10.6247 10.4174 9.81346 9.06106 8.29171 7.70538 7.41934 6.66359 6.371 5.98612
threshold=48.250000000000007 63.850000000000001 33.850000000000001 59.850000000000001 45.150000000000013 37.45000000000001 76.550000000000011 48.650000000000013 55.000000000000007 42.050000000000004 55.050000000000004 58.45000000000001 49.750000000000007 48.250000000000007 77.500000000000014 39.150000000000013 457.00000000000006 49.650000000000013 51.350000000000001 53.650000000000013 49.250000000000007 61.150000000000013 55.000000000000007 42.150000000000013 60.650000000000013 479.00000000000006 38.550000000000004 51.750000000000007 49.750000000000007 44.050000000000004
decision_type=8 10 10 2 2 2 10 2 2 2 2 2 2 2 2 2 2 2 2 2 2 2 2 2 8 2 2 2 2 2
left_child=2 3 22 7 26 -3 11 -2 9 -6 14 12 -7 24 23 -15 -11 18 -12 -10 -8 -22 25 -5 -9 -1 -4 -19 -27 -13
right_child=1 5 4 10 8 6 20 13 19 16 17 29 -14 15 -16 -17 -18 27 -20 -21 21 -23 -24 -25 -26 28 -28 -29 -30 -31
leaf_value=-0.039321444952965696 -0.027542197624099065 -0.03954026403879396 0.04692683418338451 -0.027628491952998636 0.094374613582406161 0.004761352579767608 0.040988323447064559 -0.016741929602018844 0.0025061031153487713 -0.022516948278936414 0.021544823221049399 0.0040157116114194775 0.014223120349635882 -0.018061417252870218 0.057359117036682054 0.0025529444406241701 -0.0084514886851751979 0.018784007898777225 0.077352736706593359 0.060788492269668142 0.016086846781890259 0.041786840188592383 0.024742942679702264 0.0026433967728395047 -0.005064030546684673 0.036791520224135392 -0.031076967177524839 -0.018397663200764636 -0.026981572232265091 -0.039890270735757155
leaf_weight=282.76390928402543 97.064410725608468 22.832637637853622 2.9516178313642731 26.691397253423929 4.3286607954651108 939.04205003380775 60.851316399872303 231.42350270226598 18.535748828202486 250.29150602035224 24.77208998426795 10.789618536829947 1110.6881974376738 93.483384665101767 12.016820866614578 1050.5634523145854 468.59366084262729 135.56382110342383 17.875406987965107 14.219000617042182 404.08691161870956 44.004129111766815 6.9748625736683598 319.01758290454745 448.64962863735855 3.8696602564305058 243.27320564910769 13.010755129158495 153.60043461248279 25.742568571120501
leaf_count=11143 1843 294 111 435 111 7835 361 5536 305 6497 223 126 8873 1396 111 15243 11732 1140 160 206 2464 211 141 3915 7651 149 8163 138 5817 298
internal_value=-0.000639959 0.00519508 -0.0211264 -0.00113185 -0.0156384 0.0111663 0.0116159 -0.00408202 -0.0109172 -0.0126933 0.00918276 0.00924495 0.00989129 -0.00282948 0.00223114 0.000862684 -0.013358 0.0221533 0.0451795 0.028067 0.0213211 0.0186306 -0.0334078 0.000284401 -0.00904716 -0.0343459 -0.0301029 0.0154842 -0.0253603 -0.0268108
internal_weight=6537.57 5088.17 1449.4 2470.13 1002.19 2618.04 2595.2 1921.18 755.969 723.214 548.948 2086.26 2049.73 1824.12 357.726 1144.05 718.885 191.222 42.6475 32.7547 508.942 448.091 447.209 345.709 680.073 440.234 246.225 148.575 157.47 36.5322
internal_count=102628 58253 44375 37791 27125 20462 20168 31669 18851 18340 6122 17132 16708 29826 4461 16639 18229 1661 383 511 3036 2675 17250 4350 13187 17109 8274 1278 5966 424
is_linear=0
shrinkage=0.05


Tree=33
num_leaves=31
num_cat=0
split_feature=33 33 33 5 7 7 33 0 10 18 7 18 6 3 18 7 32 30 2 32 7 5 2 8 33 6 14 29 1 1
split_gain=286.96 68.7659 37.7344 27.8576 25.6198 21.8693 21.0738 22.3024 20.6517 18.8704 17.8228 16.281 16.1045 14.8342 14.2184 13.1888 12.8878 11.3515 11.1553 11.0092 11.4708 10.9566 10.8994 9.21342 8.63412 8.62111 10.5606 8.61311 8.44749 8.38013
threshold=48.250000000000007 63.850000000000001 34.750000000000007 54.250000000000007 44.650000000000013 37.45000000000001 76.550000000000011 50.050000000000004 55.000000000000007 13.500000000000002 68.65000000000002 15.500000000000002 42.050000000000004 49.750000000000007 9.5000000000000018 46.350000000000001 69.65000000000002 483.00000000000006 48.95000000000001 73.65000000000002 48.150000000000013 71.550000000000011 54.050000000000004 31.650000000000002 45.45000000000001 58.050000000000004 43.650000000000013 56.250000000000007 52.45000000000001 59.45000000000001
decision_type=8 10 10 2 2 2 10 2 2 2 2 2 2 2 2 2 10 2 2 10 2 2 2 2 10 2 2 2 2 2
left_child=2 3 22 10 -4 -3 9 -8 12 29 11 16 -6 -11 19 -16 -2 -17 -14 20 -5 -9 -1 25 27 26 -24 -10 -13 -7
right_child=1 5 4 14 8 6 7 21 24 13 -12 28 18 -15 15 17 -18 -19 -20 -21 -22 -23 23 -25 -26 -27 -28 -29 -30 -31
leaf_value=-0.035899417062085714 -0.0049912855074723496 -0.038829173454891557 -0.030293571081842847 0.058047923889264143 0.076947892701371465 0.013215102316399736 0.0066340231061123084 0.024094169152081693 0.072692553098562193 -0.00032401132742854817 0.037031145213687632 -0.0064858553692650842 -0.024015639069722022 0.010026067931148762 -0.0083031926029246139 0.0015067251296763504 0.0098849335873638991 0.014062531851005559 -0.0092591059119310447 0.068255049925062219 0.0047576780910804804 0.049635014195043882 0.11894464743876712 -0.027695580604581761 -0.0049881511404831118 -0.011407870641818548 0.0056763453541075603 0.0064282280244183426 -0.018407630559741813 0.029140008932201318
leaf_weight=375.9547258708626 660.38393705897033 22.108578685671091 206.76985847577453 13.180316485464571 4.9178129266947499 606.37649833038449 194.41136956214905 269.71315971761942 12.892979752272369 629.38371133431792 24.140176109969616 297.34657137654722 169.544922394678 766.81672330573201 182.65337974578142 438.77296105772257 186.5335180722177 306.39640464633703 533.76112581603229 13.182926438748835 43.314670905470848 50.405861131846905 3.1246219426393527 65.17837886326015 12.272314909845589 22.520854718983173 5.9978997055441141 8.1920599341392499 300.78082807734609 96.479042187333107
leaf_count=15260 11639 294 7129 181 118 4435 1189 1588 195 5618 228 6010 4834 6489 3057 5265 2036 3417 13154 86 424 259 105 2286 186 776 199 133 5448 590
internal_value=-0.00061525 0.00491842 -0.0204857 -0.00107989 -0.0147207 0.0105338 0.0109548 0.0200303 -0.0103684 0.00872692 -0.0054597 -0.00617551 -0.0121852 0.00535716 0.00536589 0.00372223 -0.00170812 0.00667729 -0.0128265 0.0271443 0.0173593 0.0281457 -0.0320336 -0.0169499 0.0279783 0.00504387 0.0458839 0.0473351 -0.0124914 0.015412
internal_weight=6523.51 5102.38 1421.13 2466.69 948.351 2635.69 2613.59 514.53 741.581 2099.06 1469.19 1445.04 708.224 1396.2 997.501 927.823 846.917 745.169 703.306 69.6779 56.495 320.119 472.776 96.8218 33.3574 31.6434 9.12252 21.085 598.127 702.856
internal_count=102628 58253 44375 37791 25749 20462 20168 3036 18620 17132 25361 25133 18106 12107 12430 11739 13675 8682 17988 691 605 1847 18626 3366 514 1080 304 328 11458 5025
is_linear=0
shrinkage=0.05


Tree=34
num_leaves=31
num_cat=0
split_feature=32 5 5 0 1 28 30 0 15 17 0 2 28 30 30 6 17 2 31 32 6 0 17 30 1 15 0 28 8 15
split_gain=224.787 49.2492 41.368 29.8117 25.6832 22.3109 24.4088 21.6482 15.7835 13.4662 12.0064 11.9922 17.906 11.7594 11.3585 10.7067 11.626 10.4134 10.3788 10.3674 19.1225 13.674 10.2552 14.084 9.14925 9.04401 8.48633 14.2581 8.41755 8.83502
threshold=58.45000000000001 49.45000000000001 52.550000000000004 49.350000000000001 63.550000000000004 5.5000000000000009 439.00000000000006 52.750000000000007 52.250000000000007 2760.0000000000005 60.45000000000001 54.150000000000013 4.5000000000000009 467.00000000000006 425.00000000000006 76.350000000000009 1750.0000000000002 62.050000000000004 16.500000000000004 68.850000000000009 58.050000000000004 49.45000000000001 1750.0000000000002 479.00000000000006 57.45000000000001 48.350000000000001 51.050000000000004 3.5000000000000004 81.15000000000002 53.050000000000004
decision_type=10 2 2 2 2 2 2 2 2 2 2 2 2 2 2 2 2 2 8 10 2 2 2 2 2 2 2 2 2 2
left_child=2 8 3 -1 5 6 18 -8 14 10 -7 -5 17 -4 -2 16 24 -13 -3 28 21 -21 -17 -24 -15 -11 -16 -28 29 -10
right_child=1 4 13 11 -6 9 7 -9 19 25 -12 12 -14 15 26 22 -18 -19 -20 20 -22 -23 23 -25 -26 -27 27 -29 -30 -31
leaf_value=-0.032255144414888193 -0.032126820813412942 -0.0074794351472954046 -0.013362131077940948 -0.020724005794212158 0.050881227770638561 -0.027064327560137991 0.0057098265001549343 0.01438202456704211 0.01778326991021743 0.041464003062723048 0.01612284633578916 0.0023230552306172055 -0.019072016725935757 0.0049218597373721102 -0.012710057090467778 0 -0.013595599902766299 0.066809174751390185 0.018508214453997723 -0.01785017197903158 0.0021795456802621953 0.041230694023422887 0.11068202914781496 0.023723817449921341 0.058054146278542454 -0.0033455642966592502 0.0083619877557801498 -0.010308422489681092 0.017746874494365041 -0.0080191605810049343
leaf_weight=420.15415314771235 45.492195785045624 295.90732459165156 199.65416775643826 455.2114313300699 34.644546624273062 95.247658144682646 1438.8521256390959 1445.3265988659114 36.936173494905233 16.436152506619692 19.137917272746563 130.75541360117495 161.72201431170106 110.27140824683011 302.02884003520012 23.348632119596004 110.95372007414699 6.4901377372443667 43.973129563033581 11.449355559423564 208.49602442793548 61.720619956031442 6.2724522463977364 18.486448464915156 8.6840309016406518 34.719403758645058 190.19556981883943 220.71171000041068 44.693163964897394 311.44729506783187
leaf_count=15178 877 3333 4198 14118 233 1330 14853 12729 713 166 228 2927 4600 2249 5365 497 2120 110 569 121 2084 625 115 321 120 350 2568 3639 724 5568
internal_value=-0.000591188 0.00482666 -0.0165237 -0.0215706 0.0080841 0.00764371 0.00856381 0.0100577 -0.0029528 -0.0102401 -0.0197872 -0.0156081 -0.00779759 -0.0041038 -0.00790317 0.0025294 -0.00194192 0.00545534 -0.00409804 0.00260447 0.00992807 0.031906 0.0239616 0.0463117 0.00888814 0.0110069 -0.00634617 -0.0016544 -0.00263186 -0.00526488
internal_weight=6509.42 4857.42 1652 1174.33 3424.24 3389.6 3224.06 2884.18 1433.17 165.541 114.386 754.179 298.968 477.671 758.428 278.017 229.909 137.246 339.88 674.743 281.666 73.17 48.1075 24.7589 118.955 51.1556 712.936 410.907 393.077 348.383
internal_count=102628 56075 46553 36933 33791 33558 31484 27582 22284 2074 1558 21755 7637 9620 12449 5422 4489 3037 3902 9835 2830 746 933 436 2369 516 11572 6207 7005 6281
is_linear=0
shrinkage=0.05


Tree=35
num_leaves=31
num_cat=0
split_feature=33 33 3 33 18 18 30 15 1 1 33 30 17 17 6 31 3 6 6 2 6 2 2 14 13 8 31 30 15 8
split_gain=247.838 42.9244 31.4088 34.137 24.7836 18.4094 16.9769 15.9688 18.7512 15.4847 15.1552 14.6741 11.9997 11.6055 12.2297 10.5586 15.5629 10.86 10.4148 11.3294 10.2781 10.2475 10.1701 16.9253 10.0274 9.8575 9.85696 9.82471 9.75424 16.3354
threshold=51.850000000000001 34.750000000000007 55.750000000000007 63.850000000000001 14.500000000000002 9.5000000000000018 477.00000000000006 55.850000000000001 56.750000000000007 55.95000000000001 47.050000000000004 421.00000000000006 2050.0000000000005 1250.0000000000002 51.050000000000004 -8.4999999999999982 47.150000000000013 74.450000000000017 57.150000000000013 62.050000000000004 46.350000000000001 51.650000000000013 59.250000000000007 57.250000000000007 48.350000000000001 53.45000000000001 15.500000000000002 507.00000000000006 59.850000000000001 52.95000000000001
decision_type=8 10 2 10 2 2 2 2 2 2 10 2 2 2 2 10 2 2 2 2 2 2 2 2 2 2 10 2 2 2
left_child=1 21 3 5 7 15 -6 26 -9 18 -10 -4 24 14 -13 16 -2 -17 19 -5 -7 -1 25 -24 -11 -15 -3 -14 -8 -30
right_child=2 4 11 9 6 20 28 8 10 12 -12 13 27 22 -16 17 -18 -19 -20 -21 -22 -23 23 -25 -26 -27 -28 -29 29 -31
leaf_value=-0.034988054679720888 0.001065166831360979 -0.0097040344066892919 -0.021102828424184487 0.009427089855955785 -0.023643636543620627 -0.023952111826264992 -0.012186498751097896 0.0031171322548045406 0.010038824342264444 0.029164644831151321 0.092823635592532733 0.040957811160917221 0.022915627490979744 0.014904732641636734 0.016794728260061047 -0.0024645270927322127 0.088385676610823138 0.033285075118908852 0.0011858000366992652 0.054377550957407254 -0.0022929622108368171 -0.019018402237919022 0.016374853045436372 0.066376639003581317 0.00940050062213456 0.0028914816191599659 0.043883488816235459 0.067072298264127389 0.037578095011211482 -0.020238138607720793
leaf_weight=289.41468350403011 9.2811960205435771 391.7794891204685 29.750930614769459 379.38830428943038 438.933957984671 56.91678711771965 257.95014363899827 126.38642297312617 10.965590091422202 71.139807831496 11.424614187330006 72.964638816192746 69.902869828045368 347.55687942542136 191.09214657172561 58.357303477823734 11.568360790610312 33.089897930622101 807.5857543386519 14.521218873560427 1437.6988684125245 157.24997935816646 105.99522779136896 20.208545699715614 681.37302670627832 338.12639560736716 8.6450710315257293 15.572594605386255 27.568579509854317 21.6754888035357
leaf_count=12556 104 9693 370 3070 12458 851 6954 2795 221 522 182 711 485 3688 2047 686 123 363 6797 105 21079 5938 866 176 4739 3396 189 104 660 505
internal_value=0.000120966 -0.0160107 0.00603567 0.00379515 -0.0113939 -0.00165246 -0.0173285 -0.00332046 0.0106472 0.00808965 0.052727 0.013419 0.0133091 0.0143801 0.0235034 0.0178561 0.0499442 0.010439 0.00444433 0.0111102 -0.00312266 -0.0293826 0.0114041 0.0244673 0.0112792 0.0089893 -0.00852394 0.0310878 -0.00828421 0.0120387
internal_weight=6494.08 1741.99 4752.09 3646.4 1295.33 1606.91 746.128 549.201 148.777 2039.48 22.3902 1105.69 837.988 1075.94 264.057 112.297 20.8496 91.4472 1201.5 393.91 1494.62 446.665 811.887 126.204 752.513 685.683 400.425 85.4755 307.194 49.2441
internal_count=102433 52151 50282 39028 33657 23206 20577 13080 3198 15822 403 11254 5850 10884 2758 1276 227 1049 9972 3175 21930 18494 8126 1042 5261 7084 9882 589 8119 1165
is_linear=0
shrinkage=0.05


Tree=36
num_leaves=31
num_cat=0
split_feature=33 33 9 3 5 33 18 18 10 33 32 17 10 3 17 28 2 2 16 5 5 32 15 2 5 9 5 13 15 32
split_gain=226.06 40.9629 33.902 28.9491 24.6542 24.1857 19.74 17.4311 18.7813 16.6854 11.461 14.0682 10.7351 10.6952 10.5334 10.3224 10.2293 9.81554 10.24 9.68779 9.20533 9.12338 9.01783 8.86535 10.5298 8.41357 7.99303 7.96261 7.83025 7.77173
threshold=51.850000000000001 34.750000000000007 51.850000000000001 56.650000000000013 56.050000000000004 63.850000000000001 14.500000000000002 9.5000000000000018 65.000000000000014 84.450000000000017 54.650000000000013 2450.0000000000005 65.000000000000014 59.850000000000001 2050.0000000000005 4.5000000000000009 47.150000000000013 51.650000000000013 49.750000000000007 68.850000000000009 60.850000000000001 72.850000000000009 43.550000000000004 49.95000000000001 46.95000000000001 48.850000000000001 41.350000000000001 64.65000000000002 56.050000000000004 56.250000000000007
decision_type=8 10 2 2 2 10 2 2 2 10 8 2 2 2 2 2 2 2 2 2 2 10 2 2 2 2 2 2 2 10
left_child=1 12 3 5 6 7 13 21 -9 14 -5 19 17 16 -7 22 -3 -1 -19 -12 -13 -2 -6 28 -25 -17 -20 -24 -8 -15
right_child=2 4 -4 10 15 9 23 8 -10 -11 11 20 -14 29 -16 25 -18 18 26 -21 -22 -23 27 24 -26 -27 -28 -29 -30 -31
leaf_value=-0.035283435002665085 0.011599620085475732 -0.030918461643149993 -0.015339190168534229 -0.010560070858053695 -0.01294021026497616 0.0062461947114867793 -0.033962829970059033 -0.0033480119753439871 0.016499496082417721 0.031321712496838863 0.012264375861078777 0.028781619761834326 0.036822006643892319 -0.0069214762916553173 0.020158428355084114 0.039348676096979972 -0.0057765543998246722 0.058358993480095246 -0.038453375378627697 0.029095411478069905 0.078762413259916106 0.047231039428901563 0.011977937902024458 -0.02310019680166946 -0.0068452170949444072 -0.023538324053520299 -0.013386614105322287 0.068705900401051734 -0.0076160604312524834 0.03930334410502926
leaf_weight=277.05024911463261 96.174784498289227 45.620974313467741 183.68857510574162 42.477790094912052 37.187822801992297 1901.5727830193937 155.43520624376833 1330.7661303710192 130.77183035388589 74.654880732297897 694.38916882127523 35.742974035441875 6.0107653848826876 15.621344361454247 146.9053694345057 5.8731895070523015 362.73942659236491 3.9995043948292723 47.430727634578943 98.152276042848825 12.736440021544693 22.245441310107708 143.57875611633062 229.15738135762513 178.31027361750603 45.711287967860699 99.899700483307242 6.4203739799559107 35.157815802842379 21.057487430050969
leaf_count=12499 1167 1409 2888 710 737 14781 5203 19733 1437 381 6808 394 111 452 1090 129 8991 152 1982 637 103 153 2651 6874 4622 915 3750 110 1096 468
internal_value=0.000110397 -0.0154499 0.00570999 0.00655439 -0.0109455 0.00461191 -0.0142637 -6.91665e-05 -0.00156772 0.00809759 0.014689 0.0159713 -0.0287254 -0.00627183 0.00724728 0.0035298 -0.00860447 -0.0296652 -0.0193299 0.0143585 0.0421505 0.0183694 0.00900464 -0.0202004 -0.0160026 -0.0162193 -0.021511 0.0144835 -0.0291355 0.0195152
internal_weight=6486.54 1716.26 4770.28 4586.59 1281.87 3703.09 1043.1 1579.96 1461.54 2123.13 883.499 841.021 434.391 445.039 2048.48 238.771 408.36 428.38 151.33 792.541 48.4794 118.42 187.187 598.061 407.468 51.5845 147.33 149.999 190.593 36.6788
internal_count=102433 52151 50282 47394 33657 38742 29115 22490 21170 16252 8652 7942 18494 11320 15871 4542 10400 18383 5884 7445 497 1320 3498 17795 11496 1044 5732 2761 6299 920
is_linear=0
shrinkage=0.05


Tree=37
num_leaves=31
num_cat=0
split_feature=33 33 9 3 5 32 31 18 2 5 8 9 1 9 28 9 8 32 33 10 3 31 2 2 16 2 18 2 5 2
split_gain=206.22 39.0321 30.7158 25.6539 22.7095 22.3901 20.2558 18.5393 17.0426 16.1823 14.696 14.1473 14.0159 13.8035 11.3172 10.9279 12.1818 10.2157 11.1571 9.91496 9.68134 11.5754 9.62012 9.12335 9.11324 9.00821 8.59539 7.97424 7.7524 7.71317
threshold=51.850000000000001 34.750000000000007 51.850000000000001 56.650000000000013 56.050000000000004 78.250000000000014 13.500000000000002 13.500000000000002 63.95000000000001 79.15000000000002 59.250000000000007 48.850000000000001 42.550000000000004 49.95000000000001 3.5000000000000004 59.45000000000001 33.45000000000001 55.050000000000004 53.050000000000004 65.000000000000014 59.850000000000001 10.500000000000002 51.650000000000013 59.550000000000004 49.750000000000007 49.95000000000001 10.500000000000002 61.150000000000013 41.350000000000001 46.45000000000001
decision_type=8 10 2 2 2 10 10 2 2 2 2 2 2 2 2 2 2 8 10 2 2 8 2 2 2 2 2 2 2 2
left_child=1 19 3 5 7 8 12 20 9 -2 -10 -7 13 -6 -14 25 -17 -5 29 22 27 -22 -1 -20 -24 -9 -13 -3 -26 -19
right_child=2 4 -4 17 6 11 -8 15 10 -11 -12 26 14 -15 -16 16 -18 18 23 -21 21 -23 24 -25 28 -27 -28 -29 -30 -31
leaf_value=-0.034697466856127304 0.0022131553904005097 -0.0077958419176442032 -0.014767683063355861 -0.0093864653302740859 0.10662563505428513 0.052738552681817874 0.068266534808137477 -0.02867978923517054 0.0030305318675354687 0.047270587118154933 0.049747725055465548 0.03418452605954303 0.0066035096237931773 -0.0039211060353914187 -0.016657957174823119 0.056729631614729298 -0.0077135858854812988 0.082120994043723805 0.01121256580128595 0.033887745979245668 0.0083480533545804547 0.091384856994081665 0.05253513284480027 0.026445909475156126 -0.03792799614229464 -0.015988652921200722 0.010392847546484188 0.051745340739340978 -0.012883552729812023 0.028679742947929205
leaf_weight=267.87869311496615 3223.8471947107464 305.40491881594062 181.32284005917609 44.731705650687218 5.8683352041989547 24.004961561411619 11.338263137266038 208.81933168694377 32.132005270570517 19.963915750384331 35.856039691716433 43.058688305318356 129.84813894145191 5.1871107071638107 87.25644550845027 9.0850245859473926 35.977935113012791 7.9021157734096041 672.3274963889271 6.2079880349338046 22.828784506767988 5.1016173027455833 4.225592413917183 115.91876756027341 45.728140221908689 436.67068328149617 334.26646522432566 5.6105017047375432 98.646950280293822 51.236488554626703
leaf_count=12499 35605 7645 2888 751 137 156 195 7057 278 139 271 238 2414 105 1691 245 917 119 6259 111 538 120 152 869 1982 12487 2055 106 3750 654
internal_value=0.000100178 -0.0149043 0.00540436 0.00619999 -0.0105133 0.00436859 0.00333655 -0.0137401 0.00301487 0.00249345 0.0277789 0.0155236 5.94938e-05 0.0547397 -0.00272585 -0.0184425 0.00526477 0.0138156 0.0150473 -0.0280698 -0.00414226 0.0239654 -0.0290132 0.0134622 -0.0187164 -0.0201059 0.0131294 -0.0066894 -0.0208713 0.0360316
internal_weight=6478.25 1691.68 4786.57 4605.25 1269 3713.13 239.498 1029.5 3311.8 3243.81 67.988 401.33 228.16 11.0554 217.105 690.553 45.063 892.117 847.385 422.687 338.946 27.9304 416.479 788.246 148.601 645.49 377.325 311.015 144.375 59.1386
internal_count=102433 52151 50282 47394 33657 38742 4542 29115 36293 35744 549 2449 4347 242 4105 20706 1162 8652 7901 18494 8409 658 18383 7128 5884 19544 2293 7751 5732 773
is_linear=0
shrinkage=0.05


Tree=38
num_leaves=31
num_cat=0
split_feature=33 7 18 9 7 3 33 2 18 33 15 1 1 7 3 7 31 7 12 17 11 7 28 29 15 33 18 29 0 7
split_gain=188.058 43.4626 29.3819 27.8275 27.2703 22.7629 19.8759 15.8051 14.46 14.4215 13.4744 14.1786 12.2876 11.0947 10.9985 9.46784 9.44626 9.22424 9.63198 12.398 9.07059 9.57832 7.45203 6.782 6.63702 6.50748 5.04955 5.36718 5.8704 4.85173
threshold=51.850000000000001 47.45000000000001 14.500000000000002 51.850000000000001 38.350000000000001 55.750000000000007 63.850000000000001 52.850000000000001 15.500000000000002 34.750000000000007 55.850000000000001 59.250000000000007 59.850000000000001 69.250000000000014 57.750000000000007 69.250000000000014 24.500000000000004 39.550000000000004 95.950000000000017 1850.0000000000002 46.550000000000004 67.550000000000011 4.5000000000000009 52.250000000000007 35.650000000000013 72.050000000000011 13.500000000000002 56.250000000000007 48.95000000000001 67.550000000000011
decision_type=8 2 2 2 2 2 10 2 2 10 2 2 2 2 2 2 8 2 2 2 2 2 2 2 2 8 2 2 2 2
left_child=1 7 10 4 -2 6 8 -1 -6 29 14 22 -8 23 15 -3 -16 -9 24 -20 -11 -22 -12 -7 -19 26 -5 28 -28 -4
right_child=3 2 9 25 5 13 12 17 -10 20 11 -13 -14 -15 16 -17 -18 18 19 -21 21 -23 -24 -25 -26 -27 27 -29 -30 -31
leaf_value=-0.030099015066560392 -0.024762732738257479 -0.0091450005593201357 -0.031261876346981847 -0.032620319079129184 0.003991143556407859 0.036420077365877261 0.0062593359269790972 -0.043896194734585059 -0.0061352844404967931 -0.040221226233954153 0.017366699822561511 0.080609849293411626 0.01893117936817261 0.043526788947212097 0.0088939718389752943 0.062509027896574546 0.073156018165205047 0.045520844538112372 -0.0015443647595188013 0.064248802299374727 -0.010942629493013804 0.029048334559927065 -0.011719824043358877 0.011196965766558769 -0.018966056437436957 0.03474444239667665 -0.037818215262307775 -0.022589791789608071 0.0029157902593422783 0.033108327093065951
leaf_weight=434.22679821774364 71.390493893995881 271.81430864706635 132.48644772171974 36.575853336602449 887.47950044833124 27.487860918045044 1793.3048275187612 20.851833883672953 584.69168368726969 25.494231153279543 96.024745171889663 7.6423859763890496 214.68828738108277 28.480969838798046 40.510136039927602 4.5748952012509099 6.6260897107422343 4.0041340142488471 41.852774741128087 8.504731582477687 417.20170043408871 15.372248532250522 28.274254823103547 1016.2996810041368 109.98679256439209 6.3881451599299899 10.114104736596344 60.93987637385726 65.050642499700189 2.8405538834631434
leaf_count=17658 1201 7082 5561 538 11678 311 13765 773 9090 660 2065 117 1370 163 1040 72 139 118 1338 258 10615 216 700 9816 3652 66 186 1016 1082 87
internal_value=9.11008e-05 -0.01437 -0.00815965 0.00511541 0.00586523 0.00634717 0.00438223 -0.0248747 -2.74447e-05 -0.0154911 0.00138234 0.014851 0.00761753 0.0127189 -0.00409793 -0.00791869 0.0181691 -0.012589 -0.00856217 0.00957347 -0.0112325 -0.00950354 0.0107061 0.0118694 -0.0166191 -0.0142109 -0.0160699 -0.0115649 -0.00254188 -0.0298504
internal_weight=6471.18 1668.29 1048.86 4802.89 4623.82 4552.43 3480.16 619.427 1472.17 593.395 455.467 131.941 2007.99 1072.27 323.525 276.389 47.1362 185.2 164.348 50.3575 458.068 432.574 124.299 1043.79 113.991 179.069 172.68 136.105 75.1647 135.327
internal_count=102433 52151 28354 50282 47394 46193 35903 23797 20768 17139 11215 2882 15135 10290 8333 7154 1179 6139 5366 1596 11491 10831 2765 10127 3770 2888 2822 2284 1268 5648
is_linear=0
shrinkage=0.05


Tree=39
num_leaves=31
num_cat=0
split_feature=33 33 9 9 18 32 18 0 15 1 4 12 33 14 2 6 1 32 16 1 12 2 10 10 32 14 6 13 4 2
split_gain=171.457 36.2142 25.2329 22.2097 19.6638 18.7653 17.0253 14.3837 12.9144 14.5003 13.112 12.4108 12.3487 9.90545 9.57438 9.32333 9.32837 11.5238 8.00617 7.9548 17.5007 7.84864 7.35361 7.3324 7.16067 12.7374 6.74388 11.1775 7.02352 6.093
threshold=51.850000000000001 34.750000000000007 51.850000000000001 46.050000000000004 14.500000000000002 49.850000000000001 12.500000000000002 47.250000000000007 55.850000000000001 56.750000000000007 94.950000000000017 92.15000000000002 56.45000000000001 45.050000000000004 51.650000000000013 74.950000000000017 40.350000000000001 58.45000000000001 49.750000000000007 43.350000000000001 72.15000000000002 62.350000000000001 65.000000000000014 65.000000000000014 63.650000000000013 40.250000000000007 60.050000000000004 57.250000000000007 88.65000000000002 55.650000000000013
decision_type=8 10 2 2 2 10 2 2 2 2 2 2 8 2 2 2 2 10 2 2 2 2 2 2 10 2 2 2 2 2
left_child=1 14 3 -2 8 13 7 -7 19 10 -10 -11 -8 -5 23 16 17 -6 -16 20 -3 -20 -15 -1 -17 -26 27 28 -4 -18
right_child=2 4 26 5 15 6 12 -9 9 11 -12 -13 -14 22 18 24 29 -19 21 -21 -22 -23 -24 -25 25 -27 -28 -29 -30 -31
leaf_value=-0.033676639744289492 -0.028827904164673269 -0.023074292388194192 -0.015928590818447132 -0.030712437634966602 -0.013444084354633113 -0.0030603868644822532 -0.00426230184048235 0.013645801928232712 0 0.016546394510575775 0.085205430773673901 0.091106644583119498 0.0056425142494382508 -0.0064556028015707104 0.048986916622994037 -0.028945554710676433 -0.015298165948338507 0.081333647701551437 -0.020670703869280188 -0.0089665266509242406 0.066775438417630353 0.051143671053217266 0.050629694705177586 0.042890039104251015 0.039489108300090781 -0.022568982382568208 -0.020781006222470963 0.051171848188225878 0.040037634887231888 -0.00115576092953322
leaf_weight=253.15273475460708 46.363631399348378 10.565328154712917 46.147686848416924 48.838625464588404 6.6976403072476369 146.50844056531787 351.85972456075251 1038.5810312069952 121.49760869890451 14.680064037442209 4.5937866512686005 9.1788470316678268 2931.4412989728153 71.18344116397202 4.3755676839500657 161.53026042692363 392.8528718482703 5.8874200768768787 138.59051821567118 367.98677442409098 10.830032708123325 3.7807723749428979 6.0195248946547499 3.0274323895573607 11.275481078773735 29.992905365303159 115.61149097979069 8.912521203979848 6.244797244668006 95.45679192058742
leaf_count=12499 830 305 764 956 231 1566 6479 8840 2705 253 90 150 27315 1330 152 5055 11805 164 5673 9270 307 113 78 57 257 691 1885 148 91 2374
internal_value=8.22307e-05 -0.0138487 0.0048429 0.00555027 -0.0096185 0.0058989 0.00643642 0.0115762 -0.00242339 0.0100262 0.00320559 0.0457 0.00457943 -0.0131073 -0.0268808 -0.0151248 -0.0114399 0.0307914 -0.0166099 -0.0072319 0.0222728 -0.018694 -0.00188024 -0.0327359 -0.0241916 -0.00543794 -0.0136769 -0.000186344 -0.00909901 -0.0125446
internal_weight=6463.67 1645.95 4817.71 4640.8 1243.03 4594.43 4468.39 1185.09 539.332 149.95 126.091 23.8589 3283.3 126.042 402.927 703.693 500.895 12.5851 146.747 389.382 21.3954 142.371 77.203 256.18 202.799 41.2684 176.916 61.305 52.3925 488.31
internal_count=102433 52151 50282 47394 33657 46564 44200 10406 13080 3198 2795 403 33794 2364 18494 20577 14574 395 5938 9882 612 5786 1408 12556 6003 948 2888 1003 855 14179
is_linear=0
shrinkage=0.05


Tree=40
num_leaves=31
num_cat=0
split_feature=33 5 7 33 18 18 31 0 5 5 7 3 2 1 28 7 7 6 8 2 14 28 31 13 5 8 29 3 3 7
split_gain=142.451 49.3502 36.7089 35.4864 24.3758 20.7621 18.218 18.0924 15.2286 15.2243 15.0988 15.1129 14.2711 14.1528 13.0069 12.9847 12.9475 12.9451 22.131 15.7587 12.705 12.1213 12.0727 13.1826 10.7085 10.1289 9.04007 8.86108 8.84204 9.6636
threshold=53.650000000000013 46.850000000000001 59.95000000000001 70.050000000000011 10.500000000000002 15.500000000000002 10.500000000000002 58.250000000000007 71.550000000000011 62.650000000000013 57.45000000000001 52.850000000000001 63.45000000000001 61.150000000000013 3.5000000000000004 43.650000000000013 45.750000000000007 59.750000000000007 25.250000000000004 49.650000000000013 74.950000000000017 5.5000000000000009 8.5000000000000018 49.650000000000013 61.050000000000004 74.15000000000002 52.250000000000007 63.45000000000001 47.550000000000004 64.450000000000017
decision_type=8 2 2 10 2 2 8 2 2 2 2 2 2 2 2 2 2 2 2 2 2 2 10 2 2 2 2 2 2 2
left_child=1 16 4 5 20 7 12 10 26 15 11 -2 -6 14 -9 -7 -1 18 19 -18 21 -3 24 -24 25 -4 -5 -28 -11 -30
right_child=3 2 22 8 6 9 -8 13 -10 28 -12 -13 -14 -15 -16 -17 17 -19 -20 -21 -22 -23 23 -25 -26 -27 27 -29 29 -31
leaf_value=-0.029850438258331669 -0.0043650466875947416 0.01662591181848164 0.033037192069129334 0.034426711193652065 -0.015141641593415313 -0.021546596217738002 0.0047872401491772538 0.028375653410051566 0.02373643407880183 -0.0049454772191877298 0.013082556390299788 0.0071054320559040055 0.058001190843704087 0.056172414433197496 0.0053940500460439448 -0.0042742569082795225 -0.018644190849725868 -0.021841640598562525 -0.010776145090741004 0.091665071184604208 0.088860670594841762 -0.051329676181608934 0.11505978761465543 0.014671386605647742 -0.014831775812378933 -0.0241637215842498 0.0074851249640812776 0.037368825726440978 0.010278288801310619 0.054952426293013223
leaf_weight=270.09994110278785 735.77159766480327 84.588679699227214 63.008499670773745 33.390597268939018 628.35092438571155 124.48509743623435 153.89109349437058 92.371576990932226 193.67712623253465 99.672036435455084 275.48001815006137 470.81001050397754 6.6169361621141425 20.411493178457022 186.64053816534579 873.74999453686178 4.788452871143817 392.37746297940612 183.32027038931847 9.3111374471336585 5.5426110383123151 6.9875844549387685 6.9654931277036649 6.3881011828780174 20.392001254484057 8.6445468440651876 1291.1104178205132 25.293403811752796 160.2586546652019 13.08473803848028
leaf_count=11615 9117 1711 1108 230 17838 2216 3919 842 1062 960 2216 5455 126 153 1958 11555 205 12838 5826 317 129 172 111 102 240 151 8510 157 1480 75
internal_value=-0.000282225 -0.011993 -0.00438289 0.00443374 -0.00770628 0.0013078 -0.0106203 0.00479214 0.0106126 -0.0035711 0.0025228 0.000106826 -0.0143625 0.0160034 0.0130278 -0.00643516 -0.0207593 -0.0165832 -0.00610081 0.0539826 0.0158984 0.0113358 0.0234869 0.0678736 0.0169265 0.0260425 0.00872421 0.0080659 0.00688107 0.0137091
internal_weight=6447.48 1851.27 991.376 4596.21 885.978 3052.74 788.859 1781.49 1543.47 1271.25 1482.06 1206.58 634.968 299.424 279.012 998.235 859.897 589.797 197.42 14.0996 97.1189 91.5763 105.399 13.3536 92.045 71.653 1349.79 1316.4 273.015 173.343
internal_count=102394 56408 25607 45986 23895 36027 21883 19741 9959 16286 16788 14572 17964 2953 2800 13771 30801 19186 6348 522 2012 1883 1712 213 1499 1259 8897 8667 2515 1555
is_linear=0
shrinkage=0.05


Tree=41
num_leaves=31
num_cat=0
split_feature=32 5 33 30 7 5 5 0 32 2 33 28 7 30 7 31 7 13 1 2 30 5 30 31 7 33 5 4 3 7
split_gain=134.075 43.739 43.2069 25.2188 23.6659 21.1804 16.0709 15.7278 15.4516 15.2145 27.1752 14.925 14.8743 14.4615 13.7759 11.8544 11.2603 11.0825 11.0263 10.9528 10.8972 10.2081 10.1878 10.5378 10.0799 9.70657 13.149 9.65129 9.34691 9.1154
threshold=59.250000000000007 46.850000000000001 70.050000000000011 437.00000000000006 56.45000000000001 65.050000000000011 72.250000000000014 44.45000000000001 83.050000000000011 48.650000000000013 69.050000000000011 4.5000000000000009 45.150000000000013 539.00000000000011 50.350000000000001 12.500000000000002 38.050000000000004 51.350000000000001 61.95000000000001 59.750000000000007 547.00000000000011 71.550000000000011 433.00000000000006 18.500000000000004 42.550000000000004 60.850000000000001 43.45000000000001 67.250000000000014 55.650000000000013 49.750000000000007
decision_type=10 2 8 2 2 2 2 2 10 2 10 2 2 2 2 8 2 2 2 2 2 2 2 8 2 10 2 2 2 2
left_child=1 12 3 15 9 11 22 -7 16 10 -3 14 -1 25 -5 -2 -4 -10 -9 -13 -15 27 -6 -24 -11 -14 -27 -18 -23 -17
right_child=2 4 8 5 6 7 -8 18 17 24 -12 19 13 20 -16 29 21 -19 -20 -21 -22 28 23 -25 -26 26 -28 -29 -30 -31
leaf_value=-0.032824127011545606 -0.016815260829700581 -0.025294914154270615 -0.027949424549155961 -0.0025527227094765056 -0.029199678748780662 -0.029390932981153996 0.088146641257294253 0.012995573821092433 0.0044671295046006445 -0.02306964795376315 0.1257917061877902 -0.012736344269754205 -0.019741174750253096 0.10653647925616733 0.0059238751751708642 -0.023875544331980733 0.0013554893988431723 0.040415246459286389 0.057609691703229528 0.0050296892168565097 -0.010155666010010859 0.014645763399372708 0.0063768872278887577 0.042667799766243991 -0.00293908756274991 0.043957106165432386 -0.030114390838361774 0.010835123661959451 0.04230640905459606 0.021171151588003576
leaf_weight=215.81596293672919 275.1163281314075 165.29147413931787 19.931835506111383 870.09769398160279 16.598599027842283 21.217677868902683 6.3848522976040831 384.67438307031989 31.35339580476284 71.055429294705391 2.9227832183241835 327.86478481441736 474.23628604412079 4.0025691259652367 1065.5217423439026 15.443708654493092 368.62871190160513 70.232056058943272 14.356975112110375 117.42156463488936 3.7355678677558899 128.24198549985886 135.54867240227759 23.500307725742459 502.21897314861417 14.035259444266559 10.239012721925972 1001.3084350302815 40.562508724629879 39.874335579574108
leaf_count=9489 4403 5632 233 13887 326 220 56 3147 169 2273 31 5683 16537 132 12191 337 2757 344 87 1609 125 711 2372 364 11473 190 132 6731 217 536
internal_value=-0.000272735 -0.0125864 0.00395508 0.000496312 -0.00537038 0.00203906 0.010767 0.0123866 0.0104756 -0.0093397 -0.0225668 0.000210105 -0.0218068 -0.0170946 0.00211097 -0.0125634 0.0092382 0.0293847 0.0146273 -0.00804016 0.0501548 0.00972494 0.00787718 0.0117939 -0.00544651 -0.0181584 0.0125129 0.00828824 0.0213431 0.00848439
internal_weight=6437.43 1645.59 4791.85 3131.59 923.521 2801.15 182.032 420.249 1660.26 741.489 168.214 2380.91 722.065 506.249 1935.62 330.434 1558.67 101.585 399.031 445.286 7.73814 1538.74 175.648 159.049 573.274 498.511 24.2743 1369.94 168.804 55.318
internal_count=102394 49132 53262 42100 22527 36824 3118 3454 11162 19409 5663 33370 26605 17116 26078 5276 10649 513 3234 7292 257 10416 3062 2736 13746 16859 322 9488 928 873
is_linear=0
shrinkage=0.05


Tree=42
num_leaves=31
num_cat=0
split_feature=32 5 5 18 7 31 9 7 7 9 32 3 5 28 5 3 18 14 5 5 27 3 9 32 2 3 2 32 13 13
split_gain=122.44 37.8427 30.6442 24.7966 18.4352 16.3548 16.0437 16.444 15.9219 14.7175 14.3332 13.2215 13.9182 12.3518 13.2267 10.7174 10.2869 10.1553 9.27593 8.86681 8.74198 8.54617 9.26566 8.54494 8.4179 7.99283 7.85993 10.0136 7.35293 7.21995
threshold=58.250000000000007 48.150000000000013 60.250000000000007 17.500000000000004 58.050000000000004 8.5000000000000018 46.050000000000004 38.350000000000001 45.650000000000013 55.050000000000004 85.850000000000009 47.250000000000007 61.250000000000007 3.5000000000000004 71.550000000000011 54.650000000000013 11.500000000000002 51.45000000000001 60.45000000000001 48.350000000000001 7.5000000000000009 54.850000000000001 48.750000000000007 39.050000000000004 51.550000000000004 59.250000000000007 49.550000000000004 43.650000000000013 52.250000000000007 71.750000000000014
decision_type=10 2 2 2 2 8 2 2 2 2 10 2 2 2 2 2 2 2 2 2 2 2 2 10 2 2 2 8 2 2
left_child=1 8 3 6 11 26 25 -8 -1 -9 13 20 19 14 18 24 -16 -14 -4 -13 -3 22 -15 -10 -7 -2 -6 -28 -23 -25
right_child=2 4 10 -5 5 15 7 9 23 -11 -12 12 17 21 16 -17 -18 -19 -20 -21 -22 28 -24 29 -26 -27 27 -29 -30 -31
leaf_value=-0.03149666448256374 -0.034604758782853955 -0.022952776598882278 0.041230145371837015 -0.014030182005924249 -0.027980231584121325 0.043598455761684196 -0.024216491706197631 0.003784712777459045 -0.03334530162448078 -0.012432537824903176 0.040816512290896022 0.046513498706998641 0.025228546298941886 -0.037532991413716216 0.04928472403881997 -0.0010367109231735935 0.017932765742168452 -0.031124389721348067 0.0076359569449825377 -0.0081529508101594126 -0.0013015147283257876 0.0034850586165524828 -0.00021445127189654569 -0.013933113088090596 0.116284732613578 0.029573892593750567 0.067395186316512021 0.0040437640725043298 0.026072722053350414 0.055922184802128697
leaf_weight=239.47289160173386 41.149167753756046 178.01360748335719 21.084135193377733 260.52065587230027 15.993177806958554 12.074525501579052 56.482751378789544 2837.8502321727574 61.192322388291359 146.93300816230476 35.018324919044971 7.4791216952726236 60.822659065946937 17.386492365971208 30.132857456803322 7.4455377515405408 210.32257715240121 9.0410493109375221 788.39494660682976 306.60851222090423 63.845020307227969 96.628140930086374 346.91909420862794 438.53427158482373 6.321508176624774 5.3363906200975171 6.9368996582925311 57.27103846333921 57.986407920718193 3.6062810365110627
leaf_count=10803 898 4686 188 3983 342 188 1184 35462 2614 2687 179 236 1063 154 164 110 1337 158 6100 8342 1548 780 2939 14499 95 109 149 856 424 117
internal_value=-0.000263537 -0.0129107 0.00350174 0.000777811 -0.00483139 0.0144207 0.00202923 0.00247672 -0.0208625 0.00298432 0.00918473 -0.00810339 -0.00231888 0.00847293 0.0115928 0.0489443 0.0219013 0.0178304 0.00852213 -0.00682092 -0.0172609 0.00214989 -0.00201901 -0.0157878 0.0693399 -0.0270823 0.00318747 0.01106 0.012 -0.0133395
internal_weight=6426.8 1474.66 4952.15 3348.27 731.853 106.043 3087.75 3041.27 742.806 2984.78 1603.87 625.81 383.951 1568.85 1049.93 25.8416 240.455 69.8637 809.479 314.088 241.859 518.92 364.306 503.333 18.396 46.4856 80.2011 64.2079 154.615 442.141
internal_count=102394 45806 56588 44323 17773 1740 40340 39333 28033 38149 12265 16033 9799 12086 7789 393 1501 1221 6288 8578 6234 4297 3093 17230 283 1007 1347 1005 1204 14616
is_linear=0
shrinkage=0.05


Tree=43
num_leaves=31
num_cat=0
split_feature=33 7 33 7 18 18 9 0 7 30 7 1 2 4 32 4 32 13 30 32 0 20 2 4 30 18 1 28 18 28
split_gain=112.299 35.6747 28.5916 24.0115 21.6917 16.798 15.5523 16.5843 14.1822 13.0366 12.5297 16.6171 11.8839 11.8918 11.3158 11.0366 10.2968 11.4408 10.1903 12.5643 9.38543 12.8241 9.57065 9.30369 9.02261 9.22984 10.8686 8.9257 8.07067 7.81878
threshold=52.050000000000004 45.150000000000013 70.65000000000002 59.650000000000013 15.500000000000002 12.500000000000002 59.95000000000001 45.150000000000013 54.150000000000013 437.00000000000006 44.550000000000004 46.250000000000007 55.650000000000013 51.550000000000004 59.550000000000004 67.250000000000014 83.050000000000011 51.250000000000007 489.00000000000006 56.650000000000013 49.95000000000001 1.0000000180025095e-35 48.550000000000004 91.950000000000017 501.00000000000006 11.500000000000002 53.750000000000007 5.5000000000000009 10.500000000000002 5.5000000000000009
decision_type=8 2 10 2 2 2 2 2 2 2 2 2 2 2 10 2 10 2 2 10 2 2 2 2 2 2 2 2 2 2
left_child=1 14 4 5 6 18 7 15 -9 -6 -11 -12 13 -7 28 -2 20 -18 27 -20 21 22 -4 -16 -5 -26 -27 -3 -1 -14
right_child=2 3 16 24 9 12 -8 8 -10 10 11 -13 29 -15 23 -17 17 -19 19 -21 -22 -23 -24 -25 25 26 -28 -29 -30 -31
leaf_value=-0.005189534124420833 -0.026937285922366657 -0.0021190706530080077 0.052063479844535167 0.0047433997640658953 -0.017019302683600288 -0.0075045566729885632 -0.021020931410841607 0.0031595044877188888 0.012528409459858945 -0.014227576358976413 0.029168503151223941 -0.0012463469715148833 0.0051155404302249789 -0.02189729171169004 -0.01415930776836935 0.0013364222506258214 -0.0012060433114893642 0.036238893022548346 -0.0033338580483760795 0.03842318361036999 0.010890297927853307 -0.0029665066652695875 0.01005329935162041 0.054773662335714401 0.08983947111575051 0.003061398944208032 0.078244393085119837 -0.041748968014927855 -0.03315824778245173 -0.017955552163177898
leaf_weight=29.279770986177027 62.615607250481844 187.5930936075747 17.739172376692295 114.45977712422609 162.67899620719254 221.5836164439097 58.022256959229708 1122.8714185263962 632.6780000180006 178.12507490254939 46.886790433898568 1014.4617941528559 118.07828576117754 414.66905798856169 95.819126505404711 76.036509754136205 28.648546122014523 68.57015436142683 37.067536190152168 34.557004876434803 976.53377842530608 304.41990766301751 58.800087921321392 5.0358879640698424 6.1023687813431016 20.091285750269893 6.2877973020076743 15.31201710551977 250.48022120818496 53.101169975474477
leaf_count=1198 973 4834 120 2298 2411 7302 965 13684 5308 3058 709 12315 3052 14302 3117 1061 152 326 1170 621 6052 2063 401 126 90 394 98 467 12122 1605
internal_value=-0.000254332 -0.0116866 0.00357098 -0.0075369 0.00103034 -0.0101151 0.00443897 0.00522256 0.00653931 -0.00371193 -0.00196009 9.51891e-05 -0.0137476 -0.0168947 -0.0250663 -0.0114062 0.00942544 0.0251633 0.000551836 0.0167686 0.0082929 0.00162061 0.0199103 -0.010617 0.0114066 0.0346467 0.0213989 -0.00515342 -0.0302518 -0.0020184
internal_weight=6418.61 1609.52 4809.09 1228.9 3354.38 1081.96 1952.22 1894.2 1755.55 1402.15 1239.47 1061.35 807.432 636.253 380.615 138.652 1454.71 97.2187 274.53 71.6245 1357.49 380.959 76.5393 100.855 146.941 32.4815 26.3791 202.905 279.76 171.179
internal_count=102394 52796 49598 36233 40484 33353 21991 21026 18992 18493 16082 13024 26261 21604 16563 2034 9114 478 7092 1791 8636 2584 521 3243 2880 582 492 5301 13320 4657
is_linear=0
shrinkage=0.05


Tree=44
num_leaves=31
num_cat=0
split_feature=33 7 33 18 7 5 30 30 31 33 5 30 2 18 17 5 10 2 15 5 15 30 15 30 33 6 8 6 2 4
split_gain=102.468 33.216 28.9169 23.2486 20.8209 20.7261 15.46 14.1841 13.5214 18.7138 13.4633 12.8349 12.6878 12.5956 12.3412 16.0952 12.0354 11.6879 10.8903 10.472 10.8162 10.7498 9.53156 9.28892 9.12611 9.0103 12.7983 9.34684 8.96799 8.64238
threshold=49.45000000000001 45.150000000000013 70.050000000000011 15.500000000000002 57.250000000000007 47.350000000000001 457.00000000000006 443.00000000000006 6.5000000000000009 66.050000000000011 62.650000000000013 467.00000000000006 63.150000000000013 9.5000000000000018 1075.0000000000002 55.250000000000007 55.000000000000007 63.850000000000001 35.650000000000013 71.550000000000011 52.850000000000001 493.00000000000006 54.550000000000004 531.00000000000011 76.950000000000017 54.350000000000001 28.750000000000004 88.750000000000014 53.650000000000013 67.250000000000014
decision_type=8 2 10 2 2 2 2 2 8 10 2 2 2 2 2 2 2 2 2 2 2 2 2 2 10 2 2 2 2 2
left_child=1 18 3 4 12 16 -5 -7 11 -10 -8 -6 13 -2 15 -9 25 -16 28 29 -21 24 -18 -12 -22 26 -3 -27 -1 -4
right_child=2 5 19 6 8 7 10 14 9 -11 23 -13 -14 -15 17 -17 22 -19 -20 20 21 -23 -24 -25 -26 27 -28 -29 -30 -31
leaf_value=-0.007357915205748352 0.013209693079064767 0.045371819028720367 0.00034787328957747632 -0.012262514573774884 -0.0054165717422026633 -0.018478786784260418 -0.0039837549348382189 -0.0020602875308487665 0.038630412940321462 -0.013908762707659818 0.0074970891518777068 0.016024824873398669 0.034126700730652403 -0.00081754696515710901 0.00055619633637872198 0.11415104192302368 -0.0020906895079048334 0.082313212275356706 -0.028163621457235433 0.0080679885095346383 0.029348270287621065 0.0084975415166828605 0.080770198791690007 0.052923547075770266 0.069926476989170913 -0.021619917826041585 -0.010224964075851314 0.058850076933615041 0.09837281693309502 0.0094084571106410469
leaf_weight=5.791435403749345 180.1529080979526 11.246781964786349 356.81940325349569 434.56373796984553 107.7591081187129 94.721709960140288 807.90136812254786 6.1036326698958856 90.526521530002356 20.635071031749249 206.01540790125728 196.3324148543179 28.91081759147346 1423.6845166478306 398.19144163280725 5.5649818032979965 8.8966266456991416 4.3222254570573559 312.38034399412572 103.95655360072851 40.432254418730736 33.77979364991188 5.4704156946390858 11.863069672137497 21.845719359815121 353.7908786162734 115.82405092660338 3.5197954010218373 2.8991995174437761 1015.5188041254878
leaf_count=229 1934 434 2454 6713 988 2715 12142 181 784 124 1900 1621 268 18904 10436 114 176 80 14676 553 228 172 94 101 109 13449 4146 130 96 6443
internal_value=-0.000245776 -0.0126082 0.0029865 0.000459654 0.00389787 -0.00813714 -0.00435865 -0.00102705 0.0138945 0.0288288 -0.00100449 0.00841104 0.0013517 0.000755687 0.00295552 0.0534372 -0.0153803 0.00146676 -0.0266179 0.00862101 0.0193218 0.0314279 0.0294541 0.0100166 0.0437516 -0.0167263 -0.00523308 -0.020797 0.0280629 0.00705647
internal_weight=6409.42 1328.72 5080.7 3508.34 2048 1007.65 1460.34 508.904 415.253 111.162 1025.78 304.092 1632.75 1603.84 414.182 11.6686 498.749 402.514 321.071 1572.35 200.014 96.0578 14.367 217.878 62.278 484.382 127.071 357.311 8.69063 1372.34
internal_count=102394 46956 55438 45479 24623 31955 20856 13526 3517 908 14143 2609 21106 20838 10811 295 18429 10516 15001 9959 1062 509 270 2001 337 18159 4580 13579 325 8897
is_linear=0
shrinkage=0.05


Tree=45
num_leaves=31
num_cat=0
split_feature=33 7 18 7 32 3 2 11 29 2 10 7 31 3 1 32 33 12 27 7 7 29 32 33 2 13 2 13 15 3
split_gain=118.028 32.7795 30.466 27.4143 18.8292 18.2831 17.6839 16.7938 14.3809 13.6552 12.8911 12.4687 11.443 15.9184 16.3938 10.495 10.1551 9.41088 11.8912 9.95297 8.90448 9.5984 8.24213 8.23714 8.19043 7.14373 6.24114 6.94336 5.87483 11.819
threshold=46.050000000000004 41.150000000000013 10.500000000000002 42.050000000000004 78.250000000000014 48.250000000000007 48.250000000000007 46.550000000000004 56.250000000000007 48.750000000000007 65.000000000000014 35.45000000000001 16.500000000000004 48.250000000000007 48.250000000000007 68.65000000000002 65.050000000000011 98.65000000000002 7.5000000000000009 67.550000000000011 67.050000000000011 53.500000000000007 79.350000000000009 51.050000000000004 59.850000000000001 55.850000000000001 57.150000000000013 52.650000000000013 56.150000000000013 60.45000000000001
decision_type=8 2 2 2 10 2 2 2 2 2 2 2 8 2 2 10 8 2 2 2 2 2 10 10 2 2 2 2 2 2
left_child=3 11 8 -1 5 10 28 -7 20 22 -4 -2 17 -14 -15 -13 23 19 -19 -8 21 -3 -6 -10 -18 -11 27 -17 -5 -30
right_child=1 2 4 6 9 7 12 -9 16 25 -12 15 13 14 -16 26 24 18 -20 -21 -22 -23 -24 -25 -26 -27 -28 -29 29 -31
leaf_value=-0.037363029781705998 -0.050584785439398455 0.044721245594149472 -0.0039568545895640071 -0.028761385640534029 0.06161864416158977 -0.014744705176031311 -0.016488738134006795 0.0052176653794870518 0.023510910147067486 0.0042506647605135162 0.010796334452795996 -0.019711871946419345 -0.016800396163534903 0.12007835658051982 0.015838695027658539 -0.022838972821567102 0.0086073955891301148 -0.0068967124352104815 0.029867681474695287 0.045397635751515814 0.06295969122129888 0.016473195430351115 0.021957836107112376 -0.013023778693701169 0.041909760531129769 0.01915515674523895 0.02709848284966514 0.0075393249919743794 -0.015612500949712558 0.08228496490763057
leaf_weight=124.77824003063142 21.616666724905372 33.308236617594957 1511.566427949816 175.56472752429545 18.557564288377762 110.2327774297446 389.43317732866853 2286.4895927533507 18.521060073748231 275.41829479858279 163.90675178728998 138.78815086558461 42.775316700339317 3.9557994399219742 59.468500588089228 31.235157979652286 124.3930201549083 153.27678723912686 25.560242457315326 6.4717584419995537 11.971733659505842 332.21154032461345 47.215334020555019 88.308985456824303 21.769993610680103 114.26323555782437 19.275425553321838 46.659005101770163 36.308357119560242 3.259840700775384
leaf_count=6615 475 323 19628 8103 109 1415 13894 27330 304 1720 1497 3272 1419 126 1888 359 1019 5183 842 133 70 2950 260 906 125 637 185 472 1464 124
internal_value=0.00019979 0.00314023 0.00401034 -0.0153934 0.00257489 0.001495 -0.0123247 0.00429687 0.0143087 0.0122167 -0.00251005 -0.0142597 -0.00836333 0.00668092 0.0225977 -0.0108907 0.00505548 -0.0111525 -0.00160047 -0.0154533 0.0204939 0.0190725 0.0333004 -0.00662696 0.013627 0.00863761 0.00166458 -0.00459177 -0.0248304 -0.00723404
internal_weight=6436.56 5415.71 5158.13 1020.85 4527.65 4072.2 896.075 2396.72 630.485 455.454 1675.47 257.574 680.942 106.2 63.4243 235.958 252.993 574.742 178.837 395.905 377.492 365.52 65.7729 106.83 146.163 389.682 97.1696 77.8942 215.133 39.5682
internal_count=102847 63056 58293 39791 52596 49870 33176 28745 5697 2726 21125 4763 23485 3433 2014 4288 2354 20052 6025 14027 3343 3273 369 1210 1144 2357 1016 831 9691 1588
is_linear=0
shrinkage=0.05


Tree=46
num_leaves=31
num_cat=0
split_feature=32 7 7 18 5 5 27 0 28 9 32 3 7 15 15 18 31 1 32 0 3 27 13 0 3 9 10 0 1 7
split_gain=90.6168 33.0467 26.1296 21.2778 19.0856 17.0291 17.4153 16.3249 21.2271 15.0645 14.0543 12.2084 11.5185 11.0866 10.9907 10.9454 10.8367 9.33346 9.18005 9.69942 8.52331 9.41225 7.61592 7.4427 7.20607 9.28466 6.47762 6.05928 5.85263 5.47561
threshold=58.45000000000001 43.550000000000004 41.650000000000013 10.500000000000002 43.150000000000013 66.15000000000002 7.5000000000000009 49.150000000000013 5.5000000000000009 74.65000000000002 80.550000000000011 65.350000000000009 35.45000000000001 56.650000000000013 55.150000000000013 15.500000000000002 21.500000000000004 59.150000000000013 68.550000000000011 61.250000000000007 61.95000000000001 3.5000000000000004 78.250000000000014 47.150000000000013 40.550000000000004 49.650000000000013 55.000000000000007 44.750000000000007 61.850000000000001 38.350000000000001
decision_type=8 2 2 2 2 2 2 2 2 2 8 2 2 2 2 2 8 2 10 2 2 2 2 2 2 2 2 2 2 2
left_child=1 27 12 17 9 7 14 22 -9 23 -8 13 -2 16 -7 -15 -6 20 19 -14 21 -4 -5 -3 -20 -26 -25 -1 -19 -29
right_child=2 4 3 5 11 6 10 8 -10 -11 -12 -13 18 15 -16 -17 -18 28 24 -21 -22 -23 -24 26 25 -27 -28 29 -30 -31
leaf_value=-0.043800151472091722 -0.050078694950492476 -0.033836225479939017 -0.00064910764811329177 -0.0058210094445140595 -0.010195498260444169 0.0011449009939838179 0.020830312895590161 0.0043726695714266638 -0.014385891289349542 0.067418454841498901 0.072068686610990015 0.068566024445943494 -0.020882913019130245 0.013722641735583199 0.014403666077338843 -0.0083199015997705624 0.0089488300112401543 0.038992581477415564 -0.033738659922527302 0.04699179820785368 0.040366645781098942 0.014259029518639721 0.041729572065316856 -0.016976131336565364 0.025280431097813468 -0.0054521122911990391 0.02703658396480331 -0.042142608783841275 0.0068722242451811928 -0.019690367971263792
leaf_weight=49.37472999189049 18.233918741345406 72.079360857605934 156.90159899927676 705.07668622210622 563.95347223710269 375.23605633340776 90.493978511542082 2534.3151689302176 160.1512141097337 4.9164359169080845 15.795467227697371 5.6768663851544252 126.45441341400146 141.94734440650791 268.92834810167551 92.948030360974371 84.710319927893579 51.916474523022771 13.147564413025973 5.3568817917257538 23.276142971590161 321.43546203151345 8.3999779112637025 219.92098117619753 37.765580048784614 69.48854130320251 8.5177503004670125 33.900039575994015 20.121008396148682 150.59280736278743
leaf_count=2765 407 3487 1373 10050 15813 2607 623 29196 2538 136 101 156 3028 2973 1762 2400 2123 340 145 100 199 2880 103 8144 396 751 151 1638 126 6336
internal_value=0.00018663 -0.0109187 0.00335908 0.00422382 -0.00754691 0.00297681 0.00979594 0.00147347 0.00325537 -0.0183324 0.0285523 -0.00383504 -0.0117489 -0.00431358 0.00668936 0.00497931 -0.0076867 0.0132526 -0.00893928 -0.018053 0.0108159 0.00935938 -0.00524841 -0.0197739 0.00100329 0.00533611 -0.015302 -0.0281109 0.0301122 -0.0238636
internal_weight=6431.03 1428.54 5002.49 4732.05 1194.67 4158.4 750.454 3407.94 2694.47 305.435 106.289 889.236 270.447 883.559 644.164 234.895 648.664 573.651 252.213 131.811 501.613 478.337 713.477 300.518 120.402 107.254 228.439 233.868 72.0375 184.493
internal_count=102847 46122 56725 51898 35383 46980 5093 41887 31734 11918 724 23465 4827 23309 4369 5373 17936 4918 4420 3128 4452 4253 10153 11782 1292 1147 8295 10739 466 7974
is_linear=0
shrinkage=0.05


Tree=47
num_leaves=31
num_cat=0
split_feature=33 5 18 5 29 4 10 2 29 27 3 4 31 3 13 18 20 8 17 33 2 2 13 3 8 4 33 2 3 27
split_gain=101.508 25.3706 24.6371 18.1161 14.1026 13.8657 19.3932 13.77 13.3546 12.3495 13.823 12.188 13.3209 18.8917 12.7446 11.3608 10.4087 9.66603 9.42143 9.13691 8.78621 8.40439 8.21886 8.1753 9.67109 12.804 8.12862 8.43223 10.0233 7.91522
threshold=46.050000000000004 45.650000000000013 10.500000000000002 66.15000000000002 56.250000000000007 90.950000000000017 77.500000000000014 48.650000000000013 52.250000000000007 7.5000000000000009 44.850000000000001 91.450000000000017 16.500000000000004 48.250000000000007 42.95000000000001 13.500000000000002 1.0000000180025095e-35 25.650000000000002 1750.0000000000002 38.050000000000004 61.050000000000004 63.750000000000007 52.250000000000007 58.150000000000013 79.850000000000009 78.550000000000011 65.050000000000011 54.050000000000004 48.750000000000007 3.5000000000000004
decision_type=8 2 2 2 2 2 2 2 2 2 2 2 8 2 2 2 2 2 2 10 2 2 2 2 2 2 8 2 2 2
left_child=1 19 4 5 23 6 8 -3 -4 16 18 12 14 -14 -9 -13 22 -7 -11 -1 -8 -18 -5 24 29 -26 -6 -28 -29 -2
right_child=2 7 3 9 26 17 20 11 -10 10 -12 15 13 -15 -16 -17 21 -19 -20 -21 -22 -23 -24 -25 25 -27 27 28 -30 -31
leaf_value=-0.029309163765403941 -0.00016978023611327424 -0.020527220345797632 0.01512759757172632 0.0049301240025227712 -0.0073791344968357712 0.042213879232141691 0.014672270247596934 0.018670059593366685 -0.0024412976245053943 -0.019631425871817633 0.038374991082279222 0.084412145650244297 -0.017269296269056308 0.040816399666847705 -0.011858439156960745 0.001305409077050589 -0.0014750901502760246 0.0056379229532966943 0.02429220457240493 -0.014999216412695927 0.057458281487020674 0.035944507762127653 0.020828595579487331 0.035326455292944259 0.0053128026208710353 0.063797293490646459 -0.0025920208354780474 0.041045471082104976 0.0062151532341138717 0.017251297274165425
leaf_weight=260.2936430554837 93.966974068433046 140.7627435978502 111.97277220711112 175.52461923286319 110.70153989829123 18.515087593346834 78.641790168359876 38.685512580908835 3053.9217893071473 23.257784631103277 66.576774027198553 7.5322923604398992 22.974929785355926 35.207070405595005 282.58874358609319 9.1940644271671754 352.5856417324394 675.6989225409925 25.40520029142499 199.33775512687862 14.252846475690601 15.571341596543787 153.15500880405307 57.531044527888298 16.780568540096283 21.700201369822025 68.996101936325431 35.701100256294012 49.898572133854032 208.76327249035239
leaf_count=14078 836 6045 1816 1274 1282 181 679 1192 42144 173 456 163 677 958 9206 240 2527 6300 179 7232 110 95 1029 487 145 175 693 237 318 1920
internal_value=0.000174204 -0.0144921 0.00286751 0.00160881 0.0118907 0.000210099 -0.00115542 -0.00709555 -0.00181788 0.00841042 0.0235803 -0.00230671 -0.00416407 0.0178034 -0.0081622 0.0393068 0.00589149 0.00662657 0.00319978 -0.0231186 0.0213454 0.00010334 0.0123576 0.0178356 0.0148623 0.038503 0.00293335 0.0103501 0.0208311 0.011829
internal_weight=6425.7 996.577 5429.12 4765.08 664.039 3953 3258.79 536.945 3165.89 812.076 115.24 396.183 379.456 58.182 321.274 16.7264 696.837 694.214 48.663 459.631 92.8946 368.157 328.68 398.742 341.211 38.4808 265.297 154.596 85.5997 302.73
internal_count=102847 39791 63056 56963 6093 51230 44749 18481 43960 5733 808 12436 12033 1635 10398 403 4925 6481 352 21310 789 2622 2303 3563 3076 320 2530 1248 555 2756
is_linear=0
shrinkage=0.05


Tree=48
num_leaves=31
num_cat=0
split_feature=7 0 28 0 19 30 3 7 30 30 8 4 7 7 13 15 7 4 18 8 0 7 0 3 6 0 18 4 6 7
split_gain=55.5909 35.6675 45.4616 23.6769 23.6709 18.15 22.0566 17.7661 17.0544 15.7345 14.3772 14.0036 12.8056 11.3401 10.7558 10.6546 10.241 9.79963 9.08989 8.23654 7.62268 7.5976 7.55984 7.38396 6.8229 6.0813 5.70456 10.7593 7.64032 5.39581
threshold=41.650000000000013 49.250000000000007 3.5000000000000004 55.45000000000001 1.0000000180025095e-35 477.00000000000006 63.45000000000001 73.15000000000002 455.00000000000006 427.00000000000006 26.450000000000003 90.950000000000017 53.95000000000001 49.350000000000001 71.750000000000014 56.350000000000001 35.45000000000001 90.750000000000014 13.500000000000002 37.050000000000004 63.95000000000001 55.45000000000001 46.750000000000007 39.050000000000004 52.550000000000004 44.050000000000004 16.500000000000004 84.950000000000017 55.050000000000004 38.050000000000004
decision_type=2 2 2 2 2 2 2 2 2 2 2 2 2 2 2 2 2 2 2 2 2 2 2 2 2 2 2 2 2 2
left_child=11 8 3 9 20 6 17 10 14 19 -7 16 -11 18 21 -6 -1 -4 24 -3 -5 25 -18 -24 -10 -2 28 -28 -15 -13
right_child=1 2 5 4 15 7 -8 -9 13 12 -12 29 -14 26 -16 -17 22 -19 -20 -21 -22 -23 23 -25 -26 -27 27 -29 -30 -31
leaf_value=-0.050081442735501094 -0.034271981586166782 -0.043387906847582418 -0.011179869228068982 0.02731070594579937 0.002237876056249834 0.020231971334671348 0.05016666243905548 0.054159296923128923 0.027359763796710335 0.0024899342643559851 -0.00036158189376937235 -0.02250758919041787 0.011553539674521251 -0.010685339430538919 0.045654780446777288 0.01762685766125939 -0.033483683213390715 0.0021971259156875925 -0.014002220840872879 -0.006726740195380658 -0.0077029993866892001 -0.0029515219547700091 -0.045034723135653869 -0.012308919470574864 -0.0031813707208805269 -0.016474460769292654 0.0075851831716181308 0.070874455295485805 0.0033206399085793682 0.017287830411706583
leaf_weight=28.479860469698906 68.846022405661643 17.494662036187947 700.2415742892772 304.47377880103886 302.79891274310648 91.796709720045328 16.162318644113839 15.985081881284712 21.526600602082908 999.6194060947746 1085.2454661326483 10.998783273622392 640.66338483244181 125.04840736929327 6.7836425378918639 179.73223062325269 68.785725934430957 169.40087682940066 288.54259750340134 124.2663033567369 16.108159582130611 70.968088877387345 18.663372351787984 238.24050473608077 117.63732966408134 167.26427025999874 42.806435218080878 7.9341535419225684 438.36080121807754 35.701873481273651
leaf_count=1108 2682 360 12656 2949 3370 1813 247 116 494 14372 15691 182 5998 2068 137 1645 2763 1790 7173 2462 141 1251 541 6420 2386 4067 832 81 6564 488
internal_value=0.000162882 0.00136437 0.00344008 0.00786705 0.0149973 -0.00206285 -0.00748555 0.00195953 -0.00577257 0.00465021 0.00124183 -0.0178628 0.00603354 -0.00268813 -0.0159912 0.00798276 -0.0212595 -0.00856841 -0.0089398 -0.0113137 0.0255339 -0.0173837 -0.0187092 -0.0147224 0.00152324 -0.0216974 0.00165826 0.0176998 0.000201802 0.00778044
internal_weight=6420.58 6019.71 4663.99 2585.16 803.113 2078.83 885.805 1193.03 1355.72 1782.04 1177.04 400.87 1640.28 1041.86 313.862 482.531 354.169 869.642 427.707 141.761 320.582 307.078 325.69 256.904 139.164 236.11 614.15 50.7406 563.409 46.7007
internal_count=102847 91345 63610 31297 8105 32313 14693 17620 27735 23192 17504 11502 20370 19598 8137 5015 10832 14446 10053 2822 3090 8000 9724 6961 2880 6749 9545 913 8632 670
is_linear=0
shrinkage=0.05


Tree=49
num_leaves=31
num_cat=0
split_feature=33 7 7 18 2 28 4 30 30 7 4 10 33 4 0 13 2 6 7 32 27 27 27 28 13 4 2 12 32 0
split_gain=89.6274 24.751 24.196 22.0346 15.5019 15.0374 13.7269 13.7275 13.357 11.3842 10.1577 9.56984 10.3277 9.49436 8.7979 8.34551 8.33022 8.20145 8.90306 7.96735 10.1222 7.50015 7.37247 8.9133 7.18443 6.51081 9.22256 6.50544 6.12452 6.12508
threshold=46.050000000000004 42.050000000000004 41.150000000000013 10.500000000000002 48.250000000000007 5.5000000000000009 28.050000000000004 421.00000000000006 525.00000000000011 35.45000000000001 94.950000000000017 55.000000000000007 30.850000000000005 59.250000000000007 59.850000000000001 52.250000000000007 50.45000000000001 75.950000000000017 55.45000000000001 72.850000000000009 2.5000000000000004 4.5000000000000009 6.5000000000000009 3.5000000000000004 47.050000000000004 84.450000000000017 44.45000000000001 71.15000000000002 68.65000000000002 48.650000000000013
decision_type=8 2 2 2 2 2 2 2 2 2 2 2 10 2 2 2 2 2 2 10 2 2 2 2 2 2 2 2 10 2
left_child=1 -1 9 14 25 6 -5 -8 16 -2 28 12 24 -14 19 -12 -7 18 -16 20 -4 -10 23 -13 -6 -3 -27 -17 29 -11
right_child=2 4 3 5 11 8 7 -9 21 10 15 22 13 -15 17 27 -18 -19 -20 -21 -22 -23 -24 -25 -26 26 -28 -29 -30 -31
leaf_value=-0.035818596849254876 -0.049762788174732737 -0.024908668679414499 -0.0084358094568673641 -0.033043038323057376 -0.004392373640610678 0.01031978897741947 -0.012582203532348058 0.0035947219544204567 -0.0062420097826059607 -0.037932420397765704 -0.02028937646711242 0.067584343280482295 0.0021984755236749633 -0.011529214976387038 0.036517992827185979 0.070867232918983558 -0.016899037461333876 0.064085101006027115 -0.0087076371935478122 0.019785785558431978 0.01052260561640027 0.055300049241656393 -0.018062950278880989 0.0015805992986980414 -0.029678889936722238 0.095869491076722158 -0.015339035739461371 0.0090971862440792535 -0.0024725162474106121 -0.013067180434130621
leaf_weight=112.824442490004 18.991889862343669 193.65728381462395 88.473420716822147 26.339934105053544 42.849645664915442 32.395324934273958 135.21762113273144 4132.0498596467078 8.322120403870942 35.287478160113096 8.4714916087687033 10.941234728321438 230.54059897083789 276.10975701455027 29.500653240829706 8.4868620503693837 200.03836096636951 13.84095338359475 16.913627732545137 157.15919833257794 339.12633361108601 11.592938082292674 8.4841386526823026 9.8348405286669713 84.540898005478084 2.6171050723642093 5.7108260877430439 8.9514481890946609 80.503031548112631 86.968311406672001
leaf_count=6615 475 9342 925 394 2049 489 1990 46368 129 981 112 169 7469 9037 232 99 3060 92 107 887 3454 166 141 179 4441 111 238 104 873 2119
internal_value=0.000151413 -0.0137812 0.00265825 0.00338755 -0.0108982 0.002159 0.00285713 0.00308067 -0.00969603 -0.0126028 -0.00947421 -0.00719212 -0.00848884 -0.00527365 0.0120367 0.0198756 -0.0130811 0.0302578 0.0199467 0.0101458 0.00658723 0.0294303 0.0206696 0.0367367 -0.0212227 -0.0230342 0.0197385 0.0396771 -0.0132573 -0.0203102
internal_weight=6416.74 978.111 5438.63 5190.97 865.286 4545.96 4293.61 4267.27 252.349 247.661 228.669 663.301 634.041 506.65 645.014 25.9098 232.434 60.2552 46.4143 584.759 427.6 19.9151 29.2602 20.7761 127.391 201.985 8.32793 17.4383 202.759 122.256
internal_count=102847 39791 63056 58293 33176 52596 48752 48358 3844 4763 4288 23485 22996 16506 5697 315 3549 431 339 5266 4379 295 489 348 6490 9691 349 203 3973 3100
is_linear=0
shrinkage=0.05


Tree=50
num_leaves=31
num_cat=0
split_feature=5 0 9 30 28 13 13 7 28 7 30 1 18 31 9 1 18 1 30 12 18 10 7 1 4 4 1 1 7 0
split_gain=47.36 47.0131 22.6618 19.7039 21.6852 15.5916 15.3275 12.846 12.13 15.5508 11.9988 11.2257 10.9344 10.805 10.0317 13.0138 16.3562 12.499 9.88648 9.80082 16.7481 9.77768 9.73686 10.153 9.49461 8.81266 13.4142 10.7061 8.52145 7.46294
threshold=56.050000000000004 49.45000000000001 42.850000000000001 441.00000000000006 4.5000000000000009 58.850000000000001 81.65000000000002 39.350000000000001 3.5000000000000004 46.550000000000004 441.00000000000006 62.95000000000001 10.500000000000002 -1.0000000180025095e-35 51.150000000000013 57.750000000000007 12.500000000000002 50.550000000000004 477.00000000000006 75.350000000000009 9.5000000000000018 65.000000000000014 58.150000000000013 53.650000000000013 81.65000000000002 85.65000000000002 53.750000000000007 53.050000000000004 52.350000000000001 43.45000000000001
decision_type=2 2 2 2 2 2 2 2 2 2 2 2 2 10 2 2 2 2 2 2 2 2 2 2 2 2 2 2 2 2
left_child=1 6 -3 12 7 -6 10 -5 9 13 -1 18 -4 -2 15 17 -17 -11 28 20 -20 -14 23 -12 -21 26 -15 -27 -10 -16
right_child=8 2 3 4 5 -7 -8 -9 11 14 22 -13 21 25 29 16 -18 -19 19 24 -22 -23 -24 -25 -26 27 -28 -29 -30 -31
leaf_value=-0.028153923295143671 -0.012764789535695879 -0.032150782382079655 0.012044987580827846 -0.022241934416161954 -0.0075594429944894183 0.043783609499859349 0.065910505165558103 0.0056125093406950146 0.00023654459926022143 0.015479281219115088 -0.017043537415636033 0.050266705462853903 -0.015003906280475677 -0.01713835468391631 0.034113760989435693 0.043313351286560338 0.014180700439130388 0.0040556377520019398 0.052980702587458975 0.0036277546995562848 -0.0071922414872266291 0.021113766057360123 0.0042365573944379868 -0.004160666569543189 0.02177723555988063 0.056801417632886 0.015128474308196308 0.0076702437298445982 -0.015287714657205995 -0.0055425256431844991
leaf_weight=123.39587616547942 138.70185103826225 54.458682761527598 49.652381784282625 42.257077311165631 565.64189885277301 15.060126680880783 5.9846732616424552 1707.6185539923608 202.31421306636184 409.77051027305424 524.84058418124914 11.120650306344031 331.28828753903508 65.300097568891943 12.850794328376649 64.127391522750258 197.70843112654984 580.01589331589639 12.121661130338905 216.63738645799458 211.2310634246096 19.664498848840594 88.35212710686028 217.51830270979553 108.57562141492963 16.17900357209146 63.323403151705861 35.855043711140752 156.03191875107586 139.37440108321607
leaf_count=4712 1832 1478 878 1266 13092 267 97 25957 2509 3984 16657 69 7801 1076 160 359 1218 4653 99 2394 2174 224 1408 3761 878 145 615 269 1443 1157
internal_value=8.17736e-05 -0.00353286 -0.000242341 0.000393224 0.00215583 -0.00621198 -0.0130738 0.00493577 0.00520978 0.00768307 -0.0135814 0.000561463 -0.00984651 -0.00226217 0.00994907 0.0114236 0.0213486 0.00879115 -4.79899e-05 0.00416555 -0.00388195 -0.0129605 -0.0114076 -0.0132765 0.00970734 0.00577627 -0.00121462 0.0231222 -0.0065115 -0.00214173
internal_weight=6386.97 3745.73 2785.64 2731.18 2330.58 580.702 960.092 1749.88 2641.24 1723.21 954.107 918.033 400.605 319.359 1403.85 1251.62 261.836 989.786 906.912 548.566 223.353 350.953 830.711 742.359 325.213 180.658 128.624 52.034 358.346 152.225
internal_count=102632 77598 50963 49485 40582 13359 26635 27223 25034 15468 26538 9566 8903 3937 11531 10214 1577 8637 9497 5545 2273 8025 21826 20418 3272 2105 1691 414 3952 1317
is_linear=0
shrinkage=0.05


Tree=51
num_leaves=31
num_cat=0
split_feature=33 32 18 5 29 2 6 5 33 18 6 12 10 13 2 12 12 13 13 2 5 33 4 29 12 17 15 12 6 2
split_gain=83.1855 22.071 21.9954 21.4023 20.1381 19.2805 17.808 15.0215 11.7824 11.5711 10.9693 14.9915 10.5308 12.7337 10.5074 11.8082 10.3813 13.2181 10.6032 10.0039 9.74997 7.843 7.76625 8.1327 7.4607 7.63022 7.26699 7.18147 7.05301 13.397
threshold=46.050000000000004 75.250000000000014 12.500000000000002 71.850000000000009 54.250000000000007 49.95000000000001 57.150000000000013 47.650000000000013 52.45000000000001 15.500000000000002 72.550000000000011 56.350000000000001 55.000000000000007 47.750000000000007 59.050000000000004 85.65000000000002 85.450000000000017 59.250000000000007 48.95000000000001 62.850000000000001 57.850000000000001 86.550000000000011 69.65000000000002 52.250000000000007 59.45000000000001 1650.0000000000002 58.050000000000004 72.450000000000017 45.45000000000001 55.650000000000013
decision_type=8 10 2 2 2 2 2 2 10 2 2 2 2 2 2 2 2 2 2 2 2 8 2 2 2 2 2 2 2 2
left_child=5 2 4 6 22 -1 8 16 -4 -8 11 -6 13 24 -5 -16 -7 18 -18 28 -12 27 26 -24 -3 -26 -2 -15 29 -9
right_child=1 12 3 14 10 7 9 19 -10 -11 20 -13 -14 21 15 -17 17 -19 -20 -21 -22 -23 23 -25 25 -27 -28 -29 -30 -31
leaf_value=-0.023309251653470874 0.050281362323584225 -0.038509882555077729 -0.0085475411348604393 0.0094552427900909102 0.009124542217841548 -0.021071659797903555 -0.00034804025962243123 0.0026659793554206523 0.0069230656680126408 -0.0076302747417595039 0.0049685885040970795 -0.0057477220307765196 -0.0034531465154104659 0.0065482868313977236 0.014851391683492416 0.072810963743934184 0.0098078965438650779 0.07643330439385515 -0.022039262087596049 0.064440769603852852 0.022148822250269196 0.032823324544281808 0.044448775276669454 0.0066677394019720813 -0.024091035788948053 0.01830301469276531 0.0072938692799883343 0.016252220273022248 -0.0028928275576369875 0.11844719141234467
leaf_weight=329.20824648346752 40.352574409916997 17.33768754824996 150.14800182543695 139.10319600626826 300.75908437930048 240.57561997137964 960.40997904725373 9.0268548922613245 675.31519385799766 1267.1164408447221 214.84240298718214 387.65629339776933 142.78210265189409 369.99338092468679 21.002966642379761 15.447204880416392 51.344777402468026 4.9592733727768055 52.785224488005042 5.8431425038725129 135.16825504228473 46.362849175930023 18.355769535526633 64.717070523649454 18.392424654215574 24.806269485503435 13.414950838312505 399.03226893022656 262.14465746097267 3.4077488090842953
leaf_count=16521 534 120 3618 1018 3300 10462 12834 286 7912 18162 2474 4276 857 2349 144 99 2204 185 2167 112 1036 246 205 627 137 177 144 2520 7821 85
internal_value=7.50046e-05 0.00247688 0.000941297 -0.00118942 0.00679838 -0.0134955 -0.00216725 -0.00835713 0.00410228 -0.0044929 0.00441537 0.000742883 0.00910945 0.0111631 0.0157789 0.0396829 -0.0152695 -0.00242047 -0.00629364 0.000246565 0.011622 0.0128087 0.0248291 0.0151194 -0.0109038 0.000123749 0.0396823 0.0115914 -0.00112427 0.035487
internal_weight=6381.81 5422.52 4403.81 3228.54 1175.27 959.296 3052.99 630.087 825.463 2227.53 1038.43 688.415 1018.71 875.925 175.553 36.4502 349.665 109.089 104.13 280.422 350.011 815.388 136.84 83.0728 60.5364 43.1987 53.7675 769.026 274.579 12.4346
internal_count=102632 62789 56383 43787 12596 39843 42526 23322 11530 30996 11086 7576 6406 5549 1261 243 15018 4556 4371 8304 3510 5115 1510 832 434 314 678 4869 8192 371
is_linear=0
shrinkage=0.05


Tree=52
num_leaves=31
num_cat=0
split_feature=33 32 3 0 28 30 30 5 32 13 15 5 13 30 29 32 30 13 13 0 12 15 3 31 30 14 32 27 0 27
split_gain=75.9429 19.787 17.4628 17.0356 21.1403 17.6955 15.3026 11.8687 11.4234 12.8977 11.0668 10.8626 10.5924 10.5943 10.9501 9.62421 9.31522 9.16373 9.09219 10.0464 8.14145 17.7545 7.6943 7.64402 8.94456 8.65058 7.5645 7.26801 8.01812 6.70759
threshold=46.050000000000004 75.250000000000014 55.850000000000001 49.45000000000001 3.5000000000000004 447.00000000000006 453.00000000000006 48.150000000000013 62.850000000000001 59.750000000000007 54.350000000000001 55.650000000000013 39.050000000000004 421.00000000000006 52.250000000000007 70.450000000000017 477.00000000000006 50.250000000000007 47.750000000000007 63.350000000000001 83.450000000000017 42.350000000000001 56.550000000000004 16.500000000000004 421.00000000000006 25.850000000000005 65.850000000000009 6.5000000000000009 58.350000000000001 7.5000000000000009
decision_type=8 10 2 2 2 2 2 2 10 2 2 2 2 2 2 10 2 2 2 2 2 2 2 8 2 2 10 2 2 2
left_child=6 2 3 11 5 -5 17 8 20 10 -10 -2 -4 -14 -15 26 -6 22 -3 27 -8 -22 -1 25 -25 -24 -9 -20 -29 -13
right_child=1 18 12 4 16 -7 7 15 9 -11 -12 29 13 14 -16 -17 -18 -19 19 -21 21 -23 23 24 -26 -27 -28 28 -30 -31
leaf_value=-0.019382811984238808 -0.012454361025425739 -0.0082828292199869907 0.062649613408921612 -0.0044627705907149626 -0.009153768210769745 0.008342509986643808 -0.023858231159791382 -0.0008334438766573124 -0.017335902191945803 0.10115796848315264 0.041663739965342006 -0.0035352385131177493 -0.021828354616742329 0.039907953116915668 0.0062643443415687757 0.04308941216292192 -7.7344897963653247e-05 -0.031501959960016895 0.0081527978502005435 -0.017091980620738908 0.041143295720284627 -0.014948762680024531 0.045732458948571336 0.11046509784436805 0.010559468414123835 -0.029737125181429576 -0.035158371091147819 0.014033947121557281 0.037764738731768763 0.01601924488525858
leaf_weight=119.78070871066302 442.37403489928693 73.513770062476397 8.2988806981593353 358.30014645121992 488.1858348492533 1086.2451462103054 204.88497577793896 257.90242636483163 24.657107721082866 3.4760210495442143 11.59694525413215 294.5218824967742 32.464601214975119 24.791846694424748 944.85824560187757 11.712145166471599 674.03324457444251 144.21797053143382 665.42207111045718 32.980554912239313 16.138291238807142 106.13644670229405 5.0460733985528377 3.2847982654348034 7.0950312521308661 14.164095387794076 17.045404952019453 208.02255062013865 43.393971633166075 51.401596894487739
leaf_count=5093 7914 518 112 4791 6942 11947 10204 8692 755 91 313 3231 492 355 11193 201 8855 7047 4142 196 769 5102 222 115 248 632 359 1291 259 551
internal_value=6.87289e-05 0.00234884 0.000892642 -0.000823431 0.00112265 0.00516278 -0.012994 -0.00871957 -0.0146753 0.0105422 0.00146206 -0.00726445 0.00666323 0.00618839 0.00713372 -0.00107706 -0.00389462 -0.022486 0.00861223 0.00992587 -0.0177553 -0.00747709 -0.0137323 0.00896084 0.0434051 -0.00951989 -0.00299161 0.010905 0.0181631 -0.000611351
internal_weight=6375.95 5428.81 4405.48 3395.06 2606.76 1444.55 947.138 653.55 366.89 39.7301 36.2541 788.298 1010.41 1002.11 969.65 286.66 1162.22 293.589 1023.33 949.819 327.16 122.275 149.371 29.59 10.3798 19.2102 274.948 916.839 251.417 345.923
internal_count=102632 62789 56383 44231 32535 16738 39843 26486 17234 1159 1068 11696 12152 12040 11548 9252 15797 13357 6406 5888 16075 5871 6310 1217 363 854 9051 5692 1550 3782
is_linear=0
shrinkage=0.05


Tree=53
num_leaves=31
num_cat=0
split_feature=33 7 9 7 9 2 30 8 18 7 6 5 2 12 8 13 18 12 3 3 7 12 2 30 5 33 7 30 27 8
split_gain=69.3351 27.7297 20.5467 16.8099 16.5164 16.4033 15.6329 14.5346 13.341 11.4531 10.0443 9.05404 8.43747 6.75449 10.845 6.60343 6.19762 10.0038 9.84428 12.7233 5.62221 4.92231 6.36902 3.87849 3.70026 4.95704 2.97002 2.92382 2.2996 5.62081
threshold=46.050000000000004 44.250000000000007 46.050000000000004 35.45000000000001 55.050000000000004 49.650000000000013 441.00000000000006 48.95000000000001 11.500000000000002 74.450000000000017 42.050000000000004 64.65000000000002 61.750000000000007 98.65000000000002 18.250000000000004 43.850000000000001 13.500000000000002 96.250000000000014 51.850000000000001 41.050000000000004 41.150000000000013 88.65000000000002 56.150000000000013 503.00000000000006 48.850000000000001 33.550000000000004 49.95000000000001 455.00000000000006 1.5000000000000002 50.050000000000004
decision_type=8 2 2 2 2 2 2 2 2 2 2 2 2 2 2 2 2 2 2 2 2 2 2 2 2 8 2 2 2 2
left_child=1 16 21 -4 6 11 8 -8 -5 10 -7 13 -12 26 -15 -6 17 24 19 -19 -17 23 -23 -2 -1 -26 -3 -18 29 -29
right_child=2 5 3 4 15 9 7 -9 -10 -11 12 -13 -14 14 -16 20 27 18 -20 -21 -22 22 -24 -25 25 -27 -28 28 -30 -31
leaf_value=-0.036201911281352216 -0.044821257891076369 -0.034459215114191449 -0.046514584148448737 0.011728226487819021 0.027688368369639539 0.075939375943406828 -7.2368401442664208e-05 0.0061326129551210256 -0.0076980929722333391 0.093631332100838932 -0.005673979406776674 0.031956478469484163 0.030282985269876883 0.051925041644002246 -0.014657578445085884 0.025613105017401511 -0.045625252497791827 -0.028959566270361732 -0.029935067159321968 0.10477188290875974 -0.014721810863630487 -0.022220380884289279 0.03502881600925558 -0.0027168289987586254 0.045604749118489413 -0.02490057371258252 -0.020285924293006817 0.030755527680330061 -0.032667321236665388 -0.048450366434635544
leaf_weight=31.080039734952152 31.036264151334763 72.900139594450593 17.276892762631178 107.17822764627635 10.365860072895883 3.8056717235594979 1336.6860635038465 3197.5330912386999 498.09817920252681 2.9259926397353402 497.13702809158713 8.1309539768844825 16.732966370880604 6.6871024640277019 60.090015933848917 8.8666988033801299 49.555554332211614 2.5914271809160692 5.0782300746068358 5.0279045049101114 193.72904956713319 21.348232258111242 6.1381086856126776 6.9627810940146437 3.5266232816502425 7.824174410663546 82.116552948020399 4.7987713860347849 71.605701752007008 4.00072733592242
leaf_count=1876 682 4076 446 1133 197 123 15474 33597 6761 43 17232 183 398 337 2782 235 3211 128 256 248 3517 480 126 141 209 316 3576 296 4309 244
internal_value=6.22754e-05 -0.0125083 0.00222727 0.00256782 0.00272805 -0.00822219 0.00329425 0.00430232 -0.00424858 -0.00329678 -0.00387227 -0.0193464 -0.00448773 -0.0212633 -0.00784752 -0.010908 -0.0298473 -0.015597 0.0229971 0.0588545 -0.0129201 -0.0255824 -0.0091739 -0.0372648 -0.0272908 -0.00235139 -0.0270014 -0.0358371 -0.0296931 -0.00483369
internal_weight=6370.84 935.616 5435.22 5369.73 5352.46 750.526 5139.5 4534.22 605.276 520.602 517.676 229.925 513.87 221.794 66.7771 212.962 185.089 55.1284 12.6976 7.61933 202.596 65.4854 27.4863 37.999 42.4308 11.3508 155.017 129.961 80.4052 8.7995
internal_count=102632 39843 62789 61360 60914 28750 56965 49071 7894 17796 17753 10954 17630 10771 3119 3949 11093 3033 632 376 3752 1429 606 823 2401 525 7652 8060 4849 540
is_linear=0
shrinkage=0.05


Tree=54
num_leaves=31
num_cat=0
split_feature=33 7 13 3 7 15 18 9 9 12 7 8 3 2 14 2 13 18 6 12 2 33 9 18 29 18 2 6 31 31
split_gain=63.6408 27.9061 16.2496 15.6324 15.7771 15.2677 14.8015 14.7468 14.2607 13.0435 12.4595 12.0673 15.7295 12.5442 11.2357 10.8935 10.1594 9.86811 9.70292 9.01776 8.36471 7.88818 15.1478 7.50511 9.16948 7.42345 7.08975 6.07964 9.70629 6.53482
threshold=52.050000000000004 45.45000000000001 50.050000000000004 65.350000000000009 61.150000000000013 55.95000000000001 10.500000000000002 55.050000000000004 42.650000000000013 99.950000000000017 35.45000000000001 48.95000000000001 53.750000000000007 63.95000000000001 34.95000000000001 63.45000000000001 79.050000000000011 13.500000000000002 58.45000000000001 96.250000000000014 61.050000000000004 47.850000000000001 50.550000000000004 13.500000000000002 56.250000000000007 11.500000000000002 55.650000000000013 60.95000000000001 -2.4999999999999996 2.5000000000000004
decision_type=8 2 2 2 2 2 2 2 2 2 2 2 2 2 2 2 2 2 2 2 2 10 2 2 2 2 2 2 10 10
left_child=1 17 3 4 18 -6 9 8 -2 26 -10 12 -12 -13 -11 16 -8 19 -3 -1 21 -19 -23 -9 27 -21 -4 28 -25 -29
right_child=7 2 6 -5 5 -7 15 23 10 14 11 13 -14 -15 -16 -17 -18 20 -20 25 -22 22 -24 24 -26 -27 -28 29 -30 -31
leaf_value=-0.017420244616924544 -0.028652823352872437 0.0057846618652133905 -0.012767355221815666 0.089247100035123594 0.046552298899977487 -0.0081079452091052384 -0.015758458439166477 -0.034310689461378351 -0.044775242215192163 0.11362805783437996 -0.0042784639831027959 0.0048281292593277351 0.0070311800005712416 0.0254828143558012 0.022432097698916121 0.065537186198230207 0.066245186646448184 -0.033421717053972975 -0.0082435806427185489 0.038764991632809817 0.049499314191110776 -0.024856723080135708 0.041752555908126737 -0.012100376657954562 -0.021655004904545642 -0.01337631756566262 0.033116525973267898 0.0060934837393946846 0.045444763108740793 -0.03515750188819327
leaf_weight=79.638287728652358 34.513522630557418 199.89927020203322 37.183878443203866 4.8292312547564498 33.157554412260652 20.475777041167021 478.50729135330766 30.597716037184 13.188313428312538 4.7016856875270632 875.5387289468199 3260.1613326687366 473.62545071542263 75.242487341165543 12.323990005999802 4.1049177125096312 3.6876125037670127 179.99571294430643 320.21598792914301 15.344130182638766 3.3597218301147214 41.4577004192397 10.606028286740182 12.080523097887637 57.95493746176362 11.976886022835968 10.755911793559788 29.980433324351907 17.967915218323469 13.919442234560846
leaf_count=3728 674 5789 950 128 663 351 16245 494 301 118 9512 31312 4629 510 252 79 98 10754 10469 553 118 1506 365 207 1034 519 199 531 296 248
internal_value=5.59714e-05 -0.00905773 -0.00526145 0.000583546 -0.000169442 0.0256152 -0.0114041 0.00279829 0.00330777 0.0109551 0.00354425 0.0036823 -0.000304269 0.00529632 0.0484245 -0.014403 -0.0151074 -0.0215656 -0.00284233 -0.00889146 -0.0272965 -0.0284507 -0.0111377 -0.0120007 -0.00676552 0.0157597 -0.00232113 0.00484966 0.0221804 -0.00692261
internal_weight=6366.99 1472.22 1129.84 578.578 573.749 53.6333 551.265 4894.77 4732.27 64.9655 4697.76 4684.57 1349.16 3335.4 17.0257 486.3 482.195 342.378 520.115 106.959 235.419 232.059 52.0637 162.501 131.903 27.321 47.9398 73.9483 30.0484 43.8999
internal_count=102632 52884 35341 17400 17272 1014 17941 49748 46938 1519 46264 45963 14141 31822 370 16422 16343 17543 16258 4800 12743 12625 1871 2810 2316 1072 1149 1282 503 779
is_linear=0
shrinkage=0.05


Tree=55
num_leaves=31
num_cat=0
split_feature=33 30 7 13 9 7 3 13 27 18 7 7 18 4 0 18 3 1 4 31 31 7 27 18 14 7 7 30 13 9
split_gain=62.1155 32.5814 20.2717 17.6011 16.0658 14.1665 13.0537 19.3766 15.9305 12.7244 15.8396 12.4428 12.6664 11.7812 10.4632 10.3415 10.2659 10.1295 9.86787 9.16623 9.1175 15.7434 12.8856 6.38575 7.45217 8.87365 7.84439 7.15571 7.95862 6.33518
threshold=47.45000000000001 451.00000000000006 45.850000000000001 47.750000000000007 74.350000000000009 36.350000000000001 47.45000000000001 67.350000000000009 3.5000000000000004 12.500000000000002 60.150000000000013 65.450000000000017 15.500000000000002 90.750000000000014 43.95000000000001 16.500000000000004 58.95000000000001 47.850000000000001 91.450000000000017 18.500000000000004 -7.4999999999999991 47.350000000000001 4.5000000000000009 9.5000000000000018 44.650000000000013 49.45000000000001 55.45000000000001 505.00000000000006 47.750000000000007 49.95000000000001
decision_type=8 2 2 2 2 2 2 2 2 2 2 2 2 2 2 2 2 2 2 8 10 2 2 2 2 2 2 2 2 2
left_child=1 -1 3 16 9 -5 23 11 -9 20 18 12 -8 14 -7 -15 -2 -6 -11 -12 21 -3 -22 24 26 -26 -4 -25 -29 -10
right_child=2 4 6 5 17 13 7 8 29 10 19 -13 -14 15 -16 -17 -18 -19 -20 -21 22 -23 -24 27 25 -27 -28 28 -30 -31
leaf_value=-0.02569191254419155 -0.027846331140938346 -0.023032706778349333 -0.029108594695977028 -0.03883404977590528 0.098749116860038483 -0.026896547914858595 0.0072261450844918196 -0.0038932944308140032 0.087932145312853094 -0.014863766344997104 0.0084592136394908476 0.019270299506027572 0.00011997669984849557 0.014303256457123445 -0.0022633394121017217 -0.027250102883386907 0.019380191058668273 0.015985026117977603 0.024572365721942241 0.0761912237844109 -0.019786378971872555 0.048688856946998503 0.010645168817845805 -0.0027306959227961724 0.051715931646639637 0.010683274064695178 0.022795015500456248 0.029835118043199216 0.0031108597446394132 0.039730188234101321
leaf_weight=290.56339108105749 103.97708090022206 10.82438603043556 19.466020712628964 25.346546733751893 5.1974689448252347 46.000901706516743 1444.1645220071077 14.965400937944649 11.714904850348832 479.55313956178725 40.371891362592578 143.6410303413868 1110.8383242879063 162.83091328851879 679.88216217979789 16.322344429790974 12.738308334723113 13.0789173617959 16.22454659640789 5.654742954298853 56.93930880818516 25.016943814232945 88.972712923772633 1199.8122836071998 16.482035502791405 67.322452180087566 11.409412581473587 32.086509449407458 212.71546401269734 18.446746313944459
leaf_count=13261 1995 487 181 634 161 967 13781 133 118 21327 954 929 12282 1609 10389 183 226 364 525 108 1898 671 3061 13198 156 493 84 399 2087 165
internal_value=-0.000268057 -0.0114969 0.00189796 -0.00433882 -0.00592751 -0.00203577 0.00341683 0.0054929 0.0379667 -0.00710503 -0.0109475 0.00494663 0.00413868 -0.000995489 -0.00383478 0.0104764 -0.0226371 0.040203 -0.0135584 0.0170362 0.00432156 0.0268854 -0.00120132 -0.000233169 0.011114 0.0188649 -0.00975554 -0.00113813 0.00664481 0.058846
internal_weight=6382.56 1032.4 5350.16 1047.1 741.834 930.383 4303.07 2743.77 45.1271 723.558 541.804 2698.64 2555 905.036 725.883 179.153 116.715 18.2764 495.778 46.0266 181.753 35.8413 145.912 1559.29 114.68 83.8045 30.8754 1444.61 244.802 30.1617
internal_count=102826 42817 60009 16003 29556 13782 44006 27408 416 29031 22914 26992 26063 13148 11356 1792 2221 525 21852 1062 6117 1158 4959 16598 914 649 265 15684 2486 283
is_linear=0
shrinkage=0.05


Tree=56
num_leaves=31
num_cat=0
split_feature=33 7 7 28 30 30 9 30 10 5 29 13 7 33 32 28 33 5 7 1 9 7 32 31 8 5 8 32 1 1
split_gain=57.7077 24.0952 16.5689 16.4113 15.9812 13.9709 14.4537 12.8689 12.7551 12.1642 20.2365 11.98 11.4003 10.1603 13.3597 12.8061 9.93806 9.62232 9.61024 10.2493 9.30316 8.95552 9.04798 8.33442 7.88935 7.51798 6.85842 7.96756 6.76608 5.78499
threshold=38.050000000000004 45.850000000000001 36.350000000000001 3.5000000000000004 455.00000000000006 457.00000000000006 74.350000000000009 475.00000000000006 65.000000000000014 47.350000000000001 51.250000000000007 47.750000000000007 49.550000000000004 41.250000000000007 73.65000000000002 5.5000000000000009 49.250000000000007 50.750000000000007 55.550000000000004 58.550000000000004 49.850000000000001 50.150000000000013 58.95000000000001 6.5000000000000009 20.250000000000004 76.65000000000002 31.650000000000002 63.150000000000013 57.550000000000004 53.750000000000007
decision_type=8 2 2 2 2 2 2 2 2 2 2 2 2 10 10 2 8 2 2 2 2 2 10 10 2 2 2 8 2 2
left_child=5 2 -2 4 9 8 17 21 -1 10 -3 29 -11 14 -9 -15 24 26 19 -6 -20 22 -5 -18 -13 -23 27 -7 -28 -4
right_child=1 3 11 7 18 6 -8 13 -10 12 -12 16 -14 15 -16 -17 23 -19 20 -21 -22 25 -24 -25 -26 -27 28 -29 -30 -31
leaf_value=-0.031519354654766241 -0.040163045981506725 0.049066802188728845 -0.02612605419726037 -0.016828909270566416 0.0029209409708395315 -0.0061194405800102832 0.075732457089738706 0.0090355471874763831 0.078996083303591175 -0.0091409005903705636 -0.015942427797253658 0.055871238389904092 0.0060371286672823155 0.0027243585627551433 0.056763187025137621 -0.013961790222496185 0.0011550441492128322 0.0029161394196112098 0.020071550822069472 0.015817447273315455 0.0080966505499282578 -0.011385476328036284 0.0072432093094271857 -0.01458932865739262 -0.017672777500338296 0.036251893681356902 -0.02501662393322748 0.094293968390363109 0.036550918607591229 -0.0051441329529585446
leaf_weight=154.5745959635824 33.162739101797342 12.676281142048536 85.81983557716012 50.482317456044257 1131.9879586985335 49.085309257730842 4.6051584761589757 106.75499006640166 2.5379890315234652 162.1458654422313 183.81841344852 3.631787631660699 519.05051828548312 854.1358507424593 17.000804835930467 132.74848783016205 784.00622154772282 73.957770003937185 233.63014715537429 178.62294563278556 539.67573233135045 453.34646197780967 170.34623643569648 94.021058719605207 123.44230821263045 8.293266721069811 152.17332149296999 1.9560353634878982 4.4472713498398653 54.364392024464905
leaf_count=9327 1063 226 2346 1313 13799 2736 164 1907 44 2152 3697 163 5401 9714 107 2209 10869 2821 1925 1363 4350 5922 2144 1355 5486 53 8861 70 196 1043
internal_value=-0.000257688 0.00104186 -0.00535674 0.00262888 0.00491483 -0.0176571 -0.0110468 -0.00114402 -0.0296532 -0.000739481 -0.0117003 -0.00434111 0.00241614 0.00217299 0.015673 0.000473606 -0.00242471 -0.01251 0.0072986 0.00468349 0.0117231 -0.00654894 0.00171247 -0.000526673 -0.0154893 -0.0105112 -0.0180267 -0.00199672 -0.0232143 -0.0180342
internal_weight=6376.5 5933.16 1178.45 4754.72 2961.61 443.337 286.225 1793.11 157.113 877.691 196.495 1145.29 681.196 1110.64 123.756 986.884 1005.1 281.62 2083.92 1310.61 773.306 682.468 220.829 878.027 127.074 461.64 207.662 51.0413 156.621 140.184
internal_count=102826 78607 22325 56282 32913 24219 14848 23369 9371 11476 3923 21262 7553 13937 2014 11923 17873 14684 21437 15162 6275 9432 3457 12224 5649 5975 11863 2806 9057 3389
is_linear=0
shrinkage=0.05


Tree=57
num_leaves=31
num_cat=0
split_feature=33 7 30 7 33 29 18 32 7 14 19 29 30 31 7 3 2 30 30 15 8 18 5 0 9 3 0 5 31 8
split_gain=53.8431 24.3436 15.6293 15.4651 14.2617 13.085 21.1037 12.95 12.6519 12.3701 11.5894 12.123 10.8896 10.5436 13.567 9.47433 9.41777 8.66031 7.94273 7.55837 7.4711 6.98136 12.9641 9.82784 6.97473 6.22704 5.89636 7.64201 9.50137 9.77842
threshold=34.150000000000013 45.850000000000001 441.00000000000006 36.350000000000001 50.050000000000004 53.500000000000007 12.500000000000002 64.350000000000009 80.450000000000017 74.950000000000017 1.0000000180025095e-35 51.750000000000007 471.00000000000006 16.500000000000004 53.850000000000001 63.95000000000001 52.350000000000001 479.00000000000006 441.00000000000006 58.45000000000001 81.450000000000017 10.500000000000002 44.95000000000001 49.45000000000001 49.250000000000007 59.95000000000001 49.95000000000001 52.95000000000001 -1.0000000180025095e-35 45.95000000000001
decision_type=8 2 2 2 8 2 2 10 2 2 2 2 2 8 2 2 2 2 2 2 2 2 2 2 2 2 2 2 10 2
left_child=17 3 4 -2 9 6 16 10 12 24 25 -12 -7 19 -15 18 -4 26 -9 -6 -8 22 -19 -24 -3 -5 -1 -28 -29 -30
right_child=1 2 5 7 13 8 20 15 -10 -11 11 -13 -14 14 -16 -17 -18 21 -20 -21 -22 -23 23 -25 -26 -27 27 28 29 -31
leaf_value=-0.036246360939898206 -0.038803482528718784 0.0021392296587425959 0.015297047159643787 -0.020678670576337207 -0.0077867579144682182 -0.0010760819087467126 0.001296051523436207 -0.016710794109908628 0.050090167341133564 0.061600522438021513 0.07732346993949929 -0.0043408598955267299 0.0044017551310301661 -0.0068758962214248327 0.04496882904712024 0.043563890334944864 0.051930288794220784 -0.029464504713760581 0.00083375932542443805 0.0080178491903327986 0.030306000762294845 -0.014380551116597371 0.1479017604554527 0.013788755239969655 -0.029308884462612008 0.0059801482306563319 -0.024059542940569008 -0.023803443275836254 0.00058301105265594084 0.13659007238368367
leaf_weight=100.01377453282475 33.989853091537952 21.189277880825102 30.467122284695506 232.64869400300086 312.06406613998115 1385.0546840140596 162.56435697432607 72.00089693441987 13.93116335570812 4.2942836247384539 4.534625841304659 223.71147536020726 2622.7782670222223 23.807309787720442 26.355316385626793 12.030042455531655 43.210711721330881 5.0068190395832044 609.67237806692719 99.479450240731239 25.688902857713401 100.92364196665585 2.6587452664971352 2.9315337631851435 96.619498582556844 23.825659769587219 67.262255646288395 5.6543325716629624 2.7766441535204631 2.5599477672949433
leaf_count=6991 1212 709 446 7599 3584 17368 2660 1011 81 128 162 7031 30070 341 262 124 384 291 6851 989 348 5652 123 102 3025 717 4125 220 109 111
internal_value=-0.000247672 0.0007553 0.00233505 -0.0055825 -0.00533569 0.00338173 0.0142125 -0.00461684 0.00267477 -0.0205274 -0.0108866 -0.00266336 0.00250746 -0.00130369 0.020299 -0.000227771 0.0368908 -0.0213009 -0.00101421 -0.00395326 0.00529526 -0.0102886 0.0279846 0.0799301 -0.0236132 -0.0181813 -0.0281523 -0.0177106 0.0205598 0.0680573
internal_weight=6369.71 6079.92 4867.5 1212.41 583.809 4283.7 261.931 1178.42 4021.76 122.103 484.72 228.246 4007.83 461.706 50.1626 693.703 73.6778 289.788 681.673 411.544 188.253 111.521 10.5971 5.59028 117.809 256.474 178.267 78.2532 10.9909 5.33659
internal_count=102826 85102 60395 24707 9038 51357 3838 23495 47519 3862 15509 7193 47438 5176 603 7986 830 17724 7862 4573 3008 6168 516 225 3734 8316 11556 4565 440 220
is_linear=0
shrinkage=0.05


Tree=58
num_leaves=31
num_cat=0
split_feature=33 32 7 2 33 3 0 1 30 13 8 3 7 15 15 10 3 11 30 7 5 15 1 15 15 8 33 13 0 30
split_gain=49.6701 22.8833 21.8788 22.2015 18.7022 17.0543 12.4141 12.2073 11.0703 10.7614 10.6947 12.1919 11.3975 9.92424 9.5122 12.1598 11.703 9.4718 8.29315 8.11665 6.68468 5.84375 6.56836 9.99354 5.712 8.77464 6.45052 5.23021 6.29974 5.20524
threshold=34.150000000000013 64.350000000000009 51.550000000000004 54.050000000000004 84.450000000000017 65.250000000000014 45.350000000000001 63.550000000000004 441.00000000000006 73.850000000000009 29.550000000000004 50.050000000000004 49.750000000000007 41.45000000000001 59.250000000000007 55.000000000000007 46.95000000000001 48.750000000000007 479.00000000000006 44.45000000000001 38.45000000000001 37.350000000000001 56.750000000000007 50.650000000000013 56.95000000000001 56.45000000000001 26.950000000000003 52.150000000000013 50.95000000000001 453.00000000000006
decision_type=8 10 2 2 8 2 2 2 2 2 2 2 2 2 2 2 2 2 2 2 2 2 2 2 2 2 10 2 2 2
left_child=18 2 3 14 7 9 -6 8 19 17 11 -5 -12 -10 15 -2 -16 -4 21 -3 -20 29 -23 -24 -22 26 -26 -8 -29 -1
right_child=1 4 5 10 6 -7 27 -9 13 -11 12 -13 -14 -15 16 -17 -18 -19 20 -21 24 22 23 -25 25 -27 -28 28 -30 -31
leaf_value=-0.03022124653632088 -0.015871239001805922 -0.024710374634747376 -0.020035498263709917 -0.0010255039177128121 -0.020136251539589888 0.082866695901992526 0.0078828820632886511 0.029762304376704025 -0.004109104425186332 0.065008344463883372 0.0036340521821123864 0.050944936973942527 -0.01875513657281714 0.0039669000287616074 -0.019916419424032709 0.017795498070663364 0.011758756439534486 0.0024404784065851478 -0.038596251729376807 -0.0032297680955965091 -0.010802368114711199 -0.030897617690593376 -0.046120716316185223 0.10542993004382979 0 -0.038692438950759279 0.067734356044765881 0.016033281358496528 0.03719630559868687 0.059241327982664509
leaf_weight=2.7906423686072221 689.2573059014976 50.295990807004273 49.297493518330157 22.216778099536896 20.03996966779232 6.4226636178791514 56.295535370707512 39.5970124527812 440.34419146925211 6.5740033108741036 279.2173065552488 22.445889753289521 71.237041855230927 2767.6831055358052 45.528602124191821 27.687249657697976 80.674151875078678 908.11068456433713 17.068477340973914 353.70349548757076 74.539880972355604 163.07894380018115 1.9834801601245988 2.1350212609395385 5.903372302651408 4.6372848832979789 8.2849080553278309 76.386132827028632 67.540332790464163 3.5162086198106408
leaf_count=163 21230 774 930 558 194 101 466 259 3962 105 6113 532 1281 24831 1161 490 2006 15516 1155 3702 4134 11005 118 107 291 226 362 503 388 163
internal_value=-0.000237975 0.00071588 -0.00334415 -0.00775022 0.00303319 0.00227319 0.0171822 0.00217792 0.00187332 0.0017225 0.00201872 0.0250368 -0.000906799 0.00285671 -0.0123338 -0.0145618 0.000285387 0.00127598 -0.0206755 -0.00592183 -0.00988118 -0.0275075 -0.0293029 0.0318944 -0.0045425 0.0199054 0.0395442 0.0209505 0.0260181 0.0190219
internal_weight=6364.49 6080.55 2208.67 1238.26 3871.89 970.405 220.262 3651.62 3612.03 963.982 395.117 44.6627 350.454 3208.03 843.147 716.945 126.203 957.408 283.938 403.999 110.434 173.504 167.197 4.1185 93.3654 18.8256 14.1883 200.222 143.926 6.30685
internal_count=102826 85102 50023 33371 35079 16652 1551 33528 33269 16551 8484 1090 7394 28793 24887 21720 3167 16446 17724 4476 6168 11556 11230 225 5013 879 653 1357 891 326
is_linear=0
shrinkage=0.05


Tree=59
num_leaves=31
num_cat=0
split_feature=33 7 4 28 30 4 3 30 5 7 2 13 7 2 3 33 8 30 5 2 4 1 4 13 8 7 5 4 7 33
split_gain=45.8061 21.1489 15.8927 15.2689 15.4169 17.9614 15.1112 17.69 14.3865 12.1211 12.0316 11.5988 11.2204 10.653 11.9021 10.9317 8.44735 7.97012 8.014 7.65971 7.53163 7.86268 8.43623 7.18015 6.46217 7.12006 6.96207 6.21947 8.60736 10.6948
threshold=34.150000000000013 45.850000000000001 90.750000000000014 3.5000000000000004 455.00000000000006 44.650000000000013 56.550000000000004 475.00000000000006 47.350000000000001 49.650000000000013 63.350000000000001 57.250000000000007 36.350000000000001 49.250000000000007 62.050000000000004 77.350000000000009 83.850000000000009 451.00000000000006 50.250000000000007 52.45000000000001 86.050000000000011 46.850000000000001 66.050000000000011 50.250000000000007 61.050000000000004 59.750000000000007 45.550000000000004 99.15000000000002 45.050000000000004 57.850000000000001
decision_type=8 2 2 2 2 2 2 2 2 2 2 2 2 2 2 10 2 2 2 2 2 2 2 2 2 2 2 2 2 10
left_child=17 2 12 4 5 -3 7 9 -7 -5 19 -9 -2 15 -15 -14 23 -1 24 -6 21 22 -20 -8 25 -19 -27 28 29 -4
right_child=1 3 27 6 10 8 16 11 -10 -11 -12 -13 13 14 -16 -17 -18 18 20 -21 -22 -23 -24 -25 -26 26 -28 -29 -30 -31
leaf_value=-0.033568881007912103 -0.03818814997083126 -0.029169556819955623 0.053305527526481766 0.00084368245563190612 0.0039404410515918508 -0.011349589148069467 0.016227620327180618 -0.0010803521530921127 0.0041757581346605552 -0.015460660597631624 0.03668432375784992 0.020201861603020059 -0.019482964704193466 -0.0052042360431128823 0.025212221411887111 0.013378374979701802 -0.035933701989137222 -0.018321074009028781 0.038083903028556292 0.010277360812396226 0.086213014312061742 -0.021643941025433787 -0.024533781420675829 0.0022787111424330659 -0.04010727991151794 -0.007291051036887328 0.087168988644851189 -0.0042633303567628745 -0.01181793328908373 0.012621792607435942
leaf_weight=78.799425633624196 29.437123009935021 53.70996375195682 20.287240292876959 159.13993856869638 1360.9944509845227 193.33079794887453 170.23790973052382 836.20187101420015 652.18751150555909 396.62294437084347 32.789297539740801 69.213578933849931 222.58628867845982 694.50898960698396 33.580365411005914 28.296462208032608 10.79936750885099 106.29496745765209 16.66061581578106 737.81235739961267 2.4327752701938143 25.396253759041429 7.7393602058291426 203.46773990336806 33.267786465585232 4.6589772868901482 3.1375445146113634 68.717316127382219 24.894109200686216 81.340131048113108
leaf_count=5708 1144 1061 418 2732 16054 4207 2421 11290 7298 5566 188 754 6257 14362 590 195 126 7171 740 6369 79 1124 373 2329 2218 201 110 759 245 737
internal_value=-0.000229021 0.0006784 -0.00525567 0.00214419 0.00432787 -0.00115773 -0.00143901 -0.00376211 0.000618997 -0.0107837 0.0066443 0.000543075 -0.00778616 -0.00686307 -0.00379126 -0.0157528 0.00737483 -0.0200587 -0.0146856 0.00617088 0.0020543 -0.00212158 0.0179992 0.00864902 -0.0206501 -0.0149026 0.0307117 0.00778598 0.014368 0.0208368
internal_weight=6358.54 6080.16 1203.65 4876.51 3030.82 899.228 1845.68 1461.18 845.518 555.763 2131.6 905.415 1008.41 978.972 728.089 250.883 384.505 278.388 199.588 2098.81 52.229 49.7962 24.4 373.706 147.359 114.091 7.79652 195.239 126.521 101.627
internal_count=102826 85102 24707 60395 35177 12566 25218 20342 11505 8298 22611 12044 22548 21404 14952 6452 4876 17724 12016 22423 2316 2237 1113 4750 9700 7482 311 2159 1400 1155
is_linear=0
shrinkage=0.05


Tree=60
num_leaves=31
num_cat=0
split_feature=32 7 33 33 2 9 8 6 9 7 27 9 13 2 33 0 13 8 33 27 33 27 12 6 27 6 4 20 10 33
split_gain=48.2956 25.0851 19.3322 16.1768 13.3156 15.7741 13.4206 18.1876 13.1633 11.8154 11.0273 10.0003 9.20175 9.88139 9.17784 8.28546 8.41485 8.73698 9.17647 7.71744 6.97335 9.38634 6.32396 6.11476 6.01411 6.69018 5.98496 5.78816 5.59499 4.72166
threshold=58.45000000000001 43.550000000000004 76.550000000000011 39.650000000000013 54.250000000000007 74.750000000000014 29.850000000000005 59.350000000000001 46.050000000000004 66.550000000000011 7.5000000000000009 48.550000000000004 78.250000000000014 49.050000000000004 70.850000000000009 50.95000000000001 53.350000000000001 56.550000000000004 84.450000000000017 5.5000000000000009 48.250000000000007 4.5000000000000009 56.050000000000004 89.100000000000009 2.5000000000000004 74.750000000000014 98.350000000000009 1.0000000180025095e-35 65.000000000000014 61.45000000000001
decision_type=10 2 8 10 2 2 2 2 2 2 2 2 2 2 10 2 2 2 8 2 10 2 2 2 2 2 2 2 2 10
left_child=1 28 8 4 5 23 7 -6 20 12 27 29 13 -10 19 -4 24 18 -18 -13 21 -2 -19 -3 -17 -26 -8 -11 -1 -5
right_child=2 3 15 11 6 -7 26 -9 9 10 -12 14 -14 -15 -16 16 17 22 -20 -21 -22 -23 -24 -25 25 -27 -28 -29 -30 -31
leaf_value=-0.025963670219033941 0.053663414750886929 -0.02041105201536686 0.004892039490241494 -0.032705607831649802 0.092497063293555296 0.1045246433461144 -0.012007322396450221 0.0038483783022103205 -0.0044054894498758417 0.026445357284611198 0.04775424334672107 -0.0053519565246431394 0.04066806201825679 0.0021375292150250065 0.029561615577035127 -0.015270421506382005 0.023156308082883409 -0.0085851754970212944 0.056789562225693535 0.0053754792605478106 -0.03349034818639577 -0.030076083127326715 0.019033571005633122 0.063015172282125845 0.020226585379261534 -0.0049981792563823122 0.058503550705191081 0.0031070051865688289 0.032746873193364966 0.013638228146128768
leaf_weight=189.76847526431084 6.0546523090451938 292.16116763930768 357.87689588032663 33.637029781006277 8.5564794046804327 2.4644692009314886 66.600388397462666 17.862611038610339 695.37556273117661 37.090691121295094 22.29132055491209 383.11822086945176 14.594263198785482 3380.0838402295485 25.990723758935928 26.327881015837193 76.359804719686508 27.57689205929637 28.205599445849657 297.77614043094218 40.516671937890351 7.1830792920663953 80.286995816975832 2.0898988647386423 72.877289829775691 40.60431868955493 3.0339404977858058 95.33385412581265 3.9902212694287291 6.3406398184597483
leaf_count=10731 195 15061 2605 957 289 97 2603 684 10606 258 138 8943 173 38469 196 157 411 156 155 6712 828 227 440 111 475 248 80 600 93 78
internal_value=0.000377343 -0.00807788 0.00262939 -0.00524337 -0.0134575 -0.0186962 0.00267572 0.0329885 0.00136537 0.00167808 0.0152395 -0.000915718 0.00116351 0.00101982 0.00045481 0.0102726 0.0157221 0.021999 0.0323219 -0.000653075 -0.0231928 0.00796486 0.0119247 -0.0197803 0.00614018 0.0111606 -0.008784 0.00969658 -0.0247125 -0.0252148
internal_weight=6342.03 1333.39 5008.64 1139.63 392.769 296.716 96.0534 26.4191 4298.52 4244.77 154.716 746.863 4090.05 4075.46 706.885 710.116 352.239 212.429 104.565 680.894 53.7544 13.2377 107.864 294.251 139.809 113.482 69.6343 132.425 193.759 39.9777
internal_count=102776 46635 56141 35811 18925 15269 3656 973 51494 50244 996 16886 49248 49075 15851 4647 2042 1162 566 15655 1250 422 596 15172 880 723 2683 858 10824 1035
is_linear=0
shrinkage=0.05


Tree=61
num_leaves=31
num_cat=0
split_feature=32 7 5 5 28 32 13 7 12 4 2 27 7 2 10 4 28 2 0 17 13 28 0 27 7 7 1 0 12 0
split_gain=43.8587 23.4955 15.7123 13.7563 9.81225 9.22906 8.90309 9.20001 13.8935 9.51515 8.72837 22.2014 10.4954 8.70586 18.1256 12.3036 11.0104 10.2851 10.0993 8.671 16.9162 13.1382 11.4435 13.338 11.0143 10.0567 8.94675 8.13711 10.0577 7.91921
threshold=58.45000000000001 43.550000000000004 46.650000000000013 66.15000000000002 3.5000000000000004 62.150000000000013 50.050000000000004 54.95000000000001 76.950000000000017 85.65000000000002 57.45000000000001 6.5000000000000009 47.750000000000007 49.250000000000007 65.000000000000014 87.050000000000011 3.5000000000000004 53.95000000000001 56.050000000000004 2550.0000000000005 55.050000000000004 4.5000000000000009 49.350000000000001 3.5000000000000004 55.550000000000004 49.350000000000001 50.250000000000007 52.45000000000001 71.950000000000017 45.750000000000007
decision_type=10 2 2 2 2 10 2 2 2 2 2 2 2 2 2 2 2 2 2 2 2 2 2 2 2 2 2 2 2 2
left_child=1 -1 10 19 5 27 7 9 -9 -6 -3 -12 -13 14 15 -4 18 -18 -15 21 29 22 25 -24 -23 -2 -26 28 -5 -21
right_child=3 2 13 4 6 -7 -8 8 -10 -11 11 12 -14 16 -16 -17 17 -19 -20 20 -22 24 23 -25 26 -27 -28 -29 -30 -31
leaf_value=-0.024050916263579709 -0.010139110818443002 -0.015311700321477545 -0.017200383800229882 0.053618859101708008 -0.012052036153878804 0.010294772095082517 -0.0063652021472152863 -0.0033665687622629844 0.053150183342143456 0.030327760669469808 -0.016518897322107619 0.1140279599687736 0.027365379244035905 0.005456071242664633 0.081257592731862824 0.052878759772130426 -0.017061561695060328 0.0028570218593266883 0.031253197567021454 -0.025564287971300167 0.037055155048982026 -0.010479309271215039 -0.0017097173956223501 0.0059204964046210493 0.033785932183627625 0.001481527721928887 -2.9423566394294699e-05 0.073861510968620231 -0.018874973592908968 0.0077742348564243226
leaf_weight=189.24958232510835 325.31894043739885 375.75327037088573 141.47842065710574 9.8230663202703052 47.184992823749781 579.74684408120811 178.96950828284025 18.557301454246044 25.597278106957674 18.296274572610855 41.859677718952298 4.4121626662090447 17.268283141776919 211.9755318230018 5.0468931682407847 6.4260810082778326 99.843060662038624 183.44385526701808 46.353423273190856 20.64114541746676 48.731026410125196 410.73940252233297 841.82115967199206 1785.6490729525685 24.006607085466385 433.66770212259144 102.16274760104716 10.665770867839454 9.0316935786977393 124.75447238516062
leaf_count=10824 5820 16756 5104 115 418 3508 1226 118 165 136 1274 145 441 4605 76 139 2718 3838 715 314 480 6992 9257 19222 363 5240 1194 92 95 1386
internal_value=0.000356811 -0.00773957 -0.0050108 0.00249384 0.00810214 0.0116995 0.000489176 0.0117194 0.0293304 -0.000106168 -0.0124109 0.00466176 0.0456741 -0.000322121 -0.0108584 -0.0140882 0.00264552 -0.00414908 0.0101146 0.00126949 0.0115837 0.000757595 0.00191087 0.00347396 -0.00650615 -0.00349343 0.00638679 0.0389891 0.0187131 0.00299264
internal_weight=6338.48 1323.11 1133.86 5015.37 897.873 609.267 288.605 109.636 44.1546 65.4813 439.293 63.5401 21.6804 694.567 152.951 147.905 541.616 283.287 258.329 4117.49 194.127 3923.37 3386.46 2627.47 536.909 758.987 126.169 29.5205 18.8548 145.396
internal_count=102776 46635 35811 56141 5873 3810 2063 837 283 554 18616 1860 586 17195 5319 5243 11876 6556 5320 50268 2180 48088 39539 28479 8549 11060 1557 302 210 1700
is_linear=0
shrinkage=0.05


Tree=62
num_leaves=31
num_cat=0
split_feature=33 30 5 3 31 3 3 3 0 3 2 10 33 29 5 12 12 1 3 28 13 30 27 27 2 12 33 27 31 12
split_gain=38.8663 19.6675 16.1667 19.4597 17.3209 15.5722 15.2877 15.118 13.76 12.7679 12.0678 11.9048 11.5943 10.8865 24.0009 17.442 10.7753 10.692 10.2993 9.53482 8.99306 8.90057 8.47839 7.91793 7.70184 12.9049 7.60574 7.43667 7.21693 6.49509
threshold=51.650000000000013 433.00000000000006 44.850000000000001 61.95000000000001 8.5000000000000018 47.350000000000001 55.750000000000007 44.750000000000007 64.350000000000009 62.750000000000007 54.95000000000001 55.000000000000007 73.050000000000011 51.750000000000007 48.250000000000007 78.450000000000017 89.350000000000009 50.250000000000007 64.250000000000014 6.5000000000000009 57.95000000000001 457.00000000000006 3.5000000000000004 1.5000000000000002 44.45000000000001 50.600000000000009 59.050000000000004 7.5000000000000009 2.5000000000000004 84.250000000000014
decision_type=8 2 2 2 8 2 2 2 2 2 2 2 8 2 2 2 2 2 2 2 2 2 2 2 2 2 10 2 8 2
left_child=1 6 8 4 20 -6 -1 26 11 10 -5 16 13 14 15 -9 -3 24 -11 21 -4 -15 23 -19 25 -14 -2 -8 -13 -24
right_child=7 2 3 9 5 -7 27 12 -10 18 -12 28 17 19 -16 -17 -18 22 -20 -21 -22 -23 29 -25 -26 -27 -28 -29 -30 -31
leaf_value=-0.032395142093313532 -0.0093062595968231333 -0.021073812409305573 -0.0090403705678274819 0.12374359885498321 -0.0077741647924309838 0.022799720418911505 -0.0019637879293252641 0.1199223201226243 0.069988610927537276 -0.0076055063420418755 0.005228498636022102 0.067620549140621974 0.057346361287841444 -0.0025329342994819932 -0.030727224184797022 0.020639260270861572 -0.0034916721554836467 0.02021845911108874 0.059699444586418959 -0.027999720596839806 0.0099502660607114976 0.003941838015681892 0.010479185525882215 -0.0019172672935977261 -0.0061949777314939721 -0.009648576438796571 -0.00016656627313790437 0.079678174762201501 -0.0077429898123345837 0.021781187576483039
leaf_weight=120.19653945509344 307.95624482166022 272.09633099101484 500.15804289933294 6.4370046379044634 66.63141305744648 109.94296781718731 32.301495244726539 8.3501105681061798 4.8282357761636367 15.703805389814081 3.3472076961770654 6.9265333535149676 13.458956802263858 716.74109191820025 9.3782558944076282 9.6976627018302661 129.32472165767103 51.94806294888258 8.7029587533324939 26.169130079448223 70.889395322650671 2036.9594314601272 367.13948882184923 179.19108958356082 163.46033556573093 15.026087878271936 876.3061098549515 2.9435058152303091 5.5677015036344528 197.35967556014657
leaf_count=5733 5255 13462 16494 216 1925 3014 1494 106 171 476 81 148 123 8619 100 126 6053 333 223 393 2309 21622 2455 1136 1597 177 7482 127 116 1210
internal_value=0.000336597 -0.00716675 -0.00499366 -0.000740127 -0.00243538 0.0112363 -0.0239046 0.00238113 -0.0129212 0.0360816 0.0841682 -0.013917 0.00392072 0.00227893 0.0335803 0.0672575 -0.0154242 0.00858192 0.0163357 0.00196711 -0.0066728 0.00225472 0.0111379 0.00304266 -0.00198724 0.021921 -0.00254806 0.00491926 0.0338451 0.0144426
internal_weight=6335.14 1356 1200.56 781.813 747.622 176.574 155.442 4979.14 418.744 34.191 9.78421 413.915 3794.88 2807.3 27.426 18.0478 401.421 987.584 24.4068 2779.87 571.047 2753.7 795.638 231.139 191.945 28.485 1184.26 35.245 12.4942 564.499
internal_count=102776 52042 44688 24738 23742 4939 7354 50734 19950 996 297 19779 37997 30966 332 232 19515 7031 699 30634 18803 30241 5134 1469 1897 300 12737 1621 264 3665
is_linear=0
shrinkage=0.05


Tree=63
num_leaves=31
num_cat=0
split_feature=33 7 18 6 9 3 2 14 5 17 3 27 6 2 5 30 29 18 8 14 7 15 5 3 33 27 6 6 8 30
split_gain=35.2871 23.1235 18.2839 20.2763 15.5746 13.5206 12.0704 12.4297 11.5352 10.8706 11.4441 10.7634 10.6549 10.2341 10.5647 10.1207 10.2791 10.1054 9.66185 9.83142 9.26163 9.16944 8.75375 9.06611 8.15504 8.05355 7.50671 11.5802 9.77487 6.83758
threshold=51.650000000000013 44.550000000000004 15.500000000000002 59.45000000000001 46.050000000000004 44.750000000000007 55.150000000000013 49.95000000000001 69.15000000000002 1075.0000000000002 48.550000000000004 6.5000000000000009 60.350000000000001 63.650000000000013 63.650000000000013 411.00000000000006 52.250000000000007 10.500000000000002 39.750000000000007 49.95000000000001 47.750000000000007 45.250000000000007 54.250000000000007 62.050000000000004 79.250000000000014 1.5000000000000002 70.050000000000011 57.150000000000013 40.350000000000001 437.00000000000006
decision_type=8 2 2 2 2 2 2 2 2 2 2 2 2 2 2 2 2 2 2 2 2 2 2 2 10 2 2 2 2 2
left_child=1 17 8 6 -2 20 21 -8 9 12 -11 15 -3 14 -13 -7 -17 18 19 -1 24 -4 23 -5 -6 -24 27 -22 -28 -19
right_child=4 2 3 22 5 11 7 -9 -10 10 -12 13 -14 -15 -16 16 -18 29 -20 -21 26 -23 25 -25 -26 -27 28 -29 -30 -31
leaf_value=-0.012176452341194483 -0.02806169829785439 0.078371061638363437 0.01760008630084315 -0.026213457741828618 -0.011317525791937753 -0.025354420584551746 0.055395363449644588 -0.00016992034292222466 0.044139400274919492 -0.0085223542390018871 0.005551627410543822 0.0046666155799810205 0.0034372495772264015 0.040678807434426228 0.017360534207057521 0.020817302980648031 0.002287950990906487 -0.044853876874918083 -0.0089286717159148456 0.10906794838017471 0.0053406840324220876 -0.01185361664324164 0.041928862626977405 0.02689237061697089 0.019760193042434281 -0.010155941805562275 0.02300012038569569 -0.0097567844893002489 0.001970087554275325 -0.020473057371332572
leaf_weight=2.7015898032113936 41.87220286205411 8.6770793087780493 34.36872283089906 213.80015776585788 311.6770011940971 32.168524231761694 18.889771508052945 21.032922966405749 15.623926142230628 252.04679838567972 337.91251595597714 658.26794235408306 10.665878791362045 24.383422572165728 219.07724937424064 76.920782804489136 2760.6181291695684 34.783973504323512 21.228446250781417 3.947431898675859 226.28673364967108 112.1393254538998 8.3327860487624985 8.1801649685949069 22.44234399497509 60.878058408387005 70.923167394474149 288.5669708121568 252.03984278067946 181.70692885760218
leaf_count=119 882 244 1275 9371 4443 426 523 595 187 8146 10480 7354 352 165 1464 871 27048 2486 960 183 2133 4112 216 336 139 1534 690 2830 2289 10923
internal_value=0.000317106 -0.00686251 -0.00377181 -0.0111373 0.002258 0.00251639 0.0017132 0.0260691 0.00185041 0.000750751 -0.000453115 0.00397449 0.0375392 0.00874151 0.00784366 0.00247459 0.00279273 -0.0207795 0.00739513 0.0596133 -0.00217163 -0.0049028 -0.0193796 -0.0242227 -0.00920983 -0.0037615 0.000629988 -0.00311174 0.00660948 -0.0244324
internal_weight=6332.16 1346.92 1102.55 477.622 4985.24 4943.37 186.431 39.9227 624.926 609.302 589.959 3771.44 19.343 901.729 877.345 2869.71 2837.54 244.368 27.8775 6.64902 1171.94 146.508 291.191 221.98 334.119 69.2108 837.817 514.854 322.963 216.491
internal_count=102776 52042 37371 17962 50734 49852 6505 1118 19409 19222 18626 37328 596 8983 8818 28345 27919 14671 1262 302 12524 5387 11457 9707 4582 1750 7942 4963 2979 13409
is_linear=0
shrinkage=0.05


Tree=64
num_leaves=31
num_cat=0
split_feature=32 7 33 3 33 30 11 7 29 12 5 31 4 3 11 15 1 3 29 32 32 33 5 7 1 3 5 30 2 32
split_gain=35.2136 21.1415 15.4856 17.2698 15.0741 13.6706 15.0905 13.3541 12.1235 10.4969 9.91564 9.69962 10.6288 10.374 9.36353 9.24114 18.5398 9.22617 9.17137 15.3507 8.50319 8.1275 7.93838 7.46756 7.48207 7.27711 7.31237 7.71685 7.24335 6.54555
threshold=58.45000000000001 42.650000000000013 39.250000000000007 66.15000000000002 76.550000000000011 477.00000000000006 47.550000000000004 60.350000000000001 54.250000000000007 91.750000000000014 59.45000000000001 -9.4999999999999982 89.450000000000017 55.95000000000001 48.95000000000001 69.450000000000017 48.650000000000013 42.350000000000001 55.750000000000007 78.050000000000011 71.250000000000014 70.850000000000009 64.450000000000017 46.45000000000001 54.45000000000001 45.45000000000001 51.850000000000001 475.00000000000006 54.050000000000004 53.250000000000007
decision_type=10 2 10 2 8 2 2 2 2 2 2 10 2 2 2 2 2 2 2 8 10 10 2 2 2 2 2 2 2 10
left_child=1 -1 3 9 5 11 -7 10 -9 22 -8 18 13 -13 29 21 -17 23 -2 -20 -14 -16 -3 -6 -25 26 -19 -28 -11 -4
right_child=4 2 14 -5 17 6 7 8 -10 28 -12 12 20 -15 15 16 -18 25 19 -21 -22 -23 -24 24 -26 -27 27 -29 -30 -31
leaf_value=-0.025300325961210832 0.00089923813888551259 -0.021300979571217998 -0.0023015138145086917 0.1267829022305702 -0.028583100011667195 -0.014988015645639034 0.0006142690063144678 0.055863724257454811 0.012659230188523147 -0.0086535702521996112 0.0086876778261916945 -0.007410783317268352 0.0093175916158256822 0.0023458831967256011 -0.0019139676608245064 0.091935730282326864 0.0076977151643402939 0.003413663984321612 0.013376195631432936 0.087301695798767176 -0.0043337225538875096 0.027086654541075374 0.025082384844312557 -0.016213866603782486 0.014851235015910166 0.0091357255111361221 0.058467680851803962 0.019599370209449421 0.019366435743474009 -0.041987520736328755
leaf_weight=141.18117113225162 227.49456883780658 248.11143655981869 19.79647219274193 2.0920902872458091 24.909769326448441 98.903907911852002 1108.4354010475799 17.426077641546726 240.02508788742125 97.179180558305234 580.08910649642348 1112.6207203324884 273.19401885196567 359.80618473235518 660.14847369957715 7.8210756620392194 38.413250938989222 26.065124593675137 89.005743495188653 7.5726515688002101 195.14080543629825 24.965981669723988 9.4017164977267367 31.712797880172729 49.332191899418831 532.50491331517696 22.307840749621391 31.391837012022734 30.089544340036809 22.467450967058539
leaf_count=8743 3123 13355 540 41 214 1156 14861 136 1678 4987 4606 15687 2938 4628 16010 186 703 227 1279 53 1349 188 194 210 268 3404 127 197 1141 547
internal_value=0.000298795 -0.00702959 -0.00480054 -0.0129674 0.00219712 0.00107808 0.00404231 0.00501281 0.0156236 -0.013773 0.00339118 -0.00159612 -0.00293504 -0.00502323 -0.000708777 0.000608318 0.0222231 0.00890387 0.0064052 0.0193087 0.00361912 -0.000846072 -0.0195791 -0.00468188 0.00262888 0.0112635 0.0253763 0.0359176 -0.00197967 -0.0235659
internal_weight=6329.61 1301.67 1160.49 386.874 5027.94 4309.71 2044.88 1945.98 257.451 384.782 1688.52 2264.83 1940.76 1472.43 773.613 731.349 46.2343 718.224 324.073 96.5784 468.335 685.114 257.513 105.955 81.045 612.27 79.7648 53.6997 127.269 42.2639
internal_count=102776 46635 37892 19718 56141 51494 22437 21281 1814 19677 19467 29057 24602 20315 18174 17087 889 4647 4455 1332 4287 16198 13549 692 478 3955 551 324 6128 1087
is_linear=0
shrinkage=0.05


Tree=65
num_leaves=31
num_cat=0
split_feature=32 2 33 5 17 6 12 30 9 32 1 2 1 30 16 5 2 14 12 30 30 8 17 6 3 2 30 19 33 1
split_gain=29.7656 15.6272 11.9054 16.3152 11.8663 15.0839 12.3522 19.6894 10.9331 12.0187 10.3923 10.3579 9.82252 9.29544 9.06878 8.96183 7.8649 7.66473 7.49314 8.11863 7.2078 8.97981 7.08425 8.74825 7.04852 5.97315 5.76405 5.58302 4.8239 5.40966
threshold=58.45000000000001 65.050000000000011 28.550000000000004 72.65000000000002 2550.0000000000005 52.550000000000004 81.950000000000017 457.00000000000006 50.350000000000001 53.250000000000007 58.750000000000007 63.95000000000001 39.45000000000001 431.00000000000006 58.350000000000001 35.850000000000001 48.95000000000001 41.550000000000004 59.150000000000013 525.00000000000011 481.00000000000006 23.450000000000003 1250.0000000000002 46.350000000000001 51.850000000000001 46.850000000000001 521.00000000000011 1.0000000180025095e-35 43.650000000000013 48.650000000000013
decision_type=10 2 10 2 2 2 2 2 2 10 2 2 2 2 2 2 2 2 2 2 2 2 2 2 2 2 2 2 10 2
left_child=1 2 3 20 5 11 28 -8 14 15 12 22 -7 -14 24 -10 -9 -18 27 -20 -1 -22 26 -24 -4 -11 -2 -12 29 -6
right_child=4 -3 8 -5 6 10 7 16 9 25 18 -13 13 -15 -16 -17 17 -19 19 -21 21 -23 23 -25 -26 -27 -28 -29 -30 -31
leaf_value=-0.02770947712029298 0.013521368183624495 0.084301464949818383 -0.014575369519326746 0.10041463874551421 -0.011830958672352739 0.048933880807243618 -0.02264509878000517 0.077391687805496628 -0.036168959715280287 0.015158878959969641 -0.014069397683275068 0.039860575241893556 -0.012666365009784726 -0.0011679612920378214 0.062146617000911765 0.010901604441544161 0.012193541125072978 0.059600318757308396 0.0069900740785171535 0.036914282069792685 0.025657424414175446 -0.016405532785332213 -0.011401992488815817 0.0049093561758363578 -0.0037383347357097807 -0.010588297264274486 -0.016448657652068308 0.0053650767672152946 -0.013319087900001523 0.014450927449372123
leaf_weight=122.60845239460468 289.87576119787991 4.5554985459893933 361.12266966467723 2.7421866860240689 23.899681826122105 9.4424051698297244 13.063722351565955 14.346442842856048 10.463484184816478 25.212274990975857 74.003615414723754 22.346095010638237 186.94868107046932 2953.5828751577064 4.2629100461490443 218.28657311061397 20.106960346922278 15.238885406404732 439.36804585531354 23.913955109193921 15.43152185436338 67.915118017233908 94.232032712548971 633.03466967493296 259.31780406506732 196.08383219595999 16.752439796924591 73.173243124037981 28.274988513439894 102.64735617954284
leaf_count=7512 3200 72 12560 33 294 265 174 166 544 964 591 148 2951 34307 172 7571 209 141 3395 174 721 3186 1110 6952 8483 4646 153 589 313 1032
internal_value=-0.000276277 -0.00705931 -0.00739402 -0.0183293 0.00145826 0.00094107 0.0128789 0.0315887 -0.00526442 0.000666776 -0.000540661 0.00622062 -0.00169903 -0.00185441 -0.00954477 0.00871179 0.0459636 0.0328839 0.00542764 0.00855314 -0.0199826 -0.0085363 0.00548492 0.00278774 -0.0100553 -0.00762681 0.0118628 -0.00437595 0.00524733 0.00944243
internal_weight=6322.25 1288 1283.45 208.697 5034.25 4816.67 217.578 62.756 1074.75 450.046 3760.43 1056.24 3149.97 3140.53 624.703 228.75 49.6923 35.3458 610.459 463.282 205.955 83.3466 1033.89 727.267 620.44 221.296 306.628 147.177 154.822 126.547
internal_count=102628 46464 46392 11452 56164 53835 2329 690 34940 13725 42272 11563 37523 37258 21215 8115 516 350 4749 3569 11419 3907 11415 8062 21043 5610 3353 1180 1639 1326
is_linear=0
shrinkage=0.05


Tree=66
num_leaves=31
num_cat=0
split_feature=7 18 33 4 10 30 5 5 3 5 2 29 17 33 30 5 6 17 30 9 14 14 18 6 7 29 7 30 17 6
split_gain=23.4699 18.7985 17.8411 16.5982 15.0347 14.6276 16.2529 13.555 10.5997 10.1893 12.2049 8.87978 10.7085 16.8609 9.11548 8.36289 8.21362 8.11937 7.95722 7.29862 8.03483 7.12383 6.74453 6.61415 9.1408 7.48459 14.3246 10.6357 6.31324 5.8465
threshold=42.650000000000013 10.500000000000002 56.650000000000013 70.050000000000011 55.000000000000007 503.00000000000006 72.250000000000014 42.750000000000007 47.45000000000001 65.950000000000017 54.150000000000013 53.500000000000007 1650.0000000000002 61.050000000000004 453.00000000000006 48.45000000000001 85.050000000000011 1850.0000000000002 459.00000000000006 59.150000000000013 25.850000000000005 53.850000000000001 9.5000000000000018 58.45000000000001 58.150000000000013 53.500000000000007 50.250000000000007 471.00000000000006 1950.0000000000002 71.550000000000011
decision_type=2 2 8 2 2 2 2 2 2 2 2 2 2 8 2 2 2 2 2 2 2 2 2 2 2 2 2 2 2 2
left_child=3 16 4 15 5 8 -7 -6 -3 18 -11 12 13 -4 -14 -1 23 -18 -5 28 -21 -9 -17 25 29 26 -2 -27 -13 -25
right_child=1 2 11 9 7 6 -8 21 -10 10 -12 19 14 -15 -16 22 17 -19 -20 20 -22 -23 -24 24 -26 27 -28 -29 -30 -31
leaf_value=-0.03056048553304648 0.1141337738902109 -0.01460319940082486 0.05644409891757031 -0.018429714199514096 0.06912927214348126 0.0031667797813323172 0.088453726619836318 0.0017754358769764952 -0.0048608217142743484 -0.0023955211097070861 0.06739672874709067 0.00011081171275816359 0.019236043379278485 0.011388701321162154 -0.011911711927530752 0.033013288431363107 0.013210409156118194 0.069253429828611671 0.0012655895625570974 0.015958952296976543 -0.021764245066290464 0.044186832880962812 -0.014522139389271285 -0.0051473270246462331 0.016916069348639554 -0.00066689630217097481 0 0.022889020563678267 0.0056715611423792164 0.0069982028095651435
leaf_weight=105.91151371831074 5.1915996251627785 441.42449112003669 25.95962686650455 75.24539483897388 10.045500778593121 224.45850163605064 5.6366310045123091 71.335219708271325 766.43168323813006 13.934888190589847 11.077995561063288 2591.6875140089542 35.814176572486758 105.09142743609846 67.70035407692194 7.7603567894548169 17.388793919235471 10.528236707672475 159.27776098996401 17.706621818244457 66.101760033518076 11.456702662631868 131.05136075522751 214.22305984050035 107.10071288142353 86.2799391457811 5.6343350289389491 106.54179695248604 636.10135978646576 184.06974871922284
leaf_count=5718 121 14944 364 2154 188 6572 51 999 24498 135 89 21922 348 899 578 137 180 103 3597 268 999 164 3525 2820 844 1129 87 1096 6041 2058
internal_value=-0.00026452 0.000632215 -0.000450128 -0.0106115 -0.00496199 -0.00622376 0.00531529 0.0145134 -0.00842634 -0.00177998 0.0284611 0.0014962 0.0108969 0.020388 -0.00107873 -0.0199526 0.00809438 0.0346959 -0.00503739 0.000828517 -0.0137252 0.00775085 -0.0118068 0.0070352 0.00395471 0.0146498 0.0550571 0.0123279 0.00120836 0.000453488
internal_weight=6318.17 5813.91 5076.95 504.259 1530.79 1437.95 230.095 92.8374 1207.86 259.536 25.0129 3546.16 234.566 131.051 103.515 244.723 736.958 27.917 234.523 3311.6 83.8084 82.7919 138.812 709.041 505.394 203.648 10.8259 192.822 3227.79 398.293
internal_count=102628 87273 78835 15355 47416 46065 6623 1351 39442 5975 224 31419 2189 1263 926 9380 8438 283 5751 29230 1267 1163 3662 8155 5722 2433 208 2225 27963 4878
is_linear=0
shrinkage=0.05


Tree=67
num_leaves=30
num_cat=0
split_feature=32 2 13 18 18 5 8 33 8 15 31 15 0 8 2 5 8 0 4 8 28 5 1 13 4 31 16 33 15
split_gain=25.789 13.2449 12.8453 12.9426 12.845 15.7419 10.5549 10.2553 10.5623 8.8408 12.5381 12.645 9.61729 13.1947 10.8567 8.85314 8.57498 8.91406 7.79146 5.45726 5.20222 5.1926 4.75126 4.62003 4.52204 2.84679 2.44403 2.31579 1.58876
threshold=58.45000000000001 65.050000000000011 83.15000000000002 10.500000000000002 14.500000000000002 37.650000000000013 19.650000000000002 27.750000000000004 17.450000000000003 52.150000000000013 -19.499999999999996 55.550000000000004 55.350000000000001 83.850000000000009 56.95000000000001 71.550000000000011 86.050000000000011 48.550000000000004 42.150000000000013 61.95000000000001 6.5000000000000009 57.250000000000007 49.850000000000001 43.350000000000001 32.750000000000007 -9.4999999999999982 53.150000000000013 52.650000000000013 49.050000000000004
decision_type=10 2 2 2 2 2 2 10 2 2 10 2 2 2 2 2 2 2 2 2 2 2 2 2 2 10 2 10 2
left_child=1 4 3 6 5 25 -2 8 -7 12 11 -11 14 -14 -5 -12 17 -8 23 21 -9 -20 -21 24 -6 28 -25 -27 -1
right_child=2 -3 -4 9 18 7 16 20 -10 10 15 -13 13 -15 -16 -17 -18 -19 19 22 -22 -23 -24 26 -26 27 -28 -29 -30
leaf_value=-0.030627043310251279 0.047135536158368324 0.074688553274067274 0.059678590738422438 -0.0054316092604703853 0.060186704154897186 0.034812552037057132 -0.0092998936768093482 0.004506741018141319 -0.021691067524667203 -0.0048023929021088069 0.00041827275791404118 0.024257687252915227 0.001044447596275664 0.027858428014074677 0.0092625113935557585 0.012453913340034118 0.037278078424730958 0.0082427102028250019 -0.0093871042766568921 -0.0065072953049072173 -0.026328143694261803 0.0044209117001887911 -0.02448427566559495 -0.032542659669001849 -0.013563806114798181 -0.041377359093001047 0.021830672358706792 0 0.016772109316933757
leaf_weight=2.8324247156269839 16.689815651625395 4.8811395764350882 9.3261458128690702 1405.8434289358556 2.5706555340439072 9.1499454509466869 84.271743174642324 454.57040184503421 74.528876128140837 53.539225370623171 1813.8686907878146 122.1339491000399 653.87854988127947 49.289230536669493 137.72699618712068 166.86448858119547 22.314064268022776 502.28526059724391 352.54150877846405 60.664138505700976 13.964400359429417 83.773089479655027 97.134225432295352 68.509837547782809 9.1753068100661022 31.101783830206841 1.9541146047413338 3.6720214672386637 4.3008074266836047
leaf_count=174 152 72 88 18544 107 437 841 12361 3254 716 20209 1342 7185 457 1356 982 183 4109 15773 2792 536 1774 2994 3677 415 1688 126 69 215
internal_value=-0.000253242 -0.00660513 0.00135378 0.00124343 -0.00692725 -0.00155295 0.00797288 0.000682631 -0.0154188 0.000286074 0.00257389 0.015375 -0.00190755 0.0029348 -0.00411675 0.0014353 0.00688361 0.00571265 -0.01164 -0.0096272 0.00357163 -0.00672408 -0.0176134 -0.0260962 0.00252656 -0.031062 -0.0309351 -0.0369567 -0.00152085
internal_weight=6313.36 1275.32 5038.03 5028.71 1270.44 594.121 625.561 552.214 83.6788 4403.14 2156.41 175.673 2246.74 703.168 1543.57 1980.73 608.871 586.557 676.323 594.113 468.535 436.315 157.798 82.2099 11.746 41.907 70.464 34.7738 7.13323
internal_count=102628 46464 56164 56076 46392 18734 5285 16588 3691 50791 23249 2058 27542 7642 19900 21191 5133 4950 27658 23333 12897 17547 5786 4325 522 2146 3803 1757 389
is_linear=0
shrinkage=0.05


Tree=68
num_leaves=31
num_cat=0
split_feature=32 7 18 18 33 30 32 13 33 2 8 6 33 0 19 15 32 9 15 6 33 30 0 15 9 6 6 6 32 0
split_gain=23.4301 18.1706 11.4503 10.6717 10.1019 9.18432 14.8494 12.6966 8.67722 12.9983 11.2996 10.0215 8.14656 8.09355 8.59893 10.9567 7.49187 7.45308 7.38661 13.8387 7.5645 7.29316 6.81037 11.0785 6.87158 6.77868 11.2099 6.81201 6.71386 6.45423
threshold=58.45000000000001 45.45000000000001 11.500000000000002 14.500000000000002 54.850000000000001 485.00000000000006 69.550000000000011 49.95000000000001 43.050000000000004 55.95000000000001 50.350000000000001 67.050000000000011 49.45000000000001 58.550000000000004 1.0000000180025095e-35 53.650000000000013 78.550000000000011 42.650000000000013 52.250000000000007 51.050000000000004 55.45000000000001 511.00000000000006 60.550000000000004 51.050000000000004 75.550000000000011 83.750000000000014 86.050000000000011 51.850000000000001 38.45000000000001 55.95000000000001
decision_type=10 2 2 2 8 2 8 2 8 2 2 2 10 2 2 2 10 2 2 2 10 2 2 2 2 2 2 2 10 2
left_child=1 12 8 28 5 22 29 -8 9 10 11 -2 -1 14 21 -16 25 -6 20 -20 -19 -14 24 -24 -4 27 -27 -10 -3 -7
right_child=2 3 4 -5 17 6 7 -9 16 -11 -12 -13 13 -15 15 -17 -18 18 19 -21 -22 -23 23 -25 -26 26 -28 -29 -30 -31
leaf_value=-0.023264538776376562 0.012171060794437168 -0.02129692466868207 -0.01224749681016883 -0.0080339524339181675 -0.030877671311435123 -0.0090606090600375087 0.068443268091531659 0.0078206816251217611 0.011584502198841997 0.096230287532333536 -0.026242896637527748 0.098249245048785405 -0.025510536259177582 -0.041123544666768472 -0.0024049132765338868 0.051182238927439207 0.018965223945557618 0.014398732735165863 0.012712536535872421 0.0014483391201061326 -0.0015970408503190679 0.045096385603901723 0.046828841837015002 -0.011336297188852087 0.046393355017416857 0.05353193640020542 0 0.00034828119130244311 0.0039096156984668434 0.012200906610297102
leaf_weight=193.52758654067293 9.9025674834847504 27.973155630752444 400.22650001849979 520.4519535927102 17.880762558430433 126.51669244002551 14.353947568684815 22.080201732926071 172.95601873286068 6.2503256257623425 9.6440162751823646 5.1956046391278496 30.213310728780925 12.995263611897824 26.060055457055569 14.791887915693222 91.016129709780216 77.198486521840096 343.21682301908731 1332.2447852827609 1668.7791452053934 4.0225192457437506 13.468360840342937 20.344372351653874 4.9284428991377345 17.66443951241672 21.745520753785968 616.24130017310381 437.4326966078952 49.479344693943858
leaf_count=13448 254 1321 10846 18134 331 3168 220 349 1510 140 253 138 935 301 738 368 463 1056 2848 11701 15404 126 327 445 109 160 173 5190 11093 1079
internal_value=-0.000242351 -0.00631971 0.00128469 -0.00311309 0.000134689 -0.00557278 0.00294277 0.031963 0.00622763 0.0322397 0.015551 0.0425729 -0.0175226 -0.00483805 0.00142163 0.0169537 0.00534215 0.00121725 0.00138734 0.00375941 -0.000886139 -0.0169618 -0.00970485 0.0117545 -0.0115106 0.00383762 0.0240656 0.00281824 0.00237959 -0.00305124
internal_weight=6308.8 1267.47 5041.33 985.858 4090.72 651.398 212.43 36.4341 950.616 30.9925 24.7422 15.0982 281.611 88.083 75.0878 40.8519 919.623 3439.32 3421.44 1675.46 1745.98 34.2358 438.968 33.8127 405.155 828.607 39.41 789.197 465.406 175.996
internal_count=102628 46464 56164 30548 47883 16543 4816 569 8281 785 645 392 15916 2468 2167 1106 7496 31340 31009 14549 16460 1061 11727 772 10955 7033 333 6700 12414 4247
is_linear=0
shrinkage=0.05


Tree=69
num_leaves=28
num_cat=0
split_feature=32 2 13 33 27 17 6 15 0 13 12 1 28 1 9 6 10 9 32 3 13 15 14 17 6 8 13
split_gain=21.275 11.4646 11.171 10.232 11.2084 10.1964 11.8877 14.3218 12.7258 10.8222 10.7149 10.769 10.4613 11.9246 10.4183 10.3341 8.49517 8.44251 14.6421 9.52985 8.03151 5.45217 5.601 5.40606 8.63934 5.79989 5.04604
threshold=58.45000000000001 65.050000000000011 83.15000000000002 30.550000000000004 1.5000000000000002 2550.0000000000005 52.550000000000004 53.650000000000013 49.650000000000013 43.150000000000013 81.950000000000017 47.350000000000001 4.5000000000000009 58.850000000000001 48.95000000000001 59.050000000000004 55.000000000000007 50.350000000000001 53.250000000000007 58.95000000000001 62.95000000000001 68.750000000000014 42.45000000000001 1175.0000000000002 50.050000000000004 18.950000000000003 46.750000000000007
decision_type=10 2 2 10 2 2 2 2 2 2 2 2 2 2 2 2 2 2 10 2 2 2 2 2 2 2 2
left_child=1 3 5 16 20 6 7 9 -9 -2 21 -12 13 -8 -13 -14 23 19 -19 -6 26 22 -7 24 -1 -25 -5
right_child=2 -3 -4 4 17 10 12 8 -10 -11 11 14 15 -15 -16 -17 -18 18 -20 -21 -22 -23 -24 25 -26 -27 -28
leaf_value=0.12593546621619858 0.047396680408673918 0.06760776566772142 0.05462417269365747 0.0025409172499930763 -0.0090996384721859034 0.0094579930186401654 -0.00092761702861739789 -0.0089490968812582731 0.01509601932382513 -0.00081737707828048007 0.077641971399328158 0.059395726834887363 0.021085061025603515 0.0073926859455894335 0.0078262730902812477 -0.008717293816732764 0.041331364841986185 0.012694547317867594 -0.0065899951748106898 0.011421993000633951 0.058599641947458758 0.02726495817156593 -0.01121336043593669 0.0022297100418636365 -0.0040888856016103314 -0.021990039990848878 -0.026854537331628688
leaf_weight=1.5414988338015962 11.775349968113003 5.1506176404654971 9.6766758244484645 17.171527947299182 459.16745832655579 76.917507290840149 2686.5560683896765 63.328172812238336 405.24324554391205 582.69479821994901 9.5697039598599059 12.80765050742775 30.624882376752794 512.64529978018254 42.091330407187343 520.9574649548158 6.1750956177711478 198.21104814531282 195.00662299105898 64.229926605243236 3.0646276185289016 22.421958403661847 56.892063505016267 27.961732658091933 5.44017164548859 190.31397391902283 86.546930707525462
leaf_count=64 175 72 88 600 15474 828 30209 764 3850 6754 123 131 479 3707 436 7809 112 6713 4948 1974 117 193 618 1730 389 11445 2826
internal_value=-0.000232287 -0.0060444 0.00121861 -0.00635606 -0.00420148 0.00111388 0.000630865 0.00529839 0.0118344 0.000137055 0.0116216 0.0287699 -0.00069077 0.000404269 0.0200342 -0.00705003 -0.0158561 -0.00240825 0.0031189 -0.00657003 -0.019531 0.00449953 0.000629966 -0.0174637 0.0252864 -0.0188649 -0.0219419
internal_weight=6304.18 1259.98 5044.2 1254.83 1023.4 5034.53 4813.83 1063.04 468.571 594.47 220.7 64.4687 3750.78 3199.2 54.899 551.582 231.432 916.615 393.218 523.397 106.783 156.232 133.81 225.257 6.98167 218.276 103.718
internal_count=102628 46464 56164 46392 32652 56076 53747 11543 4614 6929 2329 690 42204 33916 567 8288 13740 29109 11661 17448 3543 1639 1446 13628 453 13175 3426
is_linear=0
shrinkage=0.05


Tree=70
num_leaves=31
num_cat=0
split_feature=7 5 33 3 27 7 33 11 13 32 32 9 32 3 28 32 9 6 1 12 13 12 33 1 9 9 1 0 7 13
split_gain=20.5421 17.1285 18.1597 13.0468 12.1004 22.3906 13.065 11.6816 11.3705 10.8589 10.6869 9.50218 12.4216 9.21025 8.84515 7.728 7.21887 7.14766 6.7769 6.45351 11.271 6.37224 6.27787 6.1526 5.84189 6.70497 5.45475 5.20048 5.77388 5.50706
threshold=39.750000000000007 46.95000000000001 65.050000000000011 47.550000000000004 7.5000000000000009 59.45000000000001 67.050000000000011 47.050000000000004 64.15000000000002 72.850000000000009 38.45000000000001 50.550000000000004 80.850000000000009 59.45000000000001 5.5000000000000009 76.65000000000002 51.350000000000001 82.350000000000009 59.45000000000001 73.750000000000014 57.150000000000013 90.550000000000011 66.250000000000014 51.750000000000007 51.750000000000007 60.45000000000001 51.650000000000013 55.750000000000007 50.95000000000001 53.95000000000001
decision_type=2 2 10 2 2 2 8 2 2 10 10 2 10 2 2 10 2 2 2 2 2 2 8 2 2 2 2 2 2 2
left_child=15 2 10 14 7 13 -7 18 -9 19 -2 12 -12 -6 16 24 21 -13 -5 20 -4 -3 26 -21 -1 -26 -16 29 -29 -11
right_child=1 3 9 4 5 6 -8 8 -10 27 11 17 -14 -15 22 -17 -18 -19 -20 23 -22 -23 -24 -25 25 -27 -28 28 -30 -31
leaf_value=-0.023273303924721257 -0.029477542755283498 0.0023170211091321827 -0.00788443203421447 -0.020057159134878422 0.0047662071735875035 0.070662393153314781 0.015751178545746671 0.0025342216722720828 0.021313370584266373 0.0048483641185674093 -0.010596842968983007 -0.0019100591611811242 0.056501439889353078 0.045866608206542751 -0.0074243700243371074 0.015623779668464254 -0.011557295654245764 0.025942113102472009 0.0061912092461703329 0.045766254239041362 0.027655062140241767 -0.00462709225860433 -0.0023035188214328788 0.01544788333057638 0.056307317277498527 -0.03410191095931301 -0.041012329390024145 0.024544138719008481 -0.011803247656666536 -0.024108444000619011
leaf_weight=146.71638250630349 53.532634208444506 965.04431900894269 63.55978074669838 87.63114240532741 229.95185675704852 24.158739225938916 20.206292483955622 2515.7756151291542 83.272305787540972 24.597811974585056 706.53291914472356 342.27002664888278 6.8452537246048442 14.441032994538544 19.920027014799416 15.690525647252796 150.43551860190928 24.596036314964294 33.756736258044839 22.613092798739672 34.163546860218048 502.18025436997414 41.89846964366734 68.1571907363832 4.938579155597834 3.3036683825775981 32.546953677199781 23.395905390381813 20.136492796242237 47.614402838051319
leaf_count=5908 3533 12061 585 1281 2918 218 110 29864 864 172 22519 9440 71 163 566 129 1996 775 270 218 315 6263 450 592 178 123 730 160 122 307
internal_value=-0.000448249 2.5189e-05 -0.00475142 0.0014812 0.00346432 0.0131984 0.0458569 0.00242883 0.00313862 0.00608473 -0.00766388 -0.00657563 -0.00993816 0.00723302 -0.00200156 -0.0175553 -0.00112972 -2.25624e-05 -0.0127175 0.0134923 0.00450444 -5.64547e-05 -0.0168772 0.023098 -0.0209551 0.0194956 -0.0283936 -0.00593679 0.00762806 -0.0141826
internal_weight=6329.88 6159.23 1438.02 4721.22 3009.19 288.758 44.365 2720.44 2599.05 304.238 1133.78 1080.24 713.378 244.393 1712.03 170.649 1617.66 366.866 121.388 188.494 97.7233 1467.22 94.3655 90.7703 154.959 8.24225 52.467 115.745 43.5324 72.2122
internal_count=102901 96563 38809 57754 35688 3409 328 32279 30728 2471 36338 32805 22590 3081 22066 6338 20320 10215 1551 1710 900 18324 1746 810 6209 301 1296 761 282 479
is_linear=0
shrinkage=0.05


Tree=71
num_leaves=31
num_cat=0
split_feature=5 0 33 3 27 9 8 15 15 28 0 33 6 5 15 31 0 29 5 6 8 0 6 0 23 33 6 28 0 6
split_gain=18.6162 13.8448 12.1694 10.9429 13.6586 9.83408 14.1484 10.7048 9.7223 9.59837 11.4603 20.4948 13.5845 8.48558 8.25958 7.84087 8.153 7.54306 7.52444 11.8504 8.79827 7.25325 7.17818 13.7321 11.8129 7.12697 11.1502 9.57595 6.71492 6.60449
threshold=49.350000000000001 39.150000000000013 60.650000000000013 47.550000000000004 7.5000000000000009 50.250000000000007 25.650000000000002 56.750000000000007 49.750000000000007 3.5000000000000004 58.750000000000007 58.850000000000001 91.050000000000011 49.550000000000004 37.350000000000001 -7.4999999999999991 49.45000000000001 56.750000000000007 50.050000000000004 71.550000000000011 55.850000000000001 44.650000000000013 54.150000000000013 51.550000000000004 1.0000000180025095e-35 74.050000000000011 56.45000000000001 5.5000000000000009 48.850000000000001 86.550000000000011
decision_type=2 2 8 2 2 2 2 2 2 2 2 8 2 2 2 10 2 2 2 2 2 2 2 2 2 8 2 2 2 2
left_child=1 -1 5 25 9 6 8 -8 -3 10 12 -12 -5 -11 -6 21 -17 -15 19 -16 -20 -7 23 -4 -25 27 28 29 -27 -2
right_child=3 2 22 4 14 15 7 -9 -10 13 11 -13 -14 17 18 16 -18 -19 20 -21 -22 -23 -24 24 -26 26 -28 -29 -30 -31
leaf_value=-0.032581360042517792 -0.0033020407919606139 0.041164020224667253 -0.0074909907441115618 0.0027351038878380852 -0.01264356827186363 0.056632679810270529 -0.017487906106794609 -0.00052536253953440807 -0.0042396348105515312 0.043479696422180344 0.063297575181912077 0.010045086570521241 0.05960881096423442 -0.0084212647260823309 0.018033026559508523 -0.017400040073693272 -0.0017059878835389017 0.0011109075288998364 0.023115865401781229 0.10773985191440885 0.0030471711819237447 0.0055255599375893683 -0.0012047880323740841 0.015925301485591022 0.0678240623281266 -0.0065670477199639907 -0.00052492107722976222 -0.024355629079524838 0.028534138383604093 0.023177143940956768
leaf_weight=42.540483846794814 1135.2235625064932 19.837154944427311 57.781318064779043 1436.3526908969507 25.819335475564003 7.3033974380232385 429.00554951699451 119.54279926000163 28.398152953479439 10.033891187049447 21.185056514106691 122.77531743235886 10.486817128024994 334.75288811326027 10.824153571389617 108.81652764556929 348.48415111424401 543.90450457390398 128.12174114678055 5.6636316040530792 96.293132654391229 121.23668734217063 662.1351696094498 70.810571623966098 13.025232655927537 17.123446179553866 257.67890312336385 53.646847470663488 62.150463383644819 23.907866478897631
leaf_count=3015 15220 1001 697 15764 277 411 16770 3577 1228 185 311 782 100 4440 220 4807 9776 6288 1476 90 941 4020 7001 631 106 131 1802 1129 377 328
internal_value=-0.000428086 -0.00437576 -0.00376758 0.00143524 0.00333156 -0.00699423 -0.0115134 -0.0138012 0.0143761 0.00217236 0.0044984 0.0179549 0.00315488 -0.00198576 0.0140841 -0.00238097 -0.00545437 -0.00251554 0.0169735 0.0496129 0.0145321 0.00851 0.000974106 0.0111905 0.0241194 -0.00192192 0.00450328 -0.00371141 0.0208904 -0.00274962
internal_weight=6324.86 2028.92 1986.38 4295.94 2746.21 1182.62 596.784 548.548 48.2353 2479.49 1590.8 143.96 1446.84 888.691 266.722 585.841 457.301 878.657 240.903 16.4878 224.415 128.54 803.752 141.617 83.8358 1549.73 336.953 1212.78 79.2739 1159.13
internal_count=102901 53040 50025 49861 30874 41590 22576 20347 2229 27870 16957 1093 15864 10913 3004 19014 14583 10728 2727 310 2417 4431 8435 1434 737 18987 2310 16677 508 15548
is_linear=0
shrinkage=0.05


Tree=72
num_leaves=31
num_cat=0
split_feature=18 32 7 7 27 32 7 32 1 12 3 18 7 4 13 27 7 2 2 26 13 13 2 2 4 18 32 7 4 7
split_gain=19.7941 14.7796 12.0769 10.677 9.70053 8.83247 7.58966 7.46154 9.35936 11.1263 7.1473 7.09748 6.53071 16.6486 6.49869 8.09073 8.10837 6.18808 5.78375 6.58818 5.70432 7.80981 6.34959 5.67728 3.16511 2.85381 3.95391 2.70694 2.73718 10.7316
threshold=13.500000000000002 65.550000000000011 38.350000000000001 40.350000000000001 7.5000000000000009 84.950000000000017 42.650000000000013 35.150000000000013 44.150000000000013 70.350000000000009 66.40000000000002 9.5000000000000018 66.550000000000011 54.650000000000013 63.550000000000004 5.5000000000000009 49.050000000000004 54.850000000000001 66.450000000000017 1.0000000180025095e-35 59.45000000000001 61.050000000000004 43.850000000000001 48.750000000000007 80.850000000000009 15.500000000000002 71.250000000000014 35.45000000000001 70.850000000000009 39.150000000000013
decision_type=2 8 2 2 2 10 2 10 2 2 2 2 2 2 2 2 2 2 2 2 2 2 2 2 2 2 10 2 2 2
left_child=2 3 -1 27 14 7 25 24 9 -9 12 -10 17 -14 18 16 -16 -5 19 -3 22 -22 -8 -17 -4 -6 -27 -2 -29 -30
right_child=1 4 5 10 6 -7 20 8 11 -11 -12 -13 13 -15 15 23 -18 -19 -20 -21 21 -23 -24 -25 -26 26 -28 28 29 -31
leaf_value=-0.029364110547560135 -0.049787947743161878 -0.0014021530100099904 -0.03977739050334949 -0.0080368402524973858 0.005042681880524192 0.032534559309450949 0.045428006240921415 0.00098081735946724757 0.0089990050283748641 0.041244076021653392 0.063496299083774618 0.0016561176334056985 0.058440747194366649 -0.005501196875192637 -0.020445226948008793 0.059108706731420782 0.016290674962298992 -0.0013065792108330381 0.028481980400284757 -0.015226916033431376 0.059079685116021657 0.010268121341531345 0.0060715100718991173 0.012737488849141136 0.028632618850223102 -0.052790679771483287 -0.0021578617687643864 -0.028743596865235501 0.020167318121407315 -0.046105004662266663
leaf_weight=27.570478082168847 9.4694426693022233 1899.6941133188084 13.38099020719528 1072.7076677344739 7.9093965180218246 26.470082922838628 10.620452726259826 33.495482153259218 412.88089811382815 35.660135556012392 3.6712214443832627 1634.5329659678973 14.029379422776399 35.980722660198808 24.40131052583456 12.670940715819599 38.621692068874836 503.90793174970895 15.531528692692516 90.290542276576161 13.379266263917087 21.852842750027776 263.35549076739699 14.519833918660877 1.7733471170067776 9.036253649741413 7.0558290779590598 40.408077543601394 14.502760935574772 10.355462201870976
leaf_count=1066 763 17407 754 34345 102 140 93 945 4581 1106 59 21534 177 448 248 106 293 10742 97 860 111 190 2491 119 88 196 66 2584 719 471
internal_value=-0.000408938 -0.00244436 0.00343833 -0.00601252 5.84561e-05 0.00386104 0.00798353 0.00350114 0.0037542 0.0218444 -0.00516059 0.00313969 -0.00532251 0.0124175 -0.00119952 0.0119136 0.00197816 -0.00588915 -0.00179244 -0.00203266 0.0100979 0.0290604 0.00763139 0.0346672 -0.0313091 -0.0189765 -0.0310491 -0.0244982 -0.0206819 -0.00731425
internal_weight=6319.74 4133.97 2185.76 1705.03 2428.94 2158.19 333.21 2131.72 2116.57 69.1556 1630.3 2047.41 1626.63 50.0101 2095.73 90.2138 63.023 1576.62 2005.52 1989.98 309.208 35.2321 273.976 27.1908 15.1543 24.0015 16.0921 74.7357 65.2663 24.8582
internal_count=102901 72687 30214 50308 22379 29148 3249 29008 28166 2051 45771 26115 45712 625 19130 766 541 45087 18364 18267 2885 301 2584 225 842 364 262 4537 3774 1190
is_linear=0
shrinkage=0.05


Tree=73
num_leaves=31
num_cat=0
split_feature=30 32 28 18 4 20 8 31 5 14 8 32 17 8 18 31 30 10 22 4 5 3 8 30 15 15 28 32 32 3
split_gain=19.2654 12.3966 12.3311 10.5487 10.2532 10.2374 10.1345 17.5716 9.23786 9.12038 13.2884 10.868 8.51194 12.0693 8.37265 12.6522 11.8613 8.23833 8.20037 14.1068 9.74984 8.11278 10.3008 7.88095 7.81669 6.87181 5.71668 5.45743 5.45447 4.9801
threshold=457.00000000000006 47.850000000000001 5.5000000000000009 9.5000000000000018 43.650000000000013 1.0000000180025095e-35 49.550000000000004 1.0000000180025095e-35 49.250000000000007 44.250000000000007 26.450000000000003 52.850000000000001 1950.0000000000002 45.550000000000004 14.500000000000002 10.500000000000002 423.00000000000006 55.000000000000007 1.0000000180025095e-35 47.45000000000001 73.450000000000017 47.550000000000004 71.250000000000014 487.00000000000006 49.45000000000001 35.95000000000001 3.5000000000000004 60.95000000000001 41.350000000000001 54.350000000000001
decision_type=2 8 2 2 2 2 2 8 2 2 2 10 2 2 2 8 2 2 2 2 2 2 2 2 2 2 2 8 10 2
left_child=1 17 3 6 -3 28 7 23 9 10 -5 -11 -7 -14 15 16 -6 -1 19 -16 -20 27 -23 -2 -17 -8 -27 -10 -4 -9
right_child=2 4 5 8 14 12 25 29 21 11 -12 -13 13 -15 18 24 -18 -19 20 -21 -22 22 -24 -25 -26 26 -28 -29 -30 -31
leaf_value=-0.023867710772247384 0.071746173121661469 -0.019362965948129571 -0.0322136370705179 0.038548036463518669 -0.022805819384502192 -0.022288948671567076 0.039410042215012875 -0.010951491180308784 -0.0084252740926303703 -0.018464691064759391 0.0015200633269110361 -0.0027555474014116258 0.084167249945011804 -0.024668084324926235 0.074678960736771646 -0.00052687919168640585 0.0010557526354976535 0.044741559578398746 -0.010179364334068108 0.00020197822138333355 0.019638752940466755 0.0070397627187719974 -0.0018490452987864386 0.025124947662058084 0.02784679412868753 0.0089603088691940641 -0.0092381780466295714 0.0010737106876998117 0.00058706242945621046 0.03381913366847672
leaf_weight=107.10642910655588 20.680701319128275 99.330808631610125 13.320713832974432 26.070503996685147 58.346981668379158 122.05312989884987 14.284147491678594 23.894296303391457 185.46396697219461 131.99896527500823 332.625617117621 669.31968180648983 4.6019825767725688 5.3830529097467661 6.4702812442556015 37.742637753486633 475.7452988778241 4.4231272935867301 609.82814466487616 201.39025195268914 28.505118556320667 1372.1710457885638 426.33542746584862 17.119678474962711 66.217459530569613 146.91655199648812 60.771664701402187 814.39394162781537 224.14501023851335 8.2760231401771289
leaf_count=6674 268 2733 661 857 1038 3473 127 290 4360 7212 7422 12012 117 140 130 613 6325 71 11062 3536 189 15069 3809 199 986 1379 673 7115 4267 94
internal_value=-0.000390188 -0.00494984 0.00128183 0.00204445 -0.0038105 -0.00747517 0.0112173 0.0278158 0.0013664 -0.00238269 0.00423523 -0.00535149 -0.0186333 0.0253342 -0.00276507 0.00155329 -0.00154543 -0.0210643 -0.00602693 0.00257914 -0.00883712 0.00292234 0.00492991 0.0508855 0.0175071 0.00595234 0.0036093 -0.000683925 -0.00124464 0.00048021
internal_weight=6314.93 1695.11 4619.83 4250.32 1583.58 369.504 291.943 69.9707 3958.38 1160.01 358.696 801.319 132.038 9.98504 1484.25 638.052 534.092 111.53 846.194 207.861 638.333 2798.36 1798.51 37.8004 103.96 221.972 207.688 999.858 237.466 32.1703
internal_count=102901 33357 69544 60886 26612 8658 3030 851 57856 27503 8279 19224 3730 257 23879 8962 7363 6745 14917 3666 11251 30353 18878 467 1599 2179 2052 11475 4928 384
is_linear=0
shrinkage=0.05


Tree=74
num_leaves=31
num_cat=0
split_feature=30 33 33 29 7 5 33 7 4 9 6 6 5 7 28 29 7 7 15 5 33 0 8 5 29 5 15 29 3 4
split_gain=17.4574 16.8595 13.6063 13.2477 12.1598 10.1867 10.6611 10.1799 9.59562 13.8293 9.38263 11.1735 10.6804 13.6008 9.19927 11.9164 9.76515 8.52706 9.48431 8.49949 7.83375 8.34996 7.77931 21.7189 13.1698 11.5511 10.2085 10.1353 7.77677 7.7161
threshold=457.00000000000006 74.250000000000014 37.45000000000001 51.750000000000007 56.95000000000001 48.150000000000013 55.45000000000001 39.750000000000007 80.450000000000017 50.150000000000013 48.45000000000001 48.350000000000001 54.850000000000001 64.450000000000017 4.5000000000000009 59.750000000000007 47.150000000000013 54.350000000000001 51.050000000000004 35.850000000000001 86.550000000000011 49.95000000000001 26.850000000000005 54.650000000000013 57.750000000000007 44.750000000000007 47.650000000000013 54.250000000000007 63.150000000000013 43.650000000000013
decision_type=2 10 8 2 2 2 8 2 2 2 2 2 2 2 2 2 2 2 2 2 10 2 2 2 2 2 2 2 2 2
left_child=1 2 28 5 7 6 -4 -2 9 17 11 12 13 -6 20 19 -17 18 -3 -16 21 -9 23 24 -12 26 -24 -27 -1 -5
right_child=4 8 3 29 10 -7 -8 14 -10 -11 22 -13 -14 -15 15 16 -18 -19 -20 -21 -22 -23 25 -25 -26 27 -28 -29 -30 -31
leaf_value=-0.024738549067721979 -0.014915200911129904 0.023285387074979177 0 -0.020989367308035259 0.0082495813711706747 -0.014814510780231025 0.074213995513107964 -0.0028859135716958074 -0.0017884172405711414 -0.0031172658830767655 0.035059474576927561 0.065888909390267758 -0.0052625805548352986 0.090983046219823185 -0.039442039644165344 0.028950015772068228 -0.0012959663182276952 0.0057608949576313188 0.070821826092022172 -0.0061646592871711873 0.033310321273840211 0.0032138417937915887 -0.0435857654721266 -0.0038731738233757497 0.11687394083283049 0.024275751498316015 -0.0038294615823861624 0.0037908087335082156 0.061155651096568189 -0.0049657477211244574
leaf_weight=116.90791113208979 112.86370503762737 22.104006811976433 7.6762801213190022 80.125400060322136 12.79418197553605 9.5690306415781361 13.125587329268454 788.59624827560037 109.16770556941628 40.427714087069035 20.655400006100539 13.011407008394597 29.800677275285125 8.2056432012468559 19.776486221700907 43.537565829232335 67.919452765956521 18.607526585459709 20.906575173139572 618.75664618611336 19.345990985631943 1939.0677606752142 21.363347783684731 35.396953226998448 6.5678545543923965 65.874237131327391 66.702991626225412 731.90556780807674 2.5709311398677519 1246.7458079913631
leaf_count=8956 3877 140 280 1903 203 141 141 16183 610 238 373 99 203 76 793 657 740 98 131 13904 84 23796 433 300 119 570 1139 5995 164 20555
internal_value=-0.000372928 -0.00472535 -0.00661714 -0.00518739 0.0012155 0.0273814 0.0470091 -0.00014125 0.00847448 0.0194936 0.00605823 0.0246212 0.0138445 0.0410925 0.000334554 -0.00457125 0.0104893 0.0343906 0.0466186 -0.00720916 0.00167588 0.00144846 0.0048016 0.0218348 0.0553364 0.00358955 -0.0135689 0.00549139 -0.0227989 -0.00593864
internal_weight=6310.08 1687.93 1476.72 1357.24 4622.14 30.3709 20.8019 3609.86 211.214 102.046 1012.28 63.8119 50.8005 20.9998 3497 749.99 111.457 61.6181 43.0106 638.533 2747.01 2727.66 948.466 62.6202 27.2233 885.846 88.0663 797.78 119.479 1326.87
internal_count=102901 33357 32140 23020 69544 562 421 60034 1217 607 9510 581 482 279 56157 16094 1397 369 271 14697 40063 39979 8929 792 492 8137 1572 6565 9120 22458
is_linear=0
shrinkage=0.05


Tree=75
num_leaves=31
num_cat=0
split_feature=33 18 2 29 9 13 30 3 5 33 13 6 5 9 31 32 18 9 32 5 13 32 27 18 8 8 2 32 13 6
split_gain=19.9188 16.2203 18.52 13.6369 11.3605 11.3054 11.5676 12.6469 10.4095 9.83813 9.6156 9.34187 9.25476 11.0384 10.87 12.604 22.3225 10.2703 9.07092 8.57845 8.39063 8.17687 7.91447 6.63858 5.98237 23.2931 5.95487 6.83859 5.75001 4.71348
threshold=33.850000000000001 13.500000000000002 63.350000000000001 53.500000000000007 58.850000000000001 80.15000000000002 499.00000000000006 48.250000000000007 41.250000000000007 45.850000000000001 42.050000000000004 75.950000000000017 52.150000000000013 49.350000000000001 24.500000000000004 61.050000000000004 12.500000000000002 50.750000000000007 66.750000000000014 42.850000000000001 50.45000000000001 42.95000000000001 5.5000000000000009 12.500000000000002 61.95000000000001 70.850000000000009 55.45000000000001 56.050000000000004 54.95000000000001 87.550000000000011
decision_type=8 2 2 2 2 2 2 2 2 10 2 2 2 2 8 10 2 2 8 2 2 10 2 2 2 2 2 10 2 2
left_child=12 2 3 11 21 6 7 9 -9 -3 22 23 14 -14 15 29 -17 -16 -12 -19 -13 -5 -8 -2 26 -26 27 -15 -18 -1
right_child=1 5 -4 4 -6 -7 10 8 -10 -11 18 20 13 24 17 16 28 19 -20 -21 -22 -23 -24 -25 25 -27 -28 -29 -30 -31
leaf_value=-0.027054197348790578 0.017564110958032515 -0.019016619872557882 0.038078100410643495 -0.023207050100273071 -0.020150654696366184 0.047065336757528553 0.074033048439845206 -0.013136814373574801 0.00087999239420888213 -0.005092769946296604 -0.0031362079067612635 0.0047132914432527068 -0.032193022390442291 -0.014094441992761018 0 0.1443315572335935 -0.040570130160422234 0.017890095066258573 0.0074128211159669713 0.20044380611761486 0.057169630562671825 0.0034702390778195281 0.0029521796659027193 -0.0095323695473861006 0.19213302705296875 -0.017158338679038782 0.058608929378203833 0.053411962801946579 0.062062905646254218 0.037438903286344208
leaf_weight=158.7939431075938 94.128033321350813 144.09940737579018 39.545065002515912 29.040104543790221 54.169294389896095 11.981845034286378 8.7009658059105295 143.37646791199222 1722.6836686246097 1081.2966865226626 347.29291708674282 11.52172694262117 13.564980398863552 17.678078936412938 7.8268089825287444 2.9617671007290465 5.6281168470159173 1.3604453210718932 491.30057241674513 1.2918013762682674 23.879047544673085 1825.8864315846004 7.3450903878547242 29.406087949872017 2.1583292353898278 3.1036490290425718 5.3125335779041043 4.6548458477482191 1.6694501377642152 2.7366495765745631
leaf_count=13385 1319 6120 255 896 1125 145 153 4006 24210 14387 7233 177 719 946 671 118 314 120 3941 85 284 20782 125 518 98 156 159 184 103 226
internal_value=0.000122707 0.000669808 0.00421356 0.00356177 0.00238676 -0.00121595 -0.001365 -0.0027893 -0.000194939 -0.00673563 0.00378093 0.017634 -0.0143571 0.00546739 -0.0194394 -0.0224749 0.030826 0.0295936 0.00303826 0.112674 0.0402991 0.00304866 0.0420252 0.0110711 0.0211936 0.0697374 0.0115556 0 -0.0158935 -0.0259081
internal_weight=6294.39 6065.65 2107.58 2068.03 1909.1 3958.08 3946.1 3091.46 1866.06 1225.4 854.64 158.935 228.741 46.4724 182.269 171.79 10.2593 10.4791 838.593 2.65225 35.4008 1854.93 16.0461 123.534 32.9074 5.26198 27.6455 22.3329 7.29757 161.531
internal_count=102960 85676 25356 25101 22803 60320 60175 48723 28216 20507 11452 2298 17284 2262 15022 14146 535 876 11174 205 461 21678 278 1837 1543 254 1289 1130 417 13611
is_linear=0
shrinkage=0.05


Tree=76
num_leaves=27
num_cat=0
split_feature=7 5 18 32 29 3 1 27 29 32 7 5 9 10 1 12 5 32 29 3 6 18 9 8 9 6
split_gain=23.2928 17.6689 18.4314 13.2977 11.3027 10.1968 13.9722 12.7113 11.0048 14.3712 9.85138 9.80093 8.9909 8.06346 7.63823 7.08155 6.55817 8.63125 6.48401 9.53958 6.35987 8.87117 7.94233 5.45233 5.00379 4.65987
threshold=80.450000000000017 38.850000000000001 13.500000000000002 68.450000000000017 53.500000000000007 48.250000000000007 58.45000000000001 5.5000000000000009 51.750000000000007 62.250000000000007 39.150000000000013 46.95000000000001 58.850000000000001 55.000000000000007 44.150000000000013 52.600000000000001 40.45000000000001 72.850000000000009 54.250000000000007 38.550000000000004 72.350000000000009 15.500000000000002 49.350000000000001 50.050000000000004 74.950000000000017 69.450000000000017
decision_type=2 2 2 10 2 2 2 2 2 10 2 2 2 2 2 2 2 10 2 2 2 2 2 2 2 2
left_child=1 3 4 13 16 6 10 -8 9 -7 -4 -10 14 18 -6 -5 23 -18 19 -1 22 -22 -17 -3 -20 -14
right_child=-2 2 5 15 12 8 7 -9 11 -11 -12 -13 25 -15 -16 20 17 -19 24 -21 21 -23 -24 -25 -26 -27
leaf_value=0.058607630514734201 0.058968344064504109 0.09759919942922296 -0.035289759333074065 -0.022135405103423756 0.021807775944832276 0.088510476137566685 -0.0026445454783306805 0.022312353111852368 -0.0063984577424575657 0.0031802608752299366 -0.0058702445409874364 0.0018415293109420459 -0.031257975836273683 0.027713617004870069 0.0033042293009399311 0.04105788354445003 0.0076434539914293029 0.035721706072741187 -0.028182462958980133 -0.013088601147250092 0.065328481937919944 -0.00024547338770738281 -0.014518626110326905 0.012881302852307042 0.039926572360027696 -0.0012336130119908859
leaf_weight=4.8433520328253499 16.667207097634673 4.4862171076238138 29.069152908865362 15.50839977711439 57.56179826380685 8.0649737133644539 127.64576464192942 84.548785749822855 446.12448834720999 12.816239768639205 1313.7646089852788 1885.5097950370982 27.469618003815413 9.0175981353968364 1819.2311673494987 8.9873221898451465 106.57323555136099 37.110930810682476 131.22420310648158 71.603482346050441 11.987143688835205 8.7319889962673169 21.807559997774661 3.5584125705063343 2.6091510513797394 25.0197025956586
leaf_count=225 97 157 1287 176 1675 368 1285 796 12592 157 24129 24678 606 150 21805 110 1980 215 5771 3496 130 109 248 104 70 544
internal_value=0.000114775 -4.16907e-05 0.000537743 -0.0121743 0.00433928 -0.00148559 -0.0046274 0.00728179 0.00058914 0.0366405 -0.00651341 0.000262576 0.0033022 -0.0181359 0.00387553 0.00725551 0.0174824 0.0149501 -0.0201381 -0.00841028 0.0162263 0.037584 0.00161964 0.0613578 -0.0267885 -0.0170711
internal_weight=6291.54 6274.88 5988.55 286.32 2081.01 3907.54 1555.03 212.195 2352.52 20.8812 1342.83 2331.63 1929.28 219.298 1876.79 67.0224 151.729 143.684 210.28 76.4468 51.514 20.7191 30.7949 8.04463 133.833 52.4893
internal_count=102960 102863 92378 10485 27086 65292 27497 2081 37795 525 25416 37270 24630 9712 23480 773 2456 2195 9562 3721 597 239 358 261 5841 1150
is_linear=0
shrinkage=0.05


Tree=77
num_leaves=31
num_cat=0
split_feature=33 18 2 1 30 6 9 9 30 0 12 3 1 6 5 29 5 31 32 18 17 5 9 32 29 5 1 2 2 5
split_gain=17.9162 13.0684 16.293 11.3252 12.3556 11.574 10.9243 10.2699 9.97431 11.1301 11.2165 10.6336 11.0342 10.4771 8.73443 8.63876 8.43535 10.0412 11.5458 17.325 10.244 12.8387 9.97333 8.31381 8.09745 7.90581 6.92279 5.74195 6.89851 6.15395
threshold=33.850000000000001 13.500000000000002 63.350000000000001 44.150000000000013 511.00000000000006 72.350000000000009 51.850000000000001 50.050000000000004 499.00000000000006 53.250000000000007 60.95000000000001 48.250000000000007 57.850000000000001 57.150000000000013 50.750000000000007 53.500000000000007 52.150000000000013 24.500000000000004 61.050000000000004 12.500000000000002 1750.0000000000002 44.150000000000013 49.350000000000001 66.850000000000009 55.750000000000007 41.250000000000007 45.250000000000007 46.650000000000013 47.250000000000007 51.95000000000001
decision_type=8 2 2 2 2 2 2 2 2 2 2 2 2 2 2 2 2 8 10 2 2 2 2 8 2 2 2 2 2 2
left_child=16 2 3 4 7 6 -5 -2 11 27 14 12 13 -3 -11 -7 17 18 -1 -20 -19 -22 -18 -12 -14 -13 -27 29 -29 -10
right_child=1 8 -4 5 -6 15 -8 -9 9 10 23 25 24 -15 -16 -17 22 20 19 -21 21 -23 -24 -25 -26 26 -28 28 -30 -31
leaf_value=-0.025156596829309208 0.069528327258850345 -0.00080764032169840347 0.035257706602293264 0.00062030981014372585 -0.026627618886566187 0.02699833207947 -0.025890623007901282 0.019466875660993255 -0.0068866739226705323 -0.023314456315296585 0.0040612725782616819 -0.011407743086353429 0.016643825607022069 -0.011714467447164948 0.0067675005946771921 0.0061588011679785601 -0.03156226426721246 -0.011153464850613087 0.12000210824428444 -0.015221197436744835 0.008665054301534976 0.18470559350987445 0.019581863045737013 0.020884236242446796 -0.0035300725036626342 0.016661395109193729 0.00025460858977334266 -0.043143929781574747 -0.0032936145784584121 0.020588045030262125
leaf_weight=156.89642751635984 15.042178895324467 326.25020029442385 40.287207616493106 1289.5988944424316 9.5188091322779638 54.078293151222169 39.962861970067024 33.458223235793412 33.02588329045102 39.07440743688494 121.40413719974458 141.21561614889652 82.20113707985729 683.82719663949683 62.393151748925447 635.55841485178098 13.151740802917628 6.4735990455374104 3.3906687600538117 7.1625396641902626 2.4283939613960683 1.8074806006625292 33.625498490873724 189.29751768708229 124.95681920927018 66.813803971745074 1664.4803747232072 11.140875678509472 348.74768523545936 52.083286601118743
leaf_count=13611 315 5821 255 15524 156 686 842 720 797 745 2186 4018 898 12558 596 6858 719 560 118 417 210 106 1543 1443 1271 1691 22588 194 4963 551
internal_value=0.00010756 0.000622405 0.00379169 0.00317734 0.024948 0.0025481 -0.000174661 0.0352072 -0.00107669 0.00369285 0.00961381 -0.00240157 -0.00603948 -0.00819699 -0.00477916 0.00780387 -0.0137448 -0.0187101 -0.0217318 0.0284743 0.0278379 0.0874636 0.00505903 0.0143303 0.00445506 -3.38557e-05 0.00089159 -0.001781 -0.00455277 0.00987247
internal_weight=6289.35 6064.42 2117.5 2077.22 58.0192 2019.2 1329.56 48.5004 3946.91 857.167 412.169 3089.75 1217.24 1010.08 101.468 689.637 224.936 178.159 167.45 10.5532 10.7095 4.23587 46.7772 310.702 207.158 1872.51 1731.29 444.998 359.889 85.1092
internal_count=102960 85676 25356 25101 1191 23910 16366 1035 60320 11475 4970 48845 20548 18379 1341 7544 17284 15022 14146 535 876 316 2262 3629 2169 28297 24279 6505 5157 1348
is_linear=0
shrinkage=0.05


Tree=78
num_leaves=16
num_cat=0
split_feature=7 7 33 13 27 7 3 17 15 12 16 12 33 9 0
split_gain=20.3378 15.9942 14.975 10.852 11.0286 11.3124 9.04551 7.81244 11.2063 9.01109 7.75602 8.20339 7.00871 5.51676 0.678931
threshold=80.450000000000017 35.45000000000001 33.850000000000001 79.050000000000011 7.5000000000000009 59.650000000000013 55.150000000000013 1175.0000000000002 43.350000000000001 50.600000000000009 49.750000000000007 86.550000000000011 61.850000000000001 50.45000000000001 54.250000000000007
decision_type=2 2 8 2 2 2 2 2 2 2 2 2 10 2 2
left_child=1 14 7 4 6 -6 -4 8 -3 -10 11 -9 -5 -12 -1
right_child=-2 2 3 12 5 -7 -8 10 9 -11 13 -13 -14 -15 -16
leaf_value=-0.0509077956487234 0.054403119545621881 0.14369738019396969 -0.0017769646195315352 0.068596819806380147 0.0033854307773377029 0.020202729356197935 0.0028976505170032426 -0.0064831907799733305 0.096194065033417861 -0.024997676338159441 -0.022145056826559772 0.11110801333012521 0.011422758479263278 -0.0044214093585243077 -0.023086176786812365
leaf_weight=15.185884776525201 17.095312321558595 1.6973689184524099 3684.8797523700632 9.1805540230125207 770.92855686275288 115.07243111729622 1438.4584048753604 3.5074782324954858 1.9393114168196914 6.0358620556071401 137.84611331950873 2.3685177005827427 13.426092870533465 65.623755246866494 3.71136714471504
leaf_count=974 97 108 53188 166 11541 996 18832 274 148 417 11065 163 88 4721 182
internal_value=0.00010011 -4.80201e-05 9.03968e-05 0.000557612 0.0004264 0.00557731 -0.000463485 -0.0127487 0.0308072 0.00467945 -0.0147987 0.0411453 0.0350612 -0.0164583 -0.0458572
internal_weight=6286.96 6269.86 6250.96 6031.95 6009.34 886.001 5123.34 219.018 9.67254 7.97517 209.346 5.876 22.6066 203.47 18.8973
internal_count=102960 102863 101707 84811 84557 12537 72020 16896 673 565 16223 437 254 15786 1156
is_linear=0
shrinkage=0.05


Tree=79
num_leaves=31
num_cat=0
split_feature=5 18 2 27 1 12 29 10 3 1 0 4 29 2 12 6 5 30 6 2 3 3 2 2 9 3 12 2 8 14
split_gain=15.7828 14.8748 14.0297 9.45462 12.481 13.5541 10.6688 8.55337 8.31131 11.9076 11.6484 10.0162 9.61633 11.8934 14.4663 8.96308 8.77631 10.6298 9.53659 8.52232 8.22334 6.4869 6.22623 13.3907 12.1826 7.88814 8.04244 5.40792 5.31171 4.66177
threshold=38.850000000000001 13.500000000000002 63.350000000000001 3.5000000000000004 44.150000000000013 89.350000000000009 57.250000000000007 55.000000000000007 48.250000000000007 58.45000000000001 61.750000000000007 83.65000000000002 51.750000000000007 52.550000000000004 61.150000000000013 60.350000000000001 46.95000000000001 419.00000000000006 75.850000000000009 61.150000000000013 55.850000000000001 50.95000000000001 47.850000000000001 48.550000000000004 49.550000000000004 46.350000000000001 69.250000000000014 59.350000000000001 16.450000000000003 59.45000000000001
decision_type=2 2 2 2 2 2 2 2 2 2 2 2 2 2 2 2 2 2 2 2 2 2 2 2 2 2 2 2 2 2
left_child=7 2 3 20 5 -5 -6 22 9 15 11 -11 13 14 -10 19 18 -18 -14 -3 21 -2 -1 24 -24 26 -25 -22 -17 -27
right_child=1 8 -4 4 6 -7 -8 -9 12 10 -12 -13 16 -15 -16 28 17 -19 -20 -21 27 -23 23 25 -26 29 -28 -29 -30 -31
leaf_value=-0.02957983696887146 -0.0016289863372142581 -0.003043144863537248 0.033027583844952489 0.010562830672177408 0.0069337203330253868 0.064667737935899167 -0.003511487137262809 0.02376093364585307 0.073656140661265426 0.013064533552059571 0.043672697411732964 -0.0097611659218443825 -0.0024160925009247629 0.083128896686224182 -0.032223242366756596 0.020946651214018237 -0.021350186098673424 0.0024567608820050329 -0.021209245651482161 0.018855150682438381 0.0037614854031427936 -0.015461866868133257 0.12415518312596655 -0.017434978206762208 0.006251002193444339 -0.016099471246848587 0.017812928932520504 0.031540832014813752 -0.010136807493853756 -0.04587295744224458
leaf_weight=49.936082805972546 264.03959767939523 554.76546794129536 40.855732997879386 33.03860127273947 1129.7584648830816 18.002740849275142 311.20402187295258 16.042672485113144 4.9276536810211864 110.80700672417879 19.469951441511512 84.532628133893013 359.91082085343078 7.7319730725139371 8.8659921577200276 13.820981323253362 47.97278951248154 1850.1293811523356 83.254192801658064 48.166150686331093 154.18344207061455 125.42788427462801 3.2631113855168206 29.61726965662092 6.6019915598444641 125.5602990752086 35.368429659865797 19.786633565090597 713.91099249664694 14.908127326983957
leaf_count=2664 3690 10299 256 953 13935 529 4104 211 143 1194 178 714 10093 120 262 456 985 23733 2507 504 1871 1636 138 1198 300 4347 1106 141 14170 523
internal_value=9.4284e-05 0.000637433 0.00403585 0.00345558 0.00554029 0.029833 0.00467432 -0.0114781 -0.00118417 -0.0040355 0.00687502 0.00316126 0.000678819 0.0338704 0.00549922 -0.00580093 0.000370087 0.00185134 -0.00596189 -0.00128264 -0.00205594 -0.00609952 -0.0136363 -0.00990354 0.0466068 -0.0126626 0.00166975 0.00696602 -0.00953681 -0.0193253
internal_weight=6285.86 6004.56 2096.3 2055.44 1492 51.0413 1440.96 281.298 3908.27 1545.47 214.81 195.34 2362.79 21.5256 13.7936 1330.66 2341.27 1898.1 443.165 602.932 563.438 389.467 265.255 215.319 9.8651 205.454 64.9857 173.97 727.732 140.468
internal_count=102960 92473 27115 26859 19521 1482 18039 10487 65358 27515 2086 1908 37843 525 405 25429 37318 24718 12600 10803 7338 5326 10276 7612 438 7174 2304 2012 14626 4870
is_linear=0
shrinkage=0.05


Tree=80
num_leaves=31
num_cat=0
split_feature=33 7 26 4 1 3 1 7 2 29 7 27 0 33 2 17 27 28 14 0 2 2 17 6 1 6 8 1 8 8
split_gain=14.4124 13.8718 11.8871 12.3353 11.8551 13.3542 11.5376 10.5925 10.3763 8.90444 9.24259 8.73242 8.59383 8.56782 9.50936 7.95146 7.59294 7.4143 8.57809 7.12664 6.71396 10.1288 6.61116 9.16508 6.60751 5.66139 5.63964 5.60125 6.86633 5.01216
threshold=58.650000000000013 52.550000000000004 1.0000000180025095e-35 32.750000000000007 50.550000000000004 50.550000000000004 63.550000000000004 67.550000000000011 64.850000000000009 53.500000000000007 80.450000000000017 1.5000000000000002 63.050000000000004 38.050000000000004 56.050000000000004 1650.0000000000002 7.5000000000000009 4.5000000000000009 52.850000000000001 63.45000000000001 43.850000000000001 45.050000000000004 1250.0000000000002 54.95000000000001 44.250000000000007 85.450000000000017 35.250000000000007 50.750000000000007 58.650000000000013 41.45000000000001
decision_type=8 2 2 2 2 2 2 2 2 2 2 2 2 10 2 2 2 2 2 2 2 2 2 2 2 2 2 2 2 2
left_child=1 13 3 -2 5 20 8 25 11 12 16 -6 15 19 17 -5 -11 24 -19 27 -3 -22 23 -16 -15 -7 -24 28 -1 -4
right_child=2 4 29 9 6 7 -8 -9 -10 10 -12 -13 -14 14 22 -17 -18 18 -20 -21 21 -23 26 -25 -26 -27 -28 -29 -30 -31
leaf_value=-0.0054421699868916545 -0.023509639456050193 -0.045347556833543294 -0.029466643151726393 0.02345663280009742 -0.026529829293265264 0.011877452599336074 0.068272476384130393 0.056133570340661368 0.055641501117333896 0.00065602627451766748 0.045092763995002158 -0.0033678766445647493 -0.016889561534771051 0.014348911219287351 -0.01574112086674748 0.0046790305635854221 0.007030366035130276 -0.025542147810068291 0.0041898356431211573 0.068257792799490999 0.07657388288507351 -0.0016156314281335394 0.017021761668643009 0.029117199887168616 -0.0063911794411369285 0.068988094670217659 -0.0055549840816555354 -0.02802930645233739 -0.029255294938539313 -0.0072955267534835265
leaf_weight=128.8307061707601 46.335024115629494 8.3656163448467833 32.17639634758234 118.85874248854816 44.999308836646378 190.34036721941084 5.3739872612059107 15.550677029415963 6.9100919030606738 3075.0757380854338 12.181171983480452 428.243625653442 23.868063241243362 40.440956390462816 14.811794360168276 108.78052578493953 551.32588994130492 98.063815335277468 31.826056705787778 2.4112580353394142 4.1405540197156361 177.36214180011302 34.729176646098495 46.764353794977069 688.51551971817389 4.3885984616354099 133.89737332798541 70.078904402442276 39.831295574549586 127.47610728628933
leaf_count=10057 550 331 290 1073 914 4519 63 186 77 26159 58 8233 189 1379 311 891 4885 3236 1019 135 142 4265 783 1119 19750 110 2985 5122 3279 1063
internal_value=-0.000201472 -0.00345047 0.00155497 0.00209862 0.00139305 0.00776829 -0.00385133 0.0164471 -0.00468302 0.00240552 0.00177479 -0.00558598 0.0115061 -0.006679 -0.00478315 0.0145114 0.00162667 -0.00720405 -0.018221 -0.0152144 -0.00182079 0.000181728 0.00422631 0.0182377 -0.00523189 0.013225 -0.000868265 -0.0161067 -0.0111095 -0.0118108
internal_weight=6311.95 2215.88 4096.08 3936.43 885.675 400.148 485.527 210.28 480.153 3890.09 3638.58 473.243 251.507 1330.2 1089.05 227.639 3626.4 858.846 129.89 241.152 189.868 181.503 230.203 61.5761 728.956 194.729 168.627 238.741 168.662 159.653
internal_count=103173 68015 35158 33805 18840 9553 9287 4815 9224 33255 31102 9147 2153 49175 30582 1964 31044 25384 4255 18593 4738 4407 5198 1430 21129 4629 3768 18458 13336 1353
is_linear=0
shrinkage=0.05


Tree=81
num_leaves=31
num_cat=0
split_feature=30 1 3 30 32 10 7 5 12 32 13 12 2 12 21 28 1 1 13 18 7 7 7 32 1 8 6 5 3 7
split_gain=16.4198 16.9275 10.9838 9.35458 8.98818 8.85098 10.8379 9.11174 8.79813 7.98095 10.0003 8.69576 9.42694 8.5067 8.29728 12.8087 14.4806 10.5582 9.28565 8.74767 8.25382 7.2434 6.70205 5.73844 5.97003 5.66581 4.74724 3.75472 3.45216 3.57077
threshold=457.00000000000006 59.750000000000007 66.40000000000002 403.00000000000006 63.050000000000004 65.000000000000014 67.050000000000011 56.45000000000001 70.65000000000002 52.850000000000001 32.850000000000001 88.250000000000014 54.050000000000004 60.95000000000001 1.0000000180025095e-35 4.5000000000000009 48.850000000000001 49.850000000000001 55.850000000000001 8.5000000000000018 43.750000000000007 56.350000000000001 50.150000000000013 66.15000000000002 62.650000000000013 53.850000000000001 75.950000000000017 51.150000000000013 58.45000000000001 45.550000000000004
decision_type=2 2 2 2 10 2 2 2 2 8 2 2 2 2 2 2 2 2 2 2 2 2 2 10 2 2 2 2 2 2
left_child=1 3 9 28 8 6 22 21 -3 10 -2 13 -13 -12 15 19 -17 20 -19 -11 -16 -7 -5 -6 25 -25 -9 -10 29 -1
right_child=2 4 -4 5 23 7 -8 26 27 14 11 12 -14 -15 17 16 -18 18 -20 -21 -22 -23 -24 24 -26 -27 -28 -29 -30 -31
leaf_value=-0.0030775115398994062 0.080282724435505159 -0.045340239152121299 0.05714536153762774 -0.01063493889396213 0.051295454485149321 0.032617117896265389 0.028543225658153995 0.00083226450190373742 -0.011319063239571095 0.017809977681061084 -0.0032803554543018444 -0.005659663979297673 0.019837314611139009 -0.020863211519589954 -0.052862674361945888 0.01241942827651973 -0.0082657909493001926 0.014323811879016813 0.050763742510060064 0.0022386737352826746 0.0025257072002242611 -0.0028920050641566188 -0.0035675385208566572 0.026638394065117678 0.043498777125826567 -0.0029132925899886491 -0.033377769410242383 0.044320836940463425 0.0032581660802868465 -0.043089436454217929
leaf_weight=7.2825247570872298 3.2887048912234595 11.378755176905544 8.701228676363824 642.86325013916939 13.109368136152623 42.566417226567864 21.724924718029797 48.005753511562943 5.9454440772533399 92.748067994602025 155.14128085318953 99.704088831786066 56.700927698519081 124.72096712468192 7.7993422015570095 100.00163912866265 541.8589863460511 92.959218958392739 21.721577443182468 3300.7047432549298 44.389267046004534 21.253554560244083 707.79637314425781 26.857548475265503 15.443252423778175 40.036818262189627 12.668625015765427 5.8104869611561298 6.6950351470150045 28.582502955105156
leaf_count=426 122 210 103 17599 156 498 199 388 136 729 6961 4784 1658 5509 159 2334 8898 971 196 37025 520 197 11556 192 112 279 100 78 208 870
internal_value=-0.000193329 -0.004466 0.00132899 -0.00587066 0.0137169 -0.00520824 -0.00636828 0.00753445 -0.0140704 0.00122206 -0.00518459 -0.00585858 0.00355848 -0.0111387 0.0018935 0.00144013 -0.00503382 0.0128197 0.0213076 0.00266625 -0.00574147 0.0207275 -0.0069356 0.0205121 0.015494 0.00889889 -0.00627158 0.0159017 -0.0289848 -0.035135
internal_weight=6308.46 1658.02 4650.44 1539.44 118.582 1496.88 1372.38 124.494 23.1347 4641.74 439.556 436.267 156.405 279.862 4202.18 4035.31 641.861 166.869 114.681 3393.45 52.1886 63.82 1350.66 95.447 82.3376 66.8944 60.6744 11.7559 42.5601 35.865
internal_count=103173 33204 69969 32041 1163 30537 29354 1183 424 69866 19034 18912 6442 12470 50832 48986 11232 1846 1167 37754 679 695 29155 739 583 471 488 214 1504 1296
is_linear=0
shrinkage=0.05


Tree=82
num_leaves=31
num_cat=0
split_feature=30 33 1 3 29 33 13 5 32 26 31 33 2 7 27 5 8 32 15 32 7 18 17 2 33 7 2 31 3 7
split_gain=14.8771 19.7154 15.1371 9.52783 9.05757 14.1449 9.2196 8.88514 9.14387 8.87633 8.48621 11.3763 7.82083 7.70946 6.59389 8.20842 7.32745 6.41375 6.22941 11.3348 6.12855 5.48767 7.47999 6.30823 6.02393 5.08984 5.07732 5.06728 7.50785 4.85835
threshold=457.00000000000006 46.650000000000013 59.750000000000007 66.40000000000002 53.500000000000007 76.950000000000017 55.750000000000007 56.250000000000007 71.050000000000011 1.0000000180025095e-35 -9.4999999999999982 70.050000000000011 65.850000000000009 37.750000000000007 4.5000000000000009 43.250000000000007 19.650000000000002 79.350000000000009 55.95000000000001 56.250000000000007 53.850000000000001 13.500000000000002 1750.0000000000002 55.150000000000013 72.65000000000002 41.95000000000001 51.350000000000001 -7.4999999999999991 62.750000000000007 65.450000000000017
decision_type=2 10 2 2 2 10 2 2 8 2 10 10 2 2 2 2 2 10 2 8 2 2 2 2 10 2 2 10 2 2
left_child=1 7 4 9 5 6 -3 25 18 13 20 -12 -11 17 15 -15 -16 26 -9 -20 -6 23 24 -4 -23 -1 -2 28 -27 -29
right_child=3 2 21 -5 10 -7 -8 8 -10 12 11 -13 -14 14 16 -17 -18 -19 19 -21 -22 22 -24 -25 -26 27 -28 29 -30 -31
leaf_value=-0.038953349322176839 -0.039196494960254229 -0.0046503071279301849 0.0095716288062561976 0.052289717868598477 -0.0029482002243670018 0.065342983382896208 0.02139478583078324 -0.01856715169419644 0.050815245149846346 -0.010871614995112909 -0.010887611766165022 0.0011220899585462456 0.023223310566582219 -0.0093172968545417005 0.018504951549628505 0.00087219769958522342 0.0030962903281525418 0.056386724311399475 0.077627758995463828 -0.024322505199085208 0.015814660472524843 -0.020804342340459175 0.026550411372056222 0.048706704605047328 0.017591419579069414 -0.0085151646851191736 -0.0030277038394553356 -0.022985194525951692 0.085683596259385569 0.04654469896551703
leaf_weight=29.935691769234836 23.637592305894941 103.19829763658345 20.219847039319575 9.0339951887726766 101.85860210005194 9.8900400474667531 50.410877527669072 28.166487808804959 8.4789842087775451 219.41910972353071 600.601477551274 292.45117650181055 18.03871682099998 223.4923246325925 79.831135055981576 1701.1127234688029 2359.3330446365289 2.4981034919619551 5.2798344618640813 5.351509355008603 75.421565039083362 26.483287233859301 29.656834764406085 21.849450744688511 16.389294385910034 67.462666692212224 16.977999842260033 153.94698325637728 2.0773466066457322 2.4175332821905604
leaf_count=2833 1198 1588 163 103 1595 53 678 929 97 3370 9403 1933 137 6647 1781 22252 33893 23 172 119 744 340 256 150 90 3353 565 8563 76 69
internal_value=-0.000185382 -0.00426281 -0.00166807 0.00126074 -0.00328633 0.00765945 0.0038729 -0.0157848 0.00403457 0.00115928 -0.00496358 -0.00694947 -0.00825183 0.00166769 0.0018768 -0.000308869 0.00360339 -0.0193374 -0.00616482 0.0260946 0.00501044 0.015699 0.00725709 0.030083 -0.00600331 -0.0194669 -0.0242447 -0.0168464 -0.0055104 -0.0218492
internal_weight=6304.92 1651.55 1348.43 4653.37 1233.83 163.499 153.609 303.117 47.2768 4644.34 1070.33 893.053 237.458 4406.88 4363.77 1924.61 2439.16 43.1137 38.7978 10.6313 177.28 114.599 72.5294 42.0693 42.8726 255.84 40.6156 225.905 69.54 156.365
internal_count=103173 33204 16993 69969 15994 2319 2266 16211 1317 69866 13675 11336 3507 66359 64573 28899 35674 1786 1220 291 2339 999 686 313 430 14894 1763 12061 3429 8632
is_linear=0
shrinkage=0.05


Tree=83
num_leaves=31
num_cat=0
split_feature=30 7 18 6 33 5 2 8 6 2 0 14 7 32 9 33 9 28 5 18 0 14 7 1 30 6 7 7 9 6
split_gain=13.942 11.9926 10.5641 14.6481 13.7691 12.6409 10.6869 14.2592 10.2635 8.79894 8.22779 8.10277 10.3865 7.57282 9.56454 9.49284 5.42448 4.01564 4.86971 5.40671 6.90947 4.58253 3.03953 3.99182 6.65759 5.33812 2.08428 3.71328 3.0566 2.35701
threshold=403.00000000000006 37.750000000000007 15.500000000000002 50.850000000000001 51.250000000000007 64.450000000000017 52.050000000000004 23.450000000000003 46.900000000000006 50.050000000000004 53.550000000000004 50.350000000000001 48.750000000000007 51.45000000000001 59.850000000000001 64.65000000000002 50.95000000000001 3.5000000000000004 51.050000000000004 15.500000000000002 53.350000000000001 42.850000000000001 35.45000000000001 45.650000000000013 465.00000000000006 79.350000000000009 45.550000000000004 44.750000000000007 50.550000000000004 50.050000000000004
decision_type=2 2 2 2 8 2 2 2 2 2 2 2 2 10 2 8 2 2 2 2 2 2 2 2 2 2 2 2 2 2
left_child=26 17 8 6 5 -5 9 -8 11 -4 -6 16 -13 15 -15 -10 -3 22 19 -19 -21 -20 -2 24 -24 -25 27 28 -1 -28
right_child=1 2 3 4 10 -7 7 -9 13 -11 -12 12 -14 14 -16 -17 -18 18 21 20 -22 -23 23 25 -26 -27 29 -29 -30 -31
leaf_value=-0.040987764286246842 -0.050869085825672948 -0.011132969257785766 0.0024173630001861372 -0.015419404356554926 -0.0059043734512394166 0.024595204268497373 0.067081009825414761 0.01015713704809252 -0.0017225899770188895 -0.019752147369778327 0.0011661590473062218 0.076519154401625725 -0.01630811391225867 0.0036892592509326842 -0.013025494586267471 -0.028818190666401646 -0.039783720850508755 -0.050779501008933317 -0.0072809706741627234 0.099806806732053166 -0.02936239536765485 0.060844592541335465 0.10285879831653087 -0.037184779829348695 -0.045122785953448978 0.021369811738207803 -0.014503104589945812 0.057074846433567056 0.03388104158449106 -0.043224865889285813
leaf_weight=5.4195490279234928 12.880084995180367 87.723625036422163 336.52572952583432 339.80586203979328 806.70061997510493 20.773538913577795 11.529373097233472 220.41578605165705 250.80848827632144 51.505861196666956 837.69130712933838 5.4886772055178863 6.3334218384698033 3072.7366933035664 87.820252632722259 37.104164723306894 20.608027881942689 7.4601588160730916 5.4358138754032534 1.5589946303516624 2.5880664535798132 4.234064313583076 1.5207610013894766 22.529752233065668 1.2952321367338298 4.5168256633914998 11.396774327848105 1.7256090352311728 1.6555452011525629 23.142814255785197
leaf_count=338 838 1439 6541 17234 9475 397 218 2853 11675 957 8847 115 107 35768 1781 749 459 392 137 133 145 96 121 906 88 165 313 75 98 713
internal_value=-0.000177619 1.75437e-05 0.000241051 -0.0021657 -0.00424394 -0.0130941 0.00454676 0.0130359 0.00201278 -0.000516783 -0.00229959 -0.0123394 0.02665 0.00251464 0.00322284 -0.00524063 -0.016661 -0.0214942 -0.00345472 -0.0253903 0.0192253 0.0223542 -0.0303285 -0.021162 0.0338659 -0.0271792 -0.028406 -0.00590492 -0.0225439 -0.0339613
internal_weight=6300.93 6257.59 6193.57 2624.95 2004.97 360.579 619.977 231.945 3568.62 388.032 1644.39 120.154 11.8221 3448.47 3160.56 287.913 108.332 64.0198 21.2771 11.6072 4.14706 9.66988 42.7427 29.8626 2.81599 27.0466 43.3403 8.8007 7.07509 34.5396
internal_count=103173 101636 98615 46522 35953 17631 10569 3071 52093 7498 18322 2120 222 49973 37549 12424 1898 3021 903 670 278 233 2118 1280 209 1071 1537 511 436 1026
is_linear=0
shrinkage=0.05


Tree=84
num_leaves=31
num_cat=0
split_feature=4 26 7 2 7 17 16 28 13 13 32 4 12 15 2 14 0 31 9 15 32 13 15 7 2 7 18 31 4 0
split_gain=12.8829 11.6994 9.81644 9.00138 12.0266 12.7449 11.6814 9.62957 8.6251 8.58648 9.93095 7.15533 15.6525 7.76495 7.19691 6.47338 10.1296 5.78466 7.22079 6.77497 9.90954 5.40321 6.88455 5.93049 5.23187 5.03283 4.97727 6.03377 5.4873 4.2141
threshold=42.45000000000001 1.0000000180025095e-35 35.45000000000001 56.95000000000001 56.45000000000001 1250.0000000000002 54.650000000000013 3.5000000000000004 48.850000000000001 51.550000000000004 62.350000000000001 54.650000000000013 71.950000000000017 56.750000000000007 65.850000000000009 37.350000000000001 51.550000000000004 -5.4999999999999991 51.150000000000013 38.050000000000004 61.850000000000001 57.45000000000001 41.95000000000001 55.650000000000013 57.350000000000001 58.750000000000007 9.5000000000000018 1.5000000000000002 25.050000000000004 59.150000000000013
decision_type=2 2 2 2 2 2 2 2 2 2 8 2 2 2 2 2 2 10 2 2 8 2 2 2 2 2 2 10 2 2
left_child=9 2 -2 4 6 -6 -4 8 -5 17 21 12 29 -14 -13 16 -12 18 -1 20 -19 -11 -23 -24 -9 -17 27 -21 -28 -3
right_child=1 11 3 7 5 -7 -8 24 -10 10 15 14 13 -15 -16 25 -18 19 -20 26 -22 22 23 -25 -26 -27 28 -29 -30 -31
leaf_value=-0.028624355513415224 -0.038398240034867887 -0.042768620039821181 -0.0019195926663639281 0.028041106577883376 0.019525769293442057 0.0025734891923002881 0.019809427281201955 0.014657003964434777 0.0078233588348315241 -0.03836443775875828 0.054004272567842196 -0.014721986903295499 0.016253977882117656 0.10113561397908553 0.018765430274586714 -0.018002196144419939 -0.023369694399826099 -0.0095987616821068822 0.035038992542660359 0.075020661119183679 0.070777738882032745 0.060744106880492948 -0.035529179043800589 0.040679776418993084 0.00046095626410223243 0.017006063953079072 -0.036449734218021348 -9.1324263590066829e-05 -0.001286950553278419 0.01045287782378182
leaf_weight=33.482026409823447 15.732541931793092 8.0092231715098041 3271.1679973644204 61.578283529728651 128.21625856123865 825.12948877550662 62.911587784066796 70.545577676501125 378.64080564305186 57.507418083492666 9.8891677339561301 228.21817510621622 5.5296440194360894 5.5728110470809042 17.045235447585583 66.125923826824874 7.1528347693383685 7.0337807890027735 4.9821781041100612 4.4433926115743798 8.0333542535081506 2.9941213522106436 12.907206497155128 3.0326192602515212 810.67738136230037 11.924012262374161 11.889945156406609 6.1762487874366343 154.56104941153899 6.5904892487451425
leaf_count=1072 976 134 61416 522 1315 8475 1315 1060 2691 2800 151 3586 120 94 125 972 82 216 148 116 99 135 753 86 9502 102 401 130 4481 98
internal_value=-0.000170838 0.000419035 0.000908797 0.00102062 -9.02819e-05 0.00486047 -0.0015075 0.00462849 0.0106685 -0.00882916 -0.017302 -0.00972539 0.0152445 0.0598286 -0.0123676 -0.0064372 0.0212905 -0.0025002 -0.0201791 0.00102159 0.0331101 -0.0307262 -0.00718461 -0.0205552 0.00160462 -0.0125749 -0.00169778 0.0312767 -0.0038491 -0.018496
internal_weight=6297.7 5895.57 5624.6 5608.87 4287.43 953.346 3334.08 1321.44 440.219 402.135 171.533 270.966 25.7022 11.1025 245.263 95.0919 17.042 230.602 38.4642 192.138 15.0671 76.4414 18.9339 15.9398 881.223 78.0499 177.071 10.6196 166.451 14.5997
internal_count=103173 91429 87272 86296 72521 9790 62731 13775 3213 11744 5081 4157 446 214 3711 1307 233 6663 1220 5443 315 3774 974 839 10562 1074 5128 246 4882 232
is_linear=0
shrinkage=0.05


Tree=85
num_leaves=31
num_cat=0
split_feature=30 29 30 27 9 13 28 33 1 31 33 33 13 4 2 32 32 33 13 33 4 29 9 31 1 13 2 8 8 1
split_gain=16.539 11.6889 12.7524 12.1264 8.89597 8.34405 8.29345 7.91899 8.0881 7.91361 9.05858 7.04824 10.1116 11.0108 6.88247 19.7443 6.54259 5.7929 5.79191 5.2807 5.19848 5.41236 6.29016 5.56224 4.1861 3.99377 3.90964 3.89457 3.70803 3.03378
threshold=441.00000000000006 52.250000000000007 445.00000000000006 4.5000000000000009 46.050000000000004 73.850000000000009 6.5000000000000009 58.45000000000001 58.45000000000001 -9.4999999999999982 43.650000000000013 74.250000000000014 52.550000000000004 78.850000000000009 49.050000000000004 75.250000000000014 71.250000000000014 47.250000000000007 78.250000000000014 46.45000000000001 95.950000000000017 51.750000000000007 50.650000000000013 13.500000000000002 51.45000000000001 53.050000000000004 53.250000000000007 71.050000000000011 77.950000000000017 49.250000000000007
decision_type=2 2 2 2 2 2 2 8 2 8 8 10 2 2 2 10 10 10 2 8 2 2 2 8 2 2 2 2 2 2
left_child=5 2 3 -2 17 11 14 25 -9 -4 28 20 -13 -14 15 -6 -12 19 -16 24 21 22 -1 -23 -3 -8 -22 -28 -11 -19
right_child=1 4 9 -5 6 -7 7 8 -10 10 16 12 13 -15 18 -17 -18 29 -20 -21 26 23 -24 -25 -26 -27 27 -29 -30 -31
leaf_value=0.0015803579517340148 0.0095790471238155223 0.0097979731899926967 0.063245713597144204 0.11583442333735386 -0.0057779860896864203 0.054968442201081359 -0.032220418379795286 0.0039866825058244848 -0.04732412762232855 -0.026174480903073234 0.022585959417244228 -0.020901370924734809 0.044204899912709816 -8.7548866530754089e-05 0.0016746348620093516 0.014363975773897789 -0.0046741388501264115 -0.00062153334177879153 0.040010131402664538 0.063958557706520411 0.02552005736430233 -0.013843556892693634 0.076387827302897823 -0.0012480864905987288 -0.033582592093566309 0.0021101643345190989 -0.017351047095282318 0.018415405829923688 0.032714076221940974 -0.034006880178453852
leaf_weight=15.73765093740076 5.199934746604411 14.571617873385554 6.6521343141794205 5.7554867411963642 845.05588201945648 5.2340755644254378 46.100146755576134 71.557713612914085 8.4951430000364763 22.351459857542071 71.039185398258269 24.280982002615929 23.01834037899971 35.125989254564047 4157.9309530192986 141.93545909412205 31.429556056857109 8.7024473845958692 9.7884862283244711 2.9086477914825073 16.973499015904963 481.57241770206019 3.362406530417501 108.26478940015659 8.7726343185640854 10.029802316334097 20.360667359549552 11.942896345630286 2.8768672742880872 37.216947381384671
leaf_count=502 137 663 195 181 19187 97 1991 920 75 1499 1220 148 141 211 56492 847 229 215 134 88 208 12576 124 2810 350 381 217 117 185 890
internal_value=-0.000249831 0.000695532 0.0146844 0.066396 0.000315324 -0.00723731 0.000554229 -0.0116177 -0.00144825 0.0103842 0.00754402 -0.00769103 0.00604983 0.017407 0.00087699 -0.00287522 0.0141795 -0.017106 0.00176683 0.00145012 -0.00941999 -0.010687 0.0153393 -0.0115407 -0.00636463 -0.0260042 0.00612587 -0.00395756 -0.0191592 -0.0278036
internal_weight=6254.24 5508.37 145.305 10.9554 5363.07 745.874 5290.89 136.183 80.0529 134.349 127.697 740.64 82.4253 58.1443 5154.71 986.991 102.469 72.1723 4167.72 26.2529 658.214 608.937 19.1001 589.837 23.3443 56.1299 49.2771 32.3036 25.2283 45.9194
internal_count=103030 85879 3646 318 82233 17151 80027 3367 995 3328 3133 17054 500 352 76660 20034 1449 2206 56626 1101 16554 16012 626 15386 1013 2372 542 334 1684 1105
is_linear=0
shrinkage=0.05


Tree=86
num_leaves=18
num_cat=0
split_feature=7 7 9 18 7 7 13 0 13 33 5 32 0 12 3 13 3
split_gain=11.7305 10.5895 9.35301 8.55636 12.2913 10.6681 10.3136 9.83155 7.71102 7.49337 6.6063 6.24085 4.75731 4.66249 3.94781 2.21661 0.496633
threshold=74.450000000000017 35.45000000000001 43.050000000000004 9.5000000000000018 49.45000000000001 45.850000000000001 80.15000000000002 45.45000000000001 63.350000000000001 65.450000000000017 37.650000000000013 68.850000000000009 44.350000000000001 69.250000000000014 60.95000000000001 46.850000000000001 39.650000000000013
decision_type=2 2 2 2 2 2 2 2 2 8 2 8 2 2 2 2 2
left_child=1 15 10 4 5 -4 7 -5 -6 -8 -3 13 -12 -2 -14 -1 -17
right_child=11 2 3 6 8 -7 9 -9 -10 -11 12 -13 14 -15 -16 16 -18
leaf_value=0.014781872621004617 -0.01385598946385889 0.042144789358844234 0.0047819685401520682 -0.0074840651339325688 -0.0011083248743276306 0.03224159928708957 0.070972416016922849 -9.9959275549465186e-05 0.036405688991790031 0.0038423359515513179 0.028711660443586418 0.043247069362741968 -0.02850538230446828 0.028645630054579763 0.017274816431984138 -0.013891812682959826 -0.050706905023901266
leaf_weight=1.4200115771964181 12.885190136730673 4.1659720926545551 70.559518992900848 493.90694875456393 275.5404927385971 71.908525042235851 8.5330663169734198 5169.7366249705665 14.30876517947763 8.3622278142720443 4.2299884660169473 22.831065818667412 60.947522347327322 12.584140241146086 4.8978145066648713 1.5027503594756115 12.777622979599981
leaf_count=121 97 178 1400 15406 2603 949 149 78529 130 52 169 107 1896 109 135 118 882
internal_value=-0.000238754 -0.000430867 -0.000325647 -0.000110438 0.00666861 0.0186898 -0.000627347 -0.000744905 0.000738273 0.0382591 -0.0179542 0.0242792 -0.0216533 0.00697799 -0.0250032 -0.0413142 -0.047304
internal_weight=6251.1 6202.8 6187.1 6112.86 432.317 142.468 5680.54 5663.64 289.849 16.8953 74.2413 48.3004 70.0753 25.4693 65.8453 15.7004 14.2804
internal_count=103030 102717 101596 99218 5082 2349 94136 93935 2733 201 2378 313 2200 206 2031 1121 1000
is_linear=0
shrinkage=0.05


Tree=87
num_leaves=28
num_cat=0
split_feature=30 7 0 7 8 6 18 13 7 3 5 33 8 7 5 33 13 33 15 18 30 3 5 7 0 0 2
split_gain=15.0021 9.72694 7.75912 7.32603 7.3093 10.573 11.9431 11.0909 9.85198 7.9816 7.43143 7.16577 11.1013 6.70009 5.95479 5.84229 9.73599 8.49761 7.4697 8.13747 5.03561 6.69518 5.032 4.43069 4.20354 3.42954 2.02464
threshold=441.00000000000006 73.15000000000002 63.95000000000001 35.45000000000001 49.95000000000001 67.750000000000014 15.500000000000002 50.550000000000004 40.650000000000013 48.550000000000004 51.95000000000001 51.850000000000001 13.550000000000002 49.350000000000001 69.15000000000002 53.250000000000007 50.45000000000001 52.650000000000013 56.750000000000007 17.500000000000004 499.00000000000006 52.750000000000007 51.95000000000001 50.95000000000001 62.050000000000004 54.250000000000007 57.750000000000007
decision_type=2 2 2 2 2 2 2 2 2 2 2 10 2 2 2 10 2 10 2 2 2 2 2 2 2 2 2
left_child=2 3 11 25 5 7 -7 -5 10 -10 -6 12 -1 24 -15 16 22 -18 19 -17 21 -3 -13 -20 -14 -2 -4
right_child=1 20 26 4 8 6 -8 -9 9 -11 -12 15 13 14 -16 18 17 -19 23 -21 -22 -23 -24 -25 -26 -27 -28
leaf_value=0.081051498905968924 -0.050361595458552968 -0.012039526868126862 -0.023356204389301069 9.1270709769421132e-05 -0.024170647502425487 0.0062250484566616898 -0.0054777040021598798 -0.011506116055833814 -0.00054238998718898832 0.0042515235050409311 0.00070634096597805673 0.092201388043195207 -0.027055405948249473 -0.0090715577893809782 0.062947880082324881 -0.0047803786566471725 -0.044749806108428547 0.04153865397898001 0.016878961982575373 -0.026685993879836608 0.036558551774165525 0.032039560497284798 0.022183894807152053 -0.001467928364259065 0.043912380065383456 0.018056728074186838 -0.058514393879619521
leaf_weight=2.9233088302426031 10.040663896128533 19.105953274294734 10.362020562402906 377.48005428677425 62.712103364989161 549.34584658080712 361.00560892885551 451.86051995772868 1479.6953561459668 2095.2823398225009 56.766041752416641 5.062725545838477 89.30604070588015 113.62723021674901 2.8308452367782584 304.47045336104929 6.9166301516816002 4.6753639988601208 54.875370389781892 49.389253557659686 27.088856745511293 15.403242055326698 5.7482590973377228 80.853345157578588 1.9969853796064843 2.0606124177575103 7.8919568192213765
leaf_count=185 745 130 162 8115 2774 8635 7246 6946 21740 28168 985 119 6156 4379 36 3533 162 113 661 667 170 96 90 716 88 129 84
internal_value=-0.000227444 0.000670328 -0.00690715 0.000445741 0.000533533 -0.00213735 0.00157866 -0.00622208 0.00179261 0.00226595 -0.0123187 -0.00608267 -0.0138482 -0.0152459 -0.00722552 -0.00287531 0.0220023 -0.00946209 -0.00402815 -0.00785861 0.0204135 0.00752651 0.0559755 0.00591991 -0.0254021 -0.038249 -0.039065
internal_weight=6248.78 5507.85 740.93 5446.25 5434.15 1739.69 910.351 829.341 3694.46 3574.98 119.478 722.676 210.684 207.761 116.458 511.991 22.403 11.592 489.588 353.86 61.5981 34.5092 10.811 135.729 91.303 12.1013 18.254
internal_count=103030 85879 17151 85483 84609 30942 15881 15061 53667 49908 3759 16905 10844 10659 4415 6061 484 275 5577 4200 396 226 209 1377 6244 874 246
is_linear=0
shrinkage=0.05


Tree=88
num_leaves=23
num_cat=0
split_feature=2 9 28 33 3 2 1 17 12 28 15 3 27 5 8 15 15 3 27 3 14 5
split_gain=9.60621 8.39899 7.94673 7.29339 11.5977 6.97189 10.0239 16.3685 6.6187 6.45946 6.92111 6.89326 6.00823 5.71106 4.22104 4.45581 4.14226 3.75884 3.42765 5.10357 2.06119 1.28727
threshold=68.65000000000002 43.050000000000004 6.5000000000000009 58.45000000000001 57.150000000000013 49.050000000000004 54.750000000000007 2150.0000000000005 53.000000000000007 3.5000000000000004 38.45000000000001 56.550000000000004 1.5000000000000002 37.650000000000013 52.650000000000013 40.650000000000013 49.45000000000001 59.650000000000013 6.5000000000000009 52.250000000000007 46.250000000000007 43.250000000000007
decision_type=2 2 2 8 2 2 2 2 2 2 2 2 2 2 2 2 2 2 2 2 2 2
left_child=1 13 5 18 8 6 12 -8 -5 10 -7 -11 -3 -1 15 -15 -17 21 20 -20 -4 -16
right_child=-2 2 3 4 -6 9 7 -9 -10 11 -12 -13 -14 14 17 16 -18 -19 19 -21 -22 -23
leaf_value=0.037266822408767733 0.061762066939621808 0.0066938515907430099 -0.044425369951471047 -0.036212417179307947 0.031914624075992451 -0.0051020607456120672 0.0014506570523522737 0.048305435253120754 -0.0012875046089054478 -0.0025868127161659728 0.003415079758738301 0.0044746266674665454 -0.0073299566075973157 0.038769115658599307 -0.01580563744849325 -0.044847143099487702 -0.0035638804410595584 0.01316530906056522 -0.022558700340241811 0.040379836926238317 -0.021055127197884663 -0.044057509665142415
leaf_weight=4.3949303911067537 6.1446605399250975 84.079617646057159 21.124670240096748 20.113290891051292 18.90916249807924 262.9598450222984 288.22734483098611 19.852572483476251 42.245768271386623 1624.9844239065424 2517.3023126516491 438.50847717467695 791.64850870613009 4.266607371158897 5.7106287977658239 8.3783984626643377 22.648466889280826 3.6931745395995668 12.188251371495427 4.2389600090682498 19.707651593722403 24.697955795098096
leaf_count=179 42 2399 928 292 193 2916 3290 253 537 26671 34188 6380 20933 136 219 307 757 97 539 179 882 713
internal_value=-0.000217601 -0.000280424 -7.88009e-05 -0.0119153 -0.00220998 0.000192593 -0.00324596 0.00450088 -0.0126722 0.00103405 0.00260757 -0.00108363 -0.0059772 -0.017038 -0.0205979 -0.00825054 -0.0149808 -0.033169 -0.0255749 -0.00586914 -0.0333469 -0.038985
internal_weight=6246.03 6239.88 6166.09 138.528 81.2682 6027.56 1183.81 308.08 62.3591 4843.76 2780.26 2063.49 875.728 73.7902 69.3952 35.2935 31.0269 34.1018 57.2595 16.4272 40.8323 30.4086
internal_count=103030 102988 100580 3550 1022 97030 26875 3543 829 70155 37104 33051 23332 2408 2229 1200 1064 1029 2528 718 1810 932
is_linear=0
shrinkage=0.05


Tree=89
num_leaves=18
num_cat=0
split_feature=7 7 9 13 4 7 27 33 6 6 32 4 3 13 8 5 3
split_gain=9.55548 9.4647 7.88871 7.44818 7.02903 7.76709 6.82199 5.82597 8.15985 9.16494 5.426 6.64225 3.93996 2.42614 1.79039 1.35967 0.564875
threshold=35.45000000000001 74.450000000000017 43.050000000000004 83.15000000000002 43.050000000000004 54.150000000000013 6.5000000000000009 47.250000000000007 72.850000000000009 65.050000000000011 68.850000000000009 71.450000000000017 60.850000000000001 46.750000000000007 53.45000000000001 42.150000000000013 39.550000000000004
decision_type=2 2 2 2 2 2 2 10 2 2 8 2 2 2 2 2 2
left_child=13 2 7 4 5 -4 -6 8 9 -2 11 -3 14 -1 -9 -10 -15
right_child=1 10 3 -5 6 -7 -8 12 15 -11 -12 -13 -14 16 -16 -17 -18
leaf_value=0.021073897503909506 -0.0023586051882305398 0.030498324953794943 -0.010908594540158096 0.038633659020428639 -0.00083718666546203798 0.0044336702079134848 0.0029600508794610301 -0.020819431151933892 -0.0011398713261444367 0.073597250314619403 0.039294993247739038 -0.019943386447369104 0.0178502509465947 -0.010635025998646739 -0.042826496812665503 -0.049941193124276612 -0.050555415068793609
leaf_weight=1.2906171148642887 13.279806545935577 13.234439009800555 289.52502594934776 12.290083901025353 4015.2251685135998 114.7401340319775 1676.2435919274576 19.088059211149812 2.1014209729619306 5.4920192924328139 23.181178078055382 12.600704235956071 4.0737575450912109 1.37532124435529 21.370235880836844 6.4704060414806008 11.940390541916711
leaf_count=117 566 113 9599 134 61844 2179 25462 516 116 244 107 93 79 113 564 293 891
internal_value=-0.000207904 -0.000112053 -0.000286602 -9.18578e-05 -0.000171388 -0.00654171 0.000280324 -0.0167434 0.00125189 0.0198709 0.0217487 0.00572131 -0.027883 -0.040465 -0.0326439 -0.038705 -0.0469149
internal_weight=6243.52 6228.92 6179.9 6108.02 6095.73 404.265 5691.47 71.8757 27.3437 18.7718 49.0163 25.8351 44.5321 14.6063 40.4583 8.57183 13.3157
internal_count=103030 101909 101596 99218 99084 11778 87306 2378 1219 810 313 206 1159 1121 1080 409 1004
is_linear=0
shrinkage=0.05


Tree=90
num_leaves=29
num_cat=0
split_feature=7 28 7 1 1 7 15 7 12 13 32 30 6 9 18 6 7 30 32 32 7 32 1 15 13 15 1 13
split_gain=13.2385 12.3904 10.2622 17.2899 7.84565 15.2311 16.4629 15.3152 7.44993 9.41696 9.08353 7.23855 7.22648 14.8357 8.14717 7.14874 6.92073 6.60788 6.10217 6.06786 5.51993 4.80376 6.03372 9.48765 4.38938 3.43505 1.44726 0.683401
threshold=35.45000000000001 4.5000000000000009 51.150000000000013 48.850000000000001 46.050000000000004 52.350000000000001 52.550000000000004 66.550000000000011 80.850000000000009 47.750000000000007 77.65000000000002 451.00000000000006 70.850000000000009 49.250000000000007 15.500000000000002 83.750000000000014 37.45000000000001 561.00000000000011 40.050000000000004 33.45000000000001 63.45000000000001 62.750000000000007 59.550000000000004 48.850000000000001 55.150000000000013 43.850000000000001 50.250000000000007 46.750000000000007
decision_type=2 2 2 2 2 2 2 2 2 2 8 2 2 2 2 2 2 2 10 10 2 10 2 2 2 2 2 2
left_child=27 2 3 11 5 6 -4 -7 9 -5 -10 16 13 -6 -14 17 -2 18 25 -13 -20 24 23 -23 26 -3 -17 -1
right_child=1 15 4 8 12 7 -8 -9 10 -11 -12 19 14 -15 -16 21 -18 -19 20 -21 -22 22 -24 -25 -26 -27 -28 -29
leaf_value=-0.0064317610535054989 0.065888772880076524 0.0062486672396316854 0.020564810518431009 -0.017110691005489256 0.012726438151539453 0.0013843901227187016 0.11823287816787725 0.059441426401819542 0.0023564001835988915 -0.00053991076686351605 0.018073191771969518 0.040719339156531982 0.010088443737597309 -0.0010824810414794177 0.00052609743253838348 -0.011959238307750062 -0.024814782136171217 0.053589573710774191 -0.0039086813050231836 -0.0079303264352507518 0.017009366903922279 0.047731923485273796 -0.038061233668009106 -0.017855311064630681 0.025994031438430348 -0.032776884145212348 -0.047067424977823416 -0.050569016335495626
leaf_weight=1.2538971062749613 2.0293030245229593 6.821648731827735 11.911358595825734 92.847581719979644 224.86829991033301 97.093374146148562 6.8628036426380268 12.796483755111693 777.8176843537949 1116.2718218965456 104.38129015639424 6.4262814517132929 561.87655342277139 1434.0267784758471 370.92716473992914 3.9294495838694337 92.905435312539339 4.9064439004287115 920.35788138117641 289.42460447736084 32.481018921360373 8.6031252862885612 11.33527355827391 14.846997465938328 2.4403609419241539 27.065223419107497 22.423275724984705 13.383721120655535
leaf_count=117 163 384 371 1867 2617 2426 197 150 12339 20002 689 462 5141 15416 4323 209 4205 88 18656 8678 382 145 143 243 83 1528 911 1069
internal_value=0.000134727 0.000246993 0.00124978 -0.0010735 0.00337137 0.0154265 0.0569691 0.00823839 0.000728337 -0.00181782 0.00422351 -0.0107266 0.00277039 0.000787001 0.00629182 -0.0046919 -0.022756 -0.00364256 -0.00393761 -0.00684329 -0.00318866 -0.0209486 -0.00821854 0.00609481 -0.0360732 -0.0247784 -0.0420865 -0.0471967
internal_weight=6272.32 6257.68 5202.47 2482.1 2720.36 128.664 18.7742 109.89 2091.32 1209.12 882.199 390.786 2591.7 1658.9 932.804 1055.21 94.9347 991.632 986.726 295.851 952.839 63.5785 34.7854 23.4501 28.7931 33.8869 26.3527 14.6376
internal_count=103004 101818 79046 48405 30641 3144 568 2576 34897 21869 13028 13508 27497 18033 9464 22772 4368 21038 20950 9140 19038 1734 531 388 1203 1912 1120 1186
is_linear=0
shrinkage=0.05


Tree=91
num_leaves=30
num_cat=0
split_feature=7 28 5 2 7 17 5 1 6 9 3 32 32 18 6 3 2 5 18 2 2 1 2 3 1 18 26 2 18
split_gain=12.5319 11.2238 13.7384 10.0949 13.647 12.6843 11.3075 10.5811 9.39004 9.71764 9.15212 11.6059 12.0192 8.03657 7.72228 8.63494 7.18461 6.74452 7.33002 6.28541 6.27752 5.21086 4.70325 4.10703 11.5526 3.88081 3.4985 0.678253 0.632991
threshold=35.45000000000001 4.5000000000000009 43.650000000000013 48.350000000000001 49.150000000000013 1175.0000000000002 54.150000000000013 54.250000000000007 71.050000000000011 42.650000000000013 61.95000000000001 73.450000000000017 68.65000000000002 15.500000000000002 54.95000000000001 61.95000000000001 44.45000000000001 68.550000000000011 15.500000000000002 63.95000000000001 41.45000000000001 54.350000000000001 62.050000000000004 62.550000000000004 51.45000000000001 15.500000000000002 1.0000000180025095e-35 55.550000000000004 16.500000000000004
decision_type=2 2 2 2 2 2 2 2 2 2 2 8 10 2 2 2 2 2 2 2 2 2 2 2 2 2 2 2 2
left_child=28 3 22 4 6 -6 16 -7 14 27 17 12 -12 -11 19 -16 -2 18 -4 -5 -8 -19 23 26 -25 -24 -3 -10 -1
right_child=1 2 10 8 5 7 20 -9 9 13 11 -13 -14 -15 15 -17 -18 21 -20 -21 -22 -23 25 24 -26 -27 -28 -29 -30
leaf_value=-0.050425599220152752 -0.028814668374944959 -0.017871137850206647 -0.00052624624883434122 0.0031004885349059695 0.057912668129405667 -0.0041121648045285841 0.02599569263778705 0.010912840448983484 -0.050715482335080435 0.0088289877262817534 0.01778267682690212 -0.032537363755430364 0.089837231706117404 0.0012119045466388611 -0.002561957954115499 0.014622030484146967 -0.010714580750935879 -0.0034053225380545542 -0.010861429812975928 0.03127253790883671 -0.0039941305206542656 0.023335285310157178 -0.014851242619628672 -0.049940903306795056 0.072616884950662472 0.044660504048856527 -0.047025014828396931 -0.018780273800979144 -0.0078679653040520537
leaf_weight=12.715245141414922 88.064115938264877 168.34864031057805 462.90234530251473 1165.8595942738466 9.7230501649901253 375.00191503344104 19.814954981207848 170.2562696216628 7.4488550350069982 879.02374286949635 28.187983814161271 8.1885347086936218 7.3095254451036444 574.12588000483811 1526.2166496780701 76.61964101344347 149.34256312716752 32.168673370033503 273.52170121436939 20.089103013277054 140.65471149794757 40.994926674291492 5.1177591877058131 3.3591837408021084 4.1805485584773123 5.5033190669491887 11.175492637325076 3.0877843676134944 1.2864046082831926
leaf_count=1058 3808 6276 8160 16928 174 7414 307 1611 256 9998 551 62 71 8382 21018 910 5779 319 6139 123 2262 318 98 125 95 124 434 76 128
internal_value=0.000126432 0.000233346 -0.00447859 0.00118572 -0.00346359 0.00159521 -0.0105311 0.000571349 0.00222873 0.00547209 -0.00171964 0.0205317 0.0329711 0.00582328 0.000524527 -0.00173654 -0.017459 -0.00292891 -0.00437267 0.00358451 -0.000245935 0.0115211 -0.0163549 -0.018206 0.0174202 0.0156474 -0.019739 -0.0420914 -0.0469537
internal_weight=6270.29 6256.29 1050.96 5205.33 952.858 554.981 397.876 545.258 4252.47 1463.69 853.274 43.686 35.4975 1453.15 2788.78 1602.84 237.407 809.588 736.424 1185.95 160.47 73.1636 197.685 187.064 7.53973 10.6211 179.524 10.5366 14.0016
internal_count=103004 101818 22772 79046 21355 9199 12156 9025 57691 18712 15620 684 622 18380 38979 21928 9587 14936 14299 17051 2569 637 7152 6930 220 222 6710 332 1186
is_linear=0
shrinkage=0.05


Tree=92
num_leaves=30
num_cat=0
split_feature=7 28 5 0 15 9 9 30 22 7 32 15 6 29 28 7 4 12 2 6 1 19 31 0 5 2 4 0 0
split_gain=11.8627 10.1742 12.6738 9.62937 10.7422 9.14586 9.02545 8.80154 9.28503 7.72332 9.22169 7.50277 7.38961 7.22343 6.7166 6.15621 6.60094 5.58821 7.86248 6.31033 4.34843 4.22466 3.97247 3.66008 3.25524 1.78208 0.378559 0.522536 0.0633762
threshold=35.45000000000001 4.5000000000000009 43.650000000000013 49.650000000000013 35.050000000000004 41.850000000000001 49.150000000000013 511.00000000000006 1.0000000180025095e-35 49.350000000000001 83.550000000000011 35.95000000000001 87.050000000000011 53.500000000000007 3.5000000000000004 70.350000000000009 91.250000000000014 64.15000000000002 56.45000000000001 81.850000000000009 52.45000000000001 1.0000000180025095e-35 -5.4999999999999991 57.350000000000001 56.650000000000013 52.350000000000001 46.850000000000001 50.350000000000001 51.45000000000001
decision_type=2 2 2 2 2 2 2 2 2 2 10 2 2 2 2 2 2 2 2 2 2 2 10 2 2 2 2 2 2
left_child=26 3 17 4 7 24 11 8 -2 10 -6 -7 15 -8 -11 16 -4 21 20 -20 -19 22 -3 -14 28 -23 27 -1 -5
right_child=1 2 12 5 9 6 13 -9 -10 14 -12 -13 23 -15 -16 -17 -18 18 19 -21 -22 25 -24 -25 -26 -27 -28 -29 -30
leaf_value=-0.041511962570346284 0.039795908330839402 0.0177600547069857 -0.0033189058390124676 -0.031827949720228212 -0.0091438344418659639 -0.016399643577631164 0.0085904998611534746 0.065661393362809184 -0.0039766129043338821 -0.0016715127165041338 0.049180053419765342 0.0098620668928324912 -0.053105495498118098 0.00077714281153523678 0.016798975512535484 0.040958270746291936 0.0091448832048717527 -0.0086817463492519179 0.013583309090321306 -0.050211814674202764 -0.033887377222069311 -0.0042763788030896832 -0.022654113186546091 -0.002563204952691904 0.0080299872744942873 -0.044914508516243075 -0.05036835146657799 0.0071459447088599833 -0.051197971773549379
leaf_weight=1.0107533715199668 17.742313561029732 6.952148182783275 702.34143334906548 2.8650007387623182 502.66726755164564 28.478921325877309 328.16886492446065 8.1826006500050408 37.182747713290155 674.90728704398498 6.7467881180346003 517.70231268228963 10.204770477488639 3017.6820636321791 52.979226806201041 8.5498231332749111 124.93087242357433 42.718283334746957 40.896249978337437 4.1602252302691332 29.402369324117899 3.3212899244390455 39.927613172214478 5.8355793999508014 3.1458673551678649 27.424758638720959 11.621166621334849 0.76269609224982549 9.4765339442528767
leaf_count=148 236 239 13796 100 16070 303 5751 89 549 11243 37 7118 248 36057 1104 75 1389 2111 1137 145 1024 224 1217 112 65 1055 961 77 324
internal_value=0.000118166 0.000219994 -0.00427708 0.00112482 -0.00260011 0.00236578 0.00252 0.0174922 0.0101189 -0.00363027 -0.00835207 0.00848083 -0.00163871 0.00154522 -0.000318147 -0.000985334 -0.00142976 -0.0157821 -0.00881284 0.007484 -0.0190596 -0.0262131 -0.0165293 -0.0351575 -0.0358369 -0.0407148 -0.046709 -0.0186526 -0.0473952
internal_weight=6267.99 6254.59 1046.67 5207.93 1300.41 3907.52 3892.03 63.1077 54.9251 1237.3 509.414 546.181 851.862 3345.85 727.887 835.822 827.272 194.803 117.177 45.0565 72.1207 77.6258 46.8798 16.0403 15.4874 30.746 13.3946 1.77345 12.3415
internal_count=103004 101818 22772 79046 29328 49718 49229 874 785 28454 16107 7421 15620 41808 12347 15260 15185 7152 4417 1282 3135 2735 1456 360 489 1279 1186 225 424
is_linear=0
shrinkage=0.05


Tree=93
num_leaves=31
num_cat=0
split_feature=28 5 0 15 9 9 33 3 8 3 32 3 32 33 32 30 9 2 5 28 4 1 30 0 1 5 15 4 6 5
split_gain=9.27423 11.8623 9.13772 9.72605 8.59124 9.84878 8.46392 8.84072 8.46083 9.56888 9.14254 8.24803 10.3584 10.3824 8.35335 7.41071 7.6563 8.69574 8.40999 7.19118 7.11693 7.21272 8.18936 6.85409 6.51355 6.04435 5.86433 5.81968 9.85802 5.74861
threshold=4.5000000000000009 43.650000000000013 49.650000000000013 35.050000000000004 46.050000000000004 49.150000000000013 35.350000000000001 47.45000000000001 53.45000000000001 51.95000000000001 57.650000000000013 61.95000000000001 73.450000000000017 43.050000000000004 67.050000000000011 511.00000000000006 50.250000000000007 48.550000000000004 64.050000000000011 3.5000000000000004 99.950000000000017 54.250000000000007 475.00000000000006 51.050000000000004 54.850000000000001 68.550000000000011 50.95000000000001 77.350000000000009 74.950000000000017 44.250000000000007
decision_type=2 2 2 2 2 2 8 2 2 2 8 2 8 10 8 2 2 2 2 2 2 2 2 2 2 2 2 2 2 2
left_child=2 -2 3 15 26 8 7 -7 9 -6 -10 25 13 23 -15 16 18 -18 -1 -8 21 22 -5 -13 -23 29 -4 -27 -29 -3
right_child=1 11 4 20 5 6 19 -9 10 -11 -12 12 -14 14 -16 -17 17 -19 -20 -21 -22 24 -24 -25 -26 27 -28 28 -30 -31
leaf_value=-0.027470519355870904 -0.015381703125743064 0.021864721838526467 -0.042997003296399758 -0.01081232914682892 -0.0071151697470807742 -0.0037375399810899664 0.0026168101714134184 0.035538746720048718 -0.011625695073775973 0.012884243687828621 0.017633399919604584 0.028893648228212089 -0.031524767193373708 0.029981482747311435 0.095331803599604859 0.059456549798281848 -0.00500222278405444 0.054887058718860543 0.026193798604126878 -0.002461477438782994 -0.038816240515890811 0.020173558472125583 -0.00091563504689596328 -0.045372593540254608 2.969056214033883e-05 -0.00098401406797402665 -0.0035280499852970732 0.050998710656396364 -0.0060190353698403891 -0.0049363945567922713
leaf_weight=19.133938968181614 192.96936553926207 20.425767493899912 17.138930516317487 415.92829410475679 132.93312249123119 23.291351238731295 2293.8155726799741 36.188634215854108 29.521051885327324 108.4100663268473 256.23895905632526 6.3373669805005175 8.0214249957352859 17.027530379593376 7.0882682017981997 8.5637503573670966 10.076085858512672 14.533556606154887 11.607871767133473 1000.5087778898887 14.14098620880395 45.474308709148318 422.56471092184074 5.8628362277522683 340.16971744270995 42.924332434311509 21.441948667168617 18.094821825623516 12.716144304722546 713.49769470561296
leaf_count=359 7244 621 567 14308 2073 1580 26225 2346 867 1446 2452 114 62 284 75 90 152 179 100 11999 233 758 9747 151 3959 395 600 145 100 13773
internal_value=0.000110477 -0.00418817 0.000971744 -0.00265517 0.00217805 0.00241285 0.00141238 0.0200944 0.00876755 0.00184937 0.0145902 -0.00164556 0.0193126 0.0307345 0.0497105 0.0163354 0.00947851 0.0302428 -0.00702594 0.00107295 -0.00364067 -0.00322711 -0.00583148 -0.0064674 0.00242259 -0.00280452 -0.0212566 0.0108137 0.0273615 -0.00418081
internal_weight=6266.65 1044.97 5221.68 1302.19 3919.49 3880.91 3353.8 59.48 527.103 241.343 285.76 851.996 44.3374 36.316 24.1158 63.9152 55.3515 24.6096 30.7418 3294.32 1238.28 1224.14 838.493 12.2002 385.644 807.659 38.5809 73.7353 30.811 733.923
internal_count=103004 22964 80040 29885 50155 48988 42150 3926 6838 3519 3319 15720 686 624 359 880 790 331 459 38224 29005 28772 24055 265 4717 15034 1167 640 245 14394
is_linear=0
shrinkage=0.05


Tree=94
num_leaves=28
num_cat=0
split_feature=7 28 3 32 32 7 2 6 13 3 29 32 31 13 7 13 32 29 13 18 6 10 6 9 18 30 13
split_gain=11.1955 8.35424 9.03799 9.80275 14.0658 8.3919 11.5516 10.4609 9.37697 8.50663 7.32666 10.1446 11.9992 7.25073 7.18499 9.15809 6.87675 12.3707 6.84539 6.51011 6.61717 6.36171 5.98468 11.0946 6.02383 3.28514 0.854222
threshold=35.45000000000001 4.5000000000000009 61.95000000000001 73.450000000000017 67.050000000000011 51.150000000000013 54.250000000000007 79.850000000000009 53.650000000000013 40.750000000000007 52.250000000000007 69.050000000000011 1.5000000000000002 51.550000000000004 63.45000000000001 48.050000000000004 71.050000000000011 56.250000000000007 55.050000000000004 16.500000000000004 91.050000000000011 65.000000000000014 70.850000000000009 49.250000000000007 15.500000000000002 499.00000000000006 46.550000000000004
decision_type=2 2 2 8 10 2 2 2 2 2 2 10 10 2 2 2 10 2 2 2 2 2 2 2 2 2 2
left_child=26 5 14 4 13 6 19 9 -9 -8 11 12 -7 -4 16 -16 18 -18 -3 20 -2 -21 23 -12 -24 -17 -1
right_child=1 2 3 -5 -6 10 7 8 -10 -11 22 -13 -14 -15 15 25 17 -19 -20 21 -22 -23 24 -25 -26 -27 -28
leaf_value=0 -0.0027369968647649469 -0.010186684673169943 0.025199572166369467 -0.03027577969706334 0.068749352054196924 0.0098053481787854068 -0.013767436318960255 0.028052519258629616 -0.0019038142251108663 0.0035624910312730493 0.010703473333502101 -0.0080368073244854229 0.056248501965970747 -0.023859447435531301 0.062787679690036208 -0.010946850170333195 -0.016831300062271716 0.0088251001447875229 0.0040797469185706522 -0.015909579706403047 0.034813873025716958 0.025947538669305617 0.0088616673687049296 -0.00094149279408971785 0.00069882087644348263 0.024922042559532037 -0.050294783005570332
leaf_weight=1.0517144964542229 1520.9664888177067 619.39055933384225 20.792273214552552 9.3853528983890993 13.210938116535543 33.903382423333824 80.148730074986815 75.983431482221931 39.305136011447757 598.47990363650024 237.6312379995361 26.459069777280092 23.935413088649511 11.606646410189567 8.2880275100469571 16.458986990153793 65.114509840495884 167.64857542701066 96.68972417479381 143.70464833127335 11.706005459651349 9.5144999176263791 574.45222394075245 1462.3025304037146 374.90387585386634 10.233214548788963 11.736495537916197
leaf_count=111 34665 17240 540 75 130 911 1058 817 397 6864 2877 188 552 237 132 194 683 1450 1992 4267 222 115 5353 16232 4528 99 1075
internal_value=0.000103116 0.000199873 -0.00389337 0.0157927 0.0254274 0.00101651 -0.00108819 0.00388144 0.0178034 0.00150666 0.00292761 0.0174403 0.0291751 0.00745139 -0.00500039 0.0171869 -0.00582535 0.00162221 -0.00825306 -0.00343154 -0.00244468 -0.0132625 0.00246331 0.000683933 0.00564381 0.00265958 -0.0464483
internal_weight=6265 6252.22 1038.82 54.9952 45.6099 5213.4 2479.81 793.917 115.289 678.629 2733.59 84.2979 57.8388 32.3989 983.824 34.9802 948.843 232.763 716.08 1685.89 1532.67 153.219 2649.29 1699.93 949.356 26.6922 12.7882
internal_count=103004 101818 22772 982 907 79046 48405 9136 1214 7922 30641 1651 1463 777 21790 425 21365 2133 19232 39269 34887 4382 28990 19109 9881 293 1186
is_linear=0
shrinkage=0.05


Tree=95
num_leaves=31
num_cat=0
split_feature=32 18 29 4 33 32 4 13 28 9 8 15 4 33 15 15 1 9 8 33 32 13 31 13 30 32 17 4 31 31
split_gain=11.1151 8.55367 9.69562 10.7602 9.57326 17.4122 15.3619 13.4708 10.097 10.0667 8.93663 8.53351 8.03225 11.3376 7.93272 12.7668 7.93958 7.51378 10.0613 7.20533 12.0413 7.26635 6.97797 8.09936 7.58322 6.65646 6.51901 5.56517 4.74282 4.20893
threshold=40.95000000000001 11.500000000000002 52.250000000000007 37.750000000000007 58.650000000000013 43.650000000000013 82.65000000000002 51.850000000000001 4.5000000000000009 51.250000000000007 49.850000000000001 55.250000000000007 86.050000000000011 57.850000000000001 57.050000000000004 58.050000000000004 56.350000000000001 55.050000000000004 53.850000000000001 54.45000000000001 54.650000000000013 44.550000000000004 -3.4999999999999996 40.95000000000001 423.00000000000006 73.050000000000011 2450.0000000000005 81.050000000000011 2.5000000000000004 11.500000000000002
decision_type=8 2 2 2 8 10 2 2 2 2 2 2 2 8 2 2 2 2 2 10 10 2 10 2 2 8 2 2 8 8
left_child=14 2 11 -4 5 6 9 8 -7 -3 -8 12 13 -2 29 -16 27 22 28 20 -5 -21 24 -24 -6 -20 -9 -17 -19 -1
right_child=1 4 3 19 17 7 10 26 -10 -11 -12 -13 -14 -15 15 16 -18 18 25 21 -22 -23 23 -25 -26 -27 -28 -29 -30 -31
leaf_value=-0.027213967178039845 0.033261853528610448 0.0062559301235502272 -0.028697873801622493 -0.0055060425532654084 -0.016875974976359533 0.0026158584891760135 0.015031586037045139 -0.010443606297259345 -0.0091098400617026024 0.09222876220145465 0.14445285758538112 -0.0088209841650927056 -0.0019154020614756903 0.11953040014600509 0.10359503333594851 -0.025638967207849223 0.086962227321862234 -0.017890405189365098 0.013432195449351337 -0.02302818048871659 0.015556169043646234 0.002521162010624768 0.029019080689711568 -0.000288403473647837 0.0060607635420346258 -0.040032838773167691 0.02959461592983988 0.057467946608046216 -0.053964381117560717 -0.00099529875638821631
leaf_weight=72.894194322405383 10.79630997381174 32.970292083220556 25.205745339393616 90.780400555580854 37.338001977652311 686.85332930018194 2.1579947425052515 655.37886277888902 250.38475972600281 3.725282803643494 3.9698850871063769 9.1390794161707145 5.8349468968808642 6.1017534583806983 3.1098205773159888 15.551986448466783 2.0409033102914682 24.849897473119199 32.405888949520886 28.751967273652554 264.60154926078394 766.11201425362378 23.722085386514664 2262.0770084857941 899.85123099014163 6.9726394824683657 10.169671332929282 2.187728331424295 15.063333653844891 19.885068327654153
leaf_count=5553 335 2318 517 3222 410 19344 108 20919 8542 185 171 127 63 41 152 829 56 391 518 219 4139 5481 215 19475 7888 85 279 95 229 1193
internal_value=0.000210039 0.000499509 0.00427301 0.00352895 -0.000420312 -0.00353647 0.027876 -0.00438056 -0.000511985 0.0153466 0.100652 0.0314607 0.0478413 0.0652268 -0.0151377 0.0110424 -0.00370471 0.0011311 -0.0140588 0.00424193 0.0101618 0.00158792 0.00150677 1.48193e-05 0.00513992 0.00376122 -0.00981995 -0.014845 -0.0317306 -0.0216556
internal_weight=6270.88 6155.21 1207.32 1175.45 4947.89 1645.61 42.8235 1602.79 937.238 36.6956 6.12788 31.8721 22.733 16.8981 115.67 22.8904 19.7806 3302.28 79.2918 1150.25 355.382 794.864 3222.99 2285.8 937.189 39.3785 665.549 17.7397 39.9132 92.7793
internal_count=103099 95221 14144 13578 81077 51866 2782 49084 27886 2503 279 566 439 376 7878 1132 980 29211 1223 13061 7361 5700 27988 19690 8298 603 21198 924 620 6746
is_linear=0
shrinkage=0.05


Tree=96
num_leaves=31
num_cat=0
split_feature=32 30 7 13 29 30 4 33 4 17 13 1 15 4 4 8 13 28 15 5 7 5 27 12 12 5 15 5 27 27
split_gain=10.1872 7.40735 13.0761 12.8616 9.55814 9.82595 15.2539 15.102 9.11374 8.15611 15.3128 9.45294 8.04983 16.2255 7.73838 7.44915 13.1673 8.0551 7.34323 12.0255 14.8808 8.93294 7.61499 7.31685 7.88062 6.43348 5.33123 5.26067 6.59702 5.21202
threshold=40.95000000000001 441.00000000000006 43.750000000000007 42.350000000000001 52.250000000000007 467.00000000000006 95.950000000000017 56.650000000000013 44.350000000000001 2250.0000000000005 55.45000000000001 59.750000000000007 66.050000000000011 83.65000000000002 50.850000000000001 28.050000000000004 47.550000000000004 5.5000000000000009 57.050000000000004 42.850000000000001 51.850000000000001 52.250000000000007 7.5000000000000009 75.350000000000009 94.550000000000011 44.750000000000007 58.150000000000013 59.45000000000001 3.5000000000000004 4.5000000000000009
decision_type=8 2 2 2 2 2 2 8 2 2 2 2 2 2 2 2 2 2 2 2 2 2 2 2 2 2 2 2 2 2
left_child=18 2 3 -2 5 6 7 -3 -4 15 11 -11 14 -14 -10 16 -6 -17 21 20 29 -1 27 -7 -25 -12 -21 28 -23 -20
right_child=1 4 8 -5 9 23 -8 -9 12 10 25 -13 13 -15 -16 17 -18 -19 19 26 -22 22 -24 24 -26 -27 -28 -29 -30 -31
leaf_value=-0.029530525187741713 0.088380189156888167 0.0070415119458570527 -0.026112419208549981 -0.026802369818213975 0.019864065159149905 -0.019080047497452967 -0.037898170409333388 0.054425784859156515 0.010085718390044802 -0.00032279489192712775 0.054469187249673548 0.032380170368262767 -0.0020081974591763 0.054506813619803807 -0.0052091006981153836 9.463233752448564e-05 -0.00010262621090263451 -0.009912298197150839 0.075666903618867326 0.052682465226009834 0.17601004518315211 -0.028009708396177242 0.081470735244300818 0.049636235977400883 -0.00097607550273768749 0.018948420915059532 -0.021607404634737773 -0.038063042534102823 0.050240024805122234 -0.04583033537628238
leaf_weight=70.207900961395353 2.3863018723204723 30.304571721237153 36.449797760229558 78.597817143192515 129.32765286648646 28.997499923687428 8.1966913333162648 38.539577135816216 102.11322768265381 299.34588100668043 15.200572839472441 23.735256757587194 36.000451271422207 19.384453857317567 430.48296583537012 4318.0689018084668 226.70699874078855 210.78082486754283 1.4756023604422837 2.7559268511831787 2.095255337189883 4.4993950785137766 2.8965157968923441 11.016778403893111 24.347709813620895 85.807102312333882 14.90248638531193 7.0289319497533134 6.2660183245316148 1.8834819013718513
leaf_count=5967 121 1281 1288 3183 3067 672 71 367 2000 4380 277 168 568 199 8046 58548 3864 5658 112 108 115 199 114 215 418 830 645 187 279 152
internal_value=0.000197744 0.000472927 -0.00434643 -0.0232419 0.00109766 0.0139248 0.025961 0.0336806 -0.00188449 0.000754812 0.00740553 0.00207354 -0.000369877 0.0177443 -0.00226594 0.000176256 0.00713967 -0.000370213 -0.0146037 0.0103821 0.0746631 -0.0210162 0.00763704 -0.000422721 0.0147452 0.024392 -0.00950015 -0.00449011 0.0171186 0.00674089
internal_weight=6269.8 6155.79 705.415 80.9841 5450.38 141.403 77.0408 68.8441 624.431 5308.97 424.089 323.081 587.981 55.3849 532.596 4884.88 356.035 4528.85 114.012 23.1128 5.45434 90.8988 20.6909 64.362 35.3645 101.008 17.6584 17.7943 10.7654 3.35908
internal_count=103099 95221 15405 3304 79816 3024 1719 1648 12101 76792 5655 4548 10813 767 10046 71137 6931 64206 7878 1132 379 6746 779 1305 633 1107 753 665 478 264
is_linear=0
shrinkage=0.05


Tree=97
num_leaves=31
num_cat=0
split_feature=3 18 2 2 33 2 7 13 13 9 3 2 15 1 12 12 12 12 31 1 19 2 7 13 18 15 6 17 15 7
split_gain=9.3064 8.62545 10.4979 8.57222 8.23361 8.68664 8.92247 7.98398 11.5335 7.76203 9.41289 7.49749 9.75623 10.2345 8.8574 7.25419 10.7002 8.14687 6.78267 6.21348 7.63605 10.3034 6.60943 5.93435 7.25716 5.91287 5.80846 5.3788 7.71431 5.18313
threshold=47.45000000000001 14.500000000000002 65.850000000000009 64.450000000000017 58.650000000000013 63.150000000000013 70.350000000000009 63.050000000000004 63.350000000000001 51.050000000000004 44.750000000000007 56.95000000000001 55.650000000000013 63.150000000000013 54.750000000000007 91.050000000000011 85.050000000000011 92.750000000000014 -3.4999999999999996 51.050000000000004 1.0000000180025095e-35 50.650000000000013 58.550000000000004 69.65000000000002 15.500000000000002 59.850000000000001 65.050000000000011 2350.0000000000005 50.050000000000004 40.95000000000001
decision_type=2 2 2 2 10 2 2 2 2 2 2 2 2 2 2 2 2 2 10 2 2 2 2 2 2 2 2 2 2 2
left_child=1 3 4 -1 9 6 -6 11 -9 26 -11 12 15 18 27 16 -2 -17 -14 23 22 -22 -21 25 -25 -10 -3 28 -13 -16
right_child=7 2 -4 -5 5 -7 -8 8 19 10 -12 14 13 -15 29 17 -18 -19 -20 20 21 -23 -24 24 -26 -27 -28 -29 -30 -31
leaf_value=0.00034825988691595237 -0.0030885379157025491 -0.0083005433865948278 0.041852919766855963 0.041205548628840398 -0.0024962740497696287 -0.032387512654567893 0.037650992366210209 0.061253449887935185 -0.0076158689083404675 0.023942529095462427 -0.01688644921618845 0.0065511245463611076 0.0092914960718364324 0.053064548215962917 0.033547652099306165 0.030309150507527818 -0.021356431569530345 0.0010633306418459791 0.00025213033959507438 0.033811890989174496 -0.02324337693324291 0.024298374444066129 -0.0094007804488686463 0.042772583421181239 -0.014800993160282503 -0.060986684329931533 -0.021172141775765884 0.021418122811118594 -0.018777901370855124 0.006199864554714129
leaf_weight=1041.6430317731574 1228.8110358715057 192.04029128351249 11.521566847339271 12.903379244729875 702.4952954845503 23.757510401308537 14.006543003022669 11.082741047255693 27.409658663440496 31.357379607157782 25.403461098670959 46.102210223674774 325.38586611696519 10.464037198573349 17.68818536028266 24.703531587729231 85.806592273060232 612.77537126652896 575.90458475751802 53.465697132516652 23.303146411664784 22.113039978314191 10.349592907354234 11.396462231408806 10.20457786740735 6.4092915481887749 164.41599553241394 15.219110989943145 84.82080453587696 846.60402595018968
leaf_count=15923 24221 7121 89 84 6747 180 78 132 536 1080 860 630 4611 67 340 449 1675 11897 7980 623 299 263 77 179 177 73 6864 137 1109 8598
internal_value=0.000185996 -0.00241523 -0.00538114 0.000856788 -0.00586086 -0.00269522 -0.00169933 0.00161281 0.0120364 -0.0115178 0.00558392 0.00113842 -0.000166441 0.00410159 0.00484135 -0.00216256 -0.00428624 0.00220908 0.00352176 0.00865802 0.0155828 0 0.0267217 -0.00490408 0.0154009 -0.018028 -0.0142559 -0.00652241 -0.00982238 0.00676915
internal_weight=6269.56 2219.54 1165 1054.55 1153.48 740.259 716.502 4050.02 175.734 413.217 56.7608 3874.29 2863.85 911.754 1010.43 1952.1 1314.62 637.479 901.29 164.651 109.231 45.4162 63.8153 55.42 21.601 33.819 356.456 146.142 130.923 864.292
internal_count=103099 39026 23019 16007 22930 7005 6825 64073 2359 15925 1940 61714 50900 12658 10814 38242 25896 12346 12591 2227 1262 562 700 965 356 609 13985 1876 1739 8938
is_linear=0
shrinkage=0.05


Tree=98
num_leaves=31
num_cat=0
split_feature=3 18 2 2 33 2 9 13 13 5 13 27 5 30 30 29 30 28 9 3 2 2 5 3 31 3 6 3 12 5
split_gain=8.40722 7.8404 9.32164 7.60402 7.58113 8.02308 7.3204 7.37429 9.91117 7.47022 9.81735 7.32726 12.4609 11.3604 8.54559 8.14771 7.21653 7.21843 7.13287 8.40013 7.01349 7.00814 6.97506 6.8044 6.28808 5.84674 5.46351 5.43848 4.74876 5.88248
threshold=47.45000000000001 14.500000000000002 65.850000000000009 64.450000000000017 58.650000000000013 63.150000000000013 43.150000000000013 63.050000000000004 63.350000000000001 62.45000000000001 67.350000000000009 7.5000000000000009 74.450000000000017 415.00000000000006 409.00000000000006 54.250000000000007 421.00000000000006 7.5000000000000009 51.050000000000004 44.750000000000007 46.45000000000001 52.45000000000001 39.250000000000007 37.550000000000004 4.5000000000000009 46.350000000000001 65.050000000000011 61.050000000000004 65.850000000000009 54.650000000000013
decision_type=2 2 2 2 10 2 2 2 2 2 2 2 2 2 2 2 2 2 2 2 2 2 2 2 8 2 2 2 2 2
left_child=1 3 4 16 18 23 20 11 -9 21 -11 14 13 -13 24 -16 28 25 26 -20 -2 -10 -22 -6 -8 -18 -3 -24 29 -1
right_child=6 2 -4 -5 5 -7 7 8 9 10 -12 12 -14 -15 15 -17 17 -19 19 -21 22 -23 27 -25 -26 -27 -28 -29 -30 -31
leaf_value=-0.032767366731008385 0.051634823670621721 -0.007946737220075625 0.038852611251210853 0.038496606241826048 0.01262836859534606 -0.031384549258801749 -0.035860757319302272 0.056673647290583475 -0.0036488086395887707 0.0067070086217491179 0.057513425448529325 0.070306178914489134 0.055637372009165312 0.0049404699594737273 0.0068761876492691209 -0.00014377577413455899 -0.00017522528155035984 -0.040028017808985711 0.022246874946538733 -0.016298230511045411 0.035333529886065848 0.025167577286603911 -0.036633516860686659 -0.0032893040628665057 0.0098704028352853967 0.010233147287701421 -0.020518917290884259 0.014780361338017196 -0.047726782517985331 0.025281603659301873
leaf_weight=9.679880503797909 3.2706702095456412 190.60285505210049 11.791193719953297 13.121976055204867 74.817309096455574 23.3057582937181 26.982946960022673 11.431074261665342 97.813625442562625 23.775013154372573 16.076535923406482 6.6895796637982121 13.137104567140339 355.71646711044014 480.74904048582539 2935.3422822982538 841.38141389121301 10.474968491122125 32.049134646775201 25.017899767961353 4.4926343772094688 26.746215129038319 35.555146651342511 640.70435210689902 10.141674449667333 160.39635373232886 161.25273014255799 5.8037825352512291 12.245613784529267 7.7197288535535327
leaf_count=343 140 7121 89 84 732 180 897 130 1590 161 108 174 71 5348 9871 43361 12629 233 1080 860 188 332 1188 6093 364 2321 6864 150 298 99
internal_value=0.000175439 -0.00230105 -0.00513926 0.000813801 -0.00559891 -0.00256628 0.00152961 0.00176626 0.0117788 0.00859444 0.0274207 0.00130482 0.00793766 0.0061799 0.000581828 0.000842858 0.000330765 0.00104868 -0.011064 0.00526248 -0.0176261 0.00251393 -0.022777 -0.00161638 -0.0232407 0.00148714 -0.0137269 -0.0292799 -0.023936 -0.00672962
internal_weight=6268.28 2214.56 1159.54 1055.02 1147.75 738.827 4053.72 4004.6 175.842 164.411 39.8515 3828.76 375.543 362.406 3453.22 3416.09 1041.9 1012.25 408.923 57.067 49.1222 124.56 45.8516 715.522 37.1246 1001.78 351.856 41.3589 29.6452 17.3996
internal_count=103099 39026 23019 16007 22930 7005 64073 62407 2321 2191 269 60086 5593 5522 54493 53232 15923 15183 15925 1940 1666 1922 1526 6825 1261 14950 13985 1338 740 442
is_linear=0
shrinkage=0.05


Tree=99
num_leaves=31
num_cat=0
split_feature=4 3 4 18 2 3 7 6 5 7 31 2 17 13 13 33 3 31 26 5 33 0 33 5 33 33 5 6 0 31
split_gain=8.77492 9.09962 8.832 8.23887 8.86857 8.5001 8.1348 9.75441 8.72416 7.3369 8.71438 9.03589 7.79607 13.8202 6.89298 8.05839 8.64613 7.32582 6.81618 6.5789 6.27137 6.21843 5.73544 12.9232 7.4848 4.38679 4.69092 6.87523 3.29233 4.856
threshold=42.750000000000007 43.45000000000001 40.650000000000013 8.5000000000000018 60.350000000000001 67.15000000000002 54.150000000000013 75.350000000000009 51.250000000000007 43.750000000000007 4.5000000000000009 52.750000000000007 2550.0000000000005 55.45000000000001 44.050000000000004 34.150000000000013 45.650000000000013 12.500000000000002 1.0000000180025095e-35 64.850000000000009 69.450000000000017 29.750000000000004 52.050000000000004 46.45000000000001 72.850000000000009 72.850000000000009 44.050000000000004 72.850000000000009 52.250000000000007 -1.4999999999999998
decision_type=2 2 2 2 2 2 2 2 2 2 8 2 2 2 2 8 2 8 2 2 8 2 8 2 8 10 2 2 2 8
left_child=1 28 14 4 6 9 22 8 -8 10 11 -5 18 -14 17 21 -17 20 -11 -12 -3 -16 23 -2 -24 26 27 -4 -1 -30
right_child=3 2 25 5 -6 -7 7 -9 -10 12 19 -13 13 -15 15 16 -18 -19 -20 -21 -22 -23 24 -25 -26 -27 -28 -29 29 -31
leaf_value=-0.028154857081852242 -0.0033471317301254581 0.01949044283561005 0.044302134886445591 -0.0080439637183363881 0.055798497279371639 0.047234154218182479 -0.043113779222663628 0.032347043252763545 -0.00015081121143367145 0.00088833717798162889 -0.019226728678232604 0.0061057330465948871 0.0030914378747780892 0.033345285891334446 0.061156854600495449 0.037228386795836357 -0.0021260940392535607 0.070479873665881418 -0.0077252652150090126 0.01357963286490836 -0.047839233290880079 -0.034620575744950415 0.0016860485549579718 0.07400289828385527 0.040043598929031275 0.023492153438021995 -0.032453276393665936 -0.049107789194296148 -0.039259436050518626 0.013106109231359846
leaf_weight=59.082884806441143 9.2842323197983223 25.662394733168188 5.079576460644601 244.2577113029547 10.538860812783239 9.5432376340031606 17.501779768615961 14.085968652740119 36.668605072423816 4639.4635859834962 132.23640681477264 209.25697579747066 158.62689258856699 49.640722054988146 1.690604285569864 14.991990832146255 184.4383646142669 6.1174916406162074 241.46706940652803 17.021956187672913 3.8673139186576 25.280425463104621 52.285558260045946 12.396714335773138 16.842107547447085 4.77984894812107 42.37976581742987 3.0552443228662014 6.5300205671228468 13.089888948481532
leaf_count=2222 361 851 239 7948 62 115 202 104 227 65883 4724 4266 2089 489 192 345 4031 127 3621 196 42 2392 440 260 129 26 907 135 151 323
internal_value=0.000165436 -0.00703604 -0.00324023 0.000652187 0.0115095 0.000328138 0.00851054 -0.00446996 -0.0141776 0.000247788 -0.00496657 -0.0015042 0.000866453 0.010339 0.000575485 -0.00262547 0.000824459 0.0209956 0.000461035 -0.0154453 0.0103723 -0.0282286 0.0183165 0.0407872 0.011148 -0.0213821 -0.0257651 0.00844211 -0.0222544 -0.00417967
internal_weight=6267.16 396.046 317.343 5871.12 169.604 5701.51 159.065 68.2564 54.1704 5691.97 602.773 453.515 5089.2 208.268 262.049 226.401 199.43 35.6472 4880.93 149.258 29.5297 26.971 90.8086 21.6809 69.1277 55.2944 50.5146 8.13482 78.7028 19.6199
internal_count=103099 11983 9287 91116 1785 89331 1723 533 429 89216 17134 12214 72082 2578 7980 6960 4376 1020 69504 4920 893 2584 1190 621 569 1307 1281 374 2696 474
is_linear=0
shrinkage=0.05


Tree=100
num_leaves=31
num_cat=0
split_feature=7 5 9 0 29 33 32 29 28 2 7 4 14 31 0 12 32 7 33 7 28 5 14 3 12 6 2 15 2 2
split_gain=9.67496 7.96418 9.81243 7.53798 7.52862 10.7644 7.38918 6.99029 8.1039 7.71687 6.95703 8.2037 7.6369 6.33408 7.02851 5.30191 6.46322 5.22128 6.46873 10.8146 8.37682 5.98002 7.48567 5.17281 5.06837 4.27428 3.26875 2.64303 1.93448 1.82252
threshold=35.95000000000001 73.050000000000011 50.050000000000004 45.850000000000001 52.250000000000007 78.15000000000002 73.65000000000002 59.750000000000007 4.5000000000000009 48.150000000000013 50.45000000000001 64.950000000000017 44.650000000000013 -1.4999999999999998 51.250000000000007 81.250000000000014 74.65000000000002 41.150000000000013 75.65000000000002 57.650000000000013 4.5000000000000009 40.250000000000007 49.95000000000001 53.45000000000001 60.95000000000001 60.850000000000001 53.650000000000013 36.750000000000007 43.250000000000007 57.45000000000001
decision_type=2 2 2 2 2 8 10 2 2 2 2 2 2 8 2 2 8 2 8 2 2 2 2 2 2 2 2 2 2 2
left_child=28 3 10 17 5 6 -5 8 -6 -9 23 25 -13 14 -4 24 -17 21 20 -20 -19 22 -2 26 -15 -12 -3 -23 -1 -30
right_child=1 2 13 4 7 -7 -8 9 -10 -11 11 12 -14 15 -16 16 -18 18 19 -21 -22 27 -24 -25 -26 -27 -28 -29 29 -31
leaf_value=0.016591770917646725 0.1500124055810248 -0.030250931309804021 0.008889617222121015 0.010821023771987535 0.00074927098964032944 0.058142101026620485 -0.019052006532191915 0.036903548601030262 -0.0046612702071867481 0.0056577499636385926 0.060798743476351995 0.039304445584692919 0.002745735123651206 0.0072069205171994893 -0.030096995469208028 0.0358583310856916 -0.0030495396891696007 -0.0029608197508925894 -0.0091328565566091754 -0.057175200087382076 0.03819299842390908 0.021198582309431599 -0.0047281331878729384 0.020618688632268855 -0.022673707002421439 0.025924917880539345 0.0043061135163789087 -0.037278511509859572 -0.047187226463500716 0.0065758846319380077
leaf_weight=1.3794188650790626 0.89409861946478386 13.622548067942263 18.184154696762562 169.68354246579111 4171.3304541716352 10.891496831551192 23.377775974571705 24.427295658737421 829.56176558881998 105.18268986139446 18.238648777827621 20.574346430599689 47.382890328764915 40.950364680960774 30.706016371026635 25.399002745747566 17.951370019465685 426.95330324396491 81.396106474101543 13.691060647368429 12.622978248167781 1.9069300573319221 3.3730997880920768 19.534808209165931 21.512375827878714 18.750974141061306 13.173487175256012 26.76827379828319 14.59131215256639 1.5609033447690297
leaf_count=148 77 109 113 4656 56229 83 175 295 19465 1107 114 116 248 242 188 165 91 13540 1078 88 635 55 414 126 132 112 95 1505 1236 44
internal_value=0.000243612 0.000349448 0.00821356 -5.75373e-05 0.000524517 0.00994351 0.00716983 0.000148922 -0.00014732 0.011609 0.0172649 0.0243857 0.013929 -0.00061053 -0.0155058 0.00623263 0.0196616 -0.00553571 -0.00433144 -0.0161555 -0.00175925 -0.0248577 0.0292421 0.0010097 -0.00302394 0.0433727 -0.0131232 -0.0331558 -0.0367393 -0.0416756
internal_weight=6225.57 6208.04 305.981 5902.06 5334.46 203.953 193.061 5130.5 5000.89 129.61 151.278 104.947 67.9572 154.703 48.8902 105.813 43.3504 567.606 534.663 95.0872 439.576 32.9424 4.2672 46.3308 62.4627 36.9896 26.796 28.6752 17.5316 16.1522
internal_count=102681 101253 1851 99402 82010 4914 4831 77096 75694 1402 920 590 364 931 301 630 256 17392 15341 1166 14175 2051 491 330 374 226 204 1560 1428 1280
is_linear=0
shrinkage=0.05


Tree=101
num_leaves=31
num_cat=0
split_feature=11 12 5 5 31 1 2 18 13 13 5 33 5 1 4 1 6 14 1 14 4 12 4 5 5 13 13 33 2 33
split_gain=9.63626 8.61528 9.36412 15.4993 12.8886 8.56295 8.03271 8.00203 8.28614 7.93943 11.8913 13.0701 7.94113 7.76659 11.345 7.46613 7.40011 7.70439 7.1495 6.7809 6.24161 6.2223 6.16631 6.09757 5.88314 5.86713 5.72275 5.60804 4.06442 5.06505
threshold=46.550000000000004 98.850000000000009 38.850000000000001 39.050000000000004 2.5000000000000004 63.45000000000001 52.150000000000013 14.500000000000002 60.45000000000001 52.150000000000013 44.350000000000001 66.65000000000002 49.350000000000001 42.550000000000004 40.050000000000004 56.850000000000001 79.050000000000011 50.350000000000001 63.550000000000004 69.750000000000014 95.050000000000011 50.600000000000009 69.950000000000017 68.850000000000009 78.15000000000002 67.65000000000002 62.750000000000007 75.350000000000009 43.550000000000004 73.550000000000011
decision_type=2 2 2 2 8 2 2 2 2 2 2 8 2 2 2 2 2 2 2 2 2 2 2 2 2 2 2 10 2 10
left_child=6 2 25 4 22 24 -1 8 13 10 11 -9 -12 14 -3 26 17 -11 21 -15 -18 -8 -4 27 -5 28 -10 -23 -2 -30
right_child=1 7 3 5 -6 -7 18 9 15 16 12 -13 -14 19 -16 -17 20 -19 -20 -21 -22 23 -24 -25 -26 -27 -28 -29 29 -31
leaf_value=-0.018893617505737217 -0.043201043827705669 0.11466160676591722 0.040467603734831485 -0.00059083448600701701 -0.019976498278740658 0.025733317900754778 -0.036576950347034488 0.015649396484321919 0.039507859321392891 0.0011000011817275592 -0.013115455419571051 0.080368740883879589 0.0050970745568747616 0.0069599298359944925 0.017422545791957733 0.066485892972049127 -0.028429313905298254 -0.018436235654110875 0.045757467630648321 -0.011657076747096153 0.021738567704885744 0.00012324478390743427 0.13858688591153728 -0.02903643688564125 0.017868766556886528 0.049140738631762493 -0.008484572334796955 0.04441556128319301 -0.012766188983224498 0.030815122642882428
leaf_weight=116.0516543504782 10.439078768948091 3.7968167837243554 3.0784785542637092 4011.3492383689154 3.2647996717132628 31.508680468425155 13.307473442517219 64.182687479769811 12.413748337887229 339.37467548321001 73.286666226107627 8.8689002674072963 322.94422210939229 638.41356105846353 14.069006779231129 10.530500262975691 45.949348784750327 59.114088045665994 7.4625200591981402 52.691744949202985 6.9744410607963792 119.0965247140266 4.0495320470072329 16.922330483794212 43.520100302062929 3.7663283264264455 12.007614002563058 7.518950641155242 162.71177534805611 6.7955882996320716
leaf_count=2846 645 179 125 62972 140 232 249 2606 155 4962 2075 86 4632 8384 485 89 774 798 48 747 64 1918 106 102 255 115 139 38 6669 46
internal_value=0.000230635 0.000658665 -0.000527286 -3.07039e-05 0.0606586 -0.000187758 -0.00882504 0.00371113 0.00756795 0.000588904 0.00514694 0.0236742 0.00171342 0.00638481 0.0388891 0.0313376 -0.00413859 -0.00178947 -0.00167596 0.0055318 -0.0216952 -0.00399236 0.0980486 -0.000913252 -0.000391042 -0.0115678 0.0157684 0.00282594 -0.0128928 -0.0109724
internal_weight=6225.46 5945.1 4280.48 4096.77 10.3928 4086.38 280.359 1664.62 743.923 920.695 469.282 73.0516 396.231 708.971 17.8658 34.9519 451.413 398.489 164.308 691.105 52.9238 156.845 7.12801 143.538 4054.87 183.713 24.4214 126.615 179.946 169.507
internal_count=102681 97480 71305 63830 371 63459 5201 26175 10178 15997 9399 2692 6707 9795 664 383 6598 5760 2355 9131 838 2307 231 2058 63227 7475 294 1956 7360 6715
is_linear=0
shrinkage=0.05


Tree=102
num_leaves=25
num_cat=0
split_feature=7 11 13 33 32 29 26 13 12 16 33 15 32 16 10 29 16 1 15 15 3 13 32 21
split_gain=9.0153 8.60997 8.0257 11.2901 9.7552 14.6819 9.51069 9.48589 9.17878 10.7682 10.7621 9.12133 8.11847 7.99752 7.29611 6.82787 6.59021 5.8293 6.12379 7.7447 4.8474 2.14798 1.59943 0.770299
threshold=35.95000000000001 46.550000000000004 51.650000000000013 59.850000000000001 59.250000000000007 57.250000000000007 1.0000000180025095e-35 78.250000000000014 69.550000000000011 55.250000000000007 69.250000000000014 56.050000000000004 35.150000000000013 57.350000000000001 77.500000000000014 56.750000000000007 49.95000000000001 63.850000000000001 52.150000000000013 52.750000000000007 47.650000000000013 62.550000000000004 74.65000000000002 1.0000000180025095e-35
decision_type=2 2 2 8 8 2 2 2 2 2 10 2 8 2 2 2 2 2 2 2 2 2 10 2
left_child=21 16 8 7 5 -5 -6 11 10 12 14 -4 -10 -11 -3 -12 -2 18 20 -20 -18 22 23 -1
right_child=1 2 3 4 6 -7 -8 -9 9 13 15 -13 -14 -15 -16 -17 17 -19 19 -21 -22 -23 -24 -25
leaf_value=-0.050235791508681418 0.036357548730704868 0.0011455800542525159 -0.0092591276001261266 0.025370631280293848 0.00076170216164708499 -0.015868780308784369 -0.018924709361821859 0.044149337380148396 -0.034702867405769965 0.076063070893683096 -0.0038453088952397556 0.0016307121657745394 0.0053053344592053466 0.012363509140183521 0.026749100210357802 -0.021681021851984564 -0.0055359570969575637 0.030672078084411764 0.045718773651053687 -0.0061422245270768587 -0.025381972811836625 0.023411248887632227 0.0016600093718695673 -0.0010719786257514211
leaf_weight=12.882379131391644 7.8851471361704162 1071.1996635054238 661.98022224963643 86.613166470080614 2035.6375653464347 28.500237859785557 63.152415718883276 9.3664082153700274 12.665861504850907 9.1508478750474769 162.01203145086765 269.93621312594041 1400.5310844704509 11.12592000607401 28.496467424556613 80.866129994392395 48.71093116234988 8.5281843021512014 7.5566210695542386 117.39574314840138 87.284750920254737 1.232135981786995 1.7018277924507845 1.0762200136668987
leaf_count=1264 150 22296 21910 1115 15541 510 486 171 919 189 1012 6241 24777 204 241 527 1105 58 153 1852 1796 80 33 51
internal_value=0.000218004 0.000318338 0.000721818 -0.00100222 0.000946118 0.0151121 0.000166084 -0.00558965 0.00268308 0.00546553 -0.000284216 -0.00609961 0.00494079 0.0415885 0.00181596 -0.00981076 -0.00828902 -0.00962697 -0.0109744 -0.00293184 -0.0183196 -0.0361489 -0.0412711 -0.0468355
internal_weight=6225.49 6208.6 5931.23 3155.19 2213.9 115.113 2098.79 941.283 2776.05 1433.47 1342.57 931.916 1413.2 20.2768 1099.7 242.878 277.361 269.476 260.948 124.952 135.996 16.8926 15.6604 13.9586
internal_count=102681 101253 96139 45974 17652 1625 16027 28322 50165 26089 24076 28151 25696 393 22537 1539 5114 4964 4906 2005 2901 1428 1348 1315
is_linear=0
shrinkage=0.05


Tree=103
num_leaves=31
num_cat=0
split_feature=11 2 12 5 5 31 17 1 18 29 8 5 5 4 5 12 9 2 8 2 1 32 32 33 32 4 2 33 8 12
split_gain=7.96105 7.38143 7.36826 8.47238 13.2719 10.4045 8.33038 7.67319 7.12986 7.15781 7.12293 9.00844 8.60272 11.6897 6.9665 9.6947 8.16868 8.06387 6.84868 6.66218 9.56821 6.53178 6.49312 6.70656 6.81185 6.36262 7.9397 7.32018 6.30134 5.86155
threshold=46.550000000000004 52.150000000000013 98.850000000000009 38.850000000000001 39.050000000000004 2.5000000000000004 1750.0000000000002 63.45000000000001 14.500000000000002 55.750000000000007 42.050000000000004 44.95000000000001 48.750000000000007 76.050000000000011 44.350000000000001 99.250000000000014 74.250000000000014 51.150000000000013 49.95000000000001 49.95000000000001 45.550000000000004 88.550000000000011 82.550000000000011 53.650000000000013 60.95000000000001 99.950000000000017 57.650000000000013 54.050000000000004 25.650000000000002 78.15000000000002
decision_type=2 2 2 2 2 8 2 2 2 2 2 2 2 2 2 2 2 2 2 2 2 8 8 10 10 2 2 10 2 2
left_child=1 10 3 -2 5 6 -5 18 9 19 11 -1 -13 -14 16 -16 17 -10 -6 -4 -21 -17 23 28 -25 27 -27 -11 -3 -12
right_child=2 22 8 4 7 -7 -8 -9 14 25 29 12 13 -15 15 21 -18 -19 -20 20 -22 -23 -24 24 -26 26 -28 -29 -30 -31
leaf_value=-0.050398777908898865 -0.0110717348927808 0.043851016052052445 -0.0037202721133108626 0.13847130719632431 -0.0036622081837829092 -0.019349057319160885 0.032154223989281881 0.024207915803509294 -0.0083296311747888922 0.011240477295306299 -0.013472637356642718 0.086659084646856135 -0.022201608865118166 0.066934021954900155 0.05544264771369211 -0.0023655724862781443 0.085438009887403812 0.017634277864706931 0.00090606988615336457 0.066817908094178577 0.015191458834831712 0.043161737685602886 -0.046858594952593757 -0.024001279395463895 0.011145806268766888 0.00057712347588484154 0.052866671991244375 -0.0022177279617795953 -0.025540906575650141 -0.040026339747663162
leaf_weight=5.7252610095310983 181.59716227068566 3.5118021969683459 44.150744100101292 3.7832925100810808 1141.7909215062391 3.2058709918055683 3.947071781847626 31.878745525144041 44.890034414594993 148.08324882364832 49.809655393473804 3.8220420689322081 12.159249595599251 5.1442031918559215 7.3385938853025428 770.72820084611885 3.4947058344259849 88.033865015022457 2911.9503559723962 9.3777722874656302 201.45566236553714 7.8503964096307746 7.347080171108245 15.697944138199089 105.14891083911061 15.198441200889649 14.154578518122433 316.37906007096171 31.415381689555943 36.820652416907251
leaf_count=328 7475 120 1097 117 20164 140 114 232 2130 3797 1098 136 279 98 103 11380 84 2200 43063 260 2138 100 49 219 898 134 83 2669 1069 907
internal_value=0.000205877 -0.00808333 0.00059224 -0.000506514 -3.66867e-05 0.0547188 0.085929 -0.000185814 0.00340794 0.00703271 -0.0178734 0.00445758 0.0197273 0.00424287 0.000459294 -0.00134588 0.010889 0.00882869 -0.000379472 0.0138409 0.0175421 -0.00189462 -0.00123511 0.00091332 0.00652281 0.00350507 0.0260558 0.00206385 -0.0183158 -0.0248496
internal_weight=6225.89 276.602 5949.29 4278.15 4096.56 10.9362 7.73036 4085.62 1671.14 748.8 113.481 26.8508 21.1255 17.3035 922.336 785.917 136.419 132.924 4053.74 254.984 210.833 778.579 163.121 155.774 120.847 493.815 29.353 464.462 34.9272 86.6303
internal_count=102681 5201 97480 71305 63830 371 231 63459 26175 10178 2846 841 513 377 15997 11583 4414 4330 63227 3495 2398 11480 2355 2306 1117 6683 217 6466 1189 2005
is_linear=0
shrinkage=0.05


Tree=104
num_leaves=21
num_cat=0
split_feature=7 30 11 2 33 33 5 17 30 10 30 33 33 4 33 28 33 27 6 4
split_gain=8.59244 8.24164 7.13338 6.55075 7.5084 7.36391 6.54737 7.38108 8.58507 6.28318 5.52258 9.13671 8.02894 5.25761 3.93356 3.48698 4.65106 2.9808 0.422913 1.02325
threshold=34.850000000000001 399.00000000000006 46.550000000000004 50.050000000000004 53.650000000000013 42.650000000000013 72.250000000000014 1950.0000000000002 475.00000000000006 55.000000000000007 457.00000000000006 71.450000000000017 70.250000000000014 86.250000000000014 67.65000000000002 3.5000000000000004 57.050000000000004 7.5000000000000009 74.950000000000017 64.950000000000017
decision_type=2 2 2 2 8 10 2 2 2 2 2 10 10 2 10 2 8 2 2 2
left_child=-1 14 3 15 5 -5 10 13 -9 -6 11 -4 -12 -8 17 16 -3 18 -2 -20
right_child=1 2 6 4 9 -7 7 8 -10 -11 12 -13 -14 -15 -16 -17 -18 -19 19 -21
leaf_value=-0.049899537592771215 -0.051462537106283915 0.0013267103330694468 -0.0042975965193321362 0.0060770266957942114 0.008235413896320893 -0.035614451596208081 -0.00034535045082387104 0.045515332272072523 0.0079105532398132741 -0.015960765307704825 0.0025447213837584189 0.0056724592022659379 -0.0025395041024236596 0.014618311666156509 0.012079114881206362 -0.051436319738913362 -0.025729169184371927 0.003270109192996932 0 -0.048752806424874277
leaf_weight=8.4474905540700984 12.564311203314 24.147480131825432 1162.4697294845246 16.32760073733516 116.84321957174689 28.980552764609456 205.11867880634964 25.066867955960333 39.405655290931463 34.643859097734094 3081.7853985079564 285.94637480005622 1037.1005157586187 81.79178181104362 4.7494202926754943 7.9298044899478546 44.431268310174346 3.5082822344265869 2.0289105360861859 2.7394256505649537
leaf_count=856 602 1203 27796 882 1167 785 1304 152 232 277 57747 1789 6218 445 41 322 465 146 131 121
internal_value=0.000194261 0.000263926 0.000381972 -0.00751243 -0.00265278 -0.0204998 0.000747473 0.00736661 0.0226565 0.00266208 0.00032868 -0.0023256 0.00126331 0.00390664 -0.0279948 -0.0199274 -0.0161416 -0.0373801 -0.0458664 -0.0293396
internal_weight=6226.03 6217.58 6191.99 273.304 196.795 45.3082 5918.69 351.383 64.4725 151.487 5567.3 1448.42 4118.89 286.91 25.5903 76.5086 68.5787 20.8409 17.3326 4.76834
internal_count=102681 101825 100784 5101 3111 1667 95683 2133 384 1444 93550 29585 63965 1749 1041 1990 1668 1000 854 252
is_linear=0
shrinkage=0.05


Tree=105
num_leaves=31
num_cat=0
split_feature=6 6 33 3 27 8 23 33 9 3 7 18 1 33 0 2 28 9 2 1 32 31 6 9 6 33 10 15 32 2
split_gain=9.30236 8.338 8.86617 9.86712 8.15223 20.9762 11.3006 15.466 12.371 10.4063 10.8436 8.8174 11.2231 8.77605 7.95036 7.64188 7.55367 7.45521 10.6591 7.31968 7.11571 7.07469 9.80927 13.4009 10.0837 7.21784 7.1858 6.79323 6.74924 6.32542
threshold=83.550000000000011 85.850000000000009 70.050000000000011 54.850000000000001 7.5000000000000009 17.450000000000003 1.0000000180025095e-35 36.850000000000001 50.250000000000007 47.550000000000004 56.550000000000004 15.500000000000002 60.250000000000007 77.350000000000009 56.95000000000001 66.450000000000017 3.5000000000000004 51.050000000000004 52.750000000000007 63.45000000000001 68.450000000000017 16.500000000000004 65.850000000000009 75.450000000000017 63.750000000000007 69.250000000000014 65.000000000000014 62.850000000000001 82.050000000000011 53.550000000000004
decision_type=2 2 8 2 2 2 2 8 2 2 2 2 2 10 2 2 2 2 2 2 10 8 2 2 2 8 2 2 10 2
left_child=4 17 3 16 9 6 7 8 -6 10 15 12 -12 19 -13 20 27 -2 -19 28 -1 22 24 -24 -11 26 -23 -3 -7 -18
right_child=1 2 -4 -5 5 13 -8 -9 -10 21 11 14 -14 -15 -16 -17 29 18 -20 -21 -22 25 23 -25 -26 -27 -28 -29 -30 -31
leaf_value=-0.0093088842889052417 -0.024147419093191232 0.035094561597114368 -0.016941199727343075 -0.015492321252735539 0.201261954089656 0.001152068937166299 0.11559054714286615 0.010252345920302336 0.022606623927858185 -0.00055860263089298732 0.013569751834161729 0.0020302822177843166 -0.029219699849160431 0.021312709883979191 -0.023469258847612084 0.047432651665515357 -0.032633787765176579 -0.026099614478694296 0.037907411858934405 0.057192674444807162 -0.0016522794594699634 0.0078851748046706843 0.0029912572084143849 0.0592886355309723 -0.012184850009215296 -0.013094553781991897 0.032943316723672532 -0.012337448465521598 0.031581184790556452 0.010508252909763292
leaf_weight=696.41609474131837 101.23675195104443 43.84970195312053 63.713701026514173 38.732914202148095 2.0786509138997706 783.4859399755951 5.1382845002226523 16.482168583665043 1.9223311622627077 1245.3613569762092 205.60466629033908 104.31830061879009 16.398392705246806 65.546045832335949 42.963059166446328 6.61760832928121 11.600651390850542 12.851294860243799 12.912220126017926 5.9309449903666964 541.00714900624007 299.993490972789 1569.6084454723168 10.553364201448856 219.48826920124702 36.315926095470786 31.746183661743999 8.8866754479240608 18.578205769881606 30.833723361603916
leaf_count=19812 2782 969 380 746 136 13247 113 256 121 19085 2007 1313 101 339 499 50 337 335 239 41 4682 5927 24250 216 3761 238 283 134 110 606
internal_value=0.000201949 -0.00803693 -0.0015828 0.00569487 0.000654269 0.00503896 0.0495579 0.0322693 0.119288 -0.00012919 -0.00343901 0.00407603 0.0103748 0.00372195 -0.00538507 -0.00567397 0.0143774 -0.0180313 0.00580879 0.0022863 -0.00596583 0.00143392 0.000640586 0.00337414 -0.00230477 0.00798184 0.0103074 0.0269989 0.00186698 -0.0012173
internal_weight=6250.17 324.618 197.617 133.904 5925.55 899.163 25.6214 20.4832 4.00098 5026.39 1613.33 369.284 222.003 873.541 147.281 1244.04 95.1708 127 25.7635 807.995 1237.42 3413.07 3045.01 1580.16 1464.85 368.056 331.74 52.7364 802.064 42.4344
internal_count=103115 6528 3172 2792 96587 14363 626 513 257 82224 28464 3920 2108 13737 1812 24544 2046 3356 574 13398 24494 53760 47312 24466 22846 6448 6210 1103 13357 943
is_linear=0
shrinkage=0.05


Tree=106
num_leaves=31
num_cat=0
split_feature=30 32 1 2 7 2 31 2 7 5 7 7 9 9 29 9 2 9 15 15 5 2 7 7 5 20 2 0 32 15
split_gain=10.5693 8.06242 8.25829 10.4539 8.19379 7.03562 6.78184 7.51699 6.63294 7.13407 6.2379 6.18573 7.49119 7.19588 7.05148 7.97045 7.0646 6.31754 8.23819 6.41639 5.57912 5.50533 5.44701 5.55282 5.3421 5.71004 11.2962 9.64155 5.41572 4.83616
threshold=459.00000000000006 77.850000000000009 56.650000000000013 56.45000000000001 67.050000000000011 61.150000000000013 2.5000000000000004 66.450000000000017 63.45000000000001 41.850000000000001 71.350000000000009 50.95000000000001 60.850000000000001 75.050000000000011 54.250000000000007 50.850000000000001 63.550000000000004 51.750000000000007 48.750000000000007 69.350000000000009 41.750000000000007 61.850000000000001 57.850000000000001 52.150000000000013 35.150000000000013 1.0000000180025095e-35 49.95000000000001 49.350000000000001 66.850000000000009 48.650000000000013
decision_type=2 10 2 2 2 2 10 2 2 2 2 2 2 2 2 2 2 2 2 2 2 2 2 2 2 2 2 2 10 2
left_child=1 4 22 -4 5 8 7 24 9 -1 -6 17 14 -14 15 -13 -16 18 20 -20 -8 -7 23 -3 28 26 -26 -27 -2 -19
right_child=6 2 3 -5 10 21 11 -9 -10 -11 -12 12 13 -15 16 -17 -18 29 19 -21 -22 -23 -24 -25 25 27 -28 -29 -30 -31
leaf_value=-0.013286256869850389 -0.027872990373665432 0.0045282513674783295 0.040701359727706228 -0.003214390566616774 0.041594933188718854 -0.049061446537409535 -0.035107856076804986 0.03484901915861803 -0.026596968540959318 -0.0023081743163331238 -0.0033043130796581474 0.0064099920127318162 0.062048420902145185 -0.0015220276867211882 -0.0021557661275478411 0.044767970365286971 0.022766073865375276 -0.00027225969617538314 0.0029682700381060551 -0.01763662124949179 -0.0087900315891616416 -0.012016912327203009 0.023312100396614285 -0.023729386688090954 0.015913937520269966 -0.0054403034954024947 0.003275107566497828 0.0031144997404098911 0.01281616416868727 -0.035797322593593882
leaf_weight=166.68117669178173 27.453724817605689 40.075379606336355 33.798188980668783 22.220799122005701 16.981673738919202 14.600754015147684 22.697650517802685 18.058609258383512 31.802721030078828 1337.4230540043209 13.762031203135846 62.843315965030342 9.8293633898720163 7.7889260798692694 585.18717797379941 17.343140463810414 29.771424731239676 14.957162572536616 337.73628354002722 42.420480764005333 187.33246719790623 33.637265459634364 17.775666393339634 30.275032529607415 207.69022643566132 449.40431380667724 1200.3125454362016 1230.5541029120795 11.366981584578751 28.051586370915174
leaf_count=7674 1418 301 200 123 166 165 1010 125 368 25806 106 857 189 148 6570 224 210 369 6480 596 3422 308 101 197 3939 9171 16042 16072 149 609
internal_value=0.000190327 -0.00309401 0.00822085 0.0232177 -0.00410752 -0.0046068 0.00147795 0.00274964 -0.00401147 -0.00352887 0.0213887 -0.00148963 0.00169986 0.0338122 0.000874041 0.014814 -0.000937613 -0.0050875 -0.00372707 0.000651854 -0.0116733 -0.0234113 -0.00127102 -0.00757777 0.00256154 0.00279485 0.00514397 0.000822848 -0.0158281 -0.023588
internal_weight=6249.83 1759.03 144.145 56.019 1614.89 1584.14 4490.8 3144.84 1535.91 1504.1 30.7437 1345.96 712.763 17.6183 695.145 80.1865 614.959 633.196 590.187 380.157 210.03 48.238 88.1261 70.3504 3126.78 3087.96 1408 1679.96 38.8207 43.0087
internal_count=103115 35515 922 323 34593 34321 67600 46916 33848 33480 272 20684 8198 337 7861 1081 6780 12486 11508 7076 4432 473 599 498 46791 45224 19981 25243 1567 978
is_linear=0
shrinkage=0.05


Tree=107
num_leaves=31
num_cat=0
split_feature=30 33 31 1 6 2 2 7 4 33 4 31 18 33 33 31 2 6 5 33 4 30 4 2 5 2 15 4 15 15
split_gain=9.5567 7.51838 8.01029 9.66075 10.8763 8.83994 7.80452 7.69176 7.47978 7.02528 6.60762 6.11643 8.41667 9.11685 8.4118 12.1296 22.6132 23.8463 8.79552 7.72162 10.1502 10.1364 7.04263 6.87864 10.8327 6.68827 6.53848 6.12987 5.96052 8.15345
threshold=459.00000000000006 77.350000000000009 16.500000000000004 56.850000000000001 57.45000000000001 59.95000000000001 53.850000000000001 44.250000000000007 75.050000000000011 75.950000000000017 89.950000000000017 2.5000000000000004 9.5000000000000018 55.250000000000007 46.45000000000001 4.5000000000000009 55.850000000000001 62.250000000000007 43.95000000000001 41.750000000000007 50.850000000000001 535.00000000000011 87.850000000000009 60.050000000000004 65.250000000000014 66.450000000000017 69.550000000000011 84.450000000000017 63.050000000000004 55.45000000000001
decision_type=2 10 8 2 2 2 2 2 2 10 2 10 2 10 8 10 2 2 2 10 2 2 2 2 2 2 2 2 2 2
left_child=1 2 3 9 -5 -6 8 -4 -3 10 -1 12 13 22 15 16 18 -18 -13 21 -21 -17 27 24 -15 -14 -16 -2 29 -9
right_child=11 6 7 4 5 -7 -8 28 -10 -11 -12 14 25 23 26 19 17 -19 -20 20 -22 -23 -24 -25 -26 -27 -28 -29 -30 -31
leaf_value=-0.0086905958401092501 0.027068096853285002 -0.017852702470378429 -0.021847399615875465 -0.020745203315914087 0.0090990977482121645 -0.014465149711587284 0.030518488080666997 0.0059389818572960123 0.013786355425072462 -0.031679433413949347 0.0015538176558780735 -0.027106992275258535 0.0016927966483948533 -0.0067428089358505215 -0.0018100999069080065 -0.012921347092415878 0.16772665986850815 0.024129592414509852 0.027634460333113467 0.047432171974646394 -0.0015076584816435148 0.061725365607144637 -0.012508692190403466 0.035018837052134662 0.026652791916865592 0.032071160535895107 -0.015506772715821732 0.080649916534839508 -0.012696595354323506 0.032357089196870047
leaf_weight=858.05491422186606 59.131097880192101 30.981578025966883 23.278157904976979 45.355850666761398 258.16127084661275 46.820698062889278 31.863687552511692 125.86781117273495 46.648853233084083 29.235300205647945 191.75069584092125 10.699359351070596 2905.2258755213115 103.86791242472827 1080.848914958071 74.955832610372454 5.340668442193417 6.4588314574211836 22.506286195712164 17.295732291415334 26.603677014354616 4.7255171216092995 9.9785254467278701 16.663741949945688 31.566921107470989 18.153374766930938 94.862860357388854 5.9452355103567234 28.042476966045797 38.252822189126164
leaf_count=23344 1205 179 1248 568 3108 379 165 2697 255 175 2410 735 44401 734 11981 4156 174 254 983 467 842 205 126 85 160 124 887 81 369 618
internal_value=0.00017923 -0.00294955 -0.00379643 -0.00515283 0.00204955 0.00546158 0.00971849 0.00517785 0.00108846 -0.00749587 -0.00681469 0.00140153 0.00260688 0.01188 -0.00141961 0.00901482 0.0312111 0.0904078 0.00981739 0.00087234 0.0177243 -0.00835992 0.0261427 0.00479652 0.00101801 0.00188424 -0.0029207 0.0321562 0.00848729 0.0121428
internal_weight=6249.14 1754.31 1644.82 1429.38 350.338 304.982 109.494 215.441 77.6304 1079.04 1049.81 4494.83 3150.53 227.153 1344.3 168.586 45.0051 11.7995 33.2056 123.581 43.8994 79.6813 75.0549 152.099 135.435 2923.38 1175.71 65.0763 192.163 164.121
internal_count=103115 35515 34916 29984 4055 3487 599 4932 434 25929 25754 67600 46916 2391 20684 7816 2146 428 1718 5670 1309 4361 1412 979 894 44525 12868 1286 3684 3315
is_linear=0
shrinkage=0.05


Tree=108
num_leaves=31
num_cat=0
split_feature=30 32 7 1 7 7 33 10 2 7 3 2 8 13 28 13 33 32 5 5 5 3 4 5 13 9 7 32 1 6
split_gain=8.64146 7.0908 7.50506 9.12466 7.26615 6.49293 7.0765 11.7652 7.43013 6.04585 5.92023 8.02325 8.34119 7.05327 10.5512 8.89319 8.09931 6.73858 6.73764 6.54562 7.81642 6.3157 6.30692 10.3473 9.3218 5.4679 5.39433 5.34072 4.92233 10.8209
threshold=459.00000000000006 77.850000000000009 48.150000000000013 56.650000000000013 67.050000000000011 63.45000000000001 37.45000000000001 55.000000000000007 61.150000000000013 57.750000000000007 47.550000000000004 46.750000000000007 50.050000000000004 54.250000000000007 6.5000000000000009 61.250000000000007 50.45000000000001 82.550000000000011 34.750000000000007 70.350000000000009 67.15000000000002 36.050000000000004 50.050000000000004 74.950000000000017 43.650000000000013 49.350000000000001 71.350000000000009 66.050000000000011 46.150000000000013 69.950000000000017
decision_type=2 10 2 2 2 2 10 2 2 2 2 2 2 2 2 2 8 10 2 2 2 2 2 2 2 2 2 10 2 2
left_child=1 4 3 -3 5 6 7 -1 -8 -4 11 12 19 14 16 17 -13 -15 27 20 -2 -14 23 24 -20 -17 -6 -12 29 -24
right_child=10 2 9 -5 26 -7 8 -9 -10 -11 18 13 21 15 -16 25 -18 -19 22 -21 -22 -23 28 -25 -26 -27 -28 -29 -30 -31
leaf_value=-0.017072975929133521 -0.00074072858919336463 0.0054094868616148895 -0.0051952827499457364 0.059340648145872102 0.038513858814676144 -0.026202052527969394 -0.0020393689300815701 0.069273193595335805 -0.022904988851834833 0.021242117422964436 -0.03489771386854907 0.0084142813269933205 0.023201295178000351 0.0068717596663274601 -0.029781491456494232 0.014271790870064409 -0.0035562585118986407 0.040781715402149678 0.030874556608170057 -0.049926696989122339 0.066058257928447883 -0.027470102043477641 0.00081526505766233793 0.048121134399373627 0.004773734014025038 -0.016748177709576335 -0.0030243821283537815 0.0097294654067796357 0.0011466378258583518 0.029583397291751086
leaf_weight=135.02866227482446 76.284544892609119 18.31089779175818 83.214428681880236 13.956592343747614 17.401051926426593 32.94316498702392 1358.1424021879211 3.9460177952423683 44.016718870960176 29.063873283565044 20.808955844724554 173.01219968148507 6.5334004869218907 379.59967523859814 33.726592223159969 18.000498362351209 766.24573886720464 15.221959576010702 36.629365370143205 6.1866384940221897 4.5382171012461177 72.7771927844733 96.466831900877878 15.296149805188177 520.74698494095355 63.975265497807413 13.722000265493987 9.590511193033306 2134.0996342322323 49.638829422881827
leaf_count=10040 1932 153 523 89 166 386 23411 69 415 157 1055 6816 126 4890 1049 217 8326 77 840 45 38 1672 2531 93 9339 777 106 123 26072 1582
internal_value=0.000168633 -0.00281191 0.00778026 0.029002 -0.00376926 -0.0042454 -0.00377115 -0.0145373 -0.00269954 0.00161651 0.00132887 -0.00109143 -0.0114896 9.87171e-05 -0.00233907 0.00508336 -0.00134529 0.00820178 0.0026872 -0.000735383 0.00302526 -0.023209 0.00293854 0.00763177 0.00650321 -0.00986671 0.0200887 -0.0206689 0.00175736 0.0106369
internal_weight=6249.12 1749.75 144.546 32.2675 1605.2 1574.08 1541.13 138.975 1402.16 112.278 4499.38 1616.1 166.32 1449.78 972.985 476.797 939.258 394.822 2883.28 87.0094 80.8228 79.3106 2852.88 572.673 557.376 81.9758 31.1231 30.3995 2280.21 146.106
internal_count=103115 35515 922 242 34593 34321 33935 10109 23826 680 67600 25965 3813 22152 16191 5961 15142 4967 41635 2015 1970 1798 40457 10272 10179 994 272 1178 30185 4113
is_linear=0
shrinkage=0.05


Tree=109
num_leaves=31
num_cat=0
split_feature=3 7 1 33 12 33 31 7 0 27 7 7 31 15 12 4 27 9 9 32 7 33 3 9 4 4 32 3 1 7
split_gain=7.13788 8.61697 7.16459 9.88561 9.73218 7.38812 9.5969 8.60838 8.83548 6.96833 11.2348 8.89228 8.78749 8.58059 7.75769 6.86795 7.53006 6.71811 6.66717 6.58324 6.94586 6.54372 6.22472 7.59301 5.95349 13.2462 5.81933 5.70939 6.56225 5.13351
threshold=47.550000000000004 37.45000000000001 50.550000000000004 65.050000000000011 76.450000000000017 67.050000000000011 17.500000000000004 60.95000000000001 49.95000000000001 6.5000000000000009 57.850000000000001 54.350000000000001 18.500000000000004 59.850000000000001 71.950000000000017 99.950000000000017 1.5000000000000002 50.95000000000001 51.050000000000004 65.250000000000014 48.350000000000001 84.450000000000017 49.050000000000004 49.95000000000001 50.050000000000004 41.850000000000001 38.45000000000001 42.050000000000004 63.95000000000001 42.650000000000013
decision_type=2 2 2 8 2 8 10 2 2 2 2 2 8 2 2 2 2 2 2 10 2 10 2 2 2 2 10 2 2 2
left_child=1 -1 5 9 15 6 7 8 -2 11 14 13 -13 -4 -11 16 -5 -9 -12 20 -6 26 23 -7 25 -8 -3 29 -29 -28
right_child=2 21 3 4 19 22 24 17 -10 10 18 12 -14 -15 -16 -17 -18 -19 -20 -21 -22 -23 -24 -25 -26 -27 27 28 -30 -31
leaf_value=-0.038920891792365721 -0.0037341966182954144 -0.020909254432901453 -0.004595640248544126 0.017702968926033156 0.037248812151496904 0.040676607747503146 0.017249516323343161 0.027300184847932653 0.0077119643303239522 -0.01236969484982361 0.033455831569032687 -0.013195702255741768 0.033113331616248701 0.010061187802972202 0.0066037356633873922 -0.017209037626464072 -0.0014441825532084606 -0.0039820105959360334 -0.008865735324550407 0.0048174664448354413 0.0097321581126320264 0.019184433847800109 -0.0043607741015789236 -0.0077328559656240211 -0.00058911000391399229 0.1437024266727617 -0.013345639109316005 -0.0043916122734735758 0.042383734162529586 0.0020399605016696055
leaf_weight=15.688625237438826 233.05475978949107 40.674728126497939 517.25309926923364 55.913413539528847 33.136889131739736 17.72041645552963 4.8732092166319472 75.573034587781876 604.52522416878492 91.659140130039304 42.214350456371903 331.31690036598593 10.419296264648436 123.51641024788842 130.18853243859485 62.151589933782816 615.92392027005553 21.822126526385546 11.661537758074699 633.71615429036319 76.894388386979699 36.279822543263435 288.43939249031246 14.532753738109021 3.780871193856 3.6852871594019234 57.60999315418303 1204.1780714206398 7.4270206484943619 883.02259019832127
leaf_count=1061 10049 2443 12619 391 400 144 186 884 14361 2147 433 4420 179 2248 2537 372 4389 250 130 3910 615 170 2454 182 100 85 1918 20083 58 13897
internal_value=0.000159001 -0.0020969 0.00142507 -1.30253e-05 0.00275836 0.00453173 0.00675338 0.00616613 0.00452106 -0.00327183 0.0037406 -0.00524502 -0.0117599 -0.00176142 -0.00121489 -0.00132046 0.000144288 0.020243 0.0242032 0.00679003 0.0180907 -0.00183376 -0.00201543 0.0187531 0.050441 0.0733084 -0.00218463 -0.00182747 -0.00409728 0.00109102
internal_weight=6248.85 2244.88 4003.97 2735.97 1477.74 1268.01 947.315 934.975 837.58 1258.23 275.724 982.506 341.736 640.77 221.848 733.989 671.837 97.3952 53.8759 743.747 110.031 2229.19 320.693 32.2532 12.3394 8.5585 2192.91 2152.24 1211.61 940.633
internal_count=103115 39630 63485 34790 10077 28695 25915 25544 24410 24713 5247 19466 4599 14867 4684 5152 4780 1134 563 4925 1015 38569 2780 326 371 271 38399 35956 20141 15815
is_linear=0
shrinkage=0.05


Tree=110
num_leaves=30
num_cat=0
split_feature=30 18 8 9 27 33 31 13 33 27 31 15 15 31 17 32 6 30 33 33 17 6 4 9 32 9 33 0 13
split_gain=14.3702 11.6187 8.08043 8.1929 7.18699 8.07666 13.2782 9.2684 7.91086 7.63661 7.03603 8.38311 8.85287 6.96668 10.744 9.04337 6.07096 6.71293 5.68132 4.47272 4.36459 3.41383 4.29289 2.01102 1.60883 1.51992 0.96348 0.251846 0.371957
threshold=403.00000000000006 9.5000000000000018 19.650000000000002 50.550000000000004 4.5000000000000009 64.050000000000011 19.500000000000004 81.65000000000002 85.350000000000009 2.5000000000000004 1.0000000180025095e-35 36.350000000000001 41.050000000000004 3.5000000000000004 1075.0000000000002 34.350000000000001 60.350000000000001 437.00000000000006 65.450000000000017 75.050000000000011 1350.0000000000002 52.350000000000001 74.550000000000011 49.050000000000004 65.15000000000002 50.050000000000004 69.850000000000009 46.550000000000004 55.650000000000013
decision_type=2 2 2 2 2 8 10 2 10 2 10 2 2 10 2 8 2 2 10 10 2 2 2 2 8 2 10 2 2
left_child=21 2 3 -2 5 6 7 -3 13 -8 11 -4 -13 14 -6 -15 17 -7 -18 20 -12 22 24 -23 25 -1 27 28 -25
right_child=1 4 10 -5 8 16 9 -9 -10 -11 19 12 -14 15 -16 -17 18 -19 -20 -21 -22 23 -24 26 -26 -27 -28 -29 -30
leaf_value=-0.034235476596748686 0.008003635919024147 -0.0062119851853191296 0.047075029653610677 0.086192207161680079 0.022397801276551315 -0.01619362516743696 -0.0010841570197731979 0.066125269231803382 0.023756931058620867 0.072656588134660499 0.028374283677412189 -0.025627256022267782 0.012011496695863827 0.058686219746027474 0.0016330825247316749 -0.0033906642750536446 0.0072741469592637669 0.0062362259737181744 -0.004357889483728174 -0.031151748856509606 -0.0015322047228897161 0 0.043248388190137169 -0.043905117328090083 -0.052274021038462237 0.010817797841720747 -0.018657264817617182 -0.052199069305641936 0
leaf_weight=3.2993536500725869 7.2284987028688175 1230.6812333951239 15.759115128312258 6.4468748061917722 64.038352378178388 35.772696138359606 5.7506049927324048 4.3333520088344804 37.739045146852732 8.40377622656524 13.188823597040026 16.586378091946244 230.87371283629909 5.7981540262699118 2232.7901136227883 892.09362776088528 124.72434089053422 458.57709806133062 652.94115766696632 11.553600147366522 147.25224615796469 2.878115382744002 2.9225318396929643 1.3542806794866984 3.3807612685486683 3.8581125731579959 3.6976014561951152 17.640291658695787 1.0610275464132426
leaf_count=177 114 32892 152 106 1011 310 174 59 169 200 161 241 2588 423 37100 14570 1413 3378 4609 54 1695 146 63 148 58 170 29 694 75
internal_value=-0.000123272 6.90312e-05 0.00781641 0.0455846 -0.000534662 -0.00253613 -0.00539189 -0.00594879 0.00102489 0.0425492 0.00660797 0.0117473 0.00945917 0.000754053 0.00221515 -0.00297774 0.00026461 0.00460007 -0.00248518 -0.00123039 0.000911213 -0.0299245 -0.00883388 -0.0403247 -0.0240185 -0.00944688 -0.0450894 -0.0495978 -0.0272915
internal_weight=6242.62 6202.53 448.889 13.6754 5753.64 2521.18 1249.17 1235.01 3232.46 14.1544 435.214 263.219 247.46 3194.72 2296.83 897.892 1272.02 494.35 777.665 171.995 160.441 40.0921 13.4608 26.6313 10.5382 7.15747 23.7532 20.0556 2.41531
internal_count=102979 101419 5111 220 96308 43035 33325 32951 53273 374 4891 2981 2829 53104 38111 14993 9710 3688 6022 1910 1856 1560 468 1092 405 347 946 917 223
is_linear=0
shrinkage=0.05


Tree=111
num_leaves=26
num_cat=0
split_feature=30 7 28 0 19 30 7 2 0 1 14 29 30 9 2 27 0 4 23 30 12 15 15 0 2
split_gain=13.3787 6.91074 7.19925 10.9368 11.5614 7.35827 7.30561 7.25188 9.4236 7.56875 7.17271 7.35567 6.78623 6.45073 5.83141 5.59459 4.96289 2.14152 2.70902 2.57746 2.18158 1.72713 2.2599 1.08159 0.249342
threshold=403.00000000000006 35.45000000000001 3.5000000000000004 56.350000000000001 1.0000000180025095e-35 443.00000000000006 46.150000000000013 56.95000000000001 49.95000000000001 51.45000000000001 50.95000000000001 59.750000000000007 519.00000000000011 50.850000000000001 57.350000000000001 3.5000000000000004 41.050000000000004 96.850000000000009 1.0000000180025095e-35 397.00000000000006 50.600000000000009 45.550000000000004 49.750000000000007 54.250000000000007 46.45000000000001
decision_type=2 2 2 2 2 2 2 2 2 2 2 2 2 2 2 2 2 2 2 2 2 2 2 2 2
left_child=17 23 3 5 15 16 -6 10 9 -9 11 -4 -12 -7 -10 -5 -3 18 20 -20 21 -1 -23 -2 -22
right_child=1 2 7 4 6 13 -8 8 14 -11 12 -13 -14 -15 -16 -17 -18 -19 19 -21 24 22 -24 -25 -26
leaf_value=-0.050106266936310928 -0.049621389825099699 -0.034252480403626807 -0.0040969994114306687 0.0040583155817315404 0.016850496600956905 0.0026906824775400581 -0.00086780230022220201 -0.00814212044593993 0.013986810294459254 0.056952050335735138 -0.0088850328377651933 0.0092511507091830782 -0.034189116181706523 -0.002941248544740576 -0.00064932504081291031 0.019725725963508533 -0.0045940039033792821 0.012007475273032376 -0.032838482579820395 0.034015410359835886 -0.027772740976999069 0.032186333714597365 -0.023726060939301963 -0.0086483667321298734 -0.052982635901092826
leaf_weight=3.8280034239869591 7.9019004194997233 14.519174948101861 901.49043408897705 82.034919139463454 69.114745521917939 1963.2271478257608 362.31652820529416 6.5098915267735746 73.107803970575333 13.166064702905713 254.88154909363948 116.27276388555765 29.719795920886099 685.3147986466065 963.22756903851405 193.68822077987716 462.35620718379505 2.7013507680967441 2.8674664036370805 2.7033606506884098 2.4040770782157805 2.2636355373542738 7.0961727143730968 2.4699052756186575 15.211648314492775
leaf_count=168 942 1126 20534 798 1051 29930 3242 153 1162 156 5966 1477 594 9926 11916 1714 10555 33 131 83 183 134 274 177 554
internal_value=-0.000118253 6.49483e-05 0.000134398 0.00147265 0.0070876 0.00020043 0.00196231 -0.00203823 0.00103696 0.0352302 -0.00453545 -0.00256639 -0.0115561 0.00123147 0.0003796 0.0150855 -0.00551447 -0.0292458 -0.0324711 0 -0.0382569 -0.0219357 -0.009478 -0.0405175 -0.0500006
internal_weight=6240.4 6201.32 6190.95 3832.57 707.154 3125.42 431.431 2358.38 1056.01 19.676 1302.36 1017.76 284.601 2648.54 1036.34 275.723 476.875 39.0757 36.3744 5.57083 30.8035 13.1878 9.35981 10.3718 17.6157
internal_count=102979 101419 100300 58342 6805 51537 4293 41958 13387 309 28571 22011 6560 39856 13078 2512 11681 1560 1527 214 1313 576 408 1119 737
is_linear=0
shrinkage=0.05


Tree=112
num_leaves=30
num_cat=0
split_feature=30 18 31 15 33 10 16 1 5 15 6 7 3 7 2 27 14 28 5 33 5 6 15 7 30 33 0 6 0
split_gain=12.4362 10.4809 7.13626 10.0304 6.53573 16.7299 7.25397 8.57119 7.08554 7.1955 6.24968 8.25472 6.3813 6.23925 10.8006 5.83309 4.36882 4.54063 8.07789 4.41583 3.89191 3.37056 2.7847 2.00192 2.28955 1.8467 0.838514 0.556603 1.16824
threshold=403.00000000000006 9.5000000000000018 1.0000000180025095e-35 36.350000000000001 31.750000000000004 55.000000000000007 49.650000000000013 50.050000000000004 31.750000000000004 54.45000000000001 83.550000000000011 60.150000000000013 55.150000000000013 49.250000000000007 54.050000000000004 7.5000000000000009 73.050000000000011 2.5000000000000004 64.250000000000014 60.650000000000013 43.250000000000007 52.350000000000001 44.850000000000001 51.650000000000013 397.00000000000006 66.050000000000011 48.150000000000013 79.850000000000009 51.550000000000004
decision_type=2 2 8 2 8 2 2 2 2 2 2 2 2 2 2 2 2 2 2 10 2 2 2 2 2 10 2 2 2
left_child=21 2 3 -2 5 6 7 -3 9 26 12 -12 -10 14 -5 -15 17 19 -19 -4 -8 22 -1 24 -24 27 -6 -23 -29
right_child=1 4 16 13 8 -7 20 -9 10 -11 11 -13 -14 15 -16 -17 -18 18 -20 -21 -22 25 23 -25 -26 -27 -28 28 -30
leaf_value=-0.049349327596892242 0.056319182681188074 0.096875110719025881 -0.0021542689543946479 0.0069833415550671317 -0.016795913267969486 0.080280257247139761 -0.027073281926619525 -0.044724404586552885 -0.00079042205185325784 0.018053669944257191 -0.0099882836018697439 0.02029694993984768 0.0031233540086153663 0.00038625873223969878 0.048772113174705645 0.028207758487566001 0.030292116658797216 -0.0006903953679025409 -0.034404474526160113 0.018722918043242047 -0.0095320308807249395 -0.051467590897283588 -0.048658748818850427 0.025386508666628324 0.019987362417162167 -0.0118589738445928 -0.049799006783063121 0.0015977524194463741 -0.048340394629368823
leaf_weight=2.961892078164964 13.120402200613169 2.945367286913096 52.983948929701 38.548487878171727 2.9503809513989898 4.7466658633202305 51.45844944473356 1.5171620766632257 3871.3884586486965 6.0872304555959991 259.24349392740987 24.448246081359684 1424.3675652120728 113.20311835967004 26.14866246888414 22.595957933925092 12.309701988007872 102.83927336963825 21.46305769495666 47.747596941888332 85.875595724908635 15.349808648927143 2.6622527872677875 5.4748138110153377 1.966312257107347 5.3939119800925246 14.077372201718388 1.7822977474424977 2.5002507667522877
leaf_count=116 122 254 812 776 153 99 5967 114 58297 154 4680 247 19209 1044 289 207 159 1290 125 287 6698 802 157 113 82 50 436 140 100
internal_value=-0.000113793 6.06143e-05 0.00740056 0.0140309 -0.00051438 -0.0109353 -0.0140785 0.0477134 -0.000240722 -0.0278075 -0.000125124 -0.00735448 0.000261338 0.0112119 0.0239995 0.00506969 0.00140863 -0.000161881 -0.00657491 0.00770086 -0.016156 -0.0285584 -0.00741989 0.00474523 -0.0186331 -0.0393216 -0.044504 -0.0465152 -0.0268542
internal_weight=6238.16 6200.07 450.96 213.617 5749.11 146.543 141.797 4.46253 5602.56 23.115 5579.45 283.692 5295.76 200.496 64.6972 135.799 237.344 225.034 124.302 100.732 137.334 38.0915 13.0653 10.1034 4.62857 25.0263 17.0278 19.6324 4.28255
internal_count=102979 101419 5111 2438 96308 13132 13033 368 83176 743 82433 4927 77506 2316 1065 1251 2673 2514 1415 1099 12665 1560 468 352 239 1092 589 1042 240
is_linear=0
shrinkage=0.05


Tree=113
num_leaves=29
num_cat=0
split_feature=30 18 8 27 14 31 33 33 4 31 33 16 31 15 4 30 30 15 12 5 2 6 4 33 18 6 4 15
split_gain=11.5681 9.41512 6.99306 6.45351 7.42751 8.6619 7.63039 7.005 6.68435 6.34039 7.74873 5.96322 5.73095 9.43543 7.24645 5.91805 5.35944 4.41311 4.20372 4.05551 3.72273 3.25665 3.90885 1.83658 1.13273 0.571707 1.16547 0.0710515
threshold=403.00000000000006 9.5000000000000018 19.650000000000002 4.5000000000000009 74.100000000000009 19.500000000000004 64.050000000000011 85.350000000000009 51.550000000000004 3.5000000000000004 26.950000000000003 53.650000000000013 1.0000000180025095e-35 36.350000000000001 45.050000000000004 517.00000000000011 493.00000000000006 61.850000000000001 74.450000000000017 54.850000000000001 54.350000000000001 52.350000000000001 74.550000000000011 66.050000000000011 15.500000000000002 79.850000000000009 62.050000000000004 51.550000000000004
decision_type=2 2 2 2 2 10 8 10 2 10 8 2 8 2 2 2 2 2 2 2 2 2 2 10 2 2 2 2
left_child=21 2 18 4 5 6 -3 9 -7 10 -5 -11 13 -4 -15 16 -14 20 -2 -19 -6 22 24 25 -1 -23 -27 -26
right_child=1 3 12 7 17 8 -8 -9 -10 11 -12 -13 15 14 -16 -17 -18 19 -20 -21 -22 23 -24 -25 27 26 -28 -29
leaf_value=-0.0052378168760780644 0.013967605868980293 -0.0050023353260244723 0.053140923118441999 -0.023324639653501397 -0.032300984184131791 0.05397977408142101 0.00065287764655602579 0.022321839876561087 -0.0016678511784847172 -0.0021925256235485221 0.0024557031890943461 -0.029024776838129068 -0.0013962533583038383 0.041924278208483379 0.0062206993271734486 -0.028456449070123242 0.017945243152874751 0.03061958137371408 0.069554138468497215 -0.01757260814058725 -0.011309155161126098 -0.051334594955510286 0.041933191007264919 -0.011371244713565463 -0.049119693804195529 0.0023846071883079282 -0.048063666462985814 -0.024671037246967353
leaf_weight=5.306264979997648 7.3181310174986702 1161.6670388022903 12.945501365233211 29.394052766030654 35.659836851293221 12.162040426628666 1223.0199365285225 37.937251411378384 9.3248623777180892 874.4393555233255 2269.4881522958167 21.151095331879333 169.61466940911487 15.425692338962106 179.32752173068002 16.35009330837056 45.185176835395396 9.1239659488201159 6.854393694549799 8.0763897402212006 54.7901935656555 14.63831952004694 2.9552992810495189 5.3494507037103167 2.6372585103381425 1.7523960391990829 2.4245273054111749 2.0707337034400553
leaf_count=182 119 31218 115 2894 979 299 9307 169 128 14630 35217 363 1964 327 1878 168 439 169 101 82 853 802 63 50 133 114 126 90
internal_value=-0.000109367 5.67175e-05 0.0069964 -0.000489635 -0.00239025 -0.00181269 -0.00209998 0.000986942 0.0297024 0.000731315 0.00212289 -0.00283497 0.0058615 0.011888 0.00909437 0.000421957 0.0026556 -0.0152397 0.0415007 0.00773126 -0.0196669 -0.0278958 -0.00713154 -0.0387589 -0.0223768 -0.04618 -0.0261685 -0.0401431
internal_weight=6236.39 6199.26 453.021 5746.23 2513.82 2406.17 2384.69 3232.41 21.4869 3194.47 2298.88 895.59 438.849 207.699 194.753 231.15 214.8 107.65 14.1725 17.2004 90.45 37.1343 12.9696 24.1647 10.0143 18.8152 4.17692 4.70799
internal_count=102979 101419 5111 96308 43035 40952 40525 53273 427 53104 38111 14993 4891 2320 2205 2571 2403 2083 220 251 1832 1560 468 1092 405 1042 240 223
is_linear=0
shrinkage=0.05


Tree=114
num_leaves=31
num_cat=0
split_feature=18 33 10 16 6 6 33 14 12 5 15 9 9 15 4 4 33 4 10 28 9 33 12 9 12 15 2 9 33 12
split_gain=8.75753 6.52108 10.7674 6.05262 12.6598 5.88662 7.75162 13.8947 12.0726 6.3562 8.00074 5.38671 4.95967 4.8351 4.71273 4.66303 6.26862 9.26414 7.38754 4.1734 4.45846 4.22291 25.1063 10.9454 8.25875 7.05897 8.95811 7.82504 7.3629 7.03571
threshold=9.5000000000000018 34.150000000000013 55.000000000000007 49.650000000000013 58.050000000000004 83.550000000000011 35.350000000000001 60.050000000000004 91.15000000000002 31.750000000000004 54.45000000000001 55.050000000000004 42.050000000000004 51.150000000000013 84.450000000000017 95.950000000000017 67.850000000000009 78.850000000000009 55.000000000000007 5.5000000000000009 50.150000000000013 53.050000000000004 92.15000000000002 50.150000000000013 60.95000000000001 53.95000000000001 57.45000000000001 50.95000000000001 68.65000000000002 78.750000000000014
decision_type=2 8 2 2 2 2 8 2 2 2 2 2 2 2 2 2 8 2 2 2 2 10 2 2 2 2 2 2 10 2
left_child=19 2 3 4 -2 6 7 8 -3 10 -8 -11 13 -5 -14 16 18 -18 -7 21 -21 22 24 -24 -1 26 27 -23 -28 -27
right_child=1 5 -4 12 -6 15 9 -9 -10 11 -12 -13 14 -15 -16 -17 17 -19 -20 20 -22 25 23 -25 -26 29 28 -29 -30 -31
leaf_value=0.012168868589631529 0.15134790482195817 -0.013469756748622448 0.053302586098407573 0.11229604283751315 -0.0062811512642590639 -0.0072037597056304695 -0.046609918021573743 0.11979265955682368 0.057181757849156946 0.00035553729383258127 0.021725600683719915 -0.0076504708377421633 -0.016967894757418465 -0.01191378549740644 0.015228346691686327 0.012507098448444158 -0.0056168939288520677 -0.040157786115161208 0.030341032174030131 0.015041232289507198 -0.024510018966724369 0.013421107222167382 0.011474686092149886 0.071112497371473224 -0.021681489626430905 0.0055704683422080981 0.056593092494650582 -0.013785116086943959 0.011734945633420731 -0.016924498851806229
leaf_weight=52.236625974997878 1.6303083924576629 16.021115442737944 6.4256169837899497 1.4324478502385312 4.597171594388783 161.98913324554451 15.163555290782826 3.3771271421574047 9.5178794846869987 5034.3705347317737 5.771835329476743 219.14921430405229 164.21936831076164 1.4367048307321963 11.97051920974627 26.451761893928051 43.846346102654934 35.364996779710054 14.120804510079322 10.587402894627305 20.723159390501678 91.266372291371226 11.857222876511512 23.274030230008066 27.370062937261537 88.578927049413323 17.859883975237608 36.946341268718243 19.483159631490707 56.902050592936575
leaf_count=1197 130 986 132 110 353 3838 492 147 457 69034 136 4887 15173 100 867 235 325 231 165 181 354 669 239 472 618 593 127 265 91 375
internal_value=-0.000105123 -0.000633103 -0.00969883 -0.0119382 0.0359345 -0.000320856 5.24322e-05 0.0258254 0.012786 -8.84021e-05 -0.0275186 2.04777e-05 -0.0136502 0.0501085 -0.0147447 -0.00736193 -0.00944406 -0.0211324 -0.00414947 0.00655548 -0.0109716 0.00785839 0.016072 0.0512156 0.00045524 0.00480822 0.0118726 0.00553764 0.0334164 -0.00319924
internal_weight=6233.94 5776.86 191.712 185.287 6.22748 5585.14 5303.37 28.9161 25.539 5274.46 20.9354 5253.52 179.059 2.86915 176.19 281.773 255.321 79.2113 176.11 457.085 31.3106 425.775 114.738 35.1313 79.6067 311.037 165.556 128.213 37.343 145.481
internal_count=102979 97798 16865 16733 483 80933 76139 1590 1443 74549 628 73921 16250 210 16040 4794 4559 556 4003 5181 535 4646 2526 711 1815 2120 1152 934 218 968
is_linear=0
shrinkage=0.05


Tree=115
num_leaves=29
num_cat=0
split_feature=4 3 6 14 3 1 1 4 4 15 15 2 26 15 15 3 23 1 9 17 9 32 12 31 18 31 15 15
split_gain=6.12739 6.19036 8.20525 8.45123 7.3186 7.31852 9.55521 6.99157 6.70988 6.08214 6.06953 5.86831 7.79772 6.51354 5.79268 6.36046 5.45126 6.24318 4.8855 6.78712 4.5919 4.57237 4.40277 4.13797 1.64494 0.797153 0.689687 0.492094
threshold=25.050000000000004 40.350000000000001 54.95000000000001 57.95000000000001 41.45000000000001 55.050000000000004 56.750000000000007 90.250000000000014 80.050000000000011 52.050000000000004 41.250000000000007 63.350000000000001 1.0000000180025095e-35 54.650000000000013 41.95000000000001 39.650000000000013 1.0000000180025095e-35 59.250000000000007 74.050000000000011 1650.0000000000002 58.95000000000001 76.050000000000011 57.95000000000001 5.5000000000000009 11.500000000000002 -4.4999999999999991 51.150000000000013 48.550000000000004
decision_type=2 2 2 2 2 2 2 2 2 2 2 2 2 2 2 2 2 2 2 2 2 8 2 8 2 10 2 2
left_child=14 2 3 7 5 10 -7 8 -2 -8 -3 12 13 -6 -1 -16 17 -13 20 -20 22 -12 -4 -14 26 -26 -17 -22
right_child=1 4 18 -5 11 6 9 -9 -10 -11 21 16 23 -15 15 24 -18 -19 19 -21 27 -23 -24 -25 25 -27 -28 -29
leaf_value=0.026797825944186688 0.0028866796493444008 0.043153917169924109 -0.0151515770825303 0.051866798038538268 -0.00080634654602537161 0.066641091081829071 0.041449885163711855 0.029252061127873614 -0.027514077874833051 -0.011602358151120516 -0.0097131946499864012 -0.00097093947681281111 -0.014257292219765825 0.0029315401656704581 0.040310927006441719 -0.031485077375838576 0.033027525293509552 0.023303029370629037 0.069097973675758123 -0.016122498848371979 -0.023493475229555263 0.041652591755302323 -0.0045861317238591699 0.0036035917963598259 -0.022779856146654631 -0.053444587250577595 0.0031201146169458744 -0.051131103362084089
leaf_weight=4.8380232509225634 132.74867926933803 7.9481293573044232 131.79571405472234 9.0309511204250139 3204.3190245484002 13.033606812823562 9.6413876358419675 21.297004224266857 20.904698892496526 11.839516068808733 39.436013569124043 89.156242254190147 137.36188828246668 1830.6095851708669 2.5806083378847715 2.6383020500652519 22.325883770361543 37.368741841055453 4.8158072046935541 4.2507117814384401 3.7147394311614317 4.7470569014549246 401.62414813740179 41.854974953923374 3.4825713352765986 14.234371858183286 2.5158126717433333 6.1597548280842602
leaf_count=142 2597 163 2566 162 58270 169 110 196 262 111 950 758 2383 24378 115 114 182 225 108 104 108 53 7013 684 141 558 86 161
internal_value=7.37396e-06 0.000118203 -0.00418347 0.00494383 0.000700418 0.0151093 0.0329483 0.00246485 -0.00123206 0.0120594 0.00316247 0.000466414 0.000185891 0.00055172 -0.0223883 -0.0320019 0.0102527 0.00617155 -0.007233 0.0288581 -0.00784969 -0.00399991 -0.00720833 -0.0100584 -0.0405188 -0.0478592 -0.0139042 -0.041575
internal_weight=6216.27 6185.98 736.342 183.981 5449.64 86.6457 34.5145 174.95 153.653 21.4809 52.1312 5363 5214.15 5034.93 30.2897 25.4517 148.851 126.525 552.361 9.06652 543.294 44.1831 533.42 179.217 22.8711 17.7169 5.15411 9.87449
internal_count=102869 101713 13277 3217 88436 1556 390 3055 2859 221 1166 86880 85715 82648 1156 1014 1165 983 10060 212 9848 1003 9579 3067 899 699 200 269
is_linear=0
shrinkage=0.05


Tree=116
num_leaves=31
num_cat=0
split_feature=8 12 27 6 0 32 5 32 30 1 33 4 30 4 15 23 32 30 4 4 5 4 29 5 1 1 32 15 15 4
split_gain=8.49554 10.7164 11.8516 11.6319 10.1311 9.4969 8.82243 14.1222 8.33939 8.5943 12.7137 8.41236 7.06124 11.5155 9.94708 6.63511 13.3574 8.08962 7.37814 6.91895 6.05569 6.0236 5.67809 17.9708 19.3951 8.24912 7.69402 7.36713 5.36147 12.0622
threshold=26.050000000000004 69.550000000000011 7.5000000000000009 58.45000000000001 49.850000000000001 64.750000000000014 38.850000000000001 68.65000000000002 427.00000000000006 44.250000000000007 46.250000000000007 90.250000000000014 477.00000000000006 85.450000000000017 50.250000000000007 1.0000000180025095e-35 60.050000000000004 511.00000000000006 69.950000000000017 98.15000000000002 53.650000000000013 75.050000000000011 52.250000000000007 39.850000000000001 50.350000000000001 48.350000000000001 75.050000000000011 42.750000000000007 55.650000000000013 90.950000000000017
decision_type=2 2 2 2 2 8 2 10 2 2 8 2 2 2 2 2 10 2 2 2 2 2 2 2 2 2 10 2 2 2
left_child=1 15 8 -4 5 -5 7 -2 -3 10 -10 -11 21 14 -14 17 -17 19 -19 -1 -6 -9 23 24 -8 27 -27 -25 29 -24
right_child=6 2 3 4 20 -7 22 12 9 11 -12 -13 13 -15 -16 16 -18 18 -20 -21 -22 -23 28 25 -26 26 -28 -29 -30 -31
leaf_value=-0.013583188352020176 -0.017057479369156806 -0.034655692778284057 0.094596377813304766 0.0236845220992556 0.032195314766766278 0.12546605009425235 -0.00065094854480339331 -0.026640308610803562 0.062888472853831909 0.0042128230893885938 -0.030757487613620717 0.04366535856047607 0.012463383768656914 -0.015893139971193494 0.085622601211103183 -0.031754107284425841 0.047504950456650923 -0.010041290170761392 0.054939643497163584 0.047541620152074762 -0.024513940739381106 0.014907343115466744 -0.0028216031259184733 0.039633901046834528 0.13398858500000563 0.015483472613111879 -0.021475490763131488 -0.028380476553634022 0.001806288716107575 0.0049640378779458273
leaf_weight=120.60665150568821 177.94805232086219 10.185047388309611 7.7106851974967858 5.8147993753664204 9.1161353294737655 3.9288578387349853 4.8478990287985635 16.384041403420269 16.036068643676121 154.16575968684629 4.5282012298703185 14.772688567172734 9.0586576671339625 9.3890693392604572 9.9421467231586558 7.7364663602784303 16.167335158213973 7.8475115369074073 9.3821688033640367 4.6854015514254561 9.4831711696460825 18.315017578192055 2933.037190643372 4.5361326283309635 5.6696249891538173 106.13306949962862 16.041394915431738 26.551251671276987 1876.712498558918 598.63927572686225
leaf_count=2810 8770 405 161 249 245 45 214 213 903 3321 84 135 107 98 105 392 194 163 144 45 111 203 52137 149 129 2281 103 990 22708 5255
internal_value=6.04112e-06 0.00703399 0.0138929 0.040279 0.0250455 0.0660907 -0.000479416 -0.00984295 0.00908615 0.0114805 0.0419768 0.00771609 0.0104219 0.0288935 0.0512535 -0.0026542 0.021619 -0.00677268 0.0251674 -0.0112214 0.00303728 -0.00458693 -7.33079e-05 0.00909467 0.0720359 0.0046986 0.0105763 -0.0182005 -0.000352024 -0.00150037
internal_weight=6215.37 402.167 235.741 36.0536 28.343 9.74366 5813.21 241.037 199.688 189.503 20.5643 168.938 63.0889 28.3899 19.0008 166.426 23.9038 142.522 17.2297 125.292 18.5993 34.6991 5572.17 163.779 10.5175 153.262 122.174 31.0874 5408.39 3531.68
internal_count=102869 9407 5659 811 650 294 93462 9496 4848 4443 987 3456 726 310 212 3748 586 3162 307 2855 356 416 83966 3866 343 3523 2384 1139 80100 57392
is_linear=0
shrinkage=0.05


Tree=117
num_leaves=31
num_cat=0
split_feature=8 3 12 30 2 6 7 23 32 30 28 2 7 2 8 1 32 26 33 7 33 2 3 31 14 2 8 2 3 27
split_gain=7.61076 10.6261 8.70458 10.3159 9.8359 13.9178 10.2372 6.36146 11.545 6.42132 8.31973 6.79353 5.50171 5.25833 7.06894 5.0382 9.61315 4.87959 6.96849 8.24062 5.13403 5.76722 5.0138 4.8587 9.37582 5.151 4.31313 3.15399 3.14771 2.46664
threshold=26.050000000000004 65.250000000000014 69.550000000000011 427.00000000000006 51.850000000000001 58.050000000000004 44.550000000000004 1.0000000180025095e-35 60.050000000000004 511.00000000000006 4.5000000000000009 55.350000000000001 35.45000000000001 63.350000000000001 54.750000000000007 56.95000000000001 74.450000000000017 1.0000000180025095e-35 65.65000000000002 66.550000000000011 23.650000000000002 39.050000000000004 47.45000000000001 1.5000000000000002 50.050000000000004 64.550000000000011 70.050000000000011 65.050000000000011 44.350000000000001 7.5000000000000009
decision_type=2 2 2 2 2 2 2 2 10 2 2 2 2 2 2 2 10 2 8 2 8 2 2 10 2 2 2 2 2 2
left_child=1 2 7 -4 6 -6 -5 9 28 11 -11 -1 29 17 15 27 -17 20 19 -19 21 -14 -22 24 -16 -25 -20 -15 -9 -2
right_child=12 -3 3 4 5 -7 -8 8 -10 10 -12 -13 13 14 23 16 -18 18 26 -21 22 -23 -24 25 -26 -27 -28 -29 -30 -31
leaf_value=-0.0040390855309761237 -0.049716466500605128 0.082669239064162001 -0.033388679070322093 0.042618031411657646 0.052212369847206987 0.013839656377713373 -0.004170226681820135 0.020860695330025637 0.04367118607231682 0.050137471215726641 -0.019308484774964177 -0.030689380951920017 0.094419057570048787 -0.032412924706669947 0.019946296650209153 0.026992212012513513 -0.0239881975785745 -0.0049230507379278386 -0.012747286310659946 0.054814505675886131 -0.002318690371186859 -0.025004470482155677 0.00086621469342007583 0.050166001426784783 -0.027662299104321081 0.015154523344240568 -0.041813451350341306 0.0024116548401750689 -0.050430067892934763 0.021068668824420517
leaf_weight=90.380665287142619 7.8348415659274888 4.4541621454991391 11.765031762421129 13.477344573242588 31.7314163451083 94.660168874077499 83.504724866244942 1.9710549633018697 16.701580595225096 10.191768637159841 7.2216197350062421 32.726455426309258 0.93441889318637805 18.206875726580623 36.414171908050776 24.226509503088892 14.746986605226992 131.7511107227765 37.277298200875521 5.9305233042687169 1907.8047594644595 29.37624303647317 3505.1594931143336 17.752822641283274 14.275667248293756 27.309980103746057 20.063833331689239 9.6659490875899774 5.4246613974682987 1.2905566187109796
leaf_count=2207 903 81 463 679 556 1803 2101 104 194 141 165 629 127 206 264 195 80 2854 295 58 32022 3316 52323 140 105 178 152 88 284 156
internal_value=4.17142e-06 0.0066381 0.00575798 0.0119337 0.0143571 0.0235466 0.00231751 -0.00303494 0.0205948 -0.00713444 0.0211058 -0.0111835 -0.000456605 -0.000394369 0.0084653 -0.00394874 0.007562 -0.0006509 -0.008421 -0.0022757 -0.000371443 -0.0208601 -0.000255407 0.017179 0.00641188 0.0291388 -0.0230598 -0.020192 -0.0307383 -0.0390439
internal_weight=6214.23 404.211 399.756 235.139 223.374 126.392 96.9821 164.618 24.0973 140.521 17.4134 123.107 5810.02 5800.9 162.599 66.8463 38.9735 5638.3 195.023 137.682 5443.27 30.3107 5412.96 95.7526 50.6898 45.0628 57.3411 27.8728 7.39572 9.1254
internal_count=102869 9407 9326 5602 5139 2359 2780 3724 582 3142 306 2836 93462 92403 1256 569 275 91147 3359 2912 87788 3443 84345 687 369 318 447 294 388 1059
is_linear=0
shrinkage=0.05


Tree=118
num_leaves=31
num_cat=0
split_feature=8 3 5 15 5 11 4 7 3 6 0 30 5 13 0 19 5 13 28 0 30 14 31 6 0 0 2 0 8 4
split_gain=6.8166 9.0631 8.01132 9.84931 7.21 11.8857 13.5609 9.22832 8.27873 7.28613 7.26445 6.38847 6.22372 5.44367 5.99078 8.24623 7.70689 6.30955 5.0115 12.2738 9.51932 4.8716 14.1437 9.63653 9.05481 6.29443 6.96308 3.58978 3.51968 3.69806
threshold=26.050000000000004 63.750000000000007 38.850000000000001 47.250000000000007 49.250000000000007 49.900000000000006 58.350000000000001 57.250000000000007 39.650000000000013 53.050000000000004 62.150000000000013 477.00000000000006 46.050000000000004 83.15000000000002 45.850000000000001 1.0000000180025095e-35 70.950000000000017 54.750000000000007 3.5000000000000004 55.45000000000001 563.00000000000011 30.250000000000004 3.5000000000000004 64.950000000000017 53.250000000000007 60.350000000000001 53.850000000000001 63.050000000000004 45.050000000000004 94.550000000000011
decision_type=2 2 2 2 2 2 2 2 2 2 2 2 2 2 2 2 2 2 2 2 2 2 10 2 2 2 2 2 2 2
left_child=1 4 3 28 5 6 -1 9 -6 -7 11 -10 -9 14 15 17 -17 -4 19 -16 -20 22 24 -24 -5 26 -23 -27 -2 -30
right_child=2 -3 13 21 8 7 -8 12 10 -11 -12 -13 -14 -15 18 16 -18 -19 20 -21 -22 25 23 -25 -26 27 -28 -29 29 -31
leaf_value=0.17535306587261476 -0.048605109240425132 0.060683186963990658 -0.018221102446182334 0.02520226652710221 -0.027800832925053989 0.036137164574714956 0.025098933643505628 0.062872626528564762 -0.0064583424229133811 -0.00038386833183114187 0.05056253975311608 0.0099034834012317382 0.002354030738246931 0.034111595707836811 -0.00024162106615182525 0.00086765877509683859 0.043498865280054477 -0.0041468609509000718 -0.0017606395547143873 0.0069126478809131064 0.059496659234052923 -0.0033430668289045305 0.12075147754413279 0.024616001607425369 -0.032155830469480881 0.042251263398207659 -0.029375806705750997 -0.010891307120693458 -0.023899836994203286 0.024295887540186835
leaf_weight=2.3045451946090898 13.92134102876298 7.4276404483243814 134.72731180198025 11.915678526973354 23.381509472383186 16.037424537818879 4.3726919929031283 12.905987758189442 119.35829769237898 87.177965378854424 7.7671794015914193 118.82871648669243 6.581574077717959 11.536639483645557 2258.0484514990821 146.1113054122543 11.356676954776047 197.71596245409455 1987.7724867311772 815.49526221537963 6.2582262447103849 83.503667415119708 3.9317700152751049 8.1009171139448863 15.885840584523974 9.107358990237115 37.370845457073301 4.6027446351945391 46.003772936528549 4.1744997166097155
leaf_count=117 680 134 4042 505 387 592 179 309 2083 3687 81 1715 123 119 30598 4306 77 5026 32051 7664 83 3810 160 306 483 211 1016 108 2150 67
internal_value=2.64847e-06 0.00626495 -0.000434538 -0.00940604 0.0052237 0.0149213 0.0795168 0.0113035 0.000542931 0.00527179 0.00326794 0.00168413 0.0428052 -4.92333e-05 -0.000121659 -0.00540152 0.00399963 -0.00986944 0.000387885 0.00165514 -0.0015629 -0.00320839 0.0120824 0.0571774 -0.00739084 -0.00777688 -0.0114506 0.0240986 -0.026161 -0.0197505
internal_weight=6213.68 406.144 5807.54 238.518 398.716 129.38 6.67724 122.703 269.336 103.215 245.954 238.187 19.4876 5569.02 5557.49 489.911 157.468 332.443 5067.57 3073.54 1994.03 174.419 39.8342 12.0327 27.8015 134.585 120.875 13.7101 64.0996 50.1783
internal_count=102869 9407 93462 9496 9273 5007 296 4711 4266 4279 3879 3798 432 83966 83847 13451 4383 9068 70396 38262 32134 6599 1454 466 988 5145 4826 319 2897 2217
is_linear=0
shrinkage=0.05


Tree=119
num_leaves=31
num_cat=0
split_feature=30 31 8 8 12 8 27 0 32 12 6 0 16 12 8 15 16 8 32 13 29 8 32 13 32 0 13 15 30 32
split_gain=6.38382 10.8916 10.3867 10.0314 9.08638 7.1616 10.0726 10.1679 10.0048 6.81082 10.6031 6.56643 7.19756 6.15939 6.14249 9.52965 10.8058 16.0492 7.47191 11.1163 6.57755 8.45405 9.13981 7.52187 10.8529 6.93851 6.66416 5.82706 5.65836 6.21213
threshold=437.00000000000006 -2.4999999999999996 82.350000000000009 84.15000000000002 61.250000000000007 26.450000000000003 7.5000000000000009 46.45000000000001 56.850000000000001 78.15000000000002 59.050000000000004 50.650000000000013 49.45000000000001 76.750000000000014 45.350000000000001 56.050000000000004 54.650000000000013 37.95000000000001 58.050000000000004 49.750000000000007 53.500000000000007 59.850000000000001 51.850000000000001 60.45000000000001 66.050000000000011 56.45000000000001 55.750000000000007 51.750000000000007 477.00000000000006 72.050000000000011
decision_type=2 8 2 2 2 2 2 2 8 2 2 2 2 2 2 2 2 2 10 2 2 2 10 2 8 2 2 2 2 10
left_child=1 -1 11 -4 27 6 28 8 -8 -9 -11 -3 -13 -14 15 16 -7 -18 19 -17 23 26 -23 25 -25 -16 -22 -5 -2 -30
right_child=5 2 3 4 -6 14 7 9 -10 10 -12 12 13 -15 20 18 17 -19 -20 -21 21 22 -24 24 -26 -27 -28 -29 29 -31
leaf_value=-0.016351255597263675 -0.0034168315822371898 -0.011370485984898877 0.074482073601508034 0.075455856807712163 -0.010591230802487495 -0.0074177495307625298 0.00033272861241141581 -0.0045676655130775295 0.10103698797394695 0.089694428471206566 0.014470865515132254 0.055685246081855932 0.0091654682008742022 -0.0077294434807363838 0.0026685287212822538 -0.0010806728115332598 0.079936430502162953 -0.018606859916419562 0.00015855639100964127 0.041959368372473015 0.00083666391994083236 -0.01600228201250186 -0.0011608324835175518 0.021451781815633581 -0.0400045691340946 0.018821707777022897 0.007332828583197214 0 0.0052580366312633478 0.029679654397106587
leaf_weight=155.04007319908123 151.45059001492336 150.50316654494964 7.8070060731843105 6.6728426662739384 18.388419812778011 726.99857888696715 3.7699431031942341 21.849414443597198 7.6300003663636753 6.208197568543258 19.332922085188329 6.0067153475247315 106.62764300755225 108.89749468001537 134.40650174487382 30.811725307255983 8.6533528626896459 7.6436998927965751 285.06048667011783 28.728699244558811 1418.5891876290552 110.08106598188169 1800.6855314408895 11.694368295837196 18.048792650923133 133.13839462026954 548.15802181861363 4.2791879130527377 143.27530112327076 31.986171180382371
leaf_count=4084 3564 4960 180 164 361 13451 229 375 118 94 382 100 2062 2173 3714 975 181 131 3004 850 22175 4950 20990 349 147 1758 7629 98 3406 215
internal_value=1.30572e-06 -0.00506859 -0.000778395 0.0243795 0.0106705 0.000508725 0.00708611 0.0261344 0.0684615 0.0157245 0.0332287 -0.00330971 0.00214668 0.000606232 2.58431e-05 -0.00331928 -0.00650772 0.0335808 0.00354349 0.0196382 0.000898793 0.000347814 -0.00201927 0.00806584 -0.0156828 0.0107295 0.00265005 0.0465941 0.00363621 0.00975801
internal_weight=6212.42 564.223 409.182 37.1475 29.3405 5648.2 385.503 58.7905 11.3999 47.3905 25.5411 372.035 221.532 215.525 5262.7 1087.9 743.296 16.2971 344.601 59.5404 4174.8 3877.51 1910.77 297.288 29.7432 267.545 1966.75 10.952 326.712 175.261
internal_count=102869 14182 10098 803 623 88687 8383 1198 347 851 476 9295 4335 4235 80304 18592 13763 312 4829 1825 61712 55744 25940 5968 496 5472 29804 262 7185 3621
is_linear=0
shrinkage=0.05


Tree=120
num_leaves=31
num_cat=0
split_feature=30 3 3 30 8 13 2 0 2 7 12 16 0 9 32 13 18 13 17 0 8 7 13 18 7 1 2 13 6 3
split_gain=8.94745 8.27605 9.51484 8.09178 7.76669 8.75177 7.89613 7.50554 8.80036 12.7195 7.44942 7.38714 11.0292 7.02576 6.95969 6.94073 5.77491 6.48692 5.65809 5.58101 9.50728 6.84946 7.05331 5.84801 5.44383 5.14446 6.53747 4.78895 4.59143 4.27802
threshold=441.00000000000006 55.150000000000013 55.050000000000004 515.00000000000011 69.65000000000002 46.45000000000001 46.250000000000007 53.250000000000007 41.250000000000007 53.050000000000004 60.95000000000001 47.550000000000004 51.650000000000013 46.050000000000004 73.450000000000017 73.850000000000009 9.5000000000000018 45.050000000000004 1250.0000000000002 56.650000000000013 71.050000000000011 43.850000000000001 42.050000000000004 17.500000000000004 44.550000000000004 50.850000000000001 54.650000000000013 52.350000000000001 77.050000000000011 37.750000000000007
decision_type=2 2 2 2 2 2 2 2 2 2 2 2 2 2 8 2 2 2 2 2 2 2 2 2 2 2 2 2 2 2
left_child=11 2 13 7 5 -5 -7 8 9 -3 -10 12 -1 -2 27 19 17 -15 -16 21 29 22 -13 -22 -23 -6 -27 -9 -18 -21
right_child=1 3 -4 4 25 6 -8 14 10 -11 -12 15 -14 16 18 -17 28 -19 -20 20 23 24 -24 -25 -26 26 -28 -29 -30 -31
leaf_value=-0.016244706181121053 -0.019655563729895353 0.064842576194073215 -0.016131423343169832 -0.014272531168931974 0.025223839329606382 0.067130818691628125 0.021299273378726537 0.0050415529730317874 0.0036274066531872687 -0.031380278242073283 -0.0069214772686795661 0.062810191334682006 0.09939697340981149 -0.021563283862783087 0.013650335978725885 0.046633988564944613 -0.001447098612723817 0.0086307134083653935 -0.0075019787203853775 0.031142545670727058 0.026186369229427044 0.023251704288408323 -0.02838776478514728 -0.018005596568454751 -0.0082315927402095545 -0.044174025011355054 0.0035820346537906939 0.015347719175913162 0.0034058306160055819 -0.0078961223524660045
leaf_weight=3.9535551969893268 46.411076315212995 11.082467613276092 97.672032871516421 15.170624714810399 10.463164891581981 10.568284439621491 91.42783040064387 265.08993437187746 306.85217578755692 4.8054517535492769 367.00972596555948 2.0745998120401046 4.021477026399225 18.849967782851309 41.662023205310106 6.0695017355028531 2997.5803959392942 272.95810304838233 129.16419984027743 7.2370344703085712 43.863387375604361 14.028043397702275 59.066082406789064 8.8097075317054969 415.08073857962154 11.731409785803409 17.711211799643934 198.9119313613046 581.52992663602345 143.65304678305984
leaf_count=128 1660 368 1477 290 148 164 1094 4258 4762 86 6377 126 74 296 260 101 48589 2979 759 130 591 538 3229 133 9759 121 146 2354 9551 2450
internal_value=-0.000226617 0.000453958 -0.000723605 0.00364815 0.014381 0.0208729 0.0261582 0.00237064 -0.00123409 0.0354121 -0.00211066 -0.00551779 0.0419582 -0.000337758 0.00629469 -0.00607183 -0.000104351 0.00665642 -0.00230902 -0.00654677 0.000388972 -0.00943634 -0.0251141 0.0186803 -0.00718554 -0.00455927 -0.0153622 0.00947281 -0.00065713 -0.00597124
internal_weight=6204.51 5496.65 4015 1481.65 157.073 117.167 101.996 1324.58 689.75 15.8879 673.862 707.857 7.97503 3917.33 634.828 699.882 3870.92 291.808 170.826 693.813 203.563 490.249 61.1407 52.6731 429.109 39.9058 29.4426 464.002 3579.11 150.89
internal_count=102998 85739 64552 21187 1963 1548 1258 19224 11593 454 11139 17259 202 63075 7631 17057 61415 3275 1019 16956 3304 13652 3355 724 10297 415 267 6612 58140 2580
is_linear=0
shrinkage=0.05


Tree=121
num_leaves=31
num_cat=0
split_feature=28 20 17 8 13 7 13 12 0 3 15 15 6 28 28 3 0 9 12 9 8 8 13 22 6 0 7 18 13 8
split_gain=10.3707 5.66924 6.82479 7.52551 6.59791 7.33272 7.3997 7.59022 6.16595 6.1055 6.02713 8.44691 5.88009 5.41301 4.96264 4.74374 6.34714 10.0775 9.9627 7.92301 7.54419 10.6602 6.81898 6.65516 6.06128 5.64689 6.47865 5.5796 6.40127 9.99244
threshold=5.5000000000000009 1.0000000180025095e-35 1350.0000000000002 75.950000000000017 54.750000000000007 41.050000000000004 48.150000000000013 84.850000000000009 53.250000000000007 48.250000000000007 43.250000000000007 48.650000000000013 52.550000000000004 6.5000000000000009 6.5000000000000009 58.45000000000001 60.150000000000013 50.050000000000004 58.45000000000001 48.95000000000001 45.050000000000004 49.850000000000001 46.45000000000001 1.0000000180025095e-35 68.450000000000017 56.95000000000001 56.45000000000001 9.5000000000000018 43.95000000000001 85.65000000000002
decision_type=2 2 2 2 2 2 2 2 2 2 2 2 2 2 2 2 2 2 2 2 2 2 2 2 2 2 2 2 2 2
left_child=15 2 10 9 5 6 -3 -8 -6 -4 -2 -12 -11 -13 -7 27 19 23 -19 20 22 -22 -17 -18 -20 -21 -27 -1 29 -29
right_child=1 4 3 -5 8 14 7 -9 -10 12 11 13 -14 -15 -16 16 17 18 24 25 21 -23 -24 -25 -26 26 -28 28 -30 -31
leaf_value=0.0056592141138461748 -0.024461370958226088 -0.047310069080050948 -0.015168495544274969 -0.036807685634161501 0.05686034806482955 -0.017656342842970726 0.10053834595974492 -0.010452406035244171 -0.0088473820441116319 -0.034018880994169658 0.082405313810903366 0.027228360187589923 0.0062139032810467855 -0.026905565234116781 -0.042284401104561838 0.044240780077510047 0.028820395967640345 0.077742790847820042 0.044943561142566778 0.0025071913022585942 0.089129156349074867 0.018709148886591056 -0.018456567424221037 -0.012361176403635283 -0.0011931114949310007 -0.0019287778653230316 -0.028072801773224909 0.0063900284874948135 -0.0011507997147290722 0.083621765792326677
leaf_weight=365.46912670298479 7.0953263638075432 2.4466438002418709 76.786682140082121 19.382170193362981 5.3598359369207165 80.184530861442909 3.4901331840083003 2.5365585586987436 9.9856086038053018 9.777970770141108 5.402630488388243 17.695378398057077 109.94716084445827 6.0649001086130729 28.243730411399156 5.2819290775805738 14.294185687322168 10.260775527916847 12.919515358284118 566.40268661081791 5.8840607767924658 59.471142668742687 21.853157196193933 30.667364412918687 15.247125376947222 81.286637102486566 33.637173770926893 189.50490386527963 4401.6535864473553 4.1981143802404395
leaf_count=4073 229 171 1803 371 174 2266 168 136 218 241 179 471 2199 221 1053 123 134 113 129 8692 107 973 355 320 156 917 254 4807 71848 97
internal_value=-0.000216553 -0.00817001 -0.0037441 -0.00713244 -0.0165618 -0.0206247 0.0236671 0.0535995 0.0139988 -0.00416287 0.0162579 0.0263854 0.00286071 0.0131461 -0.0241507 0.000308206 0.00374299 0.0168505 0.035619 0.00232203 0.016047 0.0252521 -0.00595112 0.000655222 0.0198762 0.000449435 -0.00964212 -0.000284363 -0.000758258 0.00813195
internal_weight=6202.43 384.399 252.152 215.894 132.247 116.902 8.47334 6.02669 15.3454 196.512 36.2582 29.1629 119.725 23.7603 108.428 5818.03 857.206 83.389 38.4274 773.817 92.4903 65.3552 27.1351 44.9616 28.1666 681.326 114.924 4960.83 4595.36 193.703
internal_count=102998 9900 5714 4614 4186 3794 475 304 392 4243 1100 871 2440 692 3319 93098 12273 852 398 11421 1558 1080 478 454 285 9863 1171 80825 76752 4904
is_linear=0
shrinkage=0.05


Tree=122
num_leaves=31
num_cat=0
split_feature=30 1 6 2 33 31 2 33 13 5 31 29 33 3 5 33 31 33 2 32 1 5 3 3 2 27 5 16 12 32
split_gain=8.24504 9.20623 9.15956 9.7226 8.62377 7.56355 8.58993 10.5537 8.13711 10.5375 7.32849 9.27539 7.98667 7.80919 7.32261 9.47407 7.15494 8.09067 8.80763 7.64416 6.9053 6.38899 6.38794 8.82535 6.89541 6.26869 6.26401 6.15732 5.7901 5.38513
threshold=457.00000000000006 56.850000000000001 63.750000000000007 61.750000000000007 63.650000000000013 -11.499999999999998 54.95000000000001 77.350000000000009 68.850000000000009 49.550000000000004 -14.499999999999998 53.500000000000007 67.65000000000002 49.250000000000007 51.650000000000013 59.850000000000001 2.5000000000000004 72.050000000000011 44.650000000000013 84.950000000000017 59.850000000000001 33.750000000000007 47.550000000000004 46.750000000000007 66.050000000000011 3.5000000000000004 46.650000000000013 46.650000000000013 88.450000000000017 43.650000000000013
decision_type=2 2 2 2 8 10 2 8 2 2 10 2 8 2 2 10 10 10 2 10 2 2 2 2 2 2 2 2 2 10
left_child=1 5 4 14 -3 10 8 29 27 -10 12 -12 26 -13 15 -4 17 21 25 -20 -6 -2 23 -23 -24 -19 -1 -7 -16 -8
right_child=16 2 3 -5 20 6 7 -9 9 -11 11 13 -14 -15 28 -17 -18 18 19 -21 -22 22 24 -25 -26 -27 -28 -29 -30 -31
leaf_value=-0.013815139664644619 -0.022634845809869186 -0.028239724089752845 0.0013146403281737004 -0.028074302150767505 -0.0092920968989578506 0.035291336290982987 0.043585005620273454 0.038919449333278455 -0.024584132174744481 0.054166138912104804 0.095035116134853923 0.046153931855376217 -0.03551634439980033 -0.014518181168941206 -0.004070854993614711 0.034903734357405951 -0.0021628546243523442 -0.0093006218002245587 -0.0057927004495615976 0.02033049131039583 0.026118435420015636 0.0022138370234440177 0.0052970523894703553 -0.012515568852312928 0.047573970647740618 0.024227479961214479 0.0076423996658814101 -0.011355758288513613 0.015545747350853904 -0.0033256454658499332
leaf_weight=44.5015391074121 23.12477323343046 37.015965811442584 33.722150711342692 16.662210468202829 42.302358418703079 7.0002704882062963 6.1601422370877108 16.536227058619261 6.8024995278101441 10.751578897237776 4.2370798729825792 9.9321236284449714 14.818930207286028 11.004146124934776 85.599165881052613 56.972748456522822 1370.692060507834 19.344510670751333 589.2143981764093 29.230789512395859 20.250223914161325 785.81088953465223 1618.067325623706 116.69193071953487 9.6358166653662902 47.805692508816719 142.21640917984769 707.06816470832564 66.591182870324701 251.37959835515358
leaf_count=2211 1052 694 896 126 304 192 296 116 208 138 171 244 135 297 743 521 21322 121 3385 131 128 14452 26775 2175 75 274 2455 19207 565 3589
internal_value=-0.000207101 -0.00331045 0.0037253 0.00868032 -0.00913664 -0.00536482 -0.00722587 0.000306333 -0.010054 0.0233995 0.0028684 0.0282505 -0.000289647 0.0141094 0.0112328 0.0224849 0.000863331 0.00214556 -0.00267265 -0.00454682 0.00211498 0.00344132 0.0036825 0.000302637 0.00555331 0.0144949 0.00249688 -0.0108866 0.00448417 -0.00216769
internal_weight=6201.14 1591.52 359.116 259.547 99.5685 1232.41 1005.7 274.076 731.623 17.5541 226.71 25.1733 201.537 20.9363 242.885 90.6949 4609.62 3238.93 685.595 618.445 62.5526 2553.33 2530.21 902.503 1627.7 67.1502 186.718 714.068 152.19 257.54
internal_count=102998 33236 3977 2851 1126 29259 23746 4001 19745 346 5513 712 4801 541 2725 1417 69762 48440 3911 3516 432 44529 43477 16627 26850 395 4666 19399 1308 3885
is_linear=0
shrinkage=0.05


Tree=123
num_leaves=31
num_cat=0
split_feature=28 30 12 3 30 27 31 13 30 7 7 33 2 33 3 18 15 12 13 32 27 7 0 2 18 7 0 13 32 3
split_gain=9.62095 10.7642 11.0444 10.426 8.59574 7.21264 9.9344 9.98906 9.61537 7.03222 16.4037 8.99538 17.0403 10.9051 8.43629 6.66003 8.90509 6.44599 6.2352 7.11983 6.13531 5.925 10.6355 8.09157 5.79893 7.72367 11.3669 7.77219 5.63587 5.57126
threshold=5.5000000000000009 529.00000000000011 91.250000000000014 55.750000000000007 441.00000000000006 4.5000000000000009 -3.4999999999999996 68.850000000000009 527.00000000000011 42.850000000000001 42.750000000000007 50.050000000000004 57.95000000000001 53.250000000000007 43.050000000000004 9.5000000000000018 48.350000000000001 72.550000000000011 55.650000000000013 84.250000000000014 4.5000000000000009 43.750000000000007 55.750000000000007 50.150000000000013 17.500000000000004 44.650000000000013 50.250000000000007 73.550000000000011 69.050000000000011 50.350000000000001
decision_type=2 2 2 2 2 2 8 2 2 2 2 10 2 10 2 2 2 2 2 10 2 2 2 2 2 2 2 2 8 2
left_child=4 18 3 20 21 9 7 8 -7 10 14 12 -11 -13 -6 16 -8 -17 19 -2 -3 22 -1 -24 25 26 -23 -27 -25 -20
right_child=1 2 -4 -5 5 6 15 -9 -10 11 -12 13 -14 -15 -16 17 -18 -19 29 -21 -22 24 23 28 -26 27 -28 -29 -30 -31
leaf_value=-0.029933412980448711 -0.013176289308212028 -0.019472594413482633 -0.028490920943453277 0.12015386830778806 -0.020387040479608452 0.0085755408352864802 -0.0059632992773545534 0.056024060399836623 -0.021560170907008541 0.0017104536906316311 0.085801446713688501 -0.019136173271824423 0.038570504982933712 -0.0023826018918980231 0.010542265820943404 -0.0025377589660134574 0.01903194239884699 0.0030525241383200109 -0.0098080300388756515 0.055110332149263253 0.056147821987189608 -0.020055393720578643 0.071219109265033401 0.016122124814537991 -0.015716067841176122 -0.003227906854398731 0.054850229691398127 0.059353652222630893 -0.040869287126518168 0.025761766163739097
leaf_weight=54.747124283807352 314.13646998326294 4.469210968352856 6.1159816053695968 3.8865323364734641 26.135440298472531 616.42557534587104 52.543030172586441 10.622257705777882 27.475570981856436 314.75185352843255 6.5374061590991905 103.34474055748433 34.774485851172358 1625.3269098270684 135.88697919319384 1012.2903025345877 108.71476511610672 1050.4560194676742 21.974176725838333 3.7402985114604226 6.2096485293004662 7.752641937229785 4.3261682034935829 12.170433423016222 81.121301556006074 506.70242538466118 13.884975917404516 4.9036667477339497 6.5829004840925327 21.63558529689908
leaf_count=3164 8592 134 156 91 914 9363 576 151 342 11709 149 2117 826 14390 4018 15402 1072 15193 395 27 155 377 186 413 1874 10388 319 71 84 350
internal_value=-0.000198124 -0.00788241 0.0270529 0.0507519 0.000305947 0.0010131 0.00267068 0.00808589 0.00727872 -0.00110838 0.00870537 -0.00190715 0.00540196 -0.00338812 0.0055128 0.00107444 0.010858 0.000306685 -0.00990188 -0.01234 0.024149 -0.00492227 -0.017925 0.0103509 -0.00326432 -0.0013581 0.0278131 -0.00260682 -0.00372878 0.00774296
internal_weight=6199.64 382.168 20.6814 14.5654 5817.48 5125.29 2878.53 654.523 643.901 2246.76 168.56 2078.2 349.526 1728.67 162.022 2224 161.258 2062.75 361.487 317.877 10.6789 692.192 77.8266 23.0795 614.365 533.244 21.6376 511.606 18.7533 43.6098
internal_count=102998 9900 536 380 93098 76222 42099 9856 9705 34123 5081 29042 12535 16507 4932 32243 1648 30595 9364 8619 289 16876 3847 683 13029 11155 696 10459 497 745
is_linear=0
shrinkage=0.05


Tree=124
num_leaves=31
num_cat=0
split_feature=28 30 1 30 5 32 16 0 4 13 33 32 28 33 5 3 9 4 9 15 31 32 7 0 28 4 3 19 32 9
split_gain=8.75099 9.61178 8.68892 7.79045 7.03181 7.60964 6.19678 6.64376 6.37219 7.04584 6.0247 6.25621 5.90137 5.67132 9.36275 8.02203 7.66938 5.46385 8.29119 5.66049 5.37673 8.8566 7.71782 5.27298 3.86414 4.35992 3.73935 2.7922 3.2227 1.09646
threshold=5.5000000000000009 529.00000000000011 53.750000000000007 441.00000000000006 34.750000000000007 68.65000000000002 47.550000000000004 51.750000000000007 94.950000000000017 76.850000000000009 71.450000000000017 83.050000000000011 2.5000000000000004 50.45000000000001 69.15000000000002 53.050000000000004 76.050000000000011 70.050000000000011 49.250000000000007 45.550000000000004 2.5000000000000004 45.150000000000013 49.750000000000007 46.850000000000001 6.5000000000000009 76.450000000000017 58.150000000000013 1.0000000180025095e-35 60.150000000000013 49.95000000000001
decision_type=2 2 2 2 2 10 2 2 2 2 10 10 2 10 2 2 2 2 2 2 8 10 2 2 2 2 2 2 8 2
left_child=3 10 24 6 5 27 7 -1 9 23 11 17 -10 14 16 -16 -6 19 -19 -2 21 -15 -22 -8 25 -3 -14 29 -29 -5
right_child=1 2 -4 4 13 -7 8 -9 12 -11 -12 -13 26 20 15 -17 -18 18 -20 -21 22 -23 -24 -25 -26 -27 -28 28 -30 -31
leaf_value=-0.0061024521586756789 -0.032142971138112549 -0.010947672933763695 0.06343077895946074 -0.051604142556257018 0.003516277985258825 0.013095806592398469 -0.021692747169917419 0.08182351112693817 0.036029855813339957 0.057433104507108604 -0.036873181323044166 0.055630771992941912 -0.0035572571909590527 0.04131452047755714 0.054312615562429147 0 0.078492621069354118 0.021862537901807259 -0.0073799884347162436 -0.010021863798363596 -0.0067222769461283459 0.0015268721416128179 0.00067362456559867602 -0.0059231224492613047 -0.039655334833489701 0.061503312172848462 0.028568803689219959 0.0069579291864051915 -0.041411305061541462 -0.028601209449157589
leaf_weight=4.110181001480667 37.945433694403619 4.9064267650246638 8.6135045979171974 10.312307956162842 881.0816849747207 15.158234253525732 59.146678107790649 4.1618569628335536 14.951741865370421 4.0907236468046895 19.023810207843781 3.7086217030882827 58.05075376201421 13.972970916889606 17.180083640851084 10.944983894005416 3.3311088476330033 29.096097717061639 141.74993163812906 126.89358398783952 550.48204830149189 2618.1975250886753 978.78716433048248 534.29784197767731 4.2690906273201099 3.3650780962780118 10.610141293145714 9.3361632139421964 5.2248858392704287 15.079374217661096
leaf_count=130 1340 159 145 559 33255 167 3522 72 138 58 144 30 593 254 214 124 88 904 3210 3736 6922 24976 8137 12260 145 87 103 641 158 727
internal_value=-0.000189916 -0.00754516 0.0250658 0.000289167 0.000960762 -0.0167811 -0.00469948 0.0379869 -0.00523071 -0.00704416 -0.00949029 -0.00793028 0.00766229 0.00115478 0.00472473 0.0330974 0.00381317 -0.00866374 -0.00236069 -0.0151608 0.000370647 0.00174155 -0.00198563 -0.00750664 -0.00118291 0.0183127 0.00136878 -0.0282458 -0.0102213 -0.0383053
internal_weight=6198.08 379.572 21.1541 5818.51 5129.09 55.111 689.42 8.27204 681.148 597.535 358.417 339.394 83.6126 5073.98 912.538 28.1251 884.413 335.685 170.846 164.839 4161.44 2632.17 1529.27 593.445 12.5406 8.2715 68.6609 39.9527 14.561 25.3917
internal_count=102998 9900 536 93098 76222 2252 16876 202 16674 15840 9364 9220 834 73970 33681 338 33343 9190 4114 5076 40289 25230 15059 15782 391 246 696 2085 799 1286
is_linear=0
shrinkage=0.05


Tree=125
num_leaves=17
num_cat=0
split_feature=31 2 11 33 2 20 29 2 0 1 29 6 32 8 29 6
split_gain=12.8061 9.63709 7.44863 7.40302 7.44799 7.33877 5.79497 9.60814 6.97805 5.78884 16.7091 7.39849 5.29767 4.62953 1.89008 1.99681
threshold=-17.499999999999996 68.65000000000002 46.550000000000004 76.550000000000011 55.650000000000013 1.0000000180025095e-35 53.500000000000007 47.750000000000007 63.250000000000007 56.350000000000001 55.750000000000007 61.750000000000007 77.65000000000002 40.350000000000001 55.750000000000007 69.950000000000017
decision_type=8 2 2 10 2 2 2 2 2 2 2 2 10 2 2 2
left_child=14 2 3 4 13 -6 7 12 -9 11 -11 -8 -4 -2 15 -1
right_child=1 -3 6 -5 5 -7 9 8 -10 10 -12 -13 -14 -15 -16 -17
leaf_value=-0.050562391676207102 -0.00156834504036458 0.059113970100586125 -0.015181213793093735 0.018884518568978253 -0.011273625966661857 0.01683859242028855 0.001464015512028417 0.010633165441782375 -0.013445451246557875 0.010781614326499817 -0.00072373651033241847 -0.0028440672764641246 0.048406689864021191 -0.022386227550242197 -0.054479644649962015 0.0015518596793918627
leaf_weight=2.9507222769316312 35.661443480057642 6.874339945614337 62.269441183889285 23.386052444577217 55.447468350175768 39.767665507271886 1911.6225366233848 383.33621024468448 32.389402217231691 460.34626792441122 1000.6895535208751 2079.9541893580463 3.3283015238121143 113.12212839268614 11.170548706082625 4.1690372305456549
leaf_count=122 1054 42 2656 126 703 509 32148 8100 439 4389 9511 39783 23 2734 305 127
internal_value=0.000244274 0.00036848 0.000301601 -0.00785871 -0.0104491 0.000420647 0.000670275 0.00592912 0.00874238 0.00020504 0.00289846 -0.000779628 -0.01181 -0.0174344 -0.0414154 -0.0197551
internal_weight=6226.49 6208.2 6201.32 267.385 243.999 95.2151 5933.94 481.323 415.726 5452.61 1461.04 3991.58 65.5977 148.784 18.2903 7.11976
internal_count=102771 102217 102175 5126 5000 1212 97049 11218 8539 85831 13900 71931 2679 3788 554 249
is_linear=0
shrinkage=0.05


Tree=126
num_leaves=13
num_cat=0
split_feature=31 2 7 11 33 2 7 31 3 4 7 7
split_gain=11.9924 8.47054 7.18481 7.41294 6.96166 6.14189 5.18917 4.72931 1.29771 1.01357 0.0849529 0.772468
threshold=-17.499999999999996 68.65000000000002 80.450000000000017 46.550000000000004 76.550000000000011 55.650000000000013 34.850000000000001 36.500000000000007 57.45000000000001 48.050000000000004 49.850000000000001 46.650000000000013
decision_type=8 2 2 2 10 2 2 10 2 2 2 2
left_child=8 2 3 4 5 -2 9 -8 10 -5 11 -1
right_child=1 -3 -4 6 -6 -7 7 -9 -10 -11 -12 -13
leaf_value=-0.051096864637190799 -0.016973268364962112 0.054705941374750405 0.029740440778352362 0.004292058391221318 0.017812112430358885 -0.00057238026471208021 0.000656951501591693 -0.038858505044894423 -0.0097893034761396686 -0.049384318413279595 -0.053804789286490178 -0.011670517453853415
leaf_weight=4.2237504172371718 146.23176277510356 7.0598720870912066 20.536978220567107 0.81137780542485316 23.555858001112938 94.663162852171808 5902.1340497500496 7.4777348646894088 3.2394115729257456 6.106718236929737 7.8441755757667124 2.3723596083000302
leaf_count=199 3785 42 112 141 126 1209 96023 100 73 679 203 79
internal_value=0.000231169 0.00034939 0.000285823 0.000186668 -0.00800076 -0.010552 0.000553595 0.000605448 -0.0407717 -0.0424051 -0.0472631 -0.0380495
internal_weight=6226.26 6208.58 6201.52 6180.98 264.451 240.895 5916.53 5909.61 17.6797 6.9181 14.4403 6.59611
internal_count=102771 102217 102175 102063 5120 4994 96943 96123 554 820 481 278
is_linear=0
shrinkage=0.05


Tree=127
num_leaves=21
num_cat=0
split_feature=2 32 27 29 1 4 32 17 27 23 2 29 2 5 5 5 12 2 1 12
split_gain=7.25135 6.37556 6.59733 6.34137 14.1876 6.08379 7.26225 11.0128 5.56839 7.3998 8.66085 6.65625 5.64669 5.60334 5.33414 5.2517 5.74696 12.3352 4.83323 4.80143
threshold=68.65000000000002 40.95000000000001 7.5000000000000009 51.750000000000007 48.95000000000001 28.050000000000004 42.95000000000001 1950.0000000000002 1.5000000000000002 1.0000000180025095e-35 64.250000000000014 53.500000000000007 48.150000000000013 67.950000000000017 42.050000000000004 73.050000000000011 53.300000000000004 56.050000000000004 51.250000000000007 99.950000000000017
decision_type=2 10 2 2 2 2 10 2 2 2 2 2 2 2 2 2 2 2 2 2
left_child=1 3 8 4 -1 -4 7 -7 9 10 -3 12 -10 -11 -8 16 17 -5 -13 -18
right_child=-2 2 5 15 -6 6 14 -9 11 13 -12 18 -14 -15 -16 -17 19 -19 -20 -21
leaf_value=-0.045252739462581008 0.049663263363872473 0.0075823008736643207 -0.041120007090334303 -0.0081409949671840485 0.1623281051260268 0.010652847607166276 0.017104254670869304 0.1465190624996825 -0.0088952790500301526 -0.013030092437567045 -0.039459208751021671 0.00087017501449905576 0.0081605966736329662 0.027193805341116047 0.0031309471793370125 0.058248516350068218 -0.030218873884852945 0.0798874809320161 -0.0026802280390744965 -0.0062132372154713256
leaf_weight=1.5341311238007613 7.3070766367018214 493.64648050128017 7.175216178642585 32.158833575318567 1.5359276228118686 4.7021500342525533 74.761465235613286 2.1616689772345126 57.016509011969902 82.162134046433493 9.8531090356409532 1467.2038862337358 314.81102180294693 9.5145466495305282 809.93600308173336 2.4469781313091508 53.859747355454601 4.4353303785901508 2755.2145870029926 34.997958627995104
leaf_count=143 43 7920 183 2369 109 282 2200 84 2040 1478 75 29827 5782 74 10621 27 3551 200 33787 1976
internal_value=0.000218927 0.000159231 0.000394909 -0.0107502 0.0588658 0.00435008 0.00472619 0.0556497 -0.000289179 0.00425948 0.00664415 -0.000879617 0.00553009 -0.00877594 0.00431921 -0.012505 -0.0139701 0.00258071 -0.00144536 -0.0208377
internal_weight=6226.43 6219.13 6088.16 130.969 3.07006 898.737 891.561 6.86382 5189.42 595.176 503.5 4594.25 371.828 91.6767 884.697 127.899 125.452 36.5942 4222.42 88.8577
internal_count=102771 102728 94353 8375 252 13370 13187 366 80983 9547 7995 71436 7822 1552 12821 8123 8096 2569 63614 5527
is_linear=0
shrinkage=0.05


Tree=128
num_leaves=27
num_cat=0
split_feature=7 11 32 9 0 9 18 17 13 33 7 32 1 7 8 7 9 32 18 5 5 13 1 33 7 13
split_gain=6.42741 6.63915 6.93314 7.30994 9.3081 6.37455 5.56656 5.08495 8.11869 4.9578 5.28879 5.88987 4.91958 4.71534 4.55996 5.59452 4.36871 8.35242 4.75267 3.30395 7.00604 3.26852 2.6816 2.75786 1.94237 0.961194
threshold=80.450000000000017 46.550000000000004 61.850000000000001 51.150000000000013 49.150000000000013 58.95000000000001 12.500000000000002 1550.0000000000002 56.350000000000001 23.050000000000004 53.850000000000001 53.050000000000004 58.250000000000007 34.850000000000001 69.250000000000014 53.350000000000001 51.050000000000004 53.45000000000001 16.500000000000004 35.550000000000004 34.750000000000007 51.850000000000001 61.550000000000004 35.350000000000001 46.95000000000001 47.750000000000007
decision_type=2 2 8 2 2 2 2 2 2 8 2 10 2 2 2 2 2 8 2 2 2 2 2 8 2 2
left_child=1 2 3 22 -5 -6 14 8 -8 10 19 21 -9 25 15 -4 18 -18 -15 20 -3 -12 23 -1 -21 -11
right_child=-2 9 6 4 5 -7 7 12 -10 13 11 -13 -14 16 -16 -17 17 -19 -20 24 -22 -23 -24 -25 -26 -27
leaf_value=-0.0052133479175737489 0.027932506127608614 -0.021343865866240236 0.0031872906687813495 0.078098672998146809 0.032191875230751607 -0.050531776893461458 0.014923678823350627 -0.026817817023517071 -0.024673315504739456 0.0024782858615305862 0.021509168802620729 0.10247231590087179 -0.0020186723917302429 0.0017772411153411057 -0.011982845893037899 0.043632412569126616 0.011012324617513112 -0.0040929010532707128 -0.003107249735030829 -0.018313675119241517 0.15912957899639801 -0.047100147204767941 0.012652492106628766 -0.03638738204463076 -0.046625862153550739 -0.049214465479925168
leaf_weight=8.9028089833445829 20.735234335064888 1.9695699497824564 19.383744556456804 3.7494942913763216 3.993016339838503 5.2072497187182307 43.408413574099541 45.468897131737322 18.288684237282723 0.84124576079193403 4.7044761399738473 1.5098904175683854 36.49564394634217 4382.237693093135 14.065404736436902 15.647046778351067 102.27558500785381 853.34999750880525 561.11791421868838 12.594243531697431 0.61618621030356724 2.6033594012260437 3.4695516582578412 45.476258771494031 13.690817863913251 5.6178610129281878
leaf_count=915 112 338 188 180 124 156 598 645 194 100 300 72 316 67483 113 110 3973 11149 10117 1728 102 234 62 1550 1257 655
internal_value=0.00020719 0.000113312 -0.00764955 -0.0210295 0.0125839 -0.0141311 -0.00270094 -0.00768868 0.00308422 0.000458531 -0.0175903 0.0158091 -0.0158526 0.000574861 0.0117781 0.0214678 0.000622798 -0.00247005 0.00122174 -0.0279831 0.024125 -0.00256328 -0.028649 -0.0313944 -0.0333707 -0.0417845
internal_weight=6227.42 6206.69 263.556 70.7984 12.9498 9.20027 192.758 143.662 61.6971 5943.13 37.6885 8.81773 81.9645 5905.44 49.0962 35.0308 5898.98 955.626 4943.36 28.8708 2.58576 7.30784 57.8486 54.3791 26.2851 6.45911
internal_count=102771 102659 5151 2987 460 280 2164 1753 792 97508 4031 606 961 93477 411 298 92722 15122 77600 3425 440 534 2527 2465 2985 755
is_linear=0
shrinkage=0.05


Tree=129
num_leaves=17
num_cat=0
split_feature=31 2 11 33 20 2 27 31 17 12 5 33 33 33 29 6
split_gain=11.2256 6.6105 5.5221 5.98563 6.61911 8.10261 5.06156 6.38459 13.338 6.35513 21.5832 6.66058 5.68178 4.68472 1.93149 1.96206
threshold=-17.499999999999996 68.65000000000002 46.550000000000004 76.550000000000011 1.0000000180025095e-35 53.250000000000007 7.5000000000000009 -10.499999999999998 1175.0000000000002 87.350000000000009 41.750000000000007 76.950000000000017 23.050000000000004 35.350000000000001 55.750000000000007 69.950000000000017
decision_type=8 2 2 10 2 2 2 10 2 2 2 10 8 8 2 2
left_child=14 2 3 4 13 -6 7 8 -4 11 -11 -8 -9 -2 15 -1
right_child=1 -3 6 -5 5 -7 9 12 -10 10 -12 -13 -14 -15 -16 -17
leaf_value=-0.05004940740068118 0.025492909081420254 0.047282114419295425 0.054138630449503268 0.017026360513231344 -0.013467531064004648 0.012397942259998341 -0.0009448339742141892 -0.022818343115692159 0.0036944628670526518 0.049909232241651072 0.0054672771372664651 0.017133315295956821 -0.00055157489459129155 -0.020019923741544557 -0.053979155832351758 0.0031012357489887017
leaf_weight=2.7268644134746891 5.7778499124106011 7.3817864917218676 13.333326866617424 23.633409149944782 62.887943062931299 58.148180581163615 517.20673252851702 28.750002778368071 570.13352479063906 30.031618488254026 298.80223158816807 56.385366514325142 4426.6194381896639 111.43308568489738 10.307584175374357 4.063665421679616
leaf_count=122 493 42 267 126 1837 838 9072 3196 10507 910 4017 288 68792 1832 305 127
internal_value=0.000195793 0.000308295 0.000250829 -0.00685197 -0.00924775 -0.000999987 0.000564859 -5.17982e-05 0.00486486 0.00401323 0.0095552 0.000826249 -0.000696891 -0.017714 -0.0401418 -0.0179334
internal_weight=6227.62 6210.52 6203.14 261.88 238.247 121.036 5941.26 5038.84 583.467 902.426 328.834 573.592 4455.37 117.211 17.0981 6.79053
internal_count=102771 102217 102175 5126 5000 2675 97049 82762 10774 14287 4927 9360 71988 2325 554 249
is_linear=0
shrinkage=0.05


Tree=130
num_leaves=31
num_cat=0
split_feature=7 16 13 12 27 12 14 7 13 12 1 8 3 6 23 7 2 13 4 2 13 4 7 28 13 31 11 8 15 1
split_gain=6.64254 11.6135 7.50345 5.52793 11.0997 11.5341 11.608 8.63539 10.2674 13.8422 14.3943 10.6895 9.65789 9.6484 7.42663 10.8259 6.92609 8.75144 8.32822 8.29301 7.29897 5.86953 5.86298 5.3814 5.0648 5.0032 8.18822 6.39267 4.85605 4.72915
threshold=38.050000000000004 56.050000000000004 62.350000000000001 69.950000000000017 6.5000000000000009 77.350000000000009 52.850000000000001 53.95000000000001 43.650000000000013 61.150000000000013 45.250000000000007 47.45000000000001 65.750000000000014 44.650000000000013 1.0000000180025095e-35 47.45000000000001 52.550000000000004 43.150000000000013 45.350000000000001 51.850000000000001 63.350000000000001 52.95000000000001 56.45000000000001 4.5000000000000009 43.350000000000001 -11.499999999999998 47.750000000000007 56.45000000000001 56.650000000000013 48.550000000000004
decision_type=2 2 2 2 2 2 2 2 2 2 2 2 2 2 2 2 2 2 2 2 2 2 2 2 2 10 2 2 2 2
left_child=1 2 24 7 25 6 21 8 9 10 -2 13 -13 -10 22 -16 19 -18 -19 20 -9 -6 -7 -8 -1 26 -5 -28 -21 -27
right_child=3 -3 -4 4 5 14 23 16 11 -11 -12 12 -14 -15 15 -17 17 18 -20 28 -22 -23 -24 -25 -26 29 27 -29 -30 -31
leaf_value=0.05361668621917999 -0.021833833493814049 0.10401203388873358 0.051310058667864193 0.077201850326713992 -0.014627771859932099 -0.0012275817813328276 0.082374497514604864 0.0050228349070181198 0.044336176302129271 -0.024268890835119725 0.047006001092804894 -0.002987095455943591 0.043940079298076751 -0.013089921554441978 0.038063325316013821 0.0054272294461387123 -0.039462738505056126 0.035326663685276587 -0.0033876768381127728 0.043102329101468925 -0.016170568787427234 0.017840634560190565 0.0094574441610539139 0.021638053207914364 -0.028606887764488054 0.0046394452289627843 0.019921928579081715 -0.009593042317861615 0.0029311783335188467 -0.0021230349548150272
leaf_weight=1.8118050794582803 9.6795977351721358 1.8044984934385855 3.2293240078724912 4.3977045221254221 15.755117977736516 535.52059242222458 9.6920473077334481 576.91352223418653 7.3229306319262824 15.036741640185936 32.983101355610415 1331.431374398293 10.943449622020124 384.42741567734629 35.092827211599797 93.343837053980678 16.117620484903455 14.309915379621087 376.37904576957226 21.661420806311071 43.514851411338896 106.82902891980484 168.55755326384678 6.3773629539646199 52.405308343470097 297.75758932554163 43.5937665021047 31.286375900963321 11.946232900023459 1942.900676232297
leaf_count=162 420 84 160 121 366 9104 128 6341 162 454 851 25427 140 8113 771 1246 255 249 4099 272 426 1617 1664 144 3082 9234 1160 651 120 25579
internal_value=-0.000463109 -0.0171116 -0.0211773 -0.00030146 0.00109389 0.00558216 0.0189367 -0.001913 -0.00403045 0.0166823 0.0312557 -0.00472343 -0.00259756 -0.0119927 0.00334999 0.014406 0.00165882 -0.00345614 -0.0019482 0.00484799 0.00352597 0.0136184 0.00132431 0.0588625 -0.0256735 -0.000782988 0.0115474 0.00752697 0.0290224 -0.00122198
internal_weight=6203.02 59.2509 57.4464 6143.77 3291.1 971.168 138.654 2852.67 1791.82 57.6994 42.6627 1734.13 1342.37 391.75 832.515 128.437 1060.84 406.807 390.689 654.036 620.428 122.584 704.078 16.0694 54.2171 2319.94 79.2778 74.8801 33.6077 2240.66
internal_count=102602 3488 3404 99114 51785 15040 2255 47329 35567 1725 1271 33842 25567 8275 12785 2017 11762 4603 4348 7159 6767 1983 10768 272 3244 36745 1932 1811 392 34813
is_linear=0
shrinkage=0.05


Tree=131
num_leaves=31
num_cat=0
split_feature=29 4 17 2 16 7 7 8 17 27 8 14 0 31 17 9 8 17 12 13 8 7 32 29 31 12 29 13 16 8
split_gain=6.51811 9.73432 9.26642 8.51116 8.02341 7.58687 11.6841 7.58245 6.25693 5.61995 7.59479 18.2817 19.5505 11.7789 10.1036 7.49235 8.63008 9.26536 8.44673 7.28316 6.65014 8.25952 8.29482 7.34457 6.35416 6.33357 5.93883 9.46996 7.45695 16.3247
threshold=53.500000000000007 45.650000000000013 1850.0000000000002 48.250000000000007 47.750000000000007 43.150000000000013 41.350000000000001 56.45000000000001 1950.0000000000002 6.5000000000000009 20.850000000000005 33.650000000000013 52.95000000000001 1.0000000180025095e-35 1250.0000000000002 51.850000000000001 85.350000000000009 1650.0000000000002 69.950000000000017 48.95000000000001 47.750000000000007 38.750000000000007 41.350000000000001 59.250000000000007 3.5000000000000004 52.250000000000007 57.750000000000007 41.750000000000007 55.750000000000007 37.95000000000001
decision_type=2 2 2 2 2 2 2 2 2 2 2 2 2 10 2 2 2 2 2 2 2 2 10 2 8 2 2 2 2 2
left_child=1 8 3 -3 -5 6 -4 -6 -1 20 11 12 13 -11 19 16 18 -18 -12 -13 26 -22 -23 -24 -16 -17 28 -28 -2 -30
right_child=9 2 5 4 7 -7 -8 -9 -10 10 15 14 -14 -15 24 25 17 -19 -20 -21 21 22 23 -25 -26 -27 27 -29 29 -31
leaf_value=-0.02423763000471903 -0.0036497906798928256 -0.0072259719511212255 -0.028354333885548838 0.07017752199551984 0.0045784234018042573 -0.015594490009780399 0.12577103726535144 0.01976052530008713 0.031174183998053769 0.075677927491497404 -0.0035354661235248927 0.079336588671011288 0.13095118391685101 -0.040761780805304487 -0.020294139565133186 0.013601820988931514 0.00099327975001550469 0.03160223788070473 0.0040759882242696046 0.0027879712048476213 -0.023928646412661413 -0.024927286763512066 -0.00045706640301253058 0.015991262190235729 0.02221940973633519 -0.025305061623114161 0.053360682669122819 -0.012548743313667697 0.081263982177147601 -0.027217042877871352
leaf_weight=39.480082858470269 833.58560173376463 60.332787353894673 2.3048309601144856 5.987974942661821 168.87314047454856 58.310965496115386 2.3726988080888987 162.35594903444871 5.6861944110132745 4.0917645720764977 689.09417040972039 6.5521073066629452 6.5134562649764112 4.366107314825058 29.575660352129493 13.242970834486185 52.025415713200346 47.633761191391386 773.19241145905107 6.1089029919821769 37.53395128028933 33.806713140802458 2721.119468181394 69.501802735030651 12.308220465201879 46.41368297021836 5.4307496813125899 288.86253892444074 7.7141992731485498 6.0744314757175744
leaf_count=1633 15298 2236 145 98 3901 1146 85 2404 235 107 10843 185 109 112 644 294 656 630 11378 113 1877 2370 38125 732 276 1034 155 5528 168 85
internal_value=-0.000441275 0.00499673 0.00717768 0.0100073 0.0131066 -0.0105896 0.049776 0.0120389 -0.0170977 -0.000925137 0.00148992 0.0176646 0.0664319 0.0152114 0.00409054 0.000792398 0.00145999 0.0156905 0.000485718 0.0431052 -0.00194651 -0.000657389 -0.00034553 -4.50627e-05 -0.00765862 -0.0165763 -0.00517339 -0.0112978 -0.0030394 0.033262
internal_weight=6200.45 505.705 460.538 397.55 337.217 62.9885 4.67753 331.229 45.1663 5694.75 1691.12 69.5162 14.9713 8.45787 54.5449 1621.6 1561.95 99.6592 1462.29 12.661 4003.63 2861.96 2824.43 2790.62 41.8839 59.6567 1141.67 294.293 847.374 13.7886
internal_count=102602 11883 10015 8639 6403 1376 230 6305 1868 90719 26381 1546 328 219 1218 24835 23507 1286 22221 298 64338 43104 41227 38857 920 1328 21234 5683 15551 253
is_linear=0
shrinkage=0.05


Tree=132
num_leaves=31
num_cat=0
split_feature=29 4 17 2 30 7 7 30 17 15 3 7 27 30 0 7 6 13 6 7 0 7 2 0 6 17 5 5 4 6
split_gain=5.86197 8.83068 8.33425 7.59989 8.46055 7.45458 11.0317 6.99291 5.70716 5.30095 5.09818 6.23681 5.07465 8.57245 9.35718 8.44311 6.82139 11.0037 6.90102 6.18499 5.66245 6.49843 6.75986 5.53987 5.46137 5.39004 8.56776 5.16993 5.10173 4.67226
threshold=53.500000000000007 45.650000000000013 1850.0000000000002 48.250000000000007 505.00000000000006 43.050000000000004 41.350000000000001 401.00000000000006 1950.0000000000002 38.250000000000007 40.850000000000001 58.45000000000001 6.5000000000000009 491.00000000000006 60.150000000000013 46.250000000000007 47.550000000000004 47.050000000000004 46.900000000000006 38.350000000000001 63.150000000000013 47.650000000000013 62.95000000000001 53.250000000000007 74.950000000000017 1075.0000000000002 49.550000000000004 54.150000000000013 55.050000000000004 69.950000000000017
decision_type=2 2 2 2 2 2 2 2 2 2 2 2 2 2 2 2 2 2 2 2 2 2 2 2 2 2 2 2 2 2
left_child=1 8 3 9 7 6 -4 -5 -1 -3 -7 -12 19 16 15 28 17 -14 -19 -2 25 -22 -23 -17 -16 26 -21 -27 -15 -10
right_child=12 2 5 4 -6 10 -8 -9 29 -11 11 -13 13 14 24 23 -18 18 -20 20 21 22 -24 -25 -26 27 -28 -29 -30 -31
leaf_value=-0.023515203751918706 -0.020585192773105623 0.056771486869621093 -0.027671497404967757 -0.041463519487252513 -0.018616609651734929 -0.052995668859430939 0.12249528292362595 0.015329204118023992 -0.015500277611553481 -0.010415184192182124 -0.017295886911380936 0.028921542086158315 0.077111191649356967 -0.029584573666003866 0.040664183734926168 0.0027688579477879488 -0.0019627525881753629 -0.00089103937283896483 0.044456152825383691 0.010137390009862171 -0.017338885540025099 0.025987695180233229 -0.004456022593440679 0.014520261742258825 0.0015726375051007008 -0.003629570838779181 -0.02661654874998394 7.0523204389367385e-05 -0.0021990176851437891 0.071730524979925631
leaf_weight=38.68202453746926 43.531844023615122 2.9790176297537974 2.2475612655980504 5.3757788105867794 20.515649536624551 7.6587070128880432 2.4053053185343742 314.34676700027194 2.8410754323704159 57.004230559105054 41.551471249666065 8.6931093670427781 6.3582720793783656 22.783568868413568 29.962625227868557 243.25428135041147 1083.429160386906 43.121030654292554 10.256668802117927 22.615954063599929 17.513199164532125 55.441331911832094 26.724940907210112 172.22815078590065 13.110505614429711 1797.1004756775219 51.368049409240484 1983.2511944975704 68.172917558345944 2.9947503223083913
leaf_count=1633 2400 68 145 261 308 172 79 5834 136 2168 867 113 163 671 318 3174 17883 723 137 554 290 610 193 1816 149 40312 685 19294 1347 99
internal_value=-0.000420905 0.00472713 0.00678169 0.00944099 0.0123388 -0.0101401 0.0498494 0.014346 -0.0164859 -0.00690626 -0.0151244 -0.00915866 -0.000880817 0.00141211 0.00654494 0.00462734 -0.00105119 0.0153739 0.00779589 -0.00185297 -0.00164496 0.0101069 0.0160316 0.00765447 0.0289126 -0.00195043 -0.0153153 -0.00168715 -0.00913866 0.0288756
internal_weight=6197.52 507.295 462.778 400.221 340.238 62.5562 4.65287 319.723 44.5179 59.9832 57.9033 50.2446 5690.22 1692.68 549.512 506.439 1143.17 59.736 53.3777 3997.55 3954.02 99.6795 82.1663 415.482 43.0731 3854.34 73.984 3780.35 90.9565 5.83583
internal_count=102602 11883 10015 8639 6403 1376 224 6095 1868 2236 1152 980 90719 26381 7475 7008 18906 1023 860 64338 61938 1093 803 4990 467 60845 1239 59606 2018 235
is_linear=0
shrinkage=0.05


Tree=133
num_leaves=30
num_cat=0
split_feature=2 29 4 2 1 4 15 7 32 5 5 1 27 30 12 16 7 8 14 3 28 5 19 27 15 0 0 1 2
split_gain=5.41702 5.44124 8.04125 6.79375 8.80906 9.61414 7.52396 10.02 5.28801 5.19195 11.6892 5.14274 4.612 7.43326 7.80836 9.4415 9.09542 5.931 6.92313 6.6957 5.91992 8.80834 9.19833 7.54018 7.72706 6.21306 6.17579 1.6576 3.54201
threshold=68.65000000000002 53.500000000000007 45.650000000000013 56.95000000000001 52.850000000000001 70.050000000000011 44.650000000000013 46.150000000000013 77.65000000000002 48.550000000000004 47.650000000000013 48.150000000000013 6.5000000000000009 485.00000000000006 69.950000000000017 52.350000000000001 56.850000000000001 85.350000000000009 35.45000000000001 62.050000000000004 2.5000000000000004 56.050000000000004 1.0000000180025095e-35 1.5000000000000002 42.150000000000013 63.150000000000013 57.350000000000001 50.050000000000004 50.350000000000001
decision_type=2 2 2 2 2 2 2 2 8 2 2 2 2 2 2 2 2 2 2 2 2 2 2 2 2 2 2 2 2
left_child=1 2 9 4 5 -4 -5 -8 -6 10 11 -1 20 17 15 -15 -16 19 -19 -14 21 26 -23 24 -22 -25 -3 28 -11
right_child=-2 12 3 6 8 -7 7 -9 -10 27 -12 -13 13 14 16 -17 -18 18 -20 -21 23 22 -24 25 -26 -27 -28 -29 -30
leaf_value=-0.044456568334584688 0.045655496562554791 -0.0047551528197155484 0.00025079620922994588 -0.017106491911482911 -0.0081188486939938916 0.02177331061665581 -0.0145126577350393 0.0330872866386532 0.02081018959573612 -0.050370255898143972 0.11121673475183483 0.0033785060845217016 -0.0030476608204337403 -0.002165748108654175 0.0056137005298142568 0.054387435885526449 0.02352800152525962 0.047956714605487109 0.0053202106709673612 0.024917243209532997 -0.012344636384781955 -0.0019134036459813567 0.015240873174750516 -0.0040474001725784416 0.0058169145844311366 0.0099768753343882129 0.026414725715911976 -0.051755302974350027 0.01958802487462814
leaf_weight=8.1010777232004383 6.2755561619997016 317.38566463137977 111.50274196767714 12.252464284189044 149.52604665036779 97.735978259006515 13.18146783299744 63.052943663671613 17.489443384110928 3.7910917161498245 1.9874783982522775 17.291263054823503 929.66411857574712 290.01864811219275 286.2430792467203 7.4704679963178924 94.662002734839916 11.749880866380407 50.597187915467657 21.777668948285282 68.293510455288924 129.5970526044257 194.86074869823642 2776.4866450720001 403.02677944814786 80.996798444539309 16.593503301264718 9.5399305261671525 3.1772012733854353
leaf_count=644 36 6847 4079 134 2363 2562 158 607 111 163 70 737 15880 4094 4229 123 835 178 720 311 1162 1071 1575 45833 6729 902 195 172 82
internal_value=-0.000401513 -0.000449767 0.00450252 0.00644296 0.00349259 0.0103335 0.0189137 0.0247832 -0.00504891 -0.0158996 -0.00231707 -0.011801 -0.000894228 0.00129112 0.00534333 -0.000710999 0.0100839 -0.00141581 0.0134994 -0.00239976 -0.00182295 0.00250475 0.00837512 -0.00268052 0.00317267 -0.00364779 -0.00318409 -0.0379763 -0.0179395
internal_weight=6194.33 6188.05 508.629 464.741 376.254 209.239 88.4869 76.2344 167.015 43.888 27.3798 25.3923 5679.42 1692.18 678.394 297.489 380.905 1013.79 62.3471 951.442 3987.24 658.437 324.458 3328.8 471.32 2857.48 333.979 16.5082 6.96829
internal_count=102602 102566 11882 10014 9115 6641 899 765 2474 1868 1451 1381 90684 26370 9281 4217 5064 17089 898 16191 64314 9688 2646 54626 7891 46735 7042 417 245
is_linear=0
shrinkage=0.05


Tree=134
num_leaves=23
num_cat=0
split_feature=2 29 2 16 1 1 3 33 9 2 9 32 0 0 33 29 28 1 1 0 5 9
split_gain=4.80308 4.88886 7.77052 10.1761 7.81925 10.6119 6.17461 5.77655 4.44627 8.11232 4.32861 14.5573 12.0618 10.9041 4.87646 8.0081 4.31743 3.81136 7.10171 3.04369 1.45389 1.00753
threshold=68.65000000000002 53.500000000000007 48.250000000000007 47.250000000000007 51.550000000000004 51.350000000000001 61.850000000000001 78.15000000000002 41.650000000000013 47.150000000000013 51.850000000000001 51.850000000000001 43.050000000000004 53.250000000000007 23.650000000000002 57.750000000000007 5.5000000000000009 55.150000000000013 54.550000000000004 58.050000000000004 47.350000000000001 40.95000000000001
decision_type=2 2 2 2 2 2 2 10 2 2 2 10 2 2 8 2 2 2 2 2 2 2
left_child=1 2 7 -4 5 -5 -6 17 9 -3 14 13 -13 -12 15 -10 -16 18 -1 21 -19 -11
right_child=-2 8 3 4 6 -7 -8 -9 10 19 11 12 -14 -15 16 -17 -18 20 -20 -21 -22 -23
leaf_value=-0.011844922819053312 0.042580028730951042 0.057148373714440294 0.069460913072916505 0.011792582782750527 -0.0016715224211937601 0.080414101277730909 0.030072757981193972 0.045469909396957997 -0.031743566470984939 -0.022018614187293867 -0.001678722016423747 0.054196905992270429 -0.014606693210790059 0.059703832399605666 5.2902634931195015e-06 0.028645676316404019 -0.0058721625603666821 -0.054479152422382306 0.078050291305589978 0.009381481059854202 -0.017118688809001557 -0.051314247773626399
leaf_weight=59.003183999448083 6.3963608480989924 2.6435095516499159 6.3149322452954939 165.65397537546232 238.51672650570981 5.7689795596525064 16.265435005770996 4.2487670071423045 26.847462099976838 5.2014577942900422 16.043754381826151 6.4626691867597392 193.03690181393176 12.845713240094481 5057.5584124324378 6.7264761340338728 332.8117854858283 6.9509832487674412 2.1714573421049854 3.1529076481237999 5.0982869951985776 11.497794619062914
leaf_count=2902 36 109 96 4934 3295 128 171 25 3146 199 638 201 4155 420 72901 487 7904 184 63 103 84 421
internal_value=-0.000382508 -0.000428436 0.00425871 0.00687787 0.00592279 0.0141766 0.000346437 -0.0102893 -0.000850615 -0.0229937 -0.000761198 -0.00750411 -0.0123268 0.0255544 -0.000476216 -0.0194471 -0.00035677 -0.0136504 -0.00845023 -0.034149 -0.0393538 -0.0426723
internal_weight=6191.22 6184.82 509.993 432.52 426.205 171.423 254.782 77.4727 5674.83 22.4957 5652.33 228.389 199.5 28.8895 5423.94 33.5739 5390.37 73.2239 61.1746 19.8522 12.0493 16.6993
internal_count=102602 102566 11882 8624 8528 5062 3466 3258 90684 832 89852 5414 4356 1058 84438 3633 80805 3233 2965 723 268 620
is_linear=0
shrinkage=0.05


Tree=135
num_leaves=28
num_cat=0
split_feature=4 18 30 4 2 4 32 32 9 32 30 2 8 6 6 6 28 3 9 32 9 8 33 32 33 30 15
split_gain=9.40574 7.31261 10.8402 9.70144 7.41507 12.4461 8.51907 7.886 6.51792 9.45714 9.84959 9.17914 7.01148 6.14852 13.5472 12.3134 8.18948 7.41598 6.09952 5.95841 6.55128 5.62259 4.49472 4.47092 3.75895 2.88771 1.58224
threshold=20.050000000000004 16.500000000000004 493.00000000000006 41.250000000000007 55.050000000000004 79.15000000000002 79.65000000000002 61.550000000000004 55.050000000000004 43.650000000000013 483.00000000000006 44.650000000000013 53.550000000000004 77.050000000000011 76.750000000000014 77.250000000000014 4.5000000000000009 58.95000000000001 50.650000000000013 67.15000000000002 74.050000000000011 65.850000000000009 71.850000000000009 73.250000000000014 59.050000000000004 479.00000000000006 43.050000000000004
decision_type=2 2 2 2 2 2 8 8 2 10 2 2 2 2 2 2 2 2 2 8 2 2 8 10 8 2 2
left_child=26 8 4 -4 19 7 -7 -6 13 10 -10 12 -11 14 17 -15 -17 -2 21 20 -3 -5 -20 -13 -21 -16 -1
right_child=1 2 3 18 5 6 -8 -9 9 11 -12 23 -14 15 25 16 -18 -19 22 24 -22 -23 -24 -25 -26 -27 -28
leaf_value=-0.00035492932601986277 -6.3950336064362898e-05 -0.021045783130248009 0.066179950226125758 0.0026330784400418429 0.041418776433860646 -0.018703226313978569 0.02676697333029629 0.0052790227183572474 -0.0096185975599251145 -0.00098627644669678168 0.10323059947528548 -0.010028313568305773 0.085170469696374679 0.055029712774793731 -0.017585968686881812 0.00663198148158435 -0.0060007846721035173 0.0060684399275668811 -0.027959347736559882 -0.022363699336102265 0.036537340763835344 0.029535421119324369 0.019303056798117803 -0.039762540416466478 -0.0016021923066965463 -0.047686635449179011 -0.051361481472942505
leaf_weight=2.0182339677121481 3879.6760688767536 161.92606854322366 6.7596353027038267 62.956225350499153 19.434705446474254 80.788436846807599 11.632798213511704 68.609319330193102 3.7087033237330607 4.9487475166097266 3.7475429936312139 179.21488444670103 4.2249399106949568 12.071581079042515 19.256868976866826 708.09594459913205 156.18565655080602 564.41977617039811 19.955234944354746 26.718686447944492 4.9447781546041361 28.321725368965417 6.5070113595575085 13.679980900138615 120.31836278457195 14.777989983558653 10.204240297200156
leaf_count=95 62630 5554 172 946 599 1081 108 751 168 158 117 4373 108 164 377 10354 3655 7924 371 512 132 374 52 191 1247 254 621
internal_value=0.000221163 0.000308935 -0.00484527 0.00831666 -0.00817101 -6.64668e-05 -0.0129032 0.0133511 0.000883202 -0.00776256 0.0470538 -0.00983227 0.0386446 0.00122259 0.000471782 0.00505298 0.00434288 0.000713884 0.00489887 -0.0128129 -0.0192887 0.0110582 -0.0161205 -0.0121825 -0.00542147 -0.0309036 -0.043416
internal_weight=6195.1 6182.88 618.873 124.5 494.373 180.465 92.4212 88.044 5564.01 209.525 7.45625 202.069 9.17369 5354.48 4478.13 876.353 864.282 4444.1 117.74 313.908 166.871 91.278 26.4622 192.895 147.037 34.0349 12.2225
internal_count=103088 102372 11899 1915 9984 2539 1189 1350 90473 5115 285 4830 266 85358 71185 14173 14009 70554 1743 7445 5686 1320 423 4564 1759 631 716
is_linear=0
shrinkage=0.05


Tree=136
num_leaves=24
num_cat=0
split_feature=4 18 7 13 31 9 32 2 10 7 0 0 26 2 4 13 32 0 0 0 1 30 15
split_gain=8.8587 6.65863 10.5013 8.24798 7.7171 6.11452 8.29052 8.30532 8.90628 7.98486 6.72519 6.08614 5.66785 7.25465 6.31269 5.41535 8.73436 6.98947 4.65224 4.37977 3.65321 3.16095 1.56064
threshold=20.050000000000004 17.500000000000004 68.65000000000002 59.750000000000007 -12.499999999999998 55.050000000000004 50.650000000000013 45.650000000000013 55.000000000000007 57.850000000000001 47.650000000000013 48.95000000000001 1.0000000180025095e-35 65.250000000000014 50.850000000000001 53.550000000000004 75.850000000000009 35.750000000000007 58.95000000000001 47.45000000000001 51.550000000000004 487.00000000000006 43.050000000000004
decision_type=2 2 2 2 10 2 10 2 2 2 2 2 2 2 2 2 8 2 2 2 2 2 2
left_child=22 5 3 4 21 12 9 10 -9 11 -8 -7 15 14 -14 17 -17 -2 -6 -5 -21 -3 -1
right_child=1 2 -4 19 18 6 7 8 -10 -11 -12 -13 13 -15 -16 16 -18 -19 -20 20 -22 -23 -24
leaf_value=-0.00033812797121918642 0.038058537418061311 -0.030824145634378044 0.048829749941657279 0.0066930809186006614 0.0008200154235076866 -0.048989845248152225 0 -0.017332412616906736 0.021919717140065079 0.075780784664675541 0.07611140625312017 0.01901895029484215 0.017081502510504842 0.020691922132360326 -0.014404130242821347 0.0017222196868860208 0.009641511846577409 -0.00010133477361012761 -0.012727880363973652 -0.0041776206657854458 -0.044798656269345427 0.0010845696801662318 -0.05120673417604589
leaf_weight=2.0175819112919262 11.946058709756469 35.393929273821414 8.6394545547664148 7.1546683639753601 299.03801751905121 4.012438351986936 7.5826742369681579 162.19178001862019 15.670772272162138 4.9383493438363066 4.536888534668833 16.083186150761321 17.626495671225712 20.099199559539557 147.05382684990764 1766.7258157856995 434.36715590767562 3097.2490827892907 80.121745938668028 7.4460373928304753 25.504652928560972 9.5421478776261193 9.7354650518391264
leaf_count=95 800 906 65 173 6174 201 216 3794 263 114 112 575 367 151 2322 28633 2417 53280 1196 127 317 169 621
internal_value=0.000208533 0.000292119 -0.00540796 -0.00643847 -0.00437149 0.000765093 -0.00750144 -0.0110837 -0.0138356 0.0194211 0.028676 0.0050169 0.00108959 -0.00751228 -0.0109954 0.00138999 0.00328766 4.48932e-05 -0.00203226 -0.0281063 -0.035811 -0.02395 -0.0429728
internal_weight=6194.68 6182.92 472.841 464.201 424.096 5710.08 215.016 189.982 177.863 25.034 12.1196 20.0956 5495.07 184.78 164.68 5310.29 2201.09 3109.2 379.16 40.1054 32.9507 44.9361 11.753
internal_count=103088 102372 9127 9062 8445 93245 5275 4385 4057 890 328 776 87970 2840 2689 85130 31050 54080 7370 617 444 1075 716
is_linear=0
shrinkage=0.05


Tree=137
num_leaves=27
num_cat=0
split_feature=4 18 7 5 6 4 9 32 6 6 2 5 9 32 6 6 6 31 8 32 33 32 29 27 7 8
split_gain=8.34232 6.05587 8.72969 7.43805 7.92344 6.56687 5.39318 8.07853 8.33866 15.7846 7.84846 10.6391 6.39427 5.49901 5.51751 12.4524 10.7126 5.17414 5.14548 5.7911 4.92822 3.62019 2.82164 0.968097 0.819279 2.1201
threshold=20.050000000000004 16.500000000000004 68.65000000000002 49.250000000000007 43.500000000000007 40.050000000000004 55.050000000000004 50.650000000000013 70.050000000000011 54.95000000000001 45.650000000000013 52.750000000000007 59.050000000000004 38.45000000000001 77.050000000000011 76.750000000000014 77.250000000000014 -9.4999999999999982 49.95000000000001 29.650000000000002 61.250000000000007 57.650000000000013 55.750000000000007 4.5000000000000009 44.45000000000001 46.45000000000001
decision_type=2 2 2 2 2 2 2 10 2 2 2 2 2 10 2 2 2 8 2 10 8 8 2 2 2 2
left_child=24 6 3 17 -5 -6 13 8 9 -8 11 -9 -12 18 15 -15 -16 21 22 -20 -19 -3 -2 -10 25 -1
right_child=1 2 -4 4 5 -7 7 10 23 -11 12 -13 -14 14 16 -17 -18 20 19 -21 -22 -23 -24 -25 -26 -27
leaf_value=0.035935335130760894 -0.050427688789166314 0.076695392249746391 0.040107924513258564 0.050044672829814445 0.026682133337382254 -0.0039517628489156723 -0.024759406009135888 0.059694806805900336 0 0.077955092687722147 -0.052306209933010085 -0.038420788362976466 -0.011131485597817941 0.0007882650623806368 0.050760835714712287 -0.029958824427313908 0.0042335228522387691 -0.022701700125665088 0.045559575800952504 -0.010206555544829202 -0.0045224812635760777 0.0026789223324031526 -0.016782475945013173 -0.032029376914207756 -0.051222547980747005 -0.046806024923588013
leaf_weight=1.0443819928914302 10.373999362462202 2.2495340531459052 10.682697349227963 7.1555879605002692 18.149569432251155 407.16813973453827 5.6909381039440659 8.3080305247567576 3.7399322940036637 10.281753228278829 10.024233234114943 3.969316702336072 159.48444666271098 4398.2159103302984 12.476679832674561 33.071839525131509 858.84216786117759 102.86982862860896 5.5920384866185513 25.462295401957817 59.733638172969222 6.1123479190282533 17.516446350840852 5.2985656156670302 8.1617845543660206 2.0986304137622938
leaf_count=86 921 200 80 104 420 5270 193 228 134 370 244 95 3675 66657 156 605 13211 4794 542 2056 857 174 1210 176 427 203
internal_value=0.000197145 0.000276756 -0.00443368 -0.005237 -0.00173239 -0.00262681 0.000797228 -0.00712081 0.0193988 0.0411213 -0.0108057 0.0275155 -0.0136253 0.00110369 0.0012735 0.000556992 0.00491125 -0.0140668 -0.014064 0 -0.016061 0.0238529 -0.0296111 -0.0184716 -0.0425238 -0.0175101
internal_weight=6193.77 6182.47 614.121 603.439 432.473 425.318 5568.35 206.797 25.0112 15.9727 181.786 12.2773 169.509 5361.55 5302.61 4431.29 871.319 170.965 58.9448 31.0543 162.603 8.36188 27.8904 9.0385 11.3048 3.14301
internal_count=103088 102372 11899 11819 5794 5690 90473 5115 873 563 4242 323 3919 85358 80629 67262 13367 6025 4729 2598 5651 374 2131 310 716 289
is_linear=0
shrinkage=0.05


Tree=138
num_leaves=22
num_cat=0
split_feature=4 26 13 33 32 13 4 30 13 32 18 2 8 6 3 3 18 3 15 32 8
split_gain=7.84977 5.78061 7.22501 6.29383 5.70318 6.09003 10.4399 4.99901 9.00607 10.8088 8.53253 8.04563 6.71479 6.54845 4.12219 3.58197 2.07699 1.91162 1.58726 0.632997 0.785528
threshold=20.050000000000004 1.0000000180025095e-35 45.45000000000001 86.550000000000011 74.850000000000009 48.250000000000007 60.250000000000007 491.00000000000006 53.250000000000007 69.550000000000011 16.500000000000004 55.95000000000001 25.250000000000004 77.050000000000011 38.350000000000001 52.95000000000001 14.500000000000002 45.850000000000001 43.050000000000004 57.45000000000001 43.550000000000004
decision_type=2 2 2 10 8 2 2 2 2 8 2 2 2 2 2 2 2 2 2 8 2
left_child=18 3 16 7 5 6 -4 10 12 -10 13 -12 -9 -2 -7 17 -3 -6 -1 20 -18
right_child=1 2 4 -5 15 14 -8 8 9 -11 11 -13 -14 -15 -16 -17 19 -19 -20 -21 -22
leaf_value=0 -0.00066409701122555997 -0.012109603982729018 0.059448495326940902 0.023015693515798512 -0.017971540373361471 0.025806040685450029 -0.0021084289063867784 0.013192079353276884 0.013139626343542102 0.00099508781195349074 -0.011155491531161962 0.0047271691948304051 -0.0014776876369120995 0.0049999901118453942 -0.006692406915422615 -0.0028984196663149821 -0.047991516816403464 -0.045896042237337752 -0.050913769401843126 -0.05558266500602848 -0.0041903900484162992
leaf_weight=1.95677663036622 3067.3102337695891 6.986509193666282 10.610955400858076 31.009911570698023 13.119664859026672 10.266590111888943 18.868739529047161 84.72548297746107 357.95821244711988 377.2002396536991 319.85123471554834 105.63325213035569 968.04552809509914 611.90031792491209 154.64601959032007 17.494839138351381 2.415489133447406 13.383723376318811 8.9205771142151189 8.9063965752720833 2.2256978112272918
leaf_count=95 53023 137 191 136 115 191 421 1830 6427 2446 7582 1294 14730 10698 2572 123 99 103 621 149 105
internal_value=0.000185816 0.000261621 -0.00704818 0.000582093 -0.00456526 -0.000855287 0.0200055 0.000462799 0.00266976 0.0069162 -0.000497335 -0.00720044 -0.000291196 0.000276665 -0.00462451 -0.0208041 -0.0354696 -0.0323804 -0.0420553 -0.0469729 -0.0285725
internal_weight=6193.44 6182.56 258.925 5923.63 238.391 194.392 29.4797 5892.62 1787.93 735.158 4104.7 425.484 1052.77 3679.21 164.913 43.9982 20.5341 26.5034 10.8774 13.5476 4.64119
internal_count=103088 102372 4206 98166 3716 3375 612 98030 25433 8873 72597 8876 16560 63721 2763 341 490 218 716 353 204
is_linear=0
shrinkage=0.05


Tree=139
num_leaves=19
num_cat=0
split_feature=4 26 13 7 33 2 13 33 0 7 33 9 1 0 0 1 8 33
split_gain=7.3866 5.26101 6.80553 6.91798 7.78378 12.3284 6.82963 11.4999 5.97384 5.83597 5.71001 5.13987 8.89999 4.41148 3.96617 1.52964 0.864044 0.0647148
threshold=20.050000000000004 1.0000000180025095e-35 45.45000000000001 54.850000000000001 58.850000000000001 59.250000000000007 48.150000000000013 57.050000000000004 62.550000000000004 80.450000000000017 86.550000000000011 55.050000000000004 47.150000000000013 46.750000000000007 60.45000000000001 53.750000000000007 40.050000000000004 38.95000000000001
decision_type=2 2 2 2 10 2 2 10 2 2 10 2 2 2 2 2 2 8
left_child=16 9 15 4 5 -4 7 -5 -6 10 11 13 -13 -2 -8 17 -1 -3
right_child=1 2 3 6 8 -7 14 -9 -10 -11 -12 12 -14 -15 -16 -17 -18 -19
leaf_value=-0.015026478376006361 -0.0031053306610409545 -0.034576900095671381 -0.0044034640428652107 -0.024029685929800017 0.00075451274381578472 0.042163918921907122 -0.026272084586002262 0.067326494743176077 -0.03254160352611489 0.030334543881905943 0.021806245240327895 0.017366199723879479 -0.011396250942155422 0.0011644625687129481 -0.0050367883202330974 -0.019097904672605661 -0.050729374980499453 -0.053758697964701008
leaf_weight=2.8867312159854901 688.14334481325932 3.4429542995058009 30.10357725713402 7.0798671101219934 54.371689613908529 26.510272820712999 59.648991715628654 6.4527527578175068 17.688221512362361 16.30890466272831 31.096565790474415 31.259163042064756 184.9221981051378 4973.8396638240665 35.911876677535474 9.5551792057231051 7.5798447645502165 6.9763606628403076
leaf_count=187 19921 173 994 175 525 663 779 50 155 83 136 909 4507 72610 375 181 529 136
internal_value=0.0001753 0.000247478 -0.0067427 -0.00435636 0.00346527 0.0173501 -0.0136223 0.0193392 -0.00738301 0.000552479 0.000468926 0.000354828 -0.00720806 0.000644594 -0.0183577 -0.0347363 -0.0415909 -0.0482845
internal_weight=6193.78 6183.31 257.742 237.767 128.674 56.6139 109.093 13.5326 72.0599 5925.57 5909.26 5878.16 216.181 5661.98 95.5609 19.9745 10.4666 10.4193
internal_count=103088 102372 4206 3716 2337 1657 1379 225 680 98166 98083 97947 5416 92531 1154 490 716 309
is_linear=0
shrinkage=0.05


Tree=140
num_leaves=31
num_cat=0
split_feature=33 7 28 12 9 7 31 18 7 14 15 32 4 7 4 27 33 15 0 9 4 3 18 33 9 1 17 0 33 27
split_gain=6.37465 5.91548 7.56055 6.19835 9.56559 9.54633 5.85422 7.72604 5.8244 5.75111 4.89041 6.97299 11.6427 5.67766 12.8804 8.12456 6.62328 5.62759 11.4338 6.14352 4.46991 6.28227 9.26463 8.44805 6.84992 6.52078 11.8955 5.95334 5.46406 5.40608
threshold=30.550000000000004 45.250000000000007 5.5000000000000009 97.850000000000009 50.650000000000013 49.350000000000001 -11.499999999999998 13.500000000000002 65.450000000000017 61.45000000000001 37.350000000000001 45.45000000000001 58.050000000000004 43.650000000000013 75.050000000000011 5.5000000000000009 69.250000000000014 36.350000000000001 56.350000000000001 49.750000000000007 97.950000000000017 55.95000000000001 14.500000000000002 70.850000000000009 74.65000000000002 58.650000000000013 2050.0000000000005 49.050000000000004 45.45000000000001 7.5000000000000009
decision_type=8 2 2 2 2 2 10 2 2 2 2 10 2 2 2 2 10 2 2 2 2 2 2 8 2 2 2 2 10 2
left_child=1 -1 3 6 9 -6 7 -3 -8 -5 11 12 -2 14 16 -16 -13 19 -19 -15 21 25 23 -23 -24 -12 -27 -22 -29 -30
right_child=10 2 -4 4 5 -7 8 -9 -10 -11 20 13 -14 17 15 -17 -18 18 -20 -21 27 22 24 -25 -26 26 -28 28 29 -31
leaf_value=-0.029870318012537006 -0.03667604097770813 0.12861829755631612 -0.039428910306847587 -0.0078148605159268549 0.14724039885649892 0.027682112907618541 -0.018243653152721358 0.0019706362727277909 0.066895886458407869 0.085203988472847908 -0.00086682372027744974 0.0020945351919611178 0.071970888921629034 -0.014832205715719016 0.0097627235664438754 0.074802935066792517 -0.057967637675055875 -0.036022086028826054 0.012363289512032046 -0.00053754330281191858 -0.039297712031892619 0.004968236845415034 -0.00041343924088819398 0.018941119601426016 0.041107369696205542 0.0023806384218752127 0.02637902799668583 0.024339125160587293 -0.006872102890962373 0.0086902160547391895
leaf_weight=31.899343121564016 3.6159792363177967 1.5709711462259282 13.569223183207212 17.445062282262377 2.418274925556033 5.5809251465834677 47.679601571755484 4.6253095229621977 1.978121643885969 1.7343247700482596 3446.6476498075062 16.938061003806073 7.0619889413937926 112.80862160632387 10.300673190504314 9.300216547213493 6.1204932061955324 42.098522528074682 16.9355200054124 227.2006285013631 11.759873089380561 385.54086796531919 689.71212533814833 151.20977984368801 9.9773642504587752 412.57046388555318 59.05078275129199 16.979829934425652 361.43265719525516 65.644775111228228
leaf_count=4680 117 115 1051 1282 168 299 4373 417 67 117 58856 472 195 1222 161 145 56 569 194 2409 194 5445 10767 1116 218 3799 523 335 2878 475
internal_value=-0.000189103 -0.0112051 -0.00496535 0.000647207 0.0202441 0.0658154 -0.00881845 0.0364071 -0.014624 0.000735478 4.37331e-05 -0.00495571 0.0347159 -0.00593371 0.0113379 0.0410998 -0.0138135 -0.00779502 -0.0220594 -0.00529791 0.000447814 0.000868321 0.0039756 0.00891669 0.00017728 -0.000111006 0.00540098 -0.00429576 -0.00334892 -0.00446689
internal_weight=6191.41 128.501 96.6018 83.0326 27.1786 7.9992 55.854 6.19628 49.6577 19.1794 6062.91 452.381 10.678 441.703 42.6594 19.6009 23.0586 399.043 59.034 340.009 5610.53 5154.71 1236.44 536.751 699.689 3918.27 471.621 455.817 444.057 427.077
internal_count=102715 12569 7889 6838 1866 467 4972 532 4440 1399 90146 5540 312 5228 834 306 528 4394 763 3631 84606 80724 17546 6561 10985 63178 4322 3882 3688 3353
is_linear=0
shrinkage=0.05


Tree=141
num_leaves=31
num_cat=0
split_feature=33 8 15 32 18 13 28 6 15 1 27 9 13 31 13 1 33 8 1 8 5 16 15 15 15 0 0 22 9 0
split_gain=5.86853 9.10227 11.7903 9.14039 9.09418 6.78166 5.96883 11.4878 9.52254 5.84905 4.8764 9.13384 8.88692 8.30949 6.0196 11.5223 11.6744 5.79155 10.7636 7.01208 5.15601 5.8464 5.25971 4.30125 2.90677 2.78156 2.69958 10.4852 2.77709 1.68696
threshold=32.050000000000004 15.65 40.850000000000001 55.45000000000001 11.500000000000002 55.250000000000007 4.5000000000000009 85.450000000000017 50.750000000000007 36.750000000000007 4.5000000000000009 41.95000000000001 35.050000000000004 24.500000000000004 38.250000000000007 49.650000000000013 61.45000000000001 31.350000000000005 44.250000000000007 32.550000000000004 41.95000000000001 49.95000000000001 37.350000000000001 49.550000000000004 54.95000000000001 38.850000000000001 51.150000000000013 1.0000000180025095e-35 51.750000000000007 49.750000000000007
decision_type=8 2 2 10 2 2 2 2 2 2 2 2 2 10 2 2 8 2 2 2 2 2 2 2 2 2 2 2 2 2
left_child=1 2 -1 4 -4 6 7 8 -3 -8 13 29 24 14 15 -2 -17 18 -14 -19 21 -16 -22 -11 -13 -6 28 -28 -7 -12
right_child=10 5 3 -5 25 26 9 -9 -10 23 11 12 17 -15 20 16 -18 19 -20 -21 22 -23 -24 -25 -26 -27 27 -29 -30 -31
leaf_value=0.15053430558836581 -0.022723096101425061 -0.020713730579376009 0.098670674584390813 0.10195119246504281 0.022124439352402932 -0.047800390030331687 0.065623035111684033 0.1153967066488748 0.016101399133542173 -0.0087564775615044926 -0.0069162596514115039 -0.048064820607725295 0.047863012883024941 0.050223739914139677 -0.054009189179955612 0.095435965819320082 0.0030920307201979941 -0.020869399202680973 0.0059254171825028233 0.0012799486665425236 -0.009308096925282212 -0.007728199494509572 -0.00056038116885295862 -0.043285534800720199 -0.0065264693123311115 -0.042827757432230412 0.1042394788792208 -0.048487225835424565 0.026057140042459955 -0.043890015001468434
leaf_weight=1.6287490250542749 8.0348741388879734 36.771159704076126 1.5642207066994149 2.1685469383373848 1.9571123368805254 21.192315492313362 1.619869457092135 2.005313094588927 33.362336427904665 16.733447211794555 4.545593997230756 11.645444196183236 16.037593094166368 7.6227241628803304 6.9999030374456188 7.2287111738696668 6.6515713408589372 36.044001330155879 314.00372587167658 2988.9351404992631 186.41990264947526 212.87376392667647 2209.320991493878 20.778101602452807 7.093640908598899 7.10516043077223 1.4945380217395721 3.6930681980447835 1.2027959811966855 12.909758750349281
leaf_count=99 186 3885 86 109 214 2672 157 191 2848 1509 173 216 455 105 204 154 53 582 5082 41618 2261 6274 30222 1714 118 556 93 324 117 438
internal_value=-0.000180779 -0.00983942 0.0277241 0.010657 -0.00828403 -0.0137946 -0.00821818 0.000249137 -0.00313168 -0.023916 6.38061e-05 0.00131969 0.00150824 -0.00154439 -0.0016978 0.0243218 0.0518801 0.00170191 0.0079923 0.0010137 -0.00191864 -0.00924821 -0.00124351 -0.0280797 -0.0327241 -0.0281664 -0.0359985 -0.00240213 -0.0435132 -0.0346406
internal_weight=6189.64 153.277 14.4238 12.795 10.6265 138.853 111.27 72.1388 70.1335 39.1314 6036.37 3391.21 3373.76 2645.15 2637.53 21.9152 13.8803 3355.02 330.041 3024.98 2615.61 219.874 2395.74 37.5115 18.7391 9.06227 27.5827 5.18761 22.3951 17.4554
internal_count=102715 14574 1064 965 856 13510 10304 6924 6733 3380 88141 48682 48071 39459 39354 393 207 47737 5537 42200 38961 6478 32483 3223 334 770 3206 417 2789 611
is_linear=0
shrinkage=0.05


Tree=142
num_leaves=31
num_cat=0
split_feature=30 16 4 16 16 4 30 3 3 5 4 2 8 7 7 1 17 1 5 8 18 4 4 2 5 5 7 9 8 15
split_gain=6.87515 5.57967 6.76612 6.66914 6.55403 5.81613 6.14284 5.69801 6.20009 6.14537 5.49714 5.36473 5.32389 6.83717 4.85444 6.41833 6.03709 6.85565 7.19118 5.37171 5.02871 4.86405 5.96088 21.0411 4.58954 9.19323 4.50781 4.34185 2.48417 1.55222
threshold=441.00000000000006 54.550000000000004 95.950000000000017 54.850000000000001 53.95000000000001 98.850000000000009 559.00000000000011 38.550000000000004 39.750000000000007 57.45000000000001 71.450000000000017 52.350000000000001 79.65000000000002 51.45000000000001 67.550000000000011 47.350000000000001 1250.0000000000002 44.050000000000004 49.750000000000007 39.45000000000001 10.500000000000002 43.650000000000013 47.45000000000001 51.150000000000013 48.45000000000001 44.850000000000001 60.750000000000007 49.250000000000007 49.95000000000001 40.45000000000001
decision_type=2 2 2 2 2 2 2 2 2 2 2 2 2 2 2 2 2 2 2 2 2 2 2 2 2 2 2 2 2 2
left_child=14 4 3 -3 5 6 11 9 -9 -7 -8 -2 13 -5 15 16 17 18 -1 -19 -18 24 23 -23 25 -17 -22 -24 -6 -26
right_child=1 2 -4 12 28 7 10 8 -10 -11 -12 -13 -14 -15 -16 21 20 19 -20 -21 26 22 27 -25 29 -27 -28 -29 -30 -31
leaf_value=0.058765807815525796 -0.0010129261353490088 0.057788667717527969 0.057021087604787614 0.020148734647696603 -0.052484150148857246 -0.0043185164966292374 0.0076150266065802613 -0.037541484094942623 -0.0057474540551215141 0.04575088577157202 0.061010797288483923 0.00227336872164134 -0.026332527543031944 -0.012955643023049777 0.028312188338861472 -0.030977730686686713 0.020476905474252967 0.030630992749825111 -0.0142989386433832 -0.036121727217517573 -0.048228818363293013 -0.03111420811610352 -0.013043980883635896 0.077333767658660027 -0.0055220896108033636 0.063947911873888916 0.034737235157034821 -0.0016784934746805408 -0.014869647653561677 -0.046484833779791748
leaf_weight=6.6384553948882949 2441.8729310161434 6.2474993504583827 7.7110030227340749 49.187357406830415 6.8839176101610091 13.630194796249272 13.299920340767132 16.027029539458454 346.34423283440992 10.780255686491726 7.7324746013618997 2524.3453751504421 11.835527624236418 22.547375950030982 10.715558386407791 7.4045837132725882 3.3186420197598663 3.5287800482474294 6.5027788693550974 16.347418085439131 26.285121968248863 8.392255467129873 102.56264577701222 9.2771932757459563 3.1184078692458597 3.761125250835903 1.6050630640238512 472.11286201165058 13.719068295788018 14.579611316323279
leaf_count=514 45460 111 65 1102 121 163 202 140 2924 72 97 34443 173 258 108 552 154 169 262 557 1714 217 2245 201 84 206 52 9714 187 448
internal_value=-0.000173254 0.00041928 0.0122667 0.00830968 0.000203943 0.000313026 0.000772026 -0.00559116 -0.00717741 0.0176858 0.0276782 0.000656514 0.00448635 0.00967034 -0.00485452 -0.00538437 -0.0204375 -0.00532583 0.0223981 -0.0239263 -0.0361972 -0.00381696 -0.0028286 0.0256589 -0.0238476 0.000837579 -0.0431685 -0.00371751 -0.0278718 -0.0396197
internal_weight=6188.31 5492.16 97.5288 89.8178 5394.64 5374.03 4987.25 386.782 362.371 24.4105 21.0324 4966.22 83.5703 71.7347 696.151 685.435 64.2263 33.0174 13.1412 19.8762 31.2088 621.209 592.345 17.6694 28.8637 11.1657 27.8902 574.676 20.603 17.698
internal_count=102715 85518 1709 1644 83809 83501 80202 3299 3064 235 299 79903 1533 1360 17197 17089 3422 1502 776 726 1920 13667 12377 418 1290 758 1766 11959 308 532
is_linear=0
shrinkage=0.05


Tree=143
num_leaves=31
num_cat=0
split_feature=30 0 27 30 7 1 12 5 32 4 12 14 16 5 4 33 0 8 9 32 5 0 9 0 4 4 12 3 3 33
split_gain=6.24592 7.10896 6.17405 8.456 8.72518 8.24938 8.20926 12.0598 13.7397 10.671 9.46635 13.5242 8.50279 7.97764 5.393 8.90343 8.28199 6.32535 7.34589 6.89325 5.29892 7.85881 7.87463 6.72424 5.52855 5.97727 5.26651 7.65343 7.57717 7.36563
threshold=441.00000000000006 41.050000000000004 4.5000000000000009 449.00000000000006 41.150000000000013 60.750000000000007 72.550000000000011 45.250000000000007 71.850000000000009 82.250000000000014 77.350000000000009 52.850000000000001 49.650000000000013 41.850000000000001 85.050000000000011 45.850000000000001 63.650000000000013 77.550000000000011 48.95000000000001 35.850000000000001 46.350000000000001 47.45000000000001 51.750000000000007 52.45000000000001 99.850000000000009 44.95000000000001 53.000000000000007 49.750000000000007 48.550000000000004 62.250000000000007
decision_type=2 2 2 2 2 2 2 2 8 2 2 2 2 2 2 10 2 2 2 10 2 2 2 2 2 2 2 2 2 8
left_child=1 -1 3 4 -2 13 20 8 9 -8 11 -9 -12 -6 17 -16 -17 19 -19 -5 21 22 -4 -23 25 -22 -3 28 -28 -29
right_child=2 26 6 14 5 -7 7 10 -10 -11 12 -13 -14 -15 15 16 -18 18 -20 -21 24 23 -24 -25 -26 -27 27 29 -30 -31
leaf_value=-0.042767316894085215 -0.040938810537543481 0.0022563108909576194 -0.028151536562594545 -0.037724410893023752 -0.019149098870937045 -0.039678265187121545 0.012688475966326412 0.0096454076041259922 -0.0091913454278289147 0.037692222614681768 -0.022794120142237168 0.062030963768919901 0.0018876291471566717 0.018200409102488425 0.016414625525214329 -0.0091449974364669409 0.025453964341547522 0.015551973207904125 -0.012045411859602947 0.00072369261629719704 -0.013983663502630745 0.0064655947967893748 0.042380392845429549 -0.010141313528579304 -0.013119304955668968 0.0023980887429597185 -0.011200004875727492 -0.010241588513537044 -0.044917388746427991 0.0068332106788702995
leaf_weight=11.939919414697213 8.0960749796358851 226.48510074813385 54.680897035752423 11.652913706842808 15.737922778585924 7.2698859088122836 154.07332399743609 95.588300209492445 50.625576270744205 59.624038945185021 35.850840081460774 14.133348701521752 1165.6389902634546 138.04442953458056 39.700160082429647 539.08577541774139 17.703441379591823 27.255618985043839 196.15228671336081 1399.2828996171011 58.524707276374102 110.0816380889155 4.1239925618283442 135.85411486844532 67.847480080090463 1087.3063618941233 183.60992426797748 119.90086427191272 18.398541703820229 133.05064928438514
leaf_count=1186 376 5625 2617 1004 606 54 5471 1194 474 1199 435 192 14336 2214 1017 4875 141 440 2803 24731 1246 3127 183 3260 545 12978 4525 4295 396 1170
internal_value=-0.000165951 -0.00463785 0.000397608 -0.00150432 0.00926474 0.0118433 0.00187455 0.0044033 0.0141482 0.0197026 0.00243411 0.0164891 0.00114516 0.0143356 -0.00232348 -0.00639364 -0.00803155 -0.000834629 -0.00865073 0.000399955 -0.000746142 -0.00664123 -0.0230567 -0.00268808 0.000730352 0.00155586 -0.00395625 -0.00705975 -0.0143164 -0.00124146
internal_weight=6187.32 693.385 5493.94 2399.98 169.148 161.052 3093.95 1575.53 264.323 213.697 1311.21 109.722 1201.49 153.782 2230.83 596.489 556.789 1634.34 223.408 1410.94 1518.42 304.741 58.8049 245.936 1213.68 1145.83 681.445 454.96 202.008 252.952
internal_count=102715 17197 85518 38261 3250 2874 47257 23301 7144 6670 16157 1386 14771 2820 35011 6033 5016 28978 3243 25735 23956 9187 2800 6387 14769 14224 16011 10386 4921 5465
is_linear=0
shrinkage=0.05


Tree=144
num_leaves=29
num_cat=0
split_feature=30 0 16 6 16 4 4 30 3 33 33 15 3 16 32 12 12 3 3 8 33 5 32 3 13 13 33 32
split_gain=5.66393 6.74753 4.97801 10.6927 6.03811 5.62515 4.96553 5.44524 5.13417 8.0846 7.35387 4.96436 4.87241 4.82378 6.54166 4.79372 7.19499 7.03075 7.21297 7.04378 10.2607 6.61164 6.46254 5.74916 4.87698 2.93504 1.60043 1.54704
threshold=441.00000000000006 41.050000000000004 54.550000000000004 80.850000000000009 53.95000000000001 95.950000000000017 98.850000000000009 559.00000000000011 38.550000000000004 69.450000000000017 67.450000000000017 55.650000000000013 49.750000000000007 54.850000000000001 66.050000000000011 53.000000000000007 50.600000000000009 49.750000000000007 48.550000000000004 30.150000000000002 62.850000000000001 74.450000000000017 67.950000000000017 35.45000000000001 40.95000000000001 52.850000000000001 53.45000000000001 65.550000000000011
decision_type=2 2 2 2 2 2 2 2 2 10 8 2 2 2 8 2 2 2 2 2 8 2 8 2 2 2 8 10
left_child=1 27 4 5 6 13 7 11 10 -10 -8 -2 -9 -4 -15 16 21 18 23 22 -21 24 -19 -17 -3 -6 -20 -1
right_child=2 15 3 -5 25 -7 8 12 9 -11 -12 -13 -14 14 -16 17 -18 19 26 20 -22 -23 -24 -25 -26 -27 -28 -29
leaf_value=-0.05026686806440997 -0.0005591881684328708 0.048550058686878887 0.044511455146926372 0.062671079486844236 -0.048264339757953946 0.04756681679871938 -0.012547597910504086 0.00084936990884058525 -0.00061231884981135859 -0.015941945394047811 0.041926371045705062 0.0027618280329604825 0.048942687514238851 0.015491517762698784 -0.014103662877405313 0.045771301302373862 0.055082567183292366 0.037692027580087439 -0.015469304537419366 -0.015419312493379989 0.0059880832910587213 0.0527772603375668 -0.013622191087706407 -0.012144471434745709 -0.0019628495563467708 -0.0092758140681777779 -0.05275924043509829 0
leaf_weight=9.6371811587596294 3251.6860806788318 4.7863046133425078 6.148344757501035 9.1754954070784134 9.0042509667109716 7.4158054841682306 11.251924371812494 10.470875723753126 217.34447872312739 143.0221932195127 13.312413364648817 1719.4082561853575 10.96242965897545 32.94846105016768 42.751371175050735 4.260770888766273 6.1430363503750405 20.01311927638017 4.3132051116554093 106.632658696617 117.21383558399975 5.8160205781459799 8.594204315915702 177.74055613472592 210.14097403362393 11.244414745364336 13.489801403135059 1.8363338573835779
leaf_count=1144 57718 156 104 166 155 61 154 152 2317 747 81 22185 147 1013 365 117 129 724 240 3638 999 40 104 4408 5300 153 156 42
internal_value=-0.000159565 -0.00442762 0.000375899 0.0115136 0.000171642 0.00613486 0.000275428 0.000698235 -0.00519412 -0.00671294 0.0168216 0.000588516 0.0257928 0.00226646 -0.00115291 -0.00377383 0.00213966 -0.00675135 -0.0137588 -0.00118228 -0.00418966 0.0006194 0.0221083 -0.0107368 -0.000792648 -0.0270111 -0.044141 -0.0423281
internal_weight=6186.76 690.618 5496.15 98.4395 5397.71 89.264 5377.46 4992.53 384.931 360.367 24.5643 4971.09 21.4333 81.8482 75.6998 679.144 226.886 452.258 199.804 252.454 223.846 220.743 28.6073 182.001 214.927 20.2487 17.803 11.4735
internal_count=102715 17197 85518 1709 83809 1543 83501 80202 3299 3064 235 79903 299 1482 1378 16011 5625 10386 4921 5465 4637 5496 828 4525 5456 308 396 1186
is_linear=0
shrinkage=0.05


Tree=145
num_leaves=31
num_cat=0
split_feature=12 32 12 18 9 33 5 6 14 33 0 15 2 9 2 5 0 20 33 11 2 12 9 5 17 17 32 12 12 32
split_gain=5.53879 9.0729 7.68886 7.01508 14.4951 11.2544 11.0179 10.7797 8.66677 8.44339 6.34278 8.80734 9.6846 10.2539 10.851 8.13303 7.39577 7.52299 11.3489 8.90408 7.58131 6.5728 6.28185 5.84975 5.63717 5.94829 5.66343 5.64022 7.14457 4.61165
threshold=98.850000000000009 88.550000000000011 99.15000000000002 15.500000000000002 60.250000000000007 59.250000000000007 55.650000000000013 72.350000000000009 47.750000000000007 62.650000000000013 57.45000000000001 69.450000000000017 52.150000000000013 49.050000000000004 56.95000000000001 44.850000000000001 53.45000000000001 1.0000000180025095e-35 70.050000000000011 46.550000000000004 53.150000000000013 98.15000000000002 49.650000000000013 53.050000000000004 1250.0000000000002 2885.0000000000005 62.850000000000001 50.600000000000009 57.45000000000001 75.250000000000014
decision_type=2 8 2 2 2 8 2 2 2 10 2 2 2 2 2 2 2 2 10 2 2 2 2 2 2 2 8 2 2 10
left_child=10 2 -2 5 9 6 -4 -7 -6 -5 16 12 15 -14 -15 -12 17 18 19 -1 -20 23 -17 -19 27 26 -26 -18 -29 -13
right_child=1 -3 3 4 8 7 -8 -9 -10 -11 11 29 13 14 -16 22 24 21 20 -21 -22 -23 -24 -25 25 -27 -28 28 -30 -31
leaf_value=-0.028698177439033992 0.044025510674468568 0.043172504284396222 0.0060346585857653989 -0.0092369006966251336 0.063125403749206832 -0.0048980624312714603 0.024770586237871563 0.0082285380361226245 0.0049455179917556246 0.0018019995479354152 -0.0090971443864860859 -0.019453808741005614 -0.01356806250308145 -0.0057684244525207876 0.0089440079573694566 0.0073171995204266947 -0.014329588728736015 0.00040160554780805687 0.020676061495984492 0.0011295846644167338 0.00033109201611640916 0.044338977944083813 0.036368198748461672 -0.0063344801437457826 -0.0010118667878079317 0.021911453683207384 -0.011123479003224378 0.029754384207781842 0.0012466703522737098 0.0070091462907993134
leaf_weight=25.528810193063691 10.86981243547052 13.581201575696467 274.60771179466974 312.31568826653529 13.20141820702702 372.28126810444519 110.4544421620667 269.45685015432537 12.762246181257067 387.44698002561927 20.331560449907556 61.370829875580966 86.294481675606221 173.79136833013035 445.93215517001227 29.566844038665295 46.255682598100975 597.63571155397221 128.14278597198427 1045.0757245603018 72.008983735926449 7.193304526153951 52.710601560305804 696.11670562229119 192.10987166827545 16.442299872171134 506.76519783306867 25.390147988218814 162.9708818764193 22.097050426527858
leaf_count=854 154 168 7834 9328 298 2990 1728 2001 301 3017 600 762 1308 2730 5327 386 663 17566 812 21885 459 145 610 7732 5349 180 4625 392 2404 128
internal_value=0.000233672 0.00259125 0.00227344 0.00200913 -0.00174852 0.00466976 0.011427 0.000606246 0.034848 -0.00311832 -0.000714399 0.00304934 0.00465035 0.00255486 0.00480981 0.0190036 -0.0016693 -0.000274591 0.0024594 0.000411051 0.0133853 -0.00294897 0.0260108 -0.00321916 -0.00543943 -0.00764607 -0.00835165 0.00126741 0.00512965 -0.0123882
internal_weight=6190.71 1776.98 1763.4 1752.53 725.726 1026.8 385.062 641.738 25.9637 699.763 4413.73 892.095 808.627 706.018 619.724 102.609 3521.64 2571.7 1270.76 1070.6 200.152 1300.95 82.2774 1293.75 949.934 715.317 698.875 234.617 188.361 83.4679
internal_count=102736 27819 27651 27497 12944 14553 9562 4991 599 12345 74917 11851 10961 9365 8057 1596 63066 49453 24010 22739 1271 25443 996 25298 13613 10154 9974 3459 2796 890
is_linear=0
shrinkage=0.05


Tree=146
num_leaves=31
num_cat=0
split_feature=1 12 7 14 28 4 8 9 8 1 7 1 7 33 8 20 4 7 4 33 31 15 5 32 5 8 15 7 8 32
split_gain=6.7175 8.663 10.4943 8.59246 9.00387 7.84024 7.4361 5.93125 5.83521 8.00548 5.7267 5.41794 10.6587 4.98172 10.1005 5.39792 4.86882 6.31058 5.46711 9.07253 13.923 8.5652 4.76523 4.68759 11.7208 5.52775 4.48565 4.4119 13.2946 4.26741
threshold=59.050000000000004 99.750000000000014 53.45000000000001 56.050000000000004 3.5000000000000004 80.850000000000009 84.15000000000002 48.550000000000004 86.450000000000017 60.750000000000007 35.95000000000001 59.350000000000001 50.750000000000007 64.250000000000014 45.650000000000013 1.0000000180025095e-35 41.550000000000004 45.150000000000013 51.550000000000004 55.45000000000001 19.500000000000004 50.850000000000001 64.050000000000011 49.850000000000001 42.350000000000001 20.250000000000004 66.250000000000014 45.750000000000007 52.650000000000013 35.150000000000013
decision_type=2 2 2 2 2 2 2 2 2 2 2 2 2 8 2 2 2 2 2 8 10 2 2 8 2 2 2 2 2 8
left_child=10 6 3 4 22 -6 7 -2 9 -8 -1 12 -9 14 -4 -15 17 26 19 20 -18 -21 -3 24 -20 -25 -12 28 -19 -29
right_child=1 2 13 -5 5 -7 8 11 -10 -11 16 -13 -14 15 -16 -17 18 27 23 21 -22 -23 -24 25 -26 -27 -28 29 -30 -31
leaf_value=-0.03430022338498695 0.026335706016234507 0.033943096111134684 0.058073460147612624 -0.010685670226317272 0.028803981040361137 -0.013985449223925139 0.061481152842978795 0.037859174326356694 0.0024975487848488227 0.0061450713062046252 -0.024232840465777145 -0.0054416704887607177 -0.0085964521829008829 -0.016696303470472636 1.3791229577085477e-05 0.009888332295937316 0.0084448053527548649 -0.022566841155374221 -0.026120572350163736 -0.0077874955698819985 0.084907477958680991 0.004675081904013426 0.070169559768143194 0.0098594171466783835 -0.0010974060617635324 -0.00058995710730707881 0.028960292275408618 -0.049110647392715145 0.095619748902237928 -0.0031190892553518337
leaf_weight=12.298381775035521 17.907034280709922 45.65096933580935 10.576700842007993 15.858261672779916 26.19931764760986 17.797561287879944 13.591414528433235 22.328091265168041 30.313829566817731 12.975220639258621 57.691671766573563 318.31092599686235 27.123209143988788 44.171163484454155 25.684333293698728 33.258909292519093 356.9484144099988 5.1270930187311006 62.090553820715286 231.38991432823241 5.9733455111272624 340.64764122013003 11.931023120880125 130.72793236747384 190.99363072006963 3861.4033724656329 4.0884856428019694 5.0686178992036721 4.2165753755252808 249.2893265967723
leaf_count=1396 201 446 92 153 301 152 111 253 230 100 3171 2753 218 237 260 165 10541 248 5146 2329 148 3099 69 2362 8946 52471 151 452 131 6404
internal_value=0.000220789 0.0049343 0.0127793 0.0232593 0.0286132 0.011389 0.000823899 -0.00165481 0.0176915 0.0347667 -0.000353849 -0.0030381 0.0123122 0.00189899 0.0171994 -0.00521476 -0.00027649 -0.00620756 9.53191e-05 0.00355718 0.00974012 -0.000357787 0.0416446 -0.000666003 -0.00726412 -0.000246287 -0.0205907 -0.00281238 0.0306863 -0.00407416
internal_weight=6191.63 673.678 231.128 117.437 101.579 43.9969 442.55 385.669 56.8805 26.5666 5517.95 367.762 49.4513 113.691 36.261 77.4301 5505.66 325.482 5180.17 934.959 362.922 572.038 57.582 4245.22 253.084 3992.13 61.7802 263.702 9.34367 254.358
internal_count=102736 5741 1875 1121 968 453 3866 3425 441 211 96995 3224 471 754 352 402 95599 10557 85042 16117 10689 5428 515 68925 14092 54833 3322 7235 379 6856
is_linear=0
shrinkage=0.05


Tree=147
num_leaves=31
num_cat=0
split_feature=0 2 0 13 6 12 16 16 27 8 0 12 29 3 13 33 16 6 15 6 3 15 8 31 8 17 15 6 27 6
split_gain=5.04809 6.15252 8.84591 7.64561 5.59706 5.38278 7.10081 9.84104 7.29269 10.9682 7.80773 6.52092 7.45829 14.0082 7.11428 9.63029 8.91641 6.95979 14.0369 6.82149 7.30791 7.12597 6.13274 9.76368 8.73575 5.85269 5.20005 9.01635 6.43645 5.34915
threshold=58.750000000000007 48.750000000000007 62.050000000000004 53.45000000000001 88.550000000000011 96.950000000000017 58.95000000000001 50.95000000000001 7.5000000000000009 20.850000000000005 57.95000000000001 50.600000000000009 51.750000000000007 52.750000000000007 60.150000000000013 44.250000000000007 50.750000000000007 88.350000000000009 51.650000000000013 46.900000000000006 47.750000000000007 43.350000000000001 65.850000000000009 1.0000000180025095e-35 37.350000000000001 2885.0000000000005 68.750000000000014 79.450000000000017 6.5000000000000009 45.050000000000004
decision_type=2 2 2 2 2 2 2 2 2 2 2 2 2 2 2 8 2 2 2 2 2 2 2 8 2 2 2 2 2 2
left_child=5 2 3 -2 26 11 7 8 10 -10 -7 12 13 -1 17 -16 -17 25 -19 21 -21 -14 24 -24 -9 -13 29 28 -28 -3
right_child=1 4 -4 -5 -6 6 -8 22 9 -11 -12 14 19 -15 15 16 -18 18 -20 20 -22 -23 23 -25 -26 -27 27 -29 -30 -31
leaf_value=-0.012719570918298551 0.010759339251958336 -0.017193937094139293 -0.022881698604509226 0.072623928077185027 -0.036560431321222248 0.00096408122656965886 -0.04072580506845485 0.043624607027026321 0.060419759602280743 0.007398491518016726 -0.016486434674149446 -0.0050110119090022824 0.017645277907311262 0.10860945097812716 -0.034022098310660019 0.0049134231417656453 0.044584771455676089 0.065310941168509176 -0.0089021977050006019 -0.0031309594845420731 0.0042909812642058188 -0.023448015058114825 0.068150265352690254 0.0040680797297587617 -0.0052247761710950361 0.0099328366501814022 -0.02043299352788867 0.033875915227300775 0.0093584783289614899 0.0052818808221115144
leaf_weight=4.809653048287144 9.852730477927258 27.180607493035495 6.5271529438905409 10.593970284797249 8.8099635955877584 1152.6629997942364 9.5041235841345024 12.959625118877737 10.177582754753528 207.40390698669944 67.772440802073106 1878.957008978934 13.04155731690116 4.4523868379183114 14.63338082982227 204.89808556693606 15.175533117726443 10.661609838018196 15.336395102553068 524.82861596799921 898.69299294898519 51.497542419470847 14.029524069977922 10.583576914388688 30.090176911093295 67.580453282222152 68.277621779125184 11.649120036978273 24.343212754931301 805.06047317106277
leaf_count=211 191 365 99 143 108 19690 157 287 230 3180 838 34489 231 137 950 2254 135 205 196 9716 15180 984 177 140 459 843 684 119 244 10094
internal_value=0.000208551 0.00351671 0.0270402 0.0432538 0.00283742 -0.000406766 0.00210245 0.0023788 0.00149749 0.0099282 -2.14446e-06 -0.00143442 0.00111003 0.045608 -0.00316274 0.00505538 0.00769074 -0.00414333 0.0214742 0.000826658 0.0015511 -0.0150524 0.0210052 0.0409254 0.00943189 -0.00448913 0.00321724 -0.00728558 -0.0125474 0.00453985
internal_weight=6192.04 972.295 26.9739 20.4467 945.321 5219.75 1515.18 1505.68 1438.02 217.581 1220.44 3704.57 1497.32 9.26204 2207.24 234.707 220.074 1972.54 25.998 1488.06 1423.52 64.5391 67.6629 24.6131 43.0498 1946.54 936.511 104.27 92.6208 832.241
internal_count=102736 12047 433 334 11614 90689 25158 25001 23938 3410 20528 65531 26459 348 39072 3339 2389 35733 401 26111 24896 1215 1063 317 746 35332 11506 1047 928 10459
is_linear=0
shrinkage=0.05


Tree=148
num_leaves=31
num_cat=0
split_feature=1 12 7 15 15 8 1 8 5 0 15 7 0 2 0 15 0 7 33 29 6 28 16 32 12 33 0 8 0 33
split_gain=6.0133 7.53664 9.19942 8.46655 7.78962 8.79326 6.74093 6.34245 5.81929 6.47843 5.76645 5.34929 5.33349 5.6138 5.04046 4.55755 4.55521 7.62793 8.87805 6.98818 6.04518 5.99361 9.12358 7.88856 5.61209 4.96754 4.9607 4.3294 3.97388 3.68042
threshold=59.050000000000004 99.750000000000014 53.45000000000001 47.45000000000001 65.050000000000011 52.95000000000001 59.150000000000013 82.050000000000011 64.050000000000011 57.45000000000001 49.850000000000001 35.95000000000001 56.750000000000007 54.050000000000004 53.850000000000001 65.250000000000014 45.45000000000001 41.550000000000004 81.250000000000014 59.750000000000007 57.45000000000001 3.5000000000000004 43.45000000000001 67.350000000000009 88.65000000000002 78.65000000000002 34.350000000000001 55.350000000000001 45.150000000000013 64.250000000000014
decision_type=2 2 2 2 2 2 2 2 2 2 2 2 2 2 2 2 2 2 8 2 2 2 2 10 2 8 2 2 2 8
left_child=11 6 3 14 5 -5 -2 8 9 -8 -10 -1 13 -9 -3 29 17 25 28 21 -21 23 -23 -18 -22 26 -13 -20 -19 -4
right_child=1 2 15 4 -6 -7 7 12 10 -11 -12 16 -14 -15 -16 -17 19 18 27 20 24 22 -24 -25 -26 -27 -28 -29 -30 -31
leaf_value=-0.033699729332307297 0.030758661277746402 0.022933478849208756 0.011198164574385635 0.01436663651287955 -0.00017616530593885437 0.051240887668548001 -0.0049935898335202386 0.016718911168163327 -0.028067948845707437 0.01189360595879323 -0.0037212261763477071 0.046866213146587447 0.031491814720598914 -0.01881585911359937 -0.016884271405545114 0.022813191293561456 0.004089728631671995 0.00057353454278171584 -0.035674248405641248 -0.017918084581386145 0.01037400057854628 0.059311813712909417 -0.0025244708410285532 -0.0010734067367177743 0.039893761749912743 0.014717435261948781 -0.044885843171631877 -0.0049802413088285728 -0.01818055929684519 -0.0099365425514953941
leaf_weight=11.898678922734687 17.921397081110626 13.596568435896186 30.407852576114237 26.784163141157478 17.109689623117447 42.899291650392115 162.24458129005507 28.577447380404919 39.95897719450295 87.176865725778043 63.455485235899687 1.4422051119618178 25.330115084070712 17.988291187211871 18.833476645871997 20.849637819454074 1349.5705756377429 370.56067063682713 29.103432391770184 15.287700065877287 99.103000991046429 5.8778944099321953 1901.725661088014 1634.7971924617887 19.407998457551003 5.0101300301030269 22.796960531268269 19.684355084784329 30.448453274089843 62.706643499433994
leaf_count=1396 170 147 300 278 140 396 1719 248 226 865 335 266 162 141 160 124 29573 12247 518 176 1011 100 36165 12393 239 159 1735 286 731 330
internal_value=0.000196913 0.0046486 0.0119228 0.02163 0.0297667 0.0371801 0.000803473 -0.000455648 -0.00322586 0.000891123 -0.013195 -0.000347622 0.0130556 0.00287382 -1.74607e-05 0.00171377 -0.000274012 -0.00493254 -0.00330774 0.000169124 0.011439 -0.000138319 -0.00232821 0.00125981 0.01528 -0.029652 -0.0390511 -0.023428 -0.000842168 -0.00297646
internal_weight=6192.56 675.84 233.187 119.223 86.7931 69.6835 442.653 424.732 352.836 249.421 103.414 5516.71 71.8959 46.5657 32.43 113.964 5504.82 479.046 449.797 5025.77 133.799 4891.97 1907.6 2984.37 118.511 29.2493 24.2392 48.7878 401.009 93.1145
internal_count=102736 5741 1875 1121 814 674 3866 3696 3145 2584 561 96995 551 389 307 754 95599 15942 13782 79657 1426 78231 36265 41966 1250 2160 2001 804 12978 630
is_linear=0
shrinkage=0.05


Tree=149
num_leaves=31
num_cat=0
split_feature=1 12 13 6 14 6 13 18 8 0 9 7 30 18 1 30 13 6 1 15 0 7 33 33 5 0 28 7 13 0
split_gain=5.40388 6.72267 14.6189 8.39741 10.661 10.4518 7.89997 6.83923 6.04132 6.41052 5.27783 4.99973 4.86443 7.53293 6.77601 4.19076 5.84145 5.92826 10.8013 4.98127 3.92915 6.86376 8.3048 5.73518 7.36941 6.55293 4.70584 3.59492 3.5153 4.62024
threshold=59.050000000000004 99.750000000000014 60.650000000000013 72.750000000000014 51.95000000000001 60.850000000000001 53.050000000000004 15.500000000000002 84.15000000000002 56.550000000000004 48.550000000000004 35.95000000000001 469.00000000000006 12.500000000000002 60.250000000000007 419.00000000000006 61.150000000000013 84.750000000000014 50.050000000000004 69.850000000000009 45.45000000000001 41.550000000000004 81.250000000000014 57.850000000000001 49.050000000000004 46.550000000000004 5.5000000000000009 53.150000000000013 48.050000000000004 50.95000000000001
decision_type=2 2 2 2 2 2 2 2 2 2 2 2 2 2 2 2 2 2 2 2 2 2 8 10 2 2 2 2 2 2
left_child=11 8 3 5 7 27 -7 -5 10 -10 -2 28 14 -14 -12 16 17 19 -19 -13 21 26 -23 24 -22 -25 -17 -3 29 -1
right_child=1 2 -4 4 -6 6 -8 -9 9 -11 12 15 13 -15 -16 20 -18 18 -20 -21 23 22 -24 25 -26 -27 -28 -29 -30 -31
leaf_value=-0.041498048855860267 0.02471415219254168 0.029458372256677679 0.06196134143223854 0.040284613897889322 -0.019255521551586482 -0.027889012149212234 0.0057688761127288463 0.010294609322210917 0.0019175495767030926 0.035996564109577009 0.016289635573461553 -0.010856261150552689 0.0069788147947440664 -0.013413044547738014 -0.0052745191221727356 -0.034362267551102867 -0.04815502817429608 0.13174929196779123 -0.0090273830085421582 0.035527306550051534 -0.0008648877620539403 -0.00046923532270441015 -0.022547993393750396 0.011910763029574918 0.0056002344872057019 -0.0013209091031671494 0.042608143354322274 0.0042890143498015999 -0.045096839133605522 0.10974596174919088
leaf_weight=0.95684468140825518 18.167611938435584 25.705995721742511 13.324317540042101 43.175276076886803 14.650791982188819 39.554218760691583 30.692426757887006 35.030804024077952 34.345063559710979 23.364040756598115 64.912655785679817 115.09218463266734 63.264562414959073 156.61974395159632 82.309257234912366 25.796590372105133 8.8136742193019 2.062861716374754 3.4930725821759552 5.9543997556902459 809.43296174611896 392.3743294889573 47.752174144610763 96.398471504449844 964.57418495300226 3030.2444264832884 2.0103819079231462 32.827047400176525 9.7304808123735693 0.83450698247179389
leaf_count=124 201 218 103 314 124 336 236 335 298 143 662 3936 447 1362 753 1923 278 111 144 141 30109 12315 796 896 19440 25398 112 209 1181 91
internal_value=0.000185909 0.00439871 0.0112349 0.00813623 0.0195892 -9.19624e-05 -0.0131247 0.0269454 0.000759739 0.0158396 -0.00148959 -0.000331073 -0.00280637 -0.00752272 0.00420415 -0.000260978 -0.0089449 -0.0061399 0.0437628 -0.00850589 -4.08428e-05 -0.00441866 -0.00288064 0.00037623 0.00264767 -0.000910992 -0.0284856 0.0154593 -0.0330948 0.0283931
internal_weight=6193.47 677.944 234.961 221.637 92.8569 128.78 70.2466 78.2061 442.983 57.7091 385.274 5515.52 367.106 219.884 147.222 5504 135.416 126.603 5.55593 121.047 5368.58 467.933 440.127 4900.65 1774.01 3126.64 27.807 58.533 11.5218 1.79135
internal_count=102736 5741 1875 1772 773 999 572 649 3866 441 3425 96995 3224 1809 1415 95599 4610 4332 255 4077 90989 15146 13111 75843 49549 26294 2035 427 1396 215
is_linear=0
shrinkage=0.05


Tree=150
num_leaves=31
num_cat=0
split_feature=31 33 32 11 6 0 3 17 15 9 33 6 32 33 0 15 13 9 2 30 3 8 30 5 8 30 32 5 9 31
split_gain=5.75619 8.45834 9.14933 9.52441 9.04188 8.05732 13.5126 7.8595 7.63247 9.86325 8.74836 8.21578 8.15602 6.55691 6.19513 17.1475 23.4779 5.92686 5.56545 5.56119 6.85409 11.9816 4.87308 4.47278 7.65492 6.81373 4.36982 4.08593 3.2627 4.89222
threshold=-9.4999999999999982 63.250000000000007 52.850000000000001 48.050000000000004 47.550000000000004 48.550000000000004 39.650000000000013 1450.0000000000002 53.350000000000001 50.850000000000001 73.750000000000014 66.850000000000009 71.850000000000009 43.250000000000007 29.750000000000004 51.350000000000001 54.45000000000001 50.350000000000001 55.150000000000013 413.00000000000006 41.45000000000001 55.850000000000001 563.00000000000011 58.250000000000007 22.950000000000003 431.00000000000006 44.550000000000004 52.750000000000007 49.750000000000007 1.5000000000000002
decision_type=10 10 10 2 2 2 2 2 2 2 10 2 10 8 2 2 2 2 2 2 2 2 2 2 2 2 10 2 2 10
left_child=1 2 3 -1 -4 6 -6 -7 10 11 18 12 -10 17 15 -2 -17 -5 27 20 21 -16 23 24 -21 -25 -15 -3 29 -22
right_child=14 8 4 13 5 7 -8 -9 9 -11 -12 -13 -14 26 19 16 -18 -19 -20 22 28 -23 -24 25 -26 -27 -28 -29 -30 -31
leaf_value=0.083115861786565284 -0.026797650128201345 -0.002738722204673649 0.067529167537543427 -0.0096347378927648889 0.12604144141981194 0.017211981021497999 0.021543964909284303 0.0022787357187134716 0.0032685337552127492 -0.021594950540915911 0.013841939447987959 -0.017905518150583246 0.033834915851838288 0.001758655354277029 -0.019064485797366706 0.25011555808711261 0.0078317013135637825 0.023869854121026348 0.008315957673046645 0.0083594282469922464 -0.025923897663975948 0.086683224669863057 0.029127674478990319 0.015856962711577494 -0.0022344836088278026 0.00074630935745459513 -0.027226424474542772 -0.028168891036704946 -0.031795877370777187 0.023708986858883268
leaf_weight=2.8728088119532904 4.2538412905996648 20.722341634333134 6.7865874795243135 29.112561553018168 3.2606687056832007 132.75147817423567 45.016378795495257 264.63880780502222 44.728084117174149 27.372581608593464 26.770744422450662 18.729711059480906 43.319175772368908 18.125482748262584 7.0167911488097143 1.7113539581187067 2.3465842315927148 23.828348423237912 16.865333575755358 179.92257168353535 12.495827984996142 4.1581170142162591 13.748270598240195 77.73555320664309 3177.7532846045797 1832.231023472501 43.159425778547302 73.360322427004576 34.420818108017556 8.0295251548523066
leaf_count=190 415 207 151 2315 119 2600 1237 4140 337 184 156 133 240 524 272 119 164 1508 135 5275 452 141 172 869 62310 15389 1196 559 1215 281
internal_value=3.24776e-06 0.00384834 0.00731424 -0.00511054 0.0105413 0.00964736 0.0289511 0.00728296 -0.0033942 0.00506655 -0.0116696 0.0119619 0.0183852 -0.00744396 -0.000599958 0.0422664 0.114771 0.00536776 -0.0178773 -0.000668311 -0.0150704 0.02026 -0.000486773 -0.000565566 -0.00166508 0.00136473 -0.0185835 -0.0226297 -0.0223705 -0.00624426
internal_weight=6197.24 841.421 569.553 117.099 452.454 445.667 48.277 397.39 271.868 134.15 137.719 106.777 88.0473 114.226 5355.82 8.31178 4.05794 52.9409 110.948 5347.51 66.1211 11.1749 5281.39 5267.64 3357.68 1909.97 61.2849 94.0827 54.9462 20.5254
internal_count=103005 15931 13980 5733 8247 8096 1356 6740 1951 894 1057 710 577 5543 87074 698 283 3823 901 86376 2361 413 84015 83843 67585 16258 1720 766 1948 733
is_linear=0
shrinkage=0.05


Tree=151
num_leaves=27
num_cat=0
split_feature=7 31 33 32 6 0 15 9 33 3 33 10 0 15 13 2 32 8 13 3 6 13 27 13 33 2
split_gain=5.43272 5.24119 7.7832 8.02326 7.58163 7.02 6.92052 8.98267 8.00461 6.95554 5.81408 8.4363 5.49849 13.8319 19.5798 5.13078 4.9948 4.26851 10.356 3.35867 7.16695 4.40975 3.18969 4.25316 2.22313 0.80104
threshold=35.95000000000001 -9.4999999999999982 63.250000000000007 52.850000000000001 47.550000000000004 48.550000000000004 53.350000000000001 50.95000000000001 73.750000000000014 56.850000000000001 43.250000000000007 55.000000000000007 29.750000000000004 51.350000000000001 53.250000000000007 55.150000000000013 44.550000000000004 11.450000000000001 46.150000000000013 58.45000000000001 87.850000000000009 78.250000000000014 7.5000000000000009 52.750000000000007 45.250000000000007 44.750000000000007
decision_type=2 10 10 10 2 2 2 2 8 2 8 2 2 2 2 2 10 2 2 2 2 2 2 2 8 2
left_child=22 2 3 10 -5 -6 8 9 15 -8 11 -2 13 24 -15 -4 -12 18 -14 21 -21 -19 25 -24 -3 -1
right_child=1 12 6 4 5 -7 7 -9 -10 -11 16 -13 17 14 -16 -17 -18 19 -20 20 -22 -23 23 -25 -26 -27
leaf_value=0 0.0029698818981543757 -0.047804675017175204 -0.021811535554889572 0.060863275310320979 0.027001940640438774 0.0069795591103776729 0.016890195174972554 -0.024180047948565462 0.013123422965533855 -0.013855185019406843 0.0062732949183735669 0.1024467836758932 -0.021324047932877826 0.23047596046457716 0.014912153206061068 0.0078608141272326557 -0.024627858214396326 -0.0012873580970319191 0.066192326589988512 0.0029385671267772519 -0.036987048456249311 0.020205308647525073 0.097834890029240312 -0.042591931672206595 0.031905116991450704 -0.050038301460363047
leaf_weight=1.0762060792185337 52.640602614614181 3.0443711574189347 92.742974627763033 7.1586829139851025 49.386402680771425 399.01381626585498 89.377714663743973 22.131969481706619 26.926259927451611 22.897608686238527 18.424687329214066 2.1293629538267842 5.8938341217581165 1.6592645482160149 2.8007103081326932 16.953216515481472 42.83800748270005 4506.0936043898109 7.5164683621842414 779.4103017852176 11.289693936472757 23.867339315824211 0.90751788881607431 1.018860107520595 1.0543547268025575 8.8820989432861079
leaf_count=187 3809 373 764 150 1338 6652 601 155 155 138 526 40 157 94 180 135 1203 73476 175 10956 183 274 106 94 23 1061
internal_value=1.98377e-06 6.79544e-05 0.00373337 0.00704474 0.0100375 0.00920148 -0.00323177 0.00479595 -0.0111636 0.0105687 -0.0046605 0.00710816 -0.000509265 0.0392944 0.0995014 -0.0171772 -0.0152578 -0.000574805 0.0274856 -0.000646984 0.00235758 -0.00117257 -0.0336286 0.0226591 -0.0258378 -0.0451313
internal_weight=6197.14 6185.25 842.621 571.592 455.559 448.4 271.03 134.407 136.622 112.275 116.033 54.77 5342.63 8.5587 4.45997 109.696 61.2627 5334.07 13.4103 5320.66 790.7 4529.96 11.8847 1.92638 4.09873 9.95831
internal_count=103005 101557 15666 13718 8140 7990 1948 894 1054 739 5578 3849 85891 670 274 899 1729 85221 332 84889 11139 73750 1448 200 396 1248
is_linear=0
shrinkage=0.05


Tree=152
num_leaves=31
num_cat=0
split_feature=7 26 7 2 15 15 1 32 1 13 30 5 32 30 4 27 5 7 1 32 28 2 7 27 27 5 8 2 15 2
split_gain=5.08295 4.97892 5.47514 5.40749 7.74705 6.33204 5.78931 8.924 5.35779 7.73132 4.64001 4.51997 6.04049 7.35138 8.77407 5.19879 5.08742 6.04513 4.3468 5.59452 4.26297 7.71146 6.56585 3.12477 3.04005 3.72607 2.47607 2.22839 1.51286 0.793089
threshold=35.95000000000001 1.0000000180025095e-35 56.550000000000004 55.850000000000001 57.750000000000007 62.850000000000001 48.350000000000001 66.250000000000014 52.750000000000007 48.050000000000004 529.00000000000011 38.850000000000001 67.950000000000017 479.00000000000006 85.450000000000017 5.5000000000000009 38.45000000000001 50.850000000000001 63.550000000000004 73.65000000000002 3.5000000000000004 63.550000000000004 51.350000000000001 5.5000000000000009 7.5000000000000009 49.750000000000007 49.250000000000007 57.45000000000001 55.650000000000013 44.750000000000007
decision_type=2 2 2 2 2 2 2 8 2 2 2 2 10 2 2 2 2 2 2 10 2 2 2 2 2 2 2 2 2 2
left_child=24 11 3 4 26 -6 7 -5 -4 -10 -8 12 16 15 -15 -14 17 -2 20 28 21 -13 -22 -11 29 -26 -3 -18 -20 -1
right_child=1 2 8 6 5 -7 10 -9 9 23 -12 18 13 14 -16 -17 27 -19 19 -21 22 -23 -24 -25 25 -27 -28 -29 -30 -31
leaf_value=0 -0.01622359532647432 -0.0064789483363917755 -0.044376586081429525 0.0065600746584664931 0.050928288087257224 -0.020663598218146118 -0.0022310954008144231 0.10467277423583149 0.023233621301789607 -0.0086721600083552591 0.041311471582794024 0.0013514104213232818 0.0073374092238653894 0.041286175704405098 -0.016256118727650645 -0.028828740947509209 -0.044689911473390326 0.0042245760214130812 -0.009709992761359431 0.037780784809319228 0.0014223172254679741 0.02654968130378324 -0.0042318286138116907 -0.030706855997680034 -0.041928116783321756 0.087765755601178067 -0.05138517388277021 0.0045148437183749465 0.01434228008832634 -0.049930436783401436
leaf_weight=1.0762060792185337 95.501882464392111 4.3233809887897285 14.371740076225249 7.5278329621069107 5.3118849415332061 6.9986258433200419 120.12800749111921 3.3406897000968465 13.439780791290103 39.157849646173418 6.3463360536843529 3551.3777872893261 22.67996493820101 21.927946101874117 9.2613715119659883 17.342206318862736 14.677711990079844 57.535396729363129 13.920245691202583 17.86609198898077 1069.4949267385527 30.549647748470306 985.90731620439328 28.443213650025427 0.99886681511998243 0.97631138539873064 13.779598045628516 2.4908715272322288 12.068009901791809 8.4669199585914594
leaf_count=187 6002 153 297 279 102 133 1949 51 169 408 84 52138 283 253 94 220 784 2202 125 85 21790 153 13038 285 144 56 322 70 88 1061
internal_value=1.02359e-06 6.38873e-05 -0.00666325 -0.00118957 -0.020251 0.00998628 0.00300673 0.0378525 -0.0162235 -0.0111207 0 0.000363757 -0.00633354 0.00584168 0.0240424 -0.0082421 -0.0114573 -0.00850558 0.00064934 0.0163159 0.000526292 0.00156845 -0.00128743 -0.0180488 -0.0330388 0.020909 -0.0410298 -0.0372768 0.00127952 -0.0448242
internal_weight=6197.29 6185.77 263.169 167.756 30.4135 12.3105 137.343 10.8685 95.4126 81.0408 126.474 5922.6 241.417 71.2115 31.1893 40.0222 170.206 153.037 5681.18 43.8543 5637.33 3581.93 2055.4 67.6011 11.5183 1.97518 18.103 17.1686 25.9883 9.54313
internal_count=103005 101557 4232 3073 710 235 2363 330 1159 862 2033 97325 9908 850 347 503 9058 8204 87417 298 87119 52291 34828 693 1448 200 475 854 213 1248
is_linear=0
shrinkage=0.05


Tree=153
num_leaves=30
num_cat=0
split_feature=7 31 30 3 9 32 17 2 9 30 7 7 13 31 30 14 13 5 30 6 31 8 27 13 27 8 6 2 8
split_gain=4.75514 4.63921 5.09634 6.47414 10.2858 7.23977 4.86351 12.1485 8.44972 6.96658 7.2494 6.77049 5.79818 10.2764 12.2987 8.51618 8.27738 4.99469 4.20574 4.12623 4.113 3.76027 2.89896 3.93874 2.62109 3.70883 2.58016 0.785033 0.693267
threshold=35.95000000000001 -9.4999999999999982 413.00000000000006 49.350000000000001 49.95000000000001 68.15000000000002 1450.0000000000002 46.150000000000013 49.750000000000007 407.00000000000006 51.650000000000013 56.150000000000013 48.550000000000004 -12.499999999999998 471.00000000000006 28.500000000000004 50.45000000000001 65.450000000000017 563.00000000000011 92.750000000000014 5.5000000000000009 49.850000000000001 7.5000000000000009 52.45000000000001 4.5000000000000009 39.45000000000001 76.550000000000011 44.750000000000007 62.150000000000013
decision_type=2 10 2 2 2 8 2 2 2 2 2 2 2 10 2 2 2 2 2 2 10 2 2 2 2 2 2 2 2
left_child=22 6 3 4 5 -3 12 8 -8 10 -9 -10 15 16 -15 -2 -14 -11 19 20 -4 -17 27 -24 25 -5 -6 -1 -26
right_child=1 2 18 24 26 -7 7 9 11 17 -12 -13 13 14 -16 21 -18 -19 -20 -21 -22 -23 23 -25 28 -27 -28 -29 -30
leaf_value=0 0.031582825483353096 0.054591515620850656 0.00041701707272798422 0.031269828697929623 -0.037286242370138743 -0.021317300319205517 -0.021500541862281716 -0.010593652713639511 0.028844355995215343 -0.0040104616110837868 0.097102780889710333 0.090928126155717021 0.0099325097262404748 0.051763586847862725 0.0028989672281369214 -0.053102911510153276 -0.018182288193655919 0.0087720985418420702 0.026904775287548272 -0.028088695253956991 -0.0029912020405469981 -0.0044463105508773812 0.089459860987988304 -0.042788675540456005 -0.049466956195804157 -0.02576969392601839 0.014365549202918382 -0.049822490126248793 -0.026509182622073774
leaf_weight=1.0762060792185355 6.8661866665352163 10.509515570709482 4120.2884208480828 3.4401750299148288 11.622811844572423 4.2859395798295745 5.9278320204466608 2.5717156929895273 18.84053158340976 423.27807546046097 3.5413585533387959 5.8983723646961144 185.29302479769103 29.795545247849077 23.039906260091811 10.121557975886391 30.28820466552861 93.001104237511754 14.051268516574053 13.311160050332544 1126.8750843361486 6.9149435043800613 0.96557063597720061 1.053286960464902 11.980082194786521 13.594239601166917 2.829983979696407 8.0712081011733954 6.8142410592408842
leaf_count=187 190 504 64311 152 395 62 182 147 662 7872 96 110 3230 606 375 318 1075 623 175 166 18925 180 98 102 441 450 132 1061 178
internal_value=0 5.97583e-05 -0.00048431 -0.0143819 0.00291957 0.0322711 0.00350178 0.000734291 0.0312723 -0.0010545 0.0515498 0.0441545 0.00871864 0.0108316 0.0305954 -0.0147472 0.00595272 -0.00169691 -0.000311625 -0.000385783 -0.000314019 -0.0337867 -0.0324532 0.0193398 -0.0286136 -0.0138432 -0.0267996 -0.0445103 -0.0415922
internal_weight=6196.15 6184.98 5339.6 65.077 29.2483 14.7955 845.378 553.059 30.6667 522.392 6.11307 24.7389 292.319 268.417 52.8355 23.9027 215.581 516.279 5274.53 5260.47 5247.16 17.0365 11.1663 2.01886 35.8287 17.0344 14.4528 9.14741 18.7943
internal_count=103005 101557 85891 2314 1093 566 15666 9692 954 8738 243 772 5974 5286 981 688 4305 8495 83577 83402 83236 498 1448 200 1221 602 527 1248 619
is_linear=0
shrinkage=0.05


Tree=154
num_leaves=31
num_cat=0
split_feature=7 1 15 4 15 4 31 30 5 0 30 15 0 31 28 9 5 7 6 12 7 1 5 3 1 0 31 30 30 7
split_gain=4.47312 7.31565 10.1364 9.63355 11.016 6.52927 6.56198 5.88927 7.32804 5.43276 7.67541 10.8752 5.34474 7.67753 10.9354 9.89526 8.36735 7.36616 6.47731 5.1906 8.02877 7.32466 4.38298 7.3603 7.31092 6.4985 7.38525 5.92053 12.9362 5.5884
threshold=40.150000000000013 51.750000000000007 41.45000000000001 75.050000000000011 39.650000000000013 97.050000000000011 -9.4999999999999982 459.00000000000006 40.250000000000007 53.650000000000013 457.00000000000006 52.350000000000001 43.250000000000007 -4.4999999999999991 2.5000000000000004 51.750000000000007 69.15000000000002 48.150000000000013 72.750000000000014 69.950000000000017 52.550000000000004 38.850000000000001 58.250000000000007 59.650000000000013 63.550000000000004 46.150000000000013 4.5000000000000009 443.00000000000006 459.00000000000006 41.250000000000007
decision_type=2 2 2 2 2 2 10 2 2 2 2 2 2 8 2 2 2 2 2 2 2 2 2 2 2 2 10 2 2 2
left_child=1 2 3 4 -1 6 -3 -8 -9 -4 11 -11 13 14 17 18 19 -2 -16 20 -15 -21 23 25 -24 26 -14 -25 -29 -27
right_child=12 5 9 -5 -6 -7 7 8 -10 10 -12 -13 22 16 15 -17 -18 -19 -20 21 -22 -23 24 27 -26 29 -28 28 -30 -31
leaf_value=-0.050777356616189533 0.011531513965980685 0.059415664571226004 -0.038678653709049153 0.079434416530633739 0.094967791179511471 0.042694450001765097 -0.025868799952890282 0.058246964945828407 -0.0030440516740968646 -0.015481752483519138 -0.026927965462880805 0.13155909950739406 -0.0061872228163440913 -0.015981662342712959 -0.0073205187942105765 0.1096519787071 0.038091813794349789 0.1005638113201876 0.039614757485223528 0.071092500500445258 0.00865218781803531 0.007065642955162656 0.0013813800599871578 -0.010691633550601227 0.028461698438927235 0.014830218466022128 -0.031680903621961305 0.027872690591939177 0.0029703412439986629 -0.0016529004012323951
leaf_weight=5.1352107291459088 3.7411421791184676 3.8701599300838998 41.320195614593104 4.4098936421796679 1.6129316815640775 8.3929272308014315 26.185972953098826 5.2882790116127572 50.477908005996142 2.8191638955613625 11.408799050725063 2.0737643480533734 156.92426636978053 76.133904747082852 26.119388210820034 2.3566862135194233 15.67567571159452 6.8306593184825033 10.067240568576379 4.7835426763631395 58.070250716293231 57.210997423273511 2105.7073090542108 49.983850057469681 25.145961098372936 52.165483397198841 34.858656976837665 64.343186810612679 277.01962868100964 3005.7659497233108
leaf_count=267 211 183 3195 179 155 136 906 268 1261 175 425 95 4504 3584 1154 84 130 159 500 342 1216 2261 17396 1114 129 1843 1045 1057 4101 54930
internal_value=0 -0.00817145 -0.0205592 0.0226579 -0.0143334 0.000831182 -0.00324954 -0.00633862 0.0027725 -0.0290392 -0.00421442 0.0472237 0.000220199 0.00721777 0.0250224 0.0124268 0.00305698 0.0699289 0.00567243 0.000214356 -0.00528684 0.0121931 -9.54649e-05 -0.00115032 0.00170462 -0.0019316 -0.0108611 0.0053235 0.00768559 -0.0013696
internal_weight=6195.9 162.995 68.78 11.158 6.74814 94.2152 85.8223 81.9522 55.7662 57.6219 16.3017 4.89293 6032.9 260.989 49.1151 38.5433 211.874 10.5718 36.1866 196.199 134.204 61.9945 5771.91 3641.06 2130.85 3249.71 191.783 391.347 341.363 3057.93
internal_count=103005 7245 4491 601 422 2754 2618 2435 1529 3890 695 270 95760 9641 2108 1738 7533 370 1654 7403 4800 2603 86119 68594 17525 62322 5549 6272 5158 56773
is_linear=0
shrinkage=0.05


Tree=155
num_leaves=31
num_cat=0
split_feature=28 20 16 32 2 14 33 2 15 2 4 32 4 15 32 32 29 6 13 4 17 32 29 5 23 33 6 33 1 33
split_gain=5.65051 7.39766 8.10021 6.82183 6.80786 6.00256 13.9022 8.39008 16.5604 10.6874 10.6863 8.79323 7.58541 7.21393 10.1095 7.24166 6.68645 7.63445 5.36649 7.07849 5.65221 4.91482 4.49513 22.8892 9.29085 7.05277 3.96389 8.50875 13.2535 4.89208
threshold=5.5000000000000009 1.0000000180025095e-35 50.95000000000001 46.650000000000013 46.050000000000004 45.45000000000001 35.650000000000013 50.45000000000001 39.650000000000013 50.750000000000007 30.050000000000004 44.250000000000007 86.65000000000002 43.250000000000007 69.250000000000014 56.050000000000004 58.750000000000007 79.050000000000011 54.750000000000007 70.450000000000017 1650.0000000000002 56.250000000000007 51.250000000000007 48.150000000000013 1.0000000180025095e-35 47.050000000000004 85.050000000000011 67.250000000000014 59.850000000000001 74.250000000000014
decision_type=2 2 2 10 2 2 8 2 2 2 2 10 2 2 8 10 2 2 2 2 2 10 2 2 2 8 2 8 2 10
left_child=5 2 3 -2 -5 6 7 8 -1 -9 -10 -11 13 15 -15 -8 17 -14 -3 -20 -21 -6 23 24 25 -7 29 28 -28 -24
right_child=1 18 -4 4 21 22 12 9 10 11 -12 -13 16 14 -16 -17 -18 -19 19 20 -22 -23 26 -25 -26 -27 27 -29 -30 -31
leaf_value=0.15030471476987201 -0.028728705967766999 -0.01995097993082863 0.06488299658717224 0.042716546890869088 0.014735905064441524 -0.019638267585603279 -0.027903313630584917 0.15608943061656322 0.11961843591921573 0.068086226841722414 -0.020009141712408942 0.015770096378371418 -0.0074359732978115769 0.009922659983340262 -0.00044961585337960304 -0.00076848622805878635 0.033426059963539596 0.0099188410888132322 -0.033600545575985651 -0.0028115006409824899 0.069590396169948485 -0.0050612550404421711 -0.0021417132366266536 -0.032303812369455738 0.093134423312360673 0.039047298456162449 0.02758581010058463 -0.0070753081442712709 -0.039685245255797252 0.0025086426771971765
leaf_weight=1.639625617070126 22.284759626490995 110.46468489617109 4.4525378001853815 8.9427594514563662 37.880343533819541 6.542430435074496 28.537984508322552 1.8324860734865058 1.3671316036488885 12.443358754739164 19.635317618725821 23.567686979426071 382.18314722552896 579.62734133144841 393.45758446445689 177.05702582141384 11.762870086356996 75.653214300982654 5.6371851724106845 4.9293459868058545 5.5106181532610208 178.20234632026404 3269.8320556503604 17.550372119061649 6.1697138715535393 21.229550658958033 60.497718178783543 53.506785089150071 8.183159872889517 682.80912283714861
leaf_count=137 1359 3772 119 150 1449 498 951 143 147 876 1836 1226 3810 11099 3098 2328 86 668 185 111 114 2671 59637 272 165 271 1491 339 117 3835
internal_value=-0.000226973 -0.00614825 -0.00116804 -0.00240317 0.000193299 0.000156161 0.00264884 0.0261778 0.00185045 0.040558 -0.0101595 0.0341245 0.00178085 0.00392376 0.00572398 -0.00457103 -0.00358684 -0.00455579 -0.0160085 0.010727 0.0352283 -0.00156238 -0.000874918 0.0137844 0.0377872 0.0250221 -0.00106172 0.00779828 0.0194519 -0.00133707
internal_weight=6213.39 378.305 251.763 247.31 225.025 5835.09 1708.76 60.4856 22.6421 37.8435 21.0024 36.011 1648.28 1178.68 973.085 205.595 469.599 457.836 126.542 16.0771 10.44 216.083 4126.32 51.4921 33.9417 27.772 4074.83 122.188 68.6809 3952.64
internal_count=102960 9930 5748 5629 4270 93030 26405 4365 2120 2245 1983 2102 22040 17476 14197 3279 4564 4478 4182 410 225 4120 66625 1206 934 769 65419 1947 1608 63472
is_linear=0
shrinkage=0.05


Tree=156
num_leaves=31
num_cat=0
split_feature=28 2 0 5 32 2 33 3 3 13 33 32 32 0 1 29 6 33 31 5 7 1 7 0 16 1 3 1 1 17
split_gain=5.1364 5.96871 10.2602 7.34065 5.25253 10.2218 9.02789 7.75619 8.73672 5.28769 4.80003 5.29863 4.47588 4.44823 7.19011 11.5297 10.733 13.7851 8.15862 6.85761 6.29637 10.0738 8.62717 8.59726 6.13468 5.49581 4.37207 3.4417 5.01444 3.31145
threshold=5.5000000000000009 46.250000000000007 46.95000000000001 39.050000000000004 45.150000000000013 45.850000000000001 66.850000000000009 39.550000000000004 40.050000000000004 62.050000000000004 71.450000000000017 82.550000000000011 80.850000000000009 53.150000000000013 51.250000000000007 58.750000000000007 81.550000000000011 68.65000000000002 1.5000000000000002 40.850000000000001 49.95000000000001 55.250000000000007 45.45000000000001 53.050000000000004 50.650000000000013 47.850000000000001 35.45000000000001 37.750000000000007 35.45000000000001 2855.0000000000005
decision_type=2 2 2 2 8 2 8 2 2 2 10 10 8 2 2 2 2 8 8 2 2 2 2 2 2 2 2 2 2 2
left_child=4 2 -2 29 5 9 7 26 -9 27 11 12 -5 20 16 19 18 -18 -15 -16 21 24 -23 25 -6 -22 -7 28 -1 -3
right_child=1 3 -4 10 13 6 -8 8 -10 -11 -12 -13 -14 14 15 -17 17 -19 -20 -21 23 22 -24 -25 -26 -27 -28 -29 -30 -31
leaf_value=-0.040652718486936266 -0.025511390943429264 -0.041819858225492661 0.063682522924723803 -0.0037009819457540362 -0.0079867048950819121 0.051777038845136993 -0.031153527029857866 0.10111138020472779 0.017987373862164275 0.078306338313623533 -0.030815373219997413 0.05121674750319876 -0.055676611220727784 -0.00093859931826084208 0.011433413657736655 0.052775923600584973 0.048662780624148999 -0.024144560973386044 0.011011535612684437 -0.0010057354478333462 0.0092238752746026578 0.012293045499564391 -0.0037581265328959475 -0.030272247398948959 0.0094882316329467052 -6.1509574402503355e-05 -0.028152743873533417 -0.038528528373022584 0.12146679668738808 0
leaf_weight=0.9116940296953604 5.3018354366067779 20.650479819159958 7.7466282972600311 310.86826420552097 846.44076673215022 1.8360409424640227 10.647456062957643 3.1778983967378727 127.81354876747355 1.0445867914240796 17.107013907283545 4.2276522591710082 4.115485079586505 317.29970188788138 117.25428489595652 10.179676236584781 28.633643599227071 8.2336968965828401 258.60468577209394 1976.7671100443695 178.03122075926512 146.64623072207905 194.15315007744357 22.27989448979497 53.050949792610481 1502.4479507994838 13.07153479545377 16.948395002575126 0.77235376392491162 6.2980107576586297
leaf_count=120 179 1259 146 7989 22467 114 234 226 7725 105 137 33 62 5297 2278 77 572 56 4308 19399 3712 2231 2212 232 1377 17423 835 1929 101 125
internal_value=-0.000217138 -0.00587847 0.0271427 -0.00708549 0.000147137 0.00864593 0.0129391 0.0162103 0.0201177 -0.0251497 -0.00505081 -0.00364517 -0.0044134 -0.000116736 0.00134113 -4.46352e-05 0.0061071 0.0322459 0.0044198 -0.000306308 -0.00146431 -0.00417435 0.00313562 0.000506882 -0.00694956 0.000919706 -0.0176959 -0.0316038 0.0335383 -0.032181
internal_weight=6212.56 376.315 13.0485 363.267 5836.25 176.224 156.546 145.899 130.991 19.677 336.318 319.211 314.984 5660.02 2716.97 2104.2 612.772 36.8673 575.904 2094.02 2943.05 1240.29 340.799 1702.76 899.492 1680.48 14.9076 18.6324 1.68405 26.9485
internal_count=102960 9930 325 9605 93030 11389 9134 8900 7951 2255 8221 8084 8051 81641 31987 21754 10233 628 9605 21677 49654 28287 4443 21367 23844 21135 949 2150 221 1384
is_linear=0
shrinkage=0.05


end of trees

feature_importances:
pedigree_index=444
jvan_battle_dm=373
jockey_index=297
jvan_time_dm=286
course_aptitude=282
head_count=209
position_advantage=205
speed_index=196
horse_weight=196
last_3f_index=190
rotation_index=188
career_phase_index=184
anagusa_index=169
pace_index=165
jockey_trainer_combo_index=164
training_index=143
rivals_growth_index=117
horse_age=114
weight_change=111
weight_carried=93
frame_number=86
distance=70
paddock_index=59
distance_change_index=50
going_pedigree_index=39
rebound_index=19
is_g1g2g3=15
is_turf=11
is_dirt=11
is_yaya=10
is_jump=5
is_good=4

parameters:
[boosting: gbdt]
[objective: binary]
[metric: binary_logloss]
[tree_learner: serial]
[device_type: cpu]
[data_sample_strategy: bagging]
[data: ]
[valid: ]
[num_iterations: 157]
[learning_rate: 0.05]
[num_leaves: 31]
[num_threads: 0]
[seed: 42]
[deterministic: 0]
[force_col_wise: 0]
[force_row_wise: 0]
[histogram_pool_size: -1]
[max_depth: 6]
[min_data_in_leaf: 100]
[min_sum_hessian_in_leaf: 0.001]
[bagging_fraction: 0.7]
[pos_bagging_fraction: 1]
[neg_bagging_fraction: 1]
[bagging_freq: 5]
[bagging_seed: 400]
[bagging_by_query: 0]
[feature_fraction: 0.7]
[feature_fraction_bynode: 1]
[feature_fraction_seed: 30056]
[extra_trees: 0]
[extra_seed: 12879]
[early_stopping_round: 0]
[early_stopping_min_delta: 0]
[first_metric_only: 0]
[max_delta_step: 0]
[lambda_l1: 0.1]
[lambda_l2: 0.1]
[linear_lambda: 0]
[min_gain_to_split: 0]
[drop_rate: 0.1]
[max_drop: 50]
[skip_drop: 0.5]
[xgboost_dart_mode: 0]
[uniform_drop: 0]
[drop_seed: 17869]
[top_rate: 0.2]
[other_rate: 0.1]
[min_data_per_group: 100]
[max_cat_threshold: 32]
[cat_l2: 10]
[cat_smooth: 10]
[max_cat_to_onehot: 4]
[top_k: 20]
[monotone_constraints: ]
[monotone_constraints_method: basic]
[monotone_penalty: 0]
[feature_contri: ]
[forcedsplits_filename: ]
[refit_decay_rate: 0.9]
[cegb_tradeoff: 1]
[cegb_penalty_split: 0]
[cegb_penalty_feature_lazy: ]
[cegb_penalty_feature_coupled: ]
[path_smooth: 0]
[interaction_constraints: ]
[verbosity: -1]
[saved_feature_importance_type: 0]
[use_quantized_grad: 0]
[num_grad_quant_bins: 4]
[quant_train_renew_leaf: 0]
[stochastic_rounding: 1]
[linear_tree: 0]
[max_bin: 255]
[max_bin_by_feature: ]
[min_data_in_bin: 3]
[bin_construct_sample_cnt: 200000]
[data_random_seed: 175]
[is_enable_sparse: 1]
[enable_bundle: 1]
[use_missing: 1]
[zero_as_missing: 0]
[feature_pre_filter: 1]
[pre_partition: 0]
[two_round: 0]
[header: 0]
[label_column: ]
[weight_column: ]
[group_column: ]
[ignore_column: ]
[categorical_feature: ]
[forcedbins_filename: ]
[precise_float_parser: 0]
[parser_config_file: ]
[objective_seed: 16083]
[num_class: 1]
[is_unbalance: 0]
[scale_pos_weight: 1]
[sigmoid: 1]
[boost_from_average: 1]
[reg_sqrt: 0]
[alpha: 0.9]
[fair_c: 1]
[poisson_max_delta_step: 0.7]
[tweedie_variance_power: 1.5]
[lambdarank_truncation_level: 30]
[lambdarank_norm: 1]
[label_gain: ]
[lambdarank_position_bias_regularization: 0]
[eval_at: ]
[multi_error_top_k: 1]
[auc_mu_weights: ]
[num_machines: 1]
[local_listen_port: 12400]
[time_out: 120]
[machine_list_filename: ]
[machines: ]
[gpu_platform_id: -1]
[gpu_device_id: -1]
[gpu_use_dp: 0]
[num_gpu: 1]

end of parameters

pandas_categorical:null
