tree
version=v4
num_class=1
num_tree_per_iteration=1
label_index=0
max_feature_idx=40
objective=binary sigmoid:1
feature_names=speed_index last_3f_index course_aptitude position_advantage rotation_index jockey_index pace_index pedigree_index training_index anagusa_index paddock_index rebound_index rivals_growth_index career_phase_index distance_change_index jockey_trainer_combo_index going_pedigree_index distance head_count is_turf is_dirt is_jump is_good is_yaya is_heavy is_bad is_g1g2g3 frame_number horse_age weight_carried horse_weight weight_change jvan_time_dm jvan_battle_dm corner_stretch_regression bounce_score pace_index_pci collateral_form nicks_score peak_weight_proximity jockey_trainer_combo
feature_infos=[0:79] [14.1:71.900000000000006] [18.5:72.5] [31.699999999999999:69.5] [20:100] [0:84.299999999999997] [34.100000000000001:100] [26.800000000000001:91.200000000000003] [11.4:86.5] [40.200000000000003:76.900000000000006] none [40:70] [50:100] [20:85] [25:75] [35:70] [30:75] [1000:4260] [8:18] [0:1] [0:1] [0:1] [0:1] [0:1] [0:1] [0:1] [0:1] [1:8] [2:12] [49:65] [340:630] [-46:999] [11.699999999999999:98.099999999999994] [6.2000000000000002:89.900000000000006] [-16:13] [-21.166666666666664:22.833333333333336] [0:305.75575693271111] [0:1] [0.060037678261599253:0.5078010712758535] [-68:0] [0.051446175197472792:0.58866822523547768]
tree_sizes=3358 3439 3451 3460 3464 3451 3457 3463 3462 3454 3477 3476 3469 3471 3459 3468 3456 3461 3475 3469 3463 3461 3454 3469 3471 3477 3469 3468 3490 3475 3478 3486 3489 3473 3484 3479 3481 3477 3487 3487 3478 3495 3464 3473 3484 3483 3486 3491 3490 3493 3477 3466 3487 3491 3470 3461 3485 3488 3475 3483 3471 3472 3475 3469 3476 3471 3487 3475 3475 3462 3491 3486 3458 3463 3480 3491 3422 3482 3485 3465 3487 3489 2913 3472 3472 3469 3481 3476 3494 3463 3468 3489 3471 3474 3493 3450 3457 3466 3463 3495 1551 2818 2085 2298 3153 3498 3141 3495 2722 3480 3475 3458 3466 3466 3463 3480 3490 3475 3474 3154 3467 3472 2714 3476 2722 3514 3486 3489 3486 3284 3464 3463 3252 2927 2505 2500 3477 3491 3476 3468 3455 3447 3489 3477 3481 3483 3480 3142 3490 3392 3041 3481 3456 3475 3493 2799 2619 3480 3478 2735 3466 3350 3484 3048 3379 3251 3355 3486 3456 3052 3489 3462 3369 2620 3468 3433 3499 3495 3472 3454 3026 3259 3492 3268 3127 3465 3050 2404 3500 2370 3480 3257 3481 3502 2630 1509 2681 2599 1418 3488 2946 3473 3368 3050 2844 3497 3489 3498 3490 3470 3240 3269 3019 3481 2619 3478 3483 3488 3476

Tree=0
num_leaves=31
num_cat=0
split_feature=32 32 32 18 5 5 5 18 5 18 18 32 1 18 18 18 32 4 1 5 5 20 32 4 2 32 5 1 1 1
split_gain=5427.33 931.016 596.971 229.807 225.153 200.307 181.342 130.725 130.537 85.1773 84.9193 77.152 74.3948 66.3758 64.3441 64.2409 56.5548 51.4008 51.3715 49.3472 45.5657 44.1356 45.4304 42.7125 38.495 35.3645 35.1539 34.4522 33.6803 29.8589
threshold=64.550000000000011 72.050000000000011 57.750000000000007 11.500000000000002 58.350000000000001 57.550000000000004 51.550000000000004 11.500000000000002 55.95000000000001 12.500000000000002 13.500000000000002 50.750000000000007 51.350000000000001 14.500000000000002 12.500000000000002 10.500000000000002 69.65000000000002 92.450000000000017 56.050000000000004 71.850000000000009 46.250000000000007 1.0000000180025095e-35 74.850000000000009 84.950000000000017 49.95000000000001 61.550000000000004 68.250000000000014 54.95000000000001 52.150000000000013 48.350000000000001
decision_type=10 10 8 2 2 2 2 2 2 2 2 10 2 2 2 2 10 2 2 2 2 2 10 2 2 8 2 2 2 2
left_child=2 5 6 20 14 7 11 -2 17 -6 23 -1 -9 -13 28 29 -14 -5 -11 -12 -4 -16 -23 -7 -17 -10 -26 -22 -3 -8
right_child=1 4 3 8 9 10 15 12 25 18 19 13 16 -15 21 24 -18 -19 -20 -21 27 22 -24 -25 26 -27 -28 -29 -30 -31
leaf_value=-1.3304688914857612 -1.2333090359850543 -1.2271912636426621 -1.2779416010241094 -1.3050013639707398 -1.1502460175745968 -1.2222862154000178 -1.3114286290398789 -1.2847448903670116 -1.2886995545976263 -1.2076212535953572 -1.2501702752677335 -1.3037243275614379 -1.2690840959318981 -1.3245135230458214 -1.245642225269328 -1.3181311913856766 -1.2416279122415106 -1.2707838786983789 -1.1737400173633725 -1.2030699066545123 -1.2535480468792122 -1.2387523138076513 -1.2018783307127416 -1.1736407162593359 -1.3014848315231529 -1.2637169324356108 -1.2530767145125292 -1.211705312205325 -1.1815822164670815 -1.2512502792559574
leaf_weight=2298.872349485755 281.99002824723721 62.13627353310585 137.34493248164654 1723.3478487282991 153.98251391947269 161.11290596425533 27.163398265838623 566.86616756021976 265.86176052689552 269.59672778844833 498.10881569981575 644.11208137869835 730.01632839441299 956.15161895751953 274.01078000664711 406.60211779177189 252.95914635062218 116.97238378226757 195.57646751403809 62.815358489751816 179.95751351118088 154.32205639779568 185.72973564267159 63.664214685559273 628.32335613667965 302.36257694661617 39.726469963788986 68.24803814291954 122.4050634354353 83.697220906615257
leaf_count=13541 1661 366 809 10151 907 949 160 3339 1566 1588 2934 3794 4300 5632 1614 2395 1490 689 1152 370 1060 909 1094 375 3701 1781 234 402 721 493
internal_value=-1.28503 -1.23788 -1.30918 -1.29062 -1.20525 -1.25556 -1.31939 -1.26462 -1.29635 -1.1826 -1.23444 -1.32459 -1.27033 -1.31615 -1.22282 -1.30225 -1.26201 -1.30282 -1.19334 -1.24487 -1.25478 -1.23064 -1.21858 -1.20844 -1.30599 -1.27541 -1.29859 -1.242 -1.19687 -1.26605
internal_weight=11914 4035.29 7878.74 2794.1 1417.76 2617.53 5084.65 1831.83 2408.54 619.156 785.701 3899.14 1549.84 1600.26 798.604 1185.51 982.975 1840.32 465.173 560.924 385.55 614.063 340.052 224.777 1074.65 568.224 668.05 248.206 184.541 110.861
internal_count=70177 23769 46408 16458 8351 15418 29950 10790 14187 3647 4628 22967 9129 9426 4704 6983 5790 10840 2740 3304 2271 3617 2003 1324 6330 3347 3935 1462 1087 653
is_linear=0
shrinkage=1


Tree=1
num_leaves=31
num_cat=0
split_feature=32 32 32 5 5 5 5 0 4 4 1 1 0 1 7 0 4 32 7 32 28 4 28 29 5 4 28 5 7 40
split_gain=4841.83 846.686 487.376 200.879 172.817 172.759 121.028 79.9351 74.1887 72.8529 67.6289 54.0129 52.7655 47.0827 47.5261 44.7969 44.6316 37.3506 37.2515 36.6868 36.5203 36.0478 35.5669 34.842 33.8166 33.6372 32.255 29.814 28.6628 26.3765
threshold=64.050000000000011 70.950000000000017 57.750000000000007 58.350000000000001 57.550000000000004 51.550000000000004 55.95000000000001 49.350000000000001 89.450000000000017 89.050000000000011 53.95000000000001 56.050000000000004 49.850000000000001 53.250000000000007 55.850000000000001 49.95000000000001 90.250000000000014 74.65000000000002 46.850000000000001 50.750000000000007 4.5000000000000009 90.65000000000002 4.5000000000000009 58.750000000000007 68.250000000000014 83.250000000000014 3.5000000000000004 44.650000000000013 57.850000000000001 0.24400125526569658
decision_type=10 10 8 2 2 2 2 2 2 2 2 2 2 2 2 2 2 10 2 10 2 2 2 2 2 2 2 2 2 2
left_child=2 4 5 10 8 7 12 -1 13 18 23 28 -4 14 -2 -7 19 -12 -6 -9 -10 29 -15 27 -17 -8 -13 -3 -5 -14
right_child=1 3 6 11 9 15 25 16 20 -11 17 26 21 22 -16 24 -18 -19 -20 -21 -22 -23 -24 -25 -26 -27 -28 -29 -30 -31
leaf_value=-0.047248490847917275 -0.0027348418209390498 0.011502823472676393 -0.023715491132581184 0.070494921822745069 0.016773539139919514 -0.028404789934392896 0.006754999802754371 -0.040301910237732351 0.046238136001071212 0.077007696114130275 0.052848702691259852 0.1162416841726563 -0.014220178887156446 0.0266250206259337 0.030083697009608175 -0.011450258385997338 -0.0040085556149760627 0.078921911476156459 0.044086396512545208 -0.026841576730070305 0.0050079415445470577 0.017980583104762877 -0.00063666416544146728 0.10828413274793841 0.034550457058051563 0.036034320230006654 0.082558079421930247 0.04345850407632075 0.10398955102681938 0.0029052600020000961
leaf_weight=1618.7171409279108 705.58682969212532 92.010203510522842 712.67793513834476 369.80554524064064 176.5701117515564 490.0102182328701 474.71870186924934 1152.4398697167635 242.69480416178703 133.64614643156528 286.45889337360859 194.76206800341606 829.79340313374996 508.85057608783245 130.62430909276009 641.23609280586243 129.06743444502354 269.65241801738739 433.19174106419086 910.7412376999855 69.357922181487083 132.22203320264816 155.93817465007305 17.838840216398239 42.464156463742256 123.80301512777805 116.45848861336708 363.35992030799389 78.864074990153313 307.7364190518856
leaf_count=9760 4135 528 4232 2078 1015 2925 2777 6969 1412 762 1639 1081 4929 2960 764 3811 777 1524 2486 5461 404 773 907 102 247 723 646 2083 443 1824
internal_value=-0.000353412 0.0417076 -0.024514 0.0680893 0.0232396 -0.0336458 -0.00687486 -0.0388126 0.0149096 0.0435438 0.053672 0.0876022 -0.0128253 0.0102919 0.00238874 -0.0168633 -0.0325796 0.0655122 0.0361896 -0.0343642 0.0370947 -0.0067076 0.0202236 0.0397361 -0.00858124 0.0128247 0.103684 0.0370166 0.0764154 -0.00958298
internal_weight=11911.3 4345.67 7565.63 1789.21 2556.46 4984.68 2580.95 3810.97 1813.05 743.408 1029.32 759.89 1982.43 1501 836.211 1173.71 2192.25 556.111 609.762 2063.18 312.053 1269.75 664.789 473.209 683.7 598.522 311.221 455.37 448.67 1137.53
internal_count=70177 24969 45208 10124 14845 29950 15258 22967 10582 4263 5876 4248 11758 8766 4899 6983 13207 3163 3501 12430 1816 7526 3867 2713 4058 3500 1727 2611 2521 6753
is_linear=0
shrinkage=0.05


Tree=2
num_leaves=31
num_cat=0
split_feature=33 33 33 18 32 18 33 18 33 33 33 33 18 1 1 32 40 18 40 18 32 32 32 32 5 18 18 2 3 36
split_gain=5755.77 1013.53 747.309 220.887 210.692 201.697 174.569 98.0961 97.6176 78.2964 75.0266 71.1276 63.962 57.6816 55.7507 39.636 35.8045 33.5124 33.4224 31.592 30.6936 28.6048 26.6313 25.3361 22.0781 20.8375 20.8296 20.7467 20.7086 20.4279
threshold=58.050000000000004 67.850000000000009 45.050000000000004 12.500000000000002 60.650000000000013 11.500000000000002 73.050000000000011 12.500000000000002 34.050000000000004 51.850000000000001 58.050000000000004 64.65000000000002 10.500000000000002 55.550000000000004 58.350000000000001 69.65000000000002 0.31629460906427187 13.500000000000002 0.42650667907658441 11.500000000000002 71.65000000000002 71.450000000000017 74.65000000000002 68.750000000000014 55.45000000000001 15.500000000000002 10.500000000000002 49.650000000000013 38.250000000000007 53.894976561410054
decision_type=8 10 10 2 10 2 10 2 10 10 10 8 2 2 2 10 2 2 2 2 10 10 10 10 2 2 2 2 2 2
left_child=2 4 8 16 10 -6 7 26 -1 24 -2 18 -10 19 15 -9 -4 -12 -7 -8 -13 27 29 -18 -5 -14 -3 -11 -21 -15
right_child=1 6 3 9 5 11 13 14 12 21 17 20 25 22 -16 -17 23 -19 -20 28 -22 -23 -24 -25 -26 -27 -28 -29 -30 -31
leaf_value=-0.048822457725137443 -0.022118498123449487 0.10947890954105254 0.0115172021332203 -0.027336500844872404 0.069212041453346557 0.017942198674924813 0.11895876498672008 0.031704650742732252 -0.007726732617093785 -0.019823204136357551 0.035003602128982035 0.032978108567466934 -0.030947001664739876 0.08302411887900743 0.084383124469044821 0.058313479405301766 0.030754910256359604 0.0043566570184733573 0.068421660890977426 0.022831894700014829 0.05662822146692386 0.017910978530801511 0.12195211618353063 0.095155681214018545 -0.011042277786211226 -0.04105243516721041 0.076363431715334829 -0.0049828766514096404 0.078294339313724579 0.11932579924460972
leaf_weight=1952.7283198535442 220.1421345025301 93.476958334445953 629.6764427870512 1074.0478294491768 346.45606511831284 1042.8883199691772 48.281586140394211 270.6717171818018 217.08256730437279 326.65729662775993 130.11519072949886 421.7956912368536 974.40800809860229 126.94279851019382 111.28842581808567 293.61463767290115 65.722435131669044 284.82325768470764 33.85260297358036 18.075288891792297 205.45509320497513 106.62463513016701 181.60997171700001 20.060706317424774 259.42189203202724 1091.9509772360325 103.20235389471054 849.02664333581924 343.1495752632618 58.599681526422501
leaf_count=12007 1330 514 3696 6458 1929 5972 263 1566 1300 1944 772 2429 5896 708 617 1621 382 1711 187 101 1121 591 965 109 1517 6635 574 5023 1914 325
internal_value=-0.000358263 0.0455839 -0.0266738 -0.00895288 0.0266339 0.0344279 0.0764406 0.0610587 -0.0406075 -0.0156873 0.00146083 0.027349 -0.0335784 0.0936994 0.05198 0.0455667 0.0156605 0.013985 0.0195401 0.0806991 0.0407404 -0.00685969 0.10816 0.0459667 -0.0241713 -0.0362913 0.0921755 -0.00911177 0.07554 0.0945743
internal_weight=11901.8 4334.44 7567.41 3331.24 2685.53 2050.45 1648.91 872.254 4236.17 2615.78 635.081 1703.99 2283.44 776.659 675.575 564.286 715.46 414.938 1076.74 409.506 627.251 1282.31 367.152 85.7831 1333.47 2066.36 196.679 1175.68 361.225 185.542
internal_count=70177 24619 45558 19720 15451 11638 9168 4892 25838 15533 3813 9709 13831 4276 3804 3187 4187 2483 6159 2278 3550 7558 1998 491 7975 12531 1088 6967 2015 1033
is_linear=0
shrinkage=0.05


Tree=3
num_leaves=31
num_cat=0
split_feature=33 33 33 32 33 33 33 7 33 37 1 33 7 32 40 32 1 37 36 7 32 33 5 7 37 7 5 3 7 40
split_gain=5164.95 969.331 577.436 188.598 140.174 112.688 102.646 70.664 61.6834 59.7878 58.5115 51.9318 50.9519 45.238 43.281 42.3167 33.0851 38.431 32.2536 29.7514 29.321 26.0032 25.7637 25.4544 23.9837 23.7871 20.516 19.5002 19.2921 18.7943
threshold=56.650000000000013 67.850000000000009 41.95000000000001 60.650000000000013 73.050000000000011 63.050000000000004 49.650000000000013 57.750000000000007 56.650000000000013 0.44144582293928969 58.350000000000001 34.050000000000004 44.95000000000001 72.050000000000011 0.29315198307271578 70.450000000000017 51.750000000000007 0.44144582293928969 56.096705888781628 47.150000000000013 69.65000000000002 75.550000000000011 64.950000000000017 49.050000000000004 0.19666965751767945 53.750000000000007 55.250000000000007 57.750000000000007 43.550000000000004 0.33034537312490303
decision_type=8 10 10 10 10 8 10 2 10 2 2 10 2 10 2 10 2 2 2 2 10 10 2 2 2 2 2 2 2 2
left_child=2 3 11 8 10 9 14 13 26 19 18 -1 21 -7 23 25 17 -14 20 -5 -3 -6 -11 -4 -10 27 -2 -8 -17 -27
right_child=1 4 6 5 12 7 15 -9 24 22 -12 -13 16 -15 -16 28 -18 -19 -20 -21 -22 -23 -24 -25 -26 29 -28 -29 -30 -31
leaf_value=-0.047793544052173294 -0.030628036658725724 0.035835129441950074 -0.03038032596067531 0.00028757770256038743 0.032178785136278219 0.029895535149804021 -0.013721584382459257 0.074760976239380092 -0.015613105115665771 0.031085741446994143 0.083852975847896874 -0.035401351337376243 0.047631149486764057 0.054058653870944051 -0.00030137133873519087 -0.028060229796393749 0.097315598313855375 0.098758957695456479 0.083133541762748994 0.019462847506070767 0.056814271503168826 0.074377154956816252 0.069334677887447571 -0.017682161319772047 0.014566175620660711 -0.0010978758664727153 0.0039076322484117585 0.0034712257256559291 0.025592176550187432 0.032112513375433693
leaf_weight=1896.4685395210981 158.70666515827179 319.1158709526062 906.85993699729443 320.67459879815578 57.055346488952637 691.73034550249577 1064.9366331100464 140.07506960630417 76.543853953480721 315.29793186485767 157.88720400631428 1538.0922809094191 84.045871809124947 270.58756746351719 202.85275717079639 18.837922021746635 501.05676281452179 66.615984439849854 68.162090286612511 550.31619177758694 355.0587939620018 105.1497642993927 51.52874356508255 704.6360560208559 461.5487716794014 360.35251967608929 58.607696488499641 194.57774150371552 141.28069217503071 48.178480893373489
leaf_count=12007 978 1799 5540 1830 305 3894 6361 762 460 1782 834 9528 452 1434 1207 104 2611 354 369 3107 1890 554 279 4278 2745 2140 352 1161 780 280
internal_value=-0.0003667 0.0396117 -0.0275379 0.022905 0.0697766 0.0299166 -0.0136668 0.041547 0.00117574 0.0195522 0.0561518 -0.0422466 0.0848311 0.0366999 -0.0220927 -0.00530108 0.0910946 0.0703213 0.0502428 0.0124096 0.0468981 0.0595937 0.0364897 -0.0248325 0.0102618 -0.00766037 -0.0212936 -0.0110615 0.0192352 0.00281332
internal_weight=11886.8 4809.77 7077.07 3095.62 1714.15 2340.21 3642.51 1102.39 755.407 1237.82 900.224 3434.56 813.924 962.318 1814.35 1828.16 651.719 150.662 742.337 870.991 674.175 162.205 366.827 1611.5 538.093 1668.05 217.314 1259.51 160.119 408.531
internal_count=70177 26791 43386 17623 9168 13088 21851 6090 4535 6998 4892 21535 4276 5328 11025 10826 3417 806 4058 4937 3689 859 2061 9818 3205 9942 1330 7522 884 2420
is_linear=0
shrinkage=0.05


Tree=4
num_leaves=31
num_cat=0
split_feature=33 33 33 32 33 33 33 33 32 17 33 1 1 40 2 32 28 1 32 9 5 5 6 2 32 3 5 28 33 30
split_gain=4638.99 819.863 549.238 165.394 114.901 97.9208 94.9719 56.0285 53.488 66.6351 50.8773 48.2425 41.6471 40.1946 39.1958 38.0991 32.5872 31.9716 27.1794 23.6674 23.2485 21.1522 20.5114 19.6265 19.1723 18.6318 17.5463 17.3144 16.8188 16.8131
threshold=56.650000000000013 67.850000000000009 41.95000000000001 60.650000000000013 73.050000000000011 62.250000000000007 49.650000000000013 56.650000000000013 68.850000000000009 2810.0000000000005 34.050000000000004 58.350000000000001 56.350000000000001 0.29315198307271578 49.350000000000001 67.15000000000002 5.5000000000000009 56.550000000000004 69.65000000000002 74.450000000000017 56.750000000000007 69.750000000000014 59.750000000000007 47.150000000000013 49.550000000000004 56.150000000000013 49.250000000000007 2.5000000000000004 76.750000000000014 503.00000000000006
decision_type=8 10 10 10 10 8 10 10 10 2 10 2 2 2 2 10 2 2 10 2 2 2 2 2 8 2 2 2 10 2
left_child=2 3 10 7 11 14 13 24 17 -10 -1 18 20 19 -5 21 -16 -7 -3 23 28 25 -17 -4 -2 -8 -12 -15 -6 -13
right_child=1 4 6 5 12 8 15 -9 9 -11 26 29 -14 27 16 22 -18 -19 -20 -21 -22 -23 -24 -25 -26 -27 -28 -29 -30 -31
leaf_value=-0.046791771426575195 -0.04270823671056978 0.036500469209862829 -0.036971692697929569 -0.0011809025647893465 0.042287138382708402 0.021454566407564331 -0.012222761720882427 0.0096883660694070135 0.041822145331695315 0.093523869805104909 -0.038096078698865526 0.068861487900466853 0.090910400812895684 0.033976700169826783 0.0245642827827528 0.027043139659057622 -0.013713661785930129 0.049499045102309625 0.055513008358485473 0.017532044498335415 0.077359223017559348 0.035138393895380725 0.0012291029478913636 -0.022223060691551902 -0.010379773094548697 0.0019280064204630571 -0.026473390680235822 -0.0065287877415635895 0.070848675522198909 0.11138777979083075
leaf_weight=1841.6207369863987 66.895989060401917 360.93356962502003 275.88165660202503 234.43456552922726 114.87902012467384 514.30833803117275 1158.1593364775181 541.24453793466091 578.0096922069788 70.07956625521183 1022.6985830813646 135.23975013196468 342.22609159350395 31.064980998635292 793.05490037798882 115.54133296012878 59.558614611625671 127.22653731703758 400.34398648142815 33.4542216360569 292.86322541534901 27.037591397762299 231.36756734549999 1278.7398667931557 147.67495553195477 290.30407083034515 483.04859109222889 171.75287142395973 96.846958845853806 29.055249467492104
leaf_count=12007 423 1989 1722 1336 603 2868 6977 3205 3057 366 6506 687 1692 183 4421 652 336 704 2069 205 1481 156 1304 7891 907 1737 3022 1024 500 147
internal_value=-0.000371193 0.0368713 -0.0266152 0.0214912 0.0640484 0.02797 -0.0130943 0.0011107 0.0372911 0.0474341 -0.041208 0.0518434 0.077375 -0.021272 0.0169049 -0.00505449 0.0218833 0.0270309 0.0465114 -0.0239488 0.0681689 -0.0085617 0.00984644 -0.0248458 -0.0204972 -0.00938325 -0.0343728 -0.000286361 0.0554025 0.0764758
internal_weight=11865.5 4904.88 6960.67 3132.49 1772.39 2376.67 3613.3 755.815 1289.62 648.089 3347.37 925.573 846.815 1790.89 1087.05 1822.41 852.614 641.535 761.278 1588.08 504.589 1475.5 346.909 1554.62 214.571 1448.46 1505.75 202.818 211.726 164.295
internal_count=70177 26791 43386 17623 9168 13088 21851 4535 6995 3423 21535 4892 4276 11025 6093 10826 4757 3572 4058 9818 2584 8870 1956 9613 1330 8714 9528 1207 1103 834
is_linear=0
shrinkage=0.05


Tree=5
num_leaves=31
num_cat=0
split_feature=32 32 5 18 32 18 18 18 5 32 5 5 0 5 1 0 4 5 1 5 5 28 18 5 4 39 19 4 18 18
split_gain=3194.52 578.49 302.864 168.365 152.778 146.383 120.257 100.07 99.617 93.7056 63.172 62.2881 54.3904 51.4075 43.8591 36.9686 36.7842 36.5892 33.9732 37.2512 32.8872 28.6741 28.4215 28.2991 26.151 24.8518 23.6549 23.0349 21.4141 21.253
threshold=62.250000000000007 69.65000000000002 50.95000000000001 12.500000000000002 50.750000000000007 13.500000000000002 12.500000000000002 11.500000000000002 55.050000000000004 74.450000000000017 50.150000000000013 57.350000000000001 50.050000000000004 59.350000000000001 51.45000000000001 47.850000000000001 90.250000000000014 67.65000000000002 47.050000000000004 65.15000000000002 50.850000000000001 4.5000000000000009 8.5000000000000018 65.950000000000017 91.950000000000017 -10.999999999999998 1.0000000180025095e-35 90.250000000000014 14.500000000000002 9.5000000000000018
decision_type=10 10 2 2 10 2 2 2 2 10 2 2 2 2 2 2 2 2 2 2 2 2 2 2 2 2 2 2 2 2
left_child=2 5 4 11 15 10 18 -6 14 17 29 -3 -9 24 -7 -1 25 27 -4 -20 26 -16 -12 -24 -8 -10 -11 -5 -14 -2
right_child=1 3 6 9 7 8 13 12 16 20 22 -13 28 -15 21 -17 -18 -19 19 -21 -22 -23 23 -25 -26 -27 -28 -29 -30 -31
leaf_value=-0.049527611189845534 0.042539029163157355 0.055020191440221411 -0.013527661628024733 0.02181519269627151 0.0020016057577809925 -0.012305248862112574 -0.02197969353970796 -0.035144371584292129 0.00069360410664255623 0.047876345507420849 0.088794983869489863 0.088047286387363255 -0.0087242063529763113 -0.00010056571245286791 0.011238298306609641 -0.035632102282776662 0.048714272130743773 0.054720363910692495 0.016493337338351625 0.068000316920548851 0.058196395450389952 -0.011158909846437332 0.034838133369489925 0.071593015676604574 0.012459616172502387 0.02245514658568757 0.01432118388150249 0.042064615164109219 -0.02370889516633987 0.010489268166987798
leaf_weight=777.8640391677618 62.035013124346733 316.28999248147011 81.71630771458149 737.97500988841057 358.33289824426174 557.05270059406757 998.03299179673195 983.44533260166645 179.5518736988306 145.68430198729038 31.992735549807549 263.68463602662086 350.6322935372591 463.88110728561878 609.32814985513687 1264.4150761663914 103.37877108156681 123.74649342894554 324.20296107232571 39.392089992761612 583.58687122166157 186.38513053953648 386.71167694032192 61.023304596543312 58.091618716716766 491.98403297364712 83.057221278548241 174.55042460560799 754.33802072703838 315.12731184065342
leaf_count=5233 348 1634 512 3929 2198 3322 6216 6303 998 733 170 1283 2170 2792 3477 8349 545 620 1923 224 2886 1094 2123 320 342 2718 444 905 4733 1807
internal_value=9.34891e-05 0.0284202 -0.0236629 0.0465407 -0.0308297 0.0136727 -0.00728993 -0.0223963 0.00664184 0.0391566 0.0311219 0.0700571 -0.0265848 -0.013986 -0.00154334 -0.0409292 0.0209355 0.0291737 0.0155531 0.0221045 0.0518803 0.00598503 0.0431644 0.0398736 -0.0200796 0.0166451 0.0357257 0.0256982 -0.0189597 0.0157839
internal_weight=11867.5 5413.15 6454.34 2428.57 4489.03 2984.57 1965.32 2446.75 2127.68 1848.6 856.89 579.975 2088.42 1520.01 1352.77 2042.28 774.915 1036.27 445.311 363.595 812.328 795.713 479.728 447.735 1056.12 671.536 228.742 912.525 1104.97 377.162
internal_count=70351 29356 40995 12434 28986 16922 12009 15404 12154 9517 4768 2917 13206 9350 7893 13582 4261 5454 2659 2147 4063 4571 2613 2443 6558 3716 1177 4834 6903 2155
is_linear=0
shrinkage=0.05


Tree=6
num_leaves=31
num_cat=0
split_feature=33 33 33 18 18 32 18 33 7 33 33 33 7 18 18 7 33 7 33 5 7 18 32 5 32 5 1 18 5 33
split_gain=3953.59 580.33 491.417 208.717 145.266 107.212 101.392 80.928 66.2933 58.2703 58.1078 54.0337 49.0256 47.0769 43.7024 35.0651 40.0169 34.6819 30.9135 30.2701 29.338 28.797 27.0769 26.6497 26.0944 21.5277 20.1917 19.8577 19.2114 18.3324
threshold=56.650000000000013 68.250000000000014 41.95000000000001 12.500000000000002 10.500000000000002 68.450000000000017 13.500000000000002 73.850000000000009 55.350000000000001 59.050000000000004 50.850000000000001 31.650000000000002 67.450000000000017 14.500000000000002 13.500000000000002 53.45000000000001 82.950000000000017 49.250000000000007 47.050000000000004 65.550000000000011 59.750000000000007 10.500000000000002 51.150000000000013 46.550000000000004 74.450000000000017 55.95000000000001 53.250000000000007 10.500000000000002 50.050000000000004 62.650000000000013
decision_type=8 10 10 2 2 10 2 10 2 10 10 10 2 2 2 2 10 2 10 2 2 2 10 2 10 2 2 2 2 10
left_child=2 4 11 18 17 8 24 26 9 -6 20 28 13 -7 -13 16 -9 22 -4 -10 -5 -20 -2 -24 27 -12 -8 -3 -1 -19
right_child=1 6 3 10 5 12 7 15 19 -11 25 14 -14 -15 -16 -17 -18 29 21 -21 -22 -23 23 -25 -26 -27 -28 -29 -30 -31
leaf_value=-0.049204305917262416 -0.024897015144438039 0.08495534425049589 -0.0038263362840493102 -0.026370696796442734 -0.0069043856650992559 0.041732804924613821 0.027039522539292468 0.047980138968953034 0.024850781242615368 0.013344860203123008 -0.013921006704897361 -0.021284838651692398 0.10737247442800849 0.020138208027162978 -0.038313253018075449 0.082956825909690959 0.088987498268556356 0.052277989999392462 0.030732512262869983 0.072439376739601075 0.0034872455298524266 0.0073192580516275368 0.005859756392385721 0.054661719299403388 0.09183106082016057 0.0017665474612348101 0.044599621677714682 0.058043153376804948 -0.034292253215982289 0.083129894807577653
leaf_weight=1139.2582193911076 17.590772077441216 107.29806859791279 249.75434325635433 1503.8837233632803 570.60994234681129 412.90112011134624 265.79554481804371 332.14134153723717 300.15071061253548 940.16942164301872 901.73004421591759 537.59925070405006 20.039140775799751 654.06703351438046 1276.2008402198553 164.18632224202156 73.129735678434372 122.93123023211956 231.88032624125481 37.719954341650009 86.698913216590881 304.58355441689491 39.487857148051262 98.106636717915535 175.01182426512241 287.95205989480019 437.5391606092453 201.77002355456352 271.06517297029495 82.076474860310555
leaf_count=7888 112 518 1527 9505 3393 2111 1391 1621 1707 5323 5476 3486 101 3428 8478 783 345 654 1329 204 538 1780 217 516 811 1670 2207 1007 1810 415
internal_value=7.38496e-05 0.0335643 -0.024845 -0.0120537 0.0211891 0.0175084 0.0567746 0.0493478 0.0101763 0.00569361 -0.0184864 -0.0389921 0.0299711 0.0285028 -0.0332703 0.0633759 0.0554122 0.0511606 0.010687 0.0301982 -0.02474 0.0174525 0.0332271 0.0407069 0.0762773 -0.0101199 0.0379754 0.0674268 -0.0463444 0.0646887
internal_weight=11843.3 5052.72 6790.61 3566.48 3295.85 2935.66 1756.87 1272.79 1848.65 1510.78 2780.26 3224.12 1087.01 1066.97 1813.8 569.457 405.271 360.193 786.218 337.871 1590.58 536.464 155.185 137.594 484.08 1189.68 703.335 309.068 1410.32 205.008
internal_count=70351 26864 43487 21825 18181 16267 8683 6347 10627 8716 17189 21662 5640 5539 11964 2749 1966 1914 4636 1911 10043 3109 845 733 2336 7146 3598 1525 9698 1069
is_linear=0
shrinkage=0.05


Tree=7
num_leaves=31
num_cat=0
split_feature=33 33 33 18 18 18 32 33 32 33 33 33 5 18 33 9 2 33 5 18 2 1 33 3 3 3 4 33 5 34
split_gain=3562 501.061 466.545 190.674 126.26 85.6193 77.8186 70.1886 60.3602 54.6325 53.0086 51.7953 48.153 41.9498 37.7509 37.3341 29.0039 27.5202 25.7057 25.1924 24.178 23.8355 23.0002 22.1841 20.6193 20.4321 20.2488 23.0862 18.9894 18.6601
threshold=56.650000000000013 68.250000000000014 41.95000000000001 12.500000000000002 11.500000000000002 13.500000000000002 62.250000000000007 76.15000000000002 66.050000000000011 49.650000000000013 31.650000000000002 57.650000000000013 65.350000000000009 13.500000000000002 56.650000000000013 55.050000000000004 54.45000000000001 47.050000000000004 55.250000000000007 10.500000000000002 58.150000000000013 59.550000000000004 72.65000000000002 49.550000000000004 58.350000000000001 43.750000000000007 65.750000000000014 80.750000000000014 50.050000000000004 -3.4166666666666665
decision_type=8 10 10 2 2 2 10 10 10 10 10 10 2 2 10 2 2 10 2 2 2 2 10 2 2 2 2 10 2 2
left_child=2 4 10 17 8 22 14 21 11 20 28 -2 15 -12 16 -8 -6 -4 24 -19 29 25 -3 -16 -11 -7 -9 -28 -1 -5
right_child=1 5 3 9 6 7 12 26 -10 18 13 -13 -14 -15 23 -17 -18 19 -20 -21 -22 -23 -24 -25 -26 -27 27 -29 -30 -31
leaf_value=-0.048319488833955856 -0.0017269058236058525 0.059244710571332529 -0.0036434666695163626 -0.012189439516329604 -0.029810075078417854 0.021160237272778562 0.019535410246726941 0.042924596184477977 0.05681286499600538 -0.01777649161886808 -0.020496665002406642 0.041499066067836321 0.041139472537156802 -0.037318687688885743 -0.0018451719474666273 -0.012350061721197328 0.024935357624363427 0.028703510583406595 0.00046721431703064775 0.0069244086092745977 -0.0037552686837276994 0.061820144153615524 0.080947539046205413 0.016963878767506265 0.0021877151359596583 0.039934401739398488 0.057570651877299962 0.086137925663259243 -0.033317317611169683 -0.029733366719318984
leaf_weight=1103.0396224856377 112.95851142704487 244.621492639184 249.19500268995762 179.01094748079777 129.7604391425848 190.45676301419735 1606.4566147625446 89.566308170557022 296.9822656661272 895.92596080899239 530.54541392624378 178.29464735090733 252.30696904659271 1245.4933938086033 310.26549153029919 97.106307685375214 29.553536102175713 235.76110148429871 366.9882874339819 305.82703211903572 122.06632852554321 97.646442130208015 253.83193564414978 315.84416589140892 150.61562336981297 629.63795611262321 161.55570881068707 130.34229399263859 265.20121912658215 1034.8744661360979
leaf_count=7888 667 1173 1527 1154 825 955 8603 421 1456 5526 3486 956 1272 8478 1827 532 183 1329 2140 1780 771 461 1163 1860 916 3149 761 600 1810 6682
internal_value=5.35834e-05 0.031405 -0.023993 -0.0115418 0.0199165 0.0526785 0.0154022 0.0459012 0.0409393 -0.0177653 -0.0380099 0.0247225 0.0207407 -0.0322978 0.00210081 0.0177143 -0.0196139 0.0100901 -0.0109059 0.0164179 -0.025018 0.038387 0.0703207 0.00763636 -0.0148986 0.0355835 0.0639513 0.0703692 -0.045418 -0.0271515
internal_weight=11811.7 5127.19 6684.54 3540.26 3329.53 1797.66 2741.29 1299.21 588.235 2749.48 3144.28 291.253 1955.87 1776.04 785.424 1703.56 159.314 790.783 1413.53 541.588 1335.95 917.741 498.453 626.11 1046.54 820.095 381.464 291.898 1368.24 1213.89
internal_count=70351 26864 43487 21825 18181 8683 15102 6347 3079 17189 21662 1623 10407 11964 4695 9135 1008 4636 8582 3109 8607 4565 2336 3687 6442 4104 1782 1361 9698 7836
is_linear=0
shrinkage=0.05


Tree=8
num_leaves=31
num_cat=0
split_feature=32 32 32 18 18 18 4 4 0 32 0 18 40 40 40 9 32 6 1 4 40 40 18 40 1 14 40 6 1 40
split_gain=2398.97 397.679 233.833 172.048 147.352 76.9554 67.5803 66.9416 57.9584 54.4778 44.8834 43.8775 42.5612 38.8468 35.3751 32.0983 32.0151 30.8068 30.6682 25.5417 25.4336 23.9747 23.8512 23.2077 23.2027 20.8417 19.0522 18.0299 17.6222 17.5211
threshold=62.250000000000007 72.050000000000011 50.350000000000001 12.500000000000002 13.500000000000002 12.500000000000002 90.850000000000009 92.850000000000009 49.350000000000001 67.450000000000017 49.850000000000001 10.500000000000002 0.25425399166597473 0.39273189788775004 0.22827569055588817 55.050000000000004 79.15000000000002 61.750000000000007 48.45000000000001 54.750000000000007 0.42650667907658441 0.2912150277590278 9.5000000000000018 0.2526900861357847 51.150000000000013 62.050000000000004 0.19919517663313829 72.350000000000009 53.95000000000001 0.21531764411586124
decision_type=10 10 8 2 2 2 2 2 2 10 2 2 2 2 2 2 10 2 2 2 2 2 2 2 2 2 2 2 2 2
left_child=2 4 8 12 11 27 10 9 -1 17 23 28 24 -11 -10 16 26 -6 -13 -18 -20 -12 -14 -5 -4 -26 -7 -3 -2 -8
right_child=1 5 3 6 7 15 29 -9 14 13 21 18 22 -15 -16 -17 19 -19 20 -21 -22 -23 -24 -25 25 -27 -28 -29 -30 -31
leaf_value=-0.042937184196492645 0.033671890064520815 0.05424209844321129 -0.010462023032297381 -0.033061360115351143 0.0081874647040632315 0.021196878546953568 -0.0086365922888032211 0.030524121837446894 -0.032080235667606649 0.012405515975547655 -0.018767371645968683 -0.0029922301553475857 0.048175399295164748 0.059952873583513561 -0.013446062836773787 -0.013092495979164221 0.022321068126943205 -0.0068826648023135664 0.024923616162410872 0.060941984770974282 0.07931772912736812 -0.0012439138489443097 0.013506078542206866 -0.015116369208331726 0.0046619818266518624 0.05212986647426017 0.038101522744705678 0.075892826641131284 0.055451502210245578 0.022193940294354189
leaf_weight=1020.9222614467144 204.13077716529369 278.76025082170963 337.0002599209547 882.86761264503002 571.49190030992031 213.19203040003777 78.807991623878479 302.76094228029251 924.69082307815552 937.83845399320126 1486.212148308754 99.194628581404686 67.188424602150917 45.000987038016319 353.27623021602631 30.406943142414093 53.406656086444855 833.51073391735554 641.06030985713005 228.62092806398869 22.258401691913605 225.42353038489819 192.07863286137581 228.12658169865608 258.54051846265793 25.347181245684624 797.80558934807777 151.70676077902317 174.7481552362442 110.16605877876282
leaf_count=7347 1057 1291 2109 5949 3310 1062 481 1580 6457 5036 9607 551 379 224 2363 160 259 4820 3426 1065 109 1370 1118 1460 1560 151 3842 695 869 644
internal_value=3.57835e-05 0.0237932 -0.0214 -0.0139286 0.0147648 0.0435138 -0.0196122 0.0083757 -0.0340449 0.00556419 -0.0215507 0.0298195 0.00551296 0.0145935 -0.0269344 0.0375255 0.0387206 -0.000749109 0.0228902 0.0536567 0.0267681 -0.0164626 0.0225249 -0.0293828 -0.00158524 0.00893467 0.0345442 0.0618998 0.0437424 0.00931245
internal_weight=11776.5 5585.89 6190.65 3891.76 3832 1753.9 3011.6 2690.6 2298.89 2387.84 2822.63 1141.39 880.155 982.839 1277.97 1323.43 1293.03 1405 762.513 282.028 663.319 1711.64 259.267 1110.99 620.888 283.888 1011 430.467 378.879 188.974
internal_count=70351 29356 40995 24828 20982 8374 19511 14970 16167 13390 18386 6012 5317 5260 8820 6388 6228 8130 4086 1324 3535 10977 1497 7409 3820 1711 4904 1986 1926 1125
is_linear=0
shrinkage=0.05


Tree=9
num_leaves=31
num_cat=0
split_feature=33 33 33 18 18 18 33 7 33 33 32 32 18 33 9 7 7 33 33 2 7 37 4 33 7 5 40 7 5 7
split_gain=3015.06 423.488 407.436 160.899 99.2922 92.5142 90.0251 59.9603 50.6063 48.948 46.4983 40.8315 38.8893 37.1078 33.2777 29.3935 28.5494 28.3428 27.5954 26.8465 26.3548 25.6117 23.6939 22.8491 26.8788 21.1971 21.1632 21.1239 19.0885 18.4156
threshold=56.650000000000013 41.95000000000001 66.050000000000011 12.500000000000002 13.500000000000002 11.500000000000002 73.850000000000009 57.95000000000001 31.650000000000002 50.250000000000007 66.050000000000011 58.350000000000001 13.500000000000002 57.650000000000013 55.050000000000004 53.750000000000007 53.45000000000001 82.950000000000017 65.850000000000009 58.150000000000013 55.45000000000001 0.53245069745069751 92.850000000000009 72.65000000000002 57.750000000000007 55.95000000000001 0.31253619410826766 47.750000000000007 50.050000000000004 46.750000000000007
decision_type=8 10 10 2 2 2 10 2 10 10 10 10 2 10 2 2 2 10 8 2 2 2 2 10 2 2 2 2 2 2
left_child=1 8 5 20 23 10 15 11 28 19 13 18 29 -2 -13 22 17 -8 -7 27 21 -3 -6 24 -4 -11 -9 -5 -1 -10
right_child=2 3 4 9 6 7 16 26 12 25 -12 14 -14 -15 -16 -17 -18 -19 -20 -21 -22 -23 -24 -25 -26 -27 -28 -29 -30 -31
leaf_value=-0.046871154602701852 -0.0017110031949914687 0.0019115715873140411 0.046392036489825011 -0.032080962412815973 0.018881299273931274 0.0032197554251289016 0.0395935906973209 0.024735265338765512 -0.030540761138328106 -0.013238096712964116 0.050028784545021944 0.013619655106713075 -0.035723502393819509 0.035588400121150734 -0.015394728885573944 0.04097391176629956 0.06989558953915162 0.072997638298170589 -0.025681394259217439 -0.0016455212713519772 0.02675686254100141 0.047584796111586419 0.04168591563733301 0.071534481152623661 0.080208016337800697 0.0017179153434619045 0.056358869412767625 -0.019192823134233691 -0.031500914631863497 -0.01138235352999953
leaf_weight=1044.0439947396517 112.77879229187965 603.85382513701916 332.01466944813728 607.67461603879929 613.27648371458054 246.29764321446419 348.64571534097195 173.0989595502615 214.70680184662342 973.80851373076439 253.07678039371967 1616.264016315341 1196.7795038968325 162.13458181917667 105.01993079483509 335.7743950933218 174.34362155199051 78.433350384235382 123.97550486028194 132.78632180392742 163.56285969913006 32.261093035340309 140.60351745784283 264.18727430701256 72.330790191888809 312.28948740661144 77.038422793149948 675.02116225659847 254.47080479562283 305.01767092943192
leaf_count=7888 667 3533 1572 4060 3095 1485 1621 934 1454 6057 1196 8687 8478 847 586 1653 783 345 814 843 920 183 687 1163 335 1814 394 4415 1810 2032
internal_value=2.29965e-05 -0.02267 0.0283018 -0.0108391 0.043694 0.0156427 0.0372329 0.0113757 -0.0364064 -0.0166712 0.0345522 0.00860463 -0.0307584 0.0202737 0.0118457 0.0286475 0.0527722 0.0457556 -0.0064478 -0.0230888 0.00885684 0.0042429 0.0231461 0.060022 0.0524719 -0.00960275 0.0345135 -0.0253045 -0.0438655 -0.019311
internal_weight=11745.6 6516.28 5229.29 3501.26 2359.61 2869.68 1691.08 2341.69 3015.02 2701.58 527.99 2091.56 1716.5 274.913 1721.28 1089.65 601.423 427.079 370.273 1415.48 799.678 636.115 753.88 668.533 404.345 1286.1 250.137 1282.7 1298.51 519.724
internal_count=70351 43487 26864 21825 11254 15610 8184 12900 21662 17189 2710 11572 11964 1514 9273 5435 2749 1966 2299 9318 4636 3716 3782 3070 1907 7871 1328 8475 9698 3486
is_linear=0
shrinkage=0.05


Tree=10
num_leaves=31
num_cat=0
split_feature=33 33 33 18 18 18 33 33 7 33 7 7 3 1 37 33 3 7 18 5 2 40 33 7 3 7 7 34 18 2
split_gain=2693.59 539.024 297.445 122.534 114.216 88.6312 81.2529 48.7546 44.7169 43.7445 43.2166 42.2121 37.0206 39.0921 31.3361 29.9917 29.6536 28.5133 27.6249 26.6237 23.9348 20.3707 18.421 24.0322 18.218 15.5636 15.4196 14.6689 14.6456 14.6323
threshold=53.650000000000013 64.850000000000009 40.45000000000001 13.500000000000002 12.500000000000002 13.500000000000002 76.450000000000017 59.850000000000001 60.750000000000007 31.650000000000002 56.350000000000001 49.650000000000013 55.750000000000007 52.95000000000001 0.41000139446318945 47.050000000000004 43.750000000000007 47.150000000000013 13.500000000000002 60.150000000000013 53.150000000000013 0.37275355955611156 72.850000000000009 57.650000000000013 51.750000000000007 41.750000000000007 48.250000000000007 -1.8333333333333333 8.5000000000000018 55.750000000000007
decision_type=8 10 10 2 2 2 10 10 2 10 2 2 2 2 2 10 2 2 2 2 2 2 10 2 2 2 2 2 2 2
left_child=2 3 9 10 15 22 8 19 16 -1 12 20 13 -2 29 28 -7 -9 -11 24 -6 -19 23 -3 -5 -14 -20 -22 -4 -13
right_child=1 5 4 7 11 6 -8 17 -10 18 -12 14 25 -15 -16 -17 -18 21 26 -21 27 -23 -24 -25 -26 -27 -28 -29 -30 -31
leaf_value=-0.043815321659556761 0.0025741582423549395 0.043228654802718695 0.027612021726735381 -0.012112405124217978 -0.029880562011360929 0.012898267330236489 0.054489287939821919 -0.00077382890045063046 0.05885877094211206 -0.020345946300549759 0.04432919496884246 -0.02318024450422608 -0.0025757126553227062 0.025308042243504438 -0.0017979538315916191 0.013238347834428786 0.030219505807719618 0.015154179831938045 -0.041465775075769928 0.012818035691178396 0.00043355693266156677 0.047693094685981874 0.064949920280302859 0.071085785477121438 0.0008906765614511941 0.042436838369079646 -0.028824417614311759 -0.021143405176500554 -0.010976056246811326 -0.0010783537660752449
leaf_weight=1262.6407558470964 396.81627541780472 420.63729971647263 26.732539340853691 626.68397423624992 904.29224482178688 319.08242234587669 384.44471488893032 302.45624414086342 114.68244382739067 428.50949211418629 195.13182793557644 467.06092783808708 21.267000392079353 362.13052542507648 443.29599842429161 377.42683063447475 1116.0296777039766 544.83733886480331 525.91204303503036 211.99343131482601 110.09273159503937 52.898154273629189 257.43824638426304 96.175672560930252 471.17466805875301 178.84000311791897 455.87514668703079 272.7914129793644 287.32256869971752 89.762560039758682
leaf_count=9715 2197 1977 160 3735 6083 1585 1705 1659 542 2925 991 3045 118 1896 2851 2139 5482 2925 3840 1167 721 267 1112 436 2779 949 3297 1777 1785 569
internal_value=-9.06687e-05 0.0230287 -0.0249331 0.00966025 -0.014064 0.039631 0.033898 0.00276141 0.0287837 -0.0370431 0.0228645 -0.0194474 0.0184878 0.0134301 -0.0117304 0.00373631 0.026373 0.0117202 -0.0309737 -0.0033921 -0.0254381 0.0180497 0.0539404 0.0484351 -0.00652767 0.0376291 -0.0356046 -0.0149277 -0.00766776 -0.0196271
internal_weight=11724.4 6072.72 5651.72 3364.23 2978.78 2708.49 1934.24 2210.04 1549.79 2672.94 1154.19 2287.3 959.054 758.947 1000.12 691.482 1435.11 900.192 1410.3 1309.85 1287.18 597.735 774.251 516.813 1097.86 200.107 981.787 382.884 314.055 556.823
internal_count=70429 31522 38907 18683 19130 12839 9314 12532 7609 19777 6151 15046 5160 4093 6465 4084 7067 4851 10062 7681 8581 3192 3525 2413 6514 1067 7137 2498 1945 3614
is_linear=0
shrinkage=0.05


Tree=11
num_leaves=31
num_cat=0
split_feature=33 33 33 18 18 18 33 32 32 33 7 7 7 33 33 18 6 7 33 2 7 33 36 1 2 33 38 18 32 7
split_gain=2443.22 476.966 283.476 123.474 105.068 61.6645 58.8433 56.0127 48.3166 42.9668 39.6511 36.2648 33.8735 33.7515 26.9352 26.5383 26.3819 25.8554 25.559 25.3915 23.945 22.5085 19.9226 18.8301 18.2533 17.9185 17.3687 15.2796 16.3124 14.9931
threshold=53.650000000000013 66.050000000000011 40.45000000000001 13.500000000000002 12.500000000000002 13.500000000000002 76.450000000000017 65.15000000000002 61.350000000000001 31.650000000000002 45.650000000000013 60.750000000000007 57.45000000000001 55.45000000000001 47.050000000000004 13.500000000000002 52.550000000000004 47.150000000000013 56.650000000000013 55.750000000000007 58.650000000000013 63.250000000000007 57.184192264122963 52.45000000000001 57.550000000000004 59.850000000000001 0.18399700191597954 8.5000000000000018 76.850000000000009 48.250000000000007
decision_type=8 10 10 2 2 2 10 10 10 10 2 2 2 10 8 2 2 2 10 2 2 8 2 2 2 8 2 2 10 2
left_child=2 3 9 8 14 22 11 18 13 -1 -6 24 21 23 -4 -11 20 -9 -5 -18 -12 -10 27 -2 -7 -19 -15 -3 -29 -17
right_child=1 5 4 7 10 6 -8 17 12 15 16 -13 -14 26 -16 29 19 25 -20 -21 -22 -23 -24 -25 -26 -27 -28 28 -30 -31
leaf_value=-0.042950695675894573 -0.019286785659743039 0.080441683019227633 -0.0073195594488871616 -0.013115601446547782 -0.028573468368674488 0.02304564493123238 0.050926849716206625 0.00086276146690229859 0.018579589227187734 -0.019590373423905006 -0.0079184273747120639 0.057751879713641145 0.052909467595031456 -0.014236910192972387 0.012485714632290708 -0.040544010818682683 -0.022425792594124486 0.0071119516279984588 0.00180306940462867 -0.0055564989877852451 0.028212277984260559 0.036849031593311841 0.075313486137375346 0.015497953366364468 0.037052758028238222 0.022415169117264114 0.026729514160262355 0.042019014730581665 0.062752267874381581 -0.027932406073856747
leaf_weight=1224.6293665021658 117.17825981974602 35.559803023934364 312.60898488759995 459.4894492328167 703.06373055279255 941.86185741424561 390.61072787642479 393.26472246646881 450.94386477768421 422.93339292705059 341.12374575436115 100.84305575489998 133.68218316137791 29.507196426391602 380.10409836471081 511.35047403723001 859.9890058785677 313.21136562526226 763.65567031502724 302.44417056441307 52.84566056728363 271.56925939023495 78.637697726488113 57.987586155533791 311.76968637108803 496.47343261539936 198.91450180113316 457.51987244188786 122.10461741685867 447.14050550758839
leaf_count=9715 743 154 1945 2916 4793 4569 1705 2098 2296 2925 2259 463 636 166 2139 3840 5729 1706 4397 1930 335 1306 343 347 1479 2513 1103 2066 516 3297
internal_value=-9.84206e-05 0.0216829 -0.0241008 0.0103306 -0.0134883 0.0388363 0.0338108 0.00373331 0.0230304 -0.0361199 -0.0187113 0.0288677 0.0297553 0.00874777 0.00354097 -0.0300582 -0.0142515 0.0113947 -0.00379784 -0.0180419 -0.00305337 0.0254575 0.0514624 -0.00774071 0.0265358 0.0165032 0.0214117 0.0483937 0.0464054 -0.0346694
internal_weight=11683 6124.78 5558.23 3685.88 2952.18 2438.91 1745.09 2426.09 1259.78 2606.05 2259.47 1354.47 856.195 403.588 692.713 1381.42 1556.4 1202.95 1223.15 1162.43 393.969 722.513 693.822 175.166 1253.63 809.685 228.422 615.184 579.624 958.491
internal_count=70429 31522 38907 20227 19130 11295 8216 13630 6597 19777 15046 6511 4238 2359 4084 10062 10253 6317 7313 7659 2594 3602 3079 1090 6048 4219 1269 2736 2582 7137
is_linear=0
shrinkage=0.05


Tree=12
num_leaves=31
num_cat=0
split_feature=33 33 33 32 33 29 7 37 33 6 3 7 7 7 1 33 7 37 32 1 33 32 4 3 7 28 32 9 32 32
split_gain=2217.31 421.022 269.939 82.1877 53.3188 51.2724 47.7356 44.4476 42.1743 38.9323 36.7435 33.7589 33.0681 31.4209 29.8714 27.4166 26.7464 23.8756 22.5829 21.8797 21.7632 21.6054 22.1356 20.9611 18.0326 17.6012 17.3204 16.2771 15.5075 14.8932
threshold=53.650000000000013 66.050000000000011 40.45000000000001 65.750000000000014 73.850000000000009 58.750000000000007 46.650000000000013 0.45645787448441061 31.650000000000002 51.850000000000001 58.250000000000007 61.150000000000013 57.750000000000007 55.95000000000001 49.850000000000001 48.250000000000007 56.350000000000001 0.57445105820105835 73.65000000000002 51.850000000000001 48.45000000000001 83.050000000000011 93.15000000000002 54.050000000000004 48.95000000000001 5.5000000000000009 78.65000000000002 50.750000000000007 66.850000000000009 72.250000000000014
decision_type=8 10 10 10 10 2 2 2 10 2 2 2 2 2 2 10 2 2 10 2 10 10 2 2 2 2 10 2 10 10
left_child=2 3 8 10 11 7 20 16 -1 12 13 21 28 14 -2 23 -5 24 -7 -6 -4 22 -3 -11 -10 -15 -21 -14 -8 -17
right_child=1 4 6 5 19 18 9 -9 17 15 -12 -13 27 25 -16 29 -18 -19 -20 26 -22 -23 -24 -25 -26 -27 -28 -29 -30 -31
leaf_value=-0.042097400791542235 -0.014926669456220863 0.02517585536811532 -0.027516679744414043 0.0069521731238980037 0.031959477899653262 0.034595511505644862 -0.0062290401239186392 0.028890275481440277 -0.035313756323295212 -0.024825457169575307 0.02064051352675551 0.057496225319461775 0.045470204392252994 0.019491874949365773 0.0014849153530356041 -0.0069607648260777482 0.028008939583059462 0.012287499787345127 0.081480827824012239 0.046571262336536114 -0.01291664660446705 0.067366650055210697 0.040952665413929008 -0.006343311625401667 -0.023459049737018626 -0.024444654147682789 0.066259551236360001 -0.0011687858270718993 0.02138749266915892 0.024367429598864111
leaf_weight=1187.9201890975237 373.17342938482761 1192.4889103025198 615.42630925774574 977.91095525026321 199.18978707492352 85.70855350792408 343.81382915377617 440.27246323227882 752.25405826419592 501.17275020480156 252.45047827064991 112.90437959134579 62.340371787548065 254.86054785549641 1076.3865635246038 615.77943733334541 178.55567142367363 33.66000896692276 37.231205746531487 506.72590443491936 439.54883316159248 36.121610626578331 275.36325564980507 222.3508175611496 567.69511554390192 24.850489139556885 146.47444060444832 26.408166140317917 59.511308237910271 40.271445527672768
leaf_count=9715 2273 5672 4275 5035 883 414 2256 2187 5662 3351 1452 505 381 1424 6253 3847 881 240 165 2197 2820 159 1269 1486 4160 143 610 159 341 214
internal_value=-0.000104562 0.0204388 -0.023288 0.00976912 0.0364294 0.0177675 -0.0129321 0.0153652 -0.0352101 -0.00813291 0.00282532 0.0310813 0.00393332 0.000220609 -0.00273736 -0.0124404 0.0102098 -0.0291596 0.0488896 0.0465632 -0.0214402 0.0290913 0.0281415 -0.0191542 -0.0302211 0.0155632 0.0510033 0.0315503 -0.00213749 -0.00502665
internal_weight=11638.8 6170.67 5468.15 3701.4 2469.27 1719.68 2926.62 1596.74 2541.53 1871.65 1981.72 1616.88 492.074 1729.27 1449.56 1379.57 1156.47 1353.61 122.94 852.39 1054.98 1503.97 1467.85 723.524 1319.95 279.711 653.2 88.7485 403.325 656.051
internal_count=70429 31522 38907 20227 11295 8682 19130 8103 19777 12035 11545 7605 3137 10093 8526 8898 5916 10062 579 3690 7095 7100 6941 4837 9822 1567 2807 540 2597 4061
is_linear=0
shrinkage=0.05


Tree=13
num_leaves=31
num_cat=0
split_feature=33 33 33 18 18 18 33 32 33 7 18 7 7 33 32 3 33 33 7 0 18 31 5 30 34 32 9 7 5 34
split_gain=2012.69 376.198 256.88 97.8276 88.8964 68.4667 60.107 59.81 44.7848 36.445 35.2525 33.8991 28.274 27.925 25.8721 24.7996 24.4925 23.8404 24.0512 22.9047 22.4006 19.8881 18.3195 17.8198 16.811 16.8023 16.1333 16.0505 15.9682 15.1295
threshold=53.650000000000013 64.850000000000009 40.95000000000001 11.500000000000002 12.500000000000002 13.500000000000002 71.050000000000011 67.450000000000017 31.650000000000002 49.650000000000013 13.500000000000002 54.750000000000007 66.850000000000009 60.850000000000001 71.15000000000002 54.850000000000001 47.050000000000004 82.950000000000017 54.45000000000001 56.650000000000013 15.500000000000002 -22.499999999999996 51.45000000000001 423.00000000000006 -3.4166666666666665 64.050000000000011 50.650000000000013 41.250000000000007 69.15000000000002 -4.1666666666666652
decision_type=8 10 10 2 2 2 10 10 10 2 2 2 2 8 10 2 10 10 2 2 2 10 2 2 2 10 2 2 2 2
left_child=2 3 8 14 16 -3 12 11 -1 19 -10 15 23 -9 27 -5 -4 18 -8 24 -13 25 -21 -7 -6 -11 -15 -2 -23 -12
right_child=1 5 4 7 9 6 17 13 10 21 29 20 -14 26 -16 -17 -18 -19 -20 22 -22 28 -24 -25 -26 -27 -28 -29 -30 -31
leaf_value=-0.041254027711900156 -0.0096867135149834496 0.045154435779229243 -0.0071718284760360282 -0.0087848118834421736 -0.0092492016998369439 -0.016480011198964469 0.028745349415376022 0.0054174897430295729 -0.016169631609345377 -0.0032292898735315511 -0.019458478542507231 0.025889972837419797 0.072727337191908881 0.027394728162616483 0.045278978114781196 0.0059443238903243868 0.012198174302466502 0.05838904205384382 0.047327594171966754 -0.017823923705520585 0.0010995528758470422 -0.013765361027662869 0.013119175455896363 0.019202618863101116 -0.028734577501129788 0.034781048866502365 0.0055397006184476089 0.023167676565836778 0.035058271468536482 -0.036084701572296311
leaf_weight=1152.5030814409256 40.143365502357483 805.05343380570412 285.00705210864544 1048.9881734699011 128.51811694353819 36.112701535224915 647.20539028942585 469.73069514334202 439.69737783074379 102.72415859997272 166.86814893782139 165.15129460394382 24.054594695568085 379.07671348750591 134.45867352187634 392.27774868905544 381.01829327642918 111.74248330295086 240.57184031605721 157.79999335110188 204.15056559443474 791.15753977000713 68.353384852409363 942.87080329656601 841.12194224447012 40.34263402223587 109.49276055395603 462.57881723344326 16.960460066795349 809.84950130432844
leaf_count=9715 218 3525 1791 6241 895 177 2919 2459 3128 691 1291 920 108 1864 598 2287 2139 464 1051 1079 1166 5230 440 4595 5883 237 540 2390 98 6290
internal_value=-0.000109271 0.019277 -0.0224924 0.00810482 -0.0120501 0.032828 0.0278681 0.00403731 -0.0339241 -0.0170009 -0.0279539 -0.00130653 0.0192071 0.014138 0.0257689 -0.00477229 0.00390198 0.0365517 0.0337912 -0.022814 0.0122033 -0.00968611 -0.00844781 0.0178797 -0.0261583 0.00747092 0.0225092 0.0205328 -0.0127303 -0.0332516
internal_weight=11595.6 6213.66 5381.92 3406.05 2813 2807.61 2002.56 2768.87 2568.92 2146.98 1416.42 1810.57 1003.04 958.3 637.181 1441.27 666.025 999.52 887.777 1195.79 369.302 951.185 226.153 978.984 969.64 143.067 488.569 502.722 808.118 976.718
internal_count=70429 31522 38907 18683 18483 12839 9314 15477 20424 14553 10709 10614 4880 4863 3206 8528 3930 4434 3970 8297 2086 6256 1519 4772 6778 928 2404 2608 5328 7581
is_linear=0
shrinkage=0.05


Tree=14
num_leaves=31
num_cat=0
split_feature=33 33 33 7 33 0 3 33 1 36 5 7 36 5 36 5 7 7 0 34 33 5 3 9 7 33 33 7 3 3
split_gain=1827.73 333.697 244.319 59.4738 57.2324 44.2607 43.8868 40.6586 38.1112 38.5015 31.304 30.6361 26.4721 24.1565 22.9186 22.0718 21.1315 20.9605 20.2256 19.3572 19.2749 17.4576 16.7512 16.2911 14.7443 18.2613 12.9196 12.7406 14.2709 12.3526
threshold=53.650000000000013 64.850000000000009 40.45000000000001 56.850000000000001 71.050000000000011 49.95000000000001 55.750000000000007 30.650000000000002 49.95000000000001 56.667628030404551 46.550000000000004 66.350000000000009 43.951984708492112 72.950000000000017 54.811816951912164 50.850000000000001 40.350000000000001 53.850000000000001 46.350000000000001 -1.5833333333333333 48.050000000000004 69.750000000000014 44.650000000000013 61.350000000000001 41.750000000000007 57.250000000000007 59.850000000000001 54.95000000000001 58.650000000000013 46.750000000000007
decision_type=8 10 10 2 10 2 2 10 2 2 2 2 2 2 2 2 2 2 2 2 10 2 2 2 2 8 8 2 2 2
left_child=2 3 7 6 11 20 8 -1 -2 -10 19 14 16 17 18 23 -12 22 -3 -7 -4 -14 -6 -9 -8 -26 -5 28 -22 -28
right_child=1 4 5 26 13 10 24 15 9 -11 12 -13 21 -15 -16 -17 -18 -19 -20 -21 27 -23 -24 -25 25 -27 29 -29 -30 -31
leaf_value=-0.041078125096102917 -0.010614008630319999 -0.0018471726059805203 -0.027752318714923341 0.015502626029796733 0.01976027284456644 -0.0020648959806081821 -0.0058723803810323914 -0.032134132643437029 0.0021283560830756432 0.023658928501676835 -0.038161561635882323 0.07029887944896665 -0.0079262554589087895 0.060694836441731605 0.036485991278428477 -0.016463237572019489 0.014620079113580937 0.04614904060201995 0.021808250820748942 -0.019320177395335709 -0.021007034890625862 0.036051231012280159 0.035856843801003208 0.017017047975957725 0.0045678305946213341 0.024277861708191142 0.016969643551296178 0.0064524146043062509 0.010309883124453682 0.040115375976351453
leaf_weight=1013.4466775655746 496.1702496111393 98.294369697570801 492.92680529505014 250.92627988755703 214.33109483122826 218.95982432365417 66.891152411699295 1063.7634325921535 1521.7330550998449 240.49761781096458 20.273351915180683 34.784762665629387 820.12965865433216 110.21561196446419 251.59497340023518 325.70678833127022 266.72819195687771 376.04121480882168 1065.4829979985952 638.49123360961676 286.91493074595928 23.070617914199829 684.04856903851032 16.938139788806438 163.17763419449329 426.61966818571091 92.416017651557922 69.593999281525612 41.368364498019218 158.42122593522072
leaf_count=8820 2900 485 3524 1343 946 1485 376 8399 8360 1270 141 152 5270 463 1154 2429 1690 1604 5046 4294 1894 131 2989 129 938 2252 461 432 269 783
internal_value=-0.000113421 0.0181968 -0.0217192 0.00767257 0.0308795 -0.0118713 0.00493317 -0.0334303 0.00162226 0.00507072 -0.00771599 0.023925 -0.00224493 0.0381573 0.0227769 -0.0279133 0.0108623 0.0361996 0.019806 -0.0149204 -0.0211355 -0.00671294 0.0320248 -0.0313576 0.0163101 0.0188349 0.0235735 -0.0129206 -0.0170435 0.0316179
internal_weight=11550 6251.65 5298.31 3416.85 2834.79 2878.46 2915.09 2419.86 2258.4 1762.23 1987.65 1450.16 1130.2 1384.64 1415.37 1406.41 287.002 1274.42 1163.78 857.451 890.804 843.2 898.38 1080.7 656.688 589.797 501.764 397.877 328.283 250.837
internal_count=70429 31522 38907 18683 12839 19130 16096 19777 12530 9630 13011 6837 7232 6002 6685 10957 1831 5539 5531 5779 6119 5401 3935 8528 3566 3190 2587 2595 2163 1244
is_linear=0
shrinkage=0.05


Tree=15
num_leaves=31
num_cat=0
split_feature=33 33 33 18 18 18 7 33 7 40 2 40 7 1 3 18 33 18 7 18 2 33 2 38 18 37 2 7 7 28
split_gain=1642.13 292.461 237.18 135.495 101.493 50.4181 41.4972 37.8201 36.7157 35.7253 30.4855 29.5445 29.5 27.9708 26.6751 25.0427 23.3944 25.6325 22.8035 22.0033 19.8327 18.9366 18.6613 18.3734 18.3038 17.2733 17.2723 16.8055 15.6111 15.1805
threshold=56.650000000000013 39.95000000000001 68.65000000000002 14.500000000000002 13.500000000000002 10.500000000000002 53.750000000000007 60.250000000000007 42.850000000000001 0.2526900861357847 49.45000000000001 0.33900574611101514 67.450000000000017 47.250000000000007 46.650000000000013 11.500000000000002 82.15000000000002 12.500000000000002 66.850000000000009 9.5000000000000018 60.050000000000004 46.250000000000007 53.95000000000001 0.21958799177421143 10.500000000000002 0.32055757233022991 53.350000000000001 41.850000000000001 49.050000000000004 4.5000000000000009
decision_type=8 10 10 2 2 2 2 10 2 2 2 2 2 2 2 2 10 2 2 2 2 10 2 2 2 2 2 2 2 2
left_child=1 9 4 5 7 25 16 13 22 15 28 21 14 -2 -10 -1 17 -4 20 -8 -12 -7 -6 -18 -15 -3 -17 -19 -5 -21
right_child=2 3 6 10 8 11 19 -9 12 -11 18 -13 -14 24 -16 26 23 27 -20 29 -22 -23 -24 -25 -26 -27 -28 -29 -30 -31
leaf_value=-0.021106858452364825 -0.012072424206742607 0.0010710477268757177 0.040710837198493992 -0.033587425446750967 -0.019330582240318486 -0.014789650066298135 0.079802724846687947 0.031578321208797437 -0.00098147976612309178 -0.017214824304454174 -0.016167952470888026 0.027625787792419761 0.052115377093468598 0.032389299475479305 0.011311055287579967 -0.04004571623432493 0.062632375682150743 0.0041586704812849188 0.036030511178550953 0.044405963408203825 0.0058911339991698656 -0.00078883810995746646 0.0076513725080441771 0.021255764983730972 0.011735739257562244 0.024450343404617832 -0.027253664765603616 0.025059081561359837 -0.017924636570405921 0.016709627669225548
leaf_weight=275.50567755103111 86.751195028424263 112.81341370940208 249.26793043315411 366.36176511645317 199.87475393712521 365.9820801615715 41.102143749594688 669.76261106133461 648.0786888897419 327.69355378299952 1390.2428196743131 71.441582232713699 37.476151064038277 162.69276210665703 1378.4106907099485 1313.7777635157108 83.953283280134201 109.45895889401436 22.468431651592255 524.64378559589386 109.55425347387791 712.21210964024067 93.916232198476791 40.243011698126793 318.96632577478886 267.20347480475903 335.03941477835178 832.20510509610176 285.37299409508705 55.4671451151371
leaf_count=2226 515 652 1046 2638 1118 2550 169 3141 3454 2626 9367 412 177 801 7216 11276 345 495 136 2246 696 4368 502 165 1676 1521 2801 3735 1957 244
internal_value=-8.38036e-05 -0.0183037 0.0195296 -0.00966142 0.0119299 0.00173679 0.0336389 0.0235222 0.00583931 -0.0325134 -0.0176833 -0.00347883 0.00819476 0.0140168 0.00737754 -0.035115 0.028593 0.0264262 -0.0138008 0.0443067 -0.014553 -0.00554684 -0.0106886 0.0492933 0.0187277 0.0175251 -0.0374512 0.0226356 -0.0267407 0.0417697
internal_weight=11487.9 5955.67 5532.27 3703.65 3595.93 1529.65 1936.34 1238.17 2357.76 2252.02 2174 1149.64 2063.97 568.41 2026.49 1924.32 1315.13 1190.93 1522.27 621.213 1499.8 1078.19 293.791 124.196 481.659 380.017 1648.82 941.664 651.735 580.111
internal_count=70271 43226 27045 24297 18600 9503 8445 6133 12467 18929 14794 7330 10847 2992 10670 16303 5786 5276 10199 2659 10063 6918 1620 510 2477 2173 14077 4230 4595 2490
is_linear=0
shrinkage=0.05


Tree=16
num_leaves=31
num_cat=0
split_feature=33 33 33 18 18 18 32 7 33 5 7 5 32 5 2 7 18 7 18 33 7 5 3 18 5 18 7 32 3 5
split_gain=1487.62 276.342 211.395 124.347 90.1886 45.1156 36.9342 36.7503 36.354 33.9771 33.2809 29.5831 28.1127 26.8885 26.0533 23.9604 23.9222 23.599 19.6178 19.4346 18.9993 18.5974 18.5887 16.2884 16.2084 15.52 15.4567 15.3657 14.8795 20.8322
threshold=56.650000000000013 39.95000000000001 68.65000000000002 14.500000000000002 13.500000000000002 10.500000000000002 46.650000000000013 53.750000000000007 32.250000000000007 64.15000000000002 47.050000000000004 53.550000000000004 72.050000000000011 54.550000000000004 55.550000000000004 48.250000000000007 9.5000000000000018 67.450000000000017 9.5000000000000018 49.650000000000013 53.250000000000007 53.050000000000004 46.95000000000001 12.500000000000002 69.450000000000017 9.5000000000000018 39.45000000000001 56.350000000000001 53.95000000000001 60.150000000000013
decision_type=8 10 10 2 2 2 10 2 10 2 2 2 10 2 2 2 2 2 2 10 2 2 2 2 2 2 2 10 2 2
left_child=1 8 4 5 6 27 -2 12 21 16 14 19 26 -7 -6 -10 -8 22 -9 -5 -15 -1 -12 -14 -13 -17 -4 -3 29 -20
right_child=2 3 7 11 10 13 9 18 15 -11 17 24 23 20 -16 25 -18 -19 28 -21 -22 -23 -24 -25 -26 -27 -28 -29 -30 -31
leaf_value=-0.040341360070697767 -0.021874796753980987 0.0029921382327726632 -0.013009573790970619 -0.025577111707319092 -0.0081989596136884217 -0.0076411099482076947 0.037085943225657468 0.07505023145696571 -0.032225782154457087 0.044347326419678618 0.0011268947964582702 -0.009630313217716761 0.050270729032248399 0.00081195772505696182 0.012056576442510377 0.018559441429266545 0.016876791423169678 0.048610569589416001 0.022526935372861961 -0.014351758569991758 0.028465402670519654 -0.020758869958573994 0.012794567010975528 0.030418152765033443 0.023235871647994243 -0.01932611276847726 0.021603274804495507 0.023936229660930678 0.050696793638527186 0.045708883131685564
leaf_weight=988.58212514221668 45.711016610264778 136.62357078492641 33.692244216799736 868.27242860198021 587.36395370960236 869.56722191721201 177.56893235445023 41.514483287930489 557.03501476347446 173.05058713257313 519.36064884066582 541.10981467366219 131.3151720315218 183.07907926291227 217.31415101885796 28.414387963712215 852.66979232430458 38.158058509230614 204.16765958070755 699.82039675116539 94.217022076249123 139.86356353759766 1001.5969957262278 510.0556405633688 40.133862316608429 485.53440172225237 649.37920255959034 246.91809760034084 193.97035628557205 187.34530892968178
leaf_count=9117 295 840 156 6451 3239 5682 828 169 4576 778 2743 3512 534 1108 1143 202 4232 177 885 4600 540 1181 5165 2165 231 3853 2931 1333 822 783
internal_value=-8.7605e-05 -0.017626 0.0184426 -0.00924296 0.0112773 0.00164655 0.0221461 0.0317042 -0.0316479 0.0238242 0.00553159 -0.0169987 0.0269682 -0.00331459 -0.00272165 -0.025031 0.0203681 0.00979428 0.0416942 -0.0205718 0.0102327 -0.0379207 0.00881404 0.0344978 -0.00734875 -0.0172186 0.019887 0.0164914 0.0393081 0.0336415
internal_weight=11443.4 5879.17 5564.23 3679.74 3612.79 1530.4 1249 1951.44 2199.43 1203.29 2363.79 2149.34 1324.44 1146.86 804.678 1070.98 1030.24 1559.12 626.998 1568.09 277.296 1128.45 1520.96 641.371 581.244 513.949 683.071 383.542 585.483 391.513
internal_count=70271 43226 27045 24297 18600 9503 6133 8445 18929 5838 12467 14794 5786 7330 4382 8631 5060 8085 2659 11051 1648 10298 7908 2699 3743 4055 3087 2173 2490 1668
is_linear=0
shrinkage=0.05


Tree=17
num_leaves=31
num_cat=0
split_feature=33 33 33 18 18 33 32 17 7 5 18 5 1 36 9 7 28 18 33 7 33 7 37 3 37 18 3 5 17 36
split_gain=1350.57 233.406 211.618 102.199 96.5638 46.9697 42.9669 49.4452 40.2653 36.3714 34.0706 31.4458 30.551 27.202 26.8582 26.3806 25.3089 24.346 22.7336 22.2629 19.146 18.6015 18.4351 17.5143 16.0789 15.7833 15.4196 14.8631 14.7924 18.7463
threshold=55.45000000000001 39.95000000000001 68.65000000000002 12.500000000000002 14.500000000000002 60.250000000000007 66.050000000000011 2450.0000000000005 47.150000000000013 48.45000000000001 11.500000000000002 69.750000000000014 52.850000000000001 57.805685224036345 73.950000000000017 45.250000000000007 4.5000000000000009 8.5000000000000018 32.250000000000007 53.350000000000001 44.150000000000013 68.050000000000011 0.25442266827666038 46.95000000000001 0.53245069745069751 11.500000000000002 58.650000000000013 60.550000000000004 1250.0000000000002 53.894976561410054
decision_type=8 10 10 2 2 10 10 2 2 2 2 2 2 2 2 2 2 2 10 2 10 2 2 2 2 2 2 2 2 2
left_child=1 9 4 17 5 6 7 -2 -6 18 -4 14 28 -8 15 -5 19 -3 -1 -14 -19 23 -7 -10 -11 -20 -24 -22 -12 -30
right_child=2 3 10 11 8 22 13 -9 21 24 12 -13 16 -15 -16 -17 -18 20 25 -21 27 -23 26 -25 -26 -27 -28 -29 29 -31
leaf_value=-0.041068070104706922 0.014139035887585137 0.034665214007443414 0.046249711560639638 -0.024493679783380268 -0.006880243912419837 0.011789881176012523 0.012748765996559242 -0.016387160856675527 -0.0012258507432622583 -0.022873024032657389 0.02778125600819379 0.027415619904979528 0.029110192998298867 0.04111160010513501 0.013609201756562675 -0.012941895218337721 0.0080929984944238028 -0.012014783549791059 -0.011466478130097151 0.044771179162709382 0.0047267195726098518 0.044082317398185848 0.027104590371604759 0.010711550131599117 0.01504806615301419 -0.031948875587852359 0.04896087337239749 0.031235701007104502 0.0056210939726309512 0.037434325065433864
leaf_weight=784.49806498736143 318.73286907374859 66.936426445841789 275.42626638710499 696.57342033088207 731.80809813737869 174.96913135051727 219.52271309494972 227.02490836381912 463.63536706566811 655.55075374245644 215.07526439428329 43.573179453611374 696.8393387645483 138.30507837235928 77.331305086612701 1717.5779848694801 102.08647882938385 161.65823133289814 113.96487555652857 340.52719351649284 521.01302871108055 34.009827435016632 632.91979888081551 906.71991428732872 28.971363164484501 565.70039944350719 93.45838974416256 58.888422384858131 279.0049469769001 55.589273527264595
leaf_count=7500 1734 374 1131 5088 4036 848 1067 1390 2472 5527 957 248 3007 628 521 11837 445 1076 866 1425 2998 158 2970 4711 230 4806 431 310 1237 243
internal_value=-9.05058e-05 -0.0179382 0.016507 -0.00967264 0.00982223 0.0183368 0.0102702 0.00143088 0.00262509 -0.0307968 0.0299136 -0.0146098 0.0272443 0.0237338 -0.0153478 -0.016278 0.0319207 0.00580146 -0.0352509 0.0342597 0.00318503 0.00758197 0.0264158 0.0066693 -0.0212588 -0.028524 0.0299299 0.00743222 0.0175372 0.0109311
internal_weight=11397.9 5492.24 5905.65 3343.55 3941.11 1804.93 903.586 545.758 2136.17 2148.69 1964.55 2535.06 1689.12 357.828 2491.48 2414.15 1139.45 808.496 1464.16 1037.37 741.56 1404.37 901.347 1370.36 684.522 679.665 726.378 579.901 549.669 334.594
internal_count=70271 41381 28890 22452 20445 9068 4819 3124 11377 18929 8445 17694 7314 1695 17446 16925 4877 4758 13172 4432 4384 7341 4249 7183 5757 5672 3401 3308 2437 1480
is_linear=0
shrinkage=0.05


Tree=18
num_leaves=31
num_cat=0
split_feature=33 33 33 33 2 7 32 33 1 36 28 7 37 2 37 7 3 3 32 7 1 36 7 0 7 34 27 3 3 32
split_gain=1228.59 225.067 182.099 56.9473 51.6067 38.471 35.5758 33.837 28.1885 27.1263 28.8987 24.0398 22.5204 22.0419 21.942 19.5575 19.4612 19.0982 17.7527 17.2677 17.2004 16.8936 16.447 17.7042 15.4267 14.957 16.5033 14.0537 14.0365 13.8889
threshold=53.650000000000013 64.450000000000017 39.650000000000013 71.050000000000011 49.150000000000013 46.650000000000013 62.150000000000013 31.350000000000005 56.250000000000007 57.805685224036345 4.5000000000000009 49.150000000000013 0.43900460545124426 53.550000000000004 0.21219806196942945 48.350000000000001 55.150000000000013 55.850000000000001 55.350000000000001 53.45000000000001 58.150000000000013 61.430563941552954 67.450000000000017 49.750000000000007 43.95000000000001 -2.1666666666666665 7.5000000000000009 61.350000000000001 45.150000000000013 62.45000000000001
decision_type=8 10 10 10 2 2 10 10 2 2 2 2 2 2 2 2 2 2 10 2 2 2 2 2 2 2 2 2 2 10
left_child=2 4 7 14 11 13 17 -1 16 10 -8 18 25 -4 -3 -9 -5 -6 -2 -10 24 28 23 -14 -16 26 -7 -15 -13 -17
right_child=1 3 5 8 6 12 9 15 19 -11 -12 21 22 27 20 29 -18 -19 -20 -21 -22 -23 -24 -25 -26 -27 -28 -29 -30 -31
leaf_value=-0.03693231372397144 -0.039668497822008361 0.0052691730925977379 -0.022664425350521138 0.021475210312466672 -0.0030094646083706012 -0.006095854287994632 0.014544414714513591 -0.030454551349222959 0.033505153550076043 0.030632948908409303 -0.0014175822566085455 -0.019473323919622545 -0.014998672893565627 -0.0090375589834262113 0.0027533268477886556 -0.019897765545906717 0.03873601748995157 0.014652941986108071 -0.010239222925305038 0.051771129108568882 0.032638303055211634 0.036380289782603159 0.045988472637398935 0.0038749844549722484 0.020186462703918946 -0.014178167981770252 0.026471579692090953 0.038521591601441196 0.0060410373660669502 0.005940477499309739
leaf_weight=974.92870044708252 60.927535578608513 289.70383104681969 775.78244358301163 653.93291039764881 725.13874605298042 265.05918807536364 1168.844146117568 568.30394130200148 358.65163768827915 191.73719704151154 373.62229357659817 72.035173833370209 162.95849779993296 259.59593929350376 148.03947794437408 453.92522892355919 219.48326882719994 193.85065038502216 327.38632501661777 206.43632058799267 239.59225450456142 34.942041605710983 19.369767278432846 521.68485570698977 919.63224351406097 833.69304539263248 45.470475666224957 16.392404638230801 213.10212583839893 58.369367353618145
leaf_count=9469 414 1380 5676 2793 4312 1833 5929 4899 1499 902 1956 405 1133 1799 705 3768 932 1114 1863 843 1061 188 115 3381 4228 5660 309 111 1166 428
internal_value=-9.28548e-05 0.0143837 -0.0187815 0.0242535 0.0054695 -0.0107088 0.00867139 -0.0301671 0.0314742 0.0128861 0.010675 -0.00651522 -0.00635982 -0.0183451 0.0177445 -0.024056 0.0258224 0.000711973 -0.0148787 0.0401949 0.0205047 0.003617 0.000669824 -0.000611547 0.0177744 -0.010689 -0.00130396 -0.00618173 -0.000391778 -0.0169435
internal_weight=11352.6 6397.06 4955.53 3035.47 3361.59 2900.01 2653.19 2055.53 1438.5 1734.2 1542.47 708.393 1848.24 1051.77 1596.97 1080.6 873.416 918.989 388.314 565.088 1307.26 320.079 704.013 684.643 1067.67 1144.22 310.53 275.988 285.137 512.295
internal_count=70271 31690 38581 13441 18249 20017 14213 18564 6067 8787 7885 4036 12431 7586 7374 9095 3725 5426 2277 2342 5994 1759 4629 4514 4933 7802 2142 1910 1571 4196
is_linear=0
shrinkage=0.05


Tree=19
num_leaves=31
num_cat=0
split_feature=5 1 5 18 2 28 1 18 7 2 7 2 28 2 5 28 5 7 18 18 18 7 36 36 1 1 7 18 40 30
split_gain=510.334 204.364 133.344 109.447 73.3071 66.7252 61.9051 52.8665 42.4361 31.8231 39.7762 30.6734 28.8116 28.6048 26.8204 25.5846 25.2763 24.0968 22.1172 21.5785 19.395 18.6184 17.1097 16.5893 15.9232 15.4874 14.8334 14.1977 13.9935 13.3602
threshold=50.850000000000001 53.95000000000001 65.950000000000017 12.500000000000002 49.95000000000001 4.5000000000000009 49.650000000000013 10.500000000000002 51.550000000000004 54.45000000000001 52.550000000000004 55.45000000000001 5.5000000000000009 56.350000000000001 41.95000000000001 4.5000000000000009 41.95000000000001 55.850000000000001 9.5000000000000018 10.500000000000002 14.500000000000002 49.95000000000001 58.028002914396332 53.024793250633572 49.650000000000013 58.150000000000013 44.95000000000001 10.500000000000002 0.33403764565066257 455.00000000000006
decision_type=2 2 2 2 2 2 2 2 2 2 2 2 2 2 2 2 2 2 2 2 2 2 2 2 2 2 2 2 2 2
left_child=1 4 3 18 14 13 29 17 -4 10 -8 16 -11 19 -1 -13 -9 -6 -2 -3 -7 -16 24 25 28 -20 -21 -26 -10 -5
right_child=2 5 8 6 7 20 9 11 22 12 -12 15 -14 -15 21 -17 -18 -19 23 26 -22 -23 -24 -25 27 -27 -28 -29 -30 -31
leaf_value=-0.033674501102942782 0.033805187197118662 0.024796065526728028 0.016823991420057596 -0.020020883663027334 0.0028899432615405603 -0.00088511593007770204 -0.0034080979567233183 -0.026275885163559661 -0.010329353768630631 0.017106682064402592 0.013321201708495248 0.0073829836398228103 -0.0093739852860854848 0.022700139848702519 -0.025060434300684106 -0.013279746225806091 -0.012935842670753704 0.04372790042139002 0.00951846116202377 -0.0078694149907560761 -0.021221608375923389 -0.011099221960244049 0.065268346825694143 0.026892880235170797 0.065177629931415793 0.040757686815312923 0.0066840538091560014 0.034591077233800581 0.041903921486162288 -0.0054675484213781399
leaf_weight=555.02513924986124 257.64595602452755 126.09535489976406 483.87962910532951 221.37896880507469 256.30695275962353 211.06497287750244 1058.4109421372414 531.95866834372282 34.443743593990803 823.60605689883232 534.56574323028326 268.06228919327259 117.03155540674925 317.08310581743717 665.83249861001968 338.86511995643377 1077.9000318273902 42.021623879671097 510.60629384219646 241.36359015852213 265.16494520008564 375.21848315000534 50.358310803771019 282.24409906566143 42.882784247398376 43.078366324305534 635.17617581784725 368.75396277755499 20.216091960668564 553.57384915649891
leaf_count=4673 1243 701 2316 1512 1675 1249 6043 4233 184 4159 2848 1673 691 1656 5198 2472 7694 248 2722 1494 1759 2755 217 1377 181 197 3716 1651 99 3635
internal_value=-9.44504e-05 -0.0102523 0.0110109 0.00726414 -0.0163991 0.00381618 0.0027296 -0.0110761 0.0274884 0.00651327 0.00220321 -0.0137362 0.0138061 0.0096076 -0.0247829 -0.00414567 -0.0173484 0.00867173 0.0209772 0.00546026 -0.0122211 -0.0200348 0.0374615 0.0170138 0.0344344 0.0119649 0.00267047 0.0378047 0.0089392 -0.00963346
internal_weight=11309.8 5907.14 5402.68 4402.14 4111.19 1795.95 3308.57 2515.11 1000.53 2533.61 1592.98 2216.79 940.638 1319.72 1596.08 606.927 1609.86 298.329 1093.57 1002.64 476.23 1041.05 516.655 835.929 466.297 553.685 876.54 411.637 54.6598 774.953
internal_count=70271 41196 29075 24427 30621 10575 18888 17995 4648 13741 8891 16072 4850 7567 12626 4145 11927 1923 5539 5911 3008 7953 2332 4296 2115 2919 5210 1832 283 5147
is_linear=0
shrinkage=0.05


Tree=20
num_leaves=31
num_cat=0
split_feature=33 33 33 18 18 32 18 33 17 7 7 7 9 7 33 3 7 33 2 32 7 32 1 7 2 2 6 28 7 18
split_gain=1125.22 231.066 141.712 70.0024 63.7023 44.8366 41.5197 37.229 31.8754 29.685 28.916 28.7908 22.9202 22.8574 22.1973 20.4617 19.7348 18.3461 20.368 17.7271 17.5524 16.939 16.7388 16.3535 16.2529 16.1379 15.0867 14.5687 14.1564 14.1212
threshold=51.850000000000001 65.050000000000011 33.750000000000007 13.500000000000002 15.500000000000002 60.650000000000013 13.500000000000002 76.450000000000017 2675.0000000000005 48.750000000000007 51.050000000000004 53.45000000000001 43.150000000000013 56.850000000000001 60.250000000000007 59.250000000000007 63.550000000000004 43.95000000000001 57.45000000000001 71.65000000000002 44.150000000000013 78.050000000000011 55.850000000000001 58.850000000000001 57.050000000000004 53.050000000000004 44.70000000000001 4.5000000000000009 46.95000000000001 9.5000000000000018
decision_type=8 10 10 2 2 10 2 10 2 2 2 2 2 2 8 2 2 10 2 10 2 10 2 2 2 2 2 2 2 2
left_child=2 4 12 17 5 8 -3 11 20 24 25 21 -1 14 -7 19 26 18 28 -12 -2 -8 -9 -14 -5 -6 -11 -27 -4 -10
right_child=1 6 3 9 10 13 7 22 29 16 15 -13 23 -15 -16 -17 -18 -19 -20 -21 -22 -23 -24 -25 -26 27 -28 -29 -30 -31
leaf_value=0.017228455031442144 -0.01354859075536902 0.032933934977329542 -0.023504327559644496 -0.026956141674311557 -0.013583232532063528 0.00577731494397319 0.0096086859432887375 0.02366132648515596 0.018024389247417647 0.024529468548755155 -0.0016652369154776668 0.025599763164657674 -0.036741120718311919 0.028780543218972773 0.018714771086761978 0.029068431537632323 0.018262623432825874 0.0026291612268692704 0.027854973286042584 0.021108392394113013 0.0095510379747542253 0.030704906393918464 0.043855640701826987 -0.0079674326644016691 -0.0067023419573001069 0.0070700188741143243 -0.015764527052728874 -0.012363199511105887 -0.0059278671232854919 -0.026809167035355647
leaf_weight=20.834199719130993 100.71515865623951 816.45445992052555 195.54790778458118 1028.1221597269177 571.84281971305609 662.61803188920021 1006.9585639983416 225.09013119339943 20.097415037453175 23.616075672209263 519.17929115891457 551.8887635320425 1110.519061692059 249.66837586462498 666.66523097455502 79.126164183020592 47.044074431061745 547.39617928862572 32.128613471984863 102.12476627528667 443.42380791902542 105.33609545230865 192.07641714811325 52.214425414800644 110.44301143288612 246.32754772901535 974.4003871679306 158.32082679867744 279.13058468699455 129.89636488258839
leaf_count=199 610 3413 1503 8409 3456 3550 4669 934 122 176 2956 2424 10999 1174 3185 426 326 3338 227 486 2559 449 781 497 830 1381 7287 924 2006 870
internal_value=-5.02975e-05 0.0126446 -0.019713 -0.0142975 0.00477597 0.01023 0.023368 0.0196118 -0.000354116 -0.0194061 -0.00261423 0.0162561 -0.0345211 0.0148859 0.0122704 0.00513334 -0.0133088 -0.00371016 -0.0105662 0.00207285 0.00526462 0.0116136 0.0329797 -0.0354541 -0.0249966 -0.00817658 -0.0148037 -0.000522154 -0.0131826 -0.0207607
internal_weight=11269.2 6847.81 4421.4 3237.83 3950.01 2273.08 2897.8 2081.35 694.133 2183.63 1676.92 1664.18 1183.57 1578.95 1329.28 700.43 1045.06 1054.2 506.807 621.304 544.139 1112.29 417.167 1162.73 1138.57 976.491 998.016 404.648 474.678 149.994
internal_count=70166 34369 35797 24102 21699 12070 12670 9257 4161 17028 9629 7542 11695 7909 6735 3868 7789 7074 3736 3442 3169 5118 1715 11496 9239 5761 7463 2305 3509 992
is_linear=0
shrinkage=0.05


Tree=21
num_leaves=31
num_cat=0
split_feature=32 32 0 18 4 32 18 32 40 18 2 18 18 32 40 40 40 32 18 4 39 15 1 1 30 32 38 9 8 29
split_gain=844.435 171.019 104.88 65.0855 49.1287 47.1153 45.5671 41.7826 33.7715 29.3941 29.1531 25.3895 20.3229 20.3192 17.84 17.36 17.1075 14.7965 14.5677 14.2925 13.6431 13.52 13.2722 13.1886 13.3532 13.1615 12.9351 12.7063 12.3798 12.0626
threshold=60.650000000000013 72.250000000000014 49.95000000000001 10.500000000000002 90.250000000000014 53.750000000000007 14.500000000000002 49.95000000000001 0.21908043774766936 14.500000000000002 53.650000000000013 15.500000000000002 9.5000000000000018 65.750000000000014 0.32745837212235668 0.14407856525368509 0.21955648256574969 84.250000000000014 9.5000000000000018 91.15000000000002 -8.9999999999999982 57.350000000000001 53.350000000000001 58.350000000000001 451.00000000000006 74.850000000000009 0.29565330036731646 58.250000000000007 29.350000000000005 56.750000000000007
decision_type=10 10 2 2 2 8 2 10 2 2 2 2 2 10 2 2 2 10 2 2 2 2 2 2 2 10 2 2 2 2
left_child=2 3 5 20 8 16 7 26 13 22 27 -10 -7 -5 17 -9 -1 -11 -17 28 -2 -16 -3 24 -14 -24 -4 -8 -12 -18
right_child=1 9 6 4 -6 12 10 15 11 14 19 -13 23 -15 21 18 29 -19 -20 -21 -22 -23 25 -25 -26 -27 -28 -29 -30 -31
leaf_value=-0.035976682957227606 0.011704599188631891 0.023570938492414161 -0.018782177369356317 -0.0086825201419084407 0.0178801803909245 0.020283571954737747 -0.023205372425101116 -0.021974944481260146 0.01242532094593354 0.013904901067298074 0.0038086750361936818 0.001076400280665558 -0.030531787458688314 0.0025365451262145656 0.044954983798626912 0.022457934426729324 -0.03075388625746759 0.044450182852528761 0.002716418465016517 0.010567037890231683 0.029534723876090664 0.020669828187057072 0.02577267625995058 0.017960924888987911 -0.01480335356308541 0.04306036091016946 0.010207507286332858 0.0054213324961880612 -0.014326502143003459 -0.010930043745336069
leaf_weight=789.05000658333302 161.04349495470524 313.74977339059114 379.44958853721619 814.19455822557211 584.11329036206007 36.837528608739376 837.13530202955008 61.888359449803829 965.20284956693649 787.40228398889303 115.44518441706896 1009.0307742655277 184.46506660431623 799.1185948997736 100.94920356571674 108.9363517165184 177.20327184349298 41.861062720417976 660.91082186996937 88.345329262316227 329.29880823194981 136.04404771327972 174.63611169159412 24.833916991949081 514.68217848241329 310.17335522174835 42.523709408938885 40.315459690988064 498.57379760593176 137.34198462963104
leaf_count=7519 763 1379 3088 5212 2845 221 6749 447 5014 3542 931 5493 1467 4262 429 626 1573 179 4266 556 1536 581 751 156 3842 1298 333 298 3699 1111
internal_value=-5.37233e-05 0.0115808 -0.0162185 0.00646022 0.00443299 -0.02543 -0.010155 -0.00303201 0.00224173 0.0243784 -0.0158039 0.00662777 -0.0158408 -0.0031225 0.0189309 0.00346477 -0.0320342 0.015458 0.00551897 -0.0081991 0.0236925 0.03105 0.0316426 -0.0176883 -0.0189641 0.03685 -0.0158472 -0.0218839 -0.0109086 -0.0221202
internal_weight=11224.8 6526.82 4697.94 4662 4171.66 1864.41 2833.52 1253.71 3587.55 1864.82 1579.82 1974.23 760.819 1613.31 1066.26 831.736 1103.6 829.263 769.847 702.364 490.342 236.993 798.559 723.981 699.147 484.809 421.973 877.451 614.019 314.545
internal_count=70166 33284 36882 25125 22826 15889 20993 8760 19981 8159 12233 10507 5686 9474 4731 5339 10203 3721 4892 5186 2299 1010 3428 5465 5309 2049 3421 7047 4630 2684
is_linear=0
shrinkage=0.05


Tree=22
num_leaves=31
num_cat=0
split_feature=33 33 33 5 32 36 33 3 7 7 7 7 7 1 4 36 5 36 2 32 40 33 5 32 35 30 9 40 36 2
split_gain=963.572 251.439 83.8105 69.6867 37.8752 36.1247 35.6358 32.9954 31.3403 29.906 24.5515 22.1636 22.1218 19.9085 18.7551 18.4572 17.9295 16.9261 16.4445 16.3929 16.1749 17.41 15.5066 14.0947 14.3619 13.6941 14.1025 13.627 13.2484 13.2334
threshold=48.050000000000004 65.050000000000011 33.750000000000007 62.550000000000004 68.450000000000017 58.028002914396332 74.65000000000002 58.750000000000007 45.250000000000007 47.650000000000013 53.550000000000004 49.850000000000001 63.250000000000007 61.350000000000001 90.450000000000017 47.081813990200835 51.95000000000001 49.78484253866602 53.550000000000004 65.050000000000011 0.34245726296093226 60.050000000000004 64.750000000000014 72.050000000000011 2.433333333333334 457.00000000000006 50.150000000000013 0.34245726296093226 55.964701871746371 56.250000000000007
decision_type=8 10 10 2 10 2 10 2 2 2 2 2 2 2 2 2 2 2 2 8 2 8 2 10 2 2 2 2 2 2
left_child=2 3 12 4 7 17 10 8 -2 18 23 29 16 28 15 19 -1 -6 -4 -11 -13 -22 -12 -3 -25 -16 -27 -17 -8 -5
right_child=1 6 9 11 5 -7 13 -9 -10 14 22 20 -14 -15 25 27 -18 -19 -20 -21 21 -23 -24 24 -26 26 -28 -29 -30 -31
leaf_value=-0.036737649526540253 -0.012758152394049435 0.010452165053168233 -0.026233676581472954 0.0013958512056049693 0.011787134878821111 0.034246016492393241 0.026698227751885757 0.011586474608954411 -0.00087811314240009034 -0.0084837367748131359 0.021147777846503457 0.018038390504348141 0.025473941415317693 0.065612831886939574 -0.020890038202996099 -0.019471444859063786 -0.019252346206386245 -0.0021107968406215544 -0.011332096280011352 0.020652144543269201 0.021121503223056979 0.056889959010924897 0.037979356789663785 0.017226079334649046 0.040685258486344397 0.003966045831028448 0.064719171631832551 0.011788315268285672 0.05195737944251469 0.029576090063225615
leaf_weight=940.28532045334578 760.94580452144146 917.37887278199196 809.21182541549206 203.08067416399717 472.86281587183475 123.38891786336899 690.33223785459995 380.87969764322042 2055.957442343235 451.55345384031534 537.40492057800293 219.42465767264366 15.697663836181162 38.471798837184906 16.392541989684105 678.16799968481064 175.68221911787987 407.10753321647644 242.07643353193998 53.879926986992359 65.51344907283783 72.464645251631737 185.50748457014561 413.0762952119112 78.026368021965027 19.998546876013279 18.545494891703129 36.485574558377266 56.707290381193161 52.459414184093475
leaf_count=9924 4863 4253 6819 1084 2388 550 2837 2237 12282 3535 2338 1102 151 156 114 5145 1620 2020 1894 344 324 324 773 1754 329 141 127 243 230 265
internal_value=-5.56163e-05 0.00975713 -0.021995 0.00273683 0.000437625 0.00891351 0.0213413 -0.00222046 -0.00408945 -0.0165603 0.0179789 0.0184849 -0.03316 0.0304549 -0.0114033 -0.0126927 -0.0339915 0.00535224 -0.0228085 -0.00536445 0.0265283 0.0399705 0.0254785 0.0141246 0.020971 0.0171141 0.0334187 -0.0178671 0.028629 0.00720979
internal_weight=11189 7730.99 3457.98 4814.09 4201.14 1003.36 2916.91 3197.78 2816.9 2326.31 2131.39 612.943 1131.67 785.511 1275.02 1220.09 1115.97 879.97 1051.29 505.433 357.403 137.978 722.912 1408.48 491.103 54.9366 38.544 714.654 747.04 255.54
internal_count=70166 40109 30057 27439 24340 4958 12670 19382 17145 18362 9447 3099 11695 3223 9649 9267 11544 4408 8713 3879 1750 648 3111 6336 2083 382 268 5388 3067 1349
is_linear=0
shrinkage=0.05


Tree=23
num_leaves=31
num_cat=0
split_feature=33 33 33 18 18 18 7 2 33 33 36 7 37 4 36 1 34 36 7 7 36 2 4 1 4 34 33 0 27 7
split_gain=879.777 225.952 80.4103 64.9959 50.2068 39.2383 38.517 35.1821 28.0392 25.2346 23.9516 23.4299 22.8002 22.0368 19.8732 18.9179 18.176 16.4946 15.6889 14.3359 14.1619 14.1268 12.3313 13.7912 11.9575 11.6788 11.4633 11.3867 11.265 10.5548
threshold=48.050000000000004 64.450000000000017 33.150000000000013 10.500000000000002 15.500000000000002 14.500000000000002 56.750000000000007 57.250000000000007 70.65000000000002 53.650000000000013 43.289807917526694 63.250000000000007 0.3006052815309867 91.550000000000011 58.587688094698414 59.850000000000001 -1.5833333333333333 56.829480370951266 52.750000000000007 43.750000000000007 40.680301391353282 53.650000000000013 94.550000000000011 49.850000000000001 92.15000000000002 5.166666666666667 84.550000000000011 48.95000000000001 7.5000000000000009 47.750000000000007
decision_type=8 10 10 2 2 2 2 2 10 10 2 2 2 2 2 2 2 2 2 2 2 2 2 2 2 2 10 2 2 2
left_child=2 3 11 19 12 17 7 9 18 -5 -8 20 29 16 -12 26 -14 22 24 -2 -1 -6 23 -3 -7 -17 -10 -22 -9 -4
right_child=1 5 4 6 21 8 10 28 15 -11 14 -13 13 -15 -16 25 -18 -19 -20 -21 27 -23 -24 -25 -26 -27 -28 -29 -30 -31
leaf_value=-0.018197441354749513 2.2397328635267673e-05 0.0060177869760769109 -0.02723038834155285 -0.0099759816261782569 -0.027705601051708224 0.00088085984624089887 0.033126934272608946 0.0064875560820573238 0.017455429073535932 -0.00042881303768379565 0.0041470346511728847 0.028663395068377995 0.0045914496114066988 0.037161206810231051 0.041522243193557636 0.055325742514541948 -0.011300739011391262 0.043087188329932913 0.017772669932156031 0.021722132339030226 -0.041187652759092995 -0.014598713141104482 0.036449863842818585 0.024652256373836372 0.019449877783015792 0.01965606155838243 0.042976742851395744 -0.029744648359206358 0.026456288467286721 -0.011396921799508811
leaf_weight=128.98068101704121 91.271066799759865 115.30458576977253 205.82337636500597 1129.9361821189523 779.93786390125751 490.12472875416279 108.36253961920738 500.4469146952033 817.4345328360796 1789.11083406955 449.25689790397882 15.086078464984892 258.26432450860739 29.855951882898808 38.587941393256187 61.841149300336838 589.85603941231966 139.20419271290302 330.93494240939617 472.58756933361292 489.4804792329669 282.29343440383673 185.62947076559067 753.07981583476067 105.40980224311352 37.545571371912956 46.785885483026505 403.22020850330591 82.476389214396477 219.02624648809433
leaf_count=1388 478 504 1702 7527 6760 2349 573 2784 3461 9982 2422 143 1975 205 194 252 4433 576 1487 2272 5372 2252 773 3194 480 154 188 4170 459 1657
internal_value=-5.76894e-05 0.00925101 -0.021253 0.00230459 -0.016158 0.0197522 0.000113334 -0.00188559 0.0152629 -0.00412636 0.0118612 -0.0328682 -0.00957246 -0.00496252 0.00712152 0.0212381 -0.00645548 0.0268571 0.00904125 0.0182191 -0.0337844 -0.0242288 0.024705 0.0221847 0.00417869 0.0419343 0.0188477 -0.0360285 0.00932551 -0.019084
internal_weight=11147.2 7745.33 3401.82 4662.04 2365.06 3083.29 4098.18 3501.97 1890.08 2919.05 596.207 1036.77 1302.83 877.976 487.845 963.607 848.12 1193.22 926.469 563.859 1021.68 1062.23 1054.01 868.384 595.535 99.3867 864.22 892.701 582.923 424.85
internal_count=70166 40109 30057 26691 18984 13418 23941 20752 8371 17509 3189 11073 9972 6613 2616 4055 6408 5047 4316 2750 10930 9012 4471 3698 2829 406 3649 9542 3243 3359
is_linear=0
shrinkage=0.05


Tree=24
num_leaves=31
num_cat=0
split_feature=33 33 33 18 18 33 18 7 7 4 9 37 7 18 7 36 33 36 40 7 4 30 7 40 2 18 2 7 37 9
split_gain=803.158 204.818 77.2266 57.9662 46.065 44.5211 30.1579 25.1576 22.9497 22.6851 22.6368 20.8873 20.4862 19.5364 19.0929 19.0286 19.3976 16.086 15.7366 15.5236 14.6363 14.6176 14.6054 14.5886 14.7222 14.24 13.9779 13.9458 13.6984 13.0953
threshold=48.050000000000004 61.850000000000001 33.750000000000007 14.500000000000002 15.500000000000002 71.050000000000011 14.500000000000002 56.150000000000013 52.750000000000007 92.15000000000002 43.150000000000013 0.53245069745069751 62.050000000000004 10.500000000000002 46.850000000000001 56.517808569735465 80.750000000000014 40.680301391353282 0.34538107187493455 57.550000000000004 65.750000000000014 469.00000000000006 67.450000000000017 0.22665004076757125 49.150000000000013 10.500000000000002 58.850000000000001 44.350000000000001 0.54132630988263153 61.150000000000013
decision_type=8 10 10 2 2 10 2 2 2 2 2 2 2 2 2 2 10 2 2 2 2 2 2 2 2 2 2 2 2 2
left_child=2 3 10 7 11 6 19 13 9 -8 -1 14 23 28 29 16 25 -12 -16 -3 -18 -13 -10 24 -5 -7 -15 -6 -2 -4
right_child=1 5 4 12 27 15 8 -9 22 -11 17 21 -14 26 18 -17 20 -19 -20 -21 -22 -23 -24 -25 -26 -27 -28 -29 -30 -31
leaf_value=0.021008625066220733 0.012076597533652908 0.01675647610641523 -0.019520686856766938 -0.018729754600944473 -0.03307254123591185 0.038980048561638524 -0.00026711906338581164 0.020391513201166282 0.014522381504122831 0.021162519983058431 -0.016543823805599833 -0.0076283822778357427 0.018622285768581655 -0.0001506169695326568 -0.0068047302457339117 0.041949340293586178 0.0082961980313039432 -0.034968120016500272 0.029790158019140135 0.033813049088915338 0.041587737233071451 0.039918560508311315 0.050584081972465993 -0.00089616307697512859 -0.0060773679846299992 0.017697820409066471 0.020270495763005401 -0.019705744373286649 0.052868644927126208 0.032092224500630998
leaf_weight=19.90959744900465 366.77350650727749 788.41142356395721 464.88391292840242 315.98275335133076 266.87864883244038 85.722897589206696 742.97877113521099 305.42032147943974 465.00752390921116 147.91105534136295 137.60978789627552 28.956334933638573 88.91569647192955 1073.0280795171857 685.6363972723484 134.0120794326067 40.810560211539268 917.58084557205439 30.551652528345585 161.63456138968468 183.29403379559517 35.994205459952354 29.951526299118996 852.5198779553175 852.09656500816345 1011.1670738607645 90.753503873944283 747.62394177913666 21.814742028713226 12.464386261999605
leaf_count=199 1843 3524 3794 2127 2444 346 3668 1520 2144 687 1488 201 490 6197 5112 547 165 10008 194 684 740 250 126 5094 5382 4238 483 6272 104 95
internal_value=-5.95058e-05 0.00877295 -0.0205272 0.000830151 -0.0152993 0.0170838 0.0128017 0.00727127 0.00809077 0.00328713 -0.0315731 -0.00890089 -0.00484007 0.00468557 -0.0104066 0.0239535 0.022121 -0.0325719 -0.00523272 0.0196669 0.0355539 0.0186651 0.0167245 -0.00587586 -0.00950562 0.019369 0.00143916 -0.0232299 0.0143925 -0.0181561
internal_weight=11106.3 7758.21 3348.09 3967.31 2272.99 3790.9 2335.89 1857.79 1385.85 890.89 1075.1 1258.49 2109.51 1552.37 1193.54 1455.01 1320.99 1055.19 716.188 950.046 224.105 64.9505 494.959 2020.6 1168.08 1096.89 1163.78 1014.5 388.588 477.348
internal_count=70166 40109 30057 23240 18362 16869 10833 10147 6625 4355 11695 9646 13093 8627 9195 6036 5489 11496 5306 4208 905 451 2270 12603 7509 4584 6680 8716 1947 3889
is_linear=0
shrinkage=0.05


Tree=25
num_leaves=31
num_cat=0
split_feature=5 1 5 0 4 30 4 1 3 4 5 40 9 3 14 0 9 5 9 5 30 30 27 36 0 36 13 4 12 26
split_gain=344.986 115.322 98.0987 83.0696 61.3565 36.0837 36.0374 32.3473 31.6673 27.3066 25.0264 23.1061 22.8961 22.4449 19.7793 18.9835 16.9017 16.8712 15.7626 14.9436 15.5462 14.6053 14.1659 13.5407 13.3803 14.4042 12.0071 11.7491 10.5316 10.284
threshold=50.150000000000013 53.45000000000001 64.950000000000017 49.350000000000001 89.450000000000017 431.00000000000006 80.450000000000017 53.750000000000007 40.650000000000013 91.750000000000014 41.150000000000013 0.37892212266063868 51.750000000000007 55.45000000000001 58.750000000000007 49.850000000000001 74.15000000000002 75.550000000000011 49.350000000000001 42.95000000000001 439.00000000000006 441.00000000000006 6.5000000000000009 63.13837221307444 49.850000000000001 45.789732423190372 63.250000000000007 60.050000000000004 66.65000000000002 1.0000000180025095e-35
decision_type=2 2 2 2 2 2 2 2 2 2 2 2 2 2 2 2 2 2 2 2 2 2 2 2 2 2 2 2 2 2
left_child=1 3 4 6 5 24 12 15 -4 19 -5 14 21 16 17 -7 -12 -10 -9 27 -21 -1 -15 -6 -2 -26 -8 -3 -22 -29
right_child=2 9 8 10 23 7 26 18 11 -11 13 -13 -14 22 -16 -17 -18 -19 -20 20 28 -23 -24 -25 25 -27 -28 29 -30 -31
leaf_value=-0.040519213582935323 -0.029782497324247481 -0.02001397242547398 -0.00028337182641093603 -0.017048087413452595 0.016965007573960168 -0.0056875511694752974 -0.0048975861460456779 0.00045658790715338756 0.019916970494956429 0.014097607902618062 -0.0095039397156520215 0.036331487765190788 0.0024286753805429118 0.0002744115435828104 -0.0077866815462211527 0.0038793966436813051 0.031710163901595909 0.051113938139527561 0.013374382084619694 -0.014768450423638857 -0.0032591271356801365 -0.026017262888744966 0.024046456686199466 0.057418664235526343 0.011576920399893064 -0.015925921770451573 0.038421805323705045 -0.001292004728988834 0.0080170696197419851 -0.032622745800747775
leaf_weight=217.36835376918316 92.680659711360931 162.28755880147219 148.03489277511835 642.2265437245369 727.4840310588479 836.14958687126637 90.287415072321892 313.08047349005938 622.00464149564505 319.35850885510445 1181.868334017694 292.11029554903507 61.47541469335556 289.89992056041956 59.979627557098866 1364.4737866222858 25.26221090555191 46.802903294563293 971.29362073540688 127.37550295889378 325.57697486132383 906.22439367324114 80.009783945977688 21.329445123672485 69.984555035829544 147.49968269467354 19.314695984125137 331.43203642964363 566.24207331240177 28.385323390364647
leaf_count=2180 679 1181 698 5270 3442 5589 560 1649 2938 1651 8529 1271 511 2066 291 7956 165 204 4909 796 1926 8180 560 97 440 849 124 2115 3349 202
internal_value=-0.000177861 -0.00927126 0.00837617 -0.0146007 0.00505134 0.0024688 -0.0246676 0.00392451 0.0212949 0.000791256 -0.00872484 0.0244285 -0.0272047 -0.00533128 0.0196464 0.000241971 -0.00863474 0.0221149 0.0102297 -0.00196332 0.00155634 -0.0288306 0.00543482 0.0181315 -0.0138673 -0.00705151 0.00271889 -0.00884256 0.00389495 -0.0037859
internal_weight=11087.5 5374.6 5712.91 3513.94 4543.98 3795.16 1294.67 3485 1168.93 1860.66 2219.27 1020.9 1185.07 1577.04 728.787 2200.62 1207.13 668.808 1284.37 1541.3 1019.19 1123.59 369.91 748.813 310.165 217.484 109.602 522.105 891.819 359.817
internal_count=70377 39365 31012 28145 25610 22071 11555 20103 5402 11220 16590 4704 10871 11320 3433 13545 8694 3142 6558 9569 6071 10360 2626 3539 1968 1289 684 3498 5275 2317
is_linear=0
shrinkage=0.05


Tree=26
num_leaves=31
num_cat=0
split_feature=32 32 18 18 32 7 7 4 3 18 18 7 40 40 40 32 18 1 36 4 9 8 36 36 1 3 32 35 4 9
split_gain=583.995 104.882 74.488 71.1626 63.4853 38.3944 33.784 28.852 28.5063 25.6582 23.8493 20.0019 19.6464 16.5934 16.4872 16.7492 17.5283 15.8364 18.7328 15.7457 15.7387 15.0788 14.8624 14.0684 13.8015 13.0568 13.8241 12.8453 12.3642 12.2586
threshold=60.650000000000013 71.15000000000002 13.500000000000002 10.500000000000002 49.750000000000007 45.350000000000001 65.250000000000014 91.15000000000002 59.350000000000001 11.500000000000002 9.5000000000000018 67.450000000000017 0.22665004076757125 0.46155692979305168 0.13798264063690527 45.150000000000013 8.5000000000000018 53.850000000000001 46.249658509774527 89.450000000000017 51.650000000000013 35.150000000000013 59.339429630447846 49.54288793688896 51.150000000000013 38.850000000000001 78.65000000000002 3.7333333333333312 82.850000000000009 58.550000000000004
decision_type=10 10 2 2 8 2 2 2 2 2 2 2 2 2 2 10 2 2 2 2 2 2 2 2 2 2 10 2 2 2
left_child=3 2 10 14 7 20 8 12 13 25 21 22 29 -4 -1 -16 -17 18 -7 -12 28 -2 23 -11 -10 -3 -27 -14 -6 -5
right_child=1 9 6 4 5 17 -8 -9 24 11 19 -13 27 -15 15 16 -18 -19 -20 -21 -22 -23 -24 -25 -26 26 -28 -29 -30 -31
leaf_value=-0.027359221816328917 0.060405680951513933 -0.0031145644694614569 -0.0026141233822722636 -0.031040207121527066 -0.026000403705039761 -0.003627794531852511 0.036827629874202739 0.0099522547946899811 -0.00029803385668239718 0.018136834186999996 0.008571617645746937 0.047692313348310096 -0.017944763583808372 0.033829809396466008 -0.01274854163061561 0.033189754333999115 0.005696109739824616 -7.2670921534517742e-05 -0.015576752055137 0.024141298586128259 0.0048020729921252649 0.023730340664905838 0.036419332142010236 0.0091297268658323064 0.021835212395120682 0.027594957253004006 0.052937328766412911 0.035186555150302536 -0.0081358678195819333 0.00058840809081053618
leaf_weight=39.31910328567028 32.599884107708931 27.740106098353863 2560.1112015768886 952.96586628258228 594.64647920429707 566.75712875276804 61.940028555691242 56.60469926148653 108.76171630620956 910.9531182050705 907.45771609991789 47.456506386399269 334.74667577445507 31.503195494413376 92.064449153840542 72.025324553251266 299.57708286494017 491.72409571707249 782.96838042885065 198.44546416401863 54.162241041660309 210.23886433243752 76.285255759954453 834.09358774870634 197.46912979334593 294.21573156118393 66.751924835145473 11.624521277844904 116.8684760555625 31.32833032310009
leaf_count=332 151 117 14603 9908 5019 4400 299 421 662 4029 4676 197 2983 142 824 439 1908 3232 5946 922 398 967 326 3702 1050 1233 277 99 842 273
internal_value=-0.000172521 0.00933431 0.00475831 -0.0140532 -0.0162852 -0.0116827 0.000318502 -0.0249297 -0.000461382 0.018065 0.0144969 0.0156267 -0.0264179 -0.0021679 0.00366215 0.00630889 0.011046 -0.00776512 -0.0105637 0.0113719 -0.0210958 0.0286972 0.0147859 0.0138353 0.0139605 0.0297676 0.0323086 -0.0161376 -0.0230747 -0.0300285
internal_weight=11063.4 6566.02 4308.53 4497.38 3994.4 2607.13 2959.79 1387.27 2897.85 2257.5 1348.74 1868.79 1330.67 2591.61 502.986 463.667 371.602 1841.45 1349.73 1105.9 765.677 242.839 1821.33 1745.05 306.231 388.708 360.968 346.371 711.515 984.294
internal_count=70377 33353 23472 37024 33521 19837 16756 13684 16457 9881 6716 8254 13263 14745 3503 3171 2347 13578 10346 5598 6259 1118 8057 7731 1712 1627 1510 3082 5861 10181
is_linear=0
shrinkage=0.05


Tree=27
num_leaves=31
num_cat=0
split_feature=33 33 33 18 5 18 18 5 31 18 33 40 1 33 9 2 32 9 2 15 18 5 30 5 34 5 34 18 13 8
split_gain=648.95 115.332 87.7474 55.0426 38.4504 37.7117 36.6847 32.5876 29.4932 28.6632 23.7594 22.8235 22.6586 23.5062 22.07 18.7532 18.4274 17.3837 17.3123 16.9998 15.3847 15.2302 14.7842 14.256 14.0214 13.5124 12.5876 12.5484 12.2712 11.1846
threshold=51.850000000000001 66.050000000000011 43.150000000000013 11.500000000000002 42.750000000000007 11.500000000000002 13.500000000000002 59.350000000000001 31.000000000000004 12.500000000000002 58.050000000000004 0.2912150277590278 52.850000000000001 76.450000000000017 55.050000000000004 63.250000000000007 71.450000000000017 60.95000000000001 49.850000000000001 68.950000000000017 15.500000000000002 52.750000000000007 459.00000000000006 47.550000000000004 -4.1666666666666652 44.250000000000007 -4.833333333333333 13.500000000000002 49.95000000000001 37.550000000000004
decision_type=8 10 10 2 2 2 2 2 8 2 10 2 2 10 2 2 10 2 2 2 2 2 2 2 2 2 2 2 2 2
left_child=2 3 4 25 18 29 8 10 17 -3 16 19 28 20 15 -9 -5 -6 -1 26 -14 24 -12 -10 -8 -2 -7 -13 -11 -4
right_child=1 9 5 7 6 11 21 14 23 12 22 27 13 -15 -16 -17 -18 -19 -20 -21 -22 -23 -24 -25 -26 -27 -28 -29 -30 -31
leaf_value=-0.039372612208209999 0.0019515662760698487 0.027142590321138905 0.02929875118986864 -0.00795472292116816 -0.011706528690476222 0.0040513878244449316 -0.012621143588515963 0.010835328281619303 0.00033052943706252569 -0.0083244605859456276 -0.004443381057083722 0.030677064654736165 0.022406055716177251 0.030085942094501529 -0.028840220668494395 0.05906535442929664 0.012333205599942764 0.046491751058548858 -0.024800115731431288 0.015486081214131441 0.0099761189177820023 -0.012733628734422213 0.0067912213865733888 0.057448747038325587 -0.029833369317032583 0.018927637602254761 -0.015897372090189366 -0.0012394580497676062 0.010037781579937876 0.003924717814659931
leaf_weight=349.33807950466871 143.60705520957708 580.46293857693672 52.12811965495348 1198.2691971510649 395.54773166775703 84.567406162619591 149.13370078802109 717.06698232144117 19.429441563785076 107.06223617494106 422.50063094496727 38.84522507339716 401.29866968095303 323.54167282581329 34.114384293556213 20.700022354722023 123.18775834143162 13.133166134357451 500.01622049510479 48.927222110331059 662.9028452783823 282.57068046182394 950.84628576040268 25.389491833746433 598.32015851140022 655.1068268045783 1129.8002106919885 145.92470541596413 594.02480624616146 262.58025546371937
leaf_count=3926 740 2375 299 7630 3490 636 1559 3609 161 479 2230 233 1714 1309 184 96 612 104 5073 363 2873 2559 4939 190 6197 3063 8600 988 2627 1519
internal_value=-0.000167778 0.00915201 -0.015949 0.00404939 -0.0223117 -0.00752481 -0.0174447 0.00132131 -0.005579 0.0173034 -0.0012716 -0.0109355 0.0145657 0.0182694 0.0103792 0.0122031 -0.00605889 -0.00981315 -0.0308036 -0.0133372 0.0146697 -0.0226631 0.00333126 0.0328546 -0.026408 0.0158823 -0.0145038 0.00545645 0.00722579 0.00815151
internal_weight=11030.3 6934.69 4095.65 4265.4 2332.88 1762.77 1483.52 3466.69 453.5 2669.29 2694.8 1448.06 2088.83 1387.74 771.881 737.767 1321.46 408.681 849.354 1263.29 1064.2 1030.02 1373.35 44.8189 747.454 798.714 1214.37 184.77 701.087 314.708
internal_count=70377 34480 35897 23103 23259 12638 14260 19300 3945 11377 15411 10820 9002 5896 3889 3705 8242 3594 8999 9599 4587 10315 7169 351 7756 3803 9236 1221 3106 1818
is_linear=0
shrinkage=0.05


Tree=28
num_leaves=31
num_cat=0
split_feature=33 33 18 18 33 0 18 3 32 3 30 32 18 6 34 30 1 32 6 32 28 3 34 9 37 30 3 3 37 37
split_gain=593.482 136.813 59.07 50.7161 49.9466 34.2334 33.2293 23.0983 20.878 20.7781 19.2513 18.2753 18.0668 18.0448 17.9276 16.8276 16.6591 15.6455 22.7195 14.6553 19.4925 14.5776 19.0214 14.4981 14.4794 14.3455 14.3179 14.3047 11.3403 11.1473
threshold=48.050000000000004 59.850000000000001 11.500000000000002 13.500000000000002 71.050000000000011 49.95000000000001 14.500000000000002 48.250000000000007 60.350000000000001 50.550000000000004 435.00000000000006 68.15000000000002 12.500000000000002 51.550000000000004 -4.583333333333333 451.00000000000006 51.850000000000001 62.150000000000013 51.850000000000001 68.550000000000011 4.5000000000000009 47.150000000000013 -4.833333333333333 60.250000000000007 0.22537195467306781 427.00000000000006 55.750000000000007 64.250000000000014 0.36458590978545313 0.1944016328509118
decision_type=8 10 2 2 10 2 2 2 10 2 2 8 2 2 2 2 2 10 2 10 2 2 2 2 2 2 2 2 2 2
left_child=2 3 8 19 6 10 25 -5 -1 -8 -4 27 -6 -11 -12 -13 -14 21 -19 20 24 -7 -23 -16 -2 -3 -22 -9 -10 -27
right_child=1 4 5 7 12 17 9 11 28 13 14 15 16 -15 23 -17 -18 18 -20 -21 26 22 -24 -25 -26 29 -28 -29 -30 -31
leaf_value=-0.0084764563219433039 -0.0060127790166142241 -0.010862289934572302 -0.042322308452905098 -0.011019753099005053 0.031724359599874657 -0.025749143971631212 -0.00069061658495727252 -0.0045788391925162914 -0.0029356534562635754 0.024303463843538105 -0.0089946056957652312 -0.011318409971759867 0.007262302820853328 0.0066129752760185692 -0.028842169053551941 0.01697851738807862 0.021285042521133377 0.01784992251632227 -0.014666939880388537 0.018114737852691628 -0.011464530407882924 0.0045921947499934206 -0.017690297281238682 0.017330676850021622 0.013168186266131272 0.0029169311590669343 0.014560272659514773 0.044040944824480212 0.027969879394747724 0.01855257085114002
leaf_weight=409.76555037498474 119.51519283652306 48.463239267468452 192.06429113447666 893.25652213394642 297.25703537464142 463.11864667385817 845.47480610013008 964.729223780334 50.425243563950062 182.05950462818146 150.13307154178619 68.163619175553322 281.654357239604 699.11677898466587 796.29821804910898 225.80711921304464 870.59477558732033 75.61910280585289 184.22716728597879 270.73213669657707 233.98741845786572 111.15953239798546 675.38639837503433 17.173535317182541 546.88540548831224 129.02748776972294 68.031431466341019 15.253379590809343 71.065767385065556 1034.3012245446444
leaf_count=3552 697 220 2123 5817 1207 4353 4146 6337 314 876 1579 384 1194 3359 8324 1207 3589 541 1372 1223 1356 1084 6294 152 2996 594 375 94 435 4583
internal_value=-0.000163826 0.00727625 -0.0183072 -0.000240809 0.0131128 -0.0213421 0.00936246 -0.00485545 -0.00307145 0.00490345 -0.0278253 -0.000528776 0.0207107 0.010276 -0.0249265 0.0103986 0.0178626 -0.0163738 -0.00518159 0.00782565 0.00494249 -0.0186964 -0.0145347 -0.0278592 0.0097203 0.0157109 -0.00558287 -0.00381256 0.0151095 0.0168231
internal_weight=10990.7 7794.31 3196.44 3406.36 4387.95 2665.18 2938.44 2167.21 531.257 1726.65 1155.67 1273.95 1449.51 881.176 963.605 293.971 1152.25 1509.51 259.846 1239.15 968.419 1249.66 786.546 813.472 666.401 1211.79 302.019 979.983 121.491 1163.33
internal_count=70377 40254 30123 20486 19768 25822 13778 13839 4301 8381 12178 8022 5990 4235 10055 1591 4783 13644 1913 6647 5424 11731 7378 8476 3693 5397 1731 6431 749 5177
is_linear=0
shrinkage=0.05


Tree=29
num_leaves=31
num_cat=0
split_feature=33 33 18 2 33 18 37 18 32 28 40 9 18 0 0 1 33 0 34 40 8 18 33 15 18 30 40 9 2 6
split_gain=541.468 134.667 52.9625 52.2354 45.1485 35.8886 31.1124 29.7797 24.2619 27.1264 17.6172 16.7771 16.4722 15.3869 15.0823 14.9798 14.888 14.4789 13.9529 13.7101 13.8361 13.3408 20.2697 13.3292 13.2957 15.4895 13.0879 13.3349 11.849 16.6833
threshold=46.850000000000001 59.850000000000001 14.500000000000002 49.750000000000007 71.050000000000011 15.500000000000002 0.53245069745069751 14.500000000000002 68.450000000000017 4.5000000000000009 0.44254702101470622 55.050000000000004 12.500000000000002 55.350000000000001 49.45000000000001 51.850000000000001 48.650000000000013 58.350000000000001 -2.8333333333333326 0.21890345427924901 70.450000000000017 9.5000000000000018 34.95000000000001 56.250000000000007 9.5000000000000018 427.00000000000006 0.34538107187493455 60.95000000000001 54.850000000000001 48.050000000000004
decision_type=8 10 2 2 10 2 2 2 10 2 2 2 2 2 2 2 10 2 2 2 2 2 10 2 2 2 2 2 2 2
left_child=3 2 8 18 7 6 26 24 9 14 11 -9 -6 23 -2 -14 -10 19 -1 -4 -21 22 -20 -8 -3 -26 27 -5 -7 -30
right_child=1 4 17 5 12 28 13 10 16 -11 -12 -13 15 -15 -16 -17 -18 -19 21 20 -22 -23 -24 -25 25 -27 -28 -29 29 -31
leaf_value=-0.018161594590442823 -0.0022815236104426618 0.02774169566119199 -0.012820021207575456 -0.01179384278703138 0.030176349511742685 -0.025794957892482082 -0.01100925035328202 0.0048105991672243997 0.030821218096475381 -0.007959509950089318 0.032980701413064001 -0.019795550074015095 0.00688891946404524 0.05844552450444105 0.011548303746585132 0.020176821676266665 0.0098157540295829623 0.0033379803186329819 -0.039053624810944876 -0.0003528864359870575 -0.017796371625530528 -0.031976655284200149 0.041552789125227217 0.049505972658243164 -0.017465261756260436 0.013956253923073812 0.020716719061436784 0.020156083903053627 0.033777015808108588 -0.016111908887428038
leaf_weight=313.57955043762922 281.94465134292841 172.64236737787724 813.68708529323339 904.8136685192585 296.89469219744205 523.86260393261909 29.004636451601982 1604.4662320315838 128.12177388370037 418.06974919885397 53.128359764814377 72.234358564019203 282.06864579021931 23.429330542683601 650.85357573628426 872.44777308404446 250.34228755533695 321.29110833257437 15.403571888804438 631.6968387812376 138.70105255395174 765.00008068233728 15.585643671452997 13.096685558557509 40.594877481460571 1003.341590821743 34.306500814855099 33.680578120052814 17.917936727404594 230.79852179437876
leaf_count=3334 1718 719 5628 8049 1207 5297 238 7775 565 2502 228 378 1194 177 3706 3589 1188 1992 171 4035 883 8131 113 99 187 4491 237 257 163 2126
internal_value=-0.000159922 0.00654296 -0.00057702 -0.0185969 0.0124285 -0.013356 -0.00727603 0.00886922 0.00575664 0.00261701 0.00464906 0.00374644 0.0196494 0.0260256 0.00736299 0.0169356 0.0169462 -0.00632812 -0.0271441 -0.00829188 -0.00350177 -0.0306737 0.00132881 0.00776977 0.0148648 0.012728 -0.00952691 -0.0106399 -0.0215189 -0.0124856
internal_weight=10953 8032.53 3634.71 2920.48 4397.82 1810.91 1038.33 2946.41 1729.33 1350.87 1729.83 1676.7 1451.41 65.5307 932.798 1154.52 378.464 1905.38 1109.57 1584.08 770.398 795.989 30.9892 42.1013 1216.58 1043.94 972.801 938.494 772.579 248.716
internal_count=70377 41985 22217 28392 19768 16643 9057 13778 9679 7926 8381 8153 5990 514 5424 4783 1753 12538 11749 10546 4918 8415 284 337 5397 4678 8543 8306 7586 2289
is_linear=0
shrinkage=0.05


Tree=30
num_leaves=31
num_cat=0
split_feature=32 32 32 18 18 18 30 18 28 3 18 28 2 38 3 27 18 35 13 2 12 28 32 1 30 3 17 17 2 34
split_gain=414.932 82.2215 71.3905 47.7464 30.3278 25.1174 24.3712 23.0364 22.5287 17.6692 17.4758 17.4543 21.4409 22.0483 17.3092 16.5239 16.5074 16.3338 15.9001 15.8262 17.8081 15.6704 15.5757 14.4021 13.945 13.566 12.5495 12.0403 11.84 14.5134
threshold=61.050000000000004 72.250000000000014 48.150000000000013 14.500000000000002 15.500000000000002 14.500000000000002 475.00000000000006 10.500000000000002 4.5000000000000009 39.650000000000013 9.5000000000000018 5.5000000000000009 53.050000000000004 0.20867319028706097 58.150000000000013 6.5000000000000009 9.5000000000000018 -3.433333333333326 46.850000000000001 49.750000000000007 92.750000000000014 6.5000000000000009 46.050000000000004 56.350000000000001 465.00000000000006 54.650000000000013 1650.0000000000002 2810.0000000000005 54.850000000000001 -1.5833333333333333
decision_type=8 10 10 2 2 2 2 2 2 2 2 2 2 2 2 2 2 2 2 2 2 2 10 2 2 2 2 2 2 2
left_child=2 4 7 10 14 18 23 22 -7 -8 15 12 13 -6 16 -4 -2 -18 -3 -12 -21 -11 -1 25 -24 -5 -25 -20 -9 -30
right_child=1 5 3 6 11 8 9 28 -10 21 19 -13 -14 -15 -16 -17 17 -19 27 20 -22 -23 24 26 -26 -27 -28 -29 29 -31
leaf_value=-0.012583519454999338 0.019546887978816874 -0.0025922814692542202 0.0024750834157361581 -0.024943881203146803 -0.014109498856585688 0.014553825935984544 -0.029842566128539055 -0.02712158896169551 -0.0072198735633342802 -0.0028496854045827733 -0.012283887534208893 -0.019501475647286937 0.0077803167808928571 0.0010166548880664319 0.018411678747483989 0.033229207219209682 0.035953603273866382 0.0042312044461265937 0.023635812074197817 -0.0044187637912183426 0.011058662385222079 -0.039076659598352555 -0.010740170327939658 -0.01590987669115753 0.052636394694715531 -0.011194187137824482 0.018451754818659211 0.049105367553357489 0.00087790380661753598 -0.02584862673604146
leaf_weight=113.90056599676609 216.2485206797719 54.29555869102478 131.68029645830393 605.73784994333982 325.62987576425076 938.68672920018435 75.662221305072308 878.88238976150751 135.62210927903652 686.86282234638929 349.85955370217562 108.4948942065239 747.58409690111876 923.2472924515605 355.88324329257011 65.568033784627914 41.458146139979362 1819.146685987711 710.09238293021917 610.46279106289148 267.04991432279348 31.145263500511646 14.982680961489676 63.47264326363802 20.084865286946297 257.45540926605463 45.516213454306126 50.106022492051125 92.70471914857626 111.30940791964531
leaf_count=1059 972 238 808 5384 1930 4069 618 9674 627 5511 2776 676 3934 5284 1799 386 223 9417 3005 4163 1774 271 122 453 153 2250 331 206 917 976
internal_value=-4.60561e-05 0.00806502 -0.011834 -0.00788371 0.00441454 0.0168317 -0.0133777 -0.0220597 0.0118 -0.00686537 -0.00106983 1.77186e-05 0.00108189 -0.00292412 0.00821673 0.0127352 0.00646654 0.00494263 0.02346 -0.00329333 0.000286445 -0.0044333 -0.00358266 -0.0186878 0.0254629 -0.0208505 -0.00151009 0.0253274 -0.0245963 -0.013685
internal_weight=10848.8 6426.5 4422.34 3190.47 4537.69 1888.8 1765.85 1231.86 1074.31 793.67 1424.62 2104.96 1996.46 1248.88 2432.74 197.248 2076.85 1860.6 814.494 1227.37 877.513 718.008 148.968 972.182 35.0675 863.193 108.989 760.198 1082.9 204.014
internal_count=70006 32380 37626 24725 24235 8145 14818 12901 4696 6400 9907 11824 11148 7214 12411 1194 10612 9640 3449 8713 5937 5782 1334 8418 275 7634 784 3211 11567 1893
is_linear=0
shrinkage=0.05


Tree=31
num_leaves=31
num_cat=0
split_feature=32 5 32 7 5 18 7 18 18 32 28 6 32 28 3 18 18 17 13 40 7 7 27 29 6 5 7 15 37 31
split_gain=376.448 78.7803 74.0086 44.4182 40.9965 37.5638 33.5501 29.0553 22.6084 22.3642 20.2621 19.1407 19.0787 19.0738 17.1632 16.6201 15.0854 14.7445 14.2918 13.6359 13.1907 12.3768 11.6013 11.0028 12.3493 10.6906 10.3834 10.039 9.77427 9.36493
threshold=61.050000000000004 46.350000000000001 72.250000000000014 44.250000000000007 64.950000000000017 10.500000000000002 53.850000000000001 15.500000000000002 14.500000000000002 49.150000000000013 4.5000000000000009 48.95000000000001 45.150000000000013 2.5000000000000004 50.95000000000001 9.5000000000000018 14.500000000000002 1550.0000000000002 46.850000000000001 0.1454497648767285 50.850000000000001 38.45000000000001 6.5000000000000009 58.750000000000007 74.450000000000017 54.150000000000013 46.45000000000001 39.350000000000001 0.3006052815309867 -4.4999999999999991
decision_type=8 2 10 2 2 2 2 2 2 10 2 2 10 2 2 2 2 2 2 2 2 2 2 2 2 2 2 2 2 10
left_child=1 7 4 -3 6 29 11 12 18 25 26 19 -1 17 -11 -15 -13 -8 -4 -2 27 -14 -23 24 -20 -7 -10 -9 -6 -5
right_child=2 3 8 5 28 9 13 20 10 14 -12 16 21 15 -16 -17 -18 -19 23 -21 -22 22 -24 -25 -26 -27 -28 -29 -30 -31
leaf_value=-0.024966797570176388 0.054994336226709288 -0.018169603759946668 -0.0024640165145062964 0.033590903696150212 0.0087089336701301461 -0.020854765906069488 0.046104855802667856 0.003476068895350948 0.0045029308828745318 -0.0066107542955223106 -0.0068746064460856989 0.0029232582328620471 -0.035424398302463543 0.034030047813572238 0.0049727466144116406 0.0053458597711868658 -0.0046035417814202792 0.014971370423746515 0.017626381179374592 0.010286016469748414 -0.016343166557100313 -0.012388983809569286 0.00072021848654730625 0.046930287287935503 0.031558802769210352 -0.0039077811932895145 0.016772882463618063 -0.031286584158197704 0.022625960031964227 0.010860662670628319
leaf_weight=272.30543966591358 18.787055678665638 532.69873818010092 54.271670810878277 62.646071314811707 208.69369065761566 256.85681853443384 56.690914377570152 21.272343531250954 229.24325399845839 685.27506699413061 135.32467886805534 1151.0985706448555 44.121300093829632 53.692863814532757 599.09527120739222 849.98878133296967 1576.9710346013308 118.03048831224442 468.76511171460152 184.90524753928185 255.50019207596779 524.78426209837198 247.70540700107813 49.330794185400009 243.84886157512665 147.24328376352787 711.83912313729525 565.82869277894497 325.41886005550623 168.12988111376762
leaf_count=3085 113 4585 238 366 953 2614 281 210 1004 4929 627 5924 403 235 4277 4429 9222 583 1984 1026 2471 4387 2027 201 1026 1207 3065 6067 1469 998
internal_value=-4.69851e-05 -0.0113487 0.00764863 -0.0053962 0.00418699 -0.00184749 0.00245214 -0.0189017 0.0159569 -0.00443615 0.0111871 -0.000320006 -0.0134956 0.0099925 -0.00120376 0.00705926 -0.00142581 0.0251223 0.0222389 0.0144591 -0.0258799 -0.00966171 -0.00817939 0.0240051 0.0224047 -0.0146946 0.0137901 -0.0300181 0.0172002 0.0170645
internal_weight=10820.4 4383.46 6436.9 2451.95 4544.28 1919.25 4010.16 1931.52 1892.62 1688.47 1076.41 2931.76 1088.92 1078.4 1284.37 903.682 2728.07 174.721 816.216 203.692 842.601 816.611 772.49 761.945 712.614 404.1 941.082 587.101 534.113 230.776
internal_count=70006 37626 32380 18976 24235 14391 21813 18650 8145 13027 4696 16285 9902 5528 9206 4664 15146 864 3449 1139 8748 6817 6414 3211 3010 3821 4069 6277 2422 1364
is_linear=0
shrinkage=0.05


Tree=32
num_leaves=31
num_cat=0
split_feature=33 33 33 18 18 18 33 3 3 27 2 2 36 3 38 36 30 3 2 13 0 2 17 36 2 33 30 38 18 36
split_gain=449.366 96.2209 61.2926 42.1583 37.2905 22.7055 22.924 19.4509 17.6524 17.4211 17.2945 16.383 15.9569 14.9568 14.5403 14.3783 16.1028 13.9737 13.1882 13.1009 20.4092 12.8698 12.8083 12.1098 11.9066 11.2114 10.5159 10.028 9.66346 9.66126
threshold=48.45000000000001 63.250000000000007 34.650000000000013 11.500000000000002 14.500000000000002 10.500000000000002 74.65000000000002 55.350000000000001 43.350000000000001 7.5000000000000009 60.650000000000013 55.050000000000004 46.359893471655433 43.750000000000007 0.16872351945864358 40.340263271478292 459.00000000000006 55.550000000000004 50.050000000000004 53.550000000000004 48.050000000000004 54.850000000000001 1075.0000000000002 47.746103993030275 53.150000000000013 57.650000000000013 471.00000000000006 0.17527140768724478 15.500000000000002 47.509072322136319
decision_type=8 10 10 2 2 2 10 2 2 2 2 2 2 2 2 2 2 2 2 2 2 2 2 2 2 10 2 2 2 2
left_child=2 4 11 -4 8 -3 13 12 -2 21 17 15 25 26 -9 16 -1 23 -15 -8 -21 -10 -19 -5 -14 -6 -7 -11 -17 -12
right_child=1 5 3 10 7 6 19 14 9 27 29 -13 24 18 -16 28 -18 22 -20 20 -22 -23 -24 -25 -26 -27 -28 -29 -30 -31
leaf_value=-0.029797240909480684 -0.0026276827360140805 0.025278156234897077 0.0041174538621206033 -0.012820894345124664 -0.0040438196237361492 -0.0061488527312504315 0.0099170341815551025 -0.019690814096543042 0.0038028117416828741 -0.010815890806002478 0.050321809354979131 -0.010374945778404638 -0.013873781202978837 0.0050788586405035811 0.007701096124496716 -0.025668348635585311 0.0072150085400830071 0.044528365922258936 0.014105633054422563 0.0073754696159863027 0.030546627649131332 0.014583246971971602 -0.0086528254376602616 -0.022656734743676007 -0.003751845664426553 0.011276345582659835 0.0079963155832530521 0.026237362718745928 -0.036931210205940125 0.00093362780386631284
leaf_weight=61.21150378882885 427.75756154954433 325.77189874649048 374.19651655852795 615.6308156400919 319.28022132813931 239.84602306783199 252.17491103708744 53.406695663928986 999.26534236967564 20.038792543113232 13.545713737607 146.5335653796792 595.51388622075319 606.02383083105087 505.16709177196026 414.28260197490454 56.051555782556534 11.538689121603964 1230.9474049806595 132.68950264155865 341.09969614446163 384.02295006811619 386.43160732090473 645.30462058633566 570.75202036648989 190.45728063583374 289.94442626833916 181.95620803534985 363.40768297761679 36.900788947939873
leaf_count=736 2287 1336 2586 5615 2206 1090 1028 332 5407 111 104 1624 3847 2742 3002 5005 681 96 5412 542 1389 1945 3427 5772 3390 1034 1304 961 4715 280
internal_value=-4.73358e-05 0.00646662 -0.0160282 -0.0110724 0.00143992 0.0127108 0.0113846 -0.00300507 0.00637647 0.00880923 -0.0144006 -0.0259358 -0.00569946 0.00899588 0.00507008 -0.0284766 -0.0120718 -0.0152792 0.0111308 0.0191632 0.0240708 0.00680009 -0.00708754 -0.0178599 -0.0089253 0.00167166 0.00158315 0.0225332 -0.0309419 0.0143674
internal_weight=10791.2 7666.12 3125.04 2083.55 4247.62 3418.5 3092.73 2234.58 2013.04 1585.28 1709.35 1041.49 1676 2366.76 558.574 894.953 117.263 1658.91 1836.97 725.964 473.789 1383.29 397.97 1260.94 1166.27 509.738 529.79 201.995 777.69 50.4465
internal_count=70006 39365 30641 17880 24522 14843 13507 13811 10711 8424 15294 12761 10477 10548 3334 11137 1417 14910 8154 2959 1931 7352 3523 11387 7237 3240 2394 1072 9720 384
is_linear=0
shrinkage=0.05


Tree=33
num_leaves=31
num_cat=0
split_feature=32 5 32 0 5 18 32 18 18 18 2 13 6 5 4 4 5 37 9 32 5 30 38 0 3 3 4 18 37 40
split_gain=316.574 70.8667 62.4726 40.2574 35.5327 34.0577 26.7953 22.7825 21.062 20.2019 19.1377 18.9456 15.8822 15.6602 15.3299 15.3135 14.75 14.5081 14.4706 13.7152 13.0515 12.9759 12.8967 11.613 10.4795 9.89046 9.82816 9.70441 9.5913 9.49119
threshold=61.050000000000004 46.350000000000001 72.250000000000014 51.650000000000013 64.950000000000017 10.500000000000002 49.150000000000013 15.500000000000002 10.500000000000002 13.500000000000002 57.650000000000013 69.750000000000014 49.250000000000007 54.150000000000013 94.850000000000009 89.950000000000017 56.150000000000013 0.26783336770408839 50.250000000000007 50.750000000000007 73.350000000000009 511.00000000000006 0.2974807106442629 46.250000000000007 56.95000000000001 57.45000000000001 97.950000000000017 10.500000000000002 0.35404609235428747 0.20871412932124597
decision_type=8 2 10 2 2 2 10 2 2 2 2 2 2 2 2 2 2 2 2 10 2 2 2 2 2 2 2 2 2 2
left_child=1 3 4 8 7 -3 13 10 -1 16 27 17 25 -7 -14 19 24 -8 20 -5 -11 -12 -21 -10 -4 -9 -6 -2 -22 -15
right_child=2 5 9 15 26 6 11 12 23 18 21 -13 14 29 -16 -17 -18 -19 -20 22 28 -23 -24 -25 -26 -27 -28 -29 -30 -31
leaf_value=-0.0065476087376968722 0.010795980025504073 0.0112582690288833 0.0094179961085746038 -0.02060122031862318 0.013947377471516337 -0.023049312580996288 -0.012063810086758131 0.0071225500868057796 -0.033717361313968637 0.013111834381706128 0.012344425104754217 0.04824303157940648 -0.00494844796236264 -0.022204103593012007 0.011059738087630562 0.0076876839738919973 0.029527139881769051 -0.001422806235129713 0.0037206845251116626 -0.0032041101607770649 0.056100636512289886 0.039618446505851689 -0.031462056019102118 -0.022265091567433178 0.0347583167711061 0.039155873012795897 0.039982390848488827 0.0017392758685493412 0.016721841170293534 0.0024385734116577577
leaf_weight=147.31642981618643 372.14859163016081 287.77059145271778 236.22229740768671 284.75223680585623 497.46596128493547 347.05234291404486 445.13333819061518 133.93991011381149 378.59516775608063 783.4590710029006 295.31616795808077 17.161524392664433 1513.7407947853208 55.791233830153942 165.69088221341372 112.64040788263083 319.80614265799522 1146.7990503534675 443.83220747858286 368.60310331732035 31.912349715828896 51.415264472365379 45.348825126886368 548.07294927537441 49.571988135576248 29.489522948861122 39.313046917319298 1450.5638747438788 31.047656446695328 128.89763876795769
leaf_count=1251 1708 1734 1010 3058 2254 3726 3434 749 4575 3425 1437 129 8900 517 807 822 1317 8376 1924 3006 131 248 355 5583 210 161 168 7803 128 1060
internal_value=-4.81301e-05 -0.0105317 0.00696837 -0.0178059 0.00378879 -0.0048822 -0.00705456 0.00217085 -0.0241591 0.0145945 0.00564385 -0.00383439 -0.00191499 -0.0167871 -0.00336556 -0.00938803 0.0221365 -0.00440194 0.0110492 -0.0121487 0.0148853 0.0164134 -0.00631872 -0.0269525 0.0138415 0.0129537 0.0158706 0.00359164 0.0368183 -0.00498647
internal_weight=10758.9 4313.93 6444.94 1885.33 4549.08 2428.61 2140.84 4012.31 1073.98 1895.85 2169.44 1609.09 1842.86 531.741 1679.43 811.345 605.6 1591.93 1290.25 698.704 846.419 346.731 413.952 926.668 285.794 163.429 536.779 1822.71 62.96 184.689
internal_count=70006 37626 32380 18650 24235 18976 17242 21813 11409 8145 11196 11939 10617 5303 9707 7241 2537 11810 5608 6419 3684 1685 3361 10158 1220 910 2422 9511 259 1577
is_linear=0
shrinkage=0.05


Tree=34
num_leaves=31
num_cat=0
split_feature=32 5 32 0 5 18 40 18 2 18 18 13 2 6 38 9 6 4 4 2 13 1 5 4 40 38 40 40 38 4
split_gain=287.211 65.6842 56.3039 37.862 31.9278 30.7853 25.3045 21.8713 20.9604 20.3621 18.4829 17.6568 16.6858 15.3396 14.6385 14.5726 14.2504 14.2504 13.6527 12.8257 12.8119 12.4832 11.7649 11.0007 10.9956 10.4201 10.3089 10.0249 9.96388 9.41657
threshold=61.050000000000004 46.350000000000001 72.250000000000014 51.650000000000013 64.550000000000011 10.500000000000002 0.224478307358219 15.500000000000002 49.750000000000007 13.500000000000002 14.500000000000002 65.250000000000014 57.650000000000013 49.250000000000007 0.15636387316522724 74.550000000000011 72.250000000000014 94.950000000000017 90.050000000000011 60.850000000000001 46.850000000000001 51.250000000000007 59.350000000000001 69.950000000000017 0.15666679081974194 0.23380770850069674 0.44254702101470622 0.32099190414529399 0.21920007417489026 87.050000000000011
decision_type=8 2 10 2 2 2 2 2 2 2 2 2 2 2 2 2 2 2 2 2 2 2 2 2 2 2 2 2 2 2
left_child=1 3 4 9 7 29 8 12 11 -1 20 -7 -2 21 -8 18 -16 -15 19 -5 -4 -9 -14 26 -25 -11 -22 -12 -10 -3
right_child=2 5 10 15 -6 6 14 13 28 25 27 -13 22 17 16 -17 -18 -19 -20 -21 23 -23 -24 24 -26 -27 -28 -29 -30 -31
leaf_value=-0.014050314268607686 0.0034925696389594002 0.007264640075311986 -0.0038360571938342129 -0.013894662386924465 0.01463612640234906 -0.022551343297137628 -0.025338904665903762 0.00087854782763625893 -0.00049784534495504545 -0.031984099104807782 0.0068394256522811411 0.035951799856189078 0.011837163514724905 -0.0049830643715377335 0.0047423066746325035 0.033500091483980005 -0.0083435216256836087 0.010584502715819127 0.0081116773036197833 0.019295604575105416 0.010094832081265905 0.029044284422683538 0.039021906828144264 -0.0061522342320954534 0.02753874492266016 -0.017127858272632464 0.042844425832331459 0.018162120710797508 -0.01244746139973241 0.035010018334796687
leaf_weight=376.80782058089972 1810.6483927741647 254.53035625070333 54.388461276888847 664.78655153512955 572.56368983536959 409.03689016401768 58.045387923717499 94.90824981033802 343.83426416665316 522.0514716617763 822.75413344055414 13.165814824402331 298.91444530338049 1499.5757489129901 642.58343085646629 19.541312754154205 307.47262085229158 162.70867671072483 91.053950481116772 30.231565997004509 252.59652535617352 67.561476789414883 46.132699079811573 25.279074899852276 458.80590272694826 155.19459669664502 26.625127479434013 257.70804625749588 355.92216118425131 34.852364346385002
leaf_count=3518 9445 1551 238 6219 2585 4030 448 550 2820 6142 3617 124 1464 8846 4732 142 2253 790 638 242 1080 350 205 111 1911 1749 109 1079 2835 183
internal_value=-4.8054e-05 -0.0100924 0.00661372 -0.017159 0.00359605 -0.00465821 -0.00673857 0.00200642 -0.0119044 -0.0233989 0.0138488 -0.0207071 0.0054169 -0.00201993 -0.000983709 -0.00898671 0.000501563 -0.00345572 -0.0100534 -0.0124412 0.0195263 0.0126324 0.0154965 0.0211978 0.0257682 -0.0285901 0.0132498 0.00954613 -0.00658392 0.0106344
internal_weight=10730.3 4279.11 6451.17 1859.67 4553.01 2419.44 2130.06 3980.45 1121.96 1054.05 1898.16 422.203 2155.7 1824.75 1008.1 805.613 950.056 1662.28 786.072 695.018 817.695 162.47 345.047 763.307 484.085 677.246 279.222 1080.46 699.756 289.383
internal_count=70006 37626 32380 18650 24235 18976 17242 21650 9809 11409 8145 4154 11114 10536 7433 7241 6985 9636 7099 6461 3449 900 1669 3211 2022 7891 1189 4696 5655 1734
is_linear=0
shrinkage=0.05


Tree=35
num_leaves=31
num_cat=0
split_feature=33 33 33 7 40 7 2 1 3 18 7 31 40 3 32 29 34 3 2 33 34 2 2 38 2 34 13 32 1 15
split_gain=398.04 85.1393 68.6359 37.4614 29.5605 25.8617 25.3195 22.2335 26.0974 21.1263 21.0163 18.5366 17.422 17.0055 19.7234 28.9218 15.1395 14.9844 17.1601 14.46 15.1929 13.4911 13.2019 12.4165 11.8265 10.7145 10.3306 9.52035 9.3534 9.14899
threshold=51.850000000000001 34.050000000000004 60.250000000000007 47.250000000000007 0.4130043480997081 60.750000000000007 56.95000000000001 56.050000000000004 48.350000000000001 9.5000000000000018 59.650000000000013 14.500000000000002 0.21912364042905488 43.550000000000004 71.65000000000002 59.750000000000007 2.1666666666666674 52.650000000000013 49.95000000000001 43.150000000000013 -6.4166666666666652 53.45000000000001 60.650000000000013 0.21884548561898012 53.850000000000001 -3.5833333333333326 54.95000000000001 45.150000000000013 60.250000000000007 55.95000000000001
decision_type=8 10 10 2 2 2 2 2 2 2 2 8 2 2 8 2 2 2 2 10 2 2 2 2 2 2 2 10 2 2
left_child=1 12 9 6 5 7 19 8 -4 23 17 -12 21 28 27 -16 -9 18 -5 20 -3 -1 -19 -2 -23 -21 -8 -15 -11 -25
right_child=2 3 4 10 -6 -7 26 16 -10 13 11 -13 -14 14 15 -17 -18 22 -20 25 -22 24 -24 29 -26 -27 -28 -29 -30 -31
leaf_value=-0.034311205472630842 -0.0019954206795745276 0.018108250992204099 -0.00024178369005642148 -0.020446695786594655 0.026446317792033294 0.024317083072100863 0.0011302262155807651 0.020869833195238895 0.010179569391918386 -0.0096570641253574483 0.0041289062117477893 0.045401307082396376 -0.01598846873440701 -0.022070403048842974 0.0072822054249867671 0.053872370663072891 0.0096208310525853196 -0.0014367217382914375 -0.0056761634329888962 0.0040421742574737731 -0.026957333714006489 0.032569800510277351 0.039018695333864359 0.015852397414024767 -0.020756598925914443 -0.01579476674379135 0.049068679141812975 0.00012679321571708961 0.027365001041259558 0.04445323663596483
leaf_weight=531.24438891932368 59.308141849935055 19.334567375481129 1039.5700172036886 282.43642456829548 280.80676925182343 280.04476162791252 99.529993064701557 485.79626627266407 1420.0462012290955 531.9434906244278 144.44569018483162 33.531702741980553 284.293487329036 49.708295486867428 230.84532765299082 38.925109088420868 786.49390299618244 581.70598558336496 652.25516294687986 78.040373243391514 438.38071141391993 11.333568084985016 20.790058515965939 83.025809161365032 109.17605897784233 511.16216547042131 12.605795256793497 1588.8928215429187 17.465163022279739 42.934378020465374
leaf_count=7265 283 196 4801 2455 1168 1184 789 2095 6432 3195 1036 226 3447 365 1138 158 3447 4530 4976 625 4523 145 145 389 1325 4166 92 9356 95 191
internal_value=-0.000279781 -0.0132631 0.00685215 -0.00899467 0.010755 0.00965483 -0.0159398 0.0085526 0.00577306 0.000511231 -0.0042978 0.011954 -0.0263622 -0.000714419 0.00151501 0.0140407 0.0139212 -0.00618336 -0.0101464 -0.0183595 -0.0250392 -0.0308764 -2.62041e-05 0.0167894 -0.0156771 -0.0131586 0.00660272 -0.000544831 -0.0084663 0.0256684
internal_weight=10746.1 3810.27 6935.81 2874.22 4292.76 4011.95 1159.05 3731.91 2459.62 2643.05 1715.17 177.977 936.048 2457.78 1908.37 269.77 1272.29 1537.19 934.692 1046.92 457.715 651.754 602.496 185.268 120.51 589.203 112.136 1638.6 549.409 125.96
internal_count=70238 35941 34297 23759 19127 17959 10391 16775 11233 15170 13368 1262 12182 14307 11017 1296 5542 12106 7431 9510 4719 8735 4675 863 1470 4791 881 9721 3290 580
is_linear=0
shrinkage=0.05


Tree=36
num_leaves=31
num_cat=0
split_feature=33 33 33 5 7 7 33 3 2 5 7 18 4 33 34 7 18 7 32 5 2 18 34 18 7 2 2 25 28 15
split_gain=362.09 89.668 57.1717 34.0253 33.5242 28.04 26.1314 21.1839 20.5681 19.3982 19.3682 18.9492 17.6942 14.579 14.252 19.653 14.2381 13.7203 13.6381 12.8573 12.5621 11.4824 11.2231 10.6383 10.2576 9.84092 9.57757 9.53526 9.4566 9.36125
threshold=48.050000000000004 60.250000000000007 34.050000000000004 60.750000000000007 44.750000000000007 68.050000000000011 71.050000000000011 43.650000000000013 49.850000000000001 51.650000000000013 51.050000000000004 14.500000000000002 87.250000000000014 84.550000000000011 -2.1666666666666665 59.250000000000007 14.500000000000002 64.850000000000009 73.450000000000017 50.750000000000007 59.650000000000013 11.500000000000002 -7.1666666666666652 9.5000000000000018 59.250000000000007 55.650000000000013 48.95000000000001 1.0000000180025095e-35 3.5000000000000004 51.45000000000001
decision_type=8 10 10 2 2 2 10 2 2 2 2 2 2 10 2 2 2 2 10 2 2 2 2 2 2 2 2 2 2 2
left_child=2 3 9 7 21 6 11 27 23 17 13 24 -5 -8 -10 -16 18 22 -9 -18 -13 -4 -1 -6 -3 -11 -24 -2 -12 -27
right_child=1 5 4 12 8 -7 10 16 14 25 28 20 -14 -15 15 -17 19 -19 -20 -21 -22 -23 26 -25 -26 29 -28 -29 -30 -31
leaf_value=-0.0070307659827168415 -0.011435594237121057 0.010170493409927404 -0.0054795947212703429 0.0077909739088206564 0.022351936686494742 0.039030823574633194 0.0082919478072575395 0.002015032465678379 0.0070840000753439828 -0.014825901502197467 0.025423340816151087 0.0016130310921396549 0.035352922231013294 0.036987791060838986 -0.008934815583241381 0.018247742212059995 -0.0082783770699715147 0.038160544807543439 0.021983043119607165 0.0023860108121912787 0.014280807041432178 -0.024685235931883976 -0.038225443307222641 -0.017043629573409685 0.026064043147958849 0.056141714233908513 -0.026250345878248857 0.026448910131998429 0.011173641432023446 -0.0080506424645146561
leaf_weight=51.655753310769796 648.35776778310537 1045.5268403589725 95.502370618283749 423.18813458830118 17.643956951797009 82.727532014250755 749.79974837601185 1042.9061711505055 271.98595944046974 138.55348024517298 461.90956617891788 1415.151149019599 67.648408465087414 47.088896289467812 677.90006782114506 73.527830973267555 732.2647445499897 7.38734296709299 93.160826772451401 459.21367464214563 227.30347383022308 439.43515852838755 294.33203744515777 437.15762794017792 112.97113236784935 10.130150511860849 401.25007258355618 16.877060651779175 157.90181119740009 12.468181118369101
leaf_count=688 4093 4586 735 2247 117 342 3107 5904 2251 1556 1900 6842 331 193 5588 534 5029 86 407 2871 1037 4535 4326 4182 472 103 5300 105 648 123
internal_value=-0.000269439 0.00536878 -0.0152551 -0.000592344 -0.0105384 0.0101988 0.00963115 -0.00259499 -0.00665125 -0.0256159 0.0151679 0.0068285 0.0116062 0.00999831 -0.00271301 -0.00626625 -0.000343702 -0.0289821 0.00365866 -0.00416411 0.00336996 -0.0212675 -0.0296576 -0.0154997 0.0117268 -0.00981388 -0.0313295 -0.0104631 0.0218036 0.0206251
internal_weight=10712.9 7784 2928.93 3483.62 2013.15 4300.38 4217.65 2992.78 1478.22 915.777 1416.7 2800.95 490.837 796.889 1023.41 751.428 2327.55 754.625 1136.07 1191.48 1642.45 534.938 747.238 454.802 1158.5 161.152 695.582 665.235 619.811 22.5983
internal_count=70238 40114 30124 20987 17942 19127 18785 18409 12672 12182 5848 12937 2578 3300 8373 6122 14211 10400 6311 7900 7879 5270 10314 4299 5058 1782 9626 4198 2548 226
is_linear=0
shrinkage=0.05


Tree=37
num_leaves=31
num_cat=0
split_feature=1 7 28 2 6 30 0 30 1 6 26 2 7 0 7 36 18 28 17 2 18 36 6 30 18 7 9 9 0 13
split_gain=105.09 82.0412 48.9792 43.8926 41.8222 30.5407 26.7748 22.9591 22.3623 21.1923 19.049 24.0835 24.5594 18.9647 17.6742 17.1838 14.5934 13.9155 12.9461 12.865 18.4269 15.1932 12.3742 14.3783 12.1957 11.8905 11.8328 11.4334 11.3497 10.5895
threshold=53.95000000000001 47.350000000000001 4.5000000000000009 54.850000000000001 54.350000000000001 421.00000000000006 48.850000000000001 431.00000000000006 47.350000000000001 83.050000000000011 1.0000000180025095e-35 55.95000000000001 49.150000000000013 44.750000000000007 70.950000000000017 54.372515301599243 15.500000000000002 5.5000000000000009 1550.0000000000002 59.150000000000013 14.500000000000002 54.039415858741556 49.650000000000013 451.00000000000006 11.500000000000002 64.550000000000011 49.95000000000001 74.850000000000009 50.550000000000004 70.050000000000011
decision_type=2 2 2 2 2 2 2 2 2 2 2 2 2 2 2 2 2 2 2 2 2 2 2 2 2 2 2 2 2 2
left_child=1 3 5 13 6 -2 16 -6 25 19 11 12 -7 24 18 -10 -3 28 -8 20 -4 -21 23 -15 -1 -9 -13 -24 -5 -26
right_child=2 4 9 17 7 10 14 8 15 -11 -12 26 -14 22 -16 -17 -18 -19 -20 21 -22 -23 27 -25 29 -27 -28 -29 -30 -31
leaf_value=-0.0028221124270144701 -0.014893481380542098 0.0060676037268166949 0.0029242116787857333 -0.022055731211379579 -0.018485451984769329 0.0022078651182322472 0.016343599066256716 -0.012012154244112389 -0.0015171017141276293 -0.023844735466587066 -0.0047426856689040935 0.025582072401903824 0.013357894359155829 -0.02450137138840483 0.0566128489722625 0.010600007719647897 -0.017675013974150909 -0.013314309193680637 0.0050095549574992642 -0.00010396685019375924 -0.015742613303698288 0.027499624632493221 -0.013339050562834917 0.011646401920333142 -0.028096745755959975 0.031158580002613193 0.013408038289097316 0.032405421850517216 0.0111077198265812 0.026003356104444809
leaf_weight=62.615427061915398 128.03066796809435 120.52720898017287 292.24472945183516 27.99394765868783 224.90425715968013 942.8622306548059 478.64642108976841 535.35620199888945 1632.2212261520326 119.9704826399684 203.48000629618764 328.61151722818613 1039.941309992224 36.866970144212246 21.048051208257675 356.32570417970419 139.03100425004959 95.578901447355747 535.71275327727199 156.19034498929977 240.75449179857969 72.871187604963779 1553.0801382511854 107.1589174605906 364.89184633642435 16.285144723951817 517.54437952488661 13.625973321497439 305.67388700693846 9.1046554371714574
leaf_count=526 783 915 1617 224 1841 5214 2856 4748 10623 849 1151 1504 5227 298 97 2042 1141 798 3201 830 1594 367 12473 758 4014 124 2352 94 1901 76
internal_value=-0.000259263 -0.00413077 0.00609537 -0.011109 0.000296692 0.00900331 0.00771285 -0.00317484 -0.00181662 -0.00431843 0.0100143 0.0110777 0.00805874 -0.0140271 0.0113141 0.00065206 -0.00663266 0.00347719 0.0103638 -0.00123513 -0.00549954 0.00866389 -0.0116462 0.00234822 -0.0233397 -0.0107232 0.0181443 -0.012936 0.00830463 -0.0267598
internal_weight=10679.1 6636.65 4042.5 2576.59 4060.06 3160.47 1294.97 2765.09 2540.19 882.031 3032.44 2828.96 1982.8 2147.34 1035.41 1988.55 259.558 429.247 1014.36 762.061 532.999 229.062 1710.73 144.026 436.612 551.641 846.156 1566.71 333.668 373.997
internal_count=70238 48750 21488 21162 27588 16231 8210 19378 17537 5257 15448 14297 10441 18239 6154 12665 2056 2923 6057 4408 3211 1197 13623 1056 4616 4872 3856 12567 2125 4090
is_linear=0
shrinkage=0.05


Tree=38
num_leaves=31
num_cat=0
split_feature=32 5 0 5 32 18 18 7 3 32 5 36 7 28 28 9 3 4 32 36 28 9 8 7 16 7 32 7 14 34
split_gain=207.181 63.6995 61.476 51.3394 30.4665 25.8559 24.9571 21.9104 20.059 18.9072 18.3912 18.2934 19.8382 17.4651 17.2539 14.7771 14.5543 15.6709 16.8751 16.9842 14.0324 13.0041 12.8972 12.7979 12.6169 11.9324 11.5391 11.3747 16.7573 11.1244
threshold=60.650000000000013 51.650000000000013 49.650000000000013 63.95000000000001 68.450000000000017 10.500000000000002 15.500000000000002 46.650000000000013 41.250000000000007 46.95000000000001 73.350000000000009 59.339429630447846 46.350000000000001 4.5000000000000009 4.5000000000000009 60.250000000000007 58.350000000000001 88.450000000000017 80.250000000000014 41.969111185808963 4.5000000000000009 49.150000000000013 29.350000000000005 44.850000000000001 48.350000000000001 55.150000000000013 57.350000000000001 50.550000000000004 34.45000000000001 0.58333333333333337
decision_type=8 2 2 2 10 2 2 2 2 10 2 2 2 2 2 2 2 2 8 2 2 2 2 2 2 2 10 2 2 2
left_child=1 2 9 4 6 26 20 15 -8 -1 22 12 -6 -14 -9 -7 17 18 19 -5 -2 -19 27 -10 -24 -11 -4 -3 -29 -28
right_child=3 10 5 16 11 7 8 14 23 25 -12 -13 13 -15 -16 -17 -18 21 -20 -21 -22 -23 24 -25 -26 -27 29 28 -30 -31
leaf_value=-0.033214892594524877 0.0064536086397699926 0.00023488706739152422 0.0018595459365846599 0.02721636778178825 -0.0013948910171074527 -0.019248543115071067 -0.019873681699489377 -0.00021724649957477598 -0.012169689558717306 -0.021078978321976569 0.043637122697937986 0.024979096313863278 0.010911915883833145 -0.0031666411108581039 -0.014530027378968902 0.021147840315190271 0.028860337786168568 -0.0049859511536356448 0.031146047032608877 0.0034477048555212396 -0.0047893814028195664 0.028365271899556628 0.035022993909733013 0.00020274072835919587 -0.0037502354117805261 -0.0010349012629074497 0.011633289086402182 0.060792315639907168 0.010893898694683277 0.06091719007385319
leaf_weight=328.54726744443178 1232.1190241873264 106.37125872820616 171.44808156788349 86.046596959233284 640.37843173742294 569.65422013029456 201.57991596311331 593.32818560302258 274.69031096249819 590.70390542596579 23.604591123759747 136.28227556496859 1515.0794471055269 257.1079453676939 326.91774537041783 23.378429986536503 158.08281537890434 33.734281152486801 77.098037347197533 596.66105875372887 357.60940194875002 206.11256594955921 21.29175815731287 869.96256267279387 1043.0296743586659 85.539521716535091 33.129178665578365 23.390433423221111 60.778597436845303 17.729663364589214
leaf_count=4690 6613 897 1298 382 3003 5765 1281 5091 1823 6191 130 579 6785 1229 3009 185 686 143 328 2635 2021 863 153 5257 7466 806 197 174 460 98
internal_value=-0.000248717 -0.00921001 -0.0135095 0.00517231 0.00315147 -0.00780626 -0.000319062 -0.0101468 -0.00532991 -0.0233539 2.24749e-06 0.00715092 0.00614077 0.00886652 -0.00530833 -0.0176443 0.0147407 0.0125001 0.00897015 0.00645431 0.00392121 0.0236535 -0.000817974 -0.00276279 -0.00296666 -0.0185515 0.00810091 0.0111532 0.0248756 0.0289979
internal_weight=10661.4 4018.84 2740.38 6642.54 5484.81 1735.59 2935.96 1513.28 1346.23 1004.79 1278.47 2548.85 2412.57 1772.19 920.246 593.033 1157.74 999.653 759.806 682.708 1589.73 239.847 1254.86 1144.65 1064.32 676.243 222.307 190.54 84.169 50.8588
internal_count=70238 36610 27330 33628 28591 15643 16995 14050 8361 11687 9280 11596 11017 8014 8100 5950 5037 4351 3345 3017 8634 1006 9150 7080 7619 6997 1593 1531 634 295
is_linear=0
shrinkage=0.05


Tree=39
num_leaves=31
num_cat=0
split_feature=32 5 0 5 32 18 18 7 5 32 7 7 27 7 9 1 1 19 18 4 32 37 5 8 15 9 37 7 5 19
split_gain=187.961 58.57 57.7354 46.2568 27.4431 24.6035 22.5555 17.8019 16.2816 16.2186 16.0286 14.8719 13.7111 13.0348 12.9916 12.8033 12.7848 12.5462 11.8379 11.7172 11.8758 11.828 11.6937 11.582 11.4505 11.2588 11.195 10.7546 10.5895 10.4782
threshold=60.650000000000013 51.650000000000013 49.250000000000007 63.95000000000001 68.450000000000017 10.500000000000002 15.500000000000002 46.650000000000013 73.350000000000009 46.350000000000001 46.350000000000001 66.850000000000009 7.5000000000000009 67.450000000000017 60.250000000000007 59.250000000000007 55.250000000000007 1.0000000180025095e-35 9.5000000000000018 88.450000000000017 82.550000000000011 0.45645787448441061 38.95000000000001 29.350000000000005 49.750000000000007 60.250000000000007 0.44378073159266079 44.150000000000013 43.650000000000013 1.0000000180025095e-35
decision_type=8 2 2 2 10 2 2 2 2 10 2 2 2 2 2 2 2 2 2 2 8 2 2 2 2 2 2 2 2 2
left_child=1 2 9 4 6 22 12 14 23 -1 24 -9 18 19 -7 17 25 -12 -2 20 21 -5 -4 -3 29 -11 -25 -28 -17 -6
right_child=3 8 5 13 10 7 -8 11 -10 16 15 -13 -14 -15 -16 28 -18 -19 -20 -21 -22 -23 -24 26 -26 -27 27 -29 -30 -31
leaf_value=-0.032936222686552573 0.015450983144143558 0.010519794534792669 -0.017702192408254967 0.0045734454414271377 -0.00030618207227367392 -0.018197992142993696 -0.0050800511744683698 -0.0065023240016972433 0.040660695913379313 -0.021996863841533383 0.011891090448832591 0.041485994138333489 0.014763987217614311 0.043184829103650881 0.018678044022817062 -0.0099413818867827384 0.0021427817621239059 0.0031627804138169174 0.00016308988320195219 0.022184918216741879 0.0338521319146938 0.017658027195077999 0.012461227553897319 -0.0067432933690865331 0.0059882489062785312 0.027402376845979556 -0.015619316224620964 0.0074188529523166753 0.024696212678383518 -0.019961966066357039
leaf_weight=287.97307210043073 141.3908789306879 191.85662702471018 38.288431778550148 553.73955830931664 199.19503673911095 578.43750847131014 1342.1880824454129 925.42316952347755 24.060904696583748 568.57047377154231 855.89688516408205 16.3074891269207 238.83301448076963 37.065907746553421 24.701810896396637 24.690245628356934 66.092440068721771 797.17312341928482 1212.0518426224589 266.47789852321148 49.822268307209015 252.04906847327948 194.2070956453681 671.3425251096487 382.29154089093208 11.60228495299816 59.593011796474457 331.48755430430174 189.89565725624561 103.11086811125278
leaf_count=4274 650 1531 329 2451 901 5959 8361 8234 130 6224 3800 120 1267 156 193 110 556 3675 6717 1116 215 1099 1335 4871 1772 106 491 2257 819 519
internal_value=-0.00023899 -0.00881781 -0.0129771 0.00491073 0.00299211 -0.00768262 -0.000304108 -0.00996611 1.28659e-06 -0.0230425 0.00678378 -0.00566171 0.00371864 0.0139869 -0.0166766 0.00918271 -0.0186218 0.00768544 0.0017649 0.0130142 0.0101499 0.00867416 0.00746681 -0.000777878 0.000231552 -0.0209958 -0.00282356 0.00389241 0.0206847 -0.00703132
internal_weight=10635.8 3989.94 2711.6 6645.87 5486.72 1777.37 2934.46 1544.87 1278.34 934.238 2552.25 941.731 1592.28 1159.15 603.139 1867.66 646.265 1653.07 1353.44 1122.09 855.611 805.789 232.496 1254.28 684.597 580.173 1062.42 391.081 214.586 302.306
internal_count=70238 36610 27330 33628 28591 16170 16995 14506 9280 11160 11596 8354 8634 5037 6152 8404 6886 7475 7367 4881 3765 3550 1664 9150 3192 6330 7619 2748 929 1420
is_linear=0
shrinkage=0.05


Tree=40
num_leaves=31
num_cat=0
split_feature=33 33 33 18 18 40 4 3 6 32 9 2 40 3 9 7 4 18 15 35 7 15 33 9 18 28 33 7 6 0
split_gain=257.412 58.0447 48.0364 32.3039 23.2463 22.8805 22.8767 20.5254 19.1112 18.4885 18.3997 18.0399 17.8389 15.3187 14.239 13.9014 13.5162 13.1376 13.0898 11.8929 11.4687 10.8103 10.5847 9.99231 9.88643 9.70404 9.48276 8.84987 8.81714 8.74115
threshold=49.850000000000001 64.450000000000017 34.650000000000013 13.500000000000002 9.5000000000000018 0.22562038966536008 92.850000000000009 43.350000000000001 58.050000000000004 84.950000000000017 41.95000000000001 48.95000000000001 0.34538107187493455 56.850000000000001 51.850000000000001 43.150000000000013 89.950000000000017 11.500000000000002 69.350000000000009 -1.9000000000000019 53.650000000000013 51.650000000000013 56.250000000000007 42.650000000000013 8.5000000000000018 5.5000000000000009 71.450000000000017 49.95000000000001 53.050000000000004 51.750000000000007
decision_type=8 10 10 2 2 2 2 2 2 10 2 2 2 2 2 2 2 2 2 2 2 2 10 2 2 2 10 2 2 2
left_child=2 4 5 12 15 14 9 22 18 13 -9 -12 16 17 23 -2 24 -3 20 -10 -5 -18 -6 -1 -4 -24 -8 -21 -25 -15
right_child=1 6 3 8 7 -7 26 10 19 -11 11 -13 -14 29 -16 -17 21 -19 -20 27 -22 -23 25 28 -26 -27 -28 -29 -30 -31
leaf_value=0.018793962674828048 -0.013722581124571696 0.015330502608407001 0.017258790122989132 -0.010213796794447194 -0.012831894676885995 -0.0074850245924522 0.012612655141625876 -0.033178658406031639 0.001246290382163212 0.038768239634774146 -0.0050427938392784491 0.0043939197432159051 0.032211554066683933 0.0083597488926791599 0.018096197257415025 0.019075364359421063 0.04330607879994211 0.0038763764709942397 0.0339503015985071 -0.022352721068173483 0.0082206418115208114 -0.00098955527911535955 0.00022664412271644507 -0.016800010311183243 -0.0052122593425898631 -0.032679142141119215 0.025020922107552752 -0.012313382223183539 -0.031045872005866861 0.022206661573115481
leaf_weight=11.391636177897452 36.75067200511694 294.12756426632404 52.671346761286259 388.47736959531903 382.06493745744228 218.69137934595346 311.74560490250587 36.413609482347965 86.355671096593142 48.117476031184196 632.15498192608356 2538.1028030142188 40.710476405918598 217.29340621829033 17.574650563299656 254.39619252085686 28.711196713149548 1698.6374727413058 21.025357276201248 524.18409403413534 107.39166474342346 25.968978330492973 425.28897685557604 139.87287296354771 662.75513717532158 23.535632260143757 309.76732763648033 383.85369265079498 522.0879222638905 243.69709385931492
leaf_count=140 183 1211 331 3827 2512 2668 1320 230 830 200 3895 14031 235 933 208 1141 190 7390 184 5309 879 173 2244 1975 5020 132 1272 3351 7602 1041
internal_value=-8.85101e-05 0.00502194 -0.0118741 -0.00805481 0.00127215 -0.0216168 0.010217 0.000286793 -0.0123742 0.0080801 0.00210269 0.00251055 0 0.00747472 -0.0260808 0.0149149 -0.00171032 0.00557017 -0.00456095 -0.0164297 -0.00621047 0.0222143 -0.00671474 -0.0272437 -0.00354872 -0.00149464 0.0188081 -0.0181161 -0.0280463 0.0156938
internal_weight=10683.8 7452.09 3231.72 2322.1 4328.71 909.618 3123.39 4037.56 1511.29 2501.87 3206.67 3170.26 810.817 2453.76 690.927 291.147 770.107 1992.77 516.894 994.393 495.869 54.6802 830.89 673.352 715.426 448.825 621.513 908.038 661.961 460.991
internal_count=70657 37735 32922 20329 24368 12593 13367 23044 14380 10775 18156 17926 5949 10575 9925 1324 5714 8601 4890 9490 4706 363 4888 9717 5351 2376 2592 8660 9577 1974
is_linear=0
shrinkage=0.05


Tree=41
num_leaves=31
num_cat=0
split_feature=33 33 18 7 18 32 36 33 5 7 6 17 37 6 12 3 32 37 5 7 39 7 18 7 3 7 36 5 6 31
split_gain=235.477 82.3997 37.9795 30.6202 29.1734 28.5103 28.057 21.3644 20.3961 19.1208 18.0954 17.9357 17.3407 17.2668 16.5118 16.3524 16.2665 13.3395 13.0166 12.9624 12.4885 11.916 11.5874 11.3229 11.2737 9.54949 8.80405 13.3207 9.13841 8.14507
threshold=57.850000000000001 42.150000000000013 12.500000000000002 68.65000000000002 15.500000000000002 49.95000000000001 56.365310125769888 82.950000000000017 40.350000000000001 42.250000000000007 66.750000000000014 1950.0000000000002 0.55094294369382912 58.750000000000007 83.850000000000009 58.550000000000004 78.250000000000014 0.36458590978545313 49.050000000000004 49.95000000000001 -2.9999999999999996 40.350000000000001 11.500000000000002 47.850000000000001 43.350000000000001 44.350000000000001 42.834303428339332 45.550000000000004 74.950000000000017 -1.0000000180025095e-35
decision_type=8 10 2 2 2 10 2 10 2 2 2 2 2 2 2 2 10 2 2 2 2 2 2 2 2 2 2 2 2 10
left_child=1 4 21 5 8 11 7 9 19 -7 18 -2 13 23 -14 -15 24 20 29 -1 -10 -3 -19 -4 -8 -20 27 -23 -28 -6
right_child=3 2 12 -5 10 6 16 -9 17 -11 -12 -13 14 15 -16 -17 -18 22 25 -21 -22 26 -24 -25 -26 -27 28 -29 -30 -31
leaf_value=-0.031054892461731709 0.0023181441663092141 -0.016465898485999952 -0.0084410051077389078 0.038008086813594133 -0.029784353304129631 -0.004966712604401965 0.001636504293050193 0.026453369673082018 -0.0081548680788900898 0.00641108957785517 -0.031342095237710178 -0.029841969616918991 -0.0016278749905781658 -0.011857980610608661 0.042231858888705738 0.0029791648550622427 0.043156397265512965 0.011975162481586305 -0.027594204939908853 -0.006024068988979725 -0.029854795779861911 -0.0066262084083358666 -0.0063197754051368422 0.0040111907010358739 0.01770098425632036 0.0029340959818486209 0.00063090187057019472 0.025925661522887635 0.012933755514034093 -0.012817854086134714
leaf_weight=165.41993850842118 89.355541780591011 56.779928423464298 299.74620176851749 79.477128401398659 164.75592035055161 407.08029968291521 138.15398175269365 123.27086845040321 290.64437808841467 3920.1697726249695 377.6618171967566 83.605576679110527 55.372631751000881 1439.0435323044658 34.7177764326334 212.58123414963484 53.267508625984192 133.7127160616219 33.080197926610708 76.097561348229647 86.320463195443153 41.967970997095108 244.90847693383694 466.26495226472616 534.61942961066961 111.47069576010108 463.16342560201883 122.04675736278296 224.49061816930771 126.75771581381559
leaf_count=2182 544 352 2463 333 2221 1974 654 510 3297 17860 5044 620 364 10800 224 1508 221 1204 411 879 1002 264 2675 3193 2484 1195 2574 642 1238 1725
internal_value=-8.64326e-05 -0.00766178 -0.00308917 0.00720615 -0.0162847 0.00674689 0.0074148 0.00592601 -0.0105407 0.00533949 -0.0233149 -0.0132067 -0.00626317 -0.00706738 0.0152468 -0.00994519 0.0165319 -0.00648684 -0.0163456 -0.0231946 -0.0131438 0.00566671 0.000129463 -0.000855391 0.0144103 -0.00403193 0.0071499 0.0175669 0.00465584 -0.0224309
internal_weight=10656 5227 3416.18 5429 1810.83 5349.52 5176.56 4450.52 997.104 4327.25 813.726 172.961 2507.73 2417.64 90.0904 1651.62 726.041 755.586 436.065 241.517 376.965 908.449 378.621 766.011 672.773 144.551 851.669 164.015 687.654 291.514
internal_count=70657 45457 23622 25200 21835 24867 23703 20344 11239 19834 10596 1164 18552 17964 588 12308 3359 8178 5552 3061 4299 5070 3879 5656 3138 1606 4718 906 3812 3946
is_linear=0
shrinkage=0.05


Tree=42
num_leaves=31
num_cat=0
split_feature=32 5 28 36 30 30 18 2 0 18 30 36 3 4 5 4 3 1 5 23 38 34 2 37 28 35 0 32 8 3
split_gain=167.467 50.9871 38.0312 40.4414 34.4359 30.0407 28.9876 26.787 24.9317 23.6129 20.4035 20.0804 17.1674 13.7715 13.0498 12.9285 12.1073 11.3895 10.387 10.0301 10.721 9.77728 9.57788 9.05264 11.7667 8.86468 8.833 8.57688 8.44419 8.30875
threshold=60.650000000000013 42.850000000000001 4.5000000000000009 61.430563941552954 425.00000000000006 541.00000000000011 13.500000000000002 55.850000000000001 47.650000000000013 12.500000000000002 441.00000000000006 58.918804051089147 46.45000000000001 85.050000000000011 66.15000000000002 85.850000000000009 37.350000000000001 49.650000000000013 67.350000000000009 1.0000000180025095e-35 0.19434467116957824 -7.4166666666666652 48.850000000000001 0.25000317041026882 4.5000000000000009 1.4666666666666652 53.250000000000007 70.750000000000014 50.050000000000004 58.150000000000013
decision_type=10 2 2 2 2 2 2 2 2 2 2 2 2 2 2 2 2 2 2 2 2 2 2 2 2 2 2 10 2 2
left_child=1 8 4 -4 22 7 15 9 -1 -6 25 19 17 27 -14 16 -3 -12 -9 28 -21 -18 26 -17 -25 -8 -2 -5 -10 -24
right_child=2 6 3 13 5 -7 10 18 11 -11 12 -13 14 -15 -16 23 21 -19 -20 20 -22 -23 29 24 -26 -27 -28 -29 -30 -31
leaf_value=-0.030407941553545467 -0.036068063641405655 -0.029672885792884553 -0.0071474258296392998 0.00068741980876909194 0.012734569988986444 -0.026769774620546794 -0.022887212298302602 0.012423325386730322 -0.011603422088635362 0.0036510290961360211 -0.023729808702692718 0.037891634443089142 -0.0038496251276840532 0.041766695026933205 0.02084875609228358 -0.0099609714698622297 0.040765147668112733 -0.0079988914166012962 0.025336909382979424 0.02494764453656555 -0.0098573783800864848 0.00019544371586718417 -0.0087138694721437936 0.032294436618877369 -0.0030543021935399411 0.0013470729689661729 0 0.028572594013217878 -0.023301592110163312 0.018913797764449566
leaf_weight=280.88850637897849 54.938643764704466 33.50672746822238 1011.2069865912199 81.796181708574295 949.27987445145845 62.993815220892429 287.36069821566343 1041.3233915194869 358.4150200150907 2915.9220149666071 182.45392601937056 18.786334171891212 1050.9555889554322 48.172421962022781 56.203238353133202 26.788441471755505 15.027697917073963 315.80425636842847 184.35874076187611 30.198711771517992 81.870586439967155 828.99935780838132 181.0299341827631 81.875748701393604 32.655584823340178 42.979903597384691 24.80788966268301 41.801560819149017 275.08702320232987 31.846318461000919
leaf_count=3907 358 251 5509 396 4353 306 2938 4768 3843 15349 1921 154 9674 207 339 167 141 2689 772 312 857 6167 985 464 209 375 138 171 2764 173
internal_value=-8.48101e-05 -0.00816494 0.00478958 -0.00333328 0.00655481 0.00750274 -0.00480464 0.00792833 -0.0176574 0.00588348 -0.00839799 -0.0129619 -0.0060642 0.0190825 -0.00258956 0.00201775 -0.000237552 -0.0137729 0.0143717 -0.0142548 -0.000420201 0.000928444 -0.0101206 0.0160478 0.0221782 -0.0197196 -0.024903 0.0101743 -0.0166939 -0.00455035
internal_weight=10629.3 3999.86 6629.48 1182.98 5446.5 5153.88 2954.61 5090.88 1045.25 3865.2 1935.76 764.358 1605.42 171.77 1107.16 1018.85 877.534 498.258 1225.68 745.571 112.069 844.027 292.623 141.32 114.531 330.341 79.7465 123.598 633.502 212.876
internal_count=70657 37172 33485 6283 27202 25548 25335 25242 11837 19702 17936 7930 14623 774 10013 7399 6559 4610 5540 7776 1169 6308 1654 840 673 3313 496 567 6607 1158
is_linear=0
shrinkage=0.05


Tree=43
num_leaves=31
num_cat=0
split_feature=5 5 2 4 18 4 6 9 7 18 1 18 7 12 2 4 21 4 8 7 29 13 7 16 2 29 6 18 29 2
split_gain=106.815 38.5104 37.4033 32.175 28.4683 27.8925 26.5525 25.9789 18.3987 16.5144 15.7956 15.4753 14.3283 13.751 13.452 13.406 11.6171 11.5349 11.7201 11.4195 10.9076 10.8963 11.5382 10.2815 11.7147 10.2588 10.2502 10.1886 10.1093 9.2729
threshold=47.150000000000013 65.15000000000002 53.550000000000004 84.450000000000017 13.500000000000002 92.450000000000017 51.550000000000004 51.150000000000013 55.050000000000004 15.500000000000002 49.650000000000013 12.500000000000002 46.750000000000007 70.050000000000011 47.250000000000007 40.95000000000001 1.0000000180025095e-35 92.850000000000009 41.750000000000007 54.95000000000001 54.250000000000007 49.750000000000007 51.550000000000004 50.050000000000004 63.250000000000007 56.750000000000007 78.050000000000011 8.5000000000000018 53.500000000000007 48.45000000000001
decision_type=2 2 2 2 2 2 2 2 2 2 2 2 2 2 2 2 2 2 2 2 2 2 2 2 2 2 2 2 2 2
left_child=2 4 3 7 15 6 8 9 -6 12 -8 -3 -1 16 -7 19 23 18 20 -2 -15 -13 25 24 -4 -23 -11 -17 -16 -29
right_child=1 11 13 -5 5 14 10 -9 -10 26 -12 21 -14 17 28 27 -18 -19 -20 -21 -22 22 -24 -25 -26 -27 -28 29 -30 -31
leaf_value=-0.018198004212108519 -0.015467268153671302 0.022203366098404433 -0.011391979306319879 0.0025368104049107135 0.0016398244355379074 0.039677491756014385 -0.011187695506572792 0.001811414009092378 0.0196276387963089 -0.018703292466806739 -0.0023290999708355294 -0.0011540901140985084 -0.0052975699704672441 0.038772502083817807 0.036797996268055688 0.021054575797334815 0.026121469127216648 0.018337952414293458 -0.0034588008206203019 0.021614274787710178 0.0062831492302005522 -0.0019612574560236916 0.018088815771783562 0.021074874607031332 0.030539495836655002 0.016051582418826864 -0.034723502375318016 -0.0025292651231542617 0.0062373355983988072 0.0082195589603654765
leaf_weight=392.96506858244538 110.03909599035978 271.386405415833 450.47625525295734 364.4650469198823 593.49263808503747 37.222659822553396 666.46298537403345 236.63953622803092 187.16092898696661 672.53418447077274 2063.199980057776 217.82362589985132 479.31253259256482 31.157822620123625 29.0348130017519 134.89412586390972 26.017305992543697 122.18937876820564 392.16425318643451 25.399344850331545 153.0259249098599 203.46781754493713 345.07275032252073 28.351841427385807 17.141783952713013 128.72921644896269 118.52813969179988 231.30610848590732 399.93014825507998 1479.0673301033676
leaf_count=3856 756 1184 3391 2365 4089 176 5680 2014 1049 7119 12282 1065 4072 240 147 628 129 630 2640 156 1198 960 1514 215 92 587 1432 1401 1913 7677
internal_value=-8.27532e-05 0.00342592 -0.00725622 -0.0110591 0.00179808 -0.000640236 -0.00216757 -0.0136697 0.00596075 -0.0158752 -0.00449414 0.0117342 -0.0111164 -0.000196398 0.0108476 0.00669559 -0.00633909 0.00438687 0.00141781 -0.0084655 0.0118245 0.00855226 0.0116811 -0.00805689 -0.00983798 0.00500656 -0.0211141 0.00781148 0.0083256 0.00676293
internal_weight=10608.7 7123.69 3484.97 2264.44 5957.21 3976.5 3510.32 1899.98 780.654 1663.34 2729.66 1166.48 872.278 1220.52 466.188 1980.71 521.987 698.537 576.348 135.438 184.184 895.093 677.27 495.97 467.618 332.197 791.062 1845.27 428.965 1710.37
internal_count=70657 41264 29393 20858 35954 25336 23100 18493 5138 16479 17962 5310 7928 8535 2236 10618 3827 4708 4078 912 1438 4126 3061 3698 3483 1547 8551 9706 2060 9078
is_linear=0
shrinkage=0.05


Tree=44
num_leaves=31
num_cat=0
split_feature=33 33 5 1 18 13 18 3 33 5 7 7 7 15 8 7 3 28 34 33 28 34 9 9 18 31 5 40 34 7
split_gain=194.577 53.7624 34.9672 26.5171 26.4687 21.9909 22.6146 21.4018 16.6288 16.5758 16.198 15.9875 15.8507 14.4815 14.0345 13.6928 13.1177 14.6221 12.5422 12.2725 12.2204 11.9183 10.9539 10.8579 10.7724 10.5073 10.4403 9.9137 9.40007 8.82652
threshold=46.850000000000001 64.450000000000017 42.850000000000001 59.150000000000013 13.500000000000002 76.15000000000002 11.500000000000002 50.95000000000001 57.850000000000001 57.150000000000013 48.250000000000007 41.850000000000001 68.65000000000002 58.150000000000013 29.350000000000005 40.850000000000001 42.45000000000001 4.5000000000000009 -6.583333333333333 26.450000000000003 6.5000000000000009 6.166666666666667 73.850000000000009 50.050000000000004 14.500000000000002 10.500000000000002 69.450000000000017 0.3484106484219523 -4.1666666666666652 43.150000000000013
decision_type=8 10 2 2 2 2 2 2 8 2 2 2 2 2 2 2 2 2 2 10 2 2 2 2 2 8 2 2 2 2
left_child=2 5 19 12 13 6 15 22 20 10 -9 -10 16 18 -15 -2 29 -18 -4 -1 -8 -5 28 -11 -21 -20 -17 -16 -6 -3
right_child=1 3 4 21 7 -7 8 9 11 23 -12 -13 -14 14 27 26 17 -19 25 24 -22 -23 -24 -25 -26 -27 -28 -29 -30 -31
leaf_value=-0.033985339401755181 -0.014680760487523842 -0.021275021420278081 0.034517021397894102 0.025075099728546081 -0.0068316031200964912 0.054397863363081361 -0.0038763797313663773 -0.018719746413185644 -0.012766117384319776 -0.00021644953359839923 8.7886515469404105e-05 0.0035424687943672395 0.036733471185202683 0.058680006390641151 0.0024482717407733946 0.0077359912314751951 0.009534372526717183 -0.0037379319505671861 -0.0085322913257192181 -0.010833336848184563 -0.029604414779364333 0.0034564981744029952 0.028904876169034047 0.03488868441696192 -0.023471601499509737 0.011363200745053125 0.039481036113888056 0.050232902598639231 -0.023151464892522993 0.0012369226356109973
leaf_weight=142.38779571279883 67.154804095625877 48.69914935529232 21.027245309203863 324.17273090779781 110.00792333111167 18.731782205402851 2060.6559139564633 226.20660625398159 165.05355484038591 53.152653701603413 230.61401514336467 1658.7226108759642 44.290975853800774 17.151500381529331 76.813148215413094 884.09276796132326 1995.6307020038366 230.97136691212654 363.16784651577473 308.80764571577311 47.185367435216904 80.088507905602455 11.487291000783442 37.176589757204056 377.55316411331296 80.919007007032633 26.680953219532967 12.597768466919659 467.94493364542723 402.03658197820187
leaf_count=2478 359 220 204 1357 1260 110 14122 2834 959 497 2432 8643 182 143 625 4253 8530 1002 3280 3220 333 335 107 344 4827 649 113 81 5417 1741
internal_value=-8.00447e-05 0.0037231 -0.0121554 0.00885239 -0.0080612 0.000468579 0.000260696 -0.0124751 -0.00143072 -0.00533965 -0.00921632 0.00206317 0.00707424 0.0007063 0.0173301 0.00706533 0.00658037 0.00815525 -0.00309454 -0.0205865 -0.00445607 0.0208065 -0.0190881 0.014199 -0.0177951 -0.00489405 0.00867568 0.00928546 -0.0200555 -0.00118844
internal_weight=10591.2 8054.17 2537.02 3125.89 1708.27 4928.28 4909.55 1136.59 3931.62 547.15 456.821 1823.78 2721.63 571.677 106.562 977.929 2677.34 2226.6 465.114 828.749 2107.84 404.261 589.44 90.3292 686.361 444.087 910.774 89.4109 577.953 450.736
internal_count=70657 42259 28398 13367 17873 28892 28782 12891 24057 6107 5266 9602 11675 4982 849 4725 11493 9532 4133 10525 14455 1692 6784 841 8047 3929 4366 706 6677 1961
is_linear=0
shrinkage=0.05


Tree=45
num_leaves=31
num_cat=0
split_feature=33 33 7 3 7 33 18 7 18 1 34 18 8 7 7 39 15 37 0 18 13 13 34 13 34 15 1 38 36 3
split_gain=190.069 56.7613 30.7343 28.575 22.8597 22.3156 22.8211 22.3115 21.175 20.291 20.0441 17.9988 16.9445 15.5325 15.0479 14.1545 13.6967 13.5903 13.4316 13.3579 11.9983 11.8384 11.8199 11.6189 11.5901 11.5544 11.2689 10.9368 10.5903 10.5491
threshold=43.150000000000013 59.850000000000001 46.45000000000001 51.750000000000007 44.95000000000001 74.450000000000017 17.500000000000004 56.350000000000001 15.500000000000002 58.250000000000007 2.1666666666666674 10.500000000000002 51.750000000000007 65.65000000000002 51.050000000000004 -22.999999999999996 36.850000000000001 0.50000033159568946 58.550000000000004 9.5000000000000018 66.950000000000017 50.350000000000001 -1.5833333333333333 46.95000000000001 3.8333333333333335 59.350000000000001 50.050000000000004 0.21912364042905488 47.838592374726332 58.95000000000001
decision_type=8 10 2 2 2 10 2 2 2 2 2 2 2 2 2 2 2 2 2 2 2 2 2 2 2 2 2 2 2 2
left_child=2 3 16 7 15 6 9 11 12 10 -3 23 19 -10 -7 -5 27 -13 -8 -4 21 -6 29 -2 -11 -17 -9 -1 -16 -18
right_child=1 5 8 4 20 14 18 26 13 24 -12 17 -14 -15 28 25 22 -19 -20 -21 -22 -23 -24 -25 -26 -27 -28 -29 -30 -31
leaf_value=0.04505780617548534 -0.020351451054548612 0.0070348114963803519 0.02758765973731277 0.022470968728831097 0.011190930122497774 0.0086401374427292239 -0.0026279258072522908 0.0189994101784795 -0.018195266678276482 0.022731147830137136 -0.0033016979496773013 -0.0097924002541399519 -0.013677504596477999 0.045343888907971898 0.0098645800566345542 -0.012884726288198194 -0.019077459334569429 0.0091993571642737023 -0.029409451881486682 -0.00035207208448511187 0.043667403984354272 0.0018005403963049619 -0.028707353057172563 0.0098566993741615559 0.0080894172505799177 0.011785741666198132 0.00033436230776033945 -0.022565298857921509 0.028705969876736001 0.0106485416614455
leaf_weight=13.261418376117946 37.0353809222579 2194.3950786218047 48.46087433770299 38.186918258666992 626.73195084184408 458.54397456347942 249.45897515118122 122.02991507202387 493.51746170967817 270.69909675419331 595.69382511079311 1624.6690412685275 244.38361138477921 9.6731828935444337 112.15035711228848 332.82814868539572 254.32177878171206 99.646850734949112 57.70174103975296 356.60752793774009 21.611412815749645 725.82209786772728 436.92218133807182 220.01289661973715 273.05784571170807 55.061505243182182 241.02138048410416 10.631547678261994 229.18382753431797 33.521170865744352
leaf_count=150 194 9999 410 254 3865 1880 1167 736 6221 1160 2683 11546 2535 97 461 2408 3462 641 266 3883 139 4505 5926 1134 1186 373 1380 118 956 457
internal_value=-8.24681e-05 0.00308479 -0.0143866 -0.00112243 0.00361361 0.00701243 0.00534872 -0.0047613 -0.00925461 0.00655109 0.0048261 -0.00685047 -0.00327892 -0.0169551 0.0145777 -0.00649783 -0.022279 -0.00869151 -0.00768318 0.00298418 0.00675267 0.00615596 -0.0235098 0.00547866 0.0153906 -0.0093677 0.00662539 0.0147908 0.0225347 -0.0155958
internal_weight=10486.8 8585.54 1901.3 4144.66 1800.24 4440.88 3641.01 2344.42 1152.64 3333.85 2790.09 1981.36 649.452 503.191 799.878 426.077 748.658 1724.32 307.161 405.068 1374.17 1352.55 724.765 257.048 543.757 387.89 363.051 23.893 341.334 287.843
internal_count=70192 46933 23259 27175 11544 19758 16461 15631 13146 15028 12682 13515 6828 6318 3297 3035 10113 12187 1433 4293 8509 8370 9845 1328 2346 2781 2116 268 1417 3919
is_linear=0
shrinkage=0.05


Tree=46
num_leaves=31
num_cat=0
split_feature=33 33 3 40 9 2 37 40 40 36 33 28 9 9 36 30 2 34 9 34 32 34 28 33 30 37 40 3 9 9
split_gain=173.377 51.185 26.4253 26.3103 25.5226 24.9872 20.489 19.1164 18.2175 16.7897 16.4024 15.4818 15.1882 14.1966 14.116 14.1053 13.833 13.0596 12.7659 12.3538 11.0659 10.7454 13.196 9.93457 9.74344 9.62728 9.15279 9.07304 8.62326 8.61117
threshold=43.150000000000013 59.850000000000001 55.45000000000001 0.21977937008946191 59.650000000000013 53.45000000000001 0.404821284577151 0.42650667907658441 0.14407856525368509 43.495407486351546 85.450000000000017 5.5000000000000009 75.65000000000002 50.350000000000001 55.7307956938403 421.00000000000006 61.350000000000001 4.8333333333333348 58.750000000000007 -1.0000000180025095e-35 75.050000000000011 -1.5833333333333333 6.5000000000000009 34.650000000000013 477.00000000000006 0.50919472502805851 0.20321875698920217 45.150000000000013 51.750000000000007 50.45000000000001
decision_type=8 10 2 2 2 2 2 2 2 2 10 2 2 2 2 2 2 2 2 2 10 2 2 10 2 2 2 2 2 2
left_child=3 2 6 5 7 17 12 10 -8 27 15 -10 14 25 -2 -3 21 18 23 -6 26 22 -7 -1 -20 -9 29 -5 -23 -4
right_child=1 4 20 9 19 16 8 13 11 -11 -12 -13 -14 -15 -16 -17 -18 -19 24 -21 -22 28 -24 -25 -26 -27 -28 -29 -30 -31
leaf_value=-0.028203209662878655 -0.0088177190188545706 -0.011037973530003369 0.0040378670352403173 -0.011254901217467757 0.0080056218456805855 0.0089588945004432166 -0.023245588906036341 0.03510389840973898 0.0053490804414412681 -0.0098941117166586393 0.03590387395377289 -0.01395524468090288 0.041952360134092898 0.004830045816350337 0.0026194890176690537 0.0065605639715409312 0.04824903543920854 0.031169897731147228 -0.011623770508608472 -0.031680048999626807 0.032339689759001047 -0.020503535208335935 -0.041039439042121373 -0.01800126883753262 0.049872509729107638 0.00070648315982009546 0.0085545960485887956 0.01715913269050701 0.026017238441943258 -0.012686619340952211
leaf_weight=483.59087724611163 1605.5733049660921 116.95103152096272 227.38638939708471 37.848937250673771 28.063111066818237 115.96054783836007 68.133584380149841 132.65333122014999 1007.8672967478633 452.65749252587557 46.521164059638977 115.58423793315887 15.918392002582548 90.1556386500597 323.45433756709099 3941.752976320684 11.735558435320852 11.449269730597733 16.815867010504011 63.401024237275124 38.293440386652946 125.21106078103185 14.773966189473866 481.66753455251455 10.230967480689285 24.379760384559631 622.11123745888472 106.50673476234078 10.645336352288721 116.09096462279558
leaf_count=7868 11137 545 1608 424 143 1312 532 554 6428 4832 197 777 97 377 1877 17527 118 141 176 313 175 1440 190 5409 108 102 3787 1143 98 757
internal_value=-8.03989e-05 0.00293044 -0.00106841 -0.0138369 0.00665728 -0.0178756 -0.00332926 0.00720757 0.00183032 -0.00515391 0.00639234 0.00335748 -0.00649281 0.0207183 -0.00689733 0.00605197 -0.00459492 -0.0215524 -0.0221688 -0.0194536 0.00599003 -0.00695712 0.00324345 -0.02312 0.0115522 0.0297993 0.00493664 0.00967195 -0.0168051 -0.00160229
internal_weight=10463.4 8584.29 4140.41 1879.09 4443.88 1282.08 3136.53 4352.41 1191.59 597.013 4105.23 1123.45 1944.95 247.189 1929.03 4058.7 278.326 1003.75 992.305 91.4641 1003.88 266.591 130.735 965.258 27.0468 157.033 965.589 144.356 135.856 343.477
internal_count=70192 46933 27175 23259 19758 16860 20848 19302 7737 6399 18269 7205 13111 1033 13014 18072 3158 13702 13561 456 6327 3040 1502 13277 284 656 6152 1567 1538 2365
is_linear=0
shrinkage=0.05


Tree=47
num_leaves=31
num_cat=0
split_feature=33 33 18 40 40 9 2 30 28 18 1 0 12 0 2 30 33 28 5 5 18 34 5 13 33 18 5 37 18 27
split_gain=158.115 46.5649 29.6528 31.8931 24.5481 21.7841 18.5308 17.166 19.4243 16.8982 13.8933 12.735 12.4062 11.8158 11.7464 11.7085 11.6894 11.3418 11.0876 10.6687 10.6009 11.8924 10.5493 10.3087 9.53016 9.32533 8.93291 8.5477 8.12164 8.05586
threshold=43.150000000000013 66.050000000000011 11.500000000000002 0.19931725633908701 0.22944967294172644 58.750000000000007 52.45000000000001 439.00000000000006 5.5000000000000009 15.500000000000002 60.350000000000001 45.850000000000001 85.050000000000011 56.250000000000007 61.350000000000001 475.00000000000006 85.450000000000017 4.5000000000000009 52.45000000000001 56.750000000000007 14.500000000000002 3.8333333333333335 64.750000000000014 61.150000000000013 31.650000000000002 17.500000000000004 37.95000000000001 0.35160464075408532 9.5000000000000018 5.5000000000000009
decision_type=8 10 2 2 2 2 2 2 2 2 2 2 2 2 2 2 10 2 2 2 2 2 2 2 10 2 2 2 2 2
left_child=4 2 12 11 5 6 9 -5 -9 24 16 23 13 22 26 -7 20 27 -6 -12 29 -22 -2 -4 -1 -13 -8 -14 -20 -3
right_child=1 10 3 7 18 15 14 8 -10 -11 19 25 17 -15 -16 -17 -18 -19 28 -21 21 -23 -24 -25 -26 -27 -28 -29 -30 -31
leaf_value=-0.024966514594389387 0.0043943004609000033 0.0065920877830101358 -0.025226885516972559 -0.0083520953868802469 -0.009637835461667979 -0.0090158622205093707 -0.028580167865387657 0.0040472940956695728 -0.0096312685626236474 -0.029202160902422777 0.0083204777690163642 -0.0043777567405891048 0.012607261887057486 -0.01117472873429479 0.039463877603134301 0.038625030379798989 0.032870270244620643 -0.0015627969420657813 0.045603496566445627 0.031266331644919064 0.0058326912000997311 -0.0074931657834286436 0.028555139135195348 0.0073807550702099343 -0.010657114108041267 -0.018478246718951326 -0.0066107335576945855 0.029526857692066973 0.0029063110174591851 0.015873270701910996
leaf_weight=180.35581799596548 573.93379495292902 509.1795394718647 151.03911919146776 402.37647709995508 318.29962807893753 25.205150794237852 55.208020277321339 2583.3110678121448 288.25483253598213 423.94775161147118 94.535614520311356 1172.0938274413347 211.15288820117712 114.10188787430525 12.232841812074183 25.966852102428675 43.613851994276047 87.20557563751936 11.815882317721842 111.13515022397041 1287.7342319488525 192.0514118373394 49.074392959475517 28.554743409156799 334.60506612434983 130.56989116966724 291.90203452110291 117.19581183046103 178.30655510723591 436.93932183086872
leaf_count=3023 2874 2115 1219 2559 3627 257 734 15361 1800 6507 391 7885 1051 544 118 253 186 463 77 467 5500 814 211 205 3637 928 3349 546 1677 1814
internal_value=-7.84423e-05 0.00278348 0.000304692 -0.00143816 -0.0133039 -0.0168327 -0.0180959 0.00131552 0.00267218 -0.0217947 0.00825645 -0.00752342 0.00750001 0.00359529 -0.00841402 0.0150898 0.00721288 0.0144116 -0.00392662 0.0207528 0.00674821 0.00409945 0.00630975 -0.0200133 -0.0156823 -0.00579624 -0.0101266 0.0186687 0.00560875 0.0108849
internal_weight=10441.9 8584.05 5908.86 4756.2 1857.85 1349.42 1298.25 3273.94 2871.57 938.909 2675.19 1482.26 1152.66 737.11 359.343 51.172 2469.52 415.554 508.422 205.671 2425.9 1479.79 623.008 179.594 514.961 1302.66 347.11 328.349 190.122 946.119
internal_count=70192 46933 35646 29957 23259 17878 17368 19720 17161 13167 11287 10237 5689 3629 4201 510 10429 2060 5381 858 10243 6314 3085 1424 6660 8813 4083 1597 1754 3929
is_linear=0
shrinkage=0.05


Tree=48
num_leaves=31
num_cat=0
split_feature=33 33 3 40 2 5 5 5 36 33 37 36 12 2 37 31 2 8 5 31 4 33 40 29 4 1 5 11 30 4
split_gain=144.173 42.664 24.3398 22.9693 22.149 21.4345 18.7766 15.754 15.3147 14.3211 14.7509 13.974 14.9776 12.4774 12.4554 11.5654 11.5211 11.0977 14.2228 11.2035 11.0304 11.0177 10.9609 14.0201 10.9172 25.3651 10.8498 10.315 9.93118 9.38442
threshold=43.150000000000013 59.850000000000001 51.750000000000007 0.21977937008946191 53.45000000000001 51.050000000000004 71.850000000000009 69.15000000000002 43.495407486351546 74.65000000000002 0.24565795682859179 56.667628030404551 50.600000000000009 53.050000000000004 0.37282732323622142 2.5000000000000004 61.850000000000001 80.15000000000002 51.650000000000013 -2.4999999999999996 90.450000000000017 31.350000000000005 0.20321875698920217 53.500000000000007 84.950000000000017 48.95000000000001 39.350000000000001 47.050000000000004 515.00000000000011 70.050000000000011
decision_type=8 10 2 2 2 2 2 2 2 10 2 2 2 2 2 8 2 2 2 10 2 10 2 2 2 2 2 2 2 2
left_child=3 2 5 4 21 13 9 22 -5 10 20 14 -13 -2 -7 -12 24 18 -10 -20 -3 -1 23 -4 26 -26 -6 -24 29 -11
right_child=1 6 7 8 16 11 -8 -9 17 28 15 12 -14 -15 -16 -17 -18 -19 19 -21 -22 -23 27 -25 25 -27 -28 -29 -30 -31
leaf_value=-0.027463121878195482 -0.012499341246405504 -0.0040894694592504555 0.016806480070404986 0.0094493635637816643 -0.031337227112734303 -0.0072685357440351317 0.018485338091070787 0.029375532028785952 -0.018772583172988758 0.0049291804309856239 0.0083748941301174488 -0.0051304496929494015 0.027823354703951156 -0.0025614902077002455 0.0047597807119965866 0.0014299712513369204 0.050865271460466724 0.01899722505821394 -0.020576237592612186 0.0086352559441809744 0.010734684864702297 -0.016252120779598887 -0.01841107458475098 -0.0054939879366072975 0.064806070030971594 -0.012943639874273672 -0.0046513360645828511 0.0065001303689372365 -0.0075201966219701905 0.018027772469552016
leaf_weight=340.944236330688 799.69453913718462 750.96919444948435 80.434474006295204 144.7249194458127 48.944726932793856 434.97801720350981 284.08803868293762 56.26140134036541 255.10323152318597 205.62516888976097 1629.4153255298734 54.996050670742989 91.197295121848583 524.46513217687607 425.45861855149269 951.44195951521397 9.0908777564764005 32.060729123651981 45.957457043230534 114.10407850146294 150.45188675075769 628.41642613708973 43.054446347057819 561.04158306121826 16.809345357120037 27.373913735151291 173.73333615809679 1062.5786983892322 60.102782338857651 415.86920548975468
leaf_count=6121 6051 3525 577 1567 643 2793 1189 269 2992 846 7302 292 484 3475 2536 4273 85 344 438 1058 658 7581 271 3895 185 284 1961 6532 248 1717
internal_value=-7.64055e-05 0.00264447 -0.00101121 -0.0127882 -0.016644 -0.00438668 0.0060433 0.00334869 -0.0046666 0.00519279 0.00389313 0.00110826 0.0153973 -0.00856748 -0.00131524 0.00581672 -0.00412158 -0.00924688 -0.0114441 0.000209116 -0.00160878 -0.0202028 0.00250607 -0.00268776 -0.00603184 0.0166026 -0.0105508 0.00552396 0.0118239 0.0137036
internal_weight=10419.4 8582.12 4134.16 1837.26 1245.31 2330.79 4447.96 1803.37 591.95 4163.88 3482.28 1006.63 146.193 1324.16 860.437 2580.86 275.952 447.225 415.165 160.062 901.421 969.361 1747.11 641.476 266.861 44.1833 222.678 1105.63 681.597 621.494
internal_count=70192 46933 27175 23259 16860 15631 19758 11544 6399 18569 15758 6105 776 9526 5329 11575 3158 4832 4488 1496 4183 13702 11275 4472 3073 469 2604 6803 2811 2563
is_linear=0
shrinkage=0.05


Tree=49
num_leaves=31
num_cat=0
split_feature=33 33 7 7 7 40 28 37 9 7 1 33 9 4 8 0 28 30 8 0 30 12 34 40 0 7 30 37 7 39
split_gain=131.415 38.6056 28.485 20.3241 19.5223 18.3646 17.9971 21.0461 16.82 16.1085 15.1566 14.2038 13.9324 13.4006 12.9945 12.3093 12.233 11.843 10.8933 10.37 10.0825 9.92096 9.38401 9.89373 8.32242 8.05458 7.51274 7.23503 9.66044 7.72162
threshold=43.150000000000013 61.250000000000007 44.350000000000001 67.450000000000017 45.45000000000001 0.14900200064725336 4.5000000000000009 0.30314192195662903 59.650000000000013 53.850000000000001 58.250000000000007 74.65000000000002 43.350000000000001 91.750000000000014 21.750000000000004 46.350000000000001 3.5000000000000004 433.00000000000006 50.95000000000001 49.650000000000013 439.00000000000006 65.550000000000011 -1.5833333333333333 0.28040801278865057 48.150000000000013 35.350000000000001 439.00000000000006 0.25719497212587278 40.850000000000001 -20.999999999999996
decision_type=8 10 2 2 2 2 2 2 2 2 2 10 2 2 2 2 2 2 2 2 2 2 2 2 2 2 2 2 2 2
left_child=2 4 15 8 19 -4 7 20 10 -9 11 -3 -8 17 -14 -1 -12 -7 -19 27 -6 -10 23 24 -17 -21 -27 29 -29 -2
right_child=1 3 5 -5 6 13 12 9 21 -11 16 -13 14 -15 -16 22 -18 18 -20 25 -22 -23 -24 -25 -26 26 -28 28 -30 -31
leaf_value=-0.034522582057628863 0.015705416856978877 0.002968763460587223 -0.02278480881942721 0.030644117363669489 -0.014122876779411681 -0.020367182436827603 -0.036977117858206163 0.0028058764056873749 -0.045307606330796307 0.013099227306148729 0.017881602601930079 0.011586231247730136 0.022349920149342655 0.025073162767134918 -0.0052016718614600792 0.023805140807699781 0.0040126429606279629 -0.00085536172959408568 -0.011845076079402168 -0.033691555207820433 -0.00019137703078764062 -0.0053769908226217935 -0.023822250770700902 0.044090703814044091 -0.015512923742186878 -0.014069039448337879 -0.00017518623676733146 -0.023849568174084648 6.189891415261039e-05 -0.023822050626070117
leaf_weight=151.3054918833077 13.194720625877379 2608.8226124197245 192.59262127801776 82.432396993041039 156.86762952059507 144.6847767084837 32.611069515347481 950.21645411849022 23.177303612232208 635.27313584834337 431.28840802609921 586.34274101257324 45.144608303904533 33.344876322895288 775.12718241661787 15.302226424217222 253.58273635804653 598.53666811808944 362.77174682542682 20.712979070842266 756.84363821148872 48.058010995388031 207.56083965301514 8.8499549217522127 102.896813839674 113.48125226795673 684.06001786142588 58.728505074977875 148.32956898584962 155.81008446961641
leaf_count=2575 90 11662 2740 344 1068 1847 225 5961 113 3529 1833 2414 295 303 4787 234 1083 7077 4217 154 4860 238 2796 97 1373 839 4631 483 1120 1204
internal_value=-7.45757e-05 0.00251229 -0.0122866 0.00607301 -0.00064585 -0.00849909 0.00130865 0.00345003 0.00555837 0.00693393 0.00600154 0.00455203 -0.00496004 -0.00607807 -0.0036767 -0.0226544 0.0127551 -0.00702396 -0.00500858 -0.00613538 -0.00258992 -0.0184843 -0.0172641 -0.0065004 -0.0103647 -0.00296822 -0.00215991 -0.0130107 -0.00670429 -0.020699
internal_weight=10398 8580.11 1817.85 4033.7 4546.4 1331.93 3352.08 2499.2 3951.27 1585.49 3880.04 3195.17 852.883 1139.34 820.272 485.915 684.871 1105.99 961.308 1194.32 913.711 71.2353 334.61 127.049 118.199 818.254 797.541 376.063 207.058 169.005
internal_count=70192 46933 23259 17687 29246 16184 20725 15418 17343 9490 16992 14076 5307 13444 5082 7075 2916 13141 11294 8521 5928 351 4500 1704 1607 5624 5470 2897 1603 1294
is_linear=0
shrinkage=0.05


Tree=50
num_leaves=31
num_cat=0
split_feature=33 7 33 3 18 34 7 18 7 18 33 7 36 33 32 38 2 8 36 3 36 7 36 2 8 12 7 3 3 17
split_gain=109.538 34.2006 34.0476 30.8685 25.4672 27.1241 20.5625 21.338 20.1641 17.7463 15.951 14.8714 14.5382 14.1379 12.1213 12.113 11.7952 13.5247 11.7346 11.6014 11.3479 12.5722 11.2476 11.7111 11.2048 10.4923 9.85415 9.8076 11.2529 9.76762
threshold=47.45000000000001 61.650000000000013 28.050000000000004 54.95000000000001 11.500000000000002 -4.583333333333333 43.750000000000007 9.5000000000000018 50.850000000000001 10.500000000000002 80.750000000000014 58.850000000000001 43.495407486351546 69.850000000000009 47.250000000000007 0.16854373061647229 50.550000000000004 41.750000000000007 58.918804051089147 59.150000000000013 40.340263271478292 43.350000000000001 40.943008339071845 55.650000000000013 28.550000000000004 59.45000000000001 72.950000000000017 50.050000000000004 47.050000000000004 1750.0000000000002
decision_type=8 2 10 2 2 2 2 2 2 2 10 2 2 10 8 2 2 2 2 2 2 2 2 2 2 2 2 2 2 2
left_child=2 3 11 6 24 22 16 15 19 18 -9 20 -10 14 -11 -8 29 -18 25 -7 21 -1 -6 -24 -4 -5 -3 28 -26 -2
right_child=1 26 4 9 5 8 7 10 12 13 -12 -13 -14 -15 -16 -17 17 -19 -20 -21 -22 -23 23 -25 27 -27 -28 -29 -30 -31
leaf_value=-0.044425440010393544 -0.020457168638028742 0.014119500725202386 0.026989294560299373 0.00061570411070708522 0.036872691347793432 -0.018051968843942567 -0.021199337955607217 0.00026836214785713736 0.011569586025894278 -0.023798758712496381 0.019323049015103157 0.020821725519057692 -0.0082913564516769907 0.013978569305439418 0.0042613346362946041 0.018444203768528285 0.012696096161907365 -0.0063722882809757247 0.047796767766710935 -6.534364274431929e-05 -0.028244360241376582 0.0148216405712382 -0.0038276044837935066 0.023667717982018978 -0.00042613121186347772 0.024988500966102049 0.038017431986103634 0.0099393211591958467 -0.031812735940721093 -0.0048562892908990398
leaf_weight=12.216390807181595 210.2530999854207 370.41044667363167 49.385336637496948 71.195900827646255 26.686816368252039 837.64802683889866 20.704535320401192 4118.6575032398105 117.06466187164187 39.435614608228207 112.76260925829411 18.488680854439735 429.16954182460904 414.39973314106464 1392.1069211363792 246.48175901919603 125.60202047228813 356.6812411621213 34.134127631783485 101.01989451423287 317.96074409037828 32.648893252015114 167.51580344513059 50.20959534496069 150.10820796713233 118.05929638445377 49.164100341498852 179.92077815160155 35.266626488417387 193.93527020514011
leaf_count=216 1287 1723 415 315 289 10140 93 21731 1123 294 471 261 4270 1717 7529 1088 718 1947 158 1178 5626 516 1915 469 1215 520 219 1437 291 1202
internal_value=0.000143679 0.00305026 -0.00891691 0.00226758 -0.00646459 -0.00913398 0.000272047 0.0016445 -0.0116756 0.00745793 0.000777774 -0.022687 -0.00402442 0.0058427 0.00348324 0.0153467 -0.00668655 -0.0013943 0.0207742 -0.0161218 -0.024923 -0.0012625 0.00628536 0.00249808 0.00465485 0.0158513 0.0169401 0.00161514 -0.00643816 -0.0129871
internal_weight=10399.3 7873.98 2525.31 7454.41 2144 1729.31 5385.08 4498.61 1484.9 2069.33 4231.42 381.315 546.234 1845.94 1431.54 267.186 886.472 482.283 223.389 938.668 362.826 44.8653 244.412 217.725 414.681 189.255 419.575 365.296 185.375 404.188
internal_count=70373 41012 29361 39070 22742 19384 28537 23383 16711 10533 22202 6619 5393 9540 7823 1181 5154 2665 993 11318 6358 732 2673 2384 3358 835 1942 2943 1506 2489
is_linear=0
shrinkage=0.05


Tree=51
num_leaves=31
num_cat=0
split_feature=33 33 7 3 18 4 7 18 18 30 9 33 7 15 7 3 35 8 9 37 3 9 37 9 7 13 6 15 38 8
split_gain=99.4963 31.8238 30.7607 27.8082 23.2467 22.8085 18.61 19.2076 16.3161 17.5878 15.172 14.4935 14.0348 13.8178 13.756 13.3176 14.7987 12.8347 12.7328 13.2296 10.9994 13.7201 10.3608 9.29406 8.86925 8.57611 8.14484 8.04088 7.53842 7.49093
threshold=47.45000000000001 28.050000000000004 61.650000000000013 54.95000000000001 13.500000000000002 91.550000000000011 43.750000000000007 9.5000000000000018 8.5000000000000018 421.00000000000006 55.050000000000004 80.15000000000002 44.350000000000001 66.65000000000002 58.850000000000001 50.95000000000001 -1.9333333333333405 24.650000000000002 61.250000000000007 0.4824982108944314 45.250000000000007 51.650000000000013 0.36069959209379804 60.350000000000001 72.950000000000017 60.350000000000001 66.050000000000011 58.050000000000004 0.21926705485398149 15.550000000000002
decision_type=8 10 2 2 2 2 2 2 2 2 2 10 2 2 2 2 2 2 2 2 2 2 2 2 2 2 2 2 2 2
left_child=1 14 3 6 5 18 20 13 -5 -10 -11 -9 23 -8 29 17 -17 -14 19 -3 25 -22 -7 27 -4 -2 -16 -6 -26 -1
right_child=2 4 24 8 12 22 7 11 9 10 -12 -13 15 -15 26 16 -18 -19 -20 -21 21 -23 -24 -25 28 -27 -28 -29 -30 -31
leaf_value=0.0090658900309803295 -0.011422272476497975 -0.0072891151358645406 0.013378613743713148 0.034640918780960657 -0.023045425727660176 0.013767915406042594 0.010668365596855902 0.00022115118928276597 -0.018853668644192044 0.0082256237171476117 -0.012134166030986854 0.017314474211458441 0.009589366833043414 0.048120972871571001 0.050668933740979027 0.027970254449755608 -0.0038603791209320284 -0.015461024802927437 0.032949389217621763 0.0071689630063514285 -0.0042973618432404388 0.026129113053842308 0.070227060306621722 0.035635335353968171 0.056948178597266731 -0.043013675885239404 -0.014605278685061141 0.00070813809754021687 0.017333078322990934 -0.025790652120290004
leaf_weight=15.881676115095614 300.07728374004364 459.28250321000814 371.35749046504498 52.311865150928497 291.33721642941236 17.056101463735104 240.21747528016567 4103.6722412779927 66.687284290790558 1857.0418228283525 95.966694161295891 127.80269354581833 57.063697181642056 27.486623145639896 9.8628080189228076 39.486098416149616 468.391072653234 469.07317930459976 26.473417997360229 240.99436791986227 520.74715643376112 39.761951498687267 16.01089371368289 7.485126666724681 23.035278588533401 23.220184229314327 8.949667636305092 40.119663752615452 26.25448440015316 339.14216776937246
leaf_count=276 1791 4227 1723 228 4034 124 1062 21668 374 9371 560 534 659 119 133 426 5069 5309 189 2018 2996 237 106 75 104 130 128 506 115 6082
internal_value=0.000135081 -0.00854037 0.00289696 0.0021538 -0.0061778 0.000833126 0.000258199 0.00156212 0.00707582 0.00635771 0.00722206 0.000738997 -0.0100612 0.014549 -0.0220004 -0.00715787 -0.00137077 -0.0127333 -0.00101055 -0.00230604 -0.00637342 -0.00212574 0.0413853 -0.0188989 0.0160522 -0.0137193 0.0194386 -0.0201559 0.036026 -0.0242152
internal_weight=10382.3 2506.61 7875.64 7454.99 2132.77 759.817 5382.99 4499.18 2072.01 2019.7 1953.01 4231.47 1372.96 267.704 373.836 1034.01 507.877 526.137 726.75 700.277 883.807 560.509 33.067 338.942 420.647 323.297 18.8125 331.457 49.2898 355.024
internal_count=70373 29361 41012 39070 22742 6664 28537 23383 10533 10305 9931 22202 16078 1181 6619 11463 5495 5968 6434 6245 5154 3233 230 4615 1942 1921 261 4540 219 6358
is_linear=0
shrinkage=0.05


Tree=52
num_leaves=31
num_cat=0
split_feature=33 28 7 33 2 18 5 36 18 1 32 7 33 6 3 40 7 13 33 36 36 7 19 35 3 17 30 7 36 7
split_gain=90.3427 34.3193 30.2975 29.7046 28.4663 21.7889 23.0803 21.4736 19.4959 19.1084 17.3892 15.8383 14.7207 13.8443 13.7706 15.878 12.7044 12.3785 12.0856 11.1724 10.9811 11.9195 9.9742 11.0301 9.96449 9.17169 8.90707 9.17385 8.58491 8.57897
threshold=47.45000000000001 4.5000000000000009 53.750000000000007 28.050000000000004 55.95000000000001 11.500000000000002 53.550000000000004 59.806575375921376 8.5000000000000018 50.150000000000013 81.65000000000002 50.850000000000001 60.850000000000001 49.95000000000001 48.750000000000007 0.2526900861357847 58.850000000000001 49.250000000000007 74.950000000000017 47.318440393100417 40.340263271478292 43.350000000000001 1.0000000180025095e-35 -1.2333333333333305 59.850000000000001 1450.0000000000002 493.00000000000006 49.95000000000001 49.395981152716509 47.45000000000001
decision_type=8 2 2 10 2 2 2 2 2 2 10 2 8 2 2 2 2 2 10 2 2 2 2 2 2 2 2 2 2 2
left_child=3 2 4 16 8 26 11 9 -2 25 -10 13 24 -7 -8 -16 20 -14 -11 -13 21 -1 23 -19 -3 -4 -5 -28 -26 -23
right_child=1 12 7 5 -6 6 14 -9 10 18 -12 19 17 -15 15 -17 -18 22 -20 -21 -22 29 -24 -25 28 -27 27 -29 -30 -31
leaf_value=-0.043647270347154488 0.026059492104911038 -0.011196625902446166 0.02537642494484621 0.00079946832975302101 0.010013522055457689 0.0062652828220745669 -0.0085730787459334622 0.037186905943542091 -0.00095283838590809607 0.0036412284655275573 0.024371564299661891 0.0047290551503660393 -0.0088833762360181045 -0.017238800804873326 -0.00052682101941399376 0.027580979930284272 0.01813473368007917 0.027469205022083634 0.018339713469530321 -0.010675128057180398 -0.026888260678708382 0.049933660435482148 -0.0040825806095466021 0.0053722411871085212 0.029254254239044444 0.01157836350121638 0.0034240168251094441 0.037799191633755447 -0.0065383364071691097 -0.0034919232456513808
leaf_weight=11.496709600090979 70.657503038644791 644.40246460586786 192.91962721943855 337.50920594111085 903.1335931122303 67.571939006447792 149.76802612096071 68.033839032053947 3424.9034223817289 1174.0467368215322 69.047786027193069 205.21844191849232 235.69206599891186 803.24949324131012 118.25735289603472 86.821239732205868 19.12342170253396 71.531759157776833 158.99933253228664 274.85457323864102 303.69028359651566 11.489677131175993 197.82371794432402 271.90200744569302 29.35251446813345 327.50825286656618 42.062905766069889 36.545672059059143 38.412488706409931 20.901693258434534
leaf_count=216 316 4097 971 2726 4224 809 1413 312 18773 5553 293 2160 1222 10302 1131 715 261 348 675 2854 5626 191 893 1309 174 1625 362 270 227 325
internal_value=0.00012716 0.00275094 0.00434448 -0.00817706 0.00208495 -0.00590227 -0.00840572 0.00959518 7.45277e-05 0.00857775 -0.000450261 -0.0113872 -0.00408281 -0.0154087 0.00293055 0.0113561 -0.021321 0.000670818 0.00539939 -0.00408022 -0.0235107 -1.78689e-05 0.00484133 0.0099959 -0.00927524 0.0167067 0.00434737 0.0194965 0.00891186 0.0154004
internal_weight=10366.9 7878.37 6389.25 2488.56 4467.74 2121.86 1705.74 1921.51 3564.61 1853.47 3493.95 1350.89 1489.12 870.821 354.847 205.079 366.702 776.95 1333.05 480.073 347.578 43.8881 541.257 343.434 712.167 520.428 416.118 78.6086 67.765 32.3914
internal_count=70373 41012 32742 29361 23606 22742 19384 9136 19382 8824 19066 16125 8270 11111 3259 1846 6619 3772 6228 5014 6358 732 2550 1657 4498 2596 3358 632 401 516
is_linear=0
shrinkage=0.05


Tree=53
num_leaves=31
num_cat=0
split_feature=33 28 18 33 34 18 7 7 2 17 36 33 3 33 3 7 36 5 28 7 3 5 13 36 7 15 36 15 3 37
split_gain=82.0311 30.9775 29.6478 27.7067 22.2123 22.2553 20.7523 19.7089 17.6837 17.4343 15.3917 14.1649 21.214 13.3848 12.9912 12.9121 12.7367 18.6227 11.9076 11.861 11.7601 11.7562 11.6941 10.8132 11.2401 10.4765 10.5503 10.4138 10.3755 10.2172
threshold=47.45000000000001 4.5000000000000009 14.500000000000002 28.050000000000004 -1.5833333333333333 13.500000000000002 57.550000000000004 43.45000000000001 54.850000000000001 2675.0000000000005 130.04109863157541 56.45000000000001 41.050000000000004 60.850000000000001 51.350000000000001 48.750000000000007 48.811593667829335 36.550000000000004 5.5000000000000009 57.95000000000001 53.550000000000004 56.350000000000001 46.95000000000001 40.340263271478292 43.350000000000001 60.250000000000007 46.415489335297359 54.95000000000001 62.350000000000001 0.3888901437495349
decision_type=8 2 2 10 2 2 2 2 2 2 2 8 2 8 2 2 2 2 2 2 2 2 2 2 2 2 2 2 2 2
left_child=3 2 6 19 8 14 9 25 16 20 -11 -9 -13 -3 29 21 17 -5 -10 23 -2 -7 -15 24 -1 -4 -27 -21 -17 -6
right_child=1 13 7 4 5 15 -8 11 18 10 -12 12 -14 22 -16 28 -18 -19 -20 27 -22 -23 -24 -25 -26 26 -28 -29 -30 -31
leaf_value=-0.043143591502081219 0.0044692857448661713 -0.0088605634447051721 -0.010299023142760651 -0.039117510932153127 -0.018728016799719024 -0.023444457079520489 0.018486922032065947 -0.0032807220225642159 0.022012375274872872 -0.04565374246744193 -0.00046018004127710665 -0.0073405704704460869 0.0064015076975807344 -0.016238561256874621 0.0076588629075398547 -0.0096393906190051122 -0.014184196449178652 0.004727149433665959 -0.0051765532225897621 -0.010891863492372542 0.012221109214531225 0.0030410602844156789 0.0028703244981772417 -0.026509044732916071 0.01497482090801765 0.038903932758693076 -0.0032544837771070895 0.058378357649793114 0.033687675239924532 0.00040121128853402377
leaf_weight=11.061614096164702 1435.2547829523683 708.3847885504365 467.05302824825048 25.830590270459652 129.53810426965356 383.83395351842046 410.58204067498446 749.74045313149691 138.77446512505412 28.786463893949986 54.829637877643108 323.471310518682 2113.2541901916265 90.51004035025835 226.50417587161064 392.48966820538044 182.52133115753531 364.61200182884932 56.290545035153627 15.067640017718078 745.11274991929531 46.636794928461313 686.50615932792425 292.91856407374144 32.563109427690506 22.258671276271343 43.547274321317673 8.2879809103906137 14.178941398859022 150.14904741942883
leaf_count=216 6963 4498 2832 355 1203 5282 1815 5350 1227 199 317 1580 9802 496 1930 4155 2046 4137 550 219 3517 470 3276 5565 511 124 243 108 142 1245
internal_value=0.000119494 0.00261281 0.00412427 -0.00782789 -0.00563825 -0.00951619 0.00813953 0.00123541 0.00113838 0.00626005 -0.0161146 0.00272501 0.00457499 -0.00388971 -0.00122865 -0.0145207 -0.00328171 0.00180443 0.0141421 -0.0206545 0.0071211 -0.0205634 0.000636206 -0.0230513 5.88247e-05 -0.00766181 0.010967 0.0136203 -0.00810854 -0.00844422
internal_weight=10350.6 7879.29 6393.89 2471.26 2111.36 1343.33 2674.57 3719.32 768.029 2263.98 83.6161 3186.47 2436.73 1485.4 506.191 837.139 572.964 390.443 195.065 359.899 2180.37 430.471 777.016 336.543 43.6247 532.859 65.8059 23.3556 406.669 279.687
internal_count=70373 41012 32742 29361 22742 14427 12811 19931 8315 10996 516 16732 11382 8270 4378 10049 6538 4492 1777 6619 10480 5752 3772 6292 727 3199 367 327 4297 2448
is_linear=0
shrinkage=0.05


Tree=54
num_leaves=31
num_cat=0
split_feature=32 0 7 5 40 7 36 5 7 9 0 36 36 27 4 5 2 20 6 9 15 0 1 40 35 35 34 35 12 32
split_gain=57.4995 29.757 29.4695 28.1883 21.3793 18.4654 18.0023 19.0202 15.8659 14.946 16.4208 14.6862 14.3068 17.1994 13.7678 13.3653 12.842 12.5547 13.0755 12.4089 14.8153 12.4018 11.2648 11.184 10.3662 10.2872 8.70057 8.48093 8.16865 7.90386
threshold=60.650000000000013 49.750000000000007 66.850000000000009 42.650000000000013 0.36774153616874855 55.050000000000004 59.339429630447846 46.95000000000001 42.350000000000001 55.050000000000004 49.95000000000001 39.931298577573429 47.273113196760697 6.5000000000000009 88.65000000000002 44.550000000000004 51.650000000000013 1.0000000180025095e-35 80.450000000000017 51.750000000000007 43.750000000000007 45.250000000000007 59.95000000000001 0.3041416813303256 -1.7333333333333305 -2.8000000000000003 -1.5833333333333333 2.066666666666674 96.65000000000002 74.250000000000014
decision_type=10 2 2 2 2 2 2 2 2 2 2 2 2 2 2 2 2 2 2 2 2 2 2 2 2 2 2 2 2 10
left_child=1 3 4 -1 6 19 9 -8 28 10 -2 -6 13 14 -10 -11 -15 18 -14 25 -21 23 27 -7 -19 -5 -23 -13 -3 -9
right_child=2 8 -4 5 11 21 7 29 12 15 -12 22 17 16 -16 -17 -18 24 -20 20 -22 26 -24 -25 -26 -27 -28 -29 -30 -31
leaf_value=-0.024005044755622082 -0.0032256049105136766 -0.016619957260956785 0.026814991691777063 0.011631834019750492 0.034066985236950863 0.01408466428620796 -0.0058125550439555689 0.016952812939890361 -0.0020243158611279767 0.0096708523969840695 0.0031167869641905784 0.0029413398016105382 0.0022208133317134925 0.0066096454397131374 0.024151777104448133 -0.017491723131268778 0.02933007134946174 0.01623900087046623 -0.017048571846559099 0.0601310379578361 -0.00083850802428897119 0.019533081904528973 0.028811332096772963 0.063929148572853992 -0.013262403308198762 -0.012999737188024144 -0.013589471883684335 0.022213592222685364 0.0012981067752564669 0.042040507124642412
leaf_weight=312.99557310715318 1373.3197208344936 238.65511493012309 126.58629080653191 44.736472364515066 65.398516595363617 60.048903178423643 89.975982565432787 174.96910647302866 557.30370198562741 59.091861583292484 3966.2614525482059 366.07415202260017 754.79358047991991 157.32062416151166 55.103510376065969 190.29896475374699 103.6714111790061 32.224344439804554 99.557658515870571 12.583933088928459 45.734774015843868 28.084008242934942 61.772415652871132 13.921915635466574 360.55393066257238 723.53382024168968 66.38957816362381 67.766065523028374 86.003411874175072 38.773987621068954
leaf_count=4906 7540 2589 559 514 280 617 445 812 5149 372 19885 1606 5854 1384 398 1101 905 288 820 122 423 252 266 91 3115 8229 510 296 884 161
internal_value=0.000111659 -0.00482631 0.00292893 -0.0109137 0.00245923 -0.00678874 0.0015702 0.0134245 -0.00156754 0.000924881 0.00148458 0.0117865 6.24969e-06 0.00491588 0.000326366 -0.0110344 0.0156616 -0.00342821 -2.05313e-05 -0.00986617 0.0123122 0.00828001 0.00883015 0.023607 -0.0108258 -0.0115576 -0.00368007 0.00596762 -0.0118591 0.0215447
internal_weight=10333.5 3753.22 6580.29 1308.03 6453.7 995.033 5892.69 303.719 2445.19 5588.97 5339.58 561.011 2120.53 873.399 612.407 249.391 260.992 1247.13 854.351 826.589 58.3187 168.444 495.613 73.9708 392.778 768.27 94.4736 433.84 324.659 213.743
internal_count=70373 37050 33323 15664 32764 10758 30316 1418 21386 28898 27425 2448 17913 7836 5547 1473 2289 10077 6674 9288 545 1470 2168 708 3403 8743 762 1902 3473 973
is_linear=0
shrinkage=0.05


Tree=55
num_leaves=31
num_cat=0
split_feature=5 4 4 30 7 37 0 34 13 0 7 40 37 1 27 36 37 26 39 0 1 27 40 40 40 29 1 29 30 30
split_gain=46.8595 27.1831 26.0534 24.9018 23.558 20.6665 18.7094 18.6133 18.5226 18.4731 15.9718 15.4829 15.1067 15.0679 14.8502 13.3015 12.7715 11.5896 10.9139 9.74702 9.01838 8.95614 9.94311 9.2229 14.0137 10.3044 8.72392 8.60842 10.8317 8.26878
threshold=44.850000000000001 41.850000000000001 93.15000000000002 431.00000000000006 39.45000000000001 0.4730306398689394 46.650000000000013 -1.8333333333333333 58.250000000000007 49.95000000000001 54.45000000000001 0.15381223962515148 0.34039092960490486 55.150000000000013 5.5000000000000009 58.918804051089147 0.26902124971113595 1.0000000180025095e-35 -22.999999999999996 57.750000000000007 52.050000000000004 7.5000000000000009 0.2088710127180286 0.22004594203219122 0.24710007390261327 57.750000000000007 58.150000000000013 55.750000000000007 525.00000000000011 483.00000000000006
decision_type=2 2 2 2 2 2 2 2 2 2 2 2 2 2 2 2 2 2 2 2 2 2 2 2 2 2 2 2 2 2
left_child=1 27 3 9 -5 13 8 16 -3 26 -7 -10 20 -6 19 -14 -8 21 -18 -11 -9 23 -23 25 -25 -4 -2 -1 -29 -24
right_child=2 6 17 4 5 10 7 12 11 14 -12 -13 15 -15 -16 -17 18 -19 -20 -21 -22 22 29 24 -26 -27 -28 28 -30 -31
leaf_value=-0.033239880234206924 -0.027855865440968148 -0.02313078259280614 0.011266798297519531 -0.013840991888979288 -0.0020372363720409388 0.0029191696870130828 -0.0074566103638717008 -0.00929384451172738 -0.030264124431962882 -0.0070801158917970985 0.013146913714035618 0.017947184543516587 -0.011655757485867517 0.0041028516232350714 0.0070525459046544879 0.031838351617204906 -0.012523250996683369 -0.0090549363314249339 0.015545570582387872 -0.03229745224953301 0.0036781093781306042 0 0.04528825291398253 -0.011530109991273366 0.0093263573429806929 0.036224773283558796 0.018307468160343038 -0.017907068163600902 0.039972866585344685 0.014701088270333829
leaf_weight=108.69878895953298 143.57647455856204 238.20765824988484 200.3650079369545 251.40950741246343 3008.2515891119838 1093.7248671241105 120.38126692548394 189.80931306257844 23.033719602972269 181.84378319233656 587.7776925675571 59.116839945316315 725.85581130161881 1495.9797755144536 168.79705519601703 17.862033944576979 39.684589173644781 78.506654046475887 259.59907385706902 48.795746751129627 454.80014890059829 33.141187943518162 51.076100416481495 104.15005147829652 352.09284971654415 52.496113866567612 10.818396754562853 115.3526297621429 8.550502344965933 40.195925943553448
leaf_count=1498 1388 3087 972 1973 20172 6959 1175 1789 285 1198 3071 621 6069 7480 1079 117 412 405 2497 291 3009 159 234 484 1562 250 65 1358 94 182
internal_value=-0.000527027 -0.00670829 0.001319 0.000281299 0.00115735 0.00176796 -0.00493107 -0.00295391 -0.0160695 -0.00989036 0.00649787 0.00434834 -0.00574499 9.92391e-07 -0.00419545 -0.0106003 0.00626674 0.00926695 0.011804 -0.0124486 -0.000134658 0.0109995 0.0233938 0.00881487 0.00455285 0.0164803 -0.0245791 -0.0229396 -0.0138435 0.0319033
internal_weight=10264 2360.95 7903 6990.97 6437.14 6185.73 2128.35 1807.99 320.358 553.831 1681.5 82.1506 1388.33 4504.23 399.437 743.718 419.665 912.024 299.284 230.64 644.609 833.517 124.413 709.104 456.243 252.861 154.395 232.602 123.903 91.272
internal_count=69935 22011 47924 43676 39655 37682 19061 15068 3993 4021 10030 906 10984 27652 2568 6186 4084 4248 2909 1489 4798 3843 575 3268 2046 1222 1453 2950 1452 416
is_linear=0
shrinkage=0.05


Tree=56
num_leaves=31
num_cat=0
split_feature=33 33 18 3 0 18 5 9 3 36 4 34 9 7 36 5 35 18 31 4 5 7 4 36 7 14 0 33 0 31
split_gain=75.7698 30.5403 23.1216 21.719 17.2157 16.9271 15.7611 15.7513 16.8739 14.8772 14.7797 13.101 12.899 12.8989 12.3904 15.5746 12.0761 10.7774 12.926 10.5224 10.4277 10.3649 9.85444 9.68578 9.37875 9.34901 10.4238 9.0802 9.81272 8.43926
threshold=46.050000000000004 61.250000000000007 13.500000000000002 65.850000000000009 49.750000000000007 17.500000000000004 39.350000000000001 41.95000000000001 48.250000000000007 45.675667698198239 90.450000000000017 2.5833333333333335 51.850000000000001 48.150000000000013 44.117657084308327 59.150000000000013 -3.0333333333333274 9.5000000000000018 -2.4999999999999996 58.650000000000013 51.150000000000013 39.650000000000013 74.850000000000009 59.806575375921376 44.350000000000001 44.95000000000001 53.250000000000007 55.050000000000004 49.850000000000001 17.500000000000004
decision_type=8 10 2 2 2 2 2 2 2 2 2 2 2 2 2 2 2 2 10 2 2 2 2 2 2 2 2 10 2 10
left_child=2 5 6 4 16 7 -1 -2 21 25 12 -10 13 19 15 -6 -4 -11 -19 -3 -7 -9 -14 -15 -18 -8 -27 28 -22 -16
right_child=1 10 3 -5 14 20 9 8 11 17 -12 -13 22 23 29 -17 24 18 -20 -21 27 -23 -24 -25 -26 26 -28 -29 -30 -31
leaf_value=-0.017940651640041903 -0.029904492499247006 -0.008444352382958242 0.010084558335427306 0.061482063440384455 -0.0025660125418036847 -0.020625856042736042 0.035173200342270991 -0.022924156062606872 0.0047280576333106972 0.012048867150880029 0.010678834835796807 -0.0052086761248826404 -0.030375143058233845 0.0056502064664272905 -0.013293577858521692 0.045413589310172052 -0.032204342280412725 -0.022999111542944411 -0.0016074188804117908 0.002450264066297299 -0.01786698095472284 -0.003105179781611437 0.0046000881107063239 0.026700712707418275 -0.017411339748830142 0.012680590460061765 -0.021708794609050435 -0.016137768875639242 0.018745230246096079 0.026821094838943557
leaf_weight=125.46603783592582 44.456937059760094 301.99170510470867 31.774199962615967 9.7153072580695135 223.96027187630534 173.08649481832981 37.119329437613487 69.085055701434612 1754.8485535643995 84.933394692838192 852.31655342131853 408.49241142719984 49.39953750371933 1869.8148346096277 576.38219593837857 18.189728491008282 149.42322390154004 99.540905389934778 244.52036816254258 831.50175661593676 25.780018657445908 1470.0377813093364 33.540156185626984 56.349402144551277 393.22634378820658 144.54516283795238 25.814343877136707 70.964420348405838 61.763480216264725 13.245598159730433
leaf_count=1613 317 1391 506 124 2761 1295 388 524 10573 709 3626 2396 245 8112 6923 159 2800 1020 2405 3752 186 9200 166 242 5904 1400 236 392 406 164
internal_value=-0.000502716 0.00172941 -0.0087793 -0.0125589 -0.0130784 -0.00131317 -0.00174833 -0.000353409 8.70002e-07 0.00143807 0.00483686 0.00284929 0.00325056 0.00377949 -0.00846868 0.00103472 -0.0197419 -0.00386932 -0.0078157 -0.000448419 -0.0121398 -0.00399945 -0.0161827 0.00626998 -0.0214991 0.0124326 0.0074306 -0.0028345 0.00789845 -0.0123796
internal_weight=10251.3 8073.43 2177.86 1415.92 1406.2 4078.52 761.94 3746.92 3702.46 636.474 3994.91 2163.34 3142.6 3059.66 831.778 242.15 574.424 428.995 344.061 1133.49 331.594 1539.12 82.9397 1926.16 542.65 207.479 170.36 158.508 87.5435 589.628
internal_count=69935 42823 27112 19341 19217 25289 7771 23010 22693 6158 17534 12969 13908 13497 10007 2920 9210 4134 3425 5143 2279 9724 411 8354 8704 2024 1636 984 592 7087
is_linear=0
shrinkage=0.05


Tree=57
num_leaves=31
num_cat=0
split_feature=32 5 28 36 30 0 7 7 30 4 18 4 8 28 36 30 0 37 26 5 9 4 4 32 40 12 0 36 32 7
split_gain=53.9288 26.6871 21.0579 27.4591 22.2979 19.9831 18.6896 16.1452 15.5514 15.55 15.2947 16.8105 14.7769 12.2524 12.213 12.1763 12.1132 12.099 12.2693 11.6865 10.1885 8.66512 12.4391 8.35884 8.2697 7.90575 9.36014 7.16571 7.07701 8.56755
threshold=61.050000000000004 39.350000000000001 4.5000000000000009 58.028002914396332 421.00000000000006 49.350000000000001 54.95000000000001 51.250000000000007 541.00000000000011 87.65000000000002 9.5000000000000018 40.050000000000004 17.350000000000005 4.5000000000000009 49.594211675300308 443.00000000000006 54.350000000000001 0.38281151486437592 1.0000000180025095e-35 49.150000000000013 51.650000000000013 87.050000000000011 80.850000000000009 46.350000000000001 0.35214183943846561 59.150000000000013 57.550000000000004 48.437588361247919 70.750000000000014 46.550000000000004
decision_type=10 2 2 2 2 2 2 2 2 2 2 2 2 2 2 2 2 2 2 2 2 2 2 8 2 2 2 2 10 2
left_child=1 23 4 14 -2 6 15 8 16 28 21 -12 -8 -13 25 -3 -6 19 -19 -9 -17 22 -7 -1 -14 27 -27 -4 29 -5
right_child=2 5 3 9 7 10 12 17 -10 -11 11 13 24 -15 -16 20 -18 18 -20 -21 -22 -23 -24 -25 -26 26 -28 -29 -30 -31
leaf_value=-0.026283627932329051 -0.012394157829433825 -0.0247512269836914 -0.022992780982604735 0.016467633205986619 -0.00012543513765193937 0.014785431225962398 0.054448580385445193 -0.0036763796763202208 -0.031739763468881375 0.039616912191901645 -0.021223175212888714 0.0015429200808537212 -0.0022335031826180899 -0.0069104432339655124 -0.012412644228862974 -0.011130797208643808 0.0067845536398060437 0.013370520685382284 -0.0057312412085977465 0.0072135132360697136 0.011055260074427295 0.041456189255154922 -0.030372465952798484 -0.011816128900989714 0.036612087298117553 -0.0025820354161680461 0.016349519292785008 0.0074012277563685405 0.020638628985895708 -0.015633229177830679
leaf_weight=146.24239652976394 207.81278464198112 158.59441072121263 64.148165099322796 33.982428416609764 1860.9535726048052 118.3966885022819 14.075423777103422 341.4366288036108 33.991110481321812 44.373835481703281 108.74753891676664 1398.2247394025326 151.95946501195431 617.73288517445326 524.69417110830545 685.68023471534252 960.94738953188062 904.65356090292335 92.234282061457634 879.69453287497163 55.667264174669981 24.269602879881859 17.349388770759106 323.24979409202933 14.94763622060418 228.06024592369795 91.213709823787212 27.41114741936326 49.238294199109077 52.989431977272034
leaf_count=2580 1213 2249 364 169 9789 742 156 1780 171 190 1074 11446 1393 5547 2836 7967 4637 4206 437 4000 530 125 110 3734 86 1300 498 150 204 252
internal_value=-0.000480239 -0.00516876 0.00232952 -0.00390822 0.00364865 -0.00360879 -0.00921025 0.00430693 0.00181891 0.0139276 -0.000956211 -0.00208117 0.00542919 -0.00104511 -0.00735752 -0.0121601 0.00222602 0.007508 0.0115978 0.00416448 -0.00945685 0.0139419 0.00895899 -0.0163379 0.00123528 -0.00088776 0.00281431 -0.0138407 0.00549902 -0.00302856
internal_weight=10233 3835.14 6397.84 1116.11 5281.72 3365.65 1080.92 5073.91 2855.89 180.584 2284.72 2124.71 180.983 2015.96 935.527 899.942 2821.9 2218.02 996.888 1221.13 741.347 160.016 135.746 469.492 166.907 410.833 319.274 91.5593 136.21 86.9719
internal_count=69935 37739 32196 5963 26233 31425 12381 25020 14597 815 19044 18067 1635 16993 5148 10746 14426 10423 4643 5780 8497 977 852 6314 1479 2312 1798 514 625 421
is_linear=0
shrinkage=0.05


Tree=58
num_leaves=31
num_cat=0
split_feature=33 33 18 17 3 4 18 3 3 13 40 4 34 32 3 7 2 18 8 2 5 40 5 33 12 17 34 18 2 34
split_gain=64.5399 26.32 20.9063 19.261 15.7779 15.2588 15.2518 14.2868 14.1474 16.1227 13.5743 13.1789 11.9926 11.6001 11.3994 11.1779 11.1148 10.8969 10.5381 9.7255 9.50444 9.46363 9.39081 9.68105 9.2124 8.79603 8.60029 8.34724 11.8304 9.10656
threshold=46.050000000000004 61.250000000000007 13.500000000000002 1075.0000000000002 48.750000000000007 40.650000000000013 17.500000000000004 52.350000000000001 48.250000000000007 59.250000000000007 0.14900200064725336 90.450000000000017 2.5833333333333335 83.550000000000011 40.050000000000004 44.350000000000001 64.050000000000011 8.5000000000000018 26.350000000000005 53.350000000000001 51.150000000000013 0.32099190414529399 52.150000000000013 55.050000000000004 89.450000000000017 2450.0000000000005 -7.1666666666666652 17.500000000000004 53.650000000000013 6.5833333333333348
decision_type=8 10 2 2 2 2 2 2 2 2 2 2 2 10 2 2 2 2 2 2 2 2 2 10 2 2 2 2 2 2
left_child=2 6 5 7 19 -1 8 24 9 -2 -7 13 21 16 -11 -6 17 -3 -17 -5 -8 -10 -22 -24 -4 26 -12 29 -29 -13
right_child=1 11 3 4 15 10 20 -9 12 14 25 27 -14 -15 -16 18 -18 -19 -20 -21 22 -23 23 -25 -26 -27 -28 28 -30 -31
leaf_value=-0.01972901454672929 -0.0055713376926844064 0.024678957133440711 -0.042340016396564033 -0.023023145120475208 -0.018494488492117517 -0.017073833263389012 -0.019758411149256604 0.061363210490282705 0.0026985446840329759 0.037032328234888411 0.035877540879518381 0.01270885726621343 -0.0054089242393178128 0.022469480012496702 0.0038692953380699818 0.011224219020158067 0.026215336675467122 0.0017169085213895566 -0.0074197037368954671 -0.0087201891147136116 0.033214847456526357 0.01398480172890112 0.0047091412186895162 -0.021518589323982099 0.031002976657212963 0.042839649737487197 0.001904056309293227 0.019408092202349563 -0.022858202845111478 -0.011957095055913587
leaf_weight=99.28752513974905 1413.4072012752295 52.526203006505966 8.3594570010900515 415.81070731207728 191.78528353944421 87.15567634999752 170.36550110951066 15.223567776381968 1567.8172290064394 34.910660605877638 19.225733451545238 743.93908701837063 413.36898051947355 74.488785982131958 101.51808074861765 89.200401689857244 48.571393519639969 2967.308376044035 495.53942416608334 168.46265494450927 16.185125075280666 211.0205397605896 79.33586373925209 62.758441641926765 8.53182130679488 14.203080505132673 538.10505620762706 26.739698216319084 42.875087231397629 39.116099089384079
leaf_count=1225 8982 221 109 6390 3160 1071 1295 183 9657 222 205 3162 2443 316 642 1181 207 13164 6241 1975 111 1064 528 345 102 135 5135 117 183 164
internal_value=-0.000458294 0.00159328 -0.00815413 -0.0117908 -0.0126971 -0.00146388 -0.00123539 0.0263773 -0.000326887 -0.0039843 0.0012843 0.00447635 0.0022566 0.00297819 0.0124129 -0.00801415 0.00250267 0.00211876 -0.00456564 -0.0189099 -0.0115615 0.00404094 -0.00270011 -0.00684662 -0.00503561 0.00409505 0.0030912 0.00999162 -0.00654705 0.011469
internal_weight=10217.1 8066.25 2150.89 1392.91 1360.8 757.977 4070.69 32.1148 3742.04 1549.84 658.69 3995.56 2192.21 3142.89 136.429 776.525 3068.41 3019.83 584.74 584.273 328.645 1778.84 158.279 142.094 16.8913 571.534 557.331 852.67 69.6148 783.055
internal_count=69935 42823 27112 19341 18947 7771 25289 394 23010 9846 6546 17534 13164 13908 864 10582 13592 13385 7422 8365 2279 10721 984 873 211 5475 5340 3626 300 3326
is_linear=0
shrinkage=0.05


Tree=59
num_leaves=31
num_cat=0
split_feature=33 33 3 37 40 18 36 30 13 17 4 5 34 1 34 27 36 3 18 32 34 18 13 4 7 40 13 9 3 32
split_gain=59.9902 36.2663 24.2244 18.8369 17.5432 16.9557 15.6611 30.1135 15.5823 13.0764 12.9424 12.608 14.4556 12.4554 14.5601 13.5292 14.0907 12.8909 12.7224 13.2795 12.1429 12.0096 11.4763 11.4114 10.854 10.5477 10.4084 9.85447 9.75091 9.52055
threshold=34.650000000000013 61.250000000000007 48.250000000000007 0.50000033159568946 0.3484106484219523 16.500000000000004 41.415034012969642 505.00000000000006 59.250000000000007 1175.0000000000002 62.250000000000007 64.350000000000009 -4.583333333333333 56.550000000000004 6.5833333333333348 7.5000000000000009 59.339429630447846 44.45000000000001 9.5000000000000018 79.450000000000017 -1.8333333333333333 15.500000000000002 50.550000000000004 42.150000000000013 39.250000000000007 0.24033132760820472 50.850000000000001 51.850000000000001 44.850000000000001 71.250000000000014
decision_type=8 10 2 2 2 2 2 2 2 2 2 2 2 2 2 2 2 2 2 10 2 2 2 2 2 2 2 2 2 8
left_child=4 2 3 8 6 11 7 25 23 -7 -9 12 -4 15 18 16 24 22 -15 -20 -19 27 -17 -2 -3 -1 -16 -8 -10 -5
right_child=1 13 5 29 -6 9 21 10 28 -11 -12 -13 -14 14 26 17 -18 20 19 -21 -22 -23 -24 -25 -26 -27 -28 -29 -30 -31
leaf_value=-0.015745786261482542 -0.020757516012905847 -0.01834541176508692 0.014750498862141682 0.01571424964126825 0.041543857710212906 0.038451018862956432 -0.014008219436943104 0.11618921519491172 0.016127242098460091 -0.01175749590237778 0.01884074725295018 0.01364323549962309 8.4011039760491062e-05 0.031274734416504676 -0.033469457392216954 0.018770128955965498 0.028028146435821074 0.042491684112894605 0.0067474837010885859 0.024429203119358242 0.013035950759652266 -0.026454206275547065 -0.0090342747893317667 -0.007356954231696528 0.0010323108149084827 0.024618696296438702 0.00082965191539707871 0.028424317957774815 -0.007085321703687867 -0.017748483541449887
leaf_weight=83.184016514569521 175.37661131843925 74.551086150109768 180.22161412611604 136.03921495005488 13.711035735905169 13.364865161478518 323.59202027693391 7.2363498173654062 109.52870268374681 327.36272341385484 6.7370573729276657 216.15837977081537 2470.6180686503649 66.787978395819664 31.240191116929054 56.008671686053276 47.024914607405663 43.557168439030647 941.48894044756889 119.97193287312984 182.80094341933727 266.74437568709254 109.47389505803585 1738.0496805906296 2249.597527384758 19.919497735798359 74.247264787554741 14.121797315776346 76.601680684834719 24.970920853316784
leaf_count=1428 1552 351 1421 906 154 100 5300 110 825 2580 103 1117 17580 285 136 252 202 196 4039 514 803 5077 488 13036 9951 254 317 165 572 121
internal_value=-0.000437317 0.000630946 -0.00201441 -0.00597878 -0.0141944 0.000777929 -0.0152661 0.00143118 -0.00724423 -0.00976272 0.0700768 0.00203267 0.00108354 0.00425149 0.00843002 0.00238365 0.000958854 0.0109904 0.0100931 0.00875279 0.0187423 -0.0185082 0.000351766 -0.00858883 0.000407823 -0.00788266 -0.00930278 -0.0122112 0.00654862 0.0104857
internal_weight=10200.3 9465.04 5468.29 2260.57 735.246 3207.73 721.535 117.077 2099.56 340.728 13.9734 2867 2650.84 3996.75 1233.74 2763.01 2371.17 391.841 1128.25 1061.46 226.358 604.458 165.483 1913.43 2324.15 103.104 105.487 337.714 186.13 161.01
internal_count=69935 57344 39810 17012 12591 22798 12437 1895 15985 2680 213 20118 19001 17534 5291 12243 10504 1739 4838 4553 999 10542 740 14588 10302 1682 453 5465 1397 1027
is_linear=0
shrinkage=0.05


Tree=60
num_leaves=31
num_cat=0
split_feature=33 18 33 9 37 5 36 3 7 36 32 3 36 2 36 5 17 13 2 36 13 2 40 12 31 3 40 27 37 36
split_gain=44.1243 31.5238 21.9248 21.8663 20.5685 19.9353 16.984 18.7485 16.4543 15.1801 14.6898 14.0469 13.7579 13.7538 14.5282 13.5472 13.4229 12.6084 12.4489 12.1761 11.9568 11.7835 11.7587 11.6202 11.5927 11.356 10.2289 10.459 10.1137 9.72817
threshold=56.45000000000001 15.500000000000002 84.550000000000011 74.250000000000014 0.45878523075755934 50.550000000000004 56.829480370951266 57.95000000000001 52.650000000000013 42.302843497019701 78.250000000000014 58.150000000000013 46.249658509774527 60.850000000000001 49.347982840499647 67.050000000000011 2760.0000000000005 55.750000000000007 65.250000000000014 298.06346763181818 71.65000000000002 53.850000000000001 0.20646771121060492 83.850000000000009 6.5000000000000009 42.850000000000001 0.29794244407081888 6.5000000000000009 0.50000033159568946 49.249373272092463
decision_type=8 2 10 2 2 2 2 2 2 2 10 2 2 2 2 2 2 2 2 2 2 2 2 2 8 2 2 2 2 2
left_child=1 4 6 5 9 13 7 16 26 -1 19 15 -7 20 -15 -11 18 24 -2 25 -3 -21 -5 -13 -10 -8 27 -6 -14 -9
right_child=2 3 -4 22 8 12 10 29 17 11 -12 23 28 14 -16 -17 -18 -19 -20 21 -22 -23 -24 -25 -26 -27 -28 -29 -30 -31
leaf_value=0.016372122817532572 0.00037653481560140497 -0.014764292685949726 0.030949533781986366 0.055361558011181089 -0.0065310449523759877 0.006063015042334953 -0.0039608287874101627 0.0141084084402855 0.00075529255174942628 -0.0070291167805708703 0.036097514862178742 -0.0041698754998112071 -0.010985180317320086 0.049737220971434959 -0.010811734862440499 0.0230212196030594 -0.024643893582996231 0.039832041363615463 0.02813378826896052 -0.015745731310586347 0.042962334710373945 0.017311552141866391 0.0037731510876968183 0.018118670409240614 0.022161588592362471 0.01470925699615986 0.019603843652915523 0.0094329538187113305 0.016234652327393261 0.0029325686088458591
leaf_weight=94.176101390272379 4129.3326494544744 1123.0777991563082 69.356267377734184 19.17824349552393 318.79943822696805 276.8376277834177 99.58273559063673 407.4021961838007 127.79298131540418 1338.7795511372387 49.759875312447548 115.36932101473212 363.08124973624945 17.380920734256506 22.575963646173477 38.417946860194206 53.016672745347023 46.326748359948397 40.701844647526741 90.3291195333004 8.905036944895981 38.203876979649067 26.437152434140444 117.83717939257622 126.11543571949005 436.68417343497276 66.077717933803797 151.05088909342885 37.437768265604973 375.61625348776579
leaf_count=1027 19284 14183 305 162 2987 2420 481 1853 874 12276 214 1047 3131 149 181 224 359 335 176 504 102 178 203 975 765 2097 439 1400 268 1689
internal_value=0.000144323 -0.00360764 0.00301955 -0.00848833 3.06415e-05 -0.00933433 0.00267952 0.00164893 0.00645538 -0.0031182 0.0098914 -0.00426204 -0.00249628 -0.0132818 0.0154602 -0.0061856 0.000330034 0.0158257 0.000649328 0.00791724 -0.014302 -0.00587542 0.0256457 0.00707384 0.0114119 0.0112329 0.0011947 -0.00138727 -0.00842496 0.00875477
internal_weight=10225.6 4435.66 5789.99 1894.91 2540.74 1849.3 5720.63 5006.07 836.163 1704.58 714.56 1610.4 677.357 1171.94 39.9569 1377.2 4223.05 300.235 4170.03 664.8 1131.98 128.533 45.6154 233.207 253.908 536.267 535.928 469.85 400.519 783.018
internal_count=70288 43148 27140 20799 22349 20434 26835 23361 6800 15549 3474 14522 5819 14615 330 12500 19819 1974 19460 3260 14285 682 365 2022 1639 2578 4826 4387 3399 3542
is_linear=0
shrinkage=0.05


Tree=61
num_leaves=31
num_cat=0
split_feature=33 18 28 3 27 33 7 9 0 36 16 33 5 8 9 36 27 34 35 9 0 9 38 29 40 14 5 8 0 3
split_gain=40.767 35.3041 24.2355 21.2764 20.4568 19.7624 16.9155 16.5872 16.4587 15.9724 13.3215 12.3448 12.272 11.0528 10.1235 9.9682 9.57572 9.38415 9.79564 9.07378 8.3879 8.37215 8.33055 9.94904 8.23146 8.20853 8.11951 7.28339 6.88625 5.81151
threshold=28.050000000000004 16.500000000000004 5.5000000000000009 57.95000000000001 5.5000000000000009 73.350000000000009 55.45000000000001 43.150000000000013 46.550000000000004 54.281729048323086 49.750000000000007 49.850000000000001 64.950000000000017 21.750000000000004 51.750000000000007 40.340263271478292 7.5000000000000009 -0.58333333333333315 -1.766666666666669 50.650000000000013 45.95000000000001 50.050000000000004 0.20426642766426106 55.750000000000007 0.25163845593053308 37.350000000000001 60.95000000000001 27.050000000000004 48.850000000000001 50.350000000000001
decision_type=8 2 2 2 2 10 2 2 2 2 2 8 2 2 2 2 2 2 2 2 2 2 2 2 2 2 2 2 2 2
left_child=7 2 3 4 6 11 -2 -1 -6 17 20 -3 13 -5 15 24 26 27 -19 -14 -9 -7 23 -13 -12 -18 -11 -4 -24 -16
right_child=1 5 9 12 8 21 -8 10 -10 16 14 22 19 -15 29 -17 25 18 -20 -21 -22 -23 28 -25 -26 -27 -28 -29 -30 -31
leaf_value=0.071444358949445438 -0.0025451163802589715 -0.019703809100607372 0.020098618056629162 0.029940897888216113 -0.0045636439249642016 0.025991836593897213 0.0056787239915202141 -0.0039425858543219641 0.0061388196803040624 -0.0054967507169031956 -0.0093892060258300072 -0.029391600432729897 0.029395743230914536 0.0055808114285517694 -0.0066489574210264954 -0.026164781354128322 -0.00063461559898253376 0.01131545107125367 -0.020780245208967565 0.0018153511927044561 0.081187638595290684 -0.0070121510181686665 0.0086278352169327412 -0.0034516957853577244 0.051480406699011209 0.045749144913634791 0.019772190829573842 -0.0076963727291740605 -0.0063719516497752681 0.055922870445844652
leaf_weight=5.0838052593171588 3174.2717437036335 250.13037574291229 27.600189965218306 48.728496786206961 419.05884287878871 56.894835203886032 778.35042192041874 6.2554266061633808 2493.6972746402025 177.95818321034312 35.235739225521684 78.655641488730907 109.62327466160059 1062.877203386277 8.6072971895337087 257.63066951185465 16.286931548267603 25.818406373262405 267.51118473336101 41.513851933181286 5.1080501452088356 28.623931542038918 92.045687362551689 70.627016022801399 6.4894940890371791 22.216538123786449 38.577410839498043 155.99030633270741 445.42339073121548 6.2454611323773852
leaf_count=81 21135 2921 247 358 3310 236 4184 138 14983 1107 629 467 494 6586 145 5326 93 208 2033 185 95 118 569 396 87 130 183 1339 2413 92
internal_value=0.000136371 0.000714764 0.00173043 0.00251565 0.00141761 -0.00808139 -0.00092431 -0.0171302 0.00459723 -0.00698138 -0.0185502 -0.0101851 0.00848101 0.00665576 -0.0204864 -0.0224942 0.00310246 -0.0123838 -0.0179353 0.0218593 0.0342629 0.0148914 -0.00670846 -0.0171632 5.87038e-05 0.0260485 -0.000964774 -0.00348191 -0.0037927 0.0195256
internal_weight=10213.1 9882.48 8860.08 8128.12 6865.38 1022.4 3952.62 330.656 2912.76 731.959 325.572 936.882 1262.74 1111.61 314.209 299.356 255.039 476.92 293.33 151.137 11.3635 85.5188 686.752 149.283 41.7252 38.5035 216.536 183.59 537.469 14.8528
internal_count=70288 63695 56575 51235 43612 7120 25319 6593 18293 5340 6512 6766 7623 6944 6279 6042 1513 3827 2241 679 233 354 3845 863 716 223 1290 1586 2982 237
is_linear=0
shrinkage=0.05


Tree=62
num_leaves=31
num_cat=0
split_feature=30 28 18 33 32 36 4 7 18 4 36 5 33 3 28 38 31 33 36 35 39 6 0 27 38 3 4 7 33 39
split_gain=47.9142 29.895 30.5431 26.0712 17.1474 16.3316 15.4758 14.5779 13.7211 14.6496 13.7068 15.4667 13.2936 12.5466 12.3295 11.5439 9.72388 11.4065 9.50573 9.41313 9.07915 8.6816 10.5632 8.04292 7.62403 7.388 6.8819 6.76359 6.71345 6.67034
threshold=431.00000000000006 5.5000000000000009 14.500000000000002 68.65000000000002 46.350000000000001 47.555907928643038 83.65000000000002 57.45000000000001 8.5000000000000018 69.250000000000014 57.008971708209522 59.95000000000001 84.550000000000011 57.650000000000013 6.5000000000000009 0.23114087698090938 -2.4999999999999996 41.95000000000001 45.675667698198239 -3.433333333333326 -8.9999999999999982 74.350000000000009 62.150000000000013 1.5000000000000002 0.21890356469008473 43.750000000000007 89.050000000000011 71.850000000000009 70.250000000000014 -8.9999999999999982
decision_type=2 2 2 10 8 2 2 2 2 2 2 2 10 2 2 2 8 8 2 2 2 2 2 2 2 2 2 2 8 2
left_child=6 2 7 4 19 -6 16 8 15 -10 14 -12 13 -5 21 -2 -1 -18 -8 -4 -20 22 -3 -16 26 -23 -22 -9 -26 -25
right_child=1 10 3 12 5 -7 18 27 9 -11 11 -13 -14 -15 23 -17 17 -19 20 -21 24 25 -24 29 28 -27 -28 -29 -30 -31
leaf_value=-0.025430823749067424 0.0091937731792806811 -0.0035410775055814297 0.033352427610665918 0.0022332869658915036 0.0022553512935049539 -0.0047493892179811059 0.033058088310078969 0.011768920202314308 -0.00025665523039063956 0.0066531403770959526 -0.0036377114653309605 0.030935059105329722 0.030857301499174285 0.0160828515984471 0.0080150441617237011 0.038777681442628664 -0.024015305671454185 -0.0065195771655658279 -0.025029976915450176 -0.016578347458334326 0.045661498093461532 -0.03336875611241602 0.039992290132774992 -0.018429724572249204 -0.014760396461379725 -0.0096643083457876866 0.0052481673476596864 0.038928813717768927 0.019436762781173806 -0.039565316273987204
leaf_weight=169.75672449357808 102.85899658873677 248.90688946843147 9.6376634798943979 886.82841226458549 1466.614819182083 1921.2872574850917 20.94403763115406 515.0592467263341 1453.701099794358 1620.7168552540243 149.67124506086111 41.11216813325882 51.238754138350487 200.7891998142004 19.421271406114101 48.964939869940281 129.58854193426669 335.93344239890575 35.285614192485809 261.90069698914886 16.372569896280766 43.188950214534998 14.653995245695112 110.60087414458394 56.449220418930054 142.03196481615305 30.248197570443153 24.107985317707062 19.045333325862885 57.887203186750412
leaf_count=1681 568 2094 167 3708 11389 13318 133 2620 9899 9340 927 192 226 832 189 256 2059 2154 216 4265 118 358 103 1055 336 1148 164 115 83 575
internal_value=0.000128433 0.00113741 0.00201481 -0.000629462 -0.00268646 -0.0017156 -0.0115101 0.00538569 0.00411134 0.0033844 -0.00793613 0.00379853 0.00597548 0.00479595 -0.0114603 0.0187871 -0.015164 -0.0114048 0.00147857 -0.0147761 -0.00271003 -0.00693905 -0.00108741 -0.0222223 0.00371368 -0.0152336 0.0196151 0.0129996 -0.00605289 -0.0257401
internal_weight=10204.8 9391.18 8563.71 4798.3 3659.44 3387.9 813.624 3765.41 3226.24 3074.42 827.475 190.783 1138.86 1087.62 636.691 151.824 635.279 465.522 178.345 271.538 157.401 448.782 263.561 187.909 122.115 185.221 46.6208 539.167 75.4946 168.488
internal_count=70288 63344 56703 33905 29139 24707 6944 22798 20063 19239 6641 1119 4766 4540 5522 824 5894 4213 1050 4432 917 3703 2197 1819 701 1506 282 2735 419 1630
is_linear=0
shrinkage=0.05


Tree=63
num_leaves=31
num_cat=0
split_feature=33 33 34 5 36 36 28 37 33 13 33 36 16 4 7 36 35 15 6 35 4 0 6 36 40 38 5 7 34 3
split_gain=35.8437 26.481 19.672 24.3567 23.2749 20.8311 19.9705 16.5819 16.0285 13.5071 13.3076 11.7205 11.2237 12.6392 12.2081 10.8167 10.4838 9.67277 9.42498 9.39134 11.2217 8.88134 9.35413 7.73871 8.37765 7.10282 5.58899 5.44263 5.16819 4.25824
threshold=28.050000000000004 71.050000000000011 -1.5833333333333333 65.15000000000002 44.874044397187305 58.028002914396332 6.5000000000000009 0.27503766405552121 70.450000000000017 55.95000000000001 84.550000000000011 57.564208782104394 49.750000000000007 57.150000000000013 58.850000000000001 130.04109863157541 1.9000000000000095 39.750000000000007 66.350000000000009 -0.30000000000000776 81.050000000000011 45.550000000000004 49.95000000000001 40.680301391353282 0.25163845593053308 0.21931534449735371 50.250000000000007 45.050000000000004 1.1666666666666667 57.050000000000004
decision_type=8 10 2 2 2 2 2 2 8 2 10 2 2 2 2 2 2 2 2 2 2 2 2 2 2 2 2 2 2 2
left_child=12 2 4 5 8 6 -4 17 16 -7 11 21 13 -1 23 -9 -2 -6 -16 28 -21 27 -23 24 26 -12 -14 -3 -5 -25
right_child=1 10 3 19 7 9 -8 15 -10 -11 25 -13 14 -15 18 -17 -18 -19 -20 20 -22 22 -24 29 -26 -27 -28 -29 -30 -31
leaf_value=-0.023841638276311722 0.016854582682745024 -0.027521478208835222 -0.003198532175082184 0.0047442476530320686 0.01359644045389255 0.0021519998477243221 -0.024101503459428797 0.0031471888813528167 -0.037306737898737979 0.021343186979695797 0.041219925757105057 0.024838934434251957 -0.020383385799730314 0.079040280977012767 0.053766050829196832 0.036635557988622808 -0.0036783319342145247 -0.01053715395392507 -0.015805074108534736 0.005521345187979333 0.021588256801224327 0.018970140953153455 0.0044794576768691667 -0.02711356329223923 0.047287791063477802 0.0077452775199944729 0.028207084878120937 -0.0022132538262698525 -0.019795700985451803 -0.0095482170543106371
leaf_weight=5.4045211840420944 464.31652325764298 28.294117256999016 5212.2071847096086 41.640679597854614 46.500205058604479 337.71227788738906 116.81644175201654 1038.9278332665563 15.45317406952381 126.14455967769027 42.135675981640816 76.899147897958755 30.723648454993963 6.3261569086462259 10.014496847987177 24.623758476227522 71.291474301367998 370.49305689334869 9.1612332761287671 385.12387528270483 152.11889064311981 125.04483999311924 1037.3916436880827 204.45360174402595 7.2473826035857192 26.10892990231514 7.160388156771659 86.566791072487831 43.546083137392998 42.812961930409074
leaf_count=112 3869 118 35371 198 335 1963 1044 7823 104 724 189 334 595 122 133 134 549 2964 129 1799 670 518 4317 4403 96 116 101 359 197 902
internal_value=0.000121153 0.000658367 -0.000403924 -0.00176233 0.00388299 -0.00277287 -0.00365812 0.000614183 0.0126546 0.00738524 0.00696969 0.00587813 -0.0162578 0.0314173 -0.0180783 0.0039306 0.0141121 -0.00783134 0.0203594 0.00763356 0.0100831 0.00473083 0.00604404 -0.0206223 -0.00146037 0.0285165 -0.0110177 -0.00850953 -0.00775005 -0.0240975
internal_weight=10192.7 9869.36 8446.92 6415.31 2031.61 5792.88 5329.02 1480.54 551.061 463.857 1422.44 1354.2 323.304 11.7307 311.574 1063.55 535.608 416.993 19.1757 622.43 537.243 1277.3 1162.44 292.398 45.1314 68.2446 37.884 114.861 85.1868 247.267
internal_count=70288 63695 57744 41966 15778 39102 36415 11256 4522 2687 5951 5646 6593 234 6359 7957 4418 3299 262 2864 2469 5312 4835 6097 792 305 696 477 395 5305
is_linear=0
shrinkage=0.05


Tree=64
num_leaves=31
num_cat=0
split_feature=30 18 33 7 36 34 4 5 4 4 3 7 18 38 4 34 33 33 3 36 33 0 7 36 39 27 12 33 2 2
split_gain=43.1849 26.9681 24.8265 17.0919 20.3717 18.8236 17.121 14.6595 14.1777 13.9859 13.6744 11.8681 11.7808 16.9691 12.3614 11.114 12.9256 11.087 10.6484 10.2471 9.49009 9.38195 8.71523 8.35254 8.30214 8.29721 8.34016 7.87521 7.16676 8.60548
threshold=431.00000000000006 14.500000000000002 68.65000000000002 47.150000000000013 47.981029431405609 -4.4166666666666652 82.65000000000002 68.250000000000014 46.550000000000004 83.65000000000002 40.050000000000004 39.250000000000007 8.5000000000000018 0.2257884059885765 91.350000000000009 -0.41666666666666657 56.050000000000004 84.550000000000011 54.45000000000001 54.372515301599243 28.450000000000003 46.650000000000013 52.050000000000004 45.675667698198239 -8.9999999999999982 5.5000000000000009 97.550000000000011 36.45000000000001 50.550000000000004 48.45000000000001
decision_type=2 2 10 2 2 2 2 2 2 2 2 2 2 2 2 2 8 10 2 2 10 2 2 2 2 2 2 8 2 2
left_child=9 7 3 5 20 8 -7 12 -3 21 -4 -12 13 -2 18 -9 -17 -13 -14 -6 -5 -1 -16 -11 -25 26 27 -23 29 -26
right_child=1 2 10 4 19 6 -8 15 -10 23 11 17 14 -15 22 16 -18 -19 -20 -21 -22 25 -24 24 28 -27 -28 -29 -30 -31
leaf_value=-0.028259015458383569 0.0041151692606206554 -0.020589144005386598 -0.011746092188940441 -0.013336191744128671 -0.0072969714699321264 -0.012574603518147124 0.0007902470333753744 -0.0016903777329934932 0.020486235046962786 0.03070288219946183 -0.020482744066312415 0.0066985019028141012 -0.00025420258363654077 0.03424839151210271 0.0046108223211871607 0.056711492795920665 0.016734002947558314 0.031770836584280412 0.0060391933696943133 0.002791035374429427 0.0052032400134412113 -0.035943140856395876 0.018626605376082239 -0.024093754807040658 -0.0044899625514208666 -0.0040873214125242479 -0.031707293774464428 -0.0088231752045945955 -0.006091203129908563 0.038078885231654883
leaf_weight=103.84056117944419 130.31312594935298 26.87849828414619 109.26268239319324 73.393896091729403 1056.7851541526616 993.49419943057001 314.86775638535619 69.91198568046093 93.626709561794996 21.25442174077034 38.179880678653717 970.72483699023724 2343.0098921079189 73.163271270692348 276.27688042446971 22.978779397904873 174.31180453300476 46.238182380795479 941.63470981828868 329.54019648581743 1105.7158282473683 30.872955873608589 186.77504144236445 34.920769814401865 21.456666953861713 211.91222480498254 73.506393942981958 207.8164714127779 74.719748374074697 25.913330998271704
leaf_count=1552 717 365 464 1288 7510 10039 2168 318 1094 133 164 4042 15558 375 1332 115 749 208 5942 2120 7911 525 865 216 142 1753 599 1465 406 153
internal_value=0.000114306 0.00106957 -0.00135443 -0.00322798 -0.000784759 -0.00761075 -0.00935461 0.00403505 0.0112735 -0.010989 0.00506791 0.00681473 0.00326672 0.0149861 0.00262871 0.0153724 0.021442 0.00784639 0.00154858 -0.00489534 0.00404398 -0.014498 0.0102778 0.00134493 -0.00261443 -0.0117571 -0.0169442 -0.0123655 0.00350298 0.0187228
internal_weight=10183.3 9377.08 5158.71 3994.3 2565.44 1428.87 1308.36 4218.38 120.505 806.214 1164.41 1055.14 3951.17 203.476 3747.7 267.203 197.291 1016.96 3284.64 1386.33 1179.11 627.949 463.052 178.265 157.011 524.108 312.196 238.689 122.09 47.37
internal_count=70288 63344 37373 32495 18829 13666 12207 25971 1459 6944 4878 4414 24789 1092 23697 1182 864 4250 21500 9630 9199 5894 2197 1050 917 4342 2589 1990 701 295
is_linear=0
shrinkage=0.05


Tree=65
num_leaves=31
num_cat=0
split_feature=33 30 3 30 27 2 36 2 35 5 9 32 3 2 18 2 1 27 3 6 9 1 32 1 15 18 8 15 3 32
split_gain=37.1609 22.7083 20.7707 17.6241 15.6498 14.0491 13.7968 12.9834 12.9635 12.6975 18.9224 11.2892 11.0846 10.3937 10.3457 10.7379 9.69918 9.3631 13.6712 11.9784 8.37295 9.45641 7.77528 9.04485 10.4135 7.34877 7.61713 7.34781 5.88268 5.8664
threshold=31.350000000000005 431.00000000000006 50.650000000000013 541.00000000000011 7.5000000000000009 48.350000000000001 40.340263271478292 45.150000000000013 -2.5333333333333345 52.750000000000007 74.050000000000011 31.250000000000004 51.550000000000004 48.95000000000001 8.5000000000000018 59.150000000000013 61.350000000000001 7.5000000000000009 39.150000000000013 59.45000000000001 51.500000000000007 56.650000000000013 46.350000000000001 52.750000000000007 43.150000000000013 9.5000000000000018 39.650000000000013 57.050000000000004 52.750000000000007 43.45000000000001
decision_type=8 2 2 2 2 2 2 2 2 2 2 10 2 2 2 2 2 2 2 2 2 2 10 2 2 2 2 2 2 10
left_child=6 5 3 9 14 27 7 -1 -6 10 -3 -9 -10 22 -4 -16 -11 20 -19 -20 21 -7 -8 24 -24 29 28 -2 -27 -15
right_child=1 2 4 -5 8 17 13 11 12 16 -12 -13 -14 25 15 -17 -18 18 19 -21 -22 -23 23 -25 -26 26 -28 -29 -30 -31
leaf_value=0.057765036951923289 -0.025916533480782784 -0.0043287343550221201 0.019196729094666895 -0.027489830709037495 0.050038008429835426 -0.0091310091500282943 -0.036253795526654788 0.051886508305493351 0.028448510789569864 0.0012039854645053299 0.02471921595086761 -0.012558547309951262 0.0067415988910753998 -0.0098938828126907425 0.0010919117659404932 0.0093073219834602216 0.020879794156206499 -0.020382301922043992 0.049152827605345867 0.0052030988896486089 -0.030815882998879853 0.0082707255379329304 0.021534571913430854 0.039484230825746057 -0.029827183418305037 -0.012463251601089347 -0.021131589561443821 0.0029566223533547278 0.012291521682762206 0.047913382688278473
leaf_weight=10.696174807846544 134.01363184675574 2240.006204970181 89.584276556968689 63.937282267957926 21.491633657366037 363.00035662576556 96.043361330404878 7.9381183534860602 70.335652932524681 1944.638863902539 57.359945543110371 43.614304324612021 365.27000694349408 8.0897933878004569 3541.1707775406539 448.35167558863759 64.670006848871708 25.967396505177021 25.442774534225464 40.271415945142508 34.85007793456316 99.079281155019999 11.963138822466133 6.9054198674857608 52.349906392395496 61.007226118817925 129.42022447660565 25.980420868843794 39.302933808416128 9.1315811872482282
leaf_count=200 1230 16373 440 401 131 2707 2301 134 451 10173 375 724 2168 135 21937 2264 291 181 180 270 234 536 239 130 1099 1092 2496 211 678 124
internal_value=-0.000365656 0.000306563 0.00101007 -0.00144897 0.00338043 -0.00805606 -0.0139958 0.00788668 0.0121553 -0.00106057 -0.00360025 -0.00245716 0.0102637 -0.0172975 0.00239563 0.00201664 0.00184075 -0.00447242 0.010179 0.0223441 -0.00718711 -0.00538792 -0.0269393 -0.0142748 -0.0201769 -0.0107385 -0.0131151 -0.0211979 -0.00271161 0.0205692
internal_weight=10131.9 9655.42 8906.82 4370.61 4536.2 748.605 476.462 62.2486 457.097 4306.68 2297.37 51.5524 435.606 414.214 4079.11 3989.52 2009.31 588.611 91.6816 65.7142 496.93 462.08 167.262 71.2185 64.313 246.952 229.73 159.994 100.31 17.2214
internal_count=69905 60553 55004 27613 27391 5549 9352 1058 2750 27212 16748 858 2619 8294 24641 24201 10464 4108 631 450 3477 3243 3769 1468 1338 4525 4266 1441 1770 259
is_linear=0
shrinkage=0.05


Tree=66
num_leaves=31
num_cat=0
split_feature=33 5 30 28 37 1 34 17 2 29 5 8 36 0 27 2 32 1 3 37 9 33 28 33 9 32 19 4 1 37
split_gain=34.0294 21.686 20.0188 16.3632 15.1198 24.1353 13.3385 13.1135 14.6034 12.9448 19.9985 13.4288 12.2617 12.0873 10.193 9.4596 9.98211 9.44101 8.99158 8.45105 12.5861 11.349 10.3305 9.4334 8.27728 7.97961 6.95042 6.9286 6.86913 7.39692
threshold=31.350000000000005 65.15000000000002 431.00000000000006 4.5000000000000009 0.25000317041026882 51.650000000000013 -1.8333333333333333 1175.0000000000002 53.250000000000007 59.250000000000007 60.95000000000001 22.750000000000004 39.931298577573429 46.650000000000013 5.5000000000000009 45.150000000000013 31.250000000000004 57.45000000000001 42.050000000000004 0.29446615942795301 50.95000000000001 83.750000000000014 4.5000000000000009 70.250000000000014 48.550000000000004 58.150000000000013 1.0000000180025095e-35 55.350000000000001 43.550000000000004 0.43283053819633704
decision_type=8 2 2 2 2 2 2 2 2 2 2 2 2 2 2 2 10 2 2 2 2 10 2 10 2 10 2 2 2 2
left_child=7 2 13 4 5 -4 -6 8 -1 11 -11 -5 15 -2 17 -9 -17 -15 25 21 22 26 -21 -22 27 -3 -20 -14 29 -26
right_child=1 18 3 9 6 -7 -8 12 -10 10 -12 -13 24 14 -16 16 -18 -19 19 20 23 -23 -24 -25 28 -27 -28 -29 -30 -31
leaf_value=-0.00027024278471944813 -0.027244811377901565 0.025793882453991359 -0.009989333132177142 0.012603503614328682 0.0086931437747266634 0.0019625610389979674 0.0016187416590022386 0.051303946315357535 0.092889130756844712 0.0017238193847143618 0.048840950170221886 -0.0068737150503825218 0.057658915370630892 -0.015572199376344019 0.0011760801932083997 0.050799449756679743 -0.01410520484107488 0.0073965961681534825 -0.0055293310499502975 0.01932475823758352 -0.011302807378386071 0.037400090529186421 2.8390475663519699e-05 0.021332413939851649 -0.036016003109495438 -0.006912348580041707 0.0096859558894591708 -0.0087293809629127618 -0.015417771549133341 -0.00074743593765989576
leaf_weight=15.187272941693665 78.78760545887053 20.886390402913094 671.06841602176428 93.977057673037052 825.58987247571349 1138.264694545418 3468.0271186307073 9.9139186386018974 5.6625155657529822 179.78888406604528 25.691948913037777 1452.470598038286 6.2009568046778467 289.23509184271097 254.33240255713463 7.0528018139302722 34.160761084407568 52.541100766509771 200.62831422686577 397.07391749322414 82.879387006163597 21.754789501428604 84.665050327777863 30.058450400829315 92.407539425417781 165.04418943822384 119.76782455295324 10.127162355929611 271.78952347487211 18.065177073702216
leaf_count=297 843 130 5010 757 5841 6262 20856 178 80 1010 121 10369 115 2240 1836 115 586 298 917 1779 380 101 398 130 1995 734 541 180 5490 316
internal_value=-0.000348771 0.000290859 -0.00056846 0.000140977 0.00136431 -0.00246785 0.00298036 -0.0134771 0.0251145 -0.00411755 0.00766024 -0.00568612 -0.0152826 -0.00883155 -0.00638533 0.00768839 -0.00278109 -0.0120255 0.00682316 0.00881782 0.0124217 0.00253765 0.0159445 -0.00256151 -0.0182428 -0.00319955 0.000143968 0.0163762 -0.0197385 -0.0302998
internal_weight=10123.1 9652.53 8529.77 7854.88 6102.95 1809.33 4293.62 470.568 20.8498 1751.93 205.481 1546.45 449.718 674.896 596.109 51.1275 41.2136 341.776 1122.76 936.828 594.677 342.151 481.739 112.938 398.59 185.931 320.396 16.3281 382.262 110.473
internal_count=69905 60553 55443 50226 37969 11272 26697 9352 377 12257 1131 11126 8975 5217 4374 879 701 2538 5110 4246 2687 1559 2177 510 8096 864 1458 295 7801 2311
is_linear=0
shrinkage=0.05


Tree=67
num_leaves=31
num_cat=0
split_feature=33 18 30 28 30 37 14 35 40 17 13 8 33 0 37 40 37 30 5 9 30 8 35 32 27 9 30 8 6 17
split_gain=31.1409 20.1888 18.5501 20.1068 17.7891 17.7443 14.3934 12.9687 13.7052 11.8666 24.4268 11.6934 11.6609 11.5079 10.4639 9.62433 7.75567 7.37061 7.36448 10.7022 9.87399 7.35329 7.46832 6.86917 6.76434 6.56695 5.64206 6.40318 5.47665 5.26633
threshold=31.350000000000005 10.500000000000002 431.00000000000006 4.5000000000000009 541.00000000000011 0.26902124971113595 49.95000000000001 -2.0333333333333345 0.25546680571811103 1175.0000000000002 48.150000000000013 22.750000000000004 71.050000000000011 47.250000000000007 0.58928790151598498 0.22944967294172644 0.52556357223023908 389.00000000000006 62.750000000000007 51.050000000000004 455.00000000000006 51.250000000000007 0.23333333333333076 53.350000000000001 5.5000000000000009 51.850000000000001 479.00000000000006 63.150000000000013 81.850000000000009 1850.0000000000002
decision_type=8 2 2 2 2 2 2 2 2 2 2 2 10 2 2 2 2 2 2 2 2 2 2 10 2 2 2 2 2 2
left_child=9 12 13 4 5 -4 -6 8 -5 10 -1 -9 14 28 18 16 25 -15 20 -20 -2 22 23 -17 -19 -11 -23 -28 -3 -14
right_child=1 2 3 7 6 -7 -8 11 -10 15 -12 -13 29 17 -16 21 -18 24 19 -21 -22 26 -24 -25 -26 -27 27 -29 -30 -31
leaf_value=0.087085840851019156 -0.0066119528613599599 -0.030221480486645844 -0.0018636560795816004 0.017731868146854662 0.010241759208202019 0.0037605240175934036 -0.035063233168503169 0.011623645643744759 -0.014488310506608022 -0.021502057366168281 -0.021062584013822896 -0.0072651883804535095 0.013731481044325436 -0.037634541088541758 0.027621031134599218 0.0051266149561066459 0.020129132590329571 -0.0097370237719335111 0.025269821968674784 -0.0086595161028287602 0.0054562637608797822 -0.039704889110616953 -0.030951447637253965 0.046119896540897765 0.0014140116007566165 0.023150756491853972 -0.030623388597879071 0.038864132766986054 0.0097464421970726474 0.036827739631282802
leaf_weight=8.7468632888048905 232.96866770088673 75.931800626218319 2180.7439946345985 117.12907893583179 24.76693494990468 3924.7266019284725 58.392407242208719 86.642835021018982 45.689571157097816 316.6377048548311 12.549013501033185 1427.0231111124158 69.849543854594231 17.843793340027332 48.222558431327343 51.524861050769687 12.083531668409703 321.00705226510763 82.026976875960827 32.091310024261475 619.29298825934529 18.3707874044776 10.98110545426607 12.781871527433394 234.66469371318817 8.2680036686360818 6.6890479885041696 6.355876199901104 9.40814710408449 39.25784657895565
leaf_count=139 1293 820 13305 887 152 24129 351 672 275 6957 238 9918 308 158 231 850 207 2331 359 138 3275 308 160 174 1662 117 103 99 114 175
internal_value=-0.000332587 0.000276098 -0.00055385 0.000120663 0.0014371 0.00175087 -0.0215141 -0.00473568 0.00865633 -0.0129698 0.023323 -0.00617998 0.00657566 -0.00861226 0.00489781 -0.0147279 -0.018872 -0.0060493 0.00375601 0.0156855 0.00215112 -0.00158784 0.00684189 0.0134112 -0.00501945 -0.0203436 -0.021906 0.00289073 -0.0257505 0.0221136
internal_weight=10112.7 9647.68 8523.97 7865.11 6188.63 6105.47 83.1593 1676.48 162.819 464.989 21.2959 1513.67 1123.71 658.855 1014.6 443.693 336.989 573.516 966.38 114.118 852.262 106.704 75.2878 64.3067 555.672 324.906 31.4157 13.0449 85.3399 109.107
internal_count=69905 60553 54774 49689 37937 37434 503 11752 1162 9352 377 10590 5779 5085 5296 8975 7281 4151 5065 497 4568 1694 1184 1024 3993 7074 510 202 934 483
is_linear=0
shrinkage=0.05


Tree=68
num_leaves=31
num_cat=0
split_feature=7 2 28 5 4 36 26 36 40 37 3 28 35 2 3 3 9 0 40 35 3 5 38 0 7 4 5 3 1 40
split_gain=25.2791 36.3106 26.4981 21.5022 15.2163 14.7798 16.1495 14.345 13.5158 16.2259 13.151 12.4977 13.7999 11.1134 10.3172 10.0819 9.67561 8.3936 8.04903 13.2737 12.9389 10.6443 8.61402 7.99913 7.83186 7.789 7.69163 7.61546 7.58266 16.1037
threshold=48.250000000000007 53.550000000000004 4.5000000000000009 40.95000000000001 81.050000000000011 59.806575375921376 1.0000000180025095e-35 56.829480370951266 0.37892212266063868 0.5046451326794964 43.650000000000013 5.5000000000000009 -1.766666666666669 65.250000000000014 58.650000000000013 49.650000000000013 51.350000000000001 54.45000000000001 0.2565179631670918 -2.8000000000000003 56.250000000000007 60.550000000000004 0.18963691414524073 54.250000000000007 35.350000000000001 81.250000000000014 37.150000000000013 45.350000000000001 53.150000000000013 0.17249994195088794
decision_type=2 2 2 2 2 2 2 2 2 2 2 2 2 2 2 2 2 2 2 2 2 2 2 2 2 2 2 2 2 2
left_child=1 3 5 28 14 6 8 11 9 -2 -9 12 23 18 24 -10 -16 -8 19 -4 -21 22 -20 -3 -5 -14 -13 -28 -1 -30
right_child=2 7 13 4 -6 -7 17 10 15 -11 -12 26 25 -15 16 -17 -18 -19 21 20 -22 -23 -24 -25 -26 -27 27 -29 29 -31
leaf_value=-0.02157729588578387 0.0019979299933670521 0.035919234608008402 0.023771966772712868 -0.03185846431718023 0.0025695879609009889 0.019701915657781486 -0.030036399357855383 -0.010292438325774748 0.0035098713584515787 0.015962695295120004 0.030872216988592494 -0.048996831854065212 0.0056922274534161469 0.031920587757125828 0.0057437054559691799 0.020613663897207597 -0.035462371699521093 -0.0053470154354405301 0.0054355922243676212 -0.0077102866618499501 0.0081687383012624629 0.0012184365421674015 -0.02090350590348004 0.0072138027225879106 -0.0079543308646480449 -0.0031940911033286213 -0.02548599992085859 -0.0014111898276193621 -0.028287438531928607 0.010894748447439455
leaf_weight=292.87395285069942 3890.5124117098749 49.147169932723045 44.491340566426516 35.118752056732774 531.72913485020399 135.51316565833986 45.86475482583046 25.327854800969362 156.68792280554771 219.81933628767729 80.063294598832726 11.910151202231644 597.73471674136817 20.002723380923271 210.05702683143318 193.64595874771476 15.162671592086552 140.39533927291632 35.705042794346809 595.25502765551209 163.16144258715212 111.3896732032299 222.08838257938623 49.006314903497696 1531.0880274064839 418.88357216492295 44.002413678914309 130.78404105827212 45.87119872495532 60.7486172914505
leaf_count=4228 24374 340 375 376 3172 716 294 147 709 1214 438 155 3776 99 1734 872 111 800 224 4536 1152 535 1390 309 13103 2211 415 1156 432 512
internal_value=-0.000317262 -0.00332583 0.0017614 -0.00669663 -0.0048506 0.0034245 0.00294833 0.00319402 0.00355159 0.00274635 0.0209317 0.00175231 0.00376088 -0.00490613 -0.00705586 0.0129814 0.00293285 -0.0114662 -0.00554154 -0.00272313 -0.00428694 -0.0116552 -0.0172354 0.0216599 -0.00849552 0.00202587 -0.0102098 -0.00751171 -0.0174153 -0.00592652
internal_weight=10104 4129.51 5974.53 2722.65 2323.16 4782.44 4646.93 1406.86 4460.67 4110.33 105.391 1301.47 1114.77 1192.09 1791.43 350.334 225.22 186.26 1172.09 802.908 758.416 369.183 257.793 98.1535 1566.21 1016.62 186.697 174.786 399.494 106.62
internal_count=69905 32615 37290 23668 18496 28979 28263 8947 27169 25588 585 8362 6636 8311 15324 1581 1845 1094 8212 6063 5688 2149 1614 649 13479 5987 1726 1571 5172 944
is_linear=0
shrinkage=0.05


Tree=69
num_leaves=31
num_cat=0
split_feature=33 7 30 18 11 7 36 33 7 38 8 5 14 37 29 32 30 7 18 8 15 34 0 35 12 34 36 33 8 5
split_gain=27.6349 20.6364 18.2612 18.23 15.1115 15.2859 11.7913 9.846 9.73358 9.58168 9.25689 11.7289 9.06057 8.72433 7.11594 8.62974 7.70181 6.47044 6.42503 7.54375 6.62289 6.28698 5.71641 4.62408 5.0657 4.61495 4.53594 7.47273 3.2329 3.00451
threshold=31.350000000000005 35.350000000000001 401.00000000000006 10.500000000000002 49.750000000000007 66.850000000000009 40.340263271478292 71.050000000000011 46.45000000000001 0.2193432937567856 20.650000000000002 53.050000000000004 44.95000000000001 0.58928790151598498 53.500000000000007 31.250000000000004 451.00000000000006 51.050000000000004 12.500000000000002 52.650000000000013 63.45000000000001 2.1666666666666674 49.050000000000004 -1.1999999999999991 74.350000000000009 -5.583333333333333 47.746103993030275 45.45000000000001 55.550000000000004 38.350000000000001
decision_type=8 2 2 2 2 2 2 10 2 2 2 2 2 2 2 10 2 2 2 2 2 2 2 2 2 2 2 10 2 2
left_child=6 21 26 7 9 -6 12 13 22 -5 11 25 -1 -4 -14 -16 -17 -9 19 -12 -20 -2 29 -24 -25 -10 27 -3 -28 -8
right_child=1 2 3 4 5 -7 8 17 10 -11 18 -13 14 -15 15 16 -18 -19 20 -21 -22 -23 23 24 -26 -27 28 -29 -30 -31
leaf_value=0.050235890663933393 -0.03630280170064238 -0.036216941952695529 0.004050119802408274 -0.017087812567901525 2.2708387220093948e-05 0.01669997292950048 -0.051297400884171174 0.0080714518897153434 0.037372332679743069 -0.0012915880226620515 0.018325536744180766 0.061272111731718364 -0.037635356840314362 0.025805481885872884 0.06155739729926786 -0.03501333887381982 0.014895011224918661 0.032708300348732337 -0.021683830808130383 -0.022804727263447282 0.019854856642677943 0.0002826870580611305 -0.043457876734724142 -0.023125435819357342 0.0062774096261600625 -0.011014861850836138 -0.047648411887895405 0.016313070068155324 -0.018612082489544202 -0.028346674773602559
leaf_weight=10.394907752051948 49.968134548515081 12.957463063299658 952.70045804977417 208.23950006067753 7866.3162177614868 139.75234750658274 18.926605999469757 51.751287847757339 5.944599755108352 179.42629405856133 28.889279784634709 9.3740986287593824 10.330003540962933 48.45023825019598 6.3835664317011824 11.315469328314064 23.799808103591204 56.532193914055824 135.76342788338661 17.976547554135323 10.122839506715534 14.985426384955643 11.11633777245879 28.638369005173445 29.419124018400908 26.333456875756386 24.09195164963603 13.832898564636706 17.410455644130707 73.007836496457458
leaf_count=155 456 163 4978 1533 50288 685 581 223 104 1200 468 124 207 230 100 212 384 260 2789 309 180 99 212 573 594 544 214 87 137 1816
internal_value=-0.000302796 0.000266935 0.000458198 0.000643978 -0.000151632 0.000314653 -0.0123053 0.00666737 -0.0154922 -0.00979184 -0.00895001 0.0123404 0.00786361 0.00511043 -0.000618755 0.00854364 -0.00109912 0.0209982 -0.0135806 0.00242758 -0.0187556 -0.0277978 -0.0249683 -0.0139551 -0.00815516 -0.00186114 -0.0252838 -0.00894793 -0.0356617 -0.0331765
internal_weight=10094.2 9636.41 9571.46 9503.17 8393.73 8006.07 457.736 1109.43 395.513 387.666 234.404 41.6522 62.2238 1001.15 51.8288 41.4988 35.1153 108.283 192.752 46.8658 145.886 64.9536 161.108 69.1738 58.0575 32.2781 68.2928 26.7904 41.5024 91.9344
internal_count=69905 60553 59998 59397 53706 50973 9352 5691 8294 2733 4518 772 1058 5208 903 696 596 483 3746 777 2969 555 3776 1379 1167 648 601 250 351 2397
is_linear=0
shrinkage=0.05


Tree=70
num_leaves=31
num_cat=0
split_feature=30 28 7 3 27 3 13 2 18 36 18 31 28 32 8 5 4 5 5 32 4 17 3 3 5 13 2 32 29 4
split_gain=28.5316 27.6683 31.4473 21.2658 29.4868 15.0211 16.5054 14.9429 13.9773 13.674 11.7098 11.692 11.2687 11.2118 10.5923 9.99401 9.42359 9.31691 9.12902 8.45693 8.34549 7.77563 7.49016 6.56504 10.1004 9.85894 6.72797 7.19588 6.2858 5.98188
threshold=419.00000000000006 4.5000000000000009 42.750000000000007 44.45000000000001 7.5000000000000009 59.050000000000004 57.45000000000001 49.550000000000004 12.500000000000002 57.008971708209522 15.500000000000002 -7.4999999999999991 6.5000000000000009 47.250000000000007 23.750000000000004 51.45000000000001 39.150000000000013 64.750000000000014 61.350000000000001 64.050000000000011 30.050000000000004 1650.0000000000002 59.350000000000001 52.750000000000007 50.95000000000001 58.150000000000013 53.45000000000001 43.45000000000001 56.750000000000007 94.950000000000017
decision_type=2 2 2 2 2 2 2 2 2 2 2 10 2 10 2 2 2 2 2 10 2 2 2 2 2 2 2 10 2 2
left_child=23 2 7 10 9 8 11 16 15 -5 20 -7 17 -9 -6 29 -2 -10 -13 -12 -4 -15 -18 24 -1 26 27 -25 -17 -3
right_child=1 5 3 4 14 6 -8 13 12 -11 19 18 -14 21 -16 28 22 -19 -20 -21 -22 -23 -24 25 -26 -27 -28 -29 -30 -31
leaf_value=-0.02960579326523239 -0.052035683262239611 -0.0068057520026274165 -0.032145247624682828 0.0027108889438020763 0.042894360915352925 0.040912150846993477 -0.045600963823470161 -0.022758448715068116 -0.0055998671822211051 0.013182161741978419 -0.012371735409425634 0.0019264584325539567 -0.02146660423480521 -0.0045803530781346417 0.013712792283865852 -0.0053247449200431556 -0.015494918200616228 -0.021072777223386949 0.032437298100910242 -0.0016052486557748703 0.0028440184095433075 0.0074668776809021231 0.0078106015790935434 -0.044295209703337467 -0.0069392652466954271 0.026177715256422714 -0.038745610173841691 -0.00095585566284361152 0.014246510551550249 0.023715668031980761
leaf_weight=114.24472236260772 16.049289310351014 272.71222625859082 17.263242354616523 4246.0985466018319 33.070903932675719 27.374241471290588 13.906381856650112 56.827277548611164 1050.016323029995 336.76064499281347 326.24281552992761 179.19399911351502 153.83795540221035 313.78440764546394 556.3596100769937 54.688682269304991 296.85777122154832 107.50633960589767 28.393412619829178 416.38909506425261 873.32219502516091 233.41294610872865 38.641115499660373 10.722095914185045 87.528815053403378 20.608162136748433 18.610599465668201 85.745455473661423 159.81207973882556 16.899534843862057
leaf_count=1408 192 2046 156 27128 252 197 83 857 8587 1811 3254 1349 1510 2153 3401 302 3120 536 138 2040 5290 1492 361 196 608 189 117 781 799 84
internal_value=0.000212908 0.000704432 0.00207328 0.00326641 0.00483722 -0.00443932 0.00706909 -0.00641825 -0.00601996 0.00348171 -0.00170519 0.0102258 -0.00874033 -0.00163818 0.0153655 0.00104701 -0.0146143 -0.00704295 0.00613736 -0.00634279 0.00215663 0.000549813 -0.0127943 -0.0140794 -0.0198062 -0.00551811 -0.0112554 -0.00586556 0.00923321 -0.00499992
internal_weight=10162.9 9825.42 7761.08 6805.51 5172.29 2064.34 248.868 955.573 1815.47 4582.86 1633.22 234.962 1311.36 604.025 589.431 504.113 351.548 1157.52 207.587 742.632 890.585 547.197 335.499 337.46 201.774 135.686 115.078 96.4676 214.501 289.612
internal_count=70437 67138 51507 43332 32592 15631 1767 8175 13864 28939 10740 1684 10633 4502 3653 3231 3673 9123 1487 5294 5446 3645 3481 3299 2016 1283 1094 977 1101 2130
is_linear=0
shrinkage=0.05


Tree=71
num_leaves=31
num_cat=0
split_feature=4 7 32 36 6 18 1 5 5 37 1 7 34 36 34 0 9 36 3 37 36 29 32 8 7 0 34 26 3 18
split_gain=27.1082 23.3828 23.8058 17.5575 14.4699 13.6436 19.7601 11.6231 9.56869 10.3051 10.5587 9.05642 8.76378 18.7528 8.6446 9.9147 8.54633 8.11938 8.06744 14.9283 10.2909 8.76227 11.1545 7.86286 7.38816 7.29717 7.22969 7.10524 8.97543 6.98403
threshold=90.250000000000014 54.050000000000004 46.95000000000001 43.289807917526694 49.95000000000001 14.500000000000002 53.150000000000013 54.250000000000007 69.15000000000002 0.26902124971113595 60.650000000000013 42.95000000000001 -0.83333333333333315 39.434261022394303 -4.833333333333333 44.95000000000001 51.750000000000007 48.21498351939892 42.95000000000001 0.16331000348857494 59.339429630447846 53.500000000000007 60.45000000000001 65.65000000000002 55.850000000000001 47.650000000000013 4.166666666666667 1.0000000180025095e-35 55.350000000000001 16.500000000000004
decision_type=2 2 10 2 2 2 2 2 2 2 2 2 2 2 2 2 2 2 2 2 2 2 10 2 2 2 2 2 2 2
left_child=1 2 11 29 14 6 -6 -7 9 10 -5 -1 13 -13 17 -16 -11 -4 19 -2 21 22 -20 -24 -10 -14 -21 -23 -29 -3
right_child=18 3 4 8 5 7 -8 -9 24 16 -12 12 25 -15 15 -17 -18 -19 20 26 -22 27 23 -25 -26 -27 -28 28 -30 -31
leaf_value=-0.022388952753789368 -0.036138210092401452 0.015267217145957718 0.028871951939389746 -0.0078895672173065964 -0.0031661283232163741 -0.0069009848061905577 0.0059258478271895787 -0.00049296498791618238 0.032580158147924844 0.003906821699371902 0.030800518285273248 0.058819090003406106 -0.028041784745194545 -0.0045397082100513608 -0.016311116566197173 0.0069685549175143267 -0.010813093020629258 -0.0095069623599839861 0.052568486736580849 0.0064986851313775561 0.030911961999076195 0.0073575893468183218 -0.0010505889301319021 0.031189708949443326 0.0070820207917147195 -0.0090260453163136228 -0.020226389290864875 -0.019589645670940976 0.015194083971069078 -0.0045471133936945711
leaf_weight=151.07252917997539 27.458947848528624 363.92469957657158 69.483049903064966 417.18441881425679 1421.8927958849818 1803.6119935717434 1030.4706444069743 1167.4313817545772 37.867603324353695 1166.374473201111 18.269354980438948 12.286202881485222 72.692506680265069 203.66948504373431 52.750918535515666 335.99417311139405 107.47004416584969 16.907520603388548 22.553098984062672 189.09970880299807 49.184019524604082 893.12276658788323 44.584572404623032 32.372811317443848 116.51555137336254 169.35246802680194 29.060391284525394 55.209953162819147 27.664539162069559 50.191199839115143
leaf_count=2795 135 2196 589 2653 9463 15666 5476 6622 167 7084 87 190 1382 3168 462 1989 665 138 162 965 220 4266 209 145 513 2084 142 313 154 337
internal_value=0.000200983 -0.000818753 -0.00234531 0.00354031 -0.00137249 -0.00210623 0.000652321 -0.00438482 0.00146771 0.000387642 -0.00624816 -0.0117566 -0.00823449 -0.000886386 0.00699094 0.00379337 0.00266028 0.0213007 0.006742 -0.00144959 0.00853536 0.00750462 0.0216515 0.0124696 0.0133857 -0.0147668 0.00290818 0.00605505 -0.00791383 0.0128531
internal_weight=10155.7 8785.41 6507.62 2277.8 5898.54 5423.41 2452.36 2971.04 1863.68 1709.3 435.454 609.073 458.001 215.956 475.136 388.745 1273.84 86.3906 1370.31 245.619 1124.69 1075.51 99.5105 76.9574 154.383 242.045 218.16 975.997 82.8745 414.116
internal_count=70437 63726 50024 13702 40405 37227 14939 22288 11169 10489 2740 9619 6824 3358 3178 2451 7749 727 6711 1242 5469 5249 516 354 680 3466 1107 4733 467 2533
is_linear=0
shrinkage=0.05


Tree=72
num_leaves=31
num_cat=0
split_feature=33 30 33 5 6 37 9 0 34 1 9 9 5 36 30 6 34 35 34 9 1 35 36 0 8 40 37 34 12 1
split_gain=27.693 20.2713 20.0423 19.5347 16.9285 15.8335 15.0839 14.4732 12.7449 14.1354 13.6494 11.9937 11.1852 9.56674 10.0494 9.93033 9.29234 8.89335 8.40398 8.46997 9.93546 8.91542 8.39643 7.63507 7.1933 11.1565 7.14833 7.9892 7.4608 6.28628
threshold=41.95000000000001 541.00000000000011 71.050000000000011 49.050000000000004 70.65000000000002 0.75035403050108951 51.750000000000007 48.95000000000001 -1.8333333333333333 51.350000000000001 42.650000000000013 43.150000000000013 40.550000000000004 38.707190908613704 439.00000000000006 60.050000000000004 -1.4166666666666663 -2.1999999999999988 7.166666666666667 49.350000000000001 58.95000000000001 2.3833333333333333 44.43092498001112 49.350000000000001 20.650000000000002 0.22827569055588817 0.30314192195662903 2.1666666666666674 98.450000000000017 49.350000000000001
decision_type=8 2 10 2 2 2 2 2 2 2 2 2 2 2 2 2 2 2 2 2 2 2 2 2 2 2 2 2 2 2
left_child=3 2 5 6 13 8 7 11 9 -2 -10 -1 -8 29 -15 -16 -13 -6 19 20 -4 -21 -14 -24 25 -19 27 -9 -28 -5
right_child=1 -3 18 4 17 -7 12 26 10 -11 -12 16 22 14 15 -17 -18 24 -20 21 -22 -23 23 -25 -26 -27 28 -29 -30 -31
leaf_value=0.050665535451955374 0.0022345574695883329 -0.019684700871544579 0.010895686888194131 0.063204793522957603 0.026606012908011224 0.03934450890876251 -0.018399068755448167 -0.021579813572672704 -0.021325392706454737 0.015317818283838096 -0.00042520093450649664 -0.011879759791447633 0.070379183761273917 -0.019550644532473006 -0.00089992755599478463 0.018967574853183997 -0.029431811362128236 -0.019027932580789043 -0.021012074806273678 0.003057973967220658 0.035992716764325562 0.016127205379303761 0.050439437662407466 -0.0024434355517467593 -0.01926888914836233 0.056795512972657052 -0.0072177308836609807 0.013828039890189768 0.0099820831018919472 0.018880745520966458
leaf_weight=5.6427927054464808 1132.5780226178467 113.99764582514763 336.41050328314304 9.9785979799926263 13.811419125646351 25.987665168941021 17.71718561835587 122.79286485537887 79.119381710886955 252.79109569638968 5707.3329279944301 131.80751475319266 9.3976004868745786 38.124154074117541 140.78548142500222 112.9143699426204 180.7783666998148 11.26379879191518 26.103592947125435 841.82744604349136 44.891789883375168 154.76495036482811 10.309712029993536 19.322903983294964 132.19737587682903 8.3051196821033937 326.78845980577171 18.05534640327096 77.821188844740391 43.221499584615231
leaf_count=94 7351 638 1407 119 168 137 239 1991 576 1451 32929 2727 113 547 1600 1357 3847 160 109 3544 194 654 146 204 1675 96 4526 262 1115 461
internal_value=0.000190107 0.00124903 0.00152727 -0.00625548 0.00157924 0.000460549 -0.0106068 -0.0122509 0.000318406 0.00462643 -0.000712201 -0.0207322 0.0143052 0.00789418 0.00431453 0.0079268 -0.0220528 -0.0115462 0.00699198 0.00752762 0.0138722 0.00509398 0.0292877 0.015895 -0.0150664 0.0130228 -0.00729076 -0.0169988 -0.00389558 0.0273913
internal_weight=10146.8 8715.81 8601.81 1431.04 510.602 7197.81 920.434 863.687 7171.82 1385.37 5786.45 318.229 56.7474 345.024 291.824 253.7 312.586 165.578 1404 1377.89 381.302 996.592 39.0302 29.6326 151.766 19.5689 545.458 140.848 404.61 53.2001
internal_count=70437 48990 48352 21447 6183 42444 15264 14562 42307 8802 33505 6668 702 4084 3504 2957 6574 2099 5908 5799 1601 4198 463 350 1931 256 7894 2253 5641 580
is_linear=0
shrinkage=0.05


Tree=73
num_leaves=31
num_cat=0
split_feature=4 7 12 27 8 4 32 9 13 18 34 2 8 2 8 32 39 32 8 31 35 7 2 26 37 18 4 13 0 2
split_gain=23.8228 22.0051 25.1519 16.4884 20.5061 15.1081 13.7271 14.4716 13.3104 12.4558 11.2898 10.5916 10.9208 9.31101 8.77436 8.11897 7.8375 7.69283 7.37237 8.71758 7.19308 7.11717 6.87786 6.70479 9.89237 6.69203 6.20842 7.75731 6.11378 8.93953
threshold=90.250000000000014 40.850000000000001 89.350000000000009 7.5000000000000009 53.45000000000001 42.750000000000007 74.450000000000017 49.45000000000001 77.950000000000017 8.5000000000000018 -4.1666666666666652 52.550000000000004 69.850000000000009 50.650000000000013 58.350000000000001 61.550000000000004 -22.999999999999996 69.450000000000017 24.150000000000002 -11.499999999999998 5.0666666666666673 56.750000000000007 51.550000000000004 1.0000000180025095e-35 0.56183598638661791 14.500000000000002 62.050000000000004 49.45000000000001 53.750000000000007 53.95000000000001
decision_type=2 2 2 2 2 2 10 2 2 2 2 2 2 2 2 10 2 10 2 10 2 2 2 2 2 2 2 2 2 2
left_child=1 2 11 6 5 21 8 -8 9 -3 -7 17 15 26 25 -13 -9 22 -2 -20 -16 -5 -1 24 -21 -6 -4 -28 29 -15
right_child=18 3 13 4 14 10 7 16 -10 -11 -12 12 -14 28 20 -17 -18 -19 19 23 -22 -23 -24 -25 -26 -27 27 -29 -30 -31
leaf_value=-0.022216058053204014 0.026590292923085086 0.012353659448599986 -0.021724401432921134 -0.017692828506877697 -0.001469177324129868 0.037982265056166302 0.016675658965429548 -0.023399077844650784 0.038654492947523225 -0.0023086224833955035 0.011558817818515858 -0.010460336345996177 -0.032861261639788003 0.0083917341187787122 0.0025817702373335475 0.018884818706572028 0.0025535616258567637 -0.0013187007043458316 -0.026021790585987171 0.0065916523936944823 -0.030906293343233939 0.0268511637374486 -0.053577917133443703 -0.0059399325249725847 0.040386142003216004 -0.026176811202192892 -0.028880722224450695 0.018971845666424379 0.0021894748629980487 0.047706652805039176
leaf_weight=252.28453353233635 43.42094649374485 148.25491172261536 41.088634314015508 59.775753764435649 51.879336396232247 43.618392253294587 203.32129378244281 30.574206329882145 20.136367240920663 5970.4306551720947 577.63130039162934 47.425490196794271 25.382208470255136 34.646335551515222 385.93367208912969 46.485637206584215 556.92130266129971 41.957704182714224 21.235889878123999 1180.0006735809147 16.618787843734026 10.378701327368615 19.040412871167064 104.79393623396754 22.029619365930557 59.113928347826004 11.605629680678247 30.231677670031786 57.55712378397584 25.264570638537407
leaf_count=2984 216 821 489 601 329 414 893 136 136 44707 3933 552 173 332 2541 256 2413 193 119 5686 102 77 193 591 99 439 134 286 408 184
internal_value=0.00017963 -0.000778454 -0.0097576 -7.90418e-05 0.00531841 0.0109405 -0.00101835 0.00517984 -0.0018177 -0.00195234 0.0134279 -0.0165429 -0.00380883 0.00486529 -0.00224175 0.00401685 0.00119068 -0.0213731 0.0063077 0.00563884 0.00117951 -0.0110029 -0.0244542 0.0061591 0.00721847 -0.0146849 -0.00791822 0.00554115 0.0139313 0.0251061
internal_weight=10139 8767.56 632.97 8134.59 1204.95 691.404 6929.64 790.817 6138.82 6118.69 621.25 432.576 119.293 200.394 513.546 93.9111 587.496 313.283 1371.48 1328.06 402.552 70.1545 271.325 1306.82 1202.03 110.993 82.9259 41.8373 117.468 59.9109
internal_count=70437 63726 6184 57542 8436 5025 49106 3442 45664 45528 4347 4351 981 1833 3411 808 2549 3370 6711 6495 2643 678 3177 6376 5785 768 909 420 924 516
is_linear=0
shrinkage=0.05


Tree=74
num_leaves=31
num_cat=0
split_feature=3 32 28 7 2 35 13 4 40 7 37 3 6 13 18 4 32 3 18 9 28 4 32 3 4 9 36 4 9 1
split_gain=24.3892 23.7867 15.6372 20.7061 17.903 12.9355 14.1147 12.6464 12.338 12.221 12.1099 17.2947 11.0512 12.1567 10.6206 9.74228 8.99397 8.11721 8.92618 12.6546 10.9164 9.44192 8.17002 8.04142 8.02117 10.514 7.89956 19.1398 6.67394 9.0983
threshold=58.45000000000001 46.650000000000013 4.5000000000000009 47.150000000000013 53.550000000000004 -2.0333333333333345 48.95000000000001 44.350000000000001 0.24602520118018478 42.95000000000001 0.25151449414128174 53.850000000000001 61.850000000000001 56.050000000000004 17.500000000000004 99.550000000000011 53.350000000000001 67.050000000000011 14.500000000000002 50.95000000000001 3.5000000000000004 67.15000000000002 77.250000000000014 52.750000000000007 91.550000000000011 49.250000000000007 44.43092498001112 85.250000000000014 50.250000000000007 52.650000000000013
decision_type=2 8 2 2 2 2 2 2 2 2 2 2 2 2 2 2 10 2 2 2 2 2 10 2 2 2 2 2 2 2
left_child=1 9 3 4 7 6 23 -3 -8 -1 11 -5 16 -14 -12 -6 -7 18 22 24 -21 -22 28 -4 -20 -26 27 -11 29 -2
right_child=17 2 5 10 15 12 8 -9 -10 26 14 -13 13 -15 -16 -17 -18 -19 19 20 21 -23 -24 -25 25 -27 -28 -29 -30 -31
leaf_value=-0.024442218103549629 0.0057896167204241301 -0.018971361513244207 -0.02078811428332401 -0.0047404519360525104 0.0064283531311413195 0.018059753568001918 0.033207470687357833 -0.0043076876147596548 -0.0055783410790334748 -0.0011609666915625735 0.005436841474108999 0.0094416693710379102 -0.010725480247543703 0.0081303457365011992 -0.0051291986466371446 -0.014336862847747284 -0.0023411485745096446 0.042407574366738199 0.0030470525872108201 0.0001908994365031971 -0.0026610152123990299 -0.046643989658707044 0.032957511970192817 0.021499408192099279 0.045296424325057177 0.0081462129270082444 -0.011074288163072954 0.085981732798788554 0.0045839994756781428 0.026934341765035931
leaf_weight=121.99991300329566 105.08134638518095 164.80749825015664 43.899345800280571 899.14939840137959 542.64719481393695 62.907044207677245 65.609269002452493 1381.6387014072388 29.470539312809706 152.82432361878455 2924.3650898337364 282.2845333982259 900.8141955062747 94.060913596302271 258.31826004758477 62.827495627105236 378.19497697427869 15.325213242322205 601.10026796907187 74.639454269781709 20.267748771235347 31.595110613852739 38.497023284435272 14.909728836268185 26.690648999065161 67.740491140633821 339.31964229792356 6.4684927128255358 325.21481369249523 100.01428290084004
leaf_count=2374 756 1665 345 5400 2965 631 454 10425 166 2287 16567 1646 6327 568 1624 291 2362 93 4481 496 152 215 172 111 128 326 4856 67 1958 529
internal_value=0.000169818 -0.000814396 -9.14053e-05 0.000992747 -0.00301987 -0.00453771 0.00922223 -0.00587478 0.0211398 -0.0102479 0.00297252 -0.00134712 -0.00601634 -0.00893708 0.00457756 0.00426337 0.000560394 0.00628093 0.00587625 0.00253576 -0.0119928 -0.0295901 0.0106938 -0.00996388 0.00518673 0.0187363 -0.00676061 0.00239804 0.00906226 0.0161332
internal_weight=10132.7 8726.52 8105.9 6516.04 2151.92 1589.87 153.889 1546.45 95.0798 620.612 4364.12 1181.43 1435.98 994.875 3182.68 605.475 441.102 1406.17 1390.84 822.034 126.502 51.8629 568.807 58.8091 695.531 94.4311 498.612 159.293 530.31 205.096
internal_count=70437 61131 51547 40583 15346 10964 1076 12090 620 9584 25237 7046 9888 6895 18191 3256 2993 9306 9213 5798 863 367 3415 456 4935 454 7210 2354 3243 1285
is_linear=0
shrinkage=0.05


Tree=75
num_leaves=31
num_cat=0
split_feature=3 33 37 33 6 36 40 36 18 3 36 17 7 4 33 36 38 37 13 9 4 7 32 36 33 38 33 38 31 33
split_gain=27.1337 22.199 17.6554 14.6127 12.9214 12.8492 13.1223 12.6615 12.2039 13.4107 11.56 11.6259 11.4114 10.9733 10.3372 10.2028 10.0206 9.95325 9.10018 8.62077 8.94205 8.78674 8.56641 10.8278 11.0017 8.18092 16.2869 7.9791 8.82032 8.4429
threshold=50.95000000000001 46.650000000000013 0.57445105820105835 81.450000000000017 59.45000000000001 42.960499451655622 0.13954979611562832 48.906332556933982 14.500000000000002 63.45000000000001 57.564208782104394 2760.0000000000005 66.850000000000009 49.750000000000007 71.850000000000009 41.187639113676596 0.18262686270938158 0.64766534391534403 45.650000000000013 49.250000000000007 87.050000000000011 38.45000000000001 73.450000000000017 47.126593314138788 42.95000000000001 0.1993071988194231 64.65000000000002 0.29074359774547837 -7.4999999999999991 65.050000000000011
decision_type=2 8 2 10 2 2 2 2 2 2 2 2 2 2 10 2 2 2 2 2 2 2 10 2 10 2 8 2 8 10
left_child=1 2 5 10 13 6 -1 -4 22 12 11 17 15 27 16 -10 -12 -3 -8 20 -15 -21 23 24 -6 -24 -27 28 -2 -30
right_child=4 3 7 -5 8 -7 18 -9 9 -11 14 -13 -14 19 -16 -17 -18 -19 -20 21 -22 -23 25 -25 -26 26 -28 -29 29 -31
leaf_value=-0.030261162172981693 0.032367421382808369 -0.0022677764734684329 0.065178119820020364 0.019391076974830546 -0.0039307914220036927 -0.013206456401157122 0.032205531154416503 0.0035563234883815263 0.028598120894769596 0.019078351851520639 -0.01642133650074808 -0.03134200356296292 0.03025718099937845 0.011203425095462884 0.032361842923225435 -0.003770469185742786 0.0077372724645207698 0.020598283537953718 0.00039587450325870993 -0.021278733538234521 0.033789666780459623 0.0065266964162564601 0.033145921717298167 0.00022386540143198914 0.017943268056332767 -0.015989572223467061 0.017809949851195949 -0.036274144790817142 -0.012853098714524367 0.020069429717565812
leaf_weight=31.663598636165261 16.468204529955983 3542.0691928341985 12.691260650753973 86.521265715360641 81.441666601225734 806.92437892593443 25.401643669232726 24.514791220426559 24.567712256684899 72.761426575481892 50.004913203418255 33.911241039633751 25.58048976585269 229.01592213101685 36.063781082630157 1698.2659258376807 296.01131709292531 48.101049669086933 192.97296900674701 29.013776900246739 54.625735707581043 1068.932485146448 41.913020819425583 1026.9681722633541 192.31966938823462 48.874402232468128 129.90146750211716 19.093214275315404 100.31538475677371 23.972775101661682
leaf_count=538 159 19307 122 377 1064 11189 336 237 295 510 281 245 139 1611 159 12357 1553 241 2412 294 280 6906 181 6222 1039 215 566 153 956 104
internal_value=-9.68869e-05 -0.00261576 -0.00894219 -0.000923005 0.00257714 -0.0101379 -0.000213789 0.0248284 0.000828897 -0.00193057 -0.00136345 -0.00223663 -0.00280877 0.00636464 0.00690416 -0.00330436 0.00422778 -0.00195946 0.00413195 0.00780118 0.0155812 0.0057855 0.00413524 0.00258454 0.0114186 0.013247 0.00853799 -0.00601733 -0.00185474 -0.00645176
internal_weight=10070.9 5186.85 1094.17 4092.68 4884.03 1056.96 250.038 37.2061 3342.59 1821.18 4006.16 3624.08 1748.41 1541.44 382.08 1722.83 346.016 3590.17 218.375 1381.59 283.642 1097.95 1521.42 1300.73 273.761 220.689 178.776 159.85 140.756 124.288
internal_count=70048 36997 14834 22163 33051 14475 3286 359 22588 13301 21786 19793 12791 10463 1993 12652 1834 19548 2748 9091 1891 7200 9287 8325 2103 962 781 1372 1219 1060
is_linear=0
shrinkage=0.05


Tree=76
num_leaves=31
num_cat=0
split_feature=28 30 7 7 36 1 34 38 29 4 6 30 18 27 12 39 39 12 12 7 38 6 40 36 4 30 12 30 4 4
split_gain=23.8582 16.0327 13.8316 12.8709 11.6156 23.9724 15.9637 11.268 10.5765 7.5273 7.38465 7.25229 7.23008 6.7137 5.81555 5.65263 5.32754 5.25893 7.70077 7.84933 6.39163 4.88586 4.37525 5.25526 4.34057 3.5674 3.55588 3.27056 2.522 2.49443
threshold=6.5000000000000009 419.00000000000006 66.850000000000009 36.350000000000001 44.737750031098408 44.850000000000001 -1.5833333333333333 0.17943285564178554 58.250000000000007 41.850000000000001 83.350000000000009 385.00000000000006 16.500000000000004 6.5000000000000009 91.250000000000014 -8.9999999999999982 -6.9999999999999991 95.750000000000014 54.300000000000004 52.850000000000001 0.2197832844284397 72.350000000000009 0.20846408400906133 49.992810648006497 48.95000000000001 475.00000000000006 70.850000000000009 411.00000000000006 63.050000000000004 68.050000000000011
decision_type=2 2 2 2 2 2 2 2 2 2 2 2 2 2 2 2 2 2 2 2 2 2 2 2 2 2 2 2 2 2
left_child=1 9 3 7 6 -6 -5 -3 16 -1 11 -11 -13 22 -9 21 17 18 19 -2 -19 28 -4 -24 -20 29 -15 -12 -10 -18
right_child=8 2 13 4 5 -7 -8 14 15 10 27 12 -14 26 -16 -17 25 20 24 -21 -22 -23 23 -25 -26 -27 -28 -29 -30 -31
leaf_value=-0.0364118470385148 -0.017859813518831116 0.026869144420644121 0.026817159652609546 0.010679556433980051 -0.013098952025259231 0.00035877678202868665 0.00093654535711640654 -0.030209332461650074 -0.016025491017780252 -0.044873993625163235 0.038217401130530751 -0.004485899348570869 -0.025112487122911531 0.015909147646354233 0 -0.017966622694715096 -0.037024721673346014 0.020140116629407956 -0.0032947788174028138 0.034430473132150578 -0.026793928329453272 0.028600103619488428 -0.0046821685723894453 0.020115408269609888 -0.035765395278482041 -0.047806929373626558 0.042818330168004057 -0.00049794354210849496 0.0099014114878220039 0
leaf_weight=25.769031999632716 22.867564948275685 12.590104810893534 25.151798900216818 621.20509294979274 347.44676296971738 6905.1202918291092 1304.5066977757961 69.822585524991155 17.063961427658796 14.429625602439044 11.368286475539209 220.08776339888573 52.874217690899968 24.760680668056011 20.78327976167202 29.910478740930557 8.8517975062131899 18.543133972212676 12.724093087017534 10.327483296394346 11.752442188560961 20.132439829409122 65.270042862743139 31.522369161248207 63.332681320607662 27.562104379758239 26.336624763906002 9.9207633826881629 20.451578438282013 8.9355579596012813
leaf_count=402 248 109 141 5633 3928 43541 9328 757 100 174 133 1986 499 122 200 173 110 195 150 78 108 105 323 146 609 311 139 100 110 90
internal_value=-9.26727e-05 0.000313095 0.000694222 0.000432461 0.000630506 -0.000285421 0.00408248 -0.0171169 -0.0146845 -0.010443 -0.00824779 -0.0103657 -0.00850743 0.0146972 -0.023307 -0.00030925 -0.021461 -0.0165361 -0.0216468 -0.00138679 0.00174043 0.00878089 0.00825279 0.00335448 -0.0304103 -0.0364362 0.0299329 0.0200242 -0.00176978 -0.0183686
internal_weight=10061.4 9788.97 9454.52 9281.47 9178.28 7252.57 1925.71 103.196 272.455 334.45 308.681 287.392 272.962 173.042 90.6059 87.5585 184.897 139.547 109.252 33.195 30.2956 57.648 121.944 96.7924 76.0568 45.3495 51.0973 21.289 37.5155 17.7874
internal_count=70048 67661 64367 63496 62430 47469 14961 1066 2387 3294 2892 2659 2485 871 957 488 1899 1388 1085 326 303 315 610 469 759 511 261 233 210 200
is_linear=0
shrinkage=0.05


Tree=77
num_leaves=31
num_cat=0
split_feature=28 0 7 36 2 39 34 38 36 30 29 12 7 33 15 32 5 38 36 8 34 5 36 36 32 34 36 39 39 12
split_gain=21.7978 23.1131 16.2599 15.74 14.9759 24.7123 17.2686 14.7767 13.8658 12.2642 9.8004 9.4164 9.26683 8.43468 8.24657 9.53484 8.12543 8.26657 7.54141 10.9602 7.4459 7.23895 7.07898 7.04195 5.98791 5.8137 7.12816 5.12376 5.0878 4.86682
threshold=6.5000000000000009 46.050000000000004 44.050000000000004 58.918804051089147 56.050000000000004 -10.999999999999998 -0.83333333333333315 0.21884548561898012 42.453296051231561 419.00000000000006 58.250000000000007 81.450000000000017 52.850000000000001 50.050000000000004 53.350000000000001 60.550000000000004 57.550000000000004 0.21178688310381102 50.035947473705399 81.350000000000009 -4.1666666666666652 39.750000000000007 217.28608800563086 292.27100660589809 68.250000000000014 -2.5833333333333326 54.281729048323086 -8.9999999999999982 -6.9999999999999991 95.750000000000014
decision_type=2 2 2 2 2 2 2 2 2 2 2 2 2 8 2 10 2 2 2 2 2 2 2 2 10 2 2 2 2 2
left_child=1 2 13 4 5 11 7 -6 14 -7 28 -3 -8 -1 20 -16 17 24 21 -20 -4 -10 -18 -19 -5 -15 -27 -12 29 -2
right_child=10 3 8 16 6 9 12 -9 18 -11 27 -13 -14 25 15 -17 22 23 19 -21 -22 -23 -24 -25 -26 26 -28 -29 -30 -31
leaf_value=-0.025768519616031008 -0.020881013712953377 -0.011171692852330524 0.025463630239784336 -0.02514529199288942 0.023238188859388598 -0.0098532133106166604 0.0047983627223424554 0.00630935910075737 -0.030577331513637025 0.0019475451572881196 0.0083209049225659599 -0.0028811138543238558 -0.002776595807707935 0.01588450670623499 0.013006860067563629 0.059888568677945134 0.016117308139660214 0.019381298408820774 -0.0028895452048226886 0.026699927746533778 -0.0069783144411847981 -0.0078623762101234246 0.046467511557665125 -0.005123557718326891 0.0085354957600861005 -0.01954536295818781 0.0054226599996092589 -0.017192010878201085 -0.035562621876586487 0.0016325787143362293
leaf_weight=130.75126443989575 107.68632442876697 574.04719878733158 24.732532741501927 29.890176577493548 185.99297221377492 231.9988030064851 968.39299886673689 424.10411608219147 38.631047302857041 4248.3014058079571 57.782513115555048 854.69761257059872 691.46962216123939 20.874257784336805 35.245957100763917 15.883152380585669 77.847785830497742 106.19293666258454 410.57083067670465 33.768993977457285 61.097996985539794 396.49752365984023 25.962507009506226 40.033706910908222 23.205292612314224 98.076762355864048 39.884121753275394 29.705099049955606 44.189933970570564 30.346888855099678
leaf_count=2683 1085 4411 289 203 1223 2114 5125 2630 695 27802 315 6300 3447 140 403 95 357 598 3166 265 725 3723 114 208 98 597 250 173 511 303
internal_value=-8.90439e-05 0.000296909 -0.00589411 0.0012508 0.000835417 -0.000489907 0.0042875 0.0114814 -0.00290954 0.00133516 -0.0141092 -0.00621619 0.00163978 -0.0163479 0.0118723 0.0277566 0.0124381 0.00649014 -0.00521829 -0.000624049 0.00233058 -0.00989708 0.0237933 0.0126393 -0.0103428 -0.00855012 -0.0122923 -0.000294273 -0.0207107 -0.0158976
internal_weight=10057.9 9788.15 1306.01 8482.14 8179 5909.05 2269.96 610.097 1016.43 4480.3 269.711 1428.74 1659.86 289.586 136.96 51.1291 303.132 199.322 879.468 444.34 85.8305 435.129 103.81 146.227 53.0955 158.835 137.961 87.4876 182.223 138.033
internal_count=70048 67661 13031 54630 53052 40627 12425 3853 9361 29916 2387 10711 8572 3670 1512 498 1578 1107 7849 3431 1014 4418 471 806 301 987 847 488 1899 1388
is_linear=0
shrinkage=0.05


Tree=78
num_leaves=31
num_cat=0
split_feature=0 28 13 33 36 18 33 40 34 1 28 5 28 27 36 13 37 31 37 7 37 13 36 34 7 7 6 36 6 13
split_gain=20.0111 21.7235 20.6436 15.7117 14.1072 13.3495 17.9147 13.0206 16.4664 12.7016 12.3445 11.8193 12.5172 11.6655 10.6286 10.0091 9.92922 12.0413 9.5275 12.8038 9.31783 11.8263 9.29175 10.2524 9.77675 7.96095 7.92394 7.68532 7.56568 7.80528
threshold=49.45000000000001 4.5000000000000009 63.050000000000004 55.250000000000007 61.430563941552954 17.500000000000004 76.450000000000017 0.29794244407081888 -3.5833333333333326 55.250000000000007 6.5000000000000009 59.95000000000001 5.5000000000000009 5.5000000000000009 46.731263957159022 49.650000000000013 0.097767094017094033 -7.4999999999999991 0.29579396785601209 37.150000000000013 0.23504314284500044 54.150000000000013 52.486273344334784 1.1666666666666667 43.350000000000001 67.450000000000017 57.250000000000007 42.581769533824634 75.850000000000009 47.850000000000001
decision_type=2 2 2 8 2 2 10 2 2 2 2 2 2 2 2 2 2 8 2 2 2 2 2 2 2 2 2 2 2 2
left_child=2 5 3 7 10 13 -7 8 14 -10 25 12 -6 18 -1 28 -15 -18 27 -20 -9 -22 24 -24 -4 -3 -17 -2 29 -5
right_child=1 4 22 15 11 6 -8 20 9 -11 -12 -13 -14 16 -16 26 17 -19 19 -21 21 -23 23 -25 -26 -27 -28 -29 -30 -31
leaf_value=0.011001582612244015 0.014726488281130793 -0.0038217188295769098 -0.023197610740125982 -0.0068627954129754452 0.033103098915247132 -0.0070937012575808412 0.046568382699977179 -0.020754149890597637 -0.016567510215681626 0.0030387043744965377 -0.018221027064292458 0.042461567368203834 -0.0093285811303619719 -0.018559051557775399 -0.012346821966247083 0.008437757367497788 0.02019790962667057 0.0056571122775265423 -0.033917430169477222 0.0039688761707085502 -0.0022935054214535218 0.033060399070873818 0.01002121696587064 0.05212514999859668 0.010076024102948019 0.032488113835794696 -0.0016601497754314598 -0.0034652670879386223 0.008322093796620569 -0.027022050939174643
leaf_weight=120.60843799076974 61.501374371349812 1410.9227263387293 26.299925215542316 130.36021442711353 25.355645701289177 459.13993615284562 15.97965659201145 25.21740685030818 729.02638068422675 92.654078925028443 156.7534712087363 26.926670387387276 54.473116710782051 39.461488805711269 81.573882851749659 253.81082070246339 153.46491633355618 2019.5763172842562 22.440025588497519 1907.7746315319091 53.102948766201735 42.191494859755039 35.15413505397737 24.986748728901148 133.25850055739284 15.133375391364096 825.82012713328004 987.93139854446054 44.24520330876112 76.895818650722504
leaf_count=1776 406 10391 237 742 129 3015 68 227 10413 872 1569 116 279 219 1099 1269 940 11903 215 11267 437 316 228 157 946 86 4120 5946 230 430
internal_value=-8.5594e-05 0.00126419 -0.00377174 -0.00507684 -0.0037105 0.0027482 -0.00526895 -0.00937345 -0.0112049 -0.0143505 -0.00489962 0.0138614 0.0041108 0.00348288 0.00155511 -0.00137885 0.00623384 0.0066872 0.00143838 0.0035241 0.00614128 0.0133252 0.0109065 0.0276546 0.00454914 -0.00343064 0.000709702 -0.00239308 -0.0103611 -0.0143758
internal_weight=10052 7356.83 2695.21 2475.51 1689.57 5667.27 475.12 1144.37 1023.86 821.68 1582.81 106.755 79.8288 5192.15 202.182 1331.13 2212.5 2173.04 2979.65 1930.21 120.512 95.2944 219.699 60.1409 159.558 1426.06 1079.63 1049.43 251.501 207.256
internal_count=70048 46549 23499 21931 12570 33979 3083 15140 14160 11285 12046 524 408 30896 2875 6791 13062 12843 17834 11482 980 753 1568 385 1183 10477 5389 6352 1402 1172
is_linear=0
shrinkage=0.05


Tree=79
num_leaves=31
num_cat=0
split_feature=3 40 0 2 35 1 13 36 1 27 3 30 3 5 34 2 12 36 36 6 15 9 38 36 34 5 40 15 36 31
split_gain=24.6346 15.4408 15.1821 12.8387 14.5351 12.4775 15.9699 13.0232 12.8497 11.6818 11.6238 12.1927 11.4938 11.0998 13.1705 11.0659 10.9326 10.9114 9.83937 9.35207 8.36897 8.28209 8.05802 8.78429 9.51222 9.63344 9.36326 6.63899 6.52247 6.43115
threshold=50.95000000000001 0.14730077839414343 44.250000000000007 57.050000000000004 4.1000000000000059 57.650000000000013 48.250000000000007 45.078906142179122 45.250000000000007 2.5000000000000004 51.050000000000004 499.00000000000006 66.500000000000014 69.15000000000002 -2.4166666666666665 51.550000000000004 99.950000000000017 59.806575375921376 58.918804051089147 78.450000000000017 47.750000000000007 51.750000000000007 0.23380770850069674 40.943008339071845 0.58333333333333337 49.45000000000001 0.22944967294172644 43.550000000000004 57.367609285391559 1.5000000000000002
decision_type=2 2 2 2 2 2 2 2 2 2 2 2 2 2 2 2 2 2 2 2 2 2 2 2 2 2 2 2 2 10
left_child=1 3 22 4 21 7 -7 9 19 -3 11 16 13 14 -12 -11 -4 -10 -8 -9 -15 -1 23 26 -25 -26 -2 -5 -24 -20
right_child=2 5 10 27 -6 6 18 8 17 15 12 -13 -14 20 -16 -17 -18 -19 29 -21 -22 -23 28 24 25 -27 -28 -29 -30 -31
leaf_value=-0.019735348265519433 -0.008823318017435541 -0.0068392548320994565 0.026007023935008131 -0.013412288263739648 0.030821052184247657 -0.016545689666912167 0.0053008547336257979 -0.020995335972233131 -0.0044173413245873839 0.0016809073790414811 0.0087884418185693453 0.058630546534661626 0.043943917934975173 0.025702851143251389 0.00095550491880531637 0.015476841390180456 -0.019359460705840201 0.0079088435287492584 0.046196512757171876 0.014256159186998359 0.0066292661962068927 0.011556636565525939 -0.0012558067087064359 -0.020833611756561638 -0.018964801632609152 0.011721625541554943 0.046387135827661359 0.0286685279084067 0.028278839835950326 0.0085585225104601505
leaf_weight=305.45680420845747 18.092401776462797 269.86822111345828 41.624987410381436 14.040656834840773 16.123784869909286 80.492911655455828 584.11844731867313 167.9881791677326 2661.6663733851165 560.9715341925621 635.7860672287643 17.869531661272049 16.977070849388838 84.643869671970606 3453.7397617455572 196.60653029195964 19.272609433159232 192.16572453267872 25.344033565372229 20.941595843061805 182.71866749972105 22.446688121184707 93.266600426286459 172.92075996473432 45.257084827870131 58.452824521809816 13.06884868070483 27.101258376613259 23.19407938234508 21.26930782571435
leaf_count=3521 270 2149 282 96 155 465 2959 1825 17997 4403 5137 111 96 379 21614 1423 130 1111 120 285 808 194 942 2070 545 394 123 189 150 105
internal_value=-8.23374e-05 -0.00248865 0.0024659 -0.0121201 -0.0152841 -0.0017115 0.00439561 -0.00277996 -0.00442394 0.00208372 0.0033278 0.0223625 0.00298337 0.00282161 0.00217468 0.0052694 0.0115595 -0.00358534 0.00707823 -0.017056 0.0126938 -0.0175751 -0.00656688 -0.0108095 -0.0136541 -0.00162657 0.014246 0.0141885 0.00460257 0.0291847
internal_weight=10043.5 5166.6 4876.89 385.169 344.027 4781.43 711.225 4070.21 3042.76 1027.45 4452.63 78.7671 4373.87 4356.89 4089.53 757.578 60.8976 2853.83 630.732 188.93 267.363 327.903 424.253 307.792 276.631 103.71 31.1613 41.1419 116.461 46.6133
internal_count=70048 36997 33051 4155 3870 32842 3649 29193 21218 7975 28557 523 28034 27938 26751 5826 412 19108 3184 2110 1187 3715 4494 3402 3009 939 393 285 1092 225
is_linear=0
shrinkage=0.05


Tree=80
num_leaves=31
num_cat=0
split_feature=0 27 36 18 34 36 28 39 6 12 40 38 9 36 40 29 38 34 15 38 36 35 29 15 29 34 15 18 40 12
split_gain=17.8225 15.2019 17.4912 13.9057 13.8342 11.1937 10.9652 10.2914 10.2144 14.5237 10.0359 9.09674 8.77309 8.77284 7.81598 7.698 8.54704 9.55361 7.95915 7.59429 7.24705 7.73284 7.12785 7.36351 7.26881 6.60347 6.20044 8.24207 7.29917 6.74316
threshold=49.150000000000013 6.5000000000000009 47.081813990200835 16.500000000000004 -1.8333333333333333 57.805685224036345 6.5000000000000009 -10.999999999999998 51.850000000000001 84.850000000000009 0.15528610431523085 0.29259271494627775 42.050000000000004 59.806575375921376 0.1939797015063229 52.500000000000007 0.17574912997778599 4.5833333333333348 37.250000000000007 0.17943285564178554 59.339429630447846 -2.3000000000000003 55.250000000000007 50.250000000000007 54.250000000000007 -1.0000000180025095e-35 42.95000000000001 14.500000000000002 0.13559751660212602 96.950000000000017
decision_type=2 2 2 2 2 2 2 2 2 2 2 2 2 2 2 2 2 2 2 2 2 2 2 2 2 2 2 2 2 2
left_child=10 3 4 5 8 6 12 13 9 -3 26 19 -2 -4 -5 -12 17 18 -17 -7 21 -18 24 -24 -9 -8 27 28 -1 -28
right_child=1 2 7 14 -6 11 25 22 -10 -11 15 -13 -14 -15 -16 16 20 -19 -20 -21 -22 -23 23 -25 -26 -27 29 -29 -30 -31
leaf_value=-0.0063240150588799882 -0.020675477380338075 0.016549911683535621 -0.0053478563987026453 -0.018469481784797851 0.0069131800891855588 -0.0081798873667474434 -0.00021568328368394316 0.0076132939744152448 0.01421858247836132 0.062225137928891706 -0.018147368613238523 -0.012705731517736976 0.0010041260946160684 0.022384686152759025 -0.0041950200963201028 0.021694573222551986 0.011185467729972321 0.034009645264020463 -0.014466309257240371 0.020451139704243143 0.0075086265981776481 -0.0025656348450384856 0.0015880985681781851 0.013886028885216504 -0.0055743908399154057 -0.026970578046932765 -0.021483916178405928 -0.012043348284570292 0.043698733019927959 0
leaf_weight=13.076067563146355 47.047916147857904 38.564880646765232 497.19855029694736 125.60658779926598 535.01232112757862 26.79803616926074 39.020990835502744 185.64919387921691 143.29478082805872 32.377801608294249 72.957410175353289 31.432669810950756 4403.8819776121527 30.098652642220259 411.46523314155638 16.071822972968221 109.22849712520838 11.59268971160054 236.06804192066193 158.34560811519623 247.4103791769594 1555.5562081150711 204.08537957631052 305.26868488825858 238.68458246812224 57.670538704842329 161.62659965641797 53.539405548945069 15.902015557512639 47.771872250363231
leaf_count=130 397 260 3251 1117 3400 147 446 1230 1169 218 1164 151 27554 149 2639 116 943 68 2094 797 1499 12670 1210 1696 1356 564 2390 637 155 663
internal_value=0.00030812 0.00153303 0.00501655 7.9653e-05 0.0112284 0.000940439 0.000410272 0.00182687 0.0219733 0.0375244 -0.0033111 0.0120443 0.000773382 -0.00375143 -0.00754556 -0.00217594 -0.00163733 -0.0100745 -0.0121338 0.0162779 -0.000470582 -0.00165979 0.00498262 0.00896965 0.000183974 -0.0162364 -0.0120353 -0.000363796 0.0210104 -0.0166085
internal_weight=10052.3 7511.5 2210.23 5301.27 749.25 4764.2 4547.62 1460.99 214.237 70.9427 2540.8 216.576 4450.93 527.297 537.072 2248.89 2175.93 263.733 252.14 185.144 1912.2 1664.78 933.688 509.354 424.334 96.6915 291.916 82.5175 28.9781 209.398
internal_count=70280 47751 13939 33812 5047 30056 28961 8892 1647 478 22529 1095 27951 3400 3756 18554 17390 2278 2210 944 15112 13613 5492 2906 2586 1010 3975 922 285 3053
is_linear=0
shrinkage=0.05


Tree=81
num_leaves=31
num_cat=0
split_feature=33 40 2 35 18 33 2 35 40 18 40 33 28 1 13 35 2 14 32 33 35 1 6 28 2 6 12 5 15 14
split_gain=20.3044 12.9606 13.6271 12.4204 14.8801 10.8139 11.792 12.1602 9.86329 8.4716 8.52256 8.90405 8.39128 8.34699 8.87197 8.56163 8.27492 8.08875 7.9529 8.49107 7.90271 7.79219 9.58126 7.40005 9.80769 9.13358 7.38394 7.35266 7.23736 6.46227
threshold=48.45000000000001 0.3041416813303256 53.350000000000001 0.3333333333333322 15.500000000000002 71.050000000000011 48.350000000000001 2.433333333333334 0.28836892583986801 17.500000000000004 0.15381223962515148 67.850000000000009 5.5000000000000009 57.550000000000004 49.750000000000007 3.000000000000004 50.550000000000004 37.150000000000013 51.150000000000013 49.250000000000007 0.13333333333333644 47.850000000000001 77.550000000000011 4.5000000000000009 49.350000000000001 63.95000000000001 85.950000000000017 70.050000000000011 38.750000000000007 50.050000000000004
decision_type=8 2 2 2 2 10 2 2 2 2 2 10 2 2 2 2 2 2 8 10 2 2 2 2 2 2 2 2 2 2
left_child=1 2 3 4 26 6 7 18 12 10 11 -8 17 29 -15 27 -6 -4 -2 -20 -12 23 -23 24 -3 -26 -1 -16 -14 -7
right_child=5 21 8 -5 16 13 9 -9 -10 -11 20 -13 28 14 15 -17 -18 -19 19 -21 -22 22 -24 -25 25 -27 -28 -29 -30 -31
leaf_value=-0.0041207372209673496 -0.023393715721725782 0.0022166096367941877 0.016524929770058119 -0.017517448913510456 -0.0082510986764032009 0.0043552297343067 0.0070906089138113157 -0.021312895982566533 -0.026821853488196309 -0.0051594061256987614 0.0030063559130049477 0.034037628285727421 0.02311482327797669 -0.0060732703364253637 0.0089550710178529207 0.038258861144735694 -0.022753627340347894 0.0018264427866849398 0.012961098334783648 -0.0032067220216135265 -0.0015915930120020761 0.0072548856683577537 -0.027575307732656269 -0.0017440109482709913 0.025419292537395156 0.086595886704827083 0.0064677652935328433 0.032662326546684273 -0.010154457653005563 -0.010391508580480789
leaf_weight=540.20813264884055 43.363482039421797 14.142916129902003 135.54901838488877 250.60774131305516 430.80877401307225 973.18867702782154 312.6348824352026 95.598951298743486 29.55551952496171 424.09950968623161 3096.345086209476 34.068147674202919 18.107149962335825 57.041233599185944 237.03702607750893 36.051928654313087 128.38584342226386 305.1323020067066 90.951135974377394 746.46474589034915 1336.8283974900842 136.60327907465398 22.953603399917483 19.060805313289165 13.349576219916345 11.842092670500277 236.55053020082414 38.167856112122536 154.67899387516081 80.161174118518829
leaf_count=6657 378 153 1375 3340 7266 4078 1908 596 268 2497 16100 147 208 242 1012 158 1978 3055 593 4374 6853 1065 199 171 113 107 2921 178 1955 335
internal_value=0.000291913 -0.00366826 -0.00480732 -0.00729621 -0.00537393 0.00156762 0.000662207 -0.00437828 0.00132606 0.00160894 0.00221061 0.00976198 0.00269447 0.00549989 0.0119832 0.0153092 -0.0115932 0.00636161 -0.00253233 -0.00144344 0.00161871 0.00795784 0.00219882 0.0235774 0.0359478 0.0546035 -0.000889309 0.0122718 -0.00662772 0.00322736
internal_weight=10049.5 2447.54 2229.58 1586.56 1335.95 7602 6180.35 976.378 643.023 5203.98 4779.88 346.703 613.467 1421.65 368.298 311.257 559.195 440.681 880.779 837.416 4433.17 217.952 159.557 58.3954 39.3346 25.1917 776.759 275.205 172.786 1053.35
internal_count=70280 30831 29023 22162 18822 39449 33446 5941 6861 27505 25008 2055 6593 6003 1590 1348 9244 4430 5345 4967 22953 1808 1264 544 373 220 9578 1190 2163 4413
is_linear=0
shrinkage=0.05


Tree=82
num_leaves=26
num_cat=0
split_feature=3 33 7 36 4 36 9 40 18 3 4 4 2 35 1 5 3 0 5 2 4 4 14 33 35
split_gain=19.6599 19.0518 14.7522 15.3669 13.7737 14.4714 13.6814 13.5889 12.7022 10.8813 13.8833 20.719 12.0056 10.3897 7.88041 7.15928 6.13701 7.80586 5.98755 5.84595 5.4955 7.33973 5.16501 4.56359 3.94965
threshold=66.15000000000002 48.250000000000007 58.750000000000007 43.951984708492112 84.950000000000017 57.564208782104394 41.95000000000001 0.30203071415563731 16.500000000000004 39.050000000000004 70.750000000000014 79.15000000000002 48.350000000000001 -0.066666666666666416 49.95000000000001 44.350000000000001 47.150000000000013 44.550000000000004 52.45000000000001 53.550000000000004 47.550000000000004 70.750000000000014 41.95000000000001 41.250000000000007 -0.46666666666666495
decision_type=2 8 2 2 2 2 2 2 2 2 2 2 2 2 2 2 2 2 2 2 2 2 2 10 2
left_child=1 2 4 15 7 14 18 8 -1 20 12 -12 -11 -9 -6 -4 24 -18 19 -3 22 -22 -8 -17 -5
right_child=-2 6 3 16 5 -7 9 13 -10 10 11 -13 -14 -15 -16 23 17 -19 -20 -21 21 -23 -24 -25 -26
leaf_value=-0.0061655496758540847 0.044729607122583684 0.0071548162064828868 0.0026986498934413877 0.013863823365674217 0.015495289286529729 0.065578838376203638 0 -0.019437639310753624 -0.020670045658536133 -0.0062377196901882113 0.011568021756429195 0.0022816232841061952 0.0012488891978153004 0.013352625075846617 -0.003536461676218872 0.064643727533839193 0.04620624401865292 0.0033442651846384134 -0.050987854055299757 -0.035518698906073232 0.0033387007845433244 -0.0091438402986489357 -0.032194296664847029 0.027569696402625739 -0.018988914824435651
leaf_weight=1636.5632211212069 24.711981385946274 16.899091877043251 13.652932431548832 11.381526548415421 88.981525361537933 9.8358114883303625 19.100220367312431 29.212518181651831 166.6441508885473 663.84770290181041 761.70981867611408 2850.4828047566116 2766.7358168065548 135.20967568457127 138.89556209743023 16.93339716270566 12.304119255393742 76.625508822500706 15.421559743583201 14.88531084358692 210.10638555884361 266.52774891629815 34.177619814872742 18.039070598781109 42.651290193200111
leaf_count=22294 145 129 134 105 949 88 116 267 2647 3870 3822 14138 14607 1176 1366 159 139 656 98 103 1160 1390 201 111 410
internal_value=0.000276714 0.000166102 -0.00372118 0.00957505 -0.00487893 0.00647724 0.00138958 -0.00625369 -0.00750983 0.00155764 0.00207806 0.00424151 -0.000198517 0.00748819 0.00387667 0.0338285 0.00127298 0.00937596 -0.02541 -0.012722 -0.00534873 -0.00363134 -0.0205836 0.0457963 -0.0119636
internal_weight=10041.5 10016.8 2396.93 191.588 2205.34 237.713 7619.89 1967.63 1803.21 7572.69 7042.78 3612.19 3430.58 164.422 227.877 48.6254 142.962 88.9296 47.206 31.7844 529.912 476.634 53.2778 34.9725 54.0328
internal_count=70280 70135 30501 1714 28787 2403 39634 26384 24941 39304 36437 17960 18477 1443 2315 404 1310 795 330 232 2867 2550 317 270 515
is_linear=0
shrinkage=0.05


Tree=83
num_leaves=31
num_cat=0
split_feature=33 34 7 9 0 34 40 33 31 13 4 0 34 13 4 9 27 7 36 7 17 36 0 2 8 28 30 1 28 33
split_gain=16.6117 19.1172 17.0605 12.309 12.2464 15.3656 11.2251 9.01723 11.2676 13.3239 9.3588 9.18571 8.80338 8.59768 8.46704 13.8306 8.42456 13.9618 10.2584 10.3145 8.4637 8.33409 10.9606 8.29113 7.8624 7.70796 7.59061 7.39151 7.24991 7.22411
threshold=48.45000000000001 -2.1666666666666665 59.650000000000013 41.95000000000001 49.95000000000001 5.416666666666667 0.22147327073047682 71.050000000000011 2.5000000000000004 42.550000000000004 42.750000000000007 45.45000000000001 2.5833333333333335 53.550000000000004 93.15000000000002 50.150000000000013 7.5000000000000009 44.050000000000004 47.410964212251606 54.650000000000013 2350.0000000000005 41.790724807669449 35.550000000000004 53.650000000000013 55.550000000000004 2.5000000000000004 481.00000000000006 46.550000000000004 3.5000000000000004 77.550000000000011
decision_type=8 2 2 2 2 2 2 10 10 2 2 2 2 2 2 2 2 2 2 2 2 2 2 2 2 2 2 2 2 10
left_child=1 16 4 -2 5 6 -3 8 10 -10 24 -9 -12 29 28 -16 20 -18 19 -19 21 22 -1 -23 -5 -4 -22 -20 -6 -13
right_child=3 2 25 7 14 -7 -8 11 9 -11 12 13 -14 -15 15 -17 17 18 27 -21 26 23 -24 -25 -26 -27 -28 -29 -30 -31
leaf_value=-0.034748206586499242 -0.024283461187304393 -0.019698914905925662 0.037982470855899432 -0.014661072134017831 -0.0011486633510346504 0.047262765508860979 -0.0043733986914549347 -0.0073767359537031301 -0.029445505344654038 -0.0019762882975927674 0.0038513611064553998 0.0045668855036658873 -0.0017046357014219881 0.010043148229225904 -0.0098866076629419014 0.045087541266718753 -0.018952471048758943 0.023788922164932565 -0.021133852357583607 0.071299974306245725 0.0032144440526030516 -0.0071507062774986765 0.019069800937495621 0.0057311211476527152 0.0031429246868662484 0.0056359217190384689 0.06789249045473715 0.022846431075478769 -0.0099585314532289956 -0.0098177273079203681
leaf_weight=10.448563024401663 46.19543781131506 372.41069935448468 23.689667839556932 148.44842468202114 487.62535413354635 10.037025278434156 177.36880173906684 132.01517494022846 45.287644635885954 1662.5192703343928 3264.8730862550437 453.26306775212288 910.67940475046635 726.7441304475069 23.421413946896791 22.002361074090004 23.83184458129108 43.60953146032989 16.982895640656352 15.77298974059522 9.747956510633232 348.06341721862555 88.015315391123295 194.33682606741786 105.71998906880617 84.225226638838649 8.6919159125536662 21.48846878670156 450.65529768355191 107.86240569502115
leaf_count=173 327 6800 163 907 5249 118 2190 557 252 8996 17615 1908 4714 3081 215 180 379 512 209 143 111 4978 1105 2002 637 755 102 225 5222 455
internal_value=0.000262242 -0.00333361 -0.00638276 0.00141326 -0.00772871 -0.0136361 -0.0147654 0.00157131 0.000739613 -0.00270933 0.00207046 0.00516255 0.0026384 0.00645226 -0.00436072 0.0166725 0.00310753 0.015192 0.0235696 0.0365914 0.000867579 -8.81102e-05 0.0132787 -0.00252585 -0.00723761 0.0128116 0.0341729 0.00329758 -0.00538597 0.00179164
internal_weight=10036 2432.43 1651.44 7603.61 1543.52 559.817 549.78 7557.41 6137.53 1707.81 4429.72 1419.88 4175.55 1287.87 983.704 45.4238 780.99 121.686 97.8539 59.3825 659.304 640.864 98.4639 542.4 254.168 107.915 18.4399 38.4714 938.281 561.125
internal_count=70280 30831 20892 39449 19974 9108 8990 39122 33121 9248 23873 6001 22329 5444 10866 395 9939 1468 1089 655 8471 8258 1278 6980 1544 918 213 434 10471 2363
is_linear=0
shrinkage=0.05


Tree=84
num_leaves=31
num_cat=0
split_feature=28 2 7 7 8 1 34 26 27 5 7 6 4 40 7 36 8 38 13 5 36 33 5 4 1 34 2 39 2 6
split_gain=15.5261 18.0261 24.6182 19.1058 19.0824 15.5344 13.9857 11.4516 13.7552 19.8656 9.88649 9.71925 9.68203 10.2703 9.79874 9.67972 9.3711 14.0738 10.9059 9.2952 12.8037 9.05784 8.97779 8.75354 8.41689 9.85467 7.86745 6.58596 6.18345 5.54122
threshold=6.5000000000000009 55.95000000000001 56.050000000000004 49.550000000000004 52.650000000000013 54.45000000000001 2.5833333333333335 1.0000000180025095e-35 7.5000000000000009 46.650000000000013 40.45000000000001 45.45000000000001 44.650000000000013 0.22562038966536008 36.750000000000007 53.894976561410054 34.550000000000004 0.15636387316522724 50.250000000000007 64.950000000000017 47.933018824206329 54.050000000000004 73.850000000000009 45.95000000000001 57.550000000000004 -0.41666666666666657 60.550000000000004 -8.9999999999999982 47.550000000000004 65.050000000000011
decision_type=2 2 2 2 2 2 2 2 2 2 2 2 2 2 2 2 2 2 2 2 2 10 2 2 2 2 2 2 2 2
left_child=1 2 5 16 19 12 10 8 11 -10 -7 -5 13 -1 -14 -2 17 -3 -19 20 -4 23 -8 -18 25 -6 29 -28 -21 -9
right_child=15 3 4 7 24 6 22 26 9 -11 -12 -13 14 -15 -16 -17 21 18 -20 28 -22 -23 -24 -25 -26 -27 27 -29 -30 -31
leaf_value=-0.015171093879809375 -0.020678003711938123 0.065245766230256672 0.015713795967822498 0.02905320857443491 0.0035143241952695185 0.024067299192045588 -0.003865160636605516 -0.031642947907391757 0.047963969548286065 0.0067097479098394697 0.0046156028705836207 -0.00055397849360552353 -0.020518727682116485 -0.00099752366361372923 -0.0022828493759328534 -0.0014294469002306888 -0.015665021342713314 0.0050062705904116052 0.032427228619451 0.0020970838448948165 0.0012243769033470739 0.0044621252616659076 0.031415830248211783 0.020127615652111949 0.01110166530720778 -0.012556376692119876 -0.0104764475260141 0.014912311760864863 0.029947430617521816 -0.0089033901190222735
leaf_weight=336.06187441386282 140.65984825417399 15.810977801680563 305.31654995121062 28.411781311035156 174.95929813943803 70.503866413608193 744.49094900302589 50.263664770871401 36.925068374723196 139.99653516709805 904.46852066367865 992.91529856994748 75.109204329550266 207.50427445583045 3789.6988225802779 122.99168156087399 18.639265865087509 94.093239482492208 59.496089464053512 25.980048984289169 306.09949262067676 625.36933055520058 18.354198440909386 179.98511827737093 99.35809076577425 208.59011915884912 63.664378985762596 42.501655418425798 91.705217648297548 59.218959879130125
leaf_count=4400 1580 107 1892 146 1094 460 4394 324 232 677 5024 5141 871 1767 30616 851 187 681 344 120 1895 2897 81 1472 467 1198 346 225 406 385
internal_value=0.000248158 0.000571949 -0.000656191 0.00432787 0.00585521 -0.00194111 0.00206061 0.000590243 0.00250272 0.0153703 0.00602968 0.000267517 -0.00351976 -0.00977076 -0.00263906 -0.0117216 0.009642 0.020367 0.0156751 0.0109616 0.00846937 0.00742883 -0.00300573 0.0167374 -0.00184475 -0.00521355 -0.0100095 -0.000260996 0.0238487 -0.0194081
internal_weight=10029.1 9765.49 7358.2 2407.29 1212.01 6146.19 1737.82 1413.9 1198.25 176.922 974.972 1021.33 4408.37 543.566 3864.81 263.652 993.394 169.4 153.589 729.101 611.416 823.994 762.845 198.624 482.908 383.549 215.649 106.166 117.685 109.483
internal_count=70280 67849 54685 13164 7072 47613 9959 7476 6196 909 5484 5287 37654 6167 31487 2431 5688 1132 1025 4313 3787 4556 4475 1659 2759 2292 1280 571 526 709
is_linear=0
shrinkage=0.05


Tree=85
num_leaves=31
num_cat=0
split_feature=28 30 3 18 7 4 13 5 12 13 16 36 37 3 2 35 9 35 38 7 3 17 38 31 37 7 13 5 13 7
split_gain=18.7001 15.8482 15.7384 14.351 14.0379 13.542 11.9708 10.1685 9.56165 8.99573 10.4248 9.08222 8.85185 8.43604 8.25921 8.08976 7.86149 7.80387 6.94168 6.83189 13.8564 8.64395 9.07041 6.8054 6.64338 5.82631 5.56188 14.8622 5.26783 5.14301
threshold=4.5000000000000009 413.00000000000006 63.550000000000004 9.5000000000000018 38.250000000000007 72.450000000000017 76.750000000000014 41.95000000000001 94.15000000000002 47.050000000000004 50.250000000000007 54.634431792214322 0.38281151486437592 35.650000000000013 59.050000000000004 -1.7333333333333305 73.550000000000011 4.1000000000000059 0.2165965261969944 52.550000000000004 53.150000000000013 1250.0000000000002 0.2072130960141442 1.5000000000000002 0.46712708587708596 54.650000000000013 49.850000000000001 55.95000000000001 60.650000000000013 48.050000000000004
decision_type=2 2 2 2 2 2 2 2 2 2 2 2 2 2 2 2 2 2 2 2 2 2 2 10 2 2 2 2 2 2
left_child=1 19 9 17 5 -5 7 -6 -7 10 16 13 -12 -11 25 -15 24 26 -16 21 -21 22 -1 -4 -2 -13 27 -3 -28 -23
right_child=2 3 23 4 6 8 -8 -9 -10 11 12 14 -14 15 18 -17 -18 -19 -20 20 -22 29 -24 -25 -26 -27 28 -29 -30 -31
leaf_value=0.02427284984541235 -0.019396478416615331 0.030864933472026169 0.047708456209723075 -0.024349976291945234 -0.0045490731893977404 -0.007733852759228276 0.02869385357838113 0.0013529601789955684 0.031345125367498054 -0.040647342224796754 -0.013937383572915536 0.002744759778342491 0.046075731125381027 0.0061230881906224003 -0.0058205629124950219 -0.0067837863124714098 0.017398019829066635 0.040028034994964309 0.027713172220580902 -0.016790026425083406 0.030579279824613927 -0.01972355543053312 -0.019615720563633039 0.003465973159730738 -0.0023280847743892674 -0.014037291289786353 0.0026867857357510713 -0.0074844496089444164 0.020853456543829953 -0.045984498092939662
leaf_weight=18.326912632212043 277.3224692158401 73.499949088320136 19.746001269668341 109.77079218439758 825.09024226292968 58.164513474330306 38.218769818544388 6297.5055450983346 21.269828060641885 17.064785871654749 10.857769424095752 264.49636072292924 13.664936492219566 136.79904684796929 21.457878461107612 1049.4729121290147 18.48591211810708 19.721974391490221 52.626537799835205 44.500395946204662 23.507350046187639 48.896699093282223 32.357946712523699 15.955275578424333 72.656295701861382 64.154227770864964 323.29646503552794 38.139872014522552 45.62608808092773 31.501671006903052
leaf_count=199 2749 458 131 1304 8578 496 238 39322 142 136 112 1675 119 1117 117 8100 128 103 273 374 195 657 360 98 594 373 1712 175 241 324
internal_value=-0.000414232 0.000667787 -0.00469691 0.00102177 0.000463251 -0.0129744 0.000819179 0.000668505 0.00269356 -0.00528724 -0.0120725 -0.00362321 0.0193523 -0.00579967 0.00286728 -0.00529078 -0.0141822 0.00921558 0.0179383 -0.0132583 -0.000322226 -0.0199262 -0.00363125 0.0281406 -0.015869 -0.000519244 0.00793259 0.0177238 0.00495212 -0.0301196
internal_weight=10084.2 8049.4 2034.76 7850.3 7350.02 189.205 7160.81 7122.6 79.4343 1999.06 392.987 1606.07 24.5227 1203.34 402.735 1186.27 368.465 500.284 74.0844 199.091 68.0077 131.083 50.6849 35.7013 349.979 328.651 480.562 111.64 368.923 80.3984
internal_count=70600 54878 15722 52769 50080 1942 48138 47900 638 15493 3702 11791 231 9353 2438 9217 3471 2689 390 2109 569 1540 559 229 3343 2048 2586 633 1953 981
is_linear=0
shrinkage=0.05


Tree=86
num_leaves=31
num_cat=0
split_feature=28 30 3 33 3 7 33 18 18 15 31 30 35 2 33 5 40 7 6 40 3 6 1 35 8 6 6 38 36 36
split_gain=16.9348 14.8054 14.1089 12.4843 11.0577 10.5976 10.4676 14.196 9.44757 10.8831 10.8812 9.80917 9.18548 8.42525 11.3096 10.0285 11.4975 9.09331 8.55117 8.49074 8.338 8.26083 8.22765 8.02437 7.16365 7.14238 7.10046 10.7577 6.96325 9.19908
threshold=4.5000000000000009 457.00000000000006 63.550000000000004 26.450000000000003 38.750000000000007 47.850000000000001 76.450000000000017 15.500000000000002 9.5000000000000018 37.250000000000007 24.500000000000004 541.00000000000011 3.000000000000004 53.150000000000013 50.650000000000013 41.850000000000001 0.24400125526569658 46.850000000000001 81.050000000000011 0.21890345427924901 42.45000000000001 88.550000000000011 45.750000000000007 -1.7333333333333305 29.650000000000002 59.050000000000004 72.250000000000014 0.29565330036731646 53.816201805492689 56.829480370951266
decision_type=2 2 2 10 2 2 10 2 2 2 10 2 2 2 8 2 2 2 2 2 2 2 2 2 2 2 2 2 2 2
left_child=1 3 13 22 5 -3 7 21 9 -6 11 -10 -11 14 28 17 24 23 -18 -16 -21 -5 -1 -15 -17 -19 27 -7 -2 -30
right_child=2 4 -4 6 8 26 -8 -9 10 12 -12 -13 -14 15 19 16 18 25 -20 20 -22 -23 -24 -25 -26 -27 -28 -29 29 -31
leaf_value=-0.038889770246911003 -0.022050012489171628 -0.018398276152804812 0.026431207505780565 0.00061812639941517128 0.044172619542739766 -0.011489716575119815 0.012585980629152942 -0.0065634476642617958 0.0023074425327838876 0.0058848223578395666 0.041378492558032415 -0.015096663537630339 0.039140505418987448 0.038739095775482825 -0.012832510227728961 0.015136359186718266 -0.004782266614813447 0.0022170993459576754 -0.027946159440583224 -0.021904143935241843 0.0076289882778750265 0.032429023238326075 -0.0092619112187288452 -0.0061880610087416471 0.00091978724472389797 -0.026869424905583236 0.013371664877625762 0.028319459687052923 0.020334520315465888 -0.033934703665113856
leaf_weight=35.481393927708268 202.91841573081911 122.06139127537608 36.112266667187214 1258.3658724892884 22.981601968407631 126.96412550285459 121.26247543096542 1122.6054840553552 4664.3765804134309 272.94613756984472 17.52626234665513 82.222554272040725 22.469804096966982 11.430847579613326 155.5947558991611 105.10591311194003 484.93142676725984 25.965936612337828 43.465894687920809 28.122861661016941 154.46611293405294 20.656696945428848 70.811456501483917 71.882727362215519 568.15053507685661 105.58248930610716 68.144939856603742 19.437742095440626 23.187771435827017 11.632192745804785
leaf_count=893 2871 947 229 8404 111 792 513 9002 30014 1419 140 527 110 121 990 860 2874 246 286 176 865 138 1351 778 3986 982 405 112 283 175
internal_value=-0.000394628 0.000633895 -0.00447761 -0.00244396 0.00212811 -0.00664267 -0.00173419 -0.00245982 0.00271009 0.0110513 0.00215136 0.0020046 0.00844361 -0.00504163 -0.0101439 -0.00296306 -0.00117906 -0.0129119 -0.00670211 -0.00424782 0.00304334 0.00113829 -0.0192262 0 0.00314856 -0.0210928 2.75614e-05 -0.00615441 -0.0185048 0.00201653
internal_weight=10076.9 8048.31 2028.55 2629.18 5419.13 336.608 2522.89 2401.63 5082.52 318.398 4764.13 4746.6 295.416 1992.44 575.922 1416.52 1201.65 214.862 528.397 338.184 182.589 1279.02 106.293 83.3136 673.256 131.548 214.547 146.402 237.738 34.82
internal_count=70600 54878 15722 20301 34577 2256 18057 17544 32321 1640 30681 30541 1529 15493 5360 10133 8006 2127 3160 2031 1041 8542 2244 899 4846 1228 1309 904 3329 458
is_linear=0
shrinkage=0.05


Tree=87
num_leaves=31
num_cat=0
split_feature=5 30 30 33 39 37 33 4 37 38 15 1 38 12 6 30 37 17 6 18 38 4 40 33 27 37 30 31 32 16
split_gain=15.9984 11.5218 10.2102 10.1339 9.21674 17.1104 9.97847 10.543 9.26698 9.20745 8.7138 6.94294 7.6741 6.99065 6.91723 8.88221 18.4179 8.48461 7.38736 6.62141 6.27793 5.9229 17.548 9.00768 8.54313 5.82085 5.58032 5.48443 12.96 5.2675
threshold=41.850000000000001 413.00000000000006 541.00000000000011 53.050000000000004 -14.999999999999998 0.35160464075408532 81.450000000000017 67.15000000000002 0.75035403050108951 0.21914928346267831 55.550000000000004 57.550000000000004 0.21933593347534355 80.950000000000017 67.750000000000014 501.00000000000006 0.30698283135757193 1850.0000000000002 70.050000000000011 13.500000000000002 0.21890356469008473 89.950000000000017 0.17937918930436009 43.150000000000013 5.5000000000000009 0.27768805357863419 443.00000000000006 -11.499999999999998 57.550000000000004 50.650000000000013
decision_type=2 2 2 8 2 2 10 2 2 2 2 2 2 2 2 2 2 2 2 2 2 2 2 10 2 2 2 8 10 2
left_child=3 -2 4 21 5 10 8 -8 -6 -7 -3 12 13 -4 15 19 -17 18 25 -5 -20 27 24 -24 -23 -16 -21 28 -1 -29
right_child=1 2 11 14 6 9 7 -9 -10 -11 -12 -13 -14 -15 17 16 -18 -19 20 26 -22 22 23 -25 -26 -27 -28 29 -30 -31
leaf_value=-0.016533319775152031 -0.012925720185557727 -0.0049220853354749799 -0.022154217371257213 -0.022400591676024189 0.0011910471556066543 0.0084208079170637624 -0.012539966185269043 0.020222012211749286 0.030620120387108499 -0.0023557168558190366 -0.017330886040836779 0.013898169815150841 -0.034645939057429326 0.014274685142393415 0.0013119265838780682 0.046886953837221274 -0.010294816680647396 0.020335263952144231 0.0082348445676987594 -0.026288442012984747 -0.013065780864161056 0.064404189628694014 0.015692871568033107 -0.036481634810632352 0.0044093529758958581 0.041084838471019111 0.00042701151916759182 -0.010417499020770063 0.06099545732061587 -0.029877344752652468
leaf_weight=13.689742317423226 159.55753194727004 508.54439956322312 30.460624910891056 76.338641177862883 6818.392662031576 346.33438527584076 30.066728010773659 128.76150247454643 26.770831905305386 462.11581246741116 197.02797287330031 18.408344022929668 44.738660410046577 22.901344230398536 20.259038709104061 22.456564001739025 37.166461080312729 70.537846237421036 54.918066531419754 23.325325824320316 92.301954030990601 13.626072924584152 13.017565350979565 21.921794049441814 10.813058165833352 17.184166975319386 115.99972798675299 625.14487270824611 8.6972305886447412 37.103309374302626
leaf_count=292 1487 3583 200 414 43652 2339 128 574 164 2945 1231 88 291 150 123 133 207 408 313 150 507 128 159 158 98 98 676 9227 91 586
internal_value=-0.000376027 0.000382213 0.000628857 -0.00561144 0.000830571 -0.00270558 0.00159571 0.0139846 0.00130732 0.00225516 -0.00839624 -0.0140637 -0.0193704 -0.00642905 -0.00032139 -0.00582654 0.011201 0.00559742 -1.30528e-05 -0.0105602 -0.00508579 -0.00937602 0.00570958 -0.0169107 0.0381895 0.0197593 -0.00402538 -0.0106923 0.0135012 -0.0115197
internal_weight=10068.6 8794.08 8634.52 1274.5 8518.01 1514.02 7003.99 158.828 6845.16 808.45 705.572 116.509 98.1006 53.362 530.488 275.287 59.623 255.201 184.663 215.664 147.22 744.014 59.3785 34.9394 24.4391 37.4432 139.325 684.635 22.387 662.248
internal_count=70600 56832 55345 13768 54616 10098 44518 702 43816 5284 4814 729 641 350 3029 1580 340 1449 1041 1240 820 10739 543 317 226 221 826 10196 383 9813
is_linear=0
shrinkage=0.05


Tree=88
num_leaves=31
num_cat=0
split_feature=3 33 9 18 9 37 4 18 8 33 34 3 8 36 38 8 34 38 33 6 37 3 33 38 14 5 36 6 7 33
split_gain=15.2557 12.4301 12.5952 12.0089 11.0268 10.7202 10.5742 13.2293 11.9654 13.5865 11.3513 10.846 10.4233 10.1244 11.0709 9.76853 12.735 13.3141 10.4952 9.68559 11.9098 11.6685 9.07718 8.60408 8.21238 10.9913 8.87156 7.90829 7.86173 8.41911
threshold=53.45000000000001 48.250000000000007 55.050000000000004 14.500000000000002 50.850000000000001 0.70845238095238117 44.95000000000001 15.500000000000002 53.45000000000001 19.750000000000004 -1.5833333333333333 48.150000000000013 22.750000000000004 59.806575375921376 0.21906684315348537 66.050000000000011 -2.1666666666666665 0.21865335359702362 58.050000000000004 47.050000000000004 0.21433931784836058 55.150000000000013 79.550000000000011 0.10702291374852964 28.500000000000004 49.850000000000001 48.85821717793312 73.850000000000009 51.150000000000013 42.550000000000004
decision_type=2 10 2 2 2 2 2 2 2 10 2 2 2 2 2 2 2 2 10 2 2 2 10 2 2 2 2 2 2 8
left_child=1 2 6 15 19 13 8 10 9 -1 -8 -9 -6 22 -15 -2 17 -17 -19 20 -5 -22 23 -3 26 -26 -21 -16 29 -18
right_child=3 5 -4 4 12 -7 7 11 -10 -11 -12 -13 -14 14 27 16 28 18 -20 24 21 -23 -24 -25 25 -27 -28 -29 -30 -31
leaf_value=-0.036193979627496889 0.003206864806222265 -0.029504027595218019 0.013957642872264385 -0.010642164335531487 0.02711674489991326 0.030162689547353894 0.0072661649725036361 -0.016462757962211597 -0.028801028248373203 -0.00094814672179949254 -0.0047381750837949075 -0.0014202904772264886 -0.011036152172325432 -0.0097799294076273934 0.039917596372501356 0.061896069633836294 -0.015541124409952837 -0.0030432350471231101 0.049269692664046016 0.017155644678647289 -0.005749367710542865 0.038387143539459573 0.010286693747260517 -0.0012576902435650812 -0.0070006140069093122 0.0023055915320777348 7.6144388969537956e-05 0.0040649141243913793 -0.00049284948211807871 0.018478091765702396
leaf_weight=33.408261552453041 1148.2598810903728 27.04690857231617 80.216776732355356 29.794163897633553 18.866321373730898 28.299385771155357 291.32532225362957 324.28730989433825 102.07020168751478 150.38764834217727 606.6715740878135 191.27498299069703 302.18942350521684 29.913050271570683 41.930655457079411 24.16906145401299 20.087055187672377 27.327848868444562 14.529724344611166 137.61986578255892 20.211805457249284 55.468123629689217 171.49278113245964 4342.1624239198864 521.6368907596916 808.54718051105738 171.06108967959881 24.81680092215538 144.21568818204105 172.86381189152598
leaf_count=444 7214 152 763 184 169 136 3100 4888 1423 2312 5941 2761 2108 150 201 163 273 217 63 1107 127 385 739 23058 4974 4648 1180 121 731 868
internal_value=-0.000358191 -0.00181704 -0.00537247 0.0022401 -0.000254654 -0.000459714 -0.00628861 -0.00450926 -0.015065 -0.00739811 -0.000837822 -0.010893 -0.00877084 -0.000648311 0.0153526 0.0055643 0.0122632 0.0323545 0.0150708 0.00131035 0.0159905 0.0265416 -0.000990363 -0.00143436 0.000361593 -0.00134037 0.00771002 0.0266883 0.00830555 0.0149044
internal_weight=10062.2 6445.3 1779.64 3616.85 2065.39 4665.66 1699.43 1413.56 285.866 183.796 897.997 515.562 321.056 4637.36 96.6605 1551.45 403.193 66.0266 41.8576 1744.34 105.474 75.6799 4540.7 4369.21 1638.87 1330.18 308.681 66.7475 337.167 192.951
internal_count=70600 46189 21632 24411 14882 24557 20869 16690 4179 2756 9041 7649 2277 24421 472 9529 2315 443 280 12605 696 512 23949 23210 11909 9622 2287 322 1872 1141
is_linear=0
shrinkage=0.05


Tree=89
num_leaves=31
num_cat=0
split_feature=5 3 18 30 29 3 4 0 33 8 3 9 4 0 36 1 0 13 13 1 13 5 0 30 1 33 4 0 36 37
split_gain=14.0511 11.7209 10.5825 11.7394 11.6608 11.3783 9.79204 9.73669 12.3197 9.63598 9.40359 9.12957 8.38285 8.35559 8.69193 9.19501 7.85962 7.79587 8.20136 7.20208 8.83538 6.09928 5.88469 5.78406 5.29354 4.91748 6.80527 4.79157 6.17625 8.0501
threshold=41.850000000000001 63.45000000000001 8.5000000000000018 413.00000000000006 53.500000000000007 43.150000000000013 97.950000000000017 47.650000000000013 38.45000000000001 34.550000000000004 38.250000000000007 41.95000000000001 31.350000000000005 50.45000000000001 49.347982840499647 54.150000000000013 50.95000000000001 67.65000000000002 61.150000000000013 47.150000000000013 60.050000000000004 51.550000000000004 44.550000000000004 469.00000000000006 48.750000000000007 43.550000000000004 50.050000000000004 49.850000000000001 47.509072322136319 0.33065654011691786
decision_type=2 2 2 2 2 2 2 2 10 2 2 2 2 2 2 2 2 2 2 2 2 2 2 2 2 8 2 2 2 2
left_child=1 7 13 27 6 9 12 8 -1 -6 24 -7 -5 25 -15 -16 -3 18 -12 22 -21 -8 -10 -17 -9 -2 -27 -4 29 -29
right_child=2 16 3 4 5 11 21 10 19 -11 17 -13 -14 14 15 23 -18 -19 -20 20 -22 -23 -24 -25 -26 26 -28 28 -30 -31
leaf_value=-0.026618081726031403 -0.024550156303959375 -0.00049898017837525564 -0.028600195038934434 -0.034072111088804369 0.0048833988570044801 -0.020600065602733357 0.04360002139908372 0.001464780969728424 0.047040063503005158 -0.0056713215916314522 -0.0022848058174565551 0.00096443607209450554 0.0059720372815845156 0.043925674469612513 -0.0056304572992409811 0.045533925639790952 0.053189868707071444 0.037266758988253011 -0.027496262980226224 -0.017425156882276166 0.019115106589454207 0.010163581687514366 -0.0045659252923288107 0.010826452274229192 -0.034035604780419622 0.020811831294388239 -0.010047001032131582 0.038783282648550459 -0.017457150268638193 -0.0076342104657917678
leaf_weight=117.23777270130813 16.575209071859717 12.876551670953633 39.565408272668719 13.263288715854285 257.74501882120967 49.356099490076303 27.804357208311558 14.070852428674696 11.297242423519494 1327.172886043787 905.31125018931925 6186.3777573816478 538.43989749997854 29.257259771227837 39.140115447342396 22.356984660029411 13.957510994747279 11.944121165201066 33.404780611395836 76.926331415772438 20.863029733300209 27.775725737214088 10.377977162599562 27.016625270247459 38.343778906390071 36.213714778423309 34.852399900555611 13.260877711698411 70.823472810909152 30.638955868780613
leaf_count=2761 147 144 560 138 1972 420 142 177 133 8573 8723 38762 4199 147 193 106 104 92 239 756 155 127 116 121 368 159 161 106 544 255
internal_value=-0.000341437 -0.00526487 0.000367687 9.85975e-05 0.000349458 -0.000168215 0.00702326 -0.00597665 -0.0151033 -0.00395152 -0.00381668 0.000792623 0.00499429 0.0115805 0.0202741 0.0123592 0.027335 -0.0026727 -0.00319013 -0.0037486 -0.00956677 0.0270285 0.0221943 0.0267038 -0.0244256 -5.46023e-05 0.00561486 -0.0135635 -0.00831374 0.00632982
internal_weight=10054.2 1266.61 8787.64 8582.22 8427.94 7820.65 607.283 1239.78 236.702 1584.92 1003.07 6235.73 551.703 205.412 117.771 88.5137 26.8341 950.66 938.716 119.465 97.7894 55.5801 21.6752 49.3736 52.4146 87.6413 71.0661 154.289 114.723 43.8998
internal_count=70600 13768 56832 55798 54333 49727 4606 13520 3921 10545 9599 39182 4337 1034 567 420 248 9054 8962 1160 911 269 249 227 545 467 320 1465 905 361
is_linear=0
shrinkage=0.05


Tree=90
num_leaves=31
num_cat=0
split_feature=18 37 28 2 31 13 38 8 34 30 8 13 29 30 39 36 0 34 36 30 15 37 2 36 38 40 37 13 40 30
split_gain=18.3355 19.5455 15.678 15.0527 12.0616 11.7085 12.9555 11.0662 12.068 10.9708 10.9046 10.5758 10.2607 9.76498 11.7838 10.8106 9.26191 8.54145 8.44707 8.3044 11.1352 8.29035 7.887 7.83161 7.59884 11.2708 8.62825 8.81979 8.19013 7.53872
threshold=15.500000000000002 0.20139943575560473 6.5000000000000009 62.150000000000013 1.5000000000000002 50.95000000000001 0.21915928320757527 23.250000000000004 -4.583333333333333 481.00000000000006 84.15000000000002 43.650000000000013 53.500000000000007 461.00000000000006 -10.999999999999998 59.339429630447846 42.350000000000001 -1.1666666666666663 52.81736357305634 491.00000000000006 51.150000000000013 0.57445105820105835 50.45000000000001 53.894976561410054 0.21778621362790243 0.27102165969721409 0.1764828431372549 60.250000000000007 0.22147327073047682 389.00000000000006
decision_type=2 2 2 2 10 2 2 2 2 2 2 2 2 2 2 2 2 2 2 2 2 2 2 2 2 2 2 2 2 2
left_child=1 4 3 13 24 6 -5 8 19 -10 -6 17 16 29 -15 -16 -13 21 -19 20 -3 -9 -12 -14 25 28 27 -26 -1 -2
right_child=2 7 -4 5 10 -7 -8 11 9 -11 22 12 23 14 15 -17 -18 18 -20 -21 -22 -23 -24 -25 26 -27 -28 -29 -30 -31
leaf_value=0.0099583417655558434 -0.042764774495986806 0.019614786082228133 -0.026026160059719718 0.023902101705716161 -0.014727824779364901 0.028257148497914115 -0.016574826647289487 -0.0041669258138891654 0.00046052929490395151 0.021341610172621605 -0.010200490379538296 -0.028087944985886893 0.0010177654038509649 -0.0056553886618854188 0.0010871028938981013 0.030271248721162783 0.012666990049017245 -0.035540472625680455 -0.0052160967291076952 0.0055900339250634975 0.090521293503570743 0.03891369016710064 0.037454326445996243 0.0060084103814620309 -0.002968565552522306 0.034729469169677306 -0.019366591829324806 0.02732540281511436 -0.019015167142732728 -0.0053792540530929354
leaf_weight=90.363217512145638 13.550507288426159 10.615215778350832 68.711860705167055 34.026931006461382 327.82133005745709 71.155957609415054 46.872330818325281 89.996718583628535 157.02639044634998 105.41306680999696 16.298940241336823 14.344415862113236 2921.8296149522066 810.4201625213027 1737.6158182770014 32.242250990122557 355.9534049872309 44.297876067459583 48.58552105166018 11.705972565338014 12.159831866621969 12.639369226992129 18.102216396480799 1077.144730117172 244.30324171297252 33.76101802662015 72.824984446167946 26.545644382014871 33.248372327536345 1502.6650657169521
leaf_count=724 189 106 843 183 2190 335 242 777 1261 752 113 250 18858 6097 12346 191 2715 365 292 121 115 86 94 5955 1646 169 495 164 202 12668
internal_value=0.000114889 0.00197067 -0.00234483 -0.00196005 -0.00495977 0.0134773 0.000396882 0.00320238 0.0125585 0.00887173 -0.0119095 0.00259244 0.00310245 -0.0025346 -0.000661023 0.00162327 0.0110676 -0.008775 -0.0197548 0.0403675 0.0579213 0.00112239 0.0147669 0.00236339 5.58349e-05 0.00916168 -0.00410076 0 0.00211572 -0.00571947
internal_weight=10042.2 5724.98 4317.26 4248.55 863.269 152.055 80.8993 4861.71 296.92 262.439 362.222 4564.79 4369.27 4096.49 2580.28 1769.86 370.298 195.519 92.8834 34.481 22.775 102.636 34.4012 3998.97 501.046 157.373 343.674 270.849 123.612 1516.22
internal_count=70544 37450 33094 32251 5797 760 425 31653 2355 2013 2397 29298 27778 31491 18634 12537 2965 1520 657 342 221 863 207 24813 3400 1095 2305 1810 926 12857
is_linear=0
shrinkage=0.05


Tree=91
num_leaves=31
num_cat=0
split_feature=18 37 33 2 31 35 18 5 28 2 34 1 37 36 1 15 38 37 6 36 5 34 40 39 9 34 38 9 1 38
split_gain=16.5548 17.6452 17.4023 11.5168 10.9534 10.6047 12.7524 12.9777 10.031 9.83845 9.60995 13.1378 18.0453 10.438 10.6737 9.22746 8.99391 11.7976 8.87278 8.56394 9.15916 10.4367 8.10127 7.97801 11.1693 10.748 7.07778 7.02739 6.85372 6.85032
threshold=15.500000000000002 0.20139943575560473 40.95000000000001 60.350000000000001 1.5000000000000002 -1.2666666666666619 14.500000000000002 55.050000000000004 6.5000000000000009 62.150000000000013 -2.4166666666666665 53.95000000000001 0.4999944169792771 41.187639113676596 47.150000000000013 46.750000000000007 0.21912284156704925 0.41000139446318945 65.050000000000011 46.249658509774527 47.750000000000007 -4.1666666666666652 0.11962073955649895 -10.999999999999998 60.250000000000007 6.5833333333333348 0.23958345806875797 50.250000000000007 57.150000000000013 0.21778621362790243
decision_type=2 2 8 2 10 2 2 2 2 2 2 2 2 2 2 2 2 2 2 2 2 2 2 2 2 2 2 2 2 2
left_child=1 4 3 19 29 6 15 18 9 23 13 12 -12 27 -15 -3 17 -11 -8 20 21 -2 -13 25 -25 -4 -22 -7 -18 -1
right_child=2 5 8 -5 -6 10 7 -9 -10 16 11 22 -14 14 -16 -17 28 -19 -20 -21 26 -23 -24 24 -26 -27 -28 -29 -30 -31
leaf_value=0.0086826402195244231 0.0065797833661748982 0.017653018697375261 -0.0042282138754498261 0.030630934420499328 -0.011366313289555107 0.046127114001752734 0.03652864531292619 0.054224511724260287 -0.024516888128303438 0.056966615479455807 -0.0056953667273902959 0.030803152937057904 0.003711856614306272 -0.00088365825327641379 0.012404803286125079 0.0014296168442416916 0.014662514453230508 0.010201683478387732 -0.0042744373725850018 -0.018516687451377883 -0.0017726426513784222 -0.022874569506670175 0.0041002041540180384 -0.00049826663261461285 0.017328817846792542 -0.033409798263139036 0.027938457964993377 0.0036114566036019279 -0.013332516629300524 -0.0039031712064823546
leaf_weight=157.72637185454369 42.958855109289289 125.74405776709318 903.70831521973014 16.106983881443739 360.62208034656942 28.431429581716657 22.916955176740885 29.793105900287628 44.910145163536072 21.032652400434017 1118.7032302673906 28.875425720587373 935.85368000715971 284.6230752710253 320.44954162463546 291.45785322226584 47.101653598248959 38.386977948248386 31.155392538756132 257.48980536870658 81.796336229890585 98.138643950223923 1634.1887675914913 2568.5633990932256 90.870988272130489 32.664954960346222 26.338351069018245 15.17228111065924 40.553044930100441 343.11931669153273
leaf_count=1095 799 861 5722 194 2397 274 201 173 387 97 8210 203 6054 2599 2187 1914 236 186 287 5095 1208 2190 8537 15676 586 176 357 153 185 2305
internal_value=0.000108416 0.0018701 -0.00223169 -0.0107828 -0.00472322 0.00303814 0.00992974 0.0277271 -0.00104981 -0.000766247 0.00224592 0.00126437 -0.00140796 0.00786247 0.0061466 0.00633437 0.0119014 0.0269069 0.0129619 -0.0121149 -0.00547613 -0.0138731 0.00456867 -0.00128608 0.000109621 -0.005255 0.00543702 0.03149 0.00165333 5.13146e-05
internal_weight=10039.5 5728.83 4310.62 522.829 861.468 4867.36 501.067 83.8655 3787.79 3742.88 4366.3 3717.62 2054.56 648.676 605.073 417.202 147.074 59.4196 54.0723 506.722 249.232 141.097 1663.06 3595.81 2659.43 936.373 108.135 43.6037 87.6547 500.846
internal_count=70544 37450 33094 9843 5797 31653 3436 661 23251 22864 28217 23004 14264 5213 4786 2775 704 283 488 9649 4554 2989 8740 22160 16262 5898 1565 427 421 3400
is_linear=0
shrinkage=0.05


Tree=92
num_leaves=31
num_cat=0
split_feature=3 1 13 30 7 0 3 33 0 38 28 38 9 40 30 4 2 38 17 36 3 1 9 33 9 37 14 40 36 0
split_gain=17.6954 18.2724 13.0915 12.9065 14.0633 15.827 12.3062 12.2091 10.0681 11.95 11.2121 15.0433 9.39324 10.2075 9.30707 9.28429 8.62018 7.85772 9.5243 7.31589 19.3152 8.75933 7.83688 7.08823 6.97179 6.95585 6.23873 5.74537 7.34582 4.97645
threshold=50.95000000000001 57.550000000000004 76.750000000000014 433.00000000000006 56.350000000000001 56.050000000000004 66.500000000000014 52.650000000000013 49.95000000000001 0.17527140768724478 3.5000000000000004 0.21922384901785089 74.15000000000002 0.20895803987908465 425.00000000000006 46.250000000000007 59.95000000000001 0.24184948678528223 1850.0000000000002 58.028002914396332 43.350000000000001 57.850000000000001 49.95000000000001 71.850000000000009 51.750000000000007 0.11547440654583513 57.150000000000013 0.20701045912189706 41.596512546239971 52.650000000000013
decision_type=2 2 2 2 2 2 2 8 2 2 2 2 2 2 2 2 2 2 2 2 2 2 2 8 2 2 2 2 2 2
left_child=1 3 6 7 12 -6 8 27 9 24 23 -12 16 -14 -11 -3 -5 18 -9 21 -21 22 -17 -10 -2 -23 -7 28 -1 -22
right_child=2 15 -4 4 5 26 -8 17 10 14 11 -13 13 -15 -16 19 -18 -19 -20 20 29 25 -24 -25 -26 -27 -28 -29 -30 -31
leaf_value=0.011818538314976869 -0.017404443882604974 -0.016574465097951255 0.039507038290467165 -0.0046898679817081118 0.0092873124111344883 -0.013005120524288514 0.042615477459277601 -0.0031904098851699802 0.0047164871537784007 -0.019896073063885213 0.0052547406036070896 -0.0042000936154890011 0.035264330924658409 -0.0036538922863843916 0.00094933314719368174 -0.00013618022159295117 0.0058815434149244502 -0.019949069319290288 0.031088360937497523 -0.010862026409153456 0.02213436976783327 -0.020779762662372279 0.034288283139695432 0.013118785377199875 0.022533903214765762 0.0039064743974567984 0.011461327136573593 -0.030655286585620684 -0.020819611959586849 0.052835708423440091
leaf_weight=22.78618162125349 148.85651488229632 46.196403220295906 23.390299767255783 3082.586553690955 462.35980903171003 140.32223957031965 18.561049560084939 125.36008065566421 1444.5131279416382 55.956484304741025 830.77016864530742 851.90087307430804 31.94976994022727 35.051561590284109 1195.6793883815408 26.083567582070827 205.21107137575746 53.735810369253159 24.039828240871429 31.560923673212528 26.647634461522102 29.961557816714048 43.726449597626925 305.0520142018795 11.601733220741151 546.11597430892289 31.69595330953598 87.974606595933437 68.107466258108616 28.219389121979475
leaf_count=334 1430 281 147 24029 2754 800 104 689 8852 762 5526 5384 222 223 9711 147 1170 286 150 155 133 149 233 1319 93 2818 184 1147 1178 134
internal_value=0.000102211 -0.00194237 0.00225803 -0.00320001 -0.00235753 0.00446544 0.00207703 -0.0119818 0.0019198 -0.00163145 0.00338232 0.000465021 -0.00364931 0.0148548 1.18948e-05 0.00511211 -0.00402836 -0.00356126 0.00230902 0.00648906 0.0201601 0.00464912 0.0213727 0.00618503 -0.0144734 0.00261049 -0.00846386 -0.0215095 -0.0125786 0.0380831
internal_weight=10036 5149.69 4886.28 4371.18 3989.18 634.378 4862.89 382.004 4844.33 1412.09 3432.24 1682.67 3354.8 67.0013 1251.64 778.512 3287.8 203.136 149.4 732.315 86.4279 645.888 69.81 1749.57 160.458 576.078 172.018 178.868 90.8936 54.867
internal_count=70544 37216 33328 33166 29382 3738 33181 3784 33077 11996 21081 10910 25644 445 10473 4050 25199 1125 839 3769 422 3347 380 10171 1523 2967 984 2659 1512 267
is_linear=0
shrinkage=0.05


Tree=93
num_leaves=31
num_cat=0
split_feature=3 1 7 0 3 18 4 34 37 34 15 16 36 2 18 34 11 1 18 4 1 3 31 26 37 12 7 7 36 36
split_gain=15.9832 16.643 11.4521 14.266 10.8227 10.1504 9.77922 9.49072 13.0133 9.2292 11.9791 9.78418 9.59298 9.34563 9.19382 8.95557 8.8009 8.2752 8.2045 10.042 7.84341 7.73034 7.81117 7.68869 8.05172 9.14881 6.87259 6.79254 6.77222 10.0986
threshold=50.95000000000001 57.650000000000013 58.550000000000004 56.250000000000007 66.500000000000014 17.500000000000004 44.650000000000013 -1.0000000180025095e-35 0.26783336770408839 -6.1666666666666652 39.750000000000007 54.350000000000001 39.434261022394303 49.45000000000001 14.500000000000002 3.8333333333333335 49.750000000000007 59.95000000000001 13.500000000000002 42.45000000000001 58.95000000000001 53.45000000000001 9.5000000000000018 1.0000000180025095e-35 0.45645787448441061 77.15000000000002 59.45000000000001 54.350000000000001 49.491462946733613 45.217312925977332
decision_type=2 2 2 2 2 2 2 2 2 2 2 2 2 2 2 2 2 2 2 2 2 2 10 2 2 2 2 2 2 2
left_child=1 2 6 18 5 9 27 8 -8 10 -2 13 -12 -11 -13 23 -9 20 26 -20 -17 28 -23 24 25 -3 -4 -1 29 -7
right_child=4 15 3 -5 -6 21 7 16 -10 11 12 14 -14 -15 -16 17 -18 -19 19 -21 -22 22 -24 -25 -26 -27 -28 -29 -30 -31
leaf_value=-0.014023663198867015 0.06509398316698474 -0.00047549719888496337 0.041970933997394558 -0.010559991640611052 0.039878794695670267 -0.007506940281574827 -0.006333078222160362 -0.020217612730735624 0.0033305095586744133 -0.0021096901819548748 0.055670066760953908 0.03417848437802249 0.0056889311592448269 0.0032848783200795533 0.003121957584360326 0.00065657354455917621 -0.0045526770734401019 0.0069756395788739441 0.037820977326026801 -0.00057619724917151347 -0.020480642189132807 -0.0082083106453931503 -0.04193694335590431 -0.0099919364542868233 0.031171155107324985 0.016920228397451918 0.013687563042533282 0.0045235038226635188 -0.0047934995895460514 0.040579531401932267
leaf_weight=338.94610085710883 11.506431251764296 131.34587070904672 27.232136052101851 113.34367376565933 18.842380007728934 18.654494496062398 537.08173781819642 94.163774462416768 991.04062633402646 1068.2384653165936 10.736328944563864 46.052670687437057 88.049685642123222 3220.067552678287 50.123150642961264 102.23816569894552 1936.7027757242322 173.62204326689243 18.809522233903408 168.87265994772315 76.218725189566612 243.38674388080835 18.487003479152918 42.056827683001757 49.97853103838861 176.1803484596312 106.85274657979608 57.277242908254266 68.414539141580462 25.634250655770302
leaf_count=3877 108 669 145 651 104 176 4237 855 7872 8848 118 296 916 19705 394 572 13443 884 153 1031 414 1811 152 240 256 869 552 496 487 213
internal_value=9.65223e-05 -0.001849 -0.00302673 0.00466654 0.00214407 0.00199621 -0.00387442 -0.00304276 -6.2825e-05 0.00265602 0.0169418 0.00229514 0.0112224 0.00193988 0.018065 0.00502293 -0.00528242 -0.000778132 0.0100473 0.00326344 -0.00834952 -0.00590649 -0.0106236 0.010146 0.0125312 0.00947644 0.0194961 -0.0113294 0.00500934 0.0202415
internal_weight=10030.2 5141.96 4390.32 435.111 4888.19 4869.35 3955.21 3558.99 1528.12 4494.77 110.292 4384.48 98.786 4288.31 96.1758 751.641 2030.87 352.079 321.767 187.682 178.457 374.577 261.874 399.562 357.505 307.526 134.085 396.223 112.703 44.2887
internal_count=70544 37216 33312 2532 33328 33224 30780 26407 12109 30385 1142 29243 1034 28553 690 3904 14298 1870 1881 1184 986 2839 1963 2034 1794 1538 697 4373 876 389
is_linear=0
shrinkage=0.05


Tree=94
num_leaves=31
num_cat=0
split_feature=18 3 33 3 4 40 34 7 36 8 1 17 28 17 36 27 33 6 30 30 4 36 3 4 35 4 36 40 36 3
split_gain=14.435 18.2964 12.4574 11.7682 18.1143 14.9985 17.9816 10.5996 14.6314 11.4587 10.3682 10.2155 10.1413 11.7126 13.9302 9.90425 9.53937 9.15648 8.99379 12.7117 10.9384 8.89278 8.83992 8.11637 7.78056 7.62266 7.15533 6.97546 6.42459 10.5552
threshold=15.500000000000002 46.95000000000001 46.850000000000001 58.650000000000013 79.750000000000014 0.16788740493854312 -0.58333333333333315 47.650000000000013 43.495407486351546 38.45000000000001 54.250000000000007 1075.0000000000002 6.5000000000000009 1075.0000000000002 47.648316606664103 3.5000000000000004 53.850000000000001 74.750000000000014 459.00000000000006 495.00000000000006 64.950000000000017 54.634431792214322 60.850000000000001 85.65000000000002 -1.1999999999999991 46.250000000000007 49.395981152716509 0.37892212266063868 47.410964212251606 41.750000000000007
decision_type=2 2 8 2 2 2 2 2 2 2 2 2 2 2 2 2 10 2 2 2 2 2 2 2 2 2 2 2 2 2
left_child=3 2 -2 7 5 6 -5 9 -9 17 23 -4 13 14 -3 21 -8 25 20 -20 -15 -11 -6 -10 -24 -1 -19 -12 -13 -30
right_child=1 12 11 4 22 -7 16 8 10 15 27 28 -14 18 -16 -17 -18 26 19 -21 -22 -23 24 -25 -26 -27 -28 -29 29 -31
leaf_value=-0.019055948457911746 -0.016506233329654292 0.05410665765976358 -0.03781991264215661 0.075447949389778557 0.0081150520703505927 0.010465441694934215 -0.0051370169501575164 0.010412457006978012 -0.0035182101678792434 -0.014267625646573082 0.0059118204922773195 -0.0089815918493874377 -0.023861140147000623 -0.010143626643275271 -0.004833672215463573 -0.0015984255409439941 0.050283496074924751 0.004587887077902906 0.0050798687351254626 -0.0035050127239078682 0.00073705431640360699 0.0052893222214298839 0.018322846655868103 0.0059336184130119709 -0.01522011569210251 0.0040983392143636079 0.027966122557547615 -0.006344295588805152 -0.0071893806130151911 0.0051465722047024324
leaf_weight=43.303356932476163 269.55368222203106 21.880112703889608 22.467421282082796 20.496259020641446 106.91274222545326 395.07611908204854 20.523896822705865 508.93843926675618 1171.8926128167659 328.74829626269639 1074.6179062798619 384.60286083444953 43.283653479069471 400.4724605018273 18.138254808261991 1087.8744526654482 12.243273660540579 66.213220216333866 1240.9393640998751 660.03366667032242 543.73690813407302 70.13509026914835 19.751533262431622 281.33940334245563 128.84045640192926 196.18703810498118 65.892547950148582 129.68642591685057 341.09131322801113 352.26743122935295
leaf_count=490 4629 154 138 192 608 2411 231 3164 8296 2556 5493 2317 551 3898 118 7979 58 577 8794 4457 3995 454 113 1471 719 1584 471 583 2026 2017
internal_value=9.11238e-05 -0.0020984 -0.0068676 0.0017349 0.00779041 0.0138466 0.0387656 0.000885551 0.00264548 -0.00211051 0.00115583 -0.00450076 0.000131138 0.000493617 0.027322 -0.00407533 0.0155084 0.00573628 0.000113563 0.00209647 -0.00387312 -0.010816 -0.00281817 -0.00168465 -0.0107185 -7.36309e-05 0.0162988 0.00458744 -0.00379822 -0.000914935
internal_weight=10027.1 4298.47 1369.98 5728.67 703.844 448.34 53.2634 5024.83 3166.47 1858.35 2657.54 1100.43 2928.48 2885.2 40.0184 1486.76 32.7672 371.596 2845.18 1900.97 944.209 398.883 255.505 1453.23 148.592 239.49 132.106 1204.3 1077.96 693.359
internal_count=70544 33094 11127 37450 4332 2892 481 33118 19007 14111 15843 6498 21967 21416 272 10989 289 3122 21144 13251 7893 3010 1440 9767 832 2074 1048 6076 6360 4043
is_linear=0
shrinkage=0.05


Tree=95
num_leaves=31
num_cat=0
split_feature=30 33 18 36 13 4 12 13 5 6 0 36 0 18 7 4 8 15 35 4 34 15 8 34 7 0 8 36 27 40
split_gain=19.2117 16.1376 17.2242 13.5852 13.5532 10.7944 9.87437 9.43211 8.40653 8.32239 7.90083 8.16179 14.4814 8.53296 7.62542 8.30246 7.16262 11.7934 8.2858 7.50615 6.68438 6.29894 6.14748 5.99581 6.56924 6.53951 5.94928 5.62284 5.44656 5.13996
threshold=431.00000000000006 28.050000000000004 8.5000000000000018 40.340263271478292 76.750000000000014 91.350000000000009 91.250000000000014 60.95000000000001 36.250000000000007 81.050000000000011 46.050000000000004 47.081813990200835 59.95000000000001 14.500000000000002 54.650000000000013 78.15000000000002 58.95000000000001 43.350000000000001 0.033333333333334998 84.950000000000017 -3.5833333333333326 51.350000000000001 65.050000000000011 2.4166666666666674 52.550000000000004 42.95000000000001 69.65000000000002 52.417666114644284 5.5000000000000009 0.2565179631670918
decision_type=2 8 2 2 2 2 2 2 2 2 2 2 2 2 2 2 2 2 2 2 2 2 2 2 2 2 2 2 2 2
left_child=10 3 14 6 5 9 21 -7 -5 -4 23 12 13 -12 15 22 17 19 29 -13 -19 -2 -3 24 -1 -26 -15 -17 -16 -18
right_child=1 2 4 8 -6 7 -8 -9 -10 -11 11 16 -14 26 28 27 18 20 -20 -21 -22 -23 -24 -25 25 -27 -28 -29 -30 -31
leaf_value=-0.036910498226495107 -0.023400642749993279 0.0234642270106631 0.00063900028677315332 -0.046762220128457571 0.032932468227519121 0.0067174937182805181 0.053826322394356453 -0.0090289090403910446 -0.013540702071107323 -0.0054860565752145899 0.0099177786153493569 0.0033343902161172782 0.044857690928217592 -0.014486262066871702 -0.01063012453678781 -0.013971940229574424 -0.016734154449997235 -0.041837451060324993 -0.033257131591668591 0.04303305845215559 -0.007352245588342337 0.022975638100881476 0.054487550620454933 0.007665730754098956 0.030323750346361939 -0.028119803867204543 0.017044865188216719 0.018712298821541514 0.020147304495860822 0.0070592001305313616
leaf_weight=51.608860555104911 15.014090657234194 75.068904649466276 7008.9405378513038 21.42964138276875 32.935475613921881 1066.2343275360763 11.374180298298596 104.06873095035553 179.39648947678506 602.08758590556681 92.640283722430468 37.897345159202814 18.113601848483086 107.54422289505601 39.347291488200426 21.51747015863657 74.572842439636588 15.071126354858277 56.755182234570384 17.491398554295301 208.2586443927139 14.086422760039566 20.840606883168221 14.198544487357138 8.3761695157736558 10.857854310423134 17.151166705414653 33.19756505638361 22.50188785046339 32.19707927107811
leaf_count=1042 274 406 46630 685 190 5154 159 514 4219 4394 732 333 126 1132 182 113 615 168 389 99 1639 220 111 163 133 127 145 159 104 180
internal_value=0.000332586 0.000960829 0.0013025 -0.0117953 0.000962706 0.000841857 0.014538 0.00531233 -0.0171321 0.000153741 -0.00729381 -0.00547936 0.00202284 -0.00154317 0.0153681 0.0214353 -0.00948437 -0.00458332 -0.0177994 0.016016 -0.0097195 -0.000778662 0.0303072 -0.0216709 -0.0276237 -0.00238458 -0.0100991 0.0057655 0.000501015 -0.00951246
internal_weight=10030.8 9268.04 9026.74 241.301 8814.27 8781.33 40.4747 1170.3 200.826 7611.03 762.734 677.693 235.449 217.336 212.474 150.625 442.244 278.719 163.525 55.3887 223.33 29.1005 95.9095 85.0414 70.8429 19.234 124.695 54.715 61.8492 106.77
internal_count=70537 63514 57957 5557 56882 56692 653 5668 4904 51024 7023 5558 2135 2009 1075 789 3423 2239 1184 432 1807 494 517 1465 1302 260 1277 272 286 795
is_linear=0
shrinkage=0.05


Tree=96
num_leaves=31
num_cat=0
split_feature=33 18 36 33 13 0 9 18 33 36 40 27 15 36 8 13 4 4 37 0 5 37 4 38 17 2 9 9 5 33
split_gain=17.5609 14.6589 13.3036 12.915 14.8594 11.9022 11.2955 10.6562 10.12 10.0879 9.56044 9.01801 10.7931 9.33006 8.45049 7.66325 7.59338 13.9172 13.0542 7.36434 7.83798 6.96001 10.7178 7.6041 6.90373 6.68521 6.63559 6.05889 7.95488 5.285
threshold=28.050000000000004 15.500000000000002 40.340263271478292 79.050000000000011 77.950000000000017 37.95000000000001 43.750000000000007 8.5000000000000018 47.45000000000001 47.885487779234872 0.28836892583986801 7.5000000000000009 46.850000000000001 51.217499100224821 66.850000000000009 53.150000000000013 72.750000000000014 79.750000000000014 0.57445105820105835 44.550000000000004 41.550000000000004 0.30834178702457687 64.950000000000017 0.29951020174008408 1650.0000000000002 52.250000000000007 49.350000000000001 51.750000000000007 46.850000000000001 67.250000000000014
decision_type=8 2 2 10 2 2 2 2 8 2 2 2 2 2 2 2 2 2 2 2 2 2 2 2 2 2 2 2 2 10
left_child=2 7 15 4 5 24 -4 21 -7 25 -11 16 14 -14 -13 19 18 -18 -9 -1 -21 22 -2 29 -3 26 -5 -8 -29 -23
right_child=1 3 6 9 -6 8 27 11 -10 10 -12 12 13 -15 -16 -17 17 -19 -20 20 -22 23 -24 -25 -26 -27 -28 28 -30 -31
leaf_value=0.06156216826932831 0.027833529443471956 0.04205986927625617 0.063283008331947235 0.0077612622727043987 0.045496654773767096 -0.0078768207701750415 -0.020761424498367195 -0.0016127382729379904 -0.0013964721738190698 0.044534269434088287 0.0063101436170877731 0.0031187633797359854 0.015306161540081352 0.0025477216657517157 -0.018326246492471259 -0.015447353413374219 0.011805213250133645 0.0012521846011698745 0.017902989898799713 0.047669556005887077 -0.016589375787041394 0.0094355514481871475 -0.016496543846062514 0.044020862096663893 0.0043240631459367605 0.023610993054869536 -0.024506125408281319 0.052953472882462306 -0.027096381943264022 0.035341472999374554
leaf_weight=10.23000684566796 20.378937710076571 22.994374556466937 4.1542470809072247 34.30612225830555 16.217415064573288 740.93765441328287 209.65878996904939 2337.292829092592 3239.6557424366474 36.365570142865181 30.355196818709373 184.78557384200394 361.63410323113203 239.10045120120049 60.94262258335948 15.881576802581547 384.93488115444779 1664.9040780272335 88.824038404971361 7.7750822678208378 11.716072723269461 123.25221415236592 40.625365111976862 24.204535134136677 26.257214734330773 24.511701717972755 29.355736300349236 6.4842494782060367 5.6986102387309074 23.653959177434444
leaf_count=163 114 285 66 145 92 10408 5539 15627 18259 155 137 1176 2276 1356 357 309 2137 9362 481 137 153 641 203 113 288 106 123 135 83 111
internal_value=0.000315293 0.000664972 -0.012222 -0.00156297 -0.00210658 -0.00230051 -0.0172013 0.00235088 -0.00260413 0.0125968 0.0272542 0.0018923 0.00662575 0.0102377 -0.00218473 0.0123285 0.000995902 0.00323683 -0.000895467 0.0273403 0.00890098 0.0128393 -0.00158461 0.0180088 0.0220928 0.00143073 -0.00705455 -0.0187588 0.0151868 0.013662
internal_weight=10027.1 9755.49 271.599 4200.96 4046.06 4029.84 225.996 5554.53 3980.59 154.894 66.7208 5322.42 846.463 600.735 245.728 45.6027 4475.96 2049.84 2426.12 29.7212 19.4912 232.115 61.0043 171.111 49.2516 88.1736 63.6619 221.842 12.1829 146.906
internal_count=70537 63952 6585 29998 29332 29240 5823 33954 28667 666 292 32772 5165 3632 1533 762 27607 11499 16108 453 290 1182 317 865 573 374 268 5757 218 752
is_linear=0
shrinkage=0.05


Tree=97
num_leaves=31
num_cat=0
split_feature=3 30 3 4 37 32 2 31 40 17 36 38 7 7 38 3 4 4 36 32 40 9 34 12 12 7 38 7 32 38
split_gain=21.5034 13.7632 11.5376 11.0988 10.4418 12.3836 10.043 9.52378 9.48817 8.39578 9.65976 8.56403 13.1411 7.9007 8.48288 8.22284 6.79775 6.45635 6.25616 7.36368 7.69494 8.33562 6.7997 6.05595 9.36718 6.47143 5.69398 5.66513 5.93083 5.4983
threshold=55.850000000000001 427.00000000000006 35.650000000000013 93.15000000000002 0.4730306398689394 82.050000000000011 47.750000000000007 2.5000000000000004 0.18860759158018348 1175.0000000000002 54.465246704259762 0.21921155519345378 48.750000000000007 42.650000000000013 0.2974807106442629 57.750000000000007 96.550000000000011 71.850000000000009 47.081813990200835 47.850000000000001 0.20879789064463564 50.350000000000001 -0.41666666666666657 66.15000000000002 85.250000000000014 45.850000000000001 0.21542521628774827 58.750000000000007 66.65000000000002 0.21904218667770894
decision_type=2 2 2 2 2 8 2 10 2 2 2 2 2 2 2 2 2 2 2 10 2 2 2 2 2 2 2 2 10 2
left_child=1 18 27 4 5 -4 16 -8 -6 11 -11 -2 -13 17 15 -15 -5 -12 19 -1 21 -21 -22 25 -25 26 -20 28 -3 -27
right_child=9 2 3 6 8 -7 7 -9 -10 10 13 12 -14 14 -16 -17 -18 -19 23 20 22 -23 -24 24 -26 29 -28 -29 -30 -31
leaf_value=-0.024392951981706375 0.03290941624455402 -0.019844818946120488 -0.002479756684773831 0.012407498358623162 -0.0053922772667582986 0.016991725418320329 0.0069705220226673852 -0.0056890447632797171 0.0042493320448653534 0.002381920864244724 -0.030805656289673286 -0.024673877465110409 0.031069216768472407 0.029563482616929038 -0.0055749935009903216 0.011271912763919256 0.047302020099197414 0.0098566940614827556 -0.015810802169932206 0.0046921907568164894 0.019574514563114851 0.047257157906970639 -0.016008024405626459 -0.03708772900749395 -0.011320559208580371 0.0010590732141823945 0.024331575701573783 -0.045330258952047904 0.0050298467146640156 -0.023547093980705799
leaf_weight=28.251140793785453 51.363606281578541 72.687421247363091 4547.9340193271637 41.526665505021811 312.71318333409727 82.991935074329376 568.22764496132731 200.63946363329887 1376.9486280772835 1824.5589505918324 19.249070318415761 21.595988697372377 20.493659410625696 87.279121704399586 49.90493742749095 213.5929459631443 21.465658266097307 19.375014798715711 13.036243941634892 37.332220507785678 17.78228753246367 16.748884133994579 52.961151409894228 55.6419164147228 98.772241831757128 38.522438289597631 26.315602457150817 14.247164346277712 35.254329189658165 53.874175267294049
leaf_count=560 336 658 33562 193 3148 435 2771 986 8715 12584 164 138 118 491 271 1185 125 121 160 401 158 155 363 536 883 314 297 81 168 460
internal_value=0.000299406 -0.00096681 -0.000447062 -0.000185986 -0.000901228 -0.00212936 0.00524197 0.00366014 0.00246174 0.0045345 0.00391149 0.0192205 0.00235851 0.0110631 0.0134326 0.0166027 0.0244337 -0.0103063 -0.0095614 -0.00136487 0.00382233 0.0180297 -0.0069783 -0.0139265 -0.0206559 -0.00599167 0.0109003 -0.0156759 -0.0116772 -0.0132441
internal_weight=10021.3 7713.87 7274.64 7152.45 6320.59 4630.93 831.859 768.867 1689.66 2307.41 2213.96 93.4533 42.0896 389.401 350.777 300.872 62.9923 38.6241 439.238 153.076 124.825 54.0811 70.7434 286.163 154.414 131.748 39.3518 122.189 107.942 92.3966
internal_count=70537 55129 50842 49935 45860 33997 4075 3757 11863 15408 14816 592 256 2232 1947 1676 318 285 4287 1637 1077 556 521 2650 1419 1231 457 907 826 774
is_linear=0
shrinkage=0.05


Tree=98
num_leaves=31
num_cat=0
split_feature=3 33 27 33 11 36 13 18 5 7 37 7 3 15 18 33 12 18 5 40 7 36 35 6 38 5 18 27 4 5
split_gain=19.385 12.7405 10.8073 12.033 10.6572 10.0379 9.59884 9.19654 11.6793 10.353 9.03754 9.02643 8.17735 9.21325 8.17427 6.81137 13.9866 9.72216 8.90185 7.20587 6.25951 9.01558 6.19906 6.57232 6.18919 6.1773 5.87717 5.62474 7.77443 7.53408
threshold=55.850000000000001 28.050000000000004 5.5000000000000009 80.750000000000014 49.45000000000001 40.340263271478292 40.95000000000001 16.500000000000004 42.150000000000013 66.850000000000009 0.56183598638661791 36.750000000000007 48.850000000000001 51.350000000000001 8.5000000000000018 38.150000000000013 99.15000000000002 12.500000000000002 50.550000000000004 0.15381223962515148 49.150000000000013 45.731273379298734 1.800000000000008 69.250000000000014 0.21910571801262391 51.45000000000001 14.500000000000002 3.5000000000000004 48.150000000000013 61.750000000000007
decision_type=2 8 2 10 2 2 2 2 2 2 2 2 2 2 2 8 2 2 2 2 2 2 2 2 2 2 2 2 2 2
left_child=1 5 4 7 22 12 10 9 -9 -4 -6 -8 26 -14 -2 16 -16 -18 -19 20 25 -22 -3 -24 -5 -17 -1 28 -21 -29
right_child=14 2 3 24 6 -7 11 8 -10 -11 -12 -13 13 -15 15 19 17 18 -20 27 21 -23 23 -25 -26 -27 -28 29 -30 -31
leaf_value=0.026339766945435491 0.02292055332748803 -0.018714995064250405 0.001669490895609811 0.042567993392578503 -0.030357066158631808 -0.018060925183377662 -0.022471730470430665 -0.03102362396696183 -0.0030966969645504095 0.025228048166443487 0.016091156565490261 -0.0011539818865254306 0.00043544000173177433 0.081774489128054684 -0.01273425863494506 0.00095074030983836497 0.058776278237388194 -0.0084976107933552435 0.038166618637495292 -0.007117499782552994 -0.0038473331317705594 0.037541632377640244 0.028367165334296743 -0.015291698426372936 0.0093459106797989851 0.031395639222729796 -0.029542455718112055 -0.00032549405582867177 0.009430857413887269 0.009363153230939612
leaf_weight=7.2886023633182058 57.488331148400903 145.3978194668889 2890.8297015838325 25.481551229953766 51.275128720328212 172.74634864833206 50.237039349973202 42.519941503182054 313.85420767590404 47.338202424347401 12.933078991249202 3854.1490724682808 7.2309501469135267 6.8471452053636312 151.79326225537807 86.445769425481558 10.78213153965771 32.195244330912828 14.79457204043865 80.191227629780769 17.667564138770103 48.957298006862402 15.894044656306503 18.483819473534822 32.273264452815056 20.655166734009981 12.65826154127717 941.95434325933456 593.29317817091942 254.56354996189475
leaf_count=104 302 1170 18807 115 423 4608 502 481 2155 239 84 25611 125 100 2609 653 135 594 185 503 111 305 106 119 142 126 238 5500 3222 1163
internal_value=0.000283917 -0.000919851 -0.000581543 0.00152882 -0.00228813 -0.0131617 -0.00174712 0.00113023 -0.00645053 0.0020516 -0.0209131 -0.00143012 0.0115457 0.0406466 0.00430102 0.00382277 -0.00474849 0.0161331 0.00613812 0.00470431 0.0144526 0.0265019 -0.0141957 0.00477198 0.0241382 0.0068927 -0.00884409 0.00379528 0.00745227 0.00173223
internal_weight=10018.2 7707.44 7500.67 3352.3 4148.37 206.771 3968.59 3294.54 356.374 2938.17 64.2082 3904.39 34.025 14.0781 2310.78 2253.29 209.565 57.7719 46.9898 2043.73 173.726 66.6249 179.776 34.3779 57.7548 107.101 19.9469 1870 673.484 1196.52
internal_count=70537 55129 49954 21939 28015 5175 26620 21682 2636 19046 507 26113 567 225 15408 15106 3523 914 779 11583 1195 416 1395 225 257 779 342 10388 3725 6663
is_linear=0
shrinkage=0.05


Tree=99
num_leaves=31
num_cat=0
split_feature=3 1 34 37 9 1 34 37 38 2 2 17 18 37 40 31 31 38 17 36 13 38 13 38 3 40 16 29 37 0
split_gain=17.4832 12.1254 11.8216 15.5973 11.7866 11.7804 21.4965 13.7469 18.1361 13.8262 12.0509 10.5557 12.2569 10.6124 10.1203 9.27014 10.6683 7.58083 7.52407 8.53764 7.74357 7.6007 7.29078 6.93887 8.7283 7.94556 6.75102 6.56448 5.86322 5.91019
threshold=55.850000000000001 47.150000000000013 -1.4166666666666663 0.56183598638661791 75.050000000000011 53.95000000000001 2.1666666666666674 0.4999944169792771 0.22455313854719225 63.250000000000007 44.45000000000001 1350.0000000000002 15.500000000000002 0.23815276110444181 0.3041416813303256 15.500000000000002 2.5000000000000004 0.31434735899485777 1175.0000000000002 54.465246704259762 42.95000000000001 0.21921155519345378 43.550000000000004 0.2974807106442629 59.650000000000013 0.1993677970582439 53.550000000000004 54.250000000000007 0.56183598638661791 39.350000000000001
decision_type=2 2 2 2 2 2 2 2 2 2 2 2 2 2 2 10 10 2 2 2 2 2 2 2 2 2 2 2 2 2
left_child=1 4 3 15 11 7 17 9 -9 -4 -8 12 13 -1 -14 16 -3 -7 21 20 -20 -2 -22 24 27 -26 -24 -21 29 -13
right_child=18 2 5 -5 -6 6 10 8 -10 -11 -12 28 14 -15 -16 -17 -18 -19 19 23 22 -23 26 -25 25 -27 -28 -29 -30 -31
leaf_value=-0.01132719308105899 0.030699207435640682 0.0058790532773068211 -0.0068247933318591391 0.031939563394022749 0.047533053667695578 0.0065231104428139473 0.020948490894580077 -0.0035056598173171362 0.010222942506523242 0.038977514981071597 -0.0039010678388613136 0.0055237175760725291 -0.012562322993564225 0.017258312647973603 0.028557205011779541 0.035752696928148933 -0.0052821019654282972 -0.0072859106501374157 -0.01543558234802456 0.047400492747221107 0.036730241532151715 0.0020131495766128496 0.001780274607435966 -0.0069245085613077496 -0.017943618950385803 0.0098668011081689232 0.019240894036295794 0.016575401819370807 0.018044424825416391 -0.013522396193372364
leaf_weight=43.732081159949303 52.041338536888361 731.29107850417495 1609.0866420948878 49.721346825361252 9.9565694294869882 1333.7591461464763 50.340508114546537 754.56033734697849 352.93464985117316 16.51811857521534 1446.6026934478432 43.879983275197446 168.96757429465652 123.54957951977849 16.258800223469734 21.470870245248079 302.20376393198967 106.97113014757633 60.995525361970067 19.352795884013176 15.485132545232771 42.179783788509667 1694.0988241191953 50.971243793144822 33.245853438973427 110.86179130151868 57.213640931993723 176.14136068895459 16.539805371314287 502.39663950167596
leaf_count=408 336 5303 12375 303 72 7293 315 5744 2319 81 8156 815 1944 1095 109 176 2205 561 573 135 130 256 11491 280 228 598 390 991 149 5706
internal_value=0.00026919 -0.000875203 -0.000141216 0.00458964 -0.00624389 -0.00106375 0.00113309 -0.00342681 0.000865362 -0.00635394 -0.00306072 -0.00683945 -4.03599e-05 0.00975309 -0.00891249 0.00329297 0.00261039 0.00549392 0.00408197 0.00349092 0.00205335 0.0179261 0.00266079 0.0102034 0.0127901 0.00340823 0.00235462 0.0196751 -0.0110883 -0.0119826
internal_weight=10013.3 7700.74 6775.46 1104.69 925.281 5670.77 2937.67 2733.1 1107.49 1625.6 1496.94 915.324 352.508 167.282 185.226 1054.97 1033.49 1440.73 2312.59 2218.37 1827.79 94.2211 1766.8 390.573 339.602 144.108 1751.31 195.494 562.816 546.277
internal_count=70537 55129 44831 7987 10298 36844 16325 20519 8063 12456 8471 10226 3556 1503 2053 7684 7508 7854 15408 14816 12584 592 12011 2232 1952 826 11881 1126 6670 6521
is_linear=0
shrinkage=0.05


Tree=100
num_leaves=13
num_cat=0
split_feature=3 13 2 26 32 37 3 32 2 36 35 30
split_gain=15.8437 14.7957 14.8417 16.0691 12.2925 10.3956 11.5271 8.73195 8.18696 7.09823 5.71922 4.26137
threshold=66.15000000000002 76.750000000000014 65.250000000000014 1.0000000180025095e-35 69.050000000000011 0.5046451326794964 37.350000000000001 64.65000000000002 59.550000000000004 50.887366512972726 -0.51666666666666916 485.00000000000006
decision_type=2 2 2 2 10 2 2 8 2 2 2 2
left_child=1 2 3 5 -4 6 -1 -3 11 -7 -10 -5
right_child=-2 7 4 8 -6 9 -8 -9 10 -11 -12 -13
leaf_value=-0.010155288306933808 0.041206378060747763 0.053761381559189796 0.05163925891951418 -0.011105913736165009 0.0054012152523690623 0.014347600700552694 -0.00030490511229787663 0.0081112218314927185 0.018534641332889897 0.0013760215046046832 -0.0061980224377223472 -0.025139543998025923
leaf_weight=307.51584828924388 22.810014151036739 19.292241925373673 24.252608180046082 140.79501627013087 35.827251151204109 195.78384803049266 8661.9828861393034 23.539411164820194 27.69710586592555 230.58397875539958 145.40916005894542 90.325485846027732
leaf_count=2406 126 151 123 1047 155 1282 61762 107 178 1259 860 644
internal_value=-0.000323587 -0.000420165 -0.000548183 -0.000700684 0.0242041 -0.000280136 -0.000643289 0.0288668 -0.0104611 0.00734613 -0.0022035 -0.0166206
internal_weight=9925.81 9903 9860.17 9800.09 60.0799 9395.87 8969.5 42.8317 404.227 426.368 173.106 231.121
internal_count=70100 69974 69716 69438 278 66709 64168 258 2729 2541 1038 1691
is_linear=0
shrinkage=0.05


Tree=101
num_leaves=25
num_cat=0
split_feature=3 18 2 8 32 32 30 37 32 5 38 9 37 38 15 1 2 9 4 4 4 38 3 2
split_gain=14.1197 13.2192 14.2295 12.737 13.9975 11.6892 10.2298 8.92203 9.27517 9.20768 12.431 8.60481 7.31173 6.83649 9.05561 7.22275 6.5741 6.54494 6.15873 6.14123 13.0859 5.49824 3.09619 2.93473
threshold=66.15000000000002 16.500000000000004 65.250000000000014 22.750000000000004 40.45000000000001 69.050000000000011 543.00000000000011 0.3268590297656328 67.250000000000014 55.050000000000004 0.20426642766426106 74.050000000000011 0.4999944169792771 0.21906684315348537 37.95000000000001 41.350000000000001 51.650000000000013 59.95000000000001 91.950000000000017 43.95000000000001 52.350000000000001 0.18774209454207502 56.45000000000001 52.650000000000013
decision_type=2 2 2 2 10 10 2 2 10 2 2 2 2 2 2 2 2 2 2 2 2 2 2 2
left_child=1 2 3 13 17 -4 -6 9 11 19 -11 21 16 15 -15 -1 -10 -5 -12 23 -21 -9 -14 -3
right_child=-2 7 5 4 6 -7 -8 8 12 10 18 -13 22 14 -16 -17 -18 -19 -20 20 -22 -23 -24 -25
leaf_value=-0.015340251595558234 0.038649641654110702 -0.038729927610005835 0.054621325307054408 -0.014630981751692602 0.000117499493518975 0.0060496905016250973 -0.016412071979243534 -0.0013509322617839736 -0.034123031649988193 -0.019128994184700647 0.010817816616984815 0.028449463454354534 0.012832084410611315 -0.028591609721774304 0.0056148199478406021 0.018652792864835854 -0.0039805667580689319 0.039924768537703943 0.041274421399882168 0.037844887331512839 -0.0070823110435518635 -0.018980963459082387 -0.0084825590116390081 -0.0036988518740384974
leaf_weight=16.993243739940226 23.101790893822908 19.97867347300053 21.369910880923271 204.15634087193757 8068.0782449357212 29.979741588234901 94.597183406352997 52.84577302262187 23.289627712219954 32.424798047170043 117.66506785340607 10.92038421332836 77.89747928082943 20.633409691974521 283.56083279196173 167.72151797637343 82.318401142954826 5.5089933797717086 19.477762546390295 17.436401894316077 210.85357408504933 292.50867753010243 21.429112397134304 9.0163864102214557
leaf_count=270 126 305 108 3773 53092 130 624 560 117 173 646 77 381 159 2519 1495 396 53 87 154 1934 2740 102 79
internal_value=-0.00030765 -0.000399446 0.000208356 5.55587e-05 -0.000401998 0.0264275 -7.36478e-05 -0.00588652 -0.01003 -0.000426011 0.0086042 -0.0149056 -0.00152632 0.00789971 0.00326954 0.0154919 -0.0107011 -0.0131553 0.0152068 -0.00639797 -0.00361389 -0.0162989 0.00817938 -0.0280586
internal_weight=9923.76 9900.66 8912.6 8861.25 8372.34 51.3497 8162.68 988.062 561.209 426.853 169.568 356.275 204.935 488.909 304.194 184.715 105.608 209.665 137.143 257.285 228.29 345.354 99.3266 28.9951
internal_count=70100 69974 62223 61985 57542 238 53716 7751 4373 3378 906 3377 996 4443 2678 1765 513 3826 733 2472 2088 3300 483 384
is_linear=0
shrinkage=0.05


Tree=102
num_leaves=18
num_cat=0
split_feature=3 2 26 8 32 32 32 2 12 37 36 5 35 2 12 35 8
split_gain=12.5996 11.8747 14.8511 9.86878 11.2003 9.59375 8.85149 7.5056 7.36254 9.47739 8.3945 6.36684 5.1363 6.96827 4.69797 7.55398 6.0312
threshold=66.15000000000002 65.250000000000014 1.0000000180025095e-35 31.250000000000004 83.050000000000011 69.050000000000011 40.45000000000001 59.550000000000004 74.15000000000002 0.48935443486336078 53.816201805492689 62.150000000000013 -0.51666666666666916 61.650000000000013 56.95000000000001 3.8333333333333397 40.250000000000007
decision_type=2 2 2 2 8 10 10 2 2 2 2 2 2 2 2 2 2
left_child=1 2 3 8 6 -3 -5 14 9 -1 -10 -6 -9 -14 16 -16 -4
right_child=-2 5 7 4 11 -7 -8 12 10 -11 -12 -13 13 -15 15 -17 -18
leaf_value=-0.0025986071012030799 0.036297453129411093 0.045385350968236454 0.022952516302861888 -0.011423863694297525 0.0051147795478264551 0.0048590604138655834 -0.00070319258663860006 0.017550681535990893 0.0054451371230987873 0.022774908548639301 0.022108377713312949 0.026961332470061751 0.0046584167913455874 -0.01724018589224674 -0.024433125119989556 0.013109134070486656 -0.012535143078450842
leaf_weight=440.68519734684378 23.368270870298147 24.962526049464941 14.74033787474036 197.30758843384683 93.682864427566528 35.824387893080711 7943.815408475697 27.901093937456608 577.60467458982021 40.045441258698702 87.250532604753971 52.398196250200272 75.343085432425141 69.539386369287968 139.77482013218105 14.575489055365322 60.759396057575941
leaf_count=3768 126 123 116 3705 522 155 52831 178 5054 272 564 244 465 395 1076 101 405
internal_value=-0.000293025 -0.000380299 -0.000517063 -0.000115067 -0.000716899 0.0216308 -0.000963769 -0.00992012 0.00423392 -0.000470267 0.00764241 0.0129983 -0.00201125 -0.00582243 -0.0158402 -0.0208494 -0.00551931
internal_weight=9919.58 9896.21 9835.42 9432.79 8287.2 60.7869 8141.12 402.634 1145.59 480.731 664.855 146.081 172.784 144.882 229.85 154.35 75.4997
internal_count=70100 69974 69696 66960 57302 278 56536 2736 9658 4040 5618 766 1038 860 1698 1177 521
is_linear=0
shrinkage=0.05


Tree=103
num_leaves=20
num_cat=0
split_feature=13 7 8 9 13 33 36 38 31 36 40 13 37 12 9 17 38 40 7
split_gain=13.1713 12.386 11.3618 13.7071 13.3303 10.2027 9.41652 8.16082 9.37977 9.275 17.003 10.4789 7.99097 6.14123 5.70798 5.84971 3.78139 3.01176 2.33658
threshold=76.750000000000014 69.350000000000009 31.250000000000004 41.650000000000013 41.550000000000004 45.850000000000001 47.648316606664103 0.21914809191139498 -5.4999999999999991 53.816201805492689 0.20869492669028492 46.750000000000007 0.58928790151598498 97.550000000000011 49.750000000000007 1650.0000000000002 0.21890356469008473 0.17937918930436009 46.550000000000004
decision_type=2 2 2 2 2 8 2 2 10 2 2 2 2 2 2 2 2 2 2
left_child=1 2 7 17 16 -6 -2 8 13 11 -11 -9 -10 -1 -3 -16 -5 -4 -19
right_child=6 14 3 4 5 -7 -8 9 12 10 -12 -13 -14 -15 15 -17 -18 18 -20
leaf_value=0.030610382669106758 0.058152683435086727 0.031855918500194487 -0.0071665320264825694 -0.005266312536119617 -0.0046302792379870547 -3.0974157118656951e-05 0.0094132541302581387 0.0077279417312279474 0.0039876113862700483 0.045081383425145102 0.0016120641260799888 -0.007478655661304923 0.04462948376310618 0.0061682734270057018 -0.0075939555665887701 0.021163413048812342 -0.023791778801169686 -0.015636569655218931 -0.044085801084231463
leaf_weight=69.071505382657051 15.628435103222726 38.485907480120659 13.870316628366707 43.159657442942262 1460.0112497443333 6935.4467355757952 27.773833597078919 164.85455595888197 428.29788136389107 30.239214777946472 88.065935650840402 360.45486617274582 12.380678750574587 41.903979467228055 32.674409214407206 37.897951982915401 80.401783030480146 11.398094754666088 24.175587393343449
leaf_count=610 98 192 145 377 20636 37153 160 1621 3755 230 503 2824 78 405 162 199 651 101 200
internal_value=-0.000278567 -0.000400024 -0.000587767 -0.00122527 -0.00107213 -0.000831457 0.0271718 0.00397777 0.0084399 0.000144717 0.0127939 -0.00269639 0.00515064 0.02144 0.0163475 0.00778634 -0.0173708 -0.0274527 -0.03518
internal_weight=9916.19 9872.79 9763.73 8568.46 8519.02 8395.46 43.4023 1195.27 551.654 643.615 118.305 525.309 440.679 110.975 109.058 70.5724 123.561 49.444 35.5737
internal_count=70100 69842 69289 59263 58817 57789 258 10026 4848 5178 733 4445 3833 1015 553 361 1028 446 301
is_linear=0
shrinkage=0.05


Tree=104
num_leaves=28
num_cat=0
split_feature=13 3 8 1 34 7 12 34 27 38 32 16 3 36 30 36 15 1 1 12 38 32 5 39 36 38 32
split_gain=11.7813 11.5477 12.8229 15.6175 18.7519 14.7195 12.9221 12.6038 9.63078 9.46985 8.25986 8.24354 8.23085 8.20662 8.12328 8.1136 7.58906 7.17041 6.00998 5.869 7.32011 7.23494 4.75464 3.62566 2.88428 4.20512 2.54671
threshold=76.750000000000014 37.350000000000001 50.350000000000001 56.050000000000004 -1.5833333333333333 53.750000000000007 77.950000000000017 2.5833333333333335 7.5000000000000009 0.26068996829635221 66.65000000000002 55.550000000000004 62.550000000000004 47.648316606664103 443.00000000000006 47.081813990200835 41.150000000000013 41.350000000000001 56.550000000000004 80.15000000000002 0.21936950827449772 73.450000000000017 50.150000000000013 -4.9999999999999991 54.720537668694128 0.21928038674319744 63.050000000000004
decision_type=2 2 2 2 2 2 2 2 2 2 10 2 2 2 2 2 2 2 2 2 2 10 2 2 2 2 10
left_child=1 10 5 4 14 6 8 -8 -3 -6 18 16 17 -2 -4 -14 -5 -7 24 21 -21 23 -20 -12 26 -26 -1
right_child=13 2 3 11 9 12 7 -9 -10 -11 19 -13 15 -15 -16 -17 -18 -19 22 20 -22 -23 -24 -25 25 -27 -28
leaf_value=-0.017680961691525224 0.054118222469659298 -0.0037897740949348032 -0.01012261277752936 -0.007393423046578214 -0.0047399823829729505 -0.022947036411468755 0.0063400893949419768 -0.0055762113403367277 0.0057633889964909318 -0.012706269740340077 0.017359729250697491 0.033479639779742519 0.0016846937338660499 0.008916044171992623 0.0031341932289620598 0.044929562031891843 0.0034919107421310597 0.0058589425921474689 0.024828092416983957 0.03130942730110866 -0.007426074480909102 -0.028281182954871101 -0.013264405487063386 -0.011280363964620361 -0.023354758854378033 0.017562881321504503 -0.032802025876669631
leaf_weight=119.85852669645101 15.952556967735289 1829.7233728114516 131.16490250267088 184.77457720786333 1707.0022584525868 21.800014978274703 1061.5076210880652 280.02409814111888 307.8121968600899 479.05837776139379 24.204042211174965 21.072304505854845 18.799879796802998 27.85983588732779 959.53919715993106 26.387845262885094 1186.4361412022263 1316.9848618190736 15.137277163565157 27.600604146718979 21.431561708450317 27.41816770285368 17.482763104140759 19.9940520003438 12.483833732083442 12.365876030176876 38.10945326089859
leaf_count=1369 98 14928 1295 953 12154 267 8832 1737 2380 3071 120 107 107 160 7254 146 6137 7865 119 130 102 122 102 103 115 92 235
internal_value=-0.000265105 -0.000380591 -5.88498e-05 -0.00193092 -0.00381645 0.00173751 1.051e-06 0.00384879 -0.00241154 -0.00648852 -0.00948821 0.00250309 0.00609875 0.0255743 0.0015346 0.0270918 0.002021 0.00538447 -0.0153532 0.000947359 0.014296 -0.0081293 0.0042814 0.00429462 -0.0188844 -0.00280387 -0.021379
internal_weight=9911.99 9868.17 9532.09 4669.05 3276.76 4863.04 3479.07 1341.53 2137.54 2186.06 336.086 1392.28 1383.97 43.8124 1090.7 45.1877 1371.21 1338.78 215.438 120.648 49.0322 71.6163 32.62 44.1981 182.818 24.8497 157.968
internal_count=70100 69842 67233 30971 23774 36262 27877 10569 17308 15225 2609 7197 8385 258 8549 253 7090 8132 2032 577 232 345 221 223 1811 207 1604
is_linear=0
shrinkage=0.05


Tree=105
num_leaves=31
num_cat=0
split_feature=33 18 33 3 40 37 12 32 36 9 40 13 35 13 32 19 3 13 0 13 2 17 7 34 40 32 5 17 35 35
split_gain=14.4984 13.2672 12.5533 9.83397 10.1552 9.22589 11.2876 10.8233 10.7513 11.7091 9.49447 9.06355 8.71346 8.57915 8.51528 8.38353 7.78374 7.61484 7.39588 7.46095 7.24915 7.50214 7.01944 6.94186 6.84846 6.56004 6.14518 4.8996 4.63406 3.66187
threshold=76.450000000000017 15.500000000000002 34.95000000000001 47.150000000000013 0.28975637761416922 0.36458590978545313 98.950000000000017 35.95000000000001 42.302843497019701 49.550000000000004 0.13559751660212602 51.150000000000013 -2.7333333333333303 77.950000000000017 82.050000000000011 1.0000000180025095e-35 58.250000000000007 55.850000000000001 49.650000000000013 41.550000000000004 41.350000000000001 1550.0000000000002 35.350000000000001 4.166666666666667 0.19975770784683081 75.850000000000009 65.550000000000011 1550.0000000000002 -0.9666666666666649 1.1000000000000052
decision_type=10 2 8 2 2 2 2 10 2 2 2 2 2 2 10 2 2 2 2 2 2 2 2 2 2 10 2 2 2 2
left_child=1 5 3 29 12 7 18 28 9 -9 -8 26 -5 20 15 17 -10 27 25 -20 21 -4 -22 -12 -19 -7 -2 -13 -1 -3
right_child=11 2 13 4 -6 6 10 8 16 -11 23 14 -14 -15 -16 -17 -18 24 19 -21 22 -23 -24 -25 -26 -27 -28 -29 -30 -31
leaf_value=0.00479287798042137 0.0033509676166024942 -0.02989392504208534 -0.038727757554938978 0.031627206505043019 0.033782191893131606 -0.0054186049184855728 0.048500972540904179 0.029112579181131838 -0.0021924045830404326 -0.0018958444611017139 0.011517028289670593 0.0064691352651615412 -0.012930371625018573 0.035029052351384295 0.034814216055427442 0.026735512572906819 0.0055504271532876613 0.028717860685535453 -0.016866096096221188 0.0038378929605383597 -0.029873791030522769 -0.005043892469373883 -0.0015557978288577926 -0.0094796327138348471 0.0067130493000288789 0.026062635499386269 -0.023054360507201884 -0.014191380481879371 -0.037067820489851515 0.0017720218830426374
leaf_weight=8.2808319982141239 67.163861900568008 81.371801397763193 26.766677664592862 11.664316405542193 14.450997451320289 400.80804549157619 16.004117092117667 62.699684416875243 2309.1009081080556 58.516208348795772 366.9057694170624 54.960517629981041 153.56773154903203 15.564394529908894 35.964181438088417 58.03613355755806 377.32508219219744 46.646455079317093 44.493964042514563 1677.4614215884358 21.937873149290681 44.139111787080765 3645.2942897286266 43.755891479551792 149.82450641691685 17.117017090320587 32.510291561484337 59.415049210190773 28.808443568646908 9.936771488748489
leaf_count=139 282 2075 258 248 200 3421 144 465 15382 512 2231 233 3603 89 172 251 2354 196 302 10164 239 397 24757 217 642 76 143 253 567 226
internal_value=-1.50218e-05 -0.000457104 -0.0026314 -0.0130254 -0.00619271 0.00115915 0.00333302 -0.000800435 -0.000443666 0.014113 0.0107603 0.0082417 -0.00973742 -0.00187937 0.0115703 0.00928174 -0.00110285 0.00599943 0.00184933 0.00329907 -0.00203531 -0.0178665 -0.00172737 0.0092659 0.0119749 -0.00411134 -0.00522591 -0.00422279 -0.0275995 -0.026395
internal_weight=9940.49 9435.97 4024.69 270.992 179.683 5411.28 2566.55 2844.73 2807.64 121.216 426.666 504.521 165.232 3753.7 404.847 368.883 2686.43 310.847 2139.88 1721.96 3738.14 70.9058 3667.23 410.662 196.471 417.925 99.6742 114.376 37.0893 91.3086
internal_count=70238 68066 32092 6352 4051 35974 16555 19419 18713 977 2592 2172 3851 25740 1747 1575 17736 1324 13963 10466 25651 655 24996 2448 838 3497 425 486 706 2301
is_linear=0
shrinkage=0.05


Tree=106
num_leaves=28
num_cat=0
split_feature=33 1 2 26 37 36 33 12 4 2 4 5 5 36 36 31 36 40 38 3 36 12 34 3 27 1 4
split_gain=13.1657 11.7355 11.1463 10.5965 12.1217 11.7091 10.4159 9.71614 9.05408 7.57741 6.53636 6.52706 5.98168 17.4762 7.80374 7.62996 10.9461 6.14642 11.3048 5.67827 5.61593 5.04274 4.46451 7.61288 4.76284 3.23767 2.33574
threshold=76.750000000000014 38.550000000000004 65.250000000000014 1.0000000180025095e-35 0.5046451326794964 54.465246704259762 46.850000000000001 67.65000000000002 20.050000000000004 55.650000000000013 50.050000000000004 55.050000000000004 61.95000000000001 45.01187405162198 50.249682394155215 1.5000000000000002 49.830409477595687 0.21095107836860008 0.21906949493308445 50.050000000000004 53.435130837309707 59.550000000000004 -8.4166666666666661 51.050000000000004 1.5000000000000002 55.250000000000007 69.950000000000017
decision_type=10 2 2 2 2 2 8 2 2 2 2 2 2 2 2 10 2 2 2 2 2 2 2 2 2 2 2
left_child=1 9 3 4 8 11 -7 -6 -3 22 -2 -5 14 -14 17 16 -15 21 -19 -4 -16 -12 23 -1 -24 -17 -26
right_child=10 2 19 5 7 6 -8 -9 -10 -11 12 -13 13 15 20 25 -18 18 -20 -21 -22 -23 24 -25 26 -27 -28
leaf_value=-0.034992710821402782 -0.010532454390979709 -0.026593466332645234 0.0054596221022610233 -0.020467829858090775 -0.0018852434891407908 0.029018231408178004 -0.0040128989810031251 0.014098636834252746 -0.00033298364670270774 0.024280191986498497 0.047217416801985164 -0.0016193119932138489 -0.030606648312461245 -0.015593306230564744 -0.012857663227341474 0.0088693461062494799 0.021450862458294723 -0.0080465935025697786 0.024916685352720246 0.038699497204324154 0.017198794137368013 0.0211361937319876 0.012213826655684816 0.035718714723411642 -0.043153005479384887 0.033173665474069601 -0.021665895161591706
leaf_weight=7.4762115441262704 42.425842374563217 32.856874724850059 25.285802587866783 173.0035734642297 147.77545065060258 29.314603805541992 125.87649728357792 263.83912925049663 8486.4616068871692 8.9367825053632242 28.128529652953148 63.351632975041866 31.882566511631012 46.268268942832947 37.370393216609955 23.080778226256371 34.88266795873642 43.14377050101757 64.57128743827343 26.96774547547102 26.443984299898148 58.940537288784981 5.8648616485297671 7.5466631706804037 32.70731798093766 36.565840676426888 23.261299927718937
leaf_count=104 177 447 121 1428 881 287 648 1523 60943 98 119 343 137 205 158 99 160 182 273 122 115 248 112 105 644 171 388
internal_value=-1.4768e-05 -0.000422613 -0.000253508 -0.00038323 -2.96632e-05 -0.00843305 0.00220894 0.00834899 -0.000435162 -0.018821 0.00811827 -0.0154397 0.00996659 0.00272273 0.0147815 0.0103218 0.000275366 0.0197512 0.0116721 0.0227512 -0.000316942 0.0296639 -0.0239227 0.000199486 -0.029855 0.0238832 -0.0343664
internal_weight=9934.23 9460.53 9374.73 9322.48 8930.93 391.546 155.191 411.615 8519.32 85.7931 473.704 236.355 431.279 172.68 258.599 140.798 81.1509 194.784 107.715 52.2535 63.8144 87.0691 76.8564 15.0229 61.8335 59.6466 55.9686
internal_count=70238 68194 66743 66500 63794 2706 935 2404 61390 1451 2044 1771 1867 772 1095 635 365 822 455 243 273 367 1353 209 1144 270 1032
is_linear=0
shrinkage=0.05


Tree=107
num_leaves=31
num_cat=0
split_feature=33 0 4 13 35 4 1 38 2 26 27 23 9 33 32 32 13 19 33 5 5 5 38 5 13 4 33 1 36 6
split_gain=11.9135 11.1182 13.1062 14.0011 14.1018 11.5837 12.6289 9.94626 9.76464 10.2267 10.7375 18.0757 12.1674 8.73357 8.58198 6.97587 6.95731 8.39536 9.28795 19.0146 6.58813 6.35173 6.15693 6.08131 6.01965 5.98053 5.48247 7.67927 5.0917 4.75884
threshold=76.750000000000014 49.95000000000001 81.050000000000011 72.15000000000002 -2.9500000000000024 76.250000000000014 55.45000000000001 0.28504143779653551 65.250000000000014 1.0000000180025095e-35 5.5000000000000009 1.0000000180025095e-35 49.050000000000004 58.850000000000001 43.150000000000013 58.95000000000001 51.150000000000013 1.0000000180025095e-35 82.950000000000017 62.350000000000001 46.95000000000001 70.050000000000011 0.21906949493308445 65.550000000000011 55.050000000000004 99.950000000000017 59.650000000000013 53.95000000000001 46.576837675955751 70.65000000000002
decision_type=10 2 2 2 2 2 2 2 2 2 2 2 2 8 10 8 2 2 10 2 2 2 2 2 2 2 10 2 2 2
left_child=1 2 5 4 -4 6 14 -8 9 10 12 -12 -3 20 -1 -15 23 18 19 22 -11 -21 -18 -2 -20 -6 29 -28 -26 -7
right_child=16 8 3 -5 25 26 7 -9 -10 13 11 -13 -14 15 -16 -17 17 -19 24 21 -22 -23 -24 -25 28 -27 27 -29 -30 -31
leaf_value=-0.017003695430048971 0.0044402160515642749 0.0069743179090351109 0.037644130632476569 0.044394754089046383 0.0021385771021656293 -0.011074431813192842 0.010118117423049444 -0.018330300187099465 0.022214074185348671 -0.011458017764178853 0.0016110217316568046 0.012891444877231664 -0.0019015829022956217 0.0074394465945208437 -0.0036670101514349549 -0.021710750988383071 -0.0011837651526003671 0.029373721107918561 -0.00055421025139293421 -0.029925243528875128 0.0060180544626159361 0.0016331616559637546 0.019662201106646956 -0.022505223201585167 0.012044862185553782 -0.019467054037917906 0.0076604788982231851 -0.020790538951388444 0.038144439042763184 -0.02431483528653863
leaf_weight=132.26617167610675 63.395687192678452 439.61882404983044 26.862651197239757 20.905171297490597 383.65437885560095 193.2718478795141 250.59792778640985 34.816452672705054 52.131478153169155 92.306498961523175 2331.5077138822526 419.21104669943452 3160.0371110290289 24.229434192180634 1396.5959609504789 124.61847774684429 55.48324853181839 52.30549256503582 26.050765931606293 47.319256439805031 129.17504760436714 23.566353023052216 95.723609402775764 31.01398429274559 33.587980598211288 34.837470041587949 66.615334868431091 36.629292622208595 44.486924707889557 106.95772590767592
leaf_count=2978 266 3102 162 119 2096 2326 1530 212 242 916 14825 2639 20295 127 13050 575 229 231 120 199 948 103 399 136 151 216 332 167 210 1337
internal_value=-1.4292e-05 -0.000402129 -0.00312577 0.00448809 0.00259408 -0.00472889 -0.00302079 0.0066251 0.000676516 0.000508381 0.000980127 0.00333239 -0.000816034 -0.00756567 -0.00482511 -0.0169303 0.00772883 0.0107608 0.00775299 0.00194842 -0.00124474 -0.0193755 0.0119843 -0.00437302 0.020072 0.000323845 -0.0123946 -0.00239539 0.0270101 -0.0158145
internal_weight=9929.78 9456.85 2684.01 466.26 445.355 2217.75 1814.28 285.414 6772.84 6720.7 6350.37 2750.72 3599.66 370.329 1528.86 148.848 472.933 378.524 326.218 222.092 221.482 70.8856 151.207 94.4097 104.126 418.492 403.474 103.245 78.0749 300.23
internal_count=70238 68194 24525 2593 2474 21932 17770 1742 43669 43427 40861 17464 23397 2566 16028 702 2044 1642 1411 930 1864 302 628 402 481 2312 4162 499 361 3663
is_linear=0
shrinkage=0.05


Tree=108
num_leaves=24
num_cat=0
split_feature=33 1 13 2 30 34 14 13 32 31 19 2 13 5 14 17 32 17 13 31 5 1 30
split_gain=10.8001 10.5241 10.2296 9.23922 8.19049 8.82924 8.64276 7.40401 7.72796 7.25828 6.97492 6.90057 6.67683 6.12659 5.67911 4.3992 4.3471 4.14076 5.49241 4.13871 3.01559 2.69704 2.21434
threshold=76.450000000000017 38.550000000000004 79.050000000000011 64.350000000000009 543.00000000000011 -1.1666666666666663 49.550000000000004 51.150000000000013 82.050000000000011 -2.4999999999999996 1.0000000180025095e-35 55.650000000000013 55.850000000000001 66.850000000000009 58.250000000000007 1550.0000000000002 68.450000000000017 1075.0000000000002 54.250000000000007 1.5000000000000002 63.350000000000001 57.650000000000013 495.00000000000006
decision_type=10 2 2 2 2 2 2 2 10 10 2 2 2 2 2 2 10 2 2 10 2 2 2
left_child=1 11 3 4 5 -3 -6 9 10 -2 12 14 15 -14 17 -9 22 -1 -19 -11 -12 -18 -5
right_child=7 2 -4 16 6 -7 -8 8 -10 19 20 -13 13 -15 -16 -17 21 18 -20 -21 -22 -23 -24
leaf_value=0.0064602621325063883 0.016199129512567561 0.0022426710847577953 0.029745957616769955 0.040567048841037207 0.004909062990227385 -0.0012675819504816199 -0.025837263246592898 0.0055811444474920466 0.032577399029881653 -0.02741251658265853 0.014441889922560012 0.022696074331333436 0.01499217767491293 -0.0072399430825185358 0.022298782974934067 -0.014000481752461838 -0.0062534885387457925 -0.0408765624252721 -0.0069802167719258436 -0.0029450640805124533 0.038308802259250492 0.017453444242529252 0.016070053377758128
leaf_weight=7.8361457400023928 28.483867660164833 2447.6381953256205 28.259781513363123 19.164636977016926 35.281198501586914 6676.7161442879587 63.411802060902119 54.81512051820755 35.133580900728703 30.716834366321564 34.631779164075851 9.0878616180270892 157.26814545691013 38.188980683684349 6.1515234168618909 59.445459634065628 23.537721559405327 44.061806777492166 16.969902904704213 40.611772686243057 22.677908211946487 23.874594688415527 19.957462549209595
leaf_count=102 121 20191 166 100 247 45160 442 233 172 130 149 98 667 171 97 253 99 826 328 174 102 104 106
internal_value=-1.39092e-05 -0.00039517 -0.000235938 -0.000327806 -0.000480988 -0.000325383 -0.0148015 0.00713099 0.0101598 -0.00502071 0.00799203 -0.0179929 0.00500264 0.0106214 -0.0230122 -0.00456605 0.0159227 -0.0271585 -0.0315603 -0.0135753 0.0240236 0.00559057 0.0282706
internal_weight=9923.92 9421.95 9337.84 9309.58 9223.05 9124.35 98.693 501.973 402.161 99.8125 367.027 84.1072 309.718 195.457 75.0194 114.261 86.5344 68.8679 61.0317 71.3286 57.3097 47.4123 39.1221
internal_count=70238 68066 66615 66449 66040 65351 689 2172 1747 425 1575 1451 1324 838 1353 486 409 1256 1154 304 251 203 206
is_linear=0
shrinkage=0.05


Tree=109
num_leaves=31
num_cat=0
split_feature=18 33 32 7 3 27 23 7 0 9 1 34 5 29 11 0 16 15 5 18 8 7 13 3 5 8 34 12 8 15
split_gain=10.4703 12.0991 9.47992 9.47097 9.29391 9.20735 13.0637 12.6711 9.03246 8.9504 8.60597 12.3845 12.4263 11.5656 11.307 8.08223 7.87879 8.68371 7.61951 7.48215 11.5709 7.84876 6.65984 6.48149 6.46922 6.18096 6.47353 5.48699 4.97019 4.57819
threshold=15.500000000000002 34.95000000000001 83.050000000000011 35.350000000000001 47.150000000000013 5.5000000000000009 1.0000000180025095e-35 66.850000000000009 46.050000000000004 51.350000000000001 56.350000000000001 2.5833333333333335 38.95000000000001 55.750000000000007 49.650000000000013 52.350000000000001 56.550000000000004 51.45000000000001 49.050000000000004 8.5000000000000018 53.150000000000013 55.45000000000001 54.45000000000001 39.250000000000007 67.350000000000009 74.350000000000009 -6.583333333333333 56.95000000000001 85.050000000000011 52.45000000000001
decision_type=2 8 10 2 2 2 2 2 2 2 2 2 2 2 2 2 2 2 2 2 2 2 2 2 2 2 2 2 2 2
left_child=2 4 5 -3 -2 16 7 8 -7 24 14 13 -13 -12 27 -11 19 -18 25 20 -1 -21 29 -16 -8 26 -6 -5 -27 -4
right_child=1 3 22 10 18 6 9 -9 -10 15 11 12 -14 -15 23 -17 17 -19 -20 21 -22 -23 -24 -25 -26 28 -28 -29 -30 -31
leaf_value=0.021772569202933027 -0.025458913593116202 -0.032243222457341229 0.024145000269752564 0.0079856426184739936 0.014732272581039383 -0.0071451280912134931 0.013411484546561825 0.032917362016533717 0.0026463072779975942 -0.021277911780140935 0.022034893064275876 -0.036213488265437972 0.00028477347746641958 0.0033085682124965516 -0.0095828105560771173 0.014705287816198198 0.045228018448139604 -0.003403239107075184 0.0087160289439050815 -0.0028514229932552091 -0.0075497177022921975 0.0036726940815560733 0.041942869135648035 -0.0010013115819749088 0.042417956503700137 0.051956178639956822 -0.021741810583953476 -0.022783276534487945 -0.013130807959553443 -0.0071741639395592029
leaf_weight=85.656975714489818 88.430773840285838 24.320690153166652 23.576435782015324 16.833697311580181 13.792684173211454 269.33857931941748 298.08335693366826 32.308070972561836 1862.5627763476223 35.016589121893048 136.18903242051601 24.197664633393288 574.29314312338829 210.80354097485542 239.8082946203649 27.861377522349358 19.364847728982568 17.009991936385632 60.843591026961803 2275.9908728599548 54.974756009876728 577.42322144471109 22.774990320205688 2690.5976979006082 20.686629075556993 6.1367420433089119 91.284884395077825 93.232489455491304 5.2962105134502053 22.591886714100838
leaf_count=472 2301 263 105 149 274 2504 2014 164 11505 222 719 182 3102 1062 1838 160 140 118 1008 15821 298 3189 106 18714 97 174 2432 842 163 100
internal_value=-1.31679e-05 -0.00187995 0.00139998 -0.00119371 -0.012211 0.00117101 0.00338795 0.00188087 0.00140666 0.0119183 -0.0010022 0.00316162 -0.00118834 0.010677 -0.00229872 -0.00525624 -0.000689833 0.0224025 -0.00556671 -0.000972792 0.0102774 -0.00152935 0.0198182 -0.00170558 0.0153223 -0.0130693 -0.0168972 -0.0180291 0.0215193 0.00872891
internal_weight=9921.28 4276.06 5645.22 4010.28 265.785 5576.28 2545.86 2164.21 2131.9 381.648 3985.96 945.483 598.491 346.993 3040.47 62.878 3030.42 36.3748 177.354 2994.05 140.632 2853.41 68.9433 2930.41 318.77 116.511 105.078 110.066 11.433 46.1683
internal_count=70238 33223 37015 26871 6352 36704 16666 14173 14009 2493 26608 5065 3284 1781 21543 382 20038 258 4051 19780 770 19010 311 20552 2111 3043 2706 991 337 205
is_linear=0
shrinkage=0.05


Tree=110
num_leaves=31
num_cat=0
split_feature=4 18 3 30 32 0 13 3 3 31 1 4 37 8 0 7 7 39 32 12 37 38 5 0 0 32 7 37 0 38
split_gain=16.3106 14.9501 14.4469 12.5812 10.3201 9.82467 12.1177 12.0632 13.6485 10.0012 7.84531 7.84489 7.99347 7.67145 10.4723 9.25099 8.79892 7.97578 7.5735 7.2509 6.62939 6.35208 6.01477 8.09327 6.85559 5.77445 8.70082 14.1147 7.29352 8.78574
threshold=92.850000000000009 11.500000000000002 42.45000000000001 421.00000000000006 77.450000000000017 44.250000000000007 70.050000000000011 50.95000000000001 51.050000000000004 22.500000000000004 55.150000000000013 94.550000000000011 0.16766144452672513 37.250000000000007 48.850000000000001 41.650000000000013 57.750000000000007 -18.999999999999996 60.250000000000007 76.950000000000017 0.11041634246291111 0.19073779088287576 61.350000000000001 50.750000000000007 57.45000000000001 64.850000000000009 52.550000000000004 0.27398826158393824 63.350000000000001 0.21542521628774827
decision_type=2 2 2 2 10 2 2 2 2 10 2 2 2 2 2 2 2 2 10 2 2 2 2 2 2 10 2 2 2 2
left_child=1 4 11 22 13 6 10 9 -9 -7 -5 -2 -13 14 21 -15 -16 -17 -14 -20 -4 -1 23 -3 -25 26 27 -22 29 -27
right_child=2 3 20 5 -6 7 -8 8 -10 -11 -12 12 18 15 16 17 -18 -19 19 -21 25 -23 -24 24 -26 28 -28 -29 -30 -31
leaf_value=-0.039112408485966664 0.021680466885638353 -0.019153703069844697 0.029952642458377879 -0.010622942009359664 0.021125255630844417 -0.0033012898042253597 0.028341986910830771 0.023899416429671 0.00083221981664027681 0.033549081579030353 0.0079403480184287167 -0.037567642028891887 -0.02660981611181934 -0.012694659293010366 0.019677311985378532 -0.010692926990010917 -0.0096393030851789595 0.0035431983893471804 -0.012756622888271436 0.011849597898616306 -0.0012474517374952033 0.00019330112927188066 -0.030152587891653277 0.0075751130450360908 -0.018130618206595499 0.015546133938590743 0.0014424606526816973 0.027984514765477694 -0.020059270759937187 0.0018447986492670177
leaf_weight=12.53028050996363 21.301477111876011 109.2406812235713 33.058030970394611 554.44660883676261 78.170174922794104 3101.1129971817136 22.719566294923425 65.435297751799226 3037.6727093309164 18.399975143373013 63.039893006905913 23.328346710652113 34.862099248915911 114.41238716430962 180.47293651290238 108.36576612852514 29.513922687619925 1046.317277951166 58.35240663588047 61.266999535262585 58.829054174944758 53.881569726392627 40.994720108807087 83.62931782566011 37.466480541974306 160.89137034863234 109.10713570564985 135.89328474551439 28.94841855764389 432.32118191570044
leaf_count=114 109 1734 162 7120 355 22870 192 440 20632 151 424 113 234 871 1097 651 156 5956 269 279 360 456 236 840 306 709 599 785 130 1905
internal_value=-0.000187422 -0.000925362 0.00538805 -0.00191135 0.00340369 -0.00149292 -0.00739148 -0.000885143 0.001321 -0.00308126 -0.00871872 -0.00685187 -0.0103084 0.0025028 0.0100513 0.000854204 0.0155304 0.00220201 -0.00613797 -0.000112605 0.00793488 -0.0071952 -0.0124718 -0.0092916 -0.000345263 0.00714029 0.0127981 0.0191313 0.00436767 0.0055713
internal_weight=9915.98 8757.82 1158.16 7134.16 1623.66 6862.83 640.206 6222.62 3103.11 3119.51 617.487 199.111 177.81 1545.49 276.399 1269.1 209.987 1154.68 154.482 119.619 959.048 66.4119 271.331 230.336 121.096 925.99 303.829 194.722 622.161 593.213
internal_count=70255 64601 5654 54945 9656 51829 7736 44093 21072 23021 7544 1004 895 9301 1823 7478 1253 6607 782 548 4650 570 3116 2880 1146 4488 1744 1145 2744 2614
is_linear=0
shrinkage=0.05


Tree=111
num_leaves=31
num_cat=0
split_feature=4 18 3 30 33 13 13 5 7 32 0 13 3 13 2 8 3 8 0 4 0 27 6 3 5 0 2 1 9 6
split_gain=14.7048 13.4959 13.027 11.4776 10.9333 12.6056 11.0788 10.5977 9.45857 9.37401 8.63233 11.8345 10.8341 7.43136 7.35146 15.9505 9.47721 9.43515 10.3793 9.01508 6.61233 7.74106 6.0096 5.54224 5.51479 7.47158 13.2809 5.75919 5.41601 5.37654
threshold=92.850000000000009 11.500000000000002 42.45000000000001 421.00000000000006 47.050000000000004 57.150000000000013 54.95000000000001 47.850000000000001 77.050000000000011 77.450000000000017 44.250000000000007 70.050000000000011 50.95000000000001 55.050000000000004 59.150000000000013 62.150000000000013 47.750000000000007 37.250000000000007 48.850000000000001 65.050000000000011 63.350000000000001 7.5000000000000009 78.450000000000017 39.350000000000001 61.350000000000001 50.750000000000007 53.350000000000001 57.350000000000001 49.350000000000001 62.350000000000001
decision_type=2 2 2 2 10 2 2 2 2 10 2 2 2 2 2 2 2 2 2 2 2 2 2 2 2 2 2 2 2 2
left_child=1 9 13 24 5 6 7 -4 10 14 11 -5 -12 -2 17 16 -16 18 -1 -19 21 22 -6 -15 25 27 -27 -3 -23 -26
right_child=2 3 4 8 20 -7 -8 -9 -10 -11 12 -13 -14 23 15 -17 -18 19 -20 -21 -22 28 -24 -25 29 26 -28 -29 -30 -31
leaf_value=-0.0067925929002465926 0.0013198746460992242 -0.02137081953958201 -0.001128671800467529 -0.0083925683060312572 0.0033387009318637398 -0.0058590102782003287 0.072318034450454802 0.046438711727752519 0.034529850065885125 0.020160425827594947 -0.0030333797197361089 0.028169387445682717 0.0011449937311752924 -0.0055327237601348238 0.022754896176440383 0.042167565321642841 -0.019662706761039039 0.0037032220377003853 0.016156209452706932 -0.0049793881761460842 -0.013938462099060911 0.0018650068702687585 0.016696802315678983 -0.032160207253927424 -0.012194204778560661 0.0091610814923246547 -0.029084971538346879 0.027508143305521045 0.028584279165130084 -0.049221412169317857
leaf_weight=66.048201430588961 119.30705476924777 101.42604373861104 22.085921937599778 612.52649828139693 645.72736596316099 24.349033234640956 15.981341794133185 24.339972499758005 18.136776488274336 77.829315256327391 3106.5814276728779 22.809237198904157 3096.6160285715014 41.303842321038246 23.390128448605537 35.650326859205961 29.84021545574069 641.829579744488 190.35492312535644 559.29130469821393 40.085457645356655 27.62587471306324 97.115958131849766 38.023184582591057 22.390484482049942 90.979598114266992 30.128630798310041 6.2354508414864531 63.538565754890442 18.152092752978206
leaf_count=568 600 1683 180 7538 2961 184 114 162 86 355 22981 191 21033 211 113 162 142 4022 1153 3141 186 129 447 193 127 923 223 51 287 109
internal_value=-0.00017874 -0.000880364 0.00511148 -0.0018183 0.00752351 0.0244616 0.036362 0.0237485 -0.00141969 0.00323141 -0.00151627 -0.00706786 -0.000946758 -0.00652894 0.00237491 0.0163329 -0.000922369 0.00151925 0.0102249 -0.000335674 0.00583403 0.00679192 0.00509382 -0.0183832 -0.0119441 -0.00889252 -0.000328453 -0.0184706 0.0205531 -0.0289757
internal_weight=9909.7 8750.22 1159.48 7125.98 960.849 86.7563 62.4072 46.4259 6856.67 1624.23 6838.53 635.336 6203.2 198.634 1546.4 88.8807 53.2303 1457.52 256.403 1201.12 874.093 834.008 742.843 79.327 269.312 228.77 121.108 107.661 91.1644 40.5426
internal_count=70255 64601 5654 54945 4650 640 456 342 51829 9656 51743 7729 44014 1004 9301 417 255 8884 1721 7163 4010 3824 3408 404 3116 2880 1146 1734 416 236
is_linear=0
shrinkage=0.05


Tree=112
num_leaves=31
num_cat=0
split_feature=4 18 30 11 7 13 0 5 13 32 33 38 0 13 9 12 37 15 12 18 27 5 40 15 34 13 37 5 0 0
split_gain=13.2606 12.1868 10.4741 8.82097 11.5426 11.1513 9.09949 8.55017 8.02491 7.17013 7.1227 17.1659 12.7362 9.00592 8.55526 6.93777 10.1687 10.081 6.70531 5.79116 5.48291 6.19453 6.08631 9.91731 8.42397 5.36655 5.26187 5.06108 6.897 5.97319
threshold=92.850000000000009 11.500000000000002 421.00000000000006 49.750000000000007 77.050000000000011 66.950000000000017 45.350000000000001 69.15000000000002 47.350000000000001 79.65000000000002 47.650000000000013 0.24309822572492279 58.050000000000004 57.150000000000013 50.050000000000004 98.850000000000009 0.32299088831541289 35.050000000000004 93.65000000000002 17.500000000000004 7.5000000000000009 47.650000000000013 0.19951846207492538 51.750000000000007 6.5833333333333348 54.750000000000007 0.27273001292328075 61.350000000000001 50.750000000000007 57.45000000000001
decision_type=2 2 2 2 2 2 2 2 2 10 10 2 2 2 2 2 2 2 2 2 2 2 2 2 2 2 2 2 2 2
left_child=1 7 27 5 6 8 -5 9 -4 15 11 12 13 14 -2 17 -17 -1 -9 20 22 -22 23 -12 -24 -13 -23 28 -3 -30
right_child=10 2 3 4 -6 -7 -8 18 -10 -11 19 25 -14 -15 -16 16 -18 -19 -20 -21 21 26 24 -25 -26 -27 -28 -29 29 -31
leaf_value=0.019822646087022371 0.0031605015351460495 -0.017813160994479309 0.0074974602291645355 -0.0061625347308405052 0.039748214912058349 0.037573258649517244 -0.0003763996512343345 0.030640967407923839 -0.014801288457356621 0.025186135348376049 0.018120531885835654 -0.036615992054183276 0.060916581776534307 -0.011059559984385769 0.050355435993298836 0.00012843648446960571 0.016101102929359786 -0.00137492727257742 -0.0017418557188497955 -0.0093832859569070327 -0.00360633385466791 0.0039256937565682794 0.0018023640785910613 -0.0049135552554307547 -0.027782226267254219 0.0058841079569151092 0.028261510652008482 -0.027851194316630492 0.0069929448023988835 -0.017096540879922281
leaf_weight=59.121583618223667 17.130996961146593 106.08978632465005 47.395604220218956 770.96061451174319 17.266821540892124 11.97471348941326 5743.9497853983194 48.098571948707104 259.31509741395712 33.377224136143923 140.21491126716137 15.005344592034819 22.306965988129377 19.624572349712253 22.505561288446188 219.8479677606374 183.11892595887184 1057.9669813085347 23.478677541017532 79.396398283541203 36.766627252101898 33.821591928601265 597.16457363963127 69.566546127200127 24.964231878519058 14.230274755507706 67.809500344097614 40.105251474305987 84.2380286231637 36.920386042445898
leaf_count=312 135 1734 440 8762 82 84 40258 219 2203 152 669 106 190 149 141 1345 1030 6492 106 386 180 151 2701 337 111 96 302 236 840 306
internal_value=-0.00017031 -0.000837376 -0.00172974 -0.00134993 -0.000952722 -0.00947313 -0.00106197 0.00306833 -0.0113379 0.0022855 0.00485067 0.0169138 0.0287087 0.0164186 0.0301428 0.00177774 0.00740144 -0.000246903 0.0199614 0.00357106 0.00463708 0.013859 0.00309542 0.0104596 0.00060291 -0.0158093 0.0202238 -0.0114393 -0.00850996 -0.000314612
internal_weight=9903.73 8743.23 7118.22 6850.86 6532.18 318.685 6514.91 1625.01 306.711 1553.43 1160.51 110.804 81.5681 59.2611 39.6366 1520.06 402.967 1117.09 71.5772 1049.7 970.308 138.398 831.91 209.781 622.129 29.2356 101.631 267.353 227.248 121.158
internal_count=70255 64601 54945 51829 49102 2727 49020 9656 2643 9331 5654 817 615 425 276 9179 2375 6804 325 4837 4451 633 3818 1006 2812 202 453 3116 2880 1146
is_linear=0
shrinkage=0.05


Tree=113
num_leaves=31
num_cat=0
split_feature=18 3 0 13 32 11 13 18 38 33 38 2 26 36 7 2 8 32 0 0 4 1 4 8 4 3 33 38 35 6
split_gain=12.5489 13.0556 12.7086 12.2202 13.8939 10.462 9.97099 8.8595 9.52781 8.53014 8.13529 8.07852 7.70436 9.08841 8.70512 8.49339 10.2236 7.6467 7.57195 8.68165 9.6795 7.28965 7.19154 11.5647 11.5366 11.0804 7.05093 7.02476 6.22066 11.1683
threshold=9.5000000000000018 50.95000000000001 44.650000000000013 41.550000000000004 70.15000000000002 49.750000000000007 68.050000000000011 17.500000000000004 0.24657132921877536 53.650000000000013 0.20426642766426106 57.95000000000001 1.0000000180025095e-35 51.331258539480935 55.150000000000013 62.750000000000007 46.45000000000001 82.050000000000011 45.050000000000004 43.150000000000013 74.850000000000009 58.550000000000004 58.650000000000013 41.750000000000007 87.450000000000017 58.650000000000013 48.250000000000007 0.26181233932473108 0.73333333333333794 62.550000000000004
decision_type=2 2 2 2 10 2 2 2 2 10 2 2 2 2 2 2 2 10 2 2 2 2 2 2 2 2 8 2 2 2
left_child=11 3 6 4 -2 9 28 8 -7 -4 -9 18 15 14 -14 17 -17 -5 19 20 26 -15 23 -20 25 -24 -1 -11 -3 -30
right_child=1 2 5 12 -6 7 -8 10 -10 27 -12 -13 13 21 -16 16 -18 -19 22 -21 -22 -23 24 -25 -26 -27 -28 -29 29 -31
leaf_value=0.057790982976322805 -0.027151325127573591 -0.010407865786083997 -0.02311472960764463 -0.0022192490691595864 0.031495507407899435 0.0049113514079512383 0.025368590302537949 -0.020298442111525275 -0.00089691359704125958 -0.0072554892086396199 -0.0010546570922384301 0.024127861057082731 0.016084393255654542 -0.025569125186322445 -0.023573094557434556 -0.0091416099548066974 0.028094279719725571 0.013984572708374872 0.040192180555739088 0.050852307960294996 -0.020842762406885183 -0.0032156068354752734 -0.011618777047453517 0.0054243224299836863 0.013852088247730106 0.020288757990368157 0.0019762336766987218 0.025081333086565134 0.05603700774437495 -0.0076111811764515563
leaf_weight=11.185778465121986 84.463696484453976 380.45258907228708 71.37759511731565 4233.3744930690154 11.308232698589562 2667.9554931409657 22.585302405059338 70.255173062905669 958.25758924242109 81.666718423366547 253.3620176743716 59.930801330134273 46.965352170169353 102.36479747667909 19.446699135005474 28.657932884991169 50.55740250274539 73.907057270407677 28.081643970683217 17.941430289298296 16.06419225409627 57.529026545584202 205.3575381487608 162.30369336158037 87.454312354326248 31.172563087195158 11.749255105853079 21.027344040572643 10.006176845170559 21.302531056106091
leaf_count=150 877 4315 764 31940 53 17399 169 541 5828 406 1765 275 376 721 145 143 232 335 196 119 108 326 1148 891 415 153 61 102 96 206
internal_value=-0.000162238 -0.000627413 0.00127928 -0.00247428 -0.0201488 0.00213706 -0.00685199 0.00266683 0.00337511 -0.00984971 -0.00525278 0.00665778 -0.00210581 -0.011104 0.00437878 -0.0016402 0.0145658 -0.00193973 0.0048125 0.0221101 0.00866326 -0.0175647 0.00288401 0.0105972 -0.00163499 -0.00738572 0.0295477 -0.000567694 -0.00863718 0.0126851
internal_weight=9898.06 9266.82 4558.25 4708.57 95.7719 4123.9 434.347 3949.83 3626.21 174.072 323.617 631.241 4612.8 226.306 66.4121 4386.5 79.2153 4307.28 571.31 56.9407 38.9992 159.894 514.37 190.385 323.984 236.53 22.935 102.694 411.761 31.3087
internal_count=70255 66739 31591 35148 930 26805 4786 25533 23227 1272 2306 3516 34218 1568 521 32650 375 32275 3241 438 319 1047 2803 1087 1716 1301 211 508 4617 302
is_linear=0
shrinkage=0.05


Tree=114
num_leaves=31
num_cat=0
split_feature=4 3 18 33 5 0 11 13 28 7 1 32 13 12 4 7 7 32 5 27 13 4 6 39 13 5 38 39 5 4
split_gain=11.6915 11.6559 10.4297 8.67687 10.7314 9.73226 8.29138 11.7498 9.68472 9.40349 9.03462 7.86578 7.64768 9.71226 6.95575 7.6068 9.03513 6.80637 7.58193 6.10797 6.04729 5.83528 5.76777 8.14767 5.92354 5.61463 5.23412 5.15158 8.64735 6.24586
threshold=92.850000000000009 42.050000000000004 11.500000000000002 47.050000000000004 58.350000000000001 50.350000000000001 49.750000000000007 66.950000000000017 6.5000000000000009 77.050000000000011 38.550000000000004 77.450000000000017 47.350000000000001 67.15000000000002 94.550000000000011 56.550000000000004 53.350000000000001 75.65000000000002 69.15000000000002 7.5000000000000009 42.750000000000007 88.850000000000009 78.450000000000017 -4.9999999999999991 53.750000000000007 50.350000000000001 0.24589900347101337 -6.9999999999999991 60.350000000000001 69.950000000000017
decision_type=2 2 2 10 2 2 2 2 2 2 2 10 2 2 2 2 2 10 2 2 2 2 2 2 2 2 2 2 2 2
left_child=2 14 11 4 5 -3 7 12 9 10 -8 17 13 -4 -2 16 25 18 20 22 -1 -14 24 -24 -5 -16 -7 28 -10 -29
right_child=1 3 6 19 -6 26 8 -9 27 -11 -12 -13 21 -15 15 -17 -18 -19 -20 -21 -22 -23 23 -25 -26 -27 -28 29 -30 -31
leaf_value=-0.013003711083089063 0.020413000802023299 -0.018410937352014732 -0.026396063100312298 -0.0027412297728082419 0.058818792317150703 0.032640072945815633 -0.01910654131168369 0.038424303605418708 -0.013074225999054138 0.035349614012854746 -0.00083764182189057879 0.01841178299505725 -0.012498747385612002 0.021911124338312576 -0.024618826807947271 -0.030583879920165691 0.021878246640997433 -0.017651018247216207 0.021360721709948682 0.017187104636620747 0.0026318762903900627 -0.041956624784482512 0.0029384286127621235 0.031566089329944258 0.0065505325589655765 -0.0010344463945641264 -0.0019168861124174569 -0.046733335084930668 0.026099243263110999 -0.0067107602737185388
leaf_weight=64.535368816927075 20.525967121124268 17.937805047258735 14.883830008096991 327.207205735147 15.876890257000921 41.811835939064622 68.315823053009808 12.247075978666542 111.64087757933885 17.705761853605509 6522.1722074495628 77.122249405831099 251.09420381113887 33.650597263127565 44.43532444909215 36.166780777275562 25.610169844701886 42.476135477423668 51.996090553700924 95.490172304213047 1389.6235218625516 18.137009356170893 60.694119140505791 42.537733435630798 359.22112064063549 59.334395613521338 14.460075873881577 21.891659564338624 15.956230927258728 18.166819224134088
leaf_count=446 104 129 151 1508 83 334 1218 86 1234 85 48933 355 2263 309 255 173 130 185 230 435 8440 106 282 192 1642 280 107 261 97 202
internal_value=-0.000154783 0.00455756 -0.000782144 0.00674816 0.0215414 0.0134303 -0.00160916 -0.00934938 -0.00123131 -0.000929301 -0.00102806 0.00282939 -0.0112179 0.00697036 -0.00689434 -0.0103206 -0.00459836 0.00204902 0.00260905 0.00523466 0.00193369 -0.0145166 0.00378098 0.0148023 0.00211429 -0.0111957 0.0236837 -0.0130976 -0.00811976 -0.0287692
internal_weight=9892.93 1161.31 8731.62 975.237 90.0866 74.2097 7105.86 330.013 6775.85 6608.19 6590.49 1625.75 317.766 48.5344 186.073 165.547 129.38 1548.63 1506.15 885.15 1454.16 269.231 789.66 103.232 686.428 103.77 56.2719 167.656 127.597 40.0585
internal_count=70255 5654 64601 4712 653 570 54945 2915 52030 50236 50151 9656 2829 460 942 838 665 9301 9116 4059 8886 2369 3624 474 3150 535 441 1794 1331 463
is_linear=0
shrinkage=0.05


Tree=115
num_leaves=31
num_cat=0
split_feature=28 30 16 7 6 7 16 2 34 35 7 37 13 9 0 6 27 9 37 37 1 15 0 9 15 27 35 3 30 13
split_gain=12.2637 11.6334 11.0202 10.9658 9.35051 8.73057 8.72247 8.61665 10.6678 9.73136 8.34916 10.9981 12.2933 8.46696 7.87581 7.82081 7.6163 7.54011 7.35408 9.12485 9.23773 7.21929 7.35229 11.276 7.20887 7.79778 9.67932 8.36732 5.84442 5.07372
threshold=4.5000000000000009 421.00000000000006 49.150000000000013 36.750000000000007 82.050000000000011 48.750000000000007 56.050000000000004 60.95000000000001 -0.83333333333333315 -1.6666666666666605 56.850000000000001 0.50000033159568946 33.250000000000007 49.550000000000004 56.050000000000004 47.050000000000004 7.5000000000000009 51.650000000000013 0.36069959209379804 0.1274743230625584 49.850000000000001 43.150000000000013 53.750000000000007 49.550000000000004 52.45000000000001 3.5000000000000004 -0.43333333333333351 48.050000000000004 473.00000000000006 42.95000000000001
decision_type=2 2 2 2 2 2 2 2 2 2 2 2 2 2 2 2 2 2 2 2 2 2 2 2 2 2 2 2 2 2
left_child=1 15 5 18 6 -2 7 9 -9 -4 11 12 -5 16 -15 -1 -12 -13 19 -3 -21 22 23 -17 25 27 -27 -6 -26 -23
right_child=2 3 4 10 24 -7 -8 8 -10 -11 13 17 -14 14 -16 21 -18 -19 -20 20 -22 29 -24 -25 28 26 -28 -29 -30 -31
leaf_value=-0.042418891077230708 0.046873241957660877 -0.042747199484248238 0.0047291954315342244 -0.035082701544681988 -0.016981657171581337 -0.0055069861481993245 0.034151865405961324 0.025617245816511966 -0.00032723506545435748 -0.0061643082763886345 0.010132672802955048 0.011295641133718603 0.00041649492987033796 0.0059093407362408841 -0.0045639262484999006 0.065992593236240668 0.036165027256895452 -0.012327402586279399 -0.03522485336671851 -0.027234436113364853 0.019298478396513268 -0.043077970602553139 -0.012942367998261529 0.0056911920634547461 -0.0096031335781730839 0.012721483928356906 -0.030261523395240547 0.033910238659575861 -0.040461640151404583 -0.0086033745906566716
leaf_weight=15.776972148567436 19.179618805646896 12.907733795233069 241.26587642170489 24.387910024262965 13.542286340147255 13.244407828897236 15.601894626393912 53.192127777263522 153.0145539008081 1345.197349675931 221.46621083468199 347.26382938027382 5841.6951765827835 686.02748721837997 242.48922967910767 10.498374552465974 32.373407926410437 37.137515973299742 31.763379610143602 15.551662744954227 33.190656634047627 11.146973690949379 24.514990504831076 29.796074915677309 26.002356451004744 18.58373180963099 42.856099596247077 19.437815307639539 39.448750829324126 251.65330347791314
leaf_count=165 171 125 1950 227 145 104 123 349 834 10756 1216 2071 40961 3803 1187 124 174 220 414 243 274 144 178 326 223 188 398 174 366 2697
internal_value=2.00891e-05 0.000909221 -0.00347487 0.00132046 -0.00395391 0.0253723 -0.00292529 -0.00325266 0.00635022 -0.0045043 0.00153512 0.000805306 0.000267461 0.00538867 0.00316859 -0.00808743 0.0134853 0.00899777 -0.0156901 -0.00550363 0.00432401 -0.00640641 0.00848848 0.0216505 -0.0155481 -0.00662684 -0.0171796 0.0128737 -0.0283118 -0.0101005
internal_weight=9870.21 7869.64 2000.57 7526.25 1968.14 32.424 1808.27 1792.67 206.207 1586.46 7432.84 6250.48 5866.08 1182.36 928.517 343.387 253.84 384.401 93.4134 61.6501 48.7423 327.61 64.8094 40.2944 159.871 94.4199 61.4398 32.9801 65.4511 262.8
internal_count=70330 54549 15781 50915 15506 275 14012 13889 1183 12706 49859 43479 41188 6380 4990 3634 1390 2291 1056 642 517 3469 628 450 1494 905 586 319 589 2841
is_linear=0
shrinkage=0.05


Tree=116
num_leaves=31
num_cat=0
split_feature=28 8 16 33 16 7 33 31 40 30 7 8 3 36 26 27 2 7 32 32 9 35 3 32 2 20 0 0 33 33
split_gain=11.0912 11.0342 11.6005 12.2089 11.528 10.9948 13.776 11.7247 10.7488 8.89146 8.75165 8.4221 9.24678 8.41549 11.1805 10.0892 8.3375 7.92445 7.66277 9.423 7.56959 7.54141 6.77433 6.63459 5.93343 8.27943 8.07889 5.87519 5.86718 5.79971
threshold=4.5000000000000009 19.450000000000003 49.250000000000007 61.850000000000001 56.050000000000004 43.250000000000007 28.050000000000004 3.5000000000000004 0.26602209618867895 421.00000000000006 48.45000000000001 82.65000000000002 37.750000000000007 57.564208782104394 1.0000000180025095e-35 7.5000000000000009 56.350000000000001 58.150000000000013 58.750000000000007 63.45000000000001 49.550000000000004 2.1833333333333305 58.550000000000004 56.350000000000001 48.45000000000001 1.0000000180025095e-35 53.350000000000001 53.850000000000001 56.45000000000001 61.250000000000007
decision_type=2 2 2 8 2 2 10 8 2 2 2 2 2 2 2 2 2 2 10 10 2 2 2 8 2 2 2 2 10 10
left_child=5 -2 10 4 8 6 -1 11 -4 17 -3 12 -8 14 15 -11 -16 24 23 -20 28 -22 -9 -5 26 -26 -7 -19 -15 -13
right_child=1 2 3 18 -6 9 7 22 -10 13 -12 29 -14 20 16 -17 -18 27 19 -21 21 -23 -24 -25 25 -27 -28 -29 -30 -31
leaf_value=-0.025728187514624409 0.013414729554590908 0.048377196723581123 -0.0057080820479319021 -0.0030996475527279941 0.040801891367976365 -0.027541879673068786 -0.026533102307913205 -0.011861555975937535 -0.017341388123677106 0.0010483866557350616 -0.0017906994577139596 -0.031801269314446413 0.0050360707088616475 0.0020914788592713992 -0.02587372051656513 0.0068281153474492821 -0.0032290329320586592 -0.011424939731191687 0.018239082097429575 0.0003422116705829965 0.0081246252826093473 -0.022008706134523749 0.0072582929610682358 -0.029057951466924709 -0.004679140685103121 0.021068351926724099 0.013095501347253605 -0.052702310731035706 0.036099765255370918 -0.00055490473441072456
leaf_weight=67.150503566488624 93.755065778270364 18.126744817942381 926.26980916317552 83.807993751019239 11.98814204521477 47.145501397550106 24.077700724825263 333.64777634479105 253.6971542108804 5017.3552403366193 16.252573572099209 29.375588970258832 549.96499619912356 18.846572002395988 59.754954528063536 889.52889613807201 128.78208614885807 21.132960051298141 87.216007687151432 470.47349415719509 313.70850704237819 22.061884853988886 53.386192306876183 35.090435545891523 152.18635097332299 39.161241590976715 16.246646791696548 15.038374919444321 40.895745635032654 30.60824191570282
leaf_count=1655 918 164 9277 586 107 695 218 3023 1862 32710 121 331 4232 144 430 5625 748 164 447 2076 1715 108 428 223 1370 374 154 97 185 143
internal_value=1.80877e-05 -0.00330948 -0.00413676 -0.00466907 -0.00771422 0.000862978 -0.00380087 -0.00235153 -0.00821478 0.00161212 0.0245793 0.00182811 0.00369883 0.00199603 0.00153636 0.00191971 -0.0104425 -0.00693436 0.000688578 0.0031528 0.00906539 0.00612386 -0.00921012 -0.0108207 -0.00379675 0.000572482 -0.017044 -0.028822 0.0254763 -0.0159677
internal_weight=9866.73 1996.68 1902.92 1868.54 1191.96 7870.06 1088.21 1021.06 1179.97 6781.84 34.3793 634.027 574.043 6490.93 6095.42 5906.88 188.537 290.911 676.588 557.69 395.513 335.77 387.034 118.898 254.74 191.348 63.3921 36.1713 59.7423 59.9838
internal_count=70330 15781 14863 14578 11246 54549 10030 8375 11139 44519 285 4924 4450 41665 39513 38335 1178 2854 3332 2523 2152 1823 3451 809 2593 1744 849 261 329 474
is_linear=0
shrinkage=0.05


Tree=117
num_leaves=31
num_cat=0
split_feature=28 30 7 17 32 4 4 38 17 40 34 2 20 6 34 12 40 4 36 15 40 36 17 32 33 39 15 2 30 15
split_gain=10.0314 10.1691 9.94471 8.79394 14.96 9.01653 13.2094 8.61345 8.32636 9.64586 8.27563 14.908 7.8139 7.79961 7.59597 7.54283 7.48523 7.0775 13.0383 8.77427 7.97421 7.36282 13.6661 8.5548 6.88357 6.78081 6.43063 6.37522 8.63818 6.96353
threshold=4.5000000000000009 413.00000000000006 36.750000000000007 2450.0000000000005 50.95000000000001 63.050000000000004 73.550000000000011 0.21476478535376262 1250.0000000000002 0.1992271234430075 -0.83333333333333315 61.150000000000013 1.0000000180025095e-35 81.450000000000017 2.8333333333333335 83.750000000000014 0.20701045912189706 30.050000000000004 47.081813990200835 41.95000000000001 0.24710007390261327 57.564208782104394 2675.0000000000005 78.65000000000002 45.650000000000013 -24.999999999999996 51.45000000000001 51.150000000000013 489.00000000000006 50.95000000000001
decision_type=2 2 2 2 10 2 2 2 2 2 2 2 2 2 2 2 2 2 2 2 2 2 2 10 10 2 2 2 2 2
left_child=1 7 14 10 -5 -6 -7 8 9 -1 11 25 -9 27 -3 -13 24 18 20 -20 -4 22 -19 -23 -14 -2 -8 28 -12 -29
right_child=3 2 17 4 5 6 26 12 -10 -11 13 15 16 -15 -16 -17 -18 21 19 -21 -22 23 -24 -25 -26 -27 -28 29 -30 -31
leaf_value=-0.0077482919249448022 -0.015148657481843013 -0.020833092798589199 -0.0036866886591135472 -0.021448392535510202 -0.003135500092795963 0.039351529983564212 0.018687499248381242 -0.025230924206426537 -0.010375601649699494 0.056922633793369939 -0.030337290259680023 0.03905892427683802 -0.0037626265463551432 -0.018305220150281416 0.018348577399521414 -0.002436366781130538 -0.021230040854415575 0.0012173183101114044 0.015049583698955421 -0.032518673407432787 0.041483303621012685 0.0060544978873775983 -0.03665036661624823 0.037297510433498909 0.06938137542368765 0.00017510158218874379 -0.0033674034044848576 0.00055714479588768278 0.00090591992450436958 -0.0084748561626350437
leaf_weight=10.181341166608037 85.769470313563943 81.505319699645042 33.39704455062747 47.480889918282628 98.806202316656709 44.181252621114254 66.093810010701418 94.747754205018282 35.633569171652198 12.780088705942033 56.066839767619967 34.826137686148286 6.1298691369593161 138.23140559159219 14.364905115216969 15.617304842919109 12.314669395796953 7001.2778158374131 11.407386414706705 58.263754285871983 13.611481834203003 430.35982365440577 23.79953558370471 23.078857555985451 6.3748011253774166 449.43556075543165 65.329267002642155 402.54770507663488 35.988814487121999 451.71541667357087
leaf_count=122 874 1004 434 477 584 232 338 1038 441 122 663 223 158 1271 107 105 151 47404 103 579 95 2459 175 110 47 4368 331 2888 373 3054
internal_value=1.61887e-05 0.000819064 0.00109328 -0.00315273 0.00440556 0.00890343 0.0157037 -0.0109845 0.00464688 0.0281208 -0.00461258 0.000168658 -0.0186841 -0.0071988 -0.0148971 0.0261336 0.00610875 0.00129597 -0.0109131 -0.0246482 0.0093466 0.00148727 0.0010878 0.00766358 0.0333837 -0.00227364 0.00769196 -0.00556941 -0.0180809 -0.00421336
internal_weight=9861.32 7869.23 7691.07 1992.09 321.891 274.411 175.604 178.162 58.595 22.9614 1670.2 585.648 119.567 1084.55 95.8702 50.4434 24.8193 7595.2 116.68 69.6711 47.0085 7478.52 7025.08 453.439 12.5047 535.205 131.423 946.319 92.0557 854.263
internal_count=70330 54549 52470 15781 1962 1485 901 2079 685 244 13819 5570 1394 8249 1111 328 356 51359 1211 682 529 50148 47579 2569 205 5242 669 6978 1036 5942
is_linear=0
shrinkage=0.05


Tree=118
num_leaves=31
num_cat=0
split_feature=28 8 35 6 4 17 30 38 0 6 40 39 36 14 37 26 37 40 36 33 6 5 19 0 40 33 31 5 14 0
split_gain=9.07742 9.91623 10.2632 10.0011 9.71345 9.59303 9.25581 7.89763 9.16209 7.73193 7.55135 7.52919 7.48457 7.8665 7.47424 10.5129 9.27329 9.04364 8.34098 8.29118 7.35023 7.26414 6.86988 6.86894 6.62647 8.7441 6.23175 5.7927 4.93048 8.15669
threshold=4.5000000000000009 19.450000000000003 -3.1166666666666667 75.15000000000002 43.95000000000001 2760.0000000000005 413.00000000000006 0.21476478535376262 59.150000000000013 82.050000000000011 0.21928152035968537 -4.9999999999999991 52.952674961700183 49.95000000000001 0.75035403050108951 1.0000000180025095e-35 0.55094294369382912 0.39994014466086797 50.887366512972726 52.45000000000001 68.450000000000017 53.550000000000004 1.0000000180025095e-35 51.150000000000013 0.20701045912189706 47.050000000000004 1.5000000000000002 47.550000000000004 66.600000000000009 54.350000000000001
decision_type=2 2 2 2 2 2 2 2 2 2 2 2 2 2 2 2 2 2 2 10 2 2 2 2 2 10 10 2 2 2
left_child=6 3 10 28 -4 9 7 8 11 -6 12 -1 13 -3 15 16 17 -8 -18 -16 21 -17 24 -7 25 -9 -22 -13 29 -2
right_child=1 2 4 -5 5 23 14 22 -10 -11 -12 27 -14 -15 19 20 18 -19 -20 -21 26 -23 -24 -25 -26 -27 -28 -29 -30 -31
leaf_value=-0.028943577834790991 0.013153745174550154 0.019943929982008571 -0.015622768606036078 0.044989720345636863 -0.003588335192353468 -0.00016592489557889457 0.00056778320371348855 -0.0084792460646999947 0.051882201105432173 -0.016425204592198251 -0.0041821776849118178 -0.0167584476582078 0.0024719321819991163 0.076868679693212483 -0.0019958750051911394 -0.011160908791302821 0.021526526329303745 0.0094168786078165801 0.0024120887150627067 0.045539075659836191 -0.0082925638017718826 0.013079589996827012 -0.024251771480812995 0.019104337636030758 -0.020903818144652243 0.073059999624996971 -0.033385732294714421 0.027398355389056567 0.034756003811361701 -0.023521546871273787
leaf_weight=18.593918559141454 39.376960329711437 14.08383276127279 178.34437475074083 19.144997832365334 1315.9888985585421 122.98167229443789 6892.513128714636 6.7424324192106742 8.5724495239555818 129.04441462364048 30.816256238147616 11.564754914492374 17.272561287507415 11.144622122868894 16.732140950858593 78.804314171895385 104.96480965055525 301.38103830069304 126.47596837952733 19.679035991430283 55.652712941169739 50.631150461733341 92.992266804911196 73.524285234510899 12.284347290173171 6.1127010025084019 45.603496568277478 19.96591760404408 11.31950708478689 24.494756639003754
leaf_count=259 396 153 1897 197 10100 689 48159 165 62 1178 223 195 129 114 139 551 632 1367 658 92 349 248 1036 380 152 41 275 169 111 214
internal_value=1.44855e-05 -0.00300412 -0.00379474 0.0127969 -0.00453601 -0.00332757 0.000777556 -0.0105267 0.00439081 -0.00473921 0.0145182 -0.00371887 0.0281727 0.0454919 0.0010382 0.000929874 0.0012571 0.000939328 0.0111082 0.0236126 -0.00957694 -0.0016374 -0.0179787 0.00702482 0.00503184 0.0301719 -0.0196651 0.0110428 0.00448471 -0.000847825
internal_weight=9856.8 1987.54 1893.2 94.3362 1819.88 1641.54 7869.27 176.829 58.697 1445.03 73.3173 50.1246 42.501 25.2285 7692.44 7656.03 7425.33 7193.89 231.441 36.4112 230.692 129.435 118.132 196.506 25.1395 12.8551 101.256 31.5307 75.1912 63.8717
internal_count=70330 15781 14863 918 14244 12347 54549 2079 685 11278 619 623 396 267 52470 52239 50816 49526 1290 231 1423 799 1394 1069 358 206 624 364 721 610
is_linear=0
shrinkage=0.05


Tree=119
num_leaves=28
num_cat=0
split_feature=5 32 37 26 37 15 1 40 16 33 38 37 33 14 40 8 33 3 3 33 40 1 18 15 1 4 4
split_gain=8.99372 7.99539 7.72878 8.19087 9.0414 8.81666 7.82814 7.58319 7.28186 6.81753 6.80914 12.2746 6.77832 6.70789 6.18977 7.05046 6.18858 6.88199 6.86299 5.87623 5.63921 5.30325 7.74633 4.73973 4.24704 5.1661 3.79449
threshold=35.95000000000001 50.350000000000001 0.75035403050108951 1.0000000180025095e-35 0.55094294369382912 56.750000000000007 38.550000000000004 0.35214183943846561 49.150000000000013 52.45000000000001 0.24742643627813429 0.43714622071650672 27.650000000000002 51.250000000000007 0.24874367023336125 80.15000000000002 42.350000000000001 48.550000000000004 55.350000000000001 63.850000000000001 0.21977937008946191 54.550000000000004 9.5000000000000018 54.250000000000007 41.150000000000013 69.250000000000014 84.950000000000017
decision_type=2 10 2 2 2 2 2 2 2 10 2 2 10 2 2 2 8 2 2 10 2 2 2 2 2 2 2
left_child=1 21 3 4 6 23 12 -7 -8 -4 16 -12 -2 -13 15 19 17 -5 -18 20 -3 22 -1 -6 25 -24 -26
right_child=2 14 9 10 5 7 8 -9 -10 -11 11 13 -14 -15 -16 -17 18 -19 -20 -21 -22 -23 24 -25 26 -27 -28
leaf_value=0.031501530083134867 -0.032657502217528757 -0.0025640520012722647 -0.00036022213762988719 0.031646173475494192 0.0069195704947329732 0.034922703322122793 0.0091834768908079095 0.0017925370932534571 0.00013626491257572124 0.042946498837049457 -0.031172719088442082 0.00097918498443021413 -0.0023364139865886314 0.027540248676457896 0.028278657201050723 0.019560137787587625 -0.020465926245231164 -0.0095548328567603997 0.00011081504924519511 -0.032461999805985936 -0.03656636104482678 0.0166784229880227 -0.037999431631183078 -0.017414323416693762 -0.041863647751649448 0.039734500451581473 -4.6212006946814689e-05
leaf_weight=5.0442754048854104 33.238223447464406 131.92820053547621 16.287997609004378 15.826946984976528 135.84630089439452 51.951411668211222 228.26344621367753 26.355831235647202 8597.1892864229158 19.825751170516014 23.187406461685896 84.371546253561974 42.129496664740145 33.233029782772064 13.978006586432455 23.428367936983705 158.5431865118444 27.54368557035923 53.775885447859764 24.097255192697048 13.398385671898721 7.466805448755621 4.1330002620816213 23.290316060185432 48.108922992832959 4.2111036907881498 6.3829324040561906
leaf_count=82 778 1347 135 211 789 285 1572 121 59669 92 163 529 538 222 107 198 930 326 287 112 120 108 136 127 1138 112 96
internal_value=1.31391e-05 -0.00878242 0.00027307 0.000184974 0.00049077 0.0101184 0.000233265 0.0238524 0.000370932 0.0233292 -0.00684886 0.0019503 -0.0158002 0.00854438 -0.00366926 -0.00602422 -0.0117124 0.00540356 -0.0152331 -0.00960104 -0.00575627 -0.0227285 -0.027155 0.0033181 -0.0319857 0.000645178 -0.037066
internal_weight=9853.04 282.177 9570.86 9534.75 9138.26 237.444 8900.82 78.3072 8825.45 36.1137 396.482 140.792 75.3677 117.605 206.83 192.852 255.69 43.3706 212.319 169.424 145.327 75.347 67.8802 159.137 62.836 8.3441 54.4919
internal_count=70330 3556 66774 66547 63879 1322 62557 406 61241 227 2668 914 1316 751 1884 1777 1754 537 1217 1579 1467 1672 1564 916 1482 248 1234
is_linear=0
shrinkage=0.05


Tree=120
num_leaves=31
num_cat=0
split_feature=18 30 40 1 34 6 37 32 0 34 30 13 37 6 29 40 0 40 34 6 31 1 34 34 6 3 32 15 13 8
split_gain=10.819 9.43609 8.97024 8.31021 19.7126 12.7842 11.2429 8.65681 8.13924 7.98159 7.91068 7.91541 7.89524 7.43501 7.31091 8.07834 7.88158 8.16305 7.54496 7.58339 7.03646 6.87586 10.4852 8.21518 6.87029 5.82768 7.90016 10.2266 7.28367 7.67309
threshold=9.5000000000000018 469.00000000000006 0.14187422755669518 52.95000000000001 -1.0000000180025095e-35 47.050000000000004 0.27863267510823908 68.250000000000014 62.550000000000004 3.8333333333333335 473.00000000000006 55.650000000000013 0.67423958009129581 88.100000000000009 53.500000000000007 0.092987633357912478 46.45000000000001 0.25546680571811103 3.5833333333333335 75.15000000000002 -7.4999999999999991 42.95000000000001 -4.833333333333333 -6.833333333333333 63.45000000000001 47.45000000000001 64.15000000000002 61.650000000000013 47.350000000000001 49.95000000000001
decision_type=2 2 2 2 2 2 2 10 2 2 2 2 2 2 2 2 2 2 2 2 8 2 2 2 2 2 10 2 2 2
left_child=2 14 -1 5 6 10 7 -5 9 -7 -3 -12 13 -6 16 -16 17 -2 19 -18 24 23 -23 -17 -4 26 27 -22 29 -27
right_child=1 3 20 4 12 8 -8 -9 -10 -11 11 -13 -14 -15 15 21 18 -19 -20 -21 25 22 -24 -25 -26 28 -28 -29 -30 -31
leaf_value=-0.022168653397615055 -0.024372977270184268 0.041813785104527094 0.051500824043134746 -0.010237778811505067 0.00096383327698472724 -0.001999559300381544 0.018909070690461736 0.012386685058403096 -0.023285393379821977 0.016474183325275848 0.00074469285648782221 0.022869198852944486 0.02444976435699461 -0.0216540492520189 -0.03373152866982556 0.010812321904967968 0.0036430061925230637 0.045595669998784935 -0.01254846898499646 0.019738956845888084 0.014991775712104118 0.013271945467099045 -0.0030403013425104961 -0.02295751704314182 0.012087264110258754 0.003683107406113155 0.0019524804071670489 0.057314980794528458 0.0048672734971065834 -0.035257497550145685
leaf_weight=26.318110091611743 40.232533040456474 18.929134020581841 16.860980942845345 74.561245242133737 1970.829631222412 2426.3330953950062 272.13194025866687 97.130637295544147 43.785368179902434 59.764795493334532 126.600631499663 59.643382630310953 35.061816677451134 36.905777553096414 21.369297058321536 22.784925404936075 376.81573746167123 4.5129750594496718 56.265057925134897 91.136850964277983 100.24985739588737 101.3922105403617 3249.7950960146263 81.951258464716375 33.415174212306738 24.9537437800318 100.34479015320539 16.733912449330091 287.03763647377491 25.097274251282215
leaf_count=233 907 139 97 458 11022 19544 1520 422 290 371 951 394 184 249 337 305 3324 58 380 802 670 994 23019 1299 198 143 445 94 1493 139
internal_value=-2.7856e-05 -0.000459703 0.006306 0.000944033 0.0030364 -0.000956488 0.012587 0.00253213 -0.00193182 -0.0015528 0.0110405 0.00786522 0.000958453 0.000544528 -0.00227243 -0.00313284 0.00297689 -0.0171186 0.00470465 0.00679203 0.00755704 -0.00294122 -0.00254489 -0.01556 0.0254805 0.00591836 0.0123046 0.0211324 0.00178375 -0.0157747
internal_weight=9898.94 9267.93 631.011 5221.68 2486.62 2735.06 443.824 171.692 2529.88 2486.1 205.173 186.244 2042.8 2007.74 4046.26 3477.29 568.963 44.7455 524.218 467.953 604.693 3455.92 3351.19 104.736 50.2762 554.417 217.329 116.984 337.089 50.051
internal_count=70481 66969 3512 35544 13855 21689 2400 880 20205 19915 1484 1345 11455 11271 31425 25954 5471 965 4506 4126 3279 25617 24013 1604 295 2984 1209 764 1775 282
is_linear=0
shrinkage=0.05


Tree=121
num_leaves=31
num_cat=0
split_feature=27 30 38 3 18 7 30 6 36 3 38 18 6 7 35 32 31 37 7 7 1 7 5 14 38 3 33 32 12 4
split_gain=15.9075 9.89851 10.3177 9.05338 8.9384 12.7067 7.86018 8.46195 13.4371 11.1096 17.4678 9.42221 8.54772 9.16662 7.99907 7.46921 8.54988 7.0995 6.92535 13.8943 6.82258 6.74397 7.82955 6.05652 6.04118 6.03668 5.7172 6.6553 5.64668 6.15672
threshold=7.5000000000000009 513.00000000000011 0.21918819790166563 40.850000000000001 15.500000000000002 59.750000000000007 413.00000000000006 81.050000000000011 46.139485498906005 39.550000000000004 0.21940192592064414 9.5000000000000018 76.850000000000009 40.850000000000001 0.60000000000000508 46.650000000000013 -7.4999999999999991 0.16331000348857494 52.850000000000001 54.050000000000004 55.250000000000007 45.250000000000007 60.95000000000001 49.95000000000001 0.21979946578313417 49.650000000000013 52.050000000000004 54.150000000000013 66.950000000000017 69.950000000000017
decision_type=2 2 2 2 2 2 2 2 2 2 2 2 2 2 2 8 10 2 2 2 2 2 2 2 2 2 10 8 2 2
left_child=6 3 26 4 5 20 21 11 17 10 -10 18 13 -13 -14 16 -5 -9 24 -20 -2 -1 23 -23 -8 -11 27 -3 -4 -30
right_child=1 2 28 15 -6 -7 7 8 9 25 -12 12 14 -15 -16 -17 -18 -19 19 -21 -22 22 -24 -25 -26 -27 -28 -29 29 -31
leaf_value=-0.032847515418081036 -0.0064169304000010127 0.022251792938256985 -0.010876328205716148 0.020064283430501768 -0.013051966922792516 0.036058738856423786 0.0065482960331578553 0.03990161944930054 -0.012794023770142585 -0.017360761971806322 0.055321998492477126 -0.0081945311877921236 0.0087008571646353099 -0.00066890714366363681 -0.0044059725347563696 0.0073932049603594677 -0.020120413865000134 0.0043080571981384307 -0.03176549854361737 0.0052974811331867478 0.012018077416032115 0.024171742839109788 -0.039202725003198512 -0.0073329225591865308 0.022122595734868019 -0.0063714546828764849 0.021170222880358289 0.078918819156199804 0.035854721384000553 -0.0012570242753135214
leaf_weight=31.377868187613785 170.38307644054294 9.8498835396021622 31.363450380042195 17.664924436248839 139.29377221595496 25.500980786979198 207.04864718951285 19.786103776656091 20.981960873119533 202.72669346630573 16.801637012511492 433.35519606620073 427.24274618551135 6133.1916499799117 159.35433552134782 872.43901669885963 51.002210450358689 48.859863704070449 30.666709925979376 141.58173916488886 70.9697310552001 18.552607472985983 15.910248242318628 83.190466967411339 89.985673123970628 332.07912450935692 38.386599965393543 11.886524919420479 21.537001436576247 22.583294279873371
leaf_count=551 1265 129 197 249 1174 136 1249 169 178 1676 121 4291 3115 42290 953 5419 822 504 149 683 379 191 96 948 488 2507 190 84 144 134
internal_value=-2.68289e-05 0.00474741 0.0176277 0.00344603 -0.00278421 0.00255955 -0.000869 -0.00066304 -0.00617925 -0.00869124 0.01743 -0.000198259 -0.000649197 -0.00116643 0.0051316 0.0061401 -0.00969587 0.0146832 0.0066633 -0.00128672 -0.000972681 -0.0122477 -0.00668806 -0.00152093 0.0112892 -0.0105489 0.0330793 0.0536886 0.0052269 0.0167858
internal_weight=9895.55 1482.86 135.607 1347.25 406.148 266.854 8412.69 8263.66 641.235 572.589 37.7836 7622.43 7153.14 6566.55 586.597 941.106 68.6671 68.646 469.283 172.248 241.353 149.031 117.653 101.743 297.034 534.806 60.123 21.7364 75.4837 44.1203
internal_count=70481 10322 878 9444 2954 1780 60159 58373 5155 4482 299 53218 50649 46581 4068 6490 1071 673 2569 832 1644 1786 1235 1139 1737 4183 403 213 475 278
is_linear=0
shrinkage=0.05


Tree=122
num_leaves=24
num_cat=0
split_feature=7 18 0 13 34 32 28 36 35 9 1 36 39 12 5 15 0 3 34 6 7 2 3
split_gain=8.86666 8.84144 8.20243 12.0961 10.8479 12.438 9.90285 9.29001 9.17484 8.7412 9.27553 8.33516 7.25079 6.52083 15.681 8.81183 7.73483 5.49667 5.46863 5.06626 6.65765 6.0768 4.873
threshold=80.450000000000017 9.5000000000000018 46.050000000000004 75.050000000000011 -3.4166666666666665 52.750000000000007 6.5000000000000009 41.187639113676596 2.149999999999999 42.650000000000013 47.650000000000013 59.806575375921376 -22.999999999999996 84.850000000000009 61.750000000000007 59.550000000000004 52.350000000000001 57.95000000000001 -0.41666666666666657 74.950000000000017 58.050000000000004 51.150000000000013 49.650000000000013
decision_type=2 2 2 2 2 8 2 2 2 2 2 2 2 2 2 2 2 2 2 2 2 2 2
left_child=1 13 3 4 7 -6 9 -3 12 10 -4 -11 -8 16 15 18 19 22 -15 20 -1 -21 -18
right_child=-2 2 6 -5 5 -7 8 -9 -10 11 -12 -13 -14 14 -16 -17 17 -19 -20 21 -22 -23 -24
leaf_value=0.0068257212594914829 0.039032584413012071 0.028821116996987139 0.015190431090642376 0.030806957712726825 -0.018197030989776004 -0.0042797732985875598 0.003996891457914215 0.00044162001361699467 0.030547796759550799 0.00030393731409728529 -0.020672284855841175 0.010405499839961434 -0.018884896106057633 0.025274657300038268 -0.019849034053468478 0.039812464330548664 -0.011208344779249939 -0.029260331712708004 0.0045930239090454638 -0.018497391084844814 0.031287582176933913 0.015464716521945733 0.008611838930072252
leaf_weight=186.82775600627065 14.408155314624308 36.050771881826222 22.314331065863371 23.812787232920527 203.01110895443708 774.96203603502363 44.825028240680695 144.42848761286587 12.440365780144928 7538.0382024487481 89.74821182154119 209.85629571229219 146.70119689125568 52.800172818824649 30.722298569977283 38.84019710496068 73.627102952450514 23.378283649682999 82.824148274958134 36.321810737252235 32.845745995640755 20.408627649769187 53.214285343885422
leaf_count=1122 67 480 218 163 4441 5803 446 1902 130 49976 754 1108 1485 340 143 195 388 113 439 233 156 111 268
internal_value=-2.60581e-05 -8.39302e-05 -0.000475482 -0.00436472 -0.00509461 -0.00717544 9.41531e-05 0.00615094 -0.0107792 0.000377089 -0.0134794 0.00057832 -0.0135042 0.00563746 0.0129644 0.0187794 0.00209961 -0.0070131 0.0126942 0.00707101 0.0105186 -0.00618592 -0.00285348
internal_weight=9892.41 9878 9246.19 1182.27 1158.45 977.973 8063.92 180.479 203.967 7859.96 112.063 7747.89 191.526 631.81 205.187 174.465 426.624 150.22 135.624 276.404 219.674 56.7304 126.841
internal_count=70481 70414 66906 12789 12626 10244 54117 2382 2061 52056 972 51084 1931 3508 1117 974 2391 769 779 1622 1278 344 656
is_linear=0
shrinkage=0.05


Tree=123
num_leaves=31
num_cat=0
split_feature=27 29 4 4 2 9 40 2 5 2 8 38 6 5 13 2 4 0 5 2 1 28 8 14 9 34 4 14 4 32
split_gain=14.3418 12.3313 7.43596 11.4522 11.0597 10.6818 10.2036 13.395 10.0315 13.792 10.5736 9.48922 8.7269 8.62842 8.18559 9.83773 8.17613 11.7567 10.0742 7.76224 7.68255 6.50106 7.31844 6.43213 8.4868 8.28502 10.3448 10.0448 7.89423 7.28319
threshold=7.5000000000000009 51.250000000000007 67.750000000000014 79.950000000000017 49.550000000000004 42.650000000000013 0.12519832324648372 54.150000000000013 45.95000000000001 43.250000000000007 80.15000000000002 0.14149370086468166 59.350000000000001 45.650000000000013 53.850000000000001 59.150000000000013 74.350000000000009 52.650000000000013 40.750000000000007 44.550000000000004 42.550000000000004 6.5000000000000009 35.45000000000001 36.750000000000007 58.400000000000006 -1.5833333333333333 35.050000000000004 74.100000000000009 59.850000000000001 48.150000000000013
decision_type=2 2 2 2 2 2 2 2 2 2 2 2 2 2 2 2 2 2 2 2 2 2 2 2 2 2 2 2 2 8
left_child=2 -2 4 6 8 -5 7 13 9 -1 11 -10 -12 -4 15 -7 18 -18 -8 -11 -16 -6 -23 24 -3 27 -27 28 -25 -28
right_child=1 23 3 5 21 14 16 -9 10 19 12 -13 -14 -15 20 -17 17 -19 -20 -21 -22 22 -24 25 -26 26 29 -29 -30 -31
leaf_value=-0.038069371497609139 0.041437595880721975 0.011470241379412858 -0.009305785439592755 -0.02786730715721766 -0.00046162513459404317 -0.005153979469710415 0.017941767740770803 0.064340143043471451 -0.032212702253899696 0.015405768994479355 0.0081039529484900723 -0.00036467446739445398 -0.030619344954024047 0.043080034002448586 0.02935517626115447 0.0046877835540981832 0.017338676608331258 0.0026207625143069889 -0.001529992371671227 -0.01310763153459465 0.0014288931944781839 0.0063212834632506839 -0.024313149859337475 0.020516307155539978 -0.027560694640215457 -0.038378991357645956 -0.016607587659179985 0.044202543470527093 0.00088988339513414606 0.0017677597445526453
leaf_weight=52.968048673123121 22.192137400619686 336.0515594528988 22.65606910455972 36.992314547300339 2789.9838278945535 1325.4227792741731 72.696622708812356 15.7840683683753 24.268829699605703 26.928471595980227 18.984711369499564 591.64512659050524 59.206202954053879 11.841116005554793 25.00095141120255 313.48088084533811 210.89528633840382 383.13754826039076 758.42960630357265 196.48260155040771 1380.1987543180585 28.652684500440955 59.213097313418984 74.68966587074101 14.365791901946066 17.376273928210139 57.827326880767941 19.674569599330425 164.56603561807424 777.37013707309961
leaf_count=910 201 2336 297 317 19959 8940 883 105 216 420 141 4882 462 109 279 1582 1166 2360 5390 2836 7976 330 599 705 100 156 847 166 1217 4594
internal_value=-2.49564e-05 0.00450571 -0.000825611 0.000540248 -0.0024441 -0.00119312 0.00416319 0.0262924 -0.00706033 -0.0151209 -0.00384186 -0.00163272 -0.0211551 0.00860361 -0.000866426 -0.00326828 0.00337715 0.00785641 0.000169094 -0.00964309 0.00193136 -0.000885459 -0.0142707 0.00393887 0.00984845 0.00207057 -0.000303017 0.00990242 0.00704366 0.000487667
internal_weight=9888.98 1484.11 8404.87 4556.54 3848.33 3081.1 1475.44 50.2813 970.484 276.379 694.105 615.914 78.1909 34.4972 3044.1 1638.9 1425.16 594.033 831.126 223.411 1405.2 2877.85 87.8658 1461.92 350.417 1111.5 852.574 258.93 239.256 835.197
internal_count=70481 10322 60159 29404 30755 19094 10310 511 9867 4166 5701 5098 603 406 18777 10522 9799 3526 6273 3256 8255 20888 929 10121 2436 7685 5597 2088 1922 5441
is_linear=0
shrinkage=0.05


Tree=124
num_leaves=24
num_cat=0
split_feature=7 6 36 30 6 2 35 40 35 9 30 34 32 32 32 6 30 32 32 3 28 3 12
split_gain=7.99918 7.95036 15.4408 11.2073 10.1882 13.1878 9.98922 12.1332 8.66481 8.23455 7.97733 12.2396 7.68587 7.18588 7.79167 8.52943 5.90959 5.64339 5.63426 4.84048 4.71481 1.58833 0.488615
threshold=80.450000000000017 81.050000000000011 47.081813990200835 391.00000000000006 79.050000000000011 49.350000000000001 3.3333333333333326 0.12173541279876983 0.16666666666666788 49.850000000000001 457.00000000000006 -1.0000000180025095e-35 59.95000000000001 81.65000000000002 68.750000000000014 87.350000000000009 491.00000000000006 75.250000000000014 68.450000000000017 54.45000000000001 3.5000000000000004 54.45000000000001 53.000000000000007
decision_type=2 2 2 2 2 2 2 2 2 2 2 2 10 8 10 2 2 10 10 2 2 2 2
left_child=1 3 10 21 6 18 8 -8 -5 -7 11 12 -3 14 15 -4 19 -16 -6 -12 -18 22 -1
right_child=-2 2 13 4 5 9 7 -9 -10 -11 16 -13 -14 -15 17 -17 20 -19 -20 -21 -22 -23 -24
leaf_value=-0.03342177072539456 0.037097114805712213 0.084746361015768767 -0.01457694099397689 0.0003949936514544659 -0.014292605536767328 0.023045576821205647 0.045245887496808183 0.0049294558606518216 -0.0036609871858456246 0.0069567402688143088 0.0034913372339116797 -0.0020180056280061811 0.02522502088797117 -0.038417313904096306 0.0067022986810272274 0.0022413147509633912 0.038792571954755481 -0.012771366852188977 0.0096439355997879322 -0.027041179987534605 0.00027398588313794686 -0.014742761502677433 -0.056292646792840031
leaf_weight=6.9568871920928377 14.390271149575709 10.573136587627234 339.58521798346192 6333.7825500369072 82.06905409693718 117.73406863305718 19.223031494766474 582.25184936262667 1661.8188562933356 249.59500631317496 36.15114130731672 17.206352368928492 11.927871093153952 18.982196934521198 135.42446897551417 96.22603386733681 15.90374742541462 51.114334754645824 34.744117252528667 19.945391555316746 16.303570169955492 6.7656191056594244 7.2398138521239161
leaf_count=113 67 146 3286 46155 876 725 168 3553 10689 1505 360 185 61 102 651 823 127 228 158 170 135 92 106
internal_value=-2.45402e-05 -7.95362e-05 -0.00496032 0.000332503 0.000417537 0.00747403 1.94884e-05 0.00623358 -0.000447418 0.0121319 0.010872 0.0294666 0.0536663 -0.00812948 -0.00719162 -0.0108524 0.00243015 0.00133546 -0.00712816 -0.00730447 0.0195102 -0.0360952 -0.045747
internal_weight=9885.91 9871.52 769.343 9102.18 9081.22 484.142 8597.08 601.475 7995.6 367.329 128.011 39.7074 22.501 641.332 622.35 435.811 88.3039 186.539 116.813 56.0965 32.2073 20.9623 14.1967
internal_count=70481 70414 6274 64140 63829 3264 60565 3721 56844 2230 1184 392 207 5090 4988 4109 792 879 1034 530 262 311 219
is_linear=0
shrinkage=0.05


Tree=125
num_leaves=31
num_cat=0
split_feature=3 27 32 31 36 33 14 38 7 4 40 32 32 4 4 38 32 39 34 39 31 40 35 35 8 32 33 39 14 29
split_gain=12.535 11.8077 10.935 10.2308 9.92473 14.1851 9.68743 18.8919 9.67218 9.56133 12.9047 13.1113 9.26567 11.3759 9.00855 10.059 8.86417 8.48259 11.3748 7.40153 6.28787 9.98267 9.26172 7.46603 5.96699 5.65101 6.71353 5.36924 5.04737 7.36676
threshold=43.150000000000013 7.5000000000000009 84.250000000000014 -2.4999999999999996 56.829480370951266 19.750000000000004 50.550000000000004 0.25396230410319837 44.350000000000001 62.850000000000001 0.24253091269005825 58.150000000000013 65.65000000000002 79.950000000000017 74.350000000000009 0.18256091740863731 31.250000000000004 -6.9999999999999991 -1.0000000180025095e-35 -2.9999999999999996 7.5000000000000009 0.11788765868008215 4.9666666666666659 -0.099999999999997854 24.150000000000002 74.850000000000009 70.65000000000002 -2.9999999999999996 35.95000000000001 56.750000000000007
decision_type=2 2 10 8 2 10 2 2 2 2 2 8 10 2 2 2 10 2 2 2 10 2 2 2 2 8 10 2 2 2
left_child=2 4 3 9 5 -2 16 -8 17 25 11 -11 13 -10 28 -16 -7 18 -5 -17 21 -3 24 -22 -23 26 -1 -14 -6 -30
right_child=1 20 -4 8 14 6 7 -9 12 10 -12 -13 27 -15 15 19 -18 -19 -20 -21 23 22 -24 -25 -26 -27 -28 -29 29 -31
leaf_value=-0.021387077739673868 -0.023828450324466188 -0.030502761399390094 0.036541933397127274 0.015338940407827746 -0.010237062259718016 0.031857796089878078 -0.0012077681751540325 -0.018499176334129577 -0.00017277518220195853 0.022792395382472797 -0.017497023466259282 -0.0060876910341527181 0.00050719885724958755 -0.014558165803798437 -0.012190071379778013 0.0096241882700884868 -9.9784679433171717e-05 -0.018739039395897186 -0.015141808856185499 0.02764455511714253 -0.0080536766850935176 0.022337082023033916 -0.028194355724319858 0.023352308359010056 0.0046990843909713439 -0.056283053689560325 0.02027564795675733 0.01084352053168703 -0.0052378750438972291 0.012602795581128354
leaf_weight=133.82533109933138 67.101085601374507 20.173212222754955 16.264731749892235 56.702297924086452 93.327981594949961 21.685494163073599 590.83753118757159 215.87768405675888 467.17212910484523 56.382507190108299 137.77518792636693 128.74277565442026 333.64343135990202 195.03924773354083 39.783191097900271 211.89418093860149 5418.9856486301869 152.3346770722419 66.220007904805243 78.788607018068433 23.680051964707673 51.543007782660425 20.310605149716139 89.270144871436059 712.11786256823689 10.660607133060692 10.221359834074972 202.50110599771142 117.10163043439388 113.76541959866881
leaf_count=1428 1224 235 75 598 596 417 4190 1419 4285 744 778 761 1581 1511 229 1110 37993 1500 548 412 166 407 120 635 4643 55 44 962 797 684
internal_value=-0.000557385 0.000332787 -0.00412782 -0.00447125 -0.000368402 -0.000976648 -0.000730026 -0.00584288 -0.00240536 -0.010833 -0.00591141 0.00268871 -0.000459273 -0.00441877 0.00549 0.0112986 2.72564e-05 -0.0108564 -0.00103979 0.0145336 0.00566614 0.00410506 0.00500575 0.0167225 0.00589887 -0.0210626 -0.018384 0.00442183 -0.000417191 0.00353356
internal_weight=9853.73 7886.24 1967.49 1951.22 6969.15 6314.49 6247.39 806.715 1473.61 477.608 322.9 185.125 1198.36 662.211 654.661 330.466 5440.67 275.257 122.922 290.683 917.095 804.145 783.971 112.95 763.661 154.707 144.047 536.145 324.195 230.867
internal_count=70147 55277 14870 14795 49071 45243 44019 5609 10985 3810 2283 1505 8339 5796 3828 1751 38410 2646 1146 1522 6206 5405 5170 801 5050 1527 1472 2543 2077 1481
is_linear=0
shrinkage=0.05


Tree=126
num_leaves=31
num_cat=0
split_feature=3 30 1 34 13 13 0 13 33 22 0 0 13 30 37 2 3 3 2 4 8 1 33 34 35 13 37 4 4 29
split_gain=11.8238 15.6207 10.1307 9.74277 9.709 10.6618 9.29408 8.95446 11.1903 8.97178 7.43359 13.6766 8.02738 7.96678 7.10257 15.1702 6.21709 8.46055 8.17538 7.10388 8.82869 8.35838 5.96511 13.7446 7.67765 5.93438 5.87885 5.59961 11.7886 9.88274
threshold=48.350000000000001 543.00000000000011 60.250000000000007 -1.5833333333333333 48.650000000000013 55.850000000000001 50.750000000000007 64.850000000000009 47.050000000000004 1.0000000180025095e-35 49.850000000000001 53.650000000000013 40.150000000000013 409.00000000000006 0.25861727250611072 44.250000000000007 56.650000000000013 56.45000000000001 63.050000000000004 86.65000000000002 83.450000000000017 51.550000000000004 68.050000000000011 1.0000000180025095e-35 -3.6333333333333289 50.150000000000013 0.31544793178927527 80.450000000000017 77.550000000000011 54.250000000000007
decision_type=2 2 2 2 2 2 2 2 8 2 2 2 2 2 2 2 2 2 2 2 2 2 8 2 2 2 2 2 2 2
left_child=1 2 3 14 -4 25 -7 8 -5 -9 13 12 -12 -2 -1 -16 17 18 -13 21 -21 -18 24 -24 -14 -6 -19 28 -15 -29
right_child=10 -3 4 7 5 6 -8 9 -10 -11 11 16 22 27 15 -17 19 26 -20 20 -22 -23 23 -25 -26 -27 -28 29 -30 -31
leaf_value=-0.0049887922106989328 -0.036061066104100439 -0.031134763951833601 -0.021924807162716629 -0.011746015232195787 0.0003929835675158728 0.02667302661340969 -0.01322157907065786 0.041386727353333957 -0.0033056690415889235 0.0023558888558133655 -0.024772124906024751 -0.0024486293582143036 0.033131450048030885 -0.0007728013822478828 0.035193461964176664 0.002518728469093132 0.014825791595810132 0.0022475684780556382 0.015346425052697944 -0.0070850536904055201 0.027804436946048967 0.0018069366865889989 0.0016912595374123489 0.020161030622086528 0.0036360910528980134 0.030569675407915688 -0.03315364047226052 0.037398116270059366 -0.013138304615063032 0.002047836398178939
leaf_weight=291.08597867656499 16.82136707380414 47.301981212571263 22.136301461607218 473.31329374201596 21.225131280720234 20.485939525067806 49.981980092823505 19.85972429253161 2327.4094152078032 57.37949734274298 21.73966590501368 1408.9876246489584 22.377434244379401 1084.1813275357708 37.567032592371106 637.2573925126344 187.01186893880367 16.862659212201834 67.485653802752495 215.51176443696022 19.65797358751297 364.70636649802327 199.98390130698681 204.20709062367678 1360.3558163866401 75.182984467595816 36.499099915847182 21.180838802829385 234.60989717766643 286.26898237317801
leaf_count=2617 339 346 121 7157 108 108 251 129 12730 393 155 8647 176 9961 392 5577 1371 104 319 1125 93 2011 889 898 9609 377 211 138 2311 1484
internal_value=-0.000530694 -0.0025909 -0.0022541 -0.00281087 0.00903779 0.0131856 -0.00153148 -0.00426961 -0.00473421 0.0124967 0.000925699 0.00205902 0.00531737 -0.00191675 0.00153031 0.00435006 -0.000482731 -0.00234219 -0.00163089 0.00312584 -0.00413679 0.00623079 0.0056876 0.0110377 0.00411941 0.0239851 -0.0218898 -0.0015583 -0.00297722 0.00451081
internal_weight=9848.64 4080.19 4032.88 3843.87 189.012 166.876 70.4679 2877.96 2800.72 77.2392 5768.45 4125.39 1808.66 1643.06 965.91 674.824 2316.72 1529.84 1476.47 786.888 235.17 551.718 1786.92 404.191 1382.73 96.4081 53.3618 1626.24 1318.79 307.45
internal_count=70147 30306 29960 28995 965 844 359 20409 19887 522 39841 25608 11727 14233 8586 5969 13881 9281 8966 4600 1218 3382 11572 1787 9785 485 315 13894 12272 1622
is_linear=0
shrinkage=0.05


Tree=127
num_leaves=31
num_cat=0
split_feature=3 30 7 5 1 9 34 15 37 12 0 7 0 38 27 4 4 38 17 18 32 32 4 4 9 38 12 30 38 37
split_gain=10.6875 14.3408 11.4332 8.76074 8.24843 9.1938 9.01455 9.60528 8.9103 7.62585 6.74709 14.5503 10.492 10.2568 10.9148 7.87298 7.95897 7.38364 7.3724 6.34909 9.14222 7.01392 6.12798 9.31957 9.19653 6.00948 5.98748 7.28261 5.97299 5.64551
threshold=48.350000000000001 543.00000000000011 39.45000000000001 73.850000000000009 60.250000000000007 51.050000000000004 -1.5833333333333333 55.150000000000013 0.078905390244675952 95.950000000000017 49.350000000000001 55.150000000000013 53.650000000000013 0.28504143779653551 1.5000000000000002 99.950000000000017 80.450000000000017 0.32558712015226648 1175.0000000000002 14.500000000000002 56.750000000000007 65.550000000000011 67.750000000000014 62.050000000000004 51.750000000000007 0.13292211212200186 89.65000000000002 469.00000000000006 0.26780282064304056 0.18746068966307064
decision_type=2 2 2 2 2 2 2 2 2 2 2 2 2 2 2 2 2 2 2 2 10 10 2 2 2 2 2 2 2 2
left_child=1 2 19 10 6 28 7 -4 -8 -5 11 15 22 14 -13 16 -2 -15 29 20 -1 -22 23 -12 -24 -20 -21 -28 -6 -14
right_child=3 -3 4 9 5 -7 8 -9 -10 -11 12 13 18 17 -16 -17 -18 -19 25 26 21 -23 24 -25 -26 -27 27 -29 -30 -31
leaf_value=-0.027917537108040142 -0.0062010412267959969 -0.030009985764788867 -0.0012761251470450501 0.0048802897463875112 0.0096658869296249589 0.037890460156116204 0.026066981325027674 0.0097085321180142847 -0.0038266846729918579 0.030668040646341262 0.003495654802675482 -0.024982181496720837 -0.011813313655436856 -0.026760609748119925 0.015945917930976852 -0.045254062617762297 0.0046317521532470655 0.010779058933577267 0.015730174547689171 -0.033759953316106504 0.029845252563611514 -0.0089764216855674414 0.0090414544110832898 -0.011278738895199519 -0.011703817555954031 -0.0017159876397747128 -0.032725011473361813 0.019428502716288085 -0.013450944042746571 0.018683337421610238
leaf_weight=26.434256544336677 975.321224398911 46.641980728134513 637.60449023731053 83.701463721692562 122.83959997072816 23.535429395735264 25.017316526733339 288.82337971497327 2736.4731057388708 44.023201398551464 973.72667130455375 17.509452206082642 18.534141205251217 32.167465098202229 206.02038092724979 11.793628077954052 204.61686019040644 21.744686283171177 50.399231581017375 57.710599479265511 21.382040601223707 25.026864167302847 765.70103139616549 119.67020321078598 57.140550691634417 2108.0128290653229 12.464425017125906 14.146650176495312 35.93056022003293 78.289032258093357
leaf_count=406 10051 346 5864 375 637 118 183 2197 19029 198 6854 119 97 222 1386 76 1104 148 331 772 158 120 4585 756 358 12717 169 133 174 464
internal_value=-0.000504937 -0.00246575 -0.00214477 0.000879078 -0.00160628 0.00876745 -0.00212066 0.00214374 -0.00355312 0.0138248 0.000584815 -0.00232757 0.00161177 0.00797654 0.0127079 -0.00473109 -0.00431802 -0.011535 -0.000697766 -0.0153642 -0.00445804 0.00882815 0.00433239 0.00187317 0.00759352 -0.00130559 -0.02471 -0.00484368 0.00439778 0.0127878
internal_weight=9842.4 4074.03 4027.39 5768.37 3870.22 182.306 3687.92 926.428 2761.49 127.725 5640.65 1469.17 4171.47 277.442 223.53 1191.73 1179.94 53.9122 2255.24 157.165 72.8432 46.4089 1916.24 1093.4 822.842 2158.41 84.3217 26.6111 158.77 96.8232
internal_count=70147 30306 29960 39841 28202 929 27273 8061 19212 573 39268 13106 26162 1875 1505 11231 11155 370 13609 1758 684 278 12553 7610 4943 13048 1074 302 811 561
is_linear=0
shrinkage=0.05


Tree=128
num_leaves=31
num_cat=0
split_feature=3 27 32 31 4 32 7 32 4 2 19 29 16 4 1 38 0 15 14 38 7 12 7 15 2 6 5 5 32 7
split_gain=10.0321 10.6657 9.89769 9.39604 8.90625 10.7514 8.56328 8.30857 10.4964 8.28142 9.89812 7.56168 6.94561 7.61139 6.89547 6.41584 7.13177 7.03945 6.24947 17.1542 11.9154 10.1853 9.37361 9.01252 7.33185 6.00156 5.96177 5.95018 6.44905 5.90951
threshold=43.150000000000013 7.5000000000000009 84.250000000000014 -2.4999999999999996 62.850000000000001 57.95000000000001 44.350000000000001 65.65000000000002 79.950000000000017 55.95000000000001 1.0000000180025095e-35 56.750000000000007 50.150000000000013 36.250000000000007 58.550000000000004 0.2197832844284397 49.150000000000013 66.050000000000011 50.550000000000004 0.25396230410319837 44.350000000000001 78.850000000000009 61.350000000000001 64.050000000000011 62.050000000000004 70.850000000000009 73.350000000000009 50.95000000000001 61.050000000000004 49.750000000000007
decision_type=2 2 10 8 2 8 2 10 2 2 2 2 2 2 2 2 2 2 2 2 2 2 2 2 2 2 2 2 10 2
left_child=2 18 3 4 -1 11 9 8 -8 10 -5 -6 13 -3 -9 17 -17 -15 26 20 21 -20 24 -22 -21 -11 -2 28 -14 -28
right_child=1 12 -4 6 5 -7 7 14 -10 25 -12 -13 27 15 -16 16 -18 -19 19 22 23 -23 -24 -25 -26 -27 29 -29 -30 -31
leaf_value=-0.020102192373410675 -2.3381137306648844e-05 -0.024448023967480262 0.035064795447251766 -0.023962286950014514 0.021832157135362261 -0.010765316767949576 8.7655702016900097e-05 0.0020223939632384347 -0.013768383210235748 0.023968574897520262 -0.0027223363453034981 -0.0093462641149276941 -0.022728706719629878 0.0087891156981643823 0.017932103886384648 -0.01186102602469356 0.0058584943992138171 0.028740861225226608 0.027298783886380514 -0.021157189872355178 -0.00087215436994095687 8.5473440027126362e-05 0.019363519114937236 -0.01980290058814763 0.010877103473392538 -0.010632115790120135 -0.0042327611554732912 -0.026225194050607043 0.022042434514584958 0.016875189750376683
leaf_weight=152.31199989560992 5903.0141274249181 19.155987896025181 16.216570571064949 119.50358673743904 51.690395773388445 239.59332526288927 465.41233767941594 455.75621847994626 192.99255857337266 27.482568198814988 102.44560188613832 30.799533735960722 13.222977565601466 475.84725724346936 80.218734510242939 74.642931393347681 235.38926100730896 48.997109405696392 65.346724176779389 205.24323471914977 454.31209035590291 73.224107695743442 17.54254612699151 73.002694249153137 19.288161259144545 22.655972592532635 48.532204777002335 30.903487106785178 20.071132615208626 102.13738058507442
leaf_count=1527 42157 192 75 1193 637 1310 4285 2181 1511 185 1114 336 171 3348 362 574 1370 277 564 1383 3083 585 95 430 99 154 220 171 103 455
internal_value=-0.000480636 0.00031455 -0.00368473 -0.00401286 -0.0101314 -0.00539592 -0.00202959 -0.000201395 -0.00396773 -0.0100334 -0.0141867 0.0101332 0.00537965 0.00657575 0.00441581 0.00729641 0.0015738 0.0106664 -0.000352879 -0.00422115 -6.91901e-05 0.0129651 -0.0156168 -0.00350571 -0.0183794 0.00824408 0.000226537 -0.01044 0.00409674 0.0100446
internal_weight=9836.95 7879.87 1957.08 1940.86 474.395 322.083 1466.47 1194.38 658.405 272.088 221.949 82.4899 918.23 854.033 535.975 834.877 310.032 524.844 6961.64 907.96 665.886 138.571 242.074 527.315 224.531 50.1385 6053.68 64.1976 33.2941 150.67
internal_count=70147 55277 14870 14795 3810 2283 10985 8339 5796 2646 2307 973 6206 5761 2543 5569 1944 3625 49071 6239 4662 1149 1577 3513 1482 339 42832 445 274 675
is_linear=0
shrinkage=0.05


Tree=129
num_leaves=29
num_cat=0
split_feature=36 28 34 17 16 34 28 7 7 2 2 12 7 37 32 29 37 34 15 30 12 36 30 13 14 15 39 30
split_gain=8.39883 12.3399 8.79922 10.6433 9.9236 10.9487 9.29266 15.2991 15.0146 13.7332 11.8663 8.72638 8.98893 8.03284 7.99054 7.42389 7.58573 10.4245 7.77351 7.2846 7.0738 6.76884 6.48792 5.41845 4.59411 3.94026 5.21232 3.82662
threshold=56.829480370951266 6.5000000000000009 -1.5833333333333333 2855.0000000000005 54.350000000000001 -4.583333333333333 3.5000000000000004 51.350000000000001 52.550000000000004 51.850000000000001 51.550000000000004 54.300000000000004 50.45000000000001 0.38121615222774169 78.450000000000017 53.500000000000007 0.53245069745069751 1.1666666666666667 36.350000000000001 453.00000000000006 65.550000000000011 44.278388762081853 491.00000000000006 49.750000000000007 73.850000000000009 41.350000000000001 -22.999999999999996 487.00000000000006
decision_type=2 2 2 2 2 2 2 2 2 2 2 2 2 2 10 2 2 2 2 2 2 2 2 2 2 2 2 2
left_child=1 2 3 4 21 -6 8 13 9 -4 -10 12 23 -8 15 19 17 18 -17 -2 -9 -1 -19 -3 25 -13 -27 -18
right_child=14 11 6 -5 5 -7 7 20 10 -11 -12 24 -14 -15 -16 16 27 22 -20 -21 -22 -23 -24 -25 -26 26 -28 -29
leaf_value=0.0065894899572017385 0.054647938119798706 -0.039060783818147551 -0.0046495409207691647 -0.035917079347405317 0.062895556643560654 0.010655780138063946 -0.0033223521142684378 -0.015842469885271659 0.0072121927662178679 0.0031348961325236794 -0.0021832437502085299 -0.00023625223229796477 0.043634793200197905 0.0047675119475585137 0.025931967402008305 0.02342069577798787 -0.0045870638090278106 0.0059124164411445239 -0.0036543544605824245 0.0038339518854175973 -0.0062717294439211188 0.00013776220946720466 0.021541109965383221 0.015501942787807152 0.0046631242276856527 -0.0066434761560860414 -0.03559193142388363 -0.031661125758534886
leaf_weight=553.29140914417803 13.521373039111497 9.3750748597085529 1933.2185629196465 18.158790275454521 13.204726841300724 42.433139228262007 961.65728781279176 265.89797805063426 952.11666876915842 800.5793130826205 518.24614888615906 14.216354735195635 11.391278803348539 450.27968240343034 40.015828996896744 28.275981102138758 32.654689343646169 282.36745967157185 397.52406730689108 15.135377395898102 718.23958989046514 1538.3180299121886 87.453156296163797 8.514638699591158 14.533853428438304 20.753050209023058 68.539282568730414 22.286315117031336
leaf_count=5107 126 142 16060 139 135 355 6802 1646 5763 4417 2614 171 111 3024 187 161 181 1572 2504 121 4217 12656 464 114 173 240 838 107
internal_value=-0.000457468 -0.000927245 -0.00068537 0.0020793 0.00240461 0.0232343 -0.00159318 -0.00407833 -0.000175561 -0.00236805 0.00389734 -0.0152745 0.00901465 -0.000738724 0.00409169 0.00308916 0.00223774 0.00348437 -0.00183957 0.0280905 -0.00886401 0.00184706 0.00962654 -0.0128718 -0.0213444 -0.0250454 -0.0289347 -0.0156978
internal_weight=9832.2 8912.96 8765.64 2165.41 2147.25 55.6379 6600.24 2396.07 4204.16 2733.8 1470.36 147.324 29.281 1411.94 919.234 879.218 850.562 795.621 425.8 28.6568 984.138 2091.61 369.821 17.8897 118.043 103.509 89.2923 54.941
internal_count=70147 64724 62935 18392 18253 490 44543 15689 28854 20477 8377 1789 367 9826 5423 5236 4989 4701 2665 247 5863 17763 2036 256 1422 1249 1078 288
is_linear=0
shrinkage=0.05


Tree=130
num_leaves=31
num_cat=0
split_feature=7 29 7 30 27 1 2 35 1 30 17 5 6 6 15 32 3 1 17 29 37 15 7 3 18 33 31 12 5 37
split_gain=11.1046 6.7368 13.8151 12.1174 10.6171 9.50408 9.11613 8.39297 8.13537 9.59127 13.7732 7.68397 7.60788 7.54986 10.2398 8.51411 7.38242 7.07507 6.99888 6.88974 6.8881 6.63395 5.95039 4.91483 4.85166 4.34684 3.55411 3.45811 3.47629 2.39224
threshold=74.350000000000009 54.250000000000007 39.650000000000013 443.00000000000006 7.5000000000000009 49.45000000000001 52.45000000000001 5.8666666666666716 42.150000000000013 457.00000000000006 1750.0000000000002 44.650000000000013 44.70000000000001 81.050000000000011 55.150000000000013 24.850000000000005 56.150000000000013 46.650000000000013 1650.0000000000002 51.750000000000007 0.37685320130202554 47.750000000000007 35.350000000000001 48.050000000000004 15.500000000000002 38.45000000000001 5.5000000000000009 90.550000000000011 49.750000000000007 0.44610786872117963
decision_type=2 2 2 2 2 2 2 2 2 2 2 2 2 2 2 10 2 2 2 2 2 2 2 2 2 8 10 2 2 2
left_child=1 2 3 5 6 -1 12 -8 9 27 11 -11 -4 15 17 20 25 -15 -16 -6 -10 -21 -17 -7 -2 -5 -12 29 -29 -3
right_child=24 8 4 16 19 23 7 -9 13 10 26 -13 -14 14 18 22 -18 -19 -20 21 -22 -23 -24 -25 -26 -27 -28 28 -30 -31
leaf_value=-0.032776311115030037 0.04224983449452293 -0.051303146572017337 0.027875858207145384 -0.0055483497392928407 0.041383421872601744 0.0029830963264639108 0.008858146622750732 -0.024137321510743329 0.045506823054797252 -0.014993799049529917 -0.032511173095474161 0.014279180106410425 -0.0017547205184018284 0.02457997511049197 -0.028623987621001368 -0.019112837617125223 0.0025367808256639146 -0.0031462860206989112 -0.0078711002646708727 0.024791935546223345 0.0022785660216732783 0.0054312840224342131 0.00010464310864826056 0.05316367925699618 0.0084492287767130268 -0.045597556362996131 -0.0032887398557104536 0.007476085044795887 -0.036905083464781906 -0.016307876106216892
leaf_weight=8.6342774480581301 21.464420147240162 19.778398615308109 22.151030609384179 8.6270628515630943 20.674729046411812 9.5318243186920899 488.34848689474165 19.895063325762749 18.497550265863538 31.49384642764926 40.843206772580743 76.347013337537646 804.82181150838733 24.35609867144376 67.338230341672897 40.404371117241681 14.142032840289174 383.27672607917339 104.85957486741245 62.792329916730523 18.796839809976518 152.93992870673537 7279.8560218513012 10.430354341864584 21.914102137088776 38.124263850972056 14.512315321713684 9.2542890468612331 8.0470542907714826 7.2588822171092025
leaf_count=177 104 390 202 242 174 104 3159 108 175 547 558 791 7836 306 499 459 160 3005 651 507 173 1192 47708 120 108 319 178 162 103 75
internal_value=0.00013502 2.27188e-05 0.00292509 -0.0161619 0.00401606 0.010534 0.00228184 0.00755222 -0.000568619 -0.0103395 -0.00469257 0.00567801 -0.000951725 -0.000312387 -0.00580514 0.000119877 -0.0287773 -0.00147175 -0.0160275 0.0137846 0.0239173 0.0110986 -1.0049e-06 0.0295863 0.025348 -0.0383416 -0.02496 -0.0309543 -0.0129722 -0.0421867
internal_weight=9849.41 9806.03 1661.11 89.4898 1571.62 28.5965 1335.22 508.244 8144.92 207.535 163.196 107.841 826.973 7937.39 579.831 7357.55 60.8934 407.633 172.198 236.407 37.2944 215.732 7320.26 19.9622 43.3785 46.7513 55.3555 44.3386 17.3013 27.0373
internal_count=70292 70080 14300 1122 13178 401 11305 3267 55780 2804 2074 1338 8038 52976 4461 48515 721 3311 1150 1873 348 1699 48167 224 212 561 736 730 265 465
is_linear=0
shrinkage=0.05


Tree=131
num_leaves=31
num_cat=0
split_feature=13 6 3 8 9 12 29 12 13 40 2 6 32 40 34 40 36 36 32 37 8 37 37 33 30 3 29 6 6 9
split_gain=8.39872 11.4362 10.7992 9.53215 11.2399 8.19965 7.89364 8.88296 7.49561 9.50701 6.76033 10.6709 9.29775 10.1983 7.2318 8.83831 10.6239 6.56661 6.44334 6.369 6.14169 7.25705 6.01828 6.01 5.4493 5.44395 5.43221 11.5369 5.67434 4.42136
threshold=42.95000000000001 50.850000000000001 54.45000000000001 30.350000000000005 50.150000000000013 64.850000000000009 55.750000000000007 66.65000000000002 43.150000000000013 0.23072390673817308 49.45000000000001 74.65000000000002 53.95000000000001 0.27763372767687694 6.5833333333333348 0.28040801278865057 50.938996717973374 42.302843497019701 52.95000000000001 0.24565795682859179 68.850000000000009 0.49310741148899856 0.32176320006438525 62.250000000000007 493.00000000000006 41.750000000000007 54.250000000000007 75.15000000000002 51.550000000000004 50.050000000000004
decision_type=2 2 2 2 2 2 2 2 2 2 2 2 8 2 2 2 2 2 10 2 2 2 2 8 2 2 2 2 2 2
left_child=1 2 -1 4 23 22 -6 -8 9 -2 11 12 13 -10 26 16 -16 18 -13 -14 21 -7 -5 24 -3 -19 27 -12 -28 -17
right_child=8 3 -4 5 6 20 7 -9 10 -11 14 17 19 -15 15 29 -18 25 -20 -21 -22 -23 -24 -25 -26 -27 28 -29 -30 -31
leaf_value=-0.0022887829267178457 0.053672573183287713 -0.019655104671033659 0.046097312085125984 -0.0030566065545479023 -0.0060366571580424237 -0.012812031691206649 0.069173601801132953 0.012402206795614231 -0.010766273867992322 -0.0064548186233674273 0.0021045686752094407 -0.010718882838376905 -0.0017792743264120375 0.017792695599772465 -0.024034609679459733 -0.010942734335111408 0.0072324557906000859 0.0024127342523359023 0.042042298533474215 0.0052403916561262961 -0.034010030522051586 0.019589895055069195 -0.039335112193235142 -0.052086207776186826 0.01996230929472197 -0.010354549435390875 0.0034379064224403983 0.015376536650838503 -0.00014178012355835264 -0.041065928825387843
leaf_weight=33.861368452198803 14.666298463940622 28.911938478238881 17.242414882406592 14.756415684707461 21.470830189995468 62.742871118709445 10.974478723481299 19.133982064202428 279.76234712917358 11.573551546782253 873.59102712012827 10.141871263273062 597.92609704658389 34.98150827921927 38.320378337055445 24.218988925218582 92.433655424043536 98.10176168102771 12.916649121791123 700.97431978210807 21.08517261967063 23.66692029312253 56.101855590008199 9.4355881586670858 12.191937314346431 537.05406359676272 1467.6787763098255 201.81940340716392 4494.8753120787442 25.84074442088604
leaf_count=303 144 386 144 156 230 616 94 186 5329 86 6463 192 4081 376 215 117 530 893 116 4784 173 160 459 49 129 4619 9247 1529 28359 127
internal_value=0.000127506 -0.00769308 0.0139972 -0.0116666 0.00046821 -0.0186389 0.0169195 0.0334213 0.000400585 0.0270387 0.000326125 -0.0020518 0.000133833 -0.00757163 0.00107521 -0.00879187 -0.00190421 -0.0074168 0.0186743 0.00200527 -0.00985234 -0.00386723 -0.0318654 -0.0162231 -0.00776279 -0.00837466 0.00132953 0.00460113 0.000738562 -0.0266428
internal_weight=9848.45 331.576 51.1038 280.472 102.119 178.353 51.5793 30.1085 9516.88 26.2399 9490.64 2271.86 1613.64 314.744 7218.78 180.814 130.754 658.214 23.0585 1298.9 107.495 86.4098 70.8583 50.5395 41.1039 635.156 7037.96 1075.41 5962.55 50.0597
internal_count=70292 3085 447 2638 1074 1564 510 280 67207 230 66977 20390 14570 5705 46587 989 745 5820 308 8865 949 776 615 564 515 5512 45598 7992 37606 244
is_linear=0
shrinkage=0.05


Tree=132
num_leaves=29
num_cat=0
split_feature=7 4 7 36 7 31 9 8 8 34 18 30 1 9 0 31 4 3 18 8 5 7 36 3 5 36 37 3
split_gain=9.95053 7.55508 16.6445 13.4652 11.0129 12.2876 10.955 9.11679 14.6667 15.7194 18.0687 8.90424 8.19057 7.1915 6.56387 5.96136 5.76604 8.35326 4.64971 12.3337 7.16208 7.32306 5.58304 5.54209 4.5311 4.43411 4.36548 2.78376
threshold=74.350000000000009 67.450000000000017 44.350000000000001 50.197795141283471 49.150000000000013 -1.0000000180025095e-35 74.550000000000011 16.450000000000003 22.750000000000004 -3.8333333333333326 14.500000000000002 469.00000000000006 45.550000000000004 41.650000000000013 59.350000000000001 8.5000000000000018 81.850000000000009 54.050000000000004 15.500000000000002 15.65 39.750000000000007 43.550000000000004 49.110266328361497 58.150000000000013 53.250000000000007 51.558617518435966 0.32176320006438525 52.550000000000004
decision_type=2 2 2 2 2 10 2 2 2 2 2 2 2 2 2 8 2 2 2 2 2 2 2 2 2 2 2 2
left_child=1 2 18 4 5 -4 11 16 9 10 -9 -5 -6 27 -11 -15 17 25 20 -20 23 -22 -21 -1 -2 -3 -18 -10
right_child=24 7 3 6 12 -7 -8 8 13 14 -12 -13 -14 15 -16 -17 26 -19 19 22 21 -23 -24 -25 -26 -27 -28 -29
leaf_value=-0.027241438695792097 0.041969468286102485 -0.025787647851492748 -0.0078430743632498245 -0.0092327170002379812 -0.006301809480756689 0.0044733506842645271 0.026091441280033385 0.099229355553305434 -0.038561116301969588 0.0059211029255605702 0.013509467521677823 -0.00097348711400091709 0.0061631024670233429 0.0016252487726622937 0.039685527162075102 -0.0058136614148733374 -0.017890632383538604 0.0029929825622406498 0.045265100906640321 -0.0086978786580382151 -0.0056079674096550089 0.010871636591090493 -0.021869699588162126 0.014644682841800047 0.0091216873440701108 -0.063603040647665407 0.017444455844790929 -0.0051302641556178804
leaf_weight=51.0338887674734 19.396184094250202 25.895594708621502 452.29220796190202 590.15321091376245 145.99521981645375 366.02235462144017 29.465853612869978 11.245038191787899 15.433748962357642 134.41139647550881 13.844617117196321 733.31003510020673 1314.8948903670534 4753.9695703191683 16.134390629827976 285.15066516958177 15.788105361163614 18.431531396694481 8.9590023597702366 213.41298833023757 342.48009004909545 83.695704130455852 131.31895682495087 9.1084746140986663 23.977968513965607 11.698033683001993 19.274544317275286 11.084752570837734
leaf_count=772 101 309 3895 4373 1685 3266 189 100 153 1012 163 4701 8700 29869 98 2083 102 192 154 2689 3036 631 1477 120 111 89 123 99
internal_value=0.00012031 1.39662e-05 -0.00150108 -3.26957e-05 0.00231142 -0.0023281 -0.00398527 0.00128555 0.00155907 0.0157616 0.0523685 -0.00466061 0.00491364 0.00106536 0.00959686 0.0012032 -0.0143831 -0.0243258 -0.00784354 -0.0122138 -0.00465297 -0.00235805 -0.0137348 -0.0208011 0.0239884 -0.0378249 0.00138585 -0.0248466
internal_weight=9847.88 9804.5 4472.14 3632.13 2279.2 818.315 1352.93 5332.36 5241.27 175.635 25.0897 1323.46 1460.89 5065.64 150.546 5039.12 91.0878 56.0252 840.009 353.691 486.318 426.176 344.732 60.1424 43.3742 37.5936 35.0626 26.5185
internal_count=70292 70080 35688 26809 17546 7161 9263 34392 33577 1373 263 9074 10385 32204 1110 31952 815 590 8879 4320 4559 3667 4166 892 212 398 225 252
is_linear=0
shrinkage=0.05


Tree=133
num_leaves=26
num_cat=0
split_feature=7 13 9 9 8 32 30 15 15 13 13 36 29 33 12 1 16 36 33 12 34 4 33 3 15
split_gain=8.9583 7.88368 11.1226 11.0877 9.89096 11.3595 10.7805 7.78567 15.6348 8.94392 8.91495 9.52707 8.91172 14.4247 8.24808 8.25777 7.78791 7.71882 7.50626 10.6122 8.96687 6.94667 6.19246 4.20964 1.0722
threshold=74.350000000000009 45.45000000000001 74.050000000000011 51.750000000000007 16.550000000000004 32.550000000000004 469.00000000000006 66.250000000000014 69.15000000000002 63.050000000000004 60.850000000000001 58.587688094698414 57.250000000000007 53.45000000000001 53.750000000000007 47.550000000000004 55.650000000000013 53.96686056178158 75.250000000000014 51.850000000000009 -3.4166666666666665 70.450000000000017 42.95000000000001 50.750000000000007 52.650000000000013
decision_type=2 2 2 2 2 10 2 2 2 2 2 2 2 10 2 2 2 2 8 2 2 2 10 2 2
left_child=1 2 3 4 6 -6 -1 9 12 10 16 -12 13 -9 15 -11 -3 -16 20 -20 -10 -14 -5 -2 -24
right_child=23 7 -4 22 5 -7 -8 8 18 14 11 -13 21 -15 17 -17 -18 -19 19 -21 -22 -23 24 -25 -26
leaf_value=-0.0083946452246086677 0.039452163808396543 -0.00027849109893443954 0.025912733367358984 -0.0049158534611179645 -0.056039353645910096 -0.0058056728958690886 0.025031854338929876 -0.01101317966783453 0.021606438588410822 -0.027447562794274429 -0.012016065647626778 0.028206597039509448 0.063034492861223201 0.021221324608983006 0.0092788713527480731 0.0040607493716192265 0.012687188555740038 0.03341598172159238 -0.013340894081925056 0.025319771039405733 -0.003046750823140178 0.018729209610331057 -0.052783531631585813 0.0079312666180769466 -0.032214983714056372
leaf_weight=42.626083713956177 20.183948911726475 7471.968563192524 28.212948944419622 17.374915396794677 11.40191299561411 591.85311594419181 54.855968939140439 48.130735382437706 39.768651254475117 24.778870781883597 241.00294480100274 15.518448326736687 16.828642887994647 122.37232932448387 161.43930502235889 126.16205850429833 117.53510855417699 42.00986261293292 24.33119748160243 63.710270594805479 489.12468503601849 19.699041310697794 15.123178150504829 23.329158898442984 15.748903736472128
leaf_count=499 99 53403 190 195 195 5153 551 431 312 213 1588 90 104 574 1103 775 923 253 111 311 2802 101 101 113 102
internal_value=0.000113528 1.241e-05 -0.00481876 -0.00598635 -0.00437943 -0.00677254 0.0103705 0.000429083 0.00506193 -3.58651e-05 -0.000387454 -0.00955324 0.0169495 0.0120915 0.00773195 -0.00109338 -7.68743e-05 0.0143014 0.0010625 0.0145757 -0.00117984 0.0393939 -0.0291644 0.0227241 -0.0425901
internal_weight=9845.09 9801.58 777.197 748.984 700.737 603.255 97.4821 9024.38 823.966 8200.42 7846.03 256.521 207.031 170.503 354.39 150.941 7589.5 203.449 616.935 88.0415 528.893 36.5277 48.247 43.5131 30.8721
internal_count=70292 70080 6986 6796 6398 5348 1050 63094 4746 58348 56004 1678 1210 1005 2344 988 54326 1356 3536 422 3114 205 398 212 203
is_linear=0
shrinkage=0.05


Tree=134
num_leaves=22
num_cat=0
split_feature=7 13 6 3 13 17 39 4 6 15 15 7 32 6 34 3 12 18 30 40 40
split_gain=8.0859 7.40775 11.3282 9.23414 6.62016 16.3194 6.60531 11.0039 10.313 8.34681 10.315 9.4051 8.05096 5.32394 7.01245 10.6686 6.00112 4.37659 4.30763 4.16933 1.9063
threshold=74.350000000000009 42.95000000000001 50.850000000000001 54.45000000000001 43.150000000000013 1650.0000000000002 -12.999999999999998 64.950000000000017 51.550000000000004 66.250000000000014 69.15000000000002 44.050000000000004 62.45000000000001 59.050000000000004 -2.4166666666666665 54.45000000000001 76.050000000000011 15.500000000000002 483.00000000000006 0.19985681362571991 0.25493120671399566
decision_type=2 2 2 2 2 2 2 2 2 2 2 2 10 2 2 2 2 2 2 2 2
left_child=1 2 3 18 5 -3 7 12 -9 11 -11 -8 -6 19 15 -15 -16 -2 -1 -4 -21
right_child=17 4 13 -5 6 -7 9 8 -10 10 -12 -13 -14 14 16 -17 -18 -19 -20 20 -22
leaf_value=0.013666245039299266 0.037630753622778436 0.064001937012707774 -0.0044522193657349392 0.043950696066942768 -0.0020793831361070989 -0.014111982604586754 -0.003690280486276037 0.012911063389783284 -0.00099934146207566045 0.016903674252833876 0.0026032895305482095 0.0012525518778092838 -0.012033126924721926 -0.0087977992024440167 -0.023283562646315176 0.031606376197186696 -0.0041087476755732252 0.0056244314145177561 -0.022867306877692856 -0.055752957683465471 -0.025967489972809316
leaf_weight=19.879293325357139 21.48600710183382 13.335104199126365 11.697157179005442 17.211660020053387 430.05175545904785 13.08871156349778 1168.3561768066138 149.86242403741926 1192.783935633488 169.510528460145 496.41599814407527 5451.9920991295949 387.49179072864354 51.404748974367976 88.762758919037879 23.778115703724325 76.897128355689347 22.064734496176243 13.413403755053876 12.092054963111879 11.82250198535621
leaf_count=185 104 113 145 142 4830 116 10813 959 7851 982 2839 36378 2126 598 766 237 680 108 116 117 87
internal_value=0.000107411 1.12595e-05 -0.00738647 0.0143246 0.000267197 0.0252133 0.000196621 -0.00223087 0.000550421 0.000917015 0.00625293 0.000379445 -0.00680418 -0.0113746 -0.00866941 0.00393944 -0.0144209 0.0215795 -0.000927545 -0.0294543 -0.0414057
internal_weight=9843.4 9799.85 326.959 50.5044 9472.89 26.4238 9446.46 2160.19 1342.65 7286.27 665.927 6620.35 817.544 276.454 240.843 75.1829 165.66 43.5507 33.2927 35.6117 23.9146
internal_count=70292 70080 3073 443 67007 229 66778 15766 8810 51012 3821 47191 6956 2630 2281 835 1446 212 301 349 204
is_linear=0
shrinkage=0.05


Tree=135
num_leaves=22
num_cat=0
split_feature=16 4 27 16 2 36 26 7 4 27 8 30 13 33 2 8 30 31 33 8 33
split_gain=7.90718 8.58006 8.20783 9.99072 7.5488 12.2431 7.93591 6.64009 6.45981 6.40271 9.49589 7.99005 6.24746 5.33623 4.84371 4.0898 3.69741 4.36833 2.82853 1.12205 0.129938
threshold=47.050000000000004 20.050000000000004 3.5000000000000004 44.95000000000001 64.350000000000009 49.731684772994896 1.0000000180025095e-35 50.050000000000004 72.950000000000017 7.5000000000000009 53.45000000000001 529.00000000000011 62.050000000000004 59.250000000000007 59.050000000000004 52.650000000000013 497.00000000000006 -4.4999999999999991 63.650000000000013 55.550000000000004 44.45000000000001
decision_type=2 2 2 2 2 2 2 2 2 2 2 2 2 10 2 2 2 10 10 2 10
left_child=2 16 13 7 6 18 9 8 -4 11 -11 -3 14 -1 -8 -7 17 -2 -6 20 -19
right_child=1 4 3 -5 5 15 12 -9 -10 10 -12 -13 -14 -15 -16 -17 -18 19 -20 -21 -22
leaf_value=0.014997273294241151 0.0027017461653485401 0.00049036459600848266 -0.04199604152044302 0.031422035176668854 0.018266233019764773 -0.020042253497766224 -0.010783440122100977 0.019944596294694847 0.0029363906954440154 0.0074993214202489656 -0.00081769417199897105 -0.0085868891854354781 -0.033158553394736473 0.056057118990729564 0.0007721911564565918 0.0093937035521326814 0.0071322061841614035 -0.043718954645481103 0.041953834806465702 -0.027933464195601387 -0.062841514103898224
leaf_weight=16.768466716632247 6.3180943829938796 7576.7559749688953 17.328750985674564 23.047791372984648 25.597660385072231 21.915307719260454 181.9384822640568 13.680412013083695 14.401117029599844 787.61177180800587 606.3717650687322 250.31380730308592 20.891945205628872 15.83404979854822 179.18389402888715 25.11246008425951 7.0309786228463045 6.2014916604384798 27.533500224351883 8.3038292312994582 6.1742394976317883
leaf_count=178 97 54578 154 174 131 100 1429 85 94 5713 3984 1701 126 73 1133 115 82 154 118 129 49
internal_value=0.000662501 0.000517484 0.0145712 0.00463604 0.000606004 0.0142564 0.000462964 -0.00888838 -0.0215005 0.000756038 0.0038781 0.000199324 -0.00659651 0.0352021 -0.00503723 -0.00423101 -0.0245051 -0.0329248 0.0306912 -0.0440108 -0.0540872
internal_weight=9838.32 9737.26 101.061 68.4581 9703.23 100.159 9603.07 45.4103 31.7299 9221.05 1393.98 7827.07 382.014 32.6025 361.122 47.0278 34.0286 26.9977 53.1312 20.6796 12.3757
internal_count=70397 69639 758 507 69128 464 68664 333 248 65976 9697 56279 2688 251 2562 215 511 429 249 332 203
is_linear=0
shrinkage=0.05


Tree=136
num_leaves=31
num_cat=0
split_feature=32 40 40 15 39 9 37 16 5 18 31 35 15 30 5 3 31 35 12 6 4 31 8 15 40 35 12 5 3 32
split_gain=10.108 11.1836 9.94521 9.30468 11.4507 9.69471 8.93635 8.9279 7.11929 7.07743 7.27886 6.9022 6.75808 6.66822 6.28349 8.41081 6.24469 7.05819 6.18979 10.5628 8.22972 7.37414 13.0191 12.11 6.41899 6.40695 6.14487 5.98964 5.27077 5.13664
threshold=41.250000000000007 0.28040801278865057 0.27902739115782332 63.45000000000001 -20.999999999999996 50.95000000000001 0.62739417989417989 54.550000000000004 70.65000000000002 17.500000000000004 24.500000000000004 -2.2666666666666617 48.95000000000001 529.00000000000011 47.350000000000001 60.650000000000013 -7.4999999999999991 -0.066666666666659311 51.850000000000009 68.350000000000009 81.050000000000011 -1.4999999999999998 18.750000000000004 51.750000000000007 0.24710007390261327 3.4999999999999969 98.750000000000014 55.95000000000001 51.45000000000001 77.250000000000014
decision_type=8 2 2 2 2 2 2 2 2 2 10 2 2 2 2 2 8 2 2 2 2 10 2 2 2 2 2 2 2 10
left_child=18 2 9 5 27 7 8 11 -6 10 13 -3 -4 -2 15 -11 -7 -18 20 25 24 22 -21 -24 -1 26 -20 -5 -28 -16
right_child=1 3 12 4 6 16 -8 -9 -10 14 -12 -13 -14 -15 29 -17 17 -19 19 21 -22 -23 23 -25 -26 -27 28 -29 -30 -31
leaf_value=-0.0094433144746466514 0.0024320331416499228 -0.020013046514794589 0.052390737809207479 -0.001418117725969824 0.0017892792079283817 -0.032098193556802344 0.035870446587395688 0.028404982031695326 0.019116781402801836 -0.014031562654986618 0.037381987654595099 -0.0016716305432256451 0.010822446352601694 -0.0066869013333402576 0.0020946517422336993 0.02823416766014842 0.0066592705579394855 -0.01179764225155842 -0.034975907960580574 0.090419264766052068 0.042512665775120168 -0.012438022257968091 -0.022974269236219456 0.039097092224586606 0.032030563342309408 0.026539841537810901 -0.027338862296174427 -0.036099714089814973 0.0093811097492304193 -0.024786639205278183
leaf_weight=63.518020695075393 6279.8342835027725 53.324170969426632 15.38723513111472 23.825607262551785 552.13335111178458 31.262822723016143 22.264280289411545 23.834907853975892 66.466605640947819 175.21104400325567 14.603515628725289 1333.1411935091019 27.846909526735544 206.71790076605976 287.27021374087781 12.453911779448388 61.427834236994386 318.26164050400257 70.083724628202617 5.0678451638668767 11.167280627414582 52.130248121917248 17.49084453005344 14.064267138950525 10.806964805349706 5.9274894241243592 20.490716856904328 26.726924486458302 18.260798985138535 18.836074873805046
leaf_count=1425 45606 293 84 148 2932 160 115 124 298 1992 129 6916 171 1446 2060 121 336 1632 1367 98 148 1033 410 247 131 93 385 129 286 82
internal_value=0.000629038 0.000908317 0.00193097 -0.00195417 0.00297966 -0.00383005 0.00479411 -0.00185621 0.00366193 0.00178224 0.00222106 -0.00238205 0.0258189 0.00214056 -0.00398456 -0.0111865 -0.0105896 -0.00879747 -0.00858012 -0.013325 0.00265904 -0.000312013 0.0167992 0.0045694 -0.00331083 -0.0233361 -0.0261203 -0.0198879 -0.00992708 0.000416644
internal_weight=9839.84 9550.83 7038.16 2512.67 691.417 1821.25 640.864 1410.3 618.6 6994.93 6501.16 1386.47 43.2341 6486.55 493.771 187.665 410.952 379.689 289.008 203.516 85.4923 88.7532 36.623 31.5551 74.325 114.763 108.835 50.5525 38.7515 306.106
internal_count=70397 64774 51691 13083 3622 9461 3345 7333 3230 51436 47181 7209 255 47052 4255 2113 2128 1968 5623 3919 1704 1788 755 657 1556 2131 2038 277 671 2142
is_linear=0
shrinkage=0.05


Tree=137
num_leaves=31
num_cat=0
split_feature=32 40 40 2 39 2 33 9 40 33 32 37 4 7 37 1 39 6 7 33 12 31 32 0 32 37 35 12 33 33
split_gain=9.20304 10.0906 8.90695 8.54639 8.35275 9.06923 8.02522 7.84059 9.23842 7.38101 7.40676 7.24577 6.69011 7.30623 6.35778 5.78494 5.78157 6.22785 15.7221 9.93031 9.61319 6.79322 5.89766 5.91704 5.5579 5.37596 4.93264 6.24314 4.86344 4.85722
threshold=41.250000000000007 0.28040801278865057 0.27902739115782332 64.350000000000009 -10.999999999999998 59.050000000000004 61.250000000000007 50.95000000000001 0.46155692979305168 75.250000000000014 72.65000000000002 0.10435601435601437 20.050000000000004 35.350000000000001 0.44610786872117963 57.350000000000001 -28.999999999999996 68.350000000000009 38.45000000000001 50.250000000000007 51.850000000000009 -1.4999999999999998 29.750000000000004 51.050000000000004 57.150000000000013 0.44828144078144089 3.6666666666666683 98.750000000000014 60.050000000000004 73.850000000000009
decision_type=8 2 2 2 2 2 8 2 2 8 10 2 2 2 2 2 2 2 2 8 2 10 10 2 10 2 2 2 10 10
left_child=16 2 3 12 5 6 14 8 11 10 -9 -6 -2 -14 -3 24 -1 20 -19 21 22 -20 -18 -24 -7 -17 27 -22 -4 -8
right_child=1 4 28 -5 7 15 29 9 -10 -11 -12 -13 13 -15 -16 25 17 18 19 -21 26 -23 23 -25 -26 -27 -28 -29 -30 -31
leaf_value=-0.040068086053154595 -0.023179797063510005 -0.0087890710528979506 0.0065611203407720756 0.022140168759147528 -0.019997300182610631 0.020762201927532958 -0.019579743177270025 -0.0049388342178762566 0.015462567888993139 0.014310857325806151 -0.022900722644915807 0.0011246414931327011 -0.017129479482224878 0.0017806258379658262 0.009289168557106809 0.031881471837088622 0.038082982129615937 0.082171236480727342 0.020316409804954159 -0.04008019055012417 -0.033642733612705499 -0.0080750866904434788 -0.011605425208945388 0.032259091680855889 -0.008151080295452225 0.0015757046109116911 0.023736783963969107 -0.0076047903434629527 0.040346581936785718 -0.00027575245662361363
leaf_weight=13.542727197520433 27.133647584356368 171.07657169364393 20.822424866259098 50.663957677781582 41.820577088743448 19.744722347706556 207.81063036620617 300.48135548084974 111.09454138576984 39.341644831001759 71.270215049386024 1281.4439250659198 51.316149692051113 6871.1452785041183 67.624049562960863 27.430644564330578 9.9698918517678958 5.8079210352152577 38.299477732740343 14.367122348397968 64.188891043886542 46.307058554142714 42.787764823064208 9.239654799923299 100.75309688597918 32.045966021716595 5.4815777800977221 36.850154959596694 22.724623307585716 39.271234184503555
leaf_count=260 379 1174 155 232 211 138 939 1615 498 182 309 6660 590 50235 419 126 175 172 877 120 1297 1074 787 141 486 150 80 640 100 176
internal_value=0.000596868 0.00086229 0.00183282 0.00169163 -0.00185796 -0.00665871 -0.0102125 -0.000123093 0.00161896 -0.00621243 -0.00840107 0.000451863 0.00154152 0.00163948 -0.00364481 0.00290618 -0.00822443 -0.00661413 0.00291772 -0.00176078 -0.0125687 0.00472689 0.0030122 -0.00367258 -0.00335861 0.0156667 -0.0216784 -0.0242127 0.0243584 -0.0165331
internal_weight=9841.86 9555.02 7043.81 7000.26 2511.21 665.757 485.782 1845.45 1434.36 411.093 371.752 1323.26 6949.6 6922.46 238.701 179.974 286.842 273.3 104.782 98.9737 168.518 84.6065 61.9973 52.0274 120.498 59.4766 106.521 101.039 43.547 247.082
internal_count=70397 64774 51691 51436 13083 3608 2708 9475 7369 2106 1924 6871 51204 50825 1593 900 5623 5363 2243 2071 3120 1951 1103 928 624 276 2017 1937 255 1115
is_linear=0
shrinkage=0.05


Tree=138
num_leaves=31
num_cat=0
split_feature=40 34 15 33 35 0 8 13 15 30 30 8 40 40 13 15 8 12 3 40 40 1 3 5 40 16 15 1 5 5
split_gain=8.26841 9.48194 8.46575 8.26507 8.77668 9.95432 8.66228 10.1203 8.48425 8.45515 8.30532 8.06308 7.86433 7.15032 11.2818 7.12472 6.69035 8.8876 7.90284 7.52903 7.45373 6.82624 6.80587 6.51089 6.91034 6.37682 6.69262 6.49829 9.58512 6.44573
threshold=0.28040801278865057 6.166666666666667 61.650000000000013 32.850000000000001 -2.4666666666666717 42.750000000000007 23.750000000000004 40.150000000000013 35.050000000000004 491.00000000000006 485.00000000000006 18.750000000000004 0.27902739115782332 0.20321875698920217 57.350000000000001 38.550000000000004 51.45000000000001 78.550000000000011 55.350000000000001 0.29794244407081888 0.28664824603272959 54.750000000000007 42.050000000000004 64.550000000000011 0.37275355955611156 49.650000000000013 48.45000000000001 54.050000000000004 56.150000000000013 32.850000000000001
decision_type=2 2 2 10 2 2 2 2 2 2 2 2 2 2 2 2 2 2 2 2 2 2 2 2 2 2 2 2 2 2
left_child=3 2 11 8 5 -5 13 -8 9 -1 15 -2 -9 14 -6 -7 19 18 -18 20 -4 -19 -21 24 -13 26 -10 29 -29 -27
right_child=1 -3 16 4 6 10 7 12 25 -11 -12 23 -14 -15 -16 -17 17 21 -20 22 -22 -23 -24 -25 -26 27 -28 28 -30 -31
leaf_value=0.044159214031889771 -0.020717934899449966 -0.018916229012030005 0.011981490158000136 -0.02951670476870798 0.012852908152139284 -0.021415621160800282 -0.020109042508889955 0.0012114890475298701 0.061405565419424657 -0.010950981193554636 0.025180787856039374 -0.0035612083002504349 0.023567692013903237 0.003363296174135522 0.05691718610379333 0.010120127316718684 0.01327951979626877 -0.017680160407121844 -0.01108125036997322 -0.0055625191927136247 -0.021715655531938088 0.00020923113857480776 0.012845257541295159 0.0020293845926754226 -0.01714365292109989 -0.035716159431315238 0.00054828981045636812 -0.0025620087461930112 0.032612751672014988 -0.0065515419013251544
leaf_weight=17.838285032659773 64.577187586575747 79.150727283209562 27.102285090833902 14.45613727159798 117.23968162760139 20.071857266128063 55.268881009891629 5858.0764221847057 7.1804607231169966 11.117551522329448 90.453233048319817 980.75109416618943 39.531337529420853 195.5069534368813 16.624374004080892 154.92651851847768 121.20177217759192 107.37257412821054 45.588656425476074 59.459909910336137 40.846142029389739 104.75286100804806 309.5176620259881 498.78119325265288 103.76708971709013 19.60394851397723 12.355492409318684 79.353888189420104 25.431020468473434 565.41542189521715
leaf_count=181 407 383 177 146 978 127 439 39650 145 94 604 5479 226 1389 125 1120 653 600 225 329 263 499 1614 2297 518 540 228 858 139 9964
internal_value=0.000566387 -0.00188812 -0.0013383 0.00142203 0.00198683 0.0106513 0.00159983 0.00116206 -0.00359087 0.0228628 0.0128679 -0.00340189 0.00136259 0.00949384 0.0184009 0.00646434 0.00282363 -0.00202802 0.00658841 0.00704207 -0.00820369 -0.00882643 0.00986463 -0.00269121 -0.00486685 -0.00468085 0.0233699 -0.00548579 0.0059501 -0.00754333
internal_weight=9843.32 2542.87 2463.72 7300.45 6562.16 279.908 6282.25 5952.88 738.296 28.9558 265.452 1647.88 5897.61 329.371 133.864 174.998 815.842 378.916 166.79 436.926 67.9484 212.125 368.978 1583.3 1084.52 709.34 19.536 689.804 104.785 585.019
internal_count=70397 13444 13061 56953 44804 1997 42807 40315 12149 275 1851 8701 39876 2492 1103 1247 4360 1977 878 2383 440 1099 1943 8294 5997 11874 373 11501 997 10504
is_linear=0
shrinkage=0.05


Tree=139
num_leaves=31
num_cat=0
split_feature=32 40 34 2 39 2 9 5 33 38 40 0 3 29 18 39 4 32 2 13 6 33 40 38 5 33 33 32 3 9
split_gain=8.08227 8.23284 8.42114 7.98269 6.95172 9.99848 7.24759 9.25288 7.38018 6.94503 6.91908 6.37865 6.33998 8.50985 6.45777 5.48582 5.98847 13.5834 5.54509 5.29508 4.74155 10.6199 9.29606 5.62336 5.53073 4.30934 4.09138 2.61159 1.87914 0.363379
threshold=41.250000000000007 0.28040801278865057 6.166666666666667 64.350000000000009 -10.999999999999998 59.95000000000001 50.95000000000001 48.150000000000013 75.250000000000014 0.22793509371517437 0.27902739115782332 57.350000000000001 63.45000000000001 55.750000000000007 17.500000000000004 -28.999999999999996 84.65000000000002 35.95000000000001 52.650000000000013 54.150000000000013 82.350000000000009 34.050000000000004 0.18273888381217632 0.14761672524006722 62.95000000000001 64.850000000000009 60.050000000000004 70.250000000000014 47.650000000000013 49.650000000000013
decision_type=8 2 2 2 2 2 2 2 8 2 2 2 2 2 2 2 2 10 2 2 2 8 2 2 2 10 10 10 2 2
left_child=15 3 4 10 5 9 7 -6 -8 -3 12 25 14 -14 -2 28 20 -18 -19 -7 23 22 -22 29 -25 -4 -12 -5 -1 -17
right_child=1 2 11 27 6 19 8 -9 -10 -11 26 -13 13 -15 -16 16 17 18 -20 -21 21 -23 -24 24 -26 -27 -28 -29 -30 -31
leaf_value=-0.013937589713735694 0.0015840792424091797 -0.004181930611151804 -0.023512298315278572 0.032069423619156129 -0.010693317157535694 0.0017298625517790326 -0.0076836319028398201 0.0034465376835195096 0.015246360388536374 -0.016249469671569199 0.0051885977798006612 -0.037059524578746596 -0.0021527556916811461 0.021096513965967397 -0.0044140612363647606 -0.028825582862506551 0.05360639391604767 0.017123866376171932 -0.036640031656618839 0.027342381780230247 -0.0050898368279074947 -0.042578000759437754 0.090916559260085253 -0.010336192073060694 0.035227460555453574 0.0057039640842394225 0.036105893781235951 0.0090203951570672295 -0.054631680910084149 -0.052501633199370623
leaf_weight=5.1052006036043149 6315.0309999249876 314.84487335570157 22.333228603005409 27.004414595663548 127.12589357048273 102.06899699568748 363.75953859090805 1264.1083558816463 38.61630180478096 193.46340220421553 21.128984607756138 27.756012365221977 67.878031278029084 92.353853397071362 482.59030557330698 4.2697113361209613 12.864253308624031 8.4665848836302775 10.600437249988316 25.219163432717323 4.4148848457261884 4.6575399842113265 5.4733952907845378 206.41652263700962 6.740574285387992 28.35349877178669 22.600520044565201 24.065338909626007 7.97056635748595 7.3646223116666079
leaf_count=113 45985 1781 120 131 865 514 1888 6303 179 1060 155 133 469 556 4194 98 169 113 116 115 179 73 154 4229 64 125 99 102 147 168
internal_value=0.000537373 0.000784955 -0.00167467 0.00166022 -0.00115142 -0.00564476 0.000438307 0.00215022 -0.00546736 -0.00878699 0.00151563 -0.0177927 0.00139009 0.0112212 0.00115745 -0.00776664 -0.00621192 0.0140361 -0.0125409 0.00686111 -0.00893894 0.018515 0.0479296 -0.0107451 -0.00885606 -0.0070916 0.0213274 0.0213447 -0.0393493 -0.0445585
internal_weight=9844.65 9560.3 2507.65 7052.65 2429.21 635.596 1793.61 1391.23 402.376 508.308 7001.58 78.4427 6957.85 160.232 6797.62 284.344 271.269 31.9313 19.067 127.288 239.337 14.5458 9.88828 224.791 213.157 50.6867 43.7295 51.0698 13.0758 11.6343
internal_count=70397 64774 13083 51691 12705 3470 9235 7168 2067 2841 51458 378 51204 1025 50179 5623 5363 398 229 629 4965 406 333 4559 4293 245 254 233 260 266
is_linear=0
shrinkage=0.05


Tree=140
num_leaves=31
num_cat=0
split_feature=26 4 15 0 5 32 13 3 3 15 15 35 14 9 15 4 31 33 18 12 18 4 5 4 4 5 33 13 14 29
split_gain=8.80311 7.61901 5.89293 5.65186 5.62561 7.03409 6.17483 5.97288 5.64462 5.60565 4.84881 5.54399 6.24885 4.7603 5.80409 5.09731 4.51851 9.44933 4.2445 3.95421 6.83827 6.30932 7.38357 8.87788 6.71468 3.62196 4.03756 3.28794 2.74365 2.546
threshold=1.0000000180025095e-35 20.050000000000004 56.95000000000001 54.45000000000001 34.45000000000001 50.95000000000001 57.650000000000013 40.650000000000013 59.650000000000013 43.95000000000001 56.150000000000013 -0.16666666666666782 34.250000000000007 41.95000000000001 41.95000000000001 79.15000000000002 17.500000000000004 70.850000000000009 16.500000000000004 84.750000000000014 16.500000000000004 67.450000000000017 50.250000000000007 80.850000000000009 53.050000000000004 46.750000000000007 52.45000000000001 49.45000000000001 31.050000000000004 56.750000000000007
decision_type=2 2 2 2 2 10 2 2 2 2 2 2 2 2 2 2 10 8 2 2 2 2 2 2 2 2 8 2 2 2
left_child=1 9 3 25 5 6 28 -7 -9 -1 11 27 -13 14 -6 -16 18 -18 -15 21 -21 24 23 -23 -4 -2 -27 -5 -3 -11
right_child=2 4 19 10 13 7 -8 8 -10 29 -12 12 -14 16 15 -17 17 -19 -20 20 -22 22 -24 -25 -26 26 -28 -29 -30 -31
leaf_value=0.018238690729891725 -0.046941944009646783 -0.0091771757665354472 0.0044164612551285147 -0.0044728871738845119 0.019663610171908347 0.026446171802151433 0.026161016371455788 -0.01082601970969958 0.022946492709786947 -0.048685700063296013 -0.035483028868561806 -0.038328771933584131 -0.0062095004879002824 0.0008920559620448342 -0.0089621913023769408 -0.04163086859644903 0.016366314705729648 -0.027273887357672163 -0.0028892750191310277 0.026251228836098713 -0.013013621321012496 0.021193927510404602 0.017780153966670178 -0.024268972715128945 -0.037909941594324356 0.0013408965094741361 -0.03364531736662546 0.028084151970494183 -0.040056739927212676 -0.015033958622410137
leaf_weight=5.9522875985130694 16.06046999245882 10.209181183949111 15.004858758300541 13.795518342405559 11.391258455812929 15.460799230262635 4.9323856746777883 98.619433107785881 13.974465468898414 14.466116767376663 15.068715140223501 17.110699202865362 133.62720470689237 8198.8994601359591 39.360181069001555 17.462335517629981 96.185415575280786 14.072126928716896 815.42145726736635 30.754422873258591 17.040819725953043 15.225942028686402 42.530046969652176 35.271450923755765 23.935936043038964 14.958069924265144 17.563337452709675 16.898104837164283 29.393490127287805 10.208631932735441
leaf_count=81 178 229 107 113 111 148 136 897 118 285 104 124 907 56590 389 165 830 78 6457 188 119 120 215 246 148 131 90 118 697 133
internal_value=4.76721e-06 0.000323624 -0.00703381 -0.0120757 0.000405698 -0.00853337 -0.0256384 -0.00253019 -0.00657337 -0.0245307 -0.00825559 -0.00594839 -0.00991159 0.000574159 -0.0125718 -0.0191451 0.000673121 0.0107316 0.00054942 -0.000129162 0.0121495 -0.00461984 0.00240914 -0.0104474 -0.0215029 -0.0273757 -0.0174455 0.0133217 -0.0322654 -0.0350817
internal_weight=9820.85 9396.01 424.846 245.082 9365.38 172.59 44.5351 128.055 112.594 30.627 196.5 181.432 150.738 9192.79 68.2138 56.8225 9124.58 110.258 9014.32 179.763 47.7952 131.968 93.0274 50.4974 38.9408 48.5819 32.5214 30.6936 39.6027 24.6747
internal_count=70252 67344 2908 1765 66845 2225 1062 1163 1015 499 1366 1262 1031 64620 665 554 63955 908 63047 1143 307 836 581 366 255 399 221 231 926 418
is_linear=0
shrinkage=0.05


Tree=141
num_leaves=31
num_cat=0
split_feature=26 2 15 7 4 38 1 33 2 29 4 39 4 5 2 2 34 15 33 34 3 4 4 1 38 33 34 1 1 3
split_gain=7.99373 8.82191 9.06005 10.171 9.62382 7.68122 7.0878 9.39787 8.38021 6.82751 6.77959 6.20037 6.17034 5.74233 5.35841 5.28305 5.27177 5.23806 5.2195 5.16408 5.13077 5.06354 6.89197 4.93861 4.93257 4.85905 4.70647 4.12971 6.36244 4.07101
threshold=1.0000000180025095e-35 60.050000000000004 55.150000000000013 56.750000000000007 80.850000000000009 0.3082366516066361 59.850000000000001 68.850000000000009 64.350000000000009 57.750000000000007 20.050000000000004 -22.999999999999996 67.450000000000017 34.45000000000001 56.650000000000013 49.45000000000001 -0.41666666666666657 43.95000000000001 56.050000000000004 1.8333333333333337 42.95000000000001 95.050000000000011 53.95000000000001 58.150000000000013 0.21911588213879349 71.250000000000014 0.83333333333333337 57.050000000000004 58.550000000000004 51.550000000000004
decision_type=2 2 2 2 2 2 2 10 2 2 2 2 2 2 2 2 2 2 8 2 2 2 2 2 2 10 2 2 2 2
left_child=6 2 11 4 12 16 8 9 10 21 17 -2 -4 20 -11 -15 -3 -1 19 -18 -12 22 -8 -20 -6 -9 -10 -13 -29 -27
right_child=1 5 3 -5 24 -7 7 25 26 14 13 27 -14 15 -16 -17 18 -19 23 -21 -22 -23 -24 -25 -26 29 -28 28 -30 -31
leaf_value=0.017144946805406944 0.0098099785253254936 -0.020342705799511234 0.0055803371521686747 -0.024609186203423047 0.010838030064064858 0.027785388008525314 -0.016340565520244467 0.030512587558727419 0.034418098639303979 0.0018199789081851108 0.0088794288310104479 -0.034706840779185254 0.044833843966179801 -0.0019601671929754048 -0.030874453264755592 0.00086228563139676545 0.040500060529524838 -0.03428971641222428 -0.014963707838833268 0.0021996848941416964 -0.013464619035985155 -0.011799704285860246 0.011621267963674853 0.008747365982505759 -0.025040264941551274 0.01883687249752997 0.0044869986976227528 0.0100517650335833 -0.028136669275917431 0.00033482881582046773
leaf_weight=6.019988281652334 13.079773079603909 32.522190194576979 21.833416203036904 37.099763868376613 15.7805691473186 24.154555723071098 25.192005392163992 42.687694609165192 26.963349435478449 22.73876660130918 31.35348893981427 63.166080785915256 18.980372682213783 2228.3765880842693 27.06367639824748 6473.2006645882502 15.013805404305456 24.017050922848284 49.004878304898739 21.81551462598145 135.29673460777849 39.088506069034338 165.66363450139761 39.384521700441837 23.582306180149317 68.58255610615015 26.428006246685982 16.390540329739451 31.362297039479017 53.414730615913868
leaf_count=81 111 227 181 233 113 136 153 181 124 130 440 584 151 19887 140 42302 118 418 230 163 1751 187 873 177 175 314 118 119 190 245
internal_value=3.65674e-06 -0.00671735 -0.0129859 -0.00296917 0.00700011 0.00157262 0.000306951 0.00646936 3.7213e-07 0.000870433 -0.000117681 -0.0224092 0.0240223 -3.66618e-05 -0.0158729 0.000138898 -0.00242467 -0.0237926 0.00220168 0.018016 -0.00922803 0.00452385 0.00789763 -0.00434409 -0.0105389 0.0159435 0.0197322 -0.026259 -0.0149309 0.0107839
internal_weight=9819.26 423.171 241.275 117.276 80.1767 181.895 9396.09 444.432 8951.66 279.747 8898.26 123.999 40.8138 8868.23 49.8024 8701.58 157.741 30.037 125.219 36.8293 166.65 229.944 190.856 88.3894 39.3629 164.685 53.3914 110.919 47.7528 121.997
internal_count=70252 2908 1857 853 620 1051 67344 2223 65121 1483 64879 1004 332 64380 270 62189 915 499 688 281 2191 1213 1026 407 288 740 242 893 309 559
is_linear=0
shrinkage=0.05


Tree=142
num_leaves=31
num_cat=0
split_feature=26 2 38 1 30 9 9 39 13 5 35 1 31 38 3 2 40 38 27 4 4 40 38 13 20 30 1 4 4 4
split_gain=7.24874 8.04443 6.86825 6.49427 9.72288 9.90771 8.82041 8.57464 8.4633 8.27403 7.79076 6.95075 7.89489 6.81458 7.88386 6.71912 10.1015 9.55661 8.09035 7.81903 7.61431 6.70105 6.49545 6.25266 6.24837 5.98255 5.55334 5.0465 6.00725 7.11938
threshold=1.0000000180025095e-35 60.050000000000004 0.3082366516066361 53.95000000000001 505.00000000000006 48.650000000000013 58.550000000000004 -22.999999999999996 55.95000000000001 55.45000000000001 -0.39999999999999497 54.050000000000004 1.0000000180025095e-35 0.3082366516066361 61.050000000000004 49.45000000000001 0.11962073955649895 0.34819379272929257 7.5000000000000009 95.65000000000002 70.750000000000014 0.22426419719092117 0.21933593347534355 50.550000000000004 1.0000000180025095e-35 509.00000000000006 57.050000000000004 86.850000000000009 67.450000000000017 63.250000000000007
decision_type=2 2 2 2 2 2 2 2 2 2 2 2 8 2 2 2 2 2 2 2 2 2 2 2 2 2 2 2 2 2
left_child=3 27 -3 7 6 26 11 8 13 21 24 12 -5 14 -1 16 -9 19 -19 -17 -18 -8 -10 -13 -7 -12 -6 28 29 -2
right_child=1 2 -4 4 5 10 9 15 22 -11 25 23 -14 -15 -16 17 20 18 -20 -21 -22 -23 -24 -25 -26 -27 -28 -29 -30 -31
leaf_value=-0.011169988478883827 -0.0077284180612885991 -0.0023051022465683875 0.026143690537978149 0.0031883227987993218 -0.03313730415648633 0.042350931874666146 -0.015871674285531264 -0.023654259474906 0.032386115004734331 -0.036469125332391737 0.019554544275044383 0.0045386222286549292 0.04173380726901222 -0.033614197326291388 0.018006953182053802 0.0010112005013661559 -0.0049413633542969718 0.0089303541941980202 0.04398309717386243 -0.0093608682395753279 0.0020950682049962386 0.011496618516473163 -0.006090256185129715 -0.00049166790860699563 0.014117927091181008 0.0040852084432675996 0.0045044190233840611 -0.022335955351727492 0.0016515468678120751 -0.043406326442447407
leaf_weight=264.08922968339175 49.239814752712846 157.65521441400051 24.387844819575548 33.013786965981126 21.218842562288046 29.686214379966259 57.217366892844439 56.538391248323023 21.029921586625278 27.404684957116842 78.315949812531471 902.7538553904742 22.508569285273552 30.217172572389245 25.165412520058453 3507.3109555542469 971.39795658830553 95.308868208900094 19.999895924702287 191.48172710835934 635.01689903717488 36.401603765785694 22.392398023977876 1951.9520530132577 60.411209745332599 315.79507772997022 17.710639894008636 83.885528525337577 86.821625215001404 19.738650444895029
leaf_count=2430 423 915 136 208 139 161 382 1041 171 164 412 5205 148 246 192 26038 10606 644 130 945 5190 224 145 10421 331 1672 99 588 697 149
internal_value=3.16817e-06 -0.00640834 0.00149092 0.00029159 0.00197703 0.00827239 0.000888686 -0.000733389 -0.00817587 -0.0123275 0.0102304 0.00144041 0.0189514 -0.0109995 -0.00860894 -0.000239218 -0.00289206 0.000916159 0.0150863 0.000472662 -0.00215679 -0.00517587 0.012461 0.00109743 0.0235125 0.00717607 -0.0159167 -0.0124269 -0.00704866 -0.0180583
internal_weight=9816.07 421.729 182.043 9394.34 3554.39 523.138 3031.25 5839.95 362.894 121.024 484.208 2910.23 55.5224 319.472 289.255 5477.05 1662.95 3814.1 115.309 3698.79 1606.41 93.619 43.4223 2854.71 90.0974 394.111 38.9295 239.686 155.8 68.9785
internal_count=70252 2908 1051 67344 19566 2814 16752 47778 3184 770 2576 15982 356 2868 2622 44594 16837 27757 774 26983 15796 606 316 15626 492 2084 238 1857 1269 572
is_linear=0
shrinkage=0.05


Tree=143
num_leaves=31
num_cat=0
split_feature=26 37 5 0 38 34 38 15 32 33 36 21 36 38 2 15 7 37 33 3 38 2 5 27 40 3 36 38 40 6
split_gain=6.56959 8.02857 10.3167 9.6888 13.0122 12.6021 12.2254 10.5652 8.09625 7.3768 7.42282 9.70383 10.6164 8.79193 7.32825 8.40834 9.28643 9.05015 9.79329 6.8699 7.94873 7.61591 6.44493 6.15919 6.13907 6.00458 5.69713 6.0948 7.14364 5.47535
threshold=1.0000000180025095e-35 0.37965242212203143 35.650000000000013 49.650000000000013 0.23114087698090938 -0.83333333333333315 0.21915175082807156 55.550000000000004 56.150000000000013 81.450000000000017 56.219459247827849 1.0000000180025095e-35 45.01187405162198 0.13691904128979793 60.050000000000004 55.150000000000013 56.750000000000007 0.44144582293928969 51.45000000000001 47.050000000000004 0.21983577624446868 62.350000000000001 48.250000000000007 6.5000000000000009 0.17512234052300657 53.050000000000004 45.675667698198239 0.21910571801262391 0.24253091269005825 73.950000000000017
decision_type=2 2 2 2 2 2 2 2 10 10 2 2 2 2 2 2 2 2 8 2 2 2 2 2 2 2 2 2 2 2
left_child=1 9 8 4 22 6 -5 -7 -3 10 11 12 -1 -12 15 24 17 -17 -19 21 25 -16 -4 -6 -2 -21 -11 -28 -29 -22
right_child=14 2 3 5 23 7 -8 -9 -10 26 13 -13 -14 -15 19 16 -18 18 -20 20 29 -23 -24 -25 -26 -27 27 28 -30 -31
leaf_value=0.0032826150901728648 0.0056933368183708687 -0.032236677820930017 -0.01528063576691757 0.016824233486726875 0.012963142003083881 -0.00060477303678506888 0.0035472110930756468 0.006692715423553936 -3.6419110453061517e-05 -0.0029195971354917518 -0.027229043090313328 -0.031083462348267595 -0.0027263651565724622 0.0055531550465760622 0.0040661252074429303 -0.023006030604160649 -0.023080921163466033 0.040481197466218442 0 0.01572010941435021 0.034009587591970307 -0.029955329841356217 -0.0031838676454380671 -0.0054783797477218872 -0.02575521128001363 -0.017400806275044756 0.032281032408735762 0.028819506885380198 -0.0078453810720436733 0.0027314887731267074
leaf_weight=896.48681477829814 17.913447041064501 38.306260221637785 162.52292086463422 319.88110569119453 153.80673124268651 1437.535318704322 381.19093958847225 756.31928435899317 40.334464065730572 53.310080826282501 21.127017513848841 28.063412092626095 4065.947044391185 533.11138298083097 35.597094986587763 18.681834522634745 36.642530798912048 25.160476883873343 36.121016561985016 22.192530611529946 35.44905873760581 30.107040662318468 345.87340704537928 63.635631481185555 103.71072993800044 35.074738916009665 40.012809529900551 21.740509569644928 33.518041186034679 23.709206860512495
leaf_count=7762 185 760 2360 2310 1280 9279 2622 4161 324 234 141 250 29144 3116 220 156 233 269 195 135 198 168 2627 526 819 197 187 99 162 133
internal_value=2.44937e-06 0.000276672 0.00209052 0.00248102 -0.00268007 0.00377683 0.00961384 0.00190891 -0.0158058 -0.000901067 -0.00119657 -0.00180696 -0.00163976 0.00428982 -0.00611164 -0.0118844 -0.00223886 0.00726629 0.0165988 0.00141416 0.00873127 -0.0114691 -0.00706301 0.00754311 -0.0210814 -0.00447342 0.0100862 0.0174116 0.00651546 0.0215842
internal_weight=9813.08 9392.72 3699.41 3620.77 725.839 2894.93 701.072 2193.85 78.6407 5693.32 5544.74 4990.5 4962.43 554.238 420.36 238.23 116.606 79.9633 61.2815 182.13 116.426 65.7041 508.396 217.442 121.624 57.2673 148.581 95.2714 55.2586 59.1583
internal_count=70252 67344 26249 25165 6793 18372 4932 13440 1084 41095 40413 37156 36906 3257 2908 1857 853 620 464 1051 663 388 4987 1806 1004 332 682 448 261 331
is_linear=0
shrinkage=0.05


Tree=144
num_leaves=31
num_cat=0
split_feature=4 1 34 28 33 1 2 13 13 13 5 9 39 34 17 7 24 13 33 5 36 5 38 9 40 0 13 32 29 27
split_gain=6.17534 5.03199 13.4969 13.3766 10.5669 9.75085 12.1623 9.71723 10.7866 8.9782 8.84714 9.02584 8.12834 9.46517 10.5216 11.361 9.06143 8.91213 7.45008 7.09568 6.94539 6.37124 6.1213 6.96692 5.49649 5.19679 4.92963 4.75305 3.62471 3.49212
threshold=20.050000000000004 53.95000000000001 2.1666666666666674 2.5000000000000004 82.15000000000002 59.850000000000001 42.350000000000001 64.15000000000002 60.550000000000004 54.350000000000001 50.050000000000004 50.050000000000004 -22.999999999999996 -4.583333333333333 1750.0000000000002 45.750000000000007 1.0000000180025095e-35 55.95000000000001 67.850000000000009 34.45000000000001 51.382906949588893 37.750000000000007 0.3082366516066361 48.550000000000004 0.25904823591350817 54.650000000000013 54.150000000000013 62.250000000000007 56.750000000000007 4.5000000000000009
decision_type=2 2 2 2 8 2 2 2 2 2 2 2 2 2 2 2 2 2 10 2 2 2 2 2 2 2 2 10 2 2
left_child=28 12 3 10 5 6 -4 8 -5 -6 29 -12 17 14 16 -16 -14 22 -7 26 -9 -21 23 -2 25 -19 -15 -24 -1 -3
right_child=1 2 4 7 9 18 -8 20 -10 -11 11 -13 13 19 15 -17 -18 24 -20 21 -22 -23 27 -25 -26 -27 -28 -29 -30 -31
leaf_value=-0.038215043781176877 0.027469640766093935 -0.0090818548609344924 0.032910389964606837 0.0060496339033741528 -0.002239271256816141 -0.00053287716910770794 -0.0046270716255486467 0.0092802665033551515 -0.013286746162791392 0.041688986982428067 0.019537048538213562 -0.0093236069217486686 0.0078713743515363751 -0.021978793281579811 0.016780297654669828 -0.013740774773325817 0.034176155022624749 0.0058990609913354523 0.013398503673027277 0.0090972463637595206 0.049157605928639735 -0.0010873557400438957 -0.047935526568660021 -0.010058950598817073 -0.013360955738297368 0.046820999287004728 0.0015234097925952458 -0.0082247012483575525 -0.0023575859256096637 -0.030368919218559366
leaf_weight=16.593844795599583 12.748280519619582 36.297223091125488 21.783734492957592 1630.905376130715 20.780129224061966 254.12337107025087 1417.888322820887 22.795618675649166 75.215587826445699 25.711390770971775 41.528211798518896 77.399303540587425 346.91174637340009 67.086643005721271 42.140545684844255 108.82469757646322 36.251555802300572 17.896111578680578 153.46069553494453 158.50009232666343 21.643045157194138 4760.4639035305008 18.524518229067329 294.66064089536667 13.745594423264263 14.09792038798332 32.812517906539142 13.312350910156963 12.762199768796561 43.408271806314588
leaf_count=337 139 243 150 8874 114 1406 8249 128 387 129 200 376 3447 1004 478 1030 347 162 670 2122 112 36114 188 2638 76 95 498 74 162 303
internal_value=1.54226e-06 7.08934e-05 0.00148108 0.00440235 -0.00152315 -0.00211866 -0.00405337 0.0057993 0.00519352 0.0219846 -0.00788059 0.000720164 -0.000840917 -0.000352818 0.00597294 -0.00518253 0.0103814 -0.00786631 0.0047022 -0.00102713 0.0288808 -0.00075799 -0.010668 -0.00847795 0.0127822 0.0241765 -0.0142155 -0.031565 -0.0228571 -0.0207611
internal_weight=9810.27 9780.92 3842.94 1949.19 1893.75 1847.26 1439.67 1750.56 1706.12 46.4915 198.633 118.928 5937.98 5552.99 534.129 150.965 383.163 384.985 407.584 5018.86 44.4387 4918.96 339.246 307.409 45.7396 31.994 99.8992 31.8369 29.356 79.7055
internal_count=70252 69753 21341 10623 10718 10475 8399 9501 9261 243 1122 576 48412 45040 5302 1508 3794 3372 2076 39738 240 38236 3039 2777 333 257 1502 262 499 546
is_linear=0
shrinkage=0.05


Tree=145
num_leaves=31
num_cat=0
split_feature=30 27 23 33 36 5 36 34 29 32 16 39 37 9 5 33 1 36 2 2 5 36 17 33 34 34 15 2 32 30
split_gain=13.4127 8.47112 10.6026 11.4101 11.5418 11.2293 10.351 8.76733 8.49823 11.1379 8.4574 8.38674 8.37857 7.99939 7.6869 7.47693 7.23627 7.08019 6.84958 6.68565 6.41264 6.37959 6.02313 5.76291 5.60207 5.59763 5.21108 4.70161 4.69619 3.42839
threshold=543.00000000000011 5.5000000000000009 1.0000000180025095e-35 62.850000000000001 54.117643524767452 66.65000000000002 56.219459247827849 -4.583333333333333 51.250000000000007 59.550000000000004 53.150000000000013 -12.999999999999998 0.5046451326794964 75.65000000000002 35.650000000000013 62.250000000000007 58.850000000000001 46.415489335297359 59.350000000000001 49.45000000000001 55.45000000000001 47.410964212251606 1950.0000000000002 40.45000000000001 0.83333333333333337 -2.1666666666666665 54.150000000000013 53.150000000000013 59.150000000000013 465.00000000000006
decision_type=2 2 2 8 2 2 2 2 2 8 2 2 2 2 2 8 2 2 2 2 2 2 2 8 2 2 2 2 10 2
left_child=1 6 8 5 25 16 7 10 9 21 11 -1 13 -10 15 -9 -4 28 23 -16 -14 -3 -6 29 -25 -5 -20 -19 -2 -8
right_child=17 2 3 4 22 -7 18 14 12 -11 -12 -13 20 -15 19 -17 -18 27 26 -21 -22 -23 -24 24 -26 -27 -28 -29 -30 -31
leaf_value=-0.0080159443761255323 -0.013938174316534685 0.015983334106363656 -0.0017293701616005422 -0.00075943704058584443 -0.024769198645725743 0.036765590850239567 -0.038555966320284019 -0.0098107236754676214 -0.00090741555451847005 0.041842041173488033 0.046508946729230408 0.0097239230967750938 0.015659302077766203 0.032632363583682926 -0.0061874930217629687 -0.043569206953389818 0.027100753292731483 0.0061479690079258012 0.036815510077118321 -0.0016090899515691795 -0.0015744776027248044 -0.043522439988350564 0.011487393819669537 -0.0021836052187180189 0.008407593209603199 0.024110527339606235 0.0069536722177735589 -0.021499349333972361 -0.050223334430447547 -0.0029406630703464392
leaf_weight=98.346417487598956 15.524064481258391 10.785753889940681 360.1504477923736 25.562634781002998 23.220463216304779 21.874529290944338 12.625266669318082 92.428005436435342 3220.9519131733105 27.300400655716658 12.077527358196674 204.85957478731871 143.02874385938048 17.769952781498432 1040.4696973711252 20.075090676546097 23.064596064388752 29.297822508960962 27.040798094123602 3435.5441418876871 85.838142693042755 7.5201717158779493 22.222789913415909 215.04417442716658 295.48655844666064 173.52303755655885 32.870157390832901 31.713471161201596 22.778697483241558 15.156251285225151
leaf_count=1002 178 154 3186 119 104 116 234 1411 22760 160 126 2154 945 112 9365 101 133 217 137 22140 417 116 105 1225 1564 771 162 188 136 244
internal_value=-0.000588039 -0.000399559 0.00130155 0.00716946 0.0156991 0.00200567 -0.00168753 -0.00244567 0.000214934 0.0216344 0.00561296 0.00395268 -6.59532e-05 -0.000720847 -0.00300059 -0.0159123 0 -0.018861 0.00451821 -0.00267459 0.00917595 -0.00829395 -0.00694282 0.00272075 0.00393706 0.0208933 0.020554 -0.00815286 -0.0357218 -0.0193855
internal_weight=9764.15 9664.84 4162.81 649.618 244.529 405.09 5502.02 4903.8 3513.2 45.6063 315.284 303.206 3467.59 3238.72 4588.52 112.503 383.215 99.3141 598.223 4476.01 228.867 18.3059 45.4433 538.312 510.531 199.086 59.911 61.0113 38.3028 27.7815
internal_count=69782 69063 29198 4534 1099 3435 39865 36299 24664 430 3282 3156 24234 22872 33017 1512 3319 719 3566 31505 1362 270 209 3267 2789 890 299 405 314 478
is_linear=0
shrinkage=0.05


Tree=146
num_leaves=31
num_cat=0
split_feature=30 34 1 30 8 6 4 5 33 33 32 1 0 17 14 17 5 0 32 1 17 4 33 6 38 7 34 6 5 6
split_gain=12.2295 8.04253 10.0085 13.2986 12.8489 12.3239 12.7755 12.1744 9.53786 9.35711 10.0509 9.09771 8.62406 10.6314 7.84558 7.56329 7.53341 8.13889 12.348 6.70723 8.51889 8.34939 8.2294 8.82495 7.05886 7.01897 6.16767 5.65216 10.1923 5.91226
threshold=543.00000000000011 -1.5833333333333333 47.150000000000013 505.00000000000006 64.550000000000011 53.350000000000001 64.250000000000014 40.750000000000007 46.45000000000001 35.550000000000004 50.550000000000004 40.750000000000007 40.45000000000001 1650.0000000000002 65.050000000000011 1350.0000000000002 44.850000000000001 33.350000000000001 45.45000000000001 49.850000000000001 2250.0000000000005 79.15000000000002 36.750000000000007 70.65000000000002 0.15080763146642059 43.250000000000007 1.8333333333333337 81.050000000000011 45.95000000000001 79.050000000000011
decision_type=2 2 2 2 2 2 2 2 8 10 10 2 2 2 2 2 2 2 10 2 2 2 10 2 2 2 2 2 2 2
left_child=1 2 4 12 5 6 -1 11 -7 -5 -11 -6 15 -14 -9 -4 19 18 -18 22 24 -22 25 -24 -21 -3 -2 29 -29 -19
right_child=26 16 3 9 7 8 -8 14 -10 10 -12 -13 13 -15 -16 -17 17 27 -20 20 21 -23 23 -25 -26 -27 -28 28 -30 -31
leaf_value=-0.0094362294674152393 -0.025211307490003533 -0.051580618667280503 0.018558773828105939 -0.013781425397707416 -0.018316828069866061 -0.003665962701367733 0.017115513685055924 0.0052561612801177229 -0.018157807497457754 0.056888251206069121 0.016414682289960243 0.042761737967297486 -0.00089104727273987383 0.0088814876355545903 -0.03388554625465573 -0.031047977346845404 -0.02388056709722821 -0.00042955278351251727 0.054700277690354515 -0.020104511728775448 0.023373804217862906 -0.0043723310798478273 0.0041220273726968451 -0.024384487535590079 -0.0032664867638003865 -0.016743130603504085 0.0036830344234602117 0.023082510205611317 -0.0077592400506804231 0.0067958555136248284
leaf_weight=81.006595664657652 74.352485761977732 19.16555411182344 9.8572634235024434 22.598044284619391 7.1985136270523062 263.41412022616714 102.15947799757123 200.83280303608626 201.00568811222911 16.918421115726233 171.93012438714504 34.866727566346526 597.94415984116495 519.14812881033868 13.55346357822418 32.366755234077573 7.198368705809119 5073.8005519770086 15.4347349088639 65.872128324583173 57.942393105477095 50.35666648298502 87.78100417368114 39.072581104934216 1151.2875337218866 62.217596989125013 24.148343121632934 28.411064624786377 427.77286727074534 299.74448664393276
leaf_count=764 572 579 170 266 161 4161 807 1803 1328 148 967 438 4212 3595 119 469 201 29690 179 661 433 312 860 410 10116 1472 147 255 2865 1622
internal_value=-0.000559489 -0.000380146 0.00221855 0.00491277 -0.00186117 -0.00561659 0.00534678 0.00760094 -0.00995151 0.0164463 0.0200952 0.0321723 0.00280363 0.00364647 0.00274367 -0.0193326 -0.0011812 -0.000362788 0.0294929 -0.00430067 -0.00298461 0.0104342 -0.0126482 -0.00463126 -0.00418344 -0.0250619 -0.0180803 -0.00048006 -0.00582282 -2.54591e-05
internal_weight=9759.36 9660.86 2274.8 1370.76 904.037 647.586 183.166 256.452 464.42 211.447 188.849 42.0652 1159.32 1117.09 214.386 42.224 7386.06 5852.36 22.6331 1533.7 1325.46 108.299 208.237 126.854 1217.16 81.3832 98.5008 5829.73 456.184 5373.55
internal_count=69782 69063 19408 9827 9581 7060 1571 2521 5489 1381 1115 599 8446 7807 1922 639 49655 34812 380 14843 11522 745 3321 1270 10777 2051 719 34432 3120 31312
is_linear=0
shrinkage=0.05


Tree=147
num_leaves=28
num_cat=0
split_feature=30 34 9 30 7 2 5 15 38 5 9 3 4 29 9 38 2 13 8 4 34 2 8 3 31 0 39
split_gain=11.1457 7.24931 9.27242 9.2043 14.5316 9.49967 8.20426 7.70498 7.68967 6.83467 8.74381 8.63195 8.80062 7.49101 7.52073 7.17666 7.5381 6.93999 6.75746 6.72317 5.68001 5.1447 3.25851 4.04742 3.80442 3.15513 2.45536
threshold=543.00000000000011 -1.5833333333333333 75.450000000000017 513.00000000000011 45.750000000000007 60.150000000000013 55.45000000000001 66.250000000000014 0.21914928346267831 41.850000000000001 41.95000000000001 55.050000000000004 95.950000000000017 51.750000000000007 55.050000000000004 0.29259271494627775 46.95000000000001 56.050000000000004 73.450000000000017 61.650000000000013 1.8333333333333337 51.150000000000013 71.950000000000017 55.550000000000004 8.5000000000000018 53.250000000000007 -6.9999999999999991
decision_type=2 2 2 2 2 2 2 2 2 2 2 2 2 2 2 2 2 2 2 2 2 2 2 2 8 2 2
left_child=1 2 3 6 19 -6 8 -8 -1 11 26 15 17 18 -15 16 -3 -13 -12 -5 22 -17 23 24 25 -2 -11
right_child=20 9 -4 4 5 -7 7 -9 -10 10 13 12 -14 14 -16 21 -18 -19 -20 -21 -22 -23 -24 -25 -26 -27 -28
leaf_value=0.0066859355232217772 -0.030429479256995014 -0.021212762869148881 0.038797668366191917 -0.038204590959785345 0.015166057913893397 0.057391816352281216 -0.005744610842149789 0.012238951015406681 -0.00068198786444563638 -0.011318800256953067 0.008243612381868555 -0.0049769468636176933 0.036506851910370508 -0.00022479637532842479 -0.0086396768531616167 -0.0058269243109840838 -0.0042362888760642745 0.01601393025331195 0.050224254325496875 0.0013738932885351387 0.0034953387344081044 -0.035267662485179173 -0.046528686971301636 0.0034152543269009312 -0.048763540415198557 0.0010770961585147237 -0.036822663380501185
leaf_weight=696.37515030894428 17.845221848227091 76.076511916704476 17.000555086880922 16.423301893286407 143.3687234595418 14.738451883196829 574.40995062701404 66.206251129508018 718.15785378683358 20.040184237062931 42.520731356926262 165.42372920643538 17.785368770360947 6159.6373206479475 277.4768188521266 24.296618031337857 474.10214629210532 51.567624064162374 12.466816812753676 29.936393484473228 24.177429152652621 40.123069201596081 13.628608360886572 14.726284330710767 13.528409400023515 13.716186968609689 19.345487600192428
leaf_count=7028 178 1251 115 193 1055 94 3458 370 6854 189 351 1746 93 37911 1852 285 4892 496 94 241 147 324 100 98 112 84 171
internal_value=-0.000532895 -0.000362354 0.0021034 0.00182341 0.0119397 0.0191677 0.000813978 -0.00387663 0.00294193 -0.00112361 -0.000574034 -0.00534326 0.00279524 -0.000430571 -0.000588432 -0.00846025 -0.00659624 0 0.0179262 -0.0125915 -0.0173352 -0.0242675 -0.0242559 -0.0190285 -0.0264606 -0.016619 -0.024034
internal_weight=9755.1 9657.48 2276.62 2259.62 204.467 158.107 2055.15 640.616 1414.53 7380.86 6531.49 849.375 234.777 6492.1 6437.11 614.598 550.179 216.991 54.9875 46.3597 97.6221 64.4197 73.4447 59.8161 45.0898 31.5614 39.3857
internal_count=69782 69063 19408 19293 1583 1149 17710 3828 13882 49655 40568 9087 2335 40208 39763 6752 6143 2242 445 434 719 609 572 472 374 262 360
is_linear=0
shrinkage=0.05


Tree=148
num_leaves=31
num_cat=0
split_feature=30 18 27 23 33 29 32 3 37 2 33 5 31 9 35 32 37 5 5 33 7 33 2 14 3 1 32 33 9 32
split_gain=10.1746 9.15932 10.41 11.3088 10.8026 9.37328 10.8934 8.79741 9.90453 11.9325 8.75562 8.66979 8.30244 7.93044 7.55433 7.48272 9.31978 7.35328 7.34148 6.74149 9.52044 6.32425 5.94378 5.41355 8.48275 4.21079 3.94364 3.33897 4.2687 2.49923
threshold=543.00000000000011 16.500000000000004 5.5000000000000009 1.0000000180025095e-35 62.850000000000001 51.250000000000007 59.550000000000004 50.750000000000007 0.27273001292328075 44.050000000000004 74.950000000000017 66.65000000000002 -7.4999999999999991 48.850000000000001 -1.7333333333333305 76.850000000000009 0.404821284577151 47.250000000000007 59.350000000000001 48.45000000000001 66.350000000000009 52.650000000000013 56.650000000000013 49.550000000000004 49.750000000000007 56.550000000000004 71.850000000000009 48.45000000000001 50.250000000000007 54.350000000000001
decision_type=2 2 2 2 8 2 10 2 2 2 10 2 8 2 2 10 2 2 2 10 2 10 2 2 2 2 8 10 2 8
left_child=1 2 7 5 11 6 -4 8 13 -10 12 -5 25 -1 -7 17 -17 -14 -6 20 -9 -21 -12 24 -2 26 -3 29 -29 -25
right_child=23 10 3 4 18 14 -8 19 9 -11 22 -13 15 -15 -16 16 -18 -19 -20 21 -22 -23 -24 27 -26 -27 -28 28 -30 -31
leaf_value=0.0096781165478743644 -0.025862082792594766 -0.032198117827553177 -0.0071570653374457577 0.0014519476183556266 0.024067929228263278 0.0092077726438725815 0.045514107763319142 0.004007240397915268 0.018598978829333059 -0.002360983112635013 0.032331327450937274 0.03471753085593459 -0.01057705351044206 -0.010045607343581038 -6.439127149143483e-05 -0.045194593194807828 -0.00096060521401706482 -0.00011168674622679875 0.0049131046056466697 -0.00838783751722047 0.053300059194443375 0.00013044433020207601 -0.0013130062158479016 -0.024895282537053864 0.02299091666315041 0.0021870664613433967 0.00035864061884222087 -0.013853101556996284 -0.044827642887053203 0.016745418539110078
leaf_weight=54.899148367345333 17.373438781127334 55.386465121991932 15.949799543246625 355.35350476112217 141.72000626474619 237.70282512065023 24.734873356297612 718.69998893514276 71.103939207270741 1450.4961296152323 25.179347857832909 20.663233030587435 245.84822260402143 658.98473181761801 2868.2604229496792 24.611753210425377 23.446757458150387 531.68167854845524 78.505334012210369 248.7993934340775 9.8516513891518098 1740.8870162814856 26.726224452257156 7.0906230779364678 17.963434220291674 15.026198383420704 10.808597706258295 19.842255707830191 27.411482460796833 7.0346605535596618
leaf_count=452 132 589 234 3036 628 1736 138 8493 692 10748 108 108 2943 5005 19634 110 105 3621 342 1679 69 8311 115 132 120 96 71 114 148 73
internal_value=-0.000507117 -0.000344863 0.000165917 0.00215653 0.00847074 0.000958261 0.0247757 -0.00133713 -0.00366085 -0.00137709 -0.00498295 0.00330203 -0.00613051 -0.00852067 0.000643882 -0.0046207 -0.0237644 -0.00342811 0.0172677 0.000572115 0.00468788 -0.000932575 0.0149425 -0.0166365 -0.000891857 -0.0213913 -0.0268142 -0.0256035 -0.0319835 -0.003834
internal_weight=9752.04 9655.33 8696.61 3742.89 596.242 3146.65 40.6847 4953.72 2235.48 1521.6 958.715 376.017 906.81 713.884 3105.96 825.588 48.0585 777.53 220.225 2718.24 728.552 1989.69 51.9056 96.7159 35.3369 81.2213 66.1951 61.379 47.2537 14.1253
internal_count=69782 69063 61305 25856 4114 21742 372 35449 16897 11440 7758 3144 7535 5457 21370 6779 215 6564 970 18552 8562 9990 223 719 252 756 660 467 262 205
is_linear=0
shrinkage=0.05


Tree=149
num_leaves=30
num_cat=0
split_feature=30 18 27 23 33 36 29 32 33 3 37 31 38 36 5 36 35 37 36 1 33 38 5 2 37 2 5 32 1
split_gain=9.26426 8.30244 9.39429 10.1896 9.72511 8.59162 8.38526 9.61942 8.14797 8.04505 9.0522 7.9393 9.08539 9.27347 7.74821 7.58438 6.78804 6.68808 6.32808 6.10656 9.91433 5.66259 5.61229 4.52632 4.47887 7.1118 5.01708 4.31058 2.75592
threshold=543.00000000000011 16.500000000000004 5.5000000000000009 1.0000000180025095e-35 62.850000000000001 56.829480370951266 51.250000000000007 59.550000000000004 76.15000000000002 50.750000000000007 0.27273001292328075 -7.4999999999999991 0.20426642766426106 47.177835953852771 66.65000000000002 54.117643524767452 -1.7333333333333305 0.33206421444132883 46.415489335297359 54.95000000000001 49.45000000000001 0.25187711327820145 61.550000000000004 53.150000000000013 0.23665997702096894 49.250000000000007 50.250000000000007 59.150000000000013 52.650000000000013
decision_type=2 2 2 2 8 2 2 10 10 2 2 8 2 2 2 2 2 2 2 2 10 2 2 2 2 2 2 10 2
left_child=1 2 5 6 14 9 7 -4 11 10 -1 24 13 -13 -5 -6 -8 -14 27 22 -21 -11 -7 28 26 -26 -3 -2 -20
right_child=18 8 3 4 15 19 16 -9 -10 21 -12 12 17 -15 -16 -17 -18 -19 23 20 -22 -23 -24 -25 25 -27 -28 -29 -30
leaf_value=-0.0091226232057354147 -0.010950191416839939 -0.015435290499872387 -0.006838963649856861 0.0013781728160591152 0.02066887637182524 -0.0036680427589105471 0.0087119563425054752 0.042575305922509146 0.020507764154938907 0.0013719990017809201 -0.0019703430206023738 0.0052241188695124792 0.0044366813894505435 -0.020152575982327076 0.032698774327613665 -0.0035316963200222023 -6.1173277480812435e-05 -0.0057698872081437709 0.023956618615516047 0.028188471341163718 0.0042653516217757348 -0.0041877703843077622 0.015305028940587799 -0.019089176908228034 0.022104025389119975 -0.021590588877210187 -0.063915726684637533 -0.046613588568274078 -0.006705991732988895
leaf_weight=650.22475680988282 14.715934094041584 11.180316595360638 15.863989411853252 355.65451399143785 181.68607524782419 199.44632832705975 238.65011889953166 25.116761924698949 30.71564095467329 1849.9432994294912 1391.9954740609974 47.727215263992548 283.1629055486992 142.52179734315723 20.843357034027576 38.944363929331303 2868.191295100376 369.5766811138019 14.261549459770324 63.076915726065636 139.94480185955763 608.54169572796673 48.336656253784895 30.951632309705019 11.332813275977967 48.412405889481306 10.909308314323424 21.623471975326538 14.525158055126665
leaf_count=5071 178 143 234 3036 793 1375 1736 138 135 13152 10646 533 2245 1172 108 177 19634 2910 138 388 656 3931 230 188 129 415 76 136 79
internal_value=-0.000482432 -0.000328033 0.000157522 0.00204763 0.00803635 -0.00127102 0.000909791 0.0233548 -0.00475191 -0.00193103 -0.00425035 -0.00559838 -0.00414617 -0.0137607 0.00313362 0.0163748 0.000611379 -0.00133455 -0.0159249 0.00530618 0.0117329 -2.27534e-06 1.76695e-05 -0.00579515 -0.0204734 -0.0131957 -0.0397836 -0.0323783 0.00834218
internal_weight=9748.08 9652 8696.46 3744.95 597.128 4951.51 3147.82 40.9808 955.539 4500.71 2042.22 924.823 842.989 190.249 376.498 220.63 3106.84 652.74 96.0777 450.805 203.022 2458.48 247.783 59.7383 81.8348 59.7452 22.0896 36.3394 28.7867
internal_count=69782 69063 61305 25856 4114 35449 21742 372 7758 32800 15717 7623 6860 1705 3144 970 21370 5155 719 2649 1044 17083 1605 405 763 544 219 314 217
is_linear=0
shrinkage=0.05


Tree=150
num_leaves=27
num_cat=0
split_feature=37 36 13 40 30 3 3 3 39 1 3 13 13 17 32 36 32 1 31 37 0 32 7 39 0 30
split_gain=7.31421 15.9588 8.80535 8.49789 8.00737 8.18503 6.90193 6.47935 7.92196 5.94682 5.72106 6.08324 9.94836 8.29756 6.37021 5.83379 8.28799 6.74913 4.78775 5.44695 5.05743 4.66256 4.51022 4.48665 3.67088 3.39808
threshold=0.55094294369382912 56.517808569735465 55.550000000000004 0.37892212266063868 493.00000000000006 47.45000000000001 52.250000000000007 36.050000000000004 -6.9999999999999991 56.45000000000001 65.950000000000017 42.95000000000001 43.150000000000013 1550.0000000000002 83.050000000000011 47.746103993030275 73.850000000000009 40.95000000000001 -4.4999999999999991 0.36069959209379804 53.95000000000001 70.550000000000011 52.850000000000001 -6.9999999999999991 56.850000000000001 477.00000000000006
decision_type=2 2 2 2 2 2 2 2 2 2 2 2 2 2 8 2 8 2 10 2 2 8 2 2 2 2
left_child=7 2 3 4 21 -6 -4 8 18 22 11 15 13 -13 -14 17 -17 -9 -1 20 -20 -2 25 -3 -21 -10
right_child=1 23 6 -5 5 -7 -8 10 9 -11 -12 12 14 -15 -16 16 -18 -19 19 24 -22 -23 -24 -25 -26 -27
leaf_value=-0.023818979788741607 0.016504211512918716 -0.030422919992650527 0.010301064708357111 -0.0071576938142637664 0.055835582364555797 0.019089798315356857 -0.029391427432746833 -0.026553997962699017 -0.022047959878949738 0.0034171813627727381 0.02189621432716677 0.059506021858302949 -0.00040515497556350353 0.0014166816785723599 0.010012515915827922 -0.017795437833051653 0.025900871250388754 0.0061323545002175475 0.032477601093388146 -0.025862900007723656 -0.0025020119966434177 -0.0031874770913198204 -0.0075783069082669728 -0.0032215075502671237 0.0099201258570592865 -0.04727803532262087
leaf_weight=14.904314404353498 134.13124922662973 30.272517934441566 21.293331794440746 39.193585135042667 24.268418494611979 42.297151995822787 22.103983540087938 18.841655538417399 33.793932509608567 23.739560168236494 28.854386791586876 12.692634365521373 8714.6071449527517 12.192554999142883 149.13280652090907 137.70675640646368 11.603456400334833 94.671322324313223 25.758016441017389 15.612153459340336 16.77023022249341 38.180331416428089 27.033947624266148 31.230668259784579 12.851262429729102 23.82070698775351
leaf_count=137 903 158 126 182 151 262 129 300 345 130 155 117 62389 111 790 1304 59 1032 217 136 118 176 186 165 86 199
internal_value=-0.000206005 0.00656511 0.0110392 0.0143153 0.0178609 0.0326252 -0.00982205 -0.000483219 -0.00951752 -0.0185032 -0.000291379 -0.000362121 -0.000139835 0.0313647 -0.000229202 -0.00785784 -0.0143511 0.000644246 0.00177131 0.00724013 0.0185932 0.0121127 -0.0247066 -0.0167191 -0.00955361 -0.0326298
internal_weight=9757.56 382.971 321.468 278.071 238.877 66.5656 43.3973 9374.59 194.284 108.388 9180.3 9151.45 8888.63 24.8852 8863.74 262.823 149.31 113.513 85.896 70.9917 42.5282 172.312 84.6486 61.5032 28.4634 57.6146
internal_count=70063 2252 1929 1674 1492 413 255 67811 1554 860 66257 66102 63407 228 63179 2695 1363 1332 694 557 335 1079 730 323 222 544
is_linear=0
shrinkage=0.05


Tree=151
num_leaves=31
num_cat=0
split_feature=34 36 33 38 6 38 1 37 37 3 37 2 40 39 1 32 38 3 38 4 4 36 38 8 13 12 39 34 9 33
split_gain=7.06175 9.97515 9.64419 8.96499 15.9959 14.2022 10.4675 10.2641 8.52205 8.37734 11.8945 9.01189 8.18548 11.5948 8.05139 12.7355 7.67238 8.46711 8.10567 16.1528 13.3562 11.3054 11.0692 9.22518 8.5108 8.09635 13.012 12.8739 8.03141 8.00659
threshold=-1.5833333333333333 44.278388762081853 16.950000000000003 0.21920007417489026 79.350000000000009 0.31629615206035883 47.750000000000007 0.31935017586768305 0.1274743230625584 54.150000000000013 0.30425574720876908 50.650000000000013 0.16233280256494689 -26.999999999999996 49.550000000000004 59.250000000000007 0.14424961085766716 41.750000000000007 0.1708226365475442 73.750000000000014 78.550000000000011 52.81736357305634 0.16821592835259339 32.750000000000007 47.750000000000007 94.850000000000009 -2.9999999999999996 1.5833333333333337 41.95000000000001 63.050000000000004
decision_type=2 2 10 2 2 2 2 2 2 2 2 2 2 2 2 10 2 2 2 2 2 2 2 2 2 2 2 2 2 10
left_child=1 2 -1 7 5 6 -5 14 -4 11 -11 -6 -10 -14 15 -3 17 29 19 21 -21 23 -22 -18 -23 -19 27 -27 -20 -2
right_child=16 3 8 4 9 -7 -8 -9 12 10 -12 -13 13 -15 -16 -17 18 25 28 20 22 24 -24 -25 -26 26 -28 -29 -30 -31
leaf_value=-0.035617108526377041 -0.0037919302944717835 0.0048419568827800302 -0.011461123725028201 -0.016868341915359065 -0.01637043987358942 0.010516659696214209 -0.0037060863227188 0.0089882394481770357 -0.0043607289628336118 0.070262349657539247 0.010318322624580352 0.018640035409681156 -0.031301882046744091 0.014565890089036261 0.0068684610934735511 -0.018171030690094417 0.030739744294628488 -0.018926670720873118 -0.023214141320377378 0.04778014363615727 0.0049367635999675967 0.01301257975645323 0.036529179728257838 -0.0010264726172602582 -0.031115569245875815 0.010281837417279952 0.039903300538213046 -0.035493680937138936 -0.00093368805852893182 0.042274885430161092
leaf_weight=12.374513062648473 27.601693868171424 109.88097138796002 47.563534369692206 248.04043366014957 29.842820739373565 111.04945085477084 389.59478748030961 460.31003768648952 77.884715788066387 13.957197425886987 20.802500264719129 47.239287715405226 14.064584773033856 440.97743621934205 155.958755700849 131.85302850045264 26.326906836591661 163.72683294769377 40.616126807406545 28.630411291494966 146.36285758670419 13.866280572488902 34.286041813902557 167.28937935549766 48.338433097116649 34.497237952426076 16.514578394591808 27.385137517936528 6654.9445984545164 14.089598998427389
leaf_count=206 297 1619 412 2493 286 839 2676 3837 966 101 150 331 145 3767 1032 881 231 1278 392 180 933 103 205 1362 360 242 112 175 44389 63
internal_value=-0.000196239 0.00221726 0.00780932 0.000284832 -0.00331786 -0.00595771 -0.00883589 0.00390391 0.00874965 0.0142985 0.0346638 0.00501708 0.0105646 0.0131306 -0.00196916 -0.00769205 -0.000946283 -0.00900877 -0.000625904 0.00575445 0.0160565 -0.00265674 0.0109774 0.00328076 -0.0211935 -0.0126022 0.000549715 -0.00991936 -0.00106994 0.0117206
internal_weight=9755.87 2311.39 592.865 1718.53 860.526 748.685 637.635 858.003 580.49 111.842 34.7597 77.0821 532.927 455.042 397.693 241.734 7444.48 283.815 7160.66 465.1 209.279 255.821 180.649 193.616 62.2047 242.124 78.397 61.8824 6695.56 41.6913
internal_count=70063 19741 5496 14245 6876 6008 5169 7369 5290 868 251 617 4878 3912 3532 2500 50322 2167 48155 3374 1318 2056 1138 1593 463 1807 529 417 44781 360
is_linear=0
shrinkage=0.05


Tree=152
num_leaves=31
num_cat=0
split_feature=35 16 31 9 8 8 8 36 8 2 36 36 8 2 4 26 38 6 4 33 9 36 33 13 0 13 14 13 5 35
split_gain=6.895 9.44925 10.046 8.16729 8.56167 9.21798 9.71217 7.10724 8.82532 6.94342 8.16868 12.5332 11.2044 8.96346 8.49921 7.25778 7.59976 7.22187 6.8922 12.9131 9.82827 9.81925 8.52991 7.78498 6.77642 6.40607 6.07132 5.7168 5.5667 8.36057
threshold=-1.2666666666666619 49.95000000000001 1.5000000000000002 51.350000000000001 15.550000000000002 17.350000000000005 42.350000000000001 46.522056351927155 53.850000000000001 59.150000000000013 292.27100660589809 130.04109863157541 69.250000000000014 54.350000000000001 61.45000000000001 1.0000000180025095e-35 0.16821592835259339 47.550000000000004 59.550000000000004 52.650000000000013 49.45000000000001 48.532914161519074 60.850000000000001 48.350000000000001 45.250000000000007 55.050000000000004 70.200000000000017 48.45000000000001 49.250000000000007 -0.83333333333333204
decision_type=2 2 10 2 2 2 2 2 2 2 2 2 2 2 2 2 2 2 2 8 2 2 10 2 2 2 2 2 2 2
left_child=1 2 -1 4 -3 -6 -7 8 -5 10 11 15 14 24 -13 17 -17 -2 19 21 -21 -11 -22 -23 -12 27 28 -9 -20 -30
right_child=9 3 -4 7 5 6 -8 25 -10 18 13 12 -14 -15 -16 16 -18 -19 26 20 22 23 -24 -25 -26 -27 -28 -29 29 -31
leaf_value=0.0057160984929733004 0.005534092593593983 0.04523406418607797 0.059322563270075596 -0.013074668774740167 -0.025134027787279425 0.012498483100720673 0.00089426984833156228 -0.027608165018929171 0.04135022711484964 -0.010108277909103517 -0.0018651814140847871 -0.019407636484487577 0.053734474611724016 0.0082542121229989274 0.021941247396358634 0.024324677659064327 -0.013939566143740856 -0.001263854537599883 -0.0021910042378112029 0.0070295334271082005 -0.047609260914260008 0.0557932532587537 -0.012831330923856736 0.0051177745124539181 -0.032419183388624657 -0.046320411645525 0.021312970349938183 1.0338686261844852e-05 -0.022045031185526517 0.0086107934749260501
leaf_weight=20.629921549931169 413.39482168015093 12.673670589923857 15.399485502392052 15.863689331337811 26.243207100778818 275.65111380722374 524.07253659702837 29.535066825337708 13.738363068550823 23.659328673034906 26.977564809843898 18.299629328772426 18.036489149555564 31.760752653703094 37.766770095564425 13.881017245352266 168.34684540890157 7022.398700970225 234.26494813710451 32.918528512120247 27.86850817501545 16.559456154704097 49.580072835087776 14.376216880977152 57.76258088182658 14.619128201156853 55.493298832327127 49.968289552256465 23.167961847037077 469.74607760831714
leaf_count=138 3046 131 113 136 277 2137 3862 215 99 201 200 155 107 157 230 130 1303 51875 1377 160 153 144 218 130 323 97 290 321 114 2224
internal_value=-0.00018725 0.00374857 0.0288674 0.00280007 0.00457342 0.00393807 0.00490136 -0.00917386 0.0120699 -0.000636624 -0.00112761 -0.000927792 0.0195182 -0.0142656 0.00834575 -0.00112759 -0.0109857 -0.000885179 0.00340355 -0.00586756 -0.0157234 0.0139575 -0.0254553 0.0324972 -0.0227647 -0.0159139 0.00536448 -0.0102088 0.00413777 0.00715559
internal_weight=9754.65 998.394 36.0294 962.365 838.641 825.967 799.724 123.725 29.6021 8756.26 7808.63 7692.12 74.1029 116.501 56.0664 7618.02 182.228 7435.79 947.634 164.962 110.367 54.595 77.4486 30.9357 84.7401 94.1225 782.672 79.5034 727.179 492.914
internal_count=70063 7526 251 7275 6407 6276 5999 868 235 62537 57526 56846 492 680 385 56354 1433 54921 5011 1006 531 475 371 274 523 633 4005 536 3715 2338
is_linear=0
shrinkage=0.05


Tree=153
num_leaves=31
num_cat=0
split_feature=35 40 40 23 2 36 33 0 30 4 4 34 36 15 23 30 12 1 36 30 38 38 4 4 36 12 9 39 30 6
split_gain=6.21008 6.91294 8.38993 8.26639 8.50987 8.94826 8.21133 8.1671 7.93707 8.51484 11.9977 6.45583 9.62949 13.2548 11.7903 9.94423 8.61654 8.02268 10.6998 10.3968 7.34454 8.62194 18.4639 9.67927 9.06079 7.52189 9.92867 7.42586 7.09566 11.2335
threshold=-1.2666666666666619 0.14900200064725336 0.24782428683105837 1.0000000180025095e-35 56.850000000000001 46.624275022508868 53.050000000000004 48.050000000000004 439.00000000000006 66.850000000000009 75.050000000000011 -1.5833333333333333 40.680301391353282 53.45000000000001 1.0000000180025095e-35 451.00000000000006 72.550000000000011 52.350000000000001 50.035947473705399 481.00000000000006 0.14424961085766716 0.1708226365475442 74.050000000000011 78.550000000000011 52.81736357305634 91.050000000000011 50.150000000000013 -6.9999999999999991 433.00000000000006 74.750000000000014
decision_type=2 2 2 2 2 2 10 2 2 2 2 2 2 2 2 2 2 2 2 2 2 2 2 2 2 2 2 2 2 2
left_child=1 8 3 4 7 -6 -5 -3 -1 -10 -11 12 13 14 15 -2 -15 28 19 -19 25 22 24 -24 -22 -13 27 -27 29 -14
right_child=11 2 -4 6 5 -7 -8 -9 9 10 -12 20 17 16 -16 -17 -18 18 -20 -21 21 -23 23 -25 -26 26 -28 -29 -30 -31
leaf_value=-0.053302382927066141 -0.048391250109534455 0.018533255509880966 -0.0014107566348416374 0.010072713858467183 0.049445181389099986 0.015200514440482916 -0.019711099260811618 0.0027298842327242289 -0.023833694871153922 0.05332995054534434 -0.00594375244954682 -0.016092779344923605 -0.020132072106337301 0.066138040375428267 0.047740891358365962 0.0046459165287958569 0.015136689244993746 0.0048464823071973371 -0.0034420177335928027 0.030951071000814123 0.0020581200633832375 -0.0014873106484103497 0.047091262308293663 0.013227381759153813 -0.021180439844346397 -0.0003568563523574953 -0.014993162876226686 0.04032433612573124 0.00076295103357384194 0.015159227418412899
leaf_weight=9.3542034244164807 11.005396650172768 119.12678440567106 338.4996648747474 44.821672384627163 25.81701017729938 75.943778080865741 47.393482409417629 263.38771868590266 32.670854888856411 11.552867188118396 31.474868924356997 162.90140458056703 94.24549416732043 17.966080386191607 12.360386362299321 42.690996465273201 15.99738636985421 78.611453831195831 98.25976522359997 75.055570444092155 177.03027745708823 6122.0879503535107 24.46021075360477 159.44031965732574 54.755696599371731 23.654177113436162 43.108129009604454 20.828020132146776 1488.7461005905643 29.386955060996115
leaf_count=127 144 1132 2030 505 169 468 241 2024 425 115 290 1330 1141 164 133 430 141 513 637 426 1454 40845 148 991 415 178 280 139 12636 392
internal_value=-0.000178454 0.00355326 0.00482464 0.00849418 0.0111098 0.0239776 -0.00518512 0.00766817 -0.010055 -0.00458158 0.00994195 -0.000605435 0.00191781 0.0170274 0.00387367 -0.00620117 0.0423773 0.00110363 0.00940004 0.0176411 -0.00133634 -0.00101348 0.00595152 0.0177819 -0.00341682 -0.00973911 0.00202537 0.018627 -0.000190052 -0.0116976
internal_weight=9752.63 1000.04 914.99 576.49 484.275 101.761 92.2152 382.515 85.0528 75.6986 43.0277 8752.59 1964.33 100.02 66.0568 53.6964 33.9635 1864.31 251.927 153.667 6788.27 6537.77 415.687 183.901 231.786 250.492 87.5903 44.4822 1612.38 123.632
internal_count=70063 7526 6569 4539 3793 637 746 3156 957 830 405 62537 16757 1012 707 574 305 15745 1576 939 45780 43853 3008 1139 1869 1927 597 317 14169 1533
is_linear=0
shrinkage=0.05


Tree=154
num_leaves=31
num_cat=0
split_feature=37 36 27 31 13 17 36 3 36 39 34 32 5 2 7 36 4 40 32 32 36 3 13 3 34 13 32 39 32 40
split_gain=6.62475 14.1009 9.13586 10.6528 7.0442 6.68953 9.2435 5.90949 7.79207 5.87625 5.58145 5.44903 6.41886 5.0703 6.99668 11.2297 9.52769 9.07032 6.64603 7.66957 6.79393 6.12421 6.72186 8.37825 6.76799 4.50027 4.4222 4.17891 4.09433 2.99303
threshold=0.55094294369382912 56.517808569735465 7.5000000000000009 -1.0000000180025095e-35 55.550000000000004 1350.0000000000002 48.955850263719235 36.050000000000004 56.219459247827849 -6.9999999999999991 -2.1666666666666665 58.750000000000007 51.150000000000013 49.45000000000001 51.350000000000001 41.596512546239971 60.250000000000007 0.22426419719092117 65.15000000000002 68.850000000000009 55.964701871746371 65.950000000000017 42.95000000000001 50.850000000000001 2.1666666666666674 57.750000000000007 66.250000000000014 -10.999999999999998 54.95000000000001 0.28664824603272959
decision_type=2 2 2 10 2 2 2 2 2 2 2 10 2 2 2 2 2 2 10 10 2 2 2 2 2 2 10 2 8 2
left_child=7 2 4 -4 5 10 -7 8 9 11 -2 -1 -13 14 15 17 -17 -9 20 -20 -16 22 23 -15 -24 -6 28 -3 -11 -29
right_child=1 27 3 -5 25 6 -8 13 -10 26 -12 12 -14 21 18 16 -18 -19 19 -21 -22 -23 24 -25 -26 -27 -28 29 -30 -31
leaf_value=-0.021307082639605349 0.014766653417002862 -0.03446235204134749 -0.00080593691646573375 0.047329561627001936 -0.031215596673375808 0.034438392489190742 0.0081014470055281139 -0.00048349383254421628 0.017957349365391537 -0.010785057177431619 -0.021525859199915499 0.026928876075841823 -0.0090398601838297035 -0.020967341010819748 0.0035999317556327046 -0.01133380651027887 -0.0025323535625904527 0.027742601580703359 -0.012972947846657468 0.0018954614815890466 0.024020491012335964 0.026085874459942357 0.0014970403389917 0.00060219832992091261 -0.0021843435504861814 0.0034242466656599136 -0.0074098384921199066 -0.020864630257429687 -0.039259261478191011 0.0059810689391874908
leaf_weight=24.878421574831009 17.067935025319457 19.982194822281599 17.583786424249411 32.006269624456763 18.036478020250797 43.174897480756044 149.1204506456852 73.906958341598511 23.186222167685628 19.779517420567572 27.210165198892355 22.629892222583294 26.948901526629925 82.123913649469614 361.70491605717689 478.24695647135377 866.79291769396514 45.842021595686674 132.52456298284233 249.36346059292555 45.989021684974432 23.06675361841917 5059.9435303658247 98.528899858705699 1656.5396465109661 18.900541163980961 37.388463050127029 19.174206549301744 38.29654854722321 22.015045568346977
leaf_count=331 111 106 113 185 100 289 867 1104 157 299 152 149 142 860 3751 5844 7349 431 691 1139 342 119 34139 882 9606 112 179 112 297 105
internal_value=-0.000170113 0.00626254 0.0104397 0.0301936 0.00683007 0.0100132 0.0140555 -0.000434585 -0.00908913 -0.0128175 -0.00742172 -0.00220831 0.00729833 -0.000251781 -0.00231147 -0.00435733 -0.00566616 0.0102944 0.00147765 -0.0032532 0.00592101 0.000418496 0.000331553 -0.00918173 0.000588308 -0.0133941 -0.0210288 -0.0156999 -0.0296827 -0.00641517
internal_weight=9751.95 384.272 323.101 49.5901 273.51 236.573 192.295 9367.68 193.108 169.922 44.2781 74.4572 49.5788 9174.57 2254.37 1464.79 1345.04 119.749 789.582 381.888 407.694 6920.2 6897.14 180.653 6716.48 36.937 95.4645 61.1714 58.0761 41.1893
internal_count=70063 2252 1929 298 1631 1419 1156 67811 1554 1397 263 622 291 66257 20651 14728 13193 1535 5923 1830 4093 45606 45487 1742 43745 212 775 323 596 217
is_linear=0
shrinkage=0.05


Tree=155
num_leaves=25
num_cat=0
split_feature=4 33 34 33 13 30 13 36 32 1 34 13 27 27 30 2 13 29 33 0 0 34 32 13
split_gain=8.47786 5.3411 5.14108 8.53252 9.58851 15.836 11.4022 5.30053 8.49991 8.41141 8.04618 6.15935 6.09259 5.83578 5.04507 5.80882 7.85768 3.52691 4.28597 3.35577 2.52647 1.22724 3.67322 0.912581
threshold=20.050000000000004 20.550000000000004 -7.1666666666666652 52.250000000000007 53.650000000000013 465.00000000000006 43.350000000000001 55.964701871746371 45.150000000000013 48.650000000000013 2.8333333333333335 76.750000000000014 4.5000000000000009 6.5000000000000009 465.00000000000006 44.45000000000001 44.45000000000001 55.750000000000007 49.45000000000001 41.150000000000013 49.350000000000001 -0.41666666666666657 41.650000000000013 54.350000000000001
decision_type=2 8 2 8 2 2 2 2 10 2 2 2 2 2 2 2 2 2 10 2 2 2 10 2
left_child=17 14 3 4 6 -6 -3 11 9 -9 -10 13 -13 -4 20 -16 -17 23 -19 -18 21 -2 -23 -1
right_child=1 2 7 -5 5 -7 -8 8 10 -11 -12 12 -14 -15 15 16 19 18 -20 -21 -22 22 -24 -25
leaf_value=-0.056728073449397357 -0.051022576317461765 0.043033580952778344 -0.00084152138463291842 -0.016429828092905142 -0.0059128975937660479 0.084869903556063456 -0.00088228201681857981 0.01966288432723183 0.0016808360498010392 -0.029789443286929503 0.010802109841799606 0.040625188908661618 0.0013449794386134234 0.0020573516334798994 0.043928242068540624 0.036957817807417442 -0.0085139806828574693 -0.035650220322356395 0.013352069164942451 -0.052012317021778345 0 -0.049351485596079298 0.023825496103899918 -0.026185333588031091
leaf_weight=7.944676380138846 11.659872399643067 19.169565183110535 5916.0900423591956 23.198797598481178 7.8815798042342093 11.775776913389562 62.536934182979167 11.262612625956534 768.66470411419868 34.275124600157142 353.82728039473295 18.488782566040754 21.651428015902638 2457.0715193394572 5.5906988354399827 5.9811788108199861 10.271064056083562 8.6366380089893955 8.8555566817522031 8.245403375476597 4.665690639987587 4.5438578003086159 2.537609345279634 5.0715703638270497
leaf_count=158 438 220 42360 147 125 133 747 202 4433 393 1870 102 126 17257 167 125 299 190 60 204 110 219 90 104
internal_value=0.000503273 0.000586168 0.000673574 0.0107641 0.0170472 0.0483719 0.00939992 0.000541759 0.00369799 -0.0174328 0.00456117 0.000102942 0.0196179 8.55884e-06 -0.0151507 -0.00141224 -0.0120994 -0.0257663 -0.0106233 -0.0283278 -0.0325167 -0.0406743 -0.022466 -0.0454992
internal_weight=9789.9 9759.39 9705.89 124.563 101.364 19.6574 81.7065 9581.33 1168.03 45.5377 1122.49 8413.3 40.1402 8373.16 53.4954 30.0883 24.4976 30.5084 17.4922 18.5165 23.407 18.7413 7.08147 13.0162
internal_count=70279 69767 68115 1372 1225 258 967 66743 6898 595 6303 59845 228 59617 1652 795 628 512 250 503 857 747 309 262
is_linear=0
shrinkage=0.05


Tree=156
num_leaves=23
num_cat=0
split_feature=4 7 16 15 29 37 33 33 7 30 34 37 28 37 40 27 33 37 4 15 38 9
split_gain=7.83789 5.75799 6.05343 10.6546 11.7202 7.54673 6.33458 6.2236 7.70518 7.1015 6.15338 11.0932 7.82502 4.55477 4.18131 3.844 4.61921 7.91147 2.96764 1.83449 1.73814 0.647937
threshold=20.050000000000004 35.350000000000001 49.050000000000004 68.65000000000002 54.250000000000007 0.34520371039398817 65.850000000000009 28.050000000000004 42.95000000000001 487.00000000000006 -0.83333333333333315 0.26902124971113595 3.5000000000000004 0.37282732323622142 0.15210165820787902 3.5000000000000004 57.050000000000004 0.25151449414128174 69.950000000000017 53.250000000000007 0.21913545034016205 50.050000000000004
decision_type=2 2 2 2 2 2 10 8 2 2 2 2 2 2 2 2 8 2 2 2 2 2
left_child=14 13 3 4 5 -3 -6 8 18 -10 11 -9 -12 15 -1 -2 17 -17 -4 21 -15 -16
right_child=1 2 7 -5 6 -7 -8 10 9 -11 12 -13 -14 20 19 16 -18 -19 -20 -21 -22 -23
leaf_value=0.012092844063400691 -0.028147964048815546 0.044929287926041429 -0.038886948165967647 0.048277838706724391 0.0064258953627065341 -0.0014833355722637005 -0.013912915420163756 -0.001896683085238165 -0.010055418704186985 0.010773623655765001 0.0011988687066989826 0.0048026230062469238 -0.0023772931018913885 -0.049189516696302199 -0.0310748841166502 0.068430316778338246 -0.011927341466313687 -0.011834603569988653 -0.010319945364700524 -0.017339722243896988 -0.016294788549894423 -0.056995081356049963
leaf_weight=5.8445957968942848 13.109932008199392 27.287463393062353 23.889486812055111 15.685067424550651 126.71989139262587 12.565718164667485 54.723071917891502 917.11103305779397 129.25211940612644 59.593100893311203 3921.8187339566648 1888.3301972700283 2507.2097693886608 10.474237959831955 5.915092436596753 5.984251041896643 17.527556970715523 5.9701151656918228 15.693471851758657 10.319179194979368 7.6165047641843548 7.7974331127479672
leaf_count=139 160 241 905 91 990 123 235 6791 3383 1297 24796 13685 15923 157 113 119 97 116 534 138 124 122
internal_value=0.000477427 0.000556323 0.000652943 0.00854544 0.00568616 0.0302031 0.000259898 0.000454673 -0.00769465 -0.0034538 0.000656881 0.00261082 -0.00019501 -0.0147814 -0.0250468 -0.00568194 0.00420054 0.0281649 -0.0277415 -0.0342992 -0.0357809 -0.046482
internal_weight=9790.44 9760.56 9699.88 236.981 221.296 39.8532 181.443 9462.9 228.428 188.845 9234.47 2805.44 6429.03 60.6826 29.8763 42.5919 29.4819 11.9544 39.583 24.0317 18.0907 13.7125
internal_count=70279 69767 68994 1680 1589 364 1225 67314 6119 4680 61195 20476 40719 773 512 492 332 235 1439 373 281 235
is_linear=0
shrinkage=0.05


Tree=157
num_leaves=31
num_cat=0
split_feature=4 14 37 7 36 15 1 4 31 31 12 27 1 35 35 36 36 34 6 32 13 38 17 12 34 14 13 2 29 13
split_gain=7.22017 6.73902 11.1648 15.9565 12.4952 10.9849 10.2464 8.75232 9.99643 7.47833 9.09347 6.38696 6.34081 6.30291 6.09335 5.84455 5.78705 8.64124 11.0183 10.0124 7.35661 8.88806 5.77783 6.41451 11.6157 6.35429 6.19545 5.21511 3.45097 3.96024
threshold=20.050000000000004 50.45000000000001 0.41000139446318945 49.650000000000013 44.874044397187305 53.95000000000001 48.550000000000004 63.650000000000013 14.500000000000002 2.5000000000000004 70.350000000000009 6.5000000000000009 51.050000000000004 -1.3666666666666634 -0.36666666666666353 58.918804051089147 56.219459247827849 1.8333333333333337 86.550000000000011 63.650000000000013 46.95000000000001 0.22393033881920429 2760.0000000000005 81.65000000000002 1.5833333333333337 31.050000000000004 76.750000000000014 48.750000000000007 55.750000000000007 51.050000000000004
decision_type=2 2 2 2 2 2 2 2 8 8 2 2 2 2 2 2 2 2 2 10 2 2 2 2 2 2 2 2 2 2
left_child=28 16 3 4 5 -3 -6 8 12 13 -11 15 -4 -9 -13 -5 22 20 19 -19 27 -22 23 26 -25 -24 -2 -18 -1 -30
right_child=1 2 7 11 6 -7 -8 9 -10 10 -12 14 -14 -15 -16 -17 17 18 -20 -21 21 -23 25 24 -26 -27 -28 -29 29 -31
leaf_value=-0.044407516202938556 -0.00073841294107499888 0.034991905705991554 -0.0057129346683048518 -0.019787755569886191 -0.021695639891918497 -0.013111553211060795 0.00081671234728944875 0.025514135046809178 0.054941997838834279 -0.027098073419884877 0.0044392246862787988 0.014615219603000244 0.017377612331750066 0.00041489833898723604 -0.010765817293527716 0.0078471402941928357 0.012550258947399735 0.02273683942711667 -0.027806986228343641 0.0059657005185242452 -0.0022757100722838558 0.01241030369985128 -0.033374173346829503 0.0044059930528217552 -0.0021478897854054486 0.0095314032932606249 0.020574163194976978 -0.020292066179419074 -0.033839907824506292 0.013917142951357786
leaf_weight=12.331467200070621 4310.5295103671961 42.890401473268867 45.342028310522437 257.16551966778934 61.050831709988415 16.153933554887772 289.33453181665391 28.395891910418868 13.194467762485145 52.068472753278911 40.214534787461162 32.280934613198042 84.586459456942976 208.37396468315274 86.786120871081948 20.346939923241735 14.776874755509196 139.69614585023373 18.016523538157344 248.43667863309383 287.98623169679195 159.95489860698581 25.249196488410234 2195.6890317890793 975.58072541560978 12.792938709259031 34.258179938420653 61.33757037576288 8.323521248064937 8.7003410300239903
leaf_count=262 32380 396 445 1686 635 119 2021 197 90 371 247 205 584 1309 555 110 121 960 121 1159 1844 924 204 16425 5961 101 198 399 124 126
internal_value=0.000452727 0.000527801 -0.00285556 -0.00643402 0.000478305 0.0217468 -0.00309662 0.0032424 0.0135625 -0.00123394 -0.0133109 -0.0135812 0.0092829 0.00345567 -0.00383617 -0.0177415 0.00103813 0.00475994 0.0102337 0.0120191 0.000506992 0.00295895 0.000579111 0.000678251 0.00238824 -0.0188275 -0.000568745 -0.0138423 -0.0242614 -0.0092021
internal_weight=9791.84 9762.49 1278.19 806.009 409.43 59.0443 350.385 472.176 143.123 329.053 92.283 396.58 129.928 236.77 119.067 277.512 8484.3 930.205 406.149 388.133 524.056 447.941 7554.1 7516.06 3171.27 38.0421 4344.79 76.1144 29.3553 17.0239
internal_count=70279 69767 8970 5727 3171 515 2656 3243 1119 2124 618 2556 1029 1506 760 1796 60797 5528 2240 2119 3288 2768 55269 54964 22386 305 32578 520 512 250
is_linear=0
shrinkage=0.05


Tree=158
num_leaves=31
num_cat=0
split_feature=14 37 7 39 40 35 0 28 2 34 35 34 1 39 1 6 1 18 1 1 33 14 34 18 33 14 31 1 32 31
split_gain=5.88255 10.1423 14.4349 5.84135 6.53487 9.35278 6.16125 5.82707 5.54505 8.84851 8.41945 7.54363 5.78822 5.39057 5.34955 5.52916 8.83876 7.01409 5.34346 5.07069 6.78221 5.99365 6.1282 5.02697 12.5511 13.5508 7.86061 6.46989 6.18391 5.60664
threshold=50.45000000000001 0.41000139446318945 49.650000000000013 -26.999999999999996 0.18273888381217632 -0.19999999999999926 54.95000000000001 5.5000000000000009 55.95000000000001 -1.0000000180025095e-35 0.71666666666667223 -1.8333333333333333 54.650000000000013 -10.999999999999998 61.550000000000004 69.250000000000014 62.45000000000001 15.500000000000002 48.550000000000004 38.550000000000004 19.750000000000004 32.550000000000004 -8.1666666666666661 16.500000000000004 73.65000000000002 49.850000000000001 4.5000000000000009 39.45000000000001 50.550000000000004 2.5000000000000004
decision_type=2 2 2 2 2 2 2 2 2 2 2 2 2 2 2 2 2 2 2 2 10 2 2 2 8 2 10 2 10 10
left_child=14 2 8 7 5 -5 -7 -3 10 11 18 -10 -11 -12 19 17 -17 -16 -2 20 -1 -22 -23 27 26 -26 -25 28 -21 -29
right_child=1 3 -4 4 -6 6 -8 -9 9 12 13 -13 -14 -15 15 16 -18 -19 -20 23 21 22 -24 24 25 -27 -28 29 -30 -31
leaf_value=-0.048967478184412105 -0.011748354574044004 -0.026690309052683381 -0.012961746134551989 0.053686160816571453 0.0022955125223042888 0.038757293895144158 -0.0014891921311230712 0.009863428308456542 0.0063738056495008417 -0.02055928445502285 -0.037308467136957221 0.044546823339137301 0.0073252579910624005 -0.0082340600205847488 -0.013026223936042315 0.035655390161773187 0.0053036361595795826 0.017489911795025501 0.0065250931026619094 -0.0032232257444415637 -0.032951427272399837 0.033757675701865067 -0.0078384693225260222 -0.0076563747936018419 -0.0082733855810695079 0.027494143559024548 0.0060507732566074668 0.0019926279062670248 0.047788117033301131 -0.0011156990804984952
leaf_weight=10.78614649036899 55.014723247848451 30.298738191835582 395.3835770348087 15.284684546291826 361.27921747229993 12.648403261788188 36.568090502172709 16.685868030413985 27.502619333565235 26.784601643681526 24.875388696789742 25.025291444733739 60.203622344881296 46.019716047681868 46.127198036760092 39.354292776435614 62.513540495187044 31.654792260378599 145.24986365437508 9.7541643278673309 15.197495109401641 11.976721198298035 32.83157846564427 595.1811098344624 44.360345646739006 64.844819955527782 126.39798377733678 5431.7779696895741 14.389332170598207 1977.0763779934496
leaf_count=271 643 188 2568 133 2341 120 300 161 189 163 227 136 318 360 222 197 317 160 1166 206 269 150 630 5052 245 367 1072 37984 141 13983
internal_value=0.00042938 -0.00273151 -0.00614344 0.00307529 0.00493092 0.0195884 0.00881019 -0.0136092 0.000410358 0.00851762 -0.00374413 0.0247052 -0.00121703 -0.0185442 0.000904755 0.00944123 0.0171018 -0.000536418 0.00147688 0.000720043 -0.0125909 -0.00589836 0.00321876 0.000834827 -0.00285181 0.012925 -0.00524788 0.00124759 0.0270446 0.00116248
internal_weight=9793.05 1278.82 806.059 472.765 425.78 64.5012 49.2165 46.9846 410.676 139.516 271.16 52.5279 86.9882 70.8951 8514.22 179.65 101.868 77.782 200.265 8334.57 70.7919 60.0058 44.8083 8263.78 830.784 109.205 721.579 7433 24.1435 7408.85
internal_count=70279 9013 5770 3243 2894 553 420 349 3202 806 2396 325 481 587 61266 896 514 382 1809 60370 1320 1049 780 59050 6736 612 6124 52314 347 51967
is_linear=0
shrinkage=0.05


Tree=159
num_leaves=24
num_cat=0
split_feature=4 7 31 16 15 29 1 32 34 5 1 2 28 36 13 2 40 1 31 15 2 17 3
split_gain=6.63797 5.2486 8.50851 5.38884 9.41638 10.3821 13.1358 8.21306 5.04665 11.9614 10.1814 8.5974 7.50868 7.03605 5.54717 4.01376 3.99502 3.82527 4.29475 1.81792 1.38539 0.638919 0.155982
threshold=20.050000000000004 35.350000000000001 1.0000000180025095e-35 49.050000000000004 68.65000000000002 54.250000000000007 51.550000000000004 70.450000000000017 -0.83333333333333315 62.150000000000013 49.650000000000013 52.45000000000001 6.5000000000000009 55.843899309163945 46.750000000000007 47.750000000000007 0.15210165820787902 52.750000000000007 -3.4999999999999996 53.250000000000007 51.650000000000013 1750.0000000000002 50.350000000000001
decision_type=2 2 8 2 2 2 2 10 2 2 2 2 2 2 2 2 2 2 10 2 2 2 2
left_child=16 2 17 4 5 6 -3 -7 9 11 -11 -5 13 -10 -14 -4 -1 18 -2 21 22 -18 -17
right_child=1 3 15 8 -6 7 -8 -9 12 10 -12 -13 14 -15 -16 20 19 -19 -20 -21 -22 -23 -24
leaf_value=0.01287047254244411 0.052687363824426417 -0.0018174375057867236 -6.234794573943878e-05 0.00072622280019375013 0.045060465180914701 0.0066307481093834404 0.05494754986301148 -0.017331054466181339 -0.00080404874415326627 -0.014532336340937521 0.001223690817454278 0.0065702209719533076 -0.034970770727200777 0.0039682334290390706 -0.0074221036731049878 -0.059951355964584889 -0.030523758069014636 -0.013432342687576766 -0.00041506022630430827 -0.01588281813216259 -0.023826676098832437 -0.056728450624333793 -0.042797690356394302
leaf_weight=5.7792149451561299 6.5884311739355317 19.033605773001909 7.6527627417817738 1388.8463309970684 15.922382999211548 133.14867665991187 21.421120781451464 48.772447802126408 5453.0056971576996 184.29935905337334 229.72756155766547 1154.0852441200987 21.255456006154418 899.62164217792451 134.82237348891795 7.2024274067953256 5.9696804936975258 13.871493655256925 8.4100337624549883 10.044457538053392 8.0462122755125147 7.0234399428591132 8.4708241587504727
leaf_count=139 112 222 124 13575 91 1008 142 217 36601 1063 1094 8350 247 5152 1232 109 112 110 133 138 81 123 104
internal_value=0.000407366 0.000478704 -0.0142187 0.000570607 0.00799613 0.00530074 0.0281782 0.000173207 0.000383058 0.00209614 -0.00577967 0.00338059 -0.000394463 -0.000127387 -0.0112258 -0.0322247 -0.0235097 0.00521898 0.0227747 -0.0328683 -0.0423477 -0.0453957 -0.0513275
internal_weight=9793.02 9764.2 60.2422 9703.96 238.298 222.376 40.4547 181.921 9465.66 2956.96 414.027 2542.93 6508.71 6352.63 156.078 31.3722 28.8168 28.87 14.9985 23.0376 23.7195 12.9931 15.6733
internal_count=70279 69767 773 68994 1680 1589 364 1225 67314 24082 2157 21925 43232 41753 1479 418 512 355 245 373 294 235 213
is_linear=0
shrinkage=0.05


Tree=160
num_leaves=31
num_cat=0
split_feature=28 27 32 5 15 13 4 7 40 2 4 5 15 12 1 36 40 40 7 32 28 11 4 13 5 38 38 40 6 38
split_gain=10.8396 8.7264 7.7991 11.4719 10.1863 9.41104 9.3817 8.97714 9.10098 8.77401 8.48154 11.0606 16.2904 10.0592 8.34599 10.5712 8.31428 14.5335 7.60621 8.37419 8.62794 7.48422 11.1959 7.17686 5.15263 6.11917 5.84824 6.27276 5.10907 4.43674
threshold=6.5000000000000009 1.5000000000000002 63.250000000000007 38.350000000000001 41.95000000000001 72.750000000000014 83.050000000000011 52.650000000000013 0.26995999620222971 57.050000000000004 91.750000000000014 45.650000000000013 49.45000000000001 75.850000000000009 54.150000000000013 45.01187405162198 0.13559751660212602 0.14730077839414343 51.250000000000007 62.45000000000001 5.5000000000000009 49.650000000000013 71.65000000000002 55.95000000000001 46.750000000000007 0.21955281742782864 0.21910929197612297 0.21905180222072682 79.450000000000017 0.21911588213879349
decision_type=2 2 10 2 2 2 2 2 2 2 2 2 2 2 2 2 2 2 2 8 2 2 2 2 2 2 2 2 2 2
left_child=2 29 3 18 6 14 16 8 -8 -9 21 12 -12 -13 15 -6 -4 -18 -1 20 -20 22 -5 -23 25 26 27 -3 -16 -2
right_child=1 24 4 10 5 -7 7 9 -10 -11 11 13 -14 -15 28 -17 17 -19 19 -21 -22 23 -24 -25 -26 -27 -28 -29 -30 -31
leaf_value=-0.012281312995918788 -0.0065649215367669187 -0.038748527730536907 0.016230409514080044 0.00025146488219090688 0.0027143567120709849 -0.025589912740110823 0.0029923923933187265 -7.3716310580035198e-05 0.034269696504217677 -0.032553588535523009 0.057418287195823328 -0.0058358843475409088 0.010196998554796742 0.015189264008071102 0.0010879400156848205 -0.004444598827030871 -0.046874312064476509 -0.0095294300656697944 -0.0050065962807915318 0.053089626267123539 0.049331123536137472 0.0010837875698780171 -0.027352664781364822 0.006964742273173858 -0.0073719151551855256 -0.04069144242237635 0.010474817214949054 0.001639174214599639 0.0078338477062700595 0.036389338946028742
leaf_weight=231.34176694089547 10.287970445118846 25.536753878928721 28.281919050961733 113.4828219730407 755.6332699097693 36.483249492943287 147.85958784073591 60.957972392439842 27.619110286235809 31.70284465700388 27.447214353829622 114.382747605443 55.406009990721941 112.58933340758085 1796.1080187261105 1619.0944931544363 27.481790844351053 501.52284377627075 80.038524453528225 7.9951459616422644 7.938063131645321 2753.4342964733951 53.963725562207401 640.08691052626818 130.80889541469514 31.794051753357053 17.767106228508055 15.000159554183481 333.22971533797681 13.728839365765451
leaf_count=3943 115 381 159 1323 3789 168 695 279 122 142 187 639 376 610 8374 8439 156 2521 1037 59 102 26197 537 6362 1024 386 213 169 1615 127
internal_value=-0.00026488 -0.0106492 6.36113e-07 0.00161538 -0.00126174 -0.000331689 -0.00637112 0.0012969 0.00796041 -0.0112634 0.00237646 0.010313 0.0259509 0.0045737 -0.000125422 -0.00216451 -0.0100691 -0.0114874 -0.00736785 0.00442455 0 0.00168426 -0.00862581 0.0021947 -0.0137749 -0.0229971 -0.0132094 -0.0237133 0.0021463 0.017831
internal_weight=9809.01 244.924 9564.08 4198.11 5365.97 4540.55 825.426 268.14 175.479 92.6608 3870.79 309.825 82.8532 226.972 4504.07 2374.73 557.287 529.005 327.314 95.9717 87.9766 3560.97 167.447 3393.52 220.907 90.0981 58.304 40.5369 2129.34 24.0168
internal_count=70246 2415 67831 41372 26459 22385 4074 1238 817 421 36231 1812 563 1249 22217 12228 2836 2677 5141 1198 1139 34419 1860 32559 2173 1149 763 550 9989 242
is_linear=0
shrinkage=0.05


Tree=161
num_leaves=30
num_cat=0
split_feature=28 9 15 12 31 37 40 17 17 15 35 27 9 13 3 1 7 1 2 1 39 34 13 40 9 40 8 3 12
split_gain=9.86812 8.79573 8.59335 6.82554 12.8335 11.3382 11.1666 11.6516 9.178 8.22113 5.66897 5.51459 7.10001 5.36576 7.07895 5.63078 5.27864 14.7306 6.73632 5.2206 5.08458 6.03001 8.5569 5.91067 4.99291 4.8739 4.69719 2.79578 1.80487
threshold=6.5000000000000009 41.650000000000013 36.050000000000004 73.950000000000017 -14.499999999999998 0.13917296107772301 0.24782428683105837 1650.0000000000002 1850.0000000000002 41.350000000000001 1.6833333333333302 1.5000000000000002 49.850000000000001 42.750000000000007 49.650000000000013 49.850000000000001 53.95000000000001 50.050000000000004 54.150000000000013 52.95000000000001 -6.9999999999999991 0.58333333333333337 45.650000000000013 0.25625884499624002 50.750000000000007 0.1826118891712232 59.850000000000001 52.350000000000001 55.650000000000013
decision_type=2 2 2 2 10 2 2 2 2 2 2 2 2 2 2 2 2 2 2 2 2 2 2 2 2 2 2 2 2
left_child=1 10 -2 13 6 8 26 -8 -6 -7 25 12 -4 14 19 -16 18 -18 -15 -3 21 22 -13 28 -23 -1 -5 -27 -22
right_child=2 3 11 4 5 9 7 -9 -10 -11 -12 20 -14 16 15 -17 17 -19 -20 -21 23 24 -24 -25 -26 27 -28 -29 -30
leaf_value=0 0.028549875925724617 -0.032039593436013744 -0.021141409075692508 -0.021895412448481325 -0.010453634492343697 -0.0028735161598908475 -0.022888751411577847 0.038263872569537033 0.0084367943914019569 0.0034673984190459113 0.012243231244071161 0.033696191665873308 0.034701637204946255 -0.0033324347437227795 0.012175566635635885 -0.013269735721478736 0.0083658235949618086 -0.002481809589252656 0.0017290379522560352 -0.0011358870672356148 -0.023379736328812323 -0.013602636599605537 -0.0087134324121214083 -0.0012025409495262786 -0.044389083776539391 -0.05459059632830035 -0.055999091248042143 -0.02368535892752336 -0.048676521468010138
leaf_weight=11.448886111378668 13.351183224469422 45.954247615300119 9.7985136732459086 47.495723990723491 300.49788704421371 593.55642289947718 15.577336937189104 15.308991417288778 81.423178520053625 3646.8115875381045 10.523119650781153 14.096734179183839 13.125157128088174 2434.6992497034371 41.702946268953383 45.13687199447304 515.22287672199309 795.9005986712873 898.97878834139556 19.928085735067725 12.012467133812605 53.466476800851524 72.860706645995378 13.84114342741668 17.847745114937425 14.734053736552598 13.247363968752323 16.676838554441929 22.848769581876695
leaf_count=132 104 536 104 604 2061 3949 125 115 591 25018 101 167 128 20237 451 308 3114 4429 5473 139 130 521 676 110 161 148 154 146 314
internal_value=-0.000252303 1.44183e-07 -0.0101953 0.000114363 0.00146607 0.00183452 -0.0170479 0.00728621 -0.00641207 0.00257859 -0.0202193 -0.0124786 0.0106267 -0.00121275 -0.0104345 -0.000992719 -0.000908241 0.00177741 -0.00196602 -0.0227835 -0.0150657 -0.0106565 -0.00175014 -0.0292407 -0.0214289 -0.028316 -0.029495 -0.0384681 -0.0401946
internal_weight=9808.07 9564.83 243.249 9511.44 4713.92 4622.29 91.6294 30.8863 381.921 4240.37 53.3829 229.898 22.9237 4797.52 152.722 86.8398 4644.8 1311.12 3333.68 65.8823 206.974 158.272 86.9574 48.7024 71.3142 42.8598 60.7431 31.4109 34.8612
internal_count=70246 67831 2415 67304 32617 31619 998 240 2652 28967 527 2311 232 34687 1434 759 33253 7543 25710 675 2079 1525 843 554 682 426 758 294 444
is_linear=0
shrinkage=0.05


Tree=162
num_leaves=31
num_cat=0
split_feature=28 27 32 33 40 8 13 16 33 33 2 12 8 13 33 40 31 18 27 40 2 37 31 8 37 38 18 40 40 34
split_gain=8.98998 7.31693 7.15395 12.5594 9.92763 8.06071 7.4752 6.59479 6.67099 12.4386 10.3157 8.85178 6.51837 11.1942 10.3248 6.28169 6.27442 6.17052 5.93169 5.92451 7.99736 6.67368 6.49702 6.90439 6.46065 6.3297 4.80297 5.82667 6.82715 7.8816
threshold=6.5000000000000009 1.5000000000000002 63.250000000000007 56.650000000000013 0.32745837212235668 84.450000000000017 71.050000000000011 49.650000000000013 69.250000000000014 57.850000000000001 52.350000000000001 99.850000000000009 59.850000000000001 43.350000000000001 56.050000000000004 0.22827569055588817 -16.499999999999996 10.500000000000002 4.5000000000000009 0.16716522851074736 49.650000000000013 0.25994617676208537 -11.499999999999998 19.450000000000003 0.21219806196942945 0.21915928320757527 16.500000000000004 0.21917261870023244 0.22336490445167675 -1.4166666666666663
decision_type=2 2 10 10 2 2 2 2 8 10 2 2 2 2 8 2 10 2 2 2 2 2 8 2 2 2 2 2 2 2
left_child=2 -2 3 6 5 16 12 8 9 -4 -10 -11 14 -14 -1 -7 -5 -6 -8 20 21 -9 25 -24 -22 -21 27 -3 -29 -30
right_child=1 26 7 4 17 15 18 19 10 11 -12 -13 13 -15 -16 -17 -18 -19 -20 22 24 -23 23 -25 -26 -27 -28 28 29 -31
leaf_value=0.0019605757675782861 0.01605553554559476 -0.018678042266625641 -0.0073554779309773569 -0.0054412948905765189 0.016110202957510349 0.013379183471951757 0.051046767770020651 -0.015278292315359203 0.0114145259313434 0.013241795975064419 -0.031217183422714841 0.047909773901853386 -0.031112414602198792 -0.0029104778394977125 -0.011495932948456846 0.04808443192790373 0.0082758628987644241 -0.0093348636358338895 0.0063764592192969149 -0.0016297744868573466 0.021682997667399478 0.0062136965903072027 -0.013279057802200686 -0.0014819426733853011 0.004363650697668464 -0.026025718814985811 -0.040551162783116573 0.03113313610134958 0.019869906501605243 -0.015960601578201599
leaf_weight=2071.547305458691 24.411713503301144 107.00344076473266 40.602390877902508 92.401374377310276 28.422452539205551 36.124606736004353 12.317623348906638 86.289650056511164 35.497108697891235 48.783764459192753 23.416018277406693 30.164498165249825 36.815549105405807 776.92112554842606 152.91382567957044 20.948575422167778 810.36727594956756 141.90974201261997 19.356582768261433 52.025873152539134 65.600086849182844 61.597240097820759 127.63936402462423 4429.5968493074179 306.69266411475837 55.320139670744538 14.475411788560448 13.485303947702048 20.180200522765517 62.14292642660439
leaf_count=24880 242 1214 262 495 121 200 118 513 154 224 100 135 425 8641 1146 106 4378 688 174 262 323 368 675 21479 1687 277 205 111 173 470
internal_value=-0.000240856 -0.00976224 0 0.00154521 0.00605129 0.00802731 -0.000112218 -0.0012103 0.00823296 0.0150261 -0.00546963 0.0265948 -0.000366142 -0.00419622 0.00103283 0.0262669 0.00686588 -0.00505268 0.0240114 -0.00153646 0.00352078 -0.0062946 -0.00210156 -0.00181374 0.00743385 -0.0142611 -0.0126919 -0.0106598 -0.00164236 -0.00710321
internal_weight=9804.97 241.699 9563.27 4200.05 1130.17 959.842 3069.87 5363.23 178.464 119.551 58.9131 78.9483 3038.2 813.737 2224.46 57.0732 902.769 170.332 31.6742 5184.76 520.18 147.887 4664.58 4557.24 372.293 107.346 217.287 202.812 95.8084 82.3231
internal_count=70246 2415 67831 41372 5988 5179 35384 26459 875 621 254 359 35092 9066 26026 306 4873 809 292 25584 2891 881 22693 22154 2010 539 2173 1968 754 643
is_linear=0
shrinkage=0.05


Tree=163
num_leaves=27
num_cat=0
split_feature=9 12 31 37 17 5 18 13 15 38 30 8 18 32 32 6 8 38 13 35 12 31 5 9 30 5
split_gain=7.33191 6.77483 12.4289 9.7542 8.31477 7.55908 8.06684 7.86908 6.74626 5.93967 7.11528 6.40468 8.06736 5.86793 5.46108 10.5836 5.72532 5.42156 5.04221 7.79347 7.36478 4.74013 4.42176 3.39011 2.20428 0.298746
threshold=41.650000000000013 73.950000000000017 -14.499999999999998 0.13917296107772301 1850.0000000000002 73.850000000000009 15.500000000000002 57.95000000000001 52.550000000000004 0.22684929966332226 453.00000000000006 59.550000000000004 14.500000000000002 84.250000000000014 31.250000000000004 51.850000000000001 56.45000000000001 0.29259271494627775 48.550000000000004 -0.26666666666666922 71.950000000000017 6.5000000000000009 43.350000000000001 50.250000000000007 485.00000000000006 51.050000000000004
decision_type=2 2 10 2 2 2 2 2 2 2 2 2 2 10 8 2 2 2 2 2 2 8 2 2 2 2
left_child=21 13 9 4 17 7 -7 -5 -6 11 -11 12 -3 14 15 -2 -17 -4 19 -16 -20 22 -1 -15 25 -24
right_child=1 2 3 5 8 6 -8 -9 -10 10 -12 -13 -14 23 18 16 -18 -19 20 -21 -22 -23 24 -25 -26 -27
leaf_value=0.00173471685991757 0.0626920312271982 0.022157176212849541 -0.0077282053991097645 0.0011358031832459062 -0.004302052015433269 0.033300915900293541 0.0042376190862292848 0.007858502188336414 0.024652286380195079 -0.032590796523288904 0.017455770119874269 -0.057121037300588887 -0.028133582874345212 0.028463714617779936 -0.01474059522991973 -0.017986894913414892 0.043753014630165295 -0.030583027270890885 -0.00052283070263610897 -0.0027704864339707087 -0.010574905849419239 0.012770802309460892 -0.030030972350694109 0.0013680683779129618 -0.050520692985063953 -0.016079667600014263
leaf_weight=11.10830154456198 9.5863464195281285 9.9591722302138788 270.63735042046756 3728.2811653995886 46.815929641015828 39.745962008833885 60.832439728081226 493.28061795420945 34.850690537132323 10.614304549992086 20.948028761893511 13.136756491847335 37.088343409821391 25.430768713355064 172.68575277365744 13.976892210543157 5.0142244040034702 28.855203969404101 3867.9934004787356 646.92829239880666 191.23467981582507 9.7540681660175306 10.614353634417059 21.830399438738823 13.152616286650298 10.435850873589514
leaf_count=140 156 88 1867 26279 360 182 272 3091 231 114 194 151 469 118 1433 361 121 194 27213 5312 1382 96 107 100 122 93
internal_value=-0.000229314 -0.000125949 0.00121326 0.00156992 -0.00609316 0.002247 0.015794 0.00192269 0.00800791 -0.0169983 0.000417589 -0.0262001 -0.0173574 -0.00142302 -0.00159295 0.0201489 -0.00128001 -0.00995636 -0.00172174 -0.00530008 -0.000997876 -0.0184069 -0.0252419 0.0160829 -0.0341286 -0.0234596
internal_weight=9804.79 9749.73 4795.05 4703.3 381.159 4322.14 100.578 4221.56 81.6666 91.7466 31.5623 60.1843 47.0475 4954.68 4907.42 28.5775 18.9911 299.493 4878.84 819.614 4059.23 55.0652 45.3111 47.2612 34.2028 21.0502
internal_count=70246 69688 33492 32476 2652 29824 454 29370 591 1016 308 708 557 36196 35978 638 482 2061 35340 6745 28595 558 462 218 322 200
is_linear=0
shrinkage=0.05


Tree=164
num_leaves=30
num_cat=0
split_feature=32 33 2 3 30 6 37 4 2 0 0 38 6 18 38 8 32 36 12 38 16 19 0 6 6 39 18 38 33
split_gain=5.8926 12.8297 8.57987 7.73884 7.48146 8.34994 9.84003 8.30125 7.20978 6.67157 6.90155 6.37653 6.11462 6.04931 10.1201 10.1878 7.61792 7.17114 5.80109 5.46749 5.29628 6.85787 7.41165 5.55982 8.55677 7.2045 5.16434 4.80716 2.39416
threshold=63.250000000000007 56.650000000000013 43.250000000000007 66.15000000000002 415.00000000000006 72.850000000000009 0.14369807661474329 94.950000000000017 41.350000000000001 37.95000000000001 41.350000000000001 0.21908459816694512 83.750000000000014 15.500000000000002 0.2505132158406192 55.650000000000013 55.150000000000013 58.028002914396332 63.850000000000001 0.21988655656952419 49.650000000000013 1.0000000180025095e-35 56.650000000000013 51.550000000000004 71.750000000000014 -16.999999999999996 15.500000000000002 0.21476478535376262 58.250000000000007
decision_type=10 10 2 2 2 2 2 2 2 2 2 2 2 2 2 2 10 2 2 2 2 2 2 2 2 2 2 2 10
left_child=1 3 8 4 12 6 -6 -7 -3 28 11 -11 19 14 15 -4 -16 18 -15 -1 21 22 -12 25 -25 -22 -13 -23 -2
right_child=9 2 13 -5 5 7 -8 -9 -10 10 20 26 -14 17 16 -17 -18 -19 -20 -21 23 27 -24 24 -26 -27 -28 -29 -30
leaf_value=-0.0095908711910902868 0.034699167311965894 0.0054364521647492781 0.0058551870561493954 0.042050433033114898 -0.012606442643288774 -0.005212558513874626 0.0022936012726605614 0.018701621968775135 0.05006242946707197 -0.037965338068511052 0.0071736019166659254 -0.022128305554442194 0.03363383103179321 -0.0081580658204954588 0.017273732884604463 0.020903062332481265 -0.0085551291289597802 0.031005208069641715 0.0035983994993503254 -0.036762027754827203 0.016727990445710068 -0.027117404184111162 0.036808892507393165 -0.0044599634546136401 0.00011242889590836235 0.00055094966455504653 0.011600471553919028 0.0032597961829839207 0.0081745542507429304
leaf_weight=64.411030948162079 15.896284703165291 17.263038918375969 288.0496921390295 10.561528731137512 116.91614035051316 870.62750064302236 2064.3448649318889 37.690101975575089 19.655022077262402 23.984812218695879 90.419532436877489 23.544332358986139 6.0738033829256883 163.95753205940127 36.772541485726833 185.96477989852428 125.57322569936514 18.540346890687943 290.68421241641045 26.41973930504173 73.981439165771008 19.241398647427559 27.7235247194767 2240.624298337847 1879.2580991871655 983.0499542504549 21.542623415589333 39.14019213989377 19.714414447546005
leaf_count=1156 120 109 1430 64 1686 10624 22755 292 125 146 435 121 124 939 188 929 601 96 1665 446 365 99 131 11100 9347 4735 134 196 88
internal_value=-0.000218447 0.00115521 0.00569317 -0.000470667 -0.000614487 -0.000183555 0.00149212 -0.0042128 0.0294013 -0.0013125 -0.0014552 -0.0171534 -0.0142879 0.00489724 0.00808105 0.0117725 -0.00266689 0.000604108 -0.000631203 -0.0175808 -0.0012514 0.00725794 0.0141954 -0.00154266 -0.00237313 0.00168938 -0.00591198 -0.00669567 0.0202189
internal_weight=9801.63 4343.51 1146.46 3197.04 3186.48 3089.58 2181.26 908.318 36.9181 5458.12 5422.51 69.0718 96.9046 1109.54 636.36 474.014 162.346 473.182 454.642 90.8308 5353.44 176.525 118.143 5176.91 4119.88 1057.03 45.087 58.3816 35.6107
internal_count=70246 43229 6082 37147 37083 35357 24441 10916 234 27017 26809 401 1726 5848 3148 2359 789 2700 2604 1602 26408 861 566 25547 20447 5100 255 295 208
is_linear=0
shrinkage=0.05


Tree=165
num_leaves=29
num_cat=0
split_feature=30 8 12 23 16 4 4 39 8 2 5 6 4 35 8 9 2 9 7 14 18 14 15 19 31 7 30 9
split_gain=7.45174 7.68334 7.98559 14.9638 10.9866 10.4345 10.7133 10.149 7.44184 6.78766 6.59901 7.86078 7.29247 6.90243 10.0579 9.05282 6.67185 7.18022 6.78478 6.65739 7.50063 6.53663 5.18275 4.40271 2.94458 2.02665 1.92296 3.96042
threshold=399.00000000000006 22.750000000000004 54.300000000000004 1.0000000180025095e-35 51.650000000000013 59.250000000000007 49.350000000000001 -6.9999999999999991 13.550000000000002 44.750000000000007 64.950000000000017 83.350000000000009 81.65000000000002 -1.7333333333333305 59.550000000000004 49.250000000000007 58.45000000000001 75.950000000000017 63.250000000000007 74.700000000000017 10.500000000000002 54.350000000000001 55.350000000000001 1.0000000180025095e-35 1.5000000000000002 45.250000000000007 385.00000000000006 49.95000000000001
decision_type=2 2 2 2 2 2 2 2 2 2 2 2 2 2 2 2 2 2 2 2 2 2 2 2 10 2 2 2
left_child=23 2 3 9 5 6 -4 -6 -7 -2 13 19 -13 14 15 -3 17 -15 -18 20 -12 -16 -11 -1 -21 -25 -27 -28
right_child=1 10 4 -5 7 8 -8 -9 -10 22 11 12 -14 16 21 -17 18 -19 -20 24 -22 -23 -24 25 -26 26 27 -29
leaf_value=0.0085385165654866049 0.016751536209147273 0.025363758358579954 0.0075036853625597873 0.034289791076856174 0.08075598666771365 -0.022519476269896335 0.034259545969169782 0.0088769035408275271 0.004145922535253959 -0.026189476476398688 0.019093118368132815 -0.02996547771364802 0.0072018563899430045 -0.0016982169245254347 -0.00012292266246561343 0.0057469475685534774 0.0038281620543117964 0.022843407667550497 -0.01536484079623307 -0.024610309182648053 0.0040078181063213491 -0.024211204539457423 -0.00081342232543006067 -0.04704789100616507 0.0002122676878040671 -0.04050626627459894 0.01455282109414939 -0.029163224053629935
leaf_weight=10.967357649467884 16.626519499346614 74.009433394297957 103.85372903617099 20.247083417139947 9.9990142621099967 29.576145818457007 59.041049581952393 9.9518009601160866 220.10027210321277 60.994434920139611 90.912422209978104 32.502161201089621 21.814187623560429 6491.495381468907 196.78779579000548 291.45567846577615 919.03745183721185 29.815074894577265 48.290435861796141 26.834500923752785 899.46823801472783 32.851448927074671 30.628770984709263 9.7197979935444874 20.757859770208597 8.2845811876468378 8.4297007443383354 12.752344210632144
leaf_count=169 159 631 1166 190 112 287 584 98 1744 557 420 158 98 49368 1461 2260 5052 178 250 127 4202 238 218 185 102 105 102 148
internal_value=0.00014342 0.000243039 0.00592294 -0.00499339 0.00917801 0.00740498 0.0172471 0.045374 0.000959426 -0.012412 -0.000103744 0.00354312 -0.0149609 -0.00059717 0.00458372 0.00973903 -0.00100961 -0.0015849 0.00286336 0.00451758 0.00539942 -0.00359972 -0.0177711 -0.0190596 -0.0137011 -0.0269129 -0.0199655 -0.0115442
internal_weight=9787.2 9737.05 561.019 128.497 432.522 412.571 162.895 19.9508 249.676 108.25 9176.03 1092.29 54.3163 8083.74 595.104 365.465 7488.64 6521.31 967.328 1037.97 990.381 229.639 91.6232 50.1538 47.5924 39.1864 29.4666 21.182
internal_count=70369 69660 5115 1124 3991 3781 1750 210 2031 934 64545 5107 256 59438 4590 2891 54848 49546 5302 4851 4622 1699 775 709 229 540 355 250
is_linear=0
shrinkage=0.05


Tree=166
num_leaves=30
num_cat=0
split_feature=5 6 37 4 32 13 4 40 3 37 2 9 5 33 3 35 6 6 9 40 37 9 35 28 6 13 0 15 4
split_gain=4.94287 7.2119 8.9497 8.44424 6.71581 7.4619 8.46565 6.58545 9.3388 9.57982 9.63929 8.78478 10.6591 9.01412 10.8015 8.90809 7.98001 8.61098 7.97217 7.75138 6.89506 6.88828 6.61793 5.90083 8.0915 6.86396 5.6487 5.27809 3.51313
threshold=64.950000000000017 83.350000000000009 0.12066568462401796 81.65000000000002 62.650000000000013 44.350000000000001 60.250000000000007 0.26378562129533639 64.850000000000009 0.70845238095238117 45.050000000000004 74.550000000000011 50.250000000000007 50.650000000000013 52.250000000000007 -1.7333333333333305 85.850000000000009 81.050000000000011 55.050000000000004 0.25904823591350817 0.10435601435601437 50.250000000000007 0.099999999999997882 3.5000000000000004 48.350000000000001 50.250000000000007 48.250000000000007 45.050000000000004 60.250000000000007
decision_type=2 2 2 2 10 2 2 2 2 2 2 2 2 8 2 2 2 2 2 2 2 2 2 2 2 2 2 2 2
left_child=7 2 26 -3 5 -4 -7 11 9 10 27 15 13 14 -13 19 17 -17 -12 20 -1 -18 -15 24 -6 -25 -2 -9 -14
right_child=1 3 4 -5 23 6 -8 8 -10 -11 18 12 28 22 -16 16 21 -19 -20 -21 -22 -23 -24 25 -26 -27 -28 -29 -30
leaf_value=-0.021435476985502647 0.0066572484437647274 -0.030201575695516087 -0.017087687445619122 0.0092047804414608202 -0.018728784494969175 0.029204357003332754 0.0076374679424812608 0.038025701707441031 -0.034940093152887361 0.026454465672469903 -0.002750305746872234 0.071902254949002167 0.014478277413648172 -0.0060944890928113088 0.011337846305450906 -0.00011180466196438026 0.0026743948087243822 -0.0087619328221365238 -0.017365653457483959 0.046714698368131108 0.0069915449015543118 0.023901218764039302 0.032328925062984078 0.0066708265371623237 0.0078836493085231839 -0.0087416390864015394 -0.026082665570090605 0.0067636654023150279 -0.014187327851978092
leaf_weight=22.172611969523132 19.638476997613907 33.426460448652506 18.380069985985756 22.544782936573029 30.119459763169289 75.06911270134151 117.79368824139237 15.284507883712648 21.968739353120327 28.592948231846094 2035.1046393290162 17.58794200047851 15.794583618640898 24.814154140651226 13.060917960479854 5223.7706333962269 103.80819602869451 304.46269135456532 97.868671223521233 11.737840058282016 469.7995946300216 61.006227979436517 20.049490787088871 121.56293538212776 494.32059961929917 177.11299255490303 38.462169729173183 118.55096355266869 32.03356534615159
leaf_count=181 100 165 129 102 132 452 633 101 111 156 11499 139 107 148 102 42134 945 3041 637 78 3999 453 119 543 2197 774 180 813 199
internal_value=0.000135806 0.00321777 0.0041186 -0.0142517 0.0051952 0.0131535 0.0160688 -0.000273423 -0.00255375 -0.0022401 -0.0026054 0.000561932 0.0137704 0.0254666 0.0463763 0.000298005 -0.000265092 -0.000589257 -0.00342404 0.00667097 0.00569612 0.0105716 0.0109994 0.00314538 0.00634244 -0.0024518 -0.014938 0.010397 -0.00460613
internal_weight=9785.9 1148.43 1092.46 55.9712 1034.36 211.243 192.863 8637.47 2317.37 2295.4 2266.81 6320.1 123.341 75.5125 30.6489 6196.76 5693.05 5528.23 2132.97 503.71 491.972 164.814 44.8636 823.116 524.44 298.676 58.1006 133.835 47.8281
internal_count=70369 5407 5140 267 4860 1214 1085 64962 13317 13206 13050 51645 814 508 241 50831 46573 45175 12136 4258 4180 1398 267 3646 2329 1317 280 914 306
is_linear=0
shrinkage=0.05


Tree=167
num_leaves=31
num_cat=0
split_feature=30 12 2 35 38 5 2 31 35 39 12 35 38 38 5 15 40 40 3 7 30 40 37 16 4 4 33 35 33 3
split_gain=6.81364 4.94397 11.7367 14.9171 11.7706 11.3222 9.18977 9.5783 12.0374 9.62757 8.85855 8.40669 8.10307 12.1819 7.8829 7.4891 6.6648 6.63345 6.60892 7.99527 7.51639 5.9822 5.85308 5.81411 5.51175 4.73865 4.57304 4.22798 4.06351 3.68867
threshold=399.00000000000006 68.350000000000009 44.650000000000013 0.36666666666666364 0.21918228853626612 49.050000000000004 46.650000000000013 -4.4999999999999991 4.5833333333333295 -12.999999999999998 67.450000000000017 -1.7333333333333305 0.2257884059885765 0.28504143779653551 67.350000000000009 55.350000000000001 0.24874367023336125 0.28180295467649846 58.250000000000007 55.850000000000001 465.00000000000006 0.21935289770413682 0.20139943575560473 50.150000000000013 77.550000000000011 70.050000000000011 51.650000000000013 0.80000000000000082 65.050000000000011 54.45000000000001
decision_type=2 2 2 2 2 2 2 10 2 2 2 2 2 2 2 2 2 2 2 2 2 2 2 2 2 2 8 2 10 2
left_child=27 2 3 4 5 -2 18 8 21 11 12 -9 15 -14 -11 -4 -6 28 19 23 22 -8 -20 -3 -21 -5 -22 29 -12 -1
right_child=1 6 10 25 16 -7 7 9 -10 14 17 -13 13 -15 -16 -17 -18 -19 20 24 26 -23 -24 -25 -26 -27 -28 -29 -30 -31
leaf_value=-0.035056933003698963 0.0039957133583829792 -0.011504614024333303 -0.0049117441581967127 -0.044263717912778583 0.0087539625863764358 0.029791534074191536 0.0027977391943171987 0.011208724756088251 -0.03105718872843647 0.0036633270631083788 -0.019425210506747073 -0.0023396552467480967 0.0057890766793569151 -0.0041205571096616057 0.01277001686207683 0.00086102759476976631 -0.012820865956396846 0.0076067404616725542 4.7712848240529757e-05 0.018345327032657212 0.013510100672004022 -0.0059808847070158162 0.042090125556799834 0.0090760426947197933 -0.014304901915198323 -0.0047130976652303182 -0.01717741643453723 0.016422925198127599 -0.051183256130734482 -0.0034701841371726537
leaf_weight=27.853412581607699 71.709890375845134 377.58401310723275 1800.3355738492683 16.068725998513404 93.061169133987278 106.37512818351388 378.69036069884896 128.309829111211 36.473133618012071 2594.0939730880782 34.98956903629005 1052.6161724422127 758.87850484438241 523.81054587103426 262.18192641809583 814.65362486522645 58.007031485438347 16.109936457127333 13.891011355444787 46.524002901278436 20.496282895095646 396.93760717008263 21.301133520901203 37.397598224692047 17.632421776652336 14.882842179387806 29.201617740094662 7.2164816083386532 14.767102211713789 14.39727148413658
leaf_count=453 961 4040 14254 177 951 731 3280 964 217 16966 312 7314 4955 3382 1198 5176 358 89 128 361 271 2486 220 411 112 132 149 71 65 185
internal_value=0.000128611 0.000223247 -0.00103679 0.00760188 0.010735 0.0194404 0.00123056 0.00193391 -0.0030174 0.00293118 -0.00182308 -0.00086254 -0.00151414 0.00173839 0.00450141 -0.00311146 0.000433603 -0.019999 -0.00480694 -0.00709065 0.00801712 -0.00168858 0.025684 -0.00963613 0.0092858 -0.0254835 -0.00441923 -0.0183612 -0.0290346 -0.0244452
internal_weight=9786.45 9736.98 4323.65 360.105 329.153 178.085 5413.33 4849.3 812.101 4037.2 3963.54 1180.93 3897.68 1282.69 2856.28 2614.99 151.068 65.8666 564.028 479.138 84.89 775.628 35.1921 414.982 64.1564 30.9516 49.6979 49.4672 49.7567 42.2507
internal_count=70369 69660 31543 3310 3001 1692 38117 32425 5983 26442 28233 8278 27767 8337 18164 19430 1309 466 5692 4924 768 5766 348 4451 473 309 420 709 377 638
is_linear=0
shrinkage=0.05


Tree=168
num_leaves=31
num_cat=0
split_feature=30 8 40 3 38 0 14 40 33 7 12 32 16 7 16 35 8 34 16 2 34 7 9 5 5 15 0 15 40 1
split_gain=6.24281 6.74266 7.18773 8.72261 8.25008 11.0759 8.13358 11.6652 10.8726 8.03606 7.8826 6.3476 13.7355 8.05138 5.35192 15.0759 9.70585 13.1456 10.3354 5.77492 9.03644 7.3661 7.13188 17.2381 6.7672 4.39893 4.12168 2.94339 3.47521 0.56635
threshold=399.00000000000006 22.750000000000004 0.21910465222425088 54.45000000000001 0.26181233932473108 55.650000000000013 31.050000000000004 0.20866493643838882 62.050000000000004 58.050000000000004 53.900000000000006 53.150000000000013 50.350000000000001 45.250000000000007 50.250000000000007 -2.8000000000000003 78.450000000000017 2.4166666666666674 55.050000000000004 58.45000000000001 7.5833333333333348 63.250000000000007 75.450000000000017 51.550000000000004 64.950000000000017 54.050000000000004 49.850000000000001 52.650000000000013 0.20869492669028492 51.550000000000004
decision_type=2 2 2 2 2 2 2 2 8 2 2 10 2 2 2 2 2 2 2 2 2 2 2 2 2 2 2 2 2 2
left_child=26 2 6 4 9 -6 7 8 -2 -4 -5 12 -8 -13 19 -16 18 -18 -17 22 21 -21 24 -24 -3 -12 29 28 -28 -1
right_child=1 14 3 10 5 -7 11 -9 -10 -11 25 13 -14 -15 15 16 17 -19 -20 20 -22 -23 23 -25 -26 -27 27 -29 -30 -31
leaf_value=-0.054719501131433729 0.028749141334552267 -0.00098423547570010536 -0.014119287016875762 -0.01262119286955791 -0.001413122532747225 0.05107709455012828 -0.014008127232130366 0.071215268341545818 -0.029054291664306193 0.018771001525286882 0.034363423093631218 -0.0079626722000180252 0.06768257992194987 0.020564140884153467 0.042791920564144881 -0.013500034657855077 -0.002307819502969025 0.042731585663191643 0.0024953838897825396 0.0051427378878292291 -0.022175209587114789 -0.012784911070564529 0.039847004631432703 -0.020896994801469781 0.003833008712265685 0.0090069136893483146 -0.017821639883381653 -0.031143107061148395 0.017977728922090715 -0.025572392901774262
leaf_weight=6.8654946819879097 38.441608696244657 6536.7554588872008 151.21131169982255 21.781598752364516 36.29357127007097 13.705801377072929 55.91508414177224 12.286628314293919 10.145301230251787 20.96097270026803 34.581126060336828 33.209104144014418 5.5551124159246674 93.909475242719054 16.089858527295291 343.28126491140574 59.893311658874154 22.012393444776535 142.33558368124068 1087.6217803489417 33.278697438538074 60.243450328707695 32.868069000542164 17.889810062944889 820.21191359683871 35.2784867528826 14.177591508254411 11.323399593122302 12.786743173375724 3.6417865995317698
leaf_count=205 461 49887 1215 144 279 89 1010 117 57 130 259 302 95 712 134 2434 406 117 1091 5819 170 312 202 102 3871 245 184 123 118 79
internal_value=0.000121569 0.000211577 0.00552113 0.000467966 -0.00486945 0.0129489 0.011855 0.0277577 0.0165418 -0.0100775 0.0134535 0.00668339 -0.00644653 0.0130719 -0.00011399 -0.00474718 -0.00611107 0.00977303 -0.00880189 0.000200304 0.00344739 0.00419645 -0.0003168 0.0183402 -0.000446447 0.0216613 -0.0176985 -0.00986085 -0.000656795 -0.0454249
internal_weight=9784.55 9735.76 563.275 313.813 222.172 49.9994 249.462 60.8735 48.5869 172.172 91.6412 188.589 61.4702 127.119 9172.48 583.612 567.523 81.9057 485.617 8588.87 1181.14 1147.87 7407.73 50.7579 7356.97 69.8596 48.795 38.2877 26.9643 10.5073
internal_count=70369 69660 5115 2361 1713 368 2754 635 518 1345 648 2119 1105 1014 64545 4182 4048 523 3525 60363 6301 6131 54062 304 53758 504 709 425 302 284
is_linear=0
shrinkage=0.05


Tree=169
num_leaves=27
num_cat=0
split_feature=30 8 37 3 2 30 27 38 2 2 1 16 16 35 33 13 3 37 29 12 1 19 40 38 37 32
split_gain=5.73215 6.06601 6.81292 7.06195 6.26477 6.26026 15.4559 8.70985 5.61925 5.30423 4.62953 8.59738 8.17591 13.7578 7.67894 9.65858 7.56205 7.39553 5.64677 10.7438 6.32167 4.16738 3.86821 3.63463 3.31722 0.855136
threshold=399.00000000000006 21.250000000000004 0.16984123166662851 56.250000000000007 54.550000000000004 483.00000000000006 5.5000000000000009 0.16760500984831403 45.95000000000001 45.350000000000001 56.650000000000013 55.750000000000007 50.250000000000007 -2.8000000000000003 85.450000000000017 53.550000000000004 53.850000000000001 0.70845238095238117 53.500000000000007 91.050000000000011 38.850000000000001 1.0000000180025095e-35 0.19494672108844749 0.21914039118494669 0.31080622994676693 60.650000000000013
decision_type=2 2 2 2 2 2 2 2 2 2 2 2 2 2 8 2 2 2 2 2 2 2 2 2 2 8
left_child=21 2 9 5 8 7 -7 -4 -5 -2 12 14 18 -14 17 -16 -15 -12 19 -3 -20 -1 25 -11 -24 -23
right_child=1 10 3 4 -6 6 -8 -9 -10 23 11 -13 13 16 15 -17 -18 -19 20 -21 -22 22 24 -25 -26 -27
leaf_value=0.009974751996364651 0.01555681823375 -0.00070788648405273888 0.032499809785112257 0.03672629528263828 0.040297265177119068 -0.0025406211469820379 0.031262203554578483 -0.0042274885815366675 0.0031552947093217484 -0.0090749380553288763 0.00082035068928464842 0.030579704560779936 0.039868913849377761 -0.013253015850421719 -0.002609198395142987 0.042872324157157582 0.00035811761764036905 0.027966490931835643 -0.018027395839987796 0.012634806804733459 -0.00052839211854757316 -0.031904702683646674 0.0083329530991827893 -0.045444364061695552 -0.02891036048239596 -0.060398558217798506
leaf_weight=10.742273188196121 10.601935703307388 405.78923095623031 17.478821281343699 16.527049173600972 26.365659672766924 75.508330947719514 60.766420535743237 196.17011599102989 51.539581061340868 15.901184489950539 1779.0401045335457 26.109660258516669 14.988075827248393 298.94179335609078 21.453484274446964 24.974636189639568 153.8263852596283 25.36546778678894 51.966416662558913 239.45343363285065 6209.5797112709843 7.1263630343601081 10.413480123504996 12.695468294434248 13.345581297762692 6.529747619293631
leaf_count=169 134 4067 196 149 186 662 520 1881 465 160 9370 131 129 2386 112 135 1101 136 880 2036 44706 176 115 118 185 64
internal_value=0.000114816 0.000200533 0.00565938 0.00743018 0.0195709 0.00413488 0.0125076 -0.0011856 0.0114218 -0.0142551 -8.43059e-05 0.00213205 -0.000649105 -0.00704605 0.00172641 0.0217883 -0.00861858 0.00120626 -0.000215058 0.00423711 -0.000674706 -0.0170739 -0.024979 -0.0254975 -0.0124107 -0.0462327
internal_weight=9783.2 9735.04 483.555 444.356 94.4323 349.924 136.275 213.649 68.0666 39.1986 9251.49 1876.94 7374.55 467.756 1850.83 46.4281 452.768 1804.41 6906.79 645.243 6261.55 48.1574 37.4152 28.5967 23.7591 13.6561
internal_count=70369 69660 4471 4059 800 3259 1182 2077 614 412 65189 9884 55305 3616 9753 247 3487 9506 51689 6103 45586 709 540 278 300 240
is_linear=0
shrinkage=0.05


Tree=170
num_leaves=31
num_cat=0
split_feature=37 12 30 8 0 38 38 0 8 36 18 7 30 37 8 15 6 38 38 2 38 13 5 15 12 15 15 13 36 15
split_gain=6.00937 9.64979 10.8748 11.2566 10.4886 9.55015 9.18661 10.7853 13.3778 10.977 9.58216 8.82335 8.635 8.15375 7.87608 7.32664 12.5278 7.55187 7.19829 6.97214 6.94943 7.12095 6.13878 7.03423 9.17351 6.09749 5.82497 10.1338 7.78236 5.82341
threshold=0.44144582293928969 70.050000000000011 433.00000000000006 49.95000000000001 50.350000000000001 0.19953153788755482 0.22326164146806868 49.95000000000001 51.750000000000007 59.806575375921376 8.5000000000000018 58.150000000000013 471.00000000000006 0.37157033164952857 34.850000000000001 56.45000000000001 79.350000000000009 0.21910131110244305 0.28504143779653551 44.95000000000001 0.20254366551690334 50.850000000000001 54.45000000000001 42.550000000000004 59.45000000000001 37.250000000000007 51.650000000000013 50.750000000000007 47.458261299447194 53.95000000000001
decision_type=2 2 2 2 2 2 2 2 2 2 2 2 2 2 2 2 2 2 2 2 2 2 2 2 2 2 2 2 2 2
left_child=1 5 3 4 -3 25 7 8 11 15 -8 -2 -13 -6 18 16 -9 -17 19 -7 -16 -22 -12 24 -24 -1 28 -28 -5 -4
right_child=6 2 29 26 13 14 10 9 -10 -11 22 12 -14 -15 20 17 -18 -19 -20 -21 21 -23 23 -25 -26 -27 27 -29 -30 -31
leaf_value=0.010740322260851419 -0.0057910316750584313 -0.024753947271216891 0.0032551237740533496 -0.0014313337716905274 0.016185344088109191 0.015766623719749431 0.030776187953385062 -0.0020531035822719773 -0.026881905837000897 0.043427465681748649 0.0017311050961669927 -0.0061334225492457317 0.035869659415210552 -0.026289828024050776 0.026367340553774848 0.01276662228021206 0.019320844045919265 -0.00033318033288402664 -0.023409058931193726 -0.0075061641194911592 -0.0054382583861448787 0.0021625418268189853 0.036758134321709678 0.0066468639498290421 0.0016756384113389693 -0.0099116760047293761 0.020927380238034421 -0.015841465123267912 -0.030596274707134621 -0.0006713850331017332
leaf_weight=38.013413660228252 325.84054186241701 25.43374121747911 2544.3030545292422 32.267957151867449 91.941301049664617 36.643018065020442 37.983807604759932 926.41875375341624 68.257173291407526 16.012037605047226 566.76446021068841 21.961144933477044 26.974989898502827 12.709385944530366 25.285668487660587 259.09943916276097 73.92177833430469 189.87941547483206 61.51157497568056 254.01299076713622 431.59320881450549 1076.6106801684946 48.154964795336127 366.11132370959967 30.872602486982942 530.28494757786393 25.978274083696306 66.010645822621882 81.746782813221216 1498.5524154212326
leaf_count=244 3362 451 18412 344 742 402 190 6508 788 81 4370 145 147 92 184 1531 550 1084 470 2073 3395 7279 240 1847 171 4413 225 470 708 9408
internal_value=0.000487628 -0.000326781 0.001079 -0.00755878 0.00392445 -0.0028373 0.00237037 0.000300865 -0.00653131 0.00237025 0.00612693 -0.00280538 0.0169438 0.010959 -0.00112169 0.00191023 -0.00046687 0.00721656 -0.00786439 -0.00455055 0.000423924 -9.43267e-06 0.00519378 0.00958995 0.0231356 -0.00851982 -0.0148327 -0.00539196 -0.0223944 0.00179848
internal_weight=9791.15 6832.9 4378.94 336.088 130.084 2453.96 2958.25 1908.37 443.034 1465.33 1049.89 374.777 48.9361 104.651 1885.66 1449.32 1000.34 448.979 352.168 290.656 1533.49 1508.2 1011.9 445.139 79.0276 568.298 206.004 91.9889 114.015 4042.86
internal_count=70326 49312 30852 3032 1285 18460 21014 14196 4442 9754 6818 3654 292 834 13803 9673 7058 2615 2945 2475 10858 10674 6628 2258 411 4657 1747 695 1052 27820
is_linear=0
shrinkage=0.05


Tree=171
num_leaves=31
num_cat=0
split_feature=3 27 8 1 35 35 7 35 35 6 6 37 40 40 13 1 18 14 36 2 1 36 40 14 30 40 8 2 31 30
split_gain=6.10754 6.03903 6.8657 6.99952 11.0388 6.22335 8.89051 7.12095 12.1294 5.95934 5.71743 5.58987 8.68744 9.14553 12.804 7.31175 7.60366 12.7797 6.55876 10.7725 8.32569 6.32498 6.25436 6.74221 5.48639 5.47304 5.37507 4.6711 4.56248 4.36241
threshold=35.650000000000013 7.5000000000000009 27.850000000000005 55.050000000000004 1.233333333333331 -1.7333333333333305 51.350000000000001 -1.1000000000000048 -0.8000000000000006 60.350000000000001 65.850000000000009 0.44144582293928969 0.1939797015063229 0.20646771121060492 48.850000000000001 60.350000000000001 13.500000000000002 52.850000000000001 42.581769533824634 48.850000000000001 52.250000000000007 51.16534444302912 0.1907268986742118 53.750000000000007 479.00000000000006 0.31253619410826766 60.45000000000001 53.750000000000007 2.5000000000000004 457.00000000000006
decision_type=2 2 2 2 2 2 2 2 2 2 2 2 2 2 2 2 2 2 2 2 2 2 2 2 2 2 2 2 8 2
left_child=10 11 3 4 -3 6 9 -7 -9 -4 25 15 22 14 -14 18 21 -18 19 -2 -20 -17 23 -13 -15 29 -12 -8 -24 -1
right_child=1 2 5 -5 -6 7 27 8 -10 -11 26 12 13 24 -16 16 17 -19 20 -21 -22 -23 28 -25 -26 -27 -28 -29 -30 -31
leaf_value=-0.033942769950878325 0.01824786845645995 0.014747469940303596 0.02762451555247732 -0.005912143715782775 0.066772128339121509 -0.01800189567660054 0.056028957097486912 0.036691549767755315 0.0014863738432676795 -0.006729141846115342 0.013008334857827826 -0.0038103255111534076 0.040767862694385322 0.0050894455839165182 0.0074629482902799603 0.017536866069714125 0.018193119011688345 -0.022378283819268988 -0.0039540153235511268 -0.0010810512931999363 0.00010717486610777937 -0.013541322760922495 -0.0042931366947313527 0.017157886547214597 -0.00047090907010796722 -0.049548932098341124 -0.017456559603024904 0.017223072281818928 -0.039880483365981823 -0.0026859245571028319
leaf_weight=16.909836534410715 112.50961138214916 93.7102155899629 17.886508490890265 32.467025700956583 11.4546264372766 44.897679409943521 15.482524356804786 24.941490337252617 1101.5176450535655 41.91795929055661 35.309494845569134 463.29488181788474 36.786341108381748 970.78326831478626 135.73750344105065 22.249525144696236 157.2363645080477 21.950768604874611 2156.9572506165132 199.06102220062166 3035.7081530578434 60.40779198333621 17.280990025028586 41.639946990646422 814.07817423064262 13.284684676676987 24.37799712549895 16.682989431545138 19.596338318660855 33.705256940796971
leaf_count=171 1223 835 125 190 99 302 111 166 7479 317 300 4709 280 6227 1101 107 790 119 19855 1529 17892 290 134 353 4820 72 178 98 177 277
internal_value=0.000462727 0.000604479 0.00364002 0.0142483 0.0205196 0.00247932 0.0150022 0.00149061 0.0022735 0.00349095 -0.0105754 8.93144e-05 0.00206488 0.00361708 0.0146128 -0.00076611 0.00739304 0.0131854 -0.00115529 0.00588628 -0.00157886 -0.00510426 -0.00353311 -0.00206821 0.00255067 -0.0209588 0.000473627 0.0361726 -0.0233959 -0.0132734
internal_weight=9789.82 9666.24 1400.96 137.632 105.165 1263.33 91.97 1171.36 1126.46 59.8045 123.587 8265.28 2499.2 1957.39 172.524 5766.08 261.844 179.187 5504.24 311.571 5192.67 82.6573 541.812 504.935 1784.86 63.8998 59.6875 32.1655 36.8773 50.6151
internal_count=70326 69328 9722 1124 934 8598 651 7947 7645 442 998 59606 17801 12428 1381 41805 1306 909 40499 2752 37747 397 5373 5062 11047 520 478 209 311 448
is_linear=0
shrinkage=0.05


Tree=172
num_leaves=30
num_cat=0
split_feature=16 3 33 27 8 32 12 34 5 30 5 32 15 7 31 32 4 1 33 33 4 34 40 18 5 32 12 33 9
split_gain=5.85787 5.72125 10.4111 6.579 9.51829 10.9254 9.44011 10.5451 9.32489 8.75287 8.19937 7.71464 13.2234 6.7711 6.4849 6.1207 5.54925 7.07227 5.39104 6.33648 4.88115 4.8413 4.52561 4.44392 4.05263 3.88355 2.85782 2.57664 1.5308
threshold=39.100000000000009 37.350000000000001 39.050000000000004 5.5000000000000009 16.450000000000003 59.350000000000001 68.850000000000009 5.166666666666667 32.850000000000001 539.00000000000011 46.45000000000001 84.250000000000014 54.250000000000007 50.650000000000013 1.0000000180025095e-35 44.850000000000001 70.750000000000014 52.250000000000007 64.850000000000009 62.45000000000001 83.250000000000014 1.1666666666666667 0.19975770784683081 15.500000000000002 49.650000000000013 45.750000000000007 73.950000000000017 36.45000000000001 49.650000000000013
decision_type=2 2 10 2 2 10 2 2 2 2 2 10 2 2 8 10 2 2 10 10 2 2 2 2 2 8 2 10 2
left_child=-1 2 21 4 5 22 8 10 27 -10 -8 15 -13 -7 18 -6 17 -16 19 -4 -20 25 -3 -9 -18 26 -2 -5 -27
right_child=1 3 14 6 11 13 7 23 9 -11 -12 12 -14 -15 16 -17 24 -19 20 -21 -22 -23 -24 -25 -26 28 -28 -29 -30
leaf_value=-0.022689486823904537 -0.032163032977391495 0.020380046970357741 -0.0080475602817877429 -0.056038913972576834 -0.0081335349717694908 -0.046465918638678647 0.010313447366577235 -0.00042126025322055527 0.00040210885963055693 -0.029859946367295664 0.0033240599764541379 0.041629291418897409 -0.0077329211273269808 -0.011297642029078618 0.00095363977447329371 6.3424217812164417e-05 -0.021161732567004498 0.032122222271066397 -0.037832350355305279 0.029486103947943456 -0.0064170930205985303 0.005561994857164322 -0.0097213566904764195 -0.019895544909895035 0.0051325396351265462 -0.025381303250306249 0.02130298321317535 -0.01926438926177141 -0.051218866077311909
leaf_weight=27.191218903288245 5.1291752522811276 19.388526892755181 72.531920734792948 7.7680530915968147 238.52235371526331 30.256275448948145 582.08547565713525 59.944262489676476 1806.4099561590701 24.114537169225514 1517.1321006314829 28.984157413244247 25.111880175769329 25.903886234387755 41.823024382814765 4970.5509109906852 24.798007488250732 32.606126129627228 26.174455426633358 13.182876855134962 24.288003668189049 8.9403360756114107 34.563813170418143 58.223644791170955 35.057909943163395 9.6429234426468629 4.6088826544582844 14.24668253585696 20.938640436157584
leaf_count=198 147 354 598 176 4518 202 5451 316 12796 171 9178 135 113 153 332 33123 170 200 120 66 106 133 420 329 181 161 117 118 244
internal_value=0.000439038 0.000504199 -0.00607115 0.000727414 -0.000420389 -0.0149631 0.00224399 0.00444514 -0.000388056 0 0.00526491 -0.000114908 0.0186507 -0.0303823 -0.0021963 -0.000311102 0.00557456 0.0146999 -0.00989434 -0.00218901 -0.0228534 -0.0271972 0.00102119 -0.0100676 -0.00569478 -0.0345806 -0.00639078 -0.0326614 -0.0433441
internal_weight=9790.12 9762.93 319.722 9443.21 5373.28 110.113 4069.92 2217.39 1852.54 1830.52 2099.22 5263.17 54.096 56.1602 270.462 5209.07 134.285 74.4292 136.177 85.7148 50.4625 49.26 53.9523 118.168 59.8559 40.3196 9.73806 22.0147 30.5816
internal_count=70326 70128 2575 67553 39018 1129 28535 15274 13261 12967 14629 37889 248 355 1773 37641 883 532 890 664 226 802 774 645 351 669 264 294 405
is_linear=0
shrinkage=0.05


Tree=173
num_leaves=23
num_cat=0
split_feature=16 3 32 32 33 1 38 37 37 40 38 31 0 32 40 7 38 32 32 33 28 15
split_gain=5.33812 5.25955 7.79098 6.4472 7.99901 5.81084 5.80555 5.11915 5.0181 8.75115 7.07334 9.88902 7.20711 6.93586 7.35892 7.17395 7.0603 6.72768 7.82758 6.55827 5.33202 2.34318
threshold=39.100000000000009 35.650000000000013 49.550000000000004 65.950000000000017 58.050000000000004 49.250000000000007 0.23958345806875797 0.34160959629316762 0.43283053819633704 0.1939797015063229 0.21934528103672352 -2.4999999999999996 36.650000000000013 83.050000000000011 0.27658578391069594 65.950000000000017 0.21889665721479709 41.250000000000007 44.250000000000007 71.050000000000011 3.5000000000000004 53.850000000000001
decision_type=2 2 8 10 8 2 2 2 2 2 2 8 2 8 2 2 2 10 10 8 2 2
left_child=-1 2 5 4 6 -2 -4 -5 13 17 12 -12 -11 14 15 -3 -15 21 -19 -18 -16 -10
right_child=1 8 3 7 -6 -7 -8 -9 9 10 11 -13 -14 16 20 -17 19 18 -20 -21 -22 -23
leaf_value=-0.021764981455396664 -0.0093736468698105112 0.00035543427883827215 0.0055588775397334171 0.016828029821280493 -0.04297294285680571 0.058293288806951719 -0.041129970030007318 -0.016191601195538193 -0.026796007817528091 0.026201952297869025 -0.0032153473345352887 0.0087402689984221148 0.00047833806588684272 -0.0051038818468523255 -0.00072777430383893517 0.017461315358545684 -0.0031395045140942043 0.02857777770789487 -0.0025150367408075425 0.031692763072513876 -0.0066360700783310638 0.0075340052622934377
leaf_weight=26.93969960976392 5.6239706897176784 4888.4829557482153 23.923273092135787 22.93918052315712 30.360320419073105 6.8024523612111807 9.0521434191614372 23.829604960978031 36.32067922083661 27.778961146250367 211.40802252478898 936.22953751590103 1199.1710154833272 35.94345485791564 854.44675434753299 61.990847669541836 18.241401575505733 20.829868359491229 602.01135807763785 49.239752072840929 693.52912197075784 5.4603045275434843
leaf_count=198 114 38324 265 115 191 104 94 115 801 346 1335 5626 7749 199 4505 340 79 394 5201 285 3848 98
internal_value=0.000416236 0.000478173 -0.00980908 -0.0140794 -0.0244634 0.027439 -0.0071922 0 0.000609535 0.00229085 0.00371116 0.00653346 0.0010669 -0.000163733 -0.000369026 0.000570996 0.0126749 -0.00277596 -0.00146274 0.0222123 -0.00337832 -0.0221828
internal_weight=9790.55 9763.61 122.531 110.105 63.3357 12.4264 32.9754 46.7688 9641.08 3039.21 2374.59 1147.64 1226.95 6601.87 6498.45 4950.47 103.425 664.622 622.841 67.4812 1547.98 41.781
internal_count=70326 70128 998 780 550 218 359 230 69130 21550 15056 6961 8095 47580 47017 38664 563 6494 5595 364 8353 899
is_linear=0
shrinkage=0.05


Tree=174
num_leaves=31
num_cat=0
split_feature=40 33 35 1 1 37 1 9 33 13 30 36 4 40 30 37 12 40 32 33 33 4 9 4 35 33 37 32 1 36
split_gain=4.92394 9.31075 9.91164 12.4956 9.09721 8.47763 7.77354 9.05347 8.55363 11.7037 9.61758 10.0298 8.871 8.49744 7.60999 7.49627 6.5845 6.21818 9.24023 8.71517 8.41347 18.9815 8.48234 7.92801 7.8314 9.84303 7.29579 5.71003 5.18444 4.37917
threshold=0.28040801278865057 39.650000000000013 -0.49999999999999639 48.150000000000013 41.750000000000007 0.70845238095238117 46.550000000000004 42.750000000000007 41.550000000000004 47.150000000000013 495.00000000000006 41.415034012969642 80.050000000000011 0.25546680571811103 469.00000000000006 0.4730306398689394 83.750000000000014 0.21908043774766936 31.250000000000004 76.750000000000014 51.050000000000004 58.350000000000001 48.95000000000001 66.850000000000009 1.9833333333333345 66.050000000000011 0.5046451326794964 70.250000000000014 42.550000000000004 59.806575375921376
decision_type=2 8 2 2 2 2 2 2 10 2 2 2 2 2 2 2 2 2 10 10 8 2 2 2 2 10 2 10 2 2
left_child=6 2 -2 4 -4 29 7 -1 9 13 11 -10 -11 -9 -6 16 -5 19 -19 24 21 -20 -22 -21 26 -26 -8 -25 -12 -3
right_child=1 5 3 15 14 -7 17 8 10 12 28 -13 -14 -15 -16 -17 -18 18 20 23 22 -23 -24 27 25 -27 -28 -29 -30 -31
leaf_value=0.028060819390610184 -0.0208520267283888 -0.0029822555832434787 0.0028112308335857816 -0.038297579940233438 0.024942011145243762 0.02383206195198696 0.00022285446985813038 -0.0017893012139733367 0.030410321520852848 -0.019846973832297068 0.0071953245816615413 0.0017572875117710452 0.0059562963122780088 0.04194498035414141 0.08107377530375752 0.020767752000412594 0.011249372303002705 0.038001329473128162 0.0083507145397556087 -0.0092918910109386216 -0.004948586631389312 -0.0091647776766114689 0.0058326786041910175 0.038597946790444357 -0.01043334997943046 0.0058291401647518511 0.012102525787088474 0.012136670950529222 -0.019699975091024943 0.007084828256340301
leaf_weight=22.060218179598451 18.48919060267508 2272.8968345150352 10.795481432229279 14.115424711257219 10.789268305525185 30.8248475715518 2941.144350911025 132.00819725636393 34.094574581831694 218.21083580469713 23.317694831639528 291.22529405914247 38.926605469547212 12.014732671901582 15.00382177531719 32.394328851252794 12.40737853012979 19.163702133111656 266.3528711758554 33.042119607329369 201.73074598610401 368.29182113241404 1857.14773863554 26.901698961853981 351.71800898853689 125.99881958961487 135.14020951092243 88.54493360221386 73.40619045868516 113.04967015236616
leaf_count=241 235 11415 148 183 130 150 24566 2187 238 4286 165 2121 478 151 163 334 145 211 2813 140 1044 3822 9222 112 2701 547 918 390 510 560
internal_value=0.000394973 -0.00150334 0.012448 0.018962 0.0418864 -0.00216396 0.00105737 -0.00344764 -0.00430138 -0.00952894 0.000656739 0.00478401 -0.0159205 0.001851 0.0579739 0.00459389 -0.0149765 0.00165177 0.00347054 0.000317814 0.00322161 -0.0018057 0.0047737 0.012182 -0.000176803 -0.0061333 0.000746726 0.0183741 -0.0131638 -0.00250289
internal_weight=9791.21 2530.77 113.995 95.5057 36.5886 2416.77 7260.44 845.264 823.204 401.16 422.044 325.32 257.137 144.023 25.7931 58.9171 26.5228 6415.18 2712.69 3702.49 2693.52 634.645 2058.88 148.489 3554 477.717 3076.28 115.447 96.7239 2385.95
internal_count=70326 13463 1338 1103 441 12125 56863 10377 10136 7102 3034 2359 4764 2338 293 662 328 46486 17112 29374 16901 6635 10266 642 28732 3248 25484 502 675 11975
is_linear=0
shrinkage=0.05


Tree=175
num_leaves=31
num_cat=0
split_feature=26 3 5 8 36 6 4 5 11 9 2 9 36 2 5 27 5 37 30 6 4 31 36 4 36 30 12 9 15 32
split_gain=7.05816 12.7013 9.35047 7.38889 8.62873 8.01168 7.01709 6.39049 6.17274 7.40551 6.01694 6.58927 8.33463 6.48805 6.08028 5.60072 5.49136 7.81121 5.47455 4.99911 6.90823 5.96634 4.579 3.44757 5.82221 4.82616 10.6391 4.54494 3.26956 3.02336
threshold=1.0000000180025095e-35 47.050000000000004 44.650000000000013 68.65000000000002 54.465246704259762 71.850000000000009 92.850000000000009 72.250000000000014 50.050000000000004 50.650000000000013 62.750000000000007 50.250000000000007 47.318440393100417 62.350000000000001 33.95000000000001 5.5000000000000009 76.850000000000009 0.34918642490022672 447.00000000000006 74.350000000000009 90.850000000000009 1.5000000000000002 48.665320600811036 79.750000000000014 53.088152128026387 493.00000000000006 71.350000000000009 50.350000000000001 54.650000000000013 49.150000000000013
decision_type=2 2 2 2 2 2 2 2 2 2 2 2 2 2 2 2 2 2 2 2 2 10 2 2 2 2 2 2 2 8
left_child=7 22 28 4 6 -6 -4 8 10 29 13 12 -12 14 -1 -13 18 -18 -9 20 -20 -21 -2 25 -25 26 -24 -26 -3 -10
right_child=1 2 3 -5 5 -7 -8 16 9 -11 11 15 -14 -15 -16 -17 17 -19 19 21 -22 -23 23 24 27 -27 -28 -29 -30 -31
leaf_value=-0.010244450353602946 0.004635596766947107 -0.031253631531795917 0.0072580703814148946 -0.01107538414718184 0.041200691066595393 0.0071735437511339 -0.026586569463727772 -0.0060892069684976369 -0.013095751608267748 0.013578433980757233 -0.0025223501975338062 0.011828018647749489 0.030884763176003367 -0.02066465480085336 0.00019036635151839016 -0.019432583098904374 0.011184069201926602 -0.019854592921035946 0.015340235347995801 -0.013535577904551836 0.046432254412923708 0.018972006482610868 -0.043787474194477476 -0.049773521919998544 -0.0052936453263688291 0.00668417355741119 0.0064813925034338804 -0.039304682884318681 -0.0067146914480949171 -0.057297656437795302
leaf_weight=141.76588092790917 18.824252407997847 25.757422677241266 71.25714541785419 54.465079363435507 33.12440824508667 37.084596376866102 19.400241386145353 35.239821247756481 6.3590437518432799 8.6440559383481723 28.013187475502491 30.837094318121672 54.256495542824268 37.959478918462992 8742.8859967887402 26.499394044280052 42.547379247844219 38.403205372393131 97.658102612942457 27.4985271692276 22.158031463623047 28.675056248903275 24.795612940564752 23.310754427686334 26.376011891290545 20.539244823157787 17.928139142692089 15.992639049887655 30.094952350482345 11.689720273949204
leaf_count=1931 170 265 497 318 180 201 103 158 174 122 136 147 254 188 62851 125 193 171 449 128 100 134 189 167 172 144 130 101 261 126
internal_value=-2.37504e-05 -0.00637304 3.63723e-05 0.00478461 0.010189 0.0233343 0 0.000259335 2.47632e-05 -0.0239385 9.61622e-05 0.0103926 0.0194595 -6.44931e-05 2.31894e-05 -0.00254142 0.00753659 -0.00348541 0.0117839 0.0153926 0.0211658 0.00297402 -0.0181616 -0.0215295 -0.0296127 -0.0130251 -0.0226105 -0.0183116 -0.0181563 -0.0421577
internal_weight=9800.04 418.951 271.184 215.331 160.866 70.209 90.6574 9381.09 9088.91 26.6928 9062.22 139.606 82.2697 8922.61 8884.65 57.3365 292.18 80.9506 211.23 175.99 119.816 56.1736 147.767 128.942 65.6794 63.263 42.7238 42.3687 55.8524 18.0488
internal_count=70285 2898 1825 1299 981 381 600 67387 66054 422 65632 662 390 64970 64782 272 1333 364 969 811 549 262 1073 903 440 463 319 273 526 300
is_linear=0
shrinkage=0.05


Tree=176
num_leaves=31
num_cat=0
split_feature=26 3 7 40 13 14 2 38 33 40 13 4 30 13 6 2 9 35 13 23 30 1 27 30 37 6 3 29 37 7
split_gain=6.40908 11.5951 7.15645 6.04255 5.89639 8.306 8.62576 10.2148 10.1883 8.70175 8.3114 6.44686 6.99357 10.7401 7.64169 6.97544 6.60093 6.34396 8.65377 8.20752 6.24652 6.07316 5.89107 6.39771 5.76386 8.10186 7.48874 5.66687 6.50401 6.44585
threshold=1.0000000180025095e-35 47.050000000000004 42.850000000000001 0.25904823591350817 55.95000000000001 62.600000000000009 48.95000000000001 0.14761672524006722 76.15000000000002 0.17122911274645322 56.150000000000013 79.750000000000014 469.00000000000006 51.650000000000013 69.65000000000002 62.750000000000007 49.750000000000007 -1.766666666666669 45.650000000000013 1.0000000180025095e-35 437.00000000000006 49.850000000000001 2.5000000000000004 479.00000000000006 0.47598422757233688 48.45000000000001 47.95000000000001 54.250000000000007 0.40814703999501384 48.750000000000007
decision_type=2 2 2 2 2 2 2 2 8 2 2 2 2 2 2 2 2 2 2 2 2 2 2 2 2 2 2 2 2 2
left_child=4 3 -3 22 11 6 7 -6 9 -8 -9 12 13 14 -1 24 -17 19 -19 -14 -15 -10 -2 -24 25 -13 -26 -4 -29 -30
right_child=1 2 27 -5 5 -7 8 10 21 -11 -12 15 17 20 -16 16 -18 18 -20 -21 -22 -23 23 -25 26 -27 -28 28 29 -31
leaf_value=0.0034035371511437272 -0.036380587218127015 -0.032637804377116227 0.031239018141069552 -0.0268564785538715 -0.028553794636294899 -0.012561600168209475 0.014207522802388793 0.025031932685403394 -0.004493293542310507 0.0020271291447651772 -0.00088652862515906051 0.0086484472315285481 0.014710905086090346 -0.014983448842478604 -0.004215845759066375 0.034436457294556154 0.00040628946327191204 0.0092851617301873881 0.00042399306334429558 -0.012644144153633671 -0.0039127392021021572 0.020461939143418737 -0.015959535123804134 0.018124668605268023 0.012595227458371151 -0.0049388981559254407 -0.0028058384921587458 -0.025961458337480772 0.01894961476571564 -0.0017780543455374279
leaf_weight=968.0572299901396 13.094226770102976 15.672605403698979 15.529278494417666 78.631645817309618 32.11900124233216 88.190002270042896 171.92287400364876 32.138239554129541 28.558822795748711 1005.611991899088 761.29393466142938 116.42305222712457 181.04492394533008 175.24557891115546 498.09363580448553 24.013318255543709 35.585863746702671 316.55254116654396 2133.4385549882427 32.036338290199637 474.21572584100068 153.73697512969375 27.822140207514167 27.03249323181808 126.21841304004192 1816.2242103144526 209.43803088832647 21.569163838401437 47.90001486428082 170.18306707218289
leaf_count=7811 114 134 119 489 316 532 1396 276 136 5832 6142 741 1473 1793 4413 108 163 2743 15057 269 3779 715 249 221 788 11684 1220 153 352 1067
internal_value=-2.30577e-05 -0.00608481 2.84412e-05 -0.0174074 0.000246231 0.00246285 0.00307199 -0.000954382 0.00551996 0.0038108 0.000160029 -0.000462241 0.000588003 -0.00155659 0.000811492 -0.00262025 0.014236 0.0022936 0.00157128 0.0105707 -0.00690952 0.0165247 -0.00637587 0.000748673 -0.00306595 -0.0041174 0.00297263 0.0020663 0.00014284 0.00275828
internal_weight=9797.59 417.435 270.854 146.581 9380.16 2273.57 2185.38 825.551 1359.83 1177.53 793.432 7106.59 4778.68 2115.61 1466.15 2327.9 59.5992 2663.07 2449.99 213.081 649.461 182.296 67.9489 54.8546 2268.3 1932.65 335.656 255.182 239.652 218.083
internal_count=70285 2898 1825 1073 67387 15345 14813 6734 8079 7228 6418 52042 37338 17796 12224 14704 271 19542 17800 1742 5572 851 584 470 14433 12425 2008 1691 1572 1419
is_linear=0
shrinkage=0.05


Tree=177
num_leaves=31
num_cat=0
split_feature=5 32 32 4 8 4 31 4 4 32 29 31 8 32 13 37 34 6 33 3 8 33 7 13 4 38 5 0 8 37
split_gain=6.19436 7.61333 6.15096 6.89392 5.4525 5.38607 11.918 8.81091 9.94371 13.7165 11.0697 8.52964 9.79219 9.03654 11.9301 10.3463 8.17548 13.3285 9.13111 7.58397 9.18722 11.6015 8.09153 7.52178 7.50549 6.9556 6.33672 6.68578 5.73394 4.74841
threshold=33.95000000000001 51.95000000000001 54.750000000000007 88.450000000000017 73.250000000000014 79.750000000000014 2.5000000000000004 84.950000000000017 85.050000000000011 64.950000000000017 58.750000000000007 -1.0000000180025095e-35 65.65000000000002 64.050000000000011 47.250000000000007 0.22187032224194067 -1.0000000180025095e-35 78.750000000000014 42.350000000000001 60.750000000000007 15.550000000000002 45.250000000000007 40.750000000000007 68.850000000000009 69.250000000000014 0.13292211212200186 69.15000000000002 58.150000000000013 84.850000000000009 0.32417015006871236
decision_type=2 10 10 2 2 2 8 2 2 10 2 10 2 8 2 2 2 2 10 2 2 10 2 2 2 2 2 2 2 2
left_child=1 4 -3 -4 -1 11 7 16 9 -9 -10 12 23 15 -15 -14 17 -7 -18 20 21 -13 -22 24 -2 -8 27 -27 29 -21
right_child=5 2 3 -5 -6 6 25 8 10 -11 -12 19 13 14 -16 -17 18 -19 -20 28 22 -23 -24 -25 -26 26 -28 -29 -30 -31
leaf_value=-0.034831342765118962 -0.00068632712926785632 0.030414567697348432 -0.0012948927432487251 -0.037677147016694515 0.022786080116723496 -0.0021956410193276622 -0.03667222941901397 0.026468561810785232 3.602587968042759e-05 0.0023741512379035143 0.02636907967455562 0.058021624867464039 0.020262099212879622 0.020092666081484658 -0.015501291433660925 -0.0052888242975352084 -0.026496596247448295 0.027148913236991264 -0.0057890369004863123 0.0057951508804646949 -0.008496037071873833 -0.0033816478978974298 0.0025281222674090539 -0.033886522453074351 0.0064451498014040766 -0.0093032348067962952 0.011073047153394029 0.00095691928495035257 -0.01675589800355861 0.020778258344295086
leaf_weight=36.689604257233441 1919.349248028826 12.007255860604344 78.536359250545502 15.590233776718376 4.4443566203117362 322.54449893999845 18.462117958813906 94.40630863700062 1557.8892949782312 158.98009391874075 40.869195856153965 16.328372277319435 51.551298785954714 25.459733441472054 284.67347068339586 169.8002051031217 62.752007250674069 43.850078681483865 357.73765658028424 101.27318072598428 176.98020617710426 14.172833751887081 2731.2367647103965 15.737396312877534 456.42957987822592 635.17962573189288 52.74529942125082 210.52069136500359 16.37358059361577 113.5231045614928
leaf_count=926 15098 175 703 95 122 2808 131 696 8296 733 187 248 581 142 1427 1712 1032 392 2138 719 1884 81 20037 101 3502 4039 240 1184 107 749
internal_value=-2.24416e-05 -0.0101965 -0.00305695 -0.00740756 -0.0284446 0.000132428 -0.00141329 0.000291179 0.00217605 0.0113778 0.000713914 0.00103537 -0.000911513 -0.00705024 -0.0125576 0.000645701 -0.00413873 0.00130912 -0.00889679 0.00283217 0.00214393 0.0294085 0.00185526 0.000450891 0.000681866 -0.00632401 -0.00569081 -0.00674345 0.011555 0.0137432
internal_weight=9796.09 147.268 106.134 94.1266 41.134 9648.83 3555.94 2639.03 1852.14 253.386 1598.76 6092.89 2923 531.485 310.133 221.352 786.884 366.395 420.49 3169.89 2938.72 30.5012 2908.22 2391.52 2375.78 916.908 898.446 845.7 231.17 214.796
internal_count=70285 2021 973 798 1048 68264 21876 16282 9912 1429 8483 46388 22563 3862 1569 2293 6370 3200 3170 23825 22250 329 21921 18701 18600 5594 5463 5223 1575 1468
is_linear=0
shrinkage=0.05


Tree=178
num_leaves=31
num_cat=0
split_feature=26 5 1 8 13 4 5 8 13 30 33 36 34 6 2 14 13 7 35 30 8 8 36 36 13 7 6 5 2 2
split_gain=5.86087 5.64588 6.37688 8.47819 6.36981 7.25986 7.80375 7.38571 7.05851 9.03627 8.57489 6.83394 6.54905 6.73599 5.94458 6.73268 6.3804 5.61783 5.4121 6.79529 5.39319 5.36029 5.21559 9.21951 11.6099 6.2126 6.04725 5.2189 5.03524 4.20632
threshold=1.0000000180025095e-35 72.250000000000014 53.650000000000013 56.250000000000007 55.95000000000001 79.750000000000014 36.250000000000007 16.450000000000003 54.750000000000007 475.00000000000006 77.15000000000002 59.806575375921376 -0.58333333333333315 73.050000000000011 48.95000000000001 62.600000000000009 56.150000000000013 42.150000000000013 1.0666666666666738 461.00000000000006 44.750000000000007 68.65000000000002 54.281729048323086 49.395981152716509 47.850000000000001 47.750000000000007 77.850000000000009 49.750000000000007 60.850000000000001 50.850000000000001
decision_type=2 2 2 2 2 2 2 2 2 2 10 2 2 2 2 2 2 2 2 2 2 2 2 2 2 2 2 2 2 2
left_child=1 4 3 -3 5 8 29 -8 10 -10 -1 14 -13 -14 16 -16 -6 -2 19 -4 -21 22 23 27 -25 -24 -27 -19 -23 -7
right_child=17 2 18 -5 11 6 7 -9 9 -11 -12 12 13 -15 15 -17 -18 21 -20 20 -22 28 25 24 -26 26 -28 -29 -30 -31
leaf_value=0.0012786054566016629 -0.03377161141769635 0.0068779631952706095 -0.0089537932938385002 -0.021879245697445579 0.020389393963615332 -0.036384291259477855 -0.024719054056836932 -0.0021547406718053696 -0.013212045563933858 0.0024640334563087239 -0.015499949505690792 -0.0056566034087138679 0.032499908703652144 -0.00012595620640370393 0.0046665212958529488 -0.010800759565310571 -0.002650529939463778 -0.0064583812911509142 0.028897637241823832 -0.00331152654583807 0.02397299665958464 -0.022322775957876094 0.033677109775239335 0.01192160023269786 -0.023943006136072188 0.0077676785944093708 -0.021927584497657426 0.024551661224715249 0.0013590254351399365 -0.010247251123843261
leaf_weight=4192.0805349745788 17.196288296952844 87.148264888674021 39.481045067310333 36.154016241431236 31.173012870363891 24.416886752936989 36.841598005034029 2144.9098259937018 205.69616642827168 165.27384150587022 77.421389549970627 27.591469708830118 52.24890526663512 22.234892494976521 1242.6767126079649 74.306480508297682 747.18130231788382 24.949628687463701 42.343110479414463 25.195423513650894 61.487482935190201 68.021518187597394 17.920459378510714 30.081754203885794 87.799298573285341 87.325582189485431 21.193509476259351 29.052286725491285 32.884022835642099 43.848036606796086
leaf_count=33440 163 403 178 164 272 336 332 13317 1759 1163 328 160 284 132 7474 446 6221 251 191 115 282 495 128 249 631 500 123 187 171 390
internal_value=-2.20325e-05 0.000235172 0.00707978 -0.00152445 1.47682e-05 -0.000732218 -0.00306316 -0.00253917 0.000396948 -0.00621581 0.000972823 0.00235932 0.0149927 0.0227063 0.0017408 0.00378928 -0.00171886 -0.00582608 0.0134026 0.00814381 0.0159901 -0.00460168 -0.00121219 -0.00689488 -0.0147461 0.00647272 0.00190739 0.0101467 -0.0145619 -0.0197086
internal_weight=9796.13 9379.71 291.809 123.302 9087.9 6890.49 2250.02 2181.75 4640.47 370.97 4269.5 2197.41 102.075 74.4838 2095.34 1316.98 778.354 416.424 168.507 126.164 86.6829 399.228 298.323 171.883 117.881 126.44 108.519 54.0019 100.906 68.2649
internal_count=70285 67387 1333 567 66054 51065 14375 13649 36690 2922 33768 14989 576 416 14413 7920 6493 2898 766 575 397 2735 2069 1318 880 751 623 438 666 726
is_linear=0
shrinkage=0.05


Tree=179
num_leaves=31
num_cat=0
split_feature=26 3 36 29 15 36 40 38 13 15 13 4 3 7 0 40 32 13 0 30 15 30 6 30 36 38 30 0 33 3
split_gain=5.31278 10.5427 6.68507 8.11218 6.56056 10.9476 5.57569 5.41261 4.97427 10.1478 7.94599 8.93562 7.42939 6.23515 5.58491 6.4072 4.58283 11.6922 6.85315 6.17964 5.00053 4.64978 4.39298 4.56167 4.33123 7.00248 4.12072 3.9498 7.25875 3.83017
threshold=1.0000000180025095e-35 47.050000000000004 54.281729048323086 57.250000000000007 56.750000000000007 50.092747607464865 0.25904823591350817 0.28941250580384786 63.050000000000004 57.250000000000007 68.350000000000009 57.750000000000007 54.050000000000004 49.750000000000007 48.750000000000007 0.23411718132874534 83.050000000000011 51.250000000000007 54.050000000000004 483.00000000000006 48.750000000000007 399.00000000000006 78.050000000000011 487.00000000000006 48.21498351939892 0.2072130960141442 475.00000000000006 58.850000000000001 54.250000000000007 53.750000000000007
decision_type=2 2 2 2 2 2 2 2 2 2 2 2 2 2 2 2 8 2 2 2 2 2 2 2 2 2 2 2 10 2
left_child=8 6 3 4 -3 -6 27 22 16 10 11 13 -13 -10 15 -12 21 20 19 -19 -18 24 23 -4 25 -1 -22 28 -2 -11
right_child=1 2 7 -5 5 -7 -8 -9 9 29 14 12 -14 -15 -16 -17 17 18 -20 -21 26 -23 -24 -25 -26 -27 -28 -29 -30 -31
leaf_value=0.043137395920051926 -0.011270299024144411 -0.021336824803838254 0.019999606382991964 0.01618726920480441 0.03417361871760196 -0.014745814693004185 -0.025568850699883228 0.033816995081025307 -0.034966215435640477 -0.015521075425523998 0.02241220369261774 0.029882979806847426 0.0062029210559418416 0.012094316245262138 -0.013670970602679525 -0.0090480986263192873 -0.025474214010271168 0.02220099808498821 0.037156002453616908 -0.015000804544521337 0.016538999932894077 -8.0771994638689638e-05 -0.017810547332225653 -0.0049448938823605992 -0.030536977745933211 -0.01994401055139202 -0.013552874861000253 -0.019369434654779402 0.034472402550638527 0.0063854029632630155
leaf_weight=6.4945294898934689 24.19452572055161 75.750852805562317 44.841111091896892 31.690723216161132 17.223398727364838 33.488902801647782 77.654821386560798 19.125836860388517 12.512676654383542 63.096668384037912 38.358988001942635 98.589043219573796 50.839121120981872 15.641710029914973 44.818685894832015 27.591232407838106 23.307089738547802 29.743252206593752 37.045841559767723 17.593320891261101 25.067494291812181 8801.9768552687019 17.538434924557805 30.444207768887281 24.151237274520099 13.094730061478911 20.55761906504631 29.846935460343957 13.33328704535961 28.709993183612823
leaf_count=96 278 605 270 211 129 226 489 108 126 366 313 672 305 106 259 151 129 182 187 99 136 63419 111 165 358 227 101 230 76 155
internal_value=-2.14646e-05 -0.00555643 0.000265254 -0.00633225 -0.0120233 0.00180483 -0.0164259 0.00962767 0.000223042 0.00582462 0.0104412 0.0169936 0.0218694 -0.0086936 -2.4212e-05 0.00918086 -1.30992e-05 0.00855411 0.0210378 0.00826653 -0.00666359 -0.000162247 0.00455875 0.00985294 -0.0164059 0.000828624 0.00287096 -0.00579156 0.0048972 -0.00861653
internal_weight=9794.32 415.133 270.103 158.154 126.463 50.7123 145.03 111.95 9379.19 380.158 288.351 177.583 149.428 28.1544 110.769 65.9502 8999.03 153.315 84.3824 47.3366 68.9322 8845.72 92.8238 75.2853 43.7405 19.5893 45.6251 67.3747 37.5278 91.8067
internal_count=70285 2898 1825 1171 960 355 1073 654 67387 2453 1932 1209 977 232 723 464 64934 834 468 281 366 64100 546 435 681 323 237 584 354 521
is_linear=0
shrinkage=0.05


Tree=180
num_leaves=27
num_cat=0
split_feature=9 31 1 1 9 17 7 5 18 6 6 33 8 1 37 7 32 33 12 17 33 9 39 37 32 40
split_gain=10.0133 6.32881 5.4252 4.97693 16.5663 12.0893 11.3898 11.2124 12.3317 9.1082 8.48215 6.34256 7.42763 10.7329 14.5376 9.39155 5.8288 4.97449 9.6724 4.61328 4.95734 4.42437 4.11811 4.19015 1.4078 0.0523819
threshold=41.550000000000004 -1.0000000180025095e-35 49.550000000000004 46.750000000000007 42.550000000000004 1350.0000000000002 64.850000000000009 44.350000000000001 15.500000000000002 82.550000000000011 47.400000000000006 28.050000000000004 50.350000000000001 47.650000000000013 0.3888901437495349 59.250000000000007 32.550000000000004 84.550000000000011 51.850000000000009 1350.0000000000002 40.45000000000001 51.850000000000001 -4.9999999999999991 0.30192943874245382 62.45000000000001 0.15381223962515148
decision_type=2 10 2 2 2 2 2 2 2 2 2 8 2 2 2 2 8 8 2 2 8 2 2 2 8 2
left_child=1 24 -3 4 -2 7 9 8 -6 -7 -9 12 13 14 -5 -15 19 21 -19 -13 -21 -18 25 -24 -1 -14
right_child=3 2 -4 11 5 6 -8 10 -10 -11 -12 16 22 15 -16 -17 17 18 -20 20 -22 -23 23 -25 -26 -27
leaf_value=-0.054955656877934259 0.057570403569825693 0.021118422868713724 -0.023852525712416021 0.10973642902785474 0.035395958219530364 -0.010772618450338018 0.038111981054114612 0.0137794370392786 0.0010762582510450691 0.015997879033686942 -0.0064354463288545426 0.059099123607916519 -0.034324256083613669 -0.014600603775708454 -0.016981178484564673 0.05656905249478579 0.00072128903135846645 -0.0045530900624559832 0.01250237886935035 -0.019210988349891156 0.038310508903918031 -0.0045758749487741042 0.029136551797405891 -0.034862376103411884 -0.026848781972921294 -0.05190193206786653
leaf_weight=11.838728262111546 11.031923384405671 10.673989545553924 17.44945508800447 4.520240927115081 48.611378543544561 558.34335675369948 12.837948784232138 66.303446335718036 57.260518559254706 33.458241491578519 236.36338108405471 7.2096456624567535 3.3604410374537173 71.11897942982614 4.2776799062266946 4.8378603011369696 7780.361488353461 128.38716715201735 233.71644045785069 7.1940673114731881 7.4856966771185407 414.9479065630585 4.2090465221554023 6.0799546968191862 9.2077860049903375 13.652114711236207
leaf_count=150 110 115 169 135 589 6929 93 446 923 497 2252 97 127 2095 94 78 49510 705 1333 133 73 2827 133 174 75 379
internal_value=0.000114721 -0.022368 -0.00659272 0.000229249 -0.00306636 -0.00373715 -0.00822825 0.00289785 0.0169 -0.00924822 -0.00198749 0.000618217 -0.0111922 -0.00380461 0.0480641 -0.00993349 0.000773187 0.000706514 0.00644181 0.0264891 0.00984357 0.000452418 -0.0338461 -0.00817183 -0.0430805 -0.0489429
internal_weight=9764.74 49.17 28.1234 9715.57 1024.21 1013.18 604.64 408.539 105.872 591.802 302.667 8691.36 112.056 84.7548 8.79792 75.9568 8579.3 8557.41 362.104 21.8894 14.6798 8195.31 27.3016 10.289 21.0465 17.0126
internal_count=70241 509 284 69732 11839 11729 7519 4210 1512 7426 2698 57893 3215 2402 229 2173 54678 54375 2038 303 206 52337 813 307 225 506
is_linear=0
shrinkage=0.05


Tree=181
num_leaves=29
num_cat=0
split_feature=9 36 15 4 38 15 13 28 6 0 38 31 38 1 1 14 0 35 32 14 6 1 17 32 31 2 32 30
split_gain=9.21428 6.30953 10.7805 15.9241 8.62045 8.08433 7.45727 7.34497 6.30969 9.79384 7.78763 6.05237 5.63266 5.58483 4.93509 4.68364 5.10413 4.54891 10.504 12.3129 4.45884 4.28981 10.7805 7.29867 4.14443 3.75716 1.48883 1.14906
threshold=41.550000000000004 56.829480370951266 45.95000000000001 80.050000000000011 0.18228311224061405 42.150000000000013 46.550000000000004 7.5000000000000009 81.450000000000017 42.350000000000001 0.21983577624446868 -1.0000000180025095e-35 0.21933593347534355 52.850000000000001 49.550000000000004 37.150000000000013 52.350000000000001 -3.5166666666666653 67.750000000000014 33.250000000000007 64.950000000000017 47.150000000000013 1350.0000000000002 31.250000000000004 1.5000000000000002 57.550000000000004 62.350000000000001 471.00000000000006
decision_type=2 2 2 2 2 2 2 2 2 2 2 10 2 2 2 2 2 2 8 2 2 2 2 10 10 2 10 2
left_child=11 7 3 6 15 12 -3 17 9 -6 -10 26 -5 -8 -13 -4 -17 18 19 -2 -9 22 -19 -23 25 -22 -1 -20
right_child=1 2 4 5 8 -7 13 20 10 -11 -12 14 -14 -15 -16 16 -18 21 27 -21 24 23 -24 -25 -26 -27 -28 -29
leaf_value=-0.054676007645493158 0.040786413886700248 -0.026555729395472356 -0.032103057451350753 0.034264452582759904 -0.014598856752395134 0.05139523372276103 -0.001981890672086982 -0.053654534228838403 0.0023345387278722873 0.0070942266052642705 -0.037408417769717352 0.019757016923039026 0.00083826695480900969 0.018501169163352094 -0.023065756596539463 -0.01677264187273509 0.013625196389741238 0.0026728663542624678 -0.021785957531681176 0.0055674135922856582 0.027710356270734888 0.017673589785628267 -0.0076866953520373822 1.3135669969730881e-05 -0.036607845962184339 -0.022158478672720212 -0.025462544672699108 -0.0048500770663405697
leaf_weight=11.473014775663616 34.493408305570483 17.724616620689631 24.885542386211455 27.255003910511732 58.135406796820462 30.971959741786122 68.589079284109175 8.9285082882270199 30.153192636556923 479.82162071764469 20.488485868088901 10.841454569250347 23.962622877210379 63.804984774440527 17.153495818376541 39.7404147926718 20.887235574424267 435.2236948129721 20.915615126490593 89.531358600594103 8.0248539708554762 58.866733165923506 591.76023166347295 7521.6221583657898 10.22019880171865 6.8980452958494416 8.8998682685196382 21.059048313647509
leaf_count=151 331 134 166 136 449 159 526 127 228 2576 144 115 117 377 169 275 111 4354 103 906 132 761 7324 49970 148 81 74 97
internal_value=0.000108223 0.000217235 0.00418945 0.0134774 0.000979753 0.0311634 0.00374678 -0.000191037 0.00314243 0.00473835 -0.0136881 -0.0216374 0.0187553 0.00785833 -0.00629275 -0.0138342 -0.00621255 -0.000100352 0.00809447 0.0154277 -0.0233277 -0.000259066 -0.00329173 0.00015117 -0.0121904 0.00433182 -0.0423451 -0.0134396
internal_weight=9762.33 9713.96 906.42 232.308 674.112 82.1896 150.119 8807.54 588.599 537.957 50.6417 48.3678 51.2176 132.394 27.995 85.5132 60.6277 8773.47 165.999 124.025 34.0716 8607.47 1026.98 7580.49 25.1431 14.9229 20.3729 41.9747
internal_count=70241 69732 5398 1449 3949 412 1037 64334 3397 3025 372 509 253 903 284 552 386 63846 1437 1237 488 62409 11678 50731 361 213 225 200
is_linear=0
shrinkage=0.05


Tree=182
num_leaves=31
num_cat=0
split_feature=33 38 28 40 38 4 17 40 5 7 30 12 30 7 31 2 40 40 32 31 13 40 7 7 30 4 2 13 37 40
split_gain=4.53718 5.60108 4.18881 9.45324 11.4467 9.54471 7.49252 7.19568 7.03605 8.89667 6.78433 6.59574 6.5016 5.97068 8.95559 14.2269 10.0767 9.38486 10.908 8.47123 10.917 15.0096 8.62209 9.76943 8.39837 8.06536 7.53763 6.08588 5.17216 3.70172
threshold=84.550000000000011 0.2193432937567856 4.5000000000000009 0.12744820947960364 0.21884548561898012 70.250000000000014 1650.0000000000002 0.29477020632095707 48.250000000000007 50.250000000000007 479.00000000000006 70.65000000000002 521.00000000000011 51.050000000000004 4.5000000000000009 58.350000000000001 0.30779249047611085 0.26273183773385633 46.95000000000001 6.5000000000000009 48.550000000000004 0.32521876169593572 52.650000000000013 53.95000000000001 441.00000000000006 83.050000000000011 48.95000000000001 62.050000000000004 0.41676353435297503 0.11256622298049924
decision_type=10 2 2 2 2 2 2 2 2 2 2 2 2 2 8 2 2 2 8 8 2 2 2 2 2 2 2 2 2 2
left_child=2 -2 13 4 6 10 -4 8 11 -10 -6 -5 28 14 17 16 -16 24 -19 22 21 -21 26 -24 -1 -17 -15 -22 -9 -7
right_child=1 -3 3 7 5 29 -8 12 9 -11 -12 -13 -14 19 15 25 -18 18 -20 20 27 -23 23 -25 -26 -27 -28 -29 -30 -31
leaf_value=-0.0042004464866122661 0.025042301717026424 -0.0053214086474152955 -0.033543067482836635 -0.010165654547413612 -0.025108036651023066 0.030748438880312874 0.016912712048531058 -0.017646197391718715 0.0061652452259133208 -0.0040238882361178802 0.031143637960082505 -0.00040631041908263763 0.01260843335633241 0.016536491652010751 -0.0074435845291988883 0.0267908578940667 0.0058695571153381939 0.026302505071229294 -0.0049584728454394877 0.030462369241862228 0.0034133489001402992 -0.015578529596626393 -0.007882610919595974 0.0009222780350524643 0.0037622275991626175 -0.0059669579365742983 0.0027672973486330792 0.029170412127743739 -0.0039495439552093125 0.07307718766941676
leaf_weight=399.48592937225476 39.375724278390408 24.254390962421894 14.851503888145091 333.89496828336269 9.0252385670319217 10.210654621012511 14.265814452432094 166.61433168686926 483.43624430894852 384.06326792761683 12.759909830987452 361.77406992018223 29.484564706683159 136.52517010178417 1027.6603594846092 55.396896809339523 164.44240859337151 28.790474040433764 786.62104114703834 87.675934530794621 707.55687595717609 21.950332969427109 392.36014091223478 1594.1488305982202 1920.7617768822238 28.027426447719336 369.58956554997712 23.67305082641542 119.49339414201677 12.303002931177614
leaf_count=4291 202 119 201 3319 133 108 189 976 3479 2443 172 3700 175 1110 9265 284 887 341 4243 640 4172 112 2456 9112 14887 132 2123 135 722 113
internal_value=0.00010216 0.0133997 1.42499e-05 -0.00205502 0.0155238 0.0315279 -0.00867822 -0.0027454 -0.00135103 0.00164856 0.00760276 -0.0050984 -0.00963343 0.000536511 -0.000669469 -0.00420221 -0.0056026 0.000766078 -0.00384549 0.00213385 0.00647394 0.0211923 0.000667572 -0.000814589 0.00238899 0.0157316 0.00649397 0.00425793 -0.0119466 0.0543217
internal_weight=9760.47 63.6301 9696.84 1952.18 73.4161 44.2988 29.1173 1878.76 1563.17 867.5 21.7851 695.669 315.592 7744.67 4411.19 1275.53 1192.1 3135.66 815.412 3333.48 840.856 109.626 2492.62 1986.51 2320.25 83.4243 506.115 731.23 286.108 22.5137
internal_count=70241 321 69920 15730 916 526 390 14814 12941 5922 305 7019 1873 54190 34330 10568 10152 23762 4584 19860 5059 752 14801 11568 19178 416 3233 4307 1698 221
is_linear=0
shrinkage=0.05


Tree=183
num_leaves=29
num_cat=0
split_feature=9 36 15 4 38 15 34 5 5 31 34 38 15 30 1 21 29 12 31 5 31 36 35 15 18 9 5 38
split_gain=8.46333 5.82467 9.63202 14.3634 7.84972 7.23441 7.04995 6.29502 6.57393 5.77712 5.4217 5.02493 4.57246 4.53231 4.45468 4.45348 5.80026 4.38962 8.31438 8.20602 9.6765 7.85792 6.50756 4.41983 4.05043 3.38361 1.51013 0.811649
threshold=41.550000000000004 56.829480370951266 45.95000000000001 80.050000000000011 0.18228311224061405 42.150000000000013 2.8333333333333335 38.95000000000001 43.850000000000001 -1.0000000180025095e-35 3.8333333333333335 0.21957356458406282 44.350000000000001 463.00000000000006 49.550000000000004 1.0000000180025095e-35 59.750000000000007 70.350000000000009 35.000000000000007 48.150000000000013 5.5000000000000009 40.680301391353282 0.30000000000000077 55.95000000000001 11.500000000000002 50.650000000000013 53.050000000000004 0.21912758070043672
decision_type=2 2 2 2 2 2 2 2 2 10 2 2 2 2 2 2 2 2 8 2 10 2 2 2 2 2 2 2
left_child=9 15 3 6 10 11 12 13 -9 27 25 -5 -3 -6 -11 17 -17 19 22 20 -2 -21 -19 -20 -18 -4 -8 -1
right_child=1 2 4 5 7 -7 26 8 -10 14 -12 -13 -14 -15 -16 16 24 18 23 21 -22 -23 -24 -25 -26 -27 -28 -29
leaf_value=-0.028473381966386626 -0.0027473923853375028 -0.007262893863117759 -0.012692565620052021 0.031135446945531373 -0.040017955569698907 0.048624053568630587 0.034774638385946931 0.019052600711986202 0.0023005746324161395 0.018377482721386517 0.011003026504737513 -0.00027708401845257788 0.017996765906045417 -0.0025437198059363102 -0.022249913891427019 -0.041645005460024927 0.015916904310343056 0.0025057548642065698 -0.02498063262946984 0.0051544347437934976 -0.014781049572107161 -0.0012534220907243418 -0.0013894158255525224 0.0025470853308389562 -0.019958491844490903 -0.03822685743084793 0.01316468044376165 -0.051502323194904193
leaf_weight=8.8603809736669081 1202.2730687223375 93.304711125791073 48.863546633161604 29.685308638960123 13.628879763185976 31.141727132722735 15.870889788493512 66.660208318382502 487.78872306179255 11.012960840016605 17.920940089970827 21.685702428221703 22.011308670975268 20.365306929685175 16.851789163425565 14.600759439170359 14.375353980809452 3093.7201054976322 46.883898450061679 636.27128970250487 194.34273297712207 1926.314179639332 1639.1664647040889 20.663048449903727 17.012168522924185 18.227120894938707 18.979971956461668 10.85529927536845
leaf_count=97 12374 657 336 146 129 159 111 480 2613 115 97 107 172 175 169 135 95 22791 635 3649 2064 11805 10430 211 145 119 97 128
internal_value=9.65262e-05 0.000200203 0.00401739 0.012787 0.000978605 0.0295407 0.00353443 0.00303787 0.00432672 -0.0209164 -0.0132036 0.0178031 -0.00238664 -0.0177878 -0.00600569 -0.000192074 -0.0156947 -0.000109935 0.000905926 -0.0013429 -0.00442643 0.00033579 0.00115566 -0.0164945 -0.00337055 -0.0197507 0.0232201 -0.0416012
internal_weight=9759.34 9711.76 906.134 232.68 673.455 82.5127 150.167 588.443 554.449 47.5804 85.0116 51.371 115.316 33.9942 27.8648 8805.62 45.9883 8759.63 4800.43 3959.2 1396.62 2562.59 4732.89 67.5469 31.3875 67.0907 34.8509 19.7157
internal_count=70241 69732 5398 1449 3949 412 1037 3397 3093 509 552 253 829 304 284 64334 375 63959 34067 29892 14438 15454 33221 846 240 455 208 225
is_linear=0
shrinkage=0.05


Tree=184
num_leaves=28
num_cat=0
split_feature=9 31 36 12 32 40 12 28 17 32 15 39 33 35 36 32 15 3 37 31 40 15 33 33 3 32 5
split_gain=7.78021 5.50772 5.44187 8.87104 12.2082 11.239 8.72115 8.02921 7.90245 8.50573 6.85994 6.71938 5.47982 9.13058 7.14656 6.43104 4.33698 4.17225 6.18048 4.16691 5.46464 4.85086 4.01318 3.57189 2.19857 1.58673 0.324573
threshold=41.550000000000004 -1.0000000180025095e-35 59.806575375921376 51.850000000000009 58.95000000000001 0.1897752814682909 98.550000000000011 7.5000000000000009 3125.0000000000005 56.750000000000007 45.750000000000007 -4.9999999999999991 28.850000000000005 -3.8999999999999946 40.340263271478292 43.45000000000001 49.45000000000001 35.45000000000001 0.2798694208702443 1.5000000000000002 0.22336490445167675 55.850000000000001 84.550000000000011 40.250000000000007 51.650000000000013 62.350000000000001 42.45000000000001
decision_type=2 10 2 2 10 2 2 2 2 10 2 2 10 2 2 10 2 2 2 10 2 2 10 8 2 10 2
left_child=1 25 7 5 19 11 10 12 9 -7 -6 -4 13 15 -15 -2 -3 18 -14 21 -21 -5 -19 26 -25 -1 -9
right_child=2 16 3 4 6 8 -8 23 -10 -11 -12 -13 17 14 -16 -17 -18 22 -20 20 -22 -23 -24 24 -26 -27 -28
leaf_value=-0.054107364871393088 0 0.018254648324072597 -0.0080072286167097769 0.019382789696455835 0.046214670643644692 0.032379575395959183 -0.0013735042348873043 -0.031127503859414304 -0.021092040217493571 0.001777520527934783 0.018967348010528171 -0.055779193605555347 0.01067949037856049 0.0096403059240699855 -0.010961943258780324 0.068219590962765406 -0.021879260295626299 0.00027596980145597677 -0.019652001480119252 -0.03621947054981068 0.0076854173474325098 -0.021423976460012189 0.012969582445847439 -0.026403502681506333 0.0042226877452070689 -0.023262936717274099 -0.052780569556589808
leaf_weight=10.608232835307719 7.2603204906918091 11.033339254558088 16.416417256928984 21.727528851479292 30.45287773758173 27.834287260659039 39.411456048488617 5.0411484576761705 28.721570007503033 123.70510076358914 102.19587490148842 13.743357700295745 23.227710055187345 49.193671787157655 280.22370534716174 6.6896741455420852 16.709232488647103 8741.7831452442333 58.536104025319219 19.022245767526332 10.951957225799559 10.755997579544781 62.636892229318619 11.851241238415243 10.98446651175618 8.5003946051001531 7.739663403481245
leaf_count=151 152 119 135 225 145 232 190 142 161 613 484 112 180 845 6524 132 165 57973 434 194 83 93 318 120 94 74 151
internal_value=9.1092e-05 -0.0202125 0.000189779 0.00559071 0.0122789 -0.00184192 0.0191566 -6.91065e-05 0.00286459 0.00744903 0.0252904 -0.0300538 2.19153e-05 -0.00617441 -0.00786813 0.0332369 -0.00573002 0.000261974 -0.0109717 -0.00658846 -0.0200391 0.00569305 0.00036699 -0.0237302 -0.0114995 -0.0408392 -0.0449361
internal_weight=9756.96 46.8512 9710.11 444.939 234.518 210.421 172.06 9265.17 180.261 151.539 132.649 30.1598 9229.55 343.367 329.417 13.95 27.7426 8886.18 81.7638 62.4577 29.9742 32.4835 8804.42 35.6165 22.8357 19.1086 12.7808
internal_count=70241 509 69732 2667 1414 1253 819 67065 1006 845 629 247 66558 7653 7369 284 284 58905 614 595 277 318 58291 507 214 225 293
is_linear=0
shrinkage=0.05


Tree=185
num_leaves=31
num_cat=0
split_feature=37 17 12 18 33 34 2 15 27 3 1 7 2 40 7 32 0 37 40 4 4 33 33 34 12 40 8 29 3 33
split_gain=9.45377 10.2669 7.02994 6.63524 11.7341 8.0673 11.1592 10.6859 8.7525 8.66527 11.548 8.05405 8.03493 7.70718 10.3408 6.24206 6.46363 6.05869 5.88023 12.1192 7.40921 5.33398 6.914 6.17802 5.3006 5.00924 4.01883 3.68133 3.382 4.56159
threshold=0.094266381766381788 1550.0000000000002 76.250000000000014 17.500000000000004 74.65000000000002 6.416666666666667 52.550000000000004 58.650000000000013 5.5000000000000009 51.650000000000013 38.050000000000004 41.150000000000013 62.550000000000004 0.20427823827856409 48.850000000000001 77.250000000000014 62.45000000000001 0.35277955840455849 0.24547199758343555 40.650000000000013 72.050000000000011 78.050000000000011 71.850000000000009 1.8333333333333337 53.000000000000007 0.21799430358968339 76.950000000000017 54.250000000000007 47.650000000000013 63.650000000000013
decision_type=2 2 2 2 8 2 2 2 2 2 2 2 2 2 2 10 2 2 2 2 2 8 10 2 2 2 2 2 2 10
left_child=1 2 25 5 11 9 28 8 -8 10 27 -5 -12 -6 -15 16 -13 -16 20 -20 -11 22 23 26 -25 -1 -3 -2 -7 -30
right_child=3 21 -4 4 13 6 7 -9 -10 18 12 15 -14 14 17 -17 -18 -19 19 -21 -22 -23 -24 24 -26 -27 -28 -29 29 -31
leaf_value=0.0085444875543201626 -0.0032466835496982524 -0.0094062217961889665 -0.048745090734899771 -0.03003708399653289 -0.012236885611429812 -0.0079465426431722993 0.0021498690032683179 -0.044610390915088324 -0.027574587260328118 0.0014921954782604657 -0.00087243205033214462 -0.0032152597541342596 0.012287813271844646 0.049771261160276054 0.025210348289026248 -0.028116560197413362 -0.030611844116088905 -0.012951303315987914 0.017542069500683214 -0.001058775991668928 0.007093051772729249 -0.027520877290460891 0.022908467592259382 -0.011830404889410381 0.029086250795257836 -0.031965964262313767 -0.043240033029409985 -0.042620957754450933 0.0328555677484808 -0.00031002155958796034
leaf_weight=14.258953383658083 8.6059910375624913 43.851155926473439 25.265933269634843 35.636194321792573 22.356600727885962 22.107350513339043 59.121327241882682 29.192063629627228 42.159972332417965 1326.3484905366786 4561.595977879595 531.09588206838816 118.87637717276812 21.595362011343241 21.657322850078344 29.063154738396406 22.403834557160735 19.662802129983902 93.017413342371583 1469.0131055926904 1068.4300829311833 19.749483343213797 26.45277014374733 13.786569193005564 17.987772606313229 15.880639849230645 11.127583322115241 21.473660017829388 20.389918348751962 20.386202439665794
leaf_count=149 199 438 171 521 167 129 325 148 228 11447 33752 4507 600 122 113 132 150 110 666 7868 7041 94 112 106 132 97 87 434 133 90
internal_value=-0.00010415 -0.0111942 -0.0292694 0.000113855 -0.00455907 0.00048546 -0.00961108 -0.0179571 -0.0101891 0.000711385 -0.000736749 -0.00696297 -0.00053686 0.0127977 0.0217782 -0.005538 -0.00433854 0.00694241 0.00243662 4.67377e-05 0.0039933 -0.00360801 0.000540216 -0.00624127 0.0111946 -0.0126704 -0.016411 -0.0315695 0.00762716 0.0161918
internal_weight=9752.55 188.361 55.4055 9564.19 703.471 8860.72 193.357 130.473 101.281 8667.36 4710.55 618.199 4680.47 85.2721 62.9155 582.563 553.5 41.3201 3956.81 1562.03 2394.78 132.955 113.206 86.7531 31.7743 30.1396 54.9787 30.0797 62.8835 40.7761
internal_count=70268 1386 417 68882 5822 63060 1053 701 553 62007 34985 5310 34352 512 345 4789 4657 223 27022 8534 18488 969 875 763 238 246 525 633 352 223
is_linear=0
shrinkage=0.05


Tree=186
num_leaves=27
num_cat=0
split_feature=37 17 12 3 0 1 34 1 6 0 36 36 6 31 14 33 36 30 37 3 33 33 34 39 39 40
split_gain=8.58119 9.3905 6.56177 6.15016 6.71204 6.70369 6.4966 12.982 10.8837 7.54498 7.37895 9.9366 8.35037 5.70803 8.14792 9.88131 9.67697 7.06629 5.71303 5.37277 4.79865 6.24782 5.6117 16.5648 10.0729 4.56897
threshold=0.094266381766381788 1550.0000000000002 76.250000000000014 46.95000000000001 65.850000000000009 38.050000000000004 0.58333333333333337 52.750000000000007 85.750000000000014 61.95000000000001 47.126593314138788 45.01187405162198 51.550000000000004 2.5000000000000004 49.050000000000004 72.850000000000009 53.024793250633572 547.00000000000011 0.21998374560674031 40.350000000000001 78.050000000000011 71.850000000000009 1.8333333333333337 -4.9999999999999991 -8.9999999999999982 0.21799430358968339
decision_type=2 2 2 2 2 2 2 2 2 2 2 2 2 10 2 10 2 2 2 2 8 10 2 2 2 2
left_child=1 2 25 5 13 19 7 9 -9 -7 11 -8 -12 17 16 -16 -15 18 -5 -2 21 22 24 -24 -3 -1
right_child=3 20 -4 4 -6 6 10 8 -10 -11 12 -13 -14 14 15 -17 -18 -19 -20 -21 -22 -23 23 -25 -26 -27
leaf_value=0.0080878923652001524 0.0022063461648513826 0.026062839154139972 -0.047096962938384938 0.0058082561650312564 0.025148934002891938 -0.0012807672789597263 0.0037891830599905102 0.00625212108541311 0.04594002372691159 -0.022890721965351343 -0.017232599614502492 -0.021830202865494884 -0.0014758731882859785 0.0068515854771209073 -0.0060106975842469292 0.0085599614916325711 -0.0062569968316530085 -0.023423577186704698 0.0011586431866205677 -0.050860044969221786 -0.026085547894662227 0.021754760352150609 -0.026899433930233314 0.044879841883043795 -0.026735554124704908 -0.030625732033852205
leaf_weight=14.314901883713903 7.4579939795658019 11.233185725286601 24.856646107509732 803.20884352363646 28.583703704178333 1350.6234367764555 54.927517652045935 427.54249454475939 17.959897838532925 41.581359660252929 91.129711303859949 119.29501546500251 1091.8675085203722 458.83265223354101 946.18304065102711 132.32426784932613 202.659259586595 27.411458007991314 3749.8663376760669 12.288967285770921 19.798554740846157 26.467726200819016 15.213863426819445 16.734804624691606 43.283896944485605 15.754478901624678
leaf_count=149 164 115 171 5571 165 11937 402 2551 95 308 655 833 7078 3411 7120 584 1225 193 26305 285 94 112 114 124 410 97
internal_value=-9.97824e-05 -0.0106858 -0.0280658 0.000107522 0.00101023 -0.00167377 -0.00149212 0.000443064 0.00787326 -0.00193139 -0.00411593 -0.0137269 -0.00269524 0.000899878 -0.00153642 -0.00421773 0.00282765 0.00182646 0.00198009 -0.030656 -0.00344042 0.00050486 -0.00595973 0.0105655 -0.0157372 -0.0120642
internal_weight=9751.4 187.658 54.926 9563.74 6349.07 3214.67 3194.93 1837.71 445.502 1392.2 1357.22 174.223 1183 6320.49 1740 1078.51 661.492 4580.49 4553.08 19.747 132.732 112.933 86.4658 31.9487 54.5171 30.0694
internal_count=70268 1386 417 68882 44574 24308 23859 14891 2646 12245 8968 1235 7733 44409 12340 7704 4636 32069 31876 449 969 875 763 238 525 246
is_linear=0
shrinkage=0.05


Tree=187
num_leaves=21
num_cat=0
split_feature=37 17 7 12 33 30 14 32 30 31 28 9 24 33 33 32 36 32 15 3
split_gain=7.79033 8.58732 6.24341 6.12363 5.83326 5.89343 7.60711 8.00333 7.31671 6.31006 5.43993 4.53897 4.90951 4.31916 5.64668 4.71038 6.87047 6.73607 3.67665 3.3736
threshold=0.094266381766381788 1550.0000000000002 80.450000000000017 76.250000000000014 19.750000000000004 541.00000000000011 49.550000000000004 62.650000000000013 539.00000000000011 2.5000000000000004 4.5000000000000009 48.850000000000001 1.0000000180025095e-35 78.050000000000011 71.850000000000009 60.45000000000001 47.555907928643038 51.750000000000007 62.850000000000001 47.150000000000013
decision_type=2 2 2 2 8 2 2 10 2 10 2 2 2 8 10 10 2 10 2 2
left_child=1 3 4 19 11 8 10 -8 9 -6 -7 -2 18 14 15 17 -17 -3 -13 -1
right_child=2 13 -4 -5 5 6 7 -9 -10 -11 -12 12 -14 -15 -16 16 -18 -19 -20 -21
leaf_value=0.0082196926035576611 0.035526859245684418 -0.024615992260790906 0.032536649721844953 -0.045505944883957344 0.0010002002693091821 0.019171880198088659 0.00054250949282188534 -0.033319473049522264 0.027607901622862897 -0.0019019025667812936 -0.01799050044217999 -0.036548036503103579 0.030311517711136594 -0.024734306452493613 0.020664149713616319 -0.039161662975668199 -0.0020434290556849361 0.027737343534291303 0.017114075458209078 -0.025524703927720452
leaf_weight=12.348860708065333 3.3011075546964994 8.8389300489798206 14.714184470474718 24.453319920226932 6780.3697161749005 27.234024917706847 27.399952773936093 46.587543748319149 24.313948711380363 2587.3871034309268 15.196898583322762 28.816145363729447 3.5101329749450079 19.840485021471977 26.476431168615818 18.263758014887571 39.848057888448238 19.18780654668808 3.3948834016919127 17.650013515725732
leaf_count=97 102 216 70 171 48035 178 295 243 156 18469 126 1024 109 94 112 117 223 207 75 149
internal_value=-9.53742e-05 -0.0102024 0.000101764 -0.0269111 5.09133e-05 0.000130709 -0.0110441 -0.020728 0.000269873 0.00019809 0.00573338 -0.0192156 -0.0244992 -0.00328066 0.000473273 -0.00569159 -0.0138423 0.0110198 -0.0307021 -0.0114867
internal_weight=9749.13 186.908 9562.23 54.4522 9547.51 9508.49 116.418 73.9875 9392.07 9367.76 42.4309 39.0223 35.7212 132.455 112.615 86.1386 58.1118 28.0267 32.211 29.9989
internal_count=70268 1386 68882 417 68812 67502 842 538 66660 66504 304 1310 1208 969 875 763 340 423 1099 246
is_linear=0
shrinkage=0.05


Tree=188
num_leaves=31
num_cat=0
split_feature=37 18 1 31 31 3 36 14 4 28 1 30 40 13 4 37 13 30 36 13 15 30 38 7 11 12 35 15 40 12
split_gain=7.07429 6.03644 7.2291 5.85316 9.80996 11.5198 9.03243 12.5256 10.3754 10.2031 9.00649 9.29236 7.33872 7.24365 7.918 7.16762 5.99872 5.6924 5.24114 5.11172 4.7359 5.50359 5.87962 4.68103 5.10771 4.88693 4.81029 4.79979 3.76715 3.71447
threshold=0.094266381766381788 17.500000000000004 40.95000000000001 2.5000000000000004 -1.0000000180025095e-35 47.150000000000013 52.35569015398908 47.750000000000007 97.550000000000011 4.5000000000000009 58.850000000000001 551.00000000000011 0.16046490457364807 62.050000000000004 93.450000000000017 0.55094294369382912 65.550000000000011 509.00000000000006 44.278388762081853 43.350000000000001 61.250000000000007 489.00000000000006 0.21888699084574972 41.150000000000013 49.750000000000007 92.250000000000014 -0.46666666666666495 69.550000000000011 0.20986527841496375 65.350000000000009
decision_type=2 2 2 10 8 2 2 2 2 2 2 2 2 2 2 2 2 2 2 2 2 2 2 2 2 2 2 2 2 2
left_child=17 3 -3 4 5 19 7 9 -9 -5 11 -6 -12 14 -8 -7 -15 18 29 -2 21 22 -20 26 25 -25 -4 -26 -28 -1
right_child=1 2 23 6 10 15 13 8 -10 -11 12 -13 -14 16 -16 -17 -18 -19 20 -21 -22 -23 -24 24 27 -27 28 -29 -30 -31
leaf_value=-0.0081071741679907463 0.011707004229288304 -0.037965882698842116 0.015605482019127152 0.010793507307136699 0.0026574121537275008 0.00087034731138592328 -0.0087677636255735179 -0.0014705368144374894 -0.022373785976354432 -0.0035537496147653547 0.041490901582892918 -0.037842920476602315 0.0099427172031149817 0.035454219570769538 0.0076179710324349257 0.01609922565167525 -0.0035894670732668382 0.01868055636951264 -0.02372902124126236 -0.005578102610679897 0.01379058550493672 -0.033799452490416874 0.002315536718613146 -0.0070136366252934153 -0.00035281047817654985 -0.048498562375083494 -0.047712640953659069 -0.017670957108858052 -0.012155561553266607 -0.044348631966925275
leaf_weight=11.729084937833251 44.317928948439658 15.584265937097369 7.1834623506292692 404.41596347559243 2982.1753214257769 1997.2686907858588 688.55669828224927 1010.1288845404051 63.041204236447811 177.93942398764193 20.320807687938213 14.115578871220348 205.86227600835264 18.640766331925988 82.16121013276279 80.342610558494925 20.239559247158468 15.883509536273776 32.893924728035927 1051.0810818290338 20.542914483696222 23.400832420215011 62.264026141725481 19.892177131958306 573.57700990326703 11.291055350564422 14.611490793526174 42.969941112212837 16.261795043945312 19.502517024055123
leaf_count=109 478 291 88 2819 21016 14169 4446 7864 318 1621 109 109 1034 113 399 462 116 122 264 7987 129 144 461 211 4442 98 258 274 160 157
internal_value=-9.09041e-05 9.6595e-05 -0.00436763 0.000450576 0.00124885 -0.000723305 -0.00161841 0.000495373 -0.00270508 0.00640124 0.00319226 0.00246369 0.0128163 -0.00594652 -0.00701374 0.00146241 0.0150443 -0.00974045 -0.0124294 -0.00487321 -0.00821215 -0.0120752 -0.00665044 -0.00359141 -0.00257962 -0.0223016 -0.0206294 -0.00157057 -0.0292449 -0.030967
internal_weight=9748.2 9561.98 701.371 8860.61 6395.48 3173.01 2465.12 1655.53 1073.17 582.355 3222.47 2996.29 226.183 809.598 770.718 2077.61 38.8803 186.217 170.333 1095.4 139.102 118.559 95.158 685.787 647.73 31.1832 38.0567 616.547 30.8733 31.2316
internal_count=70268 68882 5822 63060 45364 23096 17696 12622 8182 4440 22268 21125 1143 5074 4845 14631 229 1386 1264 8465 998 869 725 5531 5025 309 506 4716 418 266
is_linear=0
shrinkage=0.05


Tree=189
num_leaves=21
num_cat=0
split_feature=7 1 3 34 13 34 18 33 8 13 7 3 29 1 13 29 0 3 7 29
split_gain=5.70767 5.46396 6.61766 7.68325 11.7149 5.42662 6.39511 9.78023 7.29835 6.25269 6.17533 6.02747 7.91091 4.64895 4.6431 4.61574 4.53975 4.55689 1.2741 0.733435
threshold=80.450000000000017 38.550000000000004 51.750000000000007 -6.583333333333333 48.650000000000013 6.416666666666667 17.500000000000004 75.850000000000009 77.15000000000002 48.750000000000007 56.550000000000004 38.650000000000013 57.250000000000007 37.250000000000007 30.350000000000005 57.750000000000007 56.250000000000007 40.350000000000001 47.250000000000007 55.750000000000007
decision_type=2 2 2 2 2 2 2 10 2 2 2 2 2 2 2 2 2 2 2 2
left_child=1 2 16 4 -4 6 11 8 -8 -7 15 12 -3 19 -13 -11 17 -1 -19 -5
right_child=-2 5 3 13 -6 9 7 -9 -10 10 -12 14 -14 -15 -16 -17 -18 18 -20 -21
leaf_value=0 0.030976813606727806 -0.0017975613910015912 -0.017931688389853071 -0.05334359698307959 0.064662882678099984 -0.032842397347898171 -0.0033663360258313528 0.026992247931820087 -0.017849844032317024 -0.0042192800795854898 0.015006789221524758 0.021668374139660791 -0.017878054684920808 0.010252294256625823 0.00077652078089486618 -0.024117628330127833 0.014847110229759925 -0.030559845558724031 -0.054081415475912269 -0.023995065916047456
leaf_weight=7.8760997718200079 14.663445159792898 423.32472087442875 7.8007595390081432 5.9019447378814238 9.1659718612208945 22.337910257279873 556.04519872833043 23.634916707873344 103.40439701732248 127.53245593421161 32.261903338134289 26.600694000720978 93.528929062187672 7.3085172581486395 8209.4643662590533 38.075868787243962 5.3438240094110361 12.864318401087077 14.538979730568824 5.0854059336706996
leaf_count=175 70 3265 109 147 114 132 4757 103 779 705 159 212 707 127 57715 207 71 331 270 113
internal_value=-8.7091e-05 -0.000134727 -0.0134902 0.00222991 0.026513 -2.91128e-05 0.000151479 -0.00450691 -0.00564735 -0.0077868 -0.00491781 0.000515642 -0.00472003 -0.020039 0.000844866 -0.00883618 -0.0272307 -0.0337696 -0.0433724 -0.0405498
internal_weight=9746.76 9732.1 75.8858 35.2626 16.9667 9656.21 9436 683.085 659.45 220.208 197.87 8752.92 516.854 18.2959 8236.07 165.608 40.6232 35.2794 27.4033 10.9874
internal_count=70268 70198 1457 610 223 68741 67538 5639 5536 1203 1071 61899 3972 387 57927 912 847 776 601 260
is_linear=0
shrinkage=0.05


Tree=190
num_leaves=31
num_cat=0
split_feature=26 7 35 15 4 4 7 4 40 34 22 15 5 0 36 32 31 32 39 17 4 2 36 34 30 17 39 5 29 3
split_gain=4.59955 7.25495 11.5798 5.72349 5.37536 8.98576 4.93121 9.02947 8.29288 9.45011 8.28254 10.9657 7.2357 7.19071 6.42965 4.70943 4.94577 5.80882 5.77891 4.61117 8.90419 7.10971 7.10012 9.17967 7.17549 6.42851 5.78973 4.96587 4.37713 3.77409
threshold=1.0000000180025095e-35 47.95000000000001 -0.76666666666666206 40.350000000000001 80.850000000000009 66.250000000000014 58.550000000000004 45.050000000000004 0.37892212266063868 1.4166666666666667 1.0000000180025095e-35 53.250000000000007 61.150000000000013 57.250000000000007 49.347982840499647 46.050000000000004 2.5000000000000004 71.15000000000002 -12.999999999999998 3055.0000000000005 77.350000000000009 54.750000000000007 56.829480370951266 3.5833333333333335 463.00000000000006 2855.0000000000005 -40.999999999999993 59.95000000000001 59.750000000000007 48.150000000000013
decision_type=2 2 2 2 2 2 2 2 2 2 2 2 2 2 2 10 8 10 2 2 2 2 2 2 2 2 2 2 2 2
left_child=6 2 -2 -3 5 -4 19 10 12 29 -8 -12 13 -9 -14 -5 17 -17 -18 22 21 -21 25 27 -25 26 -1 -24 -27 -10
right_child=1 3 4 15 -6 -7 7 8 9 -11 11 -13 14 -15 -16 16 18 -19 -20 20 -22 -23 23 24 -26 28 -28 -29 -30 -31
leaf_value=0.022291370517537226 0.052485577872306378 -0.030166324284734942 -0.011234395065410539 -0.029885685913319051 -0.013723468208562687 0.03390210792297018 0.042507878331212542 0.0051525604095389674 0.011831082078300692 -0.0045331081331956959 -0.014916998989824777 0.027083219005332726 -0.020452268094491396 -0.0077952673972808556 3.7785606932331458e-05 0.0045586610182572745 -0.028262478321847747 -0.016397701426758927 -0.0025015031762008989 -0.013908962451330581 -0.03159242816462076 0.024356444843691746 -0.0014232717477835281 0.0038121581716816125 0.026477561456245115 -0.04135738461228549 -0.0009108763631115852 0.0099950817086174419 -0.0060968042165233521 0.037742123918018351
leaf_weight=26.867412293329835 11.870592800900338 29.648828133940697 21.283992008306086 20.943118157796562 38.606433084234595 22.447267764247954 25.383935181424022 483.75326353404671 24.191047444939613 36.674248859286308 27.577360027469695 35.110570533201098 73.880252070724964 137.44104865565896 78.345611218363047 136.88379235751927 42.300990574061871 43.47019861638546 45.747266029939055 30.536405060440302 34.832299131900072 19.982869364321232 386.46391836553812 66.95338846091181 74.328264232724905 16.058603584766388 7555.1410023230128 126.05684486404061 20.290397431701422 36.334731414914131
leaf_count=252 109 199 202 242 296 179 175 2777 111 174 216 224 341 759 364 912 261 205 286 200 188 101 2656 372 388 140 56800 610 165 169
internal_value=-0.000458839 -0.00562076 0.00653453 -0.00922716 -8.51893e-05 0.0118446 -0.000229298 0.00316612 0.00161547 0.0153732 0.0184188 0.00853273 -0.000108835 0.00227897 -0.00988079 -0.0070546 -0.00524403 -0.00047097 -0.0149526 -0.000619418 -0.0121773 0.00114634 -0.000499414 0.00449923 0.0157821 -0.000929105 -0.000827705 0.00137677 -0.0218825 0.027505
internal_weight=9729.41 413.202 94.2083 318.994 82.3377 43.7313 9316.2 958.692 870.62 97.2 88.0719 62.6879 773.42 621.194 152.226 289.345 268.402 180.354 88.0483 8357.51 85.3516 50.5193 8272.16 653.802 141.282 7618.36 7582.01 512.521 36.349 60.5258
internal_count=70073 2891 786 2105 677 381 67182 5310 4695 454 615 440 4241 3536 705 1906 1664 1117 547 61872 489 301 61383 4026 760 57357 57052 3266 305 280
is_linear=0
shrinkage=0.05


Tree=191
num_leaves=29
num_cat=0
split_feature=1 9 5 37 36 9 0 34 29 17 18 33 4 18 12 16 37 3 33 17 34 15 31 15 31 15 15 33
split_gain=5.33771 10.0921 12.4197 7.69234 7.24805 8.94748 7.88562 7.02743 8.53854 7.97494 6.66776 8.41823 9.52027 7.78722 10.4231 7.1441 10.1706 7.43053 6.47319 6.14995 7.81351 6.11244 5.73361 5.30525 5.22991 4.67003 3.94865 3.52622
threshold=54.350000000000001 75.65000000000002 50.050000000000004 0.70845238095238117 44.943263266851147 50.350000000000001 64.450000000000017 2.1666666666666674 53.500000000000007 1450.0000000000002 9.5000000000000018 38.150000000000013 90.050000000000011 8.5000000000000018 70.850000000000009 55.95000000000001 0.18520891311069884 38.650000000000013 77.15000000000002 1550.0000000000002 0.41666666666666669 48.550000000000004 -1.0000000180025095e-35 60.45000000000001 1.5000000000000002 49.95000000000001 52.45000000000001 57.650000000000013
decision_type=2 2 2 2 2 2 2 2 2 2 2 8 2 2 2 2 2 2 8 2 2 2 8 2 8 2 2 8
left_child=1 10 -3 4 5 19 7 8 -6 -9 11 13 21 24 -15 17 -17 18 -12 20 -2 -13 -19 -18 -1 -8 -5 -7
right_child=3 2 -4 26 6 27 25 9 -10 -11 15 12 -14 14 -16 16 23 22 -20 -21 -22 -23 -24 -25 -26 -27 -28 -29
leaf_value=0.027972140512828508 -0.014484732778648177 0.048057890418795414 -0.0073210816923179314 0.004079153439641439 0.01617130752592345 -0.048268812091655067 0.039519657783085187 -0.0061686359607647573 0.0023856006506654545 0.0011465631257712419 -0.0070089972092106422 -0.010415520370879068 0.028646905204753277 0.06080918080759519 0.0069866701458260495 0.018398717843240504 -0.018773541138271857 -0.0034845035807443674 -0.033552547061901035 -0.027882622265227655 0.012830815181453459 0.004309711605574619 -5.5383817826575336e-05 -0.056988278947445285 -0.023905291332716377 0.0092307728909364044 0.035065110152607014 -0.015449587647749794
leaf_weight=8.1270619146525842 44.581546785309911 22.64562776684761 17.955794606357813 18.230136912316084 122.02761044818908 17.145927029661834 19.617153193801641 544.5163710527122 1428.8018825938925 1177.1855251565576 295.72743604611605 107.92456983029842 29.990722708404064 19.803464410826564 16.88707521930337 16.395115940831602 54.52761924546212 1882.2562312632799 24.967944964766502 21.247296426445246 63.009764280170202 202.33541025593877 3467.7051077703945 11.107395331375299 11.710663101635875 37.905777115374804 24.819071754813194 16.965653888881207
leaf_count=118 239 140 110 105 715 131 100 3213 7633 6572 2797 546 135 267 201 148 523 16144 172 134 321 1004 27989 80 131 198 131 76
internal_value=-0.000436505 -0.00132216 0.0234861 0.00111247 0.000851768 -0.00943738 0.00135702 0.00103252 0.00347453 -0.00116431 -0.00148715 0.00477753 0.00179025 0.0226351 0.0362592 -0.00192019 -0.0165683 -0.00170712 -0.00910096 -0.00335562 0.00146297 -0.000798086 -0.00126281 -0.0253935 -0.00236781 0.0196977 0.0220992 -0.0321849
internal_weight=9726.12 6190.07 40.6014 3536.05 3493 162.95 3330.05 3272.53 1550.83 1721.7 6149.47 396.779 340.251 56.5283 36.6905 5752.69 82.0301 5670.66 320.695 128.839 107.591 310.26 5349.96 65.635 19.8377 57.5229 43.0492 34.1116
internal_count=70073 50505 250 19568 19332 901 18431 18133 8348 9785 50255 2402 1685 717 468 47853 751 47102 2969 694 560 1550 44133 603 249 298 236 207
is_linear=0
shrinkage=0.05


Tree=192
num_leaves=31
num_cat=0
split_feature=1 9 30 4 4 32 14 13 9 36 6 14 2 13 0 35 38 14 30 0 17 1 0 13 4 36 14 13 4 35
split_gain=4.82119 8.99713 8.09441 7.66564 8.9465 9.03927 9.11057 9.33017 8.16357 7.27383 7.22956 7.23765 7.22286 10.5583 7.39578 7.14751 6.79078 6.26639 10.2994 10.0373 6.2247 6.05236 5.69618 5.66098 11.0685 9.152 5.48217 6.19267 4.49851 3.88312
threshold=54.350000000000001 75.65000000000002 467.00000000000006 79.750000000000014 72.750000000000014 52.350000000000001 34.650000000000013 48.250000000000007 59.650000000000013 47.933018824206329 49.95000000000001 38.250000000000007 47.850000000000001 55.850000000000001 64.450000000000017 1.5499999999999974 0.17527140768724478 33.750000000000007 431.00000000000006 52.850000000000001 3125.0000000000005 56.550000000000004 64.65000000000002 49.650000000000013 89.450000000000017 54.372515301599243 50.45000000000001 57.850000000000001 74.850000000000009 -0.16666666666666072
decision_type=2 2 2 2 2 8 2 2 2 2 2 2 2 2 2 2 2 2 2 2 2 2 2 2 2 2 2 2 2 2
left_child=1 20 -3 4 5 6 21 -8 9 26 -6 15 13 -11 -14 -12 -13 19 -19 -7 22 -2 23 24 -1 -25 27 -5 -24 -22
right_child=3 2 -4 8 10 17 7 -9 -10 12 11 16 14 -15 -16 -17 -18 18 -20 -21 29 -23 28 25 -26 -27 -28 -29 -30 -31
leaf_value=-0.0024569066943928822 -0.025221858038754954 -0.0043324965518273242 0.04047433213179269 -0.014358536766158381 -0.018023150494633555 -0.0042756960907764955 -0.0042505933702909745 0.033900877125523789 -0.020802951801943508 0.029882676520295012 -0.0076901882476284947 -0.0066898805979450976 -0.00090962607600072434 -0.00080329225394885494 0.025557343037768868 0.024623214476439274 0.018761077387805962 -0.019992576104939361 -0.00020033546707307981 0.012990523292687482 -0.039884035777991086 0.020888065743500096 -0.039768525951818734 -0.0010456571723013912 -0.018047367345636205 0.0059168206067307643 0.010629175273327426 0.0025045858109751951 -0.0073879665296210919 -0.0086546823773798534
leaf_weight=1575.3978274594992 19.174001445062462 16.847846738994122 24.25623395293951 207.5926550924778 21.421477030962706 138.4348158929497 21.478978164494038 60.324924453161657 52.654900822788477 50.653271533548832 72.841187607496977 29.102083455771208 1127.166669911705 61.919922359287739 26.923160471022129 22.257519066333771 237.17442536540329 70.383817167952657 983.24501805379987 213.1302847713232 15.923767391592262 11.09374696947634 16.206909131258726 3814.8343298677355 122.78920836746693 538.47449617832899 36.268429221585393 73.106389062479138 33.051467318087816 27.973852491006255
leaf_count=14718 221 103 147 1058 113 805 228 684 317 297 393 156 5862 344 134 117 1236 461 5302 1154 98 118 117 30527 710 3704 184 384 192 189
internal_value=-0.000415349 -0.00125759 0.0220215 0.00105647 0.0032175 0.00149002 0.0151502 0.0238296 -0.00144992 -0.000802013 0.0100494 0.0117318 0.000889726 0.012974 -0.000285699 -5.6907e-05 0.0159592 0.000395994 -0.001529 0.00617815 -0.00141448 -0.00814385 -0.00127844 -0.00113956 -0.00358813 -0.000183182 -0.00757645 -0.0099495 -0.0182021 -0.0201616
internal_weight=9722.1 6185.76 41.1041 3536.35 1900.06 1517.27 112.072 81.8039 1636.29 1583.63 382.797 361.375 1266.66 112.573 1154.09 95.0987 266.277 1405.19 1053.63 351.565 6144.65 30.2677 6100.75 6051.5 1698.19 4353.31 316.967 280.699 49.2584 43.8976
internal_count=70073 50505 250 19568 10988 8973 1251 912 8580 8263 2015 1902 6637 641 5996 510 1392 7722 5763 1959 50255 339 49968 49659 15428 34231 1626 1442 309 287
is_linear=0
shrinkage=0.05


Tree=193
num_leaves=31
num_cat=0
split_feature=18 38 1 34 28 36 30 38 30 17 34 3 38 7 30 30 39 17 15 36 7 2 17 3 3 4 1 28 5 7
split_gain=4.55014 7.1064 6.76954 8.43225 13.6411 7.27292 14.2588 14.0074 7.85652 7.62132 7.17399 7.16628 9.34871 13.7734 8.44917 12.0811 8.21888 7.88835 6.69385 6.27902 6.66724 6.37677 6.25945 6.02649 5.73854 5.20992 5.13798 7.06254 6.68474 6.50386
threshold=9.5000000000000018 0.34819379272929257 52.350000000000001 1.8333333333333337 5.5000000000000009 47.410964212251606 515.00000000000011 0.2195221833225692 441.00000000000006 2760.0000000000005 1.4166666666666667 50.750000000000007 0.21929917142304653 59.650000000000013 493.00000000000006 497.00000000000006 -14.999999999999998 1850.0000000000002 53.650000000000013 47.981029431405609 37.45000000000001 62.750000000000007 1250.0000000000002 60.45000000000001 43.150000000000013 79.950000000000017 49.650000000000013 4.5000000000000009 39.350000000000001 43.750000000000007
decision_type=2 2 2 2 2 2 2 2 2 2 2 2 2 2 2 2 2 2 2 2 2 2 2 2 2 2 2 2 2 2
left_child=1 26 3 5 23 9 8 -8 -7 18 11 12 17 -14 16 -16 -13 -4 -2 21 -21 25 -22 24 -5 -12 29 28 -28 -1
right_child=2 -3 10 4 -6 6 7 -9 -10 -11 19 14 13 -15 15 -17 -18 -19 -20 20 22 -23 -24 -25 -26 -27 27 -29 -30 -31
leaf_value=-0.013345263099132157 -0.0026313425120403793 0.032117660923874802 0.0078037509571550938 -0.0032261019686752389 -0.038207466739207524 -0.014686677181998354 -0.0055193504903878988 0.027368721077597597 -0.0049157481565616978 -0.038478096101591315 -0.0028279218037926238 -0.010015310638496469 -0.007765024041183329 0.019138050040560742 0.034681267712476364 0.0081602695176235373 0.0048613900790141383 -0.0057243867352281992 0.002887585002037861 0.025145367530912274 -0.0075411216912892477 0.023355870992846174 0.00071483904003750997 -0.01714888157507748 0.01493367100601257 -0.014175440075423214 -0.023304302784287051 -0.012879593762608161 0.004722853128154833 0.01783393607283899
leaf_weight=20.08748796209693 1533.4078553086147 21.217366024851799 418.21633029356599 55.182221530936658 16.205859423615038 242.78933151718229 64.556303628720343 64.388581359758973 1375.6413961644284 13.297735327854751 226.81707402225584 107.55877923127264 463.26231738645583 52.836782433092594 51.438436828553677 264.64011292904615 668.00630140863359 144.63868232537061 855.55150489928201 25.856560514308512 263.75817617308348 16.785218931734562 1764.218822369352 20.41676024813205 197.71372210606933 184.5783132398501 22.365109233185649 82.068559529259801 387.91715957410634 93.776655273512006
leaf_count=196 14432 107 2568 469 199 2853 555 478 11576 137 1472 657 2778 290 273 1447 3888 901 6532 227 1659 79 10293 161 1589 1041 191 444 1932 649
internal_value=-0.00039545 0.00372118 -0.000680131 -0.00207715 0.00616637 -0.00265363 -0.00510847 0.010873 -0.00638544 -0.00086579 0.000651731 0.00275185 -0.000133465 -0.0049979 0.00560796 0.0125017 0.00279075 0.0043181 -0.000652733 -0.00118291 -3.20825e-05 -0.00669008 -0.000356783 0.00882878 0.0109517 -0.0079335 0.00271394 0.000488814 0.00317756 0.0122827
internal_weight=9719.2 627.432 9091.76 4439.15 289.519 4149.63 1747.38 128.945 1618.43 2402.26 4652.61 2170.6 1078.95 516.099 1091.64 316.079 775.565 562.855 2388.96 2482.01 2053.83 428.181 2027.98 273.313 252.896 411.395 606.215 492.351 410.282 113.864
internal_count=70073 3519 66554 38981 2418 36563 15462 1033 14429 21101 27573 12802 6537 3068 6265 1720 4545 3469 20964 14771 12179 2592 11952 2219 2058 2513 3412 2567 2123 845
is_linear=0
shrinkage=0.05


Tree=194
num_leaves=23
num_cat=0
split_feature=30 26 7 35 15 33 13 32 2 0 0 35 15 33 4 4 32 36 7 13 13 15
split_gain=4.51033 4.5423 6.68499 10.1661 5.29946 5.14131 8.44921 4.92779 12.4714 11.2723 8.82533 7.32464 6.76506 6.1034 4.75368 7.89418 4.3362 3.83289 3.12528 2.44918 2.43375 1.84357
threshold=391.00000000000006 1.0000000180025095e-35 47.95000000000001 -0.76666666666666206 40.350000000000001 85.450000000000017 55.95000000000001 56.550000000000004 53.550000000000004 57.45000000000001 38.650000000000013 0.85000000000000153 51.050000000000004 39.95000000000001 80.850000000000009 66.250000000000014 46.050000000000004 49.300097381744791 54.850000000000001 52.550000000000004 51.550000000000004 49.45000000000001
decision_type=2 2 2 2 2 10 2 10 2 2 2 2 2 10 2 2 10 2 2 2 2 2
left_child=19 5 3 -3 -4 7 -7 8 9 -2 12 -10 -9 -12 15 -5 18 -18 -6 21 -16 -1
right_child=1 2 4 14 16 6 -8 10 11 -11 13 -13 -14 -15 20 -17 17 -19 -20 -21 -22 -23
leaf_value=0.014251554311822255 0.00054781676798028626 0.048546384426750029 -0.029230005014155843 -0.010791914335824798 -0.0083482937839289683 -0.005957726690918385 0.039996748599801464 0.00036678928042138502 0.0050385547896701684 -0.017473439228821622 0.0044932705703263336 0.018300480517007736 0.027543953829644637 -0.0013968727274898598 -0.029137018426109648 0.031389803026751657 0.0094543046198771064 -0.0075793229055564904 -0.048146237410716233 -0.038753071234609235 -0.0029050538524286007 -0.026206671436976955
leaf_weight=5.5910960994660872 1370.381388655398 12.217924784868954 29.259064704179764 21.147315935231745 10.03347070515156 19.000064074993134 20.594739101827145 44.463925384916365 508.07890813518316 92.517643979750574 470.91114821657538 131.59653056412935 47.96065853908658 6573.5275574754924 14.507774537429212 22.86486778408289 38.235425632447004 229.85317097976804 10.444699406623839 11.530338822398333 23.719697510823607 5.353154098149389
leaf_count=103 19367 109 199 202 121 99 111 385 4825 1076 4109 1126 356 35350 124 178 261 1403 121 177 171 100
internal_value=-0.000376549 -0.000324023 -0.00545894 0.00618385 -0.00893575 -9.52744e-05 0.0178595 -0.000172952 0.00195371 -0.000589594 -0.000800202 0.0077771 0.014538 -0.00100236 -0.000100329 0.0110301 -0.00685129 -0.00512868 -0.0290252 -0.0227031 -0.0130409 -0.00514313
internal_weight=9713.79 9691.32 412.283 94.4576 317.826 9279.03 39.5948 9239.44 2102.57 1462.9 7136.86 639.675 92.4246 7044.44 82.2397 44.0122 288.567 268.089 20.4782 22.4746 38.2275 10.9443
internal_count=70073 69693 2889 784 2105 66804 210 66594 26394 20443 40200 5951 741 39459 675 380 1906 1664 242 380 295 203
is_linear=0
shrinkage=0.05


Tree=195
num_leaves=13
num_cat=0
split_feature=6 6 4 5 6 30 1 1 8 7 4 15
split_gain=5.55101 6.50772 7.9716 6.41931 4.37733 4.5949 4.56297 4.75398 4.204 10.8326 10.4792 3.86598
threshold=88.350000000000009 91.750000000000014 82.050000000000011 52.750000000000007 88.100000000000009 479.00000000000006 65.350000000000009 63.550000000000004 50.050000000000004 53.750000000000007 84.950000000000017 52.650000000000013
decision_type=2 2 2 2 2 2 2 2 2 2 2 2
left_child=4 3 -3 11 6 -6 7 8 9 -1 -10 -2
right_child=1 2 -4 -5 5 -7 -8 -9 10 -11 -12 -13
leaf_value=-0.00055320555561126433 0.023393662691943325 -0.017874928855360944 0.026850304848711815 0.0024391215434248128 0 -0.0392535852704263 -0.02738812616266835 0.01769664759524749 -0.0027312508935393065 0.0046488373515523691 0.0023213555977603228 0.060722951724578714
leaf_weight=3437.4731053928845 17.830057553946975 28.161033634096384 15.263019317761062 20.582238554954529 15.274225425906481 14.51636630296707 15.13797080144286 37.677609829232097 3246.1001287424006 1410.9391808714718 1499.548312863335 12.276272224262355
leaf_count=28285 160 196 82 121 147 123 75 186 24247 8654 8042 99
internal_value=8.56539e-06 0.0120871 -0.00201411 0.024246 -0.000108514 -0.0192134 -4.87993e-05 -5.02768e-06 -7.52502e-05 0.000959677 -0.00113364 0.0389314
internal_weight=9770.78 94.1126 43.4241 50.6886 9676.67 29.7906 9646.88 9631.74 9594.06 4848.41 4745.65 30.1063
internal_count=70417 658 278 380 69759 270 69489 69414 69228 36939 32289 259
is_linear=0
shrinkage=0.05


Tree=196
num_leaves=24
num_cat=0
split_feature=6 3 18 28 40 7 6 2 7 36 32 0 7 40 15 30 14 40 8 30 7 7 30
split_gain=4.98708 6.48047 5.2126 7.96204 4.43709 4.29938 3.99516 4.33182 9.12507 8.0076 9.89233 9.52635 6.30804 9.49481 6.42849 6.40426 6.17445 5.90439 5.04028 4.76149 10.6787 10.4021 4.27403
threshold=88.350000000000009 53.750000000000007 12.500000000000002 3.5000000000000004 0.22055192213693495 48.550000000000004 88.100000000000009 59.150000000000013 47.550000000000004 52.81736357305634 69.750000000000014 61.45000000000001 62.250000000000007 0.26995999620222971 41.150000000000013 541.00000000000011 49.550000000000004 0.28464209591017064 41.750000000000007 521.00000000000011 62.45000000000001 53.050000000000004 479.00000000000006
decision_type=2 2 2 2 2 2 2 2 2 2 10 2 2 2 2 2 2 2 2 2 2 2 2
left_child=6 2 -2 4 -4 -3 7 12 9 11 -11 -9 15 14 -14 18 -17 -15 -1 20 -10 -21 -8
right_child=1 5 3 -5 -6 -7 22 8 19 10 -12 -13 13 17 -16 16 -18 -19 -20 21 -22 -23 -24
leaf_value=0.0016855623893824536 0.026869755063704953 0.011142488748988603 -0.010357378795003515 -0.034595398399223404 0.026769518380176816 0.04912353064840691 0 0.00071316883530127945 0.0008869534370085834 0.042197314947323289 0.002566976156837313 0.029651162513562864 -0.0069299559757287025 -0.025202808536338835 0.017841582733655072 0.003065452421194523 -0.023542894267332935 0.0013002232436430444 -0.0012395833029037533 -0.013149095507769657 -0.022173801829283107 0.029001122804041202 -0.038046387760375805
leaf_weight=1927.5191272436641 16.058586020022631 15.435410774312915 15.577011792920532 16.048582125455141 16.199317403137684 15.257653376087545 15.274225425906481 158.22104129381478 666.37580769695342 39.120084131136537 26.800560832023621 34.679242890328169 31.000245809555054 24.545605469495058 158.33021678030491 34.069653942249715 58.875050446949899 140.88074698671699 6227.8394084931351 22.879218101501465 54.171562504023314 39.72444286942482 14.238458495587109
leaf_count=15871 99 114 128 132 92 93 147 883 3499 234 122 191 172 127 924 250 464 680 45453 124 283 212 123
internal_value=8.01334e-06 0.0114283 0.00225781 -0.00594085 0.00843736 0.0302836 -0.000103229 -4.6409e-05 0.0029976 0.0111354 0.0261893 0.00595416 -0.0004157 0.00611032 0.0137577 -0.000697059 -0.0137428 -0.00261488 -0.0005476 0.0003007 -0.000842678 0.0135207 -0.0184408
internal_weight=9769.12 94.5766 63.8835 47.8249 31.7763 30.6931 9674.54 9645.03 1041.97 258.821 65.9206 192.9 8603.06 354.757 189.33 8248.3 92.9447 165.426 8155.36 783.151 720.547 62.6037 29.5127
internal_count=70417 658 451 352 220 207 69759 69489 5548 1430 356 1074 63941 1903 1096 62038 714 807 61324 4118 3782 336 270
is_linear=0
shrinkage=0.05


Tree=197
num_leaves=23
num_cat=0
split_feature=6 5 30 6 5 34 14 3 7 39 33 5 4 5 15 13 1 18 26 5 13 13
split_gain=4.49177 5.77335 6.20615 7.23805 6.11313 4.08629 7.14552 6.40639 5.76919 4.9621 5.09119 5.45883 7.14865 4.51793 4.31842 11.0404 7.94359 4.35576 4.14151 6.84092 4.28424 2.91022
threshold=88.350000000000009 52.750000000000007 449.00000000000006 91.950000000000017 60.350000000000001 7.166666666666667 53.250000000000007 52.750000000000007 53.750000000000007 -38.999999999999993 57.050000000000004 49.650000000000013 71.850000000000009 51.95000000000001 63.050000000000004 60.850000000000001 61.45000000000001 14.500000000000002 1.0000000180025095e-35 42.350000000000001 63.050000000000004 55.150000000000013
decision_type=2 2 2 2 2 2 2 2 2 2 8 2 2 2 2 2 2 2 2 2 2 2
left_child=5 2 -2 -4 -3 9 7 8 13 10 11 12 -1 -7 18 16 -16 -17 20 -20 -11 -9
right_child=1 4 3 -5 -6 6 -8 21 -10 14 -12 -13 -14 -15 15 17 -18 -19 19 -21 -22 -23
leaf_value=0.037393005495207819 0.050370737579777003 -0.022813136188220985 0.028369933117533792 -0.016720936427958213 0.014791662502524259 0.0130131593456947 -0.036814730803159744 -0.0070734563413914018 0.028915341205908808 -0.00050842171327505133 -0.0026772171132760664 0.054652472891881534 -0.022587101901868328 -0.018031134929501702 0.0032296558107271604 -0.0029071545993678834 0.028610171233266937 -0.025878410376193591 -0.02587573252569263 -0.0033133245783437352 0.0052525331311200412 -0.03211910880484261
leaf_weight=11.42768596950919 14.110901898704467 20.030931759625673 23.342464522458613 14.118879191577433 23.150882162153721 21.954061159864068 19.350472167134285 28.342915456742048 19.489561283960938 7593.5313517320901 23.143899895250797 11.927673265337942 8.5417632451280934 24.756303884088993 1141.7526667239144 40.46631751768291 31.650949656963348 43.261707101017237 38.692970044910908 258.14155330229551 336.85663661826402 20.447367765009403
leaf_count=153 129 122 192 100 115 143 119 150 98 56611 115 100 104 122 6878 218 151 263 453 1725 2254 102
internal_value=7.43152e-06 0.0108355 0.0221225 0.0112432 -0.00254912 -9.82233e-05 -0.00875458 -0.00396131 0.00611229 2.32482e-05 0.0149793 0.0279152 0.0115032 -0.00333675 -6.3177e-05 0.00266548 0.0039209 -0.0148526 -0.000480755 -0.00627894 -0.000263022 -0.0177163
internal_weight=9768.49 94.7541 51.5722 37.4613 43.1818 9673.74 134.341 114.99 66.1999 9539.4 55.041 31.8971 19.9694 46.7104 9484.35 1257.13 1173.4 83.728 8227.22 296.835 7930.39 48.7903
internal_count=70417 658 421 292 237 69759 734 615 363 69025 472 357 257 265 68553 7510 7029 481 61043 2178 58865 252
is_linear=0
shrinkage=0.05


Tree=198
num_leaves=12
num_cat=0
split_feature=6 6 4 5 1 6 1 5 34 2 13
split_gain=4.03009 5.24165 7.1199 4.88514 3.8925 3.70098 4.19897 3.76631 3.76201 3.73735 3.56709
threshold=88.350000000000009 91.750000000000014 82.050000000000011 52.750000000000007 65.350000000000009 88.100000000000009 63.550000000000004 47.650000000000013 9.1666666666666696 59.150000000000013 53.650000000000013
decision_type=2 2 2 2 2 2 2 2 2 2 2
left_child=4 3 -3 10 5 6 8 -7 9 -1 -2
right_child=1 2 -4 -5 -6 7 -8 -9 -10 -11 -12
leaf_value=-0.00035809888534111254 0.019148951538192654 -0.017566246287416862 0.024669492026829092 0.001755745851672561 -0.0248083225444235 0.005150519082457455 0.016622343775348072 -0.032011443476761367 -0.020327935483641667 0.0028405840738195218 0.054400277331920335
leaf_weight=8545.5502565512434 18.91262344270945 28.019088564440608 15.333302015438674 20.572833370417356 15.806229360401629 10.611983288079502 37.74728225544095 17.866264317184687 22.751443829387426 1022.3302396684885 12.375785764306782
leaf_count=63657 167 196 82 121 79 137 186 129 120 5451 92
internal_value=6.6521e-06 0.0102382 -0.00249043 0.020959 -9.36507e-05 -5.24238e-05 3.84182e-07 -0.0180191 -6.46886e-05 -1.57702e-05 0.0333804
internal_weight=9767.88 95.2136 43.3524 51.8612 9672.66 9656.86 9628.38 28.4782 9590.63 9567.88 31.2884
internal_count=70417 658 278 380 69759 69680 69414 266 69228 69108 259
is_linear=0
shrinkage=0.05


Tree=199
num_leaves=31
num_cat=0
split_feature=28 17 32 5 40 34 37 36 30 6 40 30 17 36 6 4 40 9 34 33 9 6 37 36 37 33 27 32 30 12
split_gain=3.95636 7.38706 10.6059 8.78647 8.01328 9.80322 10.3075 7.21434 7.69126 6.60369 6.50297 9.9746 7.85751 10.4801 7.72303 7.62077 6.6113 6.01111 5.53161 5.12998 4.91145 4.74696 4.53473 9.54534 10.4481 7.65511 5.15369 9.01754 5.3376 4.15345
threshold=4.5000000000000009 2675.0000000000005 73.450000000000017 61.350000000000001 0.29477020632095707 -2.1666666666666665 0.387187038512744 298.06346763181818 509.00000000000006 42.050000000000004 0.22944967294172644 507.00000000000006 1075.0000000000002 48.906332556933982 74.450000000000017 60.050000000000004 0.21955648256574969 50.050000000000004 -1.8333333333333333 42.350000000000001 49.95000000000001 88.350000000000009 0.24415692346187159 48.665320600811036 0.16984123166662851 77.550000000000011 7.5000000000000009 69.950000000000017 415.00000000000006 74.15000000000002
decision_type=2 2 10 2 2 2 2 2 2 2 2 2 2 2 2 2 2 2 2 10 2 2 2 2 2 10 2 10 2 2
left_child=9 4 3 7 10 19 20 8 -3 18 12 15 13 -2 -13 -12 -14 -8 -1 -6 -7 22 23 25 -25 -11 28 -28 -24 -23
right_child=1 2 -4 -5 5 6 17 -9 -10 21 11 14 16 -15 -16 -17 -18 -19 -20 -21 -22 29 26 24 -26 -27 27 -29 -30 -31
leaf_value=-0.002371095028889535 0.02969772003920311 0.011148439948823254 0.030588126405048904 0.024260749685772083 -0.014680273544515258 -0.014887360885488633 -0.016677448466747399 -0.014785298199565375 -0.020710039311203368 -0.0061824889606997193 0.011304013953270083 0.029749178989827707 -0.0036482192532006439 -0.022352457583088171 -0.00038183175942669125 -0.0051543949448593571 -0.018127238941611463 0.0040060193439347865 -0.037217090342908647 0.021352045028632447 -0.038277633610248614 0.026675626591558161 -0.010276068985822069 0.0075817073689010807 -0.0029933846787853443 0.0052599501515748128 0.0076967259476653895 -0.0043982127230532304 0.000854765629399595 0.0033106300521925634
leaf_weight=25.511088818311691 35.493392420932651 98.194547755643725 36.788125403225422 36.30194815993309 14.105527635663746 41.333964897319674 71.185934437438846 74.086275305598974 23.295862339437008 995.57304792013019 98.091283058747649 55.380482312291861 826.3807745212689 13.087225524708627 33.955299729481339 247.59189109317958 87.362728821113706 68.602733099833131 20.99036521743983 31.58090602606535 52.08998329937458 32.0010872092098 110.11538106529042 465.79560346482322 467.47682259697467 170.76775096356869 648.68632355239242 201.47488579526544 4635.8050215383992 48.185544124804437
leaf_count=177 272 652 161 175 153 244 414 430 153 8179 844 397 8092 111 253 1747 720 392 164 182 296 217 1388 3181 3167 742 4830 905 31478 301
internal_value=6.26523e-06 -0.0020113 0.00567746 0.00169229 -0.00324689 -0.0109867 -0.0151436 -0.00248146 0.00498643 0.000508557 -0.00169783 0.00336862 -0.00399342 0.015556 0.0182533 -0.000467768 -0.00503986 -0.00649547 -0.0182537 0.0101102 -0.0280094 0.000621636 0.000494771 -0.0014856 0.00227953 -0.00450257 0.0012387 0.00482435 0.000595242 0.0127191
internal_weight=9767.29 1944.91 268.667 231.879 1676.24 278.899 233.213 195.577 121.49 7822.38 1397.34 435.019 962.324 48.5806 89.3358 345.683 913.744 139.789 46.5015 45.6864 93.4239 7775.88 7695.69 2099.61 933.272 1166.34 5596.08 850.161 4745.92 80.1866
internal_count=70417 15688 1571 1410 14117 1681 1346 1235 805 54729 12436 3241 9195 383 650 2591 8812 806 341 335 540 54388 53870 15269 6348 8921 38601 5735 32866 518
is_linear=0
shrinkage=0.05


Tree=200
num_leaves=26
num_cat=0
split_feature=30 36 12 1 12 34 17 40 34 30 39 39 40 30 15 15 12 12 2 34 2 15 39 36 30
split_gain=7.93403 7.35124 10.2001 8.9976 7.88034 6.66295 6.55896 5.9707 6.73821 6.06441 5.47997 9.346 8.03689 6.15717 5.17529 5.15388 5.13634 4.97482 6.60345 6.3978 4.52593 4.35036 3.87097 3.29205 2.88144
threshold=389.00000000000006 59.806575375921376 51.850000000000009 44.350000000000001 55.650000000000013 6.5833333333333348 3055.0000000000005 0.1897752814682909 1.0000000180025095e-35 475.00000000000006 -26.999999999999996 -36.999999999999993 0.36383397494038283 479.00000000000006 49.150000000000013 58.650000000000013 87.750000000000014 83.450000000000017 60.850000000000001 -2.8333333333333326 57.95000000000001 48.95000000000001 -4.9999999999999991 45.789732423190372 471.00000000000006
decision_type=2 2 2 2 2 2 2 2 2 2 2 2 2 2 2 2 2 2 2 2 2 2 2 2 2
left_child=23 5 7 -4 -5 10 -6 22 14 -10 11 13 -13 -2 -9 16 20 18 -12 -19 -7 -18 -3 -1 -17
right_child=1 2 3 4 6 15 -8 8 9 -11 17 12 -14 -15 -16 24 21 19 -20 -21 -22 -23 -24 -25 -26
leaf_value=-0.0021006096062388315 -0.016812423757858574 -0.0062682680456997352 -0.020570804957943108 0.042267522301375177 0.017736865170692152 0.0096293964497424882 -0.0039803958502188678 0.0067167672829010665 -0.00086722159733538845 0.02322906089666785 -0.00096143096608182098 -0.0084343263807647988 -0.046949172189684432 0.018145723950935333 -0.019183571049808428 -0.038634174028693291 -0.030287640169789076 0.0066723663766697144 0.0072407867413419999 0.00095105890804404465 -0.012137037476701083 -0.0031753107038700566 -0.042549962775668575 -0.048478276592398284 -0.012631807423414732
leaf_weight=6.0229393886402276 16.218827893026173 17.866968169808391 17.683152920566499 25.883888576179743 153.71576031763107 68.358887803740799 44.424424175173044 31.621982961893082 55.198311230167747 48.797058187425137 4856.2465201420709 238.67497307341546 14.348584149032829 53.723909745924175 48.32197399251163 19.035261750221252 28.817366674542427 583.54395261406898 258.2545274104923 3023.589998787269 36.478335520252585 31.293037615716457 12.926666455343364 11.683833564631639 26.25885184109211
leaf_count=116 146 151 185 143 895 400 244 180 304 254 36756 1976 71 459 279 101 165 5194 1361 20014 196 168 110 191 140
internal_value=0.000257852 0.0003195 0.00651329 0.0135581 0.0162823 1.34209e-05 0.0128429 -0.00139581 0.00199435 0.0104027 0.000218548 -0.00617502 -0.0106559 0.00995556 -0.00888059 -0.00878328 -0.00463658 0.000455946 -0.000546152 0.00187817 0.00200372 -0.0162849 -0.021749 -0.0330841 -0.0237307
internal_weight=9728.99 9711.28 456.44 241.707 224.024 9254.84 198.14 214.733 183.939 103.995 9044.6 322.966 253.024 69.9427 79.944 210.242 164.948 8721.63 5114.5 3607.13 104.837 60.1104 30.7936 17.7068 45.2941
internal_count=70199 69892 2745 1467 1282 67147 1139 1278 1017 558 65977 2652 2047 605 459 1170 929 63325 38117 25208 596 333 261 307 241
is_linear=0
shrinkage=0.05


Tree=201
num_leaves=31
num_cat=0
split_feature=30 5 2 33 2 28 9 40 38 40 33 5 27 30 18 4 39 5 3 7 2 7 39 4 12 27 40 15 30 2
split_gain=7.35842 4.85695 8.81475 9.14994 6.47185 13.2331 7.67699 6.42791 5.42726 5.24957 10.9727 10.1979 9.75277 7.39677 7.07911 6.62617 6.41357 7.73766 10.2981 8.39642 5.79209 14.5347 5.93649 5.17648 3.61946 5.94769 5.18849 4.90306 2.56386 2.49748
threshold=389.00000000000006 41.95000000000001 43.850000000000001 74.950000000000017 53.550000000000004 4.5000000000000009 48.250000000000007 0.19042561868599603 0.21922384901785089 0.28040801278865057 39.050000000000004 48.850000000000001 7.5000000000000009 473.00000000000006 8.5000000000000018 49.750000000000007 -20.999999999999996 43.350000000000001 62.150000000000013 46.650000000000013 55.95000000000001 49.550000000000004 -38.999999999999993 72.450000000000017 86.15000000000002 6.5000000000000009 0.21917261870023244 50.350000000000001 457.00000000000006 50.550000000000004
decision_type=2 2 2 8 2 2 2 2 2 2 8 2 2 2 2 2 2 2 2 2 2 2 2 2 2 2 2 2 2 2
left_child=-1 2 24 4 6 -6 -4 29 -9 16 11 23 -13 14 -12 -15 20 18 -18 -19 22 -22 -3 -11 25 26 -2 28 -26 -5
right_child=1 9 3 7 5 -7 -8 8 -10 10 13 12 -14 15 -16 -17 17 19 -20 -21 21 -23 -24 -25 27 -27 -28 -29 -30 -31
leaf_value=-0.032256166727399664 -0.02541408848192352 0.018037246438616351 0.023794741838444555 0.010726968172621872 0.009532814213966196 -0.0081737895945443728 -0.0070545209271446864 0.0094527400424352179 0.042653713349886976 0.0023751513103646292 0.023573658077028058 0.032200928920642517 -0.017199191254114003 0.0054128322591430293 0.00045712904805633682 -0.0057006567023782633 0.011386569411466953 -0.0013162935282986007 -0.033863148704552329 0.0029597696423034232 0.01573588053303197 -0.0097100549426062995 -0.010284796427641754 -0.047672292473700938 -0.05300935461271164 -0.057029467562211111 0.027336316869705276 0.02015086062263315 -0.0060520751736422131 -0.018574001431889638
leaf_weight=17.28193345060572 27.843421917874366 19.620329421013594 20.689220254309475 14.207454767078163 245.03032059874386 184.98820839170367 612.97298883786425 26.08477333933115 24.183826554566622 16.016935324296359 34.155330434441566 62.340965401381254 11.687450191006063 151.1666220612824 1019.2940204497427 1157.2212987057865 309.22434781398624 1709.1859244322404 12.960671262815593 3488.2649149261415 105.87004404515028 119.03994117304683 276.12164841964841 7.4042220469564191 4.943699028342964 12.83219482610002 5.4231562782078973 11.087446697056292 7.6038525011390448 14.506588347256182
leaf_count=307 534 169 264 106 1696 1995 8151 169 151 233 153 656 111 817 5187 5687 2966 13663 112 22386 705 723 2316 99 111 229 88 175 138 102
internal_value=0.000244279 0.000302959 -0.00265659 -0.00159776 -0.0028214 0.00190392 -0.0060358 0.0148008 0.0255777 0.000725729 -0.00122052 0.0152072 0.0243216 -0.00190106 0.00121353 -0.00441251 0.00151897 0.00201997 0.00954083 0.00155262 -0.00378204 0.00224735 -0.00838347 -0.0133694 -0.0199079 -0.0280676 -0.0166087 -0.00373081 -0.0252213 -0.0039157
internal_weight=9729.25 9711.97 1212.4 1142.66 1063.68 430.019 633.662 78.9826 50.2686 8499.57 2459.29 97.4496 74.0284 2361.84 1053.45 1308.39 6040.29 5519.64 322.185 5197.45 520.652 224.91 295.742 23.4212 69.7338 46.0988 33.2666 23.635 12.5476 28.714
internal_count=70199 69892 13909 12634 12106 3691 8415 528 320 55983 12943 1099 767 11844 5340 6504 43040 39127 3078 36049 3913 1428 2485 332 1275 851 622 424 249 208
is_linear=0
shrinkage=0.05


Tree=202
num_leaves=30
num_cat=0
split_feature=36 12 34 38 17 3 40 18 15 34 17 15 8 0 8 0 35 31 8 6 0 36 28 2 12 37 8 39 3
split_gain=6.54634 9.27894 6.38117 5.93595 7.0247 8.33614 5.45093 7.33147 6.66673 6.66467 7.0788 5.97206 4.83721 4.82333 4.28935 7.11281 7.6988 5.93525 5.86315 5.38342 9.26057 6.32676 5.37746 8.12486 7.32631 5.17372 3.70124 3.68462 3.14572
threshold=59.806575375921376 51.850000000000009 9.1666666666666696 0.18228311224061405 3055.0000000000005 51.45000000000001 0.1897752814682909 10.500000000000002 51.650000000000013 1.0000000180025095e-35 2885.0000000000005 63.050000000000004 43.550000000000004 46.350000000000001 22.750000000000004 59.550000000000004 -1.699999999999992 1.5000000000000002 16.450000000000003 47.550000000000004 60.850000000000001 48.263350683795387 3.5000000000000004 53.550000000000004 84.750000000000014 0.39480102968097236 45.550000000000004 -4.9999999999999991 49.850000000000001
decision_type=2 2 2 2 2 2 2 2 2 2 2 2 2 2 2 2 2 10 2 2 2 2 2 2 2 2 2 2 2
left_child=2 6 14 28 5 12 27 8 -8 10 -9 -11 -5 -7 15 16 17 -1 -18 20 21 -16 24 -24 -21 -17 -6 -2 -3
right_child=1 3 -4 4 26 13 7 9 -10 11 -12 -13 -14 -15 19 25 18 -19 -20 22 -22 -23 23 -25 -26 -27 -28 -29 -30
leaf_value=-0.024715889926966977 -0.0059214932978063567 -0.024456574006708299 -0.023572380434644317 0.055370793069544746 0.017224626674136313 -0.013123906681475856 0.039675691739132019 -0.004512113196944785 0.0023651024572482037 0.012984025768221018 -0.041934673164718606 -0.019449778678612965 0.025124103109540486 0.015766273014444242 0.011393091225202826 0.047914619771896282 -0.0022734952419689075 0.0048288989178371447 0.0098451470071215103 -0.00083173765064508114 -0.020476552755869862 -0.0013723846297937752 -0.0058325490646097319 -0.00044082539552738704 0.003266984405762867 0.0089759537865489944 -0.011300562800799116 -0.041495177113977127 0.0079210064679836722
leaf_weight=41.122988008894026 17.802002022974197 14.736363441683354 28.658188782632351 16.61708942335099 17.747303742915392 19.543042873032391 20.819841850548983 37.700551266781986 28.748591747134924 59.225858937948942 19.209714509546757 18.474759202450514 74.510019793175161 53.284917144104838 280.46531686140224 15.290495589375494 157.92479583900422 28.463876009918749 268.29211201705039 3383.7865212047473 32.898521376773715 147.37029056902975 1016.0705119427294 2244.1410242123529 1607.7677645706572 20.156184239313006 31.160760395228863 12.744694465771316 14.784982642158864
leaf_count=401 152 108 152 118 102 151 102 229 147 336 115 92 455 274 1992 108 1602 262 2409 24755 189 1067 9380 14136 10858 136 166 111 94
internal_value=0.000231285 0.00607201 -5.61742e-05 0.0127771 0.0156984 0.0206579 -0.00147586 0.00174705 0.0181854 -0.004278 -0.017283 0.00519293 0.0307491 0.0079378 1.64459e-05 0.00437829 0.0028174 -0.0125695 0.00534366 -0.000248994 0.00500923 0.00698498 -0.000543248 -0.00212286 0.000487488 0.026001 -0.000833558 -0.0210137 -0.00810033
internal_weight=9729.52 457.11 9272.41 242.384 212.863 163.955 214.726 184.179 49.5684 134.611 56.9103 77.7006 91.1271 72.828 9243.75 531.25 495.804 69.5869 426.217 8712.5 460.734 427.836 8251.77 3260.21 4991.55 35.4467 48.9081 30.5467 29.5213
internal_count=70199 2752 67447 1468 1266 998 1284 1021 249 772 344 428 573 425 67295 4918 4674 663 4011 62377 3248 3059 59129 23516 35613 244 268 263 202
is_linear=0
shrinkage=0.05


Tree=203
num_leaves=27
num_cat=0
split_feature=36 13 39 31 12 34 8 34 5 8 9 2 28 40 34 5 3 5 3 29 5 5 8 33 39 4
split_gain=5.8975 10.5026 7.32396 7.42472 7.18953 7.48996 7.09748 5.80433 5.45654 7.57108 10.4377 8.93505 10.6168 7.27616 7.15434 5.71701 8.90182 8.86049 8.54432 7.39723 5.81275 5.18501 4.72411 4.74611 4.14019 1.67099
threshold=59.806575375921376 57.850000000000001 -1.0000000180025095e-35 3.5000000000000004 51.850000000000009 1.0000000180025095e-35 59.850000000000001 9.1666666666666696 41.850000000000001 71.550000000000011 48.850000000000001 53.350000000000001 4.5000000000000009 0.27102165969721409 -3.4166666666666665 44.050000000000004 62.150000000000013 44.850000000000001 59.150000000000013 53.500000000000007 45.750000000000007 60.350000000000001 55.050000000000004 56.45000000000001 -4.9999999999999991 72.750000000000014
decision_type=2 2 2 10 2 2 2 2 2 2 2 2 2 2 2 2 2 2 2 2 2 2 2 10 2 2
left_child=7 2 3 4 6 -6 -2 8 9 11 -11 13 -13 -1 -12 16 19 18 -17 -10 -19 24 23 -3 -5 -18
right_child=1 22 -4 21 5 -7 -8 -9 15 10 14 12 -14 -15 -16 17 25 20 -20 -21 -22 -23 -24 -25 -26 -27
leaf_value=-0.010454952110033422 -0.0075126378600988003 0.05347718931607251 -0.021801901626842819 -0.0061110947120924753 0.029088029023226714 0.005549571204105575 0.022515118503007792 -0.022561935607847264 0.019587260656184567 0.039518740038413047 0.026127601898577553 0.0091098017074258339 -0.0084903663778614392 0.017145002849092601 -0.0020269088274137777 -0.012316666159382759 -0.011447396853142132 0.0071180022838936404 0.015173048946069424 0.003972945683643132 0.0001207040874006292 0.013529941909104923 0.0078830623917094996 0.017796010115162474 -0.033583082019189123 -0.038516200709730573
leaf_weight=531.01241126749665 80.071868477389216 18.93416050542146 28.241636673919857 77.015612427145243 67.313608825206757 69.148293452337384 25.978094208985567 28.454359827563167 90.37731506396085 19.873014916665852 25.780893754214048 186.59335022326559 158.15457216463983 24.783326903358102 174.75849001528695 230.01911028474569 13.075284898281099 310.02264071023092 31.985210115090013 480.11621355311945 6954.6903131487779 27.358014367520809 26.761656410060823 19.664705894887447 16.823204999789596 11.295883589424191
leaf_count=7653 499 139 171 496 429 403 137 152 900 199 338 1339 1747 254 1698 2086 127 2652 247 4504 43470 132 145 91 110 81
internal_value=0.000219262 0.0057617 0.00265039 0.0045683 0.00962474 0.01721 -9.56273e-05 -5.36504e-05 1.53467e-05 -0.00325402 0.00503868 -0.00528958 0.00102103 -0.00921239 0.00157887 0.000467241 0.00518573 9.35927e-05 -0.00893717 0.00645832 0.000420097 -0.00550788 0.0243105 0.0355211 -0.0111199 -0.0243041
internal_weight=9728.3 457.311 391.95 363.709 242.512 136.462 106.05 9270.99 9242.54 1120.96 220.412 900.544 344.748 555.796 200.539 8121.58 594.865 7526.72 262.004 570.494 7264.71 121.197 65.3605 38.5989 93.8388 24.3712
internal_count=70199 2752 2377 2206 1468 832 636 67447 67295 13228 2235 10993 3086 7907 2036 54067 5612 48455 2333 5404 46122 738 375 230 606 208
is_linear=0
shrinkage=0.05


Tree=204
num_leaves=25
num_cat=0
split_feature=30 36 13 39 31 13 39 5 2 33 31 30 5 5 7 18 4 37 2 7 35 36 5 40
split_gain=6.81145 5.26319 9.39838 6.52547 6.70414 6.71447 4.70316 4.47959 7.09766 7.04097 6.21534 10.6156 5.44721 10.2177 8.32957 6.53958 9.40603 6.63308 5.42913 4.74918 4.70687 3.26213 3.09803 3.90512
threshold=389.00000000000006 59.806575375921376 57.850000000000001 -1.0000000180025095e-35 3.5000000000000004 46.650000000000013 -4.9999999999999991 41.850000000000001 43.850000000000001 74.950000000000017 -5.4999999999999991 457.00000000000006 55.45000000000001 56.550000000000004 59.750000000000007 9.5000000000000018 80.850000000000009 0.084445861678004538 53.550000000000004 50.750000000000007 3.000000000000004 45.789732423190372 58.350000000000001 0.21914809191139498
decision_type=2 2 2 2 10 2 2 2 2 10 8 2 2 2 2 2 2 2 2 2 2 2 2 2
left_child=21 7 3 4 5 -3 -6 8 10 18 11 -2 15 19 -15 16 -9 -17 -10 -14 -12 -1 23 -4
right_child=1 2 22 -5 6 -7 -8 12 9 -11 20 -13 13 14 -16 17 -18 -19 -20 -21 -22 -23 -24 -25
leaf_value=-0.00039875836395535444 -0.042962100537504815 -0.01323239161467488 0.013601950825186136 -0.020674626617037818 -0.00059306138122751763 0.012219985119434784 -0.026366663927660201 0.014026224648018688 -0.0055368684954038676 0.028027487247162315 -0.03268504996521468 0.049851984035008734 -0.0037624870369895162 0.00068996306260191848 -0.007930841024338782 0.017015569785967109 -0.0050397887678704477 0.00076950466257011321 0.0018304406521470345 -0.015713343401416443 0.013541339241052705 -0.047380928011719628 0.0070561147057955909 0.043996575507940755
leaf_weight=5.8642180683091309 5.0582469552755338 29.21582658868283 19.817947132512927 27.923073085024953 99.263240503147244 213.87759573478252 21.559476673603058 222.06804616563022 614.83012170810252 19.06416018307209 44.636378546245396 7.473573615308851 178.08568307384849 2675.1674819560722 312.84442971646786 63.670976773835719 90.736063119024038 4435.1437475318089 420.05393198877573 158.28014919161797 6.0598330171778789 11.004066051449625 21.486961409449577 24.458843031898141
leaf_count=116 124 207 139 169 603 1258 135 1259 8231 81 863 126 1120 14001 1480 509 435 34354 3605 857 102 191 104 130
internal_value=0.000207915 0.00026373 0.00549756 0.00254504 0.0043456 0.00913629 -0.00525143 4.30095e-06 -0.00296386 -0.0019815 -0.0192308 0.0119499 0.000412513 -0.00114309 -0.000211196 0.00148833 0.00847986 0.00100092 -0.0025418 -0.00940394 -0.0270453 -0.031441 0.022983 0.0305662
internal_weight=9727.64 9710.78 457.603 391.839 363.916 243.093 120.823 9253.17 1117.18 1053.95 63.228 12.5318 8136 3324.38 2988.01 4811.62 312.804 4498.81 1034.88 336.366 50.6962 16.8683 65.7638 44.2768
internal_count=70199 69892 2745 2372 2203 1465 738 67147 13132 11917 1215 250 54015 17458 15481 36557 1694 34863 11836 1977 965 307 373 269
is_linear=0
shrinkage=0.05


Tree=205
num_leaves=31
num_cat=0
split_feature=8 33 34 36 11 0 40 37 1 37 7 37 29 1 33 7 2 0 1 12 28 40 17 40 33 3 1 0 33 34
split_gain=8.67098 8.17699 7.70953 10.5872 9.50639 9.34175 9.19406 14.14 8.26629 7.58172 6.92415 6.54432 6.52067 6.25717 6.08521 5.38566 10.9007 9.04908 9.79966 9.55015 7.60789 9.88116 9.30153 8.05013 6.44147 5.88305 7.14952 7.04411 4.91834 4.87779
threshold=50.350000000000001 28.850000000000005 -1.8333333333333333 40.943008339071845 48.550000000000004 42.150000000000013 0.12173541279876983 0.32808829386523625 56.650000000000013 0.31544793178927527 35.350000000000001 0.10749358666025335 56.750000000000007 50.650000000000013 30.250000000000004 53.750000000000007 55.45000000000001 59.050000000000004 48.650000000000013 52.600000000000001 3.5000000000000004 0.16788740493854312 1450.0000000000002 0.44254702101470622 73.050000000000011 54.550000000000004 48.850000000000001 44.250000000000007 70.850000000000009 -2.1666666666666665
decision_type=2 8 2 2 2 2 2 2 2 2 2 2 2 2 10 2 2 2 2 2 2 2 2 2 10 2 2 2 10 2
left_child=10 29 5 4 -4 9 7 -7 14 12 -1 -10 -3 -8 -5 16 25 19 -19 -18 21 22 -17 -23 28 26 -12 -27 -22 -2
right_child=1 2 3 8 -6 6 13 -9 11 -11 15 -13 -14 -15 -16 20 17 18 -20 -21 24 23 -24 -25 -26 27 -28 -29 -30 -31
leaf_value=-0.023765540057998795 -0.0047660248285135674 0.035995774931230427 0.027043391618259749 0.0054056182134769176 -0.026846540633828186 0.0029787786483910536 -0.0020568643302769705 0.075035471504238796 -0.017419945155377321 0.057454521722941902 -0.0089228457415961773 0.0016678046389748714 -0.014228897710775196 0.0077499898304313787 -0.0047731332485808926 0.050851899171611294 -0.0077583721969394963 0.022287057211526021 -0.0074700321185254548 0.011280340288993388 -0.0010610667377853285 0.0035314265220972802 0.012000683479526934 0.023755662168265412 -0.026313576329229718 -0.010502953046285016 -0.0014382585248454104 0.0036346538207007867 0.025974464149040741 -0.030515121121585893
leaf_weight=28.163163041230291 35.332123199477792 12.468820049427451 9.0606778701767308 156.33890414237976 71.915752648375928 19.701857965439562 695.12020431738347 10.437910456210373 46.581183802336454 12.897480580955742 409.67046406539157 1162.8799462122843 13.048353672027586 212.18581678159535 2294.1294667441398 22.23643009737134 76.048956400714815 32.119621663354337 193.97837837412953 476.06386665347964 459.5280844932422 818.66281061153859 51.633665645495057 52.387615643441677 24.491682723164558 99.779172521550208 1453.0030434736982 740.64716688450426 17.360558778047562 39.595144184306264
leaf_count=435 933 145 107 1084 812 193 5248 98 237 144 5097 6046 126 1203 14904 186 548 245 1102 3001 3111 4663 444 241 110 1317 11714 5481 75 1371
internal_value=-0.000561108 -0.002078 -0.00181628 -0.00284929 -0.0207291 0.00213845 0.00114122 0.0282642 -0.00245178 0.0262784 0.000904563 0.000927146 0.0101626 0.000231693 -0.0041215 0.00104706 -1.69804e-05 0.00519562 -0.00321263 0.00864793 0.00361152 0.0062538 0.0238162 0.0047561 -0.0013585 -0.00151965 -0.00308747 0.00194918 -6.11491e-05 -0.0184623
internal_weight=9747.47 4791.69 4716.77 3740.91 80.9764 975.86 937.446 30.1398 3659.93 38.4147 4955.77 1209.46 25.5172 907.306 2450.47 4927.61 3481.31 778.211 226.098 552.113 1446.3 944.921 73.8701 871.05 501.38 2703.1 1862.67 840.426 476.889 74.9273
internal_count=70421 32651 30347 23190 919 7157 6742 291 22271 415 37770 6283 271 6451 15988 37335 28505 4896 1347 3549 8830 5534 630 4904 3296 23609 16811 6798 3186 2304
is_linear=0
shrinkage=0.05


Tree=206
num_leaves=31
num_cat=0
split_feature=36 32 13 12 32 4 3 3 38 12 38 0 31 6 1 4 32 32 36 34 34 4 32 3 3 38 33 31 35 2
split_gain=6.39892 8.51701 8.47037 6.88487 14.7238 6.75922 6.55014 6.97181 6.74927 8.55955 6.71244 6.3777 7.14494 6.30322 5.91542 5.88873 6.39141 5.86733 7.94933 5.82878 5.66908 5.39647 8.26791 11.189 6.86469 9.03379 6.34072 5.942 5.03345 4.69199
threshold=59.806575375921376 78.450000000000017 57.650000000000013 50.600000000000009 63.850000000000001 79.750000000000014 60.750000000000007 59.350000000000001 0.18774209454207502 99.550000000000011 0.16821592835259339 56.45000000000001 1.0000000180025095e-35 92.550000000000011 56.150000000000013 90.250000000000014 69.450000000000017 60.750000000000007 298.06346763181818 1.5833333333333337 -4.1666666666666652 73.15000000000002 66.050000000000011 64.550000000000011 60.750000000000007 0.21884548561898012 81.450000000000017 1.0000000180025095e-35 -0.36666666666666353 54.650000000000013
decision_type=2 10 2 2 10 2 2 2 2 2 2 2 8 2 2 2 10 8 2 2 2 2 8 2 2 2 8 10 2 2
left_child=5 2 14 4 -4 13 7 11 -9 -10 -8 12 -7 21 17 28 -17 29 -19 -16 -13 22 23 -1 26 -26 -23 -24 -12 -2
right_child=1 -3 3 -5 -6 6 10 8 9 -11 15 20 -14 -15 19 16 -18 18 -20 -21 -22 24 27 -25 25 -27 -28 -29 -30 -31
leaf_value=0.0010078538682080421 -0.010040006572613848 0.038556052295461274 0.038399332115108764 0.037062245577606567 -0.027567623642272804 -0.0017218713874517526 -0.037627567366370046 0.03661328525602995 -0.0048645004657199044 0.027838736338271726 0.005934017319065947 0.016280013253223573 -0.0079009416970266515 -0.026723023952883215 -0.02724992121239031 0.016114349399874519 -0.011821741397393514 0.016769282985935621 -0.0041138319776372213 0.0010808562230649197 -0.0001518988868254356 0.0018193676878271933 -0.0049939131798381652 0.032136524071617448 0.045268011378535616 0.0052566174061481332 0.025571414095003936 0.00064226739234149845 -0.018633453156004787 0.020185540960257747
leaf_weight=3131.2163399867713 88.055877179838717 18.357305787503719 16.374485071748495 31.821008181199431 17.24341893196106 1208.1382093965076 20.886323653161526 19.703932238742709 69.362280717119575 27.923834681510925 25.085598610341549 55.353087702766061 766.34084795368835 21.560589552856982 33.296420369297266 42.557094026356936 39.146785289049149 123.98616823926568 71.445033099502325 39.058186419308186 972.87394145969301 680.76566177327186 1215.852602949366 29.049972670152783 22.677872121334076 38.030233040452003 29.263147931545973 757.47397663351148 114.48060815036297 14.848621645942329
leaf_count=31564 859 91 125 169 79 8193 135 128 439 151 177 413 5065 143 164 216 172 591 336 198 5415 4220 6011 236 123 226 155 3763 748 116
internal_value=-0.000533927 0.00525674 0.00383515 0.0204086 0.00443362 -0.000817879 -0.00260876 -0.00199171 0.00996956 0.00448985 -0.0105335 -0.00245972 -0.00412292 0.000197301 0.000891196 -0.00793763 0.00267012 0.00401484 0.00911114 -0.0119071 0.000729324 0.000296902 -0.000287923 0.00129659 0.00419823 0.0203352 0.00280879 -0.00282797 -0.0141808 -0.0056147
internal_weight=9742.23 454.487 436.129 65.4389 33.6179 9287.74 3361.85 3119.7 116.99 97.2861 242.156 3002.71 1974.48 5925.89 370.69 221.27 81.7039 298.336 195.431 72.3546 1028.23 5904.33 5133.59 3160.27 770.737 60.7081 710.029 1973.33 139.566 102.904
internal_count=70421 2728 2637 373 204 67693 21252 19804 718 590 1448 19086 13258 46441 2264 1313 388 1902 927 362 5828 46298 41574 31800 4724 349 4375 9774 925 975
is_linear=0
shrinkage=0.05


Tree=207
num_leaves=31
num_cat=0
split_feature=8 4 31 7 4 7 40 40 40 9 31 9 33 15 38 38 16 7 3 30 33 34 30 7 6 8 8 31 34 40
split_gain=7.82796 8.3232 8.69742 9.66789 8.3297 8.98503 11.6776 10.3389 8.53445 7.86742 7.74197 7.6309 6.84762 6.48868 6.19081 10.9976 9.26808 9.16679 5.98284 5.85015 5.65112 7.1169 6.98239 9.63033 9.96402 7.32446 6.45618 6.93682 6.22894 5.37843
threshold=50.350000000000001 79.750000000000014 8.5000000000000018 63.050000000000004 70.050000000000011 48.050000000000004 0.14609324698464296 0.16347622154977984 0.13251845623108616 59.750000000000007 -12.499999999999998 49.750000000000007 28.850000000000005 64.050000000000011 0.21928520198646806 0.21931534449735371 50.95000000000001 58.650000000000013 50.550000000000004 451.00000000000006 59.850000000000001 -5.1666666666666652 479.00000000000006 50.95000000000001 74.950000000000017 27.450000000000003 32.150000000000013 -2.4999999999999996 5.8333333333333348 0.25493120671399566
decision_type=2 2 10 2 2 2 2 2 2 2 10 2 8 2 2 2 2 2 2 2 8 2 2 2 2 2 2 8 2 2
left_child=1 2 4 9 5 6 -1 -7 -6 11 13 -4 -12 -2 17 -16 -17 29 -19 -10 21 26 23 24 -22 -25 -3 -28 -23 -14
right_child=10 20 3 -5 8 7 -8 -9 19 -11 12 -13 14 -15 15 16 -18 18 -20 -21 22 28 -24 25 -26 -27 27 -29 -30 -31
leaf_value=-0.019065365008181161 -0.01868891873036432 0.036879793808026494 0.017424037440825449 0.052201667274523217 0.042696862361720725 0.014597391432161336 -0.001458279705440373 0.0013771460717360749 -0.0040937107570620523 0.046416023070953404 -0.017331176392298021 2.0928265537219681e-05 0.0028593925668873765 0.016994871827760476 -0.023211730790509449 -0.0034283693492423123 0.013066545309037413 -0.00064981298643988208 -0.018482714581803696 0.0096005390604596823 -0.017239429985864013 -0.0079813134176859955 0.0057165645892934963 -0.017894458972335908 0.0035213889230620889 0.0089265090403074752 0.03389065462529902 -0.019236071357022613 0.015111859713875422 -0.0023418944696535142
leaf_weight=104.95179421408102 106.74573098029941 17.858552856370807 101.31040085945278 13.190325316041706 16.783518258482218 163.99739353777841 919.40228868182749 1513.4531515166163 101.24024996161461 12.966778237372635 68.332310181576759 167.77603688370436 1550.6610536850058 14.239129615947602 67.571462399326265 1968.8578241048381 88.802510494366288 88.425196563825011 101.87176246568561 332.41653309948742 165.46014989353716 616.18907103920355 367.37813219800591 29.917151987552643 88.196901973336935 164.66545595228672 9.0730459373444301 18.458923419006172 30.420114830136299 730.40812818519771
leaf_count=1659 1255 199 958 76 146 1691 8722 10181 698 104 2145 1437 11119 116 450 12084 549 474 515 2082 780 5555 1683 136 403 742 105 200 213 3944
internal_value=-0.000507383 0.000884906 0.00224074 0.0104481 0.00147014 0.000418607 -0.00326881 0.00267341 0.0077648 0.00845994 -0.00194992 0.00659577 -0.00162469 -0.0144373 -0.00138974 -0.00336862 -0.00271347 0.000310027 -0.0102273 0.00639179 -0.00221214 -0.0055359 0.000602068 -0.00357897 -0.0100026 0.00477002 0.0135454 -0.00148814 -0.00688498 0.0011917
internal_weight=9741.02 4955.11 3447.49 295.244 3152.24 2701.8 1024.35 1677.45 450.44 282.053 4785.92 269.086 4664.93 120.985 4596.6 2125.23 2057.66 2471.37 190.297 433.657 1507.62 692 815.618 448.24 253.657 194.583 45.3905 27.532 646.609 2281.07
internal_count=70421 37770 27754 2575 25179 22253 10381 11872 2926 2499 32651 2395 31280 1371 29135 13083 12633 16052 989 2780 10016 6272 3744 2061 1183 878 504 305 5768 15063
is_linear=0
shrinkage=0.05


Tree=208
num_leaves=31
num_cat=0
split_feature=8 4 31 36 4 15 31 31 31 11 36 38 6 6 0 15 5 0 33 31 30 28 30 38 4 5 4 33 27 38
split_gain=7.07004 7.51152 7.79498 7.97612 7.48925 7.77353 10.0507 7.90759 7.07463 8.82446 6.9072 9.34256 7.24453 8.18553 7.04537 6.66995 6.59833 6.50064 6.30198 5.87891 5.87532 6.52502 9.46154 6.01324 6.07076 5.83066 7.11743 8.33727 5.83859 5.76447
threshold=50.350000000000001 79.750000000000014 8.5000000000000018 52.553037283409402 70.050000000000011 60.650000000000013 4.5000000000000009 7.5000000000000009 -12.499999999999998 48.45000000000001 54.902878824177471 0.22684929966332226 63.750000000000007 68.350000000000009 48.350000000000001 50.850000000000001 47.750000000000007 45.250000000000007 28.850000000000005 15.500000000000002 439.00000000000006 2.5000000000000004 489.00000000000006 0.23850540121384825 85.850000000000009 36.550000000000004 79.950000000000017 49.850000000000001 4.5000000000000009 0.21928520198646806
decision_type=2 2 10 2 2 2 10 10 10 2 2 2 2 2 2 2 2 2 8 10 2 2 2 2 2 2 2 8 2 2
left_child=1 2 4 -4 5 6 -1 -7 9 -2 20 14 -13 -14 17 19 -16 -12 -10 -5 23 22 -22 -3 -25 26 27 -20 -28 -27
right_child=8 10 3 15 -6 7 -8 -9 18 -11 11 12 13 -15 16 -17 -18 -19 25 -21 21 -23 -24 24 -26 29 28 -29 -30 -31
leaf_value=0.00028003573770724044 0.029912664109231091 0.012555035977791923 0.01560410195031731 -0.0041589431573271973 0.0073543274785120172 0.0050468237662942977 -0.01107645550748397 0.039751538967978825 -0.016732917251156849 -0.018054105788051604 -0.0017476662026986098 0.035220540376480078 -0.020387263266236182 0.017041359925350479 -0.011229961657525397 0.0095668688236776843 0.012157189736810155 -0.033398613101777941 -0.00055724137308641418 -0.044791088499524859 -0.023043324596507365 -0.0036447556501167746 0.0092022206540534005 -0.03028843823765863 0.0089088867422828094 2.1049128041649685e-05 -0.022166887311580185 0.030599849435455018 0.0090726140977820773 -0.0035871035559223267
leaf_weight=2032.9351666024886 10.345459680072961 97.406303004361689 199.38462686911225 29.269157967530191 451.74302251450717 436.63442070968449 215.30065533379093 17.015342531725764 67.267856333404779 109.4918128317222 38.93000109679997 34.362864959985018 19.412120649591088 57.237929183989763 44.2535484964028 55.216364262625575 93.358167763799429 28.173422270454466 36.50288756005466 12.919023481197653 99.366975040175021 924.38754615932703 29.181139268912375 19.540148402564228 19.524277929216623 2390.833152750507 26.709454671479762 50.971489548683167 33.494326828978956 2056.8808995196596
leaf_count=17317 112 848 1871 226 2926 2844 1966 126 2145 1259 285 185 102 316 296 375 460 173 594 103 667 6212 178 182 112 15202 238 327 289 12485
internal_value=-0.000482679 0.000840126 0.00212653 0.00987474 0.00139547 0.000397089 -0.000805731 0.00636801 -0.00185439 -0.01385 -0.00210549 0.00446038 0.0161378 0.00748296 -0.00185242 -0.00180583 0.00459729 -0.0151407 -0.00154472 -0.0167962 -0.00385284 -0.00512056 -0.0156831 0.0058882 -0.0105973 -0.00132094 0.00844434 0.0175552 -0.00471768 -0.00164649
internal_weight=9738.05 4955.55 3450.42 296.789 3153.63 2701.89 2248.24 453.65 4782.5 119.837 1505.13 315.728 111.013 76.65 204.715 97.4045 137.612 67.1034 4662.66 42.1882 1189.41 1052.94 128.548 136.471 39.0644 4595.39 147.678 87.4744 60.2038 4447.71
internal_count=70421 37770 27754 2575 25179 22253 19283 2970 32651 1371 10016 1817 603 418 1214 704 756 458 31280 329 8199 7057 845 1142 294 29135 1448 921 527 27687
is_linear=0
shrinkage=0.05


Tree=209
num_leaves=31
num_cat=0
split_feature=36 13 15 36 5 2 34 6 36 1 9 15 33 33 6 9 32 7 6 36 15 6 2 5 33 12 0 1 2 2
split_gain=5.70036 7.90208 7.94727 7.28046 5.28232 4.73197 4.67018 9.44146 11.2857 9.68755 9.52938 10.7111 8.56128 8.5508 8.0438 7.6536 7.29421 7.23203 6.9842 8.79143 11.7904 8.5422 13.5902 6.42752 6.10377 4.69063 4.25203 4.21798 7.13091 6.07355
threshold=59.806575375921376 48.550000000000004 36.050000000000004 298.06346763181818 49.050000000000004 55.750000000000007 -1.8333333333333333 79.350000000000009 49.204998268730691 46.650000000000013 48.650000000000013 45.650000000000013 46.650000000000013 86.550000000000011 54.350000000000001 41.95000000000001 69.450000000000017 57.150000000000013 81.050000000000011 47.081813990200835 43.550000000000004 79.450000000000017 49.45000000000001 42.750000000000007 63.650000000000013 58.850000000000001 47.350000000000001 47.850000000000001 49.250000000000007 52.650000000000013
decision_type=2 2 2 2 2 2 2 2 2 2 2 2 10 8 2 2 10 2 2 2 2 2 2 2 10 2 2 2 2 2
left_child=6 4 -3 27 -2 -5 7 8 10 14 11 -1 -11 -12 -10 25 17 24 21 20 -20 -17 -23 -21 -9 -8 -6 28 -4 -29
right_child=1 2 3 5 26 -7 15 16 9 12 13 -13 -14 -15 -16 18 -18 -19 19 23 -22 22 -24 -25 -26 -27 -28 29 -30 -31
leaf_value=0.064681280482798767 -0.022823323576922367 0.038614078335742541 -0.031369647827268865 -0.010266908960493882 -0.015412685529517595 0.015724827201088979 0.0084811342466873853 0.014318686380469537 0.0032796566691343739 0.010052940118105945 0.0024187593030087365 0.010624304861544772 -0.0065278115739464673 -0.029555223600001304 -0.024310491154697592 -0.0011285837036422745 0.030270821806130468 -0.019029788184371007 0.044230246953751579 -0.021667965498687273 -0.0013891712885338685 -0.011203687725871143 0.013003853434416585 -0.0063318877277009633 -0.013349407156598728 -0.030506278463984422 0.014255508634421869 0.019957939655328868 0.013492179890830873 0.0017198496167284642
leaf_weight=12.254711994901298 37.002525520976633 20.280050870031118 14.670254384167491 81.384575800038874 20.292296910658479 22.097126854583621 9.611686369404195 143.50892028864473 34.994219306390733 107.65735752228647 1192.3003672258928 36.973640395328403 279.5415050983429 21.164713736623526 103.73706003651023 6303.1630494045094 40.259064186364412 23.528289610520005 18.244101579301059 81.546954969875515 61.290277678053826 75.758586052339524 243.82323828525841 434.19353900849819 22.880825199186802 34.891754418611526 29.378072183579206 138.15338689694181 21.896969274617732 69.115113350562751
leaf_count=124 301 104 137 462 142 104 105 1450 287 1289 10692 359 1579 172 1263 42555 190 167 164 1090 569 673 1382 3107 105 371 152 807 156 363
internal_value=-0.000459204 0.00500753 0.0082164 0.00641647 -0.00853813 -0.00465863 -0.00072736 0.00139869 0.000168972 -0.00598141 0.00273493 0.0242862 -0.00190336 0.00185457 -0.0173177 -0.00131905 0.0109284 0.00678814 -0.00119071 -0.00637907 0.00905491 -0.000723513 0.00724798 -0.00877019 0.0104782 -0.0219737 0.00202781 0.0111371 -0.00440586 0.0139042
internal_weight=9735.59 454.27 367.597 347.317 86.6729 103.482 9281.32 2018.8 1788.62 525.93 1262.69 49.2284 387.199 1213.47 138.731 7262.52 230.177 189.918 7218.02 595.275 79.5344 6622.74 319.582 515.74 166.39 44.5034 49.6704 243.836 36.5672 207.269
internal_count=70421 2728 2133 2029 595 566 67693 17677 15765 4418 11347 483 2868 10864 1550 50016 1912 1722 49540 4930 733 44610 2055 4197 1555 476 294 1463 293 1170
is_linear=0
shrinkage=0.05


Tree=210
num_leaves=29
num_cat=0
split_feature=16 29 15 30 17 36 0 3 3 34 9 31 7 1 0 36 34 33 31 27 30 34 31 7 1 12 0 3
split_gain=7.49394 6.46216 7.95292 20.7031 7.25894 10.6105 6.35524 9.81842 8.71938 5.15991 6.68943 6.03549 5.45113 4.78728 4.86275 13.6516 5.32375 4.85977 5.55088 8.20831 4.77135 4.77039 8.02557 5.54197 4.06899 4.03786 2.27059 1.1738
threshold=47.250000000000007 52.500000000000007 43.750000000000007 463.00000000000006 1075.0000000000002 45.217312925977332 55.250000000000007 59.650000000000013 39.850000000000001 1.4166666666666667 50.95000000000001 1.5000000000000002 47.750000000000007 38.850000000000001 31.150000000000002 48.714309017176667 -1.0000000180025095e-35 19.750000000000004 -1.0000000180025095e-35 5.5000000000000009 441.00000000000006 -2.1666666666666665 17.500000000000004 41.95000000000001 48.550000000000004 64.550000000000011 52.45000000000001 53.350000000000001
decision_type=2 2 2 2 2 2 2 2 2 2 2 10 2 2 2 2 2 10 10 2 2 2 8 2 2 2 2 2
left_child=9 2 3 20 5 -4 7 -6 -8 10 11 12 -1 17 15 24 -17 27 25 -20 -2 22 -16 -23 -15 -19 -11 -3
right_child=1 13 4 -5 6 -7 8 -9 -10 26 -12 -13 -14 14 21 16 -18 18 19 -21 -22 23 -24 -25 -26 -27 -28 -29
leaf_value=-0.016826398427168612 -0.019640674823643043 -0.054720403497731551 0.052710497853036331 0.068613899123888253 -0.0082131418434945383 -0.0056202970274291317 -0.028310738212066602 0.030531803409879977 0.014303805060671622 -0.016296476562221402 0.052504878240971033 0.035682646043071427 0.02025229545742999 0.017688105375797399 0.002162557911608813 0.018103154836526334 0.077662086684014114 0.00064815444759802512 -0.015165247007853516 0.032496488458123127 0.018995257884679973 -0.0047063914743490773 0.031287200967542429 8.7498620292122996e-06 -0.03983591899141542 -0.040452091277957243 0.0095070293423432425 -0.018079953155396972
leaf_weight=19.195538700558245 14.669093591161074 7.4086478580720705 17.419452462345365 17.646890002302825 166.18752207513899 13.760523783974348 13.192283298820255 18.00002171844244 118.63158381078392 15.815648043528197 13.748496687039731 20.389090220443904 20.219729494303465 4.7986223893240112 1542.0773827279918 7.0961186755448571 8.7589781247079355 9.2020364869385975 20.762079790700227 15.762915121391414 17.275032868608832 685.21777127217501 23.95448758546263 6850.4167029620148 7.8432957250624895 15.767661348916588 18.094280479475856 3.9566204790025949
leaf_count=182 196 193 124 163 2241 107 108 225 878 106 110 161 138 117 12667 95 153 175 378 254 157 6286 225 44028 201 292 97 87
internal_value=0.000482161 0.00033457 0.00658153 0.0253094 0.00388562 0.0268721 0.001594 -0.00438509 0.00998302 0.0136076 0.0210456 0.0136543 0.00207127 6.46249e-05 0.000167105 0.0207538 0.0515998 -0.0126913 -0.00700938 0.00529994 0.00109125 0.000101872 0.00261322 -0.000419393 -0.0176411 -0.0251639 -0.00239328 -0.0426697
internal_weight=9707.27 9599.81 396.782 49.591 347.191 31.18 316.011 184.188 131.824 107.463 73.5529 59.8044 39.4153 9203.02 9130.16 28.497 15.8551 72.86 61.4947 36.525 31.9441 9101.67 1566.03 7535.63 12.6419 24.9697 33.9099 11.3653
internal_count=70144 69350 4199 516 3683 231 3452 2466 986 794 591 481 320 65151 63772 566 248 1379 1099 632 353 63206 12892 50314 318 467 203 280
is_linear=0
shrinkage=0.05


Tree=211
num_leaves=29
num_cat=0
split_feature=16 29 32 7 7 5 32 17 31 37 37 5 12 1 13 17 33 32 31 36 25 32 37 31 16 39 33 37
split_gain=6.72402 5.80697 7.18694 10.5004 12.0909 10.0162 7.20456 5.68654 6.20312 4.82119 7.98573 5.2246 4.50257 4.38477 5.83313 6.71367 5.52936 4.39395 6.46236 10.5187 8.95904 5.68417 7.57501 4.72567 2.75945 2.54502 2.33896 1.25778
threshold=47.250000000000007 52.500000000000007 48.850000000000001 41.550000000000004 43.250000000000007 39.150000000000013 50.550000000000004 1075.0000000000002 1.0000000180025095e-35 0.39202267998965618 0.14152819629535318 47.850000000000001 69.050000000000011 38.850000000000001 54.350000000000001 1175.0000000000002 29.550000000000004 56.750000000000007 11.500000000000002 46.196049174259151 1.0000000180025095e-35 57.550000000000004 0.14152819629535318 2.5000000000000004 43.45000000000001 -4.9999999999999991 36.750000000000007 0.33497598463109673
decision_type=2 2 10 2 2 2 10 2 10 2 2 2 2 2 2 2 10 8 10 2 2 10 2 10 2 2 10 2
left_child=9 2 3 26 -5 -6 27 -8 -9 10 -1 -12 -11 14 15 -3 -16 18 20 -20 -15 22 -19 -23 -13 -17 -2 -4
right_child=1 13 6 4 5 -7 7 8 -10 12 11 24 -14 17 16 25 -18 21 19 -21 -22 23 -24 -25 -26 -27 -28 -29
leaf_value=-0.013467078336791428 -0.05022766349083968 0.019782831280374585 -0.048202087021624006 0.10355454693354318 -0.011196690128971544 0.037027666712324728 0.024994343295962146 -0.0034591187684046109 0.011410232473207049 0.012682087807720344 0.051183687736377631 0.031629512831750937 -0.022581358392328117 0.00095315729288355903 -0.025989812005950099 -0.019611011106796125 0.032866190164574885 0.027820174523740134 0.036545731601466583 0.004233760599320277 0.024043214539443275 0.00064293744383575342 -0.010446786714701471 -0.002285960947708558 0.004746915016370255 -0.045633067363176918 0.0015814897053710777 -0.015093781687929126
leaf_weight=13.687973756343125 5.1619813898578268 8.5926337512209994 6.7979928459972125 4.9801415093243113 15.370672908611594 34.528663746081293 31.322677263058722 172.33596724271774 117.81067592278123 22.034454965032637 17.956430405378342 19.398199874907728 15.178251623176036 1836.065140507184 5.8868545694276717 31.742763275746253 11.582027694210408 13.595668561756609 34.787908339407295 92.345927895978093 42.923090149182826 4993.673944586888 216.47463387623429 1901.1622815560549 19.775997411459688 14.310531517956408 3.3977339752018452 6.1049700025469065
leaf_count=107 202 106 113 132 401 597 197 1466 942 157 193 111 109 21931 195 638 129 127 465 1084 513 27351 1753 10548 117 311 53 96
internal_value=0.000457502 0.000317324 0.00623116 0.0216607 0.0297396 0.0220803 0.00328322 0.00477129 0.00256303 0.0128574 0.0205105 0.0287479 -0.00158907 6.10862e-05 -0.0122102 -0.0202773 0.0127126 0.000158682 0.00222606 0.0131364 0.00148453 -0.000422739 -0.00815263 -0.000163965 0.0182325 -0.0278868 -0.0293041 -0.0331581
internal_weight=9708.99 9600.95 397.811 63.4392 54.8795 49.8993 334.372 321.469 290.147 108.031 70.8186 57.1306 37.2127 9203.14 72.1148 54.6459 17.4689 9131.03 2006.12 127.134 1878.99 7124.91 230.07 6894.84 39.1742 46.0533 8.55972 12.903
internal_count=70144 69350 4199 1385 1130 998 2814 2605 2408 794 528 421 266 65151 1379 1055 324 63772 23993 1549 22444 39779 1880 37899 228 949 255 209
is_linear=0
shrinkage=0.05


Tree=212
num_leaves=27
num_cat=0
split_feature=28 13 16 29 15 30 8 8 12 33 37 31 32 13 37 32 1 27 16 37 37 30 18 32 33 12
split_gain=7.0197 7.58794 6.53834 5.14855 6.95817 17.5576 8.30999 7.12507 6.93251 5.13266 4.80557 7.49384 7.90414 7.0836 5.80995 11.571 7.5482 4.5869 6.30271 6.08039 5.17212 4.29755 2.61293 2.90968 1.12888 0.306896
threshold=7.5000000000000009 53.750000000000007 47.250000000000007 52.500000000000007 43.750000000000007 463.00000000000006 63.650000000000013 60.45000000000001 80.950000000000017 71.65000000000002 0.37965242212203143 11.500000000000002 88.65000000000002 55.650000000000013 0.36187052536810244 48.350000000000001 58.050000000000004 3.5000000000000004 45.650000000000013 0.33497598463109673 0.28348924302364237 441.00000000000006 15.500000000000002 54.750000000000007 61.050000000000004 59.150000000000013
decision_type=2 2 2 2 2 2 2 2 2 8 2 10 8 2 2 8 2 2 2 2 2 2 2 10 8 2
left_child=2 9 17 4 5 21 7 -6 -8 22 14 12 -12 -13 16 -16 -5 20 19 24 -1 -4 25 -24 -19 -2
right_child=1 -3 3 10 6 -7 8 -9 -10 -11 11 13 -14 -15 15 -17 -18 18 -20 -21 -22 -23 23 -25 -26 -27
leaf_value=0.0046687256752470088 -0.038316125210442961 0.017299985469596098 -0.019083181796985701 -0.0011007192768029801 0 0.06214443036545169 0.028308323886601768 -0.043353996832067407 0.0030072211035718516 -0.0058966435166793469 0.001198621343668792 0.015574213109616554 -0.026139661001345346 -0.0088660070291327799 0.021670453418765973 -0.0092740743773810728 0.0047419310338322369 0.022100907628395897 0.029323788255398515 -0.021398131625360597 0.044682177477759787 0.017581777413364762 0.0066119270815068916 -0.039078093417963936 0.0019034700003717625 -0.056911208849770224
leaf_weight=14.244848751462994 7.3265200080350104 13.915067812427877 14.533830148167906 4259.1715377294458 228.81865728739649 18.380146690644324 50.98323927167803 9.7797199292108399 58.718446935061365 23.780627634376287 3627.5689272237942 159.62506901752204 26.520110595971346 36.056538325734437 32.804091104771942 359.33022841718048 635.00750070624053 14.495076076127591 20.391548063606024 24.790062232874334 19.592005548067391 17.478539189323783 5.7471077493391922 8.0705203358083946 14.317745968699453 10.456667385995386
leaf_count=108 99 114 196 31788 2592 163 509 86 481 158 25043 1137 180 250 480 2267 3260 139 153 185 138 156 148 94 64 156
internal_value=0.000433936 -0.015409 0.000548468 0.000409399 0.00597087 0.0233349 0.00343828 -0.00178075 0.0148264 -0.0237339 0.00016609 0.00151028 0.000998131 0.0110431 -0.000811886 -0.00666779 -0.000341547 0.0127873 0.00571294 -0.00321384 0.0280478 0.000772348 -0.0369384 -0.0198042 0.0122786 -0.0497869
internal_weight=9711.9 69.2965 9642.61 9534.78 398.693 50.3925 348.3 238.598 109.702 55.3814 9136.08 3849.77 3654.09 195.682 5286.31 392.134 4894.18 107.831 73.9944 53.6029 33.8369 32.0124 31.6008 13.8176 28.8128 17.7832
internal_count=70144 769 69375 68588 4183 515 3668 2678 990 655 64405 26610 25223 1387 37795 2747 35048 787 541 388 246 352 497 242 203 255
is_linear=0
shrinkage=0.05


Tree=213
num_leaves=31
num_cat=0
split_feature=16 34 2 8 7 12 35 2 35 8 27 7 35 32 14 39 12 12 13 32 9 36 17 17 2 6 9 38 6 7
split_gain=5.40055 4.54646 8.99515 5.69968 4.37606 6.17149 5.71513 6.93461 6.00583 5.62301 6.93514 7.11033 6.10805 5.09571 8.50678 7.87092 7.19445 6.95695 8.87853 8.19994 6.82986 6.2917 9.29497 6.42505 5.58787 5.56871 5.26373 4.62817 4.07027 2.74188
threshold=47.250000000000007 1.4166666666666667 47.95000000000001 69.050000000000011 41.050000000000004 89.350000000000009 1.9000000000000095 58.050000000000004 0.033333333333334998 85.65000000000002 3.5000000000000004 39.650000000000013 0.93333333333333368 63.250000000000007 51.750000000000007 -20.999999999999996 51.850000000000009 99.350000000000009 45.850000000000001 78.050000000000011 48.250000000000007 55.401540973107934 1850.0000000000002 2855.0000000000005 59.650000000000013 59.45000000000001 48.95000000000001 0.20867319028706097 68.450000000000017 39.250000000000007
decision_type=2 2 2 2 2 2 2 2 2 2 2 2 2 8 2 2 2 2 2 8 2 2 2 2 2 2 2 2 2 2
left_child=1 2 -1 -4 5 9 7 8 -7 10 11 -2 -12 15 20 16 28 18 -16 -19 25 23 -23 -17 -18 -15 -22 -8 -6 -29
right_child=4 -3 3 -5 13 6 27 -9 -10 -11 12 -13 -14 14 17 21 24 19 -20 -21 26 22 -24 -25 -26 -27 -28 29 -30 -31
leaf_value=0.048961660758879394 -0.02401692964464994 -0.0035322697276690615 -0.00074004608540896956 0.035364337845605352 -0.0077906734745975138 0.0044479493614942422 0.0072884918146771923 -0.030568323717239661 0.026863357086952245 -0.036573844183063607 -0.0048020303106743748 -0.00087754693195605843 0.014205836856694215 0.0090287291952871381 -0.027576526476003602 0.0020966789322451186 0.00021965386811488696 -0.0095447490306749365 0.000307945061526504 -0.039403762607002867 0.0061425171906098128 -4.1043105458692519e-05 0.014793349062243423 -0.0246179877789032 -0.01770205002497233 -0.021327397520892227 1.4649263873677733e-05 -0.0089111632060611106 -0.039361873143161565 -0.042631465207540832
leaf_weight=18.14710034430027 85.604948623571545 34.13606346771121 42.364189167506993 14.513094064779578 20.127233618870378 118.61825991701335 16.311542708426714 11.033118534833191 40.23315242677927 15.428319232538341 243.902425610926 54.953714879229665 50.958973282016814 19.600265204906464 30.955445978790522 3030.0003785309382 292.67621196201071 192.83082760497928 349.52876200526953 26.219484750181437 384.08198565244675 185.29012247920036 243.3643998792395 22.548927126452327 50.880652129650116 62.366811070591211 4009.3296592095867 12.1250670934096 21.785193880088627 12.998306961730121
leaf_count=192 1032 203 310 89 215 1272 122 68 337 153 2725 568 406 122 169 30018 2968 965 1758 119 1931 1511 1743 209 369 380 19742 105 242 101
internal_value=0.000411786 0.0114665 0.0183531 0.00843067 0.000285494 -0.00363522 0.00339842 0.00747842 0.01017 -0.00694311 -0.00587356 -0.0150128 -0.00149637 0.000576439 -0.00046465 0.00194411 -0.00482969 -0.00605752 -0.00195419 -0.0131579 0.000283588 0.00269572 0.00837086 0.0018969 -0.00242437 -0.0140054 0.000551627 -0.0131871 -0.0243744 -0.0266554
internal_weight=9712.91 109.16 75.0244 56.8773 9603.75 662.168 211.319 169.885 158.851 450.848 435.42 140.559 294.861 8941.59 5074.91 3866.67 385.469 599.535 380.484 219.05 4475.38 3481.2 428.655 3052.55 343.557 81.9671 4393.41 41.4349 41.9124 25.1234
internal_count=70144 794 591 399 69350 6889 2005 1677 1609 4884 4731 1600 3131 62461 25186 37275 3794 3011 1927 1084 22175 33481 3254 30227 3337 502 21673 328 457 206
is_linear=0
shrinkage=0.05


Tree=214
num_leaves=23
num_cat=0
split_feature=28 29 0 32 1 33 7 7 7 32 36 17 34 14 32 33 17 28 0 6 15 0
split_gain=6.47648 5.08053 8.02987 5.36491 10.0857 6.4213 4.80322 4.65718 3.9491 4.92474 7.41594 7.76265 7.02839 6.98684 7.10547 6.35674 4.89444 6.46157 6.23658 5.28136 7.22481 7.14135
threshold=8.5000000000000018 51.250000000000007 61.650000000000013 45.750000000000007 47.050000000000004 54.850000000000001 45.250000000000007 48.550000000000004 41.150000000000013 63.250000000000007 55.7307956938403 2855.0000000000005 4.166666666666667 51.750000000000007 78.050000000000011 39.650000000000013 1750.0000000000002 6.5000000000000009 43.750000000000007 49.95000000000001 51.050000000000004 47.850000000000001
decision_type=2 2 2 10 2 10 2 2 2 8 2 2 2 2 10 8 2 2 2 2 2 2
left_child=1 2 3 4 -1 6 -5 -7 16 10 11 -10 -12 15 -15 -11 19 18 -18 20 -3 -21
right_child=-2 8 -4 5 -6 7 -8 -9 9 13 12 -13 -14 14 -16 -17 17 -19 -20 21 -22 -23
leaf_value=-0.023393562183287361 -0.029614740173478649 -0.0098380310498127049 0.037075855365035409 -0.036209771336963979 0.062829031533730331 0.029925031117686803 -0.0021120888702890637 -0.0011825508591322331 0.0013678288158482153 0.016778962662230144 0.0055967133351515841 -0.025230756912569548 0.02446329662678489 -0.0037708996657925551 -0.02270222100886831 2.8627377865896676e-05 -0.017325715482457517 -0.030477074338029542 0.0060130599987144604 -0.023086265799366141 0.035177823619446262 -0.0052973069918220731
leaf_weight=5.0586872682906678 17.846052652224898 18.658878464251757 22.804502993822098 14.575807288289068 9.5528966696001572 22.537037298083305 36.117392105981708 25.037793718278408 3361.6520457053557 57.288309443742037 383.02562490897253 27.539775704964995 56.886977699585259 540.11433420330286 54.668491024523973 4398.9864299092442 32.240288422442973 14.832892831414936 244.65253377100453 70.762727761175483 16.70266842469573 284.16874509956688
leaf_count=133 199 177 146 214 186 114 409 119 33019 585 2943 260 361 2740 248 21457 588 174 2141 1152 130 2649
internal_value=0.000390289 0.000446325 0.0100512 0.00451929 0.0326819 0.000251965 -0.0120666 0.0134806 0.000309409 0.000591497 0.00194408 0.00114948 0.0080528 -0.000432893 -0.00552287 0.000245458 -0.00335572 0.00152928 0.00327226 -0.00701929 0.011323 -0.00886348
internal_weight=9715.71 9697.86 135.684 112.88 14.6116 98.268 50.6932 47.5748 9562.18 8880.16 3829.1 3389.19 439.913 5051.06 594.783 4456.27 682.019 291.726 276.893 390.293 35.3615 354.931
internal_count=70144 69945 1321 1175 319 856 623 233 68624 61613 36583 33279 3304 25030 2988 22042 7011 2903 2729 4108 307 3801
is_linear=0
shrinkage=0.05


Tree=215
num_leaves=31
num_cat=0
split_feature=28 12 3 31 40 15 37 37 40 37 1 39 38 38 14 37 11 14 16 31 1 1 7 40 7 7 4 38 14 34
split_gain=5.57255 6.89597 8.78562 6.35252 6.61579 6.49748 5.98494 5.29015 6.93088 5.6606 5.02417 4.88886 4.3484 13.0627 8.62114 10.6263 8.95853 8.34087 7.4079 7.01374 11.4391 6.79316 6.46932 6.41341 6.37115 5.66454 4.85813 4.27527 5.66664 4.37984
threshold=6.5000000000000009 54.300000000000004 48.350000000000001 19.500000000000004 0.2338394006355711 53.650000000000013 0.23029223160437698 0.29089575818366553 0.14407856525368509 0.26783336770408839 53.150000000000013 -18.999999999999996 0.21926705485398149 0.2257884059885765 60.050000000000004 0.39984290177192078 49.750000000000007 53.350000000000001 47.750000000000007 -6.4999999999999991 50.650000000000013 56.050000000000004 74.350000000000009 0.24400125526569658 43.550000000000004 50.95000000000001 55.050000000000004 0.21476478535376262 44.250000000000007 -0.41666666666666657
decision_type=2 2 2 10 2 2 2 2 2 2 2 2 2 2 2 2 2 2 2 8 2 2 2 2 2 2 2 2 2 2
left_child=3 2 10 12 5 11 -4 9 -9 -3 -2 -5 14 19 16 25 26 18 -15 20 -14 -19 -18 -17 -21 -16 -1 29 -29 -10
right_child=1 7 6 4 -6 -7 -8 8 27 -11 -12 -13 13 17 15 23 22 21 -20 24 -22 -23 -24 -25 -26 -27 -28 28 -30 -31
leaf_value=0.0066900197231980364 0.0023478590157349935 -0.011447609568106578 -0.01070351183181803 -0.028352892288812645 -0.029358081296998618 0.031062640188930086 0.032117277891623879 0.023936566919123797 -0.012484732785823578 0.0327580019207276 -0.038563757683816695 0.014435376880784801 0.0031430727653142115 -0.020465133415918012 0.0072930062668178563 0.030034829031200212 0.00061458482715320297 -0.010687072285531202 0.0017311943867923292 -0.012690702091311193 -0.03251382749261067 0.0040249943708675169 0.031050799298287871 0.0069422711168054332 -0.0028452631772968792 -0.0085903434673843641 -0.014354297441763284 -0.029259404090052222 -0.003012407356148581 -0.05089208991779353
leaf_weight=33.110317142680287 16.745312987826768 20.050867121666673 11.076251770369707 18.578948515467346 38.0249402243644 11.629873303696511 28.963350977748632 8.7050245860591513 12.141585251316426 11.152939523570238 13.179021339863537 10.138317860662939 36.506763257551938 37.980935608968139 179.54018822312355 70.528144245967269 4324.7918431595899 272.18572471989319 2753.5234310305677 196.09245145041496 57.443668738007545 109.5760983210057 17.437771547585726 53.640590146183968 1029.6675442685373 81.354944324120879 150.54976953845471 39.904749889858067 43.342399171553552 21.14325013756752
leaf_count=343 189 187 66 203 243 95 291 170 146 96 101 92 376 249 1413 537 31995 1988 18200 1952 405 587 87 316 6841 522 1300 412 461 260
internal_value=-0.000439958 -0.00819121 0.0047995 -0.000254273 -0.014422 -0.000184127 0.0201499 -0.0140323 -0.0186263 0.00424691 -0.015572 -0.0130758 -0.000135516 -0.00126004 0.000892285 0.00807391 0.000280001 0.00047717 0.00142668 -0.0054407 -0.0186167 -0.00645126 0.000738676 0.0201127 -0.00442528 0.00231955 -0.0105316 -0.0218665 -0.015674 -0.0371111
internal_weight=9708.71 226.405 69.9639 9482.3 78.3721 40.3471 40.0396 156.441 125.237 31.2038 29.9243 28.7173 9403.93 4492.98 4910.95 385.064 4525.89 3173.27 2791.5 1319.71 93.9504 381.762 4342.23 124.169 1225.76 260.895 183.66 116.532 83.2471 33.2848
internal_count=70123 2379 647 67744 633 390 357 1732 1449 283 290 295 67111 30598 36513 2788 33725 21024 18449 9574 781 2575 32082 853 8793 1935 1643 1279 873 406
is_linear=0
shrinkage=0.05


Tree=216
num_leaves=31
num_cat=0
split_feature=31 9 37 35 40 2 30 36 34 1 1 30 15 15 17 1 13 1 13 8 39 1 13 32 13 36 5 31 40 5
split_gain=4.7607 5.03141 5.48916 5.45802 3.59631 3.34541 5.7736 7.76935 7.67924 10.5429 7.72022 6.70289 5.18913 6.19584 4.96161 7.60174 9.42549 11.205 8.34294 7.27762 5.66747 4.63587 5.50615 4.58316 4.95923 4.27716 4.25155 2.74342 3.46668 2.56541
threshold=19.500000000000004 49.750000000000007 0.39811841672938969 0.19999999999999932 0.24782428683105837 58.750000000000007 487.00000000000006 46.83062509398227 -1.0000000180025095e-35 52.95000000000001 60.350000000000001 437.00000000000006 61.650000000000013 49.45000000000001 1250.0000000000002 55.350000000000001 46.250000000000007 51.250000000000007 47.650000000000013 47.350000000000001 -1.0000000180025095e-35 38.850000000000001 30.350000000000005 82.550000000000011 55.45000000000001 51.796944020161739 67.350000000000009 -1.0000000180025095e-35 0.2381636212333193 50.250000000000007
decision_type=10 2 2 2 2 2 2 2 2 2 2 2 2 2 2 2 2 2 2 2 2 2 2 8 2 2 2 10 2 2
left_child=5 2 -2 4 -3 14 11 12 9 -9 -10 25 13 -8 15 16 17 -1 29 -18 -20 27 -23 24 -13 -7 -24 -16 -29 -17
right_child=1 3 -4 -5 -6 6 7 8 10 -11 -12 23 -14 -15 21 18 19 -19 20 -21 -22 22 26 -25 -26 -27 -28 28 -30 -31
leaf_value=0.0073154176728526844 -0.014866191951498029 -0.0160351800083238 0.028937338289953859 0.006375016386788418 -0.046995816960176705 0.0015944954234728146 -0.021751602431778955 0.0010682886649167869 -0.0061208121533033628 0.032117697790100166 0.015629215444640989 0.0082435653334692934 -0.03451186759160179 0.0037025663933833012 -0.032282207710499881 -0.012476780757757294 -0.0043349916449925991 0.038060114219152216 -0.0050532205784180051 0.0038646295942830929 0.017609837502820448 0.021752913734458756 -0.0016662683627932902 0.030742795195936513 -0.0037658801410270001 -0.028669283612618265 0.0031010893753633702 0.0054882292750305598 -0.038241293002919445 -0.039713521940611535
leaf_weight=140.40794185595587 16.257297410629693 20.342125101480633 12.543393679894505 12.61634185630828 18.735018191859126 23.891329940408468 43.333700306713581 76.060515308752656 256.04874808993191 42.899480624124408 48.351410180330276 465.21647767722607 22.562851492315531 52.531156029552221 18.54784636804834 16.291425179690123 370.68776094680652 37.725196942687035 244.53326722420752 998.20688532898203 30.932251412421465 25.893438176251948 6015.4563101115637 19.423556108027697 104.75110459327698 22.179288722574711 506.3218899294734 16.695901267230514 6.0506588304415336 20.474444407969713
leaf_count=1430 165 201 94 94 114 133 235 481 1359 216 235 2530 119 307 406 143 3075 315 1398 7668 172 196 45326 98 509 117 2371 404 88 124
internal_value=-0.000418747 -0.012522 0.00407241 -0.021854 -0.0310885 -0.000316884 0.00217909 -0.00160586 0.00155109 0.0123249 -0.00264558 0.0054137 -0.0129254 -0.00776203 -0.000665308 0.00161449 0.0030529 0.0138723 -0.00549515 0.00164042 -0.00248476 -0.00130939 -0.0012031 0.00685544 0.00602737 -0.0128973 -0.00129534 -0.0179982 -0.00604158 -0.0278468
internal_weight=9705.97 80.4942 28.8007 51.6935 39.0771 9625.47 1177.25 541.788 423.36 118.96 304.4 635.462 118.428 95.8649 8448.23 1859.26 1547.03 178.133 312.231 1368.89 275.466 6588.97 6547.67 589.391 569.968 46.0706 6521.78 41.2944 22.7466 36.7659
internal_count=70123 668 259 409 315 69455 6339 2952 2291 697 1594 3387 661 542 63116 14325 12488 1745 1837 10743 1570 48791 47893 3137 3039 250 47697 898 492 267
is_linear=0
shrinkage=0.05


Tree=217
num_leaves=31
num_cat=0
split_feature=28 12 12 34 39 18 33 2 33 30 7 30 1 33 1 5 17 6 7 37 37 6 34 13 39 4 33 32 33 33
split_gain=5.04728 6.31376 6.93204 5.08132 8.23127 10.5423 6.5544 4.84638 7.59352 6.02103 12.0021 7.56057 7.14408 6.75536 5.3652 4.56685 4.51897 8.2876 12.0492 8.45742 8.05614 6.77414 13.612 7.47787 7.0184 15.3497 6.59634 4.40263 8.3213 7.76374
threshold=6.5000000000000009 54.300000000000004 51.850000000000009 -0.41666666666666657 -8.9999999999999982 11.500000000000002 24.150000000000002 58.750000000000007 26.850000000000005 487.00000000000006 52.550000000000004 437.00000000000006 60.350000000000001 75.250000000000014 61.550000000000004 65.750000000000014 1250.0000000000002 76.050000000000011 39.250000000000007 0.24259727274884657 0.62739417989417989 56.050000000000004 -7.583333333333333 51.250000000000007 -18.999999999999996 61.250000000000007 59.650000000000013 66.65000000000002 63.650000000000013 68.450000000000017
decision_type=2 2 2 2 2 2 10 2 10 2 2 2 2 10 2 2 2 2 2 2 2 2 2 2 2 2 10 10 8 8
left_child=7 2 -2 4 5 -3 -7 16 -9 10 11 -10 13 -11 -14 -12 21 27 19 -19 -20 24 -23 -24 25 -1 -26 29 -29 -18
right_child=1 3 -4 -5 -6 6 -8 8 9 12 15 -13 14 -15 -16 -17 17 18 20 -21 -22 22 23 -25 26 -27 -28 28 -30 -31
leaf_value=-0.012059917015553116 -0.0039662022390741592 0.060039364871276736 0.033142565967598681 -0.020534616718896739 -0.025531079063392571 0.037699636009263654 -0.017081183749035073 0.03155361312599525 -0.013945779406834773 -0.0020497115765601898 -0.0051385994174722683 0.014146478405179231 0.033553048108501592 -0.025875724876136392 0.00094208812172634254 0.012295525676798006 -9.3304622578358834e-05 0.056749669951174191 0.00086093167726937567 0.010789358230327357 0.02716951127652369 0.045325797396006368 0.0032273252878768422 -0.0049636307214513979 -0.00049680015422696718 0.046188135273073805 0.0096263627705904919 -0.0077527753642658076 -0.0013186069170885468 -0.0080928171396857408
leaf_weight=18.066617446020246 53.935939985327423 8.8306287880986911 16.251323980279267 95.962061077822 22.586972385644913 7.3388548176735666 20.320696445181966 22.496158707886934 25.709657575935125 427.04093473032117 224.17660068720579 308.44078892469406 23.365514822304249 31.955606251955032 27.989571377635002 44.916619367897511 2905.8903876394033 16.404049057513475 1071.2588806147687 26.485727418679744 29.835495949722826 15.664102533832191 486.8850264204666 650.0450374414213 355.56828995049 29.493855968117714 292.5204102024436 833.51401804573834 1271.2419907823205 338.73715628683567
leaf_count=152 482 67 165 1073 246 91 255 181 141 2252 1156 1601 111 145 132 205 27263 163 7928 326 182 190 4106 4885 3230 209 1322 4389 5529 1946
internal_value=-0.00039833 -0.00779487 0.00458984 -0.0134331 -0.00179801 0.0127854 -0.00228273 -0.000221952 0.00284079 0.00225348 0.0056367 0.0119666 -0.00173606 -0.00372466 0.015913 -0.00220646 -0.000639713 -0.00126102 0.00259958 0.0285752 0.00158074 0.00154034 -0.000807587 -0.00145152 0.00543726 0.0239779 0.00406544 -0.00208759 -0.00386925 -0.000930214
internal_weight=9702.93 225.226 70.1873 155.039 59.0772 36.4902 27.6596 9477.7 1136.09 1113.6 603.244 334.15 510.352 458.997 51.3551 269.093 8341.61 6493.37 1143.98 42.8898 1101.09 1848.24 1152.59 1136.93 695.649 47.5605 648.089 5349.38 2104.76 3244.63
internal_count=70123 2379 647 1732 659 413 346 67744 5924 5743 3103 1742 2640 2397 243 1361 61820 47726 8599 489 8110 14094 9181 8991 4913 361 4552 39127 9918 29209
is_linear=0
shrinkage=0.05


Tree=218
num_leaves=31
num_cat=0
split_feature=28 8 27 8 17 31 2 38 27 1 0 38 0 1 0 2 14 3 17 38 3 13 29 39 38 3 35 39 29 5
split_gain=4.58988 6.63909 6.98979 5.94686 5.64185 5.33929 4.57031 5.84767 7.37318 8.66687 5.22709 8.07806 7.8426 4.40048 8.13737 10.0178 4.05302 4.38864 3.98372 8.47649 6.68939 12.2196 6.50927 5.24851 4.77612 3.52307 4.85873 5.78478 3.72457 2.98114
threshold=6.5000000000000009 57.750000000000007 2.5000000000000004 25.550000000000004 2450.0000000000005 19.500000000000004 58.750000000000007 0.27168597138354184 7.5000000000000009 54.050000000000004 58.95000000000001 0.24309822572492279 62.050000000000004 48.350000000000001 53.650000000000013 52.750000000000007 65.050000000000011 48.350000000000001 1250.0000000000002 0.11452069805491698 48.350000000000001 67.050000000000011 57.750000000000007 -18.999999999999996 0.2257884059885765 55.650000000000013 0.40000000000000219 -16.999999999999996 56.750000000000007 53.250000000000007
decision_type=2 2 2 2 2 10 2 2 2 2 2 2 2 2 2 2 2 2 2 2 2 2 2 2 2 2 2 2 2 2
left_child=5 3 -3 29 -4 6 18 10 9 -9 11 -8 -12 14 15 -5 17 -15 20 22 23 -22 -20 -1 -21 26 27 28 -7 -2
right_child=1 2 4 13 -6 25 7 8 -10 -11 12 -13 -14 16 -16 -17 -18 -19 19 24 21 -23 -24 -25 -26 -27 -28 -29 -30 -31
leaf_value=0.01085205996333404 0.018174866586581448 0.034602858455556218 -0.016475428430454037 -0.014597933017373383 0.012959535354787506 -0.040518107691827954 0.0055969783399865301 -0.022004380232730957 0.019105190242118281 5.7545574603684389e-05 -0.0048881630539707385 0.024290305054249957 0.0091427805048593797 -0.041911949951116904 -0.038819019911710939 0.069162123830707148 0.0012068806867232683 -0.017810601666680921 0.024408588357560657 -0.002296142789594861 0.0033220043338245278 0.040494835497980025 -0.0090964067680040454 -0.0033169352396718527 0.00057498534069866294 -0.033859531412955633 0.017290406921708083 0.011378016729523245 -0.0054239211419297283 -0.016592688497407023
leaf_weight=71.858714254572988 18.769002583809201 15.069975486025212 35.64182041818276 7.5381264016032237 29.680561433546245 19.939606224186718 416.9079202786088 69.796146349981427 28.752633426338434 121.35656217113137 255.39569827541709 67.33355812728405 163.03523935377598 33.192315220832825 7.9708316773176184 6.5105610564351082 13.670174903236328 46.974639713764191 55.204914511647075 4142.6537992963567 1041.0732581648044 22.519842255860567 19.329889968037605 700.99373139627278 2223.4253225633875 16.416809001937509 14.611286540515719 13.703364285640417 12.772107064723967 8.9423004444688541
leaf_count=653 243 151 474 121 175 176 2193 401 153 591 1324 353 833 347 120 98 153 426 495 31578 7504 131 147 5680 15075 136 110 110 101 71
internal_value=-0.000378841 -0.00745266 0.00400044 -0.0138991 -0.00302526 -0.000211069 -0.00010274 0.00289021 -0.00440806 -0.00797914 0.00467401 0.00821108 0.000567712 -0.0188843 0.00101258 0.0240799 -0.0236025 -0.0278916 -0.000509293 -0.00109548 0.00154376 0.00411751 0.0156518 -0.00199182 -0.00129259 -0.013278 -0.00761317 -0.0155805 -0.0270265 0.00675644
internal_weight=9701.04 223.96 80.3924 143.568 65.3224 9477.08 9399.64 1122.58 219.905 191.153 902.672 484.241 418.431 115.857 22.0195 14.0487 93.8371 80.167 8277.06 6440.61 1836.45 1063.59 74.5348 772.852 6366.08 77.4432 61.0264 46.4151 32.7117 27.7113
internal_count=70123 2379 800 1579 649 67744 67111 5848 1145 992 4703 2546 2157 1265 339 219 926 773 61263 47295 13968 7635 642 6333 46653 633 497 387 277 314
is_linear=0
shrinkage=0.05


end of trees

feature_importances:
jvan_battle_dm=464
pedigree_index=399
jvan_time_dm=323
jockey_index=322
head_count=309
pace_index_pci=299
position_advantage=291
rotation_index=289
course_aptitude=261
last_3f_index=245
jockey_trainer_combo=245
horse_weight=217
collateral_form=211
career_phase_index=209
corner_stretch_regression=202
speed_index=192
anagusa_index=185
nicks_score=182
pace_index=160
jockey_trainer_combo_index=152
training_index=148
rivals_growth_index=125
weight_change=117
horse_age=113
bounce_score=113
distance=91
frame_number=83
peak_weight_proximity=81
weight_carried=67
distance_change_index=58
going_pedigree_index=46
is_g1g2g3=30
rebound_index=14
is_turf=13
is_yaya=10
is_dirt=5
is_jump=3
is_good=2
is_heavy=2
is_bad=2

parameters:
[boosting: gbdt]
[objective: binary]
[metric: binary_logloss]
[tree_learner: serial]
[device_type: cpu]
[data_sample_strategy: bagging]
[data: ]
[valid: ]
[num_iterations: 500]
[learning_rate: 0.05]
[num_leaves: 31]
[num_threads: 0]
[seed: 0]
[deterministic: 0]
[force_col_wise: 0]
[force_row_wise: 0]
[histogram_pool_size: -1]
[max_depth: 6]
[min_data_in_leaf: 100]
[min_sum_hessian_in_leaf: 0.001]
[bagging_fraction: 0.7]
[pos_bagging_fraction: 1]
[neg_bagging_fraction: 1]
[bagging_freq: 5]
[bagging_seed: 3]
[bagging_by_query: 0]
[feature_fraction: 0.7]
[feature_fraction_bynode: 1]
[feature_fraction_seed: 2]
[extra_trees: 0]
[extra_seed: 6]
[early_stopping_round: 0]
[early_stopping_min_delta: 0]
[first_metric_only: 0]
[max_delta_step: 0]
[lambda_l1: 0.1]
[lambda_l2: 0.1]
[linear_lambda: 0]
[min_gain_to_split: 0]
[drop_rate: 0.1]
[max_drop: 50]
[skip_drop: 0.5]
[xgboost_dart_mode: 0]
[uniform_drop: 0]
[drop_seed: 4]
[top_rate: 0.2]
[other_rate: 0.1]
[min_data_per_group: 100]
[max_cat_threshold: 32]
[cat_l2: 10]
[cat_smooth: 10]
[max_cat_to_onehot: 4]
[top_k: 20]
[monotone_constraints: ]
[monotone_constraints_method: basic]
[monotone_penalty: 0]
[feature_contri: ]
[forcedsplits_filename: ]
[refit_decay_rate: 0.9]
[cegb_tradeoff: 1]
[cegb_penalty_split: 0]
[cegb_penalty_feature_lazy: ]
[cegb_penalty_feature_coupled: ]
[path_smooth: 0]
[interaction_constraints: ]
[verbosity: -1]
[saved_feature_importance_type: 0]
[use_quantized_grad: 0]
[num_grad_quant_bins: 4]
[quant_train_renew_leaf: 0]
[stochastic_rounding: 1]
[linear_tree: 0]
[max_bin: 255]
[max_bin_by_feature: ]
[min_data_in_bin: 3]
[bin_construct_sample_cnt: 200000]
[data_random_seed: 1]
[is_enable_sparse: 1]
[enable_bundle: 1]
[use_missing: 1]
[zero_as_missing: 0]
[feature_pre_filter: 1]
[pre_partition: 0]
[two_round: 0]
[header: 0]
[label_column: ]
[weight_column: ]
[group_column: ]
[ignore_column: ]
[categorical_feature: ]
[forcedbins_filename: ]
[precise_float_parser: 0]
[parser_config_file: ]
[objective_seed: 5]
[num_class: 1]
[is_unbalance: 0]
[scale_pos_weight: 1]
[sigmoid: 1]
[boost_from_average: 1]
[reg_sqrt: 0]
[alpha: 0.9]
[fair_c: 1]
[poisson_max_delta_step: 0.7]
[tweedie_variance_power: 1.5]
[lambdarank_truncation_level: 30]
[lambdarank_norm: 1]
[label_gain: ]
[lambdarank_position_bias_regularization: 0]
[eval_at: ]
[multi_error_top_k: 1]
[auc_mu_weights: ]
[num_machines: 1]
[local_listen_port: 12400]
[time_out: 120]
[machine_list_filename: ]
[machines: ]
[gpu_platform_id: -1]
[gpu_device_id: -1]
[gpu_use_dp: 0]
[num_gpu: 1]

end of parameters

pandas_categorical:null
