tree
version=v4
num_class=1
num_tree_per_iteration=1
label_index=0
max_feature_idx=37
objective=binary sigmoid:1
feature_names=speed_index last_3f_index course_aptitude position_advantage rotation_index jockey_index pace_index pedigree_index training_index anagusa_index paddock_index rebound_index rivals_growth_index career_phase_index distance_change_index jockey_trainer_combo_index going_pedigree_index distance head_count is_turf is_dirt is_jump is_good is_yaya is_heavy is_bad is_g1g2g3 frame_number horse_age weight_carried horse_weight weight_change jvan_time_dm jvan_battle_dm runner_type_ord finish_var5 win_place_ratio5 pace_handicap_pit
feature_infos=[0:80.099999999999994] [14.1:71.900000000000006] [18.5:72.5] [31.699999999999999:69.5] [20:100] [0:86.5] [34.100000000000001:100] [26.800000000000001:91.200000000000003] [11.4:86.5] [40.200000000000003:76.900000000000006] [45:85] [40:80] [50:100] [20:85] [25:75] [35:70] [30:75] [1000:4260] [5:18] [0:1] [0:1] [0:1] [0:1] [0:1] [0:1] [0:1] [0:1] [1:8] [2:12] [49:65] [340:630] [-46:999] [10.699999999999999:98.099999999999994] [0:89.900000000000006] [0:3] [0:77.300000000000011] [-1:1] [41.09742857142858:88]
tree_sizes=3342 3424 3425 3440 3426 3460 3470 3445 3448 3439 3454 3455 3443 3450 3456 3456 3467 3454 3461 3479 3460 3458 3473 3471 3471 3475 3471 3472 3451 3489 3472 3478 3471 3467 3486 3480 3466 3491 3478 3493 3472 3476 3470 3480 3491 3479 3484 3493 3461 3466 3474 3488 3436 3469 3468 3461 3464 3476 3482 3483 3475 3457 3436 3449 3511 3457 3478 3476 3471 3511 3489 3480 3479 3472 3474 3455 3040 3488 3460 3476 3490 3478 3493 2826 3459 3481 3481 3440 2941 3475 2502 3481 3480 3440 3471 3468 3457 2628 3449 3444 3470 3451 3465 3470 3470 3491 3472 3465 3461 3489 3451 3468 3469 3458 3468 3466 3493 2797 3444 3490 3482 2807 3360 2581 2845 2506 1557 3462 1973 3487 3470 3451 3498 3505 3531 3469 3263 3442 2040 2831 3470 3491 3483 3259 3456 2934 3500 3474 3505 3481

Tree=0
num_leaves=31
num_cat=0
split_feature=33 33 33 7 32 18 32 7 32 32 5 5 29 36 32 33 7 7 5 33 18 7 33 8 7 7 5 5 18 7
split_gain=5117.2 829.556 598.611 318.08 304.197 214.53 141.423 136.838 136.539 127.572 100.096 89.8768 78.8511 67.3728 62.0385 59.975 58.6049 55.7467 55.1584 54.8177 54.4009 54.2998 48.0078 45.048 44.0699 42.1174 45.2967 40.8285 40.2132 40.0106
threshold=63.850000000000001 49.750000000000007 71.050000000000011 51.250000000000007 68.550000000000011 13.500000000000002 78.250000000000014 55.150000000000013 71.850000000000009 74.250000000000014 62.650000000000013 59.45000000000001 59.750000000000007 0.36666666666666675 71.65000000000002 38.050000000000004 54.350000000000001 55.350000000000001 59.250000000000007 58.45000000000001 11.500000000000002 59.750000000000007 77.350000000000009 79.65000000000002 56.050000000000004 49.550000000000004 69.15000000000002 66.15000000000002 15.500000000000002 58.250000000000007
decision_type=2 2 2 2 2 2 2 2 2 2 2 2 2 8 2 2 2 2 2 2 2 2 2 2 2 2 2 2 2 2
left_child=1 15 5 6 7 14 20 19 24 17 12 -9 21 -11 -2 -1 -12 -5 -19 -3 -4 -6 -15 29 -7 -17 -27 -10 -18 -16
right_child=2 4 3 9 10 8 -8 11 27 13 16 -13 -14 22 23 25 28 18 -20 -21 -22 -23 -24 -25 -26 26 -28 -29 -30 -31
leaf_value=-2.5824248500665807 -2.4594556287263769 -2.5590205761915579 -2.3989144013410346 -2.4394275719141976 -2.5250282074061383 -2.5216505456276512 -2.3730085432612475 -2.5311273705968191 -2.4734384926849122 -2.3839422068552758 -2.4863505498146785 -2.4683571004616645 -2.4343258395830634 -2.3385808005866493 -2.4397193536109016 -2.5760563801694527 -2.356951472244126 -2.4199813709574003 -2.339070052271742 -2.5375976818757744 -2.4721442664023092 -2.4598771298014812 -2.251831257871042 -2.3108667091770236 -2.4794872132307484 -2.5612579491322807 -2.452379891482237 -2.4143488811532543 -2.4689127524090568 -2.3433537588795401
leaf_weight=1665.6900358200073 165.4627513885498 1078.494086265564 28.64039421081543 69.361333847045898 357.32624530792236 324.54588890075684 51.036911010742188 295.43041706085205 141.98034286499023 47.236289978027344 58.095207214355469 70.650830268859863 29.386944770812988 45.471715927124023 57.34865665435791 904.81927871704102 19.681787490844727 42.621250152587891 43.978614807128906 412.2995138168335 234.2811393737793 35.087876319885254 26.94368839263916 10.926785469055174 76.758971214294434 703.6578369140625 9.5694208145141584 37.32752799987793 14.116592407226561 13.573646545410154
leaf_count=24543 2438 15891 422 1022 5265 4782 752 4353 2092 696 856 1041 433 670 845 13332 290 628 648 6075 3452 517 397 161 1131 10368 141 550 208 200
internal_value=-2.53819 -2.55948 -2.45324 -2.41473 -2.53695 -2.48069 -2.44923 -2.54636 -2.49732 -2.37551 -2.50289 -2.51898 -2.51323 -2.3365 -2.44168 -2.57576 -2.45561 -2.40557 -2.37865 -2.55309 -2.4641 -2.51917 -2.30588 -2.40594 -2.51356 -2.56889 -2.55978 -2.46105 -2.40322 -2.42096
internal_weight=7071.8 5654.31 1417.5 589.571 2370.57 827.925 313.958 1856.87 580.613 275.613 513.695 366.081 421.801 119.652 247.312 3283.74 91.8936 155.961 86.5999 1490.79 262.922 392.414 72.4154 81.8491 401.305 1618.05 713.227 179.308 33.7984 70.9223
internal_count=104199 83313 20886 8687 34929 12199 4626 27360 8555 4061 7569 5394 6215 1763 3644 48384 1354 2298 1276 21966 3874 5782 1067 1206 5913 23841 10509 2642 498 1045
is_linear=0
shrinkage=1


Tree=1
num_leaves=31
num_cat=0
split_feature=33 33 33 32 18 7 5 7 32 18 29 32 33 18 7 7 33 32 5 35 33 1 5 32 7 2 1 5 32 18
split_gain=4404.82 696.33 522.665 223.692 218.574 214.545 106.428 105.252 105.138 90.7849 85.0355 78.8662 78.6239 75.9061 75.6951 68.9826 59.7536 59.3127 55.9704 47.9485 47.1294 45.1546 43.8313 42.8385 41.1494 40.3696 40.2759 39.4949 35.4345 35.044
threshold=60.850000000000001 70.450000000000017 49.750000000000007 71.850000000000009 13.500000000000002 51.250000000000007 66.850000000000009 52.95000000000001 78.250000000000014 10.500000000000002 58.250000000000007 68.550000000000011 76.950000000000017 12.500000000000002 58.050000000000004 51.050000000000004 38.050000000000004 77.850000000000009 64.65000000000002 2.2500000000000009 64.850000000000009 61.150000000000013 71.250000000000014 68.550000000000011 49.550000000000004 57.650000000000013 58.050000000000004 69.15000000000002 66.450000000000017 10.500000000000002
decision_type=2 2 2 2 2 2 2 2 2 2 2 2 2 2 2 2 2 2 2 10 2 2 2 2 2 2 2 2 2 2
left_child=2 4 16 7 14 8 11 -4 19 23 18 -6 17 28 20 -8 -1 -11 29 26 -2 -22 -15 -7 -18 -21 -3 -26 -9 -5
right_child=1 5 3 10 6 9 15 13 -10 12 -12 -13 -14 22 -16 -17 24 -19 -20 25 21 -23 -24 -25 27 -27 -28 -29 -30 -31
leaf_value=-0.043796238726596354 0.04151733912917014 0.069889194062672549 -0.017469570955452995 0.090363679673050146 0.0065087286015097284 0.1112915388978844 0.026501136888486793 0.02616656089835297 0.13651139214390071 0.092346307970071762 0.13710234215439487 0.038975807760641482 0.16133710309513125 -0.0047450858247711225 0.12275655422427795 0.10952848647842835 -0.037296002609353042 0.16008947427620973 0.10581541851310086 0.026969765697386901 0.074883014526190991 0.19792841139492154 0.099053733167509261 0.23295101177970823 -0.022466334982733639 0.085899503358700779 0.12993355448872651 0.075664211184270525 0.0846201844568409 0.012440351353473008
leaf_weight=1603.6177961602807 142.6878512725234 128.38469736278057 1235.4266326501966 16.520376056432724 427.01300346106291 10.158227540552614 43.297258727252483 102.83836583793163 61.369887731969357 171.81244300305843 23.930562302470207 333.42887645959854 90.585916794836521 386.92105655372143 63.689943730831146 60.035859026014805 875.87964758276939 40.406984098255634 23.944992035627365 103.96406502276659 159.7190226316452 7.8270704150199881 10.342989481985567 29.971856169402599 689.85214233398438 40.570477701723576 36.277560144662857 10.290433399379252 34.857947506010532 111.9714642688632
leaf_count=24543 2048 1778 18412 238 6208 135 612 1506 789 2259 326 4743 1139 5653 861 829 13332 515 328 1445 2180 105 145 382 10368 561 502 141 496 1620
internal_value=-0.000164395 0.0637691 -0.0245004 -0.00409347 0.0410783 0.103112 0.0272391 -0.00944625 0.0766669 0.131643 0.0495846 0.0207543 0.122154 0.00907311 0.0730181 0.0748471 -0.0369926 0.105338 0.0357318 0.0647324 0.0627546 0.0807757 -0.0020058 0.202633 -0.0300643 0.0435937 0.083219 -0.0210063 0.0410511 0.0225604
internal_weight=7077.6 1951.2 5126.39 1946.75 1237.7 713.502 863.775 1770.39 370.567 342.935 176.367 760.442 302.805 534.96 373.924 103.333 3179.64 212.219 152.437 309.197 310.234 167.546 397.264 40.1301 1576.02 144.535 164.662 700.143 137.696 128.492
internal_count=104199 27091 77108 28724 17586 9505 12392 26212 5075 4430 2512 10951 3913 7800 5194 1441 48384 2774 2186 4286 4333 2285 5798 517 23841 2006 2280 10509 2002 1858
is_linear=0
shrinkage=0.05


Tree=2
num_leaves=31
num_cat=0
split_feature=33 33 33 7 7 5 35 7 5 2 7 33 5 33 7 35 33 7 33 29 7 15 1 3 1 2 37 34 7 7
split_gain=3857.42 606.33 410.065 162.898 155.684 137.091 95.2985 80.2572 74.4108 68.3567 62.7939 62.4614 57.7066 55.485 51.4613 48.8306 44.3133 41.2153 40.4593 38.7519 38.1764 34.8674 33.1314 32.9462 30.3802 31.7781 31.0087 29.5564 29.3401 26.6312
threshold=59.650000000000013 68.850000000000009 49.350000000000001 54.050000000000004 51.550000000000004 56.350000000000001 1.9000000000000004 71.250000000000014 70.65000000000002 58.650000000000013 55.050000000000004 85.250000000000014 67.15000000000002 38.050000000000004 55.45000000000001 1.7500000000000007 65.050000000000011 40.150000000000013 76.950000000000017 59.750000000000007 47.45000000000001 55.45000000000001 51.750000000000007 50.550000000000004 55.850000000000001 49.45000000000001 69.272785714285732 1.0000000180025095e-35 47.750000000000007 48.050000000000004
decision_type=2 2 2 2 2 2 10 2 2 2 2 2 2 2 2 10 2 2 2 2 2 2 2 2 2 2 2 10 2 2
left_child=2 3 13 16 9 14 8 12 18 11 19 17 -5 -1 -4 -11 29 -3 -6 28 -15 -14 -21 -12 25 -8 -26 -16 -7 -2
right_child=1 4 5 7 6 10 24 -9 -10 15 23 -13 21 20 27 -17 -18 -19 -20 22 -22 -23 -24 -25 26 -27 -28 -29 -30 -31
leaf_value=-0.043250095523337147 0.00021550600340865711 0.00062159988096393507 -0.018778223512883017 0.045827295488154139 0.099242787020612303 -0.018527664037553505 -0.0040074896169861969 0.17811753226900431 0.18261332507436223 0.16298069910939589 0.022554228882875404 0.16027184889587431 0.064372432708056065 -0.039046256146305289 0.034272163645720215 0.080178327672364325 0.034092729993583579 0.057998963057925318 0.14882883266510191 0.0080557733114401831 -0.022747210201019677 0.14406640634826129 0.10094056696144878 0.075193768279814707 0.13338101683687359 0.072235885981796463 0.069692956748322502 -0.0042705153331091131 0.014227131098579799 0.02214796696634927
leaf_weight=1544.1876948550344 282.63790625333786 34.359503529965878 1134.6537390649319 325.88393542915583 157.75283504277468 123.27827300131321 15.793878801167009 13.440513759851454 46.738353453576565 26.298589438199997 60.392810128629208 14.067391552031038 30.945984482765198 626.54261094331741 68.403328515589237 57.728521376848221 332.33556389063597 372.92012501507998 57.330733999609947 20.042633973062038 849.87456496059895 25.539289705455303 18.588415443897247 59.360949091613293 39.949249126017094 95.390063211321831 38.370899558067322 180.97015475481749 153.21881761401892 272.00396307557821
leaf_count=24543 4061 453 17073 4462 1918 1852 192 177 531 328 829 170 387 9848 988 737 4534 4861 621 293 13072 317 260 817 475 1161 461 2624 2272 3882
internal_value=-0.0002125 0.0540428 -0.0253208 0.0315649 0.0841705 -0.00656107 0.10554 0.0582406 0.125138 0.0650595 0.0179192 0.0567968 0.0539683 -0.036615 -0.0142575 0.106316 0.0196501 0.053172 0.112546 0.00618301 -0.0296695 0.100685 0.0530242 0.0487299 0.0783848 0.0613666 0.102371 0.00629123 -0.000360178 0.0109826
internal_weight=7079 2239.49 4839.51 1282.79 956.7 1818.91 451.326 395.81 261.822 505.374 434.882 421.347 382.369 3020.6 1384.03 84.0271 886.977 407.28 215.084 315.128 1476.42 56.4853 38.631 119.754 189.504 111.184 78.3201 249.373 276.497 554.642
internal_count=104199 29728 74471 17820 11908 27008 5359 5343 3070 6549 6323 5484 5166 47463 20685 1065 12477 5314 2539 4677 22920 704 553 1646 2289 1353 936 3612 4124 7943
is_linear=0
shrinkage=0.05


Tree=3
num_leaves=31
num_cat=0
split_feature=32 5 5 32 32 32 35 32 7 1 7 7 7 7 5 5 1 34 7 34 29 34 10 7 34 5 34 1 7 5
split_gain=2922.69 468.91 316.26 222.969 136.913 114.084 92.8001 91.5323 85.3147 83.4545 56.9663 48.7213 45.5831 45.5142 42.3002 41.3285 40.2455 38.7564 38.3341 36.4858 36.8633 34.1324 32.961 32.9563 30.6212 29.9933 27.1296 23.1631 22.5138 22.1955
threshold=65.750000000000014 62.45000000000001 53.850000000000001 73.850000000000009 58.45000000000001 72.050000000000011 1.9000000000000004 59.350000000000001 47.050000000000004 58.850000000000001 66.450000000000017 55.550000000000004 51.850000000000001 49.550000000000004 58.250000000000007 49.050000000000004 58.95000000000001 1.5000000000000002 45.250000000000007 1.0000000180025095e-35 58.750000000000007 1.5000000000000002 55.000000000000007 54.150000000000013 1.5000000000000002 69.450000000000017 1.5000000000000002 49.750000000000007 62.550000000000004 59.650000000000013
decision_type=2 2 2 2 2 2 10 2 2 2 2 2 2 2 2 2 2 10 2 8 2 10 2 2 10 2 10 2 2 2
left_child=2 3 4 8 17 23 16 12 -2 19 15 -6 -4 -9 24 -10 -7 18 -1 27 -21 29 -20 -3 -11 -14 -13 -5 -8 -15
right_child=1 5 7 9 11 6 28 13 10 14 -12 26 25 21 -16 -17 -18 -19 22 20 -22 -23 -24 -25 -26 -27 -28 -29 -30 -31
leaf_value=-0.043744320027282457 0.0019029753410627868 0.043284689106013671 -0.023868329671012753 0.038429912978727339 -0.020712769931224149 0.11146505584262363 0.066145635516532714 -0.00070734353905356582 0.013441805047437142 0.13890612417079728 0.10046653602515361 0.022432077104814731 -0.00043232043249882515 0.023463523435411245 0.18083012690653108 0.036100909239971148 0.1657994123246963 -0.042890225649782482 -0.025957074458420923 0.04084701395935763 0.12636240397166607 0.0061458992781809225 0.031436701507300296 0.080117696013267931 0.063624673743380142 0.067637781944739295 -0.014791719435754531 0.099774590306124816 0.14710027488750185 0.05863340334527134
leaf_weight=362.60878263041377 398.60464603453875 157.88189377635717 363.6481330357492 21.870051186531782 973.84565067663789 156.67742430791259 138.7704260982573 227.29937426373363 325.87238887324929 20.749111499637365 27.57843654602766 113.59727355837822 199.98285499215126 84.905714228749275 16.197191867977381 530.46878002211452 44.988052360713482 1283.9128344468772 771.38112802430987 308.12656632438302 13.134689219295977 102.58520415425301 25.694575883448124 100.33255449682474 40.764407031238079 17.49445690959692 85.719649530947208 56.018392998725176 9.2664783447980863 97.094604142010212
leaf_count=5854 5685 2101 5669 277 14963 1752 1647 3368 4613 242 345 1641 2973 1205 187 7151 478 20692 12223 3906 159 1443 389 1176 499 231 1274 664 100 1292
internal_value=-0.000248176 0.0450718 -0.0230292 0.0319834 -0.0301517 0.0829317 0.10157 0.000535277 0.0211209 0.0611771 0.0297804 -0.0161022 -0.0130388 0.0159548 0.108636 0.0274866 0.123687 -0.0368939 -0.0302478 0.0518998 0.0443971 0.0292761 -0.0240969 0.0576415 0.0892832 0.00504901 0.00639888 0.0826853 0.0713427 0.0422755
internal_weight=7077.07 2367.3 4709.77 1759.38 3616.76 607.917 349.702 1093.01 1282.52 476.86 883.92 1173.16 581.125 511.885 77.7107 856.341 201.665 2443.6 1159.68 399.15 321.261 284.586 797.076 258.214 61.5135 217.477 199.317 77.8884 148.037 182
internal_count=104199 30982 73217 23728 57036 7254 3977 16181 17794 5934 12109 17878 8873 7308 928 11764 2230 39158 18466 5006 4065 3940 12612 3277 741 3204 2915 941 1747 2497
is_linear=0
shrinkage=0.05


Tree=4
num_leaves=31
num_cat=0
split_feature=33 33 33 18 18 18 33 5 5 4 5 33 5 5 28 33 33 18 0 1 35 15 1 18 5 10 5 18 9 3
split_gain=3130.51 464.578 318.233 150.899 119.858 112.341 83.5671 75.1834 66.0294 61.7511 61.3138 54.7139 45.6776 40.477 41.5366 38.4447 37.4752 35.9445 32.638 30.1036 28.815 24.8337 24.1702 38.353 23.5539 24.0854 23.4059 23.1602 23.0784 22.6805
threshold=58.650000000000013 68.850000000000009 49.350000000000001 13.500000000000002 10.500000000000002 12.500000000000002 76.550000000000011 59.250000000000007 66.850000000000009 92.750000000000014 55.650000000000013 38.050000000000004 56.050000000000004 60.050000000000004 3.5000000000000004 85.250000000000014 64.250000000000014 10.500000000000002 59.850000000000001 58.95000000000001 0.6000000000000002 54.550000000000004 56.850000000000001 7.5000000000000009 71.250000000000014 55.000000000000007 53.45000000000001 9.5000000000000018 51.250000000000007 49.650000000000013
decision_type=2 2 2 2 2 2 2 2 2 2 2 2 2 2 2 2 2 2 2 2 10 2 2 2 2 2 2 2 2 2
left_child=2 3 11 13 22 10 7 9 28 -6 -4 -1 -7 16 21 20 27 -13 -16 -9 -8 -15 23 -3 25 -14 -24 -2 -5 -10
right_child=1 4 5 8 6 12 15 19 29 -11 -12 17 24 14 18 -17 -18 -19 -20 -21 -22 -23 26 -25 -26 -27 -28 -29 -30 -31
leaf_value=-0.042279903210856506 0.060179741320824369 0.19414778090428522 0.0021118647791216272 0.012988173794212108 0.028409448009564194 -0.021227265985005381 0.096789370735780089 0.065194306651118181 0.027522868406875334 0.078435352584290643 0.043750813226346379 -0.005131267615917424 -0.0073497438029370005 0.067218072843528695 0.011941416433899994 0.13806862006976683 0.060692359658231526 -0.031157141924949339 0.11958706572855896 0.10760801756628956 0.062281447246521286 0.12226436141883111 0.087303922197390055 0.085595634178114388 0.046583045045661013 0.048418247182748342 0.17438410506047805 0.017696455605272825 -0.017460308880774891 0.072037854903457085
leaf_weight=1445.6124571226537 40.510379113256931 9.4896175265312177 313.32678246498108 850.90371134877205 297.41947769373655 915.84916105866432 123.3156715631485 249.47084230184555 55.562472395598888 78.065939038991928 123.22260569036007 148.78551310673356 253.66017260402441 43.233564458787441 35.019055739045143 32.221583984792233 135.62978269904852 1264.7257213145494 8.7685652449727041 51.166414961218834 123.26450949907303 40.993564516305923 11.417455367743967 62.022038578987122 26.042088463902473 20.84870059043169 28.479037411510944 156.93549561500549 66.92144500464201 60.44368302822113
leaf_count=24543 556 99 4722 11769 3570 14081 1266 2790 670 917 1699 2402 3664 523 430 308 1654 20518 104 527 1372 477 121 655 332 293 283 2182 946 726
internal_value=-0.000273061 0.0438749 -0.0253349 0.0258818 0.0690904 -0.0078665 0.0633406 0.0538071 0.0152633 0.0388416 0.0138839 -0.0354316 -0.015677 0.0496707 0.0736216 0.0864148 0.0404311 -0.0284218 0.033835 0.0724628 0.0795915 0.0941818 0.118228 0.100321 0.0012207 -0.00307992 0.149869 0.0264642 0.010761 0.050802
internal_weight=7073.33 2561.25 4512.07 1494.92 1066.33 1652.95 954.924 676.123 1033.83 375.485 436.549 2859.12 1216.4 461.09 128.015 278.802 333.076 1413.51 43.7876 300.637 246.58 84.2271 111.408 71.5117 300.551 274.509 39.8965 197.446 917.825 116.006
internal_count=104199 31945 72254 20037 11908 24791 10750 7804 14111 4487 6421 47463 18370 5926 1534 2946 4392 22920 534 3317 2638 1000 1158 754 4289 3957 404 2738 12715 1396
is_linear=0
shrinkage=0.05


Tree=5
num_leaves=31
num_cat=0
split_feature=33 33 33 32 32 17 5 1 5 34 9 5 34 4 28 32 35 14 34 32 33 36 37 32 35 32 5 5 30 37
split_gain=2660.53 443.512 319.378 181.417 104.47 77.1813 69.7814 55.9134 51.3928 49.6658 38.6189 38.2018 34.0792 33.0337 32.7762 32.8683 32.593 31.8822 31.6065 28.7657 28.136 26.6161 24.7109 24.4652 24.118 22.7769 20.6786 20.5013 20.3051 19.933
threshold=60.650000000000013 47.95000000000001 71.050000000000011 70.850000000000009 71.65000000000002 2810.0000000000005 55.850000000000001 55.850000000000001 54.550000000000004 1.5000000000000002 55.050000000000004 48.150000000000013 1.5000000000000002 91.450000000000017 4.5000000000000009 80.950000000000017 1.0000000180025095e-35 42.45000000000001 1.5000000000000002 59.45000000000001 76.550000000000011 -1.0000000180025095e-35 73.147071428571437 52.850000000000001 23.250000000000011 70.65000000000002 58.250000000000007 54.850000000000001 479.00000000000006 61.475642857142866
decision_type=2 2 2 2 2 2 2 2 2 10 2 2 10 2 2 2 10 2 10 2 2 8 2 2 8 2 2 2 2 2
left_child=1 9 4 6 10 12 18 20 -9 11 13 -1 28 21 15 -10 17 -6 23 -8 -4 -2 -21 -3 -15 29 -19 -14 -5 -13
right_child=2 3 7 5 16 -7 19 8 14 -11 -12 25 27 24 -16 -17 -18 26 -20 22 -22 -23 -24 -25 -26 -27 -28 -29 -30 -31
leaf_value=-0.03523093344959017 -0.011877075981985277 -0.02787048129749134 0.047465840548871263 0.021615506106571866 0.13547163945511886 0.10043248432355055 -0.010263098461679589 0.055451405406854296 0.092685719428524341 -0.042164837622938489 -0.021941429363399406 -0.021416762187105053 -0.020025607572030885 0.029521204961333137 0.031225632780621161 0.14611633363966417 0.039776297594750376 0.038886440258941252 -0.023786220848118263 0.020973482821626893 0.073321239639245556 0.021697549730241125 -0.020330510665338912 -0.0045990704792551037 0.070401676245554198 0.047417509265091473 0.077334471674130031 0.030553775975437764 0.061266204140432705 0.023669447705796973
leaf_weight=743.96360659971833 63.676623418927193 138.17215460166335 300.02868040651083 74.801519028842449 15.832627795636652 37.810769379138947 169.53627648949623 118.78519947081804 200.30717085301876 1376.3175202831626 49.725842885673046 419.3123871833086 54.449386671185493 103.27387224137783 18.700683817267418 34.477824807167053 293.46653372049332 63.769077084958553 664.57677277550101 266.45256142690778 165.09247202426195 768.73200055211782 41.701928921043873 621.66496687754989 56.219928748905659 13.24990316107869 80.46676991134882 31.549414150416851 57.724010430276394 25.851860284805298
leaf_count=12755 866 2200 3264 1006 171 450 2521 1264 1956 23809 692 7069 776 1342 185 299 3456 772 10471 3734 1661 9987 604 9618 716 206 846 404 762 434
internal_value=-0.000149013 -0.0216731 0.0435607 -0.00494775 0.0297054 0.0345264 -0.0102716 0.0682868 0.0827715 -0.03567 0.0209726 -0.0282286 0.0230593 0.023131 0.0955272 0.100612 0.0497418 0.067945 -0.0158183 0.00625731 0.0566676 0.0191221 0.0153629 -0.00884054 0.0439976 -0.0168483 0.0604093 -0.00139811 0.038957 -0.0187825
internal_weight=7069.69 4737.14 2332.56 2158.44 1495.16 256.335 1902.1 837.392 372.271 2578.7 1041.63 1202.38 218.524 991.902 253.486 234.785 453.535 160.068 1424.41 477.691 465.121 832.409 308.154 759.837 159.494 458.414 144.236 85.9988 132.526 445.164
internal_count=104296 76819 27477 32546 18848 3398 29148 8629 3704 44273 13603 20464 2948 12911 2440 2255 5245 1789 22289 6859 4925 10853 4338 11818 2058 7709 1618 1180 1768 7503
is_linear=0
shrinkage=0.05


Tree=6
num_leaves=31
num_cat=0
split_feature=32 32 32 32 34 34 34 34 1 1 1 1 35 30 3 10 1 21 1 2 37 3 8 10 3 37 35 32 1 1
split_gain=2116.35 295.68 214.251 81.5109 77.8461 61.4803 57.9475 54.0862 52.6502 50.9119 38.8651 37.3143 34.2792 33.9078 30.9243 30.3804 31.9182 29.6671 28.7056 28.4232 28.1167 28.0973 25.6463 25.0905 27.5608 23.8595 22.5653 22.167 21.8792 21.4402
threshold=64.750000000000014 70.850000000000009 57.650000000000013 78.250000000000014 1.5000000000000002 1.5000000000000002 1.5000000000000002 1.5000000000000002 54.650000000000013 56.350000000000001 57.750000000000007 58.350000000000001 0.40000000000000008 461.00000000000006 56.95000000000001 55.000000000000007 53.650000000000013 1.0000000180025095e-35 53.050000000000004 56.95000000000001 70.934285714285735 53.750000000000007 68.750000000000014 65.000000000000014 54.750000000000007 55.034285714285723 15.250000000000005 68.750000000000014 55.850000000000001 53.750000000000007
decision_type=2 2 2 2 10 10 10 10 2 2 2 2 10 2 2 2 2 2 2 2 2 2 2 2 2 2 8 2 2 2
left_child=2 6 5 7 10 15 8 9 14 13 23 27 -5 -3 -2 16 -1 19 -7 -9 22 -10 -13 24 -4 28 -25 -8 -14 -6
right_child=1 3 4 12 29 18 11 17 21 -11 -12 20 25 -15 -16 -17 -18 -19 -20 -21 -22 -23 -24 26 -26 -27 -28 -29 -30 -31
leaf_value=-0.028247897959928034 0.012681404994976385 0.023657856003165709 -0.0090361363375923848 0.089180899119228163 -0.028492715687166638 -0.044153781975890032 -0.008407496142013117 0.015362420089365062 0.033301178409523416 0.074793507447057456 0.047915749452606765 0.032359099190287177 0.05397958769393444 0.051579434118793378 0.041236977152370902 0.014913871236943724 -0.0033994598448173785 0.090737143658248615 -0.028037974837540738 0.046014660823867383 0.0076113124855850317 0.07077274644427517 0.10691314062318857 -0.0085734476040250172 0.011422629414760608 0.040148187658730565 0.057421004884180928 0.015405288148448274 0.10406940155957581 -0.011247366966971385
leaf_weight=1094.6996411569417 509.13795321434736 156.55838575214148 566.84947609901428 145.84610874578357 391.34900595620275 904.0491871163249 327.66495111584663 257.55498407781124 145.23378774896264 170.09155910462141 42.808095548301935 34.834639001637697 52.033896498382092 363.94136205688119 116.79529006034136 48.567828636616468 147.0929217338562 17.667311273515224 402.19259264692664 107.60061043128371 61.736778892576694 77.314252495765686 17.486633513122797 20.871694643050432 231.72721035405993 102.48612339422107 33.436057575047016 139.10398342460394 38.956932172179222 336.78139193356037
leaf_count=18656 6836 1821 8567 1364 6395 16154 4710 3037 1790 1737 574 442 536 4104 1567 736 2329 198 6821 1229 824 945 215 289 3514 1071 462 1846 364 5163
internal_value=-0.000173916 0.0331787 -0.0226351 0.0494018 -0.00838438 -0.0315444 0.0171379 0.0426297 0.0254682 0.050996 0.00148125 0.00495785 0.0707909 0.0431968 0.0180234 -0.0237902 -0.0253091 0.0275151 -0.0391981 0.0244185 0.0305835 0.0463674 0.0575281 -0.000848881 -0.00309256 0.0568634 0.0319968 -0.00129845 0.0755707 -0.0205257
internal_weight=7062.47 2842.05 4220.43 1412.74 1623.82 2596.6 1429.31 1073.41 848.481 690.591 895.693 580.827 339.323 520.5 625.933 1290.36 1241.79 382.823 1306.24 365.156 114.058 222.548 52.3213 852.884 798.577 193.477 54.3078 466.769 90.9908 728.13
internal_count=104296 34636 69660 15461 24964 44696 19175 12126 11138 7662 13406 8037 3335 5925 8403 21721 20985 4464 22975 4266 1481 2735 657 12832 12081 1971 751 6556 900 11558
is_linear=0
shrinkage=0.05


Tree=7
num_leaves=31
num_cat=0
split_feature=33 33 33 7 32 29 7 7 7 7 7 7 0 28 7 28 0 34 10 3 35 32 37 7 14 34 0 33 7 10
split_gain=2176.24 406.397 229.789 137.3 137.137 78.7941 72.2895 68.802 61.5526 54.1547 47.2152 42.1139 38.9128 40.8687 37.4365 34.074 35.9921 32.8622 31.95 29.5222 28.8951 36.0485 28.1626 27.3288 26.7799 23.3127 23.0892 22.982 19.9726 19.4365
threshold=60.650000000000013 47.550000000000004 71.050000000000011 54.050000000000004 66.850000000000009 59.750000000000007 47.650000000000013 60.95000000000001 47.750000000000007 66.450000000000017 58.750000000000007 38.050000000000004 54.050000000000004 4.5000000000000009 69.050000000000011 4.5000000000000009 50.250000000000007 1.5000000000000002 65.000000000000014 44.750000000000007 0.20000000000000007 72.050000000000011 54.184285714285721 46.750000000000007 35.45000000000001 1.5000000000000002 48.45000000000001 64.050000000000011 39.550000000000004 55.000000000000007
decision_type=2 2 2 2 2 2 2 2 2 2 2 2 2 2 2 2 2 10 2 2 10 2 2 2 2 10 2 2 2 2
left_child=1 10 3 12 6 8 -3 11 -6 20 17 -4 27 19 -10 16 -13 23 25 -14 21 -5 -11 -1 -9 -8 -7 -2 -29 -12
right_child=2 4 7 9 5 26 18 24 14 22 29 15 13 -15 -16 -17 -18 -19 -20 -21 -22 -23 -24 -25 -26 -27 -28 28 -30 -31
leaf_value=-0.039619769638305255 -0.0059233588642117387 -0.025340946143868667 -0.028984285985949799 0.041409838593498755 -0.015443344042148331 0.030752935977105014 0.00066803267982226103 0.16620134605744841 0.018698417616562005 0.15441842763461572 -0.012524285579278736 0.042270918511684429 0.008935308077843495 -0.0026642501644442507 0.12212005626734418 0.016806960791760219 0.065444507567039317 -0.042347488019858888 0.031969163935669356 0.042410795017143788 0.031004776688906027 0.085544906454259245 0.069365734085001934 -0.023189358417458433 0.087769860598149826 -0.015646118441621937 0.095207924614291173 -0.031551166177751659 0.017429363647476579 0.065584889761971146
leaf_weight=441.58962502703071 213.53324543312192 653.66501975432038 15.196525752544401 141.0254163146019 167.02895106747746 23.13012371212244 526.42382085695863 13.043556474149225 346.59667351096869 15.790102675557135 149.9291267208755 258.10278345644474 87.428811453282833 93.999483719468117 8.9021170511841756 55.798535354435444 491.10658434033394 1193.327207390219 58.560402829200029 272.80239614844322 257.47423399239779 69.72919836640358 26.975327789783478 600.62251561507583 75.905441708862782 374.16754287108779 36.3101586997509 21.94251574575901 356.93982809782028 8.2968759387731534
leaf_count=8014 2888 10726 166 1652 2413 275 8024 109 4616 160 2632 2513 1073 1185 99 554 4650 22137 843 3340 2999 669 281 10513 637 5993 399 282 4319 135
internal_value=-0.000190654 -0.020552 0.0376813 0.0260139 -0.00500886 0.0157918 -0.0125182 0.0576603 0.00956893 0.0472621 -0.0348002 0.0531051 0.0156318 0.0266445 0.0213359 0.0546644 0.0574746 -0.036669 -0.0037725 0.0343048 0.0423069 0.0560695 0.101173 -0.0301589 0.099501 -0.00610542 0.0703042 0.00717632 0.0145719 -0.00835807
internal_weight=7055.34 4588.55 2466.79 1557.64 2194.78 581.968 1612.82 909.153 522.528 510.994 2393.77 820.204 1046.65 454.231 355.499 805.008 749.209 2235.54 959.152 360.231 468.229 210.755 42.7654 1042.21 88.949 900.591 59.4403 592.416 378.882 158.226
internal_count=104296 76819 27477 18848 33388 7802 25586 8629 7128 5761 43431 7883 13087 5598 4715 7717 7163 40664 14860 4413 5320 2321 441 18527 746 14017 674 7489 4601 2767
is_linear=0
shrinkage=0.05


Tree=8
num_leaves=31
num_cat=0
split_feature=33 33 33 18 7 7 18 7 18 7 34 32 7 7 32 32 7 35 14 32 3 10 32 32 32 6 3 7 1 19
split_gain=1939.33 387.553 190.753 135.321 126.608 78.0428 72.0344 67.2817 65.8386 45.854 44.9586 41.6163 41.349 40.3959 40.0317 38.0436 37.6296 37.2953 37.6633 34.1784 30.7884 29.5168 26.8426 25.8898 24.4799 23.9702 23.3865 22.1342 22.3894 21.3771
threshold=60.650000000000013 47.350000000000001 73.050000000000011 12.500000000000002 54.050000000000004 50.850000000000001 11.500000000000002 48.250000000000007 12.500000000000002 67.450000000000017 1.5000000000000002 66.350000000000009 66.450000000000017 46.750000000000007 73.65000000000002 66.15000000000002 65.050000000000011 3.100000000000001 43.350000000000001 65.15000000000002 53.95000000000001 55.000000000000007 62.95000000000001 69.550000000000011 78.550000000000011 70.850000000000009 46.650000000000013 42.050000000000004 55.850000000000001 1.0000000180025095e-35
decision_type=2 2 2 2 2 2 2 2 2 2 10 2 2 2 2 2 2 10 2 2 2 2 2 2 2 2 2 2 2 2
left_child=1 10 4 5 6 14 24 23 20 19 13 -8 17 -1 -3 -7 27 18 -6 -9 -4 22 -15 -5 -2 -22 -11 -10 -29 -14
right_child=2 3 8 7 12 15 11 9 16 26 -12 -13 29 21 -16 -17 -18 -19 -20 -21 25 -23 -24 -25 -26 -27 -28 28 -30 -31
leaf_value=-0.038995068164809826 0.039868173324945522 -0.0058336554042047895 0.072563610325671365 -0.02793482943898298 0.090355321004633962 0.021216345287201469 -0.0015959777126242131 -0.012875929272015389 0.011536109627180831 -0.010635014175116373 -0.040928100399585013 0.019302515363504122 0.065304521641495292 -0.024977091601815868 0.059320501753436942 0.06095404280352236 0.1107560124589502 0.025894360513105237 0.044235009688031242 0.0070976490682995302 0.091008607272646994 0.03788740876135005 0.0059583747834967803 0.0013535618150795558 0.1101051735107544 0.17016764923955374 0.089892728182552131 0.039465226138932996 0.061183245466317183 0.13471582513002428
leaf_weight=422.15334913134575 184.16116958111525 293.49807419627905 98.146927021443844 598.2540256716311 53.25113071501255 158.15762720257044 373.33663260936737 586.03277686983347 41.938699118793011 8.1055235303938407 1209.5165761746466 655.98649454861879 37.414062887430191 563.14633694663644 25.532114449888468 97.960775163024664 23.965874090790749 244.33773832023144 273.14338818192482 337.08431753143668 23.713585838675499 21.759596582502127 79.765472277998924 85.960448853671551 13.35182762891054 17.167112566530704 19.245306666940451 258.22697797417641 224.84966723620892 16.333984531462193
leaf_count=7937 2074 4623 837 9983 532 2346 4982 9286 434 110 23232 7565 346 10167 286 1167 180 2724 2822 4599 204 348 1306 1179 125 141 250 2431 1924 156
internal_value=-0.000209462 -0.0199023 0.034734 -0.00495168 0.0263723 0.015902 0.0170346 -0.0122925 0.0572194 -0.00367891 -0.0342867 0.0117183 0.0447033 -0.0268878 -0.00058672 0.0364527 0.049398 0.0407248 0.0518002 -0.00557701 0.0880105 -0.0191858 -0.0211309 -0.0242483 0.0446948 0.124706 0.0599886 0.046567 0.0495949 0.0867024
internal_weight=7045.5 4506.17 2539.33 2209.83 1851.32 575.149 1226.84 1634.68 688.009 950.468 2296.34 1029.32 624.48 1086.82 319.03 256.118 548.981 570.732 326.395 923.117 139.028 664.671 642.912 684.214 197.513 40.8807 27.3508 525.015 483.077 53.748
internal_count=104296 76819 27477 33829 21326 8422 14746 25407 6151 14245 42990 12547 6580 19758 4909 3513 4969 6078 3354 13885 1182 11821 11473 11162 2199 345 360 4789 4355 502
is_linear=0
shrinkage=0.05


Tree=9
num_leaves=31
num_cat=0
split_feature=32 32 32 7 18 7 7 18 7 18 7 37 18 4 2 1 7 31 7 0 4 1 28 28 7 4 32 13 7 32
split_gain=1558.51 193.303 185.91 96.4827 88.4855 85.2535 66.8903 61.6189 50.8849 50.2094 41.2041 36.982 36.9038 34.5154 31.5191 31.2096 31.028 29.4866 27.728 26.1872 26.1791 24.7649 23.5841 23.4617 23.008 21.6993 21.6827 21.6327 21.3691 19.4552
threshold=64.65000000000002 70.850000000000009 57.650000000000013 60.150000000000013 11.500000000000002 54.150000000000013 48.250000000000007 12.500000000000002 60.750000000000007 15.500000000000002 61.95000000000001 73.147071428571437 11.500000000000002 90.550000000000011 48.95000000000001 53.45000000000001 68.550000000000011 8.5000000000000018 45.350000000000001 61.45000000000001 83.050000000000011 55.850000000000001 4.5000000000000009 4.5000000000000009 72.15000000000002 95.350000000000009 41.250000000000007 55.45000000000001 46.550000000000004 78.250000000000014
decision_type=2 2 2 2 2 2 2 2 2 2 2 2 2 2 2 2 2 8 2 2 2 2 2 2 2 2 2 2 2 2
left_child=2 5 6 7 10 12 -1 23 11 16 19 15 -2 21 -8 -6 20 -10 -14 28 -7 -9 -20 -3 29 -11 -16 -25 -4 -5
right_child=1 3 4 24 8 9 14 13 17 25 -12 -13 18 -15 26 -17 -18 -19 22 -21 -22 -23 -24 27 -26 -27 -28 -29 -30 -31
leaf_value=-0.037927171665832593 0.027446999441084544 0.058462160332003646 -0.011482156967946557 0.055596538356875606 -0.016949803331383673 0.031283893405093209 -0.034869740449519314 0.016152011408167952 0.011259566859661353 0.0075164377340854018 0.099826081748921824 -0.033897579957218198 -0.011319407536609946 0.045109215781941991 -0.03558629207566457 0.0019751230754512304 0.1192736298210748 0.08897060876558871 0.012408452464400652 0.11016561248409483 0.066954789844597934 0.03441975313981941 -0.013355472902371227 0.0075646696309243202 0.12252192330847592 0.06082822345660658 -0.013206987154696606 0.08638727646253884 0.021868481374114641 0.094261743510584431
leaf_weight=1208.2499392442405 167.26998402178288 286.92021386325359 68.791826505213976 121.40767654776573 704.37842780724168 171.55168280750513 314.13577244803309 487.8497951887548 61.391213919967413 183.46635900810361 15.067410867661236 215.92090266942978 275.33032017201185 232.24639371782541 126.61598873138428 314.70120976120234 13.782291375100611 15.217809714376925 497.90148076787591 6.879546530544757 74.305378895252943 301.46940315142274 107.84644302725792 45.313779260963202 20.779850251972675 21.266984667629004 760.23395385220647 10.737790986895559 157.50487994402647 45.714546069502831
leaf_count=23218 2143 2734 1112 1087 11426 2036 5909 5325 846 2215 190 3720 3876 2252 2389 4704 132 207 6544 95 822 2958 1548 480 161 229 13180 108 2294 356
internal_value=-0.000224693 0.0265556 -0.0209074 0.0389517 -0.00745396 0.013829 -0.0296151 0.0343145 -0.0126372 0.0316639 0.0199061 -0.0150932 0.00592194 0.0281426 -0.0212461 -0.0111011 0.0462676 0.0268573 0.00182715 0.0146798 0.0421079 0.0231389 0.00781178 0.0526701 0.0725641 0.0131057 -0.0164114 0.0228807 0.0117076 0.0662529
internal_weight=7034.25 3065.16 3969.09 1552.44 1559.85 1512.72 2409.24 1364.54 1311.61 464.373 248.244 1235 1048.35 1021.57 1200.99 1019.08 259.639 76.609 881.078 233.176 245.857 789.319 605.748 342.972 187.902 204.733 886.85 56.0516 226.297 167.122
internal_count=104296 35006 69290 15461 24594 19545 44696 13857 20903 5434 3691 19850 14111 10535 21478 16130 2990 1053 11968 3501 2858 8283 8092 3322 1604 2444 15569 588 3406 1443
is_linear=0
shrinkage=0.05


Tree=10
num_leaves=31
num_cat=0
split_feature=33 33 33 18 7 18 7 7 18 7 5 37 7 5 37 4 7 5 18 9 7 37 7 18 7 35 14 7 0 7
split_gain=1698.55 242.751 193.843 106.679 97.7962 70.4427 48.9043 44.683 39.482 40.6156 39.0336 36.1836 34.5163 33.8513 31.7352 31.5356 27.4597 26.2912 23.5493 22.6278 22.4863 22.3913 22.2725 21.4373 21.3737 20.9723 20.1082 18.8096 18.6038 17.1362
threshold=57.650000000000013 45.95000000000001 67.850000000000009 12.500000000000002 49.150000000000013 12.500000000000002 58.650000000000013 41.750000000000007 15.500000000000002 57.45000000000001 48.550000000000004 55.034285714285723 48.250000000000007 56.850000000000001 69.15000000000002 87.450000000000017 51.150000000000013 72.250000000000014 9.5000000000000018 50.45000000000001 64.450000000000017 58.564285714285724 59.45000000000001 10.500000000000002 68.550000000000011 30.400000000000006 35.650000000000013 43.750000000000007 62.250000000000007 60.150000000000013
decision_type=2 2 2 2 2 2 2 2 2 2 2 2 2 2 2 2 2 2 2 2 2 2 2 2 2 10 2 2 2 2
left_child=1 10 4 6 15 18 13 -7 9 -6 24 20 -5 27 16 -2 -9 25 -4 21 -10 -8 23 -12 -1 -14 -11 -3 -16 -20
right_child=2 3 5 12 8 7 19 14 11 26 22 -13 17 -15 28 -17 -18 -19 29 -21 -22 -23 -24 -25 -26 -27 -28 -29 -30 -31
leaf_value=-0.039509074066925658 -0.0056400670361507555 -0.024538242693078614 0.080436125422631691 -0.025941130379110118 0.025086649066146213 -0.0028721579092698358 0.1373620688089926 0.032258698003880995 0.021715522039941051 0.019271432214773516 0.0016277342148269297 -0.0024966505981841147 -0.01301547718096553 0.029954334053479734 0.020159910451890181 0.020660332231034723 0.051438307720350809 0.052223136048332702 0.046174193339787922 0.027569466288821499 0.074290710183238781 0.035635573977798887 0.0077824472341936389 -0.029894087289031698 0.043510950261157186 0.025012767731509261 0.063028612617510957 0.0035050602355355151 0.072640955576780991 0.084890725898200986
leaf_weight=1363.3643691577017 505.07376771792769 76.043159760534763 101.34038577973843 571.73620877787471 386.84053260833025 75.442903276532888 12.631457570940258 356.26728923618793 224.96795191243291 33.101675689220428 59.353007186204195 189.19417919591069 732.49887679517269 103.65944933146238 288.67064176499844 147.07714014127851 398.98990122973919 16.607794295996428 211.02755574136972 32.009443886578083 22.404451996088028 9.8435363508760911 49.877711251378059 559.0796897597611 7.6621401458978644 37.967350296676159 136.10967185720801 277.71667477861047 17.952646285295486 33.653248660266399
leaf_count=27363 6921 1262 816 9957 4639 819 157 3541 2744 361 1113 2419 11505 1373 2750 1911 3399 192 1848 412 222 127 884 10900 140 593 1394 4287 165 247
internal_value=-0.000298439 -0.0222689 0.0271622 -0.00925678 0.0153357 0.0402704 0.010189 0.0342444 0.0252174 0.034059 -0.0342016 0.0139391 -0.0165865 0.00483781 0.0368862 0.000285955 0.0424031 -0.00978236 0.0600468 0.0549315 0.0265255 0.0933849 -0.0242672 -0.026861 -0.0390383 -0.011132 0.0545147 -0.00251415 0.0232716 0.0515522
internal_weight=7038.16 3910.05 3128.11 1870.71 1644.77 1483.34 511.904 1137.32 992.618 556.052 2039.34 436.567 1358.81 457.419 1061.88 652.151 755.257 787.074 346.021 54.4844 247.372 22.475 668.31 618.433 1371.03 770.466 169.211 353.76 306.623 244.681
internal_count=104461 70265 34196 29865 20611 13585 7618 10674 11779 6394 40400 5385 22247 6922 9855 8832 6940 12290 2911 696 2966 284 12897 12013 27503 12098 1755 5549 2915 2095
is_linear=0
shrinkage=0.05


Tree=11
num_leaves=31
num_cat=0
split_feature=33 33 33 7 29 7 0 7 34 7 4 7 37 4 10 34 7 4 33 4 33 14 37 7 7 37 7 34 3 17
split_gain=1530.72 209.184 188.499 93.6116 79.9104 75.34 55.5063 52.8981 42.7047 40.4807 33.6504 33.062 30.8657 28.1962 23.9274 23.7591 22.4633 22.3631 22.7513 21.556 20.4819 20.3313 19.6479 19.561 18.1727 17.2079 17.2407 17.1233 16.5403 14.8764
threshold=56.650000000000013 41.95000000000001 67.850000000000009 49.150000000000013 59.750000000000007 58.650000000000013 45.550000000000004 45.750000000000007 1.5000000000000002 46.750000000000007 87.450000000000017 60.550000000000004 69.78428571428573 91.250000000000014 55.000000000000007 1.5000000000000002 56.150000000000013 71.450000000000017 81.950000000000017 67.350000000000009 61.250000000000007 49.050000000000004 54.33428571428572 67.450000000000017 38.050000000000004 53.95000000000001 42.95000000000001 1.5000000000000002 61.850000000000001 2350.0000000000005
decision_type=2 2 2 2 2 2 2 2 10 2 2 2 2 2 2 10 2 2 2 2 2 2 2 2 2 2 2 10 2 2
left_child=1 14 3 10 5 9 -6 17 11 -3 25 28 16 -8 23 -11 19 18 -4 -9 -10 -13 -7 27 -19 26 -2 -1 -5 -14
right_child=2 4 7 8 6 22 13 12 20 15 -12 21 29 -15 -16 -17 -18 24 -20 -21 -22 -23 -24 -25 -26 -27 -28 -29 -30 -31
leaf_value=-0.031904449289406771 -0.023591480155088551 -0.028299180363203669 -0.0065735455888962114 0.022857396553382748 -0.029210081517894934 0.03594084372783151 0.0305842124503608 0.026047656493726614 -0.0043766615898103928 -0.0063815010931379066 0.019504245703945183 0.018863881054617865 0.026681879958569382 0.10721788028544491 0.013807600451254674 -0.021090084893313443 0.058087375163216326 -0.022865067970138316 0.069087891426640194 0.047381102931297235 0.018786595986894708 0.064676146981978891 0.0027985966027478763 0.023435123623878232 0.033315409040942996 -0.011276700454960051 0.019942454334684959 -0.042680353135217973 0.063855719216132048 0.071227112698368455
leaf_weight=675.5117738507688 29.559218470007181 653.68168400228024 101.70862643793225 552.68865053355694 38.841650784015656 66.772194694727659 101.02230287715793 170.46135548502207 161.95368295535445 647.23719682916999 159.42052264511585 33.12846339866519 331.46722771972418 13.641752332448958 23.027712013572454 478.6510022059083 296.88883972167969 15.475532881915568 10.908502057194708 401.09129838645458 231.13190942630172 94.677904885262251 136.19329623132944 12.96508179232478 178.98098779469728 432.43775487691164 96.577946357429028 833.40717487037182 25.847526419907808 19.979841373860836
leaf_count=13569 419 12092 1064 6560 615 924 1359 1574 2246 10440 2070 348 2929 145 413 8269 2276 174 93 3553 2641 918 2048 237 1749 6109 1313 17844 297 173
internal_value=-0.000304996 -0.0225519 0.0241792 0.0132932 -0.0124106 -0.0151034 0.0223209 0.037131 0.022463 -0.0183963 -0.000742214 0.0298169 0.0418037 0.0398305 -0.0365686 -0.0126403 0.046875 0.0185443 0.000765727 0.041033 0.00923179 0.0528644 0.0137388 -0.037335 0.0288092 -0.00653208 0.00969042 -0.037862 0.0247085 0.029248
internal_weight=7025.34 3680.95 3344.39 1817.42 2136.04 1982.54 153.506 1526.96 1099.43 1779.57 717.995 706.343 1219.89 114.664 1544.91 1125.89 868.441 307.074 112.617 571.553 393.086 127.806 202.965 1521.88 194.457 558.575 126.137 1508.92 578.536 351.447
internal_count=104461 67955 36506 22921 35892 33773 2119 13585 13010 30801 9911 8123 10505 1504 32063 18709 7403 3080 1157 5127 4887 1266 2972 31650 1923 7841 1732 31413 6857 3102
is_linear=0
shrinkage=0.05


Tree=12
num_leaves=31
num_cat=0
split_feature=33 33 33 7 32 29 7 9 7 5 7 36 1 32 5 7 7 32 7 5 1 2 3 4 7 10 36 31 14 32
split_gain=1386.02 188.839 173.81 93.5452 86.6323 71.1475 55.0646 49.4789 46.4515 42.9121 38.2745 36.8328 35.4597 25.8556 24.4152 23.6688 22.2681 20.614 20.4466 19.9315 19.5117 22.1 19.363 18.8714 18.7975 15.8445 14.861 14.7501 12.5318 12.172
threshold=56.050000000000004 41.95000000000001 70.450000000000017 47.150000000000013 68.350000000000009 59.750000000000007 58.650000000000013 55.050000000000004 57.150000000000013 63.050000000000004 51.150000000000013 -1.0000000180025095e-35 62.650000000000013 68.15000000000002 51.150000000000013 38.350000000000001 71.250000000000014 81.750000000000014 50.350000000000001 47.250000000000007 56.650000000000013 62.050000000000004 48.750000000000007 90.950000000000017 46.750000000000007 55.000000000000007 0.22500000000000003 7.5000000000000009 34.650000000000013 75.450000000000017
decision_type=2 2 2 2 2 2 2 2 2 2 2 8 2 2 2 2 2 2 2 2 2 2 2 2 2 2 8 8 2 2
left_child=1 14 3 13 6 18 9 8 11 24 15 -5 -10 -2 -1 -4 20 22 -6 -20 21 -12 -17 29 -3 -16 -11 -8 -22 -7
right_child=2 4 10 7 5 23 27 -9 12 26 16 -13 -14 -15 25 17 -18 -19 19 -21 28 -23 -24 -25 -26 -27 -28 -29 -30 -31
leaf_value=-0.039028000584112807 -0.010113149631194716 -0.02885368740604153 -0.023948925603131815 -0.016682963098730835 -0.016099049630220314 0.031936332911403749 0.0012942547637164643 -0.017402350797630566 0.03377871136211498 -0.014134922480989052 0.034500570862543968 0.019366751234688753 0.12394510453964476 0.010294837068742652 -0.024773310471994815 0.016186126975528275 0.10241790767361057 0.064048600354922366 -0.017005263836165765 0.026125434168994308 0.08001674920068802 0.09839796255362912 0.036039793493689978 0.11804933995849048 -0.017228224844919791 0.043237981220722567 0.027247542259340424 0.034607677664382684 0.050282023602793303 0.090621681657859485
leaf_weight=1212.1703888773918 391.70782405510545 571.36059425771236 20.621664255857468 75.617381397634745 105.78411317616701 35.601201593875885 115.77385860681534 82.384234312921762 429.84057913348079 33.02978353574872 329.33168262988329 1077.5404781661928 11.15132052823901 256.77404421940446 274.03305013477802 216.02062322199345 17.429612033069134 42.180082090198994 37.609473418444395 91.622956313192844 44.729100525379181 14.147603482007979 289.17254915833473 11.824654854834078 900.85821063816547 8.699404973536728 62.208494011312723 46.700525652617216 194.04728938639164 11.997546426951883
leaf_count=26261 5821 11019 227 1038 1589 373 1770 1120 4350 530 2550 12799 98 3057 5653 1980 109 306 520 1145 323 108 2629 102 15699 149 981 692 1363 100
internal_value=-0.000309709 -0.0224558 0.0220034 0.0140945 -0.0124981 0.0125605 -0.0167665 0.0203319 0.0222861 -0.0196396 0.0377445 0.0169972 0.0360977 -0.00202432 -0.0359352 0.0284111 0.0465701 0.0303968 0.000171868 0.0135314 0.0448724 0.0371749 0.0275651 0.0613904 -0.0217451 -0.0226484 0.0128434 0.0109158 0.0559042 0.0469921
internal_weight=7011.97 3519.27 3492.7 2325.02 2024.37 294.44 1729.93 1676.53 1594.15 1567.46 1167.68 1153.16 440.992 648.482 1494.9 567.995 599.685 547.373 235.017 129.232 582.256 343.479 505.193 59.4234 1472.22 282.732 95.2383 162.474 238.776 47.5987
internal_count=104461 66583 37878 28283 34520 3829 30691 19405 18285 28229 9595 13837 4448 8878 32063 5142 4453 4915 3254 1665 4344 2658 4609 575 26718 5802 1511 2462 1686 473
is_linear=0
shrinkage=0.05


Tree=13
num_leaves=31
num_cat=0
split_feature=33 33 33 18 18 7 5 33 5 37 28 2 7 7 37 7 7 35 4 5 5 10 7 18 1 2 30 10 37 18
split_gain=1254.65 181.917 155.128 98.5433 68.4693 50.8864 43.4101 41.3812 37.9564 34.8163 34.0286 39.7707 33.8348 31.875 28.2008 30.2747 26.2985 29.0567 25.885 24.1601 24.1367 21.8938 21.7212 21.4924 20.6955 20.4066 18.637 16.7849 16.7408 16.4477
threshold=56.050000000000004 41.95000000000001 64.250000000000014 12.500000000000002 13.500000000000002 55.250000000000007 69.15000000000002 70.65000000000002 65.950000000000017 54.850000000000009 4.5000000000000009 63.250000000000007 53.350000000000001 49.150000000000013 43.487142857142864 41.750000000000007 60.95000000000001 30.400000000000006 87.450000000000017 57.850000000000001 48.550000000000004 65.000000000000014 44.150000000000013 8.5000000000000018 61.750000000000007 54.95000000000001 463.00000000000006 65.000000000000014 54.850000000000009 10.500000000000002
decision_type=2 2 2 2 2 2 2 2 2 2 2 2 2 2 2 2 2 10 2 2 2 2 2 2 2 2 2 2 2 2
left_child=1 20 5 6 10 18 12 13 16 29 11 19 23 25 -9 -16 17 -5 22 -4 -1 -22 -2 -3 -11 -6 -15 -24 -14 -7
right_child=2 3 4 8 7 9 -8 14 -10 24 -12 -13 28 26 15 -17 -18 -19 -20 -21 21 -23 27 -25 -26 -27 -28 -29 -30 -31
leaf_value=-0.039614551332140625 -0.019588752702802747 0.02798647718207041 0.033067635477714012 -0.023913243029738688 -0.010322983312604082 0.090476463124226289 0.097342585174335611 0.066992817503337965 0.017976630459031577 0.0087584554931473737 0.0070521846419581511 0.11651900894576679 0.048809637566794795 0.0069316870060322196 -0.0097972300033122642 0.030558818027663838 0.0074427033944025334 0.011105810597393644 0.017275211757584449 0.053120152588758046 -0.027308712631293454 0.045142016677786542 -0.001177256950833165 -0.0087462560758996988 0.077608979254815191 0.018250547750784312 0.029582968800293759 0.029015648873064556 0.012851220599203673 0.037058193776339392
leaf_weight=1001.4630517028272 156.38815496489406 45.181874614208937 303.718585036695 1249.9332268685102 169.1250129416585 16.795846924185753 12.642201162874697 49.451124154031277 66.723370254039764 236.60952983424067 64.279390603303909 19.052715413272381 45.72341276332736 134.57843714952469 49.415831483900547 724.73409871011972 78.7253059707582 61.925962384790182 198.74717102199793 303.05767428129911 435.16601705178618 10.545251961797474 569.4122291021049 328.05687091127038 11.373021967709063 98.958893001079559 283.75801412016153 49.962392691522837 112.74647498875856 109.19836121797562
leaf_count=22563 2418 745 2700 22748 2092 158 150 398 931 2726 597 136 606 1419 506 5856 1171 1085 2640 2349 9325 175 7927 5477 110 1146 2893 635 1607 1172
internal_value=-0.000312501 -0.021789 0.0205587 -0.01202 0.0287436 0.00719979 0.00612422 0.0227706 -0.0188009 0.0228768 0.0418004 0.0453598 0.00392806 0.0136877 0.030332 0.0279754 -0.0205703 -0.0222556 0.00117673 0.0430983 -0.0352956 -0.0255736 -0.00294289 -0.00427993 0.0119663 0.000208708 0.0223114 0.0012545 0.0232821 0.044285
internal_weight=6997.45 3448.83 3548.62 2001.66 2200.13 1348.49 544.351 1510.02 1457.31 373.977 690.108 625.829 531.709 686.42 823.601 774.15 1390.58 1311.86 974.51 606.776 1447.17 445.711 775.763 373.239 247.983 268.084 418.336 619.375 158.47 125.994
internal_count=104461 66583 37878 34520 20092 17786 8585 14310 25935 4166 5782 5185 8435 7550 6760 6362 25004 23833 13620 5049 32063 9500 10980 6222 2836 3238 4312 8562 2213 1330
is_linear=0
shrinkage=0.05


Tree=14
num_leaves=31
num_cat=0
split_feature=33 33 33 18 18 32 32 5 1 37 5 32 37 21 5 4 5 35 37 18 18 18 9 21 18 28 0 5 5 1
split_gain=1136.37 175.088 134.459 90.9028 58.6944 54.4683 50.9665 49.0378 35.7689 53.1075 34.9298 33.6622 31.7984 27.0349 25.8301 24.7762 24.0768 22.6397 21.8729 28.6732 20.2192 20.1868 19.986 19.6798 19.3776 19.138 18.0475 18.6105 17.9414 16.9125
threshold=56.050000000000004 41.95000000000001 64.250000000000014 12.500000000000002 11.500000000000002 64.850000000000009 67.65000000000002 54.45000000000001 58.550000000000004 69.934285714285735 65.950000000000017 71.450000000000017 49.948285714285724 1.0000000180025095e-35 61.050000000000004 93.65000000000002 51.150000000000013 30.400000000000006 55.034285714285723 10.500000000000002 7.5000000000000009 8.5000000000000018 59.250000000000007 1.0000000180025095e-35 9.5000000000000018 3.5000000000000004 56.95000000000001 57.050000000000004 63.050000000000004 58.850000000000001
decision_type=2 2 2 2 2 2 2 2 2 2 2 2 2 2 2 2 2 10 2 2 2 2 2 2 2 2 2 2 2 2
left_child=1 16 7 5 20 21 12 18 15 -10 11 17 -6 25 -15 -8 -1 -5 19 -2 -4 -3 29 -13 -18 -7 27 -22 -23 -9
right_child=2 3 4 10 6 13 8 22 9 -11 -12 23 -14 14 -16 -17 24 -19 -20 -21 26 28 -24 -25 -26 -27 -28 -29 -30 -31
leaf_value=-0.037865146338244428 0.045892231289233559 0.023842329902476658 0.081229404135826813 -0.023454260885634317 0.036697232230086585 0.029587391801964749 0.020429206473732905 0.017052773903604282 0.066756561040667711 0.02164734970518533 0.016819565365826929 -0.0011303189564409904 0.0040954791945609879 0.038354319402687 0.11835427964034173 0.039604095370708393 0.033954989136204879 0.0073119579729383349 -0.0092717984943678552 0.0024526727473629093 0.018960600881362977 -0.013045722257854612 -0.024128917817179445 0.059911257789972042 -0.024445084389564331 -0.012491582742432577 0.059438649587166714 0.04627185320724287 0.034240059705690579 0.046138324020508298
leaf_weight=1130.7865428030491 42.802758488804102 51.530554469674826 34.48041657358408 1217.1409613192081 90.559815637767315 75.014624740928411 867.17187590152025 485.65373245254159 134.43421346694231 127.79933489114046 67.727876201272011 69.751456763595343 430.58122585713863 47.394053906202316 12.930737406015394 210.23608526587486 14.883405286818741 62.583442803472281 410.22247141972184 334.74290756881237 115.78604333847761 296.90622933954 26.653866477310658 16.144032180309296 255.94351977482438 41.933079060167074 96.024414502084255 137.86397544294596 21.367537785321474 55.966208141297102
leaf_count=26261 506 841 257 22757 943 979 7643 5890 964 1065 931 992 4713 521 114 1741 299 1100 5882 4532 997 5226 368 155 5503 597 729 1040 307 608
internal_value=-0.00031397 -0.0211271 0.0192324 -0.0115517 0.0267421 0.00577987 0.0230608 0.00679534 0.0282238 0.0448083 -0.0181702 -0.0199103 0.0097763 0.0285627 0.0557527 0.0241788 -0.0346515 -0.0219453 -0.00127466 0.00740155 0.04455 -0.00513273 0.0179894 0.0103406 -0.0212059 0.0144589 0.0408967 0.0338369 -0.00984569 0.0200754
internal_weight=6983.02 3382.04 3600.98 1980.42 2244.94 547.077 1860.78 1356.04 1339.64 262.234 1433.35 1365.62 521.141 177.272 60.3248 1077.41 1401.61 1279.72 787.768 377.546 384.155 369.804 568.274 85.8955 270.827 116.948 349.674 253.65 318.274 541.62
internal_count=104461 66583 37878 34520 20092 8585 17069 17786 11413 2029 25935 25004 5656 2211 635 9384 32063 23857 10920 5038 3023 6374 6866 1147 5802 1576 2766 2037 5533 6498
is_linear=0
shrinkage=0.05


Tree=15
num_leaves=31
num_cat=0
split_feature=33 33 32 18 7 32 18 7 1 10 37 7 18 33 30 17 7 7 15 33 32 13 28 34 35 12 35 1 34 7
split_gain=973.774 167.075 129.467 86.382 68.0841 65.4118 51.1462 48.4531 43.9806 42.1481 41.9621 32.5534 33.349 28.5413 29.8873 26.2838 25.9202 24.2011 22.2408 21.6151 17.2386 17.1091 16.8682 16.7536 16.439 16.3155 15.9885 14.4579 14.1543 14.0764
threshold=56.050000000000004 41.750000000000007 68.850000000000009 9.5000000000000018 46.550000000000004 71.250000000000014 8.5000000000000018 46.750000000000007 58.850000000000001 65.000000000000014 80.742785714285731 64.450000000000017 14.500000000000002 76.250000000000014 477.00000000000006 2810.0000000000005 49.050000000000004 66.950000000000017 53.050000000000004 74.250000000000014 75.850000000000009 58.050000000000004 3.5000000000000004 1.5000000000000002 6.2500000000000018 64.250000000000014 4.7500000000000018 58.95000000000001 1.0000000180025095e-35 50.350000000000001
decision_type=2 2 2 2 2 2 2 2 2 2 2 2 2 2 2 2 2 2 2 2 2 2 2 10 10 2 8 2 10 2
left_child=1 9 4 18 27 7 24 -5 13 16 20 12 22 14 -8 29 -1 -9 -3 -14 -10 -20 -6 -18 -4 -17 -15 -2 -13 -7
right_child=2 3 6 5 11 15 8 17 10 -11 -12 28 19 26 -16 25 23 -19 21 -21 -22 -23 -24 -25 -26 -27 -28 -29 -30 -31
leaf_value=-0.041151843345977462 -0.012349161148738404 0.008022350778670688 0.07924684552362575 -0.028801446240545189 0.028252023515915242 -0.015870187743807589 0.0096442522480009001 -0.012050606561811776 0.035514994041100596 0.046391798533833573 -0.020945254087685161 0.076017300036401614 0.0011985936799171531 0.014565111152501848 0.025172441273535129 0.029008183525962697 -0.018059904684550234 0.035081909030268907 0.035022911598627852 0.03641694872361368 0.060034816900940924 0.10273244775389177 0.0094013972626642694 -0.035313991216765817 0.016513306818686659 0.096948995722476741 0.040460098680658932 0.020485183186206214 0.028634821562609519 0.020342539621020603
leaf_weight=752.6187307946384 415.55667408555746 84.3065225481987 57.279374234378338 573.19624646380544 300.83314763382077 47.017034955322742 627.87035778909922 1067.9299741350114 163.94315738230944 15.944218229502438 24.911385077983141 25.568352580070496 620.08186413347721 80.128495901823044 614.93263471499085 26.834337256848812 275.60303652659059 27.802228644490242 55.234382953494787 46.794580109417439 130.823675557971 11.338626265525816 197.78122571483254 292.029959756881 13.099048428237436 13.432424582540987 242.49692456424236 36.271893784403801 42.833267662674189 62.058045700192451
leaf_count=18270 5837 1296 421 11605 3267 676 6039 18772 1397 280 241 221 7823 591 5724 233 6008 387 813 386 895 160 2282 7004 107 115 1728 468 406 764
internal_value=-0.000776556 -0.0204254 0.0170586 -0.0111607 0.00689939 -0.0141794 0.0258129 -0.0170179 0.0242437 -0.0340732 0.0411601 0.0129815 0.0110059 0.0207835 0.017333 0.0174982 -0.0350522 -0.010847 0.0251705 0.00368244 0.046431 0.0467669 0.0207881 -0.0269501 0.0676816 0.0519802 0.0340507 -0.00969827 0.0465044 0.00468693
internal_weight=6946.55 3305.35 3641.21 1969.15 1685.72 1818.27 1955.49 1668.93 1885.11 1336.2 319.678 1233.89 1165.49 1565.43 1242.8 149.342 1320.25 1095.73 150.88 666.876 294.767 66.573 498.614 567.633 70.3784 40.2668 322.625 451.829 68.4016 109.075
internal_count=104216 66383 37833 34821 20690 32552 17143 30764 16615 31562 2533 14385 13758 14082 11763 1788 31282 19159 2269 8209 2292 973 5549 13012 528 348 2319 6305 627 1440
is_linear=0
shrinkage=0.05


Tree=16
num_leaves=31
num_cat=0
split_feature=32 32 7 32 34 7 18 18 7 4 1 10 36 18 7 18 9 18 7 28 2 35 20 0 1 0 2 34 28 10
split_gain=802.381 165.45 88.0266 78.4036 50.719 49.877 45.9329 44.3686 40.1974 31.8401 30.5397 28.7697 26.8272 25.0923 22.551 22.4785 21.6208 19.3635 18.8756 17.6861 17.2425 16.7906 16.6142 16.7011 16.4066 14.1308 13.8461 20.1502 13.1818 12.9709
threshold=65.750000000000014 56.050000000000004 47.45000000000001 75.050000000000011 1.5000000000000002 45.850000000000001 11.500000000000002 8.5000000000000018 46.45000000000001 89.950000000000017 59.050000000000004 65.000000000000014 -1.0000000180025095e-35 12.500000000000002 66.450000000000017 11.500000000000002 46.050000000000004 9.5000000000000018 56.850000000000001 2.5000000000000004 54.150000000000013 17.600000000000005 1.0000000180025095e-35 55.350000000000001 50.550000000000004 47.750000000000007 56.45000000000001 1.5000000000000002 4.5000000000000009 55.000000000000007
decision_type=2 2 2 2 10 2 2 2 2 2 2 2 10 2 2 2 2 2 2 2 2 8 2 2 2 2 2 10 2 2
left_child=1 4 13 5 8 20 18 19 -1 16 15 14 -6 25 -8 -5 -9 -10 -4 -7 -2 -20 -17 -24 -13 -3 -15 -28 -12 -19
right_child=3 2 6 10 12 7 11 9 17 -11 28 24 -14 26 -16 22 -18 29 21 -21 -22 -23 23 -25 -26 -27 27 -29 -30 -31
leaf_value=-0.033287878156015589 -0.0086866307863581998 -0.030759064315784953 0.011823178517380885 0.044738340930405407 -0.041137858749119287 0.081080776631534721 -0.0064579745557320073 -0.044753081876239449 0.020057779772157197 0.028320750721998619 0.055443023178883034 0.063166415905569109 -0.021704574550499948 -0.028336387131461749 0.035797509521362313 0.012447600073977844 0.012333806060463566 -0.015530089124000519 0.011488533020592183 0.032503999913530132 0.011678456525807929 0.060790784689445682 0.022177784852553777 0.046768704514043448 0.011458940674556471 0.0059950812520619757 0.014984976609657872 -0.034095712591965519 0.011079037903394196 0.02054016035033758
leaf_weight=317.93317512050271 297.1110602542758 33.478860042989254 161.36075528338552 135.27077850326896 629.38604324683547 34.029105789959431 970.07522207126021 16.671087175607681 45.218135185539722 365.24653934314847 144.66550819575787 22.310974597930908 249.77303640544415 484.0301898829639 32.508101649582386 255.92327884957194 1281.6276762783527 541.52209562808275 28.011258024722338 43.221413508057594 159.642168905586 46.37795440480113 237.68420750275254 98.451537694782019 49.872810330241919 117.8124294616282 47.853436548262835 36.906675707548857 19.325293384492397 25.925048030912876
leaf_count=7271 3790 606 2291 1015 15163 290 15708 242 770 3425 977 285 5398 9278 384 2247 13833 10750 328 389 1946 521 1896 807 601 1987 790 687 168 373
internal_value=-0.000753678 -0.0160134 -0.0062122 0.0182168 -0.0270069 0.0131386 0.00150124 0.0169971 -0.0188563 0.0152706 0.0307288 -0.00287926 -0.0356256 -0.0202555 -0.00507945 0.0263129 0.0115935 -0.0113549 0.0214856 0.054044 -0.00155678 0.0423335 0.0220879 0.0294069 0.0275754 -0.00212007 -0.0250693 -0.00634206 0.0502554 -0.01387
internal_weight=6929.23 3840.36 2030.6 3088.87 1809.76 2197.55 1310.52 1740.8 930.598 1663.55 891.321 1074.77 879.159 720.082 1002.58 727.33 1298.3 612.665 235.75 77.2505 456.753 74.3892 592.059 336.136 72.1838 151.291 568.79 84.7601 163.991 567.447
internal_count=104216 73191 33466 31025 39725 23915 20118 18179 19164 17500 7110 16978 20561 13348 16092 5965 14075 11893 3140 679 5736 849 4950 2703 886 2593 10755 1477 1145 11123
is_linear=0
shrinkage=0.05


Tree=17
num_leaves=31
num_cat=0
split_feature=33 33 32 32 7 7 10 29 1 37 37 9 34 7 7 33 3 32 13 0 13 34 7 7 37 0 1 7 3 12
split_gain=824.975 155.611 96.3569 63.0834 55.6399 46.7885 37.7388 34.9934 33.419 34.4308 32.4683 29.2746 28.3753 25.56 23.2214 22.382 20.4648 23.9087 20.0486 18.0901 15.7706 15.6925 14.2794 13.8877 14.165 13.5824 13.0642 12.6693 12.3293 12.1055
threshold=56.050000000000004 41.750000000000007 68.850000000000009 68.15000000000002 46.550000000000004 46.650000000000013 65.000000000000014 59.750000000000007 58.850000000000001 80.742785714285731 76.129857142857148 51.850000000000001 1.5000000000000002 49.050000000000004 64.050000000000011 76.250000000000014 56.850000000000001 78.250000000000014 73.550000000000011 52.45000000000001 57.250000000000007 1.5000000000000002 61.150000000000013 44.350000000000001 69.934285714285735 50.250000000000007 58.95000000000001 43.95000000000001 61.750000000000007 82.15000000000002
decision_type=2 2 2 2 2 2 2 2 2 2 2 2 10 2 2 2 2 2 2 2 2 10 2 2 2 2 2 2 2 2
left_child=1 6 4 5 25 -3 13 28 15 23 18 12 14 -1 -6 16 17 -4 -7 -17 -21 -15 -18 -10 -25 -2 -27 -9 -5 -8
right_child=2 3 8 7 11 10 29 27 9 -11 -12 -13 -14 21 -16 19 22 -19 -20 20 -22 -23 -24 24 -26 26 -28 -29 -30 -31
leaf_value=-0.040254220438612438 -0.01981458443299175 -0.026334849010883302 0.010460509823031747 -0.00095355038778968052 0.016778515300918409 -0.0058360422346461632 0.073914400788896911 -0.00020163948045339374 0.0097601006380945432 -0.019372372435474662 -0.032687216210028222 -0.020593300332982289 0.0029017075836067427 -0.017143996614765795 0.049424232052110682 0.022118102454892721 0.025517134976207195 0.03071723154054793 0.084596100992515258 0.035711737535721488 0.076310896156677632 -0.034184053028086352 0.064930115309456513 0.054277184832565488 0.031792187357983837 -0.0055506969986612587 0.030065567182632126 0.05428970633225947 0.050191229324800905 -0.012883804644010621
leaf_weight=705.2467870414257 169.79479197785258 541.82047361880541 898.79365161433816 231.03042127937078 723.57512275874615 957.49799460545182 10.494879148900511 13.23057886213064 32.124343954026699 25.131023768335581 121.49351384863257 65.459037199616432 402.51226645335555 268.95707780867815 59.058346547186375 212.30763222277164 229.73345098644495 174.27902772277594 6.0621583051979533 97.362762950360775 32.316430099308491 275.84034912288189 25.738567687571049 165.79266308248043 125.00661580264568 244.4570833556354 28.659236676990986 51.277625437825918 12.3097174949944 6.2870980612933627
leaf_count=18270 2472 11529 8481 3197 8035 16869 177 130 280 242 2380 930 4921 6008 499 1492 2139 1354 106 660 213 7004 187 1105 990 3462 371 439 171 103
internal_value=-0.000729789 -0.0193282 0.0153094 -0.0104036 0.00650977 -0.0143323 -0.0329521 0.0103396 0.0226887 0.0368007 -0.00833231 0.0119047 0.0137054 -0.033955 0.0192544 0.0197435 0.0167966 0.0137576 -0.00525319 0.0311685 0.0459187 -0.0257855 0.0295314 0.0411924 0.0446429 -0.00871128 -0.0017854 0.0430532 0.0016327 0.041217
internal_weight=6913.65 3201.55 3712.1 1934.72 1693.52 1626.87 1266.83 307.848 2018.59 348.055 1085.05 1250.6 1185.15 1250.04 782.633 1670.53 1328.54 1073.07 963.56 341.987 129.679 544.797 255.472 322.924 290.799 442.911 273.116 64.5082 243.34 16.782
internal_count=104216 66383 37833 34821 20690 30884 31562 3937 17143 2617 19355 14385 13455 31282 8534 14526 12161 9835 16975 2365 873 13012 2326 2375 2095 6305 3833 569 3368 280
is_linear=0
shrinkage=0.05


Tree=18
num_leaves=31
num_cat=0
split_feature=33 33 5 7 10 7 28 33 7 32 32 2 9 7 7 5 32 32 4 17 9 5 7 4 5 15 6 17 2 34
split_gain=759.875 185.217 79.0417 71.6586 56.1247 45.6112 45.7655 40.5229 33.488 33.3272 30.6147 28.3038 28.0434 26.6776 26.5418 23.191 21.4798 20.835 20.6804 19.7779 19.1978 16.5116 15.8661 16.9863 13.6413 19.5767 18.9157 13.2447 13.1979 12.4228
threshold=49.95000000000001 64.050000000000011 56.850000000000001 47.45000000000001 55.000000000000007 46.550000000000004 4.5000000000000009 34.45000000000001 60.750000000000007 72.450000000000017 77.450000000000017 56.150000000000013 48.650000000000013 46.650000000000013 55.250000000000007 56.350000000000001 59.45000000000001 72.450000000000017 90.250000000000014 2150.0000000000005 48.850000000000001 46.250000000000007 39.150000000000013 72.65000000000002 62.850000000000001 49.45000000000001 52.550000000000004 2810.0000000000005 53.050000000000004 1.5000000000000002
decision_type=2 2 2 2 2 2 2 2 2 2 2 2 2 2 2 2 2 2 2 2 2 2 2 2 2 2 2 2 2 10
left_child=3 2 9 28 7 11 10 29 15 12 18 22 -2 -14 16 -9 -4 -16 -7 -18 -12 -10 -3 -24 26 -26 -13 -11 -1 -5
right_child=1 5 14 4 -6 6 -8 8 21 27 20 24 13 -15 17 -17 19 -19 -20 -21 -22 -23 23 -25 25 -27 -28 -29 -30 -31
leaf_value=-0.04022653618320049 -0.035325948757012206 -0.02853667969982291 -0.012496264824622549 -0.023672937050645 0.038701236550612694 0.019613119754800842 0.00027680704493869638 -0.020542806606319609 -0.012121655435561899 0.0093453615799705889 0.093225012171220228 0.065747960439731246 -0.016457203406528269 -0.0016343450654762966 0.019885098524933573 0.0050262994305719432 0.0083956431154956906 0.055300657034239892 0.034298481637320126 0.040479874003256436 0.037374625224318912 0.038194121503357041 -0.008458831833132759 0.013664798441945772 0.09328028913123472 0.022238216201502591 0.0078323603933507027 0.049530070713019445 -0.026039794620810713 -0.042659628717493313
leaf_weight=667.81251366436481 87.814107079058886 42.612900469452143 103.57555881515145 159.12009412795305 42.056222975254059 1022.6927709281445 186.29448458552361 624.14518640190363 25.781784702092409 164.26152524724603 16.292293779551983 16.502985209226608 439.26595926657319 984.98351288214326 178.27660962566733 102.9726566709578 326.95253843441606 54.521611884236336 315.28019332885742 56.399725202471018 309.1564267128706 43.516207322478294 156.9473085179925 193.3921594209969 16.041864171624184 25.144863314926624 95.920819371938705 23.461145356297493 221.5652811974287 193.75726130232215
leaf_count=17182 1462 494 1715 3783 666 8756 1717 13304 490 1850 109 154 7999 14589 1904 1929 4176 417 2460 608 1970 748 1649 1862 137 211 931 195 5484 5265
internal_value=-0.000707091 0.0102015 0.00044084 -0.0259565 -0.0179287 0.0200544 0.0238052 -0.0200085 -0.0137455 -0.00543763 0.0264371 0.00734916 -0.00790678 -0.00621034 0.0143299 -0.0169147 0.00767381 0.0282211 0.0230796 0.0131383 0.0402137 0.019412 0.000220607 0.00373986 0.0255402 0.0501885 0.0164293 0.0144179 -0.0367012 -0.0341214
internal_weight=6896.52 4815.79 2419.51 2080.73 1191.35 2396.28 1849.72 1149.29 796.416 1699.79 1663.42 546.563 1512.06 1424.25 719.726 727.118 486.928 232.798 1337.97 383.352 325.449 69.298 392.952 350.339 153.611 41.1867 112.424 187.723 889.378 352.877
internal_count=104216 55365 34915 48851 26185 20450 15012 25519 16471 26095 13295 5438 24050 22588 8820 15233 6499 2321 11216 4784 2079 1238 4005 3511 1433 348 1085 2045 22666 9048
is_linear=0
shrinkage=0.05


Tree=19
num_leaves=31
num_cat=0
split_feature=33 33 5 7 10 18 7 33 28 18 18 7 32 34 17 5 7 2 1 7 18 36 15 5 18 3 5 5 32 33
split_gain=697.381 163.643 70.8283 69.748 50.6662 42.4918 39.9276 39.0108 38.7388 35.5451 31.3246 30.5158 25.8833 24.2091 21.966 21.5684 21.2147 21.0922 20.7146 19.3656 18.6136 17.3726 15.902 14.8606 14.7752 14.7635 14.3516 14.3201 13.7183 13.0755
threshold=49.95000000000001 64.050000000000011 56.850000000000001 47.45000000000001 55.000000000000007 10.500000000000002 45.850000000000001 34.45000000000001 4.5000000000000009 14.500000000000002 9.5000000000000018 60.750000000000007 68.15000000000002 1.0000000180025095e-35 2810.0000000000005 56.350000000000001 55.250000000000007 52.350000000000001 57.750000000000007 46.650000000000013 8.5000000000000018 -1.0000000180025095e-35 45.850000000000001 51.550000000000004 15.500000000000002 53.95000000000001 59.050000000000004 46.250000000000007 59.850000000000001 78.65000000000002
decision_type=2 2 2 2 2 2 2 2 2 2 2 2 2 10 2 2 2 2 2 2 2 10 2 2 2 2 2 2 2 2
left_child=3 2 5 21 7 13 17 -5 9 20 25 15 19 22 -14 -9 28 26 -11 -7 -8 -1 -2 -23 -18 -4 -3 -13 -12 -28
right_child=1 6 10 4 -6 12 8 11 -10 18 16 27 14 -15 -16 -17 24 -19 -20 -21 -22 23 -24 -25 -26 -27 29 -29 -30 -31
leaf_value=-0.040686989606310654 -0.011006440373691593 -0.014105184974395583 0.028849524957060547 -0.033478879494582246 0.035544047665964362 -0.022037391647543012 0.056272426078040928 -0.019889334614708678 0.00069302251085694383 0.01409608649813064 -0.012148913191595171 -0.011644857102277981 -0.00091482187201955738 0.005812596319636508 0.041086146780546673 0.0047536103412746918 0.035493561751087178 0.016309877022604592 0.030776672320849054 -0.0076506501888838098 0.029900305341405281 -0.031568521235646518 0.057681285992239865 -0.0024927177214714618 0.0089297574591017306 0.079782403608210331 0.00016806235817354534 0.035079028261471107 0.0087798135893941524 0.045299614315518696
leaf_weight=607.7790993116796 10.261844050139187 150.71217470616102 40.571514923125505 341.98205181583762 43.472759298980236 344.73635338619351 74.964559227228165 612.71828168258071 193.7079460658133 767.24649268388748 100.45502888411283 25.50680935010314 361.65710031613708 163.86358198523521 33.942730203270912 103.42933248355985 114.49438190087676 236.23022793978453 246.96623466163874 733.50502835959196 672.55713686347008 194.88745490834117 43.547344412654638 57.248027291148901 97.656531795859337 22.420275062322617 64.70324457064271 44.980713292956352 351.82066385820508 21.342027276754379
leaf_count=16267 126 1637 411 9048 666 6711 493 13304 1796 6566 1689 490 4492 2233 338 1929 1081 2261 1815 11672 5066 5045 523 1354 1029 214 651 748 4396 165
internal_value=-0.000685534 0.00962092 0.000413834 -0.0252734 -0.0173282 -0.00519472 0.0187895 -0.0193722 0.0219435 0.0242771 0.0134616 -0.0132296 -0.0082426 0.0154135 0.00268573 -0.0163231 0.0102531 0.00573782 0.0181655 -0.0122566 0.0325589 -0.0360938 0.0444931 -0.0249902 0.0232993 0.0471547 -0.00479203 0.018108 0.00411862 0.0114598
internal_weight=6879.37 4847.36 2418.93 2032 1172.09 1691.51 2428.43 1128.62 1955.44 1761.73 727.418 786.635 1473.84 217.673 395.6 716.148 664.427 472.988 1014.21 1078.24 747.522 859.915 53.8092 252.135 212.151 62.9918 236.757 70.4875 452.276 86.0453
internal_count=104216 55365 34915 48851 26185 26095 20450 25519 15736 13940 8820 16471 23213 2882 4830 15233 8195 4714 8381 18383 5559 22666 649 6399 2110 625 2453 1238 6085 816
is_linear=0
shrinkage=0.05


Tree=20
num_leaves=31
num_cat=0
split_feature=33 33 7 7 34 32 1 34 33 28 37 37 33 7 17 17 2 32 10 15 32 1 7 33 16 9 33 32 8 2
split_gain=659.314 156.13 69.9448 57.4034 36.9599 33.4561 31.845 30.882 28.9341 28.1004 26.7071 25.8924 24.1906 19.8981 18.958 18.7184 18.2 17.9617 17.5565 17.3744 16.7313 16.4821 15.0981 15.0495 13.4183 12.7457 12.6832 12.2573 12.1636 14.6469
threshold=49.95000000000001 68.65000000000002 54.150000000000013 51.650000000000013 1.5000000000000002 71.65000000000002 56.650000000000013 1.5000000000000002 40.45000000000001 3.5000000000000004 79.36142857142859 70.828785714285729 77.350000000000009 40.550000000000004 1450.0000000000002 2050.0000000000005 53.050000000000004 61.95000000000001 55.000000000000007 52.150000000000013 71.050000000000011 58.95000000000001 66.950000000000017 50.250000000000007 52.350000000000001 75.15000000000002 52.650000000000013 80.350000000000009 48.650000000000013 59.250000000000007
decision_type=2 2 2 2 10 2 2 8 2 2 2 2 2 2 2 2 2 2 2 2 2 2 2 2 2 2 2 2 2 2
left_child=3 2 5 8 18 7 12 11 -1 19 13 -2 28 -8 -14 26 -10 -11 20 24 25 -9 -6 -19 -4 -5 -7 -16 -3 -30
right_child=1 6 9 4 22 15 10 21 16 17 -12 -13 14 -15 27 -17 -18 23 -20 -21 -22 -23 -24 -25 -26 -27 -28 -29 29 -31
leaf_value=-0.037286646916661358 0.0005028241891465254 0.001884015823019545 0.0090257810033576892 -0.0087495325578363006 -0.027624426366385103 -0.040163956915862838 -0.018976439654454225 -0.013705396268644624 -0.028277092550226618 -0.012372135045406263 -0.0092260900571296718 0.062759045713052797 0.045221083850164295 0.035680546577993286 0.008866211354084573 0.034388642383274597 -0.0090063529622576577 0.050088648176970334 0.039352477982351565 0.027826731647131342 0.04837296269579059 0.0087814082423216273 0.039131471180005727 0.0070682422635742663 0.069754464612017855 0.058546150078776706 0.0078826205726488362 0.049404954593376613 0.012893899156409469 0.035454910404017818
leaf_weight=748.05447453260422 841.85070723667741 202.07432474941015 272.43408394604921 317.96110816672444 292.86035038530827 14.188898637890814 17.000182069838047 819.55016573891044 399.92439609766006 123.7863522619009 37.937027610838413 16.943919032812119 115.8127763196826 541.32804157584906 96.940745368599892 69.169423323124647 178.0517735183239 21.987229317426682 23.856007285416126 348.14076461642981 13.989152144640682 90.137147184461355 8.5767278708517534 265.39276523143053 9.3457406684756261 7.0796684920787802 339.11861984059215 23.16378115862608 506.52209329605103 84.245452933013439
leaf_count=21102 12402 1699 2959 6627 7051 182 159 13439 9322 1762 304 237 814 3654 671 592 3958 202 322 3539 194 1316 168 2770 94 143 3417 137 4151 635
internal_value=-0.000533404 0.00939772 0.00303921 -0.0247701 -0.0127579 -0.0020292 0.0220402 -0.00505106 -0.0307829 0.0137096 0.0312443 0.00174412 0.0166982 0.0340043 0.0307665 0.0106066 -0.0223518 0.00352606 -0.00199259 0.0203471 -0.00492734 -0.0114711 -0.0256961 0.0103934 0.0110817 -0.00725084 0.00592809 0.0167608 0.0125024 0.0161251
internal_weight=6847.42 4857.07 3232.05 1990.35 664.323 2190.96 1625.02 1768.48 1326.03 1041.09 596.265 858.795 1028.76 558.328 235.917 422.477 577.976 411.166 362.886 629.921 339.03 909.687 301.437 287.38 281.78 325.041 353.308 120.105 792.842 590.768
internal_count=104022 55135 42911 48887 14505 31585 12224 27394 34382 11326 4117 12639 8107 3813 1622 4191 13280 4734 7286 6592 6964 14755 7219 2972 3053 6770 3599 808 6485 4786
is_linear=0
shrinkage=0.05


Tree=21
num_leaves=31
num_cat=0
split_feature=33 33 7 34 7 33 7 10 3 10 33 7 4 0 34 3 1 17 0 0 32 32 32 13 9 3 9 8 7 27
split_gain=604.76 138.525 57.2826 52.6718 43.5933 43.0945 36.0968 30.7547 27.4937 23.7422 22.6052 19.2654 18.5428 17.889 17.4512 17.1881 21.1154 16.3144 14.9702 14.1214 13.9641 13.3218 13.2379 13.0322 13.032 13.0247 11.1248 10.3034 10.1027 9.90366
threshold=49.95000000000001 63.45000000000001 45.150000000000013 1.5000000000000002 55.150000000000013 76.250000000000014 52.95000000000001 55.000000000000007 55.550000000000004 65.000000000000014 38.050000000000004 60.150000000000013 89.850000000000009 49.250000000000007 1.5000000000000002 55.750000000000007 56.750000000000007 2985.0000000000005 48.750000000000007 48.750000000000007 49.45000000000001 77.450000000000017 56.050000000000004 50.150000000000013 51.750000000000007 43.350000000000001 50.350000000000001 29.850000000000005 65.450000000000017 6.5000000000000009
decision_type=2 2 2 10 2 2 2 2 2 2 2 2 2 2 10 2 2 2 2 2 2 2 2 2 2 2 2 2 2 2
left_child=2 4 -1 7 8 6 13 11 9 12 28 26 -2 29 20 21 -17 22 -7 -19 -6 -8 -10 -20 -15 -22 -4 -13 -5 -3
right_child=1 5 3 10 14 18 15 -9 17 -11 -12 27 -14 24 -16 16 -18 19 23 -21 25 -23 -24 -25 -26 -27 -28 -29 -30 -31
leaf_value=-0.037755389928759785 -0.012002920083227932 -0.01134264145961335 -0.0198629873712751 -0.040259933133099925 -0.027047527870392753 0.015776988576778662 0.014222384054738633 0.034364136233205132 -0.017238052552635063 0.01807400338052052 -0.020300737530519926 0.059463109801966986 0.0056624050630734108 0.01207269581458625 -0.00063543423221833065 0.022248385505649493 0.055840589280323427 0.01129734831438578 0.014690192298591845 0.10318088131964952 0.0016782792578980609 0.032856773612835961 0.0090335017350941498 0.039691677407938102 -0.017248540163460759 0.024092728543489633 -0.006206469526015659 0.0049564010362375286 0.026640974684004032 0.012167764778938018
leaf_weight=550.70872518792748 1040.1360376663506 161.42477980256081 392.76525960117579 299.44597053714097 16.758006487041712 136.2096466049552 570.4961374849081 37.659329567104578 56.046656224876642 83.347672954201698 347.78059563413262 10.130345549434422 172.82327877730131 927.86744344234467 199.313511159271 137.6091214120388 71.669536910951138 9.0016490481793898 64.113936752080917 7.9868788495659819 82.828487027436495 116.0416456758976 325.04557437449694 299.70285518467426 39.286325246095657 306.43145624920726 242.61305200308561 58.952183295041323 5.5961942672729483 61.723322588950396
leaf_count=15613 16835 1687 9094 8944 239 936 4563 539 1072 1086 7903 204 2451 8704 2557 1074 506 143 415 90 926 720 4846 1927 412 3302 5411 1046 133 644
internal_value=-0.000517821 0.00886927 -0.0240922 -0.0186922 -5.66219e-05 0.0168082 0.0136427 -0.00956763 -0.00417347 -0.00770474 -0.0290543 -0.0119278 -0.00948157 0.00792913 0.0114574 0.0212271 0.0337974 0.00731221 0.0299995 0.0551385 0.0174048 0.0173837 0.00515316 0.0353048 0.0108748 0.0193378 -0.014658 0.013096 -0.0390079 -0.00481467
internal_weight=6831.52 4885.86 1945.65 1394.94 2299.72 2586.14 2086.12 742.12 1694.39 1296.31 652.823 704.461 1212.96 1190.3 605.331 895.816 209.279 398.081 500.026 16.9885 406.018 686.538 381.092 363.817 967.154 389.26 635.378 69.0825 305.042 223.148
internal_count=104022 55135 48887 33274 33547 21588 18310 16294 26523 20372 16980 15755 19286 11447 7024 6863 1580 6151 3278 233 4467 5283 5918 2342 9116 4228 14505 1250 9077 2331
is_linear=0
shrinkage=0.05


Tree=22
num_leaves=31
num_cat=0
split_feature=33 33 18 7 34 7 18 1 33 37 33 37 35 34 1 33 7 7 30 18 7 31 7 2 30 9 32 30 18 1
split_gain=554.669 124.031 73.9043 55.8103 50.1857 45.3343 38.0658 26.043 25.2611 22.751 22.3037 22.1557 20.8315 19.0265 21.9131 18.5131 17.6402 16.9752 16.8596 16.3008 15.9886 15.3848 15.292 13.8891 13.6849 13.6623 13.4638 12.6323 12.1882 10.6906
threshold=49.95000000000001 68.65000000000002 11.500000000000002 45.150000000000013 1.5000000000000002 54.050000000000004 14.500000000000002 56.650000000000013 59.650000000000013 79.36142857142859 34.45000000000001 73.147071428571437 37.250000000000014 1.5000000000000002 60.95000000000001 77.350000000000009 56.45000000000001 40.550000000000004 459.00000000000006 6.5000000000000009 71.250000000000014 3.5000000000000004 40.150000000000013 57.750000000000007 441.00000000000006 50.750000000000007 53.850000000000001 441.00000000000006 13.500000000000002 51.95000000000001
decision_type=2 2 2 2 10 2 2 2 2 2 2 2 10 10 2 2 2 2 2 2 2 10 2 2 2 2 2 2 2 2
left_child=3 2 19 -1 6 8 12 15 11 17 -6 -4 16 14 -7 18 -5 -9 -3 -2 23 -14 -21 -8 -10 -17 -24 -15 -19 -12
right_child=1 7 5 4 10 13 20 9 24 -11 29 -13 21 27 -16 25 -18 28 -20 22 -22 -23 26 -25 -26 -27 -28 -29 -30 -31
leaf_value=-0.037178923757429087 0.063017761951823389 -0.00033262708011877126 -0.0079264423755184346 -0.005043100141279345 -0.041031665342523546 0.012129485393191685 -0.023321060487446438 -0.018887361611508967 -0.016195791960413635 -0.0096261883862558822 -0.030040401931409045 -0.028859914010272103 0.11221825626026541 -0.025260202392057868 0.070862217164866223 0.033311830634130332 0.024209785193059857 0.04223662606310491 0.015601441304606271 -0.02188587185784216 0.066724394433010648 -0.0004737551405973291 -0.0048232492758238255 0.0032810628210807507 0.0029278436797881922 0.0054061194974842821 0.020450217194744116 0.002743188358848154 0.026416302497281965 -0.013786458059482559
leaf_weight=531.7701169308275 19.342501193284988 232.65811070427299 755.12640964984894 224.85772193595767 225.43145464360714 538.24581912532449 370.25324600562453 16.963314317166805 106.80949348956347 38.164307694882154 191.5305179990828 152.12568335980177 7.4875464737415296 48.399352710694075 16.312583167105913 186.73604244738817 66.718065470457077 183.39481894671917 574.13352310284972 24.83228962123394 5.2852799333631983 4.8930306099355221 57.973606079816818 56.161178015172482 747.57271127775311 57.960735067725182 543.14442275092006 236.42156549543142 376.75371141731739 218.64528011158109
leaf_count=15613 197 1924 13041 4992 7066 5745 8537 159 1337 304 4804 2856 171 617 131 1254 1180 1117 4561 377 82 112 908 1220 9025 368 5799 2878 2537 5110
internal_value=-0.000502337 0.00837392 0.00267947 -0.0234201 -0.0180785 -0.00107657 -0.00917538 0.019461 -0.00563473 0.0276411 -0.028372 -0.0114448 0.00436519 0.00848337 0.0138786 0.0146675 0.00163938 0.0301155 0.0110008 0.0178247 -0.0187196 0.0676328 0.0164103 -0.0198057 0.00052966 0.0267272 0.0180041 -0.00200505 0.0316115 -0.0213939
internal_weight=6816.1 4913.07 3246.31 1903.03 1371.26 2601.01 735.656 1666.76 1761.63 615.276 635.607 907.252 303.956 839.379 554.558 1051.49 291.576 577.112 806.792 645.293 431.7 12.3806 625.95 426.414 854.382 244.697 601.118 284.821 560.149 410.176
internal_count=104022 55135 42911 48887 33274 35630 16294 12224 26259 4117 16980 15897 6455 9371 5876 8107 6172 3813 6485 7281 9839 283 7084 9757 10362 1622 6707 3495 3654 9914
is_linear=0
shrinkage=0.05


Tree=23
num_leaves=31
num_cat=0
split_feature=32 5 5 18 34 18 32 3 34 1 36 29 1 2 18 2 34 5 4 3 32 32 4 10 6 13 10 32 5 1
split_gain=446.383 118.656 100.917 56.3818 47.5377 46.2031 34.9698 28.9315 26.4822 29.054 24.5933 18.7338 18.5743 16.8674 15.907 15.8903 15.1148 16.5803 14.9222 15.5404 13.8664 13.1282 13.9942 17.9814 13.4982 13.2738 13.1148 12.7654 12.0476 12.5749
threshold=60.650000000000013 58.850000000000001 47.95000000000001 14.500000000000002 1.5000000000000002 13.500000000000002 69.850000000000009 55.550000000000004 1.5000000000000002 58.150000000000013 -1.0000000180025095e-35 53.500000000000007 57.550000000000004 57.850000000000001 8.5000000000000018 59.350000000000001 1.0000000180025095e-35 49.45000000000001 69.950000000000017 59.650000000000013 49.050000000000004 78.250000000000014 90.250000000000014 65.000000000000014 72.850000000000009 55.150000000000013 55.000000000000007 53.850000000000001 55.850000000000001 51.45000000000001
decision_type=2 2 2 2 10 2 2 2 10 2 10 2 2 2 2 2 8 2 2 2 2 2 2 2 2 2 2 2 2 2
left_child=2 3 10 7 5 12 26 11 9 -3 -1 15 27 -7 -13 -2 -8 -18 19 -9 -12 22 23 -10 -24 -23 -5 -4 -6 -30
right_child=1 8 4 6 28 13 16 18 21 -11 20 14 -14 -15 -16 -17 17 -19 -20 -21 -22 25 24 -25 -26 -27 -28 -29 29 -31
leaf_value=-0.033225058627898665 0.021698526407211732 0.020636607108198892 0.0021034051113946114 -0.011190686195197894 -0.025578007447638426 -0.012253443950695053 0.021799982688751045 -0.0048770760861975319 -0.0018046568529948718 0.043780155858362868 -0.030606946093280407 0.026568909763783222 0.07057179605374099 0.014253537794113284 0.002217796682411829 0.094893769578533224 -0.0086907307887143341 0.0092199136116837988 0.034126733159278534 0.032419522114636973 -0.011942727848113281 0.013557533688934132 0.044486210143219324 0.036083013110437316 0.0010657291965325813 0.056839992784272625 0.011112658199481529 0.027368160342826159 -0.026223141314059034 0.0027094371546753423
leaf_weight=794.11007918789983 76.789692871272564 958.80387939885259 92.410371197387576 889.7179938275367 297.20211126841605 370.3092191554606 116.30209812894464 66.547457858920097 304.246417760849 158.5960127748549 153.55055277980864 73.304425289854407 16.799769341945648 71.371999664232135 786.57307898625731 8.1914304457604867 218.08598895743489 316.42245049402118 170.07898382842541 47.773876825347543 287.45094827376306 51.48718761280179 42.39195940643549 34.790315739810467 31.349759701639414 27.335602425038815 70.881848219782114 110.0675448961556 60.891599573194981 97.012280341237783
leaf_count=21626 1001 8133 1759 14096 7342 7377 985 850 3102 980 4162 739 199 1169 9408 61 2308 2945 1831 609 6281 334 340 315 262 164 857 1644 1428 1715
internal_value=-0.000487986 0.00882276 -0.0181106 0.00267555 -0.00720629 0.00134974 -0.0034745 0.0107412 0.0196716 0.0239295 -0.0279584 0.00652426 0.0201129 -0.00795656 0.00430239 0.0289159 0.00546877 0.00190254 0.0247264 0.0106799 -0.0184581 0.00998038 0.00639057 0.00207794 0.026121 0.0286842 -0.00953875 0.0158688 -0.0196409 -0.00842556
internal_weight=6800.85 4449.67 2351.18 2840.67 1116.06 660.959 1611.41 1229.26 1609 1117.4 1235.11 944.859 219.278 441.681 859.878 84.9811 650.811 534.508 284.4 114.321 441.002 491.601 412.778 339.037 73.7417 78.8228 960.6 202.478 455.106 157.904
internal_count=104022 49320 54702 35690 22633 12148 21191 14499 13630 9113 32069 11209 3602 8546 10147 1062 6238 5253 3290 1459 10443 4517 4019 3417 602 498 14953 3403 10485 3143
is_linear=0
shrinkage=0.05


Tree=24
num_leaves=31
num_cat=0
split_feature=32 5 5 18 34 18 32 30 1 32 37 34 30 30 34 37 3 28 9 37 15 13 1 5 18 5 3 28 1 5
split_gain=407.137 105.894 95.7017 58.6109 43.926 41.4309 35.067 22.4479 21.4707 21.0776 19.9961 18.5246 25.6234 17.8835 17.5964 27.9073 16.614 16.7526 15.3852 14.9506 14.4597 13.5808 13.5224 13.273 13.1773 12.9194 12.6087 12.485 11.8897 11.4248
threshold=60.650000000000013 61.850000000000001 47.95000000000001 14.500000000000002 1.5000000000000002 10.500000000000002 69.250000000000014 455.00000000000006 63.750000000000007 51.050000000000004 62.783000000000008 1.0000000180025095e-35 451.00000000000006 441.00000000000006 1.0000000180025095e-35 52.231142857142864 58.45000000000001 4.5000000000000009 74.65000000000002 57.342857142857149 55.45000000000001 53.650000000000013 59.45000000000001 64.050000000000011 7.5000000000000009 65.950000000000017 60.050000000000004 2.5000000000000004 54.350000000000001 55.850000000000001
decision_type=2 2 2 2 10 2 2 2 2 2 2 8 2 2 8 2 2 2 2 2 2 2 2 2 2 2 2 2 2 2
left_child=2 3 9 7 5 23 10 -2 13 18 20 12 -8 27 15 -9 17 -15 -1 25 -5 -16 -13 -4 -11 -7 -18 -3 -21 -6
right_child=1 8 4 6 29 19 11 14 -10 24 -12 22 -14 16 21 -17 26 -19 -20 28 -22 -23 -24 -25 -26 -27 -28 -29 -30 -31
leaf_value=-0.03495511509710162 0.00010726559456195292 0.028575790416221797 0.027125139150593187 -0.0080901795663418461 -0.024884084735060999 -0.0091679386101042246 -0.022373686417333866 0.021184981523438458 0.085263011429537683 0.040923315030099786 -0.017141563699255232 -0.0011361090616502062 0.030657355690572985 0.022257582218645763 0.0070716368082036872 0.079104134714005625 0.057450505501158024 0.0020773857292039075 0.043704239209876733 0.0081260828378935893 0.0088469004000476976 0.019642925188098362 0.019211238561222001 0.091610599069556375 -0.021689125518766866 0.018835638253616963 0.026801831935826605 -0.0066962569198550682 0.060978773161828453 -0.0080706756234372578
leaf_weight=577.0092564355582 344.64631726965308 33.85850553587079 74.247432915493846 397.28327419608831 290.39380116946995 455.77528958022594 27.678541429340839 142.49374622479081 12.739076644182203 8.3768847193568927 410.3900253996253 586.8233682140708 124.63759189844131 824.79517453536391 547.89671785198152 24.406492698937654 52.886218927800655 118.14803007617593 6.1470214556902638 64.660165717825294 184.23455887660384 355.58022836782038 94.695924803614616 8.9777966588735563 612.41144099459052 45.081606723368168 95.653940711170435 95.656280431896448 12.734509084373711 156.70564650371671
leaf_count=17006 4207 288 1111 5926 7342 8946 245 1402 76 164 7010 5883 1022 6373 6496 219 404 1140 149 1204 2530 3728 794 98 14750 629 736 841 160 3143
internal_value=-0.000472729 0.0083303 -0.0175075 0.00358226 -0.00690051 0.0012754 -0.00233514 0.0112204 0.020797 -0.0272688 -0.00869001 0.00521857 0.0209795 0.0201134 0.0147936 0.029727 0.0221983 0.0197349 -0.03411 -0.00346594 -0.00271503 0.0120265 0.00168619 0.034243 -0.0208297 -0.00663413 0.0377789 0.00250112 0.0169544 -0.0190054
internal_weight=6787.02 4474.5 2312.52 3240.77 1108.58 661.477 1825.74 1415.02 1233.74 1203.94 991.908 833.835 152.316 1221 1070.38 166.9 1091.48 942.943 583.156 578.252 581.518 903.477 681.519 83.2252 620.788 500.857 148.54 129.515 77.3947 447.099
internal_count=104022 49320 54702 39462 22633 12148 23410 16052 9858 32069 15466 7944 1267 9782 11845 1621 8653 7513 17155 10939 8456 10224 6677 1209 14914 9575 1140 1129 1364 10485
is_linear=0
shrinkage=0.05


Tree=25
num_leaves=31
num_cat=0
split_feature=32 5 5 34 7 32 7 4 7 34 9 1 7 5 5 1 36 32 17 10 0 3 3 10 0 13 0 36 13 32
split_gain=384.111 89.4749 86.613 47.5479 43.0713 35.8844 34.6586 31.5396 29.6867 25.9441 20.6227 18.4902 17.6283 17.2121 16.2525 16.2127 15.6207 15.3775 19.1829 15.8671 13.205 12.587 11.4468 10.8061 10.6956 9.43151 9.03115 8.13195 7.84334 7.15583
threshold=60.650000000000013 58.250000000000007 54.850000000000001 1.5000000000000002 66.950000000000017 69.850000000000009 41.45000000000001 91.450000000000017 43.350000000000001 1.0000000180025095e-35 55.050000000000004 63.850000000000001 69.750000000000014 46.650000000000013 49.850000000000001 52.350000000000001 0.22500000000000003 44.95000000000001 1075.0000000000002 77.500000000000014 54.850000000000001 62.050000000000004 41.650000000000013 55.000000000000007 51.050000000000004 54.650000000000013 51.850000000000001 -1.0000000180025095e-35 58.550000000000004 54.650000000000013
decision_type=2 2 2 10 2 2 2 2 2 10 2 2 2 2 2 2 8 2 2 2 2 2 2 2 2 2 2 8 2 2
left_child=2 4 3 8 5 7 -3 9 -1 -2 11 16 15 23 24 29 -8 -4 26 22 -16 -15 -20 -10 -7 -9 -19 -17 -6 -5
right_child=1 6 17 12 28 14 10 25 13 -11 -12 -13 -14 21 20 27 -18 18 19 -21 -22 -23 -24 -25 -26 -27 -28 -29 -30 -31
leaf_value=-0.034197907638113999 0.0070833415845566183 -0.01798625180344891 -0.023080494176817914 -0.041139227942047552 0.033023654515508614 -0.0085294654573889982 0.010612856960308647 0.024863392706692605 -0.019150179808943874 -0.009566088924416934 -0.022103796222517246 0.07339904663554378 0.074592647546868507 -0.0045124661848799383 0.0079252452774299445 -0.036704502283173478 0.021672392881807678 0.018843510384417873 -0.017317235433487895 0.072344799848026456 0.022888772245519901 0.04402013633675983 0.0052801611356613903 0.019266668733428808 0.006835463412573327 0.003097835255694922 0.10349435996469505 -0.018467801234435772 0.075563208624065625 -0.027670180576327141
leaf_weight=160.02003313042223 297.95876486971974 67.710785947740078 55.539592254906893 347.01459067128599 53.272442542016506 168.29332588613033 440.25767273083329 111.82935197651386 407.929995726794 1083.8865341246128 30.584648758172989 15.565145418047903 3.822556395083665 357.26423978805542 376.13692442327738 81.697324121370912 1185.4088507331908 6.1485712304711324 66.83252958394587 7.9840239956974974 244.25455305725336 13.766520662233232 343.15704050846398 18.957776855677366 345.1558537222445 90.724622329697013 6.8802342601120472 255.63218532130122 14.018646605312822 143.19642759859562
leaf_count=4562 4361 778 1249 11403 430 1697 3829 1360 9895 17147 402 93 78 7049 3301 2251 9510 129 1152 84 2058 271 5947 292 3401 1057 118 6331 102 3854
internal_value=-0.000297901 0.00812834 -0.0170536 -0.0221399 0.00256993 0.00158901 0.0170256 -0.00326851 -0.0145345 -0.0059722 0.0184476 0.0192076 -0.0308945 -0.010581 0.00838088 -0.0313967 0.0186812 0.00164222 0.00484424 0.00296169 0.0138273 -0.00268689 0.00158104 -0.0174283 0.00178888 0.0151455 0.0643745 -0.0229089 0.042059 -0.0372214
internal_weight=6800.9 4525.06 2275.84 1789.3 2785.53 2718.24 1739.53 1584.4 957.939 1381.85 1671.82 1641.23 831.363 797.919 1133.84 827.541 1625.67 486.542 431.002 417.974 620.391 371.031 409.99 426.888 513.449 202.554 13.0288 337.33 67.2911 490.211
internal_count=104191 49526 54665 45986 34914 34382 14612 23925 22069 21508 13834 13432 23917 17507 10457 23839 13339 8679 7430 7183 5359 7320 7099 10187 5098 2417 247 8582 532 15257
is_linear=0
shrinkage=0.05


Tree=26
num_leaves=31
num_cat=0
split_feature=33 33 33 5 5 7 1 7 7 35 9 35 33 30 37 0 7 35 0 29 27 12 37 0 7 0 5 0 7 29
split_gain=401.256 106.63 59.0774 50.6294 42.7625 33.2979 32.3085 32.1833 27.3464 27.4348 23.653 21.8373 21.761 26.0713 21.2192 18.365 17.6798 16.8612 20.3177 16.6017 15.9563 15.2167 14.4045 13.8126 12.8102 12.2213 13.984 11.8762 11.7983 11.4285
threshold=49.350000000000001 65.050000000000011 33.850000000000001 54.250000000000007 55.250000000000007 68.550000000000011 57.650000000000013 53.350000000000001 48.050000000000004 34.900000000000013 48.650000000000013 25.750000000000011 77.350000000000009 459.00000000000006 69.15000000000002 56.45000000000001 57.750000000000007 32.250000000000014 37.350000000000001 51.750000000000007 4.5000000000000009 84.550000000000011 57.163000000000004 53.750000000000007 45.850000000000001 48.850000000000001 48.150000000000013 46.45000000000001 44.45000000000001 59.750000000000007
decision_type=2 2 2 2 2 2 2 2 2 8 2 8 2 2 2 2 2 10 2 2 2 2 2 2 2 2 2 2 2 2
left_child=2 3 22 5 7 10 12 25 29 -10 -2 -7 13 -3 21 -14 -15 18 -6 -12 -19 28 -1 -23 -20 -4 -27 -11 -8 -5
right_child=1 6 4 8 17 11 14 -9 9 27 19 -13 15 16 -16 -17 -18 20 24 -21 -22 23 -24 -25 -26 26 -28 -29 -30 -31
leaf_value=-0.024407409059843177 -0.032199348764661781 -0.0019957675811266818 -0.035095182135621794 -0.0079472333621385186 0.1041933521776086 -0.00048662148707672847 -0.015861334538897879 -0.0043415622724945957 0.0040856426348363515 0.0035208557845670184 0.037400519253991314 0.092149370904023031 0.01819854635424456 0.0095011425647794651 0.013910200048231647 0.05382682874083327 0.025859430151784182 -0.0026998406430109498 -0.025298665351231743 -0.0059569774768651919 0.11306168504410433 0.021860743924506928 -0.041546794973278421 0.052621054142403249 0.0069195015386316313 -0.026050285220582892 -0.0079979128730127691 0.026912135323971489 0.026389195296203666 0.023441824728898122
leaf_weight=198.63605498708785 86.503030631691217 424.30890708789229 205.81331344135106 271.10809415206313 4.6864333674311629 11.34692592173815 18.256054535508156 264.65245543792844 408.42962635681033 66.398203730583191 22.293681472539902 14.074014235287903 249.13332118839025 864.63736607506871 282.72699024528265 42.521158561110497 204.88673596829176 5.0643121078610402 39.486859723925591 1443.1890001781285 6.832065187394619 54.088937528431416 331.08276933804154 117.99082669615746 139.7026832588017 356.62818372435868 154.87259783782065 310.60973601415753 156.24211236089468 32.314548306167126
leaf_count=5898 1496 3707 6049 4111 110 107 145 5854 4668 795 356 125 1586 7456 2111 259 1392 103 1056 22781 140 354 11615 721 2723 10016 3933 3164 960 400
internal_value=-0.000291011 0.00675507 -0.0212609 -0.000136331 -0.0150139 -0.00586249 0.0143659 -0.0192689 0.0081542 0.0130803 -0.00679645 0.0507644 0.0109262 0.00848084 0.024114 0.0234267 0.0126417 0.00630203 0.00252525 -0.00529148 0.0637533 0.032417 -0.0351351 0.0429997 -0.000162474 -0.024768 -0.0205968 0.0228078 0.0219337 -0.0045812
internal_weight=6788.52 5081.06 1707.46 2666.27 1177.74 1577.41 2414.79 981.967 1088.86 785.438 1551.99 25.4209 1785.49 1493.83 629.305 291.654 1069.52 195.772 183.876 1465.48 11.8964 346.578 529.719 172.08 179.19 717.314 511.501 377.008 174.498 303.423
internal_count=104191 56694 47497 38003 29984 24865 18691 25852 13138 8627 24633 232 14400 12555 4291 1845 8848 4132 3889 23137 243 2180 17513 1075 3779 19998 13949 3959 1105 4511
is_linear=0
shrinkage=0.05


Tree=27
num_leaves=31
num_cat=0
split_feature=33 33 33 5 5 7 7 1 7 34 35 33 34 31 7 3 34 2 0 17 35 29 0 7 36 2 29 17 7 3
split_gain=367.765 94.9894 57.113 45.6338 39.5961 30.4216 29.2154 28.3669 24.3629 24.0865 24.0078 19.1747 17.9147 16.9317 16.1099 18.2597 15.9733 15.8245 14.8585 13.2774 12.7446 12.7066 12.0923 15.368 11.9002 11.3811 14.1574 11.2436 10.7822 16.3369
threshold=49.350000000000001 65.050000000000011 33.850000000000001 54.250000000000007 55.250000000000007 53.350000000000001 68.550000000000011 57.650000000000013 48.050000000000004 1.5000000000000002 34.900000000000013 74.250000000000014 1.5000000000000002 13.500000000000002 46.650000000000013 45.850000000000001 1.5000000000000002 61.850000000000001 55.95000000000001 1075.0000000000002 26.250000000000011 52.250000000000007 53.750000000000007 50.150000000000013 0.29166666666666669 53.95000000000001 59.750000000000007 1950.0000000000002 66.950000000000017 50.550000000000004
decision_type=2 2 2 2 2 2 2 2 2 10 8 2 10 10 2 2 10 2 2 2 8 2 2 2 10 2 2 2 2 2
left_child=2 3 16 6 5 17 12 11 25 22 -10 14 21 19 -3 -16 -1 -4 -13 -6 -8 -2 27 -24 -20 -5 -27 -9 -7 -30
right_child=1 7 4 8 13 28 20 9 10 -11 -12 18 -14 -15 15 -17 -18 -19 24 -21 -22 -23 23 -25 -26 26 -28 -29 29 -31
leaf_value=-0.024253092165887256 0.023697553224669137 -0.0034429671231738512 -0.024871706914088382 -0.011640544110761696 0.067897443269268096 -0.0066849944500238269 0.0064652028956620937 0.011456622914709731 0.0038687197202952137 0.01336527045639245 0.021293714368730458 0.013412883761897244 -0.012708451144187794 0.070233141489338194 -0.00090465708793837491 0.014370449392546681 -0.042191193098790443 0.04817337066765754 0.042754939167534506 -0.00011835067572793041 0.07706210614250672 -0.003234472278379163 0.018618883267528412 0.050154416412971206 0.010379306645704099 0.0030897875958112065 0.068746088301142524 0.049053869390631485 -0.022397398726274637 0.080553853170051481
leaf_weight=219.4488413464278 46.093505330383778 290.20897867530584 693.75014873594046 193.72607676684856 7.3672476373612872 248.18839782290161 11.516293525695803 88.965886399149895 409.73528844490647 336.53054311871529 383.44655352830887 418.68280182033777 662.4547187499702 9.6394999139010888 273.43250815942883 682.23544724285603 293.11976717226207 7.3596801348030558 91.400005295872688 179.87800252251327 14.807533975690601 834.5142571516335 55.892736107110977 130.70921182632446 41.91850771009922 99.59625656157732 8.8728921897709352 25.782499141991138 6.6192528679966918 8.8157693557441217
leaf_count=6599 712 3007 19821 3018 165 5606 109 550 4668 2456 3959 2793 11444 201 2245 5513 10914 177 576 3766 123 12477 382 741 266 1411 82 162 113 135
internal_value=-0.00028485 0.00638872 -0.0206185 -0.000133095 -0.0144745 -0.0186457 -0.0056012 0.0135255 0.00769648 0.0225906 0.0123004 0.0103053 -0.00649634 0.00593824 0.00686087 0.00999512 -0.0345272 -0.024091 0.0180679 0.00256589 0.0465076 -0.00181657 0.0328685 0.0407504 0.0326282 -0.00437106 0.00856497 0.0199831 -0.00414108 0.0362218
internal_weight=6774.71 5100.52 1674.19 2664.76 1161.62 964.733 1569.39 2435.76 1095.38 637.881 793.182 1797.88 1543.06 196.885 1245.88 955.668 512.569 701.11 552.001 187.245 26.3238 880.608 301.35 186.602 133.319 302.195 108.469 114.748 263.623 15.435
internal_count=104191 56694 47497 38003 29984 25852 24865 18691 13138 4291 8627 14400 24633 4132 10765 7758 17513 19998 3635 3931 232 13189 1835 1123 842 4511 1493 712 5854 248
is_linear=0
shrinkage=0.05


Tree=28
num_leaves=31
num_cat=0
split_feature=33 33 33 5 7 5 7 7 7 35 28 4 2 2 34 34 33 30 7 3 7 3 32 29 8 3 35 5 7 10
split_gain=336.967 84.6909 55.1401 41.1341 36.8168 28.998 25.7603 23.3699 21.7237 21.0487 19.6841 19.1964 18.2234 16.4907 16.4728 15.919 14.9551 14.652 14.2425 12.8204 12.6025 13.9342 12.238 11.282 11.1419 12.716 11.0353 10.9642 10.7585 10.6132
threshold=49.350000000000001 65.050000000000011 33.850000000000001 54.250000000000007 58.750000000000007 55.250000000000007 68.550000000000011 46.550000000000004 48.050000000000004 34.900000000000013 4.5000000000000009 71.450000000000017 63.050000000000004 61.850000000000001 1.5000000000000002 1.5000000000000002 76.550000000000011 499.00000000000006 47.45000000000001 46.150000000000013 37.750000000000007 59.050000000000004 65.250000000000014 52.250000000000007 58.95000000000001 53.350000000000001 32.250000000000014 64.850000000000009 43.95000000000001 65.000000000000014
decision_type=2 2 2 2 2 2 2 2 2 8 2 2 2 2 10 10 2 2 2 2 2 2 2 2 2 2 10 2 2 2
left_child=2 3 15 6 5 13 14 11 -5 -10 12 -3 16 18 23 27 -9 -6 -4 -14 -13 -22 -16 -2 25 -19 28 29 -7 -1
right_child=1 7 4 8 17 26 -8 10 9 -11 -12 20 19 -15 22 -17 -18 24 -20 -21 21 -23 -24 -25 -26 -27 -28 -29 -30 -31
leaf_value=-0.026774571130545433 0.022058930233077045 -0.0084612960058983652 -0.028978250531771506 -0.0041709326915597153 0.0035573361814852317 -0.030784647347985774 0.042821555822601616 0.0134316648929531 0.0036639618982502297 0.019902627736297848 -0.00050372595160684552 -0.032926636015794458 0.0097511995984763677 0.038552908712824102 -0.018312280164360449 -0.041756032210685239 0.025092118934432701 0.10637901753795827 -0.015840646035902014 0.0557650658007438 0.0092462166501559792 0.041725649125922026 -0.0045289320327506575 -0.0030813287234511995 0 0.012628327510112154 0.049796291670963999 0.057036982591082343 0.0041205558379445685 0.053047329761770658
leaf_weight=206.42996887862682 47.024135269224644 205.60330904647708 365.23763747885823 300.97997968271375 91.285519309341908 26.272506203502417 27.144441030919552 1315.8742015771568 410.97430200129747 389.57828880101442 177.37276647984982 15.459125626832245 22.237143211066723 11.435957156121729 364.68593087047338 281.65816964954138 349.67816716432571 9.8927435986697692 481.86258330382407 49.651509679853916 282.02948834747076 37.479449830949306 290.55130296200514 832.25479950010777 8.3397364318370801 5.9193147141486397 11.081054870039223 4.0084605533629647 134.90839207358658 4.119224674999713
leaf_count=6434 712 2017 11637 4511 1719 719 232 9832 4668 3959 1494 171 132 264 7443 10914 2000 173 12203 289 2445 311 4001 12477 153 100 218 97 2798 68
internal_value=-0.000277834 0.00604454 -0.0199832 -0.000129165 -0.013946 -0.0169469 -0.00534973 0.0127425 0.00726739 0.011574 0.015335 0.00354898 0.0169548 -0.0207034 -0.00620784 -0.0339133 0.0158841 0.0127982 -0.0215137 0.0416345 0.0109361 0.0130837 -0.0122096 -0.00172878 0.0473608 0.0718972 0.00174758 -0.0235799 -0.00155355 -0.0251647
internal_weight=6761.03 5118.58 1642.45 2663.19 1146.24 1030.8 1561.66 2455.39 1101.53 800.553 1914.81 540.571 1737.44 858.536 1534.52 496.216 1665.55 115.437 847.1 71.8887 334.968 319.509 655.237 879.279 24.1518 15.8121 172.262 214.558 161.181 210.549
internal_count=104191 56694 47497 38003 29984 27839 24865 18691 13138 8627 13747 4944 12253 24104 24633 17513 11832 2145 23840 421 2927 2756 11444 13189 426 273 3735 6599 3517 6502
is_linear=0
shrinkage=0.05


Tree=29
num_leaves=31
num_cat=0
split_feature=5 18 18 5 1 34 37 1 34 36 1 4 36 1 12 1 35 34 9 1 27 30 35 14 35 37 5 12 18 27
split_gain=216.602 60.9773 55.193 56.1909 39.008 46.3545 32.8058 29.5312 27.0534 26.768 20.3004 19.1706 18.3201 17.8359 17.7026 16.7495 16.56 15.929 15.8292 15.7596 14.0799 13.949 15.1458 12.8931 12.8725 12.4767 12.4034 11.7273 11.7145 12.2639
threshold=50.45000000000001 14.500000000000002 10.500000000000002 64.250000000000014 53.250000000000007 1.5000000000000002 49.879428571428583 57.750000000000007 1.0000000180025095e-35 1.0000000180025095e-35 48.150000000000013 91.450000000000017 -1.0000000180025095e-35 63.550000000000004 91.550000000000011 53.95000000000001 6.7500000000000027 1.5000000000000002 73.850000000000009 54.550000000000004 6.5000000000000009 447.00000000000006 31.750000000000011 49.550000000000004 1.7500000000000007 71.458571428571446 38.850000000000001 77.950000000000017 11.500000000000002 7.5000000000000009
decision_type=2 2 2 2 2 10 2 2 10 8 2 2 8 2 2 2 10 10 2 2 2 2 10 2 10 2 2 2 2 2
left_child=1 4 16 7 5 26 10 8 9 -4 -3 15 -6 21 -9 18 17 23 -8 -10 -12 -5 -23 -2 -16 -17 -1 -28 29 -14
right_child=2 6 3 13 12 -7 11 14 19 -11 20 -13 28 -15 24 25 -18 -19 -20 -21 -22 22 -24 -25 -26 -27 27 -29 -30 -31
leaf_value=-0.020352990731897114 0.060199832300011226 -0.01880726192973832 0.033764950679410315 -2.3317240978719517e-05 -0.022729678522270411 -0.02615089581796334 -0.026828649276198775 0.0044011778639553188 -0.0088175135996206334 0.0031965434667792746 0.0033666106411938423 -0.0023326038287975002 0.014980945282081061 0.073321917187731386 0.04084319168863975 -0.006506257660112709 0.0078177727977792166 0.01263334338001661 0.012870282157307043 0.0025191015506222498 0.040224438805896143 0.015772256800931882 0.059007340737997419 0.030097105146801952 0.012476488647913054 -0.024651613672087458 -0.0032718080847796145 0.014354738139054898 0.004455855861395866 0.048820370469347209
leaf_weight=65.693363746628165 43.285638276487589 81.155612399801612 83.719782007858157 142.631043959409 43.048997515812516 269.63513124547899 842.09934489987791 216.59792741388083 961.16929097287357 495.95814540050924 103.24342190660536 142.39273216761649 163.84094989486039 12.961081258952616 78.473877910524607 254.36203476041555 135.3694342430681 113.72869079001248 25.65271014906466 449.18046111240983 34.668605672195554 809.88925982639194 20.786774341017008 214.68791577965021 83.079671058803797 151.98786750249565 262.96020222082734 146.81763609498739 266.53233868815005 32.210946971550584
leaf_count=1556 339 1814 986 1312 1001 7602 22214 2034 15358 6270 1434 1877 2287 78 631 3929 1520 1151 523 5189 500 6639 216 1751 831 3156 4900 2723 3921 449
internal_value=-0.000270974 -0.0106331 0.00747301 0.0051466 -0.00231756 -0.00959416 -0.0169886 0.000967937 -0.00146392 0.00762506 0.0009959 -0.0197733 0.00839521 0.015174 0.0137758 -0.0217182 0.0228491 0.0283063 -0.025648 -0.00520346 0.0126907 0.0143871 0.0168672 0.0351888 0.0263032 -0.0133099 -0.000190949 0.0030333 0.0113068 0.0205882
internal_weight=6747.82 2886.3 3861.52 3354.45 1250.74 745.106 1635.56 2368.18 1990.03 579.678 219.068 1416.49 505.633 986.268 378.151 1274.1 507.072 371.702 867.752 1410.35 137.912 973.307 830.676 257.974 161.554 406.35 475.471 409.778 462.584 196.052
internal_count=104191 59886 44305 39544 24439 16781 35447 31299 27803 7256 3748 31699 7658 8245 3496 29822 4761 3241 22737 20547 1934 8167 6855 2090 1462 7085 9179 7623 6657 2736
is_linear=0
shrinkage=0.05


Tree=30
num_leaves=31
num_cat=0
split_feature=33 33 18 18 7 9 7 18 7 9 34 3 7 29 35 36 1 34 4 32 3 32 7 34 9 32 7 33 17 37
split_gain=285.194 92.4226 61.1413 46.8703 39.1349 32.3928 30.8229 29.7205 26.4216 22.0247 21.1332 21.3536 17.4062 14.6223 15.1926 14.317 11.8236 11.3278 11.2435 10.7599 10.7339 10.5707 11.0928 10.3952 8.51776 8.48067 7.83103 8.74968 7.80555 13.6143
threshold=56.050000000000004 34.150000000000013 9.5000000000000018 13.500000000000002 46.750000000000007 58.850000000000001 74.65000000000002 14.500000000000002 41.45000000000001 46.050000000000004 1.0000000180025095e-35 49.45000000000001 59.95000000000001 53.500000000000007 10.600000000000003 -1.0000000180025095e-35 55.95000000000001 1.0000000180025095e-35 97.350000000000009 68.050000000000011 61.850000000000001 52.45000000000001 40.650000000000013 1.5000000000000002 59.350000000000001 63.650000000000013 37.45000000000001 75.050000000000011 1175.0000000000002 52.231142857142864
decision_type=2 2 2 2 2 2 2 2 2 2 10 2 2 2 10 10 2 8 2 2 2 2 2 10 2 2 2 2 2 2
left_child=1 23 17 5 15 12 7 -6 26 -10 18 -12 13 14 -2 -4 -15 25 -11 -14 -17 -19 -23 28 -25 -3 -5 -28 29 -1
right_child=3 2 4 8 6 -7 -8 -9 9 10 11 -13 19 16 -16 20 -18 21 -20 -21 -22 22 -24 24 -26 -27 27 -29 -30 -31
leaf_value=0.071308070029505677 0.022051620595969122 0.026750909278012321 -0.027635916116311266 -0.038459036404227473 0.0013962629215189797 -0.045384208957368839 0.087200167651750024 -0.013447539487222569 -0.041760564314884008 0.011457578045640609 -0.0027384897989105655 0.0079602307376845406 0.014583723969802165 0.0086514869043284922 0.072941589015195596 -0.014764752605585808 0.019746232257380873 -0.008881854647459669 0.033271387990325106 0.039953539543856005 0.030675016425829968 -0.03451839822257266 0.024647640121248815 -0.040520185420600194 0.030043983519462025 0.090387502931648073 -0.016768036389866479 0.018637452162062022 -0.026966808291343049 -0.030749041338805606
leaf_weight=5.5805460158735496 56.956147629767656 14.133244598284366 381.7033412810415 31.532808311283588 587.43020125292242 21.20235288888216 8.6109705828130227 789.74352778121829 24.395202372223139 570.12360837683082 839.63108965009451 1047.5392084755003 65.804319486021996 649.94213361293077 19.976007394492626 245.70189311914146 383.66515171900392 38.968178793787956 66.207221202552319 118.97098588943481 13.56345212459564 8.3270408939570171 120.12875112518668 265.32462217472494 4.1970924865454426 8.6709922328591329 94.995966348797083 21.161141522228718 201.84082486853004 7.5348059758543968
leaf_count=166 495 234 11158 451 10775 275 97 16898 356 5162 8408 10255 505 5957 184 5955 2960 928 508 661 297 167 1795 10895 157 87 1354 175 6393 240
internal_value=-0.00047037 -0.0130297 -0.00870246 0.00798501 -0.011248 0.015719 -0.00651678 -0.00711268 0.00420544 0.00539892 0.00585844 0.00319766 0.0167265 0.0143515 0.035408 -0.0214666 0.0127761 0.0183841 0.0137399 0.0309584 -0.0123574 0.0138217 0.0207495 -0.0328148 -0.0393921 0.0514551 -0.01634 -0.0102645 -0.0245303 0.0125086
internal_weight=6713.56 2701.46 2216.98 4012.1 2026.75 1316.52 1385.78 1377.17 2695.59 2547.9 2523.5 1887.17 1295.31 1110.54 76.9322 640.969 1033.61 190.228 636.331 184.775 259.265 167.424 128.456 484.478 269.522 22.8042 147.69 116.157 214.956 13.1154
internal_count=103948 66242 48391 37706 45180 11037 27770 27673 26669 24689 24333 18663 10762 9596 679 17410 8917 3211 5670 1166 6252 2890 1962 17851 11052 321 1980 1529 6799 406
is_linear=0
shrinkage=0.05


Tree=31
num_leaves=31
num_cat=0
split_feature=33 33 5 9 0 28 0 30 36 1 10 5 5 29 0 3 3 2 2 5 36 1 4 0 2 32 4 5 4 20
split_gain=259.141 87.9733 49.9009 37.6982 32.4248 28.2385 24.9016 24.2738 24.213 18.4108 18.3584 15.4877 15.228 14.7104 14.7642 13.2358 12.7192 12.6495 11.7281 11.0244 10.6866 10.5432 15.5936 9.87406 9.67066 9.46082 9.13857 8.79649 8.76572 8.48601
threshold=56.050000000000004 34.150000000000013 56.050000000000004 55.050000000000004 49.250000000000007 4.5000000000000009 49.350000000000001 447.00000000000006 -1.0000000180025095e-35 63.650000000000013 55.000000000000007 38.850000000000001 55.650000000000013 59.750000000000007 36.95000000000001 56.550000000000004 49.45000000000001 53.45000000000001 54.050000000000004 45.250000000000007 0.36666666666666675 56.150000000000013 94.950000000000017 57.95000000000001 57.95000000000001 63.650000000000013 89.250000000000014 48.750000000000007 84.950000000000017 1.0000000180025095e-35
decision_type=2 2 2 2 2 2 2 2 8 2 2 2 2 2 2 2 2 2 2 2 8 2 2 2 2 2 2 2 2 2
left_child=1 18 6 4 12 7 17 26 -4 -9 11 -8 -2 14 -10 -15 24 25 -1 -18 -19 22 -14 -12 -7 -3 -6 -20 -29 -23
right_child=3 2 8 -5 5 16 10 9 13 -11 23 -13 21 15 -16 -17 19 20 27 -21 -22 29 -24 -25 -26 -27 -28 28 -30 -31
leaf_value=-0.036076296609632359 -0.0084771301490394867 -0.028187025676067928 -0.02119028449047218 -0.019321789734511201 -0.0015435843035693751 -0.023284236740164846 -0.025488588825739261 0.014218827781913069 0.08024267987988179 0.055197218079620039 0.028014251438214396 -0.0077894560390755338 -0.0023529914888665063 0.02190210659138099 0.0053961695001797597 0.085516347366919487 -0.018123931449692508 0.028500334039262804 -0.026229275129905451 0.011455542682958772 -0.020297398397552131 0.038136870526367272 0.040870266570981792 -0.018717636650546311 -0.00078505416270289216 -0.010618036779795077 0.013536132842261132 -0.0036949628902408086 0.077279788496177226 0.0082411218846811223
leaf_weight=378.40404419414699 353.69051746279001 353.51847026310861 72.350372731685638 126.27440877631307 366.42981227487326 86.115011896938086 141.48324893973768 2202.3080398738384 6.6203318815678349 27.758190769702196 49.798037569969893 995.27894965931773 269.96755344420671 37.56239578127861 373.66689384914935 10.542532127350567 37.487593490630388 21.813771335408092 63.596933811903 191.75372533127666 22.831563711166382 38.622922345995903 22.507785096764565 14.403736785054205 108.1679702475667 99.326892487704754 138.0978957042098 23.960196441039447 3.7671563923358908 63.021763172000647
leaf_count=14685 4028 9892 1335 1792 3658 1039 3720 18999 122 184 805 23041 2419 362 6048 91 470 457 2327 1969 483 283 156 238 1090 1797 1184 730 109 435
internal_value=-0.000454074 -0.0125401 -0.00834084 0.00754456 0.00841487 0.0106317 -0.0124311 0.0124925 0.00552253 0.0147336 -0.00852647 -0.00999876 -0.000940812 0.0100496 0.00673305 0.0360958 -0.00137125 -0.0218434 -0.0321837 0.00659085 0.00344391 0.00581017 0.000969048 0.0174393 -0.0107903 -0.0243477 0.00257595 -0.015978 0.00736511 0.0196764
internal_weight=6701.13 2668.93 2199.2 4032.2 3905.93 3158.12 1698.45 2734.59 500.743 2230.07 1200.96 1136.76 747.811 428.392 380.287 48.1049 423.524 497.491 469.728 229.241 44.6453 394.12 292.475 64.2018 194.283 452.845 504.528 91.3243 27.7274 101.645
internal_count=103948 66242 48391 37706 35914 28593 40433 24025 7958 19183 27804 26761 7321 6623 6170 453 4568 12629 17851 2439 940 3293 2575 1043 2129 11689 4842 3166 839 718
is_linear=0
shrinkage=0.05


Tree=32
num_leaves=31
num_cat=0
split_feature=33 18 33 33 7 7 0 9 3 37 7 7 37 18 32 7 18 32 0 7 18 12 37 17 9 14 17 12 36 13
split_gain=235.5 65.6973 70.2818 36.8751 25.9094 25.2455 22.7343 22.6011 22.6168 20.8155 19.5726 17.9721 15.5245 14.725 16.7277 12.722 11.7411 11.2971 11.2243 10.8881 8.60423 10.8794 8.26625 13.5415 8.1608 7.50484 7.4082 7.38317 6.91644 6.56073
threshold=45.95000000000001 11.500000000000002 56.650000000000013 34.150000000000013 73.250000000000014 37.45000000000001 48.750000000000007 55.050000000000004 49.45000000000001 72.484285714285733 44.550000000000004 69.050000000000011 73.147071428571437 7.5000000000000009 51.850000000000001 44.050000000000004 15.500000000000002 68.050000000000011 63.250000000000007 38.350000000000001 11.500000000000002 96.250000000000014 57.163000000000004 1175.0000000000002 59.350000000000001 31.550000000000004 1650.0000000000002 81.950000000000017 -1.0000000180025095e-35 50.350000000000001
decision_type=2 2 2 2 2 2 2 2 2 2 2 2 2 2 2 2 2 2 2 2 2 2 2 2 2 2 2 2 10 2
left_child=3 6 9 22 10 -4 15 8 -7 11 20 16 18 -8 -15 -2 -3 -11 -12 -16 21 -5 23 29 -24 -9 -25 -13 -19 -1
right_child=1 2 5 4 -6 7 13 25 -10 17 12 27 -14 14 19 -17 -18 28 -20 -21 -22 -23 24 26 -26 -27 -28 -29 -30 -31
leaf_value=0.068144447936548322 -0.030045418693946193 -0.001755786168926304 -0.03715870861168407 -0.01988383489283585 0.11658469100654408 0.00158845999240849 0.038547207522429183 0.0077746751790106657 0.010189449577724921 -0.030117753463351573 -0.0073320378321319853 0.010905981863714337 -0.028309552586784414 -0.014675646216937181 -0.031606983772499618 0.0051304288596666532 -0.012840671208151423 -0.022142457010771336 0.049489079546061146 0.018872277923897656 -0.034041983955675439 0.055619980821465166 -0.038245876227726849 -0.034719151564708665 0.024121190358757465 -0.02365071953043749 -0.013305956762556005 0.071575575141148387 0.023120309330493884 -0.018961507929159245
leaf_weight=5.7315357085317356 30.706864519044757 482.37678504735231 34.829864256083965 22.240662105381492 3.6977296210825434 1381.3310634717345 83.710576120764017 24.070836767554283 1715.4433916136622 155.00907833129168 487.13637994602323 10.884187150746586 95.897068886086345 40.717903558164835 10.679358616471289 154.8894371651113 475.54358721151948 15.81165789067745 8.7300241179764253 737.10044998861849 143.66040382534266 5.9564332384616128 269.72850183397532 103.86081592738628 5.1868412327021352 85.683966305106878 67.91332127712667 9.6496626026928407 17.835194151848555 3.2587920278310776
leaf_count=175 506 8720 499 743 52 13075 695 354 15633 3724 12753 111 2959 695 147 1646 9553 251 211 6822 5188 193 11583 3518 184 1211 2288 103 253 103
internal_value=-0.000438279 0.00399859 0.00131214 -0.0202719 -0.013567 0.00510138 0.0151886 0.00556312 0.00635473 -0.0092068 -0.014219 -0.00626647 -0.00988924 0.0185698 0.0164379 -0.000675527 -0.00726468 -0.0244188 -0.00631181 0.0181405 -0.0290842 -0.00361731 -0.031546 -0.0231428 -0.0370427 -0.0167124 -0.0262949 0.039868 0.00169924 0.0361592
internal_weight=6689.27 5466.27 4408.47 1223 767.319 3241.36 1057.8 3206.53 3096.77 1167.11 763.621 978.454 591.763 872.208 788.498 185.596 957.92 188.656 495.866 747.78 171.857 28.1971 455.68 180.764 274.915 109.755 171.774 20.5338 33.6469 8.99033
internal_count=103948 63998 53487 39950 22099 30772 10511 30273 28708 22715 22047 18487 15923 8359 7664 2152 18273 4228 12964 6969 6124 936 17851 6084 11767 1565 5806 214 504 278
is_linear=0
shrinkage=0.05


Tree=33
num_leaves=31
num_cat=0
split_feature=33 18 33 5 9 4 18 34 18 3 5 37 37 3 33 30 5 4 30 33 18 34 5 3 31 2 35 35 2 35
split_gain=216.209 59.4318 63.2947 38.4143 27.9241 26.9877 24.0698 21.9824 21.267 20.0758 18.0142 17.571 16.9629 16.4252 16.3108 16.1322 15.0895 11.7517 11.263 10.9407 10.7306 10.5674 12.9791 12.1395 11.6509 10.627 11.0335 10.5005 9.66674 10.6664
threshold=45.95000000000001 9.5000000000000018 56.050000000000004 48.150000000000013 55.050000000000004 91.750000000000014 15.500000000000002 1.5000000000000002 9.5000000000000018 55.550000000000004 72.250000000000014 76.129857142857148 54.850000000000009 52.150000000000013 34.750000000000007 459.00000000000006 64.65000000000002 98.850000000000009 487.00000000000006 42.350000000000001 11.500000000000002 1.0000000180025095e-35 57.850000000000001 55.750000000000007 1.0000000180025095e-35 57.750000000000007 10.600000000000003 14.600000000000003 55.150000000000013 29.750000000000011
decision_type=2 2 2 2 2 2 2 10 2 2 2 2 2 2 2 2 2 2 2 2 2 8 2 2 10 2 8 8 2 10
left_child=3 21 10 14 6 7 9 8 19 -4 11 13 -8 -3 -1 -7 -10 -17 -12 -5 -13 23 25 -2 -24 -23 -27 -26 -9 -30
right_child=1 2 4 5 -6 15 12 28 16 -11 18 20 -14 -15 -16 17 -18 -19 -20 -21 -22 22 24 -25 27 26 -28 -29 29 -31
leaf_value=-0.035287696505855233 0.027441509670375255 -0.011274917030553394 0.0073687465060251426 0.02502350884283483 -0.017994953786380059 -0.012602369156932759 0.00888794860280313 -0.027764674373407412 -0.0083418452892905399 0.019622650232663543 0.0067877971781716137 0.020452093424735533 -0.0014506084017031702 0.0010421976593511311 -0.02020130259648167 0.15069530123174291 0.03878388000365942 0.038112631699306516 0.074896984234570058 0.11252872666811549 -0.029993306553440985 0.0055271998363817399 0.039515377770215875 0.076496436439606574 -0.0174583254232096 0.010504358030213653 0.064978704901440962 0.028933371616067717 -0.0082309488957539294 0.081416360158928558
leaf_weight=319.14151462726295 57.423560719937086 658.96131107956171 1431.9367800354958 11.408055899664761 122.20636815950274 5.1702408734709016 603.02651654556394 167.56346795335412 215.11173768527806 437.19136360287666 15.53398981690407 11.367731766775249 1157.7687154561281 458.08001238666475 416.02892146073282 4.8061548583209497 18.318473104387522 4.8493747990578413 10.08560263738036 5.3072920963168135 119.86478518508375 193.41447076946497 96.812634862959385 16.417890261858702 20.681029457598925 21.647777020931244 16.613562911748886 29.19430922716856 28.670428141951561 3.6474483720958224
leaf_count=13431 441 12606 12864 233 1785 128 5389 5810 5622 3756 164 216 11573 8539 13138 104 347 108 98 85 2856 2218 681 128 151 182 150 201 838 106
internal_value=-0.000423113 0.00378687 0.00222343 -0.019645 0.00549358 -0.00837666 0.00628621 -0.0105777 -0.000677237 0.0102385 -0.00740424 -0.00826031 0.00208754 -0.00621976 -0.0267611 0.0577224 -0.00460721 0.0956348 0.0339815 0.0536086 -0.0255733 0.0211483 0.0177385 0.0385047 0.0293915 0.0103292 0.0343959 0.00960036 -0.0229363 0.00195249
internal_weight=6678.25 5478.23 5026.02 1200.02 3752.13 464.853 3629.92 450.027 250.146 1869.13 1273.89 1248.27 1760.8 1117.04 735.17 14.8258 233.43 9.65553 25.6196 16.7153 131.233 452.205 378.364 73.8415 146.688 231.676 38.2613 49.8753 199.881 32.3179
internal_count=103948 63998 59846 39950 35367 13381 33582 13041 6287 16620 24479 24217 16962 21145 26569 340 5969 212 262 318 3072 4152 3583 569 1033 2550 332 352 6754 944
is_linear=0
shrinkage=0.05


Tree=34
num_leaves=31
num_cat=0
split_feature=32 5 5 34 7 7 37 34 36 3 17 3 7 31 7 3 7 14 32 32 37 7 8 31 36 30 37 3 31 5
split_gain=196.431 53.9369 43.9997 33.665 27.0501 25.598 24.5637 22.0598 20.0831 19.8501 19.0365 16.1572 15.9174 15.1108 14.1647 14.0315 14.5688 13.6424 14.5089 13.3814 12.7556 12.4085 11.9329 11.8959 11.0839 14.9414 9.89059 9.61508 7.64687 6.95104
threshold=58.250000000000007 48.150000000000013 57.850000000000001 1.0000000180025095e-35 43.45000000000001 38.750000000000007 52.231142857142864 2.5000000000000004 -1.0000000180025095e-35 55.550000000000004 2760.0000000000005 54.650000000000013 44.150000000000013 21.500000000000004 56.45000000000001 48.150000000000013 68.550000000000011 70.950000000000017 83.15000000000002 39.050000000000004 58.211428571428577 41.250000000000007 51.250000000000007 1.5000000000000002 -1.0000000180025095e-35 537.00000000000011 75.865428571428581 54.150000000000013 4.5000000000000009 59.250000000000007
decision_type=2 2 2 8 2 2 2 10 8 2 2 2 2 10 2 2 2 2 2 2 2 2 2 10 10 2 2 2 8 2
left_child=1 12 3 6 -3 -5 17 9 29 -7 15 -12 -1 14 26 21 -17 18 -2 -14 -9 -10 -19 -8 25 -21 -6 -16 -26 -4
right_child=2 4 8 5 13 7 23 20 10 -11 11 -13 19 -15 27 16 -18 22 -20 24 -22 -23 -24 -25 28 -27 -28 -29 -30 -31
leaf_value=-0.036082406948942304 0.00605387053198745 -0.028784080982681683 0.017371707645682577 -0.032632392532815843 -0.0043091814450336944 -0.0016909194723140509 0.027748748671537357 0.024934483798667598 -0.030530870869377204 0.0093465430820889837 0.023610820074587494 0.092573035026365214 -0.040069260476090655 0.075589666489181542 0.01855914250813593 0.0130763604647854 0.044206203882147965 0.0016949506887141081 0.066658760559297633 -0.024371752613079171 -0.015664399535469362 0.0064681656530980172 0.077803850478005962 0.08543105228045926 -0.0033424359402328702 0.059443943156213035 -0.025361728313058676 -0.00875248253812691 -0.025579628287354619 -0.020743459440943
leaf_weight=211.73524520918727 411.963746920228 111.79424832575023 14.326739508658646 64.489976732060313 453.94250932894647 1642.1515322569758 22.399527924135327 20.509169884026051 23.251342728734016 541.46505883149803 27.346048839390278 12.493049945682285 75.185139259323478 6.0758725348860017 107.4824798591435 1069.1066119428724 39.033374939113855 8.6423683967441338 10.041102036833761 342.96742038801312 298.40620730817318 726.46421624906361 13.181733079254625 15.384469470009206 165.0988406855613 5.2748018242418757 63.721587741747499 45.651950586587191 50.693488350138068 67.162508480250835
leaf_count=8363 4599 3415 201 1279 10030 22010 193 270 275 7006 233 93 2947 126 1767 8558 211 116 59 11229 5293 5869 151 144 4410 160 1971 737 1373 860
internal_value=-0.000407663 -0.0154362 0.00449253 0.000721948 -0.00600673 -0.00155229 0.0128519 -0.000748091 0.0102977 0.00104402 0.011343 0.0455393 -0.0241679 -0.00223369 -0.0029572 0.0106046 0.0141813 0.00953703 0.00752319 -0.0202085 -0.0130308 0.00531011 0.0480379 0.0515307 -0.0175456 -0.0230711 -0.00691469 0.0103841 -0.00859894 -0.013968
internal_weight=6667.44 1639.62 5027.82 3048.63 788.669 2567.02 481.613 2502.53 1979.18 2183.62 1897.69 39.8391 850.955 676.874 670.799 1857.86 1108.14 443.829 422.005 639.22 318.915 749.716 21.8241 37.784 564.035 348.242 517.664 153.134 215.792 81.4892
internal_count=103948 46528 57420 41120 18046 35858 5262 34579 16300 29016 15239 326 28482 14631 14505 14913 8769 4925 4658 20119 5563 6144 267 337 17172 11389 12001 2504 5783 1061
is_linear=0
shrinkage=0.05


Tree=35
num_leaves=31
num_cat=0
split_feature=33 32 7 7 5 1 5 33 7 17 28 2 7 8 37 13 10 31 4 7 8 27 14 32 15 17 8 31 8 36
split_gain=221.388 61.401 41.0557 35.508 23.0904 20.8503 18.7712 17.4453 15.3179 16.459 15.1239 14.45 14.1855 14.0722 13.6232 14.1515 12.8238 12.4957 11.853 11.2609 15.2296 10.7969 10.4235 10.0442 11.1119 9.1306 8.98454 7.17657 6.96755 6.76144
threshold=48.150000000000013 67.750000000000014 45.45000000000001 51.050000000000004 49.150000000000013 63.95000000000001 47.050000000000004 85.250000000000014 38.350000000000001 2150.0000000000005 5.5000000000000009 49.650000000000013 40.550000000000004 27.650000000000002 77.465428571428575 71.050000000000011 55.000000000000007 8.5000000000000018 90.750000000000014 58.750000000000007 64.15000000000002 4.5000000000000009 46.95000000000001 58.250000000000007 69.550000000000011 1750.0000000000002 26.050000000000004 -13.499999999999998 49.95000000000001 -1.0000000180025095e-35
decision_type=2 2 2 2 2 2 2 2 2 2 2 2 2 2 2 2 2 8 2 2 2 2 2 2 2 2 2 10 2 10
left_child=2 3 29 12 11 7 23 8 28 -10 17 -4 -2 -12 15 -14 26 -8 19 27 -21 -9 -20 24 -5 -18 -13 -6 -3 -1
right_child=1 5 4 6 18 -7 10 21 9 -11 13 16 14 -15 -16 -17 25 -19 22 20 -22 -23 -24 -25 -26 -27 -28 -29 -30 -31
leaf_value=-0.036452444089345878 -0.022834543802582333 0.0049961033644580835 -0.030297810863493865 -0.026451261571942469 0.0097085493769077189 0.053099444412025777 0.0071533516304328904 0.011408647628057236 0.0078085498288845328 0.021481926911774852 0.047510267024703158 0.0061557571646798283 -0.004128090582740899 -0.027102863658740574 -0.024055556898851849 0.057933766146412692 -0.0068136044880330151 0.022383288244751401 -0.015379970428840185 0.027091974800347127 -0.038498480115412036 0.053819858755953687 0.069520765519235472 -0.00012465221874439624 0.047420038311130425 0.069725607616818119 -0.017951150213188008 -0.011845915368494563 -0.041650259466468637 -0.021458524176674529
leaf_weight=266.36563706956804 125.53136820532382 12.339816898107527 188.79381618276238 74.692512590438128 44.80019892565906 27.291063085198402 693.83903105184436 26.976217977702618 2450.73497004807 242.33618005365133 7.1652833521366111 43.117805797606707 1074.2494292203337 46.973275158554316 87.998565619811416 9.1553386673331243 7.6360869798809272 167.7547572478652 5.431313542649149 48.226474788039923 10.689534069970248 34.935557059943676 10.06418154761195 180.91884614899755 5.3269847445189944 7.6029988378286362 346.59847969375551 267.34342144615948 21.698291655629873 108.34392983652651
leaf_count=11140 2566 154 7135 1412 1046 169 7809 140 19787 1951 91 1487 17502 665 1852 128 143 1876 104 913 207 172 194 2516 91 133 10928 7263 259 3980
internal_value=-2.02624e-05 0.00459805 -0.0180527 -0.00114803 -0.0126612 0.00964655 0.00513857 0.00921768 0.00861859 0.00904156 0.00851191 -0.0188537 -0.00685549 -0.0170662 -0.00513705 -0.00359372 -0.0134999 0.0101267 -0.00313397 -0.00493943 0.0150617 0.0354693 0.0395339 -0.00667937 -0.0214181 0.0312526 -0.0152703 -0.00873419 -0.024628 -0.0321373
internal_weight=6644.93 5289.92 1355.01 2473.61 980.304 2816.31 1176.67 2789.02 2727.11 2693.07 915.732 593.749 1296.93 54.1386 1171.4 1083.4 404.955 861.594 386.555 371.06 58.916 61.9118 15.4955 260.938 80.0195 15.2391 389.716 312.144 34.0381 374.71
internal_count=103813 59140 44673 36508 29553 22632 14460 22463 22151 21738 10441 19826 22048 756 19482 17630 12691 9685 9727 9429 1120 312 298 4019 1503 276 12415 8309 413 15120
is_linear=0
shrinkage=0.05


Tree=36
num_leaves=31
num_cat=0
split_feature=32 5 30 5 34 7 34 7 5 6 1 30 6 32 7 1 1 7 1 1 1 7 37 21 1 32 9 34 5 10
split_gain=198.603 48.7295 41.854 31.348 32.1383 29.215 26.1088 20.0021 18.7565 18.2564 17.6401 17.3693 16.8578 16.525 15.8485 12.9246 12.7007 15.287 12.2559 11.9129 11.5358 11.1629 9.91405 9.43162 11.6661 9.12579 10.816 10.5128 9.07429 8.70989
threshold=60.650000000000013 47.95000000000001 437.00000000000006 61.250000000000007 1.0000000180025095e-35 43.650000000000013 1.5000000000000002 52.150000000000013 71.850000000000009 52.350000000000001 63.850000000000001 491.00000000000006 61.850000000000001 72.450000000000017 48.650000000000013 53.850000000000001 57.45000000000001 54.150000000000013 40.050000000000004 57.150000000000013 57.850000000000001 64.450000000000017 54.33428571428572 1.0000000180025095e-35 49.550000000000004 52.45000000000001 74.65000000000002 1.0000000180025095e-35 54.150000000000013 55.000000000000007
decision_type=2 2 2 2 8 2 10 2 2 2 2 2 2 2 2 2 2 2 2 2 2 2 2 2 2 2 2 8 2 2
left_child=1 14 16 4 9 19 12 13 -8 21 23 -9 22 -6 15 -1 29 -18 -14 -3 -11 -4 -7 24 -5 26 27 -16 -21 -2
right_child=2 5 3 10 7 6 8 11 -10 20 -12 -13 18 -15 25 -17 17 -19 -20 28 -22 -23 -24 -25 -26 -27 -28 -29 -30 -31
leaf_value=-0.031662538823054774 -0.015507375514676892 -0.030526194403134577 0.0060281009467257245 -0.0017645086179291052 -0.0053303127081200281 0.0033707553254837944 -0.015438935546860497 0.0026310890744423009 0.068376321628540224 0.025100500904284419 0.066266085214795975 0.016578127749837888 -0.045144716063328552 0.0067531784625842741 0.0050573008913253302 -0.010989646274371274 0.024746041971994225 -0.017065182340253081 0.017158736041558511 -0.01785505265946033 0.071661655854130729 0.040006709887896619 -0.014219971409695723 0.040095521397565941 0.014005573125698185 -0.0079320369087305803 0.059101121867569578 -0.027132147546609864 0.072065977255575189 0.013565532753272528
leaf_weight=390.10554122179747 325.30189726315439 134.66665284335613 291.54602986760437 130.39739789627492 1003.2841701097786 231.83734731003642 316.31803955696523 663.37582525983453 6.7012328989803782 157.29525259882212 15.716498032212256 337.24855112656951 8.059344692155717 393.71257340349257 28.619774833321571 94.948227077722549 53.774201879277825 36.574192386120558 214.67425827495754 5.9665274284780008 14.637920208275316 26.355319555848837 122.05457057990134 31.506612010300159 1116.0948303863406 243.15785540640354 3.9386177882552138 205.0473517216742 5.0436020456254482 27.716739075258374
leaf_count=15230 4437 4155 3001 1183 15490 4042 8024 7029 87 1480 77 3292 199 3404 783 2946 573 292 3644 160 94 171 2322 255 8014 5897 97 7074 94 267
internal_value=-2.4384e-05 -0.0131417 0.00567922 0.00722885 0.00432813 -0.00565322 -0.00228225 0.00194118 -0.013664 0.0159987 0.0136983 0.00733796 0.0040863 -0.00192103 -0.02124 -0.0276293 -0.00892165 0.00776489 0.0148627 -0.0264209 0.029133 0.00887248 -0.00268433 0.0130428 0.0123518 -0.014779 -0.0217587 -0.0231677 0.0231645 -0.0132074
internal_weight=6635.68 2011.14 4624.54 4181.17 2887.46 1045.32 899.645 2397.62 323.019 489.835 1293.72 1000.62 576.626 1397 965.817 485.054 443.367 90.3484 222.734 145.677 171.933 317.901 353.892 1278 1246.49 480.764 237.606 233.667 11.0101 353.019
internal_count=103813 54754 49059 43490 33961 22727 18318 29215 8111 4746 9529 10321 10207 18894 32027 18176 5569 865 3843 4409 1574 3172 6364 9452 9197 13851 7954 7857 254 4704
is_linear=0
shrinkage=0.05


Tree=37
num_leaves=31
num_cat=0
split_feature=32 5 30 32 34 6 34 29 28 36 5 34 37 6 37 0 37 30 8 35 29 8 29 14 37 35 35 28 32 4
split_gain=180.785 45.6811 37.7126 27.9257 26.3118 19.418 19.1767 19.1222 17.6512 16.2021 15.7088 14.5512 16.6346 13.7214 12.2068 11.6039 10.9125 10.8033 10.6493 10.607 10.4942 10.2601 9.5798 9.2458 9.01763 16.7579 15.5779 8.95116 11.6891 8.86664
threshold=60.650000000000013 47.95000000000001 437.00000000000006 69.850000000000009 1.5000000000000002 61.850000000000001 1.5000000000000002 52.250000000000007 4.5000000000000009 -1.0000000180025095e-35 70.950000000000017 1.0000000180025095e-35 47.372785714285719 82.550000000000011 54.33428571428572 49.45000000000001 71.753071428571445 473.00000000000006 25.250000000000004 16.400000000000006 51.750000000000007 18.950000000000003 58.250000000000007 52.850000000000001 54.33428571428572 1.7500000000000007 15.250000000000005 2.5000000000000004 58.250000000000007 90.250000000000014
decision_type=2 2 2 2 10 2 10 2 2 10 2 10 2 2 2 2 2 2 2 10 2 2 2 2 2 8 10 2 2 2
left_child=1 9 -2 6 5 24 7 -4 15 14 27 12 -7 -9 21 18 -8 -17 -5 20 -11 -1 -10 -22 25 -3 -26 28 -6 -16
right_child=2 4 3 8 10 11 16 13 22 19 -12 -13 -14 -15 29 17 -18 -19 -20 -21 23 -23 -24 -25 26 -27 -28 -29 -30 -31
leaf_value=0.06645684411140497 -0.0085396447714334578 0.080475765164510826 0.041514706783372365 0.038882092640711359 -0.010433350448993101 0.0089232855965758404 0.0008034767098023185 0.0042682715179547569 -0.0052801846564299411 0.072949334107499805 0.045001465114137107 0.0074334200059413651 0.088590411400221142 0.03275545227890652 -0.031575348172544281 0.009577690689427475 -0.01176597804310457 0.018247585888841115 0.002755689058502962 -0.020753245925845404 -0.01113907138973114 -0.016308993072301367 0.01687080363501433 0.017871743175544241 -0.028143356113317336 -0.0026816033287230317 0.0080933271898363853 -0.020007712564694035 0.052160871664752778 0.012868408944468356
leaf_weight=3.7102285828441373 440.28461364656687 6.1037036851048461 37.424018133431673 21.562482791021466 29.950156595557928 14.129208834841849 476.67730987817049 1212.7336687706411 231.25829962082207 4.2709707971662274 10.235923012718557 225.92255582474172 12.41745521686971 43.770400911569595 404.88234360143542 624.69695496745408 270.06671836227179 857.93022632598877 361.36088345386088 179.47655857726932 140.03763210214674 169.24472466669977 61.741660010069609 33.963668473064899 92.714234253391623 256.71541035734117 43.259673517197371 338.5549865886569 9.7993362955749017 11.328836806118487
leaf_count=132 5569 81 529 164 930 252 6951 14566 2268 103 134 4121 189 497 15912 4724 4636 5974 2732 5734 3643 5327 449 882 1801 4821 972 9227 199 294
internal_value=-2.79625e-05 -0.0126491 0.00537572 0.00683609 -0.0054066 0.000729869 0.0026391 0.0063225 0.0108013 -0.0205954 -0.0157028 0.011585 0.0465686 0.00526713 -0.0256998 0.0125932 -0.00373665 0.0145988 0.00481265 -0.0121704 -0.00349475 -0.0144672 -0.000591252 -0.00544066 -0.00613099 -0.000701468 -0.0165805 -0.01737 0.00496453 -0.0303508
internal_weight=6626.22 1986.72 4639.51 4199.22 1039.8 651.262 2040.67 1293.93 2158.55 946.915 388.54 252.469 26.5467 1256.5 589.166 1865.55 746.744 1482.63 382.923 357.749 178.272 172.955 293 174.001 398.793 262.819 135.974 378.304 39.7495 416.211
internal_count=103813 54754 49059 43490 22727 12237 27179 15592 16311 32027 10490 4562 441 15063 21665 13594 11587 10698 2896 10362 4628 5459 2717 4525 7675 4902 2773 10356 1129 16206
is_linear=0
shrinkage=0.05


Tree=38
num_leaves=31
num_cat=0
split_feature=5 34 3 18 30 1 7 18 0 4 28 37 0 35 27 1 1 4 30 18 3 30 14 0 13 0 8 9 9 7
split_gain=110.345 40.5713 37.168 34.0506 29.5271 23.7934 21.7662 20.0835 19.9079 19.6889 18.8641 18.1868 16.3461 15.803 14.5399 16.3241 14.0417 13.7785 13.5825 13.4468 13.0115 12.7931 12.7887 12.3121 14.1772 12.2849 12.1157 12.0937 11.8291 11.4837
threshold=49.150000000000013 1.0000000180025095e-35 47.550000000000004 15.500000000000002 443.00000000000006 56.550000000000004 43.350000000000001 14.500000000000002 49.350000000000001 91.250000000000014 4.5000000000000009 52.231142857142864 39.150000000000013 2.600000000000001 6.5000000000000009 57.650000000000013 52.050000000000004 93.65000000000002 499.00000000000006 13.500000000000002 55.45000000000001 459.00000000000006 53.550000000000004 49.95000000000001 61.850000000000001 53.95000000000001 50.050000000000004 50.45000000000001 74.350000000000009 58.750000000000007
decision_type=2 8 2 2 2 2 2 2 2 2 2 2 2 10 2 2 2 2 2 2 2 2 2 2 2 2 2 2 2 2
left_child=1 11 7 6 23 8 16 29 20 28 19 14 -8 -10 -1 21 -3 18 -9 -7 -6 -16 -12 24 -4 -20 -25 -13 -5 -2
right_child=2 3 4 9 5 10 12 17 13 -11 22 27 -14 -15 15 -17 -18 -19 25 -21 -22 -23 -24 26 -26 -27 -28 -29 -30 -31
leaf_value=-0.002623204061371297 0.0017902321824253807 -0.034287384194121487 -0.029364582656282747 -0.022551113464632178 -0.0082050445176401667 0.032200224357844469 -0.044695600495348993 -0.01273746190841198 0.017077916936255693 0.0024660719207741902 -0.012158499906763929 0.022868716419028455 -0.0016036600640730635 0.0056382565274349095 -0.017716806418501145 0.094754785598568925 -0.006207219904264958 0.0089245630118475385 -0.007170118728107697 0.016004448833935522 0.0090140436477420503 0.027677695174076363 0.031304428845271237 0.0097226101636703408 0.036720517609882479 0.021200818577067571 -0.0110427160971375 0.09908598249444836 0.01916203365242573 0.018219416230936085
leaf_weight=216.60443907976151 602.71517216041684 99.016767339780927 73.119760220870376 756.04139872267842 288.28868978470564 202.93225741200149 22.469478376209736 576.36154713667929 523.86262112297118 94.909586662426591 73.438390862196684 15.058122113347055 907.22316191531718 717.13910833932459 21.262308029457927 6.9639256428927174 81.829255387187004 122.69805042818189 99.480007067322731 355.0246628113091 176.82994563877583 55.833171181380749 21.866117743775249 149.19288465380669 8.9775228798389417 61.64302221685648 132.56201754324138 8.1286872494965774 17.184947296977043 129.31916997395456
leaf_count=3683 7161 3610 1398 20532 4327 1418 957 8236 5123 1293 848 187 18727 9139 379 71 1878 1051 1304 2777 2622 998 269 1953 143 725 1543 110 356 995
internal_value=-3.08001e-05 -0.00887014 0.0046844 -0.0115562 0.0082327 0.0102779 -0.00574967 -0.00138139 0.00716542 -0.0189768 0.0183968 0.00752431 -0.00265521 0.0104723 0.00420765 0.021851 -0.0216197 -0.00656381 -0.00914831 0.0219086 -0.00164737 0.0150868 -0.00211185 -0.00501486 -0.0220413 0.00365954 -2.99178e-05 0.050114 -0.0216152 0.00470149
internal_weight=6617.98 2302.53 4315.45 1978.67 2723.23 2359.38 1110.54 1592.22 1706.12 868.136 653.261 323.851 929.693 1241 300.664 84.0594 180.846 860.183 737.485 557.957 465.119 77.0955 95.3045 363.852 82.0973 161.123 281.755 23.1868 773.226 732.034
internal_count=103813 52781 51032 47353 31560 26523 25172 19472 21211 22181 5312 5428 19684 14262 5131 1448 5488 11316 10265 4195 6949 1377 1117 5037 1541 2029 3496 297 20888 8156
is_linear=0
shrinkage=0.05


Tree=39
num_leaves=31
num_cat=0
split_feature=33 33 18 18 35 1 18 32 18 33 2 30 5 5 18 5 35 5 35 33 30 33 29 9 9 31 2 17 31 31
split_gain=170.202 43.9537 31.2646 28.5514 22.5312 21.0493 17.517 17.3682 17.9817 16.637 16.2395 16.2232 15.9813 15.7392 15.5916 15.1522 15.1297 14.5737 14.8795 14.5031 13.9195 12.8318 12.8162 12.411 14.1617 12.375 11.7503 10.9467 10.8454 9.58135
threshold=48.150000000000013 60.650000000000013 13.500000000000002 15.500000000000002 32.250000000000014 56.350000000000001 7.5000000000000009 58.250000000000007 11.500000000000002 85.250000000000014 54.050000000000004 469.00000000000006 49.650000000000013 48.250000000000007 13.500000000000002 61.650000000000013 29.250000000000011 38.850000000000001 38.900000000000013 74.250000000000014 447.00000000000006 38.050000000000004 53.500000000000007 48.45000000000001 48.95000000000001 -9.4999999999999982 55.150000000000013 1750.0000000000002 -12.499999999999998 13.500000000000002
decision_type=2 2 2 2 10 2 2 2 2 2 2 2 2 2 2 2 8 2 10 2 2 2 2 2 2 10 2 2 10 8
left_child=2 3 7 15 12 6 -3 17 10 14 16 19 -5 -4 -7 23 -9 -1 28 -8 -17 -12 -13 -2 -25 -14 29 -16 -19 -15
right_child=1 5 13 4 -6 9 11 8 -10 -11 21 22 25 26 27 20 -18 18 -20 -21 -22 -23 -24 24 -26 -27 -28 -29 -30 -31
leaf_value=-0.037933598464404986 -0.032162176284961319 0.03790644610764856 -0.027465812180001378 -0.019629819088141078 0.035305252712146025 0.019704588895083849 -0.0047669101313908375 -0.025333762174545377 -0.01098077443066026 0.046287174469917272 0.13134486397563691 0.031528339360348996 0.011901662014868458 -0.023032279678773901 0.0021162356075089856 -0.016228146965851811 0.030581082086356948 0.016884707862205025 0.069612672969874556 0.011445665877105589 0.020817666332988483 0.040322672140119142 0.0063487054333724218 0.027076496629284227 -0.00021759651142994586 -0.0092240749450032185 0.0030843680253363282 0.014212092594929355 -0.01360459098120409 -0.00036023184361390538
leaf_weight=45.523159662261605 28.588160989806056 38.353953953832388 502.81610186584294 321.1227965708822 26.798496840521693 396.68722233921289 683.33779429644346 18.626603117212653 57.948360623791814 35.789348810911179 5.0631970968097475 52.725776944309473 87.60856494307518 233.9670855011791 425.24636218324304 29.542407151311636 33.836619600653648 34.024510273709893 6.0568872001022092 172.6366335824132 170.83592380955815 17.481764912605286 1236.0786449536681 50.050965888425708 901.53382239863276 328.25169443897903 79.835737148299813 335.50995733588934 196.52382044494152 58.749480260536075
leaf_count=1984 544 238 20308 6807 448 2577 6590 454 1457 169 129 439 1317 7564 3356 332 702 1069 177 1118 1745 319 10381 890 14309 5376 1987 2504 6945 1578
internal_value=-3.33791e-05 0.00391686 -0.0163236 -0.00206963 -0.00960326 0.00736572 0.00444318 -0.00500444 0.00986866 0.0127078 0.0260359 0.0038407 -0.0112476 -0.0216841 0.0116612 0.00280057 0.0106235 -0.0120323 -0.00701382 -0.00149029 0.0153256 0.0614752 0.00738507 0.000233656 0.00121544 -0.00475974 -0.0138621 0.00745851 -0.00907791 -0.0185007
internal_weight=6611.15 5320.7 1290.45 1944.33 763.782 3376.37 2183.13 415.085 132.957 1193.23 75.0082 2144.78 736.983 875.368 1157.44 1180.55 52.4632 282.128 236.605 855.974 200.378 22.545 1288.8 980.173 951.585 415.86 372.552 760.756 230.548 292.717
internal_count=103813 59140 44673 31768 13948 27372 18766 13236 3061 8606 1604 18528 13500 31437 8437 17820 1156 10175 8191 7708 2077 448 10820 15743 15199 6693 11129 5860 8014 9142
is_linear=0
shrinkage=0.05


Tree=40
num_leaves=31
num_cat=0
split_feature=33 18 33 7 33 37 4 7 33 18 32 7 3 36 16 5 37 5 32 9 3 37 30 35 32 4 3 33 1 33
split_gain=147.643 42.3098 45.9831 39.2492 22.4275 21.9666 18.2442 19.4076 17.798 17.1572 16.8081 14.6825 16.367 15.0512 13.413 13.3616 12.6697 12.2795 11.7998 11.7867 10.2767 10.0496 9.86345 9.44975 7.91075 8.03864 8.87334 8.6754 7.82465 8.81338
threshold=45.95000000000001 12.500000000000002 54.45000000000001 44.250000000000007 85.250000000000014 77.750000000000014 91.250000000000014 40.350000000000001 34.150000000000013 8.5000000000000018 53.850000000000001 54.95000000000001 61.750000000000007 -1.0000000180025095e-35 54.050000000000004 47.550000000000004 70.603071428571454 58.850000000000001 63.650000000000013 58.350000000000001 60.45000000000001 69.50275000000002 487.00000000000006 0.80000000000000027 61.650000000000013 78.550000000000011 46.050000000000004 57.250000000000007 56.050000000000004 58.45000000000001
decision_type=2 2 2 2 2 2 2 2 2 2 2 2 2 10 2 2 2 2 2 2 2 2 2 10 2 2 2 2 2 2
left_child=3 9 11 -1 6 8 7 -4 -5 24 -11 12 16 -14 -8 -13 -3 18 -10 20 -12 -19 -17 -6 25 26 -2 -27 29 -26
right_child=1 2 4 5 23 -7 14 -9 17 10 19 15 13 -15 -16 22 -18 21 -20 -21 -22 -23 -24 -25 28 27 -28 -29 -30 -31
leaf_value=-0.034982831473544841 0.014534476257908652 -0.0124635879170591 -0.021909303203248531 -0.020182324377422602 0.051413513288065815 -0.032404552216768634 0.0091062774669214714 0.0014650963679825161 -0.0096925988510557122 -0.012282257478526959 0.0088671587062792139 -0.018031376937058901 -0.014648519288914265 0.055691253899819299 0.061465962129595778 0.00010080509622308276 -0.030955362424520818 0.031097018280546503 0.012845383842375633 -0.024245235628625364 0.026294560376756721 -0.018457886906307227 0.02874478596001831 0.010439335185046104 -0.0098566714975974485 -0.01532150809721556 0.068614462049661581 0.045593414103302352 0.030583547611244977 0.018814649396028473
leaf_weight=238.06634757108986 11.161359468474982 429.06247579306364 92.010708192363381 233.96253427490592 32.984054163098335 114.08491222560406 609.90300435945392 2464.6471076775342 376.47679616883397 95.228123029693961 1045.784126598388 60.065546995028853 14.692300034686925 15.409863566979764 12.424084305763243 84.080656889826059 118.94074967131019 41.282212318852544 68.403245713561773 25.081412333995104 92.378264470025897 13.381144810467957 46.980800166726112 25.211020849645138 39.50479307025671 11.700407521799209 25.902175754308701 11.350312724709509 69.393375959247351 81.833754200488329
leaf_count=11086 142 9635 1428 9691 153 5003 5057 25380 11601 1792 9821 1206 352 299 103 1279 3142 776 1508 385 822 310 669 133 396 181 340 102 444 506
internal_value=-0.00018251 0.00313424 0.000445035 -0.0170368 0.00305746 -0.0119868 0.00249212 0.000621103 -0.0088003 0.0102688 0.00788141 -0.0105414 -0.0145135 0.0212594 0.0101693 0.00144826 -0.0164912 -0.00345652 -0.00621389 0.00953731 0.0102882 0.0188635 0.0104208 0.033797 0.0222183 0.0380983 0.0525462 0.0145248 0.0171698 0.00943838
internal_weight=6601.39 5515.73 4006.41 1085.66 3237.18 847.591 3178.98 2556.66 733.506 1509.32 1258.47 769.232 578.105 30.1022 622.327 191.127 548.003 499.543 444.88 1163.24 1138.16 54.6634 131.061 58.1951 250.846 60.1143 37.0635 23.0507 190.732 121.339
internal_count=103742 63767 48836 39975 32254 28889 31968 26808 23886 14931 12820 16582 13428 651 5160 3154 12777 14195 13109 11028 10643 1086 1948 286 2111 765 482 283 1346 902
is_linear=0
shrinkage=0.05


Tree=41
num_leaves=31
num_cat=0
split_feature=33 32 7 18 33 34 9 7 30 0 18 8 7 5 29 5 4 18 2 17 9 33 9 18 30 8 8 13 37 7
split_gain=135.225 38.1665 37.713 37.6997 28.2862 26.8036 18.5249 16.0636 15.4449 14.0687 16.8557 14.3784 14.3223 13.841 13.4147 13.125 25.4855 13.0485 12.7148 12.4676 11.8781 10.5829 10.4735 13.1674 15.4698 9.69607 9.29111 9.03248 9.00219 9.35935
threshold=45.95000000000001 74.450000000000017 44.250000000000007 12.500000000000002 54.45000000000001 1.5000000000000002 49.550000000000004 39.750000000000007 419.00000000000006 57.350000000000001 8.5000000000000018 46.550000000000004 45.850000000000001 72.250000000000014 52.250000000000007 59.050000000000004 48.850000000000001 13.500000000000002 48.850000000000001 1550.0000000000002 75.15000000000002 34.150000000000013 51.150000000000013 15.500000000000002 481.00000000000006 28.050000000000004 36.750000000000007 47.750000000000007 79.36142857142859 60.95000000000001
decision_type=2 2 2 2 2 10 2 2 2 2 2 2 2 2 2 2 2 2 2 2 2 2 2 2 2 2 2 2 2 2
left_child=2 3 -1 9 13 15 27 -6 -9 10 26 -11 -12 18 -13 17 19 25 -5 -17 -19 -7 23 24 -8 -4 -2 -3 29 -23
right_child=1 6 5 4 7 21 22 8 -10 11 12 14 -14 -15 -16 16 -18 20 -20 -21 -22 28 -24 -25 -26 -27 -28 -29 -30 -31
leaf_value=-0.034392060983738086 0.052426065152578409 -0.0098554661070706113 0.038999880588760798 -0.023980840950119865 -0.022517026084959417 -0.032454287199444813 0.0063906092741414138 -0.023275070972738458 0.0019254176782971422 -0.00017521217905746791 -0.010589476165179662 0.080112678855932012 0.0060428457815389237 0.038055269561662941 0.023602910325694046 0.1384488756118406 0.00079227570326805821 -0.01393763466675973 -0.0080447299987983969 0.032175533667928205 0.072771217186090351 -0.01260439792817095 -0.0062407787807540922 0.0013534169533772223 0.025355451073353127 0.00068785219197188411 0.015693538784885965 0.02360538672696106 -0.033555924594074263 0.033832732358180719
leaf_weight=230.2494989130646 19.508774146437645 21.378406751900911 19.070941708981991 162.71574725024402 73.190975919365883 140.54966443963349 239.04660200700164 62.343444867059588 2282.8882160950452 64.668539758771658 161.92694808542728 11.329495029523967 641.01753593795002 14.123383939266203 148.39773848839104 5.6439763810485584 37.679781533777714 277.00160473585129 550.90902266465127 5.756826302036643 3.8915926907211533 165.14936679415405 124.42957394570112 300.92878506705165 196.86336189508438 121.34728814847767 153.70029857009649 294.44078441336751 50.487320195883512 11.46728487126529
leaf_count=11086 195 166 524 4007 1215 7451 1522 768 24851 673 2574 106 6756 154 1352 119 726 8835 12048 117 94 5638 831 2023 1192 3250 1391 1943 1870 265
internal_value=-0.000178019 0.00297058 -0.0164618 0.000806448 -0.00206876 -0.0115261 0.0109572 0.00053009 0.00125242 0.00834495 0.00574141 0.0196408 0.00268154 -0.0107109 0.0276901 -0.00360652 0.0208136 -0.00646747 -0.0116882 0.0859674 -0.0126931 -0.0216414 0.00714868 0.00941707 0.0149707 0.00595085 0.0198875 0.0213221 -0.0149162 -0.00954362
internal_weight=6592.1 5523.81 1068.3 4346.72 3146.17 838.046 1177.09 2418.42 2345.23 1200.55 976.154 224.396 802.944 727.748 159.727 470.392 49.0806 421.311 713.625 11.4008 280.893 367.654 861.268 736.839 435.91 140.418 173.209 315.819 227.104 176.617
internal_count=103742 63767 39975 56090 43043 28889 7677 26834 25619 13047 10916 2131 9330 16209 1458 13665 962 12703 16055 236 8929 15224 5568 4737 2714 3774 1586 2109 7773 5903
is_linear=0
shrinkage=0.05


Tree=42
num_leaves=31
num_cat=0
split_feature=32 2 18 32 36 3 10 35 35 9 15 0 2 1 18 6 37 32 36 2 37 31 15 37 18 35 3 6 0 8
split_gain=102.788 39.284 38.8231 31.1113 19.3774 17.3986 27.8658 16.667 16.4921 15.4127 13.7569 13.5312 13.3968 13.3038 12.9358 14.1231 11.7179 11.5304 11.4998 11.3407 9.77427 8.96586 8.68097 8.5311 8.46288 8.44945 12.2219 8.27651 8.07524 10.7621
threshold=58.650000000000013 48.95000000000001 11.500000000000002 74.450000000000017 -1.0000000180025095e-35 55.95000000000001 65.000000000000014 3.600000000000001 26.900000000000006 49.650000000000013 63.850000000000001 47.45000000000001 48.550000000000004 53.350000000000001 13.500000000000002 74.450000000000017 56.257285714285722 53.050000000000004 -1.0000000180025095e-35 64.850000000000009 54.550000000000004 -3.4999999999999996 48.95000000000001 52.231142857142864 8.5000000000000018 16.750000000000007 56.45000000000001 48.45000000000001 57.350000000000001 48.95000000000001
decision_type=2 2 2 2 8 2 2 8 8 2 2 2 2 2 2 2 2 2 8 2 2 10 2 2 2 8 2 2 2 2
left_child=1 17 10 5 -3 6 18 14 9 -5 24 -9 16 -11 15 -6 -7 -1 -4 -13 27 -16 -22 -12 25 -2 -27 -10 -26 -30
right_child=2 4 3 8 7 12 -8 11 20 13 23 19 -14 -15 21 -17 -18 -19 -20 -21 22 -23 -24 -25 28 26 -28 -29 29 -31
leaf_value=-0.032088186875396357 0.009047877722800534 -0.02110746679771958 -0.016568472009491225 0.014708798099194544 0.013233015705363553 0.0089817249620788957 0.013476342217249696 -0.019925249965679747 0.031010441271215401 -0.020955289857543517 0.017745749500120721 -0.0033886363592632641 0.0089254866270953373 0.0022894163192344512 0.046352955285088218 0.098450065963394812 -0.020294569620231181 -0.014341436201201513 -0.0039573987441643274 0.079945276100648138 0.010073871390552793 -0.010404094215371753 0.030982858273130381 -0.0087253333854308227 0.0090803308274228275 0.023424921952013004 0.061936361624625215 0.0032845046809968459 0.0018317824769478017 0.032190460280649986
leaf_weight=236.86198956891894 62.54820004478097 197.11397954635322 199.61744961515069 194.41222814098001 10.164216455072166 57.639205638319254 221.73111028969288 138.33522144239396 32.636733677238226 78.40641225874424 41.652891308069229 772.64624122343957 572.13561622984707 283.9315585680306 9.3439265694469196 9.5692331790924055 83.130954392254353 151.69943699613214 1943.6276293713599 4.0001225341111413 77.180405020713806 26.141338009387255 144.07273345440626 111.91442267782986 506.10975136049092 97.454305656254292 26.471064472571015 154.97985149733722 42.731662463396788 94.634144688025117
leaf_count=10188 535 7119 4013 1371 176 696 2095 5004 190 622 307 19606 7108 1903 191 134 1316 4748 25398 71 499 469 924 929 4988 781 207 1031 387 736
internal_value=-0.000173588 -0.0114044 0.00330155 0.001133 -0.00681362 -0.0013222 -0.00338748 -0.00390253 0.00896339 0.00335132 0.0122109 -0.00551768 0.00552161 -0.00273111 0.0227319 0.055097 -0.00827385 -0.025178 -0.00513502 -0.00294275 0.0165903 0.00448884 0.0237195 -0.00150603 0.0147549 0.0241607 0.0317348 0.00814814 0.0120181 0.0227911
internal_weight=6582.89 1555.88 5027.02 4043.5 1167.31 3077.88 2364.98 970.2 965.62 556.75 983.516 914.982 712.906 362.338 55.2187 19.7334 140.77 388.561 2143.25 776.646 408.87 35.4853 221.253 153.567 829.949 186.474 123.925 187.617 643.476 137.366
internal_count=103742 47706 56036 47166 32770 40626 31506 25651 6540 3896 8870 24681 9120 2525 970 310 2012 14936 29411 19677 2644 660 1423 1236 7634 1523 988 1221 6111 1123
is_linear=0
shrinkage=0.05


Tree=43
num_leaves=31
num_cat=0
split_feature=32 7 18 34 37 32 5 7 2 3 7 30 13 32 1 2 10 30 2 28 35 10 7 1 3 7 13 35 0 5
split_gain=93.5951 46.0192 35.8569 26.2457 22.9757 21.2824 21.0096 17.3066 16.2427 14.2553 13.5884 13.2683 15.1795 12.9761 12.9669 12.0636 11.3639 10.6863 10.6267 11.6554 10.3904 9.68051 11.2087 9.02927 9.02222 8.61022 7.96383 7.58018 7.55585 7.48925
threshold=58.650000000000013 44.250000000000007 15.500000000000002 1.5000000000000002 69.272785714285732 77.250000000000014 64.850000000000009 54.150000000000013 63.250000000000007 58.45000000000001 36.350000000000001 467.00000000000006 48.250000000000007 70.65000000000002 55.250000000000007 64.850000000000009 65.000000000000014 437.00000000000006 48.95000000000001 5.5000000000000009 3.2500000000000013 55.000000000000007 49.750000000000007 60.750000000000007 41.650000000000013 39.95000000000001 52.750000000000007 13.600000000000003 46.95000000000001 44.45000000000001
decision_type=2 2 2 10 2 2 2 2 2 2 2 2 2 2 2 2 2 2 2 2 10 2 2 2 2 2 2 8 2 2
left_child=1 28 5 15 6 7 17 8 10 20 -2 24 -13 21 16 18 -5 -4 -3 -20 23 -6 -23 -7 -9 -19 -22 -11 -1 -15
right_child=2 3 4 14 13 9 -8 11 -10 27 -12 12 -14 29 -16 -17 -18 25 19 -21 26 22 -24 -25 -26 -27 -28 -29 -30 -31
leaf_value=-0.040901109756783474 -0.044058967060137351 -0.014300358367997075 -0.015070990026268861 -0.021953945229870063 -0.016549041224963739 0.016591248465577937 0.012814766228836268 -0.016279515906843987 0.04179958758274388 0.021565007037705395 0.001854133483697415 0.034855754474477287 0.011936292816283837 -0.02480178785431017 -0.0017878393250873104 0.081767770131694062 0.04022572730191197 -0.025898566663058949 0.0035349508822952996 -0.02014342422007144 -0.010322150226619684 0.052667059706312608 -0.010691881954836132 0.047423010670647192 0.0064497383748652326 0.0011326575408775719 0.014850457734202719 0.059807221252764935 -0.023325304667105546 0.0021839409283148131
leaf_weight=87.937264698557556 16.178042236715555 131.16671282611787 126.44047082588077 350.01124379970133 401.38780539855361 180.44822770915926 337.87066140957177 51.854389980435371 25.160965582355857 25.413521680980921 1548.9208001624793 86.298761745914817 453.89226785115898 28.584485532715917 123.14440082572401 4.2875716201961032 7.3613318372517815 30.254390597343445 565.06196454167366 57.105402488261461 61.54996656998992 11.052100906148555 18.35891517996788 27.591673921793699 271.32709991745651 993.8177580293268 63.818642355501652 27.95340371504426 213.39656138420105 247.10332676023245
leaf_count=4365 306 3746 1808 13967 7463 1040 2396 474 217 146 19181 856 3631 339 3011 66 142 565 12441 1491 433 158 203 134 2520 11563 409 163 8477 2031
internal_value=-0.000168314 -0.0109577 0.00312955 -0.00668645 -0.00166847 0.00683882 0.00185327 0.00511715 0.00201891 0.0177437 0.00137356 0.0108172 0.0156128 -0.00909414 -0.0158266 -0.000881448 -0.0206483 -0.00136228 -0.00136927 0.00135072 0.0138725 -0.0145144 0.0130456 0.0207252 0.00278346 0.000326735 0.00245369 0.0417641 -0.0284828 -0.000603903
internal_weight=6574.75 1539.47 5035.28 1238.14 2194.87 2840.41 1488.38 2453.63 1590.26 386.775 1565.1 863.373 540.191 706.487 480.517 757.622 357.373 1150.51 753.334 622.167 333.409 430.799 29.411 208.04 323.181 1024.07 125.369 53.3669 301.334 275.688
internal_count=103742 47706 56036 34864 26526 29510 16332 27185 19704 2325 19487 7481 4487 10194 17120 17744 14109 13936 17678 13932 2016 7824 361 1174 2994 12128 842 309 12842 2370
is_linear=0
shrinkage=0.05


Tree=44
num_leaves=31
num_cat=0
split_feature=5 7 2 7 0 28 30 28 9 30 17 3 7 10 0 17 5 3 0 30 18 30 18 27 5 17 36 0 6 0
split_gain=66.3951 33.9654 27.2931 28.7186 25.5195 23.8986 22.8651 17.3774 17.1835 17.1914 15.4467 15.0853 14.8792 13.1158 18.1196 12.7993 13.0289 12.6045 14.0769 12.0743 10.2802 10.1293 10.4862 10.0047 12.6445 10.5115 9.78036 9.73211 9.70428 11.8349
threshold=46.750000000000007 51.150000000000013 53.350000000000001 49.250000000000007 45.45000000000001 4.5000000000000009 459.00000000000006 4.5000000000000009 55.050000000000004 437.00000000000006 1075.0000000000002 39.250000000000007 38.050000000000004 55.000000000000007 57.550000000000004 1350.0000000000002 46.250000000000007 60.650000000000013 49.850000000000001 481.00000000000006 14.500000000000002 429.00000000000006 10.500000000000002 7.5000000000000009 66.65000000000002 2550.0000000000005 -1.0000000180025095e-35 47.45000000000001 76.050000000000011 50.050000000000004
decision_type=2 2 2 2 2 2 2 2 2 2 2 2 2 2 2 2 2 2 2 2 2 2 2 2 2 2 8 2 2 2
left_child=2 4 3 19 -2 6 17 11 9 -6 -5 -4 -11 28 -15 16 -13 20 -19 -1 -3 -12 -23 25 -25 -8 -21 -28 29 -9
right_child=1 5 7 10 8 -7 23 13 -10 12 21 15 -14 14 -16 -17 -18 18 -20 26 -22 22 -24 24 -26 -27 27 -29 -30 -31
leaf_value=-0.026843002318898704 -0.017188125249679494 0.0061648597176920837 -0.026421986388055305 0.057382093836875883 -0.012761538487532904 -0.0050759394577108994 0.009830426275445784 0.029217146851552019 -0.021599460037722316 -0.025882208837438275 -0.027084800270301402 0.032156990344597694 0.0033392097454656381 0.075426233777839385 -0.024098106558518212 0.0035179871775085519 -0.036491219090340338 -0.024934770070793099 0.039999070769490636 -0.033855043718357743 -0.0067229233662723237 0.016524721280595459 -0.006716323928487475 0.015018152208080169 0.042867541399269737 0.049067381533238585 -0.022787516326173873 0.0050349492338543928 -0.034236140961156084 -0.013162802606864647
leaf_weight=372.5053634904325 236.55447485204786 280.60432697832584 33.239274011924863 9.6878053648397309 201.83803626149893 369.01237357221544 1301.0682950681075 18.091696817427874 87.092361211776733 44.532500687986612 50.785050239413977 75.713259907439351 1767.1923076687381 9.8361221887171286 8.30111340805888 276.96632239501923 7.4558347407728425 10.553004439920185 37.50428793951869 36.411114141345024 344.41990170907229 56.576280832290649 334.86450548376888 168.60011811740696 54.239034805446863 17.272226892411709 48.186108853667974 89.468645454384387 48.26008206512779 169.31064331158996
leaf_count=12752 5717 2749 623 199 3514 4920 11749 511 1791 923 1516 1229 23633 144 117 4602 104 147 368 1383 4155 1106 8053 1728 331 180 1688 2136 1362 4312
internal_value=-0.000163603 0.00274333 -0.00885796 -0.0140419 -0.0016223 0.00669498 0.00865903 -0.000851336 0.000128917 0.00107224 -0.0047006 0.0057209 0.00261679 -0.0110559 0.0297191 0.00870797 0.0259064 0.000962338 0.0256141 -0.021754 -0.0009289 -0.00608461 -0.00334108 0.0120169 0.0218353 0.010352 -0.0108255 -0.00467749 -0.0142265 -0.0090314
internal_weight=6566.14 4920.48 1645.66 998.485 2337.21 2583.27 2214.26 647.174 2100.66 2013.56 451.914 393.375 1811.72 253.8 18.1372 360.135 83.1691 673.082 48.0573 546.571 625.024 442.226 391.441 1541.18 222.839 1318.34 174.066 137.655 235.662 187.402
internal_count=103742 61905 41837 28833 35578 26327 21407 13004 29861 28070 10874 6558 24556 6446 261 5935 1333 7419 515 17959 6904 10675 9159 13988 2059 11929 5207 3824 6185 4823
is_linear=0
shrinkage=0.05


Tree=45
num_leaves=31
num_cat=0
split_feature=32 7 7 5 34 34 1 17 1 28 1 15 3 3 12 8 12 18 7 4 31 3 7 34 18 30 0 18 12 5
split_gain=90.4535 35.9905 27.3547 27.3182 22.6084 20.1609 17.9037 17.8616 22.2776 21.5071 15.7825 15.6233 13.7316 13.2404 17.1199 12.4336 26.2579 11.5733 11.5315 10.5398 10.2974 9.60345 9.34357 8.6854 17.01 9.37463 8.67824 8.35427 8.26428 7.40863
threshold=60.050000000000004 45.250000000000007 41.650000000000013 43.150000000000013 1.5000000000000002 1.0000000180025095e-35 55.250000000000007 2675.0000000000005 56.150000000000013 4.5000000000000009 56.550000000000004 59.150000000000013 57.650000000000013 49.45000000000001 96.250000000000014 28.750000000000004 89.65000000000002 9.5000000000000018 63.45000000000001 42.750000000000007 19.500000000000004 57.150000000000013 56.750000000000007 1.5000000000000002 7.5000000000000009 527.00000000000011 46.250000000000007 10.500000000000002 60.95000000000001 45.350000000000001
decision_type=2 2 2 2 10 8 2 2 2 2 2 2 2 2 2 2 2 2 2 2 10 2 2 10 2 2 2 2 2 2
left_child=1 10 -2 23 6 15 12 8 22 -10 27 21 17 29 -15 16 -5 -4 -14 -7 -21 -12 -6 24 -3 -25 -9 -1 -28 -8
right_child=2 3 4 5 7 19 13 26 9 -11 11 -13 18 14 -16 -17 -18 -19 -20 20 -22 -23 -24 25 -26 -27 28 -29 -30 -31
leaf_value=-0.0056760917363650647 -0.012502955556812143 0.093619458025336888 0.015338597563020546 -0.0011285629287679493 -0.010902984510876755 -0.020167238474064774 -0.014347771578539757 -0.011433633638419219 0.0082245449344170024 -0.013203208515900518 -0.019285154271761893 0.078543511560351442 0.010199563743450463 0.010366306926262173 0.029239150363924868 0.0081630350818635532 0.10511306024087469 0.00074618123350088513 0.044886107563212319 -0.0038493016324679316 0.058594608049142717 0.055936102575120356 0.0026953495889408992 -0.031295680606844456 -0.014132186079654935 0.037961352646550497 0.053442284018761436 -0.028980523275470196 0.012689592669833553 0.0078512004133084838
leaf_weight=44.199266243726015 267.93884351104498 3.6346878092735997 148.835927573964 12.467616239562631 601.14068400487304 105.5020804926753 41.687419377267361 12.791857162490485 606.72480564936996 144.87368948943913 25.822727265767757 6.3627853859215966 345.26546847261488 311.55908336117864 197.01402259804308 136.60132894851267 10.64908773638308 1562.1701994501054 25.783877335488796 761.95831535756588 6.5515219978988162 4.9572925325483075 159.18188944086432 131.85413888748735 168.38764538057148 4.9279978899285188 26.730542792007327 330.6295492015779 24.074896227568388 363.34287620522082
leaf_count=1585 4313 73 1163 276 9385 3298 421 201 5484 1840 791 165 3490 2169 1372 2407 240 16703 173 18055 133 143 1773 5845 5122 201 287 14296 250 2549
internal_value=-0.000508379 -0.0102345 0.00301711 -0.00626153 0.00392816 -0.00235703 0.0064784 -0.000917737 -0.00201337 0.0040864 -0.0231649 0.00780208 0.00391402 0.0123159 0.0176915 0.0139633 0.04784 0.00201928 0.0126348 -0.0053464 -0.00330291 -0.00686653 -0.00804947 -0.0193108 -0.0117734 -0.028738 0.0250129 -0.0262481 0.0342921 0.00555107
internal_weight=6593.62 1754.51 4839.12 1342.53 4571.18 1033.73 2995.66 1575.52 1511.92 751.598 411.972 37.1428 2082.06 913.603 508.573 159.718 23.1167 1711.01 371.049 874.012 768.51 30.78 760.323 308.804 172.022 136.782 63.5973 374.829 50.8054 405.03
internal_count=104203 52630 51573 35650 47260 24409 28040 19220 18482 7324 16980 1099 21529 6511 3541 2923 516 17866 3663 21486 18188 934 11158 11241 5195 6046 738 15881 537 2970
is_linear=0
shrinkage=0.05


Tree=46
num_leaves=31
num_cat=0
split_feature=33 33 34 15 34 17 29 5 29 10 0 0 0 5 33 27 3 35 1 1 27 27 29 32 32 34 8 31 1 5
split_gain=103.363 38.7322 28.4376 23.2249 20.4044 19.0653 16.1114 16.3109 15.5353 15.8748 15.1584 14.2923 14.1287 13.438 13.1637 12.607 11.4188 17.0868 11.0492 10.9467 10.626 9.83589 9.49697 8.56701 8.46838 8.17967 13.3597 7.78721 7.76987 7.72507
threshold=41.95000000000001 64.850000000000009 1.5000000000000002 55.45000000000001 1.5000000000000002 2350.0000000000005 52.250000000000007 63.250000000000007 59.750000000000007 65.000000000000014 46.250000000000007 49.550000000000004 55.45000000000001 69.15000000000002 76.550000000000011 6.5000000000000009 50.250000000000007 31.400000000000006 54.45000000000001 59.650000000000013 4.5000000000000009 4.5000000000000009 56.750000000000007 78.250000000000014 75.250000000000014 1.0000000180025095e-35 28.750000000000004 1.5000000000000002 49.750000000000007 56.350000000000001
decision_type=2 2 10 2 10 2 2 2 2 2 2 2 2 2 2 2 2 10 2 2 2 2 2 2 2 8 2 10 2 2
left_child=4 2 3 6 5 13 12 -8 9 18 -10 15 -2 25 16 23 17 -13 -4 29 -7 22 -16 -3 -5 26 -1 -23 -18 -6
right_child=1 11 8 24 19 20 7 -9 10 -11 -12 14 -14 -15 21 -17 28 -19 -20 -21 -22 27 -24 -25 -26 -27 -28 -29 -30 -31
leaf_value=0.034411321018938797 0.0021170684864815505 -0.0084289808134879809 -0.016187696725332899 0.0073468639316416895 -0.030564924776501176 0.10383560757107602 -0.0058814360027157793 0.010160181488947775 -0.021351809763614647 0.012679293852047689 0.02770388381234816 0.00088233721262613455 0.053589953634101184 0.070370900162445876 0.015574844090759904 0.011270332555675236 -0.0046364124484470654 0.05408193497401477 -0.0059854947863743797 0.044702840926151982 0.005971049355014562 0.015726544946346042 -0.010162615340120768 0.012540495612271815 0.026744471884649498 -0.017381057799715216 -0.011110582400205016 0.035826144578827046 0.011511273885811975 -0.0040143325186537092
leaf_weight=21.330161178484559 31.363115789368749 350.20353440567851 525.83793194405735 632.97506867721677 307.86915277317166 5.3512152917683107 1043.1394612081349 186.56111921928823 21.829132378101349 75.382938714697957 55.149556681513786 790.41282234713435 23.37774077244103 4.741757057607173 117.14684782922268 154.30064756423235 81.27152069658041 15.294225085526703 540.41756688989699 5.0929625565186134 5.909126702696085 117.24256745353341 51.30047931522131 56.313652649521828 61.971624303609133 287.47324469313025 64.901545729488134 83.826144650578499 835.23139699921012 30.589778399094939
leaf_count=688 656 2845 12115 8952 16582 164 17316 1846 463 939 680 5951 378 89 648 1182 654 124 9516 201 179 638 276 300 463 10712 2114 457 5925 1150
internal_value=-0.00048726 0.00172998 -0.00197391 0.00172354 -0.0181829 -0.0103268 -0.00225719 -0.00344303 -0.00798341 -0.00945218 0.0137185 0.00619732 0.024248 -0.0122505 0.00809789 -0.00088266 0.00625526 0.00190498 -0.0110226 -0.0270742 0.0534237 0.0166683 0.00770548 -0.00550947 0.00908743 -0.0133307 0.000118556 0.0241446 0.0100736 -0.028182
internal_weight=6583.81 5850.55 3198.01 1979.39 733.259 389.707 1284.44 1229.7 1218.62 1141.64 76.9787 2652.54 54.7409 378.447 2091.73 560.818 1722.21 805.707 1066.26 343.552 11.2603 369.516 168.447 406.517 694.947 373.705 86.2317 201.069 916.503 338.459
internal_count=104203 72324 53324 29611 31879 13946 20196 19162 23713 22570 1143 19000 1034 13603 14673 4327 12654 6075 21631 17933 343 2019 924 3145 9415 13514 2802 1095 6579 17732
is_linear=0
shrinkage=0.05


Tree=47
num_leaves=31
num_cat=0
split_feature=33 33 18 34 34 15 17 3 0 0 35 12 4 18 27 10 3 1 34 30 3 33 4 3 1 30 15 35 33 35
split_gain=94.9871 35.094 27.2097 20.7342 19.5272 18.7524 14.8693 14.4708 12.7982 12.411 12.2657 12.4117 11.7539 13.8026 11.3445 11.2352 10.8919 10.8747 8.71616 8.08906 11.7276 14.9007 8.23255 8.05889 11.5701 7.92395 7.86988 9.40112 7.50946 7.43608
threshold=41.750000000000007 64.850000000000009 9.5000000000000018 1.5000000000000002 1.5000000000000002 55.45000000000001 2350.0000000000005 63.750000000000007 49.550000000000004 46.250000000000007 20.900000000000006 65.550000000000011 67.65000000000002 17.500000000000004 6.5000000000000009 65.000000000000014 50.850000000000001 59.650000000000013 1.0000000180025095e-35 479.00000000000006 56.650000000000013 37.45000000000001 57.150000000000013 54.350000000000001 57.250000000000007 477.00000000000006 48.95000000000001 12.400000000000004 42.550000000000004 18.750000000000007
decision_type=2 2 2 10 10 2 2 2 2 2 8 2 2 2 2 2 2 2 8 2 2 2 2 2 2 2 2 10 2 10
left_child=4 2 9 5 6 18 19 15 14 -2 11 -10 25 -14 23 -5 -13 -6 -4 20 22 -22 -1 -3 -25 -12 -8 -28 -7 -11
right_child=1 8 3 7 17 28 26 -9 10 29 12 16 13 -15 -16 -17 -18 -19 -20 -21 21 -23 -24 24 -26 -27 27 -29 -30 -31
leaf_value=-0.012609060252971989 -0.018771809990869415 -0.010327358868315867 0.0043429631093664899 -0.010735941715374626 -0.027800239795433071 0.055607720605639066 -0.0059760773693176335 0.03562070652595653 -0.0049120975433478735 0.013202129080813274 -0.0026084494089355465 0.0016179733685095885 0.01910541567410471 -0.0073395300433084709 0.010629658846730177 0.010149795862221773 0.012465006710341843 0.044994698287990631 -0.0060614883376909033 -0.0025880625991702845 -0.015529955057651621 0.046567160567013738 -0.034181482600208694 -0.0029049248652974983 0.032567131403929958 0.012759423900677172 0.13201783957908947 0.016323982637206257 0.0063477052868954574 0.041486721920239639
leaf_weight=89.940222686156631 28.186532972380519 267.07199564576149 257.7326800301671 1032.7219853671268 324.819913784042 7.7668534554541102 4.4637335110455734 17.974418738856912 277.31663988158107 238.11384294182062 176.30866158753633 456.89669403806329 505.65762696415186 54.333955533802509 155.39762552082539 68.348594401031733 471.45058555155993 5.0746822487562886 910.9038988891989 146.06966699007899 27.983452142216265 14.593764759600161 89.244688749313354 108.82449270412326 28.982217360287905 159.13220795989037 3.6949249487370253 3.5339659973978996 615.02342243306339 25.934173714369535
leaf_count=3457 405 2110 3830 21370 17558 199 140 307 2036 2688 1300 3341 3233 409 1182 848 3277 194 15216 5041 1110 457 3352 843 192 1077 104 96 8506 325
internal_value=-0.000466807 0.00162304 -0.00190175 -0.00336358 -0.0177464 -2.52308e-05 -0.00998723 -0.00870285 0.00586658 0.0126363 0.00765723 0.00435789 0.0120931 0.0165298 -0.00083977 -0.00943412 0.00713265 -0.026652 -0.00376242 -0.011767 -0.0177865 0.00569653 -0.0233944 -0.00525577 0.00453718 0.00466876 0.0452016 0.0771356 0.00697889 0.0160138
internal_weight=6573.5 5864.08 3202.71 2910.47 709.419 1791.43 379.524 1119.04 2661.37 292.235 2101.1 1205.66 895.432 559.992 560.276 1101.07 928.347 329.895 1168.64 367.832 221.762 42.5772 179.185 404.879 137.807 335.441 11.6926 7.22889 622.79 264.048
internal_count=104203 72694 53694 50276 31509 27751 13757 22525 19000 3418 14673 8654 6019 3642 4327 22218 6618 17752 19046 13417 8376 1567 6809 3145 1035 2377 340 200 8705 3013
is_linear=0
shrinkage=0.05


Tree=48
num_leaves=31
num_cat=0
split_feature=33 7 18 33 5 29 34 32 7 29 17 0 1 5 2 27 16 1 32 7 0 32 0 4 9 5 5 1 0 32
split_gain=87.2218 31.6189 25.7081 27.7523 18.9819 22.8447 18.4838 17.574 16.5564 15.7188 14.8399 13.4246 11.9851 11.7275 11.9054 10.2745 10.0256 9.76583 10.0784 9.1466 8.99655 8.45584 8.35278 7.95741 7.31451 7.15531 6.93286 6.60841 6.48904 6.21046
threshold=41.95000000000001 42.750000000000007 9.5000000000000018 63.850000000000001 46.95000000000001 51.750000000000007 1.5000000000000002 69.65000000000002 71.250000000000014 53.500000000000007 2350.0000000000005 58.550000000000004 55.850000000000001 69.15000000000002 52.45000000000001 6.5000000000000009 49.750000000000007 54.350000000000001 61.050000000000004 50.95000000000001 46.250000000000007 53.45000000000001 49.350000000000001 45.650000000000013 48.95000000000001 65.950000000000017 56.350000000000001 58.95000000000001 49.650000000000013 65.15000000000002
decision_type=2 2 2 2 2 2 10 2 2 2 2 2 2 2 2 2 2 2 2 2 2 2 2 2 2 2 2 2 2 2
left_child=6 7 9 4 5 -4 10 22 12 19 13 -6 -5 14 16 -16 -1 26 -19 -3 -11 -12 -2 -22 -9 -26 -8 28 -24 -29
right_child=1 2 3 8 11 -7 17 24 -10 20 21 -13 -14 -15 15 -17 -18 18 -20 -21 23 -23 27 -25 25 -27 -28 29 -30 -31
leaf_value=0.042283673562266789 -0.029360282582357233 0.08758370610790106 0.047857881745807719 0.0017692443725955958 -0.0011696960679645969 -0.01041493967645505 -0.032143111262799867 0.03141796052245744 0.035071132199175757 -0.011111929688495985 0.0027073546957807524 0.011180827365931963 0.0089329150263341966 0.063801855226809825 -0.0095381329884685149 0.020774747216994877 -0.020997590605226636 -0.016940072318085437 0.037379238113367012 0.026855074486515612 0.044347460882156554 0.086124193195330725 0.043841702910258379 0.012185610097703751 -0.0058585145075183195 0.024670052537601933 -0.0046165577567905333 0.044204104635252629 -0.015616813820778903 -0.02062682035463325
leaf_weight=6.2963386941701165 100.45764238014817 10.472420686855914 17.108294792473316 1383.5316556468606 1477.6715582627803 698.5369952712208 247.59910177066922 19.312796179205179 46.000177264213562 39.411849455907941 6.312475396320222 258.35489462129772 1012.9368156790733 5.0020651873201123 93.498292423784733 39.747867403551936 225.64854284469038 42.531554380431771 10.548193013295529 16.174024119973183 20.320996787399054 6.0087780859321356 4.5577294975519171 381.76531362719834 126.24841195531189 22.513736270368099 25.716547498479486 9.5725945048034173 204.57374170050025 5.7789548877626649
leaf_count=245 2604 123 350 10750 22442 14963 14526 190 229 409 206 3563 6658 89 3178 1309 8782 2039 346 130 234 137 111 3136 1263 169 1022 189 4735 76
internal_value=-0.000447268 0.0015575 0.00267241 0.00160038 -0.0021562 -0.00900839 -0.0170108 -0.0105567 0.00537309 0.0138663 -0.00952824 0.000665963 0.00479951 -0.01134 -0.0124001 -0.000449384 -0.0192407 -0.0257589 -0.00600154 0.0511474 0.0115939 0.0441561 -0.0173463 0.0138341 0.00254246 -0.00119125 -0.029574 -0.011937 -0.0142768 0.0194999
internal_weight=6564.21 5855.3 5362.28 4894.14 2451.67 715.645 708.91 493.016 2442.47 468.145 382.514 1736.03 2396.47 370.193 365.191 133.246 231.945 326.395 53.0797 26.6464 441.498 12.3213 324.941 402.086 168.075 148.762 273.316 224.483 209.131 15.3515
internal_count=104203 72324 62987 58955 41318 15313 31879 9337 17637 4032 13946 26005 17408 13603 13514 4487 9027 17933 2385 253 3779 343 7715 3370 1622 1432 15548 5111 4846 265
is_linear=0
shrinkage=0.05


Tree=49
num_leaves=31
num_cat=0
split_feature=33 7 18 33 34 34 5 7 7 29 7 33 17 1 5 2 27 1 16 8 3 2 7 8 7 2 13 37 33 18
split_gain=80.0972 29.206 22.631 24.9698 18.4181 17.6773 17.2899 14.6952 13.6526 12.8414 11.7307 12.028 11.553 10.7216 10.604 10.2804 10.3401 9.81783 9.67102 8.07149 7.91937 7.70045 7.58789 6.60161 6.54485 7.10595 11.1086 6.929 6.24389 6.02146
threshold=41.750000000000007 42.750000000000007 9.5000000000000018 63.850000000000001 1.5000000000000002 1.5000000000000002 63.050000000000004 71.250000000000014 52.050000000000004 53.500000000000007 35.45000000000001 79.250000000000014 2350.0000000000005 55.850000000000001 69.15000000000002 52.45000000000001 6.5000000000000009 59.650000000000013 49.750000000000007 20.850000000000005 42.850000000000001 59.95000000000001 50.95000000000001 49.550000000000004 49.150000000000013 54.350000000000001 44.150000000000013 59.361428571428576 41.550000000000004 6.5000000000000009
decision_type=2 2 2 2 10 10 2 2 2 2 2 2 2 2 2 2 2 2 2 2 2 2 2 2 2 2 2 2 2 2
left_child=5 10 9 4 6 12 -4 13 -6 22 -2 20 14 -5 15 18 -17 24 -1 -11 -12 -22 -3 -14 25 28 -27 -26 -7 -21
right_child=1 2 3 7 8 17 -8 -9 -10 19 11 -13 23 -15 -16 16 -18 -19 -20 29 21 -23 -24 -25 27 26 -28 -29 -30 -31
leaf_value=0.041811519710522216 -0.044393941649665557 0.07785080618043877 -0.0010550693558589793 0.001678797014100704 -0.013034366042609602 -0.038572198190987617 0.01322646020260209 0.032889164257504766 -0.00072874068005311242 0.050073852182763737 -0.025075235210493419 0.022967836060259914 0.077025612870863652 0.0084433577793578875 0.059200223261810431 -0.010097971333754152 0.020368157289515049 0.041432246739917432 -0.020238629413386274 0.029751814328533074 -0.0091458027692652242 0.022913393263468335 0.023883873619496142 0.0039311628161991822 0.044869651554477245 0.081707095674722396 -0.020593351489973155 -0.020334436236175393 0.05030779521271192 0.0079511689689919663
leaf_weight=6.3248816318809977 23.869241389445961 11.166642155498268 1284.2673181705177 1385.13089780882 515.75358665082604 143.22855119314045 253.61435968801379 46.590212672948837 401.92604142427444 12.728202274069188 77.105799306184053 28.396591663360596 5.682929700240491 1017.9578511677682 5.1990478243678799 91.218841770663857 39.95390921458602 5.2674099747091523 217.28301476407796 34.572909135371447 340.45275248493999 19.646221650764346 16.689041268080473 6.9861464593559504 4.0638126805424681 2.9144831188023117 21.587016218341887 134.75713686551899 1.8731702724471677 398.46464212425053
leaf_count=238 588 124 20861 10750 11582 9190 2446 229 6715 116 1608 191 155 6658 88 3140 1295 194 8656 260 6766 241 135 185 199 157 1181 6737 94 3424
internal_value=-0.000428481 0.00146107 0.00252593 0.00151688 -0.00204472 -0.0165896 0.00129757 0.00508901 -0.00765085 0.0129635 -0.0102288 -0.0084574 -0.00920249 0.0045466 -0.0108684 -0.0119257 -0.000771757 -0.0253435 -0.0184432 0.0108844 -0.0105147 -0.00737697 0.0458978 0.0374569 -0.0265132 -0.0331434 -0.00793869 -0.0183588 -0.0373565 0.0097097
internal_weight=6554.67 5868.33 5378.86 4905.24 2455.56 686.34 1537.88 2449.68 917.68 473.621 489.471 465.601 372.649 2403.09 359.98 354.781 131.173 313.692 223.608 445.766 437.205 360.099 27.8557 12.6691 308.424 169.603 24.5015 138.821 145.102 433.038
internal_count=104203 72694 63300 59241 41604 31509 23307 17637 18297 4059 9394 8806 13757 17408 13417 13329 4435 17752 8894 3800 8615 7007 259 340 17558 10622 1338 6936 9284 3684
is_linear=0
shrinkage=0.05


Tree=50
num_leaves=31
num_cat=0
split_feature=33 9 7 7 28 7 1 35 27 7 37 5 7 13 33 33 17 33 30 7 1 34 7 1 13 36 8 35 27 7
split_gain=76.0421 29.3351 25.425 23.9927 24.3164 18.6183 17.8284 16.6864 19.8852 13.4652 12.8747 12.2152 11.9953 10.5921 17.4776 9.53512 9.52041 9.49816 7.9926 7.96772 7.70502 6.75911 6.97157 9.17634 9.78334 5.02604 4.92524 4.32705 4.31901 4.77228
threshold=45.95000000000001 46.050000000000004 46.150000000000013 38.050000000000004 4.5000000000000009 50.150000000000013 58.050000000000004 36.250000000000014 4.5000000000000009 74.65000000000002 66.644500000000008 41.750000000000007 69.750000000000014 55.050000000000004 53.45000000000001 35.050000000000004 1175.0000000000002 46.550000000000004 439.00000000000006 57.150000000000013 56.850000000000001 2.5000000000000004 42.050000000000004 54.250000000000007 51.650000000000013 0.70833333333333337 75.450000000000017 17.900000000000006 2.5000000000000004 53.050000000000004
decision_type=2 2 2 2 2 2 2 10 2 2 2 2 2 2 2 2 2 2 2 2 2 10 2 2 2 10 2 10 2 2
left_child=2 25 21 -3 5 6 -5 10 28 -7 15 -10 20 17 -15 16 -4 -6 -17 -13 -12 22 -1 26 -25 -2 -24 -27 29 -9
right_child=1 3 7 4 13 9 -8 8 11 -11 12 19 -14 14 -16 18 -18 -19 -20 -21 -22 -23 23 24 -26 27 -28 -29 -30 -31
leaf_value=-0.032335818847837781 -0.036491319686852063 -0.025727555110964841 0.044963690415818186 -0.0014032065619320128 0.040518217575375472 0.0066841890945980855 0.0121450732369087 0.0525212035756282 -0.022599150779691241 0.035577399064436785 -0.023056331406977063 0.052632681523969466 0.091554438607204691 0.030558943215063007 -0.0056478730959885898 -0.017736296560265371 -0.018324932824895598 -0.0079928740517331408 0.0049323351895349636 0.13103650412639731 0.006821985136550246 -0.03883279274273075 -0.01493638026732046 0.068287451806961705 -0.015358053988107715 0.034055322695507137 -0.05025120204901961 -0.031267678021986087 -0.044355066669889337 -0.033149130522150842
leaf_weight=83.416092291474342 56.625876599922776 73.491590915247798 6.1057948442175976 1603.1900976262987 10.109229559078811 2642.873829010874 286.01083193533123 3.2576341517269594 3.7155977003276375 40.942840047180653 208.71272001508623 11.791200306266548 2.3232725374400607 52.499001378193498 90.484807040542364 46.602691516280174 123.81149826478213 694.91797883808613 231.41678469628096 4.7743456782773128 23.741575138643384 71.487568667158484 109.03680098056793 6.5853372951969487 7.111005830578506 5.0671592485159618 10.964199191890655 4.8607948422431946 7.6869916226714849 3.0011066813021898
leaf_count=4616 1173 1543 205 21994 269 24027 2631 115 151 239 9782 343 57 755 1045 1336 5110 10013 6089 103 798 4678 5274 276 291 108 561 93 248 89
internal_value=-2.59149e-05 0.00222222 -0.0129782 0.00262299 0.00300872 0.00445132 0.000645789 -0.0076679 0.0262625 0.00712814 -0.0094864 0.0578159 -0.0188181 -0.00476444 0.00762321 -0.00410024 -0.0152798 -0.00728455 0.00110954 0.0761801 -0.0199816 -0.0254098 -0.0209512 -0.0137919 0.0247006 -0.0307431 -0.0182438 0.00158125 -0.0193542 0.0107801
internal_weight=6526.62 5561.07 965.542 5494.52 5421.03 4573.02 1889.2 676.941 34.2269 2683.82 642.714 20.2811 234.778 848.011 142.984 407.937 129.917 705.027 278.019 16.5655 232.454 288.601 217.113 133.697 13.6963 66.5538 120.001 9.92795 13.9457 6.25874
internal_count=104012 63890 40122 62516 60973 48891 24625 24426 1049 24266 23377 597 10637 12082 1800 12740 5315 10282 7425 446 10580 15696 11018 6402 567 1374 5835 201 452 204
is_linear=0
shrinkage=0.05


Tree=51
num_leaves=31
num_cat=0
split_feature=33 28 7 7 7 2 3 2 35 27 37 2 31 33 15 17 32 37 35 34 7 30 5 15 32 30 32 15 32 5
split_gain=69.4752 24.5794 24.0205 23.1558 17.189 27.0525 15.8089 14.8885 13.8099 15.1061 13.1915 12.5579 11.7353 11.4874 11.4065 10.4411 13.3462 11.482 17.1134 10.0719 14.8275 11.1411 7.63622 8.34771 11.1519 7.26829 7.37259 8.16433 7.49865 6.87486
threshold=45.95000000000001 4.5000000000000009 46.150000000000013 38.050000000000004 50.150000000000013 53.750000000000007 55.750000000000007 48.350000000000001 36.250000000000014 4.5000000000000009 43.402857142857151 54.850000000000001 7.5000000000000009 51.850000000000001 39.050000000000004 2675.0000000000005 53.050000000000004 59.361428571428576 21.750000000000007 1.5000000000000002 66.950000000000017 455.00000000000006 40.850000000000001 56.150000000000013 49.850000000000001 485.00000000000006 62.250000000000007 48.650000000000013 63.050000000000004 52.350000000000001
decision_type=2 2 2 2 2 2 2 2 10 2 2 2 8 2 2 2 2 2 10 10 2 2 2 2 2 2 2 2 2 2
left_child=2 3 29 -2 5 13 12 22 19 -10 -8 -11 -6 -5 -7 25 -17 -18 -19 21 -21 -9 -4 -24 -25 -3 27 -27 -28 -1
right_child=1 15 7 4 6 14 10 8 9 11 -12 -13 -14 -15 -16 16 17 18 -20 20 -22 -23 23 24 -26 26 28 -29 -30 -31
leaf_value=-0.028359189251754575 -0.027371978643790602 -0.013283469567755371 -0.042904056501250218 -0.015734590782049515 0.0023183909442500432 -0.011413626029446067 0.04988031619797216 -0.014084479256771618 -0.014412963873899726 0.0085768201924108466 0.011956845054188828 0.091305364488891219 0.011219526076820681 -0.0021004989336909003 0.010433531796368044 -0.029782274288057339 -0.0061513244132543349 0.013254739602426364 0.07434111250291621 -0.016801701680219588 0.085512502925240361 0.0065382630876076667 -0.021807737038433282 -0.033639829086975021 0.035741351381426666 -0.032447305530811571 0.039797077936041383 -0.0041721783715820433 -0.00034726084543437941 -0.0076203542365175132
leaf_weight=232.49366370681673 59.647574931383133 351.35254445485771 31.706474188715219 181.43609284330159 1599.2707634568214 65.884477313607931 23.834164764732122 94.667667336761951 12.09302916750312 8.1233185669407266 613.98557473532856 10.955893762409685 482.73008529655635 1047.4770069066435 614.30593194067478 22.276558693498373 53.707907116040587 70.119677416980267 13.713085947558282 176.36624511517584 3.501079134643077 211.84093152359128 97.967435535974801 8.9392586434260028 15.868974772281943 38.498538486659527 12.114889120683072 77.019964408129454 239.69374288618565 49.200889805331826
leaf_count=13626 1296 5349 1746 5010 14576 683 176 2800 381 250 5288 257 4639 12795 6598 556 600 882 150 7857 80 5839 4253 419 544 822 204 1547 2719 2070
internal_value=-2.81122e-05 0.00210734 -0.0124973 0.00354611 0.00394617 0.000306657 0.00649889 -0.00734731 -0.00326818 0.0289156 0.0133894 0.0565713 0.00438504 -0.00411861 0.00830866 -0.00556527 0.00597315 0.011818 0.0233833 -0.00534666 -0.014736 0.000149938 -0.02097 -0.0152345 0.0105055 -0.00813857 -0.00320154 -0.0136585 0.00157933 -0.0247587
internal_weight=6520.79 5567.07 953.725 4688.57 4628.92 1909.1 2719.82 672.03 517.548 31.1722 637.82 19.0792 2082 1228.91 680.19 878.497 159.817 137.541 83.8328 486.376 179.867 306.509 154.482 122.776 24.8082 718.68 367.327 115.519 251.809 281.695
internal_count=104012 63890 40122 51061 49765 25086 24679 24426 17464 888 5464 507 19215 17805 7281 12829 2188 1632 1032 16576 7937 8639 6962 5216 963 10641 5292 2369 2923 15696
is_linear=0
shrinkage=0.05


Tree=52
num_leaves=31
num_cat=0
split_feature=33 33 7 37 13 15 9 7 3 32 37 2 34 30 5 6 32 3 9 3 31 8 7 37 3 5 2 27 37 0
split_gain=63.5426 32.4543 27.7339 20.4194 18.1017 16.6912 16.1778 15.9601 12.9051 13.1062 12.112 9.59068 9.3006 8.17951 7.66532 8.14659 7.4432 7.28544 6.90784 13.1515 9.9399 9.86631 6.3625 9.52948 12.0136 6.96073 6.19326 4.75313 4.31718 3.97936
threshold=33.850000000000001 59.650000000000013 42.750000000000007 78.008571428571443 78.250000000000014 55.650000000000013 60.350000000000001 72.15000000000002 56.850000000000001 75.850000000000009 43.000000000000007 59.650000000000013 1.5000000000000002 421.00000000000006 57.850000000000001 64.950000000000017 70.15000000000002 47.350000000000001 50.750000000000007 51.850000000000001 -12.499999999999998 16.550000000000004 51.750000000000007 55.468571428571437 52.250000000000007 57.050000000000004 54.150000000000013 3.5000000000000004 53.131142857142862 47.250000000000007
decision_type=2 2 2 2 2 2 2 2 2 2 2 2 10 2 2 2 2 2 2 2 10 2 2 2 2 2 2 2 2 2
left_child=12 2 10 4 5 -4 7 8 9 -3 -2 -5 18 -10 -14 -16 29 -13 22 20 -20 -22 -1 25 -25 -24 -18 -17 -9 -12
right_child=1 6 3 11 -6 -7 -8 28 13 -11 16 17 14 -15 15 27 26 -19 19 -21 21 -23 23 24 -26 -27 -28 -29 -30 -31
leaf_value=-0.02734914772057009 0.071821124612016882 0.00074358146396432648 -0.0034348089332711012 -0.021075142279325845 0.086412618611461323 0.0061094451675199786 -0.023168713534517372 0.047042707666821122 -0.022822286834494086 0.0087226593844063251 -0.035085165479208945 -0.022191309629148115 -0.033701834824115325 0.011171628698673731 0.092771718861136637 0.044133932768964351 -0.012676028878625376 0.053851073951479436 0.11689319634744098 -0.03014887891374084 0.10043260367154264 0 -0.023353982542265474 -0.0047413604914282054 0.121996195477015 0.04654399343306443 0.03684416070654533 -0.048552652591747944 0.017715506551233797 -0.019197645460473752
leaf_weight=79.946974867023528 3.5323930522426954 2199.8180923946202 1426.1486763497815 164.06561860255897 5.9263386428356162 674.63399338908494 53.504234217107296 25.005563132464886 17.995218150317669 672.43113094568253 52.115741687826812 5.0664472728967649 144.24845534935594 664.8672446385026 2.3322952147573215 2.0028070909902453 17.772614408284429 7.7679559905081987 2.8737442782148745 14.43284174799919 2.8552706828340915 14.499164341017602 28.488436112180352 4.3747712876647702 3.066419068723917 3.9353058058768502 9.6192753147333843 3.8120843721553683 27.023399636149406 180.81730623543262
leaf_count=3828 108 19478 30400 5003 114 12009 727 116 166 3916 2191 116 10400 5052 117 105 263 169 132 587 100 580 1046 151 107 101 133 190 146 6461
internal_value=-3.04121e-05 0.00106682 -0.00326563 -0.00148953 -0.000116712 -0.000367294 0.00408318 0.00448942 0.00408495 0.00261357 -0.0186119 -0.0178009 -0.0222374 0.0102653 -0.0310258 0.0155824 -0.0198853 0.0235069 -0.0135205 0.00601478 0.032085 0.0171657 -0.0192139 -0.00274641 0.0477477 -0.0145996 0.00460299 -0.0155771 0.0319695 -0.0227873
internal_weight=6514.98 6208.11 2547.47 2283.61 2106.71 2100.78 3660.64 3607.14 3555.11 2872.25 263.857 176.9 306.869 682.862 152.396 8.14719 260.325 12.8344 154.473 34.661 20.2282 17.3544 119.812 39.8649 7.44119 32.4237 27.3919 5.81489 52.029 232.933
internal_count=104012 86568 56967 47811 42523 42409 29601 28874 28612 23394 9156 5288 17444 5218 10812 412 9048 285 6632 1399 812 680 5233 1405 258 1147 396 295 262 8652
is_linear=0
shrinkage=0.05


Tree=53
num_leaves=31
num_cat=0
split_feature=33 18 33 30 35 7 0 28 7 4 28 7 15 0 8 35 34 0 7 4 7 35 13 7 1 8 7 31 1 2
split_gain=58.6488 36.9343 37.9003 18.4733 15.0796 13.9476 13.6225 13.1944 13.1335 13.088 11.8321 14.8205 11.2082 10.9259 10.4041 9.32089 8.96621 8.82805 8.26198 7.72645 7.71719 9.9629 7.60366 10.6564 7.50353 20.1529 6.78989 8.53086 6.56723 6.54838
threshold=33.850000000000001 11.500000000000002 56.45000000000001 453.00000000000006 30.400000000000006 72.15000000000002 48.550000000000004 4.5000000000000009 65.450000000000017 32.750000000000007 3.5000000000000004 57.250000000000007 62.45000000000001 58.95000000000001 56.550000000000004 21.750000000000007 1.5000000000000002 57.750000000000007 44.850000000000001 95.050000000000011 50.550000000000004 2.600000000000001 49.350000000000001 41.650000000000013 52.050000000000004 45.550000000000004 45.750000000000007 11.500000000000002 51.850000000000001 49.750000000000007
decision_type=2 2 2 2 10 2 2 2 2 2 2 2 2 2 2 8 10 2 2 2 2 8 2 2 2 2 2 8 2 2
left_child=16 6 3 20 8 7 12 9 -5 -4 13 -12 22 17 -15 -13 24 -8 -6 -9 21 -3 -2 -24 26 -26 -1 -28 -22 -29
right_child=1 2 5 4 18 -7 10 19 -10 -11 11 15 -14 14 -16 -17 -18 -19 -20 -21 28 -23 23 -25 25 -27 27 29 -30 -31
leaf_value=-0.035593637236201084 -0.019479387379865546 0.036565569459251775 -0.028572708242637301 -0.0067770022818510814 -0.023959797258912313 0.028224362410855589 0.014675422795851335 -0.0098673437967584793 0.022967751010908394 0.0031432170189326855 -0.00023167386085469054 0.014733366903449441 -0.030064072814296877 0.015672193755065105 0.056421333105615284 0.056339339027835972 -0.030402408880064472 -0.01187181036643256 0.022493870378639612 0.010212218784083562 -0.0018339859579496851 -0.024911724524907232 -0.042640306545771271 0.01110828894881679 0.099550321909410364 -0.016196349684095303 -0.016959767651966311 -0.02791359499845868 -0.020395784804623101 0.040905479912766905
leaf_weight=36.371365251019597 33.084443472325802 6.6546164574101558 32.766560938209295 1025.5100749917328 10.841667868196962 50.033297806978226 529.18493423238397 334.51549708843231 38.33853393048048 2922.3770200964063 335.98647202458233 69.145312307402492 32.430211521685123 33.766950917430222 30.041772368364036 16.86168060079217 147.87977729178965 33.002824982628226 72.470026649534702 55.594077058136463 120.01309270597994 209.08829547930509 9.8166947374120337 126.94309815578163 5.1705900263041285 12.898615314625202 81.114553135819733 4.6156211113557246 79.699204484932125 12.354494908824561
leaf_count=2109 600 200 359 27040 356 268 5413 3891 490 26123 4223 570 357 267 211 149 10812 238 1476 537 2781 7280 244 1660 185 528 3108 209 1835 493
internal_value=-3.15548e-05 0.00101189 -0.000923908 -0.00736833 -0.00409017 0.00204067 0.00869174 0.00164673 -0.00569832 0.0027889 0.0109856 0.00449655 -0.00316751 0.0153505 0.0349938 0.0230042 -0.0216052 0.0131063 0.0163673 -0.00699113 -0.0164048 -0.0229762 0.00195339 0.00718531 -0.0130289 0.0170155 -0.0171133 -0.0101803 -0.00927297 0.0218409
internal_weight=6508.57 6208.17 4957.9 1562.62 1147.16 3395.29 1250.26 3345.25 1063.85 2955.14 1047.99 421.993 202.274 625.996 63.8087 86.007 300.405 562.188 83.3117 390.11 415.455 215.743 169.844 136.76 152.525 18.0692 134.456 98.0847 199.712 16.9701
internal_count=104012 86568 72636 41458 29362 31178 13932 30910 27530 26482 11071 4942 2861 6129 478 719 17444 5651 1832 4428 12096 7480 2504 1904 6632 713 5919 3810 4616 702
is_linear=0
shrinkage=0.05


Tree=54
num_leaves=31
num_cat=0
split_feature=33 9 18 7 33 7 30 10 9 30 7 8 18 0 5 31 32 34 13 13 34 22 6 10 5 20 32 14 4 6
split_gain=54.1463 26.2355 22.0383 21.2046 15.04 12.8935 12.1026 11.828 11.5787 11.462 11.4333 11.2144 11.619 10.856 13.7702 11.2671 9.44337 9.12423 8.81914 8.53454 6.9714 14.6335 12.1464 6.99617 6.62223 5.859 9.59426 5.76626 8.03519 5.64326
threshold=45.95000000000001 46.050000000000004 11.500000000000002 46.150000000000013 59.650000000000013 72.15000000000002 453.00000000000006 65.000000000000014 60.350000000000001 441.00000000000006 38.350000000000001 76.750000000000014 10.500000000000002 49.250000000000007 64.65000000000002 -15.499999999999998 65.050000000000011 1.5000000000000002 50.45000000000001 66.550000000000011 1.0000000180025095e-35 1.0000000180025095e-35 49.650000000000013 55.000000000000007 60.250000000000007 1.0000000180025095e-35 46.45000000000001 51.750000000000007 84.950000000000017 73.350000000000009
decision_type=2 2 2 2 2 2 2 2 2 2 2 2 2 2 2 10 2 10 2 2 8 2 2 2 2 2 2 2 2 2
left_child=3 -2 10 20 7 8 29 9 -6 -4 -3 17 -13 14 19 16 -15 -12 -17 -8 21 22 -1 27 -7 -23 -27 -22 -29 -5
right_child=1 2 4 6 5 24 13 -9 -10 -11 11 12 -14 15 -16 18 -18 -19 -20 -21 23 25 -24 -25 -26 26 -28 28 -30 -31
leaf_value=-0.01134445167868723 -0.029885231719206706 -0.036228939822586313 -0.016299458593279421 -0.011907310463258354 0.0026148308117492913 0.010657422347331785 -0.018065715071515002 0.013610651208100089 -0.021658705793910341 -0.0029659109470414782 0.010345560969142555 0.030100862784668149 0.0016012986292421863 0.018049336872656439 0.05083009212344719 -0.0071348503661217838 0.087109580571941445 -9.6337106562608339e-06 0.011633498718827262 0.048036383848782768 -0.029697896764846715 -0.045642383402922176 0.12724808597856538 0.041484090939628793 0.0495234057345523 0.073195031835919064 -0.027583158602571607 -0.016487266411829682 0.060098354876900219 -0.031715143904967151
leaf_weight=2.6597377602010992 64.360135180875659 14.024835560470818 188.20617264136672 146.96721269283444 2872.8255923669785 23.596025861799717 147.94402616843581 92.428235821425915 49.845659732818604 1132.7324153650552 635.2200282420963 112.42551795765758 52.99862646497786 30.520751414820552 8.0212722457945329 164.60819839499891 5.9189223740249863 318.35793555900455 100.85587523970753 4.9168877666816106 209.76672520395368 10.363156680949032 3.5391831733286381 3.6527459230273953 21.170359447598457 3.5217360015958548 6.6321094995364547 21.916950630955402 3.9454457797110072 48.377333151176572
leaf_count=124 1374 264 4066 5695 23927 128 6507 1170 697 22070 5317 873 451 904 160 5447 105 3456 3224 202 12909 452 153 128 97 183 287 1259 201 2182
internal_value=-3.32186e-05 0.00182319 0.00219474 -0.0112432 0.000585855 0.00260869 -0.0064158 -0.00365753 0.00219841 -0.00487054 0.00841043 0.00897757 0.0210069 -0.0019971 -0.0124903 0.00358039 0.0296114 0.00688353 0 -0.0158768 -0.0231614 0.00088038 0.0677531 -0.0258658 0.0292183 -0.0193124 0.00725584 -0.0269482 -0.00442466 -0.016852
internal_weight=6502.32 5578.19 5513.83 924.128 4380.8 2967.44 658.13 1413.37 2922.67 1320.94 1133.03 1119 165.424 462.786 160.882 301.904 36.4397 953.578 265.464 152.861 265.998 26.7159 6.19892 239.282 44.7664 20.517 10.1538 235.629 25.8624 195.345
internal_count=104012 63890 62516 40122 52155 24849 24426 27306 24624 26136 10361 10097 1324 16549 6869 9680 1009 8773 8671 6709 15696 1199 277 14497 225 922 470 14369 1460 7877
is_linear=0
shrinkage=0.05


Tree=55
num_leaves=31
num_cat=0
split_feature=33 9 9 30 7 1 29 34 17 7 8 35 2 6 1 7 0 33 29 31 30 0 0 2 14 9 29 37 9 4
split_gain=54.9564 23.99 22.7022 18.9921 18.8163 16.9152 21.1158 16.6407 14.4248 10.2344 9.51373 12.7344 10.4246 9.07442 8.885 8.24502 7.13542 7.4401 5.80205 6.3392 5.94807 5.80087 7.06046 5.51649 6.23899 5.16892 7.37315 5.68414 4.41473 3.74925
threshold=45.95000000000001 46.050000000000004 55.050000000000004 409.00000000000006 59.650000000000013 56.850000000000001 52.250000000000007 2.5000000000000004 2050.0000000000005 42.050000000000004 28.750000000000004 26.600000000000005 59.95000000000001 88.450000000000017 59.350000000000001 51.250000000000007 54.95000000000001 36.550000000000004 56.250000000000007 1.0000000180025095e-35 439.00000000000006 54.050000000000004 57.45000000000001 46.750000000000007 41.95000000000001 51.150000000000013 56.750000000000007 60.742785714285723 49.250000000000007 84.950000000000017
decision_type=2 2 2 2 2 2 2 10 2 2 2 8 2 2 2 2 2 2 2 8 2 2 2 2 2 2 2 2 2 2
left_child=4 -2 3 28 7 6 -5 9 -7 21 11 -6 16 14 -11 -9 17 -12 19 20 -4 29 -23 -20 -25 27 -27 -17 -3 -1
right_child=1 2 18 5 10 8 -8 15 -10 13 12 -13 -14 -15 -16 25 -18 -19 23 -21 -22 22 -24 24 -26 26 -28 -29 -30 -31
leaf_value=-0.037980030023213096 -0.028554627213309203 0.0011313584938156581 -0.025935454979953223 0.021684581587139429 0.10358932585538597 0.005744894944082409 0.0005588339794939354 -0.035498226380023853 0.021250150085337885 -0.0093822700129747322 -0.022473561530586234 0.0037339633299369466 0.064986820628967684 0.069775351581888231 0.04452050083548096 0.0251345737394734 -0.030900340270253436 0.021342824172240819 0.016779509056901402 -0.018734868572271437 0.011717067947607324 0.025755436661370569 -0.037399760667622128 -0.009314125218190826 -0.037178850128310376 -0.0058937266921890753 0.10373887297229011 -0.02558022577592391 -0.032303599146412752 0.035917675046030946
leaf_weight=54.938580009154975 65.103065398521721 12.089056188240646 13.008421067148445 122.06886617653072 5.9709674585610601 1197.2344590593129 3746.8172634420916 114.43232162389904 171.83364645950496 595.08982914499938 13.854745504446326 6.9804082484915861 6.2223730953410259 3.5954108452424398 7.6164172841235986 6.4315187484025946 16.122563947923481 31.191705700010061 7.7148136422038069 57.253279663622379 51.702891243621707 9.6701782839372772 7.9678496690466991 32.802733309566975 54.459035592153668 4.5194629728794089 2.1568838506937027 33.535181301645935 47.475175313651562 1.6269052969291795
leaf_count=3511 1417 188 254 1748 162 10081 44383 7796 1422 23215 549 191 122 115 200 295 386 618 154 1039 921 549 438 607 966 212 99 1794 686 91
internal_value=-0.000276559 0.00159133 0.00194865 0.00259875 -0.0115856 0.00291907 0.00122722 -0.0137954 0.00769604 -0.0103603 0.0114883 0.0505943 0.00383499 -0.00820058 -0.00868553 -0.0282613 -0.00239994 0.00773573 -0.0138972 -0.00661536 0.00404258 -0.027905 -0.00254258 -0.0231789 -0.0267841 -0.0103615 0.0297949 -0.0172519 -0.0254434 -0.0357068
internal_weight=6501.49 5579.56 5514.46 5297.52 921.923 5237.95 3868.89 841.581 1369.07 680.505 80.3428 12.9514 67.3914 606.302 602.706 161.075 61.169 45.0465 216.941 121.965 64.7113 74.2035 17.638 94.9766 87.2618 46.643 6.67635 39.9667 59.5642 56.5655
internal_count=104209 63866 62449 58508 40343 57634 46131 38315 11503 28119 2028 353 1675 23530 23415 10196 1553 1167 3941 2214 1175 4589 987 1727 1573 2400 311 2089 874 3602
is_linear=0
shrinkage=0.05


Tree=56
num_leaves=31
num_cat=0
split_feature=32 7 17 33 28 18 15 18 9 0 7 5 33 5 7 37 5 37 3 4 0 18 7 5 3 3 15 13 15 12
split_gain=57.4621 28.5366 25.5166 20.8423 17.647 14.8078 19.141 14.2208 13.7793 12.7235 12.44 12.0137 11.8939 11.7985 11.7429 10.6985 9.57688 9.39118 9.31122 9.08896 8.33818 9.62179 7.21539 12.1925 7.73786 7.19756 8.13505 6.57585 8.35228 7.20242
threshold=63.750000000000007 42.050000000000004 2550.0000000000005 38.050000000000004 4.5000000000000009 14.500000000000002 69.350000000000009 8.5000000000000018 74.550000000000011 50.350000000000001 38.050000000000004 44.750000000000007 72.450000000000017 37.850000000000001 69.750000000000014 66.644500000000008 42.050000000000004 75.865428571428581 47.45000000000001 89.950000000000017 46.95000000000001 13.500000000000002 44.250000000000007 65.950000000000017 62.350000000000001 57.95000000000001 57.750000000000007 54.95000000000001 68.750000000000014 79.350000000000009
decision_type=2 2 2 2 2 2 2 2 2 2 2 2 2 2 2 2 2 2 2 2 2 2 2 2 2 2 2 2 2 2
left_child=1 12 4 8 7 9 15 25 16 17 -9 -8 18 -11 -12 -7 -3 -5 -1 -18 -20 -22 23 -6 -24 26 -2 28 -4 -29
right_child=2 3 27 5 22 6 11 10 -10 13 14 -13 -14 -15 -16 -17 19 -19 20 -21 21 -23 24 -25 -26 -27 -28 29 -30 -31
leaf_value=-0.038161413059905544 0.022318247383226211 -0.028871521457647115 0.010593840993083465 -0.0026104493429796073 0.00085072817978364991 -0.0047360693065730203 0.069218890975817668 -0.027230927148732594 0.060898404180551459 -0.027157309065507281 0.0028334123177827897 0.01013904254083315 0.057601413910387506 0.009054682457911108 0.021729181149456257 -0.016379148071625087 -0.013117838545758695 -0.032781889354579076 -0.038618758061217118 0.038364497514793705 0.01246052690286989 -0.020709992087273484 -0.010334858937274004 0.069711354015108404 0.029402364697059709 0.041713259976704151 -0.0030753788876138593 0.025381734042518474 0.048415401675920303 0.068622324557517572
leaf_weight=85.464823487214744 89.118437694385648 113.64668524172157 102.02089281380177 317.79494599904865 49.51676809694618 604.40849317982793 10.541485556401311 33.527189647778869 5.6676758695393792 23.437394196167588 3198.6873662220314 46.93037982378155 4.2861498147249213 482.00240533426404 84.392403449863195 294.30866448301822 235.68089017365128 28.037529678083956 32.596275597810745 8.7560357609763724 33.096943396143615 63.276120396330953 388.86097259446979 7.3151894882321349 12.493498949334024 27.029106291010976 48.256290819495916 33.691362284123898 17.109429183416069 13.926636363379655
leaf_count=3906 602 7122 1063 6109 865 12197 278 577 194 582 28729 812 49 7833 446 8166 11717 802 1993 328 1238 2786 4577 70 135 172 293 283 148 137
internal_value=-0.000265605 -0.00643006 0.00332137 -0.0046925 0.00250868 -0.00249115 -0.00676231 0.00372377 -0.0156135 0.00230078 0.00301013 0.0211637 -0.0236458 0.00736059 0.0033213 -0.00855586 -0.0168551 -0.00507975 -0.0253192 -0.0112383 -0.0167473 -0.00926546 -0.00671075 0.0099089 -0.00907843 0.0180794 0.013366 0.0224772 0.0161037 0.0382502
internal_weight=6495.88 2389.93 4105.95 2171.21 3939.2 1807.46 956.189 3481.01 363.751 851.272 3316.61 57.4719 218.72 505.44 3283.08 898.717 358.084 345.832 214.434 244.437 128.969 96.3731 458.186 56.832 401.354 164.404 137.375 166.748 119.13 47.618
internal_count=104209 66112 38097 56140 36466 36779 21453 30819 19361 15326 29752 1090 9972 8415 29175 20363 19167 6911 9923 12045 6017 4024 5647 935 4712 1067 895 1631 1211 420
is_linear=0
shrinkage=0.05


Tree=57
num_leaves=31
num_cat=0
split_feature=33 18 7 1 7 33 37 33 18 35 13 7 26 14 7 7 0 13 5 2 8 3 5 12 33 7 5 33 0 5
split_gain=46.239 20.1833 21.0874 20.9418 17.8445 17.1337 19.2374 15.4173 13.6158 23.6721 25.6082 12.2309 11.7811 11.4096 10.489 10.3963 9.92476 9.87577 13.6391 9.68389 8.93062 8.70531 9.36146 8.49657 8.40158 7.90732 7.65727 7.62427 11.5244 7.46
threshold=47.350000000000001 15.500000000000002 54.45000000000001 54.850000000000001 42.050000000000004 63.45000000000001 54.33428571428572 50.050000000000004 14.500000000000002 36.750000000000014 45.250000000000007 66.950000000000017 1.0000000180025095e-35 42.600000000000009 68.550000000000011 38.350000000000001 45.550000000000004 50.650000000000013 56.350000000000001 63.350000000000001 45.650000000000013 55.150000000000013 73.050000000000011 72.450000000000017 70.65000000000002 64.750000000000014 41.250000000000007 50.650000000000013 45.850000000000001 71.250000000000014
decision_type=2 2 2 2 2 2 2 2 2 10 2 2 2 2 2 2 2 2 2 2 2 2 2 2 2 2 2 2 2 2
left_child=4 2 3 15 -1 6 25 13 9 29 -11 17 16 -5 27 -2 -7 18 -10 -17 -13 22 -8 -9 -16 26 -3 28 -4 -6
right_child=1 5 14 7 8 12 21 23 11 10 -12 20 -14 -15 24 19 -18 -19 -20 -21 -22 -23 -24 -25 -26 -27 -28 -29 -30 -31
leaf_value=-0.029522882227419119 -0.033263562241096577 -0.026515358022517338 -0.025617052350633353 0.0093880463510927371 -0.0040964646187615942 -0.01353898371787543 -0.0159482416831189 -0.0010751422947835459 -0.013001983245390026 -0.011270692467251209 0.11224526780389871 0.088305368023224501 -0.019105821423048029 0.053287084890238395 0.016664881420000933 -0.0026740708405979538 0.0039727582190216245 -0.022198851484831639 0.017319024777853027 0.047013522115978736 0.0002861080572348561 -0.0020888052864209369 0.027262980971206874 0.0096057823941003324 0.052409511621410547 0.032605912093215186 0.0037954394858373884 0.0071088060914141814 0.03027146404437174 0.073903531954609705
leaf_weight=105.78539882507175 27.597550724633038 22.558954020962119 10.416033383458851 29.580501219257712 380.2729130173102 86.611776564270258 498.85648049414158 305.96403046883643 222.47826463729143 7.4511605557054308 9.2644730592146498 4.8026478113606554 64.465424638241529 30.298904195427895 57.166786458343267 1185.8524689581245 1189.729459643364 225.76464113499969 44.289534606970847 9.778697442263363 7.2724899565801024 181.78341322764754 12.685695283114908 472.39927587471902 23.493241727352142 21.715212762355804 256.73458666168153 919.49539098888636 71.361450592055917 2.9847383871674529
leaf_count=7145 629 460 158 420 13876 776 9720 2838 9770 230 235 96 490 493 355 15387 9225 10534 1201 94 147 3262 121 4362 104 171 4033 6904 930 43
internal_value=-0.000255293 0.00155654 0.0041727 0.00120295 -0.0100838 -0.00196305 -0.00693714 0.00729197 -0.00780195 -0.000897836 0.0571499 -0.0132633 0.00172222 0.0317361 0.00982589 -0.00296585 0.00277954 -0.0144918 -0.00794467 -0.00225961 0.0361425 -0.0115208 -0.0148618 0.00540123 0.0271899 0.00360433 0.00132068 0.00841952 0.0230693 -0.00345685
internal_weight=6488.91 5478.55 3143.4 2061.47 1010.37 2335.14 994.334 838.243 904.581 399.973 16.7156 504.608 1340.81 59.8794 1081.93 1223.23 1276.34 492.532 266.768 1195.63 12.0751 693.326 511.542 778.363 80.66 301.009 279.294 1001.27 81.7775 383.258
internal_count=104209 60932 32674 24223 43277 28258 17767 8113 36132 14384 465 21748 10491 913 8451 16110 10001 21505 10971 15481 243 13103 9841 7200 459 4664 4493 7992 1088 13919
is_linear=0
shrinkage=0.05


Tree=58
num_leaves=31
num_cat=0
split_feature=32 21 7 28 34 18 3 32 6 7 4 18 8 13 3 10 32 12 5 31 28 37 3 14 3 4 6 7 35 5
split_gain=49.2358 25.3322 23.9318 20.822 14.5063 14.3068 13.9092 13.3946 13.1122 12.5956 12.2044 11.5815 10.8652 10.9359 10.7983 10.1301 8.81581 8.43803 15.8659 8.34054 8.3265 8.63521 11.2465 7.94553 7.35809 7.34173 6.64007 7.34578 6.60541 6.54325
threshold=58.45000000000001 1.0000000180025095e-35 42.650000000000013 4.5000000000000009 2.5000000000000004 14.500000000000002 50.850000000000001 67.750000000000014 82.550000000000011 56.45000000000001 29.950000000000003 16.500000000000004 48.650000000000013 55.150000000000013 65.750000000000014 77.500000000000014 82.15000000000002 73.750000000000014 53.150000000000013 11.500000000000002 6.5000000000000009 71.584285714285741 58.850000000000001 41.550000000000004 54.45000000000001 64.950000000000017 70.850000000000009 49.95000000000001 23.250000000000011 55.250000000000007
decision_type=2 2 2 2 10 2 2 2 2 2 2 2 2 2 2 2 2 2 2 10 2 2 2 2 2 2 2 2 10 2
left_child=2 3 -1 6 5 8 7 15 9 -4 -8 -12 13 -3 19 -2 -9 26 23 -7 21 22 -5 -19 -10 -6 27 -14 -27 -28
right_child=1 12 4 20 25 14 10 16 24 -11 11 -13 17 -15 -16 -17 -18 18 -20 -21 -22 -23 -24 -25 -26 28 29 -29 -30 -31
leaf_value=-0.027165480252851277 -0.0059939389525069803 -0.0078021172858194297 -0.0040362047362069442 -0.0053883997246278277 -0.031153073219509227 -0.011831548262073716 -0.036728804068377335 0.0018682656779565364 0.054007183680285634 0.016027262610365235 0.0070257158718281428 -0.0049581090821946431 0.026543078752966118 0.047387276009698102 0.07222379789158985 0.028236438247217433 0.018488969164588139 0.054091296879740063 0.010772411507756083 0.014018831359772187 -0.026968773984492923 -0.017470087913222326 0.017295726993714605 0.12969832132392106 -0.013566310338691163 -0.013350277749648568 0.017763658089258512 -0.014381492031807884 0.045002261997190041 0.068696432691910961
leaf_weight=155.61752377822995 829.80555720627308 42.249183379113674 367.56235832162201 409.33511412888765 79.649461401626468 517.78658102080226 16.891238478943706 1219.1403407584876 17.817565323784951 99.257749555632472 1934.7642461350188 224.49072084203362 29.723802868276834 11.270650714635847 3.8822860773652783 22.048183290287852 85.394103074446321 8.0784710170701164 11.260969925671814 32.947635808028281 48.475260279141366 118.38200926035643 62.895522696897388 6.8979349806904784 5.0107212169095865 73.072521961294115 13.169511055573823 17.088458802551031 5.0651255324482909 12.808363333344458
leaf_count=8889 12960 519 10171 5689 4583 16470 236 9652 355 1781 19525 2714 345 98 114 191 475 120 116 1077 869 2121 790 95 105 3544 157 147 208 93
internal_value=-0.000245577 0.00199675 -0.00871186 0.00137964 -0.00631663 -0.00417448 0.00262329 -0.000220476 0.00204557 0.000221606 0.00544341 0.00577731 0.0220619 0.00379358 -0.0096743 -0.00509889 0.00296141 0.0318709 0.0562846 -0.0102737 -0.00704261 -0.0053944 -0.00235354 0.0898758 0.0389625 -0.0204505 0.0229372 0.0114985 -0.00945109 0.0432349
internal_weight=6481.84 5124.17 1357.67 4971.62 1202.05 1044.26 4332.53 2156.39 489.648 466.82 2176.15 2159.25 152.547 53.5198 554.617 851.854 1304.53 99.0275 26.2374 550.734 639.088 590.613 472.231 14.9764 22.8283 157.787 72.7901 46.8123 78.1376 25.9779
internal_count=104209 56912 47297 55222 38408 30073 45753 23278 12412 11952 22475 22239 1690 617 17661 13151 10127 1073 331 17547 9469 8600 6479 215 460 8335 742 492 3752 250
is_linear=0
shrinkage=0.05


Tree=59
num_leaves=31
num_cat=0
split_feature=32 5 21 7 28 3 2 0 3 18 18 15 7 17 5 2 0 9 12 2 2 12 27 12 33 0 4 7 7 2
split_gain=44.8715 24.1119 21.9083 18.708 15.9588 14.7559 14.7465 13.0012 13.7388 12.2688 12.049 15.2292 11.6699 12.9765 11.5374 11.8169 10.2439 9.64756 9.42023 13.3474 9.34937 9.0082 8.72135 8.19012 8.09792 7.35447 6.81803 7.50404 6.58579 12.2761
threshold=63.750000000000007 42.050000000000004 1.0000000180025095e-35 44.250000000000007 4.5000000000000009 47.150000000000013 56.250000000000007 46.850000000000001 49.350000000000001 8.5000000000000018 14.500000000000002 66.850000000000009 58.650000000000013 1250.0000000000002 72.250000000000014 49.350000000000001 52.650000000000013 75.250000000000014 77.15000000000002 61.750000000000007 58.850000000000001 91.15000000000002 7.5000000000000009 54.750000000000007 52.050000000000004 55.550000000000004 92.350000000000009 48.150000000000013 44.250000000000007 59.650000000000013
decision_type=2 2 2 2 2 2 2 2 2 2 2 2 2 2 2 2 2 2 2 2 2 2 2 2 2 2 2 2 2 2
left_child=1 6 4 5 9 -3 17 -7 -9 26 12 23 21 -14 15 -11 -13 24 -8 20 -20 -5 -16 -12 -1 -26 27 -2 29 -6
right_child=2 3 -4 10 28 7 18 8 -10 14 11 16 13 -15 22 -17 -18 -19 19 -21 -22 -23 -24 -25 25 -27 -28 -29 -30 -31
leaf_value=-0.026383414662531329 0.045925569810345152 -0.02979724603389235 0.023551184719674018 -0.0036785963635983087 -0.0016815200641251563 -0.031445851301418533 -0.012467006623113045 0.038749799169151021 -0.0056530576115492726 -0.0038027237205043099 0.00083026787979586071 -0.0043407954109373117 0.065495874872847595 0.011630197858234501 0.0089011104543606084 0.00355971662048068 0.033265650361777338 0.069444821068379403 0.032249625546509349 0.11001016121640697 -0.027295919021035515 0.0088204651041222677 0.034378243805616111 -0.010477652256378459 -0.017280276359881858 0.018302749317154501 -0.0034577193552972636 0.015758968387310678 -0.0087073971625435068 0.057046917804475232
leaf_weight=255.24061809945852 25.689134201034904 108.0201959349215 124.59945250116289 439.95637428201735 47.317989451810718 40.324529757723212 41.498411507345736 20.224856016226113 121.65653892420232 705.50077301543206 219.19018953759223 32.37841535359621 12.357160208746789 115.86449604202062 230.23168875277042 2387.8975688684732 40.333973963744938 2.7759619168937197 18.70193455088884 3.827677513472735 9.9838126972317678 214.22074808180332 39.527533240616322 586.12359633296728 51.37073659338057 20.025370607152581 33.716224558651447 110.20001464337111 406.08235344197601 10.816790467128156
leaf_count=13682 222 4327 1161 9199 831 2153 1363 728 4221 7279 5714 763 146 1513 1326 21225 743 79 538 77 261 4363 225 14790 1070 382 190 679 4829 130
internal_value=-0.000236011 -0.00574384 0.00290868 -0.00343892 0.00226336 -0.0151505 -0.0168727 -0.00642819 0.000664082 0.00340958 -0.00138805 -0.00541049 0.00311975 0.0169074 0.00274583 0.00187891 0.0164681 -0.0214047 0.00323275 0.0234012 0.0113288 0.000407501 0.0126641 -0.00739394 -0.0222131 -0.00721828 0.0165326 0.0215282 -0.00644765 0.00923907
internal_weight=6475.66 2354.08 4121.58 1950.65 3996.98 290.226 403.425 182.206 141.881 3532.76 1660.42 878.026 782.399 128.222 3363.16 3093.4 72.7124 329.413 74.0118 32.5134 28.6857 654.177 269.759 805.314 326.637 71.3961 169.605 135.889 464.217 58.1348
internal_count=104209 66112 38097 48660 36936 11429 17452 7102 4949 31146 37231 22010 15221 1659 30055 28504 1506 15213 2239 876 799 13562 1551 20504 15134 1452 1091 901 5790 961
is_linear=0
shrinkage=0.05


Tree=60
num_leaves=31
num_cat=0
split_feature=36 30 7 7 18 33 12 33 18 35 6 17 33 7 7 7 37 29 2 37 33 6 13 33 2 33 17 2 28 27
split_gain=40.8106 24.6463 21.2331 19.7071 16.9497 18.5437 15.4958 10.5822 10.876 10.0723 8.01507 7.90597 7.89736 6.93888 6.31553 9.31869 8.30681 6.67209 11.0421 5.77244 6.44503 6.03765 5.76898 8.06054 4.85939 4.61197 4.45197 5.92923 6.45166 4.19375
threshold=-1.0000000180025095e-35 421.00000000000006 80.550000000000011 38.050000000000004 15.500000000000002 54.050000000000004 92.950000000000017 40.150000000000013 15.500000000000002 3.100000000000001 75.850000000000009 1075.0000000000002 72.65000000000002 35.45000000000001 47.550000000000004 47.850000000000001 57.742857142857147 54.250000000000007 53.050000000000004 54.33428571428572 70.050000000000011 49.95000000000001 44.850000000000001 34.750000000000007 48.850000000000001 46.95000000000001 1750.0000000000002 54.850000000000001 4.5000000000000009 7.5000000000000009
decision_type=8 2 2 2 2 2 2 2 2 8 2 2 2 2 2 2 2 2 2 2 2 2 2 2 2 2 2 2 2 2
left_child=7 9 3 10 6 -6 -5 22 14 -2 -3 -10 24 -12 17 -16 -17 18 -9 21 -21 -11 23 -1 -13 -19 27 -24 -29 -23
right_child=1 2 -4 4 5 -7 -8 8 11 19 13 12 -14 -15 15 16 -18 25 -20 20 -22 29 26 -25 -26 -27 -28 28 -30 -31
leaf_value=-0.016429937323838469 0.031927312687213966 -0.032438338793687328 0.057990867241627088 0.0018702914670543063 -0.0092913676196822222 0.0010817047296913863 0.0093548177200505032 -0.006834175525531264 0.033115996630103707 -0.036169231010643586 -0.049431543045123011 -0.03699830262578211 0.029613302034842318 0.029227658710770845 0.064745662054071104 0.019398419254011728 -0.0065193864623461391 -0.046375218138521197 0.09157248029903281 -0.029837600461648985 -0.0019608562333489877 -0.0038959214047389725 -0.029885117270637564 0.10495137978768457 -0.017884158997127218 -0.013245071864804024 -0.041819976797210778 0.074890985988050038 -0.0088509963081486922 0.037552387170479234
leaf_weight=4.5254702661186448 10.296673528850077 58.858510073274374 16.585286470130086 2234.4432430732995 563.13123468775302 1830.6764786578715 1003.0373843386769 10.975811095908282 6.836212718859314 13.055552234873174 3.6508209882304063 47.300213303416967 7.1911161169409743 10.799467313103376 5.8156305383890858 42.908312484622002 109.71113035269082 12.382056867703794 3.7107390975579611 106.69493218604475 26.231913037598133 43.822479397058487 45.443356012925506 1.8210088107734916 120.63963577896357 74.76512704975903 44.531770137138665 2.6728626443073145 13.135088540613649 6.9736643787473431
leaf_count=272 107 2043 95 29775 19488 17713 12534 309 157 235 163 1256 58 355 121 674 2069 601 100 3248 180 1034 2932 87 3000 1699 2828 124 702 166
internal_value=-0.000165571 0.00104689 0.00166113 0.00149547 0.0018318 -0.00135671 0.00419091 -0.0131382 -0.00963798 -0.0158924 -0.024239 -0.0190174 -0.0210987 0.00880787 -0.00305637 0.00316273 0.000742486 -0.0127748 0.0181425 -0.018435 -0.0243796 -0.0059625 -0.0268774 0.0187104 -0.0233162 -0.0180573 -0.0296747 -0.0207094 0.00537585 0.00175877
internal_weight=6482.62 5928.26 5721.18 5704.6 5631.29 2393.81 3237.48 554.366 442.236 207.075 73.3088 181.967 175.131 14.4503 260.269 158.435 152.619 101.834 14.6866 196.779 132.927 63.8517 112.13 6.34648 167.94 87.1472 105.783 61.2513 15.808 50.7961
internal_count=104125 87136 82166 82071 79510 37201 42309 16989 10044 4970 2561 4471 4314 518 5573 2864 2743 2709 409 4863 3428 1435 6945 359 4256 2300 6586 3758 826 1200
is_linear=0
shrinkage=0.05


Tree=61
num_leaves=31
num_cat=0
split_feature=36 30 7 7 3 5 8 33 9 33 9 6 27 7 8 0 3 13 33 17 1 1 12 5 5 5 1 5 3 9
split_gain=37.3264 22.5372 18.9246 18.5866 16.624 17.0514 10.8078 10.0433 8.44018 7.45826 6.51678 6.30293 8.09103 6.04723 7.62792 9.7464 5.45817 5.40124 6.616 4.39999 4.53971 11.3577 4.359 4.53349 4.23778 5.71598 3.93711 3.13987 3.02148 2.99564
threshold=-1.0000000180025095e-35 421.00000000000006 35.45000000000001 80.550000000000011 61.95000000000001 62.050000000000004 31.350000000000005 40.150000000000013 48.650000000000013 74.550000000000011 49.95000000000001 68.750000000000014 7.5000000000000009 43.45000000000001 81.450000000000017 51.550000000000004 51.250000000000007 44.850000000000001 34.750000000000007 1750.0000000000002 48.750000000000007 48.050000000000004 98.15000000000002 54.250000000000007 49.250000000000007 52.350000000000001 56.750000000000007 42.650000000000013 60.050000000000004 50.550000000000004
decision_type=8 2 2 2 2 2 2 2 2 2 2 2 2 2 2 2 2 2 2 2 2 2 2 2 2 2 2 2 2 2
left_child=7 9 -3 4 5 -4 -6 17 -9 10 11 12 -2 24 16 -16 -15 18 27 20 21 -19 23 -12 29 -26 -13 -1 -22 -10
right_child=1 2 3 -5 6 -7 -8 8 13 -11 22 26 -14 14 15 -17 -18 19 -20 -21 28 -23 -24 -25 25 -27 -28 -29 -30 -31
leaf_value=0.036692865835539379 -0.0037746224425935747 -0.046791333330928636 -0.00065472618938406172 0.053869103257251784 0.04408827472398831 0.0057382140612786871 0.010476888033924103 -0.037008383009989057 -0.042090884723164468 0.01591363222689084 -0.030319677089544774 -0.035463149961035216 0.05682048068063518 -0.013130787674365549 -0.0062770418270200017 0.056155079854857827 -4.3100068400194096e-05 -0.016683104419919031 0.090727915733367581 -0.041403194170583107 -0.045155307578417125 0.095697169465676288 -0.047772300235783993 -0.0069909035697604789 0.026080261090955875 -0.020940175313269499 0.005083443825478897 -0.047699249036380953 0.014644634203470071 -0.0081143806642720358
leaf_weight=1.6148168500512827 41.427389949560165 20.045427181757987 4024.1866052458063 16.959127500653267 26.759710144251585 1407.4171644253656 230.54641508683562 25.760585837997496 25.74523043166846 17.250004559755325 54.7361547248438 22.578781357966367 6.2369662374258033 167.30955375917256 13.66316900867969 11.207372981123624 153.45996886771172 36.535004027187824 2.0114214895293117 42.776655412279069 19.034494251012806 2.2873625187203279 19.478084105066955 34.728094020858407 8.7739173676818591 23.251899281516671 7.8257410330697885 2.8398622227832675 2.1909051248803726 9.2575949570164067
leaf_count=115 1071 854 67233 95 455 10663 2866 710 931 108 1861 770 174 3650 277 209 3127 2187 87 2828 1273 151 412 465 264 540 109 157 147 336
internal_value=-0.000159919 0.000992851 0.00157593 0.00174755 0.00159034 0.00100094 0.0140077 -0.012648 -0.00924604 -0.0153206 -0.0182353 -0.00710835 0.00415203 -0.00749234 -0.00480495 0.0217686 -0.00688703 -0.0262287 0.0174011 -0.0290352 -0.0200871 -0.00970449 -0.0261493 -0.0213377 -0.0212478 -0.00786155 -0.0248806 -0.0158755 -0.0387085 -0.0332959
internal_weight=6477.9 5930.18 5725.91 5705.87 5688.91 5431.6 257.306 547.72 438.429 204.261 187.011 78.0689 47.6644 412.669 345.64 24.8705 320.77 109.291 6.4661 102.824 60.0478 38.8224 108.942 89.4642 67.0286 32.0258 30.4045 4.45468 21.2254 35.0028
internal_count=104125 87136 82166 81312 81217 77896 3321 16989 10044 4970 4862 2124 1245 9334 7263 486 6777 6945 359 6586 3758 2338 2738 2326 2071 804 879 272 1420 1267
is_linear=0
shrinkage=0.05


Tree=62
num_leaves=31
num_cat=0
split_feature=32 18 7 5 21 28 0 18 7 33 3 7 7 3 0 3 30 5 6 1 3 5 18 30 13 32 5 31 32 5
split_gain=30.0339 27.7747 17.0525 16.8347 15.8769 14.6703 14.0722 19.6826 13.5807 13.1352 11.2106 10.7596 10.5488 10.0921 11.1952 9.74374 12.0427 9.94685 9.24821 9.34531 9.13889 10.0504 7.64719 7.00671 6.32498 6.28107 6.1543 5.5337 7.31608 5.49495
threshold=60.650000000000013 14.500000000000002 66.950000000000017 38.850000000000001 1.0000000180025095e-35 4.5000000000000009 49.45000000000001 17.500000000000004 44.250000000000007 68.65000000000002 61.95000000000001 38.350000000000001 42.650000000000013 43.150000000000013 51.150000000000013 62.350000000000001 447.00000000000006 54.050000000000004 77.050000000000011 49.750000000000007 56.45000000000001 49.850000000000001 14.500000000000002 495.00000000000006 57.750000000000007 76.65000000000002 71.850000000000009 -13.499999999999998 52.45000000000001 56.45000000000001
decision_type=2 2 2 2 2 2 2 2 2 2 2 2 2 2 2 2 2 2 2 2 2 2 2 2 2 2 2 8 2 2
left_child=1 3 4 -1 5 6 12 -8 27 15 23 24 -2 -13 -15 17 -17 -10 19 -4 25 -22 -12 -7 -5 -6 29 28 -3 -21
right_child=2 8 18 11 20 10 7 -9 9 -11 22 13 -14 14 -16 16 -18 -19 -20 26 21 -23 -24 -25 -26 -27 -28 -29 -30 -31
leaf_value=-0.02306883512461675 -0.021035417081652102 0.099877534022352152 0.046094404779300671 -0.050479572169342436 0.0057298529902690045 -0.012786693002443514 0.0046322411861321102 -0.0097711737227804425 -0.015632686214493558 0.021263060148421366 -0.0048558176072826349 -0.007108531409081899 -0.0020295611619949127 0 0.014351341399498433 0.091420546949827541 0.0020303570858232678 -0.0023475390538687112 0.051823896016615724 0.016196785443458032 0.073959460657314666 0.01743814160752661 0.05145928605331862 -0.00095273969305022471 0.0408754101571802 0.039533763980297482 0.035266595213151203 -0.027070246206926041 -0.044684845198121333 -0.0054961428968049288
leaf_weight=66.69269209401682 80.560720140114427 1.892973789945245 19.065585773438215 13.461327569559215 96.338063798844814 333.39015287999064 2807.2758217668161 258.78623127564788 477.68222437612712 33.637272752821445 10.587361906655135 155.65218753926456 781.68691878486425 266.87316974811256 277.14717724733055 4.77003978006542 17.215862763114274 201.21177284512669 17.43310746178031 53.423913326114416 13.416072463616727 19.762212298810482 13.408819270320235 201.70848326198757 2.0643720654770723 16.064963974058628 18.709179818630219 148.57769579533488 1.4253560425713656 63.68678617849946
leaf_count=3237 1490 160 136 758 1057 4884 26094 2809 18351 298 128 4052 8815 7899 6183 170 516 4315 106 350 149 156 190 2682 112 97 86 8442 75 328
internal_value=-0.00015434 -0.00593482 0.00185157 0.000928451 0.00127578 0.00074722 0.0018268 0.00341463 -0.0119939 -0.0091665 -0.00682812 0.00317612 -0.00381333 0.00409843 0.00731481 -0.0106369 0.0219769 -0.0117035 0.0172936 0.0133438 0.0175221 0.0405971 0.0264879 -0.00833617 -0.0378287 0.0106365 0.00867916 -0.0256181 0.0368288 0.00436252
internal_weight=6473.61 1668.3 4805.3 781.891 4632.99 4487.4 3928.31 3066.06 886.413 734.517 559.095 715.198 862.248 699.673 544.02 700.88 21.9859 678.894 172.319 154.885 145.581 33.1783 23.9962 535.099 15.5257 112.403 135.82 151.896 3.31833 117.111
internal_count=104125 54568 49557 22241 48551 47092 39208 28903 32327 23650 7884 19004 10305 18134 14082 23352 686 22666 1006 900 1459 305 318 7566 870 1154 764 8677 235 678
is_linear=0
shrinkage=0.05


Tree=63
num_leaves=31
num_cat=0
split_feature=36 30 7 7 2 3 32 37 9 2 9 2 6 27 3 32 8 8 32 8 7 7 8 37 1 7 28 37 4 7
split_gain=33.2186 20.3633 17.4697 15.9783 16.0377 15.1379 9.02174 7.53232 6.84526 7.28667 6.42491 8.78301 6.67833 9.13369 6.23581 6.23121 6.05739 5.83029 5.74692 5.62316 4.99443 10.0865 6.84947 4.85382 4.83971 4.55787 3.85392 5.41488 3.3941 2.7443
threshold=-1.0000000180025095e-35 421.00000000000006 35.45000000000001 80.550000000000011 66.450000000000017 59.050000000000004 66.550000000000011 81.039000000000016 48.650000000000013 45.250000000000007 49.95000000000001 48.250000000000007 68.950000000000017 7.5000000000000009 51.45000000000001 67.65000000000002 35.250000000000007 57.150000000000013 75.850000000000009 53.850000000000001 48.150000000000013 50.750000000000007 45.95000000000001 68.138500000000008 54.150000000000013 49.350000000000001 2.5000000000000004 71.084285714285741 75.050000000000011 52.95000000000001
decision_type=8 2 2 2 2 2 2 2 2 2 2 2 2 2 2 2 2 2 2 2 2 2 2 2 2 2 2 2 2 2
left_child=6 10 -3 4 5 -4 7 8 -1 24 11 28 13 -13 -11 17 -17 25 26 -14 22 -22 -18 -19 -10 -8 27 -12 -2 -28
right_child=1 2 3 -5 -6 -7 15 -9 9 14 18 12 19 -15 -16 16 20 23 -20 -21 21 -23 -24 -25 -26 -27 29 -29 -30 -31
leaf_value=-0.040687698606674469 -0.052037384785241461 -0.046362815279268305 0.00035932114144395145 0.049411047652818445 0.039667962901751119 0.0083565942611128104 -0.034238357673235985 -0.045938280081656457 -0.038000259672327862 -0.016456481571112107 -0.019859380648402519 0.0068770841123790508 -0.041270899619818051 0.074686527021323723 -0.0022142154605936494 -0.033951676709952319 0.027457010173356767 0.078714870564262476 0.0099622271276838138 0.0064928973368322714 0.036505947611739351 -0.0062043166269433415 -0.023890854141337035 0.013279871569865626 0.025282305008121227 0.029635031304626122 -0.042698044127761174 0.039652362889194694 -0.0071570151391040148 -0.02176661539922917
leaf_weight=23.186635930556804 11.099837357178332 18.909314326476306 4992.6703750146553 17.358225472271442 27.290041463449597 671.45439286716282 5.716255293227734 19.947935130912811 36.405978308059275 169.24084177566692 33.00266470387578 36.509104367345572 11.744078119285406 5.7003259826451531 142.44235104415566 16.474623717367649 7.7775683803483835 5.9057687669992429 12.067765612155197 12.483667598105965 20.29563732072711 42.430193768814206 35.41628204099834 5.8669895445927978 3.1285385200753799 5.2429579216986895 36.670506721362472 4.1804987313225856 7.263611026108264 30.399623150937259
leaf_count=944 455 854 72189 95 203 8825 122 1060 1603 6268 801 804 358 128 4948 241 124 94 87 239 248 496 542 113 102 84 1154 193 187 564
internal_value=-0.000149 0.000931154 0.00148115 0.00164131 0.00149388 0.00130837 -0.012027 -0.0159498 -0.0143268 -0.0125612 -0.0147002 -0.00415371 0.00425114 0.0163077 -0.00996646 -0.00132952 -0.005831 0.0226079 -0.0223357 -0.0165289 -0.00138209 0.00757159 -0.0144875 0.0469128 -0.0328151 -0.00323715 -0.0261282 -0.012946 -0.0346908 -0.0333318
internal_weight=6468.28 5928.8 5727.68 5708.77 5691.41 5664.12 539.479 394.352 374.404 351.218 201.122 84.8006 66.4372 42.2094 311.683 145.126 122.394 22.732 116.321 24.2277 105.92 62.7258 43.1939 11.7728 39.5345 10.9592 104.253 37.1832 18.3634 67.0701
internal_count=104125 87136 82166 81312 81217 81014 16989 14925 13865 12921 4970 2171 1529 932 11216 2064 1651 413 2799 597 1410 744 666 207 1705 206 2712 994 642 1718
is_linear=0
shrinkage=0.05


Tree=64
num_leaves=31
num_cat=0
split_feature=36 30 0 7 36 0 20 28 35 5 8 28 2 8 29 2 8 12 2 12 7 14 1 2 28 9 7 11 13 5
split_gain=30.3504 19.1448 19.6696 13.3057 15.5206 17.0228 13.2053 13.0345 12.8817 12.4241 10.3766 10.0696 14.7129 9.24212 8.97725 12.2249 8.78627 8.40166 8.10745 7.69069 7.61677 9.54661 9.43136 7.60324 7.08528 6.97858 6.24578 6.93613 7.06658 5.49483
threshold=-1.0000000180025095e-35 459.00000000000006 55.350000000000001 74.65000000000002 0.36666666666666675 50.350000000000001 1.0000000180025095e-35 4.5000000000000009 3.4000000000000008 60.250000000000007 71.050000000000011 3.5000000000000004 63.350000000000001 36.45000000000001 53.500000000000007 55.150000000000013 20.250000000000004 86.350000000000009 42.550000000000004 81.450000000000017 49.550000000000004 33.650000000000013 55.250000000000007 46.850000000000001 2.5000000000000004 48.650000000000013 43.150000000000013 49.900000000000006 57.650000000000013 48.250000000000007
decision_type=8 2 2 2 10 2 2 2 8 2 2 2 2 2 2 2 2 2 2 2 2 2 2 2 2 2 2 2 2 2
left_child=18 2 9 4 5 6 -3 -7 10 20 17 12 -6 -11 15 -10 -13 -4 -1 -5 22 -22 -2 -16 -15 -20 29 -28 -29 -27
right_child=1 3 8 19 11 7 -8 -9 14 13 -12 16 -14 24 23 -17 -18 -19 25 -21 21 -23 -24 -25 -26 26 27 28 -30 -31
leaf_value=-0.038872776867056889 -0.020216017694532542 0.0057512696570696988 -0.0081825261559780368 0.011784771148149572 0.0022273340623079566 0.0095551838330062283 -0.0041582187003189721 -0.0010284448317213972 -0.00065598897786037658 -0.020889200950471809 0.049648385812620904 0.021806155118670678 0.053300780996341994 0.014977333192911071 0.03566156102735258 0.033028119789485472 -0.0073815608184946485 0.027376550209916719 -0.033634727579805998 0.055629618990676734 0.013831379697330238 -0.008707405682226204 -0.002148157641958305 -0.0040388869383393856 -0.0015832052965057736 -0.035408204123052657 -0.032071286963323217 -0.0063235183135518201 0.021913181829323933 -0.0075375549453931719
leaf_weight=25.898869276512414 287.42448145477101 577.20691021392122 30.410997642204165 23.566441345959902 261.33436356671154 1412.8222840437666 804.84173067240044 365.27508170716465 64.103583333082497 41.489826770499349 23.770331612788141 26.635721391998231 14.82733256369829 100.6361686354503 12.338402029126881 46.002156828530133 673.27138936426491 35.990567868575454 29.840700965840369 17.860268035903573 52.917166195809841 404.06749104522169 97.349201022647321 378.67725961934775 178.70700166746974 37.808310534339398 24.389364226721227 357.91897742915899 23.457114734686911 34.298209678381681
leaf_count=1071 10089 8921 300 135 3507 13414 13327 5833 1204 424 195 675 90 865 192 535 10259 315 1116 115 1015 7403 1544 5103 1676 2169 793 10242 491 1107
internal_value=-0.0001437 0.000883117 -0.00349958 0.00272433 0.00244022 0.00414306 -1.58276e-05 0.00737824 0.0039192 -0.00727708 0.0213079 -0.0030677 0.00500591 0.00108089 0.000776673 0.0133891 -0.00626069 0.011028 -0.011565 0.0308964 -0.0104684 -0.0060841 -0.0156595 -0.00276457 0.00436823 -0.0101548 -0.00867138 -0.00624131 -0.00456838 -0.0222493
internal_weight=6465.14 5931.53 1753.88 4177.64 4136.21 3160.15 1382.05 1778.1 591.293 1162.59 90.1719 976.069 276.162 320.833 501.121 110.106 699.907 66.4016 533.612 41.4267 841.758 456.985 384.774 391.016 279.343 507.713 477.872 405.765 381.376 72.1065
internal_count=104125 87136 30860 56276 56026 41495 22248 19247 7844 23016 810 14531 3597 2965 7034 1739 10934 615 16989 250 20051 8418 11633 5295 2541 15918 14802 11526 10733 3276
is_linear=0
shrinkage=0.05


Tree=65
num_leaves=31
num_cat=0
split_feature=33 30 7 18 29 30 4 18 30 32 31 3 33 31 12 7 8 8 8 7 5 37 33 2 2 33 4 1 7 29
split_gain=31.603 19.6882 15.7751 14.9552 16.9154 14.3242 13.8595 13.6201 20.3841 15.5723 14.6382 13.2605 16.3145 12.7759 11.8582 9.63312 9.1606 8.40227 8.14336 8.45962 8.11925 7.80346 7.44486 7.43383 7.30684 7.20607 6.80722 6.6642 8.14452 6.60911
threshold=37.750000000000007 441.00000000000006 38.050000000000004 14.500000000000002 53.500000000000007 505.00000000000006 30.050000000000004 12.500000000000002 495.00000000000006 39.050000000000004 2.5000000000000004 48.550000000000004 86.450000000000017 5.5000000000000009 87.350000000000009 57.350000000000001 78.550000000000011 15.550000000000002 50.050000000000004 59.250000000000007 60.850000000000001 55.983000000000011 61.45000000000001 47.95000000000001 49.750000000000007 54.050000000000004 97.050000000000011 55.050000000000004 55.650000000000013 55.750000000000007
decision_type=2 2 2 2 2 2 2 2 2 2 10 2 2 8 2 2 2 2 2 2 2 2 2 2 2 2 2 2 2 2
left_child=7 13 -3 4 5 -4 -6 8 17 -10 14 25 -13 26 -11 20 18 -1 19 -15 -9 -12 -18 -17 -25 -5 27 28 -2 -22
right_child=1 2 3 11 6 -7 -8 15 9 10 21 12 -14 16 -16 23 22 -19 -20 -21 29 -23 -24 24 -26 -27 -28 -29 -30 -31
leaf_value=0.089214926374995826 -0.021287850119117054 -0.02227786620974621 0.025770090196582884 -0.011462623711825371 -0.029588159493203051 -0.02760196405781816 0.0050152572240131218 -0.023650439487115163 -0.048260940347241196 0.14498477768545667 0.063585999264448842 0.0027944389905573317 0.059949955433982807 0.002353372637137988 0.033034121737834932 -0.036678966948414791 0.082952544849795931 -0.011215940259872985 -0.01872271954122336 0.037105832027713198 -0.03006781754778658 -0.048000348741332105 0.0051481405409494916 0.085347013529054883 0.0086258551202684514 -0.0017331973718436415 0.0069257414797817343 -0.0045198698202732401 -0.0019463509379041074 0.040659459950571818
leaf_weight=2.0329816415905944 227.02143001370132 63.11612640041858 148.94322411715984 240.8221105998382 29.172503849491477 13.559342578984795 2272.8394329510629 251.27425045520067 3.3507823063991991 6.5031723678112048 2.9180025476962319 1611.1885074796155 12.493168219923971 113.75097005162388 4.0059113730676472 7.4177068229764691 6.4999287845566851 76.110543903429061 36.858443153090775 20.690845265984535 5.0040669171139589 3.1404149485751987 6.0550122745335102 3.559079950675371 22.193477358669043 915.25261924695224 52.178803735412657 185.27419225405902 72.381652415730059 9.056180506013332
leaf_count=100 4790 1821 1919 7251 528 154 25446 16869 192 311 91 21506 57 2214 164 382 165 4169 713 222 200 186 54 177 838 9329 492 2355 951 304
internal_value=0.000587412 0.00148769 0.00254137 0.00284145 0.00567719 0.0212717 0.0045733 -0.0130818 0.00303926 0.0480969 0.068058 0.000325384 0.00324096 -0.00626405 0.103496 -0.0183937 0.00509146 -0.00842855 0.00202703 0.00776261 -0.0215733 0.00509249 0.0461612 0.00687852 0.0197115 -0.00376508 -0.0101625 -0.0120135 -0.0166309 0.0150998
internal_weight=6424.66 6028.1 5307.39 5244.27 2464.51 162.503 2302.01 396.567 98.0618 19.9183 16.5675 2779.76 1623.68 720.711 10.5091 298.505 183.855 78.1435 171.3 134.442 265.334 6.05842 12.5549 33.1703 25.7526 1156.07 536.856 484.677 299.403 14.0602
internal_count=103950 79967 68011 66190 28047 2073 25974 23983 5213 944 752 38143 21563 11956 475 18770 3368 4269 3149 2436 17373 277 219 1397 1015 16580 8588 8096 5741 504
is_linear=0
shrinkage=0.05


Tree=66
num_leaves=31
num_cat=0
split_feature=33 18 33 35 9 18 13 11 35 9 12 13 7 37 18 7 0 12 35 10 2 8 4 19 35 8 28 8 33 37
split_gain=28.8995 17.4004 15.1842 17.901 12.7995 14.1468 12.7451 12.5157 12.2131 12.8602 13.8404 11.8655 11.235 10.8114 10.0539 9.94049 9.92102 10.2886 9.17181 8.62326 8.76186 10.5914 7.90992 8.64608 17.5665 7.882 7.43169 7.1821 7.0658 6.43448
threshold=37.750000000000007 14.500000000000002 54.050000000000004 29.600000000000005 58.750000000000007 9.5000000000000018 58.350000000000001 47.050000000000004 9.6000000000000032 60.550000000000004 99.950000000000017 71.750000000000014 56.45000000000001 74.931142857142859 16.500000000000004 55.650000000000013 48.750000000000007 94.850000000000009 1.6000000000000005 65.000000000000014 54.150000000000013 40.95000000000001 85.450000000000017 1.0000000180025095e-35 36.400000000000013 25.650000000000002 6.5000000000000009 33.45000000000001 86.450000000000017 70.603071428571454
decision_type=2 2 2 10 2 2 2 2 8 2 2 2 2 2 2 2 2 2 10 2 2 2 2 2 8 2 2 2 2 2
left_child=4 8 7 26 5 22 14 25 18 10 15 12 -9 -12 -5 -10 -6 -18 29 20 -7 -22 23 24 -1 -3 28 -25 -4 -2
right_child=1 2 3 6 16 19 -8 11 9 -11 13 -13 -14 -15 -16 -17 17 -19 -20 -21 21 -23 -24 27 -26 -27 -28 -29 -30 -31
leaf_value=-0.029982832330174167 0.0064340817058728857 0.033588542499983012 -3.0444083855716914e-05 0.046067763988757587 -0.030039604311726798 -0.022876596786308726 -0.016906789107735239 -0.0099708249189711592 0.0021651485680191924 -0.019056567582952291 0.017971032448182791 0.072042838522489203 0.0063035743112607795 -0.013318557528197298 -0.0022274992775646175 0.010996981613603535 0.018083006759030452 0.11234792624918802 -0.0028594600137321355 0.036866633762393547 0.016459880303117479 -0.0207978622836466 0.10311472922050069 0.050827276568383775 0.13849090235166381 -0.045274753087576204 -0.031219728367747879 -0.021553117818370857 0.02917022357914055 0.036203411501727241
leaf_weight=2.7038988862186732 130.22337890043855 3.3860196070745578 2428.5238858470693 46.437737099826336 5.0496265133842853 262.09216723917052 14.531566048040984 523.84176149219275 1001.5053558805957 47.592321270145476 361.0848373491317 4.7126548467203966 132.49018974602222 29.634589941240847 13.758701933547853 468.56062300689518 8.4905520724132639 4.4668970406055442 734.58903811499476 7.0250401031225911 35.255722593516111 41.20548253506422 2.4795511923730365 4.2951795947738018 3.3114917688071728 30.618080040439963 18.845468420535326 15.266074552666394 20.792108602821827 21.168243503198028
leaf_count=146 1011 105 24551 518 233 17888 144 17257 13606 915 4325 133 2559 492 155 3746 322 166 8792 128 1697 2112 98 208 169 1083 275 816 97 203
internal_value=0.000555468 0.0014108 -0.00108264 0.00070573 -0.0126032 -0.0145984 0.0247988 -0.00763187 0.00430178 0.00655416 0.00721287 -0.00609794 -0.00667752 0.0155822 0.0349609 0.00498412 0.0283719 0.051574 -0.000544329 -0.0173789 -0.0185298 -0.00355421 0.0194128 0.0107335 0.0626929 -0.0371997 -2.26808e-05 -0.00522814 0.000216578 0.0106507
internal_weight=6423.94 6032.3 3237.94 2542.89 391.642 373.635 74.728 695.049 2794.36 1908.38 1860.79 661.045 656.332 390.719 60.1964 1470.07 18.0071 12.9574 885.981 345.578 338.553 76.4612 28.0562 25.5766 6.01539 34.0041 2468.16 19.5613 2449.32 151.392
internal_count=103950 79967 46877 25740 23983 23262 817 21137 33090 23084 22169 19949 19816 4817 673 17352 721 488 10006 21825 21697 3809 1437 1339 315 1188 24923 1024 24648 1214
is_linear=0
shrinkage=0.05


Tree=67
num_leaves=31
num_cat=0
split_feature=33 30 30 18 18 31 9 29 27 36 36 30 29 2 5 8 5 5 9 30 33 8 33 33 3 3 9 33 35 3
split_gain=26.4065 17.6455 12.9937 17.8791 12.8835 11.6503 11.4496 11.2628 14.9159 11.613 11.5009 9.60362 8.9842 9.27081 8.9261 7.89105 7.80758 7.76193 7.70179 10.4444 8.4934 7.3595 7.46029 7.32969 6.51924 8.74614 6.47035 6.34885 8.03459 7.18795
threshold=37.750000000000007 441.00000000000006 483.00000000000006 12.500000000000002 13.500000000000002 5.5000000000000009 58.350000000000001 51.250000000000007 5.5000000000000009 -1.0000000180025095e-35 0.55000000000000016 459.00000000000006 53.500000000000007 59.350000000000001 66.850000000000009 78.550000000000011 40.650000000000013 41.850000000000001 58.750000000000007 457.00000000000006 33.550000000000004 50.050000000000004 60.45000000000001 57.650000000000013 58.550000000000004 55.650000000000013 49.850000000000001 69.65000000000002 9.1000000000000032 55.45000000000001
decision_type=2 2 2 2 2 8 2 2 2 8 10 2 2 2 2 2 2 2 2 2 2 2 2 2 2 2 2 2 10 2
left_child=2 5 18 16 6 27 12 8 11 23 -11 -6 13 -3 -5 21 -4 -14 -1 -20 -21 22 -7 -9 25 -18 -17 28 -2 -29
right_child=1 4 3 14 7 15 -8 9 -10 10 -12 -13 17 -15 -16 26 24 -19 19 20 -22 -23 -24 -25 -26 -27 -28 29 -30 -31
leaf_value=-0.020436479320471157 -0.017637831717056487 0.01404432232397864 -0.013298452438198062 -0.012301543253360253 0.040909545924187565 -0.00074636821102675192 -0.017692421688705311 -0.016862163667448783 0.082453591585769662 0.0021776203663367594 -0.0073184959964883393 -0.040075679550433341 -0.0066820355210044204 0.055875794622154557 0.081178986163104414 0.0073531556269630094 0.048580922708188486 0.0062025960420555391 -0.029669438112448401 0.0018234548008569319 0.12481336244621966 -0.018044439602522014 0.024339751344673224 0.0002313474196773662 0.12309565788988626 -0.048071710088159803 0.078531044265755134 -0.0074365987827740079 -0.001337804107244931 0.017695550676923924
leaf_weight=246.88489547651261 278.05041615758091 106.14545718114823 6.7969374880194691 95.276110492181033 7.5630698166787642 91.848247274756432 51.329740370623767 154.66185066802427 9.6000536046922189 2722.2853531446308 360.89307157415897 6.8974310252815485 125.32320926338434 15.203699300065635 2.5132235372439018 6.8162954580038768 19.780094792600728 1654.3388633588329 4.9420451074838621 2.7200156142935157 3.0063642440363765 36.26374657265842 43.398785755038261 104.47678531333804 2.4685641094110897 2.5208434900268903 6.2469342155382037 111.63706891238689 104.7807235782966 38.039740994572639
leaf_count=16406 5439 1334 436 5586 128 2074 1004 5253 171 34066 5398 125 2355 88 63 102 850 16577 209 124 103 713 362 1512 98 108 117 773 2127 249
internal_value=0.000525429 0.00133797 -0.0121344 0.000758026 0.00233133 -0.00602228 0.00556282 0.000455621 0.0344723 0.000208223 0.00106426 0.00192754 0.00619426 0.0193682 -0.0097675 0.00478274 0.0334507 0.00529213 -0.0186267 0.0225904 0.0682856 0.00188775 0.00727849 -0.00995386 0.046482 0.0372665 0.0421088 -0.00977702 -0.0131911 -0.00100843
internal_weight=6422.71 6035.8 386.909 129.356 5318.72 717.082 1952.34 3366.38 24.0606 3342.32 3083.18 14.4605 1901.01 121.349 97.7893 184.574 31.5664 1779.66 257.553 10.6684 5.72638 171.511 135.247 259.139 24.7695 22.3009 13.0632 532.508 382.831 149.677
internal_count=103950 79967 23983 7141 68011 11956 21358 46653 424 46229 39464 253 20354 1422 5649 3368 1492 18932 16842 436 227 3149 2436 6765 1056 958 219 8588 7566 1022
is_linear=0
shrinkage=0.05


Tree=68
num_leaves=31
num_cat=0
split_feature=33 30 30 5 18 12 18 31 3 33 35 15 15 4 35 32 30 6 32 33 28 15 32 8 8 8 33 24 5 1
split_gain=24.1145 15.9761 12.4569 11.7537 16.7681 12.3325 11.5676 10.6087 10.486 13.1156 13.03 10.1872 10.0439 9.91887 9.91846 9.76421 9.5071 9.50474 9.48125 10.5345 7.59126 7.60623 7.34078 6.84891 6.74652 6.69627 6.59543 6.41117 12.4272 6.37824
threshold=37.750000000000007 441.00000000000006 433.00000000000006 43.650000000000013 9.5000000000000018 56.050000000000004 13.500000000000002 5.5000000000000009 48.550000000000004 86.450000000000017 34.250000000000014 67.050000000000011 41.150000000000013 29.950000000000003 15.400000000000004 84.350000000000009 469.00000000000006 87.550000000000011 62.250000000000007 33.250000000000007 6.5000000000000009 52.250000000000007 42.850000000000001 78.550000000000011 50.650000000000013 50.050000000000004 60.45000000000001 1.0000000180025095e-35 35.050000000000004 50.350000000000001
decision_type=2 2 2 2 2 2 2 8 2 2 10 2 2 2 10 2 2 2 2 2 2 2 2 2 2 2 2 2 2 2
left_child=2 7 -1 18 5 16 13 11 20 10 -10 -2 14 -3 -6 22 -5 -14 27 -20 21 -8 -15 25 -7 26 -9 -4 -29 -13
right_child=1 6 3 4 12 24 8 23 9 -11 -12 29 17 15 -16 -17 -18 -19 19 -21 -22 -23 -24 -25 -26 -27 -28 28 -30 -31
leaf_value=-0.034409184108302314 -0.011380797595314794 -0.032389540000927267 -0.02700834800850721 0.041449013656585439 -0.0002911962746230054 -0.021425961538550829 -0.0059907420199570858 -0.0007095533250149489 0.0018012393435162576 0.048657521249556829 0.02999885899166408 -0.024656596859040158 -0.010897689568182678 -0.020870736885314881 0.061147970779547457 0.033865714127774643 0.18304743801548579 0.086369600606669872 0.092717074360682203 -0.018251849021371794 -0.030021986334183504 0.0014819750915438131 0.0055253065736965068 0.038686593014167762 0.062489225638045098 -0.01740501137272461 0.022749920339517733 0.14771775590163605 -0.0091490303621248239 0.024487584822233691
leaf_weight=52.084428598172963 487.51376201212406 17.196699093095958 109.47919577313587 2.56810797471553 16.777977530844513 5.1334530794993025 706.51658613048494 91.789774002507329 1922.3261464210227 15.361197203397749 41.793751957826316 8.0883222939446551 159.56255907891318 26.540359424427152 10.527913803234695 30.053752969950438 2.4513276917859912 2.4424606845714143 3.7162915840744954 4.6764043485745788 25.25925113260746 655.62342167831957 1885.0430462136865 13.508142877370117 4.2504168464802206 35.73364894464612 44.098337687551975 1.412156680598853 7.3418730888515711 32.653063886798918
leaf_count=3845 8067 304 8264 102 988 201 10796 2074 25841 69 625 131 8706 692 454 156 105 139 179 175 597 8725 20206 219 160 713 362 117 548 390
internal_value=0.00049715 0.00126901 -0.0116759 -0.00806707 -0.000603855 0.0511833 0.00221093 -0.00575515 0.000431868 0.00276918 0.00240529 -0.00936735 -0.00459531 0.0052661 0.0233512 0.00560383 0.113802 -0.00934802 -0.0200244 0.0308097 -0.00289926 -0.00239047 0.00515514 0.00452452 0.0163143 0.00178558 0.00687787 -0.023698 0.0169738 0.0145722
internal_weight=6421.52 6039.1 382.425 330.34 203.714 14.4033 5325.71 713.385 3366.88 1979.48 1964.12 528.255 189.311 1958.83 27.3059 1941.64 5.01944 162.005 126.626 8.3927 1387.4 1362.14 1911.58 185.13 9.38387 171.622 135.888 118.233 8.75403 40.7414
internal_count=103950 79967 23983 20138 10855 568 68011 11956 46653 26535 26466 8588 10287 21358 1442 21054 207 8845 9283 354 20118 19521 20898 3368 361 3149 2436 8929 665 521
is_linear=0
shrinkage=0.05


Tree=69
num_leaves=31
num_cat=0
split_feature=36 30 36 12 20 28 35 27 22 1 35 18 32 8 4 1 26 4 1 12 8 32 32 9 17 13 1 18 32 35
split_gain=22.0324 19.1438 14.1656 17.6688 22.166 14.6199 18.1357 12.0874 11.0825 10.8667 10.4397 10.3859 10.1455 10.0481 10.474 10.0071 9.89354 8.8805 8.63845 8.38393 7.7649 7.48674 7.46278 7.36671 7.03437 6.72943 6.51007 5.98729 9.02079 7.47115
threshold=-1.0000000180025095e-35 433.00000000000006 0.36666666666666675 69.550000000000011 1.0000000180025095e-35 3.5000000000000004 28.400000000000006 6.5000000000000009 1.0000000180025095e-35 50.250000000000007 16.750000000000007 15.500000000000002 49.850000000000001 22.450000000000003 89.950000000000017 52.550000000000004 1.0000000180025095e-35 40.650000000000013 56.350000000000001 88.850000000000009 85.550000000000011 81.350000000000009 66.250000000000014 58.850000000000001 1750.0000000000002 44.95000000000001 53.850000000000001 10.500000000000002 69.550000000000011 3.600000000000001
decision_type=8 2 10 2 2 2 10 2 2 2 8 2 2 2 2 2 2 2 2 2 2 2 2 2 2 2 2 2 2 10
left_child=11 8 3 4 16 6 18 21 10 -9 15 12 24 19 -15 -2 -3 -6 -4 -7 27 -5 -8 -13 25 -1 -12 28 -14 -29
right_child=1 2 5 7 17 13 22 9 -10 -11 26 23 20 14 -16 -17 -18 -19 -20 -21 -22 -23 -24 -25 -26 -27 -28 29 -30 -31
leaf_value=0.092955086849161275 0.081291663114641158 0.0064681833351868242 -0.0046279501928594103 0.0035630951504023486 -0.025503779572493057 -0.0026959083175605199 0.054341153477183803 -0.00060569170378390843 -0.012956508704933124 0.016334414917343623 -0.01456506504674409 -0.020834695780140994 0.026931991407735528 -0.010871496799354501 0.0026337436931081382 0.013731966137622405 -0.01231111947301896 -0.0036493093987398162 0.012266777842267236 0.042683818487790022 0.044739976975056481 0.020210477770550662 0.0089906958245258677 0.012062924868450474 -0.038431877568563838 -0.0096089279161688523 0.016482780702059465 -0.023346591989721076 -0.032456530727944854 0.00017953195700980455
leaf_weight=1.6317446483299161 7.2523177154362228 1096.4638303983957 199.61185626685619 1337.3066319795325 48.651964006014168 22.142056556418538 24.815549875609577 117.69631623011082 342.69727477990091 472.04516449430957 51.172657144721597 192.67030610889196 34.594030991196632 594.71301506320015 188.46927157230675 22.835228225216269 74.665442989207804 1047.73954035528 121.55188132543117 18.423922504298389 9.4885330889374 71.213001055642962 14.794886097311972 18.401154431514442 31.520014702808112 20.562020128592849 24.976965963374823 42.347348380368203 7.6815599408000699 162.63048708811402
leaf_count=88 154 15291 3036 18039 1427 531 606 2486 7665 5090 1527 7110 815 10175 2048 289 1000 15015 1124 489 208 391 141 480 1762 1288 374 965 76 4260
internal_value=0.000470353 0.00134201 0.00216025 0.00350397 0.000480715 -0.00267451 0.00571079 0.0069319 -0.00857903 0.0129456 0.00549362 -0.00937814 -0.00353804 -0.0063533 -0.00761522 0.0303976 0.00526569 -0.00462589 0.00175252 0.0178456 0.000580209 0.00440969 0.0375935 -0.0179387 -0.0232799 -0.00146074 -0.00430758 -0.00111164 0.0159719 -0.00466548
internal_weight=6420.77 5899.24 5450.3 4265.78 2267.52 1184.52 360.774 1998.26 448.934 589.741 106.237 521.527 310.456 823.748 783.182 30.0875 1171.13 1096.39 321.164 40.566 256.742 1408.52 39.6104 211.071 53.7138 22.1938 76.1496 247.253 42.2756 204.978
internal_count=103950 86898 76889 58739 32733 18150 4907 26006 10009 7576 2344 17052 9462 13243 12223 443 16291 16442 4160 1020 6324 18430 747 7590 3138 1376 1901 6116 891 5225
is_linear=0
shrinkage=0.05


Tree=70
num_leaves=31
num_cat=0
split_feature=30 3 34 5 18 32 33 9 9 0 7 33 4 7 7 7 18 32 9 32 3 0 1 3 32 33 22 15 0 30
split_gain=26.191 14.6474 16.4446 14.6274 13.2588 13.6143 11.7295 8.96173 9.17509 11.3315 10.6065 8.95018 16.0495 8.81036 8.56832 13.2831 8.49556 8.4616 8.32119 8.08608 7.62692 7.2326 9.84179 7.12756 6.78858 6.7835 6.77061 7.25074 6.89264 6.45441
threshold=441.00000000000006 47.45000000000001 1.0000000180025095e-35 42.650000000000013 14.500000000000002 84.350000000000009 34.750000000000007 43.150000000000013 49.150000000000013 60.150000000000013 53.650000000000013 68.65000000000002 79.750000000000014 62.750000000000007 54.750000000000007 55.95000000000001 10.500000000000002 58.250000000000007 74.950000000000017 47.650000000000013 53.95000000000001 61.350000000000001 53.050000000000004 51.150000000000013 66.450000000000017 74.250000000000014 1.0000000180025095e-35 56.550000000000004 47.150000000000013 535.00000000000011
decision_type=2 2 8 2 2 2 2 2 2 2 2 2 2 2 2 2 2 2 2 2 2 2 2 2 2 2 2 2 2 2
left_child=6 2 21 11 5 19 13 -5 10 -10 -9 14 -13 -1 18 -16 20 -6 -3 -4 23 -2 24 -8 -23 26 28 -28 -18 -19
right_child=1 3 4 7 17 -7 16 8 9 -11 -12 12 -14 -15 15 -17 25 29 -20 -21 -22 22 -24 -25 -26 -27 27 -29 -30 -31
leaf_value=-0.034434064950511344 0.0052383372906836777 -0.014097005443748523 -0.019493697896240673 -0.019501339055827658 -0.018407718301993031 0.056212778309769541 0.0053525205626535951 0.0055232361898933501 0.0023764226096779101 0.013478229168084103 0.021616073560488076 0.046989566559866483 -0.013101892996973561 0.092656859377382161 0.043744177050177045 -0.0054647956683368006 -0.031285761207896126 -0.0069125110883437651 0.052473206473371919 0.00081566222266311471 0.025360553847096668 -0.022698699911765437 0.064359412738750718 -0.034252627190510414 0.034997032482634312 0.0056592159623396364 -0.017972759872902873 -0.0032668607771620104 0.0034298272474877142 0.022326731553214019
leaf_weight=52.467154608573765 327.92196687590331 265.59737778455019 52.244431281462312 39.151731125079095 175.58354849461466 10.628870677202938 50.156721545383334 297.83394314022735 2467.6738800848834 253.70320853497833 157.00485004112124 20.81238304823637 23.447893679141998 1.285981386899947 17.801218139007688 58.093203201889992 16.241101247724146 664.89846328878775 4.6523644197732201 766.44581761211157 35.078168992884457 9.4250079765915888 12.633389901369808 14.541337717324494 10.769179806113241 68.960989486426115 309.21589599177241 116.26272777840495 113.78550241887569 19.254583301022649
leaf_count=4251 3896 9445 2340 1044 7552 62 686 4638 32654 2529 1503 168 159 57 458 1202 490 8644 111 9964 413 153 96 188 89 439 6788 1892 2140 218
internal_value=6.91484e-06 0.00119097 -0.00218238 0.00311004 -0.004254 0.000250724 -0.0085931 0.00422066 0.00451524 0.00341369 0.0110928 -0.00602289 0.0150843 -0.0311343 -0.0087398 0.00605387 -0.00690913 -0.00860468 -0.0129135 -0.000476488 0.00660451 0.00750171 0.0298746 -0.00351097 0.00784381 -0.00907703 -0.0109161 -0.0139678 -0.000888644 -0.00607916
internal_weight=6433.57 5655.58 2049.81 3605.77 1689.06 829.319 777.996 3215.37 3176.22 2721.38 454.839 390.404 44.2603 53.7531 346.144 75.8944 724.242 859.737 270.25 818.69 99.7762 360.75 32.8276 64.6981 20.1942 624.466 555.505 425.479 130.027 684.153
internal_count=104269 86925 33014 53911 28780 12366 17344 42368 41324 35183 6141 11543 327 4308 11216 1660 13036 16414 9556 12304 1287 4234 338 874 242 11749 11310 8680 2630 8862
is_linear=0
shrinkage=0.05


Tree=71
num_leaves=31
num_cat=0
split_feature=30 28 2 18 3 12 2 13 32 1 28 32 37 8 16 37 20 34 32 30 3 1 3 18 34 32 12 30 2 13
split_gain=23.8206 13.9721 14.3703 13.4747 12.1171 10.7693 16.3263 10.4013 9.97298 9.60326 9.42544 9.15313 8.78249 8.59958 7.99077 8.38157 7.15981 7.12339 6.52632 7.47353 6.22935 8.13751 6.16582 7.75112 7.07796 6.22528 6.00715 5.29669 4.96253 4.47968
threshold=441.00000000000006 5.5000000000000009 63.350000000000001 11.500000000000002 46.650000000000013 91.550000000000011 47.150000000000013 73.850000000000009 81.750000000000014 63.550000000000004 3.5000000000000004 83.65000000000002 78.211428571428584 65.950000000000017 50.850000000000001 86.750000000000014 1.0000000180025095e-35 1.5000000000000002 75.050000000000011 503.00000000000006 44.050000000000004 46.650000000000013 44.750000000000007 9.5000000000000018 1.0000000180025095e-35 67.15000000000002 53.750000000000007 411.00000000000006 65.050000000000011 48.95000000000001
decision_type=2 2 2 2 2 2 2 2 2 2 2 2 2 2 2 2 2 10 2 2 2 2 2 2 8 2 2 2 2 2
left_child=7 2 3 5 8 17 -7 12 -5 -6 13 16 22 -4 15 -14 20 -2 19 -12 -3 -22 25 24 -24 29 -27 -25 -18 -1
right_child=1 11 10 4 9 6 -8 -9 -10 -11 18 -13 14 -15 -16 -17 28 -19 -20 -21 21 -23 23 27 -26 26 -28 -29 -30 -31
leaf_value=-0.0023657635353880086 0.0063975896300361131 -0.018145227489317624 0.01260755905415714 -0.0049309746244579258 0.0016150056298775564 0.063598162180685161 0.011408845600461827 0.059392617619869276 0.019410529163481294 0.034136881132920481 0.0066697875909766322 0.059863379545759071 -0.033819241679628353 0.060188290885952837 0.058061945060543498 0.036954963446716858 -0.019601771353091629 -0.0042545562866176728 -0.0088718219337468995 0.042789226766853643 -0.0238770250789146 0.0048018111575908792 0.05881445813635594 -0.0214832831389766 0.0062374161167253655 0.016583077558452227 -0.014458632389509264 -0.0044634230210915645 0.026898493771257401 -0.028175010642589239
leaf_weight=21.643831413704902 493.4022437799722 57.232704219873995 17.876257689669728 1185.151353249792 2815.026093986351 15.701810997445135 313.38898123940453 5.5272872345522037 43.457628006115556 22.801956315524876 44.657087540253997 4.8123474810272446 62.605333928018808 21.118665786460042 2.6087859603576353 4.3350072149187318 137.1259173322469 229.48306456580758 32.248814009130001 21.323575664311647 28.890917022246867 168.0637147356756 7.4770136671140781 51.454607686493546 43.679405520204455 24.061289025470614 43.542640103958547 422.09269348485395 5.8147531338036051 82.997501099016517
leaf_count=685 4936 1387 107 20265 43412 359 3391 109 251 168 408 37 2578 118 124 162 3995 3506 179 194 886 3254 66 1486 642 237 455 8502 72 2298
internal_value=4.64779e-06 0.0011297 0.00181767 0.00138834 8.22022e-05 0.00643201 0.0139327 -0.00823259 -0.0040644 0.00187927 0.0177825 -0.00785181 -0.00873445 0.038592 -0.0256927 -0.0291131 -0.00869983 0.00300898 0.00943995 0.0184656 -0.00363778 0.000559609 -0.00703155 -0.00432215 0.0141194 -0.0152488 -0.00332838 -0.00632747 -0.0176577 -0.0228918
internal_weight=6429.6 5657.58 5255.64 5118.41 4066.44 1051.98 329.091 772.025 1228.61 2837.83 137.224 401.94 766.498 38.9949 69.5491 66.9403 397.128 722.885 98.2295 65.9807 254.187 196.955 696.949 524.704 51.1564 172.245 67.6039 473.547 142.941 104.641
internal_count=104269 86925 77294 76288 64096 12192 3750 17344 20516 43580 1006 9631 17235 225 2864 2740 9594 8442 781 602 5527 4140 14371 10696 708 3675 692 9988 4067 2983
is_linear=0
shrinkage=0.05


Tree=72
num_leaves=31
num_cat=0
split_feature=30 7 28 3 31 13 4 32 13 0 20 36 34 16 16 34 3 1 0 30 3 13 13 30 0 15 14 28 3 30
split_gain=21.6524 13.3931 13.7083 10.6936 10.0131 10.8387 9.79005 9.62428 9.49263 9.11279 8.80477 8.49329 8.2277 9.5043 7.30172 6.71692 6.37495 8.11042 5.96828 5.46732 8.78373 6.53164 5.0428 14.1297 5.48885 5.03386 4.89155 4.76061 6.89019 5.62883
threshold=441.00000000000006 38.050000000000004 5.5000000000000009 46.250000000000007 19.500000000000004 45.650000000000013 43.350000000000001 82.15000000000002 73.850000000000009 46.050000000000004 1.0000000180025095e-35 0.55000000000000016 2.5000000000000004 50.850000000000001 54.150000000000013 1.0000000180025095e-35 44.050000000000004 46.650000000000013 59.250000000000007 415.00000000000006 56.45000000000001 63.550000000000004 54.750000000000007 497.00000000000006 62.45000000000001 46.050000000000004 73.950000000000017 3.5000000000000004 54.45000000000001 487.00000000000006
decision_type=2 2 2 2 10 2 2 2 2 2 2 8 10 2 2 8 2 2 2 2 2 2 2 2 2 2 2 2 2 2
left_child=6 14 3 7 9 -6 25 15 12 -5 16 -9 19 18 27 -3 26 -18 -14 20 -8 -21 24 -24 -12 -1 -4 -2 -29 -30
right_child=1 2 10 4 5 -7 8 11 -10 -11 22 -13 13 -15 -16 -17 17 -19 -20 21 -22 -23 23 -25 -26 -27 -28 28 29 -31
leaf_value=-0.0024128455891010798 -0.034441621292287533 0.0049071220296477008 -0.021526422762985574 -0.0039285920666064615 0.087014833312882789 0.015887428179005583 -0.024067276754105832 0.040896192533833732 0.057916469893570049 0.0041092943852313922 -0.023841573473977536 -0.00020369887634771549 -0.029125235276442143 0.052673831560665386 0.059916162901721207 -0.0038131909837603043 -0.022782058959101181 0.0063298618188419465 0.0095427421859522639 -0.003900585390761371 0.013474409546089692 0.026473032636205859 -0.035983121351192443 0.055039575128900377 0.023292023968752948 -0.039217820326971936 0.031667183913381636 -0.02384910018701188 -0.0040329583394862157 0.081930896814340473
leaf_weight=12.951505490113048 41.591753477696329 269.60344596486539 50.978037199936807 394.90231359470636 6.777474437840282 25.83648188970983 72.720722936559469 24.648965671658516 5.5765910292975596 3244.7164949867874 115.80718787061051 25.053224230185151 78.11780052492395 4.0768238618038586 2.5655314535833886 1209.6965897828341 27.775181625969708 167.465718426276 11.177203109953551 508.41103068878874 19.567413365468383 18.206014928407967 8.7359699290245789 8.1071492172777635 6.3401724053546777 35.806182646658272 4.5617331694811574 17.330337502993647 4.1882686130702487 3.2290910030715168
leaf_count=565 1691 3072 1211 9728 112 434 1851 139 102 41448 3389 134 2999 148 106 19857 849 3170 213 9262 479 263 211 156 136 1462 124 688 163 107
internal_value=3.06334e-06 0.001072 0.00134302 0.00202158 0.00348487 0.031042 -0.0078815 -0.00148957 -0.00639761 0.00323572 -0.00769722 0.0201199 -0.00691621 -0.0207601 -0.0208168 -0.0022203 -0.00207784 0.00215323 -0.0242239 -0.00481654 -0.0160474 -0.0028362 -0.0177915 0.00760027 -0.0213371 -0.0295686 -0.0170185 -0.0240997 -0.00644876 0.0333177
internal_weight=6426.52 5659.91 5591.01 5201.23 3672.23 32.614 766.611 1529 717.854 3639.62 389.771 49.7022 712.277 93.3718 68.905 1479.3 250.781 195.241 89.295 618.905 92.2881 526.617 138.99 16.8431 122.147 48.7577 55.5398 66.3395 24.7477 7.41736
internal_count=104269 86925 84170 74924 51722 546 17344 23202 15317 51176 9246 273 15215 3360 2755 22929 5354 4019 3212 11855 2330 9525 3892 367 3525 2027 1335 2649 958 270
is_linear=0
shrinkage=0.05


Tree=73
num_leaves=31
num_cat=0
split_feature=30 7 18 8 5 37 35 9 13 4 32 12 36 13 4 34 16 8 6 35 18 12 15 6 37 8 13 0 13 13
split_gain=19.6723 12.8841 12.1483 10.7574 14.0512 10.5116 11.2718 10.0664 9.78968 9.20575 8.96085 8.37532 13.6567 8.28303 8.21111 7.64748 8.54815 7.1185 8.95808 6.77239 6.56619 10.9897 8.79863 6.32432 5.77584 5.08558 3.2821 3.25173 2.9854 2.11363
threshold=441.00000000000006 35.45000000000001 11.500000000000002 49.95000000000001 73.050000000000011 79.36142857142859 28.900000000000006 74.450000000000017 47.250000000000007 43.350000000000001 51.650000000000013 92.950000000000017 0.22500000000000003 73.850000000000009 59.850000000000001 2.5000000000000004 50.850000000000001 22.450000000000003 70.050000000000011 1.2500000000000004 14.500000000000002 58.45000000000001 64.250000000000014 82.850000000000009 86.750000000000014 81.750000000000014 48.050000000000004 54.550000000000004 58.95000000000001 42.350000000000001
decision_type=2 2 2 2 2 2 10 2 2 2 2 2 10 2 2 10 2 2 2 8 2 2 2 2 2 2 2 2 2 2
left_child=9 26 10 4 8 6 -5 -7 -4 25 17 19 -13 15 -6 20 24 18 -3 -12 21 -11 -22 -19 -17 27 -2 28 29 -1
right_child=1 2 3 5 14 7 -8 -9 -10 13 11 12 -14 -15 -16 16 -18 23 -20 -21 22 -23 -24 -25 -26 -27 -28 -29 -30 -31
leaf_value=-0.011945154047375032 0.014869567364428533 0.069855547113875635 0.0033991364637949977 0.0016826688706576831 0.048332587896456586 -0.012767519024003929 0.01694693811954796 0.071526286601856517 -0.0068864515520784672 0.012180001663136646 0.030642374867155639 0.024371867217106397 0.0034704672878254797 0.052634392857092885 0.0083403623091087252 -0.026310906820624775 0.047960828201209352 -0.015120530409192652 -0.025729467796375579 0.0033281205079839339 -0.011749152631509083 -0.0083499104793703267 0.013615196947198857 0.044804283096465926 0.035259342333001931 0.025943104391401395 -0.048377155655291 -9.8521756169849204e-05 0.0037279067732074174 -0.049035379103538036
leaf_weight=4.9428165378049007 2.167098666541281 6.035853364504872 293.43325055809692 2750.1694721016102 17.134823799133301 155.69647120311856 126.5193326594308 3.5099351424723855 1082.3981049726717 124.3177590565756 23.395726203918457 157.19191594608128 156.66913123242557 5.8324490436352781 52.315192688256502 83.605688824784011 4.2584423338994375 92.37911555590108 3.9162301020696759 718.86483296891674 317.47534558409825 136.67606994882226 38.055659786332399 4.4899871153756967 3.8385498980060211 3.7248253468424073 16.243507818318903 6.4469236498698583 3.4257894530892363 28.972265161573887
leaf_count=178 139 227 7538 38784 125 4634 2156 78 18531 2175 168 1619 1361 102 337 3085 148 3110 132 7041 6869 2191 620 161 127 172 784 161 152 1364
internal_value=1.13909e-06 0.00101667 0.00115409 -2.65487e-05 -0.00357805 0.00166261 0.00235631 -0.010834 -0.00468905 -0.00754222 0.00570738 0.00710583 0.0139589 -0.00611294 0.0183345 -0.00661117 -0.0200917 -0.0080657 0.0318628 0.0041998 -0.00459502 0.00141076 -0.00901706 -0.012248 -0.0235138 -0.0288596 -0.0406222 -0.0336838 -0.039333 -0.0438278
internal_weight=6424.1 5662.53 5644.12 4481.18 1445.28 3035.9 2876.69 159.206 1375.83 761.573 1162.94 1056.12 313.861 714.06 69.45 708.228 91.7027 106.821 9.95208 742.261 616.525 260.994 355.531 96.8691 87.4442 47.5126 18.4106 43.7878 37.3409 33.9151
internal_count=104269 86925 86002 72183 26531 45652 40940 4712 26069 17344 13819 10189 2980 15317 462 15215 3360 3630 359 7209 11855 4366 7489 3271 3212 2027 923 1855 1694 1542
is_linear=0
shrinkage=0.05


Tree=74
num_leaves=31
num_cat=0
split_feature=3 30 36 7 31 13 5 33 18 33 12 7 5 13 1 34 36 3 15 15 13 7 1 17 34 33 33 6 5 5
split_gain=20.0563 18.6474 12.4279 13.3426 11.445 15.2345 13.8681 10.6887 9.89515 10.8242 9.82127 9.76599 8.52314 8.18402 7.25408 8.19867 7.13719 10.9889 9.25801 6.7387 6.55948 10.2037 14.1438 6.10689 5.14233 5.05848 4.00098 3.93726 3.60791 5.90368
threshold=67.15000000000002 441.00000000000006 0.36666666666666675 39.750000000000007 10.500000000000002 52.550000000000004 50.650000000000013 51.850000000000001 11.500000000000002 34.750000000000007 92.15000000000002 49.45000000000001 60.250000000000007 48.350000000000001 56.850000000000001 2.5000000000000004 0.29166666666666669 49.45000000000001 54.250000000000007 60.150000000000013 62.95000000000001 52.150000000000013 55.250000000000007 2050.0000000000005 1.5000000000000002 74.250000000000014 78.15000000000002 65.950000000000017 41.350000000000001 41.95000000000001
decision_type=2 2 10 2 10 2 2 2 2 2 2 2 2 2 2 8 10 2 2 2 2 2 2 2 10 2 2 2 2 2
left_child=1 7 3 14 12 6 -6 11 10 -10 -5 28 13 -4 26 -16 17 -13 -18 -14 23 22 -22 25 -7 -9 -3 -25 -1 -30
right_child=-2 2 4 8 5 24 -8 20 9 -11 -12 16 19 -15 15 -17 18 -19 -20 -21 21 -23 -24 27 -26 -27 -28 -29 29 -31
leaf_value=-0.043344281057304063 0.072288382889417566 -0.02203088625330691 -1.1091681135715802e-05 0.0040852916403869453 -0.0021227877397625191 -0.034384648096882471 0.050408328262251806 -0.0058577420645081341 -0.013151471356759779 0.0018547238754723909 0.015889920614382168 -0.030429209063757619 0.0071294607637167251 -0.011107079242706638 0.028605634745999316 -0.033139196355745901 -0.0082316985496682284 0.0018222160574376208 0.060537870582785307 -0.0092999347721898686 0.0067775580293024471 -0.010630270360975691 0.099546985849356631 -0.052141754011715606 0.014061716696669195 0.0088048972131601847 0.016094977131008558 -0.011036476685852859 0.044889925369647428 -0.024774467234236097
leaf_weight=27.648831422440708 9.4809947675093991 98.764959000516683 239.11313204374164 682.53768479870632 20.261023014783859 15.917805000208318 32.193779206834733 396.08931183163077 124.52496081870049 3317.2213227958418 238.40078174090013 46.312099171802402 207.19801917299628 551.53898368263617 17.983194393105808 7.5021935366094104 11.484558925032617 60.640923692379147 8.2709519071504456 89.03676956705749 10.308259433135392 15.900716757401822 6.8936114441603413 10.653571577742698 8.0798598271794617 68.749837264418602 7.1718856915831557 13.724992847070096 3.0308079407550386 75.206224118825048
leaf_count=2149 139 3965 5540 7871 554 209 393 5155 8969 45152 2683 1776 1781 8392 253 192 383 2146 220 664 152 142 85 140 134 434 64 155 224 4153
internal_value=0 -0.000107544 0.000876647 0.00206968 -0.00372764 0.0149428 0.0300573 -0.00748898 0.00254362 0.00130997 0.00714795 -0.0164081 -0.00504679 -0.00775812 -0.0136151 0.0101758 -0.00698061 -0.0121118 0.0204678 0.00217307 -0.00350523 0.0179698 0.0446042 -0.00497192 -0.0178749 -0.00367695 -0.0193899 -0.0293436 -0.0276252 -0.0219581
internal_weight=6421.84 6412.36 5657.45 4494.11 1163.34 76.4525 52.4548 754.915 4362.68 3441.75 920.938 232.594 1086.89 790.652 131.422 25.4854 126.709 106.953 19.7555 296.235 522.32 33.1026 17.2019 489.218 23.9977 464.839 105.937 24.3786 105.886 78.237
internal_count=104269 104130 86816 69149 17667 1290 947 17314 64675 54121 10554 11051 16377 13932 4474 445 4525 3922 603 2445 6263 379 237 5884 343 5589 4029 295 6526 4377
is_linear=0
shrinkage=0.05


Tree=75
num_leaves=31
num_cat=0
split_feature=33 18 33 17 13 30 34 31 9 34 2 30 13 31 27 1 30 16 9 12 24 0 2 17 2 6 13 27 9 14
split_gain=20.3074 14.0938 11.5139 13.9176 11.8134 11.288 9.80517 9.5007 8.94449 8.2312 9.62879 8.60455 7.58839 11.354 7.51051 7.33063 7.19706 7.19582 6.88955 6.17878 6.17636 5.60138 13.2142 9.2399 5.53034 7.20988 5.47727 5.43005 7.06618 5.87157
threshold=34.750000000000007 8.5000000000000018 73.050000000000011 2675.0000000000005 50.050000000000004 441.00000000000006 1.0000000180025095e-35 9.5000000000000018 50.050000000000004 1.5000000000000002 61.45000000000001 545.00000000000011 48.45000000000001 5.5000000000000009 3.5000000000000004 54.750000000000007 477.00000000000006 49.750000000000007 59.350000000000001 71.15000000000002 1.0000000180025095e-35 50.650000000000013 56.050000000000004 1175.0000000000002 57.650000000000013 71.750000000000014 51.550000000000004 2.5000000000000004 49.95000000000001 57.250000000000007
decision_type=2 2 2 2 2 2 8 10 2 10 2 2 2 10 2 2 2 2 2 2 2 2 2 2 2 2 2 2 2 2
left_child=9 24 3 5 12 20 -7 -5 15 17 11 18 16 -14 -10 -6 -4 19 -11 -1 -3 22 23 -19 27 -26 -9 28 -2 -29
right_child=1 2 4 7 8 6 -8 26 14 10 -12 -13 13 -15 -16 -17 -18 21 -20 -21 -22 -23 -24 -25 25 -27 -28 29 -30 -31
leaf_value=0 -0.023482241896258377 -0.0099040445228150281 0.022826219871249009 0.015185575409417416 0.0051243467750747597 0.0045052104145321108 -0.002118947211612258 -0.04496897260914063 -0.0075601646954809518 -0.028094004869904737 0.11812737655001718 0.10216483235368104 -0.021955018363977927 0.020874671680481127 0.006411241906240559 0.018290446336323509 -0.0091488537472940498 0.069974234273565458 0.047777398175921193 0.12160081950897794 0.011148228530288826 -0.017626727446976794 0.10048855674868279 -0.0073027696146208965 0.0078778130387486475 0.046601954444462641 0.0083448407693164535 0.014501823031666115 0.0091111662287775841 -0.020513759288905958
leaf_weight=2.0273316903039804 28.233981229364872 534.13620085641742 32.962866924703121 178.82074471190572 204.15765237435699 669.46219798829406 3363.756345753558 10.863133819773795 143.21103454008698 118.0544306715019 1.0811900487169612 1.2086872938089062 95.806340049952269 18.251704186201096 291.60731777921319 222.41310250014067 37.280528709292412 4.0223220791667691 2.934496024157851 1.9265827238559725 36.968761414289474 69.669353457633406 3.1742231892421833 61.615910412743688 26.135240405797958 22.840189250186086 8.3052199780940992 174.51741932332516 39.923696066252887 12.653392986394463
leaf_count=105 292 11221 195 2570 1285 7919 53692 222 833 11377 59 98 553 103 1647 1242 215 201 161 96 765 3293 121 3441 170 143 123 1650 365 146
internal_value=-0.00039458 0.000189221 -0.000355934 -0.00139201 0.00439713 -0.0019512 -0.0010181 0.0115814 0.00685824 -0.0139256 -0.0233931 -0.0247818 -0.00707602 -0.0150453 0.00179747 0.0120035 0.00579601 -0.00568567 -0.0261746 0.0598468 -0.00853082 -0.00763465 0.00242019 -0.00239192 0.0106789 0.0260973 -0.0216864 0.00769283 -0.00433186 0.0120983
internal_weight=6418.02 6152.31 5848 4802.31 1045.69 4604.32 4033.22 197.989 861.389 265.715 123.279 122.198 184.301 114.058 434.818 426.571 70.2434 142.436 120.989 3.95391 571.105 138.482 68.8125 65.6382 304.304 48.9754 19.1684 255.328 68.1577 187.171
internal_count=104303 85351 82585 76512 6073 73597 61611 2915 5007 18952 11695 11636 1066 656 2480 2527 410 7257 11538 201 11986 7056 3763 3642 2766 313 345 2453 657 1796
is_linear=0
shrinkage=0.05


Tree=76
num_leaves=27
num_cat=0
split_feature=33 7 18 35 12 6 33 29 17 4 34 2 30 32 0 2 17 18 12 30 27 7 7 32 12 35
split_gain=18.6016 14.4411 12.6494 14.0256 16.9709 12.3335 11.8175 10.0801 8.94599 8.01818 7.75167 10.2514 7.47266 6.26695 6.22438 10.9157 7.18609 5.32139 5.33934 8.31324 7.25528 5.29496 3.92881 4.17848 2.55747 1.39144
threshold=34.750000000000007 35.45000000000001 8.5000000000000018 28.900000000000006 89.050000000000011 68.050000000000011 73.050000000000011 59.250000000000007 1650.0000000000002 50.050000000000004 1.5000000000000002 61.650000000000013 545.00000000000011 70.250000000000014 50.650000000000013 56.050000000000004 1175.0000000000002 5.5000000000000009 97.15000000000002 499.00000000000006 6.5000000000000009 65.450000000000017 65.450000000000017 40.850000000000001 74.15000000000002 9.4000000000000039
decision_type=2 2 2 10 2 2 2 2 2 2 10 2 2 2 2 2 2 2 2 2 2 2 2 2 2 10
left_child=10 25 17 6 8 -6 7 -4 -5 -8 13 12 22 14 15 16 -1 -3 19 -19 -20 24 23 -12 -16 -2
right_child=1 2 3 4 5 -7 9 -9 -10 -11 11 -13 -14 -15 21 -17 -18 18 20 -21 -22 -23 -24 -25 -26 -27
leaf_value=0.060265549067356289 -0.051556926543128823 0.04397448867662334 -0.0022370499743554128 -0.011530903365517644 0.0097212909982872103 0.042518380533413759 -0.010093270999388457 0.011547214833639536 0.014307620761286922 0.0054998126558505429 -0.042382031963143239 0.12738070470788448 0.088669568726262193 0.075902586277190653 -0.030953427045235585 0.089395034152700337 -0.0052938960042852763 0.0095132022340024339 0.012676165124625428 -0.01605981523300426 0.0530939066879801 0.057414890614717579 0.040148561155579389 -0.02082073182632397 -0.011000743036813903 -0.017286085879933966
leaf_weight=4.3779344558715811 14.11753576109186 11.234241442754863 4412.8764519537799 79.121381954289973 60.812773982994258 55.10939465649426 90.127468384802341 136.53754497598857 57.916340458206832 934.02007831260562 31.924061078578234 1.0184651510789979 1.3346629724837829 2.2199037764221421 29.945740414317697 3.424999668262898 62.248108511790633 187.96872687432915 53.905967375263572 38.032481039874256 14.126314663328229 2.15840995684266 2.0876125935465089 84.110673277638853 37.299541475716978 4.5280647752806535
leaf_count=206 602 96 70165 1257 970 883 553 1789 854 5354 3500 47 98 54 1505 119 3521 1725 468 315 135 58 102 7948 1794 185
internal_value=-0.000376301 0.000178966 0.000313728 -0.00020532 0.0113062 0.0253793 -0.000728869 -0.00182201 -0.000571822 0.00412185 -0.0134178 -0.0227497 -0.024177 -0.00543659 -0.00682067 0.00363385 -0.000827252 0.0102338 0.00891314 0.00518235 0.0212076 -0.0174347 -0.0255683 -0.0268272 -0.0199931 -0.0436376
internal_weight=6412.58 6150.43 6131.79 5826.52 252.96 115.922 5573.56 4549.41 137.038 1024.15 262.15 120.475 119.457 141.675 139.455 70.051 66.626 305.268 294.033 226.001 68.0323 69.4037 118.122 116.035 67.2453 18.6456
internal_count=104303 85351 84564 81825 3964 1853 77861 71954 2111 5907 18952 11695 11648 7257 7203 3846 3727 2739 2643 2040 603 3357 11550 11448 3299 787
is_linear=0
shrinkage=0.05


Tree=77
num_leaves=31
num_cat=0
split_feature=3 30 33 35 0 17 0 30 33 16 8 36 30 4 35 35 7 7 0 8 1 12 13 5 0 28 30 33 1 35
split_gain=18.0833 15.2733 17.9894 17.1186 17.8125 13.0887 12.5241 12.037 11.9653 11.0991 11.0251 10.6947 10.3632 10.2205 9.57399 9.48472 9.36336 8.94339 8.92798 8.79057 8.89117 8.3683 8.19863 8.07455 8.24385 7.82169 10.2566 7.66382 11.0351 7.57399
threshold=55.850000000000001 461.00000000000006 52.050000000000004 27.600000000000005 56.150000000000013 2675.0000000000005 54.45000000000001 519.00000000000011 77.750000000000014 55.050000000000004 43.250000000000007 0.29166666666666669 441.00000000000006 84.450000000000017 35.900000000000013 0.20000000000000007 42.650000000000013 49.95000000000001 52.45000000000001 21.450000000000003 53.650000000000013 92.15000000000002 49.650000000000013 66.850000000000009 62.250000000000007 5.5000000000000009 499.00000000000006 63.050000000000004 50.050000000000004 1.9000000000000004
decision_type=2 2 2 8 2 2 2 2 2 2 2 10 2 2 10 10 2 2 2 2 2 2 2 2 2 2 2 2 2 8
left_child=1 2 12 15 10 6 9 21 -4 14 13 25 -1 -5 17 -3 -12 -2 -10 -17 -21 -6 -16 24 -13 26 -8 28 -11 -14
right_child=5 3 8 4 7 -7 11 -9 18 27 16 23 29 -15 22 19 -18 -19 -20 20 -22 -23 -24 -25 -26 -27 -28 -29 -30 -31
leaf_value=-0.023883474614814354 -0.0077222497347349721 0.034500846558589315 -0.0040598049381670356 -0.014550407252030897 0.0061142814595646364 0.027653532679216226 0.012752252429371502 0.052528022611412997 0.00036824963813715766 0.0082534350169638816 -0.014501369763157254 -0.007066978183005038 0.045225091992008047 0.014522044579535091 0.0067170991724920292 0.015284555932404945 0.0050808988639297441 0.0026915984667219761 0.034170858821794207 -0.0079319290010059183 -0.00092370258192853497 0.028605848410091114 0.093327357399911617 0.023391701338302515 0.021475686532891017 -0.011973019853007111 0.036684071612511963 0.0090790937522005743 0.13522723825726851 -0.0094935701274215523
leaf_weight=179.05185728892684 357.95799904596061 16.526523156091571 1011.4120755111799 159.31780268391594 129.05447897454724 58.208751410711557 271.45707132853568 21.985197235830128 42.386477559804916 3.1876041903160504 64.863771774340421 173.20342894177884 6.3678729347884646 37.056873760186136 6.5280532706528884 60.696930065285414 985.7061739070341 485.03652553493157 36.622742544859648 812.68403241969645 1025.4076005117968 61.387329719029367 4.7982750553637743 34.049842717126012 29.47438820451498 25.289560400415212 53.998907989356667 8.8661035224795324 3.869277810677886 241.56939914636314
leaf_count=8824 8334 123 11493 3374 1423 726 3127 216 247 125 2129 2315 184 365 181 1440 13497 6148 201 16130 11784 672 82 217 353 693 526 67 96 9211
internal_value=-0.000358857 -0.00183814 -0.00600432 3.37999e-05 0.00411477 0.0044115 0.00347815 0.0174974 -0.00259147 -0.000324313 0.0018297 0.00911846 -0.0147055 -0.00903424 -0.00110315 -0.00307313 0.00386584 -0.00172486 0.0161232 -0.0034046 -0.00402527 0.0134017 0.0443418 0.000883434 -0.00288296 0.0146604 0.0167484 0.040897 0.0794883 -0.00805038
internal_weight=6408.02 4892.1 1517.41 3374.69 1459.37 1515.93 1457.72 212.427 1090.42 870.244 1246.94 587.473 426.989 196.375 854.321 1915.32 1050.57 842.995 79.0092 1898.79 1838.09 190.442 11.3263 236.728 202.678 350.746 325.456 15.923 7.05688 247.937
internal_count=104303 81313 30160 51153 21676 22990 22264 2311 11941 15033 19365 7231 18219 3739 14745 29477 15626 14482 448 29354 27914 2095 263 2885 2668 4346 3653 288 221 9395
is_linear=0
shrinkage=0.05


Tree=78
num_leaves=31
num_cat=0
split_feature=33 3 33 3 29 10 33 0 35 36 8 35 3 11 0 15 27 37 37 8 35 36 0 15 9 13 6 2 32 2
split_gain=16.3941 16.3629 12.4095 11.9057 10.5839 10.3728 11.5575 10.3609 10.0195 9.99992 9.60465 10.1404 9.10609 8.90557 7.91723 7.8808 7.76242 7.40234 9.46996 9.45544 9.00581 8.91285 10.8753 8.82028 7.36681 7.18393 7.18126 6.80943 6.10822 5.73131
threshold=34.750000000000007 55.850000000000001 74.050000000000011 67.15000000000002 58.250000000000007 77.500000000000014 63.850000000000001 54.050000000000004 14.600000000000003 0.29166666666666669 85.550000000000011 31.400000000000006 60.750000000000007 49.900000000000006 48.650000000000013 66.65000000000002 3.5000000000000004 54.33428571428572 45.208571428571432 67.750000000000014 25.250000000000007 -1.0000000180025095e-35 42.45000000000001 37.650000000000013 49.750000000000007 51.550000000000004 75.65000000000002 44.95000000000001 61.250000000000007 54.850000000000001
decision_type=2 2 2 2 2 2 2 2 8 8 2 10 2 2 2 2 2 2 2 2 8 10 2 2 2 2 2 2 2 2
left_child=17 2 5 4 7 10 -7 8 -3 -9 11 -2 -6 -12 25 16 -16 18 -1 20 -20 -19 -23 -24 -22 -4 -8 -27 -25 -17
right_child=1 3 14 -5 12 6 26 9 -10 -11 13 -13 -14 -15 15 29 -18 21 19 -21 24 22 23 28 -26 27 -28 -29 -30 -31
leaf_value=-0.016972340238159137 -0.0039571269294182022 -0.0088175268897382007 -0.030990190460597689 0.057469929387058249 0.0437961932788372 0.029521631437003093 -0.007275022816579612 0.016586110313535903 0.003482273600787233 0.0033981119411928594 -0.030649184925614376 0.010687127514257596 0 0.0095771794548429739 0.00048215895304147527 -0.028725051805407187 0.014215390971529705 -0.025198056154946677 0.084340291903644449 0.13099551629985981 -0.032850382701995279 0.10538043377225625 0.061840426480013283 -0.015948293889903445 0.025281004728303469 0.020313079121454761 0.028809415708697675 -0.0065834562270612549 0.039036006085680697 0.0031468729788053486
leaf_weight=29.175533584319055 3495.1524669472128 235.60949441185221 22.559177808463573 10.565351534634827 30.805678382515907 52.577659333124757 69.825431324541569 234.85491272667423 556.21909533021972 373.68918364401907 14.54119987040758 122.08254737686366 19.095922210253775 217.55224220873788 150.93076135590672 23.258399784564972 328.48346062004566 127.70498929033056 3.9401922631077531 1.8198061157017935 8.650711686350407 2.1341439755633465 4.2874774234369388 59.889033529441804 14.284842673223464 30.207408182322979 17.072894163429737 105.01140291243792 5.3758252393454304 34.968735165894032
leaf_count=1377 56172 3286 150 133 356 505 453 2991 7991 3847 242 2055 199 3039 856 129 1808 11809 174 89 514 139 184 3664 809 190 107 657 193 185
internal_value=-0.000342645 0.000174337 -0.00126569 0.004795 0.00440388 -0.00234111 0.0110417 0.00359239 -0.000171884 0.00849785 -0.00282759 -0.00346122 0.0270237 0.00702325 0.00489501 0.00778841 0.00990328 -0.0127061 0.00295944 0.0233868 0.0154565 -0.0172772 -0.0030815 -0.00662785 0.00309083 -0.00493148 -0.000103083 -0.000527344 -0.01129 -0.00952583
internal_weight=6402.33 6145.06 4684.22 1460.84 1450.27 3988.8 139.476 1400.37 791.829 608.544 3849.33 3617.24 49.9016 232.093 695.419 537.641 479.414 257.263 57.8711 28.6956 26.8757 199.391 71.6865 69.5523 22.9356 157.778 86.8983 135.219 65.2649 58.2271
internal_count=104303 85351 66548 18803 18670 62573 1065 18115 11277 6838 61508 58227 555 3281 3975 2978 2664 18952 2963 1586 1497 15989 4180 4041 1323 997 560 847 3857 314
is_linear=0
shrinkage=0.05


Tree=79
num_leaves=31
num_cat=0
split_feature=33 3 33 30 3 29 0 34 6 30 3 30 3 1 37 2 17 6 0 16 15 13 12 12 9 13 9 34 24 16
split_gain=15.0079 14.7288 11.1927 12.0354 10.2406 9.31635 9.27391 9.18413 11.9954 8.06487 7.83584 7.22428 8.05702 7.76636 18.3196 12.489 7.21897 7.12918 7.12484 7.10704 7.08911 7.06881 6.93556 8.41778 6.77068 6.62735 5.41397 5.33463 5.67523 9.73691
threshold=34.750000000000007 55.850000000000001 74.050000000000011 459.00000000000006 67.15000000000002 58.250000000000007 54.050000000000004 1.5000000000000002 66.350000000000009 401.00000000000006 60.750000000000007 453.00000000000006 62.850000000000001 53.550000000000004 54.550000000000004 58.650000000000013 1450.0000000000002 86.550000000000011 48.650000000000013 55.050000000000004 66.65000000000002 72.350000000000009 91.750000000000014 71.950000000000017 50.750000000000007 62.550000000000004 50.050000000000004 1.5000000000000002 1.0000000180025095e-35 51.750000000000007
decision_type=2 2 2 2 2 2 2 10 2 2 2 2 2 2 2 2 2 2 2 2 2 2 2 2 2 2 2 10 2 2
left_child=11 2 3 9 5 6 19 8 -5 -2 -7 12 -1 27 -15 24 -8 -11 22 -3 25 -9 23 -4 -16 -20 -22 28 -13 -30
right_child=1 4 18 7 -6 10 16 21 -10 17 -12 13 -14 14 15 -17 -18 -19 20 -21 26 -23 -24 -25 -26 -27 -28 -29 29 -31
leaf_value=-0.028043926204809722 -0.03790039098716419 -0.00082707186154713167 -0.0070760663887798328 -0.0015535848720926099 0.052418423153132276 0.040395637638512734 0.014462486404388129 -0.0049052908531207638 0.0067050095165113073 -0.0066470901942871077 0 -0.0065318972549646311 0.072562735248176566 0.13067715858351367 -0.040014922101814676 0.10192060369526496 0.0034213907947137469 0.01830734163350135 0.0079939624720898744 0.03396709081483653 0.0049498530713706903 0.034448090474087992 -0.026276760397099377 0.022463730357500451 0.036798197468591642 0.034804648274993868 -0.025549859396838678 -0.021569817356674327 0.081448945546301096 -0.031681078008425463
leaf_weight=72.916711694560945 20.129646850284189 776.85236471379176 95.135733317583799 1163.3425155850127 11.002064508385955 31.712886366993189 254.67484787385911 958.00168545451015 706.11373521387577 1093.3356922529638 19.095922210253775 88.156177464406937 1.9260611021891225 3.1845875149592784 9.816124170552941 2.4879796416498712 357.36909221019596 29.194868931081146 457.19435546547174 14.857416252605615 31.153860077261925 11.420468075200914 30.027958698570728 32.187353387475014 3.8875620206817976 24.331089243292809 26.813551612198353 63.978111847769469 4.7957538338378063 2.9614733830094337
leaf_count=6471 638 11069 590 15382 133 356 2959 17480 8576 19786 199 4399 151 126 718 108 3879 531 2530 208 169 180 198 209 262 134 145 6339 227 151
internal_value=-0.000327092 0.000164682 -0.00120469 -0.00222868 0.00453918 0.00417001 0.00340362 -0.000482655 0.00156329 -0.0065618 0.0251976 -0.0122324 -0.0252948 -0.00674 0.0229988 0.000841572 0.00802543 -0.00599205 0.00463841 -0.000163594 0.00737218 -0.00443302 -0.00470156 0.000364141 -0.0177531 0.00936601 -0.00909177 -0.0103872 -0.00286124 0.0377695
internal_weight=6398.06 6143.95 4678.38 3981.54 1465.56 1454.56 1403.75 2838.88 1869.46 1142.66 50.8088 254.111 74.8428 179.268 19.3763 16.1917 612.044 1122.53 696.844 791.71 539.493 969.422 157.351 127.323 13.7037 481.525 57.9674 159.892 95.9134 7.75723
internal_count=104303 85351 66548 62573 18803 18670 18115 41618 23958 20955 555 18952 6622 12330 1214 1088 6838 20317 3975 11277 2978 17660 997 799 980 2664 314 11116 4777 378
is_linear=0
shrinkage=0.05


Tree=80
num_leaves=31
num_cat=0
split_feature=7 32 3 5 27 5 17 29 4 32 35 15 5 28 29 3 34 33 1 30 30 13 4 15 30 6 6 30 35 6
split_gain=20.1907 16.5806 15.9424 15.7475 13.6154 19.7768 12.8969 15.2125 12.4084 11.7594 10.7846 10.0623 9.78927 9.5456 11.0288 9.42723 9.26705 9.86464 9.00229 8.23272 7.77077 7.25969 7.44637 9.99738 7.0974 7.03532 6.81176 7.58507 7.47057 10.0075
threshold=43.750000000000007 60.45000000000001 48.250000000000007 41.350000000000001 7.5000000000000009 66.850000000000009 2350.0000000000005 54.250000000000007 84.450000000000017 45.550000000000004 9.9000000000000039 36.350000000000001 65.950000000000017 5.5000000000000009 59.750000000000007 42.650000000000013 1.0000000180025095e-35 37.750000000000007 51.750000000000007 509.00000000000006 451.00000000000006 51.850000000000001 87.050000000000011 62.050000000000004 477.00000000000006 75.65000000000002 70.850000000000009 525.00000000000011 12.250000000000005 75.850000000000009
decision_type=2 2 2 2 2 2 2 2 2 2 8 2 2 2 2 2 8 2 2 2 2 2 2 2 2 2 2 2 10 2
left_child=1 18 13 20 6 9 7 -5 26 -6 -7 -10 -8 14 16 -16 17 -2 -1 25 -4 22 23 -20 -18 -13 27 -3 -28 -30
right_child=2 8 3 4 5 10 12 -9 11 -11 -12 19 -14 -15 15 -17 24 -19 21 -21 -22 -23 -24 -25 -26 -27 28 -29 29 -31
leaf_value=-0.027599213619426834 0.042675643610603317 -0.016171623377945209 -0.024173543538531229 0.0120621659818273 0.065024197629106537 0.0095274434354117657 0.020018186858119846 0.00078206012437307304 0.051837463932280815 0.0065436628268523899 0.059742880296002769 -0.0049305225784156206 -0.012991772499557458 -0.014896186749443863 -0.0077442262280546714 0.060123315812339075 -0.0062204119074976911 0.0035897151621259826 0.0080350626800009262 0.039574951099698878 -0.0037612932471945137 -0.021274996530366727 -0.042543152615222735 0.094984027147344358 0.00017508169722708593 0.021484823276256879 -0.0058006570134589239 0.031836253940817141 0.053834586714183445 -0.0063873233457967075
leaf_weight=131.8339789067395 16.825251613743603 196.7172147417441 61.182173048146069 342.96370386891067 8.8384372517466527 16.254019620828331 167.68843811843544 2332.1556773046032 12.077366894111035 244.65220598550513 32.924448605626822 113.11027800478041 25.669425321742892 138.19195654196665 8.0590946543961781 13.276137631386517 933.57369342027232 367.11963494867086 30.874463245272636 15.148776860907672 198.81707155518234 40.571490956936032 5.9186475267633787 3.6350656826980403 807.48463502991945 32.304310370236635 97.801775777246803 8.4291203031316382 13.664298601448538 13.530346236191688
leaf_count=9074 635 3387 2293 5472 356 106 2137 29278 125 3229 208 1386 174 3188 118 166 16358 3543 1529 169 5475 1904 198 134 11192 389 1626 130 256 261
internal_value=8.2663e-05 -0.00783342 0.00107477 0.00323004 0.00420108 0.01429 0.00313434 0.00223049 -0.00286856 0.00862725 0.0433006 0.0079757 0.0156056 -0.00216005 -0.00133705 0.0343375 -0.00169918 0.00532623 -0.0195317 0.00461514 -0.00859131 -0.00632166 0.00857678 0.0175863 -0.00325154 0.000914101 -0.00855516 -0.0141601 0.000607845 0.0237751
internal_weight=6431.29 715.617 5715.68 3431.15 3171.15 302.669 2868.48 2675.12 502.783 253.491 49.1785 172.641 193.358 2284.53 2146.34 21.3352 2125 383.945 212.834 160.563 259.999 80.9997 40.4282 34.5095 1741.06 145.415 330.143 205.146 124.996 27.1946
internal_count=104496 20568 83928 48728 40960 3899 37061 34750 7729 3585 314 2069 2311 35200 32012 284 31728 4178 12839 1944 7768 3765 1861 1663 27550 1775 5660 3517 2143 517
is_linear=0
shrinkage=0.05


Tree=81
num_leaves=31
num_cat=0
split_feature=7 3 5 31 6 35 3 29 13 13 32 32 35 3 1 31 30 28 32 7 15 15 5 5 30 5 34 5 7 37
split_gain=19.1918 14.9662 15.7379 10.6939 10.065 13.7015 12.1321 9.20894 10.1576 9.03273 8.99733 8.69749 10.2942 9.31789 8.62932 8.21529 11.1678 8.18987 9.88526 8.14453 7.81735 7.71515 7.66959 8.31753 7.56644 7.21564 5.9117 7.83119 6.3109 10.7669
threshold=39.750000000000007 48.250000000000007 46.650000000000013 19.500000000000004 65.750000000000014 34.100000000000016 55.150000000000013 51.750000000000007 56.45000000000001 32.550000000000004 42.45000000000001 41.250000000000007 28.400000000000006 40.750000000000007 43.350000000000001 1.5000000000000002 477.00000000000006 5.5000000000000009 43.45000000000001 35.95000000000001 57.250000000000007 46.350000000000001 75.550000000000011 49.95000000000001 519.00000000000011 66.15000000000002 1.5000000000000002 55.650000000000013 38.750000000000007 60.82564285714286
decision_type=2 2 2 8 2 10 2 2 2 2 2 2 10 2 2 8 2 2 2 2 2 2 2 2 2 2 8 2 2 2
left_child=19 11 7 4 6 -6 -4 8 21 -9 -11 12 -2 -14 -15 17 25 18 -13 -1 -19 -3 23 -5 -18 -17 28 -28 29 -21
right_child=1 2 3 22 5 -7 -8 9 -10 10 -12 15 13 14 -16 16 24 20 -20 26 -22 -23 -24 -25 -26 -27 27 -29 -30 -31
leaf_value=-0.042110714280784237 -0.031740866142242107 -0.021552290356332687 -0.0048396939086102313 0.032961661751246159 0.0052779582635911516 0.037948104669879294 0.0052883475910847338 0.070639267872813882 -0.029623443536944273 -0.026537017585706882 -0.0035336090289263505 0.054369320305696356 -0.047998118908049725 -0.0088386258065648073 0.10949007828961604 -0.012072508020992745 0.0020984668721277114 -0.023722553821239611 0.0015556710309649483 0.00098361926545671263 0.010649900692535618 0.061227223614012276 0.05801706866855838 0.0083458606673680515 -0.013195266342118719 0.0034527378629738807 -0.031723318737251517 0.0040801564926265946 -0.018503642913523504 0.075239911961787795
leaf_weight=26.318315760232508 45.865510114934295 3.3225342524237993 643.844504466746 39.757481906563044 1398.6430771728046 32.809148742817342 546.55867541767657 3.8767541754059485 5.801214392296969 45.035883612465113 759.24510641675442 8.837332818657158 2.7212145579978806 2.4827668075449765 3.6163791636936367 511.40578919649124 528.04840889526531 60.196257546078414 1130.7400797582231 33.444003560580313 22.498404289595783 14.66656497819349 9.1689737904816848 258.31184401456267 95.381957661826164 87.064626395702362 53.271897586062551 21.03722808836028 29.744320804253221 5.6462252344936124
leaf_count=1484 2886 125 7690 817 16650 482 6046 117 137 3151 18238 462 125 123 156 9579 7410 1497 16695 930 442 406 57 2856 1297 667 2773 415 663 120
internal_value=7.65916e-05 0.000526951 0.00252036 0.00424484 0.00320783 0.00603286 -0.000185277 -0.00354492 0.0270209 -0.00445413 -0.00483104 -0.00247131 -0.0221831 0.0267551 0.0611501 -0.00202735 -0.00492701 0.000867511 0.00197436 -0.0165206 -0.014309 0.0456271 0.0130742 0.0116559 -0.000235126 -0.00980536 -0.0117546 -0.0215281 -0.00111539 0.0120015
internal_weight=6429.36 6259.9 3761.04 2929.09 2621.86 1431.45 1190.4 831.948 23.7903 808.158 804.281 2498.86 54.6859 8.82036 6.09915 2444.17 1221.9 1222.27 1139.58 169.462 82.6947 17.9891 307.238 298.069 623.43 598.47 143.144 74.3091 68.8345 39.0902
internal_count=104496 98111 56772 34598 30868 17132 13736 22174 668 21506 21389 41339 3290 404 279 38049 18953 19096 17157 6385 1939 531 3730 3673 8707 10246 4901 3188 1713 1050
is_linear=0
shrinkage=0.05


Tree=82
num_leaves=31
num_cat=0
split_feature=37 3 3 5 6 9 30 33 6 5 30 30 5 17 16 5 3 13 13 9 16 16 5 15 36 34 33 9 13 31
split_gain=16.238 14.8948 11.6628 11.3417 10.6055 10.1969 9.07953 14.1337 9.79755 8.53427 8.15144 7.2567 7.24851 10.8237 7.78091 7.16857 7.09204 6.80621 7.39297 7.03642 6.51018 6.3463 6.27777 9.1098 5.56867 5.56373 5.96693 5.52263 5.44113 5.08419
threshold=73.147071428571437 55.150000000000013 55.050000000000004 40.45000000000001 77.050000000000011 50.850000000000001 457.00000000000006 51.650000000000013 76.750000000000014 41.550000000000004 441.00000000000006 499.00000000000006 43.050000000000004 2550.0000000000005 55.050000000000004 67.65000000000002 45.250000000000007 48.250000000000007 48.650000000000013 49.95000000000001 50.350000000000001 50.250000000000007 45.150000000000013 51.550000000000004 -1.0000000180025095e-35 1.0000000180025095e-35 60.650000000000013 73.850000000000009 62.750000000000007 -2.4999999999999996
decision_type=2 2 2 2 2 2 2 2 2 2 2 2 2 2 2 2 2 2 2 2 2 2 2 2 8 8 2 2 2 10
left_child=1 2 4 28 6 17 7 -1 -8 11 20 -6 13 -12 21 22 -11 19 -19 -5 -2 24 23 -4 -14 26 -7 -27 -3 -24
right_child=10 3 15 5 9 25 8 -9 -10 16 12 -13 14 -15 -16 -17 -18 18 -20 -21 -22 -23 29 -25 -26 27 -28 -29 -30 -31
leaf_value=-0.015550636734360166 -0.022680671839572147 -0.014040091265689992 -0.034204803957499051 0.026967666967614434 -0.028284635822704952 -0.0057067997729011687 0.00054285450357659194 -0.0016277269254854313 -0.041765144734722509 0.00024703581533436577 -0.02259201182840365 0.031318521115154166 -0.015543709006534977 0.057411493629450909 0.049556822831462115 0.014530598499805243 0.01315053895785274 -0.020701239301952758 0.0076383039553174969 0.0065010267776329685 0.040602561026944983 -0.032778022425160931 -0.0091424320153104793 0.039135665348630243 0.00015957272559521534 -0.0061430636717528971 0.025722147898803279 0.016788252272632354 0.041894227185602158 -0.038140599086501158
leaf_weight=250.78231028979644 100.80032413080335 92.741505628451705 7.8253030851483372 94.218916753306985 27.946635429747403 25.557911159936339 2677.2940054917708 670.45478669926524 13.652440491132436 168.53951895935461 80.48630963684991 6.0829553403891614 65.951527796685696 4.3355874232947818 6.960298280697315 14.970702515915034 292.91615776205435 23.432596049271524 899.75574186583981 77.239019811619073 4.0909903538413337 17.489362170454115 22.672101599629968 8.95214781956747 384.5378207792528 269.64730210741982 35.954442512243986 28.899541667662561 4.4258717540651551 49.03580811386928
leaf_count=10392 3888 2766 241 1699 667 414 38961 7477 256 1933 4211 116 2432 120 164 97 3222 301 10611 1221 166 406 328 228 7181 3551 221 544 90 592
internal_value=7.07267e-05 0.000924998 -0.000617056 0.00511247 -0.000198031 0.0062196 -0.00114022 -0.00542457 0.000324804 0.00665946 -0.00732791 -0.0174232 -0.00491715 -0.018381 -0.00249867 -0.0171897 0.00844964 0.00862078 0.0069114 0.0177861 -0.0201285 -0.003294 -0.0226232 0.00463212 -0.00213123 -0.00106689 0.0125944 -0.00390168 -0.0114005 -0.0290673
internal_weight=6427.65 5763 4211.12 1551.87 4107.67 1454.71 3612.18 921.237 2690.95 495.485 664.652 34.0296 559.761 84.8219 474.939 103.456 461.456 1094.65 923.188 171.458 104.891 467.979 88.4854 16.7775 450.489 360.059 61.5124 298.547 97.1674 71.7079
internal_count=104496 85928 64510 21418 63024 18562 57086 17869 39217 5938 18568 783 14514 4331 10183 1486 5155 13832 10912 2920 4054 10019 1389 469 9613 4730 635 4095 2856 920
is_linear=0
shrinkage=0.05


Tree=83
num_leaves=25
num_cat=0
split_feature=7 7 1 37 4 32 33 5 29 8 19 2 16 6 5 9 37 30 10 16 30 2 29 0
split_gain=17.6768 14.8829 20.4498 14.8637 10.5358 10.5378 9.78078 9.58062 11.7397 10.0855 9.50055 8.679 8.08752 9.81208 7.96482 7.54095 7.77147 7.42608 10.258 8.27664 3.87531 2.03897 3.13632 0.801323
threshold=35.95000000000001 66.950000000000017 46.95000000000001 73.147071428571437 56.550000000000004 74.450000000000017 73.050000000000011 49.050000000000004 51.750000000000007 19.650000000000002 1.0000000180025095e-35 52.350000000000001 54.45000000000001 74.950000000000017 59.250000000000007 46.050000000000004 72.283000000000015 459.00000000000006 65.000000000000014 50.350000000000001 477.00000000000006 44.750000000000007 56.750000000000007 56.250000000000007
decision_type=2 2 2 2 2 2 2 2 2 2 2 2 2 2 2 2 2 2 2 2 2 2 2 2
left_child=21 3 -3 7 5 14 10 8 11 -10 -6 -2 17 -14 -4 20 -17 18 -5 -19 -9 22 -1 -23
right_child=1 2 4 12 6 -7 -8 15 9 -11 -12 -13 13 -15 -16 16 -18 19 -20 -21 -22 23 -24 -25
leaf_value=-0.045722468254120845 0.004194806966511244 0.068751597497390848 0.020784530259700548 -0.018391379477662333 -0.013353876405484723 -0.011467367238805601 0.026438487785205102 -0.036618779651660931 0.016924581630756715 -0.0039943261313831815 0.018996016171255924 0.050921526062257021 -0.013543204026342077 0.082176236072778366 0.065773391127449496 0.0019541556912958352 0.023479124881286905 -0.0028378033710296843 0.026964361559082963 -0.04120073317320927 -0.0032768992401353662 -0.051204414393140024 0.051821320355288393 -0.020672519377588849
leaf_weight=1.8017914704978495 24.218490910716355 15.259969772770999 23.824777007102966 204.67224362399429 85.822468749247491 12.851464897394179 31.820763409137726 18.595033044926822 59.639748844318092 1567.5795333110727 30.661749260500073 17.09092630026862 5.0130569571629149 5.4104597712866962 17.420378528535366 3793.2660224991851 42.351421222090721 400.18032009061426 13.101812360808252 14.503224346321074 17.03547166660428 18.78236832050607 1.3449822720140217 3.3054447900503865
leaf_count=159 707 184 248 7049 610 61 139 465 2162 37209 233 266 163 185 108 41734 507 10088 137 386 371 1120 82 123
internal_value=6.53771e-05 0.000231145 0.0130787 -0.00022055 0.00882467 0.0276977 0.00189272 0.000613814 -0.00255201 -0.00322355 -0.00478665 0.0237241 -0.00741711 0.0359748 0.0400202 0.00197962 0.00219374 -0.00814573 -0.0156286 -0.00420118 -0.0208713 -0.0416164 -0.00217869 -0.0469744
internal_weight=6425.55 6400.32 217.662 6182.66 202.402 54.0966 148.305 5539.78 1668.53 1627.22 116.484 41.3094 642.881 10.4235 41.2452 3871.25 3835.62 632.458 217.774 414.684 35.6305 25.2346 3.14677 22.0878
internal_count=104496 103012 1583 101429 1399 417 982 83421 40344 39371 843 973 18008 348 356 43077 42241 17660 7186 10474 836 1484 241 1243
is_linear=0
shrinkage=0.05


Tree=84
num_leaves=31
num_cat=0
split_feature=7 18 7 33 2 9 3 32 3 13 9 9 30 0 0 33 12 33 32 27 13 7 6 3 3 2 35 33 7 0
split_gain=16.8031 14.4195 15.8949 14.09 13.6385 12.9265 12.4348 12.1494 10.1957 10.4458 9.95449 9.76548 8.66609 8.56406 8.45329 12.7579 8.55703 8.43665 8.37327 7.70419 6.51939 6.07428 5.96224 9.40055 9.1855 6.61192 5.51986 5.11129 6.49419 4.82457
threshold=39.750000000000007 14.500000000000002 66.050000000000011 52.850000000000001 55.750000000000007 49.250000000000007 55.750000000000007 42.050000000000004 65.750000000000014 75.050000000000011 59.850000000000001 46.050000000000004 525.00000000000011 53.150000000000013 48.750000000000007 85.250000000000014 98.950000000000017 49.750000000000007 71.050000000000011 6.5000000000000009 50.45000000000001 35.45000000000001 79.850000000000009 49.750000000000007 51.150000000000013 56.650000000000013 24.900000000000006 53.250000000000007 59.45000000000001 46.650000000000013
decision_type=2 2 2 2 2 2 2 2 2 2 2 2 2 2 2 2 2 2 2 2 2 2 2 2 2 2 8 2 2 2
left_child=17 6 3 8 5 -4 10 -8 9 -3 14 -5 19 -13 16 -16 -2 -1 -14 -9 -6 -19 24 -24 -23 -26 -10 28 -12 -7
right_child=1 2 4 11 20 29 7 12 26 -11 27 13 18 -15 15 -17 -18 21 -20 -21 -22 22 23 -25 25 -27 -28 -29 -30 -31
leaf_value=-0.035041853092606053 -0.00783686181878652 -0.0095958184651888864 0.072400752681866784 -0.032272067534096831 0.017441970805988298 -0.0078631904155119677 -0.035112119911390224 0.0064139853563656441 0.0029435678421203498 0.077284129407671487 -0.014942083516818489 -0.0033843484692421379 0.015919497443294486 0.0025518080960344851 0.0029984020042896214 0.05756512247327597 0.011001318010024392 -0.043064348211535021 0.070523600197917827 0.022058050376194804 -0.016519710937354531 -0.024970844329354879 0.06633020187824433 -0.013923173784428703 -0.0022734999927014293 0.048296934269287349 0.091820229236196343 -0.034383284933371554 0.043515301237821741 0.024851341805315404
leaf_weight=41.962679591029882 346.70857806270942 724.21613041870296 13.290925644338129 24.135767553001642 22.31357470434159 13.597573176026343 15.122938163578509 537.84969994984567 3.4620844810269764 3.3651879173703483 29.489159570075572 1197.4381636939943 19.873524912633005 1232.8060807026923 1753.0056510795839 10.689400330185888 72.684433322865516 11.781359803862868 11.117407683283089 92.616642699576914 37.903070522472262 49.329877305775881 6.8916260879486781 7.4069704050198197 40.674256640486419 7.5517074447125188 3.7094599790871143 27.746939370408654 5.5381286796182385 59.214495648629963
leaf_count=3866 6631 30861 115 502 183 154 720 6255 99 115 814 12981 265 12211 21923 47 1650 386 61 1141 246 1007 124 136 759 107 121 443 101 472
internal_value=6.07499e-05 0.00047764 -0.00176799 -0.00250882 0.0143354 0.0270971 0.00304232 0.00898519 -0.00858312 -0.00917655 0.00124944 -0.000688083 0.0100061 -0.000371037 0.00181635 0.0033352 -0.00455828 -0.0156539 0.0358323 0.00872319 -0.00384409 -0.00901016 -0.0053434 0.0246021 -0.00980435 0.00562542 0.0502329 -0.018358 -0.00545954 0.018671
internal_weight=6423.49 6257.9 3335.45 3189.13 146.32 86.103 2922.44 676.58 734.753 727.581 2245.86 2454.38 661.457 2430.24 2183.09 1763.7 419.393 165.598 30.9909 630.466 60.2166 123.636 111.854 14.2986 97.5558 48.226 7.17154 62.7742 35.0273 72.8121
internal_count=104496 98111 58060 56890 1170 741 40051 8442 31196 30976 31609 25694 7722 25192 30251 21970 8281 6385 326 7396 429 2519 2133 260 1873 866 220 1358 915 626
is_linear=0
shrinkage=0.05


Tree=85
num_leaves=31
num_cat=0
split_feature=0 36 36 29 26 33 0 31 13 3 0 18 7 9 37 0 15 7 35 16 33 7 9 15 27 29 13 7 8 29
split_gain=16.5858 12.9954 16.7341 15.1952 13.1437 12.5951 10.7896 8.75278 10.1235 8.259 8.23398 7.39862 9.4589 15.3705 7.1479 9.16495 8.67934 7.70223 9.11426 6.95557 7.26651 6.86045 6.85796 6.71878 9.50308 6.69594 5.9814 8.93599 7.80979 5.60705
threshold=46.050000000000004 0.36666666666666675 -1.0000000180025095e-35 58.250000000000007 1.0000000180025095e-35 47.150000000000013 54.45000000000001 8.5000000000000018 52.150000000000013 50.150000000000013 34.45000000000001 9.5000000000000018 48.45000000000001 50.850000000000001 57.342857142857149 47.45000000000001 57.850000000000001 53.95000000000001 4.6000000000000014 49.150000000000013 58.250000000000007 62.750000000000007 51.750000000000007 50.650000000000013 5.5000000000000009 53.500000000000007 54.250000000000007 41.550000000000004 25.250000000000004 57.750000000000007
decision_type=2 10 8 2 2 2 2 8 2 2 2 2 2 2 2 2 2 2 10 2 2 2 2 2 2 2 2 2 2 2
left_child=5 2 14 4 6 11 -4 19 21 -6 -7 12 13 -1 15 -2 -17 -16 -19 20 -3 22 -9 24 -21 -25 -12 -28 -29 -13
right_child=1 7 3 -5 9 10 -8 8 -10 -11 26 29 -14 -15 17 16 -18 18 -20 23 -22 -23 -24 25 -26 -27 27 28 -30 -31
leaf_value=0.0088786397081207381 0.050657881917620967 -0.010099636566358183 0.0013060390528425963 0.026248567738515985 0.00021273714759793965 0.042741450207942594 0.0068029826201243294 0.019413687342213989 -0.010246157437078109 -0.024658328335261895 -0.011261769648681164 -0.02433078621481017 -0.019366104124466432 0.20117311170335805 -0.016080293648228078 0.0048750390004374672 -0.027796896160035181 -0.026143674825045135 0.014045066232967161 -0.017599212505502365 0.05142025897590341 0.065404937700064211 -0.036415027003199478 0.014104586392526744 -0.0016015890625827635 -0.004141032879975054 -0.032607903747799892 0.041864317116673114 0.00079638489623193906 0.011026081626650707
leaf_weight=3.2319875825196487 8.9806743557564896 8.2847219007089752 2523.0695350798778 69.812955716624856 63.580177266616374 9.4005211256444436 1384.0147640490904 66.012230518739671 43.888686086982489 69.26118916971609 183.95679746754467 151.03709358233027 6.2337194182910025 1.482019576244056 225.60175898624584 107.81049868091941 24.927254378795624 19.397780832834542 50.706061453558505 224.14874150557443 10.861715499311684 7.3808072125539175 5.8518886119127265 54.442016760352999 159.69270009035245 631.42958176182583 19.118551284074783 12.049747510813175 252.78465191554278 11.85312762018293
leaf_count=230 265 216 35066 656 953 153 14939 1172 614 930 3037 10708 223 98 8664 3085 568 444 1377 3813 92 78 125 989 2690 8757 466 138 3150 680
internal_value=5.5668e-05 0.00091167 0.00213858 0.00312903 0.00272763 -0.00750664 0.00325464 -0.00368712 0.00892866 -0.0127258 -0.00329566 -0.0190315 0.0203828 0.0732951 -0.00715418 0.00204766 -0.0012392 -0.0115803 0.00283219 -0.00511906 0.0246265 0.0196109 0.0147538 -0.00565839 -0.0109588 -0.00268363 -0.00424018 0.000293458 0.00269891 -0.0217221
internal_weight=6410.3 5759.16 4547.16 4109.74 4039.93 651.148 3907.08 1211.99 123.134 132.841 477.31 173.838 10.9477 4.71401 437.424 141.718 132.738 295.706 70.1038 1088.86 19.1464 79.2449 71.8641 1069.71 383.841 685.872 467.91 283.953 264.834 162.89
internal_count=104376 85493 66947 52544 51888 18883 50005 18546 1989 1883 6944 11939 551 328 14403 3918 3653 10485 1821 16557 308 1375 1297 16249 6503 9746 6791 3754 3288 11388
is_linear=0
shrinkage=0.05


Tree=86
num_leaves=31
num_cat=0
split_feature=0 36 36 29 26 33 7 17 34 32 0 0 12 1 32 28 35 0 16 36 8 12 37 0 7 1 35 1 27 5
split_gain=15.0737 11.7434 15.1501 13.4232 11.9262 11.7132 9.69391 7.61998 10.2538 7.54996 7.23622 7.14145 9.94623 8.03808 7.32717 7.29803 10.3758 9.95682 9.51534 6.69066 6.56587 8.31867 6.32753 9.24103 5.94993 5.8523 9.21201 5.78418 5.78155 5.64998
threshold=46.050000000000004 0.36666666666666675 -1.0000000180025095e-35 58.250000000000007 1.0000000180025095e-35 47.150000000000013 60.750000000000007 1075.0000000000002 1.5000000000000002 77.65000000000002 34.45000000000001 64.15000000000002 86.350000000000009 55.45000000000001 66.850000000000009 3.5000000000000004 28.400000000000006 58.250000000000007 47.650000000000013 0.77500000000000013 16.550000000000004 92.550000000000011 57.342857142857149 47.45000000000001 53.95000000000001 49.150000000000013 18.400000000000006 45.850000000000001 1.5000000000000002 62.850000000000001
decision_type=2 10 8 2 2 2 2 2 8 2 2 2 2 2 2 2 10 2 2 10 2 2 2 2 2 2 10 2 2 2
left_child=5 2 20 4 6 7 -4 8 -1 -6 -7 15 13 14 -13 16 17 -3 -17 -20 21 -2 23 -22 -24 -5 -27 -18 -9 -30
right_child=1 11 3 25 9 10 -8 28 -10 -11 -12 12 -14 -15 -16 18 27 -19 19 -21 22 -23 24 -25 -26 26 -28 -29 29 -31
leaf_value=0.10284364258726526 0.083965592620736718 -0.0069076927392266469 0.0022145721891014491 -0.0088902917114936347 -0.0078512399733850578 0.03931057518415746 0.010213792672191517 0.007146719974479159 -0.045519711608447831 -0.045656426579160803 -0.0040445229273531891 -0.014668967765875521 -0.011994984095003144 0.070186209783996853 0.050348083551754658 0.05397456355607249 0.062833048481929749 0.012764431025789891 -0.0039279465276714463 -0.013497156093196849 0.049671171325799068 -0.019563967721322642 -0.015926935255971195 -0.0023238441164367225 0.0008382364653146152 0.021115085631473296 0.071919506327246918 0.01546184042173001 -0.025804543327062574 0.015292171451081776
leaf_weight=2.8115758975036433 4.3108996604569247 238.14703804673627 3490.038371772971 10.835356628522275 116.75657805986702 9.7102545611560327 425.37063757050782 17.004990067798644 1.8100426662713287 14.910574063658713 466.26434819865972 9.7012657811865264 18.880587827414274 10.133600194007157 7.5776027292013159 6.2292953357100478 7.913245710078626 87.933597475290298 493.46674809139222 292.11063697887585 9.0434363377280516 3.2940375474281609 219.37971743987873 129.65377084678039 68.990848105400801 49.132136198692024 11.029003242030738 36.589275340549648 140.41749024763703 8.6726317782886309
leaf_count=114 201 3461 46872 120 1792 153 3133 1208 159 91 6791 171 200 106 68 104 205 875 6634 6148 252 176 8458 3540 1776 436 100 574 10194 264
internal_value=5.1022e-05 0.000864291 0.0020281 0.00296606 0.00258626 -0.00718574 0.00308512 -0.0184238 0.0439452 -0.0122018 -0.00314147 -0.0035151 0.0156998 0.0349309 0.013682 -0.00428593 0.00149384 -0.00158513 -0.00699716 -0.00749381 -0.00684524 0.0388015 -0.00767869 0.00106369 -0.0118997 0.024512 0.0306156 0.0241193 -0.0202147 -0.0233718
internal_weight=6408.12 5761.43 4552.75 4118.07 4047.08 646.691 3915.41 170.717 4.62162 131.667 475.975 1208.68 46.2931 27.4125 17.2789 1162.39 370.583 326.081 791.807 785.577 434.673 7.60494 427.068 138.697 288.371 70.9965 60.1611 44.5025 166.095 149.09
internal_count=104376 85493 66947 52544 51888 18883 50005 11939 273 1883 6944 18546 545 345 239 18001 5115 4336 12886 12782 14403 377 14026 3792 10234 656 536 779 11666 10458
is_linear=0
shrinkage=0.05


Tree=87
num_leaves=31
num_cat=0
split_feature=0 9 33 7 33 4 3 8 1 18 1 2 5 0 2 4 4 18 7 5 17 7 0 2 9 13 7 8 1 33
split_gain=13.6903 11.4934 10.8897 10.6045 10.7487 9.89828 11.8991 10.4599 10.3583 9.06206 8.72508 9.19203 8.70047 7.74389 9.94179 7.35326 8.09307 6.94329 8.08939 10.8821 7.83208 8.71469 6.37523 6.21833 9.86026 5.47916 8.31765 6.85307 5.7456 9.55991
threshold=46.050000000000004 42.95000000000001 47.150000000000013 59.650000000000013 50.45000000000001 93.15000000000002 49.650000000000013 20.250000000000004 57.750000000000007 16.500000000000004 62.95000000000001 50.050000000000004 73.050000000000011 59.150000000000013 59.750000000000007 49.250000000000007 44.350000000000001 9.5000000000000018 48.45000000000001 45.150000000000013 1075.0000000000002 48.050000000000004 34.45000000000001 35.850000000000001 49.650000000000013 54.250000000000007 41.550000000000004 25.250000000000004 55.650000000000013 70.450000000000017
decision_type=2 2 2 2 2 2 2 2 2 2 2 2 2 2 2 2 2 2 2 2 2 2 2 2 2 2 2 2 2 2
left_child=2 15 17 5 13 6 8 -7 -3 -9 11 -6 -8 14 -5 16 -2 18 19 -1 21 -19 -4 24 -22 28 -27 -28 -24 -30
right_child=1 3 22 4 10 7 12 9 -10 -11 -12 -13 -14 -15 -16 -17 -18 20 -20 -21 23 -23 25 -25 -26 26 27 -29 29 -31
leaf_value=-0.007172470611902482 -0.016519828065430474 -0.0053130599019803621 0.036259983174099029 0.021050733884003036 0.011742908548406393 0.052084420375641295 0.0010451731009303584 0.006514388776037482 0.0047658657052622464 -0.012305493606253617 0.040709979902451017 -0.0011619000435025392 0.016755203814028043 -0.01323675068056966 0.082700536959894433 -0.027660179571132912 0.068049672709210279 -0.025882250681183883 -0.018043134586412019 0.13749900291206926 0.1618469389233852 0.10658624804706036 -0.014432898589223572 -0.023985064174595051 -0.020334824065172362 -0.031796149668933259 0.038984894221408301 0.00096077420242574518 0.033552394549796853 -0.025947982449863002
leaf_weight=2.4224860640242678 7.2040148694068176 1578.3339669415727 10.001379367895423 95.132773590739816 205.30536455474794 11.772166470065711 2210.096525572706 674.69954854762182 303.41939775040373 70.406287148129195 15.722760278731583 418.67835614085197 91.765960560180247 14.59886356256902 7.0182060543447724 54.353962011169642 4.467768790666014 2.2909874767065039 6.0076488344930112 2.5370765537954867 1.0758433276787394 2.423251744825393 153.77696963492781 149.11110722040758 1.861782948952168 18.524468692019582 12.355252418667076 252.19618748128414 17.042920621111993 10.966278549283741
leaf_count=211 254 29946 153 1781 1338 104 36381 6048 3213 736 86 2889 581 268 103 1636 129 165 223 117 104 103 2731 10846 170 466 138 3150 237 69
internal_value=4.6943e-05 0.000819625 -0.00687397 0.001061 0.00657381 0.000215791 -0.000735115 0.0054779 -0.00368508 0.00472794 0.00401625 0.00307728 0.00167434 0.0205292 0.025412 -0.019902 0.0157303 -0.0178279 0.0202672 0.0671012 -0.0205362 0.0419713 -0.00299138 -0.0225334 0.047871 -0.00385423 0.00047949 0.00276955 -0.0106267 0.0100692
internal_weight=6405.57 5762.98 642.594 5696.95 756.456 4940.49 4183.62 756.878 1881.75 745.106 639.706 623.984 2301.86 116.75 102.151 66.0257 11.6718 167.73 10.9672 4.95956 156.763 4.71424 474.863 152.049 2.93763 464.862 283.076 264.551 181.786 28.0092
internal_count=104376 85493 18883 83474 6465 77009 70121 6888 33159 6784 4313 4227 36962 2152 1884 2019 383 11939 551 328 11388 268 6944 11120 274 6791 3754 3288 3037 306
is_linear=0
shrinkage=0.05


Tree=88
num_leaves=26
num_cat=0
split_feature=7 33 3 26 13 0 33 35 2 36 15 8 35 31 6 16 35 18 34 34 3 33 14 13 3
split_gain=13.289 12.3423 10.3507 10.2665 9.49298 8.53791 8.50478 8.54368 7.22179 7.33912 6.09854 11.1149 9.27498 8.14243 8.03002 7.68023 21.948 6.82665 6.47371 5.99742 3.87736 3.65572 3.49053 2.1524 0.500069
threshold=35.45000000000001 33.850000000000001 44.95000000000001 1.0000000180025095e-35 83.250000000000014 55.45000000000001 81.950000000000017 41.400000000000013 62.350000000000001 0.29166666666666669 42.150000000000013 16.550000000000004 5.2500000000000018 8.5000000000000018 88.100000000000009 49.750000000000007 20.750000000000007 14.500000000000002 2.5000000000000004 1.0000000180025095e-35 40.550000000000004 46.350000000000001 48.45000000000001 46.850000000000001 39.850000000000001
decision_type=2 2 2 2 2 2 2 10 2 8 2 2 10 10 2 2 10 2 10 8 2 2 2 2 2
left_child=23 10 6 4 5 -4 7 19 21 -10 11 12 -2 17 15 16 -12 -13 -17 -3 -8 -5 -9 -1 -25
right_child=1 2 3 8 -6 -7 20 22 9 -11 14 13 -14 -15 -16 18 -18 -19 -20 -21 -22 -23 -24 24 -26
leaf_value=0.011173019824789694 0.0054314138250644217 0.0031863806269730151 0.00065356139606212948 0.0034860240079521067 0.056208246805082275 0.0053696460222006741 0.0033538986465746624 0.064100525722803309 -0.027195664776184538 0.015747569771632188 -0.022101604947819278 0.017052579279153286 0.17274509087796958 0.081771072342196063 0.0764284339815193 -0.012881610871194294 0.19738749370487901 -0.035102079627897367 -0.036099088231714607 -0.0054865188659803162 0.033829161091245008 -0.01873726537057405 0.0094106114189621507 -0.014814621006480037 -0.051098536321057202
leaf_weight=1.5043014124967182 1.6767101134173601 238.1132647972554 3069.997795834206 21.373661900404841 8.0378863476216775 1398.0590912830085 20.981387674808502 6.1630743537098152 12.784528112970293 43.00703882612288 3.7393461382016531 11.610683420673018 1.6861242963932452 2.5369026730768374 2.2537140767090014 138.60426630731672 1.5091060618869958 13.254053401760755 38.861671989085153 1201.9900824963115 21.540585912764072 121.10463344398886 5.9982692087069154 1.5497579304501439 14.886011188616974
leaf_count=120 140 2694 44653 669 84 16191 107 104 152 408 338 801 90 183 185 9428 81 1113 4842 19308 111 1418 97 115 944
internal_value=4.31183e-05 0.000164975 0.00057692 0.00173577 0.00222991 0.00213043 -0.00304345 -0.00369218 -0.00939033 0.0057867 -0.0115868 0.00890211 0.0933323 -0.00157937 -0.0150245 -0.0162211 0.0425846 -0.0105772 -0.0180114 -0.00404891 0.0189524 -0.0153683 0.0378307 -0.0428091 -0.0480899
internal_weight=6402.82 6384.88 6169.15 4674.36 4476.09 4468.06 1494.79 1452.26 198.27 55.7916 215.733 30.7645 3.36283 27.4016 184.968 182.714 5.24845 24.8647 177.466 1440.1 42.522 142.478 12.1613 17.9401 16.4358
internal_count=104376 103197 85996 63575 60928 60844 22421 22203 2647 560 17201 2327 230 2097 14874 14689 419 1914 14270 22002 218 2087 201 1179 1059
is_linear=0
shrinkage=0.05


Tree=89
num_leaves=31
num_cat=0
split_feature=7 0 36 36 30 8 29 26 30 1 35 18 4 9 6 37 8 34 7 0 28 30 35 37 30 30 1 6 9 0
split_gain=12.5145 11.5146 11.0061 12.9051 13.0922 15.2648 11.9275 10.2159 8.65265 11.1499 12.9719 8.32699 7.80495 7.55684 8.37493 12.7057 7.252 7.11143 6.50112 6.34774 6.64511 11.8803 9.75979 6.28141 7.40917 5.58348 5.46255 5.5071 3.33444 1.71928
threshold=35.45000000000001 46.050000000000004 0.36666666666666675 -1.0000000180025095e-35 535.00000000000011 40.95000000000001 58.250000000000007 1.0000000180025095e-35 495.00000000000006 53.95000000000001 34.400000000000013 15.500000000000002 94.950000000000017 49.350000000000001 56.45000000000001 57.163000000000004 35.550000000000004 2.5000000000000004 49.050000000000004 64.15000000000002 3.5000000000000004 519.00000000000011 14.600000000000003 68.338500000000025 467.00000000000006 475.00000000000006 58.750000000000007 52.550000000000004 51.350000000000001 54.250000000000007
decision_type=2 2 10 8 2 2 2 2 2 2 10 2 2 2 2 2 2 8 2 2 2 2 10 2 2 2 2 2 2 2
left_child=29 8 3 4 11 -6 7 -5 9 10 12 -3 -2 16 17 -16 -10 -15 -18 20 22 -22 -4 24 -11 -8 27 -21 -25 -1
right_child=1 2 19 6 5 -7 25 -9 13 23 -12 -13 -14 14 15 -17 18 -19 -20 26 21 -23 -24 28 -26 -27 -28 -29 -30 -31
leaf_value=-0.050747334082691567 -0.01693661476466864 -0.0017089406553347038 -0.0051358839086696481 0.0029477351712143044 0.14567069383990586 0.0031376004032771972 0.004806549181298218 -0.011300095957862376 -0.025966934492742857 0.033221690646591889 0.093997557137084062 -0.016079388194576574 0.023509889496862273 -0.041946097726320325 0.030870724383286391 -0.0069580860843017657 0.0042471706844153063 0.0018823449468351541 0.047346798652868151 -0.025290430111342299 -0.0089646612905201033 0.010071568032687219 0.011454851470922289 -0.0050027850269744514 -0.0010262618308386233 0.033816055443660377 0.046289854720501282 0.017621025749740671 -0.046447424698817075 -0.010298397565768095
leaf_weight=13.503255460411312 321.74953762558289 252.28350811894052 224.72216213634238 3914.5790951056406 2.9185466477647406 5.1835366571322083 27.000994652509689 129.76158116199076 6.7404763931408516 27.95800902415067 2.6194755989126852 168.82920711906627 12.2004416603595 21.29160322342068 31.705065153539181 73.049519889988005 15.119493760168551 15.92768707918003 21.667853251099586 10.328820906579493 694.73424443788826 92.599391987547278 146.1097017833963 42.668567890301347 35.490139052271843 44.957563822157681 10.489002125337718 25.976930629462004 5.4544847821816793 3.7370598376728585
leaf_count=995 12336 7711 2591 49480 98 166 225 1878 198 452 96 6249 113 329 479 1758 477 513 376 123 11553 1273 2503 873 405 429 80 341 92 184
internal_value=4.0043e-05 0.000156038 0.000861717 0.00198865 -0.00625717 0.0562408 0.0028498 0.00248909 -0.00623942 -0.0100004 -0.0145432 -0.00748455 -0.0154374 0.00281997 -0.00273984 0.00446203 0.0210336 -0.0231013 0.0298281 -0.00338511 -0.00411838 -0.00671844 0.0013888 0.00365946 0.0140147 0.023022 0.0146267 0.00523964 -0.00989057 -0.0423778
internal_weight=6401.36 6384.12 5750.47 4545.51 429.215 8.10208 4116.3 4044.34 633.642 448.141 336.569 421.113 333.95 185.502 141.974 104.755 43.5278 37.2193 36.7873 1204.96 1158.17 787.334 370.832 111.571 63.4481 71.9586 46.7948 36.3058 48.1231 17.2403
internal_count=104376 103197 84700 66236 14224 264 52012 51358 18497 14367 12545 13960 12449 4130 3079 2237 1051 842 853 18464 17920 12826 5094 1822 857 654 544 464 965 1179
is_linear=0
shrinkage=0.05


Tree=90
num_leaves=22
num_cat=0
split_feature=5 7 3 9 1 7 37 5 13 14 33 10 31 16 15 35 37 1 3 13 3
split_gain=12.107 9.92266 9.75173 8.80616 9.33654 9.803 9.13698 8.26717 8.89699 6.38768 12.0335 9.05222 8.57843 7.85649 5.43609 4.65532 6.0753 4.61042 3.16329 1.79086 0.552202
threshold=38.850000000000001 35.45000000000001 66.40000000000002 58.45000000000001 56.550000000000004 60.350000000000001 82.283000000000015 40.050000000000004 43.850000000000001 49.050000000000004 68.050000000000011 55.000000000000007 13.500000000000002 50.45000000000001 64.850000000000009 21.400000000000006 43.487142857142864 54.95000000000001 42.050000000000004 48.050000000000004 40.050000000000004
decision_type=2 2 2 2 2 2 2 2 2 2 2 2 10 2 2 10 2 2 2 2 2
left_child=9 19 3 4 5 -3 -6 -5 -9 10 12 15 13 14 -1 16 -11 -18 -17 -2 -21
right_child=1 2 -4 7 6 -7 -8 8 -10 11 -12 -13 -14 -15 -16 18 17 -19 -20 20 -22
leaf_value=-0.015560386361903506 0.005016509736002029 -0.0011345228496500047 0.045305621436589401 0.049637401441302929 0.0048702869220546381 0.0064865430145892499 -0.018400584457116599 0.023694250506790172 -0.013237580279061294 0.045089438908302581 0.061819602562653009 0.031273813938617848 0.064332246346265859 0.055118238577620063 0.03268619779118942 0.0076006619882165701 -0.012296117342113631 -0.033086887902373838 -0.052531194849906551 -0.011352375764484156 -0.050802893839363254
leaf_weight=76.282156309345737 1.6805483154021192 3843.4329364437144 12.080125178210436 5.7517455276101819 1512.7810992766172 473.82846149569377 43.211865803226829 17.471144717186689 214.05751616274938 3.8788552712649098 7.2145508974790564 9.5367133240215463 4.1586811305023721 4.5053193336352697 6.1689069848507634 2.3859408195130554 115.21044878545217 35.379568955861032 14.259581016376613 1.3988571886438865 11.428706404287366
leaf_count=2974 129 68753 140 151 13389 4443 758 427 4649 102 56 131 159 158 159 109 5468 818 553 99 751
internal_value=4.35835e-05 0.000507511 0.000606509 0.000516584 0.000898938 -0.000296806 0.00421967 -0.00892292 -0.0104201 -0.0101407 6.4626e-05 -0.0157201 -0.00483277 -0.00826811 -0.0118548 -0.0183852 -0.0156071 -0.0172326 -0.0436195 -0.0406469 -0.0470086
internal_weight=6416.1 6137.12 6122.61 6110.53 5873.25 4317.26 1555.99 237.28 231.529 278.981 98.3296 180.651 91.1151 86.9564 82.4511 171.114 154.469 150.59 16.6455 14.5081 12.8276
internal_count=104376 93689 92710 92570 87343 73196 14147 5227 5076 10687 3506 7181 3450 3291 3133 7050 6388 6286 662 979 850
is_linear=0
shrinkage=0.05


Tree=91
num_leaves=31
num_cat=0
split_feature=27 12 32 5 0 28 7 22 5 32 8 1 33 8 35 31 32 13 15 7 8 13 31 34 7 13 32 7 13 15
split_gain=13.2285 15.7333 13.4898 13.1087 16.7437 10.8427 10.1002 12.2819 11.8372 9.29979 15.3742 8.92565 13.8744 25.1441 28.1656 11.1935 13.6487 10.5103 10.9811 11.5838 10.044 25.8326 14.9862 8.90215 8.67124 8.18558 7.87026 7.61833 7.21551 7.41985
threshold=5.5000000000000009 73.250000000000014 42.45000000000001 46.350000000000001 47.550000000000004 3.5000000000000004 50.050000000000004 1.0000000180025095e-35 47.95000000000001 68.550000000000011 82.950000000000017 54.850000000000001 42.150000000000013 56.45000000000001 7.7500000000000018 1.0000000180025095e-35 53.050000000000004 50.050000000000004 47.45000000000001 60.750000000000007 30.450000000000003 47.750000000000007 9.5000000000000018 1.0000000180025095e-35 66.050000000000011 60.250000000000007 39.050000000000004 35.45000000000001 83.250000000000014 56.350000000000001
decision_type=2 2 2 2 2 2 2 2 2 2 2 2 2 2 10 10 2 2 2 2 2 2 10 8 2 2 2 2 2 2
left_child=2 3 23 4 -2 6 7 -5 -8 -6 -11 17 13 -13 -15 16 -14 20 19 -19 22 -22 -3 26 -17 -20 -1 -4 29 -29
right_child=1 11 27 5 9 -7 8 -9 -10 10 -12 12 15 14 -16 24 -18 18 25 -21 21 -23 -24 -25 -26 -27 -28 28 -30 -31
leaf_value=-0.018373338127964361 -0.035178424224132636 0.018590253028550306 -0.050253048848908868 0.014694421126094703 -0.011046282182428493 -0.0065654959568892295 0.041644683684128887 -0.0082147131225624326 0.0071777569286418114 0.00071429344326250988 0.06618056115838121 0.0017020820118902179 0.06986342676539474 0.030937215112954993 0.28386347677661428 0.0044068288692164078 0.014492894417303077 0.0053833025079772735 -0.0096437681938529949 0.055957784498322873 -0.010401682604425207 0.024151135282230202 0.091273464532654197 -0.028004310573340366 -0.041168242194735756 0.01631995619648664 0.056271049898342321 -0.0029759121063917017 0.044722591608100326 0.0019008394387802921
leaf_weight=7.6441285684704763 55.237305896589532 53.928276341874152 7.876960424007847 77.892714732792228 167.86303679039702 301.72841877909377 26.330613066442311 233.30472069792449 459.62707575410604 60.602056973613799 10.459798759780822 6.2818712093867344 11.528635170310734 2.3203158476389945 2.1359224221669137 247.32944288197905 298.3133108895272 129.91067995992489 283.63901412091218 12.35285852383822 117.13551723398268 100.18285982403904 8.1546421786770207 74.835332728456706 10.78372063487768 33.774745048489422 6.3130926969461143 2456.3032135367393 8.3835238777101022 1141.4692500429228
leaf_count=326 2679 1496 546 1314 5655 4223 433 3753 4199 640 81 294 253 116 100 2424 2697 2559 5125 123 2751 2041 223 5192 64 518 212 40390 91 13858
internal_value=4.05137e-05 0.00269515 -0.0019016 -0.00100656 -0.0103813 0.00149916 0.0045584 -0.00246162 0.00906375 -0.00461523 0.0105002 0.00661188 0.0112649 0.0673952 0.156834 0.0101832 0.0165911 0.00296081 -0.00167855 0.00984607 0.0106094 0.00550781 0.0283491 -0.0211483 0.00246818 -0.00686105 0.015194 -0.00142678 -0.00131735 -0.00142726
internal_weight=6413.64 2710.82 3702.83 1393.05 294.162 1098.88 797.155 311.197 485.958 238.925 71.0619 1317.77 578.693 10.7381 4.45624 567.955 309.842 739.079 459.677 142.264 279.401 217.318 62.0829 88.7926 258.113 317.414 13.9572 3614.03 3606.16 3597.77
internal_count=104376 43761 60615 22977 9055 13922 9699 5067 4632 6376 721 20784 5948 510 216 5438 2950 14836 8325 2682 6511 4792 1719 5730 2488 5643 538 54885 54339 54248
is_linear=0
shrinkage=0.05


Tree=92
num_leaves=31
num_cat=0
split_feature=18 6 33 13 35 5 3 13 3 7 37 33 27 8 33 33 4 31 11 6 33 14 33 36 8 10 28 8 36 13
split_gain=12.5742 15.994 13.5097 16.8793 11.2143 9.8991 9.61245 9.98165 9.92912 9.53608 9.05707 8.78241 12.813 7.79881 8.74835 6.83243 6.79593 6.50639 6.79494 8.13104 6.33063 8.27686 6.21943 14.7477 6.14505 6.03104 5.70989 6.23514 5.46321 5.43882
threshold=14.500000000000002 45.650000000000006 56.45000000000001 79.050000000000011 37.250000000000014 72.250000000000014 61.95000000000001 50.95000000000001 62.750000000000007 55.45000000000001 44.402750000000005 60.45000000000001 3.5000000000000004 48.650000000000013 83.450000000000017 51.650000000000013 71.250000000000014 -6.4999999999999991 48.350000000000001 73.350000000000009 73.350000000000009 50.350000000000001 42.550000000000004 0.63333333333333341 73.250000000000014 65.000000000000014 2.5000000000000004 31.350000000000005 0.55000000000000016 50.95000000000001
decision_type=2 2 2 2 10 2 2 2 2 2 2 2 2 2 2 2 2 8 2 2 2 2 2 10 2 2 2 2 10 2
left_child=1 20 3 5 9 6 7 -2 -8 10 -3 12 -11 14 26 -7 -12 24 19 -19 21 -1 23 -6 25 -15 -4 -28 -20 -24
right_child=2 4 13 -5 22 15 8 -9 -10 11 16 -13 -14 17 -16 -17 -18 18 28 -21 -22 -23 29 -25 -26 -27 27 -29 -30 -31
leaf_value=-0.027649113246591247 -0.0042563429033079213 -0.022807957301557227 -0.027184663791038805 0.11052870544004843 0.11166837002166413 0.054539645800377103 0.047844056816366214 -0.014598748296906636 -0.0015801285860365618 -0.0016657031392799172 -0.0017372811644748264 0.0028800615358770105 0.019204252020196783 0.015511725780573813 0.025183332846312568 -0.0017772092865209388 0.0041548120792027484 -0.028922241695306206 0.0025418154393197358 0.0056582819778689787 0.016095735644845125 0.025727875556760083 -0.011169577220980727 0.0025304127939946089 -0.0030890845173441933 0.056535803783775332 0.0029347975831554795 -0.0078948045133504074 -0.0084308736826563396 0.032367130987941209
leaf_weight=75.989939035614952 503.4952461400535 39.816134163178504 29.309064116328955 2.9466773918829849 6.2726054792292398 10.639070049859585 14.807016542879863 437.76045573991723 31.333994591375813 103.39245813479647 964.654872499872 520.38258182629943 250.95278181089088 70.734564739279449 23.746144652366638 10.459043666720389 991.63113629678264 40.156522874720395 1399.409134468995 29.016411535441875 11.889910854399202 7.8541268357075742 11.289303166791798 6.2152406675741076 39.364790046587586 10.352508683688937 190.33316102437675 435.84255241602659 123.18510463647544 18.77297395747155
leaf_count=1367 19169 494 292 79 184 138 494 18303 1030 1430 18833 2933 3528 718 118 94 13074 407 12780 306 59 142 157 203 361 87 1941 4350 1144 161
internal_value=3.6321e-05 0.00239165 -0.00204499 -0.00688895 0.00305414 -0.00724791 -0.00797688 -0.00907275 0.0142415 0.00267402 0.00076345 0.00702757 0.0131019 1.83205e-06 -0.00452909 0.0265089 0.00124689 0.00180231 0.000950665 -0.0143571 -0.0176993 -0.0225647 0.0285169 0.0581989 0.0130052 0.0208741 -0.00561678 -0.0045951 0.00165029 0.0158692
internal_weight=6412.01 3009.11 3402.89 1011.44 2913.38 1008.49 987.397 941.256 46.141 2870.83 1996.1 874.728 354.345 2391.45 679.231 21.0981 1956.29 1712.22 1591.77 69.1729 95.734 83.8441 42.5501 12.4878 120.452 81.0871 655.485 626.176 1522.59 30.0623
internal_count=104376 42565 61811 39307 40997 39228 38996 37472 1524 40292 32401 7891 4958 22504 6701 232 31907 15803 14637 713 1568 1509 705 387 1166 805 6583 6291 13924 318
is_linear=0
shrinkage=0.05


Tree=93
num_leaves=31
num_cat=0
split_feature=32 29 9 5 8 13 5 14 3 2 37 3 33 0 30 2 13 2 4 33 9 0 4 13 5 32 5 31 16 0
split_gain=10.6302 9.1259 9.03739 10.1999 9.54098 9.84059 9.30142 9.50333 9.33099 8.79321 10.9649 7.85687 10.1847 8.55617 9.12494 7.56695 6.83813 6.28996 9.42248 16.77 6.90048 8.75364 6.76422 6.1241 10.4495 5.69996 5.10989 4.85231 4.50722 3.39867
threshold=40.45000000000001 53.500000000000007 58.45000000000001 53.250000000000007 11.450000000000001 50.750000000000007 38.850000000000001 43.850000000000001 66.40000000000002 55.45000000000001 54.33428571428572 50.95000000000001 79.250000000000014 63.45000000000001 505.00000000000006 44.250000000000007 43.850000000000001 57.750000000000007 74.250000000000014 68.050000000000011 49.550000000000004 57.150000000000013 94.750000000000014 51.150000000000013 47.650000000000013 45.550000000000004 55.850000000000001 9.5000000000000018 49.750000000000007 53.550000000000004
decision_type=2 2 2 2 2 2 2 2 2 2 2 2 2 2 2 2 2 2 2 2 2 2 2 2 2 2 2 10 2 2
left_child=9 11 4 15 5 -3 7 -6 -8 28 -11 17 13 14 -13 -4 -5 20 -19 -20 21 -2 -22 26 -25 -17 -12 -18 -1 -30
right_child=1 2 3 16 6 -7 8 -9 -10 10 23 12 -14 -15 -16 25 27 18 19 -21 22 -23 -24 24 -26 -27 -28 -29 29 -31
leaf_value=0.03999988174720652 -0.0041780658050922332 0.0058580954242790986 0.049324269448613484 0.022275986687695811 0.0048766067132752907 0.09769981437113176 0.00033282596221692888 -0.019519955215671309 0.047824930536123224 0.065372421168422262 -0.045768230815473411 0.015802137147665683 0.069211756629612389 -0.024270635957341948 -0.028857435425345704 0.051770972634272251 -0.032314707962808345 -0.015881738235390283 0.083698927938416989 -0.0020368825974975968 -0.005414098270917992 0.033202107522119155 -0.039078599466852965 0.097497226503427681 -0.034291856939805999 -0.0063611155545604346 0.03804464740473916 0.011313865899706094 -0.019549014472665754 -0.04505017135011876
leaf_weight=2.6342118526808909 41.139266723301262 7.21316722454503 6.7377995364367953 7.1246362738311282 60.073359895031899 4.9616999682039022 5379.3238008464687 117.01183224096894 10.26430341042578 6.6732815969735411 9.6476861140690762 222.30256258836016 7.7142783775925627 15.838636415079234 11.892779476474969 4.2388847107067695 69.340296152513474 11.807274064049123 10.760428848676385 11.769364468753336 114.83677024580538 24.986371655482799 17.173703994601965 2.918366845464333 2.848525988869369 135.08430010685697 2.0903913220390669 6.7878588289022437 67.912702709436417 16.803266936447471
leaf_count=182 1227 182 179 141 1909 94 74881 4088 103 210 520 4808 40 187 213 151 1278 148 140 66 3127 440 194 162 74 3229 51 124 5210 1018
internal_value=3.28556e-05 0.000304701 -0.000247445 -0.0099737 0.000151619 0.0441853 5.36232e-05 -0.0112175 0.000425087 -0.0152609 0.0112511 0.00685547 0.0128655 0.0110801 0.0135016 -0.0019706 -0.0239354 0.00016782 0.0199123 0.0388793 -0.003237 0.00989979 -0.00985774 -0.00935132 0.0320735 -0.00452073 -0.0302246 -0.0283493 -0.022661 -0.0247132
internal_weight=6409.91 6298.38 5808.16 229.314 5578.85 12.1749 5566.67 177.085 5389.59 111.528 24.1783 490.221 257.748 250.034 234.195 146.061 83.2528 232.473 34.3371 22.5298 198.136 66.1256 132.01 17.505 5.76689 139.323 11.7381 76.1282 87.3502 84.716
internal_count=104376 96949 86359 5102 81257 276 80981 5997 74984 7427 1017 10590 5248 5208 5021 3559 1543 5342 354 206 4988 1667 3321 807 236 3380 571 1402 6410 6228
is_linear=0
shrinkage=0.05


Tree=94
num_leaves=31
num_cat=0
split_feature=27 12 30 32 5 0 35 3 13 2 33 6 32 2 4 2 29 1 18 37 7 36 7 3 13 15 3 0 32 27
split_gain=11.6685 14.1178 11.9544 11.7959 11.6487 15.7052 9.983 9.95704 10.3839 9.85491 9.29693 11.1057 9.03132 9.01557 13.5238 8.86372 10.7574 8.85761 8.68742 7.6458 7.23471 7.1313 7.07808 7.22043 8.41238 7.36904 6.90651 8.2872 7.10792 5.75071
threshold=5.5000000000000009 73.250000000000014 423.00000000000006 42.45000000000001 46.350000000000001 47.550000000000004 31.600000000000009 39.650000000000013 54.95000000000001 60.95000000000001 79.250000000000014 86.750000000000014 68.550000000000011 57.250000000000007 44.95000000000001 55.45000000000001 54.250000000000007 54.650000000000013 9.5000000000000018 50.348285714285723 35.45000000000001 0.29166666666666669 80.550000000000011 58.550000000000004 78.250000000000014 56.750000000000007 61.850000000000001 54.850000000000001 47.350000000000001 7.5000000000000009
decision_type=2 2 2 2 2 2 8 2 2 2 2 2 2 2 2 2 2 2 2 2 2 10 2 2 2 2 2 2 2 2
left_child=3 4 29 15 5 -2 26 8 18 12 11 -8 -7 17 -15 -1 -17 -9 -4 -18 -5 -11 23 24 -22 -25 28 -28 -6 -3
right_child=1 2 7 20 6 9 10 13 -10 21 -12 -13 -14 14 -16 16 19 -19 -20 -21 22 -23 -24 25 -26 -27 27 -29 -30 -31
leaf_value=-0.02842303980759972 -0.034417799960231574 -0.036634001920384567 0.041675581806242042 -0.050125553368200008 0.029304629559046749 -0.01342746742332423 0.0025054513259334301 0.0016552938512911536 -0.024243897112113416 0.072528220967298315 0.025133335720399993 0.056512545576505639 0.0086829722736630546 -0.033958164965828271 0.018130478757891418 0.1066048689277833 0.052538883010650433 0.012369228102994491 -0.0012306232891352098 -0.025607121258485101 -0.0025305429908231373 0.0015340568902433766 0.036188347725925087 -7.6018178395548757e-05 0.034379536485170413 0.012345973587294296 0.056604128776792974 -0.0075739621249321463 -0.0076273452602124399 0.0043339666237675037
leaf_weight=67.768463648390025 53.280127762118354 23.531895162537694 13.117516534402965 7.4951428649947038 13.351100025698541 158.12271010945551 630.33782519563101 485.93784148199484 46.972033403813839 6.7661583423614484 52.966170586645603 9.5769513512495887 64.858083934523165 12.849109199363737 298.9034424489364 2.4236568934284177 4.1676565720699719 321.27627775724977 108.17793720494956 11.543483468238263 3026.1877372080926 7.6102654747664928 12.466706547886131 371.69790538353845 15.399397229775785 175.23577574221417 9.712795511819424 10.035942685790358 374.18349754391238 13.086861424846573
leaf_count=4980 2679 644 146 546 491 5489 8310 10432 622 105 254 134 659 203 2801 117 126 3654 1931 507 46845 123 63 5361 174 1896 107 97 4529 351
internal_value=2.97106e-05 0.00251925 0.00621538 -0.00179828 -0.000995551 -0.00989866 0.00135258 0.00702028 -0.00429781 -0.00436156 0.00500754 0.00333024 -0.00697281 0.00872697 0.0159574 -0.0201031 0.0106991 0.0059267 0.0033988 -0.0043601 -0.00136059 0.0355625 -0.00125631 -0.0013888 -0.0023409 0.00389634 -0.00485276 0.0238643 -0.00633486 -0.0218847
internal_weight=6409.04 2714.65 1323.85 3694.39 1390.8 290.637 1100.16 1287.23 168.267 237.357 692.881 639.915 222.981 1118.97 311.753 85.9033 18.1348 807.214 121.295 15.7111 3608.48 14.3764 3600.99 3588.52 3041.59 546.934 407.283 19.7487 387.535 36.6188
internal_count=104376 43761 20784 60615 22977 9055 13922 19789 2699 6376 8698 8444 6148 17090 3004 5730 750 14086 2077 633 54885 228 54339 54276 47019 7257 5224 204 5020 995
is_linear=0
shrinkage=0.05


Tree=95
num_leaves=31
num_cat=0
split_feature=18 29 30 4 0 26 36 17 0 31 29 4 5 5 5 0 30 33 6 5 30 33 29 5 33 17 31 4 14 9
split_gain=12.9387 11.1822 11.8922 14.8932 12.6648 11.9892 10.8784 10.1576 10.1237 9.83674 9.03661 8.70093 8.20308 10.0046 8.89917 12.0924 9.47842 7.61952 12.2095 14.7984 18.4101 12.1015 8.17586 7.61167 8.69573 7.30546 6.34897 6.25411 6.25401 7.69302
threshold=9.5000000000000018 52.250000000000007 477.00000000000006 43.95000000000001 51.45000000000001 1.0000000180025095e-35 1.0000000180025095e-35 2250.0000000000005 55.250000000000007 -9.4999999999999982 53.500000000000007 99.950000000000017 48.150000000000013 56.650000000000013 44.850000000000001 60.650000000000013 421.00000000000006 48.95000000000001 55.350000000000001 51.050000000000004 489.00000000000006 43.150000000000013 54.250000000000007 55.650000000000013 66.65000000000002 2450.0000000000005 4.5000000000000009 99.950000000000017 37.550000000000004 49.250000000000007
decision_type=2 2 2 2 2 2 10 2 2 8 2 2 2 2 2 2 2 2 2 2 2 2 2 2 2 2 10 2 2 2
left_child=11 8 3 28 23 7 25 -6 9 -2 -8 17 14 -14 16 -16 -10 18 22 21 -21 -20 -1 26 -25 -5 -4 -7 29 -3
right_child=1 2 4 6 5 27 10 -9 12 -11 -12 -13 13 -15 15 -17 -18 -19 19 20 -22 -23 -24 24 -26 -27 -28 -29 -30 -31
leaf_value=0.051191449551159521 0.065313687498984738 0.03324249466697006 -0.0041565835099019221 -0.0010550369416637384 0.004458031128557376 -0.0046816617205736582 0.010158950496825596 0.022008921560932867 -0.042532291623280143 -0.003642183923057327 -0.0099054324545232077 -0.015473588602583233 -0.014604520470494105 0.045682579579450287 0.091104112023932537 0.0085739499480571493 0.028396239661381786 0.0061726234034201318 -0.0047699625965917395 0.040393592681933252 0.1514127278461942 0.050627751340436081 -0.01442370138743003 0.0081578265394485257 -0.0046202787625802006 0.016000852403040829 -0.017552367658827863 -0.032119866880923796 -0.022227670242155058 -0.012579556008109255
leaf_weight=5.6689802845939985 5.356883947039023 11.921767451800404 509.72445415542461 1925.2322086580098 1393.860365544213 126.9662745539099 61.772325185127556 87.733465295750648 5.1655244296416631 98.91193376109004 582.75204222230241 39.249247930943966 24.568628653883934 9.433009669184683 12.213680465705695 7.1962986788712433 41.809781097341329 455.57779010292143 23.531899575144053 13.609100540168585 5.2229938963428131 16.671644690446556 26.521447992417961 261.65593269560486 270.45579809695482 64.780629510059953 107.48388498346321 24.916733250953257 140.27865035273135 38.245191741036251
leaf_count=192 284 381 11846 34472 17635 1885 997 965 184 3798 8492 297 346 87 193 94 902 3436 1228 274 91 346 673 3545 1674 1117 2979 252 4598 1190
internal_value=0.000112318 -0.00060088 -0.00102073 -0.00330646 0.00129788 0.00412838 -0.00232783 0.00550211 0.010874 0 -0.00797339 0.00719319 0.0221992 0.00205911 0.0324209 0.0609629 0.0204168 0.00883187 0.022036 0.0355305 0.0720855 0.018147 -0.00259078 -0.00272064 0.00165407 -0.00049653 -0.00649996 -0.00923403 -0.0168097 -0.00154638
internal_weight=6398.49 5812.44 5607.78 2824.98 2782.8 1633.48 2634.54 1481.59 204.656 104.269 644.524 586.053 100.387 34.0016 66.3853 19.41 46.9753 546.804 91.2261 59.0356 18.8321 40.2035 32.1904 1149.32 532.112 1990.01 617.208 151.883 190.446 50.167
internal_count=104453 97916 92028 51247 40781 20737 45078 18600 5888 4082 9489 6537 1806 433 1373 287 1086 6240 2804 1939 365 1574 865 20044 5219 35589 14825 2137 6169 1571
is_linear=0
shrinkage=0.05


Tree=96
num_leaves=31
num_cat=0
split_feature=29 9 0 1 30 36 4 5 0 8 26 5 8 16 6 36 17 27 5 5 6 13 5 5 30 30 4 13 33 1
split_gain=10.4769 10.5628 13.9707 9.70176 9.80183 11.1521 10.9268 9.26704 8.71617 12.0825 9.30029 8.36145 7.79332 7.03335 6.96247 6.83318 6.73464 6.71768 9.80131 6.48677 6.0385 5.92379 11.2002 8.57365 5.61476 12.2584 8.80971 8.63363 9.02165 5.21333
threshold=52.250000000000007 50.45000000000001 59.650000000000013 63.550000000000004 477.00000000000006 0.90000000000000013 43.350000000000001 78.15000000000002 51.45000000000001 18.950000000000003 1.0000000180025095e-35 66.15000000000002 70.550000000000011 47.850000000000001 69.15000000000002 0.90000000000000013 1650.0000000000002 7.5000000000000009 42.050000000000004 56.650000000000013 47.550000000000004 54.050000000000004 42.050000000000004 37.45000000000001 441.00000000000006 467.00000000000006 93.15000000000002 57.95000000000001 65.050000000000011 56.250000000000007
decision_type=2 2 2 2 2 10 2 2 2 2 2 2 2 2 2 10 2 2 2 2 2 2 2 2 2 2 2 2 2 2
left_child=1 13 17 4 5 6 -2 -8 12 15 -11 14 19 -1 -5 -10 -14 21 -19 -6 -7 23 -23 -3 27 26 -26 -15 -29 -27
right_child=3 2 -4 11 8 20 7 -9 9 10 -12 -13 16 24 -16 -17 -18 18 -20 -21 -22 22 -24 -25 25 29 -28 28 -30 -31
leaf_value=0.066886880316694861 -0.013685355088816699 0.055992693379468661 0.077105428172214552 -0.01608212870315091 -0.0031502924828242657 0.025654185259019788 -0.0012062927556181814 0.02959396495656505 0.021625483059667057 0.0043168396001228796 -0.0088563716316672324 0.051816193327888706 -0.018839427466833876 -0.020646652540616713 0.026549144246322584 0.078551518677814486 -0.0023308106938583358 0.12950040817219835 0.0021921344348955997 0.0049208940064743873 -0.016956475439178269 -0.017376616717083015 0.06641865235078466 -0.02376104921969285 0.033453133253470206 -0.0014329942579761211 -0.021437313682235851 -0.00057859324514291527 0.1013728641681404 -0.045074012017373544
leaf_weight=4.2856849501840761 178.79851505206898 4.0330321555957225 12.067415851168333 16.595196199603379 571.72254461585544 8.581337050534783 2723.258206848288 24.532609421759844 34.745942571666092 1572.0834531274159 146.15324737224728 15.441550996154545 108.79245708556846 42.335845466936007 22.137292954139411 6.2827077945694318 144.72102821106091 2.9051549495197824 3.2143918366637081 440.59645371045917 163.93002563808113 6.7102740977425155 9.3453808347694558 17.787695677950978 48.203935230150819 42.571889040991664 8.4265728015452606 6.7806286013219488 3.0255689583718777 8.1194945005699974
leaf_count=89 5830 191 198 126 13485 188 44653 153 567 18986 2047 73 1682 1577 209 149 2118 122 90 4129 3876 269 188 526 1380 1055 82 304 30 81
internal_value=0.000104766 0.0108295 0.0295568 -0.000276158 -0.00046347 -0.00244035 -0.00170995 -0.000928418 0.00156013 0.00383748 0.00319297 0.0207685 -0.00160104 0.00437322 0.00816035 0.0306339 -0.00943965 0.0162562 0.064544 0.000357769 -0.0147943 0.00817348 0.0311971 -0.00860422 0.00262093 0.00918339 0.025174 -0.0107823 0.0310782 -0.00859662
internal_weight=6398.19 219.813 56.0633 6178.37 6124.2 3099.1 2926.59 2747.79 3025.1 1759.27 1718.24 54.174 1265.83 163.75 38.7325 41.0287 253.513 43.9959 6.11955 1012.32 172.511 37.8764 16.0557 21.8207 159.464 107.322 56.6305 52.142 9.8062 50.6914
internal_count=104453 6182 1584 98271 97863 54700 50636 44806 43163 21749 21033 408 21414 4598 335 716 3800 1386 212 17614 4064 1174 457 717 4509 2598 1462 1911 334 1136
is_linear=0
shrinkage=0.05


Tree=97
num_leaves=23
num_cat=0
split_feature=7 29 35 7 35 2 30 1 31 12 0 1 16 28 12 32 33 37 12 1 35 35
split_gain=10.8465 9.58776 12.9603 10.7976 9.59542 12.4952 8.65574 12.6823 12.1818 7.76411 12.2249 7.72961 7.62235 7.2281 10.7017 7.17317 10.2999 6.94859 6.78887 3.94181 1.69868 3.15501
threshold=35.45000000000001 52.250000000000007 0.80000000000000027 66.050000000000011 9.6000000000000032 48.95000000000001 457.00000000000006 56.850000000000001 16.500000000000004 80.850000000000009 38.150000000000013 63.550000000000004 58.250000000000007 5.5000000000000009 64.550000000000011 75.250000000000014 70.450000000000017 73.527000000000015 65.850000000000009 54.850000000000001 9.4000000000000039 13.750000000000004
decision_type=2 2 8 2 8 2 2 2 8 2 2 2 2 2 2 2 2 2 2 2 10 10
left_child=20 2 -2 15 5 13 7 8 -6 12 -11 18 -8 19 -15 16 -4 -9 -7 -3 -1 -22
right_child=1 4 3 -5 6 11 9 17 -10 10 -12 -13 -14 14 -16 -17 -18 -19 -20 -21 21 -23
leaf_value=-0.050682435337118359 0.10031690453233795 -0.023120712255122307 0.0058031048678542328 0.072574859585442589 -0.0080822583398031302 -0.0073752721943614978 0.00035396793520252724 0.013036210715846331 0.0060009144570209597 0.072844241958920627 0.005396494336854415 0.036799093205181474 0.037339349012632271 0.060475526834213179 -0.032397565026697057 -0.019308635516283302 0.042676234498108978 -0.0095670715534882378 -0.00017851194727201301 -0.0072123042632783359 0.043210147364238581 -0.046947542624429073
leaf_weight=11.874479918507857 3.8507014065980902 118.74335713498294 165.98196599329822 6.3515992322936645 728.55407183757052 443.26351930201054 1963.4589220243506 168.36922775628045 194.05385995539837 6.6718128616921595 1134.5038992078044 12.78718497790396 13.934709342196582 7.2445431221276504 5.2113446579314768 23.19576599355787 21.380120798945427 42.260284680873156 1261.8589634643868 59.66831685625948 1.4883774896152311 2.3177263075485826
leaf_count=937 44 3244 5659 65 16750 6152 29814 1643 4150 397 17920 97 245 193 230 151 143 726 14876 742 99 176
internal_value=9.81515e-05 0.000201311 0.0104375 0.00877333 -0.000164846 -0.00311056 0.00115645 -0.00258364 -0.00511437 0.00251718 0.00580155 -0.00175841 0.000619008 -0.0152472 0.0212721 0.00679145 0.0100579 0.00847502 -0.00205264 -0.0178353 -0.0413019 -0.0102077
internal_weight=6397.02 6381.34 220.76 216.909 6160.58 1908.78 4251.81 1133.24 922.608 3118.57 1141.18 1717.91 1977.39 190.868 12.4559 210.558 187.362 210.63 1705.12 178.412 15.6806 3.8061
internal_count=104453 103241 6062 6018 97179 25534 71645 23269 20900 48376 18317 21125 30059 4409 423 5953 5802 2369 21028 3986 1212 275
is_linear=0
shrinkage=0.05


Tree=98
num_leaves=31
num_cat=0
split_feature=18 32 4 29 31 32 31 7 29 37 33 7 15 30 4 12 7 30 30 15 15 30 13 12 2 33 15 7 27 32
split_gain=11.5427 8.90963 8.83385 12.0264 10.8381 9.58162 9.30625 8.79494 8.23304 9.81003 10.7126 13.6447 12.0386 8.37627 12.3257 9.64947 7.71916 9.25494 12.4743 11.2331 7.67049 7.34402 7.08467 7.01912 6.36217 7.04607 5.89754 5.46174 9.72529 7.74192
threshold=9.5000000000000018 61.250000000000007 78.850000000000009 53.500000000000007 4.5000000000000009 52.45000000000001 -7.4999999999999991 35.45000000000001 52.250000000000007 43.487142857142864 69.250000000000014 54.650000000000013 42.550000000000004 477.00000000000006 43.95000000000001 78.850000000000009 63.45000000000001 467.00000000000006 441.00000000000006 39.45000000000001 52.350000000000001 499.00000000000006 48.850000000000001 99.950000000000017 58.150000000000013 57.650000000000013 51.550000000000004 48.250000000000007 4.5000000000000009 74.250000000000014
decision_type=2 2 2 2 8 2 8 2 2 2 2 2 2 2 2 2 2 2 2 2 2 2 2 2 2 2 2 2 2 2
left_child=1 2 3 4 -1 6 -5 -2 16 10 12 -12 -10 14 -11 -15 17 18 -9 -19 26 -7 -22 24 25 -4 27 28 -3 -29
right_child=7 20 23 5 -6 21 -8 8 9 13 11 -13 -14 15 -16 -17 -18 19 -20 -21 22 -23 -24 -25 -26 -27 -28 29 -30 -31
leaf_value=0.027802356790441535 -0.040021673496959578 0.043300874461852712 -0.032957948563411311 0.079247401102824883 0.13548714213387006 0.022931688504756811 -0.0072975136151519964 -0.0021205186572555083 0.038399052188268966 -0.015903602834271013 0.0098085041755258603 0.053217963070343294 -0.0063936850485289132 -0.0020652223601974112 -0.0023226501622282069 0.0039508169821616751 0.05279626455107489 0.071009483729535777 0.028107932752989773 -0.014542876422321112 -0.024421792784637561 0.066643719623890527 0.00030734328006634204 0.032842401855991625 0.040117241032307085 0.012625321914714376 0.03783606319589744 -0.0051617140189237389 -0.0020254606540629203 0.022883753627727859
leaf_weight=5.3583689094521088 14.005165182054041 24.913071313872933 24.373733540996909 3.2938329540193081 4.3578385352157056 52.560475593898445 36.551692318171263 62.11723597953096 17.503404576331377 179.02226654486731 58.127104796469212 26.494362592697144 101.29036268265918 1438.6989983106032 2522.7390896647703 1241.0263706115074 9.6443625311367196 3.9949822332710019 74.840202452614903 58.098774552810937 33.907909817062318 11.974968014750628 192.72798440605402 12.456726616714148 5.4290461787022641 12.710540344938634 17.498961944133043 95.799114407971501 22.062410812359303 32.955512803047895
leaf_count=185 1140 234 656 120 125 862 1124 2363 283 5934 370 135 1649 21556 43343 17729 106 59 1872 1377 246 162 1250 197 64 106 123 692 223 168
internal_value=9.21927e-05 0.00676212 0.0164563 0.0243836 0.0774979 0.0193222 0 -0.000583429 -0.000486541 -0.000851786 0.0099212 0.0235055 0.000190893 -0.0012601 -0.00322495 0.000719085 0.00925955 0.00709956 0.0143698 -0.0088529 0.00284365 0.0312107 -0.00337957 0 -0.00969314 -0.017208 0.0101666 0.00736295 0.0219477 0.00199008
internal_weight=6396.53 588.932 169.067 114.097 9.71621 104.381 39.8455 5807.6 5793.6 5584.9 203.415 84.6215 118.794 5381.49 2701.76 2679.73 208.696 199.051 136.957 62.0938 419.865 64.5354 226.636 54.97 42.5133 37.0843 193.229 175.73 46.9755 128.755
internal_count=104453 6537 3601 2578 310 2268 1244 97916 96776 90999 2437 505 1932 88562 49277 39285 5777 5671 4235 1436 2936 1024 1496 1023 826 762 1440 1317 457 860
is_linear=0
shrinkage=0.05


Tree=99
num_leaves=31
num_cat=0
split_feature=18 7 9 27 8 5 30 29 32 8 32 0 33 5 29 31 0 15 32 18 13 2 32 31 33 12 9 6 15 0
split_gain=10.3637 8.27269 8.21732 8.55436 14.6526 12.8852 7.91552 7.95247 7.87254 11.2236 12.1407 11.7131 11.3422 9.84141 8.28201 9.53549 8.32845 6.88695 6.81703 6.6742 6.49451 6.14504 5.81959 5.91182 5.42854 10.2128 6.76191 5.23719 5.16823 4.86814
threshold=9.5000000000000018 35.45000000000001 43.150000000000013 7.5000000000000009 16.450000000000003 72.65000000000002 405.00000000000006 52.250000000000007 61.250000000000007 34.050000000000004 53.850000000000001 53.050000000000004 47.95000000000001 64.850000000000009 53.500000000000007 4.5000000000000009 43.050000000000004 52.350000000000001 46.45000000000001 14.500000000000002 48.850000000000001 45.050000000000004 51.45000000000001 -2.4999999999999996 54.250000000000007 75.65000000000002 51.250000000000007 52.350000000000001 51.550000000000004 57.45000000000001
decision_type=2 2 2 2 2 2 2 2 2 2 2 2 2 2 2 8 2 2 2 2 2 2 2 10 2 2 2 2 2 2
left_child=8 -2 21 6 19 -6 27 -8 9 10 12 -12 18 14 15 -11 -16 28 -1 -5 -19 -3 23 -23 25 -22 -26 -4 29 -10
right_child=1 2 3 4 5 -7 7 -9 17 13 11 -13 -14 -15 16 -17 -18 20 -20 -21 24 22 -24 -25 26 -27 -28 -29 -30 -31
leaf_value=0.10016160179253371 -0.039534105209186175 0.047879701006263042 0.0033582328819502746 0.019884922462492422 0.0020604159749311223 0.029584780647187926 0.0097496631033051513 -0.0012458523921825631 0.010693859440296662 0.0095732396711267209 0.031074611617213279 0.12943811442785863 -0.044413756922255944 0.059797528161813412 0.048315786483318628 0.10076957165001753 -0.00084345679254993293 -0.023514325795443651 0.0012664848821240873 0.091227276544298422 0.00075709329872321123 -0.037265782933054492 -0.025977991316056895 0.034572718951277996 0.00031594262399586837 0.059568266691828554 -0.030200068661214954 -0.037486403940939342 0.035244095242395607 -0.011519859231992913
leaf_weight=3.5200287168845552 13.483508959878234 3.3968730899505308 11.214715789537875 6.8960463493131083 757.81824489799328 45.002899295650423 170.24032733845524 4690.1747715245001 147.01243945397437 7.4644868685863894 6.281784672290085 6.22582299541682 5.2077079731971025 9.2533215265721065 9.1952562215737981 4.7248633108101785 115.69544187420979 33.4708705348894 3.5662250285968184 6.696878906339407 26.013416009023786 4.1245857165195039 61.907751007936895 8.6111932103522104 135.63091092929244 10.307624913752077 20.804427027702332 24.370395676465705 17.844672987237573 29.342038163915277
leaf_count=199 1140 132 379 152 13055 278 4518 74783 1130 230 115 85 78 77 312 128 2266 246 111 189 239 193 1733 399 777 109 125 965 123 187
internal_value=8.64491e-05 -0.000555382 -0.000463072 -0.000241886 0.00449492 0.00361304 -0.00103285 -0.000859503 0.00639108 0.0154348 0.0465276 0.0810712 0.0106097 0.0101026 0.00667047 0.0458622 0.00277172 0.00269515 0.0517977 0.0558081 -0.003217 -0.0165685 -0.0196285 0.0108086 0.00029194 0.0177023 -0.00372716 -0.0245007 0.00960619 0.00696515
internal_weight=6395.5 5803.94 5790.45 5712.41 816.414 802.821 4896 4860.42 591.561 171.135 24.8016 12.5076 12.294 146.333 137.08 12.1894 124.891 420.426 7.08625 13.5929 226.227 78.0404 74.6435 12.7358 192.756 36.321 156.435 35.5851 194.199 176.354
internal_count=104453 97916 96776 94319 13674 13333 80645 79301 6537 3601 588 200 388 3013 2936 358 2578 2936 310 341 1496 2457 2325 592 1250 348 902 1344 1440 1317
is_linear=0
shrinkage=0.05


Tree=100
num_leaves=31
num_cat=0
split_feature=0 7 36 27 9 3 9 33 35 6 1 7 20 0 16 1 6 5 0 33 6 32 35 37 35 1 4 16 0 37
split_gain=11.9681 13.7703 12.1991 11.5761 15.5489 12.5119 13.0108 11.8967 10.4576 9.39328 11.52 8.57595 8.75354 17.7173 8.46142 8.2359 9.23456 8.73798 7.88945 7.61955 8.08539 12.6159 7.23531 6.99547 7.07881 6.237 6.89929 5.69578 6.15404 5.47913
threshold=45.850000000000001 48.350000000000001 0.90000000000000013 6.5000000000000009 55.050000000000004 43.650000000000013 48.850000000000001 84.350000000000009 5.9000000000000012 58.750000000000007 47.050000000000004 80.550000000000011 1.0000000180025095e-35 51.150000000000013 47.250000000000007 50.95000000000001 72.050000000000011 67.15000000000002 42.250000000000007 43.150000000000013 50.850000000000001 62.750000000000007 48.400000000000013 66.144500000000008 27.250000000000011 50.45000000000001 71.450000000000017 51.45000000000001 64.350000000000009 44.934285714285721
decision_type=2 2 10 2 2 2 2 2 8 2 2 2 2 2 2 2 2 2 2 2 2 2 10 2 10 2 2 2 2 2
left_child=1 23 3 11 5 7 -7 -5 -3 10 18 12 14 -14 -2 17 -17 -11 -10 22 21 -21 -4 24 -1 26 -6 28 -22 -23
right_child=2 8 19 4 25 6 -8 -9 9 15 -12 -13 13 -15 -16 16 -18 -19 -20 20 27 29 -24 -25 -26 -27 -28 -29 -30 -31
leaf_value=-0.010398144110036152 0.041842404680593095 -0.031520791030486633 -0.025040001938274693 -0.00058572230615553549 -0.019886054496259908 -0.011758676624754865 0.011389545532546591 0.064282405221733729 0.056825198521326864 -0.0075502961442121923 -0.020017203941119461 0.041086399292881527 -0.0089150475656202856 0.0013841320397361006 0.0021715426461637716 0.027655379856802765 0.001242486024282163 0.036577901623459433 -0.0046485925648264625 -0.01637782544274775 -0.0094253980210620165 0.013648545373039715 0.048841186555649133 -0.026407224803731724 0.061963588474279498 -0.03474003031405961 0.041620440101637353 0.026237465043899323 0.034758243778712783 0.063940749459613686
leaf_weight=123.39911554567516 13.449505754280834 25.14094848651439 71.309663982596248 531.09639794798568 13.627877857536079 64.855467185843736 889.97415112378076 7.062763422727584 8.9620172758586722 103.44345587817952 78.3283077981323 12.742551077157257 656.6303339083679 1144.9279158969875 1974.3929316285066 71.689794776961207 62.173755256924778 12.46385144907981 11.961158236255867 15.801562650129197 278.50635259784758 10.219819025136532 3.3409600337035945 95.370092938886955 3.3592768874950698 32.496443031355739 6.7241640491411081 12.399289072491227 7.969621865078806 12.370624896138905
leaf_count=4326 193 486 3330 8150 323 1094 11939 32 363 3342 1618 63 10997 15133 28527 1161 931 110 308 281 4340 103 115 5414 117 691 152 178 100 123
internal_value=0.00044165 -0.00629961 0.0011405 0.0017799 0.00542822 0.00637474 0.00981093 0.000268098 -0.000430506 0.00180307 -0.0111828 0.000295189 0.000155621 -0.00236721 0.00244456 0.0069857 0.0154352 -0.00273452 0.0215897 -0.00714721 -0.0039267 0.0176088 -0.0216057 -0.0161587 -0.00839371 -0.0211785 0.000294904 -0.00671474 -0.00816708 0.0415696
internal_weight=6356.19 596.292 5759.9 5347.98 1545.84 1492.99 954.83 538.159 374.163 349.022 99.2515 3802.14 3789.4 1801.56 1987.84 249.771 133.864 115.907 20.9232 411.918 337.267 38.392 74.6506 222.128 126.758 52.8485 20.352 298.875 286.476 22.5904
internal_count=104040 18176 85864 77294 22381 21215 13033 8182 8319 7833 2289 54913 54850 26130 28720 5544 2092 3452 671 8570 5125 507 3445 9857 4443 1166 475 4618 4440 226
is_linear=0
shrinkage=0.05


Tree=101
num_leaves=31
num_cat=0
split_feature=5 4 16 18 29 5 0 16 8 4 0 36 2 2 33 33 5 4 5 6 2 33 8 6 15 15 4 37 0 5
split_gain=11.4834 9.59216 10.3942 8.68018 15.1947 10.7827 10.7016 10.1116 9.67757 9.25324 10.6041 9.19519 8.16668 7.67512 7.5815 7.43437 7.31254 7.69373 7.01935 7.99512 6.9882 6.6635 12.1697 6.78357 5.9358 5.57594 4.31778 3.45533 4.70861 3.61148
threshold=38.850000000000001 90.950000000000017 53.45000000000001 12.500000000000002 52.250000000000007 39.250000000000007 46.750000000000007 46.850000000000001 70.550000000000011 63.45000000000001 56.650000000000013 1.0000000180025095e-35 66.450000000000017 46.850000000000001 57.250000000000007 34.750000000000007 52.95000000000001 99.550000000000011 61.45000000000001 70.65000000000002 44.250000000000007 36.550000000000004 20.250000000000004 85.850000000000009 55.550000000000004 41.650000000000013 95.950000000000017 54.33428571428572 46.650000000000013 32.550000000000004
decision_type=2 2 2 2 2 2 2 2 2 2 2 10 2 2 2 2 2 2 2 2 2 2 2 2 2 2 2 2 2 2
left_child=20 3 13 4 9 6 -5 -6 -8 14 -11 -9 15 18 -2 -7 17 -15 19 -3 -1 27 -23 25 -18 -24 -4 28 -22 -29
right_child=1 2 26 5 7 12 8 11 -10 10 -12 -13 -14 16 -16 -17 24 -19 -20 -21 21 22 23 -25 -26 -27 -28 29 -30 -31
leaf_value=-0.0395147331908106 0.037758059932153698 -0.0093968147266115035 0.014559441661614972 -0.049198421136183404 0.051046518438342792 -0.013195075130844279 0.027599696236454082 0.0044122993955218242 0.11363605616509978 -0.020001597523329289 0.047075965956911915 -0.0046764342894786079 0.03270235037525681 0.014557885573670784 0.11081479782870707 -0.0012854265171456933 0.0037115543955992987 0.0001817169547383102 0.044854495263460636 0.037180410830435287 0.078847251752069913 0.061452725020633141 -0.039126155681356356 0.043729653894112486 -0.00683087076516058 -0.0054791576089416177 0.05417116343208165 0.0061560514680908595 -0.014972143066750043 -0.042280145706535766
leaf_weight=18.263836465775967 11.901541519444438 23.235555646941066 14.02807612437755 3.1658474805299219 10.485847992124034 136.31533096265048 14.062949826940896 1037.8360446193255 4.3140610014088443 11.966870979871603 11.32111724372953 379.69715556316078 17.175849547609687 225.32624344620854 5.3213042542338362 3404.412998589687 348.3639357984066 159.7183084404096 21.240554329007864 15.022755734156815 1.4402799382805813 6.7864114083349696 13.177679995074866 6.4859133735299102 216.27821278013289 184.51778722298332 14.494609712623058 4.3081620477605638 9.9088358446024341 25.080291940830648
leaf_count=1109 371 217 113 214 136 11140 496 13924 100 257 129 4371 131 2545 37 53117 2511 1740 115 134 110 187 318 174 1461 4829 113 507 678 2756
internal_value=0.000417868 0.000866325 0.0052443 -3.27467e-05 0.00320311 -0.00136176 0.0338132 0.00234151 0.0485733 0.0333709 0.0124553 0.00197413 -0.00157709 0.00439546 0.0611283 -0.00174571 0.0032966 0.00860916 0.021816 0.0088114 -0.00966939 -0.00746911 -0.00386068 -0.00608501 -0.000318214 -0.00776587 0.0349829 -0.0259784 -0.00204443 -0.0350133
internal_weight=6355.65 6085.69 1037.71 5047.98 1468.53 3579.45 21.5429 1428.02 18.377 40.5108 23.288 1417.53 3557.9 1009.19 17.2228 3540.73 949.687 385.045 59.4989 38.2583 269.969 251.705 210.968 204.181 564.642 197.695 28.5227 40.7376 11.3491 29.3885
internal_count=104040 93372 8949 84423 19225 65198 810 18431 596 794 386 18295 64388 8723 408 64257 8257 4285 466 351 10668 9559 5508 5321 3972 5147 226 4051 788 3263
is_linear=0
shrinkage=0.05


Tree=102
num_leaves=31
num_cat=0
split_feature=32 8 5 8 1 1 37 31 7 0 7 13 33 2 5 14 21 17 7 0 36 1 5 2 1 37 33 2 0 33
split_gain=10.6802 12.1548 11.9414 10.864 8.49427 14.3801 8.45445 8.9092 8.45103 7.97009 9.63241 10.1511 7.64957 7.21068 7.10625 18.0431 7.07667 9.32003 9.07785 6.62454 7.71467 6.66224 6.62256 6.57027 6.25959 5.47492 5.43949 7.5468 5.80707 5.38406
threshold=54.45000000000001 57.45000000000001 63.050000000000004 33.150000000000013 48.650000000000013 53.550000000000004 43.402857142857151 -1.0000000180025095e-35 80.550000000000011 45.850000000000001 48.350000000000001 64.15000000000002 72.050000000000011 48.850000000000001 43.250000000000007 34.95000000000001 1.0000000180025095e-35 3105.0000000000005 45.150000000000013 58.750000000000007 0.77500000000000013 39.150000000000013 63.250000000000007 55.350000000000001 59.750000000000007 66.144500000000008 20.650000000000002 59.050000000000004 58.750000000000007 66.050000000000011
decision_type=2 2 2 2 2 2 2 10 2 2 2 2 2 2 2 2 2 2 2 2 10 2 2 2 2 2 2 2 2 2
left_child=1 2 6 -4 -5 -6 7 -1 9 10 14 24 13 22 15 -2 19 18 -18 21 -21 -11 -3 -19 -12 -16 27 -8 -28 -13
right_child=8 12 3 4 5 -7 26 -9 -10 16 11 29 -14 -15 25 -17 17 23 -20 20 -22 -23 -24 -25 -26 -27 28 -29 -30 -31
leaf_value=0.084792156604640678 0.12155771555177136 -0.038507923916002149 -0.015224245488378372 0.08995770752978044 -0.004284469614996996 0.071304191222865229 -0.04059972172783885 0.002832725665998315 0.036570740768953329 0.041289178667496124 -0.0043462729722510062 0.0059244277922190667 0.046083082837851411 -0.011566853188469601 -0.011189306980726163 -0.0066772357602226939 -0.0034491833483175239 -0.024288905157905629 0.029134392154270296 0.0069234412097895484 -0.0081504029817202894 0.00035265237361662067 0.043322440861845689 0.013976205151237143 0.042910854687282327 -0.031704355487996355 -0.0015276384949791315 0.10257831030183769 -0.019798753629542032 0.047394749997591329
leaf_weight=5.366498122457414 3.0504696506541249 43.576297967229038 12.758972623851148 6.4902292778715482 15.67223232984543 10.275923408567904 15.885945474728942 8.7858484424650651 16.709556102752686 9.8660070141777378 266.28789701033384 16.116524321492765 4.8974751159548751 174.54555663350038 82.575735044665635 20.789119227556512 29.021988903172314 24.464199705049396 78.153798793442547 772.81723656365648 94.975032619200647 4063.5107429411728 2.483291578013449 20.400501973927021 7.0824432997032991 55.023992366855964 429.07990431087092 0.86454615043476302 48.421095963101834 15.77540250122547
leaf_count=179 121 3078 248 137 275 125 1933 274 84 299 4110 275 34 6510 1673 892 365 247 753 7885 1240 49279 56 161 53 1547 20471 34 1608 94
internal_value=0.000395926 -0.0050861 -0.00108965 0.0234968 0.0388806 0.0256168 -0.00328942 0.034639 0.00116279 0.00105482 -0.00519574 1.27541e-05 -0.0148703 -0.0162664 -0.0150692 0.00996184 0.00162864 0.0122539 0.0202695 0.00130045 0.00526718 0.000454042 -0.0339034 -0.00678573 -0.00308841 -0.0194463 -0.00439237 -0.0323482 -0.00339465 0.0266781
internal_weight=6355.72 779.104 553.601 45.1974 32.4384 25.9482 508.404 14.1523 5576.62 5559.91 466.702 305.262 225.503 220.605 161.439 23.8396 5093.21 152.04 107.176 4941.17 867.792 4073.38 46.0596 44.8647 273.37 137.6 494.251 16.7505 477.501 31.8919
internal_count=104040 34962 25284 785 537 400 24499 453 69078 68994 8765 4532 9678 9644 4233 1013 60229 1526 1118 58703 9125 49578 3134 408 4163 3220 24046 1967 22079 369
is_linear=0
shrinkage=0.05


Tree=103
num_leaves=31
num_cat=0
split_feature=5 35 12 32 8 27 32 35 30 18 31 15 27 5 6 9 37 35 32 14 19 17 12 9 1 12 27 8 32 7
split_gain=10.3141 9.65872 11.9662 9.32878 9.29346 11.5694 12.8758 8.44838 10.3413 8.40606 10.7476 13.9807 13.9781 9.04675 17.6395 9.60917 8.33202 13.431 9.3681 9.37445 9.22262 8.31956 9.58319 8.28516 8.14747 8.13677 8.12861 7.82432 7.37268 7.23271
threshold=38.850000000000001 29.250000000000011 97.850000000000009 63.650000000000013 40.95000000000001 4.5000000000000009 70.850000000000009 21.250000000000011 479.00000000000006 15.500000000000002 2.5000000000000004 40.050000000000004 7.5000000000000009 39.45000000000001 69.65000000000002 59.750000000000007 54.33428571428572 7.2500000000000027 63.850000000000001 74.100000000000009 1.0000000180025095e-35 1650.0000000000002 64.15000000000002 49.050000000000004 57.650000000000013 99.950000000000017 3.5000000000000004 35.550000000000004 69.050000000000011 48.95000000000001
decision_type=2 10 2 2 2 2 2 10 2 2 10 2 2 2 2 2 2 10 2 2 2 2 2 2 2 2 2 2 2 2
left_child=3 9 21 -1 28 26 -7 8 -5 10 13 12 -12 14 -2 -15 17 -11 20 -20 -18 22 27 -19 -13 -10 -6 -3 -4 -23
right_child=1 2 4 7 5 6 -8 -9 25 16 11 24 -14 15 -16 -17 18 23 19 -21 -22 29 -24 -25 -26 -27 -28 -29 -30 -31
leaf_value=-0.017266820295114185 -0.002585552521909759 -0.033518636977477111 -0.0093537646373771134 -0.0071936435738668069 0.024630580199067435 0.06303178537915248 -0.0012558817114749644 -0.037816156149271786 0.01128107720326276 -0.00071295722333952782 0.022081252666275229 -0.0073204870194939478 -0.026702982403060762 0.0039522895720964174 0.091455706647053867 -0.015402152723159354 -0.01633279223848794 -0.010371317490976747 -0.00042862125762291748 -0.023011967158124667 -0.0028637219151375136 -0.0092111535552995942 -0.022631208618986681 0.022308395320117934 0.0044060159191115006 0.060259792855968976 -0.029617936533582963 0.022802793952698332 0.059007098324092046 0.024391800809136655
leaf_weight=153.65337686939165 11.656630123499783 7.7041698694229117 28.318378683179617 58.89654915779829 25.575341511052102 34.571749252732843 9.8447729935869557 12.021395566873251 30.938377399928868 576.35018291510642 91.937384575139731 660.94126206659712 17.297884156461805 2374.2347053631674 8.4798513096757215 65.717314992565662 250.47047387901694 23.110793580301106 1121.7408224791288 47.84450073633343 260.16981045273133 23.153173683211207 52.651953844819218 113.19908356200904 190.2603295664303 11.8145454544574 9.2882564566098136 28.613720444496721 4.4795653820037833 50.265598348341882
leaf_count=8919 385 216 763 960 441 625 75 207 418 8290 1222 10073 230 32075 257 1430 9855 352 11492 552 8873 505 959 1631 1567 164 166 547 40 751
internal_value=0.000374735 0.000797647 0.00996233 -0.0092344 0.0225238 0.0317746 0.0486995 0.00158502 0.00632646 0.000363934 0.00195488 -0.00252743 0.014293 0.00370687 0.0370261 0.00342834 -0.00190816 0.00261773 -0.0038308 -0.00135861 -0.00948203 0.0012533 -0.00898927 0.0167275 -0.0046933 0.0250418 0.00999147 0.0106587 0 0.0137287
internal_weight=6355.2 6087.88 274.467 267.324 112.078 79.2801 44.4165 113.671 101.649 5813.41 3420.53 960.437 109.235 2460.09 20.1365 2439.95 2392.89 712.66 1680.23 1169.59 510.64 162.389 88.9698 136.31 851.202 42.7529 34.8636 36.3179 32.7979 73.4188
internal_count=104040 93372 5088 10668 2110 1307 700 1749 1542 88284 47239 13092 1452 34147 642 33505 41045 10273 30772 12044 18728 2978 1722 1983 11640 582 607 763 803 1256
is_linear=0
shrinkage=0.05


Tree=104
num_leaves=31
num_cat=0
split_feature=0 36 18 35 13 37 12 35 16 30 9 9 32 14 9 35 32 32 35 28 13 9 9 3 8 30 35 15 28 32
split_gain=9.41148 10.3395 10.0662 8.20852 7.95987 7.89265 12.6021 12.0205 8.70281 7.58438 8.33413 7.40777 9.79246 9.66027 7.27497 7.87713 7.25039 8.08521 6.99875 6.90955 6.90163 6.72597 6.54458 5.96319 5.81002 9.87618 6.15404 5.78639 5.50701 5.39688
threshold=45.850000000000001 0.90000000000000013 7.5000000000000009 6.7500000000000027 47.150000000000013 66.394500000000008 69.250000000000014 20.750000000000007 52.750000000000007 503.00000000000006 59.050000000000004 55.050000000000004 45.850000000000001 49.550000000000004 46.050000000000004 29.250000000000011 46.150000000000013 48.150000000000013 7.2500000000000027 6.5000000000000009 56.650000000000013 50.150000000000013 75.250000000000014 60.95000000000001 20.850000000000005 479.00000000000006 4.1000000000000014 52.750000000000007 4.5000000000000009 47.850000000000001
decision_type=2 10 2 8 2 2 2 10 2 2 2 2 2 2 2 10 2 2 10 2 2 2 2 2 2 2 10 2 2 2
left_child=3 2 4 -1 -2 6 16 8 -8 10 19 14 18 -14 23 -16 -5 -18 -13 -7 -11 -22 24 -4 25 -3 -26 -27 -9 -28
right_child=1 22 11 5 -6 9 7 28 -10 20 -12 12 13 -15 15 -17 17 -19 -20 -21 21 -23 -24 -25 26 27 29 -29 -30 -31
leaf_value=-0.024916065202652493 0.055628780406977676 -0.02325522764832344 -0.019790810311094385 -0.042576012398116758 0.011595891868339727 -0.019238157755594409 0.012208580653266618 0.036668935216606864 -0.054825219542649399 -0.01073096906663688 0.047126466262057298 -0.011008523503878168 0.0033091356389182351 -0.019873974298367261 0.0014230815524377393 0.012044931316247676 0.055669566180998775 -0.0054819517485226663 0.074689474600147021 0.063853467460625313 0.064571946226597926 0.0032395667729697105 0.041667709441010725 0.036614764926801581 0.019003085326859435 0.091094784216774055 -0.028929338798185256 0.011143452430899209 0.11114285580507355 -0.008227140983290842
leaf_weight=50.623211602913216 11.334943614434449 6.8947130665183094 58.22264067362994 12.752840934554113 109.83424629131332 162.99876929237507 96.453006597934291 8.0683239628560823 4.9776079619768998 21.954712477978319 4.9360249652527264 3.7956328280270082 73.25595515454188 114.6912636924535 4795.8690908816643 181.21341503504664 5.4487927611917248 195.24198659323156 5.8202945897355676 2.4188959891907862 8.057713324204089 10.319292343454434 6.7466694787144652 4.9469938860274842 18.733424144797027 5.0111084487289173 35.008691724389791 4.4025562112219632 3.8464987371116868 331.12333400314674
leaf_count=1460 129 246 1853 1070 960 7289 2556 229 126 719 181 132 1650 2481 66845 2885 278 3679 208 89 182 214 140 151 214 126 1678 104 104 6062
internal_value=0.000353498 0.000968731 0.00155364 -0.00567014 0.0157987 -0.00384382 0.00100757 0.0144875 0.00881896 -0.0113893 -0.0160134 0.00122285 -0.00826818 -0.0108144 0.00159602 0.00181106 -0.00613073 -0.00376988 0.0405827 -0.0179551 0.00800968 0.0306063 -0.00670164 -0.0152436 -0.00753773 0.0215198 -0.00878728 0.0547391 0.0618527 -0.0102276
internal_weight=6355 5766.9 5358.98 588.098 121.169 537.474 326.789 113.345 101.431 210.685 170.354 5237.82 197.563 187.947 5040.25 4977.08 213.444 200.691 9.61593 165.418 40.3317 18.377 407.92 63.1696 401.174 16.3084 384.865 9.41366 11.9148 366.132
internal_count=104040 85864 77294 18176 1089 16716 8042 3015 2682 8674 7559 76205 4471 4131 71734 69730 5027 3957 340 7378 1115 396 8570 2004 8430 476 7954 230 333 7740
is_linear=0
shrinkage=0.05


Tree=105
num_leaves=31
num_cat=0
split_feature=18 7 9 37 13 31 3 9 14 12 35 12 6 3 7 29 31 7 6 9 9 0 31 3 10 9 35 6 28 14
split_gain=12.3489 11.3946 11.2176 10.1503 10.5747 8.37002 8.57281 12.5286 10.8849 10.424 8.02133 8.21164 7.96524 9.92499 9.83443 6.83897 11.1289 9.05795 7.55533 10.5156 6.6876 6.6299 6.60599 7.98644 6.60686 7.29539 6.55929 6.34077 5.97488 5.41433
threshold=15.500000000000002 46.650000000000013 46.050000000000004 62.283000000000008 71.050000000000011 6.5000000000000009 39.750000000000007 59.750000000000007 58.250000000000007 69.550000000000011 36.900000000000013 99.950000000000017 60.95000000000001 49.350000000000001 64.450000000000017 57.250000000000007 4.5000000000000009 49.350000000000001 54.350000000000001 60.550000000000004 49.350000000000001 50.750000000000007 -7.4999999999999991 65.750000000000014 65.000000000000014 50.250000000000007 32.900000000000013 87.350000000000009 4.5000000000000009 44.850000000000001
decision_type=2 2 2 2 2 8 2 2 2 2 10 2 2 2 2 2 8 2 2 2 2 2 10 2 2 2 10 2 2 2
left_child=1 5 -3 12 22 6 8 9 -1 -8 26 -12 15 -14 20 18 17 -17 21 -20 -15 -2 24 28 25 -5 27 -4 -24 -13
right_child=3 2 10 4 -6 -7 7 -9 -10 -11 11 29 13 14 -16 16 -18 -19 19 -21 -22 -23 23 -25 -26 -27 -28 -29 -30 -31
leaf_value=-0.026049437095329371 -0.0048967676559112184 -0.026597010504586866 0.0032781897459335748 -0.0093907750447915495 0.035547151981863222 -0.013714633425252656 -0.0050567053558026147 -0.040649843914143557 0.041184592980345915 0.0081052106769831551 0.0063128335389616014 0.021865026237352831 -0.0035274556898225555 0.019721799718757642 0.048898103426614527 0.03412071712042733 -0.018241309981808826 0.0043613424919290737 -0.010327010418708737 0.03302216983739685 0.0035122557158408698 0.0056770735835641392 -0.0072173861222944551 0.054662088700257509 0.056432598872772903 0.024333553814267855 -0.018460985641808619 0.019960553808533892 -0.01821682654757369 0.076003535926159119
leaf_weight=54.757258035708219 346.71342165861279 30.742672023363411 2751.4970725504681 47.199346964946017 14.289662401191888 155.07167265098542 275.26922668074258 17.515096610877663 6.6194971860386422 330.87073394423351 27.087897500954568 9.71305426862091 220.52581976959482 89.880195205565542 15.57543831784278 39.942906923126429 32.181522707920521 72.153484363108873 435.9106307902839 14.307356058154253 221.18766874074936 258.72024303907529 638.5098465976771 4.7802035040222099 5.9642178025096646 24.122514234157279 33.852310304064304 58.20439078938216 154.2515032000374 9.5565949063748103
leaf_count=1413 6938 860 33477 1614 243 4026 6395 524 178 6803 422 141 3407 1252 115 805 535 889 6542 283 3053 3172 14452 100 61 695 498 658 4740 138
internal_value=6.13329e-05 0.00190136 0.00337826 -0.00256168 -0.00691074 -0.00322697 -0.000843904 0.000904322 -0.0186617 0.00211983 0.00369977 0.0243261 -0.000345266 0.00465044 0.0101863 -0.00262768 0.00756735 0.0150309 -0.00402637 -0.0089313 0.00821676 -0.000369795 -0.00761396 -0.0089691 0.00629909 0.00196358 0.00336091 0.00362625 -0.00936594 0.0492264
internal_weight=6396.97 3760.76 2920.65 2636.22 889.117 840.103 685.032 623.655 61.3768 606.14 2889.91 46.3575 1747.1 547.169 326.643 1199.93 144.278 112.096 1055.65 450.218 311.068 605.434 874.828 797.542 77.2861 71.3219 2843.55 2809.7 792.761 19.2696
internal_count=104429 55533 36194 48896 21905 19339 15313 13722 1591 13198 35334 701 26991 7827 4420 19164 2229 1694 16935 6825 4305 10110 21662 19292 2370 2309 34633 34135 19192 279
is_linear=0
shrinkage=0.05


Tree=106
num_leaves=31
num_cat=0
split_feature=27 37 30 33 26 8 35 35 5 5 20 0 5 3 5 37 35 14 12 32 0 5 3 5 12 35 9 35 1 0
split_gain=10.2414 11.4582 10.4212 9.76096 9.23332 9.01165 10.1402 9.00639 9.03448 10.0089 8.72887 9.4481 10.3892 9.06862 9.44716 8.59713 8.06139 8.03103 7.52938 8.42881 8.95554 6.54222 6.05671 6.04133 5.71085 5.29762 5.03962 6.32671 4.90517 4.57412
threshold=7.5000000000000009 65.894500000000008 415.00000000000006 78.65000000000002 1.0000000180025095e-35 23.450000000000003 7.1000000000000014 37.250000000000014 39.050000000000004 66.65000000000002 1.0000000180025095e-35 52.350000000000001 37.150000000000013 45.750000000000007 72.250000000000014 55.983000000000011 4.6000000000000014 46.050000000000004 66.65000000000002 80.050000000000011 54.550000000000004 70.350000000000009 49.050000000000004 58.850000000000001 95.750000000000014 11.400000000000004 60.550000000000004 7.4000000000000012 54.95000000000001 61.350000000000001
decision_type=2 2 2 2 2 2 8 10 2 2 2 2 2 2 2 2 8 2 2 2 2 2 2 2 2 10 2 10 2 2
left_child=2 3 -1 7 10 6 -3 8 17 -10 13 16 -13 14 -4 -15 -12 -2 23 20 -20 26 -8 25 -9 -7 29 -28 -5 -6
right_child=1 5 4 28 21 18 22 24 9 -11 11 12 -14 15 -16 -17 -18 -19 19 -21 -22 -23 -24 -25 -26 -27 27 -29 -30 -31
leaf_value=-0.017086401483932125 0.074834468634286916 0.10667485535398871 -0.0049064651783935383 0.013191766670279371 -0.019927316000828737 -0.030565556046726956 -0.011765575243388464 0.015669301654590347 0.0018397317676058828 0.020378861506961891 -0.01590230004660026 -0.02637650302460913 0.0017420803785457098 0.00040886305125022816 0.022912583792436974 0.0070688809354837239 -0.0036183013184817531 0.01491650582544141 -0.0064344933454974947 -0.044890712606894589 0.017490900842845963 0.012673207735459758 0.056728457773407216 0.0019152443626590321 0.080318003466564494 0.0010060903980662866 0.054830544545983767 -0.017796985181990164 0.048656183022759494 -0.0029645420849585763
leaf_weight=96.034756331471726 8.4517472931183892 3.4857180013787028 555.90987928095274 18.658637270331383 140.31046866159886 58.813626580871642 9.1440312443301064 7.6076885443180782 469.66831611399539 86.256044626235962 151.07314683333971 33.626190518029034 1245.9890331381466 980.08032562374137 32.1431874204427 961.58343189861625 1172.3757700882852 17.206165322568268 90.032290010713041 9.2679227329790574 68.791263584513217 27.454289892688394 4.8065782657358787 33.28451170027256 6.5736049339175224 16.756587557727471 5.8689420502632839 5.8110304921865463 21.738014161586761 56.511574938893318
leaf_count=3219 249 74 9746 99 2478 1604 290 150 7165 573 2144 942 16152 12693 207 16393 24101 591 2152 50 1102 177 153 306 93 438 105 124 105 754
internal_value=5.6751e-05 0.004906 -0.000768141 0.00868198 -0.000474999 -0.00323707 0.0314825 0.00705528 0.00608098 0.00472836 -2.93493e-05 -0.00206294 0.00099726 0.00206122 -0.00337373 0.00370992 -0.00502541 0.0350616 -0.00545161 0.00115631 0.00390134 -0.010144 0.0117135 -0.015693 0.0463393 -0.0235069 -0.013177 0.018428 0.0324722 -0.0150863
internal_weight=6395.31 930.543 5464.77 636.16 5368.74 294.383 17.4363 595.764 581.582 555.924 5132.78 2603.06 1279.62 2529.72 588.053 1941.66 1323.45 25.6579 276.946 168.091 158.824 235.956 13.9506 108.855 14.1813 75.5702 208.502 11.68 40.3967 196.822
internal_count=104429 15194 89235 9025 86016 6169 517 8821 8578 7738 82378 43339 17094 39039 9953 29086 26245 840 5652 3304 3254 3638 443 2348 243 2042 3461 229 204 3232
is_linear=0
shrinkage=0.05


Tree=107
num_leaves=31
num_cat=0
split_feature=18 6 28 30 27 9 13 7 9 10 5 36 0 5 7 12 31 36 3 18 27 9 27 6 13 17 30 5 7 31
split_gain=10.9689 10.7789 9.62831 10.4841 10.6762 11.3924 10.4911 9.26487 9.14443 8.88849 9.40727 7.98042 7.9555 12.2577 11.7614 7.64021 9.56874 9.69083 7.6122 7.3588 8.95112 7.04508 6.39879 14.489 9.36192 6.30236 6.08448 7.13844 5.7289 5.36791
threshold=15.500000000000002 46.900000000000006 5.5000000000000009 493.00000000000006 7.5000000000000009 49.550000000000004 81.500000000000014 46.650000000000013 46.050000000000004 55.000000000000007 63.050000000000004 0.45000000000000007 55.45000000000001 64.450000000000017 54.650000000000013 69.950000000000017 9.5000000000000018 inf 39.150000000000013 7.5000000000000009 4.5000000000000009 49.750000000000007 4.5000000000000009 87.350000000000009 59.45000000000001 1250.0000000000002 461.00000000000006 66.850000000000009 38.350000000000001 3.5000000000000004
decision_type=2 2 2 2 2 2 2 2 2 2 2 10 2 2 2 2 10 8 2 2 2 2 2 2 2 2 2 2 2 10
left_child=1 18 3 6 5 11 12 15 -9 10 -6 -5 13 -2 -14 19 17 -17 -1 20 -3 -7 24 -24 -10 29 -27 -28 -21 -20
right_child=2 7 -4 4 9 21 -8 8 22 -11 -12 -13 14 -15 -16 16 -18 -19 25 28 -22 -23 23 -25 -26 26 27 -29 -30 -31
leaf_value=-0.054180005318214146 -0.0087153327303136057 0.053148561729471779 -0.015737008863302395 0.015104254563000914 0.0032992412934077335 -0.024722878752482049 0.061241502969621414 -0.024444063100254626 0.002598874850727061 0.061461181003560121 0.041772879315012008 -0.0057260412744045098 0.0056205568257734484 0.0039871802629134643 -0.0090158060794686048 0.0013259934132952012 -0.021711789475683457 0.024050229884120939 0.019946552662073975 -0.033284374211406002 -0.022960251590600431 -0.0021582629948362899 0.0052374311784456245 0.036673352089680332 -0.012359347997792706 -0.03663492996395145 -0.0145356778900603 0.037505648301920769 -0.0073764698441642325 -0.01762287145892226
leaf_weight=9.933936140034346 979.16489978181198 10.369135650340469 129.13892959128134 172.05223915213719 60.28154424787499 39.170308304950595 6.0925051365047684 28.534452524036169 1059.3914940988179 11.013461836613713 21.653433790430427 62.267058236990124 410.0483218813315 234.95670041628182 206.11721643619239 328.24719946016558 37.861416229745373 54.763823149958625 27.474146638531238 22.811178147094324 5.9410457438789299 297.3451979374513 1585.9688074663281 37.488599468953907 115.90094843693078 26.301154166227207 47.123216993641108 7.5244274679571381 344.73233920405619 14.304054772015659
leaf_count=186 24466 172 4079 2514 1081 528 77 824 13009 90 155 928 6498 1936 2183 6703 912 1370 354 1131 113 4361 19214 403 1286 594 926 53 8087 196
internal_value=5.27942e-05 0.00178425 -0.0024244 -0.00173417 0.00364708 0.00107766 -0.00368211 0.00229685 0.00364481 0.0193551 0.0135664 0.00954749 -0.00390429 -0.0062529 0.000715678 -0.00243264 0.00221075 0.00459364 -0.0122034 -0.0075361 0.02515 -0.0048062 0.00393384 0.00596864 0.0011186 -0.00872364 -0.0168746 -0.00722337 -0.00900663 0.00695274
internal_weight=6393.97 3764.67 2629.3 2500.16 663.783 570.835 1836.38 3632.01 2827.28 92.9484 81.935 234.319 1830.29 1214.12 616.166 804.726 420.872 383.011 132.661 383.854 16.3102 336.516 2798.75 1623.46 1175.29 122.727 80.9488 54.6476 367.544 41.7782
internal_count=104429 55533 48896 44817 9657 8331 35160 53224 34736 1326 1236 3442 35083 26402 8681 18488 8985 8073 2309 9503 285 4889 33912 19617 14295 2123 1573 979 9218 550
is_linear=0
shrinkage=0.05


Tree=108
num_leaves=31
num_cat=0
split_feature=18 6 28 30 34 27 12 13 9 4 4 30 5 9 32 5 2 17 2 12 9 14 13 15 5 4 29 27 30 15
split_gain=9.90588 9.81485 9.03522 8.9884 11.7162 13.837 9.57684 9.21041 8.34931 8.21016 8.0584 7.64442 10.7288 6.77804 7.30263 7.10194 6.7695 6.46166 6.30962 5.84655 5.8327 5.76219 8.00305 6.31236 6.10781 4.20774 3.9071 4.53141 2.14208 1.72817
threshold=15.500000000000002 46.900000000000006 6.5000000000000009 493.00000000000006 1.5000000000000002 7.5000000000000009 64.850000000000009 81.500000000000014 49.45000000000001 43.050000000000004 37.750000000000007 539.00000000000011 52.95000000000001 41.850000000000001 35.150000000000013 56.850000000000001 66.250000000000014 1750.0000000000002 60.050000000000004 69.550000000000011 73.850000000000009 50.350000000000001 54.350000000000001 40.650000000000013 66.850000000000009 77.350000000000009 55.250000000000007 5.5000000000000009 513.00000000000011 56.850000000000001
decision_type=2 2 2 2 10 2 2 2 2 2 2 2 2 2 2 2 2 2 2 2 2 2 2 2 2 2 2 2 2 2
left_child=1 18 3 7 5 8 -7 9 -5 10 -2 17 -13 29 15 -15 19 -6 21 -16 -11 22 23 -1 -24 -23 27 -4 -28 -3
right_child=2 13 26 4 11 6 -8 -9 -10 20 -12 12 -14 14 16 -17 -18 -19 -20 -21 -22 25 24 -25 -26 -27 28 -29 -30 -31
leaf_value=0.0095119984718183264 0.0027579471822294843 -0.045763511909805529 -0.02156337997492893 0.012094650474152936 -0.018401892159578308 0.003839842158954599 0.041192028627324781 0.055820161850679888 -0.0020443605795642207 -0.0035575481603081771 -0.025218378873427028 0.069731205604897789 -0.025540334679897178 -0.037690808831611765 0.00022914413595160482 0.043205176659857777 0.038599928527443705 0.00055484840068111072 0.036909790910801897 0.0042726860794550566 0.015223568799532997 0.046367790551459225 -0.010501678303346813 -0.037811715996052431 0.039656053234692609 -0.011039809188806066 -0.040731944060783544 0.07132772615316256 -0.0076540823644749099 -0.00011101002566763761
leaf_weight=8.0066908991429937 36.747306292643771 9.1017935965210182 3.5070457756519309 170.44817047519609 103.1822898525279 28.196004972793162 45.118892592843622 6.3526130248792461 268.05042969062924 1712.6623120808508 83.369612716138363 7.1152061074972135 4.837640848942101 19.079794648569081 1708.4991771699861 3.019966641906648 12.844650266692041 78.701765942387283 6.2009506002068511 1881.3254474643618 42.17260958859697 6.2946533244103176 49.345510250423104 48.654420725535601 6.7973870970308772 6.0970319868065417 24.423764148494232 1.9349806616082785 6.6715405732393256 2.9617734742350867
leaf_count=161 1094 310 184 2265 2213 352 568 77 3473 31393 3280 197 62 1470 25145 86 89 1600 52 26032 922 132 819 1010 45 90 907 111 198 92
internal_value=4.82933e-05 0.00169144 -0.0023099 -0.00195855 0.00284943 0.00681919 0.0269197 -0.00376466 0.0034417 -0.00397218 -0.0166228 -0.0076048 0.0308654 0.00217776 0.00230403 -0.0262662 0.0024814 -0.010176 -0.0117224 0.0023497 -0.00310251 -0.0141986 -0.0177772 -0.0310314 -0.00428032 0.0178592 -0.0269769 0.0112541 -0.0338426 -0.0350593
internal_weight=6391.72 3768.23 2623.49 2586.95 705.65 511.813 73.3149 1881.3 438.499 1874.95 120.117 193.837 11.9528 3636.83 3624.77 22.0998 3602.67 181.884 131.397 3589.82 1754.83 125.196 112.804 56.6611 56.1429 12.3917 36.5373 5.44203 31.0953 12.0636
internal_count=104429 55533 48896 47496 10730 6658 920 36766 5738 36689 4374 4072 259 53224 52822 1556 51266 3813 2309 51177 32315 2257 2035 1171 864 222 1400 295 1105 402
is_linear=0
shrinkage=0.05


Tree=109
num_leaves=31
num_cat=0
split_feature=18 3 7 32 37 8 33 5 32 36 32 4 27 23 37 33 3 32 28 35 12 18 35 29 32 3 7 27 3 37
split_gain=8.95122 9.60696 10.5787 8.73585 8.51407 9.14649 8.27732 8.58152 8.57219 14.6834 8.41735 8.2835 7.48141 9.10795 9.08484 7.94418 7.68705 7.63639 6.8685 9.05336 6.69819 9.83724 13.1955 8.10339 11.7403 6.51932 6.42854 5.75299 9.14224 9.17806
threshold=15.500000000000002 56.95000000000001 46.650000000000013 42.45000000000001 62.283000000000008 15.550000000000002 63.050000000000004 67.950000000000017 71.850000000000009 0.55000000000000016 65.850000000000009 86.65000000000002 7.5000000000000009 1.0000000180025095e-35 58.564285714285724 61.250000000000007 40.350000000000001 60.650000000000013 4.5000000000000009 3.4000000000000008 65.550000000000011 11.500000000000002 36.900000000000013 59.750000000000007 61.050000000000004 54.45000000000001 59.45000000000001 4.5000000000000009 43.45000000000001 44.934285714285721
decision_type=2 2 2 2 2 2 2 2 2 8 2 2 2 2 2 2 2 2 2 8 2 2 8 2 2 2 2 2 2 2
left_child=1 2 20 -3 5 -2 7 11 10 -10 -8 -5 14 15 17 -14 -15 -7 -6 -20 23 22 -22 25 -25 -1 -16 -4 29 -29
right_child=4 3 27 6 18 12 8 -9 9 -11 -12 -13 13 16 26 -17 -18 -19 19 -21 21 -23 -24 24 -26 -27 -28 28 -30 -31
leaf_value=-0.010531137263406664 -0.041484301951969338 -0.031052442011589777 -0.0011007069175428474 0.014254750077284863 -0.0040389795919295 -0.0088104978875785164 -0.0035587894710107323 0.04187757964326367 -0.019721153472207043 0.0095098393050206953 0.018716031166609599 -0.0062966313883004365 0.015396507176460635 -0.018498222224273254 0.012756098210548135 -0.0047892529101262286 0.03963497909940944 -1.1857751911968805e-05 0.0123550189306516 -0.020067989634252353 0.0035516127381162487 -0.0058502634670342607 0.04870434701805245 -0.043515149826599445 0.03006198876222509 -0.033154592957529892 0.070907823196604255 0.033011088666020226 0.0064096679672382669 -0.0041436839570694666
leaf_weight=217.67513859993778 13.197245119605212 14.822363986866547 939.19241848611273 286.09949451242574 707.78162004682235 317.05987960030325 70.370138624683022 23.712018324062228 90.951417546719313 81.007659435272217 105.30530728586018 58.737253065686673 85.562287228414789 6.641024478711187 53.30284140096046 112.49183477833867 33.856616714037955 1113.6315969671123 25.019069826230407 144.75439818087034 87.893669065553695 277.1576227331534 19.824795600492507 6.8866285507101592 23.685608074069023 37.622009551851079 5.1928812596015623 17.262280583381653 1033.9871863396838 379.77693532686681
leaf_count=5960 304 907 12020 5776 16528 10567 548 185 501 415 675 772 2187 116 1128 866 474 11283 602 4775 1712 6365 389 220 250 1012 66 172 12735 4919
internal_value=4.44977e-05 0.00160439 0.000365392 0.00675101 -0.00220062 -0.00017335 0.00754461 0.0127667 0.00199193 -0.00592423 0.00976803 0.0107389 0.00014169 0.00836299 -0.00117239 0.00390943 0.0299567 -0.00196573 -0.00621623 -0.015256 -0.00517578 -0.000854823 0.0119455 -0.0109734 0.0132373 -0.0138963 0.018116 0.00193574 0.00393202 -0.00250779
internal_weight=6390.46 3771.97 3040.96 731.006 2618.49 1740.94 716.183 368.549 347.635 171.959 175.675 344.837 1727.74 238.552 1489.19 198.054 40.4976 1430.69 877.555 169.773 670.745 384.876 107.718 285.869 30.5722 255.297 58.4957 2370.22 1431.03 397.039
internal_count=104429 55533 45754 9779 48896 26991 8872 6733 2139 916 1223 6548 26687 3643 23044 3053 590 21850 21905 5377 15908 8466 2101 7442 470 6972 1194 29846 17826 5091
is_linear=0
shrinkage=0.05


Tree=110
num_leaves=31
num_cat=0
split_feature=28 0 1 13 13 0 5 18 8 32 33 13 36 13 13 37 5 1 17 30 30 13 32 32 33 8 6 17 37 0
split_gain=12.9988 11.1295 13.1632 10.7671 11.192 10.2232 10.0327 9.3544 8.41308 7.98773 7.86899 7.85156 7.67057 6.71026 6.65199 6.08902 5.95679 5.9278 5.87942 5.78265 6.43548 5.86574 6.52439 4.84425 5.27777 4.61785 11.3166 7.40879 4.36272 3.53899
threshold=5.5000000000000009 58.250000000000007 59.050000000000004 45.550000000000004 46.250000000000007 57.95000000000001 63.250000000000007 5.5000000000000009 11.450000000000001 82.15000000000002 54.45000000000001 78.250000000000014 0.45000000000000007 46.150000000000013 50.650000000000013 64.638500000000008 68.850000000000009 40.95000000000001 1950.0000000000002 433.00000000000006 475.00000000000006 55.45000000000001 79.15000000000002 72.850000000000009 63.45000000000001 67.15000000000002 64.950000000000017 1350.0000000000002 60.54657142857144 64.15000000000002
decision_type=2 2 2 2 2 2 2 2 2 2 2 2 10 2 2 2 2 2 2 2 2 2 2 2 2 2 2 2 2 2
left_child=1 5 3 29 10 7 12 -1 13 -6 -5 -10 14 -9 -4 -8 25 -2 -14 -19 23 22 -22 24 -21 27 -27 -7 -23 -3
right_child=17 2 6 4 9 16 15 8 11 -11 -12 -13 18 -15 -16 -17 -18 19 -20 20 21 28 -24 -25 -26 26 -28 -29 -30 -31
leaf_value=0.043204210560791018 -0.04675428844936122 -0.020188870668299295 0.055368592479800596 -0.00078886941237136946 0.0016156360523538055 0.014581141960580489 0.016524691446828364 -0.0017113205023757628 -0.0012262622006121503 0.027743807126555976 0.061690045768393736 0.027240441890236358 -0.0044708609447666877 0.068780554368472538 0.023918610182962024 -0.01582433936082064 -0.057223547386196949 0.048026842657654195 0.038635397448803149 -0.018247707931553846 -0.009383513433762574 -0.0039620918982071016 0.038618807775729111 -0.039857409231815646 0.019312017175299734 -0.037413530232182524 0.036408612237711351 -0.031288544829920932 0.030765407651422962 0.020147845925388277
leaf_weight=11.908842721953986 10.389769297558813 64.109602043870836 26.307132639922202 7.6605981411412385 727.93811897793785 10.90894642472267 28.659597329795361 5.7291225488297624 4821.0921589576174 30.419363748282194 13.787108306773005 24.231603269930929 28.16742425924167 7.6580953784286976 49.963226538151503 29.330334570258856 8.8807028345763666 4.3425375851802519 10.812396328896282 80.341800972353667 222.82396818348207 17.196298897266388 7.1773736234754315 22.794661061838269 10.374905090779064 8.7225883789360541 12.453783689532427 41.891913377679884 18.422823568806052 5.7384515870362511
leaf_count=110 475 1212 228 207 8785 171 138 175 80707 162 132 318 272 178 400 164 53 180 95 2659 5659 224 51 187 111 106 147 577 350 96
internal_value=-0.000758593 -0.000177843 0.00456912 0.00200041 0.00369089 -0.00115917 0.01713 -0.000861634 -0.000971557 0.00267381 0.039242 -0.00108231 0.0256592 0.0384535 0.0348901 7.79459e-05 -0.0185669 -0.00955575 0.00742647 -0.00852294 -0.00919633 -0.00490905 -0.0078477 -0.0191716 -0.0138806 -0.0137878 0.0057332 -0.0217075 0.0138954 -0.0167794
internal_weight=6370.24 5976.37 1022.89 849.653 779.805 4953.48 173.24 4870.62 4858.71 758.357 21.4477 4845.32 115.25 13.3872 76.2704 57.9899 82.8579 393.864 38.9798 383.474 379.132 265.62 230.001 113.511 90.7167 73.9772 21.1764 52.8009 35.6191 69.8481
internal_count=104329 94433 11891 10594 9286 82542 1297 81488 81378 8947 339 81025 995 353 628 302 1054 9896 367 9421 9241 6284 5710 2957 2770 1001 253 748 574 1308
is_linear=0
shrinkage=0.05


Tree=111
num_leaves=31
num_cat=0
split_feature=28 7 27 8 37 18 5 29 12 13 3 3 1 33 32 13 1 30 5 13 8 15 4 3 5 17 30 36 8 13
split_gain=11.8486 12.32 11.3602 19.7383 9.44223 9.19084 14.0607 9.43201 8.56447 8.40224 8.10191 7.95172 7.88388 7.39855 6.13557 5.94233 5.69284 5.40937 9.8227 7.09698 8.10008 6.72605 5.08683 6.3416 8.23563 6.10837 4.77598 4.0274 8.20722 3.90188
threshold=5.5000000000000009 38.350000000000001 7.5000000000000009 19.650000000000002 60.54657142857144 16.500000000000004 62.050000000000004 54.250000000000007 71.15000000000002 43.150000000000013 46.750000000000007 50.95000000000001 57.850000000000001 40.650000000000013 57.45000000000001 56.250000000000007 40.95000000000001 527.00000000000011 57.050000000000004 55.650000000000013 38.250000000000007 47.250000000000007 68.250000000000014 51.150000000000013 57.850000000000001 1250.0000000000002 433.00000000000006 1.0000000180025095e-35 39.750000000000007 43.150000000000013
decision_type=2 2 2 2 2 2 2 2 2 2 2 2 2 2 2 2 2 2 2 2 2 2 2 2 2 2 2 10 2 2
left_child=1 22 5 9 8 7 14 11 -5 -4 -8 -3 -9 -6 -7 -11 -2 19 27 26 -21 -22 -1 -24 25 -25 -18 28 -19 -28
right_child=16 2 3 4 13 6 10 12 -10 15 -12 -13 -14 -15 -16 -17 17 18 -20 20 21 -23 23 24 -26 -27 29 -29 -30 -31
leaf_value=-0.037547732904527252 -0.046402803840272511 -0.00059117485685985702 0.09575199969432624 0.001510807616261907 -0.032652721368763425 -0.025918802009322478 0.025692635082546236 -0.0021416804664644642 0.014462904566154594 0.016342084877800089 -0.0013645942551605726 0.010271755978504764 0.0037280680291971006 -0.00094112568721813517 -0.0092472333936352829 0.070362969101694886 0.039647333695048637 0.080227955273807688 0.068851925925003027 0.061997176216721774 0.032333183788137959 -0.013268620055408457 -0.02931869834519913 0.049311824102851703 0.067125007749253493 -0.027586923862488323 0.019279930314479901 -0.032949868069665517 -0.011866905235734269 -0.014132003617977274
leaf_weight=28.535525305662304 9.9567792213056219 308.85840584570542 6.1729691647924474 254.25573301059194 19.53888847772032 68.740391383413225 39.005959604866803 3178.8567900608759 258.17501475429162 20.101236389949921 93.507483297493309 368.31036372599192 697.02857464458793 297.39655662793666 291.45421626372263 6.9513155526947221 4.2030528588220468 3.2827912522479954 6.1059031086042515 6.0778924887999883 11.413847675547002 27.047268982976675 19.335574184544384 3.3174698641523745 4.8060444905422619 10.255093147279693 8.792733113281427 7.1552082742564371 8.2138213198631984 298.55142227350734
leaf_count=1959 475 6573 148 3580 1639 3248 325 49477 3186 443 726 7095 5764 4065 4556 104 167 118 72 117 204 429 822 144 84 495 303 155 223 7633
internal_value=-0.000722284 -0.000169649 7.01115e-05 0.00537315 0.00385 -0.000835561 -0.00732198 -0.00013239 0.00804769 0.043118 0.00657549 0.00531041 -0.00108472 -0.00292158 -0.0124491 0.0306152 -0.00915603 -0.0081572 0.0143201 -0.00973761 0.00885065 0.000183412 -0.0215954 -0.00932589 0.0114822 -0.00820208 -0.012413 -0.00353689 0.0144641 -0.0131539
internal_weight=6365.4 5974.6 5908.35 862.592 829.366 5045.76 492.708 4553.05 512.431 33.2255 132.513 677.169 3875.89 316.935 360.195 27.0526 390.801 380.844 24.7577 356.086 44.539 38.4611 66.2497 37.7142 18.3786 13.5726 311.547 18.6518 11.4966 307.344
internal_count=104329 94433 90929 13165 12470 77764 8855 68909 6766 695 1051 13668 55241 5704 7804 547 9896 9421 568 8853 750 633 3504 1545 723 639 8103 496 341 7936
is_linear=0
shrinkage=0.05


Tree=112
num_leaves=31
num_cat=0
split_feature=28 7 27 8 22 0 28 0 7 0 7 37 12 2 5 20 17 4 5 29 1 37 4 1 13 2 8 5 4 32
split_gain=10.7953 11.3769 10.2175 17.1901 10.0068 9.74265 10.7239 16.4089 10.574 9.67288 9.12334 8.30173 8.53651 7.12911 6.1963 6.13818 6.44853 8.68493 6.41362 6.64453 5.98684 5.45517 4.89648 4.73478 4.70559 5.70062 2.58748 3.21889 3.21719 1.56974
threshold=5.5000000000000009 38.350000000000001 7.5000000000000009 16.450000000000003 1.0000000180025095e-35 58.250000000000007 3.5000000000000004 63.45000000000001 48.850000000000001 57.95000000000001 80.550000000000011 60.54657142857144 71.15000000000002 65.050000000000011 68.550000000000011 1.0000000180025095e-35 1950.0000000000002 70.450000000000017 71.850000000000009 53.500000000000007 50.350000000000001 55.468571428571437 68.250000000000014 40.95000000000001 43.150000000000013 45.850000000000001 35.250000000000007 57.850000000000001 85.050000000000011 63.250000000000007
decision_type=2 2 2 2 2 2 2 2 2 2 2 2 2 2 2 2 2 2 2 2 2 2 2 2 2 2 2 2 2 2
left_child=1 22 5 4 -4 9 7 -7 -8 10 -3 12 -5 15 -11 23 18 -18 19 -17 -13 -6 29 -2 -25 -26 -24 28 -28 -1
right_child=13 2 3 11 21 6 8 -9 -10 14 -12 20 -14 -15 -16 16 17 -19 -20 -21 -22 -23 26 24 25 -27 27 -29 -30 -31
leaf_value=-0.04719850068858189 -0.04459364711021966 -0.0016160914953521309 0.11147625325402775 0.0015411173859173834 -0.0049111182407924189 0.014868172432248359 0.010565465959991444 -0.015638044948839185 -0.005297957473956093 -0.014680470904746893 0.041638532389891764 -0.017335709626234094 0.014330580046924876 0.035240205814247978 -0.061174039885434142 0.040032823273813169 -0.029114420257457915 0.066224686898172555 0.044582096192430413 -0.026974966844675125 0.00086070385382863788 0.066028950537948036 -0.041356649925891976 0.037654084805404074 0.033974607562667007 -0.0068624957488319961 0.0012247574674392068 0.023172425952177333 -0.036101216258899109 -0.021519790981872896
leaf_weight=16.26677931286395 7.4208809041883788 4087.8198128535878 5.3921989481896153 259.42668669484556 5.800113423727451 312.50036579417065 148.05490418570116 51.078545893076807 360.6201116098091 61.380998034030199 12.11928680539131 54.02826548111625 264.42028852459043 8.8444753410294634 8.1561626866459829 3.6905508930794886 4.4336509453132731 4.8692364650778472 3.3167323414236298 104.71625117771327 271.71045306301676 4.7794227483682334 5.2171835284680119 6.4026150847785166 8.7347277794033271 235.3983305268921 14.849587420467289 8.2202850251924229 9.0922208132687938 11.287894615903495
leaf_count=1647 330 66808 106 3650 75 2926 2525 454 4110 826 65 1937 3264 102 50 198 147 127 33 3501 3982 151 245 189 185 5084 880 152 268 312
internal_value=-0.00068828 -0.000162421 6.57077e-05 0.00508486 0.0563385 -0.000795065 0.00400836 0.0105655 -0.000669754 -0.00180121 -0.001486 0.00410892 0.00800785 -0.00877105 -0.0202856 -0.00982037 -0.0191226 0.020429 -0.022476 -0.0246129 -0.00214647 0.0269868 -0.0209613 -0.00543092 -0.00423363 -0.00536762 -0.00895536 -0.0034325 -0.0128335 -0.0369758
internal_weight=6360.05 5972.22 5907.29 865.557 15.9717 5041.73 872.254 363.579 508.675 4169.48 4099.94 849.586 523.847 387.827 69.5372 378.983 121.026 9.30289 111.724 108.407 325.739 10.5795 64.934 257.957 250.536 244.133 37.3793 32.1621 23.9418 27.5547
internal_count=104329 94433 90929 13165 332 77764 10015 3380 6635 67749 66873 12833 6914 9896 876 9794 4006 274 3732 3699 5919 226 3504 5788 5458 5269 1545 1300 1148 1959
is_linear=0
shrinkage=0.05


Tree=113
num_leaves=31
num_cat=0
split_feature=6 7 28 1 2 36 17 35 33 9 1 33 14 6 17 14 8 13 4 30 5 2 17 17 17 13 33 5 4 4
split_gain=9.86135 10.9336 10.2942 9.87295 9.35275 9.27066 9.42595 7.66417 7.61812 7.07166 6.69978 6.69534 8.39088 6.51382 7.06095 7.29903 10.1043 6.27853 8.32146 7.7103 10.9155 7.94874 6.54 5.58156 8.92975 5.12858 5.07485 5.15376 6.75939 4.32352
threshold=45.050000000000004 38.350000000000001 5.5000000000000009 58.250000000000007 55.650000000000013 1.0000000180025095e-35 1250.0000000000002 7.2500000000000027 85.250000000000014 50.050000000000004 62.750000000000007 70.050000000000011 35.050000000000004 74.350000000000009 1650.0000000000002 33.850000000000001 55.550000000000004 55.45000000000001 57.150000000000013 529.00000000000011 57.050000000000004 45.850000000000001 1850.0000000000002 2550.0000000000005 2985.0000000000005 67.350000000000009 77.350000000000009 60.850000000000001 61.45000000000001 76.65000000000002
decision_type=2 2 2 2 2 8 2 8 2 2 2 2 2 2 2 2 2 2 2 2 2 2 2 2 2 2 2 2 2 2
left_child=4 13 3 23 9 6 -6 10 -9 26 -5 12 -7 29 -15 -16 -17 19 -19 21 -21 -4 -20 25 -25 -3 27 28 -1 -2
right_child=1 2 17 7 5 11 -8 8 -10 -11 -12 -13 -14 14 15 16 -18 18 22 20 -22 -23 -24 24 -26 -27 -28 -29 -30 -31
leaf_value=0.016227599840642405 -0.044084593727695902 -0.00094349742043704906 0.035988844932403716 -0.0023611661868414308 0.07916809497903407 0.026357748670885042 0.0012238118284418665 0.0081227632752784874 0.046053108202851266 -0.02848973597712556 0.024353319033996512 0.024824342652953788 -0.031829108819993707 -0.028690962682050399 -0.036183137074082994 0.0010873848032719648 0.10336771237670866 -0.040608648475285197 -0.0080370278917307868 -0.000160701999795936 0.089537309323677428 -0.014075642139437683 0.033165700471418806 0.015922652164804402 -0.012561604916102332 0.011428581194795583 0.014306988718875644 -0.034598998637408111 -0.017754791869850975 -0.012519372477459318
leaf_weight=21.845370991155505 26.537394811981358 4560.674056641059 8.0039987447671574 323.60964258713648 7.5377467283979049 8.0876622619107348 8.1580314072780293 521.52121472544968 13.555070728063582 72.103941313689575 25.197519559413195 13.100609876215456 24.668322183191776 10.773774237371983 3.3849579044617704 5.4883039139676821 4.360952329589054 7.1128972410224369 15.214146292768417 14.872915507759901 4.2518981434404841 290.34020530781709 25.240109430626035 114.31912871589884 35.950364231597632 85.18197078560479 20.145358562469482 21.553662784397602 43.358932964270934 19.384618989191949
leaf_count=663 1872 76334 209 2548 100 99 131 4610 57 1503 178 74 325 602 135 283 178 165 356 415 51 7723 275 1801 491 1283 105 210 826 727
internal_value=-0.000655779 -0.000264219 -3.58308e-05 0.000486468 -0.0105841 0.00616235 0.0392366 0.00534242 0.00910142 -0.0163706 -0.000410578 -0.00511023 -0.0172737 -0.0199074 0.00100047 0.0255807 0.0474603 -0.00817446 0.00869438 -0.0107196 0.0198832 -0.0127041 0.0175652 -0.000407491 0.00907103 -0.000715338 -0.00813086 -0.013409 -0.00628571 -0.0309251
internal_weight=6355.53 6114.98 6045.05 5680.01 240.56 61.5524 15.6958 883.883 535.076 179.007 348.807 45.8566 32.756 69.93 24.008 13.2342 9.84926 365.036 47.5672 317.469 19.1248 298.344 40.4543 4796.13 150.269 4645.86 106.903 86.758 65.2043 45.922
internal_count=104329 100293 96496 87302 4036 729 231 7393 4667 3307 2726 498 424 3797 1198 596 461 9194 796 8398 466 7932 631 79909 2292 77617 1804 1699 1489 2599
is_linear=0
shrinkage=0.05


Tree=114
num_leaves=31
num_cat=0
split_feature=6 0 1 36 0 27 8 6 17 8 2 9 32 17 3 0 9 1 17 17 2 16 17 17 32 36 28 12 5 14
split_gain=8.9978 8.94084 11.7428 9.42862 10.7035 8.90084 16.4023 10.5967 8.80827 9.16526 8.81426 7.67854 7.38404 7.15513 7.13374 8.93106 6.66053 6.49119 6.34585 6.07818 6.05124 6.04327 5.82486 6.44371 5.38336 5.16321 5.05216 6.8995 4.95211 4.78288
threshold=45.050000000000004 58.350000000000001 59.050000000000004 -1.0000000180025095e-35 62.150000000000013 7.5000000000000009 16.450000000000003 47.050000000000004 1250.0000000000002 28.050000000000004 57.45000000000001 50.650000000000013 82.15000000000002 1650.0000000000002 48.250000000000007 57.95000000000001 74.950000000000017 59.350000000000001 1850.0000000000002 1250.0000000000002 49.750000000000007 51.550000000000004 2985.0000000000005 2550.0000000000005 74.450000000000017 0.90000000000000013 3.5000000000000004 89.350000000000009 57.250000000000007 34.95000000000001
decision_type=2 2 2 10 2 2 2 2 2 2 2 2 2 2 2 2 2 2 2 2 2 2 2 2 2 10 2 2 2 2
left_child=8 5 12 4 28 14 11 -8 9 -1 26 20 16 -9 22 18 24 -5 -16 -17 -7 25 23 -2 -3 -10 27 -11 -4 -19
right_child=1 2 3 17 -6 6 7 13 21 10 -12 -13 -14 -15 15 19 -18 29 -20 -21 -22 -23 -24 -25 -26 -27 -28 -29 -30 -31
leaf_value=0.044018491588990134 -0.0049575596904458119 0.0030930526473603392 0.062504104139942382 0.036620154885151836 -0.0044324312521914827 0.1243918516484486 0.063001929709729551 -0.0031727099109577399 -0.023338114593263737 -0.015281598420630916 0.026410968873756852 0.0025655703308835949 0.024964416494632539 0.0067872807639885267 -0.0013755389431942754 0.012777494491699527 -0.036248775109779773 0.021998619870988896 0.0043469141364169813 -0.026762483956672745 0.043786644087733431 0.026854425099174108 -0.027998125773833787 0.011608368083307272 -0.0073166776674845327 0.022524306041521554 -0.03481463814393955 0.023920197678693127 0.027882719636310067 -0.0027847478517865412
leaf_weight=10.87096132407896 1469.7664106976008 666.7411185100209 20.692604640964419 16.644497188739479 14.675523524172602 4.3955889127682877 7.153190368320792 331.39078745245934 121.76055115344934 40.762504916405305 18.505014227703214 4.8633446888998142 32.235808311030269 394.24418255593628 2067.2371405985905 11.783178450539706 11.976318604312835 25.369757543317974 632.63162427674979 50.415916972327977 5.7783725820481777 6.7712475396692744 26.355083324480802 60.880158541724086 152.36512667313218 6.2747451318427911 18.28679702617228 15.321291433647273 22.657599369063973 81.637851291336119
leaf_count=202 27620 10214 196 147 93 116 108 5840 2312 512 182 106 173 6377 35052 179 238 215 9686 628 117 122 409 1009 982 140 366 200 121 667
internal_value=-0.000624864 -0.000252119 0.0039576 0.0155109 0.0321489 -0.00112138 0.0039123 0.0028405 -0.0101498 0.000756962 -0.00429486 0.0554486 0.001519 0.00223195 -0.00199416 -0.000466433 0.000600692 0.00764323 -3.2694e-05 -0.0191832 0.07997 -0.018575 -0.00470089 -0.00429468 0.00114994 -0.0210356 -0.0120275 -0.00445972 0.0446296 0.00305936
internal_weight=6350.44 6111.89 1045 181.678 58.0257 5066.89 747.825 732.788 238.553 103.747 92.8756 15.0373 863.318 725.635 4319.07 2762.07 831.083 123.652 2699.87 62.1991 10.174 134.807 1557 1530.65 819.106 128.035 74.3706 56.0838 43.3502 107.008
internal_count=104329 100293 13046 1439 410 87247 12664 12325 4036 1462 1260 339 11607 12217 74583 45545 11434 1029 44738 807 233 2574 29038 28629 11196 2452 1078 712 317 882
is_linear=0
shrinkage=0.05


Tree=115
num_leaves=31
num_cat=0
split_feature=13 31 35 4 33 15 6 4 0 36 30 33 35 15 33 13 13 35 4 9 3 14 3 35 15 33 2 12 8 13
split_gain=11.7138 10.4675 8.21916 11.1858 15.4676 13.7116 15.4219 12.8807 9.91838 8.23482 8.39304 17.0269 11.4749 8.86111 8.53102 7.57989 7.69894 8.22738 7.4563 7.37637 7.06765 6.95568 6.35655 10.7597 8.15818 13.754 7.93923 6.88551 4.44749 3.81505
threshold=78.250000000000014 -1.4999999999999998 28.250000000000011 83.850000000000009 44.750000000000007 45.850000000000001 58.45000000000001 85.250000000000014 51.050000000000004 0.36666666666666675 459.00000000000006 77.350000000000009 5.4000000000000012 57.850000000000001 73.350000000000009 59.750000000000007 48.45000000000001 4.1000000000000014 42.150000000000013 50.850000000000001 57.45000000000001 49.95000000000001 43.050000000000004 46.250000000000014 63.050000000000004 60.850000000000001 55.150000000000013 99.850000000000009 75.15000000000002 61.050000000000004
decision_type=2 8 10 2 2 2 2 2 2 10 2 2 8 2 2 2 2 10 2 2 2 2 2 8 2 2 2 2 2 2
left_child=2 -2 9 22 5 -5 -7 -6 -9 10 11 20 14 -13 -12 16 17 -11 -18 -14 -1 29 23 26 27 -26 -4 -24 -23 -17
right_child=1 -3 3 4 7 6 -8 8 -10 15 12 13 19 -15 -16 21 18 -19 -20 -21 -22 28 24 -25 25 -27 -28 -29 -30 -31
leaf_value=-0.0057407234264978914 0.071905253361238861 0.0081250053317155103 -0.010186856849483341 -0.01863010610206307 0.063685863713214164 0.0067519552710567842 0.13919261244656458 -0.037099233663283687 0.013778932797839594 0.031119028749966079 -0.00047102689914018617 0.0090983487532748861 0.0049325422940483359 0.044326594946092292 -0.013017586435157087 0.059771641976227897 -0.037605983021796123 -0.00074836866506165312 -0.0071590031197162202 -0.00099159141851639081 0.0032142387420834584 -0.021081008619873082 -0.015947450933809792 0.093848337888039243 0.048248763154383208 -0.032919910684274821 0.035169645383619906 0.005305861967337476 0.020579176584119986 0.015245309137785282
leaf_weight=1134.0737676594872 10.485713362228124 17.008343038614843 21.074216173961759 3.1506345258094361 11.251762744970618 3.2844667369499785 7.1593208611011505 11.011045107617973 68.130415458232164 21.882310713641346 520.18526509054936 86.073128022253513 2033.7959021981806 22.660762947052717 183.54022211767733 9.8277124306187051 20.720099456142634 254.74580857879482 680.7387794952374 706.685736018233 272.62518465984613 13.729961777105929 88.926957337651402 4.2175945844501248 17.374900265131149 7.2852965407073489 17.472604690119624 66.098217104328796 11.801216930150984 10.255665651522575
leaf_count=25065 146 200 578 113 125 112 240 109 700 195 7682 473 32020 121 1051 109 479 4936 8724 10899 5152 212 2095 100 383 58 364 1500 148 120
internal_value=0.000296352 0.0328032 0.000153398 0.00787855 0.0214109 0.0710315 0.0984746 0.0138229 0.00659921 -0.000267358 0.000574502 -0.00252481 0.00193967 0.01652 -0.00375181 -0.00435055 -0.005284 0.00176473 -0.00807072 0.00340309 -0.00400155 0.0155233 0.00152338 0.018839 -0.00257805 0.0240313 0.0102809 -0.00685585 -0.00162428 0.03747
internal_weight=6337.27 27.4941 6309.78 326.437 103.988 13.5944 10.4438 90.3932 79.1415 5983.34 4959.64 1515.43 3444.21 108.734 703.725 1023.7 978.087 276.628 701.459 2740.48 1406.7 45.6146 222.45 42.7644 179.685 24.6602 38.5468 155.025 25.5312 20.0834
internal_count=104209 346 103863 6477 1399 465 352 934 809 97386 82463 30811 51652 594 8733 14923 14334 5131 9203 42919 30217 589 5078 1042 4036 441 942 3595 360 229
is_linear=0
shrinkage=0.05


Tree=116
num_leaves=31
num_cat=0
split_feature=34 5 6 28 30 23 27 3 18 23 9 28 4 4 3 15 32 11 3 9 15 32 32 32 3 9 30 4 18 35
split_gain=10.171 11.4592 7.48245 11.1626 9.9681 9.30546 8.87458 8.93832 8.28103 8.16879 7.28457 7.13668 8.61539 8.03209 7.63189 7.31483 8.8464 6.06632 7.3305 5.6216 6.55806 5.75052 7.68037 7.25984 22.0386 9.09123 5.81428 5.85048 5.42176 10.392
threshold=1.0000000180025095e-35 72.250000000000014 65.750000000000014 4.5000000000000009 491.00000000000006 1.0000000180025095e-35 4.5000000000000009 43.350000000000001 7.5000000000000009 1.0000000180025095e-35 51.500000000000007 3.5000000000000004 83.450000000000017 93.950000000000017 46.45000000000001 52.050000000000004 68.550000000000011 49.900000000000006 57.150000000000013 51.500000000000007 40.45000000000001 44.650000000000013 45.850000000000001 42.050000000000004 41.95000000000001 49.350000000000001 405.00000000000006 36.45000000000001 15.500000000000002 2.9000000000000008
decision_type=10 2 2 2 2 2 2 2 2 2 2 2 2 2 2 2 2 2 2 2 2 2 2 2 2 2 2 2 2 10
left_child=19 2 4 6 5 8 9 -8 -2 -4 -7 15 14 -14 -13 -3 -17 18 -6 21 -21 23 -23 -1 -25 -26 -24 -28 -5 -30
right_child=1 11 3 28 17 10 7 -9 -10 -11 -12 12 13 -15 -16 16 -18 -19 -20 20 -22 22 26 24 25 -27 27 -29 29 -31
leaf_value=0.006881574294121548 0.021956032115900199 0.0048765414677060959 5.2631326684244622e-05 -0.0027476440593145442 -0.035582826228063809 0.00097006947555461007 -0.0034728705310772589 0.0067566007230635012 -0.0094761232979599184 -0.012489133577478627 0.040556788277552304 -0.039376257145577132 0.040928739057756409 -0.0038218773503550956 -0.00085511204795637075 -0.00069307632757956736 0.036686382798582821 0.0031088950972032697 0.02935750104232079 0.026558501340199166 -0.011398433628778197 -0.035766416087156826 -0.027496263625544821 0.15727307177207697 0.084428581418276916 -0.002232152081304185 -0.025904354814007848 0.0047019200891426482 0.017053788648061553 -0.017712875713343845
leaf_weight=37.236327641876414 21.252459803130478 76.471107455901802 825.97704656934366 373.33859655517153 20.347019539680335 156.40304704196751 274.39195215562358 953.44398963719141 930.38438268413302 153.77386777871288 12.483607121277599 18.814241538755596 18.490145206451416 21.33993848785758 41.041958915069699 21.347442260943353 58.329540587961674 454.02502375678159 5.3532064431346944 12.65687369275838 101.49208938935772 12.067642877809702 14.301456684246658 3.4707921091467169 3.8985968020278952 12.004415661329402 15.632465376518665 1499.6382360968273 24.501498739467934 164.2961091005709
leaf_count=1736 274 467 13534 7552 409 3202 4543 15174 18675 2630 302 143 116 127 283 180 305 7362 84 175 1546 433 339 136 153 453 237 18020 505 5114
internal_value=0.000279979 -0.000937816 -0.00154101 2.98618e-05 -0.00426285 -0.00684565 0.00163346 0.00446639 -0.00876668 -0.00191179 0.00394806 0.00934256 -0.0010625 0.0168778 -0.0130921 0.0160137 0.0266205 0.00175972 -0.021801 0.00357247 -0.00712643 0.00434012 0.00376064 0.0199982 0.0447866 0.019095 0.00407808 0.00438118 -0.00625797 -0.0131679
internal_weight=6338.21 4625.81 4369.97 2769.72 1600.25 1120.52 2207.59 1227.84 951.637 979.751 168.887 255.834 99.6863 39.8301 59.8562 156.148 79.677 479.725 25.7002 1712.4 114.149 1598.25 1541.64 56.6101 19.3738 15.903 1529.57 1515.27 562.136 188.798
internal_count=104209 80981 79360 49052 30308 22453 35881 19717 18949 16164 3504 1621 669 243 426 952 485 7855 493 23228 1721 21507 19029 2478 742 606 18596 18257 13171 5619
is_linear=0
shrinkage=0.05


Tree=117
num_leaves=25
num_cat=0
split_feature=13 31 7 35 12 4 4 4 7 1 36 6 2 17 30 0 2 6 35 1 2 8 8 8
split_gain=10.2996 8.71568 8.4187 7.46263 8.9215 9.49476 16.0405 9.2849 8.5815 11.842 14.3904 13.6467 8.37028 15.3046 9.13905 8.17702 5.83717 5.73976 3.00613 7.57812 2.49857 1.96537 1.80546 1.2161
threshold=78.250000000000014 -1.4999999999999998 37.45000000000001 28.900000000000006 90.550000000000011 84.050000000000011 92.350000000000009 66.15000000000002 55.45000000000001 49.95000000000001 0.36666666666666675 88.450000000000017 55.350000000000001 1175.0000000000002 519.00000000000011 64.15000000000002 55.150000000000013 46.150000000000013 12.250000000000005 54.350000000000001 57.45000000000001 83.450000000000017 50.350000000000001 57.150000000000013
decision_type=2 8 2 10 2 2 2 2 2 2 10 2 2 2 2 2 2 2 10 2 2 2 2 2
left_child=2 -2 17 8 15 7 -7 -6 9 11 -11 -4 13 -10 -14 16 -5 -1 20 22 21 -19 -20 -3
right_child=1 23 3 4 5 6 -8 -9 12 10 -12 -13 14 -15 -16 -17 -18 18 19 -21 -22 -23 -24 -25
leaf_value=0.054238951645718181 0.064949370555439451 -0.0051194006638551389 -0.0073011012348445639 -0.01472957463397901 0.020769816564058588 0.074844147620772059 0.0091189270032278526 -0.0098017012592848344 0.055886470288524441 0.0014926514828042855 -0.0070901745228893519 0.056689999548587 -0.0036255621419366926 0.0048505424990031229 0.015489292335869861 0.057077777804941693 0.0053821530657527745 -0.040992434192607514 0 0.06665206908552862 0.0090289300178056191 0.0022942436045876101 -0.05037546469421416 0.021077053771349174
leaf_weight=2.2492142177652559 11.012076232116668 8.622257663868373 826.63446371629834 59.52880876022391 65.447504244279116 16.785740504972637 21.134057943243533 39.65603996720165 14.817771228495983 2798.7928095913958 591.50218884460628 8.3009437667205912 588.08712805854157 1066.8916864262428 69.816574561875314 5.8771474594250313 90.851918472442776 27.563103274791505 2.8197680846787971 2.8171645235270262 3.0327848645392796 2.6456802557222536 4.0382888647727668 8.4829261084087175
leaf_count=126 146 99 25089 1448 1538 256 213 745 158 43356 8873 205 5224 11774 576 79 1549 1889 215 98 55 172 225 101
internal_value=0.000264437 0.0304059 0.00012884 0.000284881 0.00798826 0.0170075 0.038465 0.00918917 -0.000100919 -0.00131862 -3.47784e-06 -0.0066522 0.00285371 0.00555938 -0.00158745 -0.00024065 -0.00255043 -0.0213551 -0.02555 -0.000479307 -0.0326737 -0.0370414 -0.0293358 0.00762852
internal_weight=6337.41 28.1173 6309.29 6264.12 299.281 143.023 37.9198 105.104 5964.84 4225.23 3390.29 834.935 1739.61 1081.71 657.904 156.258 150.381 45.166 42.9168 9.67522 33.2416 30.2088 6.85806 17.1052
internal_count=104209 346 103863 101083 5828 2752 469 2283 95255 77523 52229 25294 17732 11932 5800 3076 2997 2780 2654 538 2116 2061 440 200
is_linear=0
shrinkage=0.05


Tree=118
num_leaves=31
num_cat=0
split_feature=13 34 7 2 5 6 13 32 30 5 0 26 3 31 0 15 3 29 3 0 15 15 29 37 0 15 7 0 29 6
split_gain=9.09791 8.62658 12.4173 10.9389 10.6488 9.41828 9.13414 9.11814 7.77071 12.0964 10.1296 8.61713 8.12099 7.33761 6.08396 8.91584 5.78164 8.83113 8.50558 5.61341 13.4822 10.6874 7.39575 6.38776 6.61748 5.18524 4.72872 4.07305 3.00334 0.420642
threshold=78.250000000000014 1.0000000180025095e-35 54.95000000000001 64.350000000000009 72.250000000000014 68.050000000000011 47.750000000000007 61.850000000000001 475.00000000000006 69.450000000000017 41.050000000000004 1.0000000180025095e-35 51.95000000000001 -1.4999999999999998 51.45000000000001 58.45000000000001 49.550000000000004 55.750000000000007 54.750000000000007 49.95000000000001 43.350000000000001 41.45000000000001 52.250000000000007 52.231142857142864 56.150000000000013 44.550000000000004 50.95000000000001 63.050000000000004 55.250000000000007 67.050000000000011
decision_type=2 10 2 2 2 2 2 2 2 2 2 2 2 8 2 2 2 2 2 2 2 2 2 2 2 2 2 2 2 2
left_child=1 2 19 5 8 6 -4 -7 9 10 -3 26 -13 -2 15 25 17 -16 -18 20 21 -1 -22 27 -25 -6 -10 -21 -11 -15
right_child=13 4 3 -5 14 7 -8 -9 11 28 -12 12 -14 29 16 -17 18 -19 -20 23 22 -23 -24 24 -26 -27 -28 -29 -30 -31
leaf_value=0.0069430589244644783 0.059104721504800686 -0.025419749645048558 0.027401010774056933 0.055160262993556974 0.02919937643345577 0.060799974076371215 0.0036311726410361666 0.015740147166584856 -0.0012239458812298939 -0.012504474531268892 -0.0024822334161211657 -0.024503092328362518 0.0019689543428583443 0.015159431136890564 0.016026681696736666 0.043697136867089759 0.027182265976022881 -0.018824767534170089 -0.0018524137598983183 0.001374693920504582 0.038556247285082536 0.077901298457777435 -0.01581939977014429 0.0038031110617580315 0.042311639009837337 -0.0042857703184028418 0.0035359626888286154 -0.016959400287591322 -0.033345614791267193 0
leaf_weight=27.900019017513841 11.492701213806866 49.272433059639297 44.20976828970015 12.486354934051631 18.035971228964627 14.455307334661482 473.95962923206389 52.181254722177982 1009.3757020037156 33.16094539873302 2015.6670945481164 64.871254924684763 51.6728151217103 8.3717379309237057 28.14872841257602 27.176041325554252 47.338334975764155 50.498419515788555 53.204397950321436 839.59543167799711 6.3701547433156511 6.522630746709182 156.53640571632423 27.572732928674668 19.040563838556409 31.300284602679312 1077.6237419045065 31.304085098206997 38.965126449242234 8.8278247215785068
leaf_count=514 146 3519 533 77 123 170 4167 304 20768 257 39391 1096 800 99 176 171 277 334 307 13107 248 160 3126 250 154 227 12924 371 312 101
internal_value=0.000250402 0.000121617 0.00315167 0.00896843 -0.00100604 0.00796436 0.00567374 0.0256662 -0.00159122 -0.00373963 -0.00303318 0.000490183 -0.0127315 0.0282935 0.00890469 0.020713 0.00382604 -0.00628302 0.0117817 3.02519e-05 -0.00761342 0.0207202 -0.0136401 0.00168027 0.019697 0.00788864 0.00123149 0.000708071 -0.0238634 0.00719382
internal_weight=6337.14 6308.45 1712.13 597.292 4596.31 584.806 518.169 66.6366 4340.61 2137.07 2064.94 2203.54 116.544 28.6923 255.702 76.5123 179.19 78.6471 100.543 1114.84 197.329 34.4226 162.907 917.513 46.6133 49.3363 2087 870.9 72.1261 17.1996
internal_count=104209 103863 23181 5251 80682 5174 4700 474 79067 43479 42910 35588 1896 346 1615 521 1094 510 584 17930 4048 674 3374 13882 404 350 33692 13478 569 200
is_linear=0
shrinkage=0.05


Tree=119
num_leaves=31
num_cat=0
split_feature=28 30 3 6 32 23 4 15 30 31 35 33 31 6 15 12 32 17 8 33 33 33 1 3 35 6 3 30 3 32
split_gain=7.35353 7.01445 10.7574 8.1813 7.39455 6.76358 7.84033 6.47966 6.43757 8.89863 8.34329 9.07787 8.90604 8.60323 13.0743 8.14802 10.8603 11.1394 7.54477 7.46459 7.25072 12.8283 17.1398 7.02022 7.34539 6.89796 6.63576 7.01966 6.62864 8.44444
threshold=4.5000000000000009 483.00000000000006 49.050000000000004 75.850000000000009 71.250000000000014 1.0000000180025095e-35 78.550000000000011 47.850000000000001 433.00000000000006 -2.4999999999999996 7.1000000000000014 76.550000000000011 -1.0000000180025095e-35 85.050000000000011 63.650000000000013 50.600000000000009 61.550000000000004 1550.0000000000002 46.850000000000001 44.95000000000001 51.650000000000013 53.250000000000007 50.150000000000013 40.350000000000001 15.250000000000005 59.45000000000001 63.550000000000004 537.00000000000011 51.350000000000001 54.250000000000007
decision_type=2 2 2 2 2 2 2 2 2 8 8 2 10 2 2 2 2 2 2 2 2 2 2 2 8 2 2 2 2 2
left_child=8 2 4 -3 -2 -5 -7 -6 9 18 15 13 25 19 -15 16 17 -10 23 -12 28 22 -22 -1 -25 -13 27 -17 29 -11
right_child=1 3 -4 5 7 6 -8 -9 10 20 11 12 -14 14 -16 26 -18 -19 -20 -21 21 -23 -24 24 -26 -27 -28 -29 -30 -31
leaf_value=-0.052998740875150045 -0.022210742641412012 0.0030006238421202403 -0.0016022864869407964 -0.017757690688036572 0.026040433163747663 -0.012069121134163148 0.057229176985946567 -0.012954635127903392 -0.011092855609535112 -0.00074781695331032369 0.0079486183794686589 -0.013869224551885443 0.016535748204519061 0.024235784651116671 -0.02486509523125828 -0.0044303331200866991 0.0051598011020152802 0.093782518899702183 -0.0247946403887306 0.00052759591307115824 0.11988748096083401 0.0016087050694529037 -0.0020514316488728459 0.04930292980561532 -0.0052475771746281 0.0089026527281223389 0.026667885490977761 0.026285871302052923 0.0013043100863970661 -0.044090705242934347
leaf_weight=4.4857614899519858 153.38665270665661 463.92057385435328 271.52296718070284 90.148262921720743 16.132966283708811 9.5178781026043016 6.9023817749693981 30.869069520384073 3.6187808744143677 19.969146483228542 383.46968910901342 52.784229593351483 217.70271347649395 83.728531673550606 15.992697627516462 1010.854828385869 47.559435757342726 7.6227186168543994 82.574994553346187 2925.8380106808618 5.3810590039938671 202.1260170340538 5.9035800783894956 9.3791911532171088 17.255102835129946 89.437816297635436 17.975727158831432 18.808133266866207 44.857900250004604 26.332517412956804
leaf_count=150 4785 9405 6163 2052 161 255 120 302 127 1662 20416 273 1132 1443 184 10547 425 241 2168 34466 119 2390 135 225 574 477 168 170 2335 1139
internal_value=0.000237003 -0.00360032 -0.00810944 0.000121649 -0.0168964 -0.0123555 0.0169284 0.000350738 0.000993628 -0.00495581 0.00150515 0.00262646 0.0101804 0.00182717 0.0162942 -0.00230981 0.0157708 0.0597808 -0.016887 0.00138924 -0.000481442 0.00454364 0.056198 0.00394746 0.0138878 0.00041217 -0.0033308 -0.00386191 -0.0122924 -0.0255473
internal_weight=6336.06 1042.4 471.912 570.489 200.389 106.569 16.4203 47.002 5293.66 418.265 4875.39 3768.95 359.925 3409.03 99.7212 1106.44 58.8009 11.2415 113.695 3309.31 304.57 213.411 11.2846 31.1201 26.6343 142.222 1047.64 1029.66 91.1596 46.3017
internal_count=104209 23243 11411 11832 5248 2427 375 463 80966 10897 70069 58391 1882 56509 1627 11678 793 368 3117 54882 7780 2644 254 949 799 750 10885 10717 5136 2801
is_linear=0
shrinkage=0.05


Tree=120
num_leaves=31
num_cat=0
split_feature=9 34 36 18 30 1 32 17 17 35 8 32 1 2 29 30 2 5 9 27 23 5 24 10 9 5 32 36 15 17
split_gain=7.71349 7.32895 12.0618 10.5957 9.36684 8.97668 7.88827 7.50942 7.46244 7.29699 8.94397 9.65728 7.2841 13.3865 12.7892 7.21915 7.14395 6.90953 6.8938 5.46106 6.21969 10.5994 5.51741 5.1967 4.81615 4.77258 4.74616 4.32754 6.93365 3.7301
threshold=43.150000000000013 1.0000000180025095e-35 0.45000000000000007 15.500000000000002 499.00000000000006 52.750000000000007 41.250000000000007 1550.0000000000002 1750.0000000000002 31.250000000000011 29.550000000000004 67.65000000000002 54.850000000000001 42.650000000000013 53.500000000000007 521.00000000000011 66.850000000000009 37.650000000000013 74.850000000000009 4.5000000000000009 1.0000000180025095e-35 44.850000000000001 1.0000000180025095e-35 77.500000000000014 58.850000000000001 33.150000000000013 78.050000000000011 0.70833333333333337 52.850000000000001 1650.0000000000002
decision_type=2 10 8 2 2 2 2 2 2 10 2 2 2 2 2 2 2 2 2 2 2 2 2 2 2 2 2 10 2 2
left_child=17 2 3 5 7 8 19 -5 -2 12 29 -12 14 -14 -8 -6 18 -1 23 24 22 -22 -21 -4 25 -3 -7 -19 -29 -11
right_child=1 6 16 4 15 26 9 -9 -10 10 11 -13 13 -15 -16 -17 -18 27 -20 20 21 -23 -24 -25 -26 -27 -28 28 -30 -31
leaf_value=0.04723028332511444 0.0030453805387226948 0.052987938675012329 0.00012955893897575001 0.021229202967898996 0.051075702149967456 -0.016491459708890009 0.0090967886720648271 -0.0050150091065598174 0.028775363499352825 -0.042867949366801918 0.02556501848102731 -0.0023339509455341224 0.03232184317748462 0.00063495110269578756 -0.0041564659105603413 0.0083615883546943829 0.04996530043583422 -0.025471855127801202 -0.036709739419340796 -0.018606195194279234 -0.030324791735105085 0.095979734049988441 0.046344684455165965 0.015664850405971962 0.061174897032796098 -0.038870734921126249 0.013566500582882153 -0.028426980780129448 0.044999270474336522 0.0012417967626217102
leaf_weight=3.9490811396390191 89.116372935473919 1.3488505696877826 1249.274937446462 82.643747557885945 34.34397288504988 61.833470813930035 199.79596051783301 40.191726384684443 41.495791283901781 9.8673226055689174 81.016514593036845 49.696753494441509 33.788213805761188 2070.2880325594451 2016.0237041643122 14.360299577005206 7.2272935900837174 57.837642872007564 12.259906822815536 34.914362636394799 2.8478172253817311 3.6271144081838429 3.4748517675325266 56.190918391570449 1.2312273890711356 32.430679386830889 16.405168563127518 6.5733062769286317 6.0615582936443388 8.8106476357206684
leaf_count=188 1087 184 17819 982 416 449 5959 497 597 272 1831 431 380 22000 41342 152 40 1981 241 2718 331 225 267 367 59 2855 77 206 177 205
internal_value=-3.02433e-06 0.000186716 0.00298274 0.0108304 0.0200401 0.00323605 -0.000860373 0.0126043 0.0112739 -0.000580685 0.0102769 0.014926 -0.00095755 0.00114768 -0.00295883 0.038627 0.000725283 -0.015995 0.000447652 -0.0164271 -0.00472539 0.0400514 -0.012492 0.00080322 -0.0312235 -0.0349096 -0.0101158 -0.0196708 0.00648328 -0.0218987
internal_weight=6328.93 6254.51 1705.34 380.391 171.54 208.851 4549.16 122.835 130.612 4469.29 149.391 130.713 4319.9 2104.08 2215.82 48.7043 1324.95 74.4216 1317.73 79.8749 44.8641 6.47493 38.3892 1305.47 35.0108 33.7795 78.2386 70.4725 12.6349 18.678
internal_count=104335 101783 22724 4257 2047 2210 79059 1479 1684 72420 2739 2262 69681 22380 47301 568 18467 2552 18427 6639 3541 556 2985 18186 3098 3039 526 2364 383 477
is_linear=0
shrinkage=0.05


Tree=121
num_leaves=25
num_cat=0
split_feature=7 9 33 26 9 32 31 34 6 32 2 3 3 15 36 7 13 5 3 17 3 5 1 3
split_gain=10.428 7.0563 7.97414 6.8721 8.58589 8.30656 8.2478 7.72898 9.12437 8.50734 7.19799 6.47229 6.55726 6.23678 5.60172 12.5979 11.6835 6.39477 2.69506 3.28492 2.52433 2.2635 2.31749 0.844932
threshold=35.45000000000001 43.150000000000013 47.95000000000001 1.0000000180025095e-35 55.050000000000004 62.550000000000004 -1.4999999999999998 1.5000000000000002 70.050000000000011 77.050000000000011 67.850000000000009 62.350000000000001 56.550000000000004 50.050000000000004 0.70833333333333337 48.95000000000001 49.95000000000001 43.45000000000001 58.45000000000001 1250.0000000000002 61.350000000000001 56.250000000000007 49.050000000000004 39.350000000000001
decision_type=2 2 2 2 2 2 8 10 2 2 2 2 2 2 8 2 2 2 2 2 2 2 2 2
left_child=23 2 14 4 7 6 -6 8 -3 -9 11 12 -5 -7 18 16 -16 -17 19 -2 21 22 -4 -1
right_child=1 3 20 10 5 13 -8 9 -10 -11 -12 -13 -14 -15 15 17 -18 -19 -20 -21 -22 -23 -24 -25
leaf_value=0 0.015006127917282987 0.00057424096046263657 -0.0083769598233559128 -0.011633656197000714 0.018128656853467689 -0.032003313493100802 -0.010077973849310945 -0.0027598143679809875 0.0057693108484807056 0.0079046539303394749 0.043688788682188839 -0.055119393579039125 0.0096045926667935114 -0.0082985555191791259 0.19688075114502332 0.058274907420497901 0.026006975562432717 -0.033771745271766698 0.03398740147752724 -0.039653714501588423 0.0089210146884012107 -0.0090111745918366338 -0.044518130979633252 -0.050312577775341011
leaf_weight=1.0460578284692008 3.668258902616798 2576.0344934319146 5.8160647433251134 196.56536197755486 42.372403823304921 48.513524929527193 66.311845948453993 1718.5172414900735 1259.7229081145488 209.56461874302477 6.488083276897668 7.3673680289648464 44.244698343565688 66.680438377894461 1.7132481131702686 2.6341804757248592 2.4918044162914157 5.9331633048132062 2.2355631343089035 9.274832508992402 3.9066560845822087 9.0496214414015395 26.449624710716307 11.015538032632319
leaf_count=120 191 35179 170 3231 1248 910 2000 40877 13863 1313 42 103 643 1190 91 122 151 215 111 466 82 175 758 1084
internal_value=-3.9251e-06 8.43542e-05 -0.0153405 0.000266207 0.000609168 -0.0089933 0.000879454 0.000983163 0.00228179 -0.00159774 -0.00777498 -0.00915758 -0.00770837 -0.0183442 0.00549577 0.0299076 0.099743 -0.00454768 -0.0147801 -0.0237827 -0.0283131 -0.0319676 -0.038204 -0.0462595
internal_weight=6327.62 6315.56 73.173 6242.38 5987.72 223.878 108.684 5763.84 3835.76 1928.08 254.666 248.177 240.81 115.194 27.9511 12.7724 4.20505 8.56734 15.1787 12.9431 45.222 41.3153 32.2657 12.0616
internal_count=104335 103131 2532 100599 96580 5348 3248 91232 49042 42190 4019 3977 3874 2100 1347 579 242 337 768 657 1185 1103 928 1204
is_linear=0
shrinkage=0.05


Tree=122
num_leaves=30
num_cat=0
split_feature=4 9 26 9 2 30 15 2 15 15 35 34 37 1 12 3 27 35 1 2 15 13 18 18 14 15 13 2 3
split_gain=6.82129 6.35544 6.3117 7.69947 7.70789 8.20827 6.89274 6.92834 8.2929 7.93302 6.70412 6.43243 9.38152 8.27962 5.54207 10.0042 6.66637 8.51648 5.27481 4.85411 3.80018 4.89303 3.29533 3.1217 2.94376 1.95785 1.46587 0.768642 0.195989
threshold=25.050000000000004 43.150000000000013 1.0000000180025095e-35 55.050000000000004 44.650000000000013 483.00000000000006 44.750000000000007 57.250000000000007 56.95000000000001 60.150000000000013 6.7500000000000027 1.5000000000000002 69.50275000000002 56.150000000000013 71.65000000000002 61.350000000000001 5.5000000000000009 1.4000000000000004 59.750000000000007 56.550000000000004 41.95000000000001 50.350000000000001 11.500000000000002 14.500000000000002 50.750000000000007 62.45000000000001 45.550000000000004 47.250000000000007 40.850000000000001
decision_type=2 2 2 2 2 2 2 2 2 2 10 10 2 2 2 2 2 10 2 2 2 2 2 2 2 2 2 2 2
left_child=20 14 3 11 5 -5 18 8 -8 -9 -6 12 -3 -13 25 16 17 -16 24 -18 -1 22 -22 -24 -4 26 -2 -28 -23
right_child=1 2 6 4 10 -7 7 9 -10 -11 -12 13 -14 -15 15 -17 19 -19 -20 -21 21 28 23 -25 -26 -27 27 -29 -30
leaf_value=0.016546686064245874 -0.002401892796704946 0.0014187114572174553 -0.045293863867519282 -0.001281338658065556 -0.021032958788982353 0.086084180321820233 -0.038246653947545894 0.011665975888825765 -0.0018549275508826261 -0.011794734572353692 -0.002913102950804239 -0.0042795146731650566 0.010585987301160733 0.0023537275733123328 0.067870382939646215 0.078851853206939382 -0.051291784789098509 -0.0079748956211868512 0.01050726667252588 0.012713102631673962 0.03519391520973416 -0.028472381509299184 -0.051491933961197195 0.0080363372831760739 -0.011709512464989608 0.0019464830525832031 -0.012199512870171474 -0.044219803483528691 -0.053524876898825617
leaf_weight=4.8142199697904315 3.1363731515593889 3531.1679675651249 22.548112558200955 6.8931647650897485 89.980405145790428 4.1930573666468263 27.543987666722387 88.113545247353613 36.83017996372655 60.708902969490737 119.6469785249792 1084.7548008373706 303.23898848542012 829.54440499935299 4.4538103046361384 3.319539090152829 11.835132357198743 19.378824287327006 7.5638056723400942 3.7417366793379179 3.2593313250690725 2.2449244861491016 4.4547310161869955 3.9795921654440463 9.9178579994477314 3.5637300913222125 2.6667400973383364 19.828855577856302 12.289819294936022
leaf_count=148 130 46354 427 200 2107 104 615 1416 542 754 2920 32545 2865 9483 142 95 433 688 80 110 118 84 165 161 192 107 120 709 521
internal_value=-4.91003e-06 0.000109787 0.000281498 0.000610302 -0.0085497 0.0317894 -0.00744699 -0.00383935 -0.0175387 0.00206062 -0.010721 0.000963 0.00214525 -0.00140247 -0.0146563 -0.00303461 -0.0102407 0.00621441 -0.0264791 -0.0356151 -0.0233485 -0.0308962 -0.00623377 -0.0230536 -0.0352554 -0.0314259 -0.0362497 -0.040716 -0.0502181
internal_weight=6325.61 6294.57 6222.65 5969.42 220.714 11.0862 253.226 213.197 64.3742 148.822 209.627 5748.71 3834.41 1914.3 71.9247 42.729 39.4095 23.8326 40.0298 15.5769 31.0426 26.2284 11.6937 8.43432 32.466 29.1957 25.632 22.4956 14.5347
internal_count=104335 103138 100604 96578 5331 304 4026 3327 1157 2170 5027 91247 49219 42028 2534 1468 1373 830 699 543 1197 1049 444 326 619 1066 959 829 605
is_linear=0
shrinkage=0.05


Tree=123
num_leaves=23
num_cat=0
split_feature=7 4 9 33 0 7 37 35 28 29 6 13 32 18 37 27 27 0 2 18 35 35
split_gain=9.86034 6.26291 5.88693 7.00421 5.48186 7.54153 7.93573 7.36696 6.5655 9.02423 6.41849 4.74633 3.90493 8.09065 3.15511 4.73885 2.22076 1.88337 0.876713 0.7274 0.5319 0.125311
threshold=35.45000000000001 25.050000000000004 41.850000000000001 36.250000000000007 45.850000000000001 43.850000000000001 44.737035714285717 34.400000000000013 4.5000000000000009 58.250000000000007 76.250000000000014 46.95000000000001 48.350000000000001 11.500000000000002 58.564285714285724 4.5000000000000009 2.5000000000000004 51.550000000000004 56.350000000000001 12.500000000000002 3.4000000000000008 6.9000000000000021
decision_type=2 2 2 2 2 2 2 10 2 2 2 2 2 2 2 2 2 2 2 2 10 8
left_child=18 12 3 11 5 6 -4 -7 10 -10 -6 -3 13 -2 15 -5 -14 19 -1 -18 -15 -16
right_child=1 2 4 14 8 7 -8 -9 9 -11 -12 -13 16 20 21 -17 17 -19 -20 -21 -22 -23
leaf_value=-0.050131027560029323 0.11577897809593606 -0.016767860940837747 0.044724147338713341 0.015228369512285714 0.00071313112422944399 -0.0027046104534220678 -0.02327675270108889 0.062915833913950517 -0.0049301070293056373 0.0089111352091736772 0.0056658980275396675 0.094036147269101422 0.0017759726509565513 0 -0.029454232911015701 -0.039480199370082521 -0.028090458493665295 -0.0096040895714036619 0 -0.053368875363127968 -0.045620645374365644 -0.051118168585057445
leaf_weight=10.565883897477757 1.3985840992536425 1.6443247501738363 4.4294568374752989 7.2836886830627945 3925.1662147922907 488.39818334206939 70.642232706770301 4.2099695559591046 834.09371171542443 136.81274327030405 785.78285670815967 1.9692546578589825 4.3884951015934375 0.97614238038659129 2.5833363546989832 8.2507801158353669 5.9751259591430488 5.5800212346948674 0.97275513410568315 10.403502834495155 1.5980543754994867 10.599981664679945
leaf_count=1150 135 88 141 207 52525 12906 4140 141 19556 1470 9916 142 128 146 101 232 172 130 54 330 124 401
internal_value=-6.16047e-06 7.78263e-05 0.00018821 -0.0210571 0.000299256 -0.00438393 -0.0191438 -0.002121 0.000768106 -0.00297384 0.00154041 0.0431756 -0.0225532 0.022522 -0.0294349 -0.0135757 -0.0295984 -0.0360749 -0.0459865 -0.0446768 -0.0287105 -0.0475031
internal_weight=6323.73 6312.19 6281.87 32.3314 6249.54 567.68 75.0717 492.608 5681.86 970.906 4710.95 3.61358 30.3199 3.97278 28.7178 15.5345 26.3471 21.9587 11.5386 16.3786 2.5742 13.1833
internal_count=104335 103131 101966 1171 100795 17328 4281 13047 83467 21026 62441 230 1165 405 941 439 760 632 1204 502 270 502
is_linear=0
shrinkage=0.05


Tree=124
num_leaves=25
num_cat=0
split_feature=16 34 9 6 3 6 35 2 17 12 12 6 2 35 29 8 8 32 35 13 35 31 30 35
split_gain=6.46103 6.10618 8.92901 7.59925 9.91037 15.1867 11.6169 6.51762 6.30703 6.26428 8.46238 8.29782 7.58752 13.2579 7.80758 6.70146 8.07448 8.85884 7.77092 10.3483 8.89753 6.15674 5.47656 0.729476
threshold=68.050000000000011 1.0000000180025095e-35 74.850000000000009 69.65000000000002 57.050000000000004 73.050000000000011 36.250000000000014 65.050000000000011 1350.0000000000002 72.550000000000011 73.450000000000017 75.65000000000002 39.050000000000004 17.600000000000005 53.500000000000007 48.650000000000013 39.45000000000001 83.15000000000002 31.400000000000006 57.350000000000001 28.400000000000006 1.5000000000000002 479.00000000000006 41.400000000000013
decision_type=2 10 2 2 2 2 8 2 2 2 2 2 2 10 2 2 2 2 10 2 10 10 2 8
left_child=1 2 3 7 5 -5 -6 8 -1 15 11 22 13 -12 -14 16 17 -3 20 -20 -17 -18 -11 -4
right_child=-2 9 23 4 6 -7 -8 -9 -10 10 12 -13 14 -15 -16 18 21 -19 19 -21 -22 -23 -24 -25
leaf_value=0.0061492767853298406 -0.05079902781041469 -0.0020855638746830238 -0.051572448894261096 0.040751485405802951 0.0070782810306037492 -0.00087724820681966086 0.071716781845904562 0.030300683901197369 -0.00074296907280802025 0.031488801935480766 0.013576083572034828 0.0687446464650419 0.0093260237442727538 0.15296605977671596 -0.00064263220092115902 -0.0012230974102027479 -0.021683170350784552 -0.068939265329370503 0.035621166461656383 -0.03088260012675666 -0.037284564471385791 -0.0048228291712277514 -0.012200886107259111 -0.025862484379055518
leaf_weight=487.2201086981222 6.1550355888903132 387.1722215116024 5.4583272784948322 27.303037844598293 13.880963353440167 108.17920857667923 14.264376803301273 19.761323871091008 1037.8752760929056 15.567458600504326 8.5787524696206656 8.1833308080676925 214.82424113329034 2.0708411717787376 2278.2100399609189 1381.0492898125667 134.11300402204506 4.9264513375237575 28.348665277473629 7.2021742276847354 17.232889635954052 92.354519052430987 12.94833283824846 9.2937680669128895
leaf_count=6576 144 8679 112 315 134 992 105 127 14584 251 462 150 4813 76 36747 24633 2357 33 538 88 309 1719 196 195
internal_value=-6.86147e-06 4.2648e-05 0.00258136 0.00291946 0.0131673 0.00749897 0.0401527 0.00183002 0.00145587 -0.000908836 0.000749363 0.0245545 0.000397463 0.0423168 0.000214699 -0.00296367 -0.00731454 -0.00295565 -0.0010828 0.0219592 -0.00167374 -0.0148347 0.0115023 -0.0359951
internal_weight=6322.17 6316.02 1723.24 1708.48 163.628 135.482 28.1453 1544.86 1525.1 4592.78 2540.38 36.6991 2503.68 10.6496 2493.03 2052.4 618.566 392.099 1433.83 35.5508 1398.28 226.468 28.5158 14.7521
internal_count=104335 104191 23140 22833 1546 1307 239 21287 21160 81051 42695 597 42098 538 41560 38356 12788 8712 25568 626 24942 4076 447 307
is_linear=0
shrinkage=0.05


Tree=125
num_leaves=22
num_cat=0
split_feature=4 33 15 2 33 1 2 7 29 37 7 1 13 1 37 9 7 13 15 13 1
split_gain=7.94871 7.03606 7.53781 11.03 9.43643 10.3567 7.4114 7.2933 6.90116 6.69078 10.3152 5.98163 5.62945 4.03292 3.85279 6.69729 2.92863 6.80254 1.92061 0.892733 0.169753
threshold=25.050000000000004 85.250000000000014 55.650000000000013 67.15000000000002 66.450000000000017 43.45000000000001 56.650000000000013 35.45000000000001 56.750000000000007 43.000000000000007 50.350000000000001 34.45000000000001 56.350000000000001 55.95000000000001 65.394500000000008 51.500000000000007 45.150000000000013 51.550000000000004 42.750000000000007 49.150000000000013 45.850000000000001
decision_type=2 2 2 2 2 2 2 2 2 2 2 2 2 2 2 2 2 2 2 2 2
left_child=14 2 6 4 5 -4 7 -2 -6 10 -8 -9 -11 -3 18 16 17 -16 -1 -18 -20
right_child=1 13 3 -5 8 -7 9 11 -10 12 -12 -13 -14 -15 15 -17 19 -19 20 -21 -22
leaf_value=-0.0045623260004838545 -0.049764709735523105 0.00025985968859651502 -0.020234448442959664 0.049817858415004267 0.0012317128697243731 0.005277441755132577 0.067276274500242247 -0.050491144004728976 -0.0081006112932625919 0.0031845828012694154 -0.001980790496806785 -0.0025929086206458222 -0.0074174375810722023 0.024612008677263673 -0.047568201647977398 0.067964258771393435 -0.012548111377159081 0.08365338805333665 -0.031802845722570049 -0.052483324171613069 -0.054382390603694791
leaf_weight=3.0919181914068821 8.1646959612844494 28.148983154445887 40.928928278386593 11.917677219957111 511.17245186492801 1240.7279313030886 9.7936566043645161 6.4439023470040402 322.59789141640067 808.90694822487421 11.467710324563084 3107.4660699518863 147.84385142847896 44.51513747125864 2.0024222389329212 2.3971571850124738 2.5397430057637393 1.7391422238433731 2.8288209717720738 5.0503363567404449 10.600075624883173
leaf_count=87 952 136 1503 69 3175 20967 115 472 2056 10190 102 61602 1408 195 135 97 87 115 171 205 289
internal_value=-0.000319746 -0.000195972 -0.000377368 0.00203652 0.00176263 0.00445732 -0.00163106 -0.00282154 -0.00237364 0.00216405 0.0298527 -0.00269525 0.00154045 0.0152604 -0.0258479 -0.00577571 -0.0222705 0.0127141 -0.042092 -0.0401076 -0.0502658
internal_weight=6330.35 6300.1 6227.43 2127.34 2115.43 1281.66 4100.09 3122.07 833.77 978.012 21.2614 3113.91 956.751 72.6641 30.2496 13.7288 11.3316 3.74156 16.5208 7.59008 13.4289
internal_count=104128 102942 102611 27770 27701 22470 74841 63026 5231 11815 217 62074 11598 331 1186 639 542 250 547 292 460
is_linear=0
shrinkage=0.05


Tree=126
num_leaves=13
num_cat=0
split_feature=1 18 27 35 7 29 3 7 15 35 37 15
split_gain=6.61244 6.29353 6.30682 9.5211 8.87429 9.55202 8.53689 8.46677 6.39377 9.28313 6.0345 0.470322
threshold=34.45000000000001 5.5000000000000009 7.5000000000000009 41.400000000000013 42.650000000000013 51.250000000000007 40.750000000000007 35.45000000000001 56.650000000000013 27.600000000000005 79.36142857142859 57.250000000000007
decision_type=2 2 2 10 2 2 2 2 2 8 2 2
left_child=11 -2 7 4 6 -6 -4 -3 10 -10 -9 -1
right_child=1 2 3 -5 5 -7 -8 8 9 -11 -12 -13
leaf_value=-0.05040959838858116 0.034477226246540475 -0.049920919563646617 -0.044962227578339689 0.050748487058905757 0.054776651459974429 0.0037549573539182959 -0.0039451373923181654 -0.0015651008688313938 -0.0019178312020378702 0.005609519185456515 -0.010614921640991341 -0.010994612192759278
leaf_weight=6.8828477326314879 12.920331210829316 8.7249018081929517 17.113432835554704 10.448277879972009 9.1919774024281633 842.21448987978511 49.58986202639062 3536.229514533421 849.19305509631522 789.92748232046142 194.50996803259477 1.3043905075173823
leaf_count=542 118 976 641 172 188 12413 1587 59338 10978 9834 7270 71
internal_value=-0.000304903 -0.000245578 -0.000318046 0.00348585 0.00293707 0.00431804 -0.0145949 -0.000975732 -0.000894347 0.00170683 -0.00203854 -0.0449418
internal_weight=6328.25 6320.06 6307.14 928.558 918.11 851.406 66.7033 5378.58 5369.86 1639.12 3730.74 8.18724
internal_count=104128 103515 103397 15001 14829 12601 2228 88396 87420 20812 66608 613
is_linear=0
shrinkage=0.05


Tree=127
num_leaves=31
num_cat=0
split_feature=0 7 5 5 7 7 35 5 6 28 32 14 15 3 32 0 0 0 35 5 0 1 3 13 2 2 2 13 9 1
split_gain=6.35359 10.0592 9.47036 9.68182 10.1959 12.5926 8.77721 11.5454 11.9131 8.6126 8.98323 14.9959 10.3924 10.148 14.2577 9.96009 9.86907 14.1197 10.5105 8.73554 8.58775 8.41982 9.19418 8.39221 8.37497 8.10064 8.0071 7.88222 7.57403 7.23737
threshold=49.95000000000001 42.650000000000013 55.650000000000013 60.45000000000001 59.050000000000004 52.150000000000013 31.250000000000011 50.850000000000001 59.750000000000007 3.5000000000000004 61.550000000000004 50.350000000000001 41.650000000000013 44.550000000000004 60.95000000000001 52.050000000000004 63.050000000000004 61.750000000000007 4.6000000000000014 73.950000000000017 59.350000000000001 51.750000000000007 43.050000000000004 65.350000000000009 57.050000000000004 68.250000000000014 47.850000000000001 83.250000000000014 49.650000000000013 50.050000000000004
decision_type=2 2 2 2 2 2 10 2 2 2 2 2 2 2 2 2 2 2 10 2 2 2 2 2 2 2 2 2 2 2
left_child=1 21 6 4 5 -4 27 8 -8 10 11 13 19 14 -2 -13 17 -14 -18 -12 -15 -1 -23 28 -17 -11 -25 -3 -5 -6
right_child=9 2 3 23 29 -7 7 -9 -10 25 12 15 16 20 -16 24 18 -19 -20 -21 -22 22 -24 26 -26 -27 -28 -29 -30 -31
leaf_value=-0.0285814217708532 -0.01032184410729765 -0.0067527158044981333 0.0052704097125864371 -0.014764089512059582 0.0210694832534505 0.031770682686487368 -0.026353862935667122 -0.035714636313219715 0.070054961071249561 -0.0020187656762589742 -0.0052777036414140797 0.10731456152938786 0.0023030891248289813 0.0077498472116440641 0.054417362656650904 0.0086966920276174055 -0.036889857089908197 0.031166214929045838 0.0094660067513597443 -0.038665636532129732 0.033860683987247842 -0.042386547426394861 0.0039250809809451065 0.053645604399409769 0.068232367995033613 0.049912328358097155 -0.00024978632151422496 0.058490619832182733 0.0007475857564202713 -0.026775359221852632
leaf_weight=67.267795313615352 124.57094705919735 762.09106724732555 113.39070458849892 110.79621924413368 11.032972862012683 74.711859034374356 4.127763014752424 5.6393886357545844 12.691526257898657 2044.4548065767158 278.96841785125434 4.8290394968353239 1741.81666345126 374.37506047892384 9.012007072567938 17.722519554663453 31.842309726402164 43.367441546171904 19.523425974883139 21.055209375917912 34.473238836973906 12.852213326259514 61.389691704767756 12.747571879066529 8.9728938499465567 7.4303720500320187 14.468384494539348 4.5434476342052212 269.13894762471318 26.587342190556228
leaf_count=4536 3570 22106 1938 1094 130 905 148 125 413 34261 2497 117 15235 9770 165 449 216 322 167 114 610 434 1716 103 125 49 122 60 2417 214
internal_value=-0.000290518 -0.00305653 -0.00178684 0.00276401 0.0110705 0.0158338 -0.00544296 0.0252547 0.046083 0.000616546 0.0024673 0.00802158 0.000972583 0.0060583 -0.00587945 0.0415191 0.00238419 0.00300877 -0.0191893 -0.00764958 0.00997143 -0.0157695 -0.00407102 -0.00183038 0.0290745 -0.00182585 0.024915 -0.00635195 -0.00376545 -0.0125926
internal_weight=6325.89 1563.48 1421.97 632.874 225.723 188.103 789.093 22.4587 16.8193 4762.41 2710.53 573.956 2136.57 542.431 133.583 31.5245 1836.55 1785.18 51.3657 300.024 408.848 141.51 74.2419 407.151 26.6954 2051.89 27.216 766.635 379.935 37.6203
internal_count=104128 36461 29775 6923 3187 2843 22852 686 561 67667 33357 14806 18551 14115 3735 691 15940 15557 383 2611 10380 6686 2150 3736 574 34310 225 22166 3511 344
is_linear=0
shrinkage=0.05


Tree=128
num_leaves=17
num_cat=0
split_feature=4 33 27 2 4 1 31 14 27 36 33 2 13 8 33 0
split_gain=7.26928 6.40795 9.1072 6.15786 6.69777 5.97567 5.48706 8.87309 5.40968 4.06767 6.40113 2.97088 0.550173 0.47977 0.160457 0.0535133
threshold=25.050000000000004 85.250000000000014 4.5000000000000009 65.850000000000009 84.050000000000011 34.45000000000001 -17.499999999999996 42.050000000000004 7.5000000000000009 -1.0000000180025095e-35 47.350000000000001 45.050000000000004 54.350000000000001 75.15000000000002 60.850000000000001 47.750000000000007
decision_type=2 2 2 2 2 2 8 2 2 8 2 2 2 2 2 2
left_child=9 3 -3 5 -5 13 7 -7 -8 10 -1 -11 15 -2 -14 -13
right_child=1 2 -4 4 -6 6 8 -9 -10 11 -12 12 14 -15 -16 -17
leaf_value=-0.047678593241869363 -0.050326493306656672 -0.0049969799592637608 0.030432606643219198 0.039692796157612356 -0.0010127760492996192 0.014043863151277909 -0.00093804058776065504 -0.054940114064798234 0.0032450871299692652 0.0069589860047606202 0.0440263738273491 -0.035816142473112399 -0.015312895269586974 -0.010460100703215231 -0.037538364351495192 -0.054339114346615536
leaf_weight=3.116548323421739 6.3300026893848544 32.472139649093151 40.328583247959614 19.891811102163047 19.955194793641567 7.615057825343686 5249.1920809412841 11.415097856195642 905.96334156522062 3.2119570450158852 4.518624157179147 3.4061121256090727 2.8594138734042636 1.301766130607575 3.0126202926039696 9.384576185140757
leaf_count=304 468 151 180 152 127 201 86553 333 14654 178 120 157 170 123 35 222
internal_value=-0.000277611 -0.000160542 0.0145758 -0.00033401 0.019231 -0.00046124 -0.000405405 -0.0271452 -0.00032148 -0.0249947 0.0058151 -0.0359537 -0.0436034 -0.0443963 -0.0279904 -0.0501105
internal_weight=6323.97 6294.47 72.8007 6221.66 39.847 6181.82 6174.19 19.0302 6155.16 29.5099 7.63517 21.8747 18.6627 7.63177 5.87203 12.7907
internal_count=104128 102942 331 102611 279 102332 101741 534 101207 1186 424 762 584 591 205 379
is_linear=0
shrinkage=0.05


Tree=129
num_leaves=31
num_cat=0
split_feature=0 36 0 12 32 2 13 33 33 6 32 35 33 3 16 33 30 15 5 33 0 9 5 15 15 2 36 16 35 35
split_gain=5.69987 8.08419 10.7027 8.6682 8.14568 7.85949 9.11321 8.59797 10.1407 7.61986 8.02838 7.60973 7.46844 7.29676 9.16213 8.52161 7.05204 6.63095 9.30765 6.86431 7.3077 6.24976 6.18388 8.30413 12.0969 9.68367 8.16965 10.3601 8.60195 8.13138
threshold=49.95000000000001 1.0000000180025095e-35 64.15000000000002 89.050000000000011 61.95000000000001 55.850000000000001 60.750000000000007 46.550000000000004 45.350000000000001 45.050000000000004 43.750000000000007 12.900000000000004 24.550000000000004 38.750000000000007 48.95000000000001 73.050000000000011 483.00000000000006 40.850000000000001 70.65000000000002 85.250000000000014 58.750000000000007 49.750000000000007 55.650000000000013 61.350000000000001 61.850000000000001 46.650000000000013 1.0000000180025095e-35 51.45000000000001 19.750000000000011 5.6000000000000014
decision_type=2 10 2 2 2 2 2 2 2 2 2 10 2 2 2 2 2 2 2 2 2 2 2 2 2 2 8 2 8 8
left_child=9 2 17 4 -4 6 -3 8 11 10 12 -7 -1 15 -15 -9 -8 18 21 20 -19 -2 23 25 -25 29 -24 28 -28 -11
right_child=1 5 3 -5 -6 7 16 13 -10 22 -12 -13 -14 14 -16 -17 -18 19 -20 -21 -22 -23 26 24 -26 -27 27 -29 -30 -31
leaf_value=-0.044013422347378359 -0.010349605430841225 -0.0080247963997716592 0.0075931460247073597 0.014146702436630024 -0.050721390603054417 0.04338659547143825 0.00067640935674051028 0.0076204973797100173 0.070087528158889328 -0.04589975314954433 -0.02179688137933071 0.00082002062768112775 0.089075047823101272 0.039403443095561819 -0.0025248074061712932 0.059312536550711836 0.061329123808350455 0.002020058688866155 -0.02507324758357056 0.024609144520243181 0.0098545273924160737 0.0036535349827793331 -0.0075753524026890206 0.074423194706071866 0.0037689495099620519 -0.0030254164191171177 0.03012731782978121 -0.028104909139629541 0.0046565147296944789 -0.012499972258396974
leaf_weight=1.4413549924502138 117.24964519962668 570.9478334072046 7.775581945898014 11.486061179544775 23.749450562521815 13.447386390995232 11.645557982381435 47.42633247282356 7.9911493519321075 20.156271748477593 75.911002295208164 47.82811945816502 3.0983510392252356 13.106462892144917 915.16870601288974 9.5834996923804265 8.2538688257336599 2285.4846313097514 44.396690836176276 37.402825355529785 342.78818245464936 247.7150219285395 175.63645117892884 6.3684623723383984 99.945362053345889 508.86139782215469 36.095600181259215 22.264897832646966 409.73306494136341 198.86175998300314
leaf_count=196 1845 10063 202 134 219 422 162 547 191 776 1458 1505 189 120 8265 53 78 35062 287 165 4687 3660 2120 141 2309 15973 403 247 4704 7945
internal_value=-0.000264594 0.000593275 0.00209039 -0.0226385 -0.0362016 -0.0022407 -0.00685723 0.000341531 0.0173594 -0.0028899 -0.0178738 0.0102985 0.045704 -0.000851413 -0.00192325 0.0164863 0.0262648 0.00243863 -0.00347969 0.00334947 0.00304409 -0.000833062 -0.00206971 -0.00491209 0.00811426 -0.00682244 0.00160608 0.00506266 0.00673621 -0.0156161
internal_weight=6321.82 4763.45 3118.05 43.0111 31.525 1645.4 590.847 1054.55 69.2667 1558.37 80.4507 61.2755 4.53971 985.285 928.275 57.0098 19.8994 3075.04 409.361 2665.68 2628.27 364.965 1477.92 834.193 106.314 727.879 643.73 468.094 445.829 219.018
internal_count=104128 67667 46261 555 421 21406 10303 11103 2118 36461 1843 1927 385 8985 8385 600 240 45706 5792 39914 39749 5505 34618 27144 2450 24694 7474 5354 5107 8721
is_linear=0
shrinkage=0.05


Tree=130
num_leaves=31
num_cat=0
split_feature=26 8 1 6 0 32 27 28 30 1 7 35 34 16 1 7 30 18 35 9 7 8 1 1 8 1 27 6 9 30
split_gain=8.7411 9.34459 6.86961 8.56842 6.20734 7.07139 5.54482 8.2282 10.0332 7.40575 12.4348 8.32551 7.0598 10.7265 7.23105 6.77239 6.31951 6.31764 6.06737 4.9607 4.59762 5.21523 3.83515 10.4191 4.98331 4.40033 8.03691 3.78035 3.57414 3.38983
threshold=1.0000000180025095e-35 71.750000000000014 63.650000000000013 73.050000000000011 60.650000000000013 75.450000000000017 7.5000000000000009 2.5000000000000004 467.00000000000006 49.850000000000001 55.45000000000001 25.600000000000009 2.5000000000000004 54.750000000000007 49.050000000000004 59.250000000000007 415.00000000000006 5.5000000000000009 2.4000000000000008 50.050000000000004 61.750000000000007 43.550000000000004 56.95000000000001 57.850000000000001 56.850000000000001 54.95000000000001 6.5000000000000009 69.15000000000002 49.45000000000001 499.00000000000006
decision_type=2 2 2 2 2 2 2 2 2 2 2 10 10 2 2 2 2 2 8 2 2 2 2 2 2 2 2 2 2 2
left_child=2 4 6 -4 22 20 12 8 28 10 -9 -11 16 14 -14 -10 18 -18 -1 -15 21 -6 25 27 -25 26 -2 -24 -8 -3
right_child=1 29 3 -5 5 -7 7 9 15 11 -12 -13 13 19 -16 -17 17 -19 -20 -21 -22 -23 23 24 -26 -27 -28 -29 -30 -31
leaf_value=0.041972346776832745 -0.023100763202296551 -0.032174048939125885 -0.00018324705372652062 0.045823916736246646 -0.00017694807539015168 -0.023399973524306828 0.007901977388965014 -0.010663562679523585 -0.00050612075465844585 0.0077604648693508707 0.021931644464971027 0.036413661424607981 -0.024657211845540414 0.08724236439191535 -0.0048514799312662435 0.037273317138040669 0.039085505293748636 0.00064157176360738757 -0.017629802642979423 0.011545218597243563 -0.022404972952795033 0.032658319655820688 0.0099530814039482836 -0.021886532703566171 0.013116229431798673 -0.037570951905862349 0.022461277114242239 0.062630291950678457 -0.022916366065860713 -0.0053433830442940859
leaf_weight=4.4094331315718582 32.334674776764587 46.897231705952436 21.330243591219187 18.793090779334307 18.315827257465571 13.942905949428676 10.590441119857131 124.19905792293139 61.629993610549718 543.86297929123975 38.121524407528341 26.624025702243671 52.756975439493544 4.1376292023342085 372.17893425899092 14.517101919278501 10.616560418624429 4586.7465173304081 69.762825426179916 4.8578335538040847 6.6966327279806128 33.843807035591453 7.1419848073273879 35.479049703571945 13.969887393992392 20.44944662367925 13.611431666417046 6.9967812411487103 68.417961775441654 16.398708102758974
leaf_count=68 854 667 140 139 311 90 231 3697 870 7287 590 397 3920 165 10566 101 97 67904 2150 160 75 530 100 440 170 352 360 117 1222 216
internal_value=0.000312237 -0.00855366 0.000704185 0.0213018 -0.0032854 0.00835959 0.000565106 0.00421163 -0.00622923 0.00642962 -0.0029689 0.00911259 -6.82025e-05 -0.00616884 -0.0073274 0.00667022 0.000497525 0.000732285 -0.0139675 0.0474896 0.0159951 0.0210543 -0.0098472 -0.000982994 -0.0118904 -0.0182471 -0.00947506 0.0366291 -0.0187174 -0.025321
internal_weight=6299.63 266.078 6033.55 40.1233 202.782 72.7992 5993.43 887.963 155.155 732.808 162.321 570.487 5105.47 433.931 424.936 76.1471 4671.54 4597.36 74.1723 8.99546 58.8563 52.1596 129.983 63.5877 49.4489 66.3956 45.9461 14.1388 79.0084 63.2959
internal_count=103986 4282 99704 279 3399 1006 99425 14395 2424 11971 4287 7684 85030 14811 14486 971 70219 68001 2218 325 916 841 2393 827 610 1566 1214 217 1453 883
is_linear=0
shrinkage=0.05


Tree=131
num_leaves=31
num_cat=0
split_feature=5 33 27 28 4 9 16 2 28 16 8 18 32 29 1 32 1 2 37 32 4 6 6 33 32 13 13 29 1 35
split_gain=7.08243 6.88126 6.78033 10.1084 8.1706 7.06207 6.27471 6.20805 6.11359 10.0194 8.10578 7.71509 6.72003 5.88457 5.80687 6.65131 9.95793 5.78113 5.73923 4.75363 4.65298 4.40677 2.89818 4.59556 8.46656 2.03597 1.45598 1.04941 2.92669 0.70324
threshold=31.750000000000004 27.250000000000004 7.5000000000000009 2.5000000000000004 45.050000000000004 48.250000000000007 54.650000000000013 63.45000000000001 3.5000000000000004 43.95000000000001 23.950000000000003 15.500000000000002 44.95000000000001 55.750000000000007 50.750000000000007 56.050000000000004 44.850000000000001 37.150000000000013 68.338500000000025 74.65000000000002 58.050000000000004 65.950000000000017 67.350000000000009 39.250000000000007 53.050000000000004 52.95000000000001 47.550000000000004 53.500000000000007 53.550000000000004 2.7500000000000009
decision_type=2 2 2 2 2 2 2 2 2 2 2 2 2 2 2 2 2 2 2 2 2 2 2 2 2 2 2 2 2 8
left_child=19 6 8 4 -4 20 14 -7 10 -10 18 -11 -12 -6 15 17 -17 -2 -3 22 -5 -8 26 24 -24 -25 -1 28 -16 -29
right_child=1 2 3 5 13 7 21 -9 9 11 12 -13 -14 -15 27 16 -18 -19 -20 -21 -22 -23 23 25 -26 -27 -28 29 -30 -31
leaf_value=-0.0065896755764230834 0.081769015740664058 -0.017000926649038638 0.044579786612447748 0.017083819361543327 -0.016002464993938283 0.006884008050667959 0 0.035240688656276935 0.060477277099700903 -7.0767748615786652e-05 0.018132110151220803 -0.0065520543264769018 0.0014307910187216007 0.0055184540191968307 -0.045296346234514832 -0.019880571110235671 0.10094449026196886 -0.0171089377492822 0.0044444655972158678 0.041903142588359726 -0.044365422741027422 0.14626830912263575 -0.016257370929778574 -0.051197490403524185 0.17121972426040205 -0.00040580138653702262 -0.052701014238985468 -0.0024835309470387437 0.064715393519140796 -0.050218247603496573
leaf_weight=2.3181365530472311 1.4045284247258667 99.999846601625904 7.2026718081906429 4.104843911714851 104.76128130313009 724.31957572745159 0.99951681494712719 19.837612066417933 6.2305602065753183 1228.6703763736878 61.390768570709042 734.54069027607329 3096.9447201838484 45.085270367795601 1.8109149603405996 3.4081295884679994 3.15756856626831 56.508316011633724 44.799442935502157 2.2901272512972346 10.722873336402698 0.91621828579809517 1.6520010574022301 4.5298033556900901 0.80126132071018208 3.7927780880127102 12.287608797894789 1.0646318660583318 0.76823075651191164 13.536528643919155
leaf_count=124 183 1586 169 119 1577 10858 98 151 108 19009 2982 14321 41539 567 255 229 204 5785 1081 22 282 108 236 138 74 88 523 51 98 1421
internal_value=0.000295346 0.000407678 0.000601014 0.00457145 -0.00695603 0.00696391 -0.0138325 0.00765129 -8.7918e-05 -0.00229368 0.00122575 -0.00249852 0.00175757 -0.00949462 -0.0160161 -0.0090029 0.038119 -0.0144879 -0.0103329 -0.024896 -0.0270186 0.0729409 -0.0312601 -0.0108298 0.0473241 -0.0289239 -0.0458171 -0.0418433 -0.00946928 -0.0471184
internal_weight=6299.86 6272.19 6188.61 916.034 157.049 758.985 83.5746 744.157 5272.58 1969.44 3303.13 1963.21 3158.34 149.847 81.6588 64.4785 6.5657 57.9128 144.799 27.6717 14.8277 1.91574 25.3816 10.7758 2.45326 8.32258 14.6057 17.1803 2.57915 14.6012
internal_count=103986 102781 94349 13723 2313 11410 8432 11009 80626 33438 47188 33330 44521 2144 8226 6401 433 5968 2667 1205 401 206 1183 536 310 226 647 1825 353 1472
is_linear=0
shrinkage=0.05


Tree=132
num_leaves=31
num_cat=0
split_feature=5 36 0 12 30 0 31 29 28 20 33 7 14 5 30 0 9 13 7 35 14 28 3 7 37 37 17 3 30 36
split_gain=6.56105 6.51474 8.96593 9.4546 14.1291 12.9816 12.8703 12.4545 8.5919 7.33966 9.19392 16.81 9.44496 8.38331 10.0647 7.96027 6.58737 6.29753 10.3225 10.1907 9.26926 9.09833 13.6095 8.626 12.0843 11.5921 9.91804 6.91488 5.05727 4.78789
threshold=31.750000000000004 1.0000000180025095e-35 52.350000000000001 99.65000000000002 479.00000000000006 58.750000000000007 13.500000000000002 58.250000000000007 4.5000000000000009 1.0000000180025095e-35 52.45000000000001 47.750000000000007 48.45000000000001 73.950000000000017 479.00000000000006 50.550000000000004 49.45000000000001 48.850000000000001 45.550000000000004 8.2500000000000036 36.550000000000004 3.5000000000000004 39.95000000000001 55.150000000000013 44.030750000000005 49.948285714285724 2550.0000000000005 38.750000000000007 513.00000000000011 0.22500000000000003
decision_type=2 10 2 2 2 2 10 2 2 2 2 2 2 2 2 2 2 2 2 10 2 2 2 2 2 2 2 2 2 10
left_child=28 2 9 6 8 -6 7 -4 -5 13 11 -11 -12 15 -15 -2 -8 18 19 20 -3 22 -20 24 -19 -26 29 -23 -1 -25
right_child=1 17 3 4 5 -7 16 -9 -10 10 12 -13 -14 14 -16 -17 -18 23 21 -21 -22 27 -24 26 25 -27 -28 -29 -30 -31
leaf_value=-0.031133904593507213 0.0034330223091813441 0.058947241325192315 0.0020364004158939775 0.0065306258942612804 0.013696846589263659 0.045411815305231022 0.0075237242932319169 0.040087948925687997 -0.016468508970813481 -0.01095477424914751 0.0085232969752955384 0.013261810645108091 -0.0070076471028436421 0.040224733291911119 -0.0065062246163756013 -0.0066715346618971202 -0.040185367742833322 -0.023258978940518947 -0.029138405287237885 -0.025105072509758422 -0.0099716185762169975 0.029148219069886107 0.023019976019987023 -0.037903651422862686 0.016113139528100676 -0.0018854982924368571 0.0268001506114596 -0.00084993432084715678 0.042756480247517908 -0.010372877655154756
leaf_weight=24.665564257069494 978.98329883685801 7.6718420977704254 1297.580942697823 251.39980314671993 173.7760144053027 39.869982364587486 9.6409126939252001 21.786054668948054 48.252997942268848 112.18074820272159 109.21074950136244 197.42662285757251 918.05791536718607 30.322067322209477 18.239510886371136 243.04135819454677 26.748725085053593 57.506059925537556 13.976015752181409 57.731879226164892 12.80534658487886 20.366513459943235 108.02045425772667 16.547494515776634 102.7901114448905 684.36813574051484 17.453516497276723 309.99952779803425 2.4136360951233646 387.4100048141554
leaf_count=1125 20287 135 18475 3486 2127 428 170 240 1179 8680 1382 7678 9247 195 105 4017 419 711 203 1974 205 371 1413 90 1198 9422 139 5312 80 3493
internal_value=0.000279479 0.000386463 0.00140792 0.0040511 0.00983215 0.0196573 0.00185811 0.00267151 0.00280614 -0.000484898 -0.00307252 0.00447051 -0.00535099 0.00223382 0.0225927 0.00141891 -0.0274225 -0.00215576 0.0024108 -0.0143334 0.015767 0.00531928 0.0169847 -0.00407345 -0.00115125 0.000460229 -0.00991708 0.000992532 -0.0242308 -0.0115221
internal_weight=6300.24 6273.16 4476.52 1869.06 513.299 213.646 1355.76 1319.37 299.653 2607.46 1336.88 309.607 1027.27 1270.59 48.5616 1222.02 36.3896 1796.65 530.572 78.2091 20.4772 452.363 121.996 1266.08 844.664 787.158 421.411 330.366 27.0792 403.957
internal_count=103986 102781 78115 26524 7220 2555 19304 18715 4665 51591 26987 16358 10629 24604 300 24304 589 24666 9613 2314 340 7299 1616 15053 11331 10620 3722 5683 1205 3583
is_linear=0
shrinkage=0.05


Tree=133
num_leaves=31
num_cat=0
split_feature=26 8 36 0 27 15 35 31 13 35 35 28 13 6 31 8 35 17 20 16 0 28 33 31 36 33 9 36 3 9
split_gain=7.77124 8.68397 5.94414 10.5651 10.1405 13.9446 9.79598 7.99617 6.92519 6.98239 7.15611 6.6977 13.7022 10.6019 9.46298 8.78141 8.15217 6.6244 6.35059 6.22529 5.64036 5.49298 5.16601 5.57541 5.08147 4.9823 5.32174 6.06027 4.68144 4.43671
threshold=1.0000000180025095e-35 71.750000000000014 1.0000000180025095e-35 52.550000000000004 6.5000000000000009 50.150000000000013 16.400000000000006 12.500000000000002 83.250000000000014 1.4000000000000004 1.1000000000000003 3.5000000000000004 53.750000000000007 75.950000000000017 1.0000000180025095e-35 83.250000000000014 1.6000000000000005 2870.0000000000005 1.0000000180025095e-35 47.45000000000001 60.650000000000013 3.5000000000000004 78.65000000000002 3.5000000000000004 0.70833333333333337 71.850000000000009 49.750000000000007 0.90000000000000013 51.050000000000004 49.050000000000004
decision_type=2 2 10 2 2 2 10 8 2 8 10 2 2 2 10 2 10 2 2 2 2 2 2 8 10 2 2 10 2 2
left_child=2 20 3 8 17 6 -6 -7 9 10 -1 12 15 -14 -15 16 -4 21 -11 -13 -2 -5 23 -21 -3 26 29 -28 -17 -22
right_child=1 24 11 4 5 7 -8 -9 -10 18 -12 19 13 14 -16 28 -18 -19 -20 22 25 -23 -24 -25 -26 -27 27 -29 -30 -31
leaf_value=0.0027858361811097195 -0.0093796860360692482 -0.031361970895748145 -0.011893043656171196 0.0047341407234289421 -0.0035383195510275316 0.019149693709998802 0.026967885806652377 -0.024256721338274036 0.036862702381688178 0.0015723178098463683 0.037784043026268956 0.042974456513542085 -0.011978385226656917 0.037613035486133609 -0.0089265742557289619 0.00098086228559598186 0.013648221802645516 0.039983233617415515 -0.0033881717383478422 -0.0023792374711213661 0.022589535190073465 -0.0020651522659825058 0.036339326993576636 -0.010206582686253509 0.0047759642858825647 -0.018319467040170425 0.034609091885472086 -0.013259994353434987 -0.035272730075287015 -0.026525848484010323
leaf_weight=39.720045091817155 128.86579724680632 50.427950313780457 34.667158636264503 684.67327752988786 183.98483347170986 286.71984394756146 30.593086696462706 10.834741312544791 12.31657126219943 1259.384959618561 23.341445496305823 6.7849415773525825 195.98744932631962 22.627414465416223 20.70756502635777 19.518897921778262 294.02104042004794 11.372755547519771 1321.2030168534257 691.37035319907591 7.3950171070173409 523.32975414418615 7.4979449063539496 340.85155208036304 11.73035202315077 14.256290577352045 31.903802405577153 8.1045818044804019 15.87875000736676 11.610762693453578
leaf_count=452 2393 724 218 7471 2634 3710 589 156 124 24578 336 110 2133 226 206 192 3825 134 27232 10304 133 9687 38 5203 159 85 480 131 146 177
internal_value=0.000263623 -0.0081254 0.00063182 0.00159452 0.00463339 0.0105394 0.000798297 0.0175447 -0.000384831 -0.000561644 0.0158585 -0.00192512 0.00226454 -0.00701565 0.0152897 0.00837861 0.0109363 0.00214811 -0.000965437 -0.00434562 -0.0030665 0.00178449 -0.00466333 -0.0049695 -0.0244651 0.00796644 0.0144213 0.0247786 -0.0151945 -0.00713548
internal_weight=6301.68 264.295 6037.39 4387.47 1731.51 512.133 214.578 297.555 2655.97 2643.65 63.0615 1649.91 603.408 239.322 43.335 364.086 328.688 1219.38 2580.59 1046.5 202.136 1208 1039.72 1032.22 62.1583 73.2705 59.0142 40.0084 35.3976 19.0058
internal_count=103986 4282 99704 77103 24381 7089 3223 3866 52722 52598 788 22601 6946 2565 432 4381 4043 17292 51810 15655 3399 17158 15545 15507 883 1006 921 611 338 310
is_linear=0
shrinkage=0.05


Tree=134
num_leaves=31
num_cat=0
split_feature=30 34 6 22 37 36 35 7 7 0 29 0 27 18 6 1 18 29 1 13 35 17 32 34 37 19 17 36 15 13
split_gain=5.40841 7.23484 7.80324 7.60335 10.0781 8.24527 9.99424 6.23184 6.79808 7.5639 5.55538 5.19865 5.08653 7.15986 6.87582 8.12251 7.83583 10.028 7.11789 6.65983 10.0533 17.4029 6.27321 8.67671 13.2998 7.42871 6.09662 5.92434 6.38934 5.84921
threshold=437.00000000000006 1.0000000180025095e-35 57.550000000000004 1.0000000180025095e-35 70.603071428571454 -1.0000000180025095e-35 19.900000000000006 55.550000000000004 49.550000000000004 60.95000000000001 52.250000000000007 48.250000000000007 4.5000000000000009 6.5000000000000009 65.950000000000017 63.45000000000001 15.500000000000002 56.750000000000007 40.350000000000001 44.050000000000004 21.750000000000007 1550.0000000000002 75.65000000000002 1.0000000180025095e-35 69.50275000000002 1.0000000180025095e-35 2550.0000000000005 1.0000000180025095e-35 55.050000000000004 35.050000000000004
decision_type=2 10 2 2 2 8 10 2 2 2 2 2 2 2 2 2 2 2 2 2 8 2 2 10 2 2 2 10 2 2
left_child=1 2 11 4 5 -3 -7 8 9 -5 -10 -1 13 -2 19 16 18 -18 -16 20 21 -14 23 24 -15 -25 -24 28 -21 -22
right_child=12 3 -4 7 -6 6 -8 -9 10 -11 -12 -13 14 22 15 -17 17 -19 -20 27 29 -23 26 25 -26 -27 -28 -29 -30 -31
leaf_value=-0.029696482106170891 0.024970787135196841 -0.037703481293930398 0.036809667189938888 -0.019610244189457705 -0.023985789019800315 0.02437272008150133 -0.03908257739341886 -0.024033661117006638 0.039383709083366622 0.026272627043754861 -0.0017267154103157746 0.0035588580035219373 0.12511349643113753 0.0040962295562871074 -0.037359311017006291 0.038301768181720597 0.0052097816784746525 -0.0085893216722084647 0.0069566518746747331 -0.0017377871652676038 -0.029626221025550882 0.0071789457270804401 -0.0081637567493978175 -0.0053629225643620181 0.059875693058990813 0.0016164225532027954 0.02204821646539773 -0.0059404422607414326 0.0061173120173610429 0.013222073260061749
leaf_weight=12.749972477322443 26.208061857614666 7.1834700959734619 16.535687889903784 107.7183433228638 24.610096041578799 62.460386700928211 6.7430873601697376 80.492831062525511 8.9368500888813269 9.6233980741817486 89.14480369980447 136.58460843819194 5.1443173284642389 549.15511937625706 9.0105974026955646 17.393829951994121 296.35139750991948 236.59611489856616 1016.4624302220764 749.57549368473701 9.5707488944753987 8.0280089522711915 394.77147690393031 810.61699143692385 10.816825225949286 718.15087961452082 17.258991789072752 425.1676050957758 394.95944424136542 44.15400995593518
leaf_count=456 244 298 194 4225 988 1269 171 1320 342 213 1982 2792 114 8059 390 137 5875 4124 13923 13235 187 199 2404 16781 86 12639 102 5288 4916 1033
internal_value=0.000249058 -0.00442686 0.00432123 -0.00809546 0.00370949 0.0127173 0.0180701 -0.0121413 -0.00766543 -0.0157856 0.00200449 0.000668133 0.000708501 -0.000968413 0.00202916 0.00438662 0.00400245 -0.000907259 0.00655878 -0.000237823 0.0151963 0.0542094 -0.00124324 -0.000128439 0.00519313 -0.00208116 -0.00688107 -0.000899701 0.000968803 0.00545515
internal_weight=6302.18 562.784 165.87 396.913 100.997 76.3869 69.2035 295.916 215.423 117.342 98.0817 149.335 5739.39 2526.98 3212.41 1575.81 1558.42 532.948 1025.47 1636.6 66.8971 13.1723 2500.77 2088.74 559.972 1528.77 412.03 1569.7 1144.53 53.7248
internal_count=103986 14250 3442 10808 2726 1738 1440 8082 6762 4438 2324 3248 89736 40315 49421 24449 24312 9999 14313 24972 1533 313 40071 37565 8145 29420 2506 23439 18151 1220
is_linear=0
shrinkage=0.05


Tree=135
num_leaves=31
num_cat=0
split_feature=36 6 17 15 16 2 13 27 27 7 35 31 6 15 15 13 36 8 31 33 13 31 1 1 0 16 31 27 32 0
split_gain=8.43153 7.31396 11.8325 8.79292 8.28854 8.23676 6.8575 6.60651 6.51975 8.31641 6.40332 7.95212 8.41346 7.94271 13.4566 8.78433 7.44811 9.8962 7.39539 6.0842 6.06223 6.05315 6.03263 11.0214 5.69203 5.69004 6.093 12.3716 5.14705 4.91232
threshold=0.90000000000000013 45.050000000000004 1250.0000000000002 56.45000000000001 51.550000000000004 55.550000000000004 58.650000000000013 6.5000000000000009 1.5000000000000002 45.850000000000001 14.900000000000004 14.500000000000002 50.850000000000001 69.850000000000009 69.15000000000002 56.050000000000004 -1.0000000180025095e-35 16.550000000000004 -16.499999999999996 73.550000000000011 47.45000000000001 4.5000000000000009 54.95000000000001 51.350000000000001 50.650000000000013 49.150000000000013 15.500000000000002 4.5000000000000009 71.050000000000011 64.950000000000017
decision_type=10 2 2 2 2 2 2 2 2 2 10 10 2 2 2 2 8 2 8 2 2 8 2 2 2 2 10 2 2 2
left_child=1 2 3 6 5 -4 19 -5 9 -2 11 16 -13 14 15 -12 17 -3 -18 -1 -14 22 23 -11 -15 -10 29 -28 -26 -27
right_child=8 10 4 7 -6 -7 -8 -9 25 21 13 12 20 24 -16 -17 18 -19 -20 -21 -22 -23 -24 -25 28 26 27 -29 -30 -31
leaf_value=-0.0032748165473586166 -0.038293673001824333 0.054007281623767146 -0.028253633208227675 -0.038553625004382641 0.038852109966674819 0.0023758590165795048 0.044222613310722553 0.015480722831372327 0.032842738656204483 0.017935638702213798 0.0085302637550556306 0.026011310939489576 0.0073606457934184237 -0.042009374939192809 0.084086329302679952 -0.004041455837613595 -0.040959971503529639 -0.0077977881724014863 0.0010899986694638917 0.033875346374974365 -0.027789507218061438 -0.015608206959124677 -0.0025333173788100959 0.099405154642053684 -0.015595737828340929 -0.011847861151089533 0.090825725354918826 -0.016290490899848398 0.018686708869322482 0.03096824191903412
leaf_weight=44.677818176802248 6.5616752491332582 6.4853974960278711 94.000664422404952 16.953188423532996 5.8952841677237293 28.224538636393845 14.467936210334299 8.2391941919922811 7.8229005257599047 10.751692549325531 607.63337498588953 10.833973710658027 15.047785252798347 12.728804136160759 5.4182825321331611 179.46858288813382 10.375463547417892 340.84516769694164 4395.8138681469718 14.449633069336413 60.867791133001447 7.6184081933461121 7.4068115181289604 6.9267184222117058 33.866595362313092 346.53534516878426 4.3816794441081566 6.5575011391192675 15.976033639162777 6.6754351723939171
leaf_count=798 243 325 1939 207 100 345 169 98 159 255 12469 156 295 202 80 2194 287 12482 61519 79 1106 160 111 132 539 7524 104 153 109 95
internal_value=2.98772e-05 0.000511442 -0.00828763 0.00467299 -0.0183158 -0.0211436 0.01344 -0.0206926 -0.00689146 0.0124103 0.000863022 0.00015725 -0.0148344 0.00485174 0.00621031 0.00565726 0.000432198 -0.00661415 0.00098892 0.00576143 -0.0207558 0.0228218 0.0347071 0.0505177 -0.0122585 -0.00894517 -0.00986539 0.026596 -0.00449167 -0.011016
internal_weight=6333.51 5922.27 226.908 98.7878 128.12 122.225 73.5954 25.1924 411.238 39.2653 5695.36 4840.27 86.7496 855.092 792.52 787.102 4753.52 347.331 4406.19 59.1275 75.9156 32.7036 25.0852 17.6784 62.5714 371.973 364.15 10.9392 49.8426 353.211
internal_count=104434 95498 3735 1351 2384 2284 1046 305 8936 901 91763 76170 1557 15593 14743 14663 74613 12807 61806 877 1401 658 498 387 850 8035 7876 257 648 7619
is_linear=0
shrinkage=0.05


Tree=136
num_leaves=29
num_cat=0
split_feature=36 13 33 28 35 31 15 15 32 36 8 31 13 28 0 4 9 9 13 3 0 16 16 3 35 4 22 0
split_gain=7.65956 7.24769 9.66412 6.54347 6.20669 8.27574 8.18673 10.7847 8.9987 7.18936 8.39237 7.32236 5.85916 5.63593 5.58952 5.86225 5.51949 5.82253 6.16467 5.5063 5.29764 5.23018 5.04378 3.15062 2.4757 2.24948 0.638434 0.240604
threshold=0.90000000000000013 78.250000000000014 62.050000000000004 2.5000000000000004 14.900000000000004 14.500000000000002 69.850000000000009 69.15000000000002 66.65000000000002 -1.0000000180025095e-35 16.550000000000004 -16.499999999999996 47.45000000000001 3.5000000000000004 50.650000000000013 90.250000000000014 73.850000000000009 51.500000000000007 45.95000000000001 35.650000000000013 56.650000000000013 55.050000000000004 49.150000000000013 46.750000000000007 8.6000000000000032 64.950000000000017 1.0000000180025095e-35 57.550000000000004
decision_type=10 2 2 2 10 10 2 2 2 8 2 8 2 2 2 2 2 2 2 2 2 2 2 2 10 2 2 2
left_child=1 4 3 -3 5 9 7 8 -6 10 -1 -11 13 -7 26 -16 17 19 25 -2 -18 22 -21 -14 -20 -19 -8 -26
right_child=16 2 -4 -5 6 12 14 -9 -10 11 -12 -13 23 -15 15 -17 20 18 24 21 -22 -23 -24 -25 27 -27 -28 -29
leaf_value=0.047063763358564471 0.046451017230264784 0.01586104058768353 -0.00028872114653385615 0.086937784534722798 0.0097227041976865759 -0.014790659058781831 -0.029253644856776506 0.072566057631569356 -0.00075270554328139719 -0.040884304488681369 -0.0079952904204263053 0.00058025212932786598 -0.036597744770170984 0.041082434549005779 -0.013553785995088606 0.029409166061566974 -0.0044906965269803697 0.037363561545654254 -0.010452400006117073 0.033628524794225539 0.052896844224401697 0.041046582327158951 -0.0083313071481725641 -0.014096806309356974 -0.05472574582276292 -0.015412214735928768 -0.055014970438196122 -0.035952095359126697
leaf_weight=6.9388764256145796 4.8246128116734317 6.0585427386686224 16.837879112921655 7.5373045727610588 457.11417298472952 9.9330284104216862 6.8863013945519924 5.8667417047545305 370.13211114425212 10.569467880763112 349.06069752504118 4539.3083518288331 24.126970731187612 8.008533225161953 41.966068062931299 9.6450073579326254 8.3531766207888705 3.7771943821571794 5.6149374172091511 7.1732415044680229 7.3811992285773149 5.5213250657543531 344.0453137930017 47.711676020175219 13.051706249825658 3.9739308226853609 6.1434526522643846 5.262974949553608
leaf_count=333 115 103 107 135 11942 174 96 82 3394 309 12859 63713 442 163 588 90 193 108 95 147 142 121 7516 849 310 92 119 97
internal_value=2.69973e-05 0.000484729 0.0247844 0.0559769 0.000357978 -0.000328979 0.00418581 0.0055204 0.00503016 -5.25028e-05 -0.00689516 0.000481934 -0.015364 0.00996162 -0.0129195 -0.00538689 -0.00658927 -0.00776241 -0.0283255 -0.00593949 0.0222788 -0.00667486 -0.00745076 -0.0217636 -0.040878 0.00981738 -0.0421073 -0.0498269
internal_weight=6332.82 5923.85 30.4337 13.5958 5893.41 4995.66 897.754 833.113 827.246 4905.88 356 4549.88 89.7802 17.9416 64.6408 51.6111 408.98 393.245 31.6807 361.564 15.7344 356.74 351.219 71.8386 23.9296 7.75113 13.0298 18.3147
internal_count=104434 95498 345 238 95153 78842 16311 15418 15336 77214 13192 64022 1628 337 893 678 8936 8601 702 7899 335 7784 7663 1291 502 200 215 407
is_linear=0
shrinkage=0.05


Tree=137
num_leaves=31
num_cat=0
split_feature=36 6 17 15 16 2 18 27 27 5 0 2 0 35 5 5 31 37 0 5 37 6 9 30 31 27 16 12 0 18
split_gain=6.95446 6.67575 10.7968 7.97175 7.50412 7.67735 8.31016 6.18469 5.87552 14.3455 5.66288 6.92152 6.16729 5.42182 9.64126 7.33026 9.34 6.16545 12.4258 10.6483 7.6772 6.15995 6.47646 5.85689 4.76844 10.7463 5.54571 6.37609 16.2691 6.10902
threshold=0.90000000000000013 45.050000000000004 1250.0000000000002 56.45000000000001 51.550000000000004 55.550000000000004 14.500000000000002 6.5000000000000009 1.5000000000000002 63.45000000000001 46.850000000000001 57.45000000000001 44.050000000000004 26.900000000000006 39.050000000000004 60.050000000000004 4.5000000000000009 82.619642857142864 41.250000000000007 58.250000000000007 86.750000000000014 80.950000000000017 48.350000000000001 405.00000000000006 15.500000000000002 4.5000000000000009 49.95000000000001 61.250000000000007 62.95000000000001 14.500000000000002
decision_type=10 2 2 2 2 2 2 2 2 2 2 2 2 10 2 2 10 2 2 2 2 2 2 2 10 2 2 2 2 2
left_child=1 2 3 10 5 -4 -7 -5 9 -2 12 -12 -1 17 -15 16 -16 21 19 -19 -20 23 -23 -3 26 -26 29 28 -28 -10
right_child=8 13 4 7 -6 6 -8 -9 24 -11 11 -13 -14 14 15 -17 -18 18 20 -21 -22 22 -24 -25 25 -27 27 -29 -30 -31
leaf_value=0.0027908115044417777 -0.00088906045425920361 -0.019580599888126372 -0.027422072299328082 -0.03772923729087 0.035985588273625684 -0.02690333697317418 0.027248324749854547 0.014583290467252008 -0.014760668638997007 0.081670791216876815 -0.0013036890159492795 0.038197448596637103 0.085140046447478634 -0.035780230802091383 0.021373014755611142 -0.0039621240373523972 -0.0061846150340663254 0.019678397974662636 -0.024752138337904388 0.18925335486971079 0.022711726479382393 -0.030419110197088324 0.0075242806559796989 0.00031973166615687073 0.080474125249591688 -0.016877450518246503 -0.0043461160539706055 -0.013681612595484484 0.081381167636478263 0.0589073983681416
leaf_weight=4.2598974145948869 33.365871352143586 37.149616488371976 92.088248403277248 16.537988852243874 6.048154102638363 12.998814154416324 15.295036577153949 8.3213694402948004 4.9785083304159325 6.1213624347001305 50.766062503447756 14.011287488043306 5.136384443147108 11.913664755411444 139.67957350960933 67.429509532172233 39.03708284534514 4.1603081586072213 65.39695735857822 1.1363159031607208 9.6047166325151903 11.419672426301984 408.90193826018367 4904.7038775162073 4.7142945462837798 6.6832581055350602 57.978827073937282 280.99029132607393 6.0111919241026035 6.0386039982549846
leaf_count=143 845 1437 1939 207 100 149 196 98 90 56 677 133 93 446 2514 612 770 563 2055 32 333 285 7126 75590 105 157 1430 6033 88 132
internal_value=2.43425e-05 0.000459336 -0.00797511 0.00434535 -0.0176611 -0.0204255 0.00218664 -0.0200297 -0.00629735 0.0119571 0.0125979 0.00720901 0.0487553 0.000793941 0.00787516 0.0100221 0.0153255 0.000457121 -0.0132834 0.0598176 -0.0185852 0.000664061 0.00647452 0.000168729 -0.00827565 0.0233043 -0.00930701 -0.0104348 0.00374346 0.0253345
internal_weight=6332.88 5926 225.463 99.033 126.43 120.382 28.2939 24.8594 406.882 39.4872 74.1736 64.7773 9.39628 5700.53 258.06 246.146 178.717 5442.47 80.2983 5.29662 75.0017 5362.18 420.322 4941.85 367.395 11.3976 355.997 344.98 63.99 11.0171
internal_count=104434 95498 3735 1351 2384 2284 345 305 8936 901 1046 810 236 91763 4342 3896 3284 87421 2983 595 2388 84438 7411 77027 8035 262 7773 7551 1518 222
is_linear=0
shrinkage=0.05


Tree=138
num_leaves=18
num_cat=0
split_feature=13 35 6 17 16 28 8 2 0 13 9 5 35 35 2 12 5
split_gain=6.95911 5.52893 5.23849 8.89494 5.5825 7.76344 4.96946 4.90534 4.60686 12.2869 12.1651 4.43165 8.53949 5.22978 4.2191 2.41987 1.41376
threshold=83.250000000000014 0.20000000000000007 45.050000000000004 1250.0000000000002 51.550000000000004 3.5000000000000004 26.850000000000005 57.45000000000001 29.850000000000005 53.150000000000013 50.250000000000007 38.850000000000001 21.750000000000007 14.900000000000004 59.850000000000001 64.850000000000009 53.850000000000001
decision_type=2 8 2 2 2 2 2 2 2 2 2 2 10 8 2 2 2
left_child=1 14 3 6 5 -5 16 -8 9 10 -4 12 -10 -13 -1 -11 -3
right_child=-2 2 8 4 -6 -7 7 -9 11 15 -12 13 -14 -15 -16 -17 -18
leaf_value=0.038333238260813217 0.034629728222025598 0.054147870279259228 0 -0.026651626065658005 0.028129574111576433 0.00061946281380875572 -0.0060907424183278113 0.021757932875760361 -0.0030520202931528522 -0.019534928572094386 0.22568346679995918 -0.0014416963278393465 -0.031877742477705341 0.0016106615931377691 0 0.0551415199489824 0.015314471176200169
leaf_weight=16.39063057303429 14.393070342019199 5.3017436503432673 1.0101664429530486 87.674539130646735 6.5739452238194636 36.628186151850969 76.391065240139142 19.826784258708358 218.60427040862851 4.5021247366676107 1.3274089036276562 2381.6466299440945 29.119229612406343 3413.6121435352834 12.918726155534385 1.3146839338587595 5.1473799562081695
leaf_count=148 136 138 147 1627 109 796 1114 187 8895 391 88 33673 1272 55430 74 145 64
internal_value=2.17575e-05 -5.68387e-05 -0.000158774 -0.00744104 -0.0161773 -0.0185814 0.00323632 -0.000283662 0.000126391 0.0374555 0.131716 7.45723e-05 -0.00647208 0.000355384 0.0215708 -0.00116522 0.0358185
internal_weight=6332.38 6317.99 6288.68 237.544 130.877 124.303 106.667 96.2178 6051.14 8.15438 2.33758 6042.98 247.724 5795.26 29.3094 5.81681 10.4491
internal_count=104434 104298 104076 4035 2532 2423 1503 1301 100041 771 235 99270 10167 89103 222 536 202
is_linear=0
shrinkage=0.05


Tree=139
num_leaves=25
num_cat=0
split_feature=36 13 6 17 7 4 1 1 7 12 0 37 18 33 15 33 0 28 15 8 8 2 15 4
split_gain=6.27606 6.00156 5.9156 10.0582 8.24678 7.67301 7.85062 5.89546 5.13046 5.03449 9.32005 6.953 6.42558 5.65085 5.31606 4.15319 5.02199 5.66508 8.55563 5.28492 3.31917 3.14066 2.48904 1.47252
threshold=0.90000000000000013 83.250000000000014 45.050000000000004 1250.0000000000002 63.45000000000001 81.050000000000011 45.550000000000004 54.45000000000001 42.050000000000004 73.050000000000011 66.250000000000014 82.783000000000015 8.5000000000000018 84.350000000000009 44.850000000000001 73.750000000000014 64.350000000000009 3.5000000000000004 68.950000000000017 77.750000000000014 35.250000000000007 56.45000000000001 52.650000000000013 83.65000000000002
decision_type=10 2 2 2 2 2 2 2 2 2 2 2 2 2 2 2 2 2 2 2 2 2 2 2
left_child=1 2 3 4 7 6 -5 -1 20 10 12 13 -4 -11 -13 16 17 19 -19 -10 22 -7 -2 -22
right_child=8 -3 9 5 -6 21 -8 -9 15 11 -12 14 -14 -15 -16 -17 -18 18 -20 -21 23 -23 -24 -25
leaf_value=0.0039644161181192619 -0.026258628329878658 0.032260930440906943 0.0082528033390362326 -0.048245171389439866 0.053131254181828472 -0.041594843563873107 -0.0017839947296448577 -0.039648972853429554 -0.0009164075503232511 0.0021985935556748178 -0.043685332757873584 0.014694581838183327 -0.0012189731366314008 0.021519962685335528 -0.031615152205117646 -0.032675816119859931 0.030727777286958635 -0.011868549999084823 0.017662659306425941 0.025991773306754437 -0.051437399703602719 -0.0081818764624104427 0.050114175853691711 -0.013761292019521429
leaf_weight=82.944931688020006 2.1917448949534473 14.677129119634627 191.50616834312677 10.416884383186696 7.8040805347263804 33.292968625901267 69.236207990557887 8.4453892516903561 81.45917679881677 2696.9798764620209 12.506512183230369 7.9496954630594692 2718.3683449366363 38.350624013692141 25.449169061263092 12.795671962201594 10.13764880876988 230.47282692743465 27.231184540316463 23.297161154914647 11.141127579379825 9.4804674163460714 1.8504722907673565 4.0089310221374026
leaf_count=1218 134 136 1977 428 49 449 1400 80 1641 40883 148 311 47273 183 863 74 144 5353 463 385 517 100 81 144
internal_value=2.03464e-05 0.000432434 0.000352036 -0.00765865 0.00413279 -0.0172489 -0.00797567 -5.01828e-05 -0.00600322 0.000664993 -0.000781244 0.00219327 -0.000593631 0.00247209 -0.0204322 -0.004727 -0.00374526 -0.00473144 -0.008723 0.0050392 -0.0312141 -0.034342 0.00786251 -0.0419512
internal_weight=6331.99 5927.41 5912.73 221.621 99.1944 122.427 79.6531 91.3903 404.586 5691.11 2922.38 2768.73 2909.87 2735.33 33.3989 385.394 372.598 362.46 257.704 104.756 19.1923 42.7734 4.04222 15.1501
internal_count=104434 95498 95362 3724 1347 2377 1828 1298 8936 91638 49398 42240 49250 41066 1174 8060 7986 7842 5816 2026 876 549 215 661
is_linear=0
shrinkage=0.05


Tree=140
num_leaves=31
num_cat=0
split_feature=34 6 32 8 13 33 6 13 32 8 3 35 8 33 16 32 32 32 33 8 18 29 3 35 1 32 1 1 27 14
split_gain=7.50932 9.60431 12.5977 8.6078 7.06081 7.97244 12.719 7.79381 6.53301 6.43894 6.80713 6.57412 10.1707 6.55478 10.2895 6.43291 11.134 6.36129 10.2781 9.30265 6.3601 6.24741 5.80866 5.78003 7.45555 9.02154 6.16115 11.1629 5.89184 5.74304
threshold=1.0000000180025095e-35 69.450000000000017 67.450000000000017 49.95000000000001 49.95000000000001 63.050000000000004 73.850000000000009 45.550000000000004 61.850000000000001 49.850000000000001 61.150000000000013 31.600000000000009 53.850000000000001 27.250000000000004 54.650000000000013 67.750000000000014 65.450000000000017 48.750000000000007 50.650000000000013 35.850000000000001 6.5000000000000009 56.750000000000007 46.650000000000013 5.4000000000000012 54.350000000000001 62.95000000000001 47.150000000000013 47.650000000000013 7.5000000000000009 29.250000000000004
decision_type=8 2 2 2 2 2 2 2 2 2 2 10 2 2 2 2 2 2 2 2 2 2 2 10 2 2 2 2 2 2
left_child=1 -1 4 -4 7 6 -6 -3 -9 10 23 13 21 14 -11 16 -14 -12 19 -19 -15 -13 -22 24 25 -2 -25 -28 -26 -20
right_child=9 2 3 -5 5 -7 -8 8 -10 11 17 12 15 20 -16 -17 -18 18 29 -21 22 -23 -24 26 28 -27 27 -29 -30 -31
leaf_value=0.0015117037802910502 -0.0041750062915731434 0.044644125034931842 0.026511988137877196 -0.0061332100093958314 0.10217231184242044 0.015391291478420298 0.033316487039389421 -0.036388157083034896 0.025149533102329071 -0.028006745017710201 -0.03673873824424688 0.019161958763966619 0.0082411973028897537 0.02166930767976407 0.12401923359607783 -0.0091440306847297478 0.072536018147337164 0.066333603558884111 -0.021626958556239723 0.0028554225907697212 -0.0032517227797653316 0.095328789958699964 0.00123650219013463 -0.013741944003665267 -0.0061583264442732887 -0.022091117740014224 0.043959833281044636 -0.00072563417358149809 0.0091671129060393684 0.010168020387736254
leaf_weight=950.45553065673448 129.82260518730618 9.3667929107323307 27.3323615770787 76.087461555376649 10.01507291570306 21.021152420900762 21.495098680723459 10.563510240986945 7.0662480173632494 31.157720768707804 7.1683567240834227 5.6652530264109355 42.866827563848346 33.687160348519683 1.0459671725984652 35.381481936201453 7.959340898320078 14.006954301847147 18.287814391776919 10.071869019418953 1037.0579373835353 5.5260104108601809 2363.2181702251546 89.428722297307104 378.13178251346108 155.28619750007056 14.174855731194837 665.19881844194606 74.866278678644449 61.771686859894544
leaf_count=11011 6278 178 180 447 168 156 324 196 72 4135 430 103 1048 288 128 299 96 421 190 277 17331 104 35563 3755 4018 2012 449 13066 760 616
internal_value=-0.0001479 0.00353757 0.0140285 0.00246342 0.0289832 0.0396729 0.0556135 0.00792865 -0.0114383 -0.000955035 -0.00357066 0.000231385 0.0130365 -0.00012736 -0.0225456 0.00711695 0.0185306 0.00834079 0.0115241 0.0401099 8.20726e-05 0.0577255 -0.000130957 -0.0044543 -0.00761593 -0.013955 -0.00141181 0.000205684 -0.00361302 0.00282487
internal_weight=6315.19 1133.4 182.948 103.42 79.5279 52.5313 31.5102 26.9966 17.6298 5181.78 1618.22 3563.57 97.3989 3466.17 32.2037 86.2077 50.8262 111.307 104.138 24.0788 3433.96 11.1913 3400.28 1506.91 738.107 285.109 768.802 679.374 452.998 80.0595
internal_count=104099 12732 1721 627 1094 648 492 446 268 91367 32272 59095 1650 57445 4263 1443 1144 1934 1504 698 53182 207 52894 30338 13068 8290 17270 13515 4778 806
is_linear=0
shrinkage=0.05


Tree=141
num_leaves=31
num_cat=0
split_feature=2 33 31 7 7 2 30 33 35 13 6 7 2 31 32 7 7 28 32 21 8 17 8 13 35 8 15 8 14 30
split_gain=6.78837 13.2401 16.4247 13.8776 8.44365 8.27188 7.79793 7.37676 7.05631 12.9678 8.28246 6.95797 6.48858 8.60719 6.39525 25.3136 6.33079 6.29839 8.24349 6.8438 6.23403 6.08295 6.07894 8.04795 8.18972 6.62654 8.67308 5.81925 5.43245 5.40402
threshold=55.550000000000004 50.250000000000007 -2.4999999999999996 56.350000000000001 80.550000000000011 65.050000000000011 507.00000000000006 74.050000000000011 25.400000000000006 46.95000000000001 47.050000000000004 41.650000000000013 49.250000000000007 6.5000000000000009 43.750000000000007 57.850000000000001 53.750000000000007 4.5000000000000009 40.45000000000001 1.0000000180025095e-35 73.450000000000017 1850.0000000000002 62.150000000000013 58.850000000000001 24.600000000000005 80.850000000000009 35.95000000000001 61.350000000000001 25.850000000000005 485.00000000000006
decision_type=2 2 8 2 2 2 2 2 10 2 2 2 2 10 2 2 2 2 2 2 2 2 2 2 8 2 2 2 2 2
left_child=4 2 8 22 11 14 7 20 10 -10 -2 12 29 -14 15 -4 -16 -13 -19 -20 -5 -8 23 27 -25 26 -24 -3 -12 -1
right_child=1 3 5 6 -6 -7 21 -9 9 -11 28 17 13 -15 16 -17 -18 18 19 -21 -22 -23 25 24 -26 -27 -28 -29 -30 -31
leaf_value=-0.029197898660478894 0.058744888061254941 -0.00018603552387189135 0.018225479831199803 -0.016438883757315701 0.044727161682998159 0.079108424382888967 -0.00056725327047631277 0.0055193330692409545 -0.02155993202075434 0.060060006273272459 0.0052618477066168484 -0.0002330181600377154 5.4967018576034717e-05 -0.038077086366066888 0.022357081156723385 0.1632936630700362 0.0029665587250022711 -0.041516765781876075 -0.0098308986126877315 0.0044792030467095713 -0.0011095062829381899 0.028542688015661045 -0.016260068431022946 0.0012086474264491618 0.050042682921983855 -0.001908035656787124 0.012293184334496029 -0.031040377744173148 -0.030402418386263941 0.00010801653301488188
leaf_weight=58.328632754972205 3.3409316653851411 659.66967147495598 17.080355437239636 252.04762793704867 9.8386256769299489 5.6483091721311203 77.196770871058106 68.597730651497841 9.6816161568276602 9.4945279418025148 14.203431444009764 3585.0617291432573 143.58458666317165 16.366135009215213 108.79753357591107 3.5895876176655284 69.726600692141801 16.369330670917407 265.66597646125592 121.23736685561016 90.986716663464904 23.157361418008804 28.268866505473852 19.003647008910775 15.901006840169428 146.72615204006433 397.81620806921273 15.554199424572287 40.060286136111245 21.061121484497562
leaf_count=3284 69 6827 917 2044 51 71 536 319 287 251 436 58814 5274 653 3353 114 1465 1237 7891 1534 656 159 258 175 145 1190 3770 164 1251 904
internal_value=-0.000141632 0.00219939 0.0122777 0.000614731 -0.00129003 0.0196744 -0.00634061 -0.00939184 -0.00739084 0.0186944 -0.0161784 -0.00139936 -0.00968003 -0.00383681 0.0179252 0.044324 0.0148176 -0.000900951 -0.0068249 -0.00533387 -0.012389 0.00612201 0.00339459 0.000295919 0.0236775 0.00722665 0.0103837 -0.000908679 -0.0209829 -0.0213701
internal_weight=6314.06 2076.55 281.623 1794.93 4237.51 204.842 511.986 411.632 76.7808 19.1761 57.6046 4227.67 239.34 159.951 199.194 20.6699 178.524 3988.33 403.273 386.903 343.034 100.354 1282.94 710.129 34.9047 572.811 426.085 675.224 54.2637 79.3898
internal_count=104099 24457 8214 16243 79642 5920 3714 3019 2294 538 1756 79591 10115 5927 5849 1031 4818 69476 10662 9425 2700 695 12529 7311 320 5218 4028 6991 1687 4188
is_linear=0
shrinkage=0.05


Tree=142
num_leaves=31
num_cat=0
split_feature=2 33 31 7 3 30 31 3 36 22 4 33 29 7 2 0 30 4 33 18 3 31 7 30 31 3 0 18 31 35
split_gain=6.11449 11.7797 14.5268 12.5449 9.20553 14.8 13.1277 7.70099 9.84494 9.25108 10.44 8.99382 8.81937 7.53562 7.10731 7.85984 7.08045 8.05414 6.7245 7.83414 6.38555 11.409 6.35517 6.24651 9.22997 8.08115 6.28661 6.25423 5.89887 5.8934
threshold=55.550000000000004 50.250000000000007 -2.4999999999999996 56.350000000000001 59.150000000000013 491.00000000000006 5.5000000000000009 43.050000000000004 0.29166666666666669 1.0000000180025095e-35 61.250000000000007 62.250000000000007 56.750000000000007 80.550000000000011 65.250000000000014 59.250000000000007 507.00000000000006 61.050000000000004 74.050000000000011 9.5000000000000018 42.050000000000004 -7.4999999999999991 41.650000000000013 459.00000000000006 -7.4999999999999991 45.150000000000013 62.750000000000007 8.5000000000000018 2.5000000000000004 9.6000000000000032
decision_type=2 2 8 2 2 2 10 2 10 2 2 2 2 2 2 2 2 2 2 2 2 10 2 2 8 2 2 2 10 8
left_child=13 2 20 7 14 6 -6 9 12 -3 -11 -10 -9 22 15 -4 18 -18 19 -5 21 -2 23 26 25 -25 -1 -26 -19 -24
right_child=1 3 4 16 5 -7 -8 8 11 10 -12 -13 -14 -15 -16 -17 17 28 -20 -21 -22 -23 29 24 27 -27 -28 -29 -30 -31
leaf_value=-0.022146506578967509 0.08250950398249228 -0.022226530789974754 0.018688529862680436 0.010072680351231957 0.10669496646189849 0.0010282049798699844 0.0060142315558312639 0.015626644177461024 0.0097808628225650052 -0.025181440137516282 0.0059775732932294632 -0.0051542055552695094 0.0032438263289722535 0.041973231115887279 0.077163938339135554 -0.0056863351831910264 0.03405204561557288 0.0087408784750246677 0.0052356997422578176 -0.014476941455991954 -0.013832149420200186 -0.011404957114774907 -0.0045178207346944057 0.10941340948662588 0.04325118883062528 0.013835349255486344 0.065532476635654383 -0.0089679745182975595 -0.019482093909656207 0.00015135532091919805
leaf_weight=84.360728508443572 5.0666999206878236 57.669831724837422 133.63728020526469 36.061181988567114 10.967084349365907 11.096556578762828 4.7469649941194794 289.18883361387998 148.58795194420964 32.334699848666787 156.73174763284624 312.75119395181537 288.48294316790998 9.9631654471158964 4.3189134025014928 43.510059185791761 20.079385699704289 52.009131280705333 68.700873680412769 304.46172878518701 62.809436317533255 8.3983694300986809 861.65448325988837 2.9735045975539824 5.8658714701887211 8.6007800473598746 1.9732345519587386 133.55690778978169 28.580046992748976 3123.5821410035715
leaf_count=4383 172 602 3858 215 273 282 120 2620 2212 399 1583 2297 2816 51 54 1333 154 344 319 2485 1865 257 14428 142 139 369 48 5034 197 55048
internal_value=-0.000136104 0.00208262 0.0115335 0.000581622 0.0183745 0.0457613 0.0768274 0.00321595 0.00510391 -0.00471285 0.000611741 -0.000332011 0.00945309 -0.00122776 0.0142777 0.0126737 -0.00605064 0.00579428 -0.0089774 -0.0118603 -0.00708082 0.0239128 -0.00133187 -0.00928095 -0.00310357 0.0395451 -0.0200112 -0.00670572 -0.00121786 -0.000857008
internal_weight=6312.72 2080.19 284.551 1795.64 208.277 26.8106 15.714 1285.75 1039.01 246.736 189.066 461.339 577.672 4232.53 181.466 177.147 509.892 100.669 409.224 340.523 76.2745 13.4651 4222.57 237.331 150.997 11.5743 86.334 139.423 80.5892 3985.24
internal_count=104099 24457 8214 16243 5920 675 393 12529 9945 2584 1982 4509 5436 79642 5245 5191 3714 695 3019 2700 2294 429 79591 10115 5684 511 4431 5173 541 69476
is_linear=0
shrinkage=0.05


Tree=143
num_leaves=29
num_cat=0
split_feature=16 34 7 31 6 8 7 3 13 13 0 31 17 33 15 1 3 29 7 33 33 6 15 27 33 33 33 7
split_gain=6.92655 6.44044 11.4403 13.1313 12.5186 10.815 9.04231 8.15483 8.03775 12.9465 9.13611 7.39134 6.34476 8.8891 6.44925 7.09112 6.97063 6.10451 8.15285 7.17441 5.63836 5.40707 4.97773 8.86163 4.89227 3.04118 6.49732 2.58048
threshold=67.550000000000011 1.0000000180025095e-35 49.45000000000001 2.5000000000000004 55.350000000000001 27.250000000000004 77.15000000000002 50.850000000000001 55.350000000000001 54.45000000000001 56.250000000000007 3.5000000000000004 1075.0000000000002 49.750000000000007 47.250000000000007 43.650000000000013 65.750000000000014 57.750000000000007 44.750000000000007 77.350000000000009 85.250000000000014 93.050000000000011 44.45000000000001 5.5000000000000009 38.650000000000013 71.050000000000011 67.65000000000002 47.850000000000001
decision_type=2 8 2 10 2 2 2 2 2 2 2 10 2 2 2 2 2 2 2 2 2 2 2 2 2 2 2 2
left_child=1 2 3 8 6 -6 11 -7 9 -1 -10 -4 13 22 15 27 -17 19 -19 -5 21 -16 23 -3 -24 26 -15 -14
right_child=-2 12 4 17 5 7 -8 -9 10 -11 -12 -13 14 25 20 16 -18 18 -20 -21 -22 -23 24 -25 -26 -27 -28 -29
leaf_value=0.017225134148491455 -0.048274693764909005 -0.00044177471254258155 -0.010031365955164458 -0.013448521990730279 0.050664261701424108 0.01694048048804624 0.038548353813832176 -0.003542607290400335 -0.0031506004821060976 0.058819611054982381 0.031153986016241898 0.0029885862107625082 -0.043757493049363723 -0.02186813272534054 0.00047471284842238158 -0.0031232266212295827 0.042962223774573975 0.068793983458937391 -0.0010856291071742125 0.0217140359317788 0.022013065721701006 -0.036805216909634557 -0.033797907240319169 0.12520406487673738 0.022637843781044442 -0.035356973557564529 0.025239483184388213 -0.014409695746553378
leaf_weight=163.44785338686779 7.3622900226619086 2.992200753651562 334.23437928361818 92.622206144034863 14.958907335996626 95.958958839066327 11.648159738630055 97.63556837849319 82.83636193559505 21.222540935035795 25.17173186596483 160.92807094193995 13.068895471747963 44.071852807421237 3573.6660140885506 1414.8371350527741 8.1397599901538324 6.294952605385336 11.61784050054848 17.013995014131069 30.264625448733568 9.6502601625397784 6.1371546343434629 2.4175288160331547 9.8756010027136636 25.66726235486567 8.5953020416200143 19.496865204069763
leaf_count=2611 160 130 3299 1476 151 814 59 767 1020 248 253 1604 1071 653 61454 25587 118 135 182 96 140 102 408 105 317 175 76 888
internal_value=-0.000130416 -7.26359e-05 0.00333582 0.00988321 -0.000504173 0.00979612 -0.00475372 0.00658793 0.0157195 0.0220615 0.0048194 -0.00579003 -0.000822484 -0.0133059 -0.000575576 -0.00338599 -0.00285309 -0.00347163 0.0234396 -0.00793141 0.000555132 0.000371894 0.0150476 0.0560533 0.000622074 -0.0211329 -0.0140521 -0.0264382
internal_weight=6311.83 6304.47 1135.59 420.227 715.364 208.553 506.811 193.595 292.678 184.67 108.008 495.162 5168.88 99.7569 5069.12 1455.54 1422.98 127.549 17.9128 109.636 3613.58 3583.32 21.4225 5.40973 16.0128 78.3344 52.6672 32.5658
internal_count=104099 103939 12715 6021 6694 1732 4962 1581 4132 2859 1273 4903 91224 1864 89360 27664 25705 1889 317 1572 61696 61556 960 235 725 904 729 1959
is_linear=0
shrinkage=0.05


Tree=144
num_leaves=31
num_cat=0
split_feature=16 5 33 4 6 32 3 0 34 8 5 12 0 5 27 27 35 0 4 0 9 12 8 31 5 0 9 35 36 5
split_gain=6.46666 6.06646 11.9469 10.9258 8.09826 7.96256 9.65124 8.86963 6.91612 10.7205 10.323 16.28 9.25602 7.56877 6.80847 8.87858 8.37111 6.3644 7.48148 6.27229 6.19185 6.16553 6.08855 5.6916 7.48344 6.08372 5.43267 9.27423 5.74333 4.57997
threshold=67.550000000000011 66.15000000000002 50.250000000000007 50.050000000000004 64.350000000000009 66.850000000000009 48.350000000000001 55.350000000000001 1.0000000180025095e-35 22.950000000000003 46.250000000000007 93.450000000000017 55.650000000000013 62.650000000000013 1.5000000000000002 7.5000000000000009 6.1000000000000014 50.750000000000007 79.950000000000017 48.750000000000007 50.95000000000001 74.65000000000002 49.850000000000001 17.500000000000004 59.050000000000004 64.950000000000017 49.350000000000001 29.600000000000005 0.36666666666666675 71.250000000000014
decision_type=2 2 2 2 2 2 2 2 8 2 2 2 2 2 2 2 8 2 2 2 2 2 2 10 2 2 2 10 10 2
left_child=1 8 3 4 -3 6 20 -8 9 10 11 -1 -12 19 16 -16 -7 18 -5 -11 -4 -15 23 25 -25 -10 27 -24 -28 -19
right_child=-2 2 5 17 -6 14 7 -9 22 13 12 -13 -14 21 15 -17 -18 29 -20 -21 -22 -23 26 24 -26 -27 28 -29 -30 -31
leaf_value=0.02274904312476585 -0.047366145999235276 0.018435640359190288 0.0045672844593614764 0.0066065681121314848 0.087243351220783527 -0.013472174892148595 0.0092922683360407033 0.038048311930589655 -0.0043596530004283516 -0.0071149667165582853 -0.0042272107856198169 0.1383086396792923 0.048950799504629626 0.00036198330407000655 -0.0045103146833810311 0.010957732484827017 0.025027784993277399 -0.022081685295717426 0.066974789709315016 0.0053232832894428523 -0.030353619675950905 -0.025279928413563496 0.0023776315887539729 0.005692141364932771 0.082034758237217925 -0.03763379979943568 -0.0003347348087106798 0.030673176251405761 -0.0070050560985058883 0.021605025250231027
leaf_weight=9.270771620795129 7.1360343896085388 7.8991682296618846 65.511480598710477 12.928665806073697 10.010489676613359 19.225604249164462 70.724686576984823 43.826256850734353 1348.4816388634499 118.99583930918016 27.114945010747761 4.5827059773728243 11.526653706096111 49.646251832135022 551.4478894751519 111.31767867133021 51.173783849924803 15.790855506435038 8.676881041377781 670.75428936444223 15.612149225082247 43.680744282901287 632.74929129006341 14.662044276017697 4.0804959607776246 13.823875847738234 1942.7680596922291 30.299884539097548 387.36069305613637 9.467018702067433
leaf_count=227 160 116 642 192 161 118 643 338 29799 1966 401 128 141 355 3164 602 296 226 97 7912 149 317 13192 419 49 187 35216 620 6164 102
internal_value=-0.000125026 -7.00007e-05 0.00351467 0.0242666 0.0574438 0.00205969 0.0110187 0.0203613 -0.000741789 0.0031581 0.025096 0.0620515 0.011592 0.00184563 -0.000325746 -0.00190351 0.0144386 0.0113855 0.0312779 0.00344215 -0.00212074 -0.0116001 -0.0015771 -0.00432349 0.0229254 -0.00470371 -0.000308152 0.00368265 -0.00144601 -0.00548947
internal_weight=6310.55 6303.41 993.613 64.7731 17.9097 928.84 195.675 114.551 5309.8 935.572 52.4951 13.8535 38.6416 883.077 733.165 662.766 70.3994 46.8634 21.6055 789.75 81.1236 93.327 4374.23 1381.05 18.7425 1362.31 2993.18 663.049 2330.13 25.2579
internal_count=104099 103939 6846 894 277 5952 1772 981 97093 11447 897 355 542 10550 4180 3766 414 617 289 9878 791 672 85646 30454 468 29986 55192 13812 41380 328
is_linear=0
shrinkage=0.05


Tree=145
num_leaves=26
num_cat=0
split_feature=31 30 5 31 0 1 9 0 1 1 32 30 35 35 4 1 34 9 33 6 35 30 0 8 32
split_gain=12.2761 6.86571 6.38682 10.237 6.84943 6.23668 10.3943 11.5753 6.29745 5.68209 5.45278 5.38292 5.31584 5.04376 4.56129 8.14207 6.60143 4.14701 3.93653 3.72623 2.32601 3.02733 2.2535 1.02569 0.253238
threshold=2.5000000000000004 397.00000000000006 73.050000000000011 8.5000000000000018 55.850000000000001 39.45000000000001 50.050000000000004 41.650000000000013 38.550000000000004 65.550000000000011 85.950000000000017 561.00000000000011 0.40000000000000008 2.4000000000000008 90.550000000000011 52.550000000000004 1.0000000180025095e-35 50.150000000000013 74.250000000000014 74.950000000000017 15.100000000000003 487.00000000000006 54.750000000000007 40.650000000000013 49.050000000000004
decision_type=10 2 2 10 2 2 2 2 2 2 2 2 8 8 2 2 10 2 2 2 10 2 2 2 2
left_child=1 19 5 4 17 6 7 -2 -9 10 14 12 -7 -14 16 -16 -3 -4 -12 23 21 -8 -21 -1 -25
right_child=2 9 3 -5 -6 11 20 8 -10 -11 18 -13 13 -15 15 -17 -18 -19 -20 22 -22 -23 -24 24 -26
leaf_value=-0.0081714255694022141 0.15752505799335964 0.0029842046747417844 -0.00047609965964780969 0.034677756052615423 0.017774964539141434 0.022369503546851827 -0.031029397375994375 -0.0057273726400973012 0.10075250973603939 0.038189592826697885 0.0037852457439282363 0.040545965132926687 -0.014440504830230733 -0.0047745319141965521 0.012484487301228284 0.00099056826004770802 -0.0015846019855570677 -0.034393209111538495 0.035035244375161562 0.051865691390257818 -0.049498522199591104 0.055502596499255555 -0.022940883103824045 -0.027072301028975176 -0.053190024109928992
leaf_weight=2.2367344882804927 2.2848204098409024 1151.6679649213329 20.144003052264452 26.713495315983891 25.083831587806344 16.925343106733635 2.1227727723307903 4.4225710508180782 1.8683334302622823 10.068548290990291 21.490720205940306 6.2846253709867588 149.12893982953392 1484.5560247396352 209.48045966401696 586.23559011472389 2520.6863521928899 16.673077626153827 19.618232801556587 1.8232222064398222 3.147386338096112 1.722997003002092 1.9254160292912272 2.4034957091789684 9.1678976733237487
leaf_count=108 185 17147 128 162 141 134 147 248 96 69 137 96 1606 25862 2176 4924 49588 101 91 132 121 84 70 198 284
internal_value=-0.000651626 0.000722811 -0.00419506 0.00885939 -0.00223991 -0.00489022 0.0264569 0.0631741 0.0261954 0.000845447 0.000760108 -0.00518937 -0.00536898 -0.00566077 0.00059196 0.00402393 -0.000150399 -0.0160229 0.0188687 -0.0303875 -0.0181204 0.00689593 0.0125458 -0.042409 -0.0484719
internal_weight=6297.88 4536.8 1761.08 88.6144 61.9009 1672.46 15.5689 8.57572 6.2909 4519.25 4509.18 1656.89 1650.61 1633.68 4468.07 795.716 3672.35 36.8171 41.109 17.5568 6.99316 3.84577 3.74864 13.8081 11.5714
internal_count=104035 74924 29111 532 370 28579 881 529 344 74132 74063 27698 27602 27468 73835 7100 66735 229 228 792 352 231 202 590 482
is_linear=0
shrinkage=0.05


Tree=146
num_leaves=31
num_cat=0
split_feature=31 3 30 7 31 0 2 36 30 37 4 2 4 3 7 15 15 15 37 36 34 2 2 3 6 3 2 30 27 1
split_gain=11.1173 8.97643 11.1173 8.92308 8.62236 13.6832 12.2721 10.7333 9.87406 9.05428 10.0135 8.94167 8.14939 11.7292 10.7281 8.60963 8.07379 9.70429 7.2998 7.29487 7.01255 6.95275 8.96291 6.75503 6.42938 6.19828 5.8794 4.69759 4.48233 8.76502
threshold=2.5000000000000004 56.350000000000001 401.00000000000006 50.850000000000001 8.5000000000000018 57.150000000000013 53.45000000000001 0.45000000000000007 537.00000000000011 70.934285714285735 80.850000000000009 54.45000000000001 93.15000000000002 53.95000000000001 40.550000000000004 55.150000000000013 35.95000000000001 36.750000000000007 77.465428571428575 0.22500000000000003 1.0000000180025095e-35 42.850000000000001 44.550000000000004 66.40000000000002 58.050000000000004 65.750000000000014 58.750000000000007 495.00000000000006 6.5000000000000009 51.350000000000001
decision_type=10 2 2 2 10 2 2 8 2 2 2 2 2 2 2 2 2 2 2 8 10 2 2 2 2 2 2 2 2 2
left_child=1 2 -1 18 6 8 21 19 27 11 -11 -8 14 15 -4 -14 -3 -18 28 -7 -16 -5 -23 25 -15 -19 -9 -6 -2 -30
right_child=3 16 12 4 5 7 9 26 -10 10 -12 -13 13 24 20 -17 17 23 -20 -21 -22 22 -24 -25 -26 -27 -28 -29 29 -31
leaf_value=-0.039150557032329246 -0.0089992105842827876 -0.013710162274327975 -0.017633909520779475 -0.026824875680962451 -0.009957891518574848 0.018821783125172045 -0.037969618244495226 0.050042970991743069 0.051948981360936154 0.027763331093897378 -0.019947607871153444 -0.010176334088925092 0.014249651024057798 -0.032659677168172078 0.0028854307120687122 5.2879376542322948e-06 0.057208963947092697 0.0056500497933050127 -0.025182008862394252 -0.027180438015437416 -0.0024392540792184808 0.041977676260074551 0.0033338785570857007 0.050196216991420177 -0.0027837356767117772 -0.021144183485696723 0.01680017003975191 0.0071051938759057803 -0.014058336274818778 0.0067509246098118331
leaf_weight=18.411008938681334 536.4110300616594 55.164806986926123 97.454545717220753 17.531157007208094 110.59987074695528 22.411228941753507 32.391790921334177 32.378247081767768 8.2399675878696126 30.06977657135576 17.10458094952628 281.43045810190961 273.03170124907047 24.649627273902297 899.87336655519903 174.59489687811583 9.0571319190785271 914.77784618304577 56.510240823146887 13.849253643304108 1973.096421375405 15.822764435783027 272.31166990310885 8.2749971118755621 67.852705000899732 21.935732468264177 23.728913532570004 63.054110299330205 77.824833299149759 144.12792076705955
leaf_count=875 10562 622 4551 282 1692 356 397 331 110 458 222 2742 2529 212 12728 1467 113 13754 2590 120 37088 226 3751 101 578 306 201 786 2187 2098
internal_value=-0.00062001 0.000686148 -0.000501783 -0.00399871 -0.000675606 0.00677876 -0.00375035 0.0224424 -0.00115588 -0.00999518 0.0103528 -0.0130722 -0.000296556 0.00535047 -0.00132522 0.00870611 0.00484465 0.00592409 -0.00782915 0.00108785 -0.00076967 0.00360941 0.00548716 0.00542126 -0.0108256 0.00501506 0.0361277 -0.00373295 -0.00652635 -0.000526099
internal_weight=6293.97 4538.17 3528.96 1755.8 940.924 274.262 666.662 92.3676 181.894 360.997 47.1744 313.822 3510.55 540.129 2970.42 447.627 1009.21 954.046 814.874 36.2605 2872.97 305.666 288.134 944.989 92.5023 936.714 56.1072 173.654 758.364 221.953
internal_count=104035 74924 60028 29111 11674 3596 8078 1008 2588 3819 680 3139 59153 4786 54367 3996 14896 14274 17437 476 49816 4259 3977 14161 790 14060 532 2478 14847 4285
is_linear=0
shrinkage=0.05


Tree=147
num_leaves=31
num_cat=0
split_feature=31 30 0 1 5 34 5 32 32 8 4 13 28 30 15 36 35 32 5 13 12 6 0 35 8 27 21 30 35 13
split_gain=10.0752 5.98586 7.50516 7.99065 9.60806 7.44891 14.3223 10.0739 18.3119 7.98962 6.52536 5.91225 9.09464 9.67609 7.44047 11.6154 8.90306 7.37712 8.37612 8.25552 8.29948 7.30364 6.30888 5.90272 5.59375 5.52317 10.7107 9.75504 7.23183 6.74758
threshold=2.5000000000000004 457.00000000000006 49.95000000000001 54.850000000000001 50.250000000000007 1.0000000180025095e-35 61.45000000000001 64.550000000000011 65.350000000000009 26.450000000000003 72.65000000000002 52.350000000000001 3.5000000000000004 551.00000000000011 52.45000000000001 0.77500000000000013 0.6000000000000002 62.350000000000001 43.250000000000007 50.050000000000004 61.650000000000013 53.050000000000004 51.45000000000001 25.400000000000006 37.95000000000001 4.5000000000000009 1.0000000180025095e-35 491.00000000000006 32.600000000000009 46.350000000000001
decision_type=10 2 2 2 2 8 2 2 2 2 2 2 2 2 2 10 10 2 2 2 2 2 2 10 2 2 2 2 10 2
left_child=1 2 3 -1 10 6 7 9 -9 -3 -5 12 17 14 16 -16 -14 18 21 22 -21 -2 -19 -20 -13 26 28 -28 -7 -27
right_child=11 5 -4 4 -6 25 -8 8 -10 -11 -12 24 13 -15 15 -17 -18 19 23 20 -22 -23 -24 -25 -26 29 27 -29 -30 -31
leaf_value=-0.014936357504548737 0.060583708217809507 0.032624895299845032 -0.00023726709604828401 0.055505251667509338 -0.0084200740894313508 -0.0035262538934462077 -0.0049935645049966979 0.072047763067130413 0.014665630623753242 -0.0023690170404186061 0.00469980781953143 -0.017500595926756294 0.034528451859455134 0.052164489223316707 0.0047298492078474558 -0.026823382687808168 -0.014388337907003649 -0.021149522857996445 0.017158888789475472 0.03527375876507307 0.0029285779590602808 -0.028877883106749148 0 0.058678153807583393 -0.0052099252809766176 -0.0085461559870369953 0.002040570212061046 0.048328540692724714 0.021904208691197725 0.0036684784634663653
leaf_weight=196.98013615363743 2.55280670791399 18.415101686492562 989.4519671110902 12.108783605974169 51.389454597141594 1103.8447977213655 177.80971337808296 14.710429586470125 245.34909912664443 135.90181619883515 13.635311936493961 105.49085427203681 9.5392845955211651 7.0684511205181471 198.31365886121057 34.091902537969872 232.81314434611704 51.518522054422647 86.790496728383005 26.771698836237192 77.385153868235648 15.38852773408871 109.97415757924318 9.5812744912691397 783.06335033348296 122.83825242309831 27.616830216953531 19.564284198451787 28.537101358175278 1381.1687185327755
leaf_count=7833 147 442 17000 350 543 17937 1156 155 1810 2611 284 1754 125 113 3456 781 5444 613 2424 242 704 950 985 216 11157 2831 377 253 598 20744
internal_value=-0.000591133 0.000650587 -0.002271 -0.00959106 0.00399645 0.0017791 0.0068551 0.0119514 0.0179572 0.00179296 0.028912 -0.00381411 -0.00085655 -0.00542228 -0.006301 7.02099e-05 -0.0124288 0.00491995 0.0155355 0.000328974 0.0113162 -0.0156063 -0.00672903 0.0213951 -0.00667653 0.000656896 -0.00190191 0.0214019 -0.00287909 0.00266703
internal_weight=6289.67 4539.32 1263.57 274.114 77.1336 3275.76 592.186 414.376 260.06 154.317 25.7441 1750.34 861.789 481.826 474.758 232.406 242.352 379.963 114.313 265.65 104.157 17.9413 161.493 96.3718 888.554 2683.57 1179.56 47.1811 1132.38 1504.01
internal_count=104035 74924 26010 9010 1177 48914 6174 5018 1965 3053 634 29111 16200 9919 9806 4237 5569 6281 3737 2544 946 1097 1598 2640 12911 42740 19165 630 18535 23575
is_linear=0
shrinkage=0.05


Tree=148
num_leaves=31
num_cat=0
split_feature=31 7 3 30 31 2 30 7 15 4 15 15 30 29 2 36 9 32 2 36 2 2 32 32 3 32 33 27 8 30
split_gain=9.12232 8.12061 8.10314 10.3634 7.7008 11.2607 8.90987 7.836 7.73233 10.7203 7.26705 8.38089 7.20649 9.18625 10.7929 7.80362 7.20297 13.3352 6.38754 6.46849 6.31357 7.93494 6.25897 5.99837 11.7579 6.14364 5.69269 5.11144 4.91276 7.25717
threshold=2.5000000000000004 50.850000000000001 56.350000000000001 401.00000000000006 8.5000000000000018 53.45000000000001 493.00000000000006 51.750000000000007 41.050000000000004 67.350000000000009 35.95000000000001 36.750000000000007 459.00000000000006 53.500000000000007 55.150000000000013 -1.0000000180025095e-35 49.150000000000013 61.150000000000013 54.45000000000001 0.36666666666666675 42.850000000000001 44.550000000000004 74.65000000000002 44.050000000000004 47.350000000000001 49.650000000000013 58.45000000000001 1.5000000000000002 81.350000000000009 445.00000000000006
decision_type=10 2 2 2 10 2 2 2 2 2 2 2 2 2 2 8 2 2 2 10 2 2 2 2 2 2 2 2 2 2
left_child=2 28 3 -1 5 20 8 -8 26 -10 -4 -12 13 14 -5 -15 17 -13 -7 -20 -3 -22 -9 24 -14 -25 -6 -18 -2 -30
right_child=1 4 10 12 6 18 7 22 9 -11 11 16 23 15 -16 -17 27 -19 19 -21 21 -23 -24 25 -26 -27 -28 -29 29 -31
leaf_value=-0.03851780642962406 -0.0058458955290568134 -0.025660575876608607 -0.013128607439290792 -0.0002362836500530215 0.058934677854155973 -0.029516850407131645 -0.028765416937785861 0.027296640612800134 -0.015134364884057106 0.012892216806358006 0.052392203478775226 0.039304144870376395 -0.0067425607635807896 -0.02367904310445465 0.031231114122929584 -0.004475580980879819 0.013929741653880126 0.006222048300727253 -0.0019522835672653842 -0.016847572415634927 0.039385975896103667 0.0033755792605800537 -0.0042223277354508388 -0.012735007357268228 0.035649055376793165 0.0012067614112069511 0.0030716466590943329 0.0016208345151568289 0.019739794432851954 -0.022681063515149365
leaf_weight=17.749565015546978 708.79523708531633 17.175105287693441 54.667849665507674 102.0863234854769 8.637360938824715 35.618998053018004 8.2709069303236884 83.09350968291983 91.667958530131727 54.069124572910368 9.3888986045494658 41.135965221794322 30.074176557827741 56.568102878518403 36.917982127168216 834.71585863141809 96.213965596165508 118.78332064254209 210.04039784474298 112.30255320016295 16.157828478841111 272.17974758637138 19.072287805378437 81.648578425636515 35.265331821632572 2333.0600466758478 9.9847998879849893 692.45268517208751 11.192646475392392 87.313654981320724
leaf_count=875 15656 282 622 3313 182 475 133 1062 1446 602 113 1443 1895 2307 422 15208 1367 1226 2096 1248 226 3751 97 3556 2100 30352 74 10125 325 1456
internal_value=-0.000563216 -0.00363551 0.000616804 -0.000513551 -0.00046629 -0.00338641 0.00656459 0.0175431 -0.000787911 -0.00470038 0.0045596 0.00557548 -0.000318871 -0.00383464 0.0081016 -0.00570252 0.00510136 0.0147822 -0.00940696 -0.00716084 0.00365215 0.00542382 0.0213654 0.00113977 0.0160803 0.00073277 0.0294256 0.00313038 -0.00731216 -0.0177952
internal_weight=6286.3 1745.57 4540.73 3528.09 938.271 663.475 274.796 110.437 164.359 145.737 1012.64 957.975 3510.34 1030.29 139.004 891.284 948.586 159.919 357.962 322.343 305.513 288.338 102.166 2480.05 65.3395 2414.71 18.6222 788.667 807.302 98.5063
internal_count=104035 29111 74924 60028 11674 8078 3596 1292 2304 2048 14896 14274 59153 21250 3735 17515 14161 2669 3819 3344 4259 3977 1159 37903 3995 33908 256 11492 17437 1781
is_linear=0
shrinkage=0.05


Tree=149
num_leaves=31
num_cat=0
split_feature=31 7 3 14 12 3 13 31 2 37 2 2 37 15 12 9 2 2 6 32 31 18 13 13 14 5 37 12 3 7
split_gain=8.26245 7.38556 7.28886 7.17004 9.82055 8.59758 8.89342 6.93081 10.2301 8.28028 8.05886 7.25167 6.88024 6.75766 6.74838 9.11848 8.47606 7.28978 7.12502 20.9817 8.21771 6.96711 6.48315 11.4513 7.05787 6.45473 8.92625 6.14166 8.93476 8.16139
threshold=2.5000000000000004 50.850000000000001 56.350000000000001 65.950000000000017 72.750000000000014 55.050000000000004 46.650000000000013 8.5000000000000018 53.45000000000001 70.934285714285735 54.45000000000001 53.350000000000001 76.048714285714297 54.050000000000004 75.250000000000014 49.550000000000004 62.150000000000013 60.95000000000001 75.350000000000009 61.150000000000013 -1.0000000180025095e-35 16.500000000000004 52.95000000000001 47.95000000000001 38.050000000000004 44.150000000000013 54.850000000000009 63.45000000000001 46.550000000000004 60.350000000000001
decision_type=10 2 2 2 2 2 2 10 2 2 2 2 2 2 2 2 2 2 2 2 10 2 2 2 2 2 2 2 2 2
left_child=2 12 3 -1 -5 6 -6 8 22 10 -10 27 -2 -11 16 18 17 21 20 -20 -16 -4 23 -3 -24 26 -13 29 -29 -9
right_child=1 7 14 4 5 -7 -8 11 9 13 -12 25 -14 -15 15 -17 -18 -19 19 -21 -22 -23 24 -25 -26 -27 -28 28 -30 -31
leaf_value=6.3777212524756131e-05 -0.0055552147965592094 -0.0070206945779651524 0.0029452604629271028 -0.024891291311046122 0.037530695288789273 -0.044588652819603135 -0.0029867877255564989 0.0013830123307250117 -0.036234714256910376 -0.0069214843965114438 -0.009258544445751386 -0.012765525654990588 -0.02208652734365232 0.030880321848923059 0.0025873483003412898 0.003890108819323947 -0.028774621477574647 0.03817293003732166 0.12019102319027615 0.016114961125343139 0.029015835334363884 -0.016235126873390508 0.023126383275300762 0.024119628303213705 -0.0063406301690627324 0.009890903027910845 0.067572562538962821 -0.034700757514392812 0.00034542342265456768 0.057549342705224764
leaf_weight=3325.096170455683 733.85577831591945 47.362695263931528 485.09864356182516 69.252121271332726 15.411774880019946 10.599263826152308 105.82393191941082 29.430249695666134 30.876465163193643 25.350941219367087 277.78722849208862 4.7842554859817055 69.07123428338673 21.750314460601658 68.649565222673118 295.77782177482732 23.228935930877924 13.484962601214646 6.5007691923528936 18.910852529574186 52.009923024335876 52.329597448464483 23.170374494045973 77.23174039577134 158.45313205895945 136.70103155355901 11.301955503411589 25.884668217273429 59.67289204406552 8.2637929341290128
leaf_count=56369 14383 915 7297 1443 401 184 1631 428 397 384 2742 87 3054 296 1037 4148 207 143 231 197 688 948 320 1216 1808 1355 267 441 947 71
internal_value=-0.00053703 -0.00346604 0.000584569 -0.000489315 -0.00965536 -0.00160132 0.00214937 -0.000447189 -0.00322746 -0.00899686 -0.0119841 0.00620096 -0.00698611 0.0104571 0.00431628 0.00896167 0.000731628 0.00198981 0.0191871 0.0433023 0.0140353 0.00106568 0.00345988 0.0122459 -0.00254324 0.0134818 0.0434388 -0.00278772 -0.0102272 0.0139485
internal_weight=6283.12 1740.95 4542.17 3526.18 201.087 131.835 121.236 938.022 661.983 355.765 308.664 276.039 802.927 47.1013 1015.99 441.849 574.142 550.913 146.071 25.4116 120.659 537.428 306.218 124.594 181.624 152.787 16.0862 123.252 85.5576 37.694
internal_count=104035 29111 74924 60028 3659 2216 2032 11674 8078 3819 3139 3596 17437 680 14896 6301 8595 8388 2153 428 1725 8245 4259 2131 2128 1709 354 1887 1388 499
is_linear=0
shrinkage=0.05


end of trees

feature_importances:
pedigree_index=405
jvan_battle_dm=304
jockey_index=277
jvan_time_dm=256
speed_index=206
position_advantage=199
last_3f_index=197
finish_var5=181
head_count=180
horse_weight=171
course_aptitude=164
career_phase_index=153
anagusa_index=145
pace_handicap_pit=139
training_index=132
rotation_index=124
runner_type_ord=122
jockey_trainer_combo_index=107
pace_index=104
win_place_ratio5=96
weight_change=95
distance=87
horse_age=85
weight_carried=83
rivals_growth_index=82
frame_number=79
going_pedigree_index=47
paddock_index=45
distance_change_index=44
is_g1g2g3=14
is_dirt=12
is_jump=10
is_good=8
rebound_index=5
is_turf=5
is_yaya=5
is_heavy=4

parameters:
[boosting: gbdt]
[objective: binary]
[metric: binary_logloss]
[tree_learner: serial]
[device_type: cpu]
[data_sample_strategy: bagging]
[data: ]
[valid: ]
[num_iterations: 150]
[learning_rate: 0.05]
[num_leaves: 31]
[num_threads: 0]
[seed: 42]
[deterministic: 0]
[force_col_wise: 0]
[force_row_wise: 0]
[histogram_pool_size: -1]
[max_depth: 6]
[min_data_in_leaf: 100]
[min_sum_hessian_in_leaf: 0.001]
[bagging_fraction: 0.7]
[pos_bagging_fraction: 1]
[neg_bagging_fraction: 1]
[bagging_freq: 5]
[bagging_seed: 400]
[bagging_by_query: 0]
[feature_fraction: 0.7]
[feature_fraction_bynode: 1]
[feature_fraction_seed: 30056]
[extra_trees: 0]
[extra_seed: 12879]
[early_stopping_round: 0]
[early_stopping_min_delta: 0]
[first_metric_only: 0]
[max_delta_step: 0]
[lambda_l1: 0.1]
[lambda_l2: 0.1]
[linear_lambda: 0]
[min_gain_to_split: 0]
[drop_rate: 0.1]
[max_drop: 50]
[skip_drop: 0.5]
[xgboost_dart_mode: 0]
[uniform_drop: 0]
[drop_seed: 17869]
[top_rate: 0.2]
[other_rate: 0.1]
[min_data_per_group: 100]
[max_cat_threshold: 32]
[cat_l2: 10]
[cat_smooth: 10]
[max_cat_to_onehot: 4]
[top_k: 20]
[monotone_constraints: ]
[monotone_constraints_method: basic]
[monotone_penalty: 0]
[feature_contri: ]
[forcedsplits_filename: ]
[refit_decay_rate: 0.9]
[cegb_tradeoff: 1]
[cegb_penalty_split: 0]
[cegb_penalty_feature_lazy: ]
[cegb_penalty_feature_coupled: ]
[path_smooth: 0]
[interaction_constraints: ]
[verbosity: -1]
[saved_feature_importance_type: 0]
[use_quantized_grad: 0]
[num_grad_quant_bins: 4]
[quant_train_renew_leaf: 0]
[stochastic_rounding: 1]
[linear_tree: 0]
[max_bin: 255]
[max_bin_by_feature: ]
[min_data_in_bin: 3]
[bin_construct_sample_cnt: 200000]
[data_random_seed: 175]
[is_enable_sparse: 1]
[enable_bundle: 1]
[use_missing: 1]
[zero_as_missing: 0]
[feature_pre_filter: 1]
[pre_partition: 0]
[two_round: 0]
[header: 0]
[label_column: ]
[weight_column: ]
[group_column: ]
[ignore_column: ]
[categorical_feature: ]
[forcedbins_filename: ]
[precise_float_parser: 0]
[parser_config_file: ]
[objective_seed: 16083]
[num_class: 1]
[is_unbalance: 0]
[scale_pos_weight: 1]
[sigmoid: 1]
[boost_from_average: 1]
[reg_sqrt: 0]
[alpha: 0.9]
[fair_c: 1]
[poisson_max_delta_step: 0.7]
[tweedie_variance_power: 1.5]
[lambdarank_truncation_level: 30]
[lambdarank_norm: 1]
[label_gain: ]
[lambdarank_position_bias_regularization: 0]
[eval_at: ]
[multi_error_top_k: 1]
[auc_mu_weights: ]
[num_machines: 1]
[local_listen_port: 12400]
[time_out: 120]
[machine_list_filename: ]
[machines: ]
[gpu_platform_id: -1]
[gpu_device_id: -1]
[gpu_use_dp: 0]
[num_gpu: 1]

end of parameters

pandas_categorical:null
