tree
version=v4
num_class=1
num_tree_per_iteration=1
label_index=0
max_feature_idx=37
objective=binary sigmoid:1
feature_names=speed_index last_3f_index course_aptitude position_advantage rotation_index jockey_index pace_index pedigree_index training_index anagusa_index paddock_index rebound_index rivals_growth_index career_phase_index distance_change_index jockey_trainer_combo_index going_pedigree_index distance head_count is_turf is_dirt is_jump is_good is_yaya is_heavy is_bad is_g1g2g3 frame_number horse_age weight_carried horse_weight weight_change jvan_time_dm jvan_battle_dm runner_type_ord finish_var5 win_place_ratio5 pace_handicap_pit
feature_infos=[0:80.099999999999994] [14.1:71.900000000000006] [18.5:72.5] [31.699999999999999:69.5] [20:100] [0:86.5] [34.100000000000001:100] [26.800000000000001:91.200000000000003] [11.4:86.5] [40.200000000000003:76.900000000000006] [45:85] [40:80] [50:100] [20:85] [25:75] [35:70] [30:75] [1000:4260] [5:18] [0:1] [0:1] [0:1] [0:1] [0:1] [0:1] [0:1] [0:1] [1:8] [2:12] [49:65] [340:630] [-46:999] [10.699999999999999:98.099999999999994] [0:89.900000000000006] [0:3] [0:77.300000000000011] [-1:1] [41.09742857142858:88]
tree_sizes=3366 3459 3472 3451 3458 3483 3480 3468 3462 3457 3465 3473 3461 3474 3473 3489 3485 3488 3489 3476 3485 3476 3500 3491 3479 3488 3486 3503 3498 3492 3488 3494 3487 3478 3500 3482 3499 3526 3487 3480 3496 3486 3492 3497 3497 3497 3507 3497 3492 3489 3479 3504 3479 3492 3469 3502 3494 3510 3516 3490 3478 3511 3480 3495 3503 3492 3515 3510 3479 3498 3478 3488 3386 3490 3490 3477 3494 3495 3464 3482 3478 3475 3492 3489 3495 3483 3486 3479 3496 3484 3497 3511 3488 3467 3496 3490 3484 3477 3484 3483 3488 3532 3475 3471 3498 2618 3459 3504 3473 3488 3154 3487 3490 3485 3511 3157 3478 3263 3483 3494 3522 3473 3502 3464 3511 2671 3258 2507 2297 3479 3480 3472 3457 2631 2275 3483 3482 3489 3471 3467 3503 2805 3483 3500 3469 3044 3229 3478 3506 2826 3475 3484 3481 3473 3461 3497 3464 3473 3493 3480 2592 3452 2915 2920 2182 3497 3479 3495 3474 3372 3046 3268 3481 3457 3478 3142 2827 2723 3473 2502 3494 3486 3464 3471 3500 2927 3471 3464 3501 3482 3484 3499 2416 1981 3497 3483 3444 3477 3457 3475 3441 3448 3122 3494 3507 3498 3517 3489 3506 3480 2288 3050 3148 2821 3268 3462 3039 3493 3487 3036 3476 3342 2945 3475 3495 3475 3489 3514 3036 3498 3470 3491 3517 3481 3489 3495 3494 3474

Tree=0
num_leaves=31
num_cat=0
split_feature=33 33 33 18 32 18 32 33 29 32 18 18 18 33 10 33 33 32 32 18 5 5 7 5 18 10 5 4 5 2
split_gain=10322.2 1599.24 1541.62 424.171 423.331 287.492 270.454 238.759 227.504 207.048 166.559 149.699 114.474 111.148 87.4767 84.9451 75.6961 71.3228 59.9532 59.4228 56.6134 55.924 50.5985 44.4355 42.4964 40.4397 40.3291 37.4456 36.1432 35.5766
threshold=58.45000000000001 48.350000000000001 68.65000000000002 13.500000000000002 70.450000000000017 11.500000000000002 72.050000000000011 36.250000000000007 58.250000000000007 68.050000000000011 12.500000000000002 12.500000000000002 10.500000000000002 63.45000000000001 65.000000000000014 74.050000000000011 81.250000000000014 61.95000000000001 59.250000000000007 12.500000000000002 57.050000000000004 65.050000000000011 51.750000000000007 65.450000000000017 9.5000000000000018 65.000000000000014 59.45000000000001 93.15000000000002 65.950000000000017 54.150000000000013
decision_type=2 2 2 2 2 2 2 2 2 2 2 2 2 2 2 2 2 2 2 2 2 2 2 2 2 2 2 2 2 2
left_child=1 7 3 13 5 20 12 25 19 28 -8 18 -4 21 17 27 22 -7 -9 -6 -3 24 -12 -11 -2 -1 -15 -14 -5 -13
right_child=2 4 6 9 8 14 10 11 -10 23 16 29 15 26 -16 -17 -18 -19 -20 -21 -22 -23 -24 -25 -26 -27 -28 -29 -30 -31
leaf_value=-1.3282989730739987 -1.207968590149582 -1.2643389849399973 -1.1563448454035392 -1.2690738642531445 -1.2185175706227276 -1.2998955929546341 -1.1310645324321444 -1.3010766503320506 -1.1533689393725215 -1.2416481132847346 -1.2008292469090001 -1.3184645752906217 -1.227722851908577 -1.2083678859868683 -1.2506839090491528 -1.1906551813126249 -1.1470574239338973 -1.2847682833990604 -1.273537991070274 -1.2627488481095046 -1.2292293230565097 -1.1839430984977872 -1.1729003941859328 -1.2131050596743069 -1.2445144403224371 -1.2643044316644356 -1.1770954932494899 -1.1954219141672304 -1.2396482212847815 -1.3061877088422043
leaf_weight=3607.8364248275757 100.99353285133839 556.0605139285326 104.9106513261795 1294.3521916866302 104.74034182727337 1941.6985970288515 217.65553960204124 628.61236046254635 71.359680041670799 845.92728106677532 349.47509175539017 2365.7692493051291 525.57511362433434 321.88495293259621 121.77129171788692 325.80207140743732 140.50533659756184 1303.3785951286554 287.82305315136909 277.7747927159071 144.93338356912136 55.861515641212463 310.30390700697899 163.49711894989014 383.19637253880501 24.694877341389656 154.81133450567722 109.33869829773903 113.59643577039242 791.93916991353035
leaf_count=21184 593 3265 616 7600 615 11401 1278 3691 419 4967 2052 13891 3086 1890 715 1913 825 7653 1690 1631 851 328 1822 960 2250 145 909 642 667 4650
internal_value=-1.27907 -1.30469 -1.22231 -1.2429 -1.28108 -1.28619 -1.18837 -1.31854 -1.23529 -1.2543 -1.16993 -1.31022 -1.20601 -1.2158 -1.29226 -1.21145 -1.18052 -1.29382 -1.29242 -1.25061 -1.25707 -1.23137 -1.18767 -1.23701 -1.23687 -1.32786 -1.19818 -1.22214 -1.26669 -1.31539
internal_weight=17746.1 12228.4 5517.69 3434.12 4521.72 4067.84 2083.57 7706.68 453.875 2417.37 1017.94 4074.14 1065.63 1016.75 3366.85 960.716 800.284 3245.08 916.435 382.515 700.994 540.051 659.779 1009.42 484.19 3632.53 476.696 634.914 1407.95 3157.71
internal_count=104199 71801 32398 20164 26550 23885 12234 45251 2665 14194 5977 23922 6257 5970 19769 5641 4699 19054 5381 2246 4116 3171 3874 5927 2843 21329 2799 3728 8267 18541
is_linear=0
shrinkage=1


Tree=1
num_leaves=31
num_cat=0
split_feature=33 33 33 18 18 32 32 32 33 18 32 18 33 18 29 33 5 18 29 5 5 32 1 7 5 34 32 34 33 5
split_gain=9166.75 1568.42 1175.61 415.194 355.832 288.276 204.832 194.683 166.128 146.256 133.336 132.596 116.819 97.3198 94.3459 77.009 69.5204 67.7347 64.9259 59.8123 58.3903 57.0792 48.5417 47.4236 45.1213 42.2981 40.9328 39.3716 38.7017 37.4752
threshold=56.650000000000013 67.050000000000011 46.150000000000013 12.500000000000002 11.500000000000002 72.050000000000011 67.050000000000011 68.050000000000011 34.150000000000013 12.500000000000002 70.450000000000017 10.500000000000002 71.450000000000017 13.500000000000002 58.750000000000007 75.950000000000017 55.45000000000001 14.500000000000002 58.750000000000007 66.850000000000009 59.850000000000001 53.850000000000001 57.750000000000007 56.050000000000004 65.65000000000002 1.5000000000000002 59.150000000000013 1.5000000000000002 61.250000000000007 52.750000000000007
decision_type=2 2 2 2 2 2 2 2 2 2 2 2 2 2 2 2 2 2 2 2 2 2 2 2 2 8 2 10 2 2
left_child=2 4 8 6 20 11 21 17 27 -7 16 -3 -13 26 -12 24 25 -6 -8 28 -2 -4 -17 -14 -11 -5 -10 -1 -9 -15
right_child=1 5 3 10 7 9 18 19 13 15 14 12 23 29 -16 22 -18 -19 -20 -21 -22 -23 -24 -25 -26 -27 -28 -29 -30 -31
leaf_value=-0.041755652278536094 0.053274565116497967 0.10686086310705517 -0.011886976450823036 -0.015189726340117324 0.025213786306950717 0.12795031487855174 0.041247428726669123 0.019749880648369324 -0.026885896932735288 0.067166730389329438 0.0069678048085635592 0.042491139433286612 0.065614556597989163 -0.041517860011538073 0.099883608797052159 0.093024732231333451 -0.004951657806987861 0.0048114858564833954 0.096639286199228319 0.065689160714388822 0.089518834318817797 0.015095816702981489 0.13504082970668602 0.10051475313706443 0.098230101585148416 -0.028500356481837325 -0.0055878090524088889 -0.053636654532188258 0.039841367579188693 -0.026316280178649495
leaf_weight=1135.296985834837 457.41720069944859 147.78396674990654 280.52326288819313 1010.7977650612593 573.18855029344559 266.4388385117054 185.898099437356 392.48915630578995 834.26421974599361 453.58116899430752 226.55101801455021 675.47723942995071 473.42547750473022 2124.0205421596766 30.996882319450378 247.81182384490967 674.10794056952 1404.2057607322931 74.400074258446693 152.69881069660187 148.01137125492096 648.82942560315132 97.363812789320946 124.06623934209347 159.87331223487854 1466.6836775541306 310.15600065886974 1842.2910104095936 622.28925688564777 504.49709044396877
leaf_count=6854 2611 816 1645 5995 3320 1450 1071 2269 4981 2548 1322 3862 2667 12748 170 1372 3993 8213 418 864 831 3792 538 699 893 8706 1830 11125 3569 3027
internal_value=-1.567e-05 0.0478533 -0.0269938 -0.00749536 0.0270537 0.0773316 0.017934 0.0202925 -0.040276 0.0951165 -0.0163709 0.0619872 0.0567658 -0.0333019 0.0182044 0.0859731 -0.0191985 0.010729 0.0571301 0.0364838 0.0621569 0.00694533 0.104926 0.0728854 0.075285 -0.0230725 -0.0211191 -0.0491099 0.0320782 -0.0386032
internal_weight=17745.4 6396.12 11349.3 4598.79 3750.3 2645.82 1189.65 3144.87 6750.53 1225.07 3409.14 1420.75 1272.97 3772.94 257.548 958.63 3151.59 1977.39 260.298 1167.48 605.429 929.353 345.176 597.492 613.454 2477.48 1144.42 2977.59 1014.78 2628.52
internal_count=104199 36522 67677 27112 21677 14845 6926 18235 40565 6801 20186 8044 7228 22586 1492 5351 18694 11533 1489 6702 3442 5437 1910 3366 3441 14701 6811 17979 5838 15775
is_linear=0
shrinkage=0.05


Tree=2
num_leaves=31
num_cat=0
split_feature=33 33 33 33 5 5 33 33 33 29 7 1 4 7 1 5 5 5 7 36 4 33 7 7 36 2 3 34 37 7
split_gain=8182.96 1305.07 1109.89 219.366 194.295 156.999 121.098 119.291 95.6985 93.8149 91.3429 80.0265 67.3354 62.4709 55.2177 52.8536 49.0585 48.4654 41.8503 41.4941 40.8722 40.4523 38.8617 38.7659 34.6275 34.4744 32.5819 31.7611 28.9148 28.7786
threshold=56.650000000000013 67.050000000000011 44.350000000000001 72.450000000000017 53.45000000000001 65.65000000000002 32.350000000000001 61.850000000000001 49.750000000000007 58.750000000000007 51.250000000000007 58.350000000000001 85.050000000000011 57.95000000000001 56.650000000000013 68.250000000000014 65.65000000000002 47.650000000000013 47.350000000000001 -1.0000000180025095e-35 91.750000000000014 80.550000000000011 57.45000000000001 56.850000000000001 -1.0000000180025095e-35 49.250000000000007 42.650000000000013 1.5000000000000002 71.084285714285741 53.45000000000001
decision_type=2 2 2 2 2 2 2 2 2 2 2 2 2 2 2 2 2 2 2 10 2 2 2 2 8 2 2 10 2 2
left_child=2 5 6 11 8 7 -1 18 28 15 21 16 -11 20 -12 22 -3 -8 -2 23 -9 -5 -6 -10 -7 -19 -21 -27 -4 -26
right_child=1 3 4 10 9 24 17 13 19 12 14 -13 -14 -15 -16 -17 -18 25 -20 26 -22 -23 -24 -25 29 27 -28 -29 -30 -31
leaf_value=-0.049282552624244746 0.0028796136665501368 0.046972293795016787 -0.021317873543826256 0.066151413417133223 -0.0052831923398701927 -0.012506870208626215 -0.039509557219207833 0.024379618275055991 -0.018352767478842812 0.027638863001503134 0.087251830029122734 0.082890989101226054 0.11460547782097208 0.058148350888212789 0.11815190443621247 0.033280948273514889 0.073515662178666938 -0.038712158973105079 0.018694138615486213 -0.020132810734477594 0.048290956275292618 0.094949577929414997 0.020042622172881885 0.0097310008640145822 0.045647142773983185 -0.013613073060516982 0.0027473365634359394 -0.032363232756150065 -0.038056637570814407 0.073222336762088933
leaf_weight=2457.1694897264242 641.33636711537838 985.37001438438892 1147.3623667508364 531.02437524497509 1010.422664925456 18.166490316390991 2146.2696898728609 1137.6099863797426 1054.2980434298515 138.95050470530987 372.21071121096611 249.47420363128185 26.509892120957375 199.73115056753159 241.86387023329735 120.29030294716358 212.96808078885078 456.58124078810215 1207.6266074478626 190.18258571624756 212.80770875513554 160.75051566958427 178.05004397034645 138.78062801063061 217.20871494710445 514.86577844619751 852.65743938088417 404.59860786795616 334.5978589951992 171.28764113783836
leaf_count=15274 3698 5407 6908 2850 5983 102 13153 6454 6264 793 1972 1354 146 1128 1271 707 1149 2797 6941 1123 1204 842 1048 822 1205 3137 5027 2468 2027 945
internal_value=-4.34145e-05 0.0442844 -0.0260712 0.0705042 -0.00915707 0.0253104 -0.0407569 0.0217941 -0.015248 0.00620037 0.0853751 0.0570829 0.0416636 0.032026 0.0994478 0.00171027 0.0516995 -0.0348068 0.0132118 -0.00871316 0.0281547 0.0728633 -0.00148345 -0.0150813 0.0546767 -0.0274657 -0.00142205 -0.0218719 -0.0251028 0.0578336
internal_weight=17731 6559.44 11171.6 2753.66 5192.1 3805.77 5979.48 3399.11 3717.88 1474.22 1305.85 1447.81 165.46 1550.15 614.075 1308.76 1198.34 3522.32 1848.96 2235.92 1350.42 691.775 1188.47 1193.08 406.663 1376.05 1042.84 919.464 1481.96 388.496
internal_count=104199 36522 67677 14845 30848 21677 36829 19425 22171 8677 6935 7910 939 8786 3243 7738 6556 21555 10639 13236 7658 3692 7031 7086 2252 8402 6150 5605 8935 2150
is_linear=0
shrinkage=0.05


Tree=3
num_leaves=31
num_cat=0
split_feature=32 32 32 5 5 5 5 0 10 32 10 2 34 1 32 34 5 7 5 10 10 1 1 1 17 5 1 1 5 34
split_gain=6075.65 861.488 730.99 313.033 232.858 214.36 185.786 144.868 97.4531 94.8915 79.4056 78.3715 69.2816 68.6068 66.9039 64.0208 58.5998 55.6019 53.4463 49.8262 45.6481 39.7618 38.73 38.2755 37.7699 36.6538 36.2875 35.1562 34.3914 33.9395
threshold=64.350000000000009 70.850000000000009 59.45000000000001 50.95000000000001 56.650000000000013 58.45000000000001 56.45000000000001 49.95000000000001 65.000000000000014 50.850000000000001 65.000000000000014 49.95000000000001 1.5000000000000002 52.95000000000001 76.850000000000009 1.5000000000000002 68.550000000000011 55.250000000000007 46.650000000000013 65.000000000000014 77.500000000000014 57.350000000000001 56.050000000000004 52.95000000000001 2810.0000000000005 67.15000000000002 56.850000000000001 53.250000000000007 66.850000000000009 1.5000000000000002
decision_type=2 2 2 2 2 2 2 2 2 2 2 2 8 2 2 10 2 2 2 2 2 2 2 2 2 2 2 2 2 8
left_child=2 4 3 7 10 13 8 29 12 -9 18 -5 23 24 28 -15 20 22 -2 -11 -13 -20 -6 -4 -3 -19 -14 -8 -7 -1
right_child=1 5 6 11 17 14 27 9 -10 19 -12 16 26 15 -16 -17 -18 25 21 -21 -22 -23 -24 -25 -26 -27 -28 -29 -30 -31
leaf_value=-0.035273225745384676 0.0013478164735159579 0.031153207713404449 -0.0062756951800249788 -0.027119132373351125 0.027346276095468393 0.056410399493357015 0.01283163284660583 -0.037595495634240972 0.040920454326371133 -0.022307059905004683 0.046078855157123837 -0.01072970987061324 -0.021481669018919902 0.067546596226931474 0.089465555912254358 0.042570976091428403 0.034755382830622621 0.046736102582915634 0.01333767449383356 0.029958555175719898 0.067664450339242552 0.036882012729349628 0.051941694645038276 0.016167808847570641 0.094698346427766089 0.08324228278250892 0.0017710492700062194 0.036227448582677964 0.078030556488657116 -0.048278360160691654
leaf_weight=684.97705443203449 906.64668807387352 593.35772946476936 651.34041322767735 755.15251518785954 650.50224401056767 450.76093707978725 420.88432675600052 1692.4812055230141 97.4289610683918 1658.1376710236073 171.20387934148312 1365.9439799636602 1057.0185369700193 504.55492965877056 465.80230218172073 527.52822059392929 78.325271680951118 236.38176088035107 1151.1772531718016 46.725590929389 18.710593849420547 212.80991904437542 213.48292274773121 268.05847649276257 24.36414147913456 98.201430663466454 198.95592378079891 260.74742302298546 317.24504210054874 1928.5083613991737
leaf_count=4258 5277 3274 3872 4625 3620 2392 2428 10592 557 10145 954 8181 6363 2680 2399 2864 449 1305 6590 274 105 1194 1166 1552 130 524 1168 1468 1641 12152
internal_value=-6.47392e-05 0.0382805 -0.0224346 -0.0300941 0.0221065 0.0586959 -0.0010987 -0.0360187 -0.00796687 -0.0292046 0.013243 -0.0140362 -0.0101605 0.0468931 0.0744691 0.054791 -0.00727831 0.0401575 0.0107631 -0.02087 -0.00966196 0.0170172 0.0334347 0.000263506 0.0336826 0.0574874 -0.0177944 0.0217927 0.0653567 -0.0448732
internal_weight=17707.4 6524.02 11183.4 8228.96 3640.41 2883.61 2954.43 6010.83 2272.8 3397.34 2441.84 2218.13 2175.37 1649.81 1233.81 1032.08 1462.98 1198.57 2270.63 1704.86 1384.65 1363.99 863.985 919.399 617.722 334.583 1255.97 681.632 768.006 2613.49
internal_count=104199 36010 68189 50781 20630 15380 17408 37421 13512 21011 14015 13360 12955 8948 6432 5544 8735 6615 13061 10419 8286 7784 4786 5424 3404 1829 7531 3896 4033 16410
is_linear=0
shrinkage=0.05


Tree=4
num_leaves=31
num_cat=0
split_feature=33 33 33 18 18 18 33 33 33 5 5 33 18 1 10 33 5 18 18 18 10 1 5 10 4 10 5 3 33 33
split_gain=6775.98 1015.56 981.358 420.31 299.442 211.625 153.717 108.627 99.142 93.5108 83.7969 72.4194 68.4637 65.0315 57.3681 46.7743 39.9303 39.1835 37.6868 37.6085 37.5741 37.0258 36.7812 34.1711 33.8813 29.2722 27.1865 26.5379 25.4485 25.4427
threshold=56.45000000000001 67.050000000000011 43.95000000000001 12.500000000000002 11.500000000000002 12.500000000000002 75.950000000000017 32.350000000000001 49.350000000000001 65.950000000000017 57.050000000000004 60.850000000000001 13.500000000000002 58.350000000000001 65.000000000000014 71.050000000000011 50.650000000000013 15.500000000000002 10.500000000000002 10.500000000000002 65.000000000000014 57.750000000000007 59.850000000000001 65.000000000000014 88.850000000000009 55.000000000000007 53.650000000000013 53.750000000000007 72.450000000000017 62.050000000000004
decision_type=2 2 2 2 2 2 2 2 2 2 2 2 2 2 2 2 2 2 2 2 2 2 2 2 2 2 2 2 2 2
left_child=2 4 7 10 22 18 13 25 26 11 19 20 -9 15 16 -7 -10 -13 28 -4 -6 -8 29 -14 -12 -1 -5 -20 -3 -2
right_child=1 5 3 8 9 6 21 12 14 -11 24 17 23 -15 -16 -17 -18 -19 27 -21 -22 -23 -24 -25 -26 -27 -28 -29 -30 -31
leaf_value=-0.048062847050497362 0.036314244957475053 0.087140075535233952 0.018999048884144571 -0.031636240124257795 0.00256942983947832 0.03328083530714801 0.068295382543111877 -0.022519500735052479 -0.018435136696358271 0.040996190939652559 0.034004833738661186 0.029246412481466883 -0.038839494191840074 0.0675139136002159 0.027149325079502042 0.051827153871818403 -0.0051385522488945493 0.013583788881092655 0.065592829185734058 0.00030331821974792278 0.036996640195528986 0.096773261441125927 0.073760743229758993 0.022525903260209538 0.091133802767574698 0.012640297936277975 -0.015085379415298947 0.096300489924712254 0.11717484813810555 0.059406012703481517
leaf_weight=2312.6886415928602 280.0156524926424 175.27149301767349 496.05660016834736 1113.791677236557 1263.3322372883558 757.38903051614761 438.98350317776203 1003.7629036009312 1352.7963319122791 340.06761111319065 228.73996789753437 709.07026788592339 2247.0979302227497 296.47580626606941 92.921154513955116 622.34137845039368 971.38905417919159 919.07260943949223 233.45232434570789 588.7367081195116 84.506642282009125 157.1449686139822 163.52418550848961 22.753064319491386 29.395157724618912 19.862843200564384 321.28157760202885 103.46940669417381 124.16859695315361 211.5391416400671
leaf_count=15150 1546 872 2909 6957 7267 4019 2190 6289 8202 1800 1286 3921 14335 1512 529 3195 5742 5143 1175 3474 472 764 841 140 159 124 1934 518 600 1134
internal_value=-7.99391e-05 0.0387032 -0.0247833 -0.00912574 0.0222595 0.06115 0.0540023 -0.0392915 -0.0175234 0.0161538 0.0149586 0.0133121 -0.0334091 0.0462339 -0.0113385 0.0416531 -0.0128805 0.0204094 0.0866528 0.00885811 0.00473424 0.0758258 0.0531517 -0.0382212 0.0405625 -0.0475433 -0.0279357 0.0750638 0.0996462 0.0462719
internal_weight=17681.1 6879.82 10801.3 5195.11 3971.13 2908.7 2272.33 5606.17 3852.18 3316.05 1342.93 2975.98 3273.61 1676.21 2417.11 1379.73 2324.19 1628.14 636.362 1084.79 1347.84 596.128 655.079 2269.85 258.135 2332.55 1435.07 336.922 299.44 491.555
internal_count=104199 36969 67230 31192 22124 14845 11680 36038 23364 18603 7828 16803 20764 8726 14473 7214 13944 9064 3165 6383 7739 2954 3521 14475 1445 15274 8891 1693 1472 2680
is_linear=0
shrinkage=0.05


Tree=5
num_leaves=31
num_cat=0
split_feature=33 33 33 32 32 33 17 33 32 32 17 9 32 34 1 37 9 5 9 34 5 34 36 34 33 35 1 4 1 37
split_gain=6033.73 1122.87 796.19 277.395 223.882 146.81 142.139 112.901 102.327 83.4039 69.2353 58.3705 49.5637 48.2126 47.4824 46.1801 44.3016 38.3267 36.8637 36.3882 34.4785 33.3868 29.381 29.1971 28.912 28.8097 28.5011 28.2517 27.781 31.8652
threshold=57.650000000000013 45.95000000000001 71.050000000000011 70.850000000000009 69.65000000000002 34.150000000000013 2810.0000000000005 64.450000000000017 61.050000000000004 72.450000000000017 2760.0000000000005 55.050000000000004 61.95000000000001 1.5000000000000002 59.050000000000004 66.144500000000008 55.050000000000004 61.050000000000004 50.650000000000013 1.0000000180025095e-35 48.150000000000013 1.5000000000000002 -1.0000000180025095e-35 1.0000000180025095e-35 64.050000000000011 1.4000000000000004 51.550000000000004 85.050000000000011 61.750000000000007 78.211428571428584
decision_type=2 2 2 2 2 2 2 2 2 2 2 2 2 10 2 2 2 2 2 8 2 10 8 10 2 10 2 2 2 2
left_child=1 5 4 8 7 21 23 16 13 25 15 17 19 -3 22 -10 18 24 -2 -7 -21 -1 -9 -5 -6 -4 -15 -12 29 -11
right_child=2 3 9 6 11 12 -8 14 10 28 27 -13 -14 26 -16 -17 -18 -19 -20 20 -22 -23 -24 -25 -26 -27 -28 -29 -30 -31
leaf_value=-0.038316606284733642 0.010147730222777731 -0.0087862911754746989 0.064736736242468076 0.041002028267011985 0.029030439302378502 -0.015151155076471268 0.089449137796639544 -0.0043273702475122525 0.0040985861529409581 0.077144471486710137 0.021516843025947033 -0.0092619980672625415 -0.015985801023362899 -0.032216244415888294 0.064787762606963548 -0.012042761341589873 -0.013102743897600733 0.054895151917665343 0.026783518823060522 -0.038635711332836602 -0.026691955395372682 -0.049878903605366037 0.030973356633126111 0.0096084073576517253 0.045359791143335916 0.046335380245024253 -0.016215948296734319 0.075689860590981095 0.11842675325085475 0.016736547358483258
leaf_weight=1017.0077881962061 1307.469557389617 1430.2544286549091 438.94081626832485 104.63595516979694 469.42937476933002 276.51828074455261 88.623976901173592 62.496116116642952 1057.6956757903099 847.24364143610001 131.51543140411377 53.324479326605797 545.50486148893833 458.23413179814816 101.05340199172497 762.15261401236057 159.53502149879932 530.72149920463562 447.76480317115784 1658.7187582701445 958.34386782348156 1650.3477065563202 963.90835700929165 255.43868719041348 652.5292637348175 422.2548620402813 715.54435743391514 29.564133018255234 40.263984456658363 22.691305831074715
leaf_count=6773 7340 8696 2179 582 2537 1773 447 341 6228 4041 752 286 3407 2819 526 4546 905 2661 2466 10801 6124 11166 5151 1427 3363 2111 4387 163 189 109
internal_value=0.000103889 -0.022254 0.0383074 -0.00476863 0.0276323 -0.0366664 0.0327452 0.0194978 -0.00844157 0.0669161 0.000120171 0.0421331 -0.0298328 -0.0149563 0.0320526 -0.00265895 0.0121014 0.0437949 0.0143957 -0.0324409 -0.0342651 -0.0454739 0.0288189 0.018754 0.0385352 0.0557266 -0.0224688 0.0315314 0.0774905 0.0755766
internal_weight=17659.7 11140.1 6519.63 5033.66 4748.23 6106.44 448.699 3042.23 4584.96 1771.39 1980.93 1706 3439.09 2604.03 1127.46 1819.85 1914.77 1652.68 1755.23 2893.58 2617.06 2667.36 1026.4 360.075 1121.96 861.196 1173.78 161.08 910.199 869.935
internal_count=104296 70091 34205 30047 25576 40044 2456 16729 27591 8629 11689 8847 22105 15902 6018 10774 10711 8561 9806 18698 16925 17939 5492 2009 5900 4290 7206 915 4339 4150
is_linear=0
shrinkage=0.05


Tree=6
num_leaves=31
num_cat=0
split_feature=32 32 32 10 1 34 37 1 34 34 32 34 1 32 9 3 2 37 37 21 10 1 10 1 35 1 1 2 1 19
split_gain=4633.61 843.699 425.837 168.02 144.278 138.575 135.701 123.885 118.284 103.03 95.6302 62.5877 59.735 57.5688 53.3613 44.6706 43.2509 40.4481 36.9524 35.3206 34.6944 34.0433 33.3605 33.2924 31.7776 31.2393 28.2784 26.0531 26.027 21.6271
threshold=62.150000000000013 70.850000000000009 51.050000000000004 65.000000000000014 55.150000000000013 1.5000000000000002 73.147071428571437 53.45000000000001 1.5000000000000002 2.5000000000000004 76.850000000000009 1.5000000000000002 54.750000000000007 68.15000000000002 55.050000000000004 58.550000000000004 49.45000000000001 68.138500000000008 69.50275000000002 1.0000000180025095e-35 55.000000000000007 52.95000000000001 77.500000000000014 57.850000000000001 1.7500000000000007 54.050000000000004 53.650000000000013 54.750000000000007 60.150000000000013 1.0000000180025095e-35
decision_type=2 2 2 2 2 10 2 2 10 8 2 8 2 2 2 2 2 2 2 2 2 2 2 2 10 2 2 2 2 2
left_child=2 4 8 6 5 15 7 16 20 14 11 12 18 -7 17 22 -4 -6 -3 23 25 -10 -2 -13 27 -1 -8 -12 -11 -26
right_child=1 10 3 -5 9 13 26 -9 21 28 24 19 -14 -15 -16 -17 -18 -19 -20 -21 -22 -23 -24 -25 29 -27 -28 -29 -30 -31
leaf_value=-0.030625427440894942 0.012807934123567491 0.037187003692445098 -0.026091309983054381 0.029412316594320448 0.045343978860699734 -0.010358609564023008 -0.040597863655515404 0.0020327997373939298 -0.048630175503805106 -0.0054914831545380093 0.062394706495703924 0.024181027969585881 0.063497453368499254 0.016363477348049989 -0.0076217558806299206 0.034405760556055869 -0.013689247134510356 0.026763107577179809 0.078253191135453815 0.080511936744052826 0.011507459636398543 -0.033651876349079235 0.055431343225901465 0.045389520582088248 0.061280788504539357 -0.0070115778958612651 -0.023429318622250728 0.087614203040411176 0.026866354631425796 0.039638720396063351
leaf_weight=1663.4125589132309 2005.1005767285824 661.06745631992817 1035.6063680052757 205.53782305121422 629.33619077503681 925.53797996044159 570.92815034091473 1059.6839188188314 1523.2077021449804 245.99018023908138 344.27368754148483 631.89064954221249 476.1401324570179 257.45484472811222 71.949447855353355 301.79563680291176 2201.3337597995996 552.78908158838749 60.030303463339806 36.730416193604469 55.245649978518486 510.20778039097786 46.972704038023949 263.31505635380745 267.71196721494198 153.62184029817581 417.94256652891636 149.46999634802341 82.995721742510796 208.03505529463291
leaf_count=10969 11217 3350 6609 1154 3325 5447 3754 6330 10434 1402 1669 3290 2320 1426 413 1687 13694 3006 294 180 334 3354 245 1314 1301 964 2617 709 454 1034
internal_value=8.13479e-05 0.0275019 -0.0239008 -0.0149219 0.015037 0.00941907 -0.0166474 -0.0128015 -0.0365222 0.0275841 0.0480948 0.0421557 0.0497289 -0.00453796 0.0341173 0.0164355 -0.0176593 0.0366624 0.040623 0.0324169 -0.0274446 -0.0448762 0.0137887 0.0304292 0.0611273 -0.0286322 -0.0333498 0.0700557 0.00266216 0.051838
internal_weight=17615.3 8218.59 9396.73 5491.03 5119.92 3536.86 5285.49 4296.62 3905.7 1583.06 3098.66 2129.17 1197.24 1182.99 1254.07 2353.87 3236.94 1182.13 721.098 931.936 1872.28 2033.42 2052.07 895.206 969.491 1817.03 988.871 493.744 328.986 475.747
internal_count=104296 44083 60213 34158 28622 20022 33004 26633 26055 8600 15461 10748 5964 6873 6744 13149 20303 6331 3644 4784 12267 13788 11462 4604 4713 11933 6371 2378 1856 2335
is_linear=0
shrinkage=0.05


Tree=7
num_leaves=31
num_cat=0
split_feature=33 33 33 32 17 33 33 7 34 32 32 7 7 33 32 10 2 7 4 34 4 34 3 32 7 35 34 32 7 0
split_gain=5047.98 877.138 741.181 211.447 174.807 150.8 138.591 124.642 80.098 66.2612 63.0707 59.6541 53.8146 44.2372 41.6741 35.1629 34.6588 33.9649 33.6024 31.9744 31.6535 30.6746 29.0823 28.9854 27.6393 32.6659 27.3111 26.0642 25.4987 23.7662
threshold=56.45000000000001 45.95000000000001 66.850000000000009 68.550000000000011 2810.0000000000005 74.750000000000014 34.150000000000013 54.050000000000004 1.5000000000000002 72.65000000000002 70.050000000000011 53.45000000000001 53.350000000000001 60.45000000000001 65.050000000000011 65.000000000000014 52.850000000000001 62.95000000000001 92.15000000000002 1.5000000000000002 74.850000000000009 1.0000000180025095e-35 56.050000000000004 78.550000000000011 53.150000000000013 7.4000000000000012 1.5000000000000002 60.850000000000001 55.850000000000001 48.45000000000001
decision_type=2 2 2 2 2 2 2 2 10 2 2 2 2 2 2 2 2 2 2 10 2 10 2 2 2 10 10 2 2 2
left_child=1 6 7 8 28 10 15 9 12 13 17 19 16 -2 -9 26 -3 20 -15 -8 -4 -16 -10 29 -12 -26 -1 -14 -5 -7
right_child=2 3 5 4 -6 23 11 14 22 -11 24 -13 27 18 21 -17 -18 -19 -20 -21 -22 -23 -24 -25 25 -27 -28 -29 -30 -31
leaf_value=-0.037664596317092042 0.0015180662716543789 -0.014250297269538442 0.022365042446992642 0.0014777280839737808 0.072587609122624047 0.047046553506073598 -0.026516599920965663 0.019991108193823468 -0.021031970267611694 0.030756243051080864 0.044757286555724446 -0.015885260883216044 0.00051485913546536429 0.012023361980092399 0.056346233274015417 0.025325928138153538 0.0015544467214803773 0.076746927263157058 0.034826302971954687 -0.037683205498512867 0.040362306519202709 0.032965905070270925 -0.0052170517619585599 0.08341554884285976 0.067831848133749748 0.036599939870646379 -0.048429605536134068 0.021704346221989614 0.028141998745788429 0.067568837174857233
leaf_weight=964.84136012196541 1054.7859811484814 948.75598557293415 447.47825762629509 385.54540322721004 130.79033681750298 193.25667268037796 1339.1374185085297 462.47218677401543 1424.9405881464481 419.3404353260994 688.36591325700283 753.66651405394077 352.89756594598293 1189.0183628797531 193.25187392532825 18.112223193049431 545.89139786362648 44.977240741252899 187.30756536126137 1242.05244974792 544.29455490410328 524.60288172960281 366.41133067011833 211.2639112174511 361.9862082451582 110.49368676543236 1549.8393339365721 246.99340136349201 116.91750335693359 556.0468730032444
leaf_count=6698 5974 5802 2271 2162 640 900 8829 2565 8854 2134 3285 4948 2167 6443 993 113 3292 223 999 8328 2735 2732 2267 943 1694 524 11128 1434 643 2576
internal_value=6.36537e-05 -0.0222287 0.0322729 -0.00567076 0.0211162 0.050411 -0.0349802 0.0180593 -0.0100377 0.0123978 0.0431771 -0.0282775 -0.00339582 0.00922803 0.0317252 -0.043802 -0.00847485 0.0341927 0.0151326 -0.0318931 0.0322502 0.039274 -0.0178004 0.0669493 0.0511932 0.0605479 -0.0443029 0.00924971 0.00769652 0.0622895
internal_weight=17575.7 10386.8 7188.94 4519.14 633.253 3158.16 5867.65 4030.78 3885.89 2850.45 2197.6 3334.86 2094.54 2431.11 1180.33 2532.79 1494.65 1036.75 1376.33 2581.19 991.773 717.855 1791.35 960.567 1160.85 472.48 2514.68 599.891 502.463 749.304
internal_count=104296 67305 36991 27261 3445 15151 40044 21840 23816 15550 10732 22105 12695 13416 6290 17939 9094 5229 7442 17157 5006 3725 11121 4419 5503 2218 17826 3601 2805 3476
is_linear=0
shrinkage=0.05


Tree=8
num_leaves=31
num_cat=0
split_feature=33 33 33 18 18 18 33 33 32 18 32 32 21 7 34 18 1 7 32 7 33 7 33 17 7 5 1 10 5 18
split_gain=4547.45 825.5 645.098 316.615 256.238 139.53 135.098 115.849 103.334 99.7802 80.3224 69.1308 79.4574 51.8407 49.498 48.8411 48.8218 46.2957 46.2906 44.3044 41.8075 36.9195 36.8961 36.847 36.1684 35.691 33.5911 33.125 29.8075 28.7688
threshold=56.45000000000001 45.95000000000001 66.850000000000009 12.500000000000002 12.500000000000002 13.500000000000002 34.150000000000013 76.550000000000011 61.050000000000004 13.500000000000002 65.15000000000002 68.350000000000009 1.0000000180025095e-35 58.050000000000004 1.5000000000000002 8.5000000000000018 59.250000000000007 53.95000000000001 72.450000000000017 60.750000000000007 74.750000000000014 46.45000000000001 60.250000000000007 2810.0000000000005 47.650000000000013 51.150000000000013 51.050000000000004 65.000000000000014 45.750000000000007 10.500000000000002
decision_type=2 2 2 2 2 2 2 2 2 2 2 2 2 2 8 2 2 2 2 2 2 2 2 2 2 2 2 2 2 2
left_child=1 6 4 8 17 20 27 16 15 24 -6 14 28 22 -5 -3 19 26 21 -7 29 -10 -12 -17 -8 -16 -2 -1 -13 -4
right_child=2 3 5 11 10 7 9 -9 18 -11 13 12 -14 -15 25 23 -18 -19 -20 -21 -22 -23 -24 -25 -26 -27 -28 -29 -30 -31
leaf_value=-0.043383241185627038 0.01598348888842192 0.037192894093230622 0.069901954695141946 -0.0086366359823206226 0.00090376993321925449 0.028618357817066488 -0.025116042217782714 0.060943701845434295 0.0052960238447829575 -0.033193473283122721 0.0023959106956858919 -0.02671341197436727 0.059207348820836482 0.038783117206286896 -0.027440238470415462 0.0037505855062694342 0.056777854777166729 0.05482121039824444 0.061809784073216294 0.059892995860305123 0.081192352471409643 0.034502281687048643 0.019083309920271799 -0.027293396882174938 -0.0060082602821540628 -0.012011546533524932 0.040258908591836229 0.023699947322442932 0.0051708061663179134 0.048730917806107485
leaf_weight=2441.5012452155352 222.36953584849834 85.251695811748505 265.31441120803356 1219.1073325127363 1356.3533919900656 1430.5014137923717 437.39974349737167 525.92819777131081 161.73433129489422 2265.2165702879429 490.18015266954899 99.807268694043159 58.66877119243145 238.54638943076134 1055.5748318582773 405.33181612193584 211.09722265601158 330.39920495450497 103.06569114327431 123.36658106744289 243.69037947058678 329.75977255403996 1026.362652823329 124.91008943319321 573.00796422362328 583.80874960124493 401.88006049394608 18.386635929346085 274.71133716404438 418.70530264079571
leaf_count=17826 1171 509 1207 7460 7677 6957 2907 2360 906 15452 2679 578 287 1218 6802 2458 980 1673 507 584 1079 1831 5340 766 3746 3607 2082 113 1550 1984
internal_value=4.61902e-05 -0.0214405 0.0302422 -0.00541269 0.0170016 0.0469665 -0.0340194 0.0403321 0.0164548 -0.0273635 0.0100463 -0.0134532 0.00515057 0.0171084 -0.0162743 0.00208438 0.0341843 0.0396622 0.0313198 0.0311083 0.063338 0.0249047 0.0136934 -0.00355684 -0.0142865 -0.02195 0.0316235 -0.0428788 -0.00331769 0.056959
internal_weight=17521.9 10237.2 7284.69 4501.73 4066.09 3218.6 5735.51 2290.89 1210.05 3275.62 3111.44 3291.68 433.187 1755.09 2858.49 615.494 1764.97 954.649 594.56 1553.87 927.71 491.494 1516.54 530.242 1010.41 1639.38 624.25 2459.89 374.519 684.02
internal_count=104296 67305 36991 27261 21840 15151 40044 10881 6977 22105 16914 20284 2415 9237 17869 3733 8521 4926 3244 7541 4270 2737 8019 3224 6653 10409 3253 17939 2128 3191
is_linear=0
shrinkage=0.05


Tree=9
num_leaves=31
num_cat=0
split_feature=32 32 32 18 18 18 4 37 7 7 0 28 1 1 2 1 1 7 30 37 32 18 37 4 7 18 18 28 4 7
split_gain=3491.72 573.129 371.756 283.485 257.573 133.124 105.688 97.0354 79.6979 73.3325 69.2201 59.0704 64.1587 54.2179 49.3937 48.2693 44.743 40.6519 39.0494 36.3837 35.8857 34.5753 32.08 29.8225 33.3653 27.3312 27.0822 26.7541 26.6515 25.3763
threshold=62.150000000000013 70.850000000000009 50.850000000000001 11.500000000000002 12.500000000000002 13.500000000000002 84.950000000000017 78.211428571428584 50.95000000000001 56.050000000000004 49.350000000000001 4.5000000000000009 55.650000000000013 58.650000000000013 53.45000000000001 47.45000000000001 54.45000000000001 54.95000000000001 441.00000000000006 69.50275000000002 77.250000000000014 14.500000000000002 69.934285714285735 81.250000000000014 57.550000000000004 15.500000000000002 10.500000000000002 3.5000000000000004 89.65000000000002 53.45000000000001
decision_type=2 2 2 2 2 2 2 2 2 2 2 2 2 2 2 2 2 2 2 2 2 2 2 2 2 2 2 2 2 2
left_child=2 4 10 15 13 20 9 8 14 16 -1 12 18 17 -5 -4 -6 26 -7 -14 -3 -10 28 24 -17 -11 -2 29 -12 -8
right_child=1 5 3 7 6 11 27 -9 21 25 22 -13 19 -15 -16 23 -18 -19 -20 -21 -22 -23 -24 -25 -26 -27 -28 -29 -30 -31
leaf_value=-0.042095792459323704 0.033484124965693016 0.048311823008216057 -0.015163002216389913 -0.025558954089499653 -0.0064492079569965768 0.0030600377918290991 0.020893463575356638 -0.037312581042806874 0.0047104918147289196 0.032911971687674291 -0.025444135507408362 0.012712787927108105 0.056341195322756665 0.064065965232104005 -0.010054199105581472 0.0073464123370222643 0.0080763072608181843 0.045025956695265691 0.031684435811500697 0.034438546924691858 0.068828453293983641 -0.011666630867630506 -0.036532883903278399 0.035569580480381439 0.043572512289125745 0.009541042025735462 0.014967509994623405 0.011343239112117376 0.0012858897653136756 0.0441119135236058
leaf_weight=1548.7988860458136 363.5706073641777 756.01257880032063 132.33602970838547 1756.638469055295 1655.8971020430326 136.53372891247272 405.96626845002174 590.21489591896534 478.81753920018673 207.71437209844589 1216.7578131109476 321.54563342034817 443.46909645199776 125.23498222231865 727.94172967970371 496.58136171102524 779.5207966119051 299.66582924127579 958.36231671273708 335.47298796474934 300.55201649665833 983.19138771295547 723.40262512862682 176.12778256833553 72.923440918326378 316.77985838055611 436.04166670143604 448.93128392100334 100.59820754826069 166.90266333520412
leaf_count=11345 1914 3559 846 11547 9584 685 2149 4061 2960 1137 8389 1605 2026 623 4550 3008 4278 1538 4636 1591 1359 6256 5171 1009 420 1738 2348 2457 651 856
internal_value=3.00312e-05 0.0230989 -0.0216391 -0.0133653 0.0128106 0.0395676 0.00664118 -0.0183985 -0.0155677 0.00185287 -0.0341178 0.032541 0.03594 0.0328652 -0.0210189 0.0126367 -0.00179773 0.0293006 0.0281201 0.0469203 0.0541587 -0.00629964 -0.0280588 0.0175787 0.0120007 0.0188106 0.0233961 0.0205053 -0.0233992 0.0276733
internal_weight=17462.5 8458.17 9004.33 5414.77 5206.23 3251.95 3981.71 4536.8 3946.59 2959.91 3589.56 2195.38 1873.84 1224.51 2484.58 877.969 2435.42 1099.28 1094.9 778.942 1056.56 1462.01 2040.76 745.633 569.505 524.494 799.612 1021.8 1317.36 572.869
internal_count=104296 44083 60213 34657 28622 15461 22199 29374 25313 16737 25556 10543 8938 6423 16097 5283 13862 5800 5321 3617 4918 9216 14211 4437 3428 2875 4262 5462 9040 3005
is_linear=0
shrinkage=0.05


Tree=10
num_leaves=31
num_cat=0
split_feature=33 33 33 18 18 18 18 33 5 33 5 18 7 33 5 5 5 7 0 7 18 7 33 33 7 7 0 35 37 33
split_gain=3857.34 748.218 454.934 315.238 226.236 95.4928 86.7127 79.3026 78.5191 59.9382 55.8798 54.8543 54.0732 54.1924 53.0356 44.5698 42.385 39.7385 39.036 37.6484 37.0448 29.6103 28.8475 28.6491 24.4224 23.6938 22.9848 22.8427 22.3829 21.6506
threshold=56.650000000000013 42.750000000000007 68.450000000000017 12.500000000000002 13.500000000000002 13.500000000000002 13.500000000000002 76.550000000000011 62.050000000000004 60.850000000000001 57.050000000000004 9.5000000000000018 58.850000000000001 49.750000000000007 50.150000000000013 60.250000000000007 48.550000000000004 67.950000000000017 49.350000000000001 53.550000000000004 9.5000000000000018 44.750000000000007 84.350000000000009 31.150000000000002 55.95000000000001 52.550000000000004 46.350000000000001 6.4000000000000012 57.742857142857147 49.95000000000001
decision_type=2 2 2 2 2 2 2 2 2 2 2 2 2 2 2 2 2 2 2 2 2 2 2 2 2 2 2 10 2 2
left_child=1 6 4 10 11 25 14 19 12 28 20 -2 13 -5 23 -13 -8 18 -11 -7 -3 -12 24 -1 -9 -4 -22 -21 -6 -23
right_child=2 3 5 8 9 7 16 22 -10 17 21 15 -14 -15 -16 -17 -18 -19 -20 27 26 29 -24 -25 -26 -27 -28 -29 -30 -31
leaf_value=-0.040044790478733078 0.053108950450480696 0.021822874448460872 0.049725347366776827 -0.025969623570323869 0.0076614661755192246 0.025128242571132043 -0.043587455408688934 0.042373450833047638 0.0082991297652725768 -0.00014754846950499245 -0.0044139080412921167 0.023392923303225878 0.0033295139230215529 -0.013275502707066109 -0.0056868309824583876 0.046741158997783 -0.031157095231520406 0.066355483894369849 0.017985523080287388 0.04890150372256357 -0.016290993589359037 0.014298541357177369 0.077945783682526179 -0.023361651857214442 0.071779711050665898 0.067044904557036863 0.0054919577225668696 0.024549980367413331 -0.0061093732826628371 0.04816278965738701
leaf_weight=418.91262240707874 301.83360396325588 316.41911178827286 430.81115235388279 1516.3331074267626 632.6588506102562 929.98410882055759 2202.5909740775824 374.43380773067474 329.98524777591228 366.91436064243317 46.909528031945229 847.28417843580246 296.34930294752121 1893.9039383977652 290.2309907823801 270.46604853868484 1003.2987925857306 37.638237461447716 1541.0160128474236 356.92010040581226 145.4212042093277 65.553251951932907 98.600974529981613 676.2027228474617 88.160958081483841 374.90787823498249 720.20512770116329 133.6825165450573 552.59723798930645 173.92805720865726
leaf_count=3238 1463 1834 1921 10175 3514 4397 16501 1648 1955 1952 261 4349 1837 11745 2005 1294 7281 186 7981 1625 891 376 420 4706 381 1637 4235 624 3114 915
internal_value=-0.000224779 -0.0202752 0.0273619 -0.00784328 0.0176153 0.0432695 -0.0351799 0.0373577 -0.0150603 0.0101053 0.0119919 0.0341729 -0.0171415 -0.0189219 -0.024714 0.0290507 -0.0397 0.0155051 0.0144959 0.0310586 0.00718402 0.0318088 0.0532856 -0.0297511 0.0480028 0.0577978 0.00182529 0.0422826 0.00123695 0.0389238
internal_weight=17434.2 10096.2 7337.91 5505.01 4550.41 2787.5 4591.24 1981.78 4036.57 3130.82 1468.44 1419.58 3706.59 3410.24 1385.35 1117.75 3205.89 1945.57 1907.93 1420.59 1182.05 286.391 561.196 1095.12 462.595 805.719 865.626 490.603 1185.26 239.481
internal_count=104461 67955 36506 34224 23853 12653 33731 9095 25712 16747 8512 7106 23757 21920 9949 5643 23782 10119 9933 6646 6960 1552 2449 7944 2029 3558 5126 2249 6628 1291
is_linear=0
shrinkage=0.05


Tree=11
num_leaves=31
num_cat=0
split_feature=33 33 33 33 29 34 7 34 7 13 7 10 7 36 9 33 4 10 36 33 4 33 10 7 35 9 0 7 7 7
split_gain=3483.31 706.705 402.41 128.33 117.151 90.9217 80.1388 78.4243 65.5731 64.8871 55.4491 49.8929 42.5439 42.1002 40.9417 36.898 35.7572 35.1083 32.1685 31.6169 30.883 30.2873 29.1476 28.2973 27.0828 24.9598 24.037 22.2356 19.8278 19.6676
threshold=56.650000000000013 42.350000000000001 64.850000000000009 73.750000000000014 59.750000000000007 1.5000000000000002 47.650000000000013 1.5000000000000002 48.650000000000013 49.750000000000007 53.750000000000007 65.000000000000014 54.850000000000001 0.90000000000000013 58.45000000000001 49.95000000000001 85.050000000000011 55.000000000000007 -1.0000000180025095e-35 85.250000000000014 89.950000000000017 33.850000000000001 55.000000000000007 45.250000000000007 6.4000000000000012 51.250000000000007 46.050000000000004 52.45000000000001 39.550000000000004 59.250000000000007
decision_type=2 2 2 2 2 10 2 10 2 2 2 2 2 8 2 2 2 2 8 2 2 2 2 2 10 2 2 2 2 2
left_child=1 7 6 10 5 8 -2 17 13 -6 20 14 19 -3 18 -7 26 25 -8 -5 28 -9 -10 -17 -12 -1 -11 -23 -4 -26
right_child=2 4 3 12 9 15 11 21 22 16 24 -13 -14 -15 -16 23 -18 -19 -20 -21 -22 27 -24 -25 29 -27 -28 -29 -30 -31
leaf_value=-0.030229465388596468 0.0019487961060780216 -0.0023573526684021197 -0.0046567456131497492 0.041082473645290288 -0.0069244263535732488 -0.023652841397381528 -0.0049904694235450922 -0.045569783401589146 0.00097424705079845694 -0.0034227809374358445 0.045424418681539493 0.03992709454473102 0.063737303142996624 -0.020737918130069189 -0.010377997644169495 -0.022939970718196978 0.069324212808511476 0.016634783991170118 0.019689431579120471 0.07968562859855266 0.036235832345589671 -0.038574221395078351 0.026776735170146667 -0.0061521652393783585 0.018071604436943538 -0.011945965400614138 0.036499332423174699 -0.021756781267880488 0.022754955632876037 0.045555407356583262
leaf_weight=1717.8735228925943 1130.9660083502531 573.68730846047401 69.110978707671165 850.16147302091122 147.58155266940594 1113.0191029012203 143.09935741126537 1372.0276899263263 1505.0895472317934 54.528801754117012 679.06983764469624 238.98707850277424 368.32407331466675 683.4803914129734 139.40467114746571 354.65066796541214 58.338202238082886 44.399918541312218 1654.620193913579 56.947123870253563 470.87961383163929 752.91273379325867 117.98509487509727 863.40171618759632 197.44708427786827 210.68311020731926 120.41886712610722 268.84544611722231 1313.0103763490915 98.005622178316116
leaf_count=12650 6142 3568 340 3726 871 7494 782 11022 9260 322 3124 1198 1570 4388 773 2239 284 286 8661 238 2214 5531 662 5310 940 1513 642 1913 6340 458
internal_value=-0.000225938 -0.0195406 0.0257318 0.0361933 -0.0077694 -0.00972655 0.0127506 -0.0346136 -0.00378264 0.0189923 0.0302476 0.0183618 0.0493669 -0.0123551 0.0156967 -0.0170682 0.0354051 -0.0272223 0.0177219 0.04352 0.0251599 -0.040702 0.0028545 -0.0110457 0.039913 -0.0282354 0.0240327 -0.0341567 0.0213804 0.0272176
internal_weight=17369 9958.92 7410.03 4102.96 5592.18 5211.31 3307.08 4366.74 2880.24 380.867 2827.52 2176.11 1275.43 1257.17 1937.12 2331.07 233.286 1972.96 1797.72 907.109 1853 2393.79 1623.07 1218.05 974.523 1928.56 174.948 1021.76 1382.12 295.453
internal_count=104461 67955 36506 18950 35040 32921 17556 32915 17878 2119 13416 11414 5534 7956 10216 15043 1248 14449 9443 3964 8894 18466 9922 7549 4522 14163 964 7444 6680 1398
is_linear=0
shrinkage=0.05


Tree=12
num_leaves=31
num_cat=0
split_feature=33 33 33 32 21 36 32 5 7 7 5 5 7 2 33 7 31 9 1 31 7 33 33 4 32 4 33 5 35 1
split_gain=3146.98 666.723 359.382 174.176 142.473 86.3779 75.6378 73.3973 72.5362 70.177 57.2072 57.1278 52.8693 47.3697 41.3078 40.4821 39.0257 33.061 32.9548 32.3623 29.5852 27.4657 26.1005 24.7571 23.6735 22.7341 22.1624 21.4231 21.3213 19.3579
threshold=56.650000000000013 42.350000000000001 67.850000000000009 66.850000000000009 1.0000000180025095e-35 -1.0000000180025095e-35 74.050000000000011 48.650000000000013 59.050000000000004 47.150000000000013 61.45000000000001 59.45000000000001 55.150000000000013 49.95000000000001 32.350000000000001 54.550000000000004 26.500000000000004 51.850000000000001 58.550000000000004 27.500000000000004 49.45000000000001 71.050000000000011 63.050000000000004 70.050000000000011 73.850000000000009 49.95000000000001 76.250000000000014 46.750000000000007 9.7500000000000036 56.350000000000001
decision_type=2 2 2 2 2 8 2 2 2 2 2 2 2 2 2 2 8 2 2 8 2 2 2 2 2 2 2 2 10 2
left_child=1 7 5 8 16 -2 12 14 10 22 13 17 23 -3 -1 -9 27 -11 26 -17 -18 -14 -7 -4 -6 -13 -8 -5 -10 -25
right_child=2 3 6 4 24 9 18 15 28 11 -12 25 21 -15 -16 19 20 -19 -20 -21 -22 -23 -24 29 -26 -27 -28 -29 -30 -31
leaf_value=-0.044305344454556222 -0.007507177802390335 -0.023331054241710156 0.017952301119267319 -0.014608528335153283 0.039142895969906118 0.0010505739967085436 0.036538310326608293 -0.028153883594267126 0.01967404582112562 0.018726472568747855 0.00656849660684777 0.0087061673490386581 0.031035036041739711 -0.011374542074976891 -0.032463748909589356 -0.01135511480243807 -0.0061066886305439598 -0.0073340876119419533 0.063453477310997 0.052436570296965336 0.043153520406175261 0.05470962756889089 0.016101730139518593 0.026314966979807022 0.078231323448179124 0.035691376789522465 0.053078362316290588 0.0040776638611124709 -0.0059945744429354651 0.042061896302912731
leaf_weight=1396.5261241868138 385.0815024971962 1199.8249605745077 537.66249383985996 235.653993293643 128.19648458063602 716.14747679233551 522.42140467464924 1034.9173673018813 222.30853863060474 1898.388754889369 331.22242939472198 88.137829288840294 207.1414243131876 2687.9307060539722 1574.7988514751196 235.62947133928537 45.368694633245468 129.69735307991505 259.27693012356758 21.596446521580219 91.626367896795273 306.63018780946732 482.62797404825687 588.01435908675194 56.431690439581871 723.38780678808689 336.64954026043415 438.34562395513058 126.7027784883976 295.77313303947449
leaf_count=11455 2106 8029 2499 1384 627 3914 2280 7799 1361 9792 1995 439 949 17370 11788 1721 263 713 1087 152 501 1330 2441 2710 249 3516 1407 2472 789 1323
internal_value=-0.000225785 -0.0188252 0.0242187 -0.00742308 0.0115232 0.0151086 0.0374132 -0.0337027 -0.0115538 0.0172666 -0.0133665 0.0215499 0.0314202 -0.0150663 -0.0380323 -0.0237407 0.0024898 0.0170571 0.0477756 -0.0059615 0.026811 0.0451822 0.00711519 0.0264396 0.0511532 0.0327682 0.0430312 -0.00244947 0.0103421 0.0315947
internal_weight=17304.1 9827.08 7477.04 5563.61 995.623 4423.47 3053.57 4263.47 4567.99 4038.39 4218.98 2839.61 1935.22 3887.76 2971.32 1292.14 810.995 2028.09 1118.35 257.226 136.995 513.772 1198.78 1421.45 184.628 811.526 859.071 674 349.011 883.787
internal_count=104461 67955 36506 35040 5496 22921 13585 32915 29544 20815 27394 14460 8811 25399 23243 9672 4620 10505 4774 1873 764 2279 6355 6532 876 3955 3687 3856 2150 4033
is_linear=0
shrinkage=0.05


Tree=13
num_leaves=31
num_cat=0
split_feature=33 33 18 33 18 33 18 5 5 10 7 7 18 4 5 3 7 18 5 33 35 18 37 7 5 36 18 18 1 5
split_gain=2881.55 739.972 231.655 224.036 200.778 143.498 122.825 87.7951 56.4646 49.8709 49.7376 47.5187 47.0514 46.4471 44.6742 39.7476 34.6066 34.2217 32.8002 31.6012 31.4344 31.3818 28.5676 27.735 26.6191 24.4485 23.6304 23.2183 21.6038 20.5635
threshold=49.95000000000001 61.850000000000001 11.500000000000002 39.650000000000013 13.500000000000002 73.750000000000014 12.500000000000002 59.050000000000004 50.150000000000013 65.000000000000014 43.150000000000013 58.95000000000001 9.5000000000000018 92.350000000000009 61.050000000000004 56.050000000000004 47.050000000000004 14.500000000000002 62.650000000000013 84.350000000000009 2.600000000000001 13.500000000000002 76.129857142857148 56.150000000000013 47.350000000000001 -1.0000000180025095e-35 9.5000000000000018 16.500000000000004 47.050000000000004 42.750000000000007
decision_type=2 2 2 2 2 2 2 2 2 2 2 2 2 2 2 2 2 2 2 2 8 2 2 2 2 8 2 2 2 2
left_child=3 2 10 8 12 13 29 9 17 15 -2 22 -3 16 20 -4 -6 -1 28 23 -14 -10 24 -7 -8 -9 -20 -15 -12 -5
right_child=1 4 7 6 5 19 11 25 21 -11 18 -13 14 27 -16 -17 -18 -19 26 -21 -22 -23 -24 -25 -26 -27 -28 -29 -30 -31
leaf_value=-0.031562654795560162 -0.0025606233802089465 0.059661751339601013 -0.010130319911961956 -0.012800977909878131 0.0046078437128239521 0.031350957654858305 -0.027567679108322592 -0.011468709048767869 -0.0059272731613822785 0.020157059648103985 -0.0026472999058757417 0.0021950294458556873 0.059238733938185829 0.035323202804270523 0.052482437213692903 0.0033786485939257503 0.017896605847065837 -0.043012767842731017 0.085406927183747774 0.06551339176245749 0.028945422530965711 -0.029079425630611846 -0.037304588021477056 0.053379171810677951 -0.015498233363699536 0.015640981289551423 0.036729770424005916 0.0060166222979726822 0.027551288380671279 0.0061755125750388848
leaf_weight=1106.2119922488928 148.92565797269344 356.99525187909603 2625.3421640247107 192.87006120383739 712.00228388607502 677.64054638147354 935.26088628172874 94.03387525677681 202.23915598541498 173.49981267750263 64.467714175581932 185.26985684037209 97.175609484314919 419.80555345118046 416.49638688564301 686.2992689460516 1579.3135755807161 1615.2260027751327 39.305967658758163 102.36733062565327 749.56549967825413 535.84904737025499 348.2585472241044 182.5932792276144 899.7917777299881 702.8758299946785 70.461230859160423 81.108778670430183 686.62221683561802 548.06077514588833
leaf_count=8826 833 1559 15740 1266 3564 2932 6704 539 1489 925 368 1220 434 1977 1806 4084 7647 13245 186 420 3451 4160 2550 765 6146 3828 339 383 3632 3443
internal_value=-0.000224758 0.0158183 0.00254486 -0.0262764 0.0288851 0.0225334 -0.0165329 -0.00253437 -0.0350319 -0.0059589 0.0240867 -0.0220908 0.0435996 0.0167901 0.039052 -0.00732922 0.0137698 -0.0383617 0.0287022 0.0391843 0.0324345 -0.0227441 -0.0241539 0.0360381 -0.0216535 0.0124348 0.0542677 0.03059 0.0249526 0.00122798
internal_weight=17235.9 10666.9 5291.83 6569.04 5375.06 3754.83 3109.51 4282.05 3459.53 3485.14 1009.78 2368.58 1620.23 2792.23 1263.24 3311.64 2291.32 2721.44 860.857 962.601 846.741 738.088 2183.31 860.234 1835.05 796.91 109.767 500.914 751.09 740.931
internal_count=104461 55412 30474 49049 24938 17688 21329 25116 27720 20749 5358 16620 7250 13571 5691 19824 11211 22071 4525 4117 3885 5649 15400 3697 12850 4367 525 2360 4000 4709
is_linear=0
shrinkage=0.05


Tree=14
num_leaves=31
num_cat=0
split_feature=33 33 18 33 18 32 18 33 5 32 33 33 32 18 4 5 18 18 5 5 32 33 18 33 3 9 37 9 10 5
split_gain=2627.81 663.34 246.858 214.421 130.851 117.409 113.703 94.0803 54.7667 53.5082 52.4633 51.3038 45.0728 36.2153 34.2888 33.7575 33.6648 33.6503 32.6247 32.1487 31.3388 31.3202 29.5242 28.2491 23.0001 22.2765 21.8884 21.2397 21.004 20.9032
threshold=49.95000000000001 64.050000000000011 11.500000000000002 39.650000000000013 13.500000000000002 66.850000000000009 12.500000000000002 73.750000000000014 50.150000000000013 59.250000000000007 50.050000000000004 56.250000000000007 71.450000000000017 14.500000000000002 92.550000000000011 62.650000000000013 9.5000000000000018 14.500000000000002 47.350000000000001 60.850000000000001 73.450000000000017 50.050000000000004 13.500000000000002 84.350000000000009 55.95000000000001 58.95000000000001 54.184285714285721 60.350000000000001 77.500000000000014 61.050000000000004
decision_type=2 2 2 2 2 2 2 2 2 2 2 2 2 2 2 2 2 2 2 2 2 2 2 2 2 2 2 2 2 2
left_child=3 2 9 8 16 11 -5 12 17 21 -7 15 14 -13 -6 -4 -3 27 -8 -12 29 24 -10 -9 -2 28 -20 -1 -11 -18
right_child=1 4 5 6 7 10 18 23 22 25 19 13 -14 -15 -16 -17 20 -19 26 -21 -22 -23 -24 -25 -26 -27 -28 -29 -30 -31
leaf_value=-0.031799656001957742 -0.029336430647597028 0.057488483754867176 -0.013565733448738172 0.0011643513143497048 0.0090366892051908596 0.04241315173309744 -0.027160271557762097 0.03393789708092735 -0.0056541254889810495 0.031609421425529381 0.0041969232135646078 0.012913108769555193 0.027385411556849898 -0.003980200949632068 0.030059441573692464 0.010698665905493033 0.026226038652043645 -0.042180412533313345 -0.0039838345265964343 0.022190048907960905 0.050012857270144151 0.017411908710653276 -0.028206785500554634 0.061689177412717601 0.031718058205919136 -0.020787165712983377 -0.01950867487161086 0.013010198186698735 0.078432505884583434 0.045312490840092624
leaf_weight=1054.8845011740923 73.069175198674202 294.53687618672848 1679.652980312705 741.41784946620464 1137.7337456345558 119.56673803925514 1179.4285016208887 867.61316487193108 201.43466901034117 785.57611364126205 1179.5261713266373 444.16258749365807 833.63022923469543 1109.2243937253952 234.18631094694138 156.4076943397522 482.01423934102058 1566.0048647969961 312.01161217689514 314.74782860279083 373.27537344396114 258.79297222197056 525.08633472025394 103.25919193029404 19.38671912252903 19.495610386133194 842.80072867125273 26.913380913436413 24.817523181438446 206.46658891439438
leaf_count=8619 451 1249 10822 4709 5614 571 8631 3697 1489 3891 6296 2420 3737 6263 1107 919 2194 13245 2111 1541 1559 1425 4160 420 118 103 5878 207 115 900
internal_value=-0.000223645 0.0149521 0.00430149 -0.0254399 0.0294821 -0.000551316 -0.0158872 0.0239259 -0.0341448 0.0248605 0.0105473 -0.00583741 0.0182109 0.000847434 0.0126308 -0.0114955 0.0424883 -0.0374846 -0.0213052 0.0079915 0.0383174 0.00847983 -0.0219624 0.0369006 -0.0164597 0.0317857 -0.0153192 -0.0306791 0.033059 0.0319628
internal_weight=17167.1 10717.1 6184.43 6449.98 4532.72 5003.29 3075.66 3176.42 3374.32 1181.14 1613.84 3389.45 2205.55 1553.39 1371.92 1836.06 1356.29 2647.8 2334.24 1494.27 1061.76 351.249 726.521 970.872 92.4559 829.889 1154.81 1081.8 810.394 688.481
internal_count=104461 55412 34935 49049 20477 28832 21329 14575 27720 6103 8408 20424 10458 8683 6721 11741 5902 22071 16620 7837 4653 1994 5649 4117 569 4109 7989 8826 4006 3094
is_linear=0
shrinkage=0.05


Tree=15
num_leaves=31
num_cat=0
split_feature=33 33 18 33 32 18 18 33 7 36 18 33 34 34 34 32 1 37 33 10 35 1 18 34 7 10 30 3 32 33
split_gain=2392.22 561.224 221.06 216.567 148.65 145.448 101.803 86.7315 64.441 57.4305 61.9371 52.2448 36.7901 35.2521 35.2108 32.9919 29.9338 29.0484 28.9574 28.0971 27.7342 26.0457 24.858 23.519 23.432 22.6576 20.9988 20.698 20.148 19.8188
threshold=49.95000000000001 64.850000000000009 10.500000000000002 34.750000000000007 68.350000000000009 11.500000000000002 13.500000000000002 71.050000000000011 48.650000000000013 -1.0000000180025095e-35 15.500000000000002 50.050000000000004 1.5000000000000002 1.5000000000000002 1.0000000180025095e-35 52.650000000000013 57.750000000000007 71.353071428571454 45.750000000000007 65.000000000000014 2.4000000000000008 55.850000000000001 15.500000000000002 1.5000000000000002 57.750000000000007 77.500000000000014 471.00000000000006 55.550000000000004 55.45000000000001 81.250000000000014
decision_type=2 2 2 2 2 2 2 2 2 8 2 2 10 10 10 2 2 2 2 2 10 2 2 8 2 2 2 2 2 2
left_child=3 2 15 13 9 18 20 21 19 -4 -11 -6 22 -1 -13 -2 29 -18 28 23 25 -8 -10 -7 27 -3 -23 -17 -5 -9
right_child=1 6 4 5 11 8 7 16 12 10 -12 14 -14 -15 -16 24 17 -19 -20 -21 -22 26 -24 -25 -26 -27 -28 -29 -30 -31
leaf_value=-0.029967766733494564 0.0016177397428405991 0.044278438729525936 -0.017165668776209463 -0.014027339833737254 0.046063655108663615 -0.021956584215507169 0.0097672141789651463 0.024741016846777101 0.00012551752772968714 0.0056439652317422971 -0.0076302791554289165 0.025641051802810434 -0.023675901933734079 -0.042981718364181278 0.0072584436801780049 0.023747266215062721 0.051753034154121393 0.017737823128206435 0.016850336743753951 0.034303155923692305 0.031461134515645549 0.012029707081676382 -0.016269736882650997 -0.034218217136672634 0.053318010655171139 0.082966388987668033 0.032137684718970327 0.046278533947399059 0.0067582221166083076 0.043803223970313471
leaf_weight=878.51267355680466 96.149327382445335 668.10548040270805 665.94574984908104 258.97867835313082 121.08333534002304 609.62937105447054 984.81963375210762 937.91424131393433 421.33996071666479 1716.046609133482 1800.5722458958626 346.77365502715111 762.40098389983177 1294.7076331526041 1052.3300381749868 458.71279002726078 281.76934087276459 81.556330636143684 233.76335220038891 17.072090685367584 546.65825165808201 228.85753618180752 510.56266910582781 1110.7552186995745 117.6583296507597 40.528296664357185 303.66772440075874 132.1504974514246 211.53585760295391 160.77269764244556
leaf_count=7329 557 2849 4158 1878 551 4441 4745 4089 2909 9875 10772 1725 5662 11582 5361 2290 1178 345 1375 112 2368 1065 3652 8523 555 169 1398 654 1388 661
internal_value=-0.000506097 0.0138464 0.00462599 -0.0249431 0.00116319 -0.0182251 0.0280138 0.0229763 -0.0224728 -0.00370264 -0.00115129 0.0145534 -0.0155266 -0.0377248 0.0118197 0.0291577 0.03167 0.0441383 0.00246568 -0.0292422 0.0399632 0.0145947 -0.00885239 -0.0298777 0.0328872 0.0465095 0.0235094 0.028802 -0.00467241 0.0275387
internal_weight=17051.3 10742.1 6507.42 6309.26 5702.75 4136.04 4234.65 2979.36 3431.76 4182.56 3516.62 1520.19 1694.3 2173.22 1399.1 804.671 1462.01 363.326 704.278 1737.46 1255.29 1517.34 931.903 1720.38 708.522 708.634 532.525 590.863 470.515 1098.69
internal_count=104216 55365 36498 48851 32442 29940 18867 13481 25299 24805 20647 7637 12223 18911 7086 4056 6273 1523 4641 13076 5386 7208 6561 12964 3499 3018 2463 2944 3266 4750
is_linear=0
shrinkage=0.05


Tree=16
num_leaves=31
num_cat=0
split_feature=32 32 34 18 18 32 18 34 10 1 34 1 1 1 1 32 34 18 7 34 32 7 2 21 2 3 18 32 32 1
split_gain=1865.92 378.295 198.337 172.88 149.731 119.458 86.7714 85.0344 73.9171 66.5887 59.2267 59.201 57.6037 46.6064 38.9554 37.7812 36.5777 34.6086 32.9055 29.8445 28.1382 27.1846 25.3849 24.8731 24.5023 23.7762 20.8825 19.1866 16.7557 16.6066
threshold=60.650000000000013 69.350000000000009 2.5000000000000004 12.500000000000002 10.500000000000002 49.850000000000001 11.500000000000002 1.5000000000000002 65.000000000000014 55.95000000000001 2.5000000000000004 53.550000000000004 55.45000000000001 53.250000000000007 53.650000000000013 53.45000000000001 1.5000000000000002 9.5000000000000018 62.550000000000004 1.5000000000000002 78.550000000000011 60.95000000000001 60.850000000000001 1.0000000180025095e-35 59.850000000000001 51.95000000000001 14.500000000000002 65.250000000000014 53.850000000000001 46.45000000000001
decision_type=2 2 10 2 2 2 2 10 2 2 10 2 2 2 2 2 10 2 2 10 2 2 2 2 2 2 2 2 2 2
left_child=2 3 4 17 15 19 -3 12 11 16 20 -7 21 29 28 -1 18 -2 -8 22 -11 -5 -6 -18 25 -19 -16 -15 -4 -9
right_child=1 6 14 7 5 8 9 13 -10 10 -12 -13 -14 27 26 -17 23 24 -20 -21 -22 -23 -24 -25 -26 -27 -28 -29 -30 -31
leaf_value=-0.0040450182229980298 0.034506332852964741 0.040681949232611446 -0.045482380258067195 0.001328193839759399 -0.025149253758744546 -0.017775973869991826 0.01836350856634638 -0.039778424508625343 0.025205081297998519 0.030927754389614107 0.0051335735610401074 -0.0019453911233994316 0.02449229178056777 -0.0085167222379168694 -0.01194570563990369 0.019449521336475629 0.0023576903324956633 0.0066547018675104791 0.047253071765801041 -0.037384632023231792 0.050124645316818456 0.024651841588899253 0.017238272261813882 0.045747414642396872 0.044868693128849418 0.023618089844422336 -0.033097096930694632 0.0050683545103556125 -0.031054921077189053 -0.015651973931472024
leaf_weight=375.77124810218811 355.07108659297228 745.06225198507309 713.61383793503046 1827.2762763947248 1157.1544719263911 2518.8636677935719 1543.0428618192673 81.473968669772148 124.19632661342621 890.67793181538582 193.75739234685898 772.4327675178647 367.77646028995514 517.52326539158821 206.60392611473799 313.62916569411755 504.66625199466944 494.08329312503338 105.52343918383121 623.80936662852764 244.93409337103367 134.06252458691597 36.22593592852354 35.27498621493578 68.566044591367245 356.42790689319372 271.40386739373207 521.54764632880688 285.64938283711672 592.39278702437878
leaf_count=2670 1743 3267 6382 10405 9130 17939 7196 572 682 3985 914 4908 1853 3122 1476 1840 2515 2581 469 5328 1032 704 259 158 329 1868 2089 2811 2225 3764
internal_value=-0.000490769 0.0140769 -0.0193506 0.00517789 -0.0152601 -0.0181461 0.0251731 0.000114166 -0.0126324 0.0218859 0.0307169 -0.0140624 0.00633458 -0.00834081 -0.0357429 0.00663738 0.0165182 0.0212366 0.0202185 -0.0285054 0.0350767 0.00292615 -0.023857 0.0052096 0.0161015 0.0137715 -0.0239699 -0.00169323 -0.0413667 -0.0185819
internal_weight=16978.5 9579.14 7399.35 5316.2 5922.08 5232.68 4262.94 4042.05 3415.49 3517.88 1329.37 3291.3 2329.12 1712.94 1477.27 689.4 2188.51 1274.15 1648.57 1817.19 1135.61 1961.34 1193.38 539.941 919.077 850.511 478.008 1039.07 999.263 673.867
internal_count=104216 49288 54928 29752 42756 38246 19536 23231 23529 16269 5931 22847 12962 10269 12172 4510 10338 6521 7665 14717 5017 11109 9389 2673 4778 4449 3565 5933 8607 4336
is_linear=0
shrinkage=0.05


Tree=17
num_leaves=31
num_cat=0
split_feature=33 33 33 33 32 7 34 7 3 29 7 10 1 10 7 1 34 34 7 3 32 34 37 13 32 37 1 1 10 28
split_gain=2049.03 482.152 196.43 143.337 92.7013 83.9477 63.6889 59.4229 55.0826 50.7755 47.1833 40.6226 39.8589 37.2939 35.3562 37.3974 30.684 28.4781 27.3574 24.9965 23.4431 22.5919 20.8434 20.3683 19.8244 20.7252 19.2633 18.3932 18.1179 17.4657
threshold=49.750000000000007 60.850000000000001 34.150000000000013 71.050000000000011 72.050000000000011 46.350000000000001 1.5000000000000002 56.850000000000001 55.650000000000013 59.750000000000007 57.850000000000001 65.000000000000014 56.050000000000004 55.000000000000007 46.550000000000004 58.45000000000001 1.5000000000000002 2.5000000000000004 73.250000000000014 48.350000000000001 63.750000000000007 1.0000000180025095e-35 66.90000000000002 54.850000000000001 75.65000000000002 44.402750000000005 55.45000000000001 52.550000000000004 55.000000000000007 4.5000000000000009
decision_type=2 2 2 2 2 2 10 2 2 2 2 2 2 2 2 2 10 10 2 2 2 8 2 2 2 2 2 2 2 2
left_child=2 4 16 10 7 21 13 8 11 22 12 -2 19 20 24 23 28 -14 -12 -3 -7 -4 -6 -16 25 -5 -8 -10 -1 -9
right_child=1 3 5 14 9 6 26 29 27 -11 18 -13 17 -15 15 -17 -18 -19 -20 -21 -22 -23 -24 -25 -26 -27 -28 -29 -30 -31
leaf_value=-0.030216204509310049 -0.0083752171936278125 0.0042349654650612198 -0.0069505830214134567 0.054675275925793881 0.022733031529807782 -0.0098249786780209292 -0.024223866568839878 0.01679157967337298 0.00088621523700830934 0.060563247653180607 0.026843455753991642 0.01783972849878512 0.026235234758476562 0.03225464933414398 0.026684655703527033 0.052487903146345417 -0.041977742852302075 0.0046748061585966906 0.075640521329764843 0.014925812165247011 0.0074649876851587043 -0.029004957200432099 -8.4322609184612541e-05 0.039798067058946382 0.037168065041285996 0.012408114245235989 -0.0087275111813666529 0.015684141102217497 0.026574791693971579 -0.0032035531648667509
leaf_weight=780.05468137562275 2777.4919467866421 957.16236448287964 127.82634963095188 31.580616235733032 288.64702112972736 1141.7537486925721 915.42876558750868 517.45621164143085 473.94091974198818 70.453872188925743 575.51592674851418 155.87665393948555 835.44846074283123 63.636001355946064 639.33116815984249 304.46939341723919 1166.9033608660102 188.31075233221054 30.307654410600662 1280.3428309857845 236.27714243531227 1346.4156918153167 152.51657375693321 560.28405371308327 152.70168878138065 357.92044265568256 258.41565969586372 378.06300899386406 14.134893730282782 137.88259728252888
leaf_count=6796 16790 4675 927 137 1400 8336 7023 2862 2854 294 2623 821 3859 390 2702 1248 11107 901 135 6221 1480 10391 769 2351 628 1549 1864 2198 95 790
internal_value=-0.000474827 0.0125106 -0.0237938 0.0221493 0.00100025 -0.0175525 -0.0121701 -0.00132083 -0.00372849 0.0211527 0.0164832 -0.00697991 0.0140991 -0.00512451 0.0328531 0.0368049 -0.0368058 0.0222751 0.029305 0.0103551 -0.00685649 -0.0270967 0.0148352 0.0328163 0.0218768 0.0158611 -0.0208177 0.00745949 -0.0291959 0.0125771
internal_weight=16916.6 10865.7 6050.85 5913.38 4952.33 4089.75 2615.51 4440.71 3785.37 511.617 3867.09 2933.37 3261.26 1441.67 2046.29 1504.08 1961.09 1023.76 605.824 2237.51 1378.03 1474.24 441.164 1199.62 542.203 389.501 1173.84 852.004 794.19 655.339
internal_count=104216 55807 48409 27029 28778 30411 19093 26315 22663 2463 18414 17611 15656 10206 8615 6301 17998 4760 2758 10896 9816 11318 2169 5053 2314 1686 8887 5052 6891 3652
is_linear=0
shrinkage=0.05


Tree=18
num_leaves=31
num_cat=0
split_feature=33 33 33 33 5 7 34 32 33 5 10 3 1 5 10 1 37 9 2 32 5 34 32 7 5 12 34 34 37 7
split_gain=1870.06 430.948 188.843 128.7 88.1521 78.8761 59.0389 50.3333 47.8656 44.7493 40.8245 41.0328 39.7367 38.4168 33.2607 32.3533 30.2065 29.1214 27.7424 26.6977 25.6855 24.0944 23.2248 23.1465 22.6198 21.6567 21.3261 20.4061 20.396 20.0173
threshold=49.750000000000007 60.850000000000001 34.150000000000013 71.050000000000011 58.850000000000001 46.350000000000001 1.5000000000000002 68.550000000000011 50.050000000000004 65.950000000000017 65.000000000000014 56.050000000000004 58.250000000000007 52.95000000000001 55.000000000000007 57.550000000000004 76.048714285714297 46.050000000000004 55.650000000000013 72.65000000000002 56.250000000000007 1.5000000000000002 65.850000000000009 51.550000000000004 46.350000000000001 61.650000000000013 1.0000000180025095e-35 1.0000000180025095e-35 71.353071428571454 55.050000000000004
decision_type=2 2 2 2 2 2 10 2 2 2 2 2 2 2 2 2 2 2 2 2 2 10 2 2 2 2 8 8 2 2
left_child=2 4 13 9 7 26 14 10 -9 12 11 -2 17 21 20 27 -14 -3 -15 25 -7 -1 -17 -11 -8 -6 -4 -5 -24 -27
right_child=1 3 5 15 19 6 24 8 -10 23 -12 -13 16 18 -16 22 -18 -19 -20 -21 -22 -23 28 -25 -26 29 -28 -29 -30 -31
leaf_value=-0.031150768179720859 -0.0093112233202229614 -0.036544009444829793 -0.0066346454655731718 0.036725665685220447 0.021773890997910609 -0.0093925371765291553 -0.027447470445158481 0.038585739686629345 0.0038896220061670015 0.017003515591256946 0.019434652683058995 0.004916056291476234 0.032789483667925147 -0.023829473880544003 0.030069269472238803 0.010885060283887167 0.0030092916408899599 0.011556434250965865 0.026181295821823675 0.03494393441410746 0.0098952936437660712 -0.043491452200256575 0.049705096146287965 0.037276599127544045 -0.013418552021343205 -0.0012349740055114338 -0.028127438231964938 0.023583285718685874 0.02424541030038058 0.021072902813705049
leaf_weight=657.63216042518616 2425.5867588818073 31.683609545230865 127.23786928504705 409.13979054987431 302.1250706166029 1169.4411008432508 548.10645537823439 117.03738345205784 660.11530570685863 251.38617078959942 161.56687879562378 640.06599466502666 391.76256608963013 203.18696492910385 64.823330506682396 56.933153301477432 109.30187241733074 2781.1999908685684 31.935036353766918 138.69827038049698 202.16667697578669 1014.5107602998614 404.97499406337738 324.40131735801697 609.12627706676722 368.22342029213905 1319.6931513473392 1087.6107282489538 99.064173400402069 138.05177712440491
leaf_count=5890 15048 164 927 1715 1626 8471 4350 525 3432 1142 854 3873 1777 1795 390 242 518 13397 269 627 1345 10044 1651 1416 4537 2072 10391 4597 410 721
internal_value=-0.000459542 0.0118464 -0.0230098 0.0209181 0.00094877 -0.0168858 -0.0116638 -0.00229475 0.0091255 0.0155652 -0.00504663 -0.00633907 0.0133262 -0.0359796 -0.00488766 0.0310332 0.0263051 0.0110116 -0.0170073 0.0146666 -0.00654547 -0.0386432 0.0412948 0.0284386 -0.0200693 0.0111775 -0.0262415 0.0271813 0.044717 0.00484105
internal_weight=16846.8 10898.9 5947.86 5947.46 4951.47 4040.59 2593.66 4004.37 777.153 3889.74 3227.22 3065.65 3313.95 1907.26 1436.43 2057.72 501.064 2812.88 235.122 947.099 1371.61 1672.14 560.972 575.787 1157.23 808.4 1446.93 1496.75 504.039 506.275
internal_count=104216 55807 48409 27029 28778 30411 19093 23732 3957 18414 19775 18921 15856 17998 10206 8615 2295 13561 2064 5046 9816 15934 2303 2558 8887 4419 11318 6312 2061 2793
is_linear=0
shrinkage=0.05


Tree=19
num_leaves=31
num_cat=0
split_feature=33 33 33 18 18 18 33 5 7 5 18 7 32 5 32 3 10 1 5 36 34 10 5 33 7 2 2 3 10 35
split_gain=1706.69 385.534 181.487 144.972 124.129 119.617 97.0593 57.1027 53.7795 41.3297 41.2778 39.0437 37.4708 35.5482 33.2482 30.4475 29.6392 26.9298 26.287 26.2562 26.2373 26.0684 25.452 25.3302 23.9443 23.0744 22.1754 21.7118 20.4544 19.958
threshold=49.750000000000007 60.850000000000001 34.750000000000007 11.500000000000002 11.500000000000002 13.500000000000002 71.050000000000011 58.850000000000001 48.650000000000013 52.95000000000001 14.500000000000002 66.450000000000017 50.050000000000004 57.650000000000013 65.250000000000014 55.250000000000007 55.000000000000007 58.350000000000001 64.65000000000002 -1.0000000180025095e-35 1.5000000000000002 65.000000000000014 47.250000000000007 82.65000000000002 46.45000000000001 55.650000000000013 53.550000000000004 53.95000000000001 65.000000000000014 2.600000000000001
decision_type=2 2 2 2 2 2 2 2 2 2 2 2 2 2 2 2 2 2 2 8 10 2 2 2 2 2 2 2 2 10
left_child=2 3 9 15 24 13 11 10 21 20 12 14 -5 -3 -7 18 22 29 -2 -9 -1 26 -10 27 -4 -11 -6 -8 -12 -15
right_child=1 5 4 7 8 6 23 19 16 25 28 -13 -14 17 -16 -17 -18 -19 -20 -21 -22 -23 -24 -25 -26 -27 -28 -29 -30 -31
leaf_value=-0.029811755258310271 0.010265681803280087 0.024246492150689067 -0.009525178194040515 -0.027034246027552361 -0.030683296272877438 5.852043483212292e-05 0.018332948492729949 -0.015995495383751841 -0.021377648188347968 -0.021889367511826768 -0.011287778296496763 0.045187038532039522 0.0047297345500261828 0.041405431084172675 0.012225984664637066 0.033786458271752827 0.022418027250088689 0.057464951722019209 0.044425062663099271 0.012526195947863328 -0.042491215263215115 0.034949113538027272 -0.0085591282835836228 0.043276679829681225 0.010273122343461439 0.02107989509184123 -0.017043051363821778 0.031903017845941066 0.01224463719941786 0.023544146274633939
leaf_weight=685.99924685060978 662.57720604538918 1002.885476320982 232.30890510976315 102.3901025801897 1183.6042172387242 819.83927288651466 871.24810028076172 91.612291842699051 767.34632462263107 213.67589723318815 2046.9906333461404 74.166441187262535 984.69472339749336 377.35211755335331 1786.999433323741 239.14971521496773 54.914986707270145 151.25296008586884 61.603511467576027 664.36839497089386 1026.1573295891285 16.884303160011768 785.82353243976831 174.3350770175457 444.54585307836533 36.393033415079117 401.43545278161764 448.85917909443378 96.421073019504547 271.13441346585751
leaf_count=6254 3471 4440 1637 710 9653 4267 3679 536 6018 1907 12737 331 5748 1585 8360 1203 343 622 283 3583 10451 109 5693 703 2922 299 3123 1891 507 1151
internal_value=-0.000444673 0.0112222 -0.0222426 0.000900124 -0.0159817 0.0197678 0.0151176 -0.00330531 -0.0200848 -0.0346405 -0.00620107 0.00942257 0.00173115 0.0305348 0.00840144 0.0183069 -0.0136176 0.0384103 0.0131841 0.00906157 -0.037416 -0.0265725 -0.0148963 0.0253298 0.00347019 -0.0156101 -0.0272331 0.0229529 -0.0102263 0.0339501
internal_weight=16777 10927.9 5849.09 4949.81 3886.86 5978.07 4175.45 3986.48 3210.01 1962.23 3230.5 2681.01 1087.08 1802.62 2606.84 963.33 1608.08 799.739 724.181 755.981 1712.16 1601.92 1553.17 1494.44 676.855 250.069 1585.04 1320.11 2143.41 648.487
internal_count=104216 55807 48409 28778 29498 27029 19231 23821 24939 18911 19702 12958 6458 7798 12627 4957 12054 3358 3754 4119 16705 12885 11711 6273 4559 2206 12776 5570 13244 2736
is_linear=0
shrinkage=0.05


Tree=20
num_leaves=31
num_cat=0
split_feature=33 33 33 32 34 7 10 29 2 7 1 9 37 32 9 37 4 7 7 32 28 6 2 33 4 34 7 28 7 10
split_gain=1572 323.639 245.947 91.5952 71.6385 70.6832 61.7144 57.5345 50.9642 49.5817 46.3928 40.0865 33.5315 31.3473 31.3065 28.8687 26.0344 24.9315 24.9125 24.8054 23.4732 20.7216 20.2712 19.4946 19.2948 17.7609 17.6786 17.5347 19.1453 16.7251
threshold=53.850000000000001 40.650000000000013 68.65000000000002 67.050000000000011 1.5000000000000002 55.350000000000001 55.000000000000007 59.750000000000007 49.45000000000001 46.250000000000007 53.850000000000001 55.050000000000004 73.008571428571443 60.650000000000013 74.050000000000011 69.934285714285735 73.250000000000014 45.750000000000007 49.95000000000001 57.850000000000001 2.5000000000000004 61.850000000000001 57.550000000000004 74.050000000000011 94.450000000000017 2.5000000000000004 55.050000000000004 4.5000000000000009 54.150000000000013 55.000000000000007
decision_type=2 2 2 2 10 2 2 2 2 2 2 2 2 2 2 2 2 2 2 2 2 2 2 2 2 10 2 2 2 2
left_child=1 4 5 6 14 8 9 26 18 22 23 13 -11 -10 17 20 25 -1 24 -6 -7 -22 -3 -4 -2 -12 -5 28 -18 -19
right_child=2 3 10 7 19 15 -8 -9 11 12 16 -13 -14 -15 -16 -17 27 29 -20 -21 21 -23 -24 -25 -26 -27 -28 -29 -30 -31
leaf_value=-0.031211751408655553 -0.012962359503435675 -0.022383760000427719 0.012673385110959688 -0.0045394644087746981 -0.038763913381286444 0.036326036279800487 0.018416228031017799 0.035534537954336781 -3.3029012022891458e-06 -0.0060991724903515466 0.025322267065682327 -0.011487105419773724 -0.022130865055837744 0.011702636524029511 0.030007876320649041 0.0066696231884562198 0.032544578813447245 -0.018473920272884858 0.0064890817155530776 -0.022265070233316569 0.010660191953659699 0.027134240925367627 0.0012347645939581415 0.025855974950403052 0.030625642639427297 -0.0043572265546855211 0.015652250371157677 0.015343107349216551 0.047063068675879963 0.02134254754580751
leaf_weight=495.29545567184687 603.27995377779007 1220.5487282350659 688.07975551486015 420.83047765493393 1440.7847338914871 231.53469197452068 165.05904375016689 149.36133587360382 732.71406339108944 2083.2406353577971 551.56382338702679 253.69401393830776 387.11533639580011 2592.0747192800045 29.232757598161697 417.13293625414371 680.53173507750034 915.53461848944426 294.17354720830917 273.05032806843519 422.59551145136356 350.58937752246857 97.710301712155342 476.75522781908512 26.347639843821526 55.135635554790497 145.87483577430248 99.378709629178047 346.17781069874763 26.960826151072979
leaf_count=4427 3377 8964 3023 2468 14415 1083 975 654 4174 14220 2315 1440 2894 12936 237 2099 2845 7899 1584 2355 2092 1694 695 1969 136 235 803 419 1418 177
internal_value=-0.000616498 -0.0168918 0.0138665 -0.00851128 -0.0291927 0.0080263 -0.0114919 0.0079382 0.00495533 -0.0127967 0.0258044 0.00765876 -0.00861423 0.00912147 -0.0210717 0.0177459 0.0309961 -0.0221157 -0.00551107 -0.0361397 0.0223384 0.0181391 -0.0206294 0.0180749 -0.0111258 0.0226165 0.00065108 0.0355039 0.0374488 -0.0173275
internal_weight=16672.4 7850.6 8821.76 4669.74 3180.86 5924.14 3953.67 716.067 4502.28 3788.62 2897.62 3578.48 2470.36 3324.79 1467.02 1421.85 1732.79 1437.79 923.801 1713.84 1004.72 773.185 1318.26 1164.83 629.628 606.699 566.705 1126.09 1026.71 942.495
internal_count=104022 61183 42839 31673 29510 30615 27748 3925 23647 26773 12224 18550 17114 17110 12740 6968 7232 12503 5097 16770 4869 3786 9659 4992 3513 2550 3271 4682 4263 8076
is_linear=0
shrinkage=0.05


Tree=21
num_leaves=31
num_cat=0
split_feature=33 33 33 32 33 34 7 7 34 33 10 7 9 9 7 29 10 3 32 32 10 1 7 7 7 33 4 3 7 29
split_gain=1436.47 342.47 155.745 83.4983 69.0061 67.5832 65.2469 52.657 37.5244 36.9635 32.45 32.1727 29.938 28.7978 26.1075 24.7831 24.3501 22.2571 21.6806 21.5736 20.813 19.4826 18.8077 18.3708 17.8845 17.2751 17.7476 17.5935 17.0439 16.9603
threshold=49.95000000000001 64.65000000000002 39.650000000000013 72.250000000000014 71.050000000000011 1.5000000000000002 49.95000000000001 46.350000000000001 1.0000000180025095e-35 57.850000000000001 65.000000000000014 51.150000000000013 55.050000000000004 74.050000000000011 53.750000000000007 59.750000000000007 55.000000000000007 55.550000000000004 56.650000000000013 41.650000000000013 55.000000000000007 56.850000000000001 66.450000000000017 53.550000000000004 42.45000000000001 79.250000000000014 67.350000000000009 40.050000000000004 63.45000000000001 57.750000000000007
decision_type=2 2 2 2 2 10 2 2 10 2 2 2 2 2 2 2 2 2 2 2 2 2 2 2 2 2 2 2 2 2
left_child=2 3 5 6 12 13 9 -4 23 19 17 25 14 20 -3 -5 -10 -8 28 -2 22 -13 -1 -9 -11 27 -27 -6 -7 -23
right_child=1 4 7 15 11 18 10 8 16 24 -12 21 -14 -15 -16 -17 -18 -19 -20 -21 -22 29 -24 -25 -26 26 -28 -29 -30 -31
leaf_value=-0.023386809855140332 -0.040907115061180603 0.011938355289550083 -0.02209702968533192 0.015305273450377688 -0.0018002209436324499 -0.039553630033803439 0.0018128211480892662 -0.0037310545214526737 -0.013491883051317176 -0.0092755447682136005 0.023196975152437124 0.028650887827066207 -0.018729530885312037 0.030469167131359276 0.023204157528200594 0.047040740460143851 0.018795291023907906 0.013070851322306301 -0.023516879968882062 -0.0081687266230876469 0.019690751957370179 0.047427861459772458 0.033246652943138826 0.01550380153177029 0.0057638236739496872 0.0095724531070406436 0.039994636376395859 0.020693086639876051 0.0088624477636151527 0.013331387473985322
leaf_weight=1250.5547057166696 51.837622448801994 1492.6802206486464 959.81644427776337 710.87286634743214 97.724810317158699 1258.9096433371305 1910.7797963023186 322.3415295034647 1315.0724994167686 254.14818245172501 253.24846778810024 617.38209301233292 64.211571559309959 26.784079179167747 787.7921524643898 67.499685689806938 60.897508703172207 570.48078040778637 283.98925076425076 1718.1104250177741 29.401326313614845 312.82926444709301 14.677654676139353 201.48452362418175 886.24287293851376 63.52247042953968 202.35624875128269 757.68394133448601 18.239232040941715 41.8704923838377
leaf_count=11230 369 6825 7559 3337 412 13122 10721 2287 9716 1373 1236 2543 313 214 3451 275 368 3135 2559 10743 195 1267 125 1331 4694 258 820 3193 181 170
internal_value=-0.0005937 0.0100994 -0.0208203 0.00271834 0.0207806 -0.0290233 0.000600396 -0.0125491 -0.00772169 -0.00460919 0.00614676 0.027382 0.0148838 -0.0206902 0.0158332 0.0180695 -0.012058 0.00440366 -0.0360719 -0.00913264 -0.0217548 0.0340497 -0.0227233 0.00365945 0.00240724 0.0215946 0.0327514 0.0181176 -0.0388576 0.0434219
internal_weight=16603.4 10861.3 5742.17 6423.22 4438.05 2882.56 5644.85 2859.61 1899.8 2910.34 2734.51 2093.37 2344.68 1321.42 2280.47 778.373 1375.97 2481.26 1561.14 1769.95 1294.63 972.082 1265.23 523.826 1140.39 1121.29 265.879 855.409 1277.15 354.7
internal_count=104022 55135 48887 35883 19252 27626 32271 21261 13702 17179 15092 8663 10589 11764 10276 3612 10084 13856 15862 11112 11550 3980 11355 3618 6067 4683 1078 3605 13303 1437
is_linear=0
shrinkage=0.05


Tree=22
num_leaves=31
num_cat=0
split_feature=33 33 33 18 18 18 32 34 33 18 33 35 7 18 33 33 7 7 34 0 37 32 2 32 7 18 30 18 33 7
split_gain=1310.66 311.582 143.201 133.6 90.7303 86.5578 72.1241 65.4777 60.1668 44.5142 42.3816 39.4808 34.2364 32.5513 31.6931 26.1825 24.3933 24.1192 25.6063 22.5749 21.9224 22.0699 21.6561 21.2686 19.3814 18.1423 18.0884 17.991 17.944 17.8365
threshold=49.750000000000007 64.65000000000002 39.650000000000013 15.500000000000002 13.500000000000002 14.500000000000002 60.650000000000013 1.5000000000000002 71.050000000000011 9.5000000000000018 55.45000000000001 2.100000000000001 56.850000000000001 14.500000000000002 56.650000000000013 74.750000000000014 60.95000000000001 46.850000000000001 1.0000000180025095e-35 46.650000000000013 58.211428571428577 60.45000000000001 56.050000000000004 56.650000000000013 47.050000000000004 9.5000000000000018 421.00000000000006 10.500000000000002 80.550000000000011 43.45000000000001
decision_type=2 2 2 2 2 2 2 10 2 2 2 10 2 2 2 2 2 2 10 2 2 2 2 2 2 2 2 2 2 2
left_child=2 3 7 6 15 17 10 13 24 -8 19 28 -11 -1 -5 27 22 -4 -19 -2 21 -16 -7 -9 -6 -20 -26 -3 -10 -12
right_child=1 4 5 14 8 16 9 23 11 12 29 -13 -14 -15 20 -17 -18 18 25 -21 -22 -23 -24 -25 26 -27 -28 -29 -30 -31
leaf_value=-0.010248352539810752 -0.024424731523424007 0.035493742715550419 -0.011748353510433848 -0.011719252228001327 -3.8418294395555809e-05 -0.024015098665012502 0.030892153578927845 -0.038090145512981149 0.025768961923354303 0.0081530712138482703 -0.012349499469205992 0.013148376250455982 0.024922013632400292 -0.026420064310544323 -0.011259908678745715 0.044351231447079531 0.0076582596366953255 0.017969759864387435 0.017658258036678216 -0.0039246278830238138 -0.0078310532597955385 0.0083766526501307895 -0.0083892694439472639 -0.022744998485853929 -0.024793700133279313 -0.006445861435248894 0.012990564737268102 0.021899943035998223 0.044240076827780056 0.013778884367013817
leaf_weight=519.25205694884062 178.78271088004112 392.68105791509151 408.53620257973671 1248.0039147660136 486.4241029471159 1239.7369558662176 323.21882019937038 1238.7375151887536 678.87261769175529 1802.5756095945835 76.669956013560295 676.24757255613804 366.74369978904724 781.89419110119343 180.68443286418915 277.04272356629372 76.577718615531921 214.07561437040567 93.755929738283157 542.42900060862303 660.53376337885857 683.7421540915966 271.49016108363867 279.07607288658619 32.442223459482193 462.45083994418383 1093.226737305522 652.86346916854382 164.67854407429695 431.94691535830498
leaf_count=4508 1213 1617 3081 8063 2305 9925 1474 13303 2819 9433 440 2825 1775 7256 1039 1118 537 1380 580 3469 3589 3489 2050 2559 150 3263 4976 2778 664 2344
internal_value=-0.00057128 0.00948238 -0.0202809 0.00249666 0.0196672 -0.0121958 0.00868631 -0.0282134 0.0150261 0.0135751 -0.00121823 0.0221654 0.0109913 -0.0199715 -0.0058104 0.0306518 -0.0198161 -0.00192662 0.00327692 -0.00901606 -0.000970956 0.00426556 -0.021212 -0.0352737 0.00829144 -0.00237136 0.0118951 0.0270131 0.0293856 0.00982876
internal_weight=16535.4 10949.8 5585.58 6495.33 4454.48 2766.62 3722.37 2818.96 3131.89 2492.54 1229.83 1519.8 2169.32 1301.15 2772.96 1322.59 1587.8 1178.82 770.282 721.212 1524.96 864.427 1511.23 1517.81 1612.09 556.207 1125.67 1045.54 843.551 508.617
internal_count=104022 55580 48442 36328 19252 20816 20148 27626 13739 12682 7466 6308 11208 11764 16180 5513 12512 8304 5223 4682 8117 4528 11975 15862 7431 3843 5126 4395 3483 2784
is_linear=0
shrinkage=0.05


Tree=23
num_leaves=31
num_cat=0
split_feature=32 18 5 5 32 18 36 5 2 32 34 32 1 2 18 34 1 18 34 5 2 34 5 18 10 8 1 36 3 1
split_gain=1062.77 192.291 169.444 119.754 83.475 75.2427 71.3466 57.4096 56.9363 50.6466 42.987 41.2776 41.0526 39.6419 37.469 32.8318 30.1758 29.5005 27.7533 25.4858 21.4141 20.239 20.1527 19.67 19.0506 18.8272 18.7695 18.2668 18.2492 18.1468
threshold=60.650000000000013 14.500000000000002 48.150000000000013 55.050000000000004 73.65000000000002 11.500000000000002 -1.0000000180025095e-35 45.650000000000013 54.45000000000001 65.250000000000014 1.5000000000000002 53.850000000000001 55.750000000000007 53.550000000000004 10.500000000000002 1.5000000000000002 60.350000000000001 8.5000000000000018 2.5000000000000004 70.950000000000017 55.650000000000013 1.5000000000000002 68.550000000000011 9.5000000000000018 65.000000000000014 23.950000000000003 50.750000000000007 0.36666666666666675 40.850000000000001 43.45000000000001
decision_type=2 2 2 2 2 2 10 2 2 2 10 2 2 2 2 10 2 2 10 2 2 8 2 2 2 2 2 10 2 2
left_child=2 4 6 9 7 22 11 26 18 20 12 15 -5 27 -9 -1 -12 -13 29 25 -3 -11 23 -4 -16 -10 -2 -8 -6 -7
right_child=1 3 5 10 28 8 13 14 19 21 16 17 -14 -15 24 -17 -18 -19 -20 -21 -22 -23 -24 -25 -26 -27 -28 -29 -30 -31
leaf_value=-0.024789243881728738 -0.0092761234535100236 -0.01493298624668989 0.019849175544180506 0.012361769739392754 0.012989766606100515 -0.028284454654010627 -0.012814291769723303 0.02770966645623664 0.025752141268635339 0.0071071134822005642 -0.00081540846369503386 0.028695132976861434 0.030672687605606947 -0.0049239055650629315 0.012370097842729921 -0.039516855601801258 0.028504728098159172 -0.021059754448597784 -0.028533498303563932 0.053211083349096092 0.001172415310135941 -0.0029827797764012485 0.059336816058691615 0.00010181406129483344 0.029824963844154381 -0.0030377010199562431 0.0078094714086563424 -0.029742138808350627 0.034092656028895989 -0.010501248288049672
leaf_weight=686.50180696696043 247.29470797628164 847.88511496037245 208.06275803595781 1252.0654021203518 118.3051223307848 161.61708388477564 286.07557661086321 708.71605932712555 62.410485334694386 1037.3500956743956 711.0784397572279 30.726595394313335 406.06452532112598 663.09307812899351 1595.5681783258915 853.05921947956085 99.965137541294098 834.84545867145061 329.87499279528856 22.814974062144756 272.02840160578489 953.13381877541542 19.677985645830631 321.19599693268538 173.84649659693241 619.50674422830343 458.32906702905893 364.43979704380035 814.24243728816509 1305.9685085937381
leaf_count=5990 1487 5645 1268 5993 506 1425 2319 3243 478 5109 3545 202 1742 5085 8101 9053 443 6735 2967 126 1649 5128 98 2068 797 4138 2465 3208 3467 9542
internal_value=-0.000550146 0.0100639 -0.0157524 0.00401469 0.0182621 -0.00701675 -0.022918 0.0144048 -0.0106953 -0.0025105 0.0122362 -0.0280383 0.0168506 -0.0135379 0.0179877 -0.032955 0.00279535 -0.0192846 -0.015418 0.00134348 -0.0110167 0.0022732 0.00974094 0.00787665 0.0140895 -0.000392074 0.00181406 -0.0223086 0.0314225 -0.0124648
internal_weight=16465.7 9695.87 6769.87 5579.57 4116.3 3051.13 3718.74 3183.75 2502.19 3110.4 2469.17 2405.13 1658.13 1313.61 2478.13 1539.56 811.044 865.572 1797.46 704.732 1119.91 1990.48 548.937 529.259 1769.41 681.917 705.624 650.515 932.548 1467.59
internal_count=104022 49320 54702 29254 20066 22110 32592 16093 18676 17531 11723 21980 7735 10612 12141 15043 3988 6937 13934 4742 7294 10237 3434 3336 8898 4616 3952 5527 3973 10967
is_linear=0
shrinkage=0.05


Tree=24
num_leaves=31
num_cat=0
split_feature=32 5 5 18 18 18 34 1 32 18 5 34 5 1 1 1 34 32 4 28 4 9 34 18 18 34 32 4 18 5
split_gain=966.022 174.692 158.318 109.968 72.4712 69.696 63.234 59.8678 52.9812 40.2121 40.1245 38.6439 36.8229 35.5433 33.848 31.4154 34.9488 28.1154 26.2046 24.3926 24.0379 23.31 23.1725 21.512 20.234 20.1419 19.8645 19.0853 18.8657 18.6147
threshold=60.650000000000013 56.45000000000001 48.150000000000013 14.500000000000002 13.500000000000002 13.500000000000002 1.5000000000000002 49.95000000000001 65.250000000000014 14.500000000000002 65.65000000000002 1.5000000000000002 72.65000000000002 53.350000000000001 56.850000000000001 60.050000000000004 1.5000000000000002 75.050000000000011 88.850000000000009 4.5000000000000009 92.550000000000011 75.65000000000002 1.5000000000000002 9.5000000000000018 14.500000000000002 2.5000000000000004 46.750000000000007 45.650000000000013 8.5000000000000018 67.350000000000009
decision_type=2 2 2 2 2 2 8 2 2 2 2 10 2 2 2 2 10 2 2 2 2 2 10 2 2 10 2 2 2 2
left_child=2 3 6 13 29 11 18 -8 -5 14 25 27 15 22 -9 16 -6 23 21 20 -10 24 -2 -15 -1 -7 -13 -4 -28 -3
right_child=1 4 5 8 12 10 7 9 19 -11 -12 26 -14 17 -16 -17 -18 -19 -20 -21 -22 -23 -24 -25 -26 -27 28 -29 -30 -31
leaf_value=-0.0094777109569226491 0.010556330850216995 0.024104497867768183 -0.011692014528691392 -0.01025198617718763 0.013654909949935394 -0.011792387513111452 -0.038726865262948357 -0.016540199326761439 0.0027253158424960624 -0.028811390596627302 0.012717649376171104 -0.027352364569923671 0.029075555656722093 0.030970514204397205 0.01775556172828326 0.033226391865722259 -0.00025053222711018139 0.035558281920798497 0.0042902788231890514 -0.009027956479174622 0.018464426961293991 0.049907997829512947 -0.0040974957768246554 0.011667526919047939 -0.022610762535026165 -0.025970249476925101 0.03194297835164691 0.016019220973581223 -0.0056263689369453361 0.037940629473795312
leaf_weight=507.93104684352875 898.69895443320274 873.98154634982347 70.64160618185997 1186.8166116923094 1462.662498742342 1574.4646101519465 763.59967642277479 580.70297352224588 1542.2601785063744 834.21839265525341 150.92898784577847 95.064798846840858 319.17587941139936 172.67649956047535 81.895804680883884 147.66096740961075 652.81370504200459 193.15907113999128 174.99377202987671 359.91416359692812 288.08120560646057 12.990383952856062 384.83740688115358 893.81689218431711 700.26443546265364 298.92939615249634 37.382416546344757 501.01125137507915 306.94935029000044 340.2410686314106
leaf_count=3969 4650 3865 478 7723 6829 11766 8095 4928 7904 7676 927 826 1378 795 611 642 3250 828 1218 1967 1320 91 2243 4504 6004 2751 225 3056 2081 1422
internal_value=-0.000529097 0.0095385 -0.015148 0.00416859 0.0179106 -0.00670438 -0.0221554 -0.0273253 -0.00174374 -0.0215033 -0.0120592 0.00401231 0.0131691 0.0120212 -0.0122917 0.0109224 0.00936166 0.0179898 -0.0137804 0.00286452 0.00520613 -0.0163741 0.00615886 0.0148002 -0.0170949 -0.0140586 -0.00712919 0.0125846 -0.00152504 0.0279885
internal_weight=16408.8 9716.8 6691.97 5920.26 3796.54 3035.37 3656.6 2260.42 3377.07 1496.82 2024.32 1011.05 2582.31 2543.19 662.599 2263.14 2115.48 1259.65 1396.18 2190.26 1830.34 1221.19 1283.54 1066.49 1208.2 1873.39 439.397 571.653 344.332 1214.22
internal_count=104022 49320 54702 31934 17386 22110 32592 21310 18914 13215 15444 6666 12099 13020 5539 10721 10079 6127 11282 11191 9224 10064 6893 5299 9973 14517 3132 3534 2306 5287
is_linear=0
shrinkage=0.05


Tree=25
num_leaves=31
num_cat=0
split_feature=32 32 32 34 2 9 5 5 1 34 5 5 1 3 37 7 3 5 36 34 36 36 10 4 34 7 5 5 17 3
split_gain=908.212 163.728 143.341 85.1471 78.193 53.9011 53.8733 40.1299 39.0177 38.8472 31.8273 31.255 31.1484 30.0639 28.6785 28.2473 24.6309 24.0975 22.8991 21.0068 20.3761 19.5455 18.9819 17.6215 17.5479 15.4092 15.0699 14.9437 14.7784 14.2902
threshold=60.650000000000013 69.65000000000002 46.45000000000001 1.5000000000000002 49.95000000000001 58.250000000000007 47.95000000000001 49.850000000000001 55.250000000000007 2.5000000000000004 55.45000000000001 66.15000000000002 58.750000000000007 53.550000000000004 77.484285714285733 46.350000000000001 47.650000000000013 47.45000000000001 -1.0000000180025095e-35 2.5000000000000004 0.90000000000000013 0.36666666666666675 77.500000000000014 45.050000000000004 1.0000000180025095e-35 49.050000000000004 59.250000000000007 65.950000000000017 1350.0000000000002 42.350000000000001
decision_type=2 2 2 10 2 2 2 2 2 10 2 2 2 2 2 2 2 2 10 8 10 10 2 2 8 2 2 2 2 2
left_child=2 3 9 8 10 7 18 -3 13 17 19 23 14 22 16 -9 -5 -1 -6 25 -17 -20 -2 -8 -15 -4 -10 -19 -14 -28
right_child=1 5 4 12 6 -7 11 15 26 -11 -12 -13 28 24 -16 20 -18 27 21 -21 -22 -23 -24 -25 -26 -27 29 -29 -30 -31
leaf_value=-0.02846477311845963 0.0021100403193680816 0.0101320136717164 -0.023379792418281611 -0.010395604613404073 -0.017473928785835185 -0.016578921182969934 -0.015437167437561312 0.011783705600970631 0.015600791100564101 -0.041142435018735768 -0.0040396328762885856 0.023469146278454023 -0.011971396172358127 0.025851668388023587 -0.017701752713613114 0.024762416747534457 0.0023771498596206904 -0.015981452611101118 0.0025090005712998277 -0.031180903458984385 0.0010234323774667557 -0.013485671194055174 0.03664606772713775 0.0004942413946265288 0.010087878319705467 -0.0098201940154428197 0.0038909902299170268 0.025767906400159298 0.016351258235510296 0.03911604449233036
leaf_weight=731.9816407263279 1674.4734491333365 1089.5856463834643 509.01297798007727 604.37733282893896 899.18825355917215 113.2349888831377 197.48937448859215 615.59135445952415 433.8627470806241 377.25965588539839 291.87419402599335 136.38164790719748 55.437171213328838 236.69405602663755 379.72340864688158 2285.2541785538197 1003.8097803890705 459.45922891050577 372.02773642539978 443.98601624369621 94.583356380462646 391.43171329796314 40.681377604603767 1423.9598610773683 703.77506392449141 359.24953192472458 35.800168097019196 22.306129552423954 265.44746530056 154.6283458173275
leaf_count=7351 9150 5110 4399 3520 7633 591 1476 2705 2119 4378 2100 747 295 1248 2482 9785 5847 3954 2730 4316 425 3033 185 9491 3862 2904 158 153 1359 685
internal_value=0.000279825 0.00995325 -0.01403 0.00434679 -0.00988658 0.0174151 -0.00561273 0.018359 0.00952503 -0.0271108 -0.0189957 0.000487344 -0.00300742 0.00687761 -0.00534253 0.0213495 -0.00242025 -0.0227422 -0.0120647 -0.0223179 0.0238211 -0.00568574 0.0029342 -0.00144392 0.0140629 -0.017777 0.0207758 -0.0140331 0.0114404 0.0325256
internal_weight=16402.6 9786.96 6615.61 5588.71 5024.6 4198.25 3420.48 4085.01 3279.92 1591.01 1604.12 1757.83 2308.8 2655.62 1987.91 2995.43 1608.19 1213.75 1662.65 1312.25 2379.84 763.459 1715.15 1621.45 940.469 868.263 624.291 481.765 320.885 190.429
internal_count=104191 49526 54665 30910 38829 18616 25110 18025 17407 15836 13719 11714 13503 14445 11849 12915 9367 11458 13396 11619 10210 5763 9335 10967 5110 7303 2962 4107 1654 843
is_linear=0
shrinkage=0.05


Tree=26
num_leaves=31
num_cat=0
split_feature=33 33 33 32 7 37 33 5 0 37 5 7 7 7 9 36 7 1 26 5 37 30 0 1 9 15 10 30 5 29
split_gain=950.467 242.016 127.896 66.0754 51.28 46.6968 44.4106 27.3951 28.2846 29.7659 27.1231 25.4245 24.7223 23.6866 23.5871 23.4151 22.7091 22.0743 20.4229 20.2279 19.6152 18.6859 16.9235 16.851 16.5535 16.8158 15.8995 15.7461 15.2888 13.3956
threshold=47.95000000000001 65.050000000000011 33.850000000000001 68.050000000000011 47.45000000000001 69.652750000000012 74.050000000000011 66.15000000000002 49.750000000000007 53.95000000000001 61.050000000000004 42.050000000000004 67.450000000000017 51.150000000000013 46.050000000000004 -1.0000000180025095e-35 45.750000000000007 58.650000000000013 1.0000000180025095e-35 48.150000000000013 69.934285714285735 437.00000000000006 46.350000000000001 56.350000000000001 50.250000000000007 35.95000000000001 77.500000000000014 435.00000000000006 63.250000000000007 58.250000000000007
decision_type=2 2 2 2 2 2 2 2 2 2 2 2 2 2 2 8 2 2 2 2 2 2 2 2 2 2 2 2 2 2
left_child=2 3 16 5 22 11 12 8 27 -10 21 -2 17 -8 -13 -7 -1 18 -3 -18 -19 -5 -4 -15 28 -26 -17 -6 -24 -12
right_child=1 6 4 10 7 15 13 -9 9 -11 29 14 -14 23 -16 26 19 20 -20 -21 -22 -23 24 -25 25 -27 -28 -29 -30 -31
leaf_value=-0.0380427425257856 -0.0098813586467706004 0.012260079321032366 -0.031799892456784676 -0.009449591404708647 -0.038512732469842145 -0.017283377098773759 0.018853169559968925 0.030998546508851085 0.0071217239728635631 -0.0094679768565816957 0.018001382216211819 -0.022641215319301598 0.042383459031572472 0.025215345412678881 0.0051770607246784646 -0.0044899786259857098 -0.030686149146062165 0.034374806534549877 -0.015476259501435092 -0.015179765887379227 0.013685334762821645 0.0086510768607300937 -0.024258580367545728 0.042498411459083694 0.039576942421576999 -0.012244856133630494 0.043469971738381907 -0.014301146821323052 0.023040220856354952 0.04948697675055122
leaf_weight=593.86421454697847 345.71120946854353 2493.2420296818018 258.56987307965755 158.38227392733097 77.992694117128849 423.15061919391155 687.33253864943981 45.000834442675114 396.19070010632277 849.49220009893179 439.16489578783512 78.108140170574188 75.20021191239357 334.31254757940769 2886.5004846677184 1433.9470638558269 637.46487648040056 216.93349446356297 67.943023666739464 316.72066608071327 245.57797539234161 1402.0468458384275 602.11051659286022 248.15140219032764 16.072713889181614 456.38801910728216 17.374891459941864 497.8528757840395 17.400174744427204 36.787458151578903
leaf_count=6886 2177 10972 2436 802 689 2877 2806 300 2939 6803 1961 490 312 1354 16803 8856 7385 897 303 3242 1042 6844 5395 1005 125 3931 86 4188 131 154
internal_value=0.000262721 0.00799181 -0.0185349 0.00237108 -0.0128493 -0.000625493 0.0172811 -0.00747467 -0.00842955 -0.00418744 0.0100027 0.00294413 0.0140496 0.0251618 0.00444171 -0.00693193 -0.0303457 0.0133419 0.0115218 -0.0255465 0.0234055 0.00681018 -0.0202724 0.0325932 -0.0175356 -0.0104633 -0.00390941 -0.0175952 -0.0229185 0.0204554
internal_weight=16355 11589.9 4765.12 7221.17 3217.07 5184.79 4368.69 1866.53 1821.53 1245.68 2036.38 3310.32 3098.9 1269.8 2964.61 1874.47 1548.05 3023.7 2561.19 954.186 462.511 1560.43 1350.54 582.464 1091.97 472.461 1451.32 575.846 619.511 475.952
internal_count=104191 59741 44450 41050 26937 31289 18691 14919 14619 9742 9761 19470 13526 5165 17293 11819 17513 13214 11275 10627 1939 7646 12018 2359 9582 4056 8942 4877 5526 2115
is_linear=0
shrinkage=0.05


Tree=27
num_leaves=31
num_cat=0
split_feature=33 33 33 34 7 5 1 33 34 3 5 0 37 7 2 3 34 36 7 5 26 2 10 7 7 2 35 10 17 34
split_gain=866.665 217.645 121.663 61.4845 47.7471 43.9794 40.641 40.3403 27.5966 25.3376 24.8988 25.8983 25.3036 24.2961 25.7187 22.9671 22.6749 21.888 21.5284 21.3459 21.2596 24.8583 18.168 17.1951 17.1364 16.897 16.5672 16.0646 14.6251 13.4238
threshold=47.95000000000001 65.050000000000011 33.850000000000001 1.5000000000000002 47.45000000000001 66.15000000000002 53.250000000000007 74.050000000000011 2.5000000000000004 50.350000000000001 56.350000000000001 49.750000000000007 53.95000000000001 54.95000000000001 53.150000000000013 43.45000000000001 1.0000000180025095e-35 -1.0000000180025095e-35 51.150000000000013 48.150000000000013 1.0000000180025095e-35 56.050000000000004 65.000000000000014 67.950000000000017 51.050000000000004 53.95000000000001 1.9000000000000004 77.500000000000014 1750.0000000000002 1.5000000000000002
decision_type=2 2 2 10 2 2 2 2 10 2 2 2 2 2 2 2 10 8 2 2 2 2 2 2 2 2 10 2 2 10
left_child=2 3 8 5 25 13 15 9 19 20 11 -6 -13 14 -2 -5 -15 -8 -9 -1 21 -3 -17 28 -21 29 -20 -19 -11 -4
right_child=1 7 4 6 10 -7 17 18 -10 23 -12 12 -14 16 -16 22 -18 27 26 24 -22 -23 -24 -25 -26 -27 -28 -29 -30 -31
leaf_value=-0.030007344611389056 -0.0017680979059690963 0.0049659602770255259 -0.017240660905326742 -0.024030988713771864 -0.019088465946306327 0.022422244911943799 -0.011413794181472014 0.017882386298996033 -0.039584769105393838 0.012747589486035861 0.007000661010664079 0.0057295002950750211 -0.010480710979991949 0.020177863713811875 0.0078458056258702558 -0.0082734153986211128 0.0047407631392562084 0.0029390908334569533 0.037481718891340714 -0.023088451747979282 -0.020488331007236134 0.018620582478641446 0.028394344979052064 0.050924463315776838 0.00022043907060303013 -0.0090669865170228056 0.019944522694974674 0.037093459627741361 0.022586873386296835 -0.028722510517188566
leaf_weight=696.01923247426748 1674.7491935566068 931.25810353457928 550.63330697268248 248.05587609857321 489.19053736329079 377.98771245777607 282.13122583180666 688.39058688282967 473.47172408550978 904.40592579543591 266.0894223600626 354.82429587095976 746.35751324146986 417.46294059604406 1189.0675546601415 879.18338173627853 555.56946226209402 1530.437523663044 365.90538330376148 218.59710504859686 59.880520567297935 520.39202515780926 34.979739889502525 38.087546229362488 122.65047750622034 299.19835609942675 216.28581638634205 35.155166506767273 654.3377902507782 480.57701530307531
leaf_count=7987 9797 4106 4846 1598 4270 1766 1767 2806 6082 3963 1887 2658 6104 2163 6528 5591 2913 8584 1483 2249 263 2231 179 157 1195 2526 876 164 2806 4646
internal_value=0.000246679 0.00758238 -0.0178722 0.0022504 -0.0123287 0.00614863 -0.00320668 0.0163782 -0.0295612 0.0133055 -0.00714287 -0.00951269 -0.00525285 0.00454359 0.00222202 -0.0105324 0.0113703 0.00139883 0.0238896 -0.0249777 0.00865823 0.0098653 -0.00686193 0.0177006 -0.0146986 -0.0195602 0.0309797 0.00371154 0.0168824 -0.0225987
internal_weight=16301.3 11603.7 4697.61 7224.78 3186.87 4214.84 3009.94 4378.94 1510.74 3108.36 1856.46 1590.37 1101.18 3836.85 2863.82 1162.22 973.032 1847.72 1270.58 1037.27 1511.53 1451.65 914.163 1596.83 341.248 1330.41 582.191 1565.59 1558.74 1031.21
internal_count=104191 59741 44450 41050 26937 23167 17883 18691 17513 13526 14919 13032 8762 21401 16325 7368 5076 10515 5165 11431 6600 6337 5770 6926 3444 12018 2359 8748 6769 9492
is_linear=0
shrinkage=0.05


Tree=28
num_leaves=31
num_cat=0
split_feature=33 33 33 32 7 34 33 21 34 7 34 32 2 4 3 7 5 5 7 7 3 33 4 3 34 7 3 35 2 32
split_gain=790.066 195.807 115.622 57.8927 44.4097 40.2868 36.6627 34.2689 31.5572 30.4737 27.0612 26.1544 26.1328 23.2533 22.8163 21.5962 20.7747 20.4266 19.5763 18.2706 18.0751 17.4123 16.3379 16.3146 16.2246 15.942 15.6477 15.0611 13.3977 12.3692
threshold=47.95000000000001 65.050000000000011 33.850000000000001 66.550000000000011 47.45000000000001 1.5000000000000002 74.050000000000011 1.0000000180025095e-35 1.0000000180025095e-35 53.45000000000001 2.5000000000000004 63.95000000000001 55.95000000000001 93.15000000000002 58.250000000000007 67.450000000000017 66.15000000000002 48.150000000000013 51.150000000000013 42.050000000000004 65.350000000000009 53.250000000000007 90.050000000000011 53.150000000000013 1.5000000000000002 51.050000000000004 52.850000000000001 1.9000000000000004 46.050000000000004 81.750000000000014
decision_type=2 2 2 2 2 10 2 2 10 2 10 2 2 2 2 2 2 2 2 2 2 2 2 2 8 2 2 10 2 2
left_child=2 3 10 5 24 19 13 8 9 -5 17 16 -10 15 21 23 22 -1 29 -2 -21 -7 -6 -3 -4 -19 -9 -20 -26 -8
right_child=1 6 4 7 11 14 18 26 12 -11 -12 -13 -14 -15 -16 -17 -18 25 27 20 -22 -23 -24 -25 28 -27 -28 -29 -30 -31
leaf_value=-0.029223815579202728 -0.0096676692458414325 0.0066516864148099628 -0.011412743041305635 0.0066503739007574593 -0.011354366656613253 -0.014599681267307062 0.014987409634583558 0.017728298533257136 -0.0012495837463484584 0.029313523264073896 -0.038896910992979136 0.0068324403896504252 0.011564292591370394 0.021554118354265135 0.0068522315963641181 0.041899274183386417 0.029421034617095932 -0.022343219313399797 0.03566394870167619 0.0037615995796986971 0.054284552016090781 -0.0043487200057692344 0.01470007278979079 0.015032053326678219 -0.037694546578013972 0.00020939016342950523 0.047464816477384167 0.018938014769611728 -0.020285908336365389 0.039884709865860082
leaf_weight=679.3775450065732 265.71242967247963 1536.968965485692 471.20064796507359 348.33937698602676 1456.5125983133912 733.49835769832134 634.87081933021545 125.75192081928253 1165.3110209032893 259.29697798192501 458.14578233659267 294.24331427365541 603.63919389992952 589.41264793276787 269.51562504470348 53.649437636137009 33.528787337243557 214.69802173227072 365.34630104899406 2414.6920238062739 17.750691711902618 956.35029762238264 62.513782501220703 937.30939337611198 132.18177259713411 122.67106193304062 69.101469039916992 216.39410202205181 707.79428482055664 54.416503146290779
leaf_count=7987 1674 6739 4017 1715 12230 5264 2586 552 5891 1175 6082 1977 2928 2489 1684 221 229 2249 1483 14093 101 5672 483 4077 1361 1195 301 876 6640 220
internal_value=0.000231542 0.00719401 -0.0172262 0.00213554 -0.0118247 -0.00118826 0.0155255 0.00815753 0.00650133 0.0163329 -0.0287865 -0.00682388 0.00312062 0.0126029 -0.00664578 0.0105131 -0.00941554 -0.0242224 0.0226879 0.00277317 0.00413456 -0.00880183 -0.0102779 0.00982885 -0.0188636 -0.0141304 0.0283184 0.0294552 -0.0230355 0.0169657
internal_weight=16250.2 11617.3 4632.87 7228.96 3157.98 4657.52 4388.37 2571.44 2376.59 607.636 1474.89 1846.8 1768.95 3117.34 1959.36 2527.93 1552.56 1016.75 1271.03 2698.16 2432.44 1689.85 1519.03 2474.28 1311.18 337.369 194.853 581.74 839.976 689.287
internal_count=104191 59741 44450 41050 26937 28488 18691 12562 11709 2890 17513 14919 8819 13526 12620 11037 12942 11431 5165 15868 14194 10936 12713 10816 12018 3444 853 2359 8001 2806
is_linear=0
shrinkage=0.05


Tree=29
num_leaves=31
num_cat=0
split_feature=5 1 34 18 5 18 18 34 30 36 34 18 4 5 34 1 5 1 35 1 36 37 37 4 4 34 1 37 4 1
split_gain=407.164 186.422 141.899 140.051 73.4893 71.1672 58.7075 43.949 40.9925 39.056 32.8285 32.0047 29.93 29.2139 29.1656 28.2715 27.9783 24.5366 23.4761 23.3371 19.1925 18.4979 16.9382 16.7549 16.6771 16.3535 15.6775 15.4303 15.1359 15.1041
threshold=51.050000000000004 52.95000000000001 1.5000000000000002 12.500000000000002 64.850000000000009 13.500000000000002 14.500000000000002 1.0000000180025095e-35 431.00000000000006 -1.0000000180025095e-35 2.5000000000000004 10.500000000000002 88.450000000000017 39.250000000000007 1.5000000000000002 55.250000000000007 64.250000000000014 58.95000000000001 2.7500000000000009 45.95000000000001 0.90000000000000013 82.033000000000015 69.272785714285732 91.450000000000017 84.950000000000017 2.5000000000000004 49.750000000000007 79.36142857142859 94.15000000000002 53.250000000000007
decision_type=2 2 10 2 2 2 2 8 2 8 8 2 2 2 10 2 2 2 8 2 10 2 2 2 2 10 2 2 2 2
left_child=1 2 6 16 8 21 13 -8 28 27 18 -4 14 -1 26 -11 17 20 -7 -13 25 23 -20 -3 -21 -2 -6 -10 -5 -14
right_child=3 5 11 4 12 10 7 -9 9 15 -12 19 29 -15 -16 -17 -18 -19 22 24 -22 -23 -24 -25 -26 -27 -28 -29 -30 -31
leaf_value=-0.015862363128618544 0.017934337144898813 0.01053499863441012 -0.0063070544908508247 -0.017652950997725597 0.0011597461456669814 0.014906886497991784 0.00088876659149088452 -0.017072131871660248 -0.0079582165774960342 0.0015060927159895989 -0.014583500189236787 -0.038076076148636062 0.0097367581853659603 0.0040605803948396664 -0.0017970312970740029 0.011005945510160604 0.030239797126128471 0.036986086306345416 0.0031436894004962545 -0.02571127760731616 -0.0061749179494025794 -0.024625280508757983 -0.0078010695863178232 0.02689583704513044 -0.0082985969403790837 -0.001711970123204969 0.019421758680910301 -0.036987300272962487 0.019480099281749638 0.034968434150655169
leaf_weight=219.31563808768988 1158.1914168074727 857.95252182334661 217.74127872288227 338.19155911356211 145.74472656846046 229.11951516568661 446.19165371358395 1431.8033197075129 374.3368761613965 2532.317738905549 498.58509983867407 357.24838556349277 81.478195987641811 1139.1215507686138 330.89683393388987 1134.7834260165691 487.48265425115824 132.80773210525513 704.20006896555424 1143.1056049466133 103.83747498691082 32.566805697977543 708.86530668288469 192.14683631807566 157.45442035794258 116.05948494374752 620.06018497794867 52.251030281186104 29.658008232712746 225.05472837388515
leaf_count=1725 5788 5102 1871 2152 769 1200 3164 11285 2549 14873 3915 4277 362 7627 1652 5488 2119 587 3973 11165 593 242 4574 970 1202 710 2763 402 138 954
internal_value=0.000217568 -0.00748137 -0.0134191 0.00837954 0.00448309 0.00193377 -0.00707502 -0.0128023 0.00134282 0.00278064 -0.0033478 -0.0243628 0.0144631 0.000839469 0.0105935 0.0044474 0.0198114 0.0164416 6.11114e-05 -0.0267308 0.0144556 0.0123811 -0.00234338 0.0135357 -0.0236078 0.016141 0.0159533 -0.0115334 -0.014641 0.0282834
internal_weight=16198.6 8335.42 5111.98 7863.15 5864.77 3223.44 3236.43 1877.99 4461.54 4093.69 2140.77 1875.55 1403.23 1358.44 1096.7 3667.1 1998.38 1510.9 1642.18 1657.81 1378.09 1082.67 1413.07 1050.1 1300.56 1274.25 765.805 426.588 367.85 306.533
internal_count=104191 62292 42316 41899 32102 19976 23801 14449 25602 23312 13662 18515 6500 9352 5184 20361 9797 7678 9747 16644 7091 6314 8547 6072 12367 6498 3532 2951 2290 1316
is_linear=0
shrinkage=0.05


Tree=30
num_leaves=31
num_cat=0
split_feature=33 33 18 18 18 33 10 32 7 18 33 3 7 7 17 7 32 32 10 1 32 33 9 37 7 28 4 35 3 7
split_gain=709.165 179.469 111.176 97.4044 75.9828 58.4762 47.2204 46.5558 36.4965 35.9874 33.7978 27.6387 24.7306 24.2582 23.952 22.2541 20.1281 18.1019 17.2338 17.1989 16.8855 23.9975 14.5338 14.4811 14.364 13.9901 20.3162 15.1388 13.6961 13.5414
threshold=48.150000000000013 60.250000000000007 11.500000000000002 15.500000000000002 11.500000000000002 31.450000000000003 65.000000000000014 75.050000000000011 43.550000000000004 9.5000000000000018 34.750000000000007 48.250000000000007 66.950000000000017 53.250000000000007 1175.0000000000002 44.45000000000001 57.650000000000013 61.95000000000001 65.000000000000014 58.650000000000013 50.45000000000001 50.250000000000007 59.750000000000007 77.163000000000025 64.050000000000011 4.5000000000000009 55.050000000000004 5.1000000000000014 46.850000000000001 40.550000000000004
decision_type=2 2 2 2 2 2 2 2 2 2 2 2 2 2 2 2 2 2 2 2 2 2 2 2 2 2 2 10 2 2
left_child=3 2 20 5 19 16 11 8 -6 -7 24 23 -10 17 -13 -12 -1 -11 28 -3 21 -2 29 -4 -5 26 -9 -27 -17 -22
right_child=1 4 6 10 7 9 -8 25 12 13 15 14 -14 -15 -16 18 -18 -19 -20 -21 22 -23 -24 -25 -26 27 -28 -29 -30 -31
leaf_value=-0.026973433545370136 -0.027708174672993288 0.02162645888674734 -0.0088988611415691445 -0.034573662482184644 -0.0045916365953509418 0.011177158783727038 0.017469768945856966 0.0054244867748664185 0.0082867912852567713 -0.015194434467805565 -0.031392517741363639 0.027391043029014208 0.033718692644697762 0.0014971154130543991 -0.002891361287475842 -0.025819719631301464 0.0064369852714389435 0.00057403410837187751 0.030013930718344024 0.039505082785385261 -0.0058884479313803277 0.020023952696977723 -0.019305770589293451 -0.024214792476905476 0.018980862367411751 0.023545071458783665 0.023711643171811278 -0.011897687595975922 -0.013317477270015525 0.018586558405828658
leaf_weight=532.02551741153002 55.584983602166176 869.79796005785465 1462.2310243695974 712.63527753949165 573.49738335609436 261.87572287023067 235.63131552934647 186.36660420894623 3493.886587485671 1003.616871766746 336.78714270144701 67.177217997610569 98.339851960539818 426.40228086709976 2195.2878839895129 328.53465964645147 48.956115238368511 221.57066447287798 19.340656951069832 160.35212171077728 60.056237585842609 49.777362510561943 28.188422679901123 173.06170785427094 12.563765890896319 50.910897567868233 840.41822907328606 73.375621870160103 668.82108715176582 872.9406733289361
leaf_count=6638 382 3644 9188 8886 2722 1947 1184 775 15959 9282 3332 411 417 3348 13647 2919 490 1614 123 662 327 286 151 1208 137 213 3464 314 5941 4337
internal_value=-0.000255149 0.00634441 -0.000541452 -0.0169195 0.0119866 -0.0102542 -0.00425617 0.00957662 0.00711491 -0.00603167 -0.0249147 -0.00557127 0.00898532 -0.00876384 -0.00198883 -0.0202358 -0.0241489 -0.0123389 -0.0165324 0.0244178 0.0138493 -0.0051126 0.0159333 -0.0105242 -0.0336365 0.0184798 0.0203982 0.00258762 -0.017443 0.0170053
internal_weight=16120 11546.9 5199.94 4573.13 6346.95 2494.45 4133.39 5316.8 4165.72 1913.47 2078.68 3897.76 3592.23 1651.59 2262.47 1353.48 580.982 1225.19 1016.7 1030.15 1066.55 105.362 961.185 1635.29 725.199 1151.07 1026.78 124.287 997.356 932.997
internal_count=103948 59291 31121 44657 28170 23319 25638 23864 19098 16191 21338 24454 16376 14244 14058 12315 7128 10896 8983 4306 5483 668 4815 10396 9023 4766 4239 527 8860 4664
is_linear=0
shrinkage=0.05


Tree=31
num_leaves=31
num_cat=0
split_feature=33 33 33 5 10 9 4 36 5 4 5 10 36 30 34 5 0 10 28 32 2 2 3 9 6 9 2 28 32 30
split_gain=646.741 161.493 84.9382 52.8003 45.4316 38.5057 37.7202 35.7013 34.1737 32.5717 31.5122 28.2604 27.5406 27.2209 26.0478 24.0551 23.8716 19.325 18.3678 19.1066 18.1057 16.5378 15.068 13.7847 13.6623 13.2448 12.4953 12.1936 10.6107 10.4646
threshold=48.150000000000013 60.250000000000007 34.750000000000007 65.050000000000011 65.000000000000014 58.250000000000007 90.050000000000011 -1.0000000180025095e-35 46.150000000000013 70.050000000000011 41.050000000000004 55.000000000000007 0.29166666666666669 437.00000000000006 2.5000000000000004 50.95000000000001 49.95000000000001 55.000000000000007 3.5000000000000004 77.450000000000017 54.550000000000004 52.850000000000001 42.050000000000004 43.150000000000013 81.050000000000011 51.750000000000007 43.050000000000004 5.5000000000000009 72.450000000000017 455.00000000000006
decision_type=2 2 2 2 2 2 2 8 2 2 2 2 8 2 10 2 2 2 2 2 2 2 2 2 2 2 2 2 2 2
left_child=2 4 11 5 7 9 10 26 21 16 -4 15 -10 -11 17 23 -3 -12 19 22 -17 -9 -5 -1 -20 -25 -2 -28 -7 -8
right_child=1 3 6 18 -6 28 29 8 12 13 14 -13 -14 -15 -16 20 -18 -19 24 -21 -22 -23 -24 25 -26 -27 27 -29 -30 -31
leaf_value=0.0076325377654255042 -0.037095674604662295 -0.0035222647759130254 -0.022912438173802507 0.0041198485246640125 0.017201748431610982 -0.0094842028782763741 -0.0051340441517139642 -0.012061990504616635 0.01174319720403828 -0.0014288369373552452 -0.0086029917076752126 0.029798822494993434 0.00031723323569861827 0.01483053840087319 -0.021879011260040115 -0.019764207140606699 0.0084753642875117635 0.016558699465676903 0.013917078758263791 0.037797391886736448 0.012411883450271296 -0.00039739319717272266 0.023704550819849148 -0.031763110836433558 -0.02322389751210591 -0.0063242040077909172 -0.0065142490502194108 -0.0220682201108965 -0.046199933775552642 0.0246605256656196
leaf_weight=23.795021466910839 45.320018120110035 589.03233011066914 591.58279902487993 119.25404421985149 338.07753497362137 143.67008239030838 43.886200413107872 680.45626083016396 698.66932664066553 284.89543187618256 1815.4698368385434 22.228188693523407 2154.238659620285 2614.2835071086884 381.24249412864447 225.92486522346735 1395.7062742561102 79.437602333724499 383.14839704334736 204.26798777282238 53.93223038315773 550.63366665691137 575.29425747692585 1133.1700998991728 26.286086246371269 54.163982048630714 564.24243222177029 162.88249557465315 22.864670976996422 87.918661527335644
leaf_count=287 322 2717 5547 503 1650 741 339 4452 3980 1282 15242 173 12556 11513 3612 2468 6332 501 1611 836 513 3333 2419 14661 111 642 3762 1066 105 672
internal_value=-0.000246645 0.0060228 -0.0162981 0.0113657 -0.000516717 0.00904473 -0.0114223 -0.00175153 0.000111773 0.0098516 -0.0126254 -0.0259584 0.00311749 0.013231 -0.00994868 -0.0267949 0.00491218 -0.00754472 0.0203208 0.0243246 -0.0135434 -0.00684924 0.0203501 -0.0298515 0.0115153 -0.0306075 -0.0116082 -0.0100079 -0.0145799 0.0147057
internal_weight=16066 11553.2 4512.75 6358.7 5194.52 5050.45 2999.54 4856.44 4084 4883.92 2867.73 1513.21 2852.91 2899.18 2276.15 1490.99 1984.74 1894.91 1308.25 898.816 279.857 1231.09 694.548 1211.13 409.434 1187.33 772.445 727.125 166.535 131.805
internal_count=103948 59291 44657 28170 31121 22690 25913 29471 24321 21844 24902 18744 16536 12795 19355 18571 9049 15743 5480 3758 2981 7785 2922 15590 1722 15303 5150 4828 846 1011
is_linear=0
shrinkage=0.05


Tree=32
num_leaves=31
num_cat=0
split_feature=33 18 33 18 33 32 10 18 7 33 32 7 7 30 7 32 7 32 3 1 32 10 17 1 37 7 18 3 9 7
split_gain=589.569 148.278 145.989 92.3563 52.3425 40.188 38.7344 32.6036 32.5388 31.2349 29.8143 25.269 24.1957 22.4371 22.0664 21.5716 21.2884 18.9392 16.6164 17.9499 16.5585 14.9196 13.895 13.6284 15.9154 13.6233 13.0614 13.0216 12.2711 12.1511
threshold=48.150000000000013 11.500000000000002 60.250000000000007 15.500000000000002 31.450000000000003 75.050000000000011 65.000000000000014 9.5000000000000018 43.550000000000004 34.750000000000007 52.650000000000013 54.750000000000007 57.550000000000004 425.00000000000006 53.250000000000007 60.550000000000004 44.45000000000001 57.650000000000013 44.350000000000001 53.150000000000013 61.95000000000001 65.000000000000014 2675.0000000000005 58.350000000000001 69.934285714285735 64.050000000000011 14.500000000000002 46.850000000000001 49.750000000000007 45.95000000000001
decision_type=2 2 2 2 2 2 2 2 2 2 2 2 2 2 2 2 2 2 2 2 2 2 2 2 2 2 2 2 2 2
left_child=3 10 6 4 17 8 11 -6 -4 25 22 15 18 -10 20 -3 -11 29 -12 -20 -9 27 -2 28 -25 -5 -13 -18 -7 -1
right_child=1 2 5 9 7 23 -8 14 13 16 12 26 -14 -15 -16 -17 21 -19 19 -21 -22 -23 -24 24 -26 -27 -28 -29 -30 -31
leaf_value=-0.034988969219065143 0.0061910420968222853 -0.01254507579274583 -0.0048261479405124815 -0.033223998390718178 0.011192779430615987 0.021272596208141922 0.015496753022295879 -0.014052976552347878 -0.010323496611947926 -0.030232875755541774 0.0081320850830806923 0.011407078379375145 0.031396848245693054 0.0088305473260340394 0.0019893012629533103 -0.0039226435608347232 -0.024643091695740034 0.0071691605010244068 0.013524505956613316 0.025939551394951622 0.0011031080488502997 0.027298059000403621 -0.026102143885317494 0.038226069676796731 0.014212979674660293 0.018956213635206401 -0.0018596456828895828 -0.012301461984426811 0.009038167936338137 -0.019130480764287406
leaf_weight=202.7952284142375 130.88370283693075 1210.8437392190099 574.2446946054697 677.31052792444825 261.66969940811396 331.95751924812794 239.09071619808674 981.67434020340443 159.66084073483944 325.44209340214729 406.72379027307034 271.95675475895405 351.37327076494694 3450.9263283461332 423.43214005976915 1815.5375128909945 319.52215361595154 48.419825807213783 571.36570604145527 599.88319526612759 219.97799296677113 19.80814066529274 44.536183290183544 141.22268408536911 136.96639789640903 12.560697846114634 581.89994601905346 656.50322826951742 542.49367308616638 306.26777229458094
leaf_count=2735 726 8736 2722 8886 1947 1376 1184 9282 741 3332 1892 1515 1509 15635 3348 10714 2919 490 2690 2660 1614 123 312 581 567 137 3489 5941 2242 3903
internal_value=-0.000238205 0.00571648 0.00304441 -0.0156913 -0.00915742 0.00850225 -0.00402622 -0.00517614 0.00622311 -0.0236289 0.0177191 -0.00523084 0.0195137 0.0079819 -0.00781545 -0.0073744 -0.0191144 -0.0226194 0.0168626 0.0198891 -0.0112744 -0.0154731 -0.00198937 0.0167714 0.0264305 -0.0322641 0.00236084 -0.016349 0.0136902 -0.0254635
internal_weight=16017 11561.6 9456.8 4455.38 2444.24 5337.47 4119.33 1886.75 4184.83 2011.15 2104.77 3880.24 1929.35 3610.59 1625.08 3026.38 1321.28 557.483 1577.97 1171.25 1201.65 995.834 175.42 1152.64 278.189 689.871 853.857 976.025 874.451 509.063
internal_count=103948 59291 49502 44657 23319 23864 25638 16191 19098 21338 9789 24454 8751 16376 14244 19450 12315 7128 7242 5350 10896 8983 1038 4766 1148 9023 5004 8860 3618 6638
is_linear=0
shrinkage=0.05


Tree=33
num_leaves=31
num_cat=0
split_feature=33 18 33 18 34 9 33 5 2 5 3 10 33 2 3 1 3 5 4 1 5 4 4 37 3 35 33 18 8 9
split_gain=537.431 133.032 132.405 86.6835 53.6539 50.7352 38.1615 34.6974 33.1445 31.0117 30.8231 29.1976 26.943 25.4514 23.3922 20.9078 20.7774 19.8525 18.6307 16.4086 15.3792 14.629 13.7848 13.0783 12.8692 12.6737 12.2404 12.0178 12.015 11.7427
threshold=48.150000000000013 11.500000000000002 57.650000000000013 15.500000000000002 2.5000000000000004 58.250000000000007 71.050000000000011 41.95000000000001 59.750000000000007 57.45000000000001 48.550000000000004 55.000000000000007 36.850000000000001 49.95000000000001 50.95000000000001 53.150000000000013 47.350000000000001 46.250000000000007 67.65000000000002 51.95000000000001 58.850000000000001 90.050000000000011 89.950000000000017 78.211428571428584 44.95000000000001 30.400000000000006 72.850000000000009 9.5000000000000018 53.550000000000004 50.050000000000004
decision_type=2 2 2 2 10 2 2 2 2 2 2 2 2 2 2 2 2 2 2 2 2 2 2 2 2 10 2 2 2 2
left_child=3 9 11 4 7 6 10 22 12 15 -4 14 25 -9 23 21 -14 -16 -8 20 -6 -2 -1 -3 -17 -5 -11 -15 -13 -30
right_child=1 2 5 8 19 -7 18 13 -10 26 -12 28 16 27 17 24 -18 -19 -20 -21 -22 -23 -24 -25 -26 -27 -28 -29 29 -31
leaf_value=-0.018006851475432743 0.003881592351812839 -0.0092732989626436342 0.00049702788863940841 -0.033377992640892938 -0.034166845933626129 -0.014495713361658983 0.0058446574259402966 -0.011326338424499255 0.0056532457946753684 0.022287622694377247 0.0091517651089504937 0.024436240450774593 -0.028377819650718741 0.016326851318525373 -0.010412319504981532 0.0076340466429246192 -0.013927014405895086 0.0021904690984407781 0.017220539063350675 -0.013692634389476219 0.029205774867068962 0.027754022995154993 0.015664454257981544 -0.024349729849709151 0.022806843540220251 -0.011774093712578752 0.039862025143879244 0.0011239114598068948 0.020316466227238518 -0.017812161569743145
leaf_weight=491.73818900436163 629.51740739494562 1415.5199660435319 1809.4880237281322 722.112210188061 256.81144812703133 260.25386776030064 497.53714746236801 409.09627674892545 96.452295310795307 592.9387643635273 2388.1074097454548 108.73037207126617 392.49795453250408 154.09388684481382 465.43923169374466 195.32449093461037 686.95327164977789 949.20738570392132 1316.7807898819447 238.10113571956754 9.785774312913416 71.503787904977798 32.16450597345829 160.66748644411564 502.46346700191498 75.904304299503565 120.32994805276394 834.43472518026829 36.107135429978371 45.52448358386755
leaf_count=5071 3205 9280 8701 9454 3280 1384 2045 3957 861 2559 11374 564 3725 1121 3196 902 6391 5955 5388 2444 99 329 278 1188 2296 907 498 7069 190 237
internal_value=-0.000230045 0.00542801 0.00289258 -0.0151027 -0.00876883 0.0071071 0.00804334 -0.00495429 -0.0228846 0.0167732 0.0054222 -0.00541531 -0.0243536 -0.000836539 -0.00662503 0.0124382 -0.0191882 -0.00195294 0.0141042 -0.0232781 -0.0318119 0.00632731 -0.0159275 -0.0108147 0.0185685 -0.0313311 0.0252646 0.00350025 0.0135583 -0.000881784
internal_weight=15965.6 11565.4 9453.36 4400.15 2426.23 6272.17 6011.91 1921.53 1973.92 2112.08 4197.6 3181.2 1877.47 1397.62 2990.83 1398.81 1079.45 1414.65 1814.32 504.698 266.597 701.021 523.903 1576.19 697.788 798.017 713.269 988.529 190.362 81.6316
internal_count=103948 59291 49502 44657 23319 28892 27508 17496 21338 9789 20075 20610 20477 12147 19619 6732 10116 9151 7433 5823 3379 3534 5349 10468 3198 10361 3057 8190 991 427
is_linear=0
shrinkage=0.05


Tree=34
num_leaves=31
num_cat=0
split_feature=32 5 5 32 30 37 36 7 7 3 7 7 36 37 32 5 10 34 36 34 7 19 30 5 3 31 5 3 13 3
split_gain=464.392 96.0839 82.3011 54.3793 46.4434 45.6737 43.6584 39.0002 37.0696 37.154 26.0387 22.2549 20.9346 19.2614 19.9472 15.6443 14.9463 15.3606 14.3145 13.3283 12.7334 12.6776 21.9937 11.6874 11.3849 11.2204 10.8488 10.7414 10.2801 10.2108
threshold=60.650000000000013 48.150000000000013 65.050000000000011 42.850000000000001 437.00000000000006 72.37878571428574 -1.0000000180025095e-35 44.45000000000001 57.95000000000001 49.650000000000013 49.050000000000004 60.350000000000001 -1.0000000180025095e-35 78.211428571428584 43.150000000000013 38.650000000000013 77.500000000000014 1.5000000000000002 0.77500000000000013 1.5000000000000002 73.250000000000014 1.0000000180025095e-35 457.00000000000006 41.050000000000004 58.150000000000013 22.500000000000004 56.050000000000004 36.150000000000013 46.95000000000001 43.750000000000007
decision_type=2 2 2 2 2 2 8 2 2 2 2 2 8 2 2 2 2 10 8 10 2 2 2 2 2 8 2 2 2 2
left_child=1 3 4 19 -2 10 -6 21 9 -8 15 13 -4 14 -9 -5 17 27 -18 -1 -10 -3 24 -12 -23 -13 -15 -14 -24 -19
right_child=2 7 12 5 6 -7 8 11 20 -11 23 25 16 26 -16 -17 18 29 -20 -21 -22 22 28 -25 -26 -27 -28 -29 -30 -31
leaf_value=-0.023314408579659024 -0.0061671026356491312 -0.022665889691095904 -0.013662292559040362 -0.02727146578672008 -0.0058556039152540349 -0.027444151014317741 0.001219265297579975 -0.017080419436009089 0.01510483401944861 0.0093242455722089938 -0.012830563741576879 0.0086255405290963406 -0.011486394637495666 -0.026527736378807516 9.6837786864264929e-05 -0.012833608354600623 0.019032695632448915 -0.0059672713855442342 0.054922855945782126 -0.038579602172954072 0.043347387330062701 -0.03163871664089165 -0.023324368298423992 -0.0010623659242552273 0.010452137404027503 0.03919199030735504 -0.00071230969422449338 0.021110863546619871 0.0099036980465971886 0.012977384503021881
leaf_weight=293.7825388610363 897.07237856090069 318.66584464162588 52.77088338136673 237.47450643032789 714.80671391636133 504.73949092999101 2599.0738454833627 187.06522715091705 891.7559844776988 3105.1378714442253 306.90617990866303 177.94498724117875 25.707097947597504 128.35429392755032 1736.7997095398605 912.52600025758147 60.340002253651619 92.765918798744678 52.624156668782234 285.04126327857375 41.94101720303297 96.051394268870354 28.122983325272799 678.08189701661468 19.037481252104044 36.256882555782795 60.168624475598335 943.47251670062542 131.59638562425971 299.80473804473877
leaf_count=3248 5032 2839 263 2402 4422 5750 13260 1729 4180 15655 2775 1165 109 1336 12191 8462 249 406 218 4152 191 832 252 5598 162 217 504 4021 1014 1314
internal_value=-0.000222129 -0.0110011 0.00654495 -0.0169599 0.00457008 -0.0139122 0.00588082 -0.00443117 0.00714548 0.00563225 -0.0107095 -0.00151011 0.0172068 -0.00306946 -0.00157158 -0.0158215 0.0183156 0.0168565 0.0358301 -0.0308457 0.0163833 -0.015872 -0.00797023 -0.00473515 -0.0246298 0.0138386 -0.0183198 0.02024 0.00401077 0.00848758
internal_weight=15915.9 6138.62 9777.27 3218.55 8249.79 2639.73 7352.72 2920.06 6637.91 5704.21 2134.99 2326.59 1527.49 2112.39 1923.86 1150 1474.71 1361.75 112.964 578.824 933.697 593.474 274.808 984.988 115.089 214.202 188.523 969.18 159.719 392.571
internal_count=103948 54628 49320 32387 42740 24987 37708 22241 33286 28915 19237 17142 6580 15760 13920 10864 6317 5850 467 7400 4371 5099 2260 8373 994 1382 1840 4130 1266 1720
is_linear=0
shrinkage=0.05


Tree=35
num_leaves=31
num_cat=0
split_feature=33 33 33 7 2 37 5 5 26 1 37 1 10 33 2 28 7 8 7 5 2 17 7 4 5 7 1 13 8 8
split_gain=475.82 115.722 87.3779 58.5806 50.1457 41.5185 35.5323 33.4201 31.4569 25.9281 24.1719 22.9001 20.7134 20.6764 19.4674 19.161 19.0229 18.6789 19.4837 17.604 17.7712 17.3351 14.4263 12.825 11.7326 11.7222 11.6075 11.5394 11.3999 13.7008
threshold=49.750000000000007 71.050000000000011 31.150000000000002 49.750000000000007 53.550000000000004 73.147071428571437 46.350000000000001 66.850000000000009 1.0000000180025095e-35 56.650000000000013 77.163000000000025 55.350000000000001 65.000000000000014 76.250000000000014 52.45000000000001 4.5000000000000009 65.450000000000017 50.050000000000004 47.550000000000004 55.850000000000001 54.95000000000001 2855.0000000000005 49.250000000000007 86.850000000000009 72.250000000000014 45.95000000000001 57.350000000000001 55.95000000000001 82.65000000000002 55.850000000000001
decision_type=2 2 2 2 2 2 2 2 2 2 2 2 2 2 2 2 2 2 2 2 2 2 2 2 2 2 2 2 2 2
left_child=2 3 16 4 10 6 14 8 12 -3 11 -2 -5 24 22 -6 19 18 -8 25 -21 -17 -4 -19 -11 -1 -7 -15 29 -9
right_child=1 9 5 7 15 26 17 28 -10 13 -12 -13 -14 27 -16 21 -18 23 -20 20 -22 -23 -24 -25 -26 -27 -28 -29 -30 -31
leaf_value=-0.036186824453186044 -0.0060352848382060516 0.012355524223278675 -0.02246184872787739 0.0055499995982241359 0.0099162595342978405 -0.023754507477969693 -0.0070487928210431544 0.022977798288305491 -0.012410801673525519 0.014150809499757647 -0.020597314010965886 0.0069536162632580847 0.017304935594024112 0.025895365353942074 -0.0052710159150683132 -0.0037053978705222489 0.03396513114596901 -0.010978155872988211 0.0074726979630642641 -0.014761719579595677 0.050461978682861675 0.025835796820004725 -0.0099195696366741175 0.010312638764905414 0.039726365065604945 -0.024372524608399913 -0.0047750264595077599 0.046126682132684046 0.045403401391056919 0.0049045948325148522
leaf_weight=355.18287274241447 1908.3453553766012 1370.9276930093765 545.34506830200553 3529.4980324953794 1063.3590366467834 561.03758123517036 363.84427163377404 323.47344377636909 224.94795986264944 390.55656751990318 233.79027910530567 412.31032329797745 419.83315895497799 173.7080725133419 543.12135849520564 568.71796594560146 12.744041945785282 614.05552479252219 631.4396348297596 61.449161700904369 12.465543217957018 54.295455925166607 399.23309007287025 79.618531785905361 50.947933927178383 529.60200900584459 94.925822272896767 121.67128278315067 38.660041064023972 156.3822718411684
leaf_count=5234 11030 5619 5629 18261 5352 6060 3249 1411 1175 1597 1487 2120 1883 716 4809 3110 149 5080 4823 709 119 278 3615 575 208 7297 869 502 165 682
internal_value=0.000176306 0.0058918 -0.0129587 0.00340462 -0.000853492 -0.0095613 -0.00719365 0.00725362 0.00576449 0.0164303 -0.00527208 -0.0037252 0.00680128 0.0240016 -0.0128285 0.00583655 -0.0263549 -0.00222683 0.0021589 -0.0271655 -0.00364102 -0.00111913 -0.0171677 -0.0085261 0.0171218 -0.0291244 -0.0210167 0.0342587 0.0192287 0.0171005
internal_weight=15845.5 11041.4 4804.06 8933.61 4240.82 3832.62 3176.66 4692.79 4174.28 2107.81 2554.45 2320.66 3949.33 736.884 1487.7 1686.37 971.444 1688.96 995.284 958.7 73.9147 623.013 944.578 693.674 441.505 884.785 655.963 295.379 518.516 479.856
internal_count=103813 55596 48217 46954 23377 34709 27780 23577 21319 8642 14637 13150 20144 3023 14053 8740 13508 13727 8072 13359 828 3388 9244 5655 1805 12531 6929 1218 2258 2093
is_linear=0
shrinkage=0.05


Tree=36
num_leaves=31
num_cat=0
split_feature=32 32 32 2 34 1 5 7 5 5 9 17 1 34 1 10 5 7 34 17 1 1 2 30 7 7 13 6 34 25
split_gain=386.62 84.6586 81.6399 70.6782 43.052 37.2276 31.8399 29.6286 27.1601 23.0314 23.9422 22.1347 21.6845 19.8462 19.6628 19.662 19.5855 18.1011 17.8336 17.739 16.6826 16.6003 16.3615 15.8729 14.8251 13.8089 12.6826 12.4303 12.1445 11.7809
threshold=60.650000000000013 43.150000000000013 72.450000000000017 49.95000000000001 1.5000000000000002 56.650000000000013 47.95000000000001 48.95000000000001 57.850000000000001 43.050000000000004 59.750000000000007 2450.0000000000005 51.550000000000004 1.5000000000000002 57.650000000000013 55.000000000000007 71.250000000000014 46.650000000000013 1.0000000180025095e-35 1750.0000000000002 52.350000000000001 55.050000000000004 55.850000000000001 429.00000000000006 50.150000000000013 60.150000000000013 69.250000000000014 77.050000000000011 1.5000000000000002 1.0000000180025095e-35
decision_type=2 2 2 2 10 2 2 2 2 2 2 2 2 10 2 2 2 2 8 2 2 2 2 2 2 2 2 2 8 2
left_child=1 13 4 9 7 11 15 12 -4 10 -3 24 18 25 23 20 29 -11 -2 22 -5 -10 -7 -9 -6 -1 -19 -16 -17 -8
right_child=2 3 8 6 5 19 16 14 21 17 -12 -13 -14 -15 27 28 -18 26 -20 -21 -22 -23 -24 -25 -26 -27 -28 -29 -30 -31
leaf_value=-0.019036091885659297 0.0075182032969459411 -0.027709638201182048 0.0089189578439091734 -0.013289099893653056 -0.011221635783270347 -0.0076084152737802176 -0.00027594686298800056 -0.0075060427826790068 0.013197895213057816 -0.020167830126856752 0.052187679287910044 0.012987802340482685 0.0076015423916900903 -0.03208382140347988 0.018684022503723904 -0.00011749250842053349 0.032019478617967501 -0.0083270080507210457 -0.0078747283123381182 0.013851699305272046 -0.0028168159946797486 0.024576526628621732 0.011135812317808108 0.0098842788136808378 -0.0019501185404148177 0.019194837574887217 0.041072737933795636 0.049156331087415663 0.041208515492441679 0.030262883207813413
leaf_weight=439.97769237309694 262.07347296923399 421.79625743255019 1404.7060416564345 1039.5787483789027 930.41951638460159 282.13525824248791 1781.3078215494752 139.60022796690464 634.6706954613328 457.33697683364153 9.458139840513466 151.57590536028147 832.01165781915188 413.8656833358109 191.97615140676498 42.235123336315155 49.798730701208115 700.32939007878304 664.669029250741 461.32669860869646 601.87859808281064 654.5499966442585 198.04983253777027 2090.2665063291788 806.32294917851686 24.751207791268826 13.109107080847023 40.900286749005318 30.301018759608269 32.047114033252001
leaf_count=4655 1409 4863 6217 9960 5813 1465 12372 751 2651 4555 88 840 4044 5868 856 241 256 6127 3874 2295 5017 2716 999 10319 4634 218 108 176 197 229
internal_value=0.000165577 -0.00975333 0.00633184 -0.00731713 0.00350213 -0.00126819 -0.00340631 0.00670099 0.0137363 -0.0160457 -0.0259341 -0.00531907 0.00174064 -0.0241062 0.0102412 -0.00832466 0.0011158 -0.0123971 -0.00351603 0.00685074 -0.00945264 0.0189803 0.000112842 0.00879303 -0.00692036 -0.0169855 -0.00740667 0.0240762 0.01711 0.000262643
internal_weight=15803 6057.77 9745.25 5179.18 7051.33 2829.83 3577.15 4221.5 2693.93 1602.03 431.254 1888.32 1758.75 878.595 2462.74 1713.99 1863.15 1170.78 926.743 941.512 1641.46 1289.22 480.185 2229.87 1736.74 464.729 713.438 232.876 72.5361 1813.35
internal_count=103813 54754 49059 44013 37475 16046 28272 21429 11584 15741 4951 11287 9327 10741 12102 15415 12857 10790 5283 4759 14977 5367 2464 11070 10447 4873 6235 1032 438 12601
is_linear=0
shrinkage=0.05


Tree=37
num_leaves=31
num_cat=0
split_feature=32 0 32 5 36 3 30 5 36 5 37 0 4 36 34 9 4 34 37 28 36 5 30 3 9 30 37 8 4 20
split_gain=350.584 82.8245 73.6658 46.3086 44.4582 43.6568 30.2581 27.1222 26.6516 26.3946 24.1971 28.5106 22.0557 21.7661 18.622 17.1327 16.9976 15.9851 15.424 14.758 14.1812 13.1058 12.6698 12.6685 12.6315 12.0927 11.8339 11.5304 11.1556 11.1379
threshold=60.650000000000013 49.95000000000001 71.250000000000014 44.850000000000001 -1.0000000180025095e-35 48.550000000000004 443.00000000000006 72.65000000000002 0.70833333333333337 66.850000000000009 73.147071428571437 45.350000000000001 91.250000000000014 -1.0000000180025095e-35 1.5000000000000002 55.050000000000004 84.950000000000017 2.5000000000000004 73.147071428571437 4.5000000000000009 0.90000000000000013 45.150000000000013 421.00000000000006 45.150000000000013 51.650000000000013 435.00000000000006 55.034285714285723 86.050000000000011 94.750000000000014 1.0000000180025095e-35
decision_type=2 2 2 2 8 2 2 2 10 2 2 2 2 8 8 2 2 8 2 2 10 2 2 2 2 2 2 2 2 2
left_child=1 3 5 16 19 13 -5 8 12 18 11 -7 -6 -2 -8 -13 17 24 20 -3 22 -21 -4 -10 -1 -15 -18 -11 -12 -23
right_child=2 4 9 6 7 10 14 -9 23 27 28 15 -14 25 -16 -17 26 -19 -20 21 -22 29 -24 -25 -26 -27 -28 -29 -30 -31
leaf_value=-0.024642261346691809 -0.014933910708800424 -0.0076142337765337841 -0.010329373436236473 -0.027640311640160287 -0.00215081108570631 -0.0066504335537697044 -0.00038371525261290864 0.046137883514782665 -0.025567896070381846 0.019662206771435882 -0.0060767136088769698 0.010487103417226796 0.013231816076375519 -0.010608176973218602 -0.013334185659624201 -0.0048302363741242636 -0.028293791998242352 -0.037241601345950635 -0.00095786069060293979 -0.031376560979510353 -0.0072610011329629414 -0.0034547243851859432 0.012615317719623429 -0.0081450316727110176 0.0087602331320360497 0.00082760146610619245 0.020472037384914731 0.052804712405078585 0.024254806139686402 -0.026317985157266417
leaf_weight=420.95878516510129 287.88325525075197 302.95700485631824 61.533404968678951 241.12891014292836 2266.4598157443106 302.21814236044884 463.40158968418837 28.583642557263374 144.36207896098495 625.2038843780756 450.5738572999835 2740.1357451826334 259.59658022224903 258.67088053375483 695.21182582899928 195.0682575777173 20.486200802028179 308.25792559236288 293.05593633651733 200.57741443067789 99.442862883210182 121.21309780329466 2214.5139391571283 381.81682661175728 30.064041282981634 2164.6234829574823 31.310127165168524 27.545854121446609 32.351766414940357 95.808556653559208
leaf_count=4884 1870 2874 284 2531 17992 1722 3690 147 1243 2580 2801 14123 1641 1484 6962 1140 165 4418 1349 2303 461 1072 9568 3337 296 11401 286 114 162 913
internal_value=0.000155534 -0.00934063 0.00601006 -0.0170367 -0.0048631 0.00288622 -0.0115205 -0.00224595 -0.00270219 0.0120574 0.00640309 0.00796099 -0.000567536 -0.00193793 -0.00815928 0.00946731 -0.0265476 -0.0284381 0.00984875 -0.0160442 0.011184 -0.0221446 0.0119924 -0.0129386 -0.0224032 -0.000391418 0.00107074 0.0210763 -0.00402982 -0.0135787
internal_weight=15765 6012.19 9752.82 2210.82 3801.38 6431.53 1399.74 3080.82 3052.24 3321.3 3720.35 3237.42 2526.06 2711.18 1158.61 2935.2 811.077 759.281 2668.55 720.556 2375.49 417.599 2276.05 526.179 451.023 2423.29 51.7963 652.75 482.926 217.022
internal_count=103813 54754 49059 23232 31522 34703 13183 24360 24213 14356 19948 16985 19633 14755 10652 15263 10049 9598 11662 7162 10313 4288 9852 4580 5180 12885 451 2694 2963 1985
is_linear=0
shrinkage=0.05


Tree=38
num_leaves=31
num_cat=0
split_feature=18 5 5 1 34 18 1 1 34 34 1 34 3 34 3 1 7 1 13 31 7 7 35 28 9 9 7 4 2 28
split_gain=202.051 118.959 98.0711 67.3826 79.6296 51.3968 39.0859 34.3241 37.122 34.0635 33.9592 32.3809 29.514 26.3987 25.3294 25.3693 24.5111 21.6929 21.3558 20.9024 19.3265 17.7761 17.0604 15.6345 15.4372 14.9708 14.9337 14.8662 14.5816 16.1258
threshold=14.500000000000002 54.550000000000004 46.250000000000007 52.95000000000001 1.5000000000000002 10.500000000000002 48.45000000000001 53.350000000000001 1.5000000000000002 1.5000000000000002 57.45000000000001 2.5000000000000004 49.850000000000001 1.0000000180025095e-35 53.750000000000007 58.050000000000004 50.45000000000001 60.350000000000001 42.750000000000007 2.5000000000000004 53.45000000000001 66.450000000000017 27.400000000000006 4.5000000000000009 59.95000000000001 51.250000000000007 65.050000000000011 89.050000000000011 57.250000000000007 4.5000000000000009
decision_type=2 2 2 2 10 2 2 2 10 10 2 8 2 8 2 2 2 2 2 8 2 2 10 2 2 2 2 2 2 2
left_child=2 3 7 4 13 18 20 8 19 10 25 12 23 -2 15 -8 -6 21 -4 -1 22 -11 -7 -5 -18 -3 -15 -10 29 -20
right_child=1 9 5 11 16 6 14 -9 27 17 -12 -13 -14 26 -16 -17 24 -19 28 -21 -22 -23 -24 -25 -26 -27 -28 -29 -30 -31
leaf_value=0.0071298917315332118 0.0010237249914897136 0.005047290193664072 -0.011616812350266041 -0.002812000789674429 -0.030448597027777004 -0.014310920248695763 0.0039834987752998749 0.0060793457195818237 -0.02005531597502954 -0.0078391462103162193 0.023638631699213149 -0.014221085908207682 0.0064988426277912958 -0.012287894983782065 0.016325985788670751 0.020225699901675873 -0.016949195328516017 0.0157443976240287 0.020342469065943586 -0.008914483565514655 0.01085301257643617 0.040611224128966568 0.014626939133191486 -0.019546187117934797 0.02989663555300719 -0.015160626681211105 0.019567851345966319 0.013147656541639206 0.031266254977072271 0.0037020557861140455
leaf_weight=419.66335493326187 554.30292734503746 1848.3622858673334 55.026497468352318 646.50938414782286 707.54384911060333 359.61646415293217 1654.2298581786454 748.05708389729261 483.33190517127514 971.74921483546495 249.60595235228539 475.20162478834391 946.93519809469581 1626.1754046231508 949.8769334666431 281.54280621558428 362.159154035151 118.28395814448595 872.42996916547418 392.91165044158697 146.83817661553621 19.179097265005112 59.085184164345264 178.29904828220606 18.320200998336077 96.228204786777496 37.436278089880943 35.986239414662123 239.88568119704723 175.72375908866525
leaf_count=3098 3904 9419 320 3700 8389 2619 9080 4693 5218 5722 1079 3875 5444 13176 5038 1311 3772 538 4372 3082 950 96 427 1205 149 576 242 247 1069 1003
internal_value=0.000145663 -0.00484645 0.00657789 -0.00931616 -0.0138572 0.0105117 0.0072794 -0.00248708 -0.00730226 0.00266547 0.00627629 -0.00263233 0.000473713 -0.00841809 0.00963554 0.0063493 -0.0249384 -0.00447271 0.0188126 -0.000622178 -0.0047335 -0.00689236 -0.0102129 -0.00643743 -0.0146732 0.004044 -0.0115669 -0.0177428 0.0201172 0.0175581
internal_weight=15730.5 8856.29 6874.21 5552.88 3305.94 4794.26 3451.19 2079.95 1331.89 3303.41 2194.2 2246.95 1771.74 2217.91 2885.65 1935.77 1088.02 1109.21 1343.07 812.575 565.54 990.928 418.702 824.808 380.479 1944.59 1663.61 519.318 1288.04 1048.15
internal_count=103813 61286 42527 43856 29632 26189 19425 16338 11645 17430 11074 14224 10349 17322 15429 10391 12310 6356 6764 6180 3996 5818 3046 4905 3921 9995 13418 5465 6444 5375
is_linear=0
shrinkage=0.05


Tree=39
num_leaves=31
num_cat=0
split_feature=33 18 18 33 18 32 33 37 32 5 18 35 18 33 5 32 5 4 5 2 30 37 4 1 9 5 2 32 9 33
split_gain=359.083 102.443 100.455 87.1962 51.717 37.2426 36.4315 32.1272 22.2132 21.8926 21.4551 21.8581 21.8567 20.1341 18.2826 17.3157 16.9672 15.9847 15.8261 20.1094 15.6421 15.3341 15.1834 14.0534 13.9283 11.8792 11.8014 15.4311 11.6335 11.3778
threshold=49.750000000000007 10.500000000000002 13.500000000000002 70.850000000000009 15.500000000000002 44.050000000000004 32.350000000000001 67.783000000000015 44.650000000000013 53.45000000000001 9.5000000000000018 38.400000000000013 7.5000000000000009 80.550000000000011 56.45000000000001 78.550000000000011 73.450000000000017 65.850000000000009 56.050000000000004 54.350000000000001 431.00000000000006 46.228785714285728 40.650000000000013 56.050000000000004 60.150000000000013 41.050000000000004 55.850000000000001 66.550000000000011 43.150000000000013 73.350000000000009
decision_type=2 2 2 2 2 2 2 2 2 2 2 10 2 2 2 2 2 2 2 2 2 2 2 2 2 2 2 2 2 2
left_child=2 15 5 4 8 25 18 20 -3 21 12 22 -7 16 -10 29 -5 -15 28 -20 -6 -8 -12 -9 -23 -1 -11 -28 -4 -2
right_child=1 3 6 13 7 10 9 23 14 26 11 -13 -14 17 -16 -17 -18 -19 19 -21 -22 24 -24 -25 -26 -27 27 -29 -30 -31
leaf_value=-0.032133890515533739 0.015258165438988775 -0.022856616188936078 0.015635086936249817 0.0089099359418830203 -0.013344401681765117 -0.011936429211895928 -0.0019380316420590585 -0.013527582339342141 0.0029710624805321245 -0.008372097672963567 -0.019561798395714897 0.047659982019772507 0.020872358434182128 0.0026036049477277498 0.010276184323570539 0.041754176839465681 0.027660012247363881 0.029848695635238148 -0.018015520745941729 0.048478262789344639 0.001440366085009674 -0.018665046145586162 -0.00014381785370600112 -0.0034402192695486746 0.0048053960895926996 -0.010248001836356749 0.0015335431811546211 0.052545820055892936 -0.029849378774965931 0.032858737647181661
leaf_weight=97.335248578339815 1159.6296458616853 70.475515328347683 14.166210681200026 1511.019185140729 194.41800029575825 64.204988650977612 169.85527462512255 811.94118625670671 2539.3605501055717 410.68670336157084 113.75777554139495 22.204455450177193 238.45843732357025 68.791470155119896 1294.7197739183903 73.02931572496891 131.41095986962318 254.88321746885777 49.899431988596916 14.606800675392149 2226.0796185731888 1603.419649425894 873.90374122932553 603.58485001325607 65.418290317058563 173.80867044627666 84.038194581866264 17.961736671626568 647.590730112046 100.35752457380295
leaf_count=1324 5287 537 193 6204 1097 461 1487 4978 13719 3489 1110 179 1834 281 6111 305 537 1055 606 140 11841 16647 7393 3226 587 2043 648 110 9966 418
internal_value=0.000136518 0.0050502 -0.0114997 0.00326457 0.000875454 -0.0012637 -0.016765 -0.00324702 0.00492683 -0.0137362 0.00221828 -0.0012772 0.0138944 0.0126675 0.00543942 0.0180477 0.0104148 0.0240763 -0.026561 -0.00282954 0.000250264 -0.0162848 -0.00238718 -0.00923038 -0.0177418 -0.018132 -0.00458485 0.0106082 -0.0288659 0.0166665
internal_weight=15701 11039.7 4661.32 9706.68 7740.58 1583.67 3077.64 3836.02 3904.56 2351.38 1312.53 1009.87 302.663 1966.1 3834.08 1333.02 1642.43 323.675 726.263 64.5062 2420.5 1838.69 987.662 1415.53 1668.84 271.144 512.687 102 661.757 1259.99
internal_count=103813 55596 48217 49586 41509 14344 33873 21142 20367 22968 10977 8682 2295 8077 19830 6010 6741 1336 10905 746 12938 18721 8503 8204 17234 3367 4247 758 10159 5705
is_linear=0
shrinkage=0.05


Tree=40
num_leaves=31
num_cat=0
split_feature=33 18 33 7 18 33 3 2 32 7 7 32 18 18 30 7 4 2 5 37 5 30 1 2 9 5 30 36 9 7
split_gain=323.402 136.793 92.4145 52.9654 39.5823 38.7387 35.1283 28.3263 28.3231 25.8279 23.8456 21.4063 21.0103 20.448 19.8303 18.78 15.8899 15.8028 15.6643 15.5088 14.1409 13.2683 13.2451 13.0936 16.6722 12.713 12.6367 12.6265 12.1037 12.0281
threshold=42.750000000000007 12.500000000000002 56.45000000000001 49.95000000000001 12.500000000000002 71.050000000000011 50.95000000000001 49.350000000000001 42.850000000000001 41.650000000000013 47.150000000000013 68.550000000000011 9.5000000000000018 15.500000000000002 421.00000000000006 60.650000000000013 70.050000000000011 54.350000000000001 59.850000000000001 65.394500000000008 48.050000000000004 447.00000000000006 40.95000000000001 60.150000000000013 60.050000000000004 65.950000000000017 435.00000000000006 -1.0000000180025095e-35 59.750000000000007 63.45000000000001
decision_type=2 2 2 2 2 2 2 2 2 2 2 2 2 2 2 2 2 2 2 2 2 2 2 2 2 2 2 8 2 2
left_child=3 9 6 4 8 10 26 21 -1 -2 -4 12 -11 22 -12 16 -7 -6 -19 -10 -14 -8 -5 24 -15 -9 -3 -13 -28 -24
right_child=1 2 5 13 17 15 7 25 19 11 14 27 20 23 -16 -17 -18 18 -20 -21 -22 -23 29 -25 -26 -27 28 -29 -30 -31
leaf_value=-0.031969927242318556 -0.0035856659562111095 -0.023372860685762765 -0.0043087374249957669 -0.027094871285327556 -0.028590361424777923 0.0014775038551438175 -0.027436669949381084 0.0011799128413661668 0.0085972647353013236 0.01790899210682298 -0.018056810633532174 -0.0071798596227426546 -0.00041476783634825353 -0.019091282565456988 0.0043627479307604489 0.028002438181449318 0.012174155582245834 -0.017093301637017316 0.041244780661898697 -0.014411903724655541 0.010199585630972381 -0.0072969820946445652 -0.0012858703445797124 0.018468921546796659 0.032432311891653014 0.023441495453217227 -0.011218272869782405 0.01955939493632057 0.0063357460977184468 0.029970699459411762
leaf_weight=93.01687841117382 253.71218321472406 201.15872301906347 1369.0935659408569 47.09630223736167 1020.982832942158 528.44499072432518 110.46994967758656 1171.1560142040253 185.51993594691157 566.22981475293636 101.83222675323486 45.694665193557739 484.04186454415321 439.09885235130787 2980.9180112555623 134.74848465621471 1018.6427342891693 216.55808651819825 12.012565970420836 120.83348991349339 887.32361741364002 319.16298782080412 561.72568720206618 26.977676905691624 16.125010345131159 67.802512936294079 1450.8336427286267 1084.0834548920393 104.89009816944599 32.458212479948997
leaf_count=1293 1405 1599 7040 557 13936 2173 899 8341 1804 2784 514 207 2920 5320 14229 552 4177 2544 106 1354 4510 2504 5705 264 158 367 10881 4565 753 281
internal_value=-0.000346621 0.00298745 -4.92373e-05 -0.0158376 -0.0215436 0.00362415 -0.0066282 -0.00142903 -0.00782035 0.0117293 0.00118046 0.0129977 0.00980182 -0.00745738 0.00361998 0.0100892 0.00852402 -0.0259247 -0.0139888 -0.000463555 0.0064497 -0.0124922 -0.00159877 -0.0152364 -0.0172485 0.00240402 -0.0115629 0.0184729 -0.0100312 0.00041791
internal_weight=15652.6 12880.2 9559.15 2772.41 1648.92 6133.68 3425.47 1668.59 399.37 3321.09 4451.84 3067.37 1937.6 1123.48 3082.75 1681.84 1547.09 1249.55 228.571 306.353 1371.37 429.633 641.28 482.202 455.224 1238.96 1756.88 1129.78 1555.72 594.184
internal_count=103742 70420 54029 33322 21037 28685 25344 12111 4451 16391 21783 14986 10214 12285 14743 6902 6350 16586 2650 3158 7430 3403 6543 5742 5478 8708 13233 4772 11634 5986
is_linear=0
shrinkage=0.05


Tree=41
num_leaves=31
num_cat=0
split_feature=33 18 33 7 2 3 18 4 7 7 7 37 5 5 7 5 33 9 3 34 5 28 2 2 30 13 5 2 14 18
split_gain=295.48 123.228 78.8249 50.9826 42.8893 41.1473 38.0142 35.0197 25.5724 22.2304 21.8366 21.4648 21.3956 21.1441 20.7857 20.5745 19.2963 19.1954 19.1538 17.9588 16.3221 16.24 15.7753 14.2826 13.9112 13.2931 12.8801 12.4863 12.3246 11.5697
threshold=42.750000000000007 13.500000000000002 68.65000000000002 46.45000000000001 49.45000000000001 48.250000000000007 13.500000000000002 86.450000000000017 57.550000000000004 55.95000000000001 38.350000000000001 73.147071428571437 45.550000000000004 42.750000000000007 66.050000000000011 66.15000000000002 57.45000000000001 50.050000000000004 49.750000000000007 1.0000000180025095e-35 67.65000000000002 4.5000000000000009 54.250000000000007 62.45000000000001 419.00000000000006 66.850000000000009 40.650000000000013 49.850000000000001 31.950000000000003 12.500000000000002
decision_type=2 2 2 2 2 2 2 2 2 2 2 2 2 2 2 2 2 2 2 10 2 2 2 2 2 2 2 2 2 2
left_child=3 7 4 11 9 16 19 8 10 25 -2 22 -10 27 24 -7 -6 21 -12 -5 -9 23 29 -4 -15 -3 -21 -8 -23 -1
right_child=1 2 17 6 5 15 13 20 12 -11 18 -13 -14 14 -16 -17 -18 -19 -20 26 -22 28 -24 -25 -26 -27 -28 -29 -30 -31
leaf_value=-0.012152178667817827 -0.020375267509161073 -0.014208916320830321 0.012375194465938755 0.016151491894292543 -0.011422066109146315 0.001402767788429498 -0.036748342439453206 0.015991926619488613 -0.007157632479453638 0.0037625183541072876 0.0016656398735847002 -0.036536274119084569 0.021286659515952166 -0.039205503960400574 0.041621152829915291 0.016130253965987992 -0.0017191551993961066 0.0020870357027414246 0.010120565503133864 -0.020545211038813238 0.038281377220439866 0.021890862311745671 -0.0049501543254952826 0.040090839897273668 -0.010131774556071249 0.013281402715474282 2.9510154472616976e-05 -0.017622655622414708 -0.016212562654107993 -0.027352135739067363
leaf_weight=173.56448209658265 79.895556390285492 1246.4206508174539 1077.1217496693134 138.5550649240613 1015.3242142051458 2643.9851920008659 143.97223145514727 887.53633846342564 76.739793911576271 225.31501694768667 1273.2916992083192 256.84090122207999 464.48393985629082 43.823431469500065 18.481761291623116 260.56466209888458 1037.2675389125943 872.14092287421227 1417.2345396205783 97.115377530455589 90.929091468453407 28.361880928277969 145.77428230270743 48.69894739985466 691.62956109642982 45.320023037493229 347.42830613255501 214.52113647386432 82.691271603107452 464.75311716645956
leaf_count=1995 489 8738 4480 1153 7436 15923 2156 4145 404 1327 6764 4105 2094 543 170 1199 5130 3620 7329 1194 382 119 1634 200 7982 295 3445 2707 346 6238
internal_value=-0.000332585 0.00283876 -0.000619218 -0.0152532 -0.00335455 -0.00110203 -0.00989974 0.00975814 0.0072997 -0.0107111 0.0053547 -0.0239665 0.0172437 -0.0153198 -0.0105527 0.00272619 -0.0065215 0.00777502 0.00612134 0.000432839 0.0180721 0.0117812 -0.0198385 0.013582 -0.0118761 -0.0132396 -0.00445763 -0.0253256 -0.0064254 -0.0232295
internal_weight=15609.8 12873.3 8583.21 2736.46 6474.2 4957.14 1695.53 4290.11 3311.65 1517.06 2770.42 1040.93 541.224 1112.43 753.935 2904.55 2052.59 2109.01 2690.53 583.099 978.465 1236.87 784.092 1125.82 735.453 1291.74 444.544 358.493 111.053 638.318
internal_count=103742 70420 48813 33322 40048 29688 19350 21607 17080 10360 14582 13972 2498 13558 8695 17122 12566 8765 14093 5792 4527 5145 9867 4680 8525 9033 4639 4863 465 8233
is_linear=0
shrinkage=0.05


Tree=42
num_leaves=31
num_cat=0
split_feature=32 18 2 18 32 32 36 37 37 10 1 3 36 36 32 2 18 32 1 1 3 32 37 1 3 28 1 6 37 10
split_gain=208.906 99.6729 76.8942 51.255 49.1955 35.3503 26.4154 25.5967 23.388 21.3077 21.1301 20.5622 18.2751 16.9108 20.379 16.5262 15.3349 14.7784 14.677 14.378 13.4626 13.013 12.9032 15.2358 11.6238 11.2697 10.83 12.0047 11.4489 10.4897
threshold=59.45000000000001 12.500000000000002 49.650000000000013 15.500000000000002 67.450000000000017 42.850000000000001 -1.0000000180025095e-35 49.948285714285724 78.564285714285731 77.500000000000014 49.650000000000013 49.050000000000004 0.70833333333333337 0.55000000000000016 79.450000000000017 59.150000000000013 14.500000000000002 52.050000000000004 59.95000000000001 59.850000000000001 54.550000000000004 77.65000000000002 77.484285714285733 59.350000000000001 42.850000000000001 6.5000000000000009 58.850000000000001 52.350000000000001 75.396571428571448 65.000000000000014
decision_type=2 2 2 2 2 2 8 2 2 2 2 2 8 10 2 2 2 2 2 2 2 2 2 2 2 2 2 2 2 2
left_child=2 9 8 5 7 -4 -7 20 17 21 29 13 -8 14 -6 22 -13 -1 -12 -18 -3 26 23 -5 -15 -17 28 -28 -2 -9
right_child=1 4 3 15 11 6 12 10 -10 -11 18 16 -14 24 -16 25 19 -19 -20 -21 -22 -23 -24 -25 -26 -27 27 -29 -30 -31
leaf_value=-0.020376358166385451 0.010114652902101662 0.001559199561965843 -0.015675688298211279 -0.012491022315651933 0.00021946364145882316 -0.010312963298692204 0.011773026877663233 -0.01492053692334494 -0.032142333642418648 0.034690684444676455 -0.0039296081095522321 0.014755332612171086 0.00084695808364898333 -0.031351584614919825 0.018747589912119781 0.0071921244754711072 0.0039960521727761163 -0.0097450339626385801 0.013604337813682933 0.019596034597468209 0.019367812997236816 0.023682835237560776 -0.02676159642713101 0.026461423619120308 -0.0039586319811238729 -0.029013203537516286 -0.0059964171192820256 0.025500312493334572 -0.0050364976276845554 0.017259964506562444
leaf_weight=666.74121449142694 1943.4115374982357 336.79742192476988 293.88621589168906 1154.9708767719567 1458.3412911593914 311.23645282164216 681.95486912503839 573.86556426435709 240.15344294905663 101.91131281852722 2322.8318909443915 577.8027396351099 874.50155805423856 64.130910366773605 165.19924280792475 162.32490162178874 1654.1258763298392 647.05705157667398 125.60650201141834 162.36617767810822 155.34217114746571 197.53274346888065 161.06473352760077 25.490483738481998 98.876277700066566 24.6477190554142 35.502681083977222 194.12741793692112 132.71858974546194 26.268602348864079
leaf_count=8411 9149 1899 3385 10939 6773 2895 4710 4211 3616 427 14168 2604 6845 308 704 1221 7613 5982 664 708 845 836 2080 172 469 242 158 849 723 136
internal_value=-0.000319028 0.00380769 -0.0084464 -0.00451532 0.00095365 0.000437791 0.00297667 -0.00338226 -0.0177772 0.0122645 -0.00509133 0.00462688 0.00563783 0.000564457 0.00210886 -0.0115228 0.00765589 -0.0151453 -0.00302754 0.0053942 0.00719338 0.0113482 -0.0134642 -0.0116435 -0.0147789 0.00237966 0.0102883 0.0206084 0.0091435 -0.013501
internal_weight=15570.8 10326.8 5244.03 3690.08 7721.55 2161.58 1867.69 3540.71 1553.95 2605.2 3048.57 4180.84 1556.46 1786.55 1623.54 1528.5 2394.29 1313.8 2448.44 1816.49 492.14 2503.29 1341.53 1180.46 163.007 186.973 2305.76 229.63 2076.13 600.134
internal_count=103742 53244 50498 32489 41102 17835 14450 21923 18009 12142 19179 19179 11555 8254 7477 14654 10925 14393 14832 8321 2744 11715 13191 11111 777 1463 10879 1007 9872 4347
is_linear=0
shrinkage=0.05


Tree=43
num_leaves=31
num_cat=0
split_feature=32 18 2 18 32 32 5 34 7 7 5 1 10 7 7 30 37 1 7 34 32 18 32 5 18 30 7 5 0 3
split_gain=189.578 89.703 71.1361 46.8087 44.4113 32.2236 31.9614 27.2833 26.237 24.4865 21.0613 20.4449 19.2671 19.1065 18.8949 17.4552 17.1135 19.8603 16.9538 15.9071 14.8748 14.613 14.1044 16.9171 13.4833 13.3925 12.4496 12.4389 13.2695 11.5224
threshold=59.45000000000001 12.500000000000002 49.650000000000013 15.500000000000002 67.450000000000017 42.850000000000001 42.050000000000004 1.0000000180025095e-35 43.550000000000004 61.350000000000001 72.250000000000014 49.650000000000013 77.500000000000014 44.150000000000013 41.750000000000007 421.00000000000006 78.564285714285731 53.750000000000007 57.550000000000004 1.5000000000000002 77.65000000000002 16.500000000000004 53.250000000000007 65.450000000000017 9.5000000000000018 437.00000000000006 52.350000000000001 47.850000000000001 50.150000000000013 55.650000000000013
decision_type=2 2 2 2 2 2 2 8 2 2 2 2 2 2 2 2 2 2 2 10 2 2 2 2 2 2 2 2 2 2
left_child=2 12 6 5 7 26 -1 29 -8 10 15 -9 18 -5 -7 -6 17 -15 20 -16 25 -13 23 -10 -24 -2 -4 28 -20 -3
right_child=1 4 3 13 9 14 8 11 22 -11 -12 21 -14 16 19 -17 -18 -19 27 -21 -22 -23 24 -25 -26 -27 -28 -29 -30 -31
leaf_value=-0.02955566099890998 -0.0050243500686646724 0.0030479321344931845 -0.021658832333188834 -0.021955944024509868 -0.01720658793618551 -0.01177265012589342 -0.027494491529304794 -0.01340323144113888 -0.016618431004173425 0.018205935334182643 0.016578279099841879 -0.0013931760029207135 0.032956677747224369 -0.010135555467749045 0.0083970430086601697 0.0029271683815002276 -0.027180096350357077 0.0054862809186587893 0.030825144858841386 -0.001627133071778245 0.023807533773396856 -0.012328482535054426 0.039055012904151233 0.032720153514641935 -0.0041884186742850603 0.0090106162203058577 0.0011465448721284693 0.023713921247625953 -0.010357849570929799 0.020288123352970928
leaf_weight=387.48852599784732 188.10951391234994 381.39789303392172 206.76494943723083 317.6139877922833 110.91098941862583 197.98579668626189 243.47961941361427 587.48528927564621 466.75007597729564 298.01553047448397 278.54631561040878 2075.5168984122574 101.91462174057961 820.25873494893312 1031.7642823085189 3496.3835578411818 107.54893907159567 270.0240834876895 28.685953661799431 640.75465168058872 153.70502891391516 358.48800849542022 18.767941765487194 17.889424961060286 398.02257641404867 1716.7625435292721 83.616923756897449 359.99924954771996 60.767351046204567 130.30637276172638
leaf_count=5527 954 2117 2540 3567 574 1794 3008 4304 5659 1289 1162 12586 427 7728 7206 16154 1357 2002 146 5450 649 2214 117 137 3561 8124 845 1551 291 702
internal_value=-0.000305455 0.00361684 -0.00808279 -0.00430826 0.000906036 0.000414343 -0.017134 -0.00322068 -0.0129234 0.00439216 0.00333102 -0.00502983 0.0116298 -0.0110452 0.00282254 0.00230628 -0.00814631 -0.00626185 0.0107599 0.00455385 0.00883387 -0.00300626 -0.00897953 -0.0147805 -0.00222029 0.00762182 -0.0150766 0.0195667 0.00281259 0.00745105
internal_weight=15535.7 10327 5208.73 3676.33 7717.05 2160.89 1532.4 3533.19 1144.91 4183.86 3885.84 3021.49 2609.94 1515.45 1870.5 3607.29 1197.83 1090.28 2508.03 1672.52 2058.58 2434 901.43 484.64 416.791 1904.87 290.382 449.453 89.4533 511.704
internal_count=103742 53244 50498 32489 41102 17835 18009 21923 12482 19179 17890 19104 12142 14654 14450 16728 11087 9730 11715 12656 9727 14800 9474 5796 3678 9078 3385 1988 437 2819
is_linear=0
shrinkage=0.05


Tree=44
num_leaves=31
num_cat=0
split_feature=5 18 7 0 30 28 7 5 4 18 4 10 2 4 18 36 36 7 3 30 28 9 15 4 9 7 36 15 30 3
split_gain=150.485 105.808 58.2665 43.5235 39.0361 36.3824 33.5397 29.5108 29.4069 27.6331 25.2005 24.9366 24.2382 22.9876 21.2187 18.4521 17.9857 17.7953 16.6187 14.6287 14.6176 13.4439 12.626 12.1368 10.0926 10.0257 9.67778 9.88697 9.48921 11.5282
threshold=44.850000000000001 13.500000000000002 47.050000000000004 47.650000000000013 435.00000000000006 4.5000000000000009 56.350000000000001 72.65000000000002 86.450000000000017 16.500000000000004 89.950000000000017 77.500000000000014 53.550000000000004 86.65000000000002 15.500000000000002 -1.0000000180025095e-35 0.29166666666666669 38.350000000000001 49.850000000000001 523.00000000000011 5.5000000000000009 48.350000000000001 57.850000000000001 84.950000000000017 60.850000000000001 44.45000000000001 0.90000000000000013 63.45000000000001 421.00000000000006 48.850000000000001
decision_type=2 2 2 2 2 2 2 2 2 2 2 2 2 2 2 8 10 2 2 2 2 2 2 2 2 2 10 2 2 2
left_child=3 6 12 14 28 7 8 -6 17 10 11 15 13 22 23 -5 20 -2 -19 -10 -14 -7 -3 25 -16 -1 27 -8 -4 -30
right_child=1 2 4 9 5 21 26 -9 19 -11 -12 -13 16 -15 24 -17 -18 18 -20 -21 -22 -23 -24 -25 -26 -27 -28 -29 29 -31
leaf_value=-0.026880951518143389 -0.020444929845001861 -0.015227595728185887 -0.018808328479515052 -0.016289121779386122 0.0045149960585380107 -0.029008159603650836 0.016696751676102066 0.023000762444551428 0.017961471542613756 -0.020150521072007464 0.0071663111241446953 0.043780233205960722 0.0088130818281477435 0.0043235070811617725 -0.029987863831554745 -0.004864877598067449 -0.009896157028292614 0.0005474276337943915 0.0089025724293394365 -0.021074086611189272 -0.01277330657367814 -0.0038178098526164407 -0.0025607780232787987 0.00991872629349215 0.026878734112408799 -0.0094767906121579551 -0.0015171437134319553 0.031359151056474813 -0.015835090997567077 0.0028976345387999661
leaf_weight=125.15737531334162 70.820899315178394 1179.8442818447948 214.96333482861519 446.2116674631834 3656.7324547171593 56.32207840681076 667.29582847654819 229.53878183662891 597.59245683997869 320.45398165285587 387.63389265164733 24.103848524391651 451.9665959328413 217.67262806743383 344.77129841223359 1712.4924329407513 317.42186667770147 1129.287402510643 1261.4039966613054 24.807252317667007 94.634979508817196 888.70989110320807 237.32630207017064 54.2635562941432 7.8167644031345835 248.84195489808917 59.76601630449295 140.36222059652209 145.87355221435428 186.93565988913178
leaf_count=1544 508 9560 1499 4737 21135 399 3236 984 2785 2893 2290 113 2537 1156 4516 13777 1860 6574 7166 114 732 5703 1695 352 62 2740 318 647 935 1175
internal_value=-0.000292657 0.00245172 -0.00089673 -0.0091354 0.00203338 0.00346844 0.00912877 0.00560869 0.00668268 -0.00630324 -0.00457425 -0.00666172 -0.00720594 -0.0107858 -0.0196122 -0.00722927 -0.000426126 0.00422443 0.00495814 0.0163944 0.00506496 -0.00532731 -0.0131102 -0.0121089 -0.0287057 -0.01532 0.0178177 0.0192547 -0.0106129 -0.00530037
internal_weight=15501 11829.3 7877.94 3671.75 5379.08 4831.3 3951.34 3886.27 3083.91 2890.9 2570.44 2182.81 2498.87 1634.84 780.851 2158.7 864.023 2461.51 2390.69 622.4 546.602 945.032 1417.17 428.263 352.588 373.999 867.424 807.658 547.773 332.809
internal_count=103742 70718 49370 33024 31830 28221 21348 22119 17147 23810 20917 18627 17540 12411 9214 18514 5129 14248 13740 2899 3269 6102 11255 4636 4578 4284 4201 3883 3609 2110
is_linear=0
shrinkage=0.05


Tree=45
num_leaves=31
num_cat=0
split_feature=32 18 18 34 32 34 1 37 1 18 7 1 7 3 32 9 3 32 7 1 7 5 3 34 7 1 7 10 15 5
split_gain=192.189 79.6173 59.3168 57.1795 52.4883 36.9275 31.8634 25.8439 25.0709 24.4717 23.8171 23.78 24.8786 19.9956 16.4272 15.9691 18.5371 15.5359 17.6121 14.9723 14.6966 13.2565 13.3076 13.2207 12.8993 19.4313 12.7038 12.0403 11.8004 11.7424
threshold=60.550000000000004 10.500000000000002 14.500000000000002 1.5000000000000002 49.050000000000004 1.5000000000000002 47.750000000000007 68.788500000000013 60.350000000000001 9.5000000000000018 46.650000000000013 54.250000000000007 64.450000000000017 46.250000000000007 41.650000000000013 50.150000000000013 49.45000000000001 77.450000000000017 56.050000000000004 51.650000000000013 54.45000000000001 40.45000000000001 37.550000000000004 2.5000000000000004 53.45000000000001 49.350000000000001 45.45000000000001 77.500000000000014 56.250000000000007 60.45000000000001
decision_type=2 2 2 8 2 10 2 2 2 2 2 2 2 2 2 2 2 2 2 2 2 2 2 10 2 2 2 2 2 2
left_child=1 21 9 7 20 11 -6 14 19 27 -8 12 28 29 -3 16 -13 18 -15 -7 -5 -1 -23 -21 25 -9 -16 -2 -4 -11
right_child=2 3 5 4 6 8 10 24 -10 13 -12 15 -14 17 26 -17 -18 -19 -20 23 -22 22 -24 -25 -26 -27 -28 -29 -30 -31
leaf_value=-0.0075650251409111607 0.015603954215937778 -0.017935816659231274 -0.0023208153143831184 -0.027713680271073817 -0.026810152908731667 -0.01487559786688961 -0.015360665208935854 -0.017117897240859707 0.011533808553622243 -0.001903843851469015 -0.0028648964434352013 0.0057061778911110406 0.025362359381152905 0.0057908774156523683 -0.010495652116367767 0.0030082633513481764 0.022797711167238992 0.021413189493163974 0.016807435099290211 -0.0013423709856159244 -0.0094372680066936113 -0.021738510081551463 0.012067486825403977 -0.01224265026143178 0.054998572537370276 0.036946696357473705 -0.00099510451887414733 0.045995394222120983 0.0057404062591832686 0.0098764191790523988
leaf_weight=120.82450853288174 667.40832060575485 215.16130896657705 1605.9501160979271 717.13056949153543 243.40675434470177 400.39348027855158 600.55654170364141 31.360968567430973 220.14159830659628 796.66964539140463 1048.0803272649646 291.02748121321201 100.60601402074099 1768.9258130267262 468.01893923431635 481.89941769838333 351.38330611586571 241.94089844822884 457.4250161498785 1146.1025570444763 131.12024671956897 30.37219138815999 612.723338868469 367.83025390282273 22.83990216255188 34.975470595061779 1423.0091243796051 34.401644885540009 632.75623030215502 287.73914850503206
leaf_count=1252 2971 2602 8592 10501 3062 2874 6024 290 1033 4024 8936 1296 461 8815 4283 2166 1551 1032 2079 6032 1583 218 4290 2268 162 249 10940 145 3227 1245
internal_value=-0.000106581 -0.00741472 0.00412059 -0.00974005 -0.0145575 0.00073746 -0.00991884 -0.00372413 -0.00443435 0.00857082 -0.00742048 0.00392609 0.0010514 0.00688268 -0.00484275 0.00990228 0.0150647 0.00936922 0.00805723 -0.00627376 -0.0248959 0.00760192 0.01046 -0.00399468 0.0226156 0.0113248 -0.00334951 0.0171072 -3.99739e-05 0.00121797
internal_weight=15552.2 5699.58 9852.6 4935.66 2740.29 5598.09 1892.04 2195.37 2134.47 4254.51 1648.64 3463.62 2339.31 3552.7 2106.19 1124.31 642.411 2468.29 2226.35 1914.33 848.251 763.92 643.096 1513.93 89.1763 66.3364 1891.03 701.81 2238.71 1084.41
internal_count=104203 54392 49811 48632 30106 29500 18022 18526 12207 20311 14960 17293 12280 17195 17825 5013 2847 11926 10894 11174 12084 5760 4508 8300 701 539 15223 3116 11819 5269
is_linear=0
shrinkage=0.05


Tree=46
num_leaves=31
num_cat=0
split_feature=33 33 36 34 10 3 29 33 10 32 36 3 3 37 0 32 8 5 8 36 33 34 1 28 28 1 37 3 31 28
split_gain=232.957 75.5953 38.6786 35.6061 26.8289 25.9214 25.3663 23.4939 20.3274 19.6402 19.1641 18.5324 18.3993 17.562 17.4958 12.5977 12.1516 11.5059 11.3331 11.292 10.8953 10.5709 10.6402 10.2604 10.2167 11.8614 9.96942 15.065 9.83043 9.52401
threshold=41.95000000000001 64.450000000000017 -1.0000000180025095e-35 1.5000000000000002 77.500000000000014 53.550000000000004 59.750000000000007 74.750000000000014 55.000000000000007 51.050000000000004 0.90000000000000013 45.250000000000007 47.45000000000001 60.54657142857144 47.95000000000001 68.65000000000002 28.450000000000003 61.850000000000001 23.450000000000003 0.45000000000000007 51.45000000000001 1.0000000180025095e-35 59.850000000000001 6.5000000000000009 4.5000000000000009 53.850000000000001 68.484285714285733 61.550000000000004 1.0000000180025095e-35 5.5000000000000009
decision_type=2 2 8 10 2 2 2 2 2 2 10 2 2 2 2 2 2 2 2 10 2 8 2 2 2 2 2 2 10 2
left_child=3 2 12 8 5 10 -7 11 13 -5 -4 21 29 16 15 -9 -1 -18 -16 -20 -6 -3 -23 -11 25 -13 -14 -28 -10 -2
right_child=1 7 4 9 20 6 -8 14 28 23 -12 24 26 -15 18 -17 17 -19 19 -21 -22 22 -24 -25 -26 -27 27 -29 -30 -31
leaf_value=0.00023759717792352418 -0.013206431799530691 0.011294735611951861 -0.00044685451641329982 -0.026390803914843448 0.05181831661844364 0.0038239890911425331 0.032006852579236467 -0.025054896705671792 0.043884378545974628 -0.011888800166104958 -0.010920010793036146 0.0051174155563193952 0.002401753278897566 0.0093151437777713592 -0.010379967162765414 0.0069616872655170157 -0.014826483690189624 0.015791284622585344 0.020492278385626769 0.00014094464111565628 0.015952288786400769 -0.0046377400374033959 0.014319829045961789 -0.040548928721944322 -0.00043690100692716957 0.012362910268950519 -0.012139020659830028 0.021933659453364646 -0.0061077946398505742 -0.032071094018349171
leaf_weight=185.37136319279671 348.9920865483582 164.1252815425396 4090.2311767078936 636.24074146151543 26.137288197875023 2430.1939912699163 82.520226761698723 36.526794299483299 26.923305794596672 536.34970242530107 489.09053612500429 1038.2340111732483 340.59930070489645 112.2449322976172 34.85402175784111 189.89574314653873 887.77751770615578 31.546729944646358 742.61493584513664 75.593384802341461 115.6795666217804 706.47645385563374 82.486953407526016 33.270305678248405 320.94634622335434 1247.7508306205273 372.99674493446946 35.34453196823597 15.170330211520193 83.517462402582169
leaf_count=2152 2627 706 25079 10847 128 14551 415 150 187 6694 3200 4516 2297 1195 145 780 10034 276 3074 312 511 3073 344 392 1388 5262 2865 255 102 646
internal_value=-0.000103255 0.00255828 -0.00026626 -0.0142011 0.00110308 0.000671601 0.00475277 0.0076825 -0.00831218 -0.0203443 -0.00156674 0.00572059 -0.00865413 -0.00949745 0.0141469 0.00176587 -0.0114141 -0.0137688 0.0174267 0.0186184 0.0226296 -0.000240672 -0.00264781 -0.0135784 0.00790186 0.00907475 -0.00390276 -0.00917292 0.0257772 -0.0168673
internal_weight=15519.7 13054.8 8415.3 2464.89 7233.85 7092.04 2512.71 4639.5 1259.03 1205.86 4579.32 3560.02 1181.45 1216.94 1079.48 226.423 1104.7 919.324 853.062 818.208 141.817 953.089 788.963 569.62 2606.93 2285.98 748.941 408.341 42.0936 432.51
internal_count=104203 72324 52574 31879 43884 43245 14966 19750 13946 17933 28279 15289 8690 13657 4461 930 12462 10310 3531 3386 639 4123 3417 7086 11166 9778 5417 3120 289 3273
is_linear=0
shrinkage=0.05


Tree=47
num_leaves=31
num_cat=0
split_feature=33 18 33 34 36 18 3 10 18 3 33 3 9 0 33 6 33 34 10 33 33 1 4 1 12 19 9 3 35 1
split_gain=212.56 84.8012 70.5374 33.377 31.0972 36.2577 21.0381 18.2524 17.2477 17.2082 16.3623 15.7038 15.411 14.4938 15.2947 14.432 13.7458 13.5668 13.2472 12.8754 12.7324 10.9729 10.735 10.3542 17.9601 9.92353 9.85252 9.53607 9.10836 9.05986
threshold=41.95000000000001 10.500000000000002 64.450000000000017 1.5000000000000002 -1.0000000180025095e-35 17.500000000000004 43.750000000000007 55.000000000000007 10.500000000000002 53.45000000000001 74.050000000000011 47.45000000000001 51.350000000000001 45.650000000000013 76.550000000000011 82.350000000000009 28.450000000000003 1.0000000180025095e-35 77.500000000000014 79.850000000000009 49.95000000000001 48.45000000000001 72.250000000000014 59.150000000000013 67.65000000000002 1.0000000180025095e-35 48.350000000000001 53.750000000000007 1.0000000180025095e-35 44.150000000000013
decision_type=2 2 2 10 8 2 2 2 2 2 2 2 2 2 2 2 2 8 2 2 2 2 2 2 2 2 2 2 10 2
left_child=3 10 4 7 11 9 19 12 -5 -6 18 -3 15 25 -15 17 -10 -1 23 -4 -7 26 -13 -2 -25 -8 -18 -9 -14 -17
right_child=1 2 6 8 5 20 13 27 16 -11 -12 22 28 14 -16 29 21 -19 -20 -21 -22 -23 -24 24 -26 -27 -28 -29 -30 -31
leaf_value=-0.0012805546714446847 0.0096307830788966084 -0.018152431816605096 -0.0022230239119419896 -0.0042488574834643597 -0.0015450299569446967 -0.02570240242413975 -0.0088654934607074031 0.0052760400758522751 -0.030897329241245653 0.0042213366803921263 0.032836673426860107 -0.010718437117506814 0.024363826565631588 0.007385910818936723 0.017073019901410993 -0.019568075503485688 0.025944889729229998 -0.01517113102771598 0.035322806833737279 0.019922187306834746 -0.0083855680477407379 -0.014267557324497216 0.0020799059882322438 0.0035381629408826505 0.042373138028594125 0.015530466707287619 -0.030134244756691748 0.054052148574573015 -0.003166700620746735 0.032684690360935298
leaf_weight=225.11563697829843 1352.945265814662 379.22639140859246 857.79348757863045 157.96172606572509 3586.1478376016021 138.35078923776746 194.009690746665 26.467827089130878 308.29883561655879 2023.5258737020195 98.83258093893528 395.18534883111715 48.631925292313099 2492.0015201717615 488.50270916521549 11.321098845452068 7.9822504557669154 815.6541747674346 57.790885537862778 70.961227566003799 463.50362204015255 511.27200340852141 278.8281018063426 54.471875920891762 66.418587751686573 52.888372540473938 199.80815881863236 16.313654631376266 77.627877000719309 29.499761924147606
leaf_count=2465 6545 2978 3702 1905 22540 1229 841 177 6065 12240 431 2965 461 10648 2023 135 112 9541 245 295 2846 6810 2030 242 294 230 3041 112 753 302
internal_value=-9.97205e-05 0.00243061 0.000907279 -0.0136584 -0.00206431 -0.000716326 0.00610261 -0.0079528 -0.0196729 0.000534165 0.0130974 -0.0100085 -0.00909324 0.00801097 0.00897582 -0.0110247 -0.0220389 -0.0121719 0.0118183 -0.00052368 -0.0123782 -0.0182301 -0.00541704 0.010891 0.0249333 -0.00361519 -0.0279445 0.0240749 0.00740865 0.0180585
internal_weight=15487.3 13051.4 11420.9 2435.95 7264.77 6211.53 4156.16 1250.63 1185.32 5609.67 1630.46 1053.24 1207.85 3227.4 2980.5 1081.59 1027.36 1040.77 1531.63 928.755 601.854 719.062 674.013 1473.84 120.89 246.898 207.79 42.7815 126.26 40.8209
internal_count=104203 72324 64567 31879 46828 38855 17739 13946 17933 34780 7757 7973 13657 13742 12671 12443 16028 12006 7326 3997 4075 9963 4995 7081 536 1071 3153 289 1214 437
is_linear=0
shrinkage=0.05


Tree=48
num_leaves=31
num_cat=0
split_feature=33 18 33 7 34 5 7 2 32 7 33 34 1 33 28 1 9 0 18 35 10 18 27 35 17 7 18 33 28 35
split_gain=193.93 76.3594 63.6703 39.1403 31.2524 19.5159 19.4947 19.4071 18.6937 18.6161 18.099 18.0048 15.4102 15.1072 13.6934 13.7707 13.4758 13.3676 12.4657 17.3182 11.9942 11.933 11.8559 11.8258 11.5489 11.5167 10.081 10.0674 9.97769 9.79966
threshold=41.95000000000001 10.500000000000002 64.450000000000017 46.750000000000007 1.5000000000000002 56.45000000000001 58.650000000000013 56.050000000000004 51.050000000000004 66.950000000000017 76.550000000000011 1.5000000000000002 48.650000000000013 74.050000000000011 5.5000000000000009 51.45000000000001 58.750000000000007 47.850000000000001 14.500000000000002 19.900000000000006 77.500000000000014 10.500000000000002 7.5000000000000009 55.400000000000013 1850.0000000000002 66.950000000000017 9.5000000000000018 41.250000000000007 6.5000000000000009 19.900000000000006
decision_type=2 2 2 2 10 2 2 2 2 2 2 8 2 2 2 2 2 2 2 10 2 2 2 8 2 2 2 2 2 10
left_child=4 13 3 7 6 9 16 11 21 -5 14 -3 -7 20 15 -4 18 -12 -1 -20 25 -6 -8 -18 -9 26 -2 -23 -10 -19
right_child=1 2 10 5 8 12 22 24 28 -11 17 -13 -14 -15 -16 -17 23 29 19 -21 -22 27 -24 -25 -26 -27 -28 -29 -30 -31
leaf_value=-0.0047644857295807974 0.013201718582492568 -0.0036753063853321392 -0.00045326745920406289 -0.0020177441599606265 -0.0073215882556308997 -0.0065918181133214617 0.0056526170606508693 -0.0016054665092946334 -0.010688947826625668 0.02209761081010321 1.7198461704808138e-05 -0.013711440060156163 0.0077131789293121179 0.031478649851467817 -0.014433984304760644 0.0067713412069140659 -0.0016155729233383851 0.018319598108271488 -0.020908527852026876 -0.0018803817000032285 0.033572099395019518 -0.029011377883763702 0.052142578679830867 0.044178426178458539 0.019882485294072928 0.044673026472561328 0.0047101966746761091 0.012684762757647834 -0.039560940822947255 -0.013543268717631715
leaf_weight=468.55750338360667 861.41831235587597 758.01255463808775 898.02776898443699 3460.2123919427395 82.75541827827692 222.79593373835087 91.355531610548496 360.37388907372952 523.62755769118667 81.796651989221573 151.78316913545132 1094.6845393776894 1201.2811294570565 97.968193873763084 94.486360400915146 2470.737440764904 45.749965358525515 517.41699296236038 434.80414496734738 165.77717724815011 57.769951328635216 512.72457363083959 16.12450623139739 20.149488221853971 75.488515444099903 23.98802675306797 592.23799525946379 14.674737289547918 31.824489813297987 25.059884667396545
leaf_count=4733 4071 5032 3941 22522 1206 1281 842 2281 6694 463 623 8570 6223 431 413 10511 435 2149 5548 2047 245 9457 143 198 456 104 2906 184 392 102
internal_value=-9.64372e-05 0.00230976 0.000862035 -0.00196469 -0.0131332 0.000527542 -0.00760858 -0.00737471 -0.0190168 -0.00145882 0.00579566 -0.00960837 0.00547135 0.012421 0.0043162 0.004844 -0.0095385 0.0131669 -0.0108938 -0.0156657 0.0111998 -0.0250665 0.0127157 0.0123564 0.00210834 0.0103195 0.00974617 -0.0278395 -0.012359 0.0168362
internal_weight=15453.7 13045.5 11412.2 7254.65 2408.13 4966.09 1242.52 2288.56 1165.61 3542.01 4157.51 1852.7 1424.08 1633.38 3463.25 3368.77 1135.04 694.26 1069.14 600.581 1535.41 610.155 107.48 65.8995 435.862 1477.64 1453.66 527.399 555.452 542.477
internal_count=104203 72324 64567 46828 31879 30489 13946 16339 17933 22985 17739 13602 7504 7757 14865 14452 12961 2874 12328 7595 7326 10847 985 633 2737 7081 6977 9641 7086 2251
is_linear=0
shrinkage=0.05


Tree=49
num_leaves=31
num_cat=0
split_feature=33 18 33 7 5 18 7 3 3 34 5 7 3 5 34 8 7 1 18 33 3 35 1 2 1 2 27 31 7 29
split_gain=176.876 68.7677 57.4749 35.5361 30.9895 33.3284 21.8702 19.1195 19.0841 18.1377 17.5911 16.3789 16.1322 15.4105 18.6132 14.9979 14.7404 14.1546 14.1292 13.9456 13.5739 12.9654 10.8958 10.9853 10.6498 10.4093 10.328 10.0116 9.85896 9.73911
threshold=41.95000000000001 10.500000000000002 64.450000000000017 46.750000000000007 40.45000000000001 11.500000000000002 45.250000000000007 48.550000000000004 43.150000000000013 2.5000000000000004 65.950000000000017 62.350000000000001 58.550000000000004 56.350000000000001 1.0000000180025095e-35 50.350000000000001 59.050000000000004 49.650000000000013 17.500000000000004 74.050000000000011 57.650000000000013 4.6000000000000014 59.150000000000013 54.95000000000001 58.95000000000001 61.150000000000013 5.5000000000000009 -6.4999999999999991 40.850000000000001 53.500000000000007
decision_type=2 2 2 2 2 2 2 2 2 8 2 2 2 2 8 2 2 2 2 2 2 8 2 2 2 2 2 8 2 2
left_child=4 19 3 9 25 15 -7 18 27 12 -9 17 -3 14 -8 16 26 -10 -5 22 -15 -17 28 -24 -11 -1 -6 -4 -2 -30
right_child=1 2 8 7 5 6 13 10 11 24 -12 -13 -14 20 -16 21 -18 -19 -20 -21 -22 -23 23 -25 -26 -27 -28 -29 29 -31
leaf_value=-0.023657107680013566 -0.0076812482031695236 -0.0063393626068038974 -0.019434505097805657 -0.0017817446064052518 -0.002168803766347874 -0.022355045425799858 0.0077871614213955 0.0019872224203986801 -0.002901373280826511 -0.017256217875944172 0.016333901944652805 0.020836866252201606 0.0081486996344883426 -0.0010125611451551832 -0.014031470828424784 0.038919060039170394 0.052063316669547471 0.007531459272621794 -0.01566729208809647 0.030179503098258384 0.038172157696593302 -0.014740584318803474 0.010188578270369248 0.039244305199236107 0.0044215528093832961 0.037786281426846882 0.020823380713394304 0.00039866547431719818 0.027255444522393913 0.0092571805330475977
leaf_weight=554.91086692363024 79.994720481336117 1492.6693230830133 69.243474587798119 1891.7932724356651 107.52716964483261 420.24606961756945 111.09626391157508 2638.687577560544 367.95776161551476 501.50775541737676 232.57452700287104 206.85603751242161 220.15299826860428 127.30887146294117 793.86033795401454 12.392515413463114 21.226800482720137 2746.8050992339849 202.95012390613556 97.102904170751572 26.587493967264891 110.81425325199962 67.400475278496742 64.04257969558239 63.429956264793873 6.8318135254085055 88.846639607101679 767.55905415117741 80.280614569783211 1247.2757503837347
leaf_count=8594 440 10302 302 11782 1101 6410 1184 16203 1610 4173 1100 860 1445 1281 10622 130 172 11668 1404 431 266 1118 301 279 419 78 923 3299 408 5898
internal_value=-9.32692e-05 0.00219514 0.000819123 -0.00187002 -0.0126228 -0.0094485 -0.0126972 0.00050084 0.00550461 -0.00704099 0.00315158 0.0072049 -0.00447389 -0.00885763 -0.0113468 0.00463571 0.012536 0.00629733 -0.00313012 0.0117811 0.00574501 -0.0092756 0.0106152 0.0244024 -0.0148131 -0.0228944 0.00821355 -0.00123864 0.00932246 0.0103513
internal_weight=15419.9 13038.3 11402.2 7243.77 2381.65 1819.91 1479.1 4966.01 4158.42 2277.76 2871.26 3321.62 1712.82 1058.85 904.957 340.807 217.601 3114.76 2094.74 1636.1 153.896 123.207 1538.99 131.443 564.938 561.743 196.374 836.803 1407.55 1327.56
internal_count=104203 72324 64567 46828 31879 23207 19763 30489 17739 16339 17303 14138 11747 13353 11806 3444 2196 13278 13186 7757 1547 1248 7326 580 4592 8672 2024 3601 6746 6306
is_linear=0
shrinkage=0.05


Tree=50
num_leaves=31
num_cat=0
split_feature=33 9 7 32 9 7 5 37 34 9 17 37 1 10 34 31 35 7 7 28 9 35 14 5 31 32 33 32 32 13
split_gain=160.13 51.4937 44.7706 42.1979 31.2375 29.6718 28.5017 27.8148 24.3769 22.0645 20.3798 16.61 15.7966 14.1517 13.4443 13.08 12.8533 12.0869 11.7671 11.196 12.4657 10.2748 8.69466 8.68462 7.63324 6.94239 12.1477 6.54479 5.98267 7.06424
threshold=41.050000000000004 46.050000000000004 68.550000000000011 67.450000000000017 60.050000000000004 42.650000000000013 57.050000000000004 81.039000000000016 1.5000000000000002 55.050000000000004 2050.0000000000005 60.82564285714286 52.350000000000001 65.000000000000014 1.0000000180025095e-35 -5.4999999999999991 8.7500000000000036 53.95000000000001 51.250000000000007 2.5000000000000004 51.050000000000004 36.250000000000014 73.850000000000009 68.250000000000014 11.500000000000002 57.050000000000004 35.650000000000013 45.250000000000007 56.850000000000001 55.45000000000001
decision_type=2 2 2 2 2 2 2 2 10 2 2 2 2 2 8 8 10 2 2 2 2 10 2 2 10 2 2 2 2 2
left_child=4 22 3 5 6 14 8 -7 11 10 -5 13 17 -1 -3 -4 25 -10 -13 -17 -21 23 28 24 -8 26 -6 -14 29 -2
right_child=1 2 15 9 16 7 21 -9 12 -11 -12 18 27 -15 -16 19 -18 -19 -20 20 -22 -23 -24 -25 -26 -27 -28 -29 -30 -31
leaf_value=-0.012642437452877135 -0.017911352325587791 0.0082857682110445748 -0.0080526853986361141 0.0050598709701377993 0.096817848095647072 0.0014731434049156859 -0.0056172423401758993 -0.018237814098892757 -0.028536390598851009 -0.011795824277093601 0.015376944485859682 -0.00082559376023887902 -0.024786472901431593 0.030554186537875963 -0.010741872251374865 0.051299844424295506 0.0018193242688889753 -0.010741906370445538 0.042999434151423627 0.029867392892621431 -0.0094132281444372894 0.048553228485301816 0.015485119554923361 0.034527906693170025 0.032518410910713384 0.0088886287586610064 0.019875863126108975 -0.0069721828800953555 -0.027997686114252237 0.023369675186787221
leaf_weight=882.26391567662358 56.082070078700781 104.11424010246992 25.248394772410393 4631.8742931187153 10.706482827663427 6239.912059135735 139.42323481291533 184.13870499655604 548.22122076526284 177.31964386254549 534.48444125801325 45.343359518796206 68.344316612929106 19.218940913677216 832.14289794117212 46.918227717280388 47.532503187656403 116.91711532697082 22.862841974943876 112.02259711921215 24.365893140435219 12.557266373187302 15.585325740277765 18.075420089066029 14.367165125906466 10.312237489968537 10.262340825051067 215.53350272029638 165.15678368508816 12.526025824248789
leaf_count=10741 469 660 119 20584 126 38879 1470 1462 10004 939 2345 516 1223 127 6263 214 485 1784 228 527 120 116 115 159 144 91 99 2808 1093 102
internal_value=1.32322e-05 0.00209329 0.0025283 0.00215054 -0.0125313 -0.000304199 -0.013691 0.000907096 -0.0154962 0.00553254 0.00612847 -0.00990946 -0.0211976 -0.0117127 -0.00861995 0.0255034 0.0183293 -0.0254181 0.0138329 0.0301545 0.0228115 0.00506074 -0.0204055 0.00182753 -0.00200329 0.0431716 0.0596721 -0.0112858 -0.0228253 -0.0102787
internal_weight=15343.8 13161.9 12912.5 12704 2181.94 7360.31 2103.13 6424.05 1918.71 5343.68 5166.36 969.689 949.016 901.483 936.257 208.555 78.8136 665.138 68.2062 183.307 136.388 184.423 249.35 171.866 153.79 31.2811 20.9688 283.878 233.765 68.6081
internal_count=104012 73891 72112 71132 30121 47264 29320 40341 27431 23868 22929 11612 15819 10868 6923 980 801 11788 744 861 647 1889 1779 1773 1614 316 225 4031 1664 571
is_linear=0
shrinkage=0.05


Tree=51
num_leaves=31
num_cat=0
split_feature=33 2 28 2 7 10 2 7 5 34 34 7 29 13 3 28 36 15 2 7 4 3 27 3 30 32 2 33 19 30
split_gain=147.149 44.8271 40.6635 38.8718 36.2851 28.1733 27.274 26.5401 23.4257 22.6503 22.1053 20.5298 20.2723 25.7775 19.8709 19.9039 17.7389 16.7848 15.6977 13.7379 13.5888 13.1987 12.1818 12.1609 12.1212 11.7117 10.0838 9.98667 12.4651 9.09541
threshold=45.550000000000004 49.95000000000001 4.5000000000000009 58.750000000000007 49.350000000000001 55.000000000000007 53.150000000000013 69.050000000000011 41.050000000000004 1.0000000180025095e-35 1.0000000180025095e-35 46.250000000000007 59.750000000000007 49.350000000000001 55.850000000000001 2.5000000000000004 0.29166666666666669 64.850000000000009 55.95000000000001 48.350000000000001 84.950000000000017 57.45000000000001 7.5000000000000009 45.250000000000007 535.00000000000011 59.850000000000001 55.650000000000013 58.250000000000007 1.0000000180025095e-35 445.00000000000006
decision_type=2 2 2 2 2 2 2 2 2 8 8 2 2 2 2 2 8 2 2 2 2 2 2 2 2 2 2 2 2 2
left_child=1 8 3 4 6 7 9 10 -1 -2 17 -12 18 25 15 -6 -8 -3 23 29 21 -21 -16 -4 -5 -14 -15 -20 -29 -10
right_child=2 5 12 24 14 -7 16 -9 19 -11 11 -13 13 26 22 -17 -18 -19 27 20 -22 -23 -24 -25 -26 -27 -28 28 -30 -31
leaf_value=-0.030594541946172057 0.0081473828700108393 0.0027125376341157583 -0.021004346976202536 0.011846381801015961 0.010531418402251995 0.025856086639325884 0.01244855821334024 0.058566439605176261 -0.032329063716052923 -0.0051665382322746527 -0.016589101438174821 -0.0049497791641206351 -0.028809069374466912 0.013325219888363785 0.010072353503021984 0.0019489052550496174 -7.8310385474507793e-06 0.047804003718575995 -0.0068657742031529847 -0.01316375501290578 0.034553591660473129 0.011050953611434832 0.02942655922872521 -0.0070734255143009355 0.043466654236536506 0.00421923987982751 0.042114682573277884 0.010162590177226524 -0.0038478162005297074 -0.015573460249365562
leaf_weight=267.53877373039722 367.19538053125143 241.92256801202893 212.1997114866972 1068.7697056978941 883.96785822510719 70.332856297492981 528.67188899964094 15.51975793763995 110.67552892491221 2441.2688992507756 578.29053436592221 1104.1267043314874 51.473805218935013 170.22406379878521 988.11547426134348 2873.9431604668498 620.29812499880791 22.503088403493166 506.74276436120272 337.96225984022021 18.479519914835691 67.20922314748168 88.90364732593298 606.55860937386751 31.244681924581528 55.45791395008564 37.321558438241482 291.297357827425 348.06848601996899 313.28257611766458
leaf_count=4636 1871 2377 1369 4887 4294 478 2638 130 1777 14666 7746 12033 380 900 4840 14700 3214 204 3306 4204 192 829 439 3731 139 279 170 1344 1578 4661
internal_value=1.1055e-05 -0.00962441 0.00250344 0.00389092 0.00278149 -0.00520108 -0.000767736 -0.00631801 -0.0176816 -0.00342379 -0.0068408 -0.00895424 -0.00351592 0.00826258 0.00568755 0.00396931 0.00571992 0.00658542 -0.00540395 -0.0135967 -0.00720789 -0.00913298 0.0116772 -0.0106922 0.0127529 -0.011645 0.0185441 -0.00162117 0.00252815 -0.0199659
internal_weight=15319.6 3147.84 12171.7 9892.38 8792.36 2032.7 3957.43 1962.36 1115.15 2808.46 1946.84 1682.42 2279.34 314.477 4834.93 3757.91 1148.97 264.426 1964.87 847.609 423.651 405.171 1077.02 818.758 1100.01 106.932 207.546 1146.11 639.366 423.958
internal_count=104012 39267 64745 51688 46662 22968 22389 22490 16299 16537 22360 19779 13057 1729 24273 18994 5852 2581 11328 11663 5225 5033 5279 5100 5026 659 1070 6228 2922 6438
is_linear=0
shrinkage=0.05


Tree=52
num_leaves=31
num_cat=0
split_feature=33 33 5 7 37 3 0 9 30 9 9 0 5 0 28 8 17 7 32 32 17 32 5 3 33 3 9 33 9 0
split_gain=135.933 47.1492 34.5734 30.4672 27.7729 28.2837 25.3703 24.6541 22.4033 19.5692 19.3877 19.3435 20.2395 18.2081 17.7381 15.6242 12.2733 12.2625 11.8494 13.1853 11.2591 11.2507 10.9461 10.4664 10.2366 9.06755 9.98158 8.81398 10.1431 10.5199
threshold=39.650000000000013 59.850000000000001 57.050000000000004 73.250000000000014 78.008571428571443 58.550000000000004 49.850000000000001 60.250000000000007 431.00000000000006 55.050000000000004 42.45000000000001 48.95000000000001 44.650000000000013 49.150000000000013 4.5000000000000009 16.450000000000003 1950.0000000000002 55.850000000000001 55.45000000000001 51.650000000000013 1750.0000000000002 54.850000000000001 68.250000000000014 39.95000000000001 56.250000000000007 48.150000000000013 75.15000000000002 53.650000000000013 51.050000000000004 39.45000000000001
decision_type=2 2 2 2 2 2 2 2 2 2 2 2 2 2 2 2 2 2 2 2 2 2 2 2 2 2 2 2 2 2
left_child=2 4 7 9 5 6 8 11 -2 10 -3 12 -1 -12 -8 -4 -7 -14 19 20 -9 -13 23 -17 -18 -11 -27 28 29 -6
right_child=1 3 15 -5 27 16 14 18 -10 25 13 21 17 -15 -16 22 24 -19 -20 -21 -22 -23 -24 -25 -26 26 -28 -29 -30 -31
leaf_value=-0.030844221669609796 -0.029815375771183979 -0.034120928960612584 0.063994229092890195 0.043296076835712752 0.019795313189458309 0.0053752820846838696 0.0027206244319564533 -0.010905718976825617 -0.0052897339422940844 -0.024880760849003352 -0.00026994182599975589 -0.014660324580626785 -0.017485295363590541 0.0064932214703394206 -0.0048867654540241086 -0.039451139174402669 0.025560500749041943 0.009302656655175363 -0.013603027128376077 0.085644087940161137 0.053478823362556084 -0.0027511015043649957 0.042321429348120304 0.0048490541408648669 -0.0076456333561499834 0.005707914286267872 -0.028178392734599308 -0.0028138054425121163 0.001758499620218675 -0.02122291799676539
leaf_weight=341.36066703125834 99.727484852075577 31.427450940012932 11.917249463498591 50.91945992410183 16.235522951930761 595.60619421303272 2895.1289627104998 15.601394806057217 1411.9376081824303 74.389405392110348 1236.3338866457343 677.82939086854458 309.71702652797103 5072.4257677197456 1041.7277373485267 14.826232317835091 149.14994308724999 49.231006737798452 19.310125753283501 9.3452220521867257 11.760168280452488 281.96356820315123 17.165855012834072 124.76280059292912 27.176588080823421 88.844920620322227 28.620046198368073 203.17398712784052 69.099292688071728 318.64076446741819
leaf_count=6540 842 166 131 214 178 3977 18984 174 10235 390 5552 9891 4934 22219 7124 157 920 626 178 91 133 3123 150 1329 137 464 141 1302 597 3113
internal_value=8.99684e-06 0.00177645 -0.0125635 0.00479587 -0.00113407 -0.000136899 -0.00140678 -0.0146876 -0.00691291 0.00449433 0.00497099 -0.0157903 -0.0221163 0.00516706 0.000706298 0.00901428 0.00881886 -0.0137957 0.017872 0.0345578 0.0166791 -0.0111675 0.00476444 8.31104e-05 0.0204128 -0.0112264 -0.00252282 -0.0113405 -0.0156148 -0.019214
internal_weight=15295.4 13410.6 1884.79 6582.96 6827.6 6220.45 5448.52 1716.12 1511.67 6532.04 6340.19 1660.1 700.309 6308.76 3936.86 168.672 771.933 358.948 56.0169 36.7068 27.3616 959.793 156.755 139.589 176.327 191.854 117.465 607.15 403.976 334.876
internal_count=104012 76555 27457 29146 47409 42219 37185 25690 11077 28932 27937 25114 12100 27771 26108 1767 5034 5560 576 398 307 13014 1636 1486 1057 995 605 5190 3888 3291
is_linear=0
shrinkage=0.05


Tree=53
num_leaves=31
num_cat=0
split_feature=33 18 32 33 18 7 34 30 0 18 10 28 35 10 7 2 35 13 7 13 32 4 15 0 8 1 1 7 4 13
split_gain=123.99 62.6399 40.4314 36.0094 35.6215 25.3859 23.9234 20.2585 19.5076 18.7049 19.3637 18.6008 16.7757 16.1984 15.7643 15.5916 14.9783 14.0687 13.1221 12.5736 11.8331 11.4934 11.0993 11.019 10.7704 11.4312 10.6345 10.0951 9.82794 9.73082
threshold=39.650000000000013 15.500000000000002 77.250000000000014 58.050000000000004 9.5000000000000018 46.150000000000013 1.0000000180025095e-35 457.00000000000006 49.95000000000001 10.500000000000002 55.000000000000007 4.5000000000000009 35.750000000000014 65.000000000000014 50.150000000000013 54.45000000000001 22.900000000000006 49.650000000000013 58.250000000000007 53.150000000000013 45.550000000000004 90.250000000000014 57.350000000000001 46.95000000000001 51.250000000000007 55.750000000000007 56.850000000000001 72.15000000000002 71.65000000000002 56.350000000000001
decision_type=2 2 2 2 2 2 8 2 2 2 2 2 10 2 2 2 10 2 2 2 2 2 2 2 2 2 2 2 2 2
left_child=5 2 4 13 18 16 7 19 17 24 12 -10 20 21 28 -14 23 -6 -2 -5 -11 22 -3 -1 25 -7 -9 -16 -8 -23
right_child=1 3 -4 6 8 9 14 26 11 10 -12 -13 15 -15 27 -17 -18 -19 -20 -21 -22 29 -24 -25 -26 -27 -28 -29 -30 -31
leaf_value=-0.031691842820972205 0.010031497380694159 -0.010423734043886591 0.017738697969577638 -0.022777354731260784 -0.010922852651473004 0.012025738525750132 -0.0093176907933756725 0.012280164479299104 0.0058191697352423365 -0.020962304993631314 0.034124953636445313 -0.0019166101051361164 -0.0090587140228143553 0.012816938159035575 0.0022433440411677732 0.040762783431302199 -0.0018663648844706683 0.00011446799831396006 0.025846334887879376 0.0056807214667987035 -0.0090047275887345131 0.012531409239510788 -0.0015446953995901869 -0.017373523752643474 -0.009302205875649042 0.066571726738167178 0.035483282137727258 0.036124227031052461 -0.00078836900736723521 -0.013587906991053262
leaf_weight=223.4077618457377 797.88964069634676 1737.2072003446519 552.37139345705509 63.360409513115883 371.9606692828238 92.897624220699072 627.84251219034195 422.24050550162792 3330.0172138661146 307.30322013422847 23.954500962048769 1012.3976773507893 34.02627868950367 100.64207364618778 1423.2843563705683 28.825447585433722 98.868313271552324 1284.9290552213788 157.68038535863161 99.424317359924316 642.30387895926833 120.78688770905137 443.16300763189793 345.63218683749437 56.577356446534395 10.698893304914234 56.231784373521805 22.256342515349388 733.86183332651854 50.342621460556984
leaf_count=4393 3895 14531 2360 291 2441 989 3119 1880 17787 5172 178 6067 470 540 6456 329 1449 7652 700 447 8433 837 3443 5322 619 103 241 95 3430 343
internal_value=6.87143e-06 0.00168723 0.00471728 -0.00216701 0.00368214 -0.0120736 0.00112547 0.00983876 0.0022529 -0.00770687 -0.0101665 0.00401448 -0.0112227 -0.00679919 -0.0008634 0.0137398 -0.019887 -0.00236083 0.0126488 -0.00537245 -0.0128814 -0.00764138 -0.0086215 -0.0230083 0.00817377 0.0177659 0.0150244 0.00277091 -0.00472506 0.00481502
internal_weight=15272.4 13407.9 7507.25 5900.64 6954.87 1864.5 3448.5 641.257 5999.3 1196.59 1036.41 4342.41 1012.46 2452.14 2807.25 62.8517 667.908 1656.89 955.57 162.785 949.607 2351.5 2180.37 569.04 160.174 103.597 478.472 1445.54 1361.7 171.13
internal_count=104012 76555 40902 35653 38542 27457 15959 2859 33947 16293 14582 23854 14404 19694 13100 799 11164 10093 4595 738 13605 19154 17974 9715 1711 1092 2121 6551 6549 1180
is_linear=0
shrinkage=0.05


Tree=54
num_leaves=31
num_cat=0
split_feature=33 18 33 5 7 9 9 18 5 18 0 34 10 0 4 31 8 33 0 7 8 32 33 32 9 13 9 5 4 7
split_gain=113.059 57.3501 41.895 31.5886 23.9898 23.2187 22.2485 22.3363 21.4595 20.7091 17.6023 17.2502 17.1652 16.2957 15.2791 13.5084 13.4483 13.2902 12.5744 11.6752 11.3876 10.4556 11.4891 12.6086 10.1587 10.0634 9.89621 9.54916 7.93927 7.78712
threshold=39.650000000000013 10.500000000000002 53.850000000000001 57.050000000000004 73.250000000000014 46.050000000000004 60.250000000000007 10.500000000000002 59.45000000000001 15.500000000000002 46.750000000000007 2.5000000000000004 65.000000000000014 48.95000000000001 84.950000000000017 7.5000000000000009 16.450000000000003 70.450000000000017 49.850000000000001 43.050000000000004 65.950000000000017 55.45000000000001 33.250000000000007 49.050000000000004 50.95000000000001 48.45000000000001 50.050000000000004 68.250000000000014 48.050000000000004 56.250000000000007
decision_type=2 2 2 2 2 2 2 2 2 2 2 10 2 2 2 8 2 2 2 2 2 2 2 2 2 2 2 2 2 2
left_child=3 17 8 6 5 -4 7 -1 11 -7 29 18 13 -9 -13 -12 -5 19 -3 28 24 22 -8 -24 -21 -22 -6 -18 -2 -10
right_child=1 2 4 16 26 9 21 12 10 -11 15 14 -14 -15 -16 -17 27 -19 -20 20 25 -23 23 -25 -26 -27 -28 -29 -30 -31
leaf_value=4.0154713548500921e-05 0.025145226368958436 -0.0093188526637983677 -0.021763563309683695 0.058963042431021719 0.052291300254291996 0.005163292258835407 0.00015842140710616492 -0.023920500453594576 -0.021046067614092435 1.0308280262623834e-05 0.0047962720283964803 -0.018136036176035857 0.036249667926212502 -0.012936536805502444 0.0076620659993613411 0.025847109470371544 0.00052960242797175699 0.021996407262844183 -0.0018650166964119638 0.010821339874319678 -0.0015686463319467651 -0.012845442340454906 0.017056589751224059 0.094515706862160195 -0.00026264151804672946 0.02245239508584515 0.010361091807585368 0.039594342281664807 -0.0070480697341392274 0.0173120550074542
leaf_weight=219.92815439403057 21.566663354635239 792.35899734869599 99.951872780919075 12.397433441132305 33.136904075741768 3734.4033175781369 16.080719359219074 594.17003333941102 73.587305136024952 4083.9193356484175 288.79753715544939 397.15337613597512 14.779317557811735 791.23265158757567 66.732411723583937 103.89306915551424 138.53710270673037 209.37640909850597 1987.304558545351 698.20331002026796 51.792856924235821 19.032003819942474 10.679309144616129 10.719212859869002 292.40702302008867 262.86706998199224 25.102790415287018 17.576645914465189 162.61099269241095 15.90434919297695
leaf_count=2642 135 6722 598 131 143 17475 197 10979 530 20099 1768 4038 109 11384 575 629 1486 911 15549 3364 257 178 105 96 1431 1230 109 150 897 95
internal_value=5.22362e-06 0.00160324 0.000356509 -0.0115978 0.00240153 0.00216546 -0.013673 -0.0147506 -0.00402033 0.00247229 0.00581566 -0.00548422 -0.0170773 -0.0176523 -0.0144132 0.0103835 0.00901604 0.0101878 -0.00399183 0.00852313 0.0101868 0.0171035 0.0324383 0.0563501 0.00754484 0.0184834 0.0343528 0.00498239 -0.0032396 -0.0141616
internal_weight=15246.2 13401.1 11702.2 1845.13 7976.51 7918.27 1676.62 1620.11 3725.73 7818.32 482.182 3243.55 1400.18 1385.4 463.886 392.691 168.511 1698.82 2779.66 1489.45 1305.27 56.5112 37.4792 21.3985 990.61 314.66 58.2397 156.114 184.178 89.4917
internal_count=104012 76555 68330 27457 38424 38172 25690 25114 29906 37574 3022 26884 22472 22363 4613 2397 1767 8225 22271 7314 6282 576 398 201 4795 1487 252 1636 1032 625
is_linear=0
shrinkage=0.05


Tree=55
num_leaves=31
num_cat=0
split_feature=33 37 33 30 28 2 7 17 7 34 30 6 4 2 4 4 31 7 35 36 7 34 36 36 8 12 15 6 2 2
split_gain=100.919 44.9926 44.8495 28.2567 29.445 34.4718 44.7291 27.772 25.0573 19.5379 21.809 18.8202 17.3253 14.6816 12.1268 11.2049 11.4581 11.1512 11.1481 10.9044 10.8058 11.2203 10.1025 10.052 9.60506 9.17599 8.92791 8.15611 8.12478 10.5541
threshold=46.95000000000001 73.147071428571437 73.750000000000014 431.00000000000006 4.5000000000000009 56.050000000000004 49.650000000000013 2675.0000000000005 44.350000000000001 1.0000000180025095e-35 433.00000000000006 82.550000000000011 63.050000000000004 55.95000000000001 41.850000000000001 88.050000000000011 9.5000000000000018 52.150000000000013 2.100000000000001 0.63333333333333341 51.050000000000004 2.5000000000000004 0.63333333333333341 1.0000000180025095e-35 63.150000000000013 69.750000000000014 59.850000000000001 81.550000000000011 49.95000000000001 50.250000000000007
decision_type=2 2 2 2 2 2 2 2 2 10 2 2 2 2 2 2 10 2 10 8 2 8 8 8 2 2 2 2 2 2
left_child=1 8 3 27 5 6 -5 13 14 15 -11 -12 -9 -6 -1 16 -10 -3 20 -17 24 -22 -16 -7 25 -4 -19 28 -2 -30
right_child=2 17 18 4 7 23 -8 12 9 10 11 -13 -14 -15 22 19 -18 26 -20 -21 21 -23 -24 -25 -26 -27 -28 -29 29 -31
leaf_value=-0.030224616423768336 -0.017888893647475073 -0.023560490664363359 -0.0036315096390006937 -0.0031258541943351655 -0.011929520096864028 0.016187938165097202 0.0056388975992524753 -0.0043081079003024795 0.00155393576124464 -0.022821176304855095 -0.0042687848028110376 0.031867238008278162 0.017029253251518241 -0.0023655794488158331 -0.0024611700025632915 0.061525601461419013 0.030586593953523963 -0.013206343533210822 0.0054878128366347683 0.0090836894502116308 0.023584203452572301 -0.0068791270748136584 -0.016449913725190678 0.0073218241966095474 0.019694554716810975 0.016023706592781621 0.019454714326922817 0.0092934334193097348 0.0060371080262566941 -0.010630202091801669
leaf_weight=92.970292929559946 211.00060530006886 460.03016616404057 166.55286331474781 2775.1146388016641 668.22288824617863 414.76521797478199 3060.3922603949904 157.56875989586115 593.69758994504809 159.65205909311771 1308.2309357449412 36.92639621719718 238.67894077301025 1008.6332175284624 222.69186051934958 16.480279583483934 35.991826225072145 148.860606264323 544.56716921925545 25.438250355422497 344.15241557359695 32.82209986448288 310.10923451930285 1418.3462194725871 138.38624560832977 91.946057930588722 24.142528459429741 61.181532315909863 130.15721922367811 347.81014653295279
leaf_count=1422 1342 8020 685 16112 4061 1966 15465 973 5779 2016 14740 344 1272 5462 2845 142 347 2085 2240 195 1473 138 4218 6630 573 379 287 381 718 1899
internal_value=9.83423e-05 -0.00744407 0.00229265 0.00119982 0.00192031 0.00334988 0.00146992 -0.00336534 -0.0047216 -0.00218332 -0.00534968 -0.00327079 0.00853284 -0.00618025 -0.0135399 0.00490353 0.00322592 -0.0194848 0.0109847 0.0299176 0.0148452 0.0209175 -0.0106141 0.0093314 0.00906115 0.00334386 -0.00861101 -0.00814905 -0.00970635 -0.00608069
internal_weight=15245.5 3435.22 11810.3 10491.9 9741.72 7668.62 5835.51 2073.1 2802.19 2176.42 1504.81 1345.16 396.248 1676.86 625.771 671.608 629.689 633.033 1318.43 41.9185 773.86 376.975 532.801 1833.11 396.885 258.499 173.003 750.15 688.968 477.967
internal_count=104209 42440 61769 56281 51941 40173 31577 11768 32048 23563 17100 15084 2245 9523 8485 6463 6126 10392 5488 337 3248 1611 7063 8596 1637 1064 2372 4340 3959 2617
is_linear=0
shrinkage=0.05


Tree=56
num_leaves=31
num_cat=0
split_feature=32 18 33 37 18 34 5 5 9 27 3 17 33 1 3 7 7 7 7 18 32 4 17 16 0 7 3 1 9 13
split_gain=94.6243 52.3051 41.9327 32.6445 28.8972 24.8386 24.0832 23.1433 20.5764 20.2132 19.8489 20.6107 19.3954 19.2846 19.2601 20.7057 16.9313 16.6455 16.5551 16.3944 16.058 14.0439 12.8694 12.8136 12.1841 11.546 10.9441 10.5417 9.80745 9.66826
threshold=57.650000000000013 14.500000000000002 28.450000000000003 69.652750000000012 13.500000000000002 1.5000000000000002 47.050000000000004 71.850000000000009 46.050000000000004 6.5000000000000009 57.750000000000007 2855.0000000000005 53.650000000000013 55.150000000000013 48.550000000000004 39.95000000000001 52.95000000000001 72.15000000000002 59.250000000000007 15.500000000000002 79.15000000000002 90.050000000000011 2675.0000000000005 49.750000000000007 49.550000000000004 46.750000000000007 47.150000000000013 56.650000000000013 43.500000000000007 67.65000000000002
decision_type=2 2 2 2 2 8 2 2 2 2 2 2 2 2 2 2 2 2 2 2 2 2 2 2 2 2 2 2 2 2
left_child=2 8 18 7 10 9 -7 14 -2 26 11 16 29 17 15 -3 -4 22 23 -14 -15 -16 -10 25 -8 -1 -6 -21 -25 -5
right_child=1 3 4 12 5 6 24 -9 13 -11 -12 -13 19 20 21 -17 -18 -19 -20 27 -22 -23 -24 28 -26 -27 -28 -29 -30 -31
leaf_value=-0.023251837405757265 -0.023890488001294757 -0.031144670250697899 -0.0034589993495404304 -0.014558105617037865 -0.015673175370096382 -0.020035935078518793 -0.014952321099559799 0.017213794838385008 0.003085023965305619 0.0082686606418371656 0.015810436250035625 -0.024721526153301115 0.0067507898941192137 0.0096985429204416336 0.0024624493371990107 -0.0018428273602524186 0.010264656394732898 0.049377299544415616 0.016810415182464771 -0.0094026926199444558 0.028440328507612203 0.013313564108886228 0.014257259841855519 0.029577840914289541 -0.00078406603925920346 0.063728146928794069 -0.00258463806975097 -0.00028128035785131311 -0.024786526316224963 0.033966661964862303
leaf_weight=7.0230348259210578 55.205828279256821 62.689353708177805 747.15871419012547 533.94030749797821 236.80079808086157 589.66370470821857 242.16680254787207 239.37296106666327 2788.661432415247 317.62284301221371 200.36068652942777 86.308223463594913 356.65376423299313 1553.3308114670217 1875.2837240546942 1537.0308752581477 321.24206843972206 20.375825442373753 28.565984822809696 715.30204445123672 123.67508944123983 354.97693168371916 284.32871038466692 8.290140859782694 408.28939834982157 8.0086016990244371 494.10242147371173 570.54044476151466 444.24605123326182 10.314275551587341
leaf_count=152 372 393 6519 5166 2209 8127 2821 1024 14506 2750 1591 652 1765 7180 10297 8407 2251 95 420 3856 541 1619 1469 135 3688 144 4399 2700 8860 101
internal_value=9.2383e-05 0.00250223 -0.00635708 -0.000513942 -0.00449814 -0.00792456 -0.0127148 0.00213282 0.00641351 -0.0022536 0.00128539 -0.00123176 -0.00544149 0.00676575 0.00118853 -0.0029961 0.000663264 0.0044221 -0.0199959 -0.00272669 0.0110853 0.00419232 0.00412079 -0.0222583 -0.00606812 0.0228741 -0.00683352 -0.00535966 -0.0237732 -0.0136232
internal_weight=15221.5 11081.7 4139.85 6256.1 3643.72 2288.65 1240.12 4069.35 4825.58 1048.53 1355.07 1154.71 2186.75 4770.37 3829.98 1599.72 1068.4 3093.37 496.134 1642.5 1677.01 2230.26 3072.99 467.568 650.456 15.0316 730.903 1285.84 452.536 544.255
internal_count=104209 59491 44718 35328 35007 23994 14636 21740 24163 9358 11013 9422 13588 23791 20716 8800 8770 16070 9711 8321 7721 11916 15975 9291 6509 296 6608 6556 8995 5267
is_linear=0
shrinkage=0.05


Tree=57
num_leaves=31
num_cat=0
split_feature=33 18 37 33 18 37 3 5 5 3 7 1 13 28 3 7 13 5 0 1 36 35 7 13 0 5 0 5 31 18
split_gain=84.4408 46.2085 40.3279 33.1531 27.3489 22.5621 21.8401 20.7011 19.1838 19.6421 17.9162 21.0512 17.1234 15.4402 15.118 14.1642 15.4081 14.1513 14.0871 13.9689 13.7502 12.6675 11.6082 11.1526 11.049 10.7073 10.6881 10.5206 15.4642 10.4516
threshold=46.95000000000001 14.500000000000002 73.147071428571437 71.050000000000011 13.500000000000002 69.272785714285732 43.350000000000001 72.65000000000002 48.550000000000004 47.150000000000013 55.45000000000001 53.550000000000004 66.050000000000011 3.5000000000000004 50.550000000000004 38.550000000000004 53.550000000000004 42.150000000000013 49.750000000000007 55.550000000000004 -1.0000000180025095e-35 5.6000000000000014 39.350000000000001 50.250000000000007 55.850000000000001 73.950000000000017 59.050000000000004 40.850000000000001 -1.0000000180025095e-35 10.500000000000002
decision_type=2 2 2 2 2 2 2 2 2 2 2 2 2 2 2 2 2 2 2 2 8 10 2 2 2 2 2 2 8 2
left_child=2 6 4 5 20 14 13 15 18 -10 11 -8 29 -2 22 -5 -17 -12 -6 -7 -1 -21 -3 -11 -15 -16 -26 -22 -29 -4
right_child=1 3 12 7 8 19 10 -9 9 23 17 -13 -14 24 25 16 -18 -19 -20 21 27 -23 -24 -25 26 -27 -28 28 -30 -31
leaf_value=-0.010049107504041296 0.0044912593034172402 -0.027113909538889702 0.0026764027614820021 -0.02752504939445561 -0.020916533344360166 -0.010925115570222334 0.0016025972935078533 0.026590724721565935 -0.013270378236934284 0.011278727721784279 -0.0090298043965454707 0.0098080628966674289 0.028814073390476924 -0.013847346363614605 0.0025536827028761963 -0.0017970159289134508 0.010023660060347155 0.014713655752641422 -0.0083930725095235324 0.0034373861378498801 -0.0059801035398435775 -0.0085007789449840984 -0.0026997159162635252 -0.0043149055170071792 0.012688837442953176 0.026223548677365933 -0.011633658714116455 -0.0032729718818058761 0.012715463946035552 -0.021833575739639413
leaf_weight=193.30905194580555 606.02512363344431 50.169313058257103 46.809654038399458 33.47665473818779 340.50969256088138 993.58423929661512 1691.797968454659 116.0965987443924 246.97440385445952 252.21585290879011 66.9811150431633 1455.6779589653015 18.428850889205933 281.20327313244343 1692.9493775814772 451.95875810086727 704.06456512212753 926.55285204201937 666.77259285002947 462.28760582953691 182.21586290001869 427.10230565071106 1610.1271547190845 209.51770908012986 102.07787858694792 49.128285810351372 80.749415688216686 223.47493101283908 464.73563902825117 550.90211077965796
leaf_count=2204 2923 335 568 139 5652 6758 8992 488 2689 2575 341 6880 283 1530 9266 1856 2899 4167 8480 2545 2122 2437 9104 2270 501 210 398 2067 3989 9541
internal_value=8.6466e-05 0.00208598 -0.00686104 -0.000695256 -0.00429305 -0.00245844 0.00560458 0.00643833 -0.00819825 -0.0018869 0.00725011 0.00539933 -0.0184358 -0.000758857 -2.66577e-05 0.00446516 0.00539817 0.0131072 -0.0126332 -0.00684958 0.00200218 -0.00229024 -0.00344204 0.00419268 -0.00762578 0.00322553 0.00191849 0.00468519 0.00751673 -0.0199056
internal_weight=15197.9 11802 3395.87 6590.94 2779.73 5285.35 5211.07 1305.6 1715.99 708.708 4141.01 3147.48 616.141 1070.06 3402.37 1189.5 1156.02 993.534 1007.28 1882.97 1063.74 889.39 1660.3 461.734 464.031 1742.08 182.827 870.426 688.211 597.712
internal_count=104209 61769 42440 36037 32048 30655 25732 5382 21666 7534 20380 15872 10392 5352 18915 4894 4755 4508 14132 11740 10382 4982 9439 4845 2429 9476 899 8178 6056 10109
is_linear=0
shrinkage=0.05


Tree=58
num_leaves=31
num_cat=0
split_feature=32 18 34 37 18 4 4 35 5 7 32 6 3 7 10 32 32 13 32 28 21 31 7 18 28 4 3 12 5 13
split_gain=80.5428 42.5578 33.4001 27.1124 26.2783 22.4439 21.7906 20.4834 19.0593 18.3769 18.1347 17.7378 16.294 18.0388 15.6986 15.6186 15.302 15.095 14.6435 12.6583 24.6408 13.1525 12.6409 12.5831 14.2426 12.4873 12.3655 11.7471 11.5175 10.9071
threshold=57.650000000000013 14.500000000000002 1.5000000000000002 69.652750000000012 10.500000000000002 84.65000000000002 65.550000000000011 1.7500000000000007 71.850000000000009 59.250000000000007 72.450000000000017 78.350000000000009 48.550000000000004 39.95000000000001 65.000000000000014 42.850000000000001 42.850000000000001 62.95000000000001 67.450000000000017 4.5000000000000009 1.0000000180025095e-35 3.5000000000000004 49.350000000000001 15.500000000000002 5.5000000000000009 90.050000000000011 63.150000000000013 99.250000000000014 38.250000000000007 39.050000000000004
decision_type=2 2 10 2 2 2 2 8 2 2 2 2 2 2 2 2 2 2 2 2 2 10 2 2 2 2 2 2 2 2
left_child=2 10 6 8 15 14 9 -8 12 28 19 27 13 -3 16 -4 -6 -7 26 22 -21 -22 -2 -20 -25 -14 -5 -9 -1 -24
right_child=1 3 4 18 5 17 7 11 -10 -11 -12 -13 25 -15 -16 -17 -18 -19 23 20 21 -23 29 24 -26 -27 -28 -29 -30 -31
leaf_value=-0.022783008607924576 0.0017431312350098972 -0.029337122008528879 -0.022933939317542062 -0.0096117261404143582 -0.028965060212452522 -0.0018323766333365296 0.040369440876412116 -0.0038664474376210027 0.015668469456188321 0.013346975046647575 0.011240493211713885 0.019262224690978311 0.0022468721858589741 -0.0016706350742716732 0.032465364849858215 0.0092625796336140639 -0.014346188610367553 0.055076097100974976 0.0094311355238661156 -0.0069262378611280638 0.021565724362526888 -0.0049098224800554011 -0.022013317143266736 -0.0018484084764028503 -0.028090694826346692 0.012467165885276106 0.030232666007480636 0.0095624250603287657 -0.0064272424574113437 0.0089999620832045754
leaf_weight=119.47456761077046 1214.7909022532403 61.210416100919247 45.672126330435276 1103.7476475127041 217.93143863230944 190.77791306748986 36.029364407062531 655.74886501580477 239.22200695425272 109.32848095521331 1170.5281972065568 129.96102867275476 1877.406252566725 1533.6087666638196 16.153857491910458 211.58292802795768 1029.4704647287726 12.304494652897118 237.40641053766012 573.75640861690044 144.22261883318424 69.045266091823578 28.667754821479321 754.58690036088228 55.47053337842226 355.89745981991291 19.668996747583151 216.49338638409972 1111.3342768214643 1632.3496836461127
leaf_count=1559 6644 393 664 8388 4695 1837 257 5813 1024 822 5039 996 10297 8407 105 1778 13684 136 1123 3268 748 351 150 3634 299 1619 144 1836 10536 7963
internal_value=8.09885e-05 0.00229871 -0.00590309 -0.000429214 -0.0112028 -0.0137888 -0.00205933 0.00337478 0.00197806 -0.00627291 0.00582049 0.00203593 0.00112085 -0.0027374 -0.0162687 0.00352041 -0.0169064 0.00161643 -0.00494166 0.0040868 -0.00152674 0.0129726 0.00562481 -0.000683519 -0.00365483 0.00387829 -0.00890704 -0.000526911 -0.00802068 0.0084604
internal_weight=15173.8 11071.6 4102.26 6238.23 1723.89 1466.64 2378.37 1038.23 4067.34 1340.14 4833.36 1002.2 3828.12 1594.82 1263.56 257.255 1247.4 203.082 2170.88 3662.83 787.024 213.268 2875.81 1047.46 810.057 2233.3 1123.42 872.242 1230.81 1661.02
internal_count=104209 59491 44718 35328 22899 20457 21819 8902 21740 12917 24163 8645 20716 8800 18484 2442 18379 1973 13588 19124 4367 1099 14757 5056 3933 11916 8532 7649 12095 8113
is_linear=0
shrinkage=0.05


Tree=59
num_leaves=31
num_cat=0
split_feature=32 18 2 33 36 18 3 5 9 5 9 2 0 7 4 2 18 7 17 27 1 4 15 14 28 5 32 7 5 4
split_gain=73.0047 38.3623 37.8799 26.6828 21.9163 23.9368 22.3977 21.0998 20.2464 21.8327 18.2004 17.9909 17.8142 19.7143 16.9613 15.7471 14.7569 14.1558 14.8331 14.073 14.0009 11.1647 11.1628 11.1311 10.9179 16.1058 13.7803 10.6404 10.1696 10.1637
threshold=57.650000000000013 14.500000000000002 49.650000000000013 75.350000000000009 -1.0000000180025095e-35 17.500000000000004 48.550000000000004 48.050000000000004 59.750000000000007 53.150000000000013 46.050000000000004 58.750000000000007 51.550000000000004 65.050000000000011 85.450000000000017 47.250000000000007 15.500000000000002 68.550000000000011 2550.0000000000005 6.5000000000000009 56.250000000000007 84.250000000000014 51.250000000000007 35.650000000000013 4.5000000000000009 48.550000000000004 51.45000000000001 51.050000000000004 68.250000000000014 53.050000000000004
decision_type=2 2 2 2 8 2 2 2 2 2 2 2 2 2 2 2 2 2 2 2 2 2 2 2 2 2 2 2 2 2
left_child=2 10 8 4 14 6 -6 12 9 21 -2 17 16 19 -3 -10 -4 18 -12 -14 22 -1 -11 -5 25 26 -9 -7 -27 -25
right_child=1 3 7 23 5 27 -8 24 15 20 11 -13 13 -15 -16 -17 -18 -19 -20 -21 -22 -23 -24 29 -26 28 -28 -29 -30 -31
leaf_value=-0.019988157129960438 -0.023161041687100238 -0.014127940250236368 -0.00699127601833843 0.029775976180481278 -0.0032227676092992461 -0.014726337699656795 0.0040833910288546249 0.0024527213033024419 0.059473129572479515 -0.013977281142423826 0.0032886673335366864 0.013670519252378159 -0.0073565302275843021 0.05301775734172412 0.011865500923499517 -0.009202257743567711 -0.022137703407022417 0.028520990698959903 0.013395845106921595 0.0069888426339956948 0.053678644730611458 0.0010174462446842899 0.0073150834537387289 -0.013823154588196227 -0.0048309527200740944 0.0019236677288888761 0.059154277054683929 -0.0028598721182789269 0.023627415688081948 0.009468977085847638
leaf_weight=790.12055000476539 54.50400398671627 493.4648023173213 429.90810826793313 61.1938246935606 1812.7845445498824 368.35819836333394 2488.2530906051397 19.387180417776108 16.553019311279058 133.57109914347529 3679.8094944134355 638.36188533529639 544.90391936525702 16.002985339611769 71.613225851207972 16.476084548979998 258.36853734217584 61.153595924377441 403.17196012288332 248.71951984614134 10.816641245037315 68.262473046779633 113.693797621876 51.477665424346924 440.98810312151909 892.22121531516314 24.419828500598669 390.38074104860425 57.42822278663516 494.93715120851994
leaf_count=12547 372 3784 4942 253 10406 2270 13766 202 165 1376 18583 2893 5869 133 485 153 3781 276 2039 2562 78 714 1093 210 3779 6841 182 2102 301 2052
internal_value=7.57978e-05 0.00218371 -0.0056393 -0.000408641 -0.00148472 -0.000440594 0.00100285 -0.00262125 -0.013333 -0.0144779 0.00552492 0.00585337 -0.00677224 -0.00173717 -0.0108234 0.0251401 -0.0126867 0.0046477 0.00428822 -0.00285411 -0.00170406 -0.0183119 -0.00416772 0.00954341 0.00171005 0.00461878 0.0342371 -0.00862866 0.00324377 0.00726335
internal_weight=15151.3 11069.5 4081.84 6232.46 5624.85 5059.78 4301.04 2932.35 1149.49 1116.46 4837 4782.5 1497.9 809.626 565.078 33.0291 688.277 4144.14 4082.98 793.623 258.082 858.383 247.265 607.609 1434.44 993.456 43.807 758.739 949.649 546.415
internal_count=104209 59491 44718 35328 32813 28544 24172 28592 16126 15808 24163 23791 17287 8564 4269 318 8723 20898 20622 8431 2547 13261 2469 2515 11305 7526 384 4372 7142 2262
is_linear=0
shrinkage=0.05


Tree=60
num_leaves=31
num_cat=0
split_feature=33 18 9 10 37 7 9 7 18 7 34 2 9 8 10 34 9 35 35 9 33 8 2 28 30 17 33 9 15 13
split_gain=62.1215 59.0318 28.2048 23.0897 22.827 21.6276 21.6133 20.7238 19.0382 18.9743 17.6422 14.8809 17.7433 17.5711 12.8151 12.1324 10.6721 9.3916 13.6833 9.27943 8.95961 9.64422 8.4699 7.06144 9.44029 7.05586 13.9618 7.25588 7.16315 6.50861
threshold=53.650000000000013 14.500000000000002 55.050000000000004 77.500000000000014 78.564285714285731 62.150000000000013 46.050000000000004 68.550000000000011 15.500000000000002 43.250000000000007 1.5000000000000002 55.45000000000001 60.250000000000007 24.850000000000005 77.500000000000014 1.5000000000000002 75.950000000000017 29.250000000000011 8.4000000000000039 49.250000000000007 28.050000000000004 37.95000000000001 62.95000000000001 2.5000000000000004 499.00000000000006 1550.0000000000002 60.050000000000004 60.150000000000013 47.750000000000007 69.65000000000002
decision_type=2 2 2 2 2 2 2 2 2 2 10 2 2 2 2 10 2 8 10 2 2 2 2 2 2 2 2 2 2 2
left_child=1 3 6 9 5 11 -2 8 14 20 22 12 -3 -13 -8 -10 -12 18 -7 -19 -1 -22 -11 -9 -25 26 27 -4 -29 -6
right_child=2 4 25 -5 29 17 7 23 15 10 16 13 -14 -15 -16 -17 -18 19 -20 -21 21 -23 -24 24 -26 -27 -28 28 -30 -31
leaf_value=-0.030038522633145621 -0.019465637895515055 -0.011439612429525689 -0.0076873546189691541 0.041581434492814193 -0.021616982401575474 0.03827956917459762 0.0045215007343170537 0.041200453422744712 0.0023902199320381939 0.0055441999642179343 -0.003083883746700343 0.024275894442198482 0.012926851938392362 -0.0043246488054226595 0.017716414764573737 -0.0034649622700388821 0.047418545432846806 -0.011979716166127141 -0.020485630703423342 0.034165726070065607 0.0075516606835718605 -0.010074178101393699 0.04476645317600364 0.0041421315839290608 0.032051339489857167 -0.016109035413393685 -0.018077828273522476 -0.0043958799759342016 0.03142644842150006 0.025422964030928415
leaf_weight=43.883358299732208 106.00192223489285 1905.7046231944114 38.009770475327969 34.194037064909935 366.6171076670289 13.81330945342779 4376.1433927416801 34.298184126615524 2488.8315706551075 1344.2720074504614 1078.132781188935 59.938071824610233 77.489046633243561 507.35522199422121 192.32391354441643 1372.3278875276446 10.453174464404581 13.279705520719288 34.174533169716597 56.068817961961031 97.714868906885386 371.10826761834323 13.848475404083727 75.446002446115017 51.130132123827934 233.50477614253759 84.020845651626587 20.285383246839046 42.91768516600132 7.3267966527491799
leaf_count=920 645 22338 242 162 6014 104 20019 148 11810 9684 10140 607 678 4558 818 7112 76 107 285 438 934 3402 81 329 223 1312 442 127 264 106
internal_value=-0.000259121 -0.00419404 0.00234574 0.000788991 -0.00909969 -0.00747456 0.00295653 0.00323401 0.00289392 0.000314584 0.00214899 -0.0084415 -0.0104844 -0.00129027 0.00507845 0.000307849 -0.00259003 0.0134901 -0.00342165 0.0252527 -0.00842842 -0.00638901 0.00595109 0.0210104 0.0154719 -0.0103251 -0.00300218 0.00946887 0.0198613 -0.0206754
internal_weight=15150.6 6035.37 9115.24 2993.61 3041.77 2667.82 8696.5 8590.5 8429.63 2959.41 2446.71 2550.49 1983.19 567.293 4568.47 3861.16 1088.59 117.336 47.9878 69.3485 512.706 468.823 1358.12 160.874 126.576 418.738 185.234 101.213 63.2031 373.944
internal_count=104125 60634 43491 25399 35235 29115 41104 40459 39759 25237 19981 28181 23016 5165 20837 18922 10216 934 389 545 5256 4336 9765 700 552 2387 1075 633 391 6120
is_linear=0
shrinkage=0.05


Tree=61
num_leaves=31
num_cat=0
split_feature=5 33 3 30 34 33 9 7 7 27 5 5 3 13 9 1 11 34 6 27 1 7 17 13 7 6 32 12 7 17
split_gain=57.8324 40.5891 31.3234 28.2393 23.1169 21.3577 19.6426 18.609 18.1024 22.4981 17.7084 16.2213 15.8033 16.8689 12.3796 11.795 11.7081 11.6515 11.0662 10.9263 11.3093 10.5034 10.2286 9.85723 9.64468 8.81335 10.3897 10.3456 9.65522 8.69802
threshold=48.150000000000013 53.650000000000013 48.350000000000001 421.00000000000006 1.0000000180025095e-35 28.050000000000004 42.95000000000001 58.250000000000007 47.050000000000004 7.5000000000000009 67.65000000000002 67.65000000000002 51.050000000000004 58.250000000000007 50.150000000000013 51.550000000000004 49.900000000000006 2.5000000000000004 56.050000000000004 7.5000000000000009 48.350000000000001 41.050000000000004 2050.0000000000005 53.350000000000001 35.45000000000001 76.850000000000009 64.15000000000002 64.850000000000009 40.150000000000013 1250.0000000000002
decision_type=2 2 2 2 8 2 2 2 2 2 2 2 2 2 2 2 2 8 2 2 2 2 2 2 2 2 2 2 2 2
left_child=1 4 7 -4 18 6 -6 11 17 16 -11 19 13 -7 -14 22 -10 24 -1 21 -21 -2 -3 -19 -5 26 27 -17 -27 -13
right_child=2 15 3 8 5 12 -8 -9 9 10 -12 29 14 -15 -16 25 -18 23 -20 20 -22 -23 -24 -25 -26 28 -28 -29 -30 -31
leaf_value=-0.00064951298957356706 -0.017314986548003241 -0.0034890371416642163 -0.014120036296474731 -0.029373501478397901 0.074839314492237324 -0.013640514429853154 -0.02434552064372681 0.0070866581665947328 -0.0065268157013680939 0.014131328255012341 0.045252331896867802 -0.0068605776813783562 -0.0094765424174828444 0.0051963277337347073 0.00086962289632048356 -0.0029124823602290945 0.0063889524546557512 -0.0020800244663985615 0.02090603014057428 -0.013859066492746465 0.0047701775009538943 -0.0045154662857317665 -0.038330080524965816 -0.021491237995449473 0.0033134246830702936 0.046635839293025075 -0.0018745380681728298 0.013653726249597306 0.0086353091443808691 0.010431709938631115
leaf_weight=255.85990212857723 172.71432810649276 711.6765797957778 197.09012127667665 22.861714821308851 4.9640314429998389 1213.3896033726633 279.4895590338856 570.14488585293293 184.75121539831161 324.97158152982593 53.396809481084347 93.166018106043339 529.59613003022969 131.29727098718286 634.83823738247156 144.73917955905199 3334.0806004032493 209.471416272223 77.338657397776842 95.842260759323835 537.50188251584768 2278.1959868054837 21.64948096871376 95.46724833920598 1234.8611225374043 17.790045976638794 833.19064096361399 267.54325239360332 275.58777400106192 325.81462665647268
leaf_count=2424 1322 3905 1335 157 87 13174 6482 2876 1080 1803 240 432 5955 1458 6245 835 17619 1565 665 792 3097 13869 121 857 7342 100 3859 1555 1413 1461
internal_value=-0.000247511 -0.00439783 0.00205483 0.00446228 -0.00809353 -0.00957883 -0.0225714 -0.00128734 0.00513423 0.00695738 0.0185473 -0.00265178 -0.00810306 -0.0117973 -0.00383203 0.000685807 0.00570924 0.000584038 0.00434351 -0.00390683 0.00194143 -0.00542015 -0.00452953 -0.00817854 0.00271301 0.00317451 0.00133308 0.00782644 0.0109718 0.00657389
internal_weight=15129.3 5398.95 9730.33 5656.95 3126.77 2793.57 284.454 4073.38 5459.86 3897.2 378.368 3503.24 2509.12 1344.69 1164.43 2272.18 3518.83 1562.66 333.199 3084.25 633.344 2450.91 733.326 304.939 1257.72 1538.85 1245.47 412.282 293.378 418.981
internal_count=104125 48278 55847 31998 36490 33401 6569 23849 30663 20742 2043 20973 26832 14632 12200 11788 18699 9921 3089 19080 3889 15191 4026 2422 7499 7762 6249 2390 1513 1893
is_linear=0
shrinkage=0.05


Tree=62
num_leaves=31
num_cat=0
split_feature=5 33 18 3 7 7 3 18 13 29 10 10 18 1 30 15 30 15 7 18 6 18 30 0 14 20 1 29 1 33
split_gain=52.3485 37.0601 32.9737 22.3087 22.1354 21.0294 18.7568 17.7156 18.8324 17.7332 17.4525 16.6066 15.1854 14.6482 21.37 13.2265 13.1649 13.114 11.701 11.1199 10.2218 10.0455 12.6632 8.83357 8.6262 13.464 8.53503 11.2634 9.93454 8.27639
threshold=48.150000000000013 39.650000000000013 15.500000000000002 46.95000000000001 57.45000000000001 66.050000000000011 58.750000000000007 16.500000000000004 63.050000000000004 50.250000000000007 77.500000000000014 55.000000000000007 11.500000000000002 53.850000000000001 437.00000000000006 56.250000000000007 431.00000000000006 38.050000000000004 42.750000000000007 9.5000000000000018 85.850000000000009 13.500000000000002 497.00000000000006 47.150000000000013 69.750000000000014 1.0000000180025095e-35 46.750000000000007 58.250000000000007 52.95000000000001 57.45000000000001
decision_type=2 2 2 2 2 2 2 2 2 2 2 2 2 2 2 2 2 2 2 2 2 2 2 2 2 2 2 2 2 2
left_child=1 11 4 15 10 16 7 8 9 -3 13 17 -8 19 -15 24 -5 23 -10 -2 -18 22 -19 -1 29 -26 -6 28 -28 -4
right_child=2 6 3 5 26 -7 12 -9 18 -11 -12 -13 -14 14 -16 -17 20 21 -20 -21 -22 -23 -24 -25 25 -27 27 -29 -30 -31
leaf_value=-0.031101898567209518 0.008769253256342105 0.048540300936121827 -0.016965030101498246 -0.010716492382574517 -0.006415758686839846 0.024658565866393849 0.024785995388902797 -0.013610085021459923 -0.01758816119783331 -0.0032413381542315749 0.020456234699144048 0.035148022109929525 0.0027196477533496192 -0.012293749605164611 0.0075602586882976457 0.0009337711318198748 0.0019103913848573754 -0.011673516438574817 0.021608841718780098 -0.0012130475087957433 -0.019596265840731202 -0.017885032114314584 0.013421367160654715 0.031885583674765537 -0.018081198882870408 0.033834455148301038 0.017881213697889916 0.048710955932606499 0.0070529874259928176 -0.0071445172977857687
leaf_weight=6.9713166374713174 319.31306211650372 16.507943850010633 345.42108341678977 243.51319715753198 61.71894807741046 92.117257732897997 95.632207617163658 377.5837161205709 22.346493173390627 3237.0031610615551 139.90935609489679 17.8704484552145 424.36993378028274 147.27738542109728 1664.7922121994197 413.44670527800918 2535.1587540116161 305.88448438048363 121.73305176198483 2203.6971176546067 56.34745629876852 669.16378432884812 59.894383624196053 25.248731784522533 22.539915677160025 27.581080328673124 382.30259779468179 21.25506030023098 480.48263190314174 574.60904661566019
leaf_count=130 1638 104 3263 1705 398 446 508 3016 165 21860 601 155 2853 788 8082 2369 15008 4507 754 13979 364 13003 869 354 158 185 1869 96 2206 2692
internal_value=-0.000236517 -0.00419458 0.00195127 -0.00131157 0.00454688 0.00115995 -0.00210734 -0.00333454 -0.00219076 -0.00297558 0.00307635 -0.0124515 0.00679141 0.00251383 0.00594326 -0.00654364 0.00039381 -0.0132565 0.0154868 4.86318e-05 0.0014401 -0.0142376 -0.00754815 0.0180485 -0.00973519 0.0103984 0.0114985 0.0127554 0.0118583 -0.0108385
internal_weight=15111.7 5380.21 9731.48 4310.73 5420.75 2927.14 4295.18 3775.17 3397.59 3253.51 4474.99 1085.03 520.002 4335.08 1812.07 1383.6 2835.02 1067.16 144.08 2523.01 2591.51 1034.94 365.779 32.22 970.151 50.121 945.759 884.04 862.785 920.03
internal_count=104125 48278 55847 26190 29657 17523 29260 25899 22883 21964 25088 19018 3361 24487 8870 8667 17077 18863 919 15617 15372 18379 5376 484 6298 343 4569 4171 4075 5955
is_linear=0
shrinkage=0.05


Tree=63
num_leaves=31
num_cat=0
split_feature=32 7 21 28 30 37 2 7 10 36 36 3 8 3 2 36 9 37 36 30 32 31 9 14 14 4 30 7 4 36
split_gain=46.3673 26.8729 26.4691 36.6863 27.6924 23.3518 23.2416 27.2215 18.4752 17.7435 14.2266 20.708 14.6726 13.9071 15.2275 13.1913 12.5384 11.9465 11.0408 11.9087 10.4415 11.8184 9.54165 9.07951 8.81929 7.59976 7.55761 8.0155 7.42921 10.1759
threshold=60.650000000000013 43.550000000000004 1.0000000180025095e-35 4.5000000000000009 431.00000000000006 78.564285714285731 55.95000000000001 56.850000000000001 77.500000000000014 -1.0000000180025095e-35 0.70833333333333337 58.250000000000007 56.150000000000013 36.850000000000001 65.050000000000011 0.29166666666666669 59.750000000000007 54.184285714285721 0.55000000000000016 495.00000000000006 77.250000000000014 3.5000000000000004 61.350000000000001 35.650000000000013 47.95000000000001 71.850000000000009 415.00000000000006 37.750000000000007 64.950000000000017 0.36666666666666675
decision_type=2 2 2 2 2 2 2 2 2 10 10 2 2 2 2 10 2 2 8 2 2 10 2 2 2 2 2 2 2 8
left_child=1 9 3 4 -2 8 7 -6 13 16 11 24 -13 -3 -15 -8 26 23 19 -19 21 28 -7 25 -11 -5 -1 -28 -4 -30
right_child=2 5 20 17 6 22 15 -9 -10 10 -12 12 -14 14 -16 -17 -18 18 -20 -21 -22 -23 -24 -25 -26 -27 27 -29 29 -31
leaf_value=-0.040946799722015037 -0.0072310600221383086 -0.01706832712186428 0.0049609840934349341 -0.031137129641017131 0.00025349852842794241 -0.01589710546873593 0.012598413880895071 0.0094078838273681017 0.029821657957151495 -0.011878472531598669 -0.020103835709157206 0.011659886860139641 0.077005728797346185 -0.0011932260487107923 0.051705715540817404 0.0041838600202715416 0.026002552880932197 -0.0096337772665430251 -0.019684796384729107 0.0012939257626404053 0.048678022214323165 -0.0012717315736373363 0.030918120315151683 0.014353675197612915 0.0078907905579499709 0.0067744476902006981 -0.029196344453472189 -0.013613729819612617 0.034193134146605179 0.0024539443666996615
leaf_weight=33.429250106215477 649.29035666957498 139.60469886474311 56.005796022713184 24.309388421475887 4516.2171224802732 351.81552720814943 925.75991410389543 990.34096869826317 47.314359560608864 115.95585581660271 85.795751689001918 21.251367215067148 14.62565630301833 3792.0914930850267 13.549638152122496 942.35524894297123 16.646479513496161 720.19742032885551 166.55292082205415 380.10702390596271 22.935151427984238 91.030432119965553 11.071325689554213 115.45267170667648 109.46311472915113 28.420322500169277 101.15595216862857 469.98733797110617 106.5451202839613 33.565450519323349
leaf_count=567 3718 1310 275 133 23399 5430 4134 4595 228 1108 1058 210 121 34975 87 4281 160 4085 946 2066 95 438 100 593 1052 147 1570 6592 498 154
internal_value=-0.000225846 -0.00398022 0.00181964 0.00134775 0.00266505 -0.00230368 0.0035371 0.00190094 -0.00119838 -0.0115151 -0.0024423 0.00334316 0.0385778 -0.00157241 -0.00100222 0.00835689 -0.0165751 -0.00601403 -0.00767804 -0.00585442 0.0161934 0.0135653 -0.0144469 0.00648777 -0.00225713 -0.0106347 -0.0177598 -0.016387 0.0204748 0.0266324
internal_weight=15092.8 5323.76 9769.09 9459 8023.96 4355.45 7374.67 5506.56 3992.56 968.311 347.092 261.296 35.877 3945.25 3805.64 1868.12 621.219 1435.04 1266.86 1100.3 310.082 287.147 362.887 168.182 225.419 52.7297 604.573 571.143 196.116 140.111
internal_count=104125 54568 49557 48097 40127 42130 36409 27994 36600 12438 3549 2491 331 36372 35062 8415 8889 7970 7097 6151 1460 1365 5530 873 2160 280 8729 8162 927 652
is_linear=0
shrinkage=0.05


Tree=64
num_leaves=31
num_cat=0
split_feature=5 7 9 1 0 30 9 7 36 9 27 7 35 36 36 1 5 13 35 15 26 15 7 30 15 29 29 15 2 2
split_gain=45.6997 24.5219 23.9396 23.5804 20.7734 20.5876 20.6008 15.8375 14.6449 13.5979 14.028 15.4284 13.1249 13.0078 19.0092 15.1694 11.4488 11.2423 11.1215 10.3976 10.2815 10.2327 10.1834 10.0711 9.70258 8.61687 8.04519 7.96052 7.73611 11.0146
threshold=48.150000000000013 43.750000000000007 42.45000000000001 52.050000000000004 45.95000000000001 433.00000000000006 51.850000000000001 66.950000000000017 0.55000000000000016 60.95000000000001 5.5000000000000009 64.750000000000014 26.900000000000006 0.36666666666666675 -1.0000000180025095e-35 55.45000000000001 70.950000000000017 76.250000000000014 5.7500000000000018 56.150000000000013 1.0000000180025095e-35 59.45000000000001 63.45000000000001 417.00000000000006 60.150000000000013 53.500000000000007 51.750000000000007 53.350000000000001 50.050000000000004 48.850000000000001
decision_type=2 2 2 2 2 2 2 2 8 2 2 2 10 10 10 2 2 2 10 2 2 2 2 2 2 2 2 2 2 2
left_child=3 8 -3 4 17 28 7 -7 12 10 23 -12 -2 14 15 27 -10 19 -17 22 26 -11 -1 -6 -21 -8 -16 -5 29 -4
right_child=1 2 5 13 9 6 25 -9 16 21 11 -13 -14 -15 20 18 -18 -19 -20 24 -22 -23 -24 -25 -26 -27 -28 -29 -30 -31
leaf_value=-0.021594436883766374 -0.001462171732228812 -0.022071291587966717 -0.010086103921058123 -0.0043738705132739782 -0.029460092830495388 0.0040328195774011547 0.028934972732177957 0.017725286869526843 -0.01176055717197093 0.021744433134155236 -0.0020695836970754415 0.045809023434692966 0.026674199381164238 -0.0068646092531481438 0.039457113531150459 0.0061557923839338259 0.024240310136471436 0.047988434139428243 -0.018316431070658563 0.016740929924104277 -0.018582843323143746 -0.024770098535410675 0.033216027752693736 -0.0082450719918401201 -0.017102793358693715 -0.0086333340582094558 0.0072428957564200855 -0.017085530176955126 -0.010481667385435546 0.0083494132358106037
leaf_weight=402.76822018995881 652.55646631680429 95.438292507082224 144.72661655955017 361.72017245739698 58.749403193593025 7040.2487110421062 15.736674174666403 217.8793317861855 570.44513483345509 73.43912398070097 931.04991021007299 17.030170395970345 44.153584867715836 596.55703987926245 19.822795689105988 422.81332241371274 22.795440815389156 6.5795926358550778 51.979653984308243 39.819912448525429 37.79797113314271 13.908609226346014 8.499899357557295 1231.0731490571052 44.959673244506121 388.2398488894105 845.75701569207013 187.97394820488989 346.61934011057019 183.76967300474644
leaf_count=6397 4115 723 1130 3636 759 38364 106 1027 4361 555 9086 128 324 4102 112 2804 106 61 519 526 280 104 90 11971 588 2464 4905 1655 1976 1151
internal_value=-0.000215613 0.00182661 0.00280909 -0.00392627 -0.00706193 0.00309476 0.00383268 0.00444478 -0.00459192 -0.00506596 -0.00582314 -0.00119954 0.000317351 -0.000411549 0.00158294 -0.00307582 -0.0103649 -0.0162829 0.00346279 -0.017155 0.00687156 0.0142608 -0.0204417 -0.00921747 -0.00114692 -0.00715071 0.00799089 -0.00873217 -0.00527199 0.000211407
internal_weight=15074.9 9722.61 8432.66 5352.3 2827.88 8337.22 7662.1 7258.13 1289.95 2325.25 2237.9 948.08 696.71 2524.42 1927.86 1024.49 593.241 502.627 474.793 496.048 903.378 87.3477 411.268 1289.82 84.7796 403.977 865.58 549.694 675.116 328.496
internal_count=104125 55847 46941 48278 30265 46218 41961 39391 8906 22603 21944 9214 4439 18013 13911 8614 4467 7662 3323 7601 5297 659 6487 12730 1114 2570 5017 5291 4257 2281
is_linear=0
shrinkage=0.05


Tree=65
num_leaves=31
num_cat=0
split_feature=18 33 33 18 5 28 33 32 37 3 3 7 29 30 7 32 29 3 12 33 31 2 29 8 37 30 30 5 31 0
split_gain=59.6302 51.7965 26.8307 22.2428 21.605 18.4522 17.9367 17.9059 15.736 14.4956 14.4533 14.0258 13.9185 13.3393 12.1598 12.9156 11.3073 11.6345 10.9908 10.7074 10.0714 9.97147 9.93011 9.60104 9.50655 8.96953 8.27482 8.58313 8.08426 7.74893
threshold=15.500000000000002 49.350000000000001 28.050000000000004 9.5000000000000018 53.850000000000001 6.5000000000000009 81.950000000000017 61.050000000000004 45.208571428571432 57.650000000000013 63.550000000000004 53.95000000000001 58.750000000000007 419.00000000000006 58.350000000000001 64.450000000000017 51.750000000000007 43.350000000000001 60.050000000000004 54.050000000000004 14.500000000000002 54.250000000000007 53.500000000000007 55.350000000000001 43.792178571428572 515.00000000000011 525.00000000000011 57.250000000000007 -10.499999999999998 53.050000000000004
decision_type=2 2 2 2 2 2 2 2 2 2 2 2 2 2 2 2 2 2 2 2 8 2 2 2 2 2 2 2 8 2
left_child=2 4 14 22 8 6 10 9 24 12 13 -10 -5 -3 15 26 -9 -18 -13 -11 21 -6 -4 -12 -2 -26 27 -1 -24 -23
right_child=1 5 3 7 20 -7 -8 16 11 19 23 18 -14 -15 -16 -17 17 -19 -20 -21 -22 29 28 -25 25 -27 -28 -29 -30 -31
leaf_value=-0.023440844703110527 -0.016766772080379751 -0.015487913806613858 0.027013055260391401 -0.0017963511624793736 -0.010223019417947952 -0.029135847034330694 0.018301092911932191 0.028038757498799416 -0.01885488502961389 0.0024709933724231989 0.00035519776084216083 0.0082452734160871656 -0.020310868925830009 -0.00091160815424231364 0.024463032546283126 0.047679066003119414 -0.0013025631057467383 0.005127491914195044 -0.013417811251010403 0.020500230060488733 0.020628681060914637 0.038243638792874735 -0.020113449340032678 0.046423779323739964 0.0058128649668334822 0.055767701633969026 0.027569814328446181 0.017200617174633458 0.009186849362655224 0.0023732741101062235
leaf_weight=199.35804641246796 43.964182872325182 162.60944896936417 78.182937286794186 2063.0266007073224 185.86265732347965 57.450772076845169 121.54596783220768 48.913763210177422 922.22446124069393 293.69152694381773 20.181142278015614 91.770557774230838 106.75217949599028 4493.8855040483177 19.380530055612326 7.4222342297434798 872.46230491623282 3606.6444185748696 160.49002336151898 114.80725003778934 50.841943435370922 19.022080410271883 23.899347543716431 26.287867054343224 78.196891989558935 10.117045301944016 9.0534984134137613 13.682141970843075 1026.0463115870953 72.610814705491066
leaf_count=4164 495 1003 488 18046 2059 357 522 260 14782 2850 107 1118 837 23923 273 71 4305 17472 2029 605 453 173 129 134 873 108 160 173 5379 602
internal_value=2.61123e-05 -0.00357026 0.00278952 0.00327894 -0.0112725 -0.000989355 -0.00065255 0.00224256 -0.0141534 -0.00108199 -0.00114384 -0.0159951 -0.00271046 -0.00142202 -0.013377 -0.0166033 0.00413665 0.0038739 -0.00551698 0.00755407 0.000178499 -0.00355639 0.00980209 0.0265676 0.00216121 0.0116487 -0.0187946 -0.0208004 0.00851329 0.00990769
internal_weight=15000.4 6517.06 8483.32 8234.43 1635.1 4881.96 4824.51 7106.3 1306.76 2578.28 4702.96 1174.49 2169.78 4656.49 248.896 229.516 4528.02 4479.11 252.261 408.499 328.337 277.496 1128.13 46.469 132.278 88.3139 222.094 213.04 1049.95 91.6329
internal_count=103950 48738 55212 50371 22692 26046 25689 44375 19405 22338 25167 17929 18883 24926 4841 4568 22037 21777 3147 3455 3287 2834 5996 241 1476 981 4497 4337 5508 775
is_linear=0
shrinkage=0.05


Tree=66
num_leaves=31
num_cat=0
split_feature=18 33 36 7 36 2 28 33 18 13 36 10 32 32 0 8 35 34 13 33 34 36 7 7 35 2 37 12 18 35
split_gain=53.9162 47.4227 36.3789 26.7975 20.7473 19.2176 16.9356 16.2526 15.4254 13.7651 13.6974 13.4973 13.4857 12.5746 12.3241 12.2712 12.1706 12.21 11.9775 11.1606 11.0873 11.0311 10.8197 10.0768 8.99434 10.8643 8.50343 10.0185 8.45426 8.31628
threshold=15.500000000000002 49.350000000000001 -1.0000000180025095e-35 43.750000000000007 0.36666666666666675 53.650000000000013 6.5000000000000009 81.950000000000017 9.5000000000000018 71.750000000000014 0.90000000000000013 77.500000000000014 49.650000000000013 82.65000000000002 45.45000000000001 25.650000000000002 1.9000000000000004 1.0000000180025095e-35 54.750000000000007 36.850000000000001 1.5000000000000002 0.36666666666666675 35.45000000000001 48.850000000000001 5.2500000000000018 54.350000000000001 76.048714285714297 94.65000000000002 16.500000000000004 10.100000000000003
decision_type=2 2 8 2 8 2 2 2 2 2 10 2 2 2 2 2 10 10 2 2 10 10 2 2 10 2 2 2 2 8
left_child=2 5 8 4 16 9 7 10 24 23 14 13 -10 21 -3 -7 -4 -18 -15 20 -17 -5 -6 -2 -1 -26 27 -14 -25 -13
right_child=1 6 3 11 22 15 -8 -9 12 -11 -12 29 26 18 -16 19 17 -19 -20 -21 -22 -23 -24 28 25 -27 -28 -29 -30 -31
leaf_value=0.032919529908728283 -0.019373585244938773 -0.0088729119017106669 0.029979214439586371 0.0055805072482664267 -0.03911171851471848 0.017678134346938108 -0.02811143836704454 0.017458568815715524 -0.02071645443660405 0.044085083647309002 -0.011752335409924158 0.0050717710760080246 -0.0076200878965971934 0.010458892802294633 0.00041921280257786752 -0.0062745125446343588 0.024712642195211083 -0.0011316320368840911 0.047013371838630191 -0.00072760821590589226 -0.039144080193984319 0.00053395197957642731 -0.0076178988988272302 -0.0063639857821249897 -0.010436109261548657 0.031132211711294072 -0.016884246417407569 0.0056213669975889221 -0.021157055635879947 0.025999046327394755
leaf_weight=34.02406632527709 592.9453195091337 391.37611787766218 43.815491318702698 4627.1855017375201 28.522102197632194 65.400421392172575 56.592980548739433 121.05854263901711 175.50988588109612 9.8516638018190843 282.87106570601463 78.557891547679901 396.13790909945965 73.29294192045927 4026.364873599261 64.790397822856903 52.431370064616203 349.45192529447377 32.571120202541351 307.42678010091186 42.921364024281502 1416.6433976907283 625.57847345434129 409.15254271775484 52.685065172612667 22.262539178133011 130.90499091334641 222.8889561034739 127.16775372810662 122.7423829138279
leaf_count=273 10032 2347 203 27365 323 801 357 522 2731 125 1634 337 2909 322 21186 885 304 2150 143 2990 843 8725 5345 5352 443 155 1251 1700 1664 533
internal_value=2.38392e-05 -0.00340326 0.00264889 0.00386917 -0.00333361 -0.0108163 -0.000940812 -0.000620292 -0.00613537 -0.0143544 -0.00108732 0.00511729 -0.00823388 0.00469896 -0.000403045 -0.00241766 0.00497798 0.00223299 0.0217865 -0.00559906 -0.019443 0.00439848 -0.0090046 -0.0148725 0.0116316 0.00186981 -0.00530349 -0.00284411 -0.00988421 0.0178635
internal_weight=14983.1 6497.92 8485.21 7450.79 1099.8 1619.66 4878.26 4821.67 1034.41 1139.12 4700.61 6350.99 925.442 6149.69 4417.74 480.539 445.699 401.883 105.864 415.139 107.712 6043.83 654.101 1129.27 108.972 74.9476 749.932 619.027 536.32 201.3
internal_count=103950 48738 55212 45750 8325 22692 26046 25689 9462 17173 25167 37425 8591 36555 23533 5519 2657 2454 465 4718 1728 36090 5668 17048 871 598 5860 4609 7016 870
is_linear=0
shrinkage=0.05


Tree=67
num_leaves=31
num_cat=0
split_feature=33 18 33 36 30 36 3 9 36 2 34 30 28 33 5 3 18 5 3 18 36 29 37 2 5 5 2 5 28 9
split_gain=49.1859 42.2362 23.4964 21.6124 17.3987 17.2753 16.1631 15.1849 14.8127 19.9044 14.3773 14.1076 13.8766 13.0874 12.7728 12.3734 12.24 11.3391 11.1734 10.6319 9.95546 9.8911 9.4099 9.13703 9.32356 9.06505 9.03792 8.95989 8.7058 8.68289
threshold=33.850000000000001 15.500000000000002 53.650000000000013 -1.0000000180025095e-35 433.00000000000006 0.90000000000000013 37.95000000000001 43.150000000000013 0.36666666666666675 56.050000000000004 1.0000000180025095e-35 437.00000000000006 5.5000000000000009 81.950000000000017 64.450000000000017 55.050000000000004 9.5000000000000018 50.050000000000004 45.550000000000004 11.500000000000002 1.0000000180025095e-35 55.750000000000007 70.934285714285735 56.95000000000001 50.350000000000001 45.150000000000013 56.95000000000001 64.65000000000002 5.5000000000000009 50.250000000000007
decision_type=2 2 2 8 2 10 2 2 10 2 10 2 2 2 2 2 2 2 2 2 8 2 2 2 2 2 2 2 2 2
left_child=7 3 4 16 26 14 27 20 11 -10 19 -8 13 15 -6 -4 -2 22 21 -9 -1 -18 -12 24 -19 -21 -3 -5 -20 -27
right_child=1 2 12 6 5 -7 8 10 9 -11 17 -13 -14 -15 -16 -17 18 23 28 25 -22 -23 -24 -25 -26 29 -28 -29 -30 -31
leaf_value=0.07036776682253558 0.013116104179358885 -0.021495604629342489 -0.0019598538426860834 -0.01032222839715778 -0.0043761306171272328 -0.019160155478070193 -0.001526030789891601 0.028131953426582791 -0.0049421534665780231 0.0066354201937902403 -0.014235749677835417 0.0067514428467861827 -0.014275827173887486 0.016540678760676115 0.016621225862033569 0.0043136604241281462 0.0016387642469340544 0.049040533037267818 0.00053874752313397365 -0.018294316114052151 0.0028118464710112901 -0.022518658319479936 -0.02824409444303505 0.030990921839348547 -0.010554836712614313 0.021468789976225273 0.024132449557471292 0.014960598134389935 -0.014209250477415234 -0.01460253049386309
leaf_weight=8.7150202766060811 91.977094076573849 234.99468123726547 2792.8727578595281 271.36772737279534 1392.3039603233337 194.09313502907753 577.27928848937154 29.522504895925522 833.79541879147291 668.9765173047781 360.05333584174514 4678.1997723020613 169.90327195823193 120.35135693848133 76.220350991934538 1093.5750643089414 57.743738647550344 6.7308522071689358 469.81785056181252 65.570230808109045 14.757050640881063 155.15649902448058 182.18802443519235 16.423432800918818 154.68351245112717 43.115490328520536 11.19560933113098 40.000740081071854 126.85053957253695 26.931326139718294
leaf_count=127 579 2717 14019 1581 14241 1864 3628 343 5206 3367 7107 25218 940 521 493 5320 522 127 3595 1146 223 1256 4994 177 2376 591 94 181 1061 336
internal_value=2.16225e-05 0.000750797 -0.00238549 0.00314579 -0.00698121 -0.00513952 0.00407588 -0.0112514 0.00458951 0.000208511 -0.0123089 0.00584125 -0.000283869 0.000308536 -0.00328185 -0.00019325 -0.00414175 -0.0153604 -0.00611001 0.000968324 0.0282991 -0.0159454 -0.018956 -0.00436473 -0.00800998 -0.00492446 -0.0193914 -0.00705439 -0.00259013 0.0075279
internal_weight=14965.4 14056.7 6085.51 7971.17 1908.81 1662.62 7069.62 908.691 6758.25 1502.77 885.219 5255.48 4176.7 4006.8 1468.52 3886.45 901.546 720.079 809.569 165.14 23.4721 212.9 542.241 177.838 161.414 135.617 246.19 311.368 596.668 70.0468
internal_count=103950 86403 40209 46194 19409 16598 39181 17547 37419 8573 17197 28846 20800 19860 14734 19339 7013 14781 6434 2416 350 1778 12101 2680 2503 2073 2811 1762 4656 927
is_linear=0
shrinkage=0.05


Tree=68
num_leaves=31
num_cat=0
split_feature=33 18 3 30 28 15 3 4 4 3 5 1 30 5 2 18 6 31 5 3 2 35 1 12 35 5 18 16 18 1
split_gain=44.8735 38.1303 21.7494 22.5702 18.9143 17.1317 17.0287 15.7069 18.72 16.4994 15.5866 13.9363 11.0203 11.1048 15.9137 11.3858 10.896 10.7028 14.3133 11.4919 9.88167 9.24672 10.4347 9.24634 13.2749 8.11959 7.71013 7.62101 7.40373 7.15612
threshold=33.850000000000001 15.500000000000002 66.40000000000002 419.00000000000006 5.5000000000000009 63.45000000000001 58.45000000000001 83.050000000000011 79.750000000000014 40.550000000000004 64.65000000000002 56.750000000000007 479.00000000000006 58.45000000000001 51.250000000000007 9.5000000000000018 73.850000000000009 1.5000000000000002 43.250000000000007 47.250000000000007 43.650000000000013 24.600000000000005 46.750000000000007 99.250000000000014 19.100000000000005 70.350000000000009 11.500000000000002 50.150000000000013 12.500000000000002 46.750000000000007
decision_type=2 2 2 2 2 2 2 2 2 2 2 2 2 2 2 2 2 10 2 2 2 8 2 2 8 2 2 2 2 2
left_child=12 5 3 11 10 6 7 8 -2 -9 -5 -3 13 15 -15 -1 -6 18 -14 -20 -21 22 -7 26 -25 28 -8 -24 -23 -19
right_child=1 2 -4 4 16 21 23 9 -10 -11 -12 -13 17 14 -16 -17 -18 29 19 20 -22 25 27 24 -26 -27 -28 -29 -30 -31
leaf_value=0.006562669230373944 0.00080535065281930592 -0.023144093368517405 0.053010515415950782 -0.0021870026816098198 -0.0048627030995855728 -0.021610254999800349 0.013104915092997681 -0.0068773584231861503 -0.0090625270743701289 0.0072246593326452712 0.0053870447150962337 0.0087347442110556599 -0.013561497618362504 -0.013275703813252876 0.059034131238313005 -0.019087711885906255 -0.022338692276809995 -0.0021345497921389065 -0.0054176550269665587 0.087507154013377608 0.021900412945112736 0.0063307079209954549 0.0077700015463454787 0.009206997398569422 0.035438970342431181 0.037095301700032696 0.0016090922422608027 -0.020821207186128839 0.019489761517020584 -0.023510535469362978
leaf_weight=47.142320107668638 3816.6105412822217 195.50228153541684 17.632052801549435 4663.3808070104569 195.22213524952531 35.27639551833272 222.24907822534442 241.26669621095061 549.6970405317843 1462.0782733000815 794.7089844532311 41.259890794754028 66.050199775025249 20.515675097703934 11.904566600918768 485.06796843744814 165.66868401691318 77.319836646318436 40.274938529357314 6.2991980034857979 64.481773216277361 239.13038062676787 497.43121242895722 158.3344579860568 69.845177810639143 35.837845042347908 427.62798622995615 24.271530114114285 195.74084654450417 80.446124916896224
leaf_count=715 23539 1789 109 31428 1560 240 1123 1247 3570 7458 3625 254 1429 291 120 10325 1444 1369 702 126 1002 1186 2572 859 406 158 2565 126 1145 1468
internal_value=1.94579e-05 0.000713012 -0.00227152 -0.00243418 -0.00181734 0.0029864 0.00209413 0.00115161 -0.000436001 0.00522399 -0.00108321 -0.0175662 -0.010806 -0.0150704 0.0132223 -0.0168054 -0.012903 -0.0035986 0.00481648 0.0157941 0.0279249 0.00901294 0.00463827 0.0086028 0.0172704 0.0141767 0.00554961 0.00642652 0.0122684 -0.013074
internal_weight=14948.3 14048.8 6073.37 6055.74 5818.98 7975.4 6947.71 6069.65 4366.31 1703.34 5458.09 236.762 899.503 564.631 32.4202 532.21 360.891 334.872 177.106 111.056 70.781 1027.69 556.979 878.057 228.18 470.709 649.877 521.703 434.871 157.766
internal_count=103950 86403 40209 40100 38057 46194 40767 35814 27109 8705 35053 2043 17547 11451 411 11040 3004 6096 3259 1830 1128 5427 2938 4953 1265 2489 3688 2698 2331 2837
is_linear=0
shrinkage=0.05


Tree=69
num_leaves=31
num_cat=0
split_feature=36 30 36 9 32 18 1 18 30 32 35 18 9 37 1 30 1 17 12 27 8 1 12 17 8 35 15 8 1 37
split_gain=44.75 39.383 40.7719 22.032 21.4191 18.8496 16.9711 15.2216 14.5781 13.9582 13.9574 12.0171 10.8837 10.4015 9.44715 10.204 10.0061 9.36446 11.9739 9.82913 9.1095 8.9049 11.3692 11.0292 7.92566 7.8523 7.48916 7.18243 15.3259 7.03365
threshold=-1.0000000180025095e-35 431.00000000000006 0.70833333333333337 42.45000000000001 41.650000000000013 13.500000000000002 48.850000000000001 9.5000000000000018 489.00000000000006 42.850000000000001 22.900000000000006 15.500000000000002 42.350000000000001 78.564285714285731 57.550000000000004 415.00000000000006 51.550000000000004 1750.0000000000002 70.850000000000009 3.5000000000000004 29.150000000000002 47.250000000000007 88.850000000000009 1350.0000000000002 17.450000000000003 5.2500000000000018 49.95000000000001 48.350000000000001 53.750000000000007 54.33428571428572
decision_type=8 2 10 2 2 2 2 2 2 2 8 2 2 2 2 2 2 2 2 2 2 2 2 2 2 10 2 2 2 2
left_child=7 6 3 10 26 -6 -2 25 12 29 -3 20 -4 21 15 -8 -17 18 -16 -19 -10 23 -23 -11 -14 -1 -5 28 -15 -9
right_child=1 2 8 4 5 -7 14 9 11 13 -12 -13 24 27 17 16 -18 19 -20 -21 -22 22 -24 -25 -26 -27 -28 -29 -30 -31
leaf_value=0.030000925001164132 -0.021777936175416981 -0.036099482327269755 0.024393128477111951 -0.01984316882226813 0.0062256308514582696 0.0018048958579113467 -0.016155579706167433 0.01051657295605643 0.031975433530544932 -0.00038141973149099395 -0.0029535740927667774 -0.0093567636531216095 0.018519692923477566 -0.034703646586395881 0.013840357148409373 0.0044668805623493905 -0.0098606803758862979 -0.0088463831372278152 -0.023848974491805959 0.033907768193704071 0.003311050153890108 -0.0081680422937994573 0.0028945109146742785 -0.019224708994900013 -0.013659461643453115 0.0012328474855306916 -0.0031471498282262555 -0.025926260872232244 0.0089164201076439766 -0.029205076795133324
leaf_weight=34.801806202158332 189.62315922603011 57.46205035969615 20.162817876785994 124.97985093295574 3724.5817510709167 6852.6555825173855 235.92401114851236 12.169320063665507 31.406467672437429 119.66608920693398 71.707954358309507 206.00098085217178 19.493640391156077 31.487298239022493 42.790191559121013 218.69757471978664 274.11256699450314 19.084574658423662 41.209707416594028 43.824811730533838 236.50518151931465 523.76654946431518 416.29443994909525 224.04114152304828 658.58342164009809 75.300836503505707 146.98429219983518 118.70057940110564 55.193551937118173 108.63722374290228
leaf_count=273 2339 443 176 2190 20003 43424 2148 183 270 1234 652 1628 232 525 244 1837 1855 108 232 234 1554 4311 3437 2375 5097 598 2232 1391 551 2174
internal_value=1.75906e-05 0.0010053 0.00181385 0.00276059 0.00300546 0.00336209 -0.0082116 -0.00756806 -0.00704858 -0.00879989 -0.0177539 -0.000269178 -0.0116421 -0.00746796 -0.00526591 -0.00760075 -0.00349268 0.00627919 -0.00459666 0.0208648 0.00670062 -0.00578987 -0.00326402 -0.0126807 -0.0127244 0.0103904 -0.0108426 -0.0179249 -0.00689293 -0.025157
internal_weight=14935.8 13215.8 12150.5 10978.4 10849.2 10577.2 1065.27 1720.06 1172.15 1609.96 129.17 473.913 698.24 1489.15 875.643 728.734 492.81 146.909 83.9999 62.9094 267.912 1283.77 940.061 343.707 678.077 110.103 271.964 205.381 86.6809 120.807
internal_count=103950 86898 77901 68944 67849 63427 8997 17052 8957 16181 1095 3452 5505 13824 6658 5840 3692 818 476 342 1824 11357 7748 3609 5329 871 4422 2467 1076 2357
is_linear=0
shrinkage=0.05


Tree=70
num_leaves=31
num_cat=0
split_feature=18 3 3 28 30 0 7 28 7 1 5 34 15 21 12 30 33 9 36 8 5 4 3 3 32 5 36 22 5 1
split_gain=45.5986 39.8365 29.7387 28.809 29.8579 24.9735 35.4475 26.9598 21.3891 19.7646 17.6842 14.991 14.177 13.8051 13.5078 12.1559 11.9486 11.3551 10.6201 12.964 10.5617 10.2331 10.3873 7.49965 7.65635 7.10852 7.00553 6.70095 7.1322 6.23569
threshold=11.500000000000002 48.250000000000007 67.15000000000002 5.5000000000000009 433.00000000000006 49.95000000000001 52.550000000000004 4.5000000000000009 39.350000000000001 55.550000000000004 70.050000000000011 2.5000000000000004 35.650000000000013 1.0000000180025095e-35 99.850000000000009 459.00000000000006 50.850000000000001 51.650000000000013 inf 27.250000000000004 47.750000000000007 40.650000000000013 36.050000000000004 43.95000000000001 64.050000000000011 48.750000000000007 0.22500000000000003 1.0000000180025095e-35 49.350000000000001 55.250000000000007
decision_type=2 2 2 2 2 2 2 2 2 2 2 8 2 2 2 2 2 2 8 2 2 2 2 2 2 2 8 2 2 2
left_child=10 3 5 4 16 6 11 15 26 -10 12 -3 27 -9 21 -7 -2 -18 19 -16 -8 -14 -23 -5 -25 -26 -6 -1 -29 -20
right_child=1 2 -4 23 8 7 20 13 9 -11 -12 -13 14 -15 18 -17 17 -19 29 -21 -22 22 -24 24 25 -27 -28 28 -30 -31
leaf_value=0.038249449058022883 -0.025960889583038761 -0.0049090308517072412 0.061980672821117799 -0.024585864416130147 -0.0075496767193650562 0.0014908114912970671 -0.0041833849989435859 -0.0046553674015610393 -0.0034626311358961583 0.0044457830580941163 0.025582739784537289 -0.016966098330674164 -0.012393361223027734 0.02183491768852866 0.031735051947851936 0.0072671498363173137 -0.0060005970302967372 -0.046446392990646852 0.012034957606382811 0.0057137943332233043 0.010315642347945445 -0.021158289430826004 0.0038331757783143291 -0.018558929000887986 0.024028433550829412 -0.0094654233638518711 -0.029197984248944743 -0.013416452557713301 0.020205382813949513 0.039825561934570333
leaf_weight=39.424341663718224 174.34113017469645 1088.0644967909902 20.11328013241291 195.27354031056166 64.920168271288276 1451.1188573483378 171.36095725372434 1128.4222406279296 2913.6115790866315 1083.4536245185882 111.70943224430084 338.73414986766875 110.66493941284716 51.270565237849951 53.023339776322246 2457.3594878651202 239.18327312171459 18.67972169816494 37.368781711906195 497.27725637704134 465.54267015121877 42.414553167298436 1787.933958562091 107.39685914479196 24.993781745433807 42.679876334965229 90.698976239189506 19.209944367408752 82.965209547430277 45.838204186409712
leaf_count=209 2658 8779 129 1853 546 9645 1779 8661 22279 5656 493 4704 983 260 366 13960 1359 116 255 2813 2827 256 10368 1192 156 223 1000 125 405 214
internal_value=0.000365014 -0.00096785 0.00141362 -0.00441566 -0.00333057 0.00124173 -0.00339636 0.00312389 -0.00202729 -0.00131765 0.00608264 -0.00777597 0.00527788 -0.00349808 0.00442776 0.00512391 -0.0158378 -0.00896676 0.0107689 0.00823543 0.00640674 0.00235512 0.00325019 -0.0178311 -0.0102585 0.00284822 -0.0202096 0.0206852 0.0138283 0.0274341
internal_weight=14955 12127.2 7171.99 4955.23 4584.89 7151.87 2063.7 5088.17 4152.68 3997.07 2827.83 1426.8 2716.12 1179.69 2574.52 3908.48 432.204 257.863 633.508 550.301 636.904 1941.01 1830.35 370.344 175.071 67.6737 155.619 141.599 102.175 83.207
internal_count=104269 87782 50744 37038 33614 50615 18089 32526 29481 27935 16487 13483 15994 8921 15255 23605 4133 1475 3648 3179 4606 11607 10624 3424 1571 379 1546 739 530 469
is_linear=0
shrinkage=0.05


Tree=71
num_leaves=31
num_cat=0
split_feature=18 3 28 30 3 34 1 2 10 28 17 2 15 8 34 2 3 6 13 2 12 9 32 37 37 32 22 3 1 12
split_gain=41.1301 36.0698 26.4615 27.3833 26.0662 20.2182 19.3108 15.6856 14.4753 13.5831 12.3916 14.3604 12.0096 10.5597 12.0025 11.908 10.5513 10.1591 9.98046 8.82601 8.01581 7.98425 7.85165 7.84702 7.64627 7.30481 7.23015 6.56314 9.41088 6.49925
threshold=11.500000000000002 48.250000000000007 5.5000000000000009 433.00000000000006 67.15000000000002 2.5000000000000004 55.550000000000004 63.250000000000007 65.000000000000014 4.5000000000000009 1650.0000000000002 59.050000000000004 35.050000000000004 36.45000000000001 1.0000000180025095e-35 60.750000000000007 58.750000000000007 61.050000000000004 53.050000000000004 52.750000000000007 86.65000000000002 51.650000000000013 42.850000000000001 79.36142857142859 85.138500000000008 51.850000000000001 1.0000000180025095e-35 43.95000000000001 46.550000000000004 95.750000000000014
decision_type=2 2 2 2 2 10 2 2 2 2 2 2 2 2 10 2 2 2 2 2 2 2 2 2 2 2 2 2 2 2
left_child=12 2 3 21 5 8 7 -5 9 -3 24 -12 26 14 -14 16 22 -16 -10 -19 -18 23 -15 -2 -7 -4 -1 28 -27 -28
right_child=1 4 25 6 -6 10 -8 -9 18 -11 11 -13 13 15 17 -17 20 19 -20 -21 -22 -23 -24 -25 -26 27 29 -29 -30 -31
leaf_value=0.038925021753574471 -0.011057665063772058 0.0025970356304082132 -0.029887547379819426 -0.0043725792700011002 0.057282385754152877 -0.015182556790729083 0.003678122575004647 0.031357290055246304 0.015647221817795706 -0.0035431773765880574 -0.0026812140078000032 0.040308776533903801 0.035250217867964506 -0.012738590132200045 -0.007049949882653588 0.021423432100434812 0.0067010117407694169 0.0036649051418329321 0.0016455707878540325 0.021582226673953507 0.026158095477026435 -0.041648322691917719 0.0024137488113389434 -0.034376302335886851 0.013382745866365238 0.019458780479694626 0.02016031505875672 -0.0052536878596727505 -0.024717035375973421 -0.0094468716452243001
leaf_weight=37.490620031952858 360.22813697904348 4678.5107396692038 86.491885164752603 2996.2127413917333 20.667977049946785 333.16164562478662 1119.8147585131228 30.904380328953266 318.25620552152395 1114.7449006009847 447.27584747038782 20.202500302344561 50.650263581424952 89.451924124732614 75.349386908113956 91.060093779116869 177.7228811532259 125.14476024731994 213.50828843563795 154.60444929078221 76.027754884213209 26.883793126791716 1852.0503160785884 40.337779147550464 24.935870654881001 13.080847706645725 77.291241981089115 136.05041584745049 130.43441339768469 24.049201607704163
leaf_count=194 3304 30803 1321 23443 129 3596 5874 164 1460 8593 4796 138 292 1139 552 413 988 947 948 897 406 211 10143 618 281 120 391 1004 979 125
internal_value=0.000346077 -0.000921802 -0.00420942 -0.00317272 0.00134244 0.00117925 -0.00192914 -0.00400513 0.00214041 0.00141462 -0.0061778 -0.000804446 0.00577218 0.00502967 0.0124675 0.00370702 0.00296891 0.00919475 0.0100362 0.013589 0.0125584 -0.0152224 0.00171243 -0.0134264 -0.0131763 -0.0171463 0.0201201 -0.0131773 -0.020645 0.0130825
internal_weight=14942.6 12111.7 4940.44 4574.38 7171.26 7150.6 4146.93 3027.12 6325.02 5793.26 825.576 467.478 2830.89 2692.06 405.749 2286.31 2195.25 355.099 531.764 279.749 253.751 427.45 1941.5 400.566 358.098 366.058 138.831 279.566 143.515 101.34
internal_count=104269 87782 37038 33614 50744 50615 29481 23607 41804 39396 8811 4934 16487 15777 2688 13089 12676 2396 2408 1844 1394 4133 11282 3922 3877 3424 710 2103 1099 516
is_linear=0
shrinkage=0.05


Tree=72
num_leaves=30
num_cat=0
split_feature=4 3 30 28 0 7 36 36 36 0 36 30 10 21 28 8 32 9 6 8 1 30 7 36 32 15 4 3 0
split_gain=38.5928 32.4865 31.5691 30.2795 31.7083 24.1013 23.3008 14.0878 16.7925 13.2672 11.2039 9.94103 9.58859 8.49887 9.76008 8.27249 8.17738 20.1332 7.51674 8.68154 7.17722 6.6572 6.1176 5.72898 5.14555 6.57846 5.03224 5.14138 1.55154
threshold=90.250000000000014 67.15000000000002 431.00000000000006 4.5000000000000009 49.95000000000001 47.750000000000007 0.45000000000000007 0.29166666666666669 -1.0000000180025095e-35 49.850000000000001 0.77500000000000013 387.00000000000006 65.000000000000014 1.0000000180025095e-35 4.5000000000000009 22.950000000000003 56.050000000000004 50.350000000000001 61.050000000000004 31.350000000000005 58.250000000000007 503.00000000000006 49.150000000000013 0.45000000000000007 72.850000000000009 59.550000000000004 94.450000000000017 55.95000000000001 53.45000000000001
decision_type=2 2 2 2 2 2 10 10 10 2 10 2 2 2 2 2 2 2 2 2 2 2 2 8 2 2 2 2 2
left_child=1 2 9 4 5 -4 -6 8 -5 20 13 28 -13 14 18 -9 17 -16 21 -20 22 -2 -1 -18 25 26 -12 -28 -11
right_child=10 -3 3 7 6 -7 -8 15 -10 11 24 12 -14 -15 16 -17 23 -19 19 -21 -22 -23 -24 -25 -26 -27 27 -29 -30
leaf_value=-0.028546674967008974 0.0023144327366494996 0.063719900946406061 -0.0080180950510242589 -0.0081635190010034657 0.0050705764872888701 0.00082359943074402492 -0.0022316593032749594 0.007360402995492202 0.001670687289318366 -0.026175189258767148 0.01669811396951484 -0.0062396230758771862 0.017741276395272614 0.031517907702197791 -0.010227934165371294 -0.012082838618830864 -0.00051064146450525863 0.055681582788605494 0.029960861434162347 0.010491279480089065 0.01275112806729776 0.016331613199026662 -0.012835041393952418 -0.018888834634893426 0.015190894779455925 -0.031106368679454835 -0.003145223908582552 -0.035220734113361039 -0.054629015031397325
leaf_weight=128.12854481674731 512.85105974972248 19.453390525653958 1297.345185669139 746.26650797948241 4709.6431507859379 1896.4129187725484 1421.2321015931666 58.926486091688275 1035.9779598172754 12.546822572126986 22.080005541443825 691.35209838300943 44.16764572262764 37.052137203514576 26.510651931166649 703.24019412510097 203.28063102439046 20.314403284341097 61.66059272736311 855.92531501874328 16.699911136180162 101.71430955827236 123.65364488400519 53.690161161124706 22.688064821064472 29.674209274351597 55.439468786120415 16.206607230007648 9.4854505807161313
leaf_count=2006 2438 122 12885 8000 28026 14156 9005 535 6846 145 137 5591 210 164 212 5150 1023 144 292 4062 107 470 1436 276 101 167 359 102 102
internal_value=0.000328312 -0.000676382 -0.000774411 -4.65737e-05 0.00127222 -0.00276658 0.00337698 -0.00488145 -0.00244454 -0.00918825 0.00675675 -0.00579252 -0.00479057 0.00779819 0.00731508 -0.0105723 -0.00085672 0.0183172 0.0089386 0.0118082 -0.0187453 0.00464478 -0.0208585 -0.00437579 -0.00655761 -0.0106058 -0.00403566 -0.0105095 -0.0388427
internal_weight=14933.6 12914.5 12895.1 11869 9324.63 3193.76 6130.88 2544.41 1782.24 1026.03 2019.09 757.552 735.52 1873 1835.95 762.167 303.796 46.8251 1532.15 917.586 268.482 614.565 251.782 256.971 146.088 123.4 93.7261 71.6461 22.0323
internal_count=104269 94322 94200 84603 64072 27041 37031 20531 14846 9597 9947 6048 5801 9081 8917 5685 1655 356 7262 4354 3549 2908 3442 1299 866 765 598 461 247
is_linear=0
shrinkage=0.05


Tree=73
num_leaves=31
num_cat=0
split_feature=18 10 5 37 32 13 28 4 12 35 30 37 7 28 13 13 35 35 5 6 13 0 5 9 36 29 4 17 6 27
split_gain=37.0888 27.1624 23.1468 23.0426 21.2198 19.8767 17.1405 16.593 18.2074 15.1457 14.1618 13.1463 12.8109 12.7292 12.1254 13.0777 11.6844 11.5704 11.1075 10.8954 12.9334 11.0592 10.4843 10.3532 10.3441 11.9578 9.49166 9.48694 9.41792 8.96818
threshold=14.500000000000002 65.000000000000014 52.750000000000007 44.030750000000005 42.45000000000001 76.850000000000009 4.5000000000000009 88.850000000000009 98.050000000000011 33.400000000000013 461.00000000000006 82.783000000000015 58.95000000000001 2.5000000000000004 50.350000000000001 62.550000000000004 25.900000000000002 36.400000000000013 58.45000000000001 67.350000000000009 54.150000000000013 47.650000000000013 44.850000000000001 42.95000000000001 0.29166666666666669 53.500000000000007 94.450000000000017 1950.0000000000002 86.850000000000009 3.5000000000000004
decision_type=2 2 2 2 2 2 2 2 2 8 2 2 2 2 2 2 8 8 2 2 2 2 2 2 10 2 2 2 2 2
left_child=4 2 3 29 17 6 -5 8 12 23 24 16 27 -14 -3 -16 -12 -1 28 21 22 -19 -21 -10 26 -26 -4 -6 -9 -2
right_child=1 14 10 5 7 -7 -8 18 9 -11 11 -13 13 -15 15 -17 -18 19 -20 20 -22 -23 -24 -25 25 -27 -28 -29 -30 -31
leaf_value=-0.019494219696027496 -0.003598508563361226 0.016850888017063591 -0.0037651383838007745 -0.0047214069819744957 -0.0020244232882650811 0.04886576495884723 -0.012843068297558694 0.006885600448875439 -0.03064452114660764 0.018184521976616613 -0.00014031526797552202 -0.023443647434769458 0.019310032688589256 0.001806589634859953 0.00011228693190766141 0.039324171375115423 0.0071715674292662738 -0.03309451916357993 0.016946421827123168 0.013618374565478304 -0.012490356680108464 0.0048401432920447338 0.087954169954468697 0.0054716903747837765 0.022073706129175506 -0.020364686518139011 0.013679378567907683 0.0037592849169466357 -0.026378697171642797 0.016176950687612792
leaf_weight=156.01014379225671 86.975169641897082 242.35272362083197 898.78331651724875 3082.9953744504601 2439.3251511584967 16.196383479982615 824.64136293902993 799.3921824991703 20.053838830441236 260.59811852686107 1207.2419297844172 47.288089886307716 172.55221831053495 262.59886826574802 353.17135144770145 22.544165655970573 996.00611305236816 29.026698874309659 324.12517306953669 9.5410969462245721 12.858537908643482 55.901787493377924 9.8009833041578514 1153.4513022806495 18.471514090895653 149.88401037454605 85.196744672954082 999.21590415202081 21.706373520195484 165.88998136110604
leaf_count=2281 648 1144 5542 29011 15861 129 8559 3954 159 1601 6504 339 829 1374 1604 103 5625 600 1425 199 246 639 135 6963 109 868 384 6122 108 1204
internal_value=0.000311344 -0.0019461 -0.0027685 -0.00526254 0.00306338 -0.00620613 -0.00643691 0.0036418 0.0024627 0.00727578 0.000291285 0.00260072 0.000679384 0.00876163 0.00812995 0.00248827 0.00316302 -0.0105799 0.00910155 0.00125732 0.0260141 -0.00808996 0.0518015 0.00484769 -0.00421459 -0.0156684 -0.00224841 -0.000342204 0.00599704 0.00935651
internal_weight=14923.8 8197.64 7579.57 4176.7 6726.16 3923.83 3907.64 6453.02 5307.8 1434.1 3402.87 2250.54 3873.69 435.151 618.068 375.716 2203.25 273.139 1145.22 117.129 32.2006 84.9285 19.3421 1173.51 1152.34 168.356 983.98 3438.54 821.099 252.865
internal_count=104269 61773 58922 39551 42496 37699 37570 38396 32909 8723 19371 12468 24186 2203 2851 1707 12129 4100 5487 1819 580 1239 334 7122 6903 977 5926 21983 4062 1852
is_linear=0
shrinkage=0.05


Tree=74
num_leaves=31
num_cat=0
split_feature=18 3 2 3 4 34 1 34 36 5 8 18 3 36 18 1 30 15 15 12 17 6 33 7 33 16 3 18 7 2
split_gain=34.4876 34.1738 29.373 23.1971 23.4835 19.7006 15.4612 17.6052 16.2233 11.2197 11.0477 15.1592 11.9705 10.4093 9.83364 9.66569 8.59575 8.19392 8.15473 8.56442 9.73898 8.12441 7.13319 6.99184 6.92045 6.06939 6.02828 5.92284 5.36786 7.24652
threshold=10.500000000000002 44.850000000000001 63.150000000000013 67.15000000000002 89.450000000000017 2.5000000000000004 55.050000000000004 1.5000000000000002 0.29166666666666669 69.750000000000014 28.750000000000004 14.500000000000002 38.550000000000004 0.45000000000000007 15.500000000000002 52.050000000000004 413.00000000000006 63.850000000000001 35.650000000000013 99.850000000000009 2760.0000000000005 65.950000000000017 69.65000000000002 42.150000000000013 49.750000000000007 50.050000000000004 37.95000000000001 17.500000000000004 57.650000000000013 64.850000000000009
decision_type=2 2 2 2 2 10 2 10 10 2 2 2 2 10 2 2 2 2 2 2 2 2 2 2 2 2 2 2 2 2
left_child=9 6 3 4 5 -3 7 10 14 16 11 -2 -12 -6 26 17 24 -9 -18 22 -21 -11 -20 -10 -1 -16 -8 -25 -4 -30
right_child=1 2 28 -5 13 -7 8 15 23 21 12 -13 -14 -15 25 -17 18 -19 19 20 -22 -23 -24 27 -26 -27 -28 -29 29 -31
leaf_value=-0.03965162208067434 0.031821944768315284 0.00012904040854639119 0.023503645394781121 0.051470055911705781 0.0081797491135406717 -0.0073937578987020233 -0.0037580549904241648 -0.021591913951425054 -0.036842572085187174 0.0066783144136692979 -0.014028985348995949 -0.0029816307906312951 -0.0031916662406923793 -0.0013809471975705704 -0.003260026355019801 -0.0072848833080592246 0.020378518648550017 0.0051832836245003641 0.0021990240408267599 0.013380479553949913 -0.023849201376639581 0.040151536247960605 0.014396770088130624 -0.0051191053213585722 0.0049817716641547688 0.025759966728701317 0.013857003909075905 -0.031937320285228159 -0.010263966359637286 0.025292657773603268
leaf_weight=18.504494704306126 47.528265580534935 7026.9161192886531 163.00714988075197 22.092987917363644 1190.6659414544702 993.01983666792512 58.675292521715164 352.34041407704353 21.42508602142334 32.713284581899643 337.53482966125011 90.519869033247232 1047.3602007292211 373.00317086093128 307.48974378220737 289.4604718759656 96.741395123302937 30.736187502741814 1172.7759186215699 394.82875482365489 18.201995745301247 41.858127906918526 133.69750183820724 266.73944146931171 15.918898262083529 19.017870835959911 269.70425311475992 22.33529806509614 31.752995144575834 25.808007050305605
leaf_count=199 342 49205 814 132 5891 11266 317 4710 143 147 2405 803 7151 2056 1800 2527 492 334 6989 2200 107 190 593 1428 70 107 1439 131 160 121
internal_value=0.000295315 -0.000630143 0.000824114 0.000409241 0.000290473 -0.000801882 -0.00515249 -0.0074713 0.000115984 0.0065405 -0.00449061 0.00897898 -0.00583743 0.00589597 0.00458409 -0.0142119 0.00576996 -0.0194298 0.00624153 0.00544211 0.0117223 0.0255629 0.00345211 -0.00929022 -0.0189117 -0.00154704 0.0106941 -0.00721883 0.0188607 0.00560768
internal_weight=14912.4 12987.1 9826.27 9605.7 9583.61 8019.94 3160.87 2195.48 965.387 1925.24 1522.94 138.048 1384.9 1563.67 654.887 672.537 1850.67 383.077 1816.25 1719.5 413.031 74.5714 1306.47 310.5 34.4234 326.508 328.38 289.075 220.568 57.561
internal_count=104269 93282 69645 68550 68418 60471 23637 18272 5365 10987 10701 1145 9556 7947 3663 7571 10650 5044 10381 9889 2307 337 7582 1702 269 1907 1756 1559 1095 281
is_linear=0
shrinkage=0.05


Tree=75
num_leaves=31
num_cat=0
split_feature=4 30 34 18 1 9 9 6 28 0 17 16 33 30 9 37 33 28 27 33 13 4 30 33 2 2 30 15 0 6
split_gain=29.8462 27.9508 23.4883 25.1991 17.7774 18.8301 15.4656 15.1012 13.984 14.912 12.1949 15.6042 11.2212 10.8739 10.2255 10.5253 10.22 10.1821 11.121 9.25202 9.02233 14.382 8.66454 8.33525 7.80744 8.434 7.00938 7.00607 6.81875 7.12182
threshold=90.250000000000014 419.00000000000006 1.0000000180025095e-35 15.500000000000002 47.050000000000004 73.850000000000009 42.45000000000001 68.750000000000014 6.5000000000000009 45.350000000000001 1450.0000000000002 50.250000000000007 50.050000000000004 455.00000000000006 50.050000000000004 72.247071428571445 35.95000000000001 4.5000000000000009 5.5000000000000009 52.050000000000004 54.550000000000004 96.250000000000014 387.00000000000006 81.950000000000017 46.850000000000001 59.650000000000013 425.00000000000006 38.45000000000001 49.850000000000001 83.750000000000014
decision_type=2 2 8 2 2 2 2 2 2 2 2 2 2 2 2 2 2 2 2 2 2 2 2 2 2 2 2 2 2 2
left_child=1 22 7 4 5 -4 -6 10 9 -5 13 -12 14 -3 20 -16 -9 18 24 -18 -2 -22 -1 26 -14 -26 -20 -10 -24 -30
right_child=12 2 3 8 6 -7 -8 16 27 -11 11 -13 17 -15 15 -17 19 -19 23 -21 21 -23 28 -25 25 -27 -28 -29 29 -31
leaf_value=-0.040267080281150808 -0.011466955068634196 -0.003487849525016989 -0.0086320383559625596 -0.011624086376837837 -0.02327493961751843 0.046683489694333072 0.0016782879522374118 -0.020361462109329004 0.018488577282733159 -0.0029140886765382165 -0.0044304001649516714 0.028987865756892651 0.020023424019272873 0.010068816133281061 0.018172584872116863 0.056747735738649677 0.034355637100138364 -0.0045529462970797822 -0.015133114678521329 0.012447304239551831 0.053172845439229045 -0.0030962903456926028 -0.022278844987332066 0.040021271275316947 -0.0016563406756746083 0.01143017457675545 0.010788134624986088 -0.027786711859194176 -0.0094504815562314309 0.026257484447831388
leaf_weight=28.118540719151497 52.093820676207542 194.75703508779407 641.55726831965148 563.99763243272901 62.683229133486748 15.639733888208864 5482.8828439861536 18.269391588866711 8.8335633277893049 3846.7883194778115 601.04646527394652 36.961692437529564 56.112015582621098 608.05068745091558 128.47088557109237 20.666630197316408 65.603175532072783 293.10881002247334 27.093439385294914 187.14714300632477 18.350643325597048 29.109753224998713 110.30916077457368 23.436352327466011 667.56733655184507 150.79013875871897 567.81346330791712 86.197844661772251 301.00275352783501 14.48079049028456
leaf_count=383 441 1262 7066 7103 522 118 34913 224 88 28481 3537 214 248 3707 884 160 433 1450 130 860 139 242 1587 107 3036 656 2534 1074 2554 150
internal_value=-0.000280352 -0.00117002 -0.000724174 -0.00159388 0.00047264 -0.00730115 0.00139492 0.00471321 -0.00443973 -0.00402919 0.00267174 -0.00248231 0.00534651 0.00677379 0.0153022 0.0235861 0.0155428 0.0039566 0.00563096 0.0181649 0.00283106 0.0186212 -0.013356 0.0107644 0.00199455 0.000749967 0.00959687 -0.0234178 -0.0115581 -0.00778783
internal_weight=14908.9 12874.3 12420.4 10708.6 6202.76 657.197 5545.57 1711.84 4505.82 4410.79 1440.82 638.008 2034.61 802.808 248.692 149.138 271.02 1785.92 1492.81 252.75 99.5542 47.4604 453.911 618.343 874.469 818.357 594.907 95.0314 425.793 315.484
internal_count=104303 94276 89602 79365 42619 7184 35435 10237 36746 35584 8720 3751 10027 4969 1866 1044 1517 8161 6711 1293 822 381 4674 2771 3940 3692 2664 1162 4291 2704
is_linear=0
shrinkage=0.05


Tree=76
num_leaves=31
num_cat=0
split_feature=32 30 36 36 29 37 2 7 33 18 34 0 4 12 8 30 27 4 36 6 7 0 18 4 34 8 4 0 7 32
split_gain=36.3817 25.0037 23.4502 25.3828 23.11 18.4254 17.7656 16.7422 13.6415 12.1331 10.4263 10.4164 10.2621 10.1566 9.55676 9.37756 9.35635 11.204 9.28414 9.19564 10.1955 9.14884 8.9079 8.64068 8.4408 7.51201 7.45306 7.41001 7.25429 7.60815
threshold=42.850000000000001 433.00000000000006 -1.0000000180025095e-35 0.29166666666666669 58.250000000000007 71.753071428571445 58.750000000000007 57.750000000000007 52.650000000000013 13.500000000000002 1.5000000000000002 57.850000000000001 82.850000000000009 89.050000000000011 52.050000000000004 449.00000000000006 5.5000000000000009 75.450000000000017 0.36666666666666675 74.950000000000017 39.150000000000013 49.95000000000001 13.500000000000002 55.050000000000004 1.5000000000000002 50.95000000000001 84.65000000000002 61.850000000000001 51.250000000000007 29.750000000000004
decision_type=2 2 8 10 2 2 2 2 2 2 10 2 2 2 2 2 2 2 8 2 2 2 2 2 10 2 2 2 2 2
left_child=10 8 5 4 7 12 9 -4 21 -5 13 -8 27 28 -14 18 -17 -18 -15 -12 -21 22 -2 -6 -7 -26 -22 -3 -1 -30
right_child=1 2 3 6 23 24 11 -9 -10 -11 19 -13 14 15 -16 16 17 -19 -20 20 26 -23 -24 -25 25 -27 -28 -29 29 -31
leaf_value=-0.018613926966061383 -0.003011601211885824 -0.0034470437152951299 0.0018004577181275619 8.3554286164031036e-05 0.0007100801031364952 0.030236284302255109 0.010267976964972491 0.0081972640184853167 -0.0020133472573603171 -0.0073313687383082943 -0.026757310336645759 -0.00042250496656586205 -0.0052780861890744206 0.076110630943652224 0.016454349634647251 -0.014937487400341856 0.034457757803051735 -0.02699448097136227 0.005491827052134874 0.053040290275908647 -0.017761978835985799 -0.0082766864892137165 -0.02977405835428773 0.028917567495433474 -0.0076156334998431444 -0.021915288890656377 0.028782559111181511 -0.034922438785016628 0.042473418162532792 -0.005727413128735169
leaf_weight=160.03216084092855 42.919671261683106 837.25393446534872 6964.8040829021484 898.8844993263483 35.809136379510164 10.122776404023169 364.95442707836628 1199.8139310758561 705.58111353963614 1422.8221711926162 169.33539520576596 604.03514179587364 81.712260670959949 8.5735855996608716 131.35982082039118 50.181019734591246 27.614735297858715 9.9546131268143636 10.439177986234428 6.5528253950178614 64.088802915066481 366.75133894942701 117.26066752709448 117.19775702431798 164.79276898503304 211.78355095721781 9.7687583565711957 19.071714598685503 9.0893350280821306 74.779965229332447
leaf_count=2298 500 7335 43938 5043 198 71 1859 6158 3659 9801 3756 3089 613 118 903 664 380 120 143 202 1646 3791 2015 557 1917 2293 136 162 124 814
internal_value=-0.000267265 0.000238791 0.000881392 0.00163198 0.00310283 -0.00509876 -0.00208422 0.00274119 -0.00656813 -0.00445853 -0.0123238 0.00359938 -0.00171075 -0.00673878 0.00809803 0.00608749 -0.000768392 0.0180138 0.0378298 -0.0201398 -0.00612597 -0.0126561 -0.0226407 0.0223534 -0.0144523 -0.0156746 -0.0115076 -0.00415788 -0.0123739 -0.000399742
internal_weight=14897.3 14296.9 13064.4 11608.3 8317.62 1456.1 3290.7 8164.62 1232.51 2321.71 600.41 968.99 1069.4 350.665 213.072 106.763 87.7504 37.5693 19.0128 249.746 80.4104 526.932 160.18 153.007 386.699 376.576 73.8576 856.326 243.901 83.8693
internal_count=104303 93902 83937 70643 50851 13294 19792 50096 9965 14844 10401 4948 9013 4661 1516 1425 1164 500 261 5740 1984 6306 2515 755 4281 4210 1782 7497 3236 938
is_linear=0
shrinkage=0.05


Tree=77
num_leaves=31
num_cat=0
split_feature=5 0 13 3 36 21 30 17 28 6 8 33 36 30 7 36 8 34 7 1 8 13 20 30 3 31 3 4 35 0
split_gain=29.0895 22.9831 23.9085 18.277 17.8661 16.5989 13.8287 13.7645 15.4728 15.0929 14.7017 13.0321 12.4151 12.3069 11.7259 11.5649 15.4707 11.1985 10.3596 10.3454 10.1732 12.2063 16.8003 9.98769 9.73201 9.4191 9.15939 9.11872 8.44283 8.09904
threshold=44.850000000000001 50.150000000000013 58.850000000000001 43.95000000000001 -1.0000000180025095e-35 1.0000000180025095e-35 419.00000000000006 2550.0000000000005 4.5000000000000009 48.350000000000001 17.450000000000003 85.250000000000014 0.70833333333333337 431.00000000000006 47.95000000000001 0.22500000000000003 69.750000000000014 2.5000000000000004 59.95000000000001 51.550000000000004 24.850000000000005 49.550000000000004 1.0000000180025095e-35 431.00000000000006 63.150000000000013 6.5000000000000009 54.050000000000004 73.250000000000014 29.250000000000011 54.550000000000004
decision_type=2 2 2 2 8 2 2 2 2 2 2 2 10 2 2 10 2 8 2 2 2 2 2 2 2 8 2 2 10 2
left_child=1 2 13 12 20 6 -6 8 24 27 -11 -8 14 -1 28 16 -7 26 -15 -20 21 -5 -23 -16 -3 -25 -4 -10 -2 -26
right_child=3 7 17 4 5 15 11 -9 9 10 -12 -13 -14 18 23 -17 -18 -19 19 -21 -22 22 -24 25 29 -27 -28 -29 -30 -31
leaf_value=-0.027381969517428911 -0.0075679385899356426 0.00046202236725075019 0.024975099952612295 -0.0042592317268108394 -0.0095384689606191064 0.017551066398343026 0.0025796665392850368 0.021146134909114676 -0.00028542307643174232 0.037101195134331098 -0.011615934668761305 0.0278669550772014 -0.014814299835433017 -0.011649892692505763 -0.012825695938336563 0.0033199377008265064 0.062335583888870033 -0.011717270927129209 0.028299762867273932 -0.026400899458855438 -0.0062625950032715915 0.075490113856595181 -0.0011395022249737917 -0.00027604918388313729 0.055220044505751326 0.0092656650675865398 -0.0026636983646374859 0.054878709222019068 0.018892342280241819 0.0031132428531091918
leaf_weight=122.51617702282965 799.9439869876951 1342.317528354004 83.176218122243881 38.338644403964281 235.73999224975705 86.657003737986088 7583.2859915774316 67.223815575242043 15.283144168555738 15.783513676375149 562.3486573882401 51.240074843168259 197.41896824911237 932.15839055366814 124.08837167173624 87.529875360429287 24.986580401659012 55.624080264940858 31.494575526565313 11.725997103378175 820.18578362464905 14.801126029342413 13.506220187991858 1106.5558450538665 14.919295612722637 337.06701896339655 46.325917325913906 14.262443292886017 31.13242395222187 15.265189997851847
leaf_count=2046 5746 10475 746 407 1829 425 43941 449 164 208 5750 240 1429 11455 854 467 122 894 280 101 6790 140 135 6294 111 1959 391 127 230 98
internal_value=-0.000255158 -0.00437236 -0.00961955 0.000931371 0.00200245 0.00274317 0.00238156 -0.00108141 -0.00183956 -0.00848216 -0.0102711 0.0027504 -0.0027616 -0.0124238 -0.00176701 0.0169987 0.0276657 0.00698191 -0.0105372 0.013317 -0.00473143 0.0140183 0.0388767 0.000775465 0.00109823 0.00194884 0.0150551 0.0262704 -0.00656856 0.0291305
internal_weight=14882.9 3330.42 1283.02 11552.5 8956.27 8069.44 7870.27 2047.4 1980.18 607.678 578.132 7634.53 2596.21 1097.9 2398.79 199.173 111.644 185.126 975.379 43.2206 886.832 66.646 28.3073 1567.71 1372.5 1443.62 129.502 29.5456 831.076 30.1845
internal_count=104303 33295 15913 71008 54496 47024 46010 17382 16933 6249 5958 44181 16512 13882 15083 1014 547 2031 11836 381 7472 682 275 9107 10684 8253 1137 291 5976 209
is_linear=0
shrinkage=0.05


Tree=78
num_leaves=31
num_cat=0
split_feature=32 10 3 13 0 33 29 35 35 9 35 3 5 33 0 17 5 3 15 35 8 9 3 37 6 26 17 27 13 6
split_gain=32.4031 21.3713 21.3069 20.5406 19.5845 19.7903 16.6346 16.4219 13.9137 10.6364 10.2904 10.2117 12.9052 10.0405 9.11279 8.79658 8.63512 9.53089 7.71937 7.96954 8.17125 7.47735 8.83198 7.63927 6.86025 6.62769 7.40144 6.15649 7.74667 7.29657
threshold=42.850000000000001 77.500000000000014 58.850000000000001 63.050000000000004 46.850000000000001 72.65000000000002 59.750000000000007 1.6000000000000005 33.750000000000014 50.45000000000001 3.9000000000000008 47.350000000000001 54.45000000000001 63.250000000000007 54.650000000000013 2350.0000000000005 65.65000000000002 54.350000000000001 59.150000000000013 54.750000000000007 53.550000000000004 51.750000000000007 53.45000000000001 49.948285714285724 63.350000000000001 1.0000000180025095e-35 2150.0000000000005 4.5000000000000009 50.850000000000001 67.350000000000009
decision_type=2 2 2 2 2 2 2 10 10 2 8 2 2 2 2 2 2 2 2 8 2 2 2 2 2 2 2 2 2 2
left_child=11 2 3 4 10 -6 8 16 9 -4 -2 27 13 21 -10 -9 17 24 19 20 -14 23 -23 -13 -3 26 -5 -1 29 -29
right_child=1 7 6 25 5 -7 -8 15 14 -11 -12 12 18 -15 -16 -17 -18 -19 -20 -21 -22 22 -24 -25 -26 -27 -28 28 -30 -31
leaf_value=-0.030574386888630806 -0.022374573222285716 0.010980234205785184 0.0062915566803087132 0.0090208715738610053 -0.0011951566193973192 0.0059540425599258441 0.03467389395186269 -0.0012283123472228159 0.057465268492360104 -0.0025422596185712592 -0.0053762489082473429 0.010620238278580846 0.030008546092101337 -0.071719563190868446 0.010949866109834089 0.030003049451349975 0.040018988433081187 -0.00306301801569938 -0.018573649598871818 0.053439839321349394 -0.025130850459839722 0.06020994091401536 -0.0086411434171902446 -0.01427790327743127 0.041052652785971797 -0.018680729364446851 0.039635626785523383 -0.015623973867577688 -0.028211708377679612 0.014806622291512833
leaf_weight=87.106911022216082 94.821743365377188 38.28918008133769 1107.5897368174046 452.62486427277327 9032.1287294477224 1083.9946239590645 46.41994746029377 187.53780410438776 19.633463207632303 491.12870500981808 1499.3013192322105 34.783311877399683 17.564621847122911 6.4989056885242453 23.401162412017584 25.492819145321846 53.426754251122475 42.925680994987488 12.819829057902096 15.925379727035759 10.67315164580941 8.1179654262959975 10.464161638170479 252.23126242309809 38.833511546254158 20.264968935400248 20.675870964303613 50.442530954256654 53.665770415216684 32.074699634686112
leaf_count=1655 700 167 7205 2869 59212 4577 234 820 153 3035 13817 494 183 33 160 112 235 186 109 188 111 115 130 5050 169 125 126 778 986 569
internal_value=-0.00024334 0.000231744 -9.05949e-05 -0.000819259 -0.0012408 -0.000428538 0.0051737 0.0118274 0.00433448 0.00357468 -0.00639182 -0.0117013 -0.00657208 -0.0105769 0.0323713 0.00249793 0.0232472 0.0157144 0.0152546 0.0252071 0.00897569 -0.00923718 0.0213314 -0.0112404 0.0262209 0.00917018 0.0103769 -0.0201504 -0.0134287 -0.00373138
internal_weight=14870.9 14278.5 13892 12203.8 11710.2 10116.1 1688.17 386.506 1641.75 1598.72 1594.12 592.369 369.079 312.096 43.0346 213.031 173.475 120.048 56.983 44.1632 28.2378 305.597 18.5821 287.015 77.1227 493.566 473.301 223.29 136.183 82.5172
internal_count=104303 93902 92213 81426 78306 63789 10787 1689 10553 10240 14517 10401 6413 5822 313 932 757 522 591 482 294 5789 245 5544 336 3120 2995 3988 2333 1347
is_linear=0
shrinkage=0.05


Tree=79
num_leaves=31
num_cat=0
split_feature=34 1 34 29 28 30 1 37 17 3 3 30 17 16 28 9 2 9 33 6 6 0 1 12 13 2 1 30 28 0
split_gain=24.2796 27.3651 22.8838 20.3515 29.276 19.7499 17.9803 16.5378 16.1267 15.5843 15.4522 13.8268 16.9307 14.9672 13.3263 14.0474 11.4449 10.6351 9.75152 9.65127 9.21099 8.94861 8.8272 8.82546 8.37999 11.6576 8.3084 8.03204 9.00209 7.91327
threshold=1.0000000180025095e-35 47.050000000000004 1.5000000000000002 59.750000000000007 4.5000000000000009 419.00000000000006 58.650000000000013 68.338500000000025 1350.0000000000002 55.95000000000001 57.850000000000001 455.00000000000006 1450.0000000000002 50.150000000000013 6.5000000000000009 48.350000000000001 63.95000000000001 58.850000000000001 54.850000000000001 68.750000000000014 48.350000000000001 46.150000000000013 52.750000000000007 77.350000000000009 50.150000000000013 54.750000000000007 40.95000000000001 431.00000000000006 2.5000000000000004 46.250000000000007
decision_type=8 2 8 2 2 2 2 2 2 2 2 2 2 2 2 2 2 2 2 2 2 2 2 2 2 2 2 2 2 2
left_child=7 2 8 4 5 10 -7 11 -2 24 -3 22 19 16 15 -6 -14 27 -9 20 -13 -10 -1 -21 -5 -26 -23 -4 -29 -11
right_child=1 3 17 9 14 6 -8 18 21 29 -12 12 13 -15 -16 -17 -18 -19 -20 23 -22 26 -24 -25 25 -27 -28 28 -30 -31
leaf_value=0.00051820892475833527 0.0067055724962343036 -0.01490210821936635 -0.036809078382841309 -0.0069397840619623693 -0.022943851571054115 0.00023120666828886044 0.0073178091792128258 0.058591481171039739 0.0045337756471756216 0.0082414705093557614 0.012027206879669404 0.015709629413333637 -0.002001327126587123 0.026669688106742612 -0.017751658874978482 -0.0036051839815888264 0.03057552695079771 0.022250884966460875 0.016954757945237077 0.0080206241625098342 0.0046742139944142202 -0.032863800156483096 -0.014662443845946824 0.049017430844145976 0.0055821737980663796 0.040613007399921366 -0.0094101322268001705 7.56554602001512e-05 -0.019257016217958223 0.045081381311038844
leaf_weight=341.04301542788744 281.55786431767046 324.11357276700437 51.728555958718061 76.515109404921532 99.290743008255959 7707.8570005036891 1012.8420406766236 19.103773213922977 100.72981467470527 21.634520776569843 63.45778295584023 341.85351313650608 750.80389844998717 52.740509662777185 217.30405844561756 1744.502048753202 27.856513991951942 16.666840679943562 55.390833877027035 23.461894929409027 427.23269479721785 43.324626073241234 132.72821797803044 30.822411090135574 102.65950368903577 31.003497689962387 304.8895777054131 72.739418540149927 335.77351501025259 47.355152558535337
leaf_count=2214 2644 3087 1100 484 862 50834 4921 130 1054 124 570 2098 4230 289 2203 12743 131 180 242 134 2367 555 670 168 539 143 2794 944 5622 227
internal_value=-0.000231906 -0.00107549 -0.0082346 -0.000319959 -0.000653719 0.000563504 0.00105491 0.00461186 -0.00266393 0.0130112 -0.0104781 0.00379798 0.00595535 0.000915478 -0.00603499 -0.0046505 -0.000825696 -0.0167546 0.0277636 0.0110376 0.00958729 -0.00855139 -0.00372633 0.0314377 0.00620671 0.0137693 -0.0123512 -0.0181825 -0.0158032 0.0336297
internal_weight=14859 12655.9 1207.41 11448.5 11169.4 9108.27 8720.7 2203.04 730.502 279.168 387.571 2128.54 1654.77 831.401 2061.1 1843.79 778.66 476.908 74.4946 823.371 769.086 448.944 473.771 54.2843 210.178 133.663 348.214 460.241 408.513 68.9897
internal_count=104303 91630 14893 76737 75220 59412 55755 12673 7047 1517 3657 12301 9417 4650 15808 13605 4361 7846 372 4767 4465 4403 2884 302 1166 682 3349 7666 6566 351
is_linear=0
shrinkage=0.05


Tree=80
num_leaves=31
num_cat=0
split_feature=34 7 3 33 7 27 4 31 3 15 1 7 9 15 7 13 7 15 37 31 15 30 7 17 14 37 5 17 33 4
split_gain=32.5381 26.2995 21.1326 19.761 18.8252 17.1381 17.0433 15.1506 15.0387 17.7965 13.8083 12.8537 9.97135 10.1414 10.7906 12.0458 10.5146 12.6544 10.2317 9.26133 11.692 11.0926 10.2498 9.0056 9.66127 8.6856 11.6389 8.03791 8.02827 15.2712
threshold=2.5000000000000004 43.350000000000001 55.150000000000013 28.450000000000003 67.450000000000017 6.5000000000000009 67.65000000000002 -5.4999999999999991 59.350000000000001 56.650000000000013 59.150000000000013 61.750000000000007 48.45000000000001 41.45000000000001 40.650000000000013 58.95000000000001 44.550000000000004 51.95000000000001 78.564285714285731 4.5000000000000009 63.45000000000001 521.00000000000011 41.150000000000013 2550.0000000000005 51.650000000000013 60.82564285714286 51.650000000000013 1750.0000000000002 61.850000000000001 50.850000000000001
decision_type=10 2 2 2 2 2 2 8 2 2 2 2 2 2 2 2 2 2 2 8 2 2 2 2 2 2 2 2 2 2
left_child=1 6 4 -2 7 23 8 -3 -1 -10 -9 -7 -5 14 18 -16 27 -18 -14 20 21 -8 -22 24 -4 -21 -27 -15 29 -6
right_child=3 2 5 12 28 11 19 10 9 -11 -12 -13 13 16 15 -17 17 -19 -20 25 22 -23 -24 -25 -26 26 -28 -29 -30 -31
leaf_value=-0.012814905993898779 -0.025310438241888181 -0.0055274243048044989 0.003690150487762966 -0.023423499033847134 0.036170067155196883 0.010458640564669809 0.00089221733898573689 4.8166745520740776e-05 -0.00132132664902919 0.058294437097731459 0.0089878472554971705 0.037822648460566342 0.0049493149084704167 -0.022190339213946225 -0.0036312717443992767 0.027527960025581 -0.0093037301674893502 0.0022341043614286359 0.078667173070397223 -0.021575157624641936 -0.00078961616877580684 -0.031688494142478422 0.035814975022368238 0.01772428186301064 -0.0062527819903356475 -0.01423290331280073 0.025880583614697507 -0.0059199524258212923 0.026354615666194681 -0.0062108023797289077
leaf_weight=725.67164950072765 133.54673005081713 1162.5147627145052 1987.3099293578416 72.086528956890106 29.667993173003197 548.13456683978438 676.07600940018892 6673.1091145984828 67.564594471827149 15.223325569182633 461.83715972676873 46.682877700775862 9.80701299197972 155.29872051626444 170.75461754202843 37.766627537086606 474.62844189070165 474.73787046596408 9.2618695106357318 92.200167678296566 33.14526885561645 27.071110710501671 44.265216309577227 101.07950559258461 278.13857042044401 46.741318082436919 29.333850488066673 150.65178781375289 90.882805287837982 73.853284038603306
leaf_count=6886 4150 7790 12064 703 172 3466 4833 43103 610 113 2184 230 93 1728 1366 276 4275 3730 115 682 197 187 262 540 1761 420 172 1568 393 427
internal_value=-0.000314654 0.000520391 0.00139461 -0.00685033 0.000125672 0.00503155 -0.00517424 -0.000234167 -0.0105086 0.0096378 0.000627641 0.0126206 -0.00526019 -0.00437235 0.00532512 0.0019987 -0.00613478 -0.00352925 0.041239 -0.000623164 0.00166523 -0.000359355 0.0200965 0.00312149 0.00246699 -0.0112624 0.0011825 -0.0141996 0.0155021 0.00590999
internal_weight=14899 13210.5 11453.2 1688.54 8491.87 2961.35 1757.29 8297.46 808.46 82.7879 7134.95 594.817 1554.99 1482.91 227.59 208.521 1255.32 949.366 19.0689 948.833 780.558 703.147 77.4105 2366.53 2265.45 168.275 76.0752 305.951 194.404 103.521
internal_count=104496 86492 72130 18004 54069 18061 14362 53077 7609 723 45287 3696 13854 13151 1850 1642 11301 8005 208 6753 5479 5020 459 14365 13825 1274 592 3296 992 599
is_linear=0
shrinkage=0.05


Tree=81
num_leaves=31
num_cat=0
split_feature=34 3 7 31 32 10 36 36 30 1 7 6 29 30 18 17 13 5 7 0 17 8 9 1 7 14 8 35 5 1
split_gain=29.5316 24.24 27.8833 17.7534 17.4619 16.1148 17.0724 15.058 14.7011 14.598 13.8471 11.2714 14.746 11.2434 11.1106 11.4691 11.0457 10.8211 10.2692 10.2442 8.85836 10.4978 8.54359 7.81026 7.64986 7.55489 7.71208 6.89215 6.88171 6.79665
threshold=2.5000000000000004 58.550000000000004 45.250000000000007 4.5000000000000009 52.850000000000001 77.500000000000014 0.45000000000000007 0.55000000000000016 421.00000000000006 56.850000000000001 66.050000000000011 81.15000000000002 57.750000000000007 419.00000000000006 10.500000000000002 2870.0000000000005 70.050000000000011 52.750000000000007 60.350000000000001 43.95000000000001 2450.0000000000005 51.45000000000001 42.95000000000001 60.150000000000013 37.750000000000007 37.350000000000001 72.65000000000002 9.1000000000000032 39.050000000000004 52.650000000000013
decision_type=10 2 2 8 2 2 10 8 2 2 2 2 2 2 2 2 2 2 2 2 2 2 2 2 2 2 2 8 2 2
left_child=1 2 3 13 9 6 8 -7 -4 16 -8 12 -11 -1 25 22 18 -5 28 -15 24 -22 -16 -24 -3 -6 -27 -19 -2 -9
right_child=4 20 5 17 14 7 10 29 -10 11 -12 -13 -14 19 15 -17 -18 27 -20 -21 21 -23 23 -25 -26 26 -28 -29 -30 -31
leaf_value=-0.024110886278545171 -0.039932364010755443 -0.022024616047895119 -0.0094976768009471541 -0.016437632271670565 -0.0085477764923274392 0.0015187134581064262 -0.0045074000686187079 0.03793105480759041 0.0021940606363103111 0.0044414225242059395 0.01982475790631727 -0.017873633177721403 0.082486638086732247 -0.015095745728938213 -0.03360646290659669 0.034167706501563311 0.05178341462072894 -0.018225473726102788 0.027016387698556618 -0.00054558892519302295 0.038152329630236834 0.0051753882930091304 -0.0074827396865138887 0.0040727128884521504 0.0055985917242459479 0.019422305257563742 -0.013123341740207562 0.0012674813002068132 -0.019822168171807368 0.015176244631877878
leaf_weight=57.535229241475463 52.838183470070362 25.300097269937396 280.02125639468431 448.21768216975033 51.672032937407494 148.15698277950287 1777.1116696335375 56.271185800433159 6614.3053361475468 19.007970541715622 60.295440927147865 22.202751712873578 8.893410015851261 130.88196887262166 28.031755339354277 17.597520256415009 5.0611847043037406 59.447291247546673 10.240540249273179 1596.3102010674775 45.70393368974328 51.943477690219879 925.00187593698502 173.0180299282074 1585.2683569062501 108.73013486340642 21.594426248222589 188.52965142205358 236.48540941998363 81.890817850828171
leaf_count=596 1568 232 2289 4582 279 642 11627 247 40716 225 333 285 91 1471 264 114 99 314 175 11449 252 274 8002 919 9914 629 121 1198 5233 356
internal_value=-0.000299854 0.000494138 -0.000331074 -0.0050255 -0.006543 0.000959877 0.000576468 0.0126308 0.00171833 -0.0163991 -0.00370517 0.00852662 0.0297022 -0.00238 -0.0039008 -0.00572937 -0.0205167 -0.0117988 -0.0217718 -0.00165187 0.00605173 0.0206847 -0.00636028 -0.00565716 0.00516022 0.00755914 0.0139853 -0.00339086 -0.0235246 0.0245008
internal_weight=14887.6 13207.2 11499 2480.92 1680.38 9018.05 8731.73 286.319 6894.33 354.729 1837.41 50.1041 27.9014 1784.73 1325.65 1143.65 304.625 696.195 299.564 1727.19 1708.22 97.6474 1126.05 1098.02 1610.57 181.997 130.325 247.977 289.324 138.162
internal_count=104496 86492 75820 19610 18004 56210 54965 1245 43005 7676 11960 601 316 13516 10328 9299 7075 6094 6976 12920 10672 526 9185 8921 10146 1029 750 1512 6801 603
is_linear=0
shrinkage=0.05


Tree=82
num_leaves=31
num_cat=0
split_feature=34 3 33 36 9 31 0 27 8 30 6 17 5 12 6 8 0 13 4 2 16 0 9 15 8 5 36 4 5 22
split_gain=26.8189 21.9659 17.7189 16.6165 16.8894 15.4352 14.8956 13.963 13.2493 13.1371 11.9436 14.0081 11.3841 10.6703 10.4299 10.3612 11.8606 9.29494 11.1578 9.09943 8.8588 8.78334 10.1976 8.73906 8.92639 7.39609 7.23446 6.94261 6.90325 7.26326
threshold=2.5000000000000004 55.150000000000013 28.450000000000003 0.70833333333333337 46.050000000000004 9.5000000000000018 49.45000000000001 6.5000000000000009 85.65000000000002 475.00000000000006 68.750000000000014 1950.0000000000002 46.850000000000001 68.250000000000014 77.050000000000011 78.550000000000011 51.150000000000013 46.650000000000013 47.150000000000013 51.750000000000007 49.550000000000004 33.650000000000013 48.45000000000001 41.45000000000001 51.750000000000007 61.850000000000001 inf 54.650000000000013 40.250000000000007 1.0000000180025095e-35
decision_type=10 2 2 10 2 10 2 2 2 2 2 2 2 2 2 2 2 2 2 2 2 2 2 2 2 2 8 2 2 2
left_child=1 3 28 4 -1 14 9 8 10 -6 20 -12 -8 25 19 16 -15 18 -7 -5 -3 -4 -23 27 -25 -9 -10 -24 -2 -30
right_child=2 7 21 5 6 17 12 13 26 -11 11 -13 -14 15 -16 -17 -18 -19 -20 -21 -22 22 23 24 -26 -27 -28 -29 29 -31
leaf_value=-0.016206791254363178 -0.042083815266273222 0.025599806106603187 0.033227500201383008 -0.022140338368333706 -0.0075164396994125034 -0.0024569488026443698 -0.0019780631034936199 0.00016793287971424053 -0.033313843175860662 0.00030886366126458903 0.0034972836161437683 0.016004771156695158 0.0026373276773278293 -0.001211842759871188 0.0054385563373032892 0.038515422218349929 0.019593152913211676 0.0011259969130021454 0.061352654669962009 -0.0086190198528197648 -0.00069309621990866314 -0.023867956072189223 0.023813253289403282 -0.0017450210854213048 -0.010265451164192179 0.019050429055332413 -0.0044626746294969318 0.00071801238713565358 0.0057021216391810485 -0.025481753653144909
leaf_weight=159.93221018090844 37.938167864456773 32.676676729694009 14.931441491469739 170.52807208523154 1028.2675950098783 11.246939444914462 1849.9226057101041 270.94534718617797 37.455852001905441 1118.5014142096043 885.41498594917357 300.31728788465261 4800.8325109500438 99.995288537815213 95.567932225763798 45.669056950137019 214.34699750505388 63.706172889098525 16.835107976570725 469.83900195732713 1414.8236941099167 69.409649388864636 39.477500349283218 632.56165705621243 601.05365918390453 64.197669930756092 52.773080352693796 185.91028206422925 25.91685738787055 64.307138200849295
leaf_count=1410 1415 221 192 1691 8622 126 14682 1841 198 8028 5715 1744 25659 773 701 252 1277 475 161 3320 8989 695 374 5927 5214 298 309 1452 795 1940
internal_value=-0.000285902 0.000469137 -0.00625287 -0.000735851 -0.000108914 -0.00751356 0.000183345 0.00391958 0.00230262 -0.00343718 0.00295003 0.00667043 0.00135278 0.0102461 -0.00992871 0.0162261 0.0129607 0.0117858 0.0357013 -0.0122304 -9.43642e-05 -0.00476447 -0.00514104 -0.00424514 -0.00590097 0.00380445 -0.0165184 0.00479417 -0.0241197 -0.0164724
internal_weight=14875.3 13203.8 1671.51 9785.18 8957.46 827.723 8797.52 3418.62 2723.46 2146.77 2633.23 1185.73 6650.76 695.154 735.935 360.011 314.342 91.7882 28.082 640.367 1447.5 1543.34 1528.41 1459 1233.62 335.143 90.2289 225.388 128.162 90.224
internal_count=104496 86492 18004 64875 58401 6474 56991 21617 17176 16650 16669 7459 40341 4441 5712 2302 2050 762 287 5011 9210 13854 13662 12967 11141 2139 507 1826 4150 2735
is_linear=0
shrinkage=0.05


Tree=83
num_leaves=31
num_cat=0
split_feature=7 5 33 9 7 36 31 10 36 37 0 36 9 6 12 30 15 29 1 32 15 9 8 2 27 23 32 2 5 8
split_gain=26.9157 23.5327 20.5291 17.9666 16.9407 15.9475 15.4589 14.1844 17.4305 13.9859 13.0249 12.3691 12.3525 11.4632 14.7997 9.45983 9.1849 8.90267 8.87275 8.41343 8.39255 11.1338 8.95443 8.3714 8.29553 9.83431 8.03339 7.75602 7.51294 7.35492
threshold=43.350000000000001 41.95000000000001 28.050000000000004 46.050000000000004 66.950000000000017 0.55000000000000016 3.5000000000000004 77.500000000000014 0.55000000000000016 71.084285714285741 45.45000000000001 0.70833333333333337 49.650000000000013 64.350000000000009 54.300000000000004 497.00000000000006 50.350000000000001 53.500000000000007 56.050000000000004 54.250000000000007 63.45000000000001 50.650000000000013 72.15000000000002 57.350000000000001 6.5000000000000009 1.0000000180025095e-35 49.650000000000013 61.750000000000007 67.15000000000002 76.950000000000017
decision_type=2 2 2 2 2 8 10 2 8 2 2 10 2 2 2 2 2 2 2 2 2 2 2 2 2 2 2 2 2 2
left_child=2 9 -1 10 7 6 20 11 -9 13 -3 -5 23 27 -15 24 19 -8 -16 -11 22 -22 -4 -6 26 -26 -7 -2 -14 -19
right_child=1 3 5 4 12 15 17 8 -10 16 -12 -13 28 14 18 -17 -18 29 -20 -21 21 -23 -24 -25 25 -27 -28 -29 -30 -31
leaf_value=-0.029466341010588155 -0.0085306068937807678 0.027250896541173644 0.0046161092788504386 0.0015159739372818772 0.040887214583458648 -0.026781127277171819 0.01502098441200257 0.00049890517021099559 0.023427249305971478 -0.040111633103998422 -0.017004572378216908 -0.0047877975737854895 0.0020438157717686833 -0.01324748629849859 0.0026620687199559608 -0.022680091185499598 -0.0061900214602634285 -0.015161332435438733 0.020044091784989355 -0.014708965654694784 0.0072736287796472763 0.053286908872805773 -0.009441638673138469 0.0087091984327970912 -0.0036617442984676549 0.026436507952457861 -0.008465480359350833 0.026977639272724542 0.028269692344215391 0.0072640759563801132
leaf_weight=86.089781124144793 623.21448309347034 18.040793102234602 563.41226119920611 9607.0785413067788 56.268487315624952 69.087718769907951 33.365188665688038 173.63569309562445 159.31523334234953 53.207053350284696 190.91184657812119 846.36754864640534 158.55682527273893 126.51356213912368 388.38150641322136 119.43786603398621 138.50580935925245 265.66942314431071 90.743117701262236 86.977387173101306 45.965867951512337 18.52730818092823 141.53964394889772 32.30606596916914 184.75156769156456 31.698481783270836 464.88139467313886 15.608825359493492 33.034565933048725 42.011142989620566
leaf_count=2541 5962 193 4352 59534 286 1131 270 756 696 1340 1590 5966 817 1187 3777 994 1840 2043 541 866 293 108 982 148 1680 283 3785 102 151 282
internal_value=-0.000272531 0.000582034 -0.00556754 0.0013704 0.0016451 -0.00452465 -0.000548589 0.00132924 0.0114887 -0.00525046 -0.0131485 0.00100507 0.0137832 -0.00297755 0.00194427 -0.00959425 -0.0153772 -0.00941193 0.00596804 -0.0244079 0.00337418 0.0206316 0.00178558 0.0292303 -0.00750208 0.000733141 -0.0108492 -0.0076511 0.00660421 -0.0120817
internal_weight=14865.1 12798.7 2066.44 11275.5 11066.6 1980.35 1110.49 10786.4 332.951 1523.15 208.953 10453.4 280.166 1244.46 605.638 869.857 278.69 341.046 479.125 140.184 769.445 64.4932 704.952 88.5746 750.419 216.45 533.969 638.823 191.591 307.681
internal_count=104496 85752 18744 70137 68354 16203 8330 66952 1452 15615 1783 65500 1402 11569 5505 7873 4046 2595 4318 2206 5735 401 5334 434 6879 1963 4916 6064 968 2325
is_linear=0
shrinkage=0.05


Tree=84
num_leaves=31
num_cat=0
split_feature=18 37 3 7 7 31 35 6 30 13 32 18 33 0 18 6 3 31 9 35 0 32 7 7 35 30 0 35 3 7
split_gain=24.6732 22.6239 22.3794 21.5858 16.7416 14.2435 13.518 10.7733 10.657 10.0548 9.40237 9.35701 8.57796 11.1467 10.7761 9.53552 8.57204 8.34309 8.30254 11.2896 9.86211 8.15825 7.67411 7.66946 7.58062 7.57773 11.5715 7.475 7.06861 6.77164
threshold=10.500000000000002 78.008571428571443 58.550000000000004 45.250000000000007 66.050000000000011 4.5000000000000009 0.20000000000000007 78.450000000000017 415.00000000000006 76.850000000000009 55.050000000000004 17.500000000000004 63.050000000000004 54.45000000000001 7.5000000000000009 72.350000000000009 55.45000000000001 -5.4999999999999991 50.850000000000001 30.400000000000006 62.350000000000001 77.250000000000014 44.650000000000013 35.45000000000001 2.100000000000001 499.00000000000006 55.250000000000007 2.9000000000000008 60.050000000000004 53.850000000000001
decision_type=2 2 2 2 2 8 8 2 2 2 2 2 2 2 2 2 2 8 2 10 2 2 2 2 8 2 2 10 2 2
left_child=8 2 3 5 6 7 -5 -2 -1 10 29 24 13 14 15 -10 -16 -6 20 21 28 -20 -15 -7 -12 -14 -27 -24 -4 -3
right_child=1 9 18 4 17 23 -8 -9 12 -11 11 -13 25 22 16 -17 -18 -19 19 -21 -22 -23 27 -25 -26 26 -28 -29 -30 -31
leaf_value=-0.01934918220129167 -0.0044996933123883061 -0.021008259352703423 0.011797459500738454 0.036967720391397743 -0.011559506419780237 -0.042846278135209484 -0.00059539657492481456 0.0088530775502569693 7.9752291533678795e-05 0.04138545404332631 -0.028045538226076146 -0.021816524733349399 0.014065330109078811 -0.019367726704737079 0.0055965822441240171 -0.032417747753448557 0.01754355687036032 0.015698533122707012 -0.0057853585386914604 0.038772976106215329 0.029282579471394385 0.025521379519321832 -0.011595755357390691 -0.011013120110840732 -0.0026936471710721356 -0.011327195266598415 0.025046064797105239 0.0048985884605426992 0.0034577803277416885 -0.00037775343997463473
leaf_weight=43.644707273691893 1497.6580773293972 206.23930217325687 378.76268465444446 23.921761278063059 31.68429683893919 19.577446794137359 7794.9416619390249 167.69185900129378 102.91462711431086 9.9743730872869474 30.90445270948112 81.968495070934296 417.59747317433357 65.470930421724916 652.01233909837902 28.705776968970895 196.026735490188 229.96952694654465 308.77609812654555 16.339545270428061 48.204069830477238 22.171221658587456 102.34749161452055 601.29864121973515 629.5342655852437 75.97023332118988 30.573906123638153 208.16353458166122 780.13273369148374 49.892728716135025
leaf_count=327 12175 4989 2529 119 168 236 51003 1126 637 82 188 746 1796 419 4337 182 1197 1186 1978 126 254 97 491 5515 4963 325 137 1160 5130 878
internal_value=-0.000259799 -0.00104612 -0.000437314 -0.00127658 -6.23428e-05 -0.00556585 -0.000479362 -0.00315169 0.0050232 -0.00823683 -0.00874161 -0.00588008 0.00559274 0.00348668 0.00629722 -0.00698907 0.0083658 0.0123755 0.00515656 -0.00164415 0.00711726 -0.00366584 -0.00382289 -0.0120317 -0.00389159 0.0110286 -0.000828941 -0.000523995 0.00618854 -0.0170108
internal_weight=14853.1 12929.6 11921.1 10366.7 8080.52 2286.23 7818.86 1665.35 1923.43 1008.51 998.539 742.407 1879.78 1355.64 979.659 131.62 848.039 261.654 1554.39 347.287 1207.1 330.947 375.982 620.876 660.439 524.142 106.544 310.511 1158.9 256.132
internal_count=104496 93488 81642 71528 52476 19052 51122 13301 11008 11846 11764 5897 10681 8423 6353 819 5534 1354 10114 2201 7913 2075 2070 5751 5151 2258 462 1651 7659 5867
is_linear=0
shrinkage=0.05


Tree=85
num_leaves=31
num_cat=0
split_feature=18 33 7 26 28 4 10 8 3 4 9 3 31 37 4 34 28 14 27 9 13 3 3 37 7 6 28 8 8 37
split_gain=24.0644 23.4197 20.4816 16.8605 16.0778 18.1685 15.6941 14.158 14.1243 18.2551 16.9791 11.3573 11.1274 10.1211 9.16746 9.16352 8.93311 8.86441 8.86 7.88704 7.74352 9.60334 7.03132 6.95086 6.48125 6.35351 5.99655 6.85485 5.95275 5.89274
threshold=11.500000000000002 53.850000000000001 59.750000000000007 1.0000000180025095e-35 5.5000000000000009 67.050000000000011 55.000000000000007 34.95000000000001 50.95000000000001 82.850000000000009 74.15000000000002 44.550000000000004 6.5000000000000009 69.934285714285735 86.65000000000002 1.5000000000000002 3.5000000000000004 43.850000000000001 6.5000000000000009 75.050000000000011 46.250000000000007 59.350000000000001 41.95000000000001 55.468571428571437 67.450000000000017 61.45000000000001 6.5000000000000009 33.750000000000007 83.450000000000017 49.879428571428583
decision_type=2 2 2 2 2 2 2 2 2 2 2 2 8 2 2 8 2 2 2 2 2 2 2 2 2 2 2 2 2 2
left_child=7 2 6 4 5 11 8 -1 10 -10 -2 -3 14 16 18 -7 -8 -15 -4 20 21 25 -14 -16 -24 -9 27 -6 29 -5
right_child=1 3 12 28 26 15 13 19 9 -11 -12 -13 22 17 23 -17 -18 -19 -20 -21 -22 -23 24 -25 -26 -27 -28 -29 -30 -31
leaf_value=0.012907929403133067 -0.009085189891160755 -0.0073337338300392216 -0.0089872528054536199 0.0077048491231803797 0.01231657730191498 0.0055414244194272816 0.017333485775011717 -0.025912555206071299 -0.0044546931318294259 0.0088404755466373018 0.01882292930348713 0.00027863706712265784 -0.01013680732066074 0.0038211313145143314 0.0048451671929350404 0.00069637559034142521 -0.011255694626768203 0.049295384373836258 0.014103300498799893 -0.023086560199280643 0.0038363233258629226 0.024363689324693506 0.019965601910058098 0.049054439834687068 0.053499342825027031 -0.0045448183929181251 -0.026569078820173127 -0.011709891880665107 -0.030812533462477722 -0.011113204714174665
leaf_weight=392.21093175932765 1999.0013082697988 642.68212588131428 140.27524635381997 49.279720023274422 36.104490861296654 2613.4024865329266 52.830119557678699 47.659169275313616 1669.5018378384411 305.13347636722028 55.823513556271791 2056.3639048561454 14.301221348345278 18.415078155696392 19.820726346224546 1561.5770990513265 56.249037072062492 26.465527448803186 58.826977813616395 29.215808726847172 2229.2681081183255 22.368074400350451 66.750919004902244 16.488191321492195 18.775413956493139 131.41816210374236 51.088141717016697 161.24259370565414 31.8885143622756 255.7870213650167
leaf_count=2600 24646 3335 1225 234 194 12011 324 305 19860 2714 476 10199 114 124 125 7821 320 192 492 169 12574 131 504 121 126 857 299 884 152 1248
internal_value=-4.37195e-05 -0.00102688 -0.00386764 0.000693307 0.00121103 0.00166335 -0.00482135 0.00408339 -0.00542087 -0.00239736 -0.0083237 -0.00153233 0.00801661 0.0108304 0.00205816 0.00373048 0.00254825 0.0307979 -0.00213614 0.00267391 0.00298653 -0.00639004 0.0220015 0.0251379 0.0274395 -0.0102708 -0.0112797 -0.00728493 -0.0102325 -0.00805547
internal_weight=14830.2 11978.1 4518.66 7459.42 7122.46 6874.03 4183.42 2852.14 4029.46 1974.64 2054.82 2699.05 335.239 153.96 235.411 4174.98 109.079 44.8806 199.102 2459.93 2430.71 201.445 99.8276 36.3089 85.5263 179.077 248.435 197.347 336.955 305.067
internal_count=104376 87740 51363 36377 34743 33366 48656 16636 47696 22574 25122 13534 2707 960 1963 19832 644 316 1717 14036 13867 1293 744 246 630 1162 1377 1078 1634 1482
is_linear=0
shrinkage=0.05


Tree=86
num_leaves=31
num_cat=0
split_feature=32 26 1 27 35 37 7 7 29 32 9 36 5 27 5 9 5 19 17 34 12 1 5 33 37 37 8 35 28 35
split_gain=21.179 18.6207 20.3151 18.6361 29.3219 18.4012 15.4521 14.7146 12.6945 11.5841 10.3783 9.38052 10.828 9.11296 11.2611 20.1942 11.0004 16.8122 9.16293 8.8604 7.07823 6.59849 6.53787 6.7078 7.5372 7.96109 6.43033 6.16401 5.90209 5.45909
threshold=41.650000000000013 1.0000000180025095e-35 55.150000000000013 7.5000000000000009 41.250000000000014 69.338500000000025 35.45000000000001 69.750000000000014 51.250000000000007 84.350000000000009 55.050000000000004 0.77500000000000013 49.95000000000001 3.5000000000000004 51.850000000000001 61.050000000000004 58.050000000000004 1.0000000180025095e-35 1750.0000000000002 2.5000000000000004 81.15000000000002 46.650000000000013 44.650000000000013 51.250000000000007 49.879428571428583 71.084285714285741 64.450000000000017 8.9000000000000039 3.5000000000000004 7.4000000000000012
decision_type=2 2 2 2 10 2 2 2 2 2 2 10 2 2 2 2 2 2 2 10 2 2 2 2 2 2 2 10 2 10
left_child=13 2 3 6 8 9 21 -8 -5 10 -4 12 -7 -1 15 19 17 -16 -19 20 -15 -2 26 -24 28 -26 29 -13 -25 -3
right_child=1 22 5 4 -6 11 7 -9 -10 -11 -12 27 -14 14 16 -17 -18 18 -20 -21 -22 -23 23 24 25 -27 -28 -29 -30 -31
leaf_value=-0.020405320837770045 0.0073459372332095214 0.0037057554070898907 0.0071275959885778442 0.042610850658195976 0.073791819403485059 0.0059054090208109124 -0.001518779439499755 0.01769031894968694 0.0033919639160326625 0.03613455982667587 -0.013860190607684687 0.0028471761805929853 -0.0018574203471163004 -0.015350048862880253 -0.0031867745462584593 0.08636634131705781 -0.011309024287242621 0.029602011978615169 0.098009112886066549 -0.032466443507255686 0.003970056501570343 -0.033201210396598312 0.0039179843098610338 -0.010130956266749792 -0.016770830281599505 0.0032370522127375943 -0.033122094259487478 -0.018619317709489668 0.021476460880332081 -0.022094163286249732
leaf_weight=154.56191398203373 12.073487652465699 38.977589454501867 1955.8748026285321 20.874945232644677 15.117108860984443 746.25132621265948 8074.5555507484823 100.80608820542693 1375.8836191222072 33.500832185149193 60.484644491225481 48.897589687258005 1126.9191308021545 124.93910883553326 20.199559399858117 5.1540769003331652 28.793207347393036 11.275687804445626 9.154390946030615 45.781349858269095 75.744795417413116 53.421712156385183 134.60867720469832 26.842453323304653 230.4473133161664 62.844448439776897 46.576245224103332 103.03717859834433 32.26880931854248 42.456525856629014
leaf_count=2994 172 301 9229 183 110 4940 58850 514 9868 153 356 285 5633 2162 286 57 283 132 102 1503 1341 542 1125 125 1109 318 383 741 154 425
internal_value=-4.21688e-05 0.000301741 0.00068343 -0.000565862 0.00474084 0.00364391 -0.00147569 -0.0012811 0.00398469 0.00698347 0.00649489 0.000260874 0.00123269 -0.0104218 -0.00559492 -0.0105239 0.0121876 0.0289486 0.0608258 -0.0126046 -0.00803475 -0.0256507 -0.0082084 -0.00554845 -0.00917865 -0.012467 -0.0182768 -0.0116805 0.0070462 -0.00969458
internal_weight=14818.3 14342.7 13727.7 9652.73 1411.88 4074.97 8240.86 8175.36 1396.76 2049.86 2016.36 2025.11 1873.17 475.604 321.042 251.619 69.4228 40.6296 20.4301 246.465 200.684 65.4952 615.022 487.012 352.403 293.292 128.01 151.935 59.1113 81.4341
internal_count=104376 95516 91576 70239 10161 21337 60078 59364 10051 9738 9585 11599 10573 8860 5866 5063 803 520 234 5006 3503 714 3940 2831 1706 1427 1109 1026 279 726
is_linear=0
shrinkage=0.05


Tree=87
num_leaves=31
num_cat=0
split_feature=4 3 27 1 7 11 1 34 6 13 8 1 4 0 33 32 18 15 9 2 1 3 4 0 6 7 13 33 15 2
split_gain=22.8121 19.382 26.6092 14.7091 21.0033 15.0271 11.9714 13.1565 13.9029 11.3751 10.8012 10.6197 9.70868 9.20716 9.18471 7.67294 12.6407 10.7727 11.3175 10.4612 9.40374 11.3703 8.74885 7.36858 7.17871 6.8543 6.98381 8.91013 7.33963 6.66069
threshold=41.850000000000001 45.250000000000007 7.5000000000000009 56.850000000000001 35.45000000000001 49.900000000000006 59.95000000000001 1.0000000180025095e-35 71.750000000000014 48.650000000000013 34.350000000000001 39.45000000000001 57.750000000000007 47.550000000000004 81.950000000000017 53.650000000000013 9.5000000000000018 44.550000000000004 49.650000000000013 43.550000000000004 50.850000000000001 46.95000000000001 39.350000000000001 46.45000000000001 59.050000000000004 66.950000000000017 42.550000000000004 47.750000000000007 46.750000000000007 48.550000000000004
decision_type=2 2 2 2 2 2 2 8 2 2 2 2 2 2 2 2 2 2 2 2 2 2 2 2 2 2 2 2 2 2
left_child=11 6 3 4 29 -6 7 8 13 -8 12 -1 -9 -2 -12 16 23 20 19 -19 21 -17 -20 -13 -22 26 27 -4 -28 -3
right_child=1 2 25 -5 5 -7 9 10 -10 -11 14 15 -14 -15 -16 17 -18 18 22 -21 24 -23 -24 -25 -26 -27 28 -29 -30 -31
leaf_value=-0.03176008693151057 -0.016905682344335912 -0.0052868124199487677 0.068118015860684639 0.0048453767687036912 -0.011104432862155251 0.00049505680652914188 -0.025261835177644371 0.01761332196646417 0.02585034302820265 0.013622508307230422 -0.006180646880587194 0.057972663864241485 -0.0011356589563285772 0.0037209296212829452 0.022725020420810066 -0.0084902938800419381 -0.01602347623251037 0.024835038808694639 -0.010975495904864623 -0.020923437393946521 -0.032538216224908649 0.035376280197755683 0.0038742496897209398 0.00091443217786058419 0.0037984852179809149 0.035707258195051564 0.00096505937144630936 0.0046460518999365298 0.010811219476001978 -0.04262078889666468
leaf_weight=41.637474548071623 62.409131947904825 17.951952693983912 11.052334995940329 1794.9128365591168 290.78230481222272 6959.3256010059267 20.913358714431524 88.134730312973261 63.633719485253096 174.11716931127012 2470.2675371021032 8.6589582059532422 315.69616937078536 400.93794474378228 27.623094409704208 21.034805933013558 269.7893685027957 13.376032104715703 164.94736349768937 158.72159725427628 16.044064328074455 48.000078201293945 247.88959361426532 16.513929771259427 85.31919926032424 24.201916716992855 263.29475091397762 11.357064966112373 683.95177045837045 37.861671200022101
leaf_count=789 402 228 136 9128 2621 48610 114 850 333 855 17863 127 2568 2319 120 193 4686 129 1087 1225 109 388 1906 182 560 119 1778 66 4497 388
internal_value=-4.07063e-05 0.000512598 0.00163893 0.000789957 -0.000205743 2.89961e-05 -0.00262361 -0.00331019 0.00395198 0.00941646 -0.00463088 -0.0069961 0.00294721 0.000928854 -0.00585809 -0.00600668 -0.0128501 -0.0033263 -0.00655366 -0.0173255 0.00772047 0.0219449 -0.00204802 0.0208909 -0.00193011 0.00940712 0.00874192 0.0363362 0.00808007 -0.030733
internal_weight=14810.4 13718.4 10094.7 9100.83 7305.92 7250.11 3623.73 3428.7 526.981 195.031 2901.72 1091.93 403.831 463.347 2497.89 1050.29 294.962 755.333 584.935 172.098 170.398 69.0349 412.837 25.1729 101.363 993.858 969.656 22.4094 947.247 55.8136
internal_count=104376 92995 67571 60975 51847 51231 25424 24455 3054 969 21401 11381 3418 2721 17983 10592 4995 5597 4347 1354 1250 581 2993 309 669 6596 6477 202 6275 616
is_linear=0
shrinkage=0.05


Tree=88
num_leaves=31
num_cat=0
split_feature=18 2 33 26 4 7 3 8 7 12 4 13 35 30 12 31 36 34 15 16 33 4 12 13 3 3 13 3 6 35
split_gain=21.3683 22.367 20.2407 16.8138 16.2701 12.8804 15.0386 12.4749 12.215 12.0005 12.6182 11.9714 10.1496 9.83853 10.194 9.6486 11.8875 9.60122 10.1692 9.30674 9.01883 8.68929 8.15923 7.81721 7.75857 6.31865 6.3019 7.48455 6.87955 6.53269
threshold=11.500000000000002 55.95000000000001 51.850000000000001 1.0000000180025095e-35 94.950000000000017 56.850000000000001 54.95000000000001 34.95000000000001 59.750000000000007 87.750000000000014 44.650000000000013 62.95000000000001 28.750000000000011 471.00000000000006 83.250000000000014 8.5000000000000018 0.36666666666666675 1.5000000000000002 38.250000000000007 51.850000000000001 46.350000000000001 60.050000000000004 56.95000000000001 60.050000000000004 39.250000000000007 52.250000000000007 46.250000000000007 59.350000000000001 61.45000000000001 28.900000000000006
decision_type=2 2 2 2 2 2 2 2 2 2 2 2 10 2 2 8 10 10 2 2 2 2 2 2 2 2 2 2 2 8
left_child=7 2 8 17 5 6 -4 -1 9 10 -2 -7 -11 20 -15 -5 -17 23 22 -6 -10 -20 -19 24 -3 -25 27 28 29 -9
right_child=1 3 4 15 19 11 -8 26 13 12 -12 -13 -14 14 -16 16 -18 18 21 -21 -22 -23 -24 25 -26 -27 -28 -29 -30 -31
leaf_value=0.012110807736781189 -0.019263492767605073 -0.0057763203126882691 -0.0043080173924430103 -0.0087265777660913129 0.006777353988638617 0.0058542448329610515 0.002330999993450726 -0.050212176389997615 -0.017166191971261787 -0.0036264195902388115 -0.0070689747499243383 -0.020884066568543556 0.012517132391244879 0.030567716910534962 -0.00020623597936912492 -0.012558537438177295 0.035050382437042858 0.011736219865703479 0.011078863437597865 0.03960538206341107 0.013625745049680282 -0.00093767873649645253 -0.024101433503294203 0.035129159469716918 0.0065043657922857464 0.0041358231514082916 0.0032885758013764068 0.020861413369437629 -0.0033399555638604556 -0.011613460481886415
leaf_weight=393.93282684311271 243.07206229493022 139.26689017564058 2999.3569721952081 418.07061492279172 456.33721382170916 780.08906713873148 1190.7983312532306 17.106578094884753 60.444866467267275 931.86558465939015 1701.1489337943494 44.06922323256731 108.52928490936756 59.477795159444213 48.490921966731548 23.31725244782865 29.42048118263483 20.281427891924977 191.80084678344429 22.654102854430676 38.92424239218235 693.80266375280917 69.748437186703086 41.185324110090733 1609.9653657674789 28.038328357040882 2253.4390948098153 23.088055623695254 133.99569000117481 31.770616570487618
leaf_count=2600 4029 779 16137 2749 2091 3671 6093 125 677 11742 21498 205 1357 467 408 158 186 131 1444 103 255 4183 418 201 8628 130 12711 135 875 190
internal_value=-3.92847e-05 -0.00096787 -0.00229443 0.00255947 -0.000453475 -0.00129541 -0.00242007 0.00384791 -0.00546102 -0.00627711 -0.00859705 0.00441607 -0.00193655 0.00625993 0.0167128 -0.00617653 0.0139222 0.00403346 2.6789e-05 0.00834835 -0.00505273 0.00166013 -0.0159686 0.00618024 0.00552349 0.0226718 0.00252193 -0.00583927 -0.00924717 -0.0252997
internal_weight=14803.5 11950.2 8685.26 3264.9 5493.3 5014.31 4190.16 2853.33 3191.95 2984.62 1944.22 824.158 1040.39 207.338 107.969 470.808 52.7377 2794.09 975.633 478.991 99.3691 885.604 90.0299 1818.46 1749.23 69.2237 2459.4 205.961 182.873 48.8772
internal_count=104376 87740 68733 19007 28300 26106 22230 16636 40433 38626 25527 3876 13099 1807 875 3093 344 15914 6176 2194 932 5627 549 9738 9407 331 14036 1325 1190 315
is_linear=0
shrinkage=0.05


Tree=89
num_leaves=31
num_cat=0
split_feature=4 26 1 7 35 18 35 35 1 16 5 37 5 30 6 8 1 37 35 9 7 35 5 8 1 7 14 29 35 30
split_gain=19.7783 17.5821 16.1008 21.5166 15.208 15.5035 14.6154 13.5207 9.89654 9.48397 9.4724 8.87644 17.2638 8.00396 7.39883 7.29964 6.77572 6.75451 6.48719 6.57866 6.24797 6.92605 5.76372 6.24981 6.01895 8.77168 9.66929 6.94686 6.23628 6.05494
threshold=41.850000000000001 1.0000000180025095e-35 56.850000000000001 35.45000000000001 31.400000000000006 11.500000000000002 2.100000000000001 2.9000000000000008 39.45000000000001 48.250000000000007 42.850000000000001 69.934285714285735 44.050000000000004 421.00000000000006 61.750000000000007 15.550000000000002 59.050000000000004 58.564285714285724 9.6000000000000032 49.95000000000001 58.250000000000007 8.7500000000000036 44.650000000000013 64.450000000000017 50.150000000000013 52.150000000000013 44.850000000000001 54.250000000000007 25.250000000000007 461.00000000000006
decision_type=2 2 2 2 10 2 10 10 2 2 2 2 2 2 2 2 2 2 10 2 2 10 2 2 2 2 2 2 8 2
left_child=8 2 3 18 5 -5 11 16 -1 -9 -6 14 -13 -10 -4 17 -8 -15 -2 -20 -17 -22 23 -3 25 26 -24 -26 -27 -29
right_child=1 22 6 4 10 -7 7 9 13 -11 -12 12 -14 15 -16 20 -18 -19 19 -21 21 -23 24 -25 27 28 -28 29 -30 -31
leaf_value=-0.030850763382067714 -0.034638247897797576 -0.0088346233268516705 0.0072899790414762819 0.0037808499785316773 -0.0063733568338298439 -0.0011131046773097078 -0.023322627101127494 0.038438500754595303 -0.028632477552356057 0.0019991257932672961 0.013537695927517149 0.02735733539539454 -0.00022707754189982477 -0.0041864550914750484 0.017676529368620394 -0.0066707157043094578 -0.0011564282246808028 0.057220982687917657 -0.027430783222936364 0.02891293326283428 0.015458623896204294 -0.012417938144542777 -0.0039735828422496648 -0.03163024125459276 0.021240062298774565 0.012781437893772844 0.053738387634088475 -0.020902606947693761 -0.034339925261963805 -0.0056221091281164776
leaf_weight=40.300996378064156 57.752343956381083 85.569426262751222 369.25570362061262 2016.7456500921398 72.884293090552092 8186.8229708783329 80.563679996877909 18.083488631993532 36.372882453724742 1058.4213766474277 322.19654756225646 65.140427961945534 431.78679739125073 8.5482684355229157 324.34150027297437 888.11066367290914 61.089477520436049 8.9638871997594816 11.356690188869836 9.3379840049892646 68.614426283165812 32.704619843512774 12.420449286699297 47.140604868531227 20.231662411242723 14.265372540801765 16.819968994706869 81.087138835340738 13.479936335235832 331.81710215099156
leaf_count=789 688 808 1750 11728 855 60782 386 101 609 5653 2349 430 2129 79 1488 9029 285 130 113 108 494 251 104 416 131 109 142 489 99 1852
internal_value=-3.79544e-05 0.000475754 0.000866777 3.32668e-05 0.000226959 -0.000145292 0.00455929 0.000704295 -0.00654084 0.0026194 0.00985118 0.00849918 0.00338358 -0.00559414 0.012156 -0.00475422 -0.013806 0.0271085 -0.0260391 -0.00174978 -0.0053259 0.00640772 -0.00773048 -0.0169873 -0.00521086 0.0100161 0.0291237 -0.00722759 -0.00997381 -0.00863937
internal_weight=14792.2 13708.6 13085.8 10677.1 10598.6 10203.6 2408.68 1218.16 1083.62 1076.5 395.081 1190.52 496.927 1043.31 693.597 1006.94 141.653 17.5122 78.447 20.6947 989.43 101.319 622.832 132.71 490.122 56.9857 29.2404 433.136 27.7453 412.904
internal_count=104376 92995 88845 76623 75714 72510 12222 6425 11381 5754 3204 5797 2559 10592 3238 9983 671 209 909 221 9774 745 4150 1224 2926 454 246 2472 208 2341
is_linear=0
shrinkage=0.05


Tree=90
num_leaves=31
num_cat=0
split_feature=1 36 15 11 3 3 28 28 37 12 7 32 30 13 37 4 4 7 35 7 9 30 9 13 1 35 16 35 13 15
split_gain=19.9807 25.3004 18.6097 22.9816 17.5642 16.4507 16.1031 13.8967 13.8449 12.1246 12.3032 11.8937 13.9453 11.6517 11.6363 12.3957 11.434 10.7905 13.7554 10.4829 10.1948 10.1008 9.95597 9.63824 9.48527 12.7775 9.17247 14.6628 8.98776 8.66817
threshold=53.150000000000013 0.29166666666666669 53.45000000000001 49.650000000000013 37.95000000000001 48.050000000000004 4.5000000000000009 3.5000000000000004 44.030750000000005 63.45000000000001 41.650000000000013 59.150000000000013 493.00000000000006 48.45000000000001 77.163000000000025 64.850000000000009 97.550000000000011 55.550000000000004 13.100000000000003 58.350000000000001 75.15000000000002 419.00000000000006 51.250000000000007 58.350000000000001 60.250000000000007 14.400000000000004 52.650000000000013 3.7500000000000013 51.250000000000007 52.750000000000007
decision_type=2 10 2 2 2 2 2 2 2 2 2 2 2 2 2 2 2 2 10 2 2 2 2 2 2 10 2 10 2 2
left_child=2 4 3 -1 -2 14 16 13 -8 10 -6 19 -13 -3 15 -5 21 18 -18 -9 23 -4 -23 -11 25 -15 -7 -28 -14 -26
right_child=1 7 6 5 9 26 8 11 -10 20 -12 12 28 24 -16 -17 17 -19 -20 -21 -22 22 -24 -25 29 -27 27 -29 -30 -31
leaf_value=-0.021349565894909796 -0.0099980393116116967 0.017593299871076797 -0.013789084628524821 -0.0094558133149570071 -0.012569872288926878 -0.00081191077744006523 0.021575860332048145 5.7041355932871052e-05 -0.0079242065087561011 0.0061854995952777443 0.0029364642383972583 -0.012175789753736828 -0.0081889656670488947 -0.0061570146789745933 -0.02304130865129312 -0.0011715622698296763 0.011555945009172843 -0.0059528395820479703 0.056644677366954221 0.028787489097061598 -0.020874174058296644 0.0046480465910886167 -0.0051474316618883359 0.014818671639329088 -0.0024346876338742136 0.012164636732915259 -0.0040254718360174056 0.034706281426494526 0.0069544814562956499 0.036663156570387934
leaf_weight=169.34190340898931 203.128093611449 119.68756236322224 88.697459381073713 908.04704594425857 139.75036908499897 2901.0375363016501 42.734128791838884 246.86665764823556 544.37603119201958 2364.6883206740022 1490.515003753826 662.68070492893457 187.54021345078945 391.04688744805753 97.908681948669255 901.2525978628546 40.521400172263384 27.883422546088696 29.467063061892986 36.39563462138176 32.13820680603385 2014.1072019934654 297.19767228700221 375.81589262746274 24.641224302351475 125.56770656257868 49.936146279796958 47.338844016194344 204.90374561399221 32.53453915566206
leaf_count=2106 1220 663 917 8283 984 24255 308 2068 4594 13391 8443 3276 936 2007 1903 6916 201 131 162 250 194 14399 1963 2014 120 720 450 393 956 153
internal_value=0.000277448 0.00231477 -0.00137927 -0.0032413 0.00436535 -0.00261475 0.00168218 -0.00233121 -0.00576515 0.00502935 0.00160347 -0.00530902 -0.00775263 0.00340857 -0.00624519 -0.0053323 0.00343479 0.0201859 0.0306646 0.00377504 0.00704177 0.00274879 0.00338617 0.00737172 0.000438504 -0.00169261 -0.000303647 0.0147883 -0.000269739 0.0197509
internal_weight=14797.7 6637.9 8159.85 5074.86 4606.04 4905.52 3084.98 2031.86 587.11 4402.91 1630.27 1338.39 1055.12 693.478 1907.21 1809.3 2497.87 97.8719 69.9885 283.262 2772.64 2400 2311.3 2740.5 573.79 516.615 2998.31 97.275 392.444 57.1758
internal_count=104376 37395 66981 44306 26246 42200 22675 11149 4902 25026 9427 7486 5168 3663 17102 15199 17773 494 363 2318 15599 17279 16362 15405 3000 2727 25098 843 1892 273
is_linear=0
shrinkage=0.05


Tree=91
num_leaves=31
num_cat=0
split_feature=18 1 36 34 5 16 0 15 18 10 1 35 28 37 5 5 26 37 17 9 34 7 31 18 5 12 0 33 15 32
split_gain=19.2693 18.0939 22.963 22.1905 21.8768 16.5643 14.9744 13.4986 13.2079 11.9813 17.4195 11.854 11.6075 11.3961 11.6167 10.7273 10.6153 11.9062 12.6514 10.8 10.6106 10.2155 9.88061 10.399 8.70394 9.47443 8.58634 8.46372 8.16308 8.05935
threshold=9.5000000000000018 52.850000000000001 0.29166666666666669 1.0000000180025095e-35 47.150000000000013 50.550000000000004 46.650000000000013 56.250000000000007 7.5000000000000009 77.500000000000014 50.350000000000001 41.750000000000007 3.5000000000000004 67.550000000000011 61.050000000000004 71.550000000000011 1.0000000180025095e-35 69.338500000000025 1850.0000000000002 60.650000000000013 1.5000000000000002 53.850000000000001 12.500000000000002 8.5000000000000018 42.650000000000013 99.65000000000002 50.750000000000007 44.350000000000001 49.150000000000013 59.150000000000013
decision_type=2 2 10 8 2 2 2 2 2 2 2 10 2 2 2 2 2 2 2 2 8 2 10 2 2 2 2 2 2 2
left_child=8 3 16 5 6 13 7 -5 27 21 -11 12 15 14 -2 -4 17 19 -19 -3 -8 -6 23 24 -10 -26 -7 -1 -28 -14
right_child=1 2 11 4 9 26 20 -9 22 10 -12 -13 29 -15 -16 -17 -18 18 -20 -21 -22 -23 -24 -25 25 -27 28 -29 -30 -31
leaf_value=-0.023106466896088404 0.0039338340377105532 0.0072461082622113085 0.00069116622822689875 -0.020051920482215789 -0.0032419896965488492 0.0028276532580601074 -0.0010191801212533324 0.004019514838711824 -0.0015805031676251675 0.037984307544756665 -0.012334018037867343 0.037829223037984076 0.0016424296877867507 0.031164716183028535 -0.0078019493341428495 0.029658333897804486 -0.0072132449573209263 -0.00059749945921227588 0.0090687603381688544 -0.018005746829916562 -0.0091942557422478987 0.0024810872694820919 -0.018178240283865593 0.0058032582014967355 0.014999712921796138 0.035814591609396033 0.063368949316753687 0.00055465742244479438 0.021502184121608203 -0.0080341719345037883
leaf_weight=46.633700899779797 1054.9547491371632 2158.8069064412266 622.73992884345353 346.96316835377365 2579.3050879966468 25.810800943523645 748.77267627045512 69.549144929274917 53.656310677528381 45.333564668893814 27.420851513743401 17.633797438815236 272.14242262579501 33.317136749625206 263.25328243896365 33.61926281452179 213.54564126767218 1603.7579348590225 428.71496648155153 42.987039737403393 848.2573611093685 1116.5120813902467 31.845128700137138 554.69186658039689 220.79494101554155 73.543596923351288 19.974285874515772 195.63303172588348 29.41114803403616 1012.8998161554337
leaf_count=456 7038 10948 3357 6408 19916 170 6874 1021 439 203 122 123 2282 174 1249 143 1342 10589 2723 260 10759 6748 182 3153 1123 368 122 887 174 5023
internal_value=0.000262941 -0.000267259 0.00166573 -0.00198589 -0.00336433 0.00359687 -0.00757214 -0.0160205 0.00640117 -0.00111463 0.01896 -0.00284313 -0.00321706 0.00232104 0.00158593 0.0021868 0.00365279 0.00420213 0.00143932 0.00675003 -0.00536478 -0.00151167 0.00909963 0.0100694 0.0168515 0.0202279 0.0264277 -0.00398688 0.0386304 -0.00598103
internal_weight=14792.5 13615.7 6406.85 7208.84 5782.11 1426.72 2013.54 416.512 1176.8 3768.57 72.7544 1959.04 1941.4 1351.53 1318.21 656.359 4447.81 4234.27 2032.47 2201.79 1597.03 3695.82 934.532 902.687 347.995 294.339 75.1962 242.267 49.3854 1285.04
internal_count=104376 97768 36790 60978 52051 8927 25062 7429 6608 26989 325 10928 10805 8461 8287 3500 25862 24520 13312 11208 17633 26664 5265 5083 1930 1491 466 1343 296 7305
is_linear=0
shrinkage=0.05


Tree=92
num_leaves=31
num_cat=0
split_feature=3 33 36 36 3 28 13 5 7 33 13 14 3 6 7 3 30 8 5 8 33 36 8 30 27 8 18 6 13 27
split_gain=18.0733 16.36 13.0478 14.1713 17.1615 16.6558 13.1422 11.8686 11.7662 11.1758 14.4173 10.8474 10.4212 9.85954 9.08306 9.1045 8.67471 9.65805 8.41752 8.30609 8.52009 7.95752 6.92914 6.55259 5.72966 7.24489 6.05514 5.34664 3.36045 2.51271
threshold=55.250000000000007 28.450000000000003 -1.0000000180025095e-35 0.29166666666666669 37.95000000000001 3.5000000000000004 48.350000000000001 65.050000000000011 66.050000000000011 42.750000000000007 48.050000000000004 64.050000000000011 45.250000000000007 87.250000000000014 35.45000000000001 67.15000000000002 449.00000000000006 15.65 73.950000000000017 85.65000000000002 58.250000000000007 0.36666666666666675 55.850000000000001 467.00000000000006 6.5000000000000009 63.650000000000013 9.5000000000000018 65.750000000000014 51.150000000000013 4.5000000000000009
decision_type=2 2 8 10 2 2 2 2 2 2 2 2 2 2 2 2 2 2 2 2 2 10 2 2 2 2 2 2 2 2
left_child=1 8 9 4 23 6 -5 -6 13 24 27 -7 -12 16 29 18 -1 -18 19 21 -21 -16 28 -4 26 -26 -3 -11 -20 -2
right_child=14 2 3 5 7 11 -8 -9 -10 10 12 -13 -14 -15 15 -17 17 -19 22 20 -22 -23 -24 -25 25 -27 -28 -29 -30 -31
leaf_value=-0.028586785500409051 -0.0074288020468810849 0.010988051600158134 -0.015256059154398439 0.014452222814559885 0.0011206795958565684 -0.0072485175061515368 -0.00054153997271829714 0.0073194369121303022 0.055811136114267336 -0.0050593236815599995 -0.0083342898011882303 0.0044602372054644672 0.0039364051161376902 0.051163200331629299 0.004482105131154995 0.034358282134887327 0.023446983723480679 -0.012799132883935187 0.018042615431919786 -0.026780613420628065 0.00027231600179466987 -0.0014868051670599094 0.0024850477001428363 -0.0026563306002133852 0.0056631969985990781 -0.025225930206947009 -0.022453097527078792 -0.027284296278393301 0.045647639856683908 -0.03971566545207824
leaf_weight=81.899651893414557 10.927517939358951 14.497828243300317 192.42589668370783 187.92199619300663 5597.0933528365567 1538.0461151376367 653.66160015203059 896.3921854570508 6.1375699061900368 43.732763465493917 263.33188712596893 226.38178998418152 503.9528401941061 5.6675034444779149 2855.2937495559454 23.570716291666031 20.062967203557491 199.51091362163424 23.279426477849483 46.357095999643207 76.95114853978157 692.62196924164891 36.114640012383461 224.98057371564209 60.289295835420489 27.499976111575961 162.45936659909785 73.843938812613487 22.823127545416355 14.828329741954802
leaf_count=2314 129 151 1376 1267 36787 9788 3718 4075 75 359 2099 1495 3754 151 19581 133 429 4725 102 417 342 4516 157 1389 954 436 2776 622 104 155
internal_value=0.000249476 -0.000779045 -0.000447738 0.000159565 0.00134487 -0.00298177 0.00280188 0.00197726 -0.0120397 -0.00547916 -0.00277485 -0.00574325 -0.000268915 -0.0134295 0.0032204 0.00342366 -0.014677 -0.00945532 0.00322716 0.00287092 -0.00987104 0.00331544 0.0190508 -0.00847909 -0.0144944 -0.00397362 -0.0196804 -0.0190715 0.031886 -0.0262923
internal_weight=14782.6 10979.8 10666.5 9516.9 6910.89 2606.01 841.584 6493.49 313.279 1149.61 884.861 1764.43 767.285 307.141 3802.77 3777.01 301.474 219.574 3753.44 3671.22 123.308 3547.92 82.2172 417.406 264.746 87.7893 176.957 117.577 46.1026 25.7558
internal_count=104376 78740 71046 59895 43627 16268 4985 40862 7694 11151 6834 11283 5853 7619 25636 25352 7468 5154 25219 24856 759 24097 363 2765 4317 1390 2927 981 206 284
is_linear=0
shrinkage=0.05


Tree=93
num_leaves=31
num_cat=0
split_feature=3 2 33 28 3 33 0 35 30 29 34 13 37 3 5 33 30 5 2 2 8 5 13 16 5 35 2 13 3 8
split_gain=16.3044 15.2129 14.8664 11.4487 11.8601 10.863 11.1686 10.1828 10.0796 9.55256 8.75778 11.3557 9.94736 10.8784 10.8106 10.2838 13.8147 9.77061 8.7261 8.17422 7.71659 7.67072 7.5274 7.59521 7.51601 7.22524 8.64896 7.68703 6.43809 5.98609
threshold=55.250000000000007 65.250000000000014 28.450000000000003 6.5000000000000009 42.650000000000013 81.250000000000014 51.550000000000004 2.4000000000000008 475.00000000000006 59.750000000000007 1.5000000000000002 67.350000000000009 57.342857142857149 56.150000000000013 70.65000000000002 49.350000000000001 495.00000000000006 46.750000000000007 48.350000000000001 46.250000000000007 56.45000000000001 50.050000000000004 65.65000000000002 48.050000000000004 52.550000000000004 36.400000000000013 46.050000000000004 44.850000000000001 45.750000000000007 15.550000000000002
decision_type=2 2 2 2 2 2 2 8 2 2 8 2 2 2 2 2 2 2 2 2 2 2 2 2 2 10 2 2 2 2
left_child=1 2 8 5 -5 7 -7 -4 29 10 12 22 13 17 -15 16 -14 -2 -6 -17 24 -13 23 -12 -11 26 -10 -27 -3 -1
right_child=9 28 3 4 18 6 -8 -9 25 20 11 21 15 14 -16 19 -18 -19 -20 -21 -22 -23 -24 -25 -26 27 -28 -29 -30 -31
leaf_value=0.02510031137528769 0.028485010135519441 0.0040412915423610144 0.0052724171818620477 -0.029577705082412531 0.028945805088232492 0.0017707374094216967 0.026365317012581425 -0.00096974563250215031 0.02125081110420601 -0.0081419808997376109 0.026365454291450499 0.055492834017432963 0.019326986903028545 0.00048949675524359224 0.019517101802358976 -0.018979976146485059 0.079652650847363185 0.0068267624413744822 -0.0080311307752665931 0.012037386655222464 0.033158169197628581 0.0074026084930703855 -0.038120135708944285 -0.00057127590593161325 0.025770787194627415 -0.0032083894447804181 -0.011924579436991685 0.071207312349888904 0.034760816162903593 -0.021710784113059548
leaf_weight=6.9457884998992077 71.610265072435141 29.34307948499918 701.74092730134726 63.886967958882451 17.304878873750567 118.97358055412769 75.840570643544197 9424.2012885883451 24.264504250138998 37.740001704543829 26.471485244110227 14.89516952447593 42.92612986266613 1267.0560258161277 79.272942364215851 23.415741167962551 12.274188116192816 194.18638199195266 186.66799779050052 210.79456873238087 46.018833722919226 19.26157483831048 13.060022860765455 1718.7412339197472 28.491017565131187 6.9400892779231054 100.1118976874277 6.5904072429984808 42.100047567859292 164.77295827586204
leaf_count=180 534 138 3748 582 141 525 342 63783 686 218 222 130 405 7587 350 110 105 1028 1593 963 229 112 96 13404 143 111 2190 100 197 4424
internal_value=0.000236438 -0.000741551 -0.000892847 -0.000576508 -0.0107805 -0.000311092 0.0113796 -0.000536614 -0.0116912 0.00305631 0.0026178 0.000107349 0.00498145 0.00344456 0.00161494 0.0135211 0.032951 0.0126892 -0.00485689 0.00890823 0.0174271 0.0286207 -0.000445312 -0.000158346 0.00638797 -0.00158253 -0.00540038 0.0329275 0.0222369 -0.0197747
internal_weight=14775.9 10969.7 10898.2 10588.6 267.86 10320.8 194.814 10125.9 309.626 3806.22 3693.97 1792.43 1901.54 1612.13 1346.33 289.411 55.2003 265.797 203.973 234.21 112.25 34.1567 1758.27 1745.21 66.231 137.907 124.376 13.5305 71.4431 171.719
internal_count=104376 78740 78405 70714 2316 68398 867 67531 7691 25636 25046 13964 11082 9499 7937 1583 510 1562 1734 1073 590 242 13722 13626 361 3087 2876 211 335 4604
is_linear=0
shrinkage=0.05


Tree=94
num_leaves=31
num_cat=0
split_feature=18 3 27 1 1 36 15 18 0 17 18 32 35 6 4 14 36 18 5 33 1 28 35 33 33 12 5 35 5 3
split_gain=17.2646 17.4136 23.3638 14.4204 12.4995 17.3671 12.4688 12.0093 10.7387 9.91802 9.64143 9.35411 9.14305 9.0727 8.88651 8.73946 8.67189 8.35945 8.38271 9.07986 19.6283 7.99573 8.75495 7.95397 7.74013 7.38114 9.13423 13.7555 10.2092 7.85563
threshold=9.5000000000000018 42.350000000000001 7.5000000000000009 55.050000000000004 53.150000000000013 0.29166666666666669 53.650000000000013 7.5000000000000009 47.350000000000001 1950.0000000000002 15.500000000000002 83.65000000000002 15.250000000000005 43.500000000000007 92.15000000000002 74.950000000000017 1.0000000180025095e-35 8.5000000000000018 42.650000000000013 44.150000000000013 51.45000000000001 6.5000000000000009 25.900000000000002 67.450000000000017 44.350000000000001 76.450000000000017 48.750000000000007 6.4000000000000012 55.850000000000001 41.050000000000004
decision_type=2 2 2 2 2 10 2 2 2 2 2 2 8 2 2 2 10 2 2 2 2 2 10 2 2 2 2 10 2 2
left_child=7 3 4 11 6 9 10 24 -7 -6 -3 21 -8 -4 15 -15 -16 18 -9 20 -20 22 -2 -21 -1 29 27 -27 -28 -5
right_child=1 2 13 25 5 8 12 17 -10 -11 -12 -13 -14 14 16 -17 -18 -19 19 23 -22 -23 -24 -25 -26 26 28 -29 -30 -31
leaf_value=-0.022350245443332032 -0.0080137647152124774 -0.001190099261358964 0.041395691270561287 -0.0077297903230873549 0.0022531029696592269 0.028116294463157526 -0.0042036289621949566 -0.0031969109811985697 -0.003606061569756069 0.0091406813639014622 -0.0064375208857333005 0.035237127526042987 0.0033170534312157631 0.0038017018633613579 0.0284687328646719 0.024411412271035684 0.0040945532829937542 0.004827407716862013 0.010070368759299704 0.0095893686705054593 0.078136134277804081 -0.030662727681138414 0.0055262129092132411 0.030664818769061034 0.00042320417019414962 0.03526814684557044 -0.01074097539646323 -1.3084973691709961e-05 0.0094863608307861405 0.011934090868605789
leaf_weight=45.889826292172074 1353.5593299278989 1839.5726303458214 18.690349698066711 258.60346230305731 2485.9603551365435 27.077076299116015 558.08152384310961 55.791372895240784 1372.8140762429684 663.01565970107913 1674.9621823905036 12.84239888936281 1461.3144694454968 1065.2822952261195 83.746685292571783 54.07787729986012 65.625437300652266 572.90488225594163 25.324056589975953 205.24624338746071 18.399872502312064 36.06330984365195 130.41830791532993 57.749386221170425 195.58582482486963 58.049840914085507 104.0919838398695 52.092473981902003 155.15169598534703 62.949159985408187
leaf_count=456 11286 15084 122 1467 14162 193 4035 457 7517 3831 16089 56 10992 7796 408 403 336 3258 226 919 142 427 1174 263 887 361 571 381 730 347
internal_value=0.000224453 -0.000278178 0.000512856 -0.00432476 -0.000296587 0.00164455 -0.00189309 0.00603403 -0.00298694 0.00370511 -0.00369246 -0.00702842 0.00123605 0.00685564 0.00633965 0.00480394 0.0178035 0.00860174 0.0145499 0.0177942 0.0389408 -0.00739109 -0.00682015 0.0142461 -0.00389141 0.00166635 0.00649227 0.0185514 0.00134436 -0.00386221
internal_weight=14770.9 13594 11370.2 2223.82 10082.8 4548.87 5533.93 1176.89 1399.89 3148.98 3514.53 1532.88 2019.4 1287.42 1268.73 1119.36 149.372 935.416 362.511 306.72 43.7239 1520.04 1483.98 262.996 241.476 690.939 369.386 110.142 259.244 321.553
internal_count=104376 97768 80968 16800 71903 25703 46200 6608 7710 17993 31173 12943 15027 9065 8943 8199 744 5265 2007 1550 368 12887 12460 1182 1343 3857 2043 742 1301 1814
is_linear=0
shrinkage=0.05


Tree=95
num_leaves=31
num_cat=0
split_feature=18 4 0 36 10 12 30 5 26 28 0 14 1 21 4 4 33 29 5 1 9 5 36 31 30 34 37 1 30 4
split_gain=20.458 14.3795 13.6593 17.2926 12.6066 12.4349 12.1994 12.1686 10.6675 10.0896 9.60935 9.1774 9.13614 9.11204 9.10764 8.51984 8.03351 7.98231 16.3179 7.72032 7.78777 7.56988 7.50119 7.47311 7.62631 6.84603 6.54819 6.43003 6.11911 5.99661
threshold=14.500000000000002 90.250000000000014 46.050000000000004 0.36666666666666675 77.500000000000014 95.750000000000014 547.00000000000011 60.850000000000001 1.0000000180025095e-35 6.5000000000000009 55.350000000000001 59.050000000000004 51.550000000000004 1.0000000180025095e-35 89.950000000000017 40.050000000000004 68.250000000000014 53.500000000000007 48.850000000000001 60.45000000000001 74.65000000000002 64.250000000000014 0.63333333333333341 -4.4999999999999991 475.00000000000006 1.5000000000000002 59.361428571428576 48.650000000000013 445.00000000000006 71.850000000000009
decision_type=2 2 2 10 2 2 2 2 2 2 2 2 2 2 2 2 2 2 2 2 2 2 10 10 2 8 2 2 2 2
left_child=1 4 14 8 5 6 7 -1 9 12 25 15 -4 17 21 -7 -16 18 26 20 27 23 -22 -2 -25 29 -3 -5 -13 -6
right_child=2 13 3 19 10 11 -8 -9 -10 -11 -12 28 -14 -15 16 -17 -18 -19 -20 -21 22 -23 -24 24 -26 -27 -28 -29 -30 -31
leaf_value=-0.0021572829098340822 -0.018641598553949913 0.021205543135920248 -0.0016736793005143911 0 0.031283440833271531 -0.0064965244829918488 -0.034944814341701207 0.0050787299195502213 -0.01097715261145487 -0.016481262605749787 -0.0010735867479165742 -0.034202731701517247 0.0025234694460736073 0.028148300065038129 0.032169669883959452 0.0066702326809120367 -0.0043841647729274237 0.004696687262651488 -0.00020194030690636649 0.0089733098772588529 -0.0075589605273882398 0.0043604892051051398 0.037993549990821288 -0.013215397494683537 -0.0019970893870010424 0.040620210233360286 0.062259292051182927 -0.0089776360230502828 -0.0035387110705348453 -0.0039986259906043759
leaf_weight=3293.5908007370308 207.74566956888884 18.449066333472729 2287.3004433587193 239.49559102766216 22.464416742324829 135.32077685557306 26.366087418049574 705.10510571300983 213.19254885055125 86.701616317033768 54.263183906674385 18.239689659327269 2990.974320679903 50.446317426860332 25.834668796509504 1291.0159193705767 35.236426845192909 785.81147631257772 43.56686856597662 80.950363576412201 17.100082349032164 96.081555735319853 18.655890941619873 304.77468560822308 303.61682110093534 40.829471044242382 22.001311533153057 1169.6350251864642 150.40304698608816 25.325887873768806
leaf_count=23731 2909 95 19003 2493 99 1241 177 3294 1546 1116 238 135 17471 226 178 7993 148 3748 201 420 115 560 129 4538 3413 182 125 7821 996 112
internal_value=-0.000369919 0.00167606 -0.00206339 -0.00130143 0.000748239 0.000374314 -0.00110523 -0.000879984 -1.02962e-05 0.000424767 0.0154104 0.00411103 0.000703722 0.00748011 -0.00761912 0.00541719 0.0110246 0.0062726 0.0209296 -0.00601797 -0.00686188 -0.00887384 0.0161086 -0.0104383 -0.00762638 0.02555 0.0437568 -0.0074494 -0.00690314 0.0125124
internal_weight=14760.5 6683.2 8077.3 7104.01 5762.92 5620.04 4025.06 3998.7 5578.17 5364.98 142.883 1594.98 5278.27 920.275 973.29 1426.34 61.0711 869.829 84.0172 1525.84 1444.89 912.219 35.756 816.137 608.392 88.6198 40.4504 1409.13 168.643 47.7903
internal_count=104453 42593 61860 50114 38198 37567 27202 27025 39136 37590 631 10365 36474 4395 11746 9234 326 4169 421 10978 10558 11420 244 10860 7951 393 220 10314 1131 211
is_linear=0
shrinkage=0.05


Tree=96
num_leaves=31
num_cat=0
split_feature=0 4 28 30 27 17 4 28 26 1 33 8 17 27 30 13 28 5 9 4 6 8 27 0 14 0 5 36 9 8
split_gain=15.484 17.688 16.6715 15.4049 14.1872 14.1701 13.2676 12.4263 12.5298 12.9431 11.2525 11.125 10.4409 9.86456 9.75322 12.1014 10.9054 9.31102 9.30824 8.69118 8.42059 8.09954 8.00438 9.13704 7.46126 10.9885 8.36119 7.06877 7.00582 6.68595
threshold=49.95000000000001 81.050000000000011 6.5000000000000009 431.00000000000006 7.5000000000000009 1175.0000000000002 77.550000000000011 3.5000000000000004 1.0000000180025095e-35 58.350000000000001 51.250000000000007 32.250000000000007 2550.0000000000005 6.5000000000000009 529.00000000000011 76.850000000000009 3.5000000000000004 72.250000000000014 55.050000000000004 69.950000000000017 51.550000000000004 51.45000000000001 1.5000000000000002 55.050000000000004 74.100000000000009 55.250000000000007 67.15000000000002 1.0000000180025095e-35 61.650000000000013 77.550000000000011
decision_type=2 2 2 2 2 2 2 2 2 2 2 2 2 2 2 2 2 2 2 2 2 2 2 2 2 2 2 10 2 2
left_child=1 3 4 10 7 20 17 8 9 -2 -1 13 -13 -9 15 16 27 19 21 -5 -6 -8 23 -4 26 -26 -7 -3 -20 -10
right_child=2 14 22 6 5 24 18 11 29 -11 -12 12 -14 -15 -16 -17 -18 -19 28 -21 -22 -23 -24 -25 25 -27 -28 -29 -30 -31
leaf_value=-0.025964055365471361 0.001494810727968752 0.0019732612302593303 0.045026730846177421 -0.0044503337849957315 0.059445133323291738 0.0022671023262194629 -0.006733281877047307 0.001289514532987601 -0.0048717216715908496 0.0097137827829822995 -0.002918811982691978 -0.0035677074118809341 0.0096554734951147057 0.017341623665516125 -0.027457917636285734 0.043675782174956546 0.015692108126480919 0.015881486029499767 0.036821871223369392 0.0021418661424536536 0.017689278825239709 -0.019462618998001044 -0.014829616769838417 -0.012739743324375545 -0.0016419945364881687 0.036519191795179776 0.015428092444519032 -0.022566292973206382 -0.0070795803073774788 -0.025893324254351591
leaf_weight=139.14814468473196 4030.046109629795 554.2958534732461 12.510969437658789 1804.3105031354353 16.239447943866253 1232.9502855222672 280.10662574321032 549.46049471385777 145.70150154642761 544.00651672109962 86.379671048372984 3271.5973370280117 156.13768262416124 116.03517454490066 24.019599858671427 19.441786635667086 152.3239701166749 69.713239472359419 17.161400973796844 690.40591867826879 49.336381882429123 228.29075091145933 233.51188115216792 14.703341864049433 33.410386942327023 42.495974466204643 133.93260880187154 30.874000266194344 18.816957660019398 51.447946572676301
leaf_count=2886 24729 2891 127 17786 92 8033 2916 4143 925 2560 545 21280 880 863 121 110 859 323 141 5612 294 2178 2281 137 243 277 600 194 134 293
internal_value=-0.000352201 -0.00295657 0.000655265 -0.00454365 0.00096964 0.00545234 -0.00362592 0.000206251 0.00194068 0.0024736 -0.0171648 -0.00181424 -0.00296365 0.00409804 0.0038129 0.0048153 0.0037783 -0.00211833 -0.010717 -0.00262394 0.0281808 -0.0124618 -0.0118283 0.0137012 0.00441397 0.0196766 0.00356136 0.000666358 0.0137665 -0.0103932
internal_weight=14748.8 4115.29 10633.5 3334.33 10372.8 1508.37 3108.81 8864.43 4771.2 4574.05 225.528 4093.23 3427.74 665.496 780.955 756.936 737.494 2564.43 544.376 2494.72 65.5758 508.397 260.726 27.2143 1442.79 75.9064 1366.88 585.17 35.9784 197.149
internal_count=104453 36696 67757 32521 65212 9539 29090 55673 28507 27289 3431 27166 22160 5006 4175 4054 3944 23721 5369 23398 386 5094 2545 264 9153 520 8633 3085 275 1218
is_linear=0
shrinkage=0.05


Tree=97
num_leaves=31
num_cat=0
split_feature=7 0 32 7 28 7 12 36 1 29 2 34 14 7 2 2 6 17 35 0 33 12 6 35 36 2 2 35 34 12
split_gain=19.9397 13.8923 20.367 20.0034 14.9844 12.8927 15.677 12.8522 11.8336 11.7512 10.0992 10.0529 9.00656 7.22307 7.19935 6.89193 6.43484 6.07117 5.56532 5.22081 4.32789 10.8733 4.26229 3.97551 3.39583 4.80993 3.99302 2.97846 3.69611 1.265
threshold=35.45000000000001 49.95000000000001 78.550000000000011 53.750000000000007 6.5000000000000009 73.250000000000014 74.450000000000017 0.36666666666666675 54.350000000000001 50.250000000000007 53.650000000000013 1.0000000180025095e-35 54.550000000000004 52.050000000000004 50.45000000000001 49.750000000000007 55.850000000000001 2050.0000000000005 17.250000000000007 60.050000000000004 31.150000000000002 74.850000000000009 59.750000000000007 20.250000000000007 0.22500000000000003 45.95000000000001 51.95000000000001 6.4000000000000012 1.5000000000000002 61.250000000000007
decision_type=2 2 2 2 2 2 2 10 2 2 2 8 2 2 2 2 2 2 8 2 2 2 2 10 8 2 2 8 10 2
left_child=17 2 3 8 5 7 -7 9 11 -3 -9 -2 15 -10 -6 -5 23 20 -14 -18 21 -1 -4 -16 26 -26 -22 -24 -29 -27
right_child=1 4 22 12 14 6 -8 10 13 -11 -12 -13 18 -15 16 -17 19 -19 -20 -21 24 -23 27 -25 25 29 -28 28 -30 -31
leaf_value=-0.032605101203627605 0.0011500837147211587 0.034476889772485822 0.0015552601951245575 -0.00010083845680283521 0.017943288106743928 -0.0013281899320356538 0.045733850030577144 -0.0074542642764477574 -0.0015514126101857035 0.0017986130955431315 -0.00025625986676421314 -0.008543805474735695 -0.035864882923278364 0.01448825490261739 -0.050037801467569004 0.0083093954358606208 -0.0069199049057162999 0.010037454446302071 -0.00020973643041454572 -0.028361255044013073 -0.032726834516128407 0.085906211254322573 0.0077145135858853985 -0.010628026737295043 -0.0060519530484486423 -0.040508629518420214 0.00045116591227136149 0.019055616364509601 0.044446747606899234 -0.062711981589593374
leaf_weight=5.6540960045531374 310.25848332606256 27.526919201016426 28.325817085802555 528.90982063487172 19.398517601191998 34.781493578106165 35.493109833449125 672.69109700992703 640.15045898966491 7775.657139480114 1773.2680718004704 1897.6497055534273 23.503686351701617 78.721478333696723 18.131909010931853 449.63545148074627 174.060890622437 12.479131074622272 20.938159190118313 34.179358234629035 21.092168582603335 2.806024014018476 21.177390486001968 10.519936434924601 8.9457662627100927 24.980725953355432 15.334763854742048 35.399209454655647 25.674126327037811 11.303806541487573
leaf_count=202 2170 207 127 4007 179 163 173 5453 4006 48373 10299 21588 189 455 172 2967 1753 112 171 312 178 96 94 97 111 290 103 164 122 120
internal_value=-0.000335317 -0.00018092 -0.00266726 -0.00326103 0.000773206 0.0010703 0.0224013 0.000923333 -0.00536523 0.00191497 -0.00223813 -0.00717935 0.00275414 0.000199859 -0.0111653 0.00375896 -0.0135766 -0.0222907 -0.0192169 -0.0104751 -0.026829 0.0066626 0.0184808 -0.0358291 -0.030364 -0.0396178 -0.0186599 0.02424 0.0298665 -0.0477165
internal_weight=14738.6 14636.1 4060.34 3949.77 10575.7 10319.4 70.2746 10249.1 2926.78 7803.18 2445.96 2207.91 1022.99 718.872 256.291 978.545 236.892 102.596 44.4418 208.24 90.1174 8.46012 110.577 28.6518 81.6572 45.2303 36.4269 82.2507 61.0733 36.2845
internal_count=104453 103241 36060 35553 67181 64668 336 64332 28219 48580 15752 23758 7334 4461 2513 6974 2334 1212 360 2065 1100 298 507 269 802 521 281 380 286 410
is_linear=0
shrinkage=0.05


Tree=98
num_leaves=31
num_cat=0
split_feature=18 3 28 2 7 4 36 29 18 5 6 7 36 13 4 37 7 15 30 4 33 36 32 15 30 7 27 5 13 6
split_gain=18.6625 17.1078 13.5112 14.2094 17.7578 21.3499 16.3387 11.0015 10.1698 9.79324 9.34549 10.1241 8.52988 8.78125 15.3879 7.97999 7.80015 7.5856 7.30011 7.12776 12.6222 7.81574 6.92666 6.8629 10.2583 8.55711 11.2935 8.47653 8.00568 7.6231
threshold=12.500000000000002 67.15000000000002 6.5000000000000009 55.850000000000001 48.350000000000001 43.95000000000001 0.29166666666666669 53.500000000000007 9.5000000000000018 68.250000000000014 46.150000000000013 48.850000000000001 0.36666666666666675 49.95000000000001 73.550000000000011 72.247071428571445 45.150000000000013 64.850000000000009 485.00000000000006 50.850000000000001 61.250000000000007 0.22500000000000003 62.850000000000001 50.350000000000001 457.00000000000006 57.550000000000004 7.5000000000000009 42.45000000000001 43.150000000000013 49.250000000000007
decision_type=2 2 2 2 2 2 10 2 2 2 2 2 8 2 2 2 2 2 2 2 2 8 2 2 2 2 2 2 2 2
left_child=7 2 3 4 5 -2 -6 8 -1 23 -5 -12 13 14 -10 19 -14 22 -18 20 -11 -21 -4 24 29 26 -25 -26 -27 -9
right_child=1 -3 17 10 6 -7 -8 9 12 15 11 -13 16 -15 -16 -17 18 -19 -20 21 -22 -23 -24 25 27 28 -28 -29 -30 -31
leaf_value=0.026649431509845535 -0.016963801110719025 0.045426784263972106 -0.024263802073078201 0.016897616749270011 0.0010505294995920144 -0.0037611507270278936 -0.007324464394665259 0.022761579106776689 0.005403125776782953 0.051978828390188504 0.0053437925934022744 -0.00097139330184565185 -0.020906308685750691 0.0079552251273888128 0.079584354860206138 0.039984290409871337 0.010959342767324095 0.011560042830867019 -0.022415684262631564 -0.017112185413418506 0.0028963009402315932 0.009436313610984912 -0.0052923671637630787 -0.0041636002965833949 -0.0044385378645341736 -0.024244313261980507 0.007119274363537046 0.0082033350641193391 0.0083387579515952319 -0.0049452458638767028
leaf_weight=81.876585504040122 342.54874311201274 19.363335913047194 122.59501386992633 98.427345627918839 3680.2060098089278 2906.6642135921866 691.67297060228884 26.459874367341399 14.605454154312612 23.30066441744566 972.59628903307021 1823.4394030291587 36.960897782817483 64.287109857425094 13.617438523098825 22.645291447639465 98.37006233073771 26.444194290786982 19.488515829667449 36.079189270734787 30.307301461696625 117.70281613618135 80.533039484173059 1350.124350185506 154.97790681011975 19.866674594581127 265.01894703879952 897.21168469637632 320.26245180144906 371.13128101825714
leaf_count=594 4622 112 1799 572 25981 25653 5096 196 121 103 5927 10071 385 407 100 102 739 212 129 161 131 539 512 7909 1388 110 1595 5096 1565 2526
internal_value=-0.000319331 -0.00139972 -0.00148499 -0.00122243 -0.00235541 -0.00515506 -0.000273468 0.00261301 0.0113671 0.00181854 0.00175895 0.00122366 0.0062791 0.0182849 0.0415264 0.0118034 -0.000869674 -0.0134842 0.0053839 0.00868441 0.0243801 0.00316814 -0.0167732 0.0011422 0.00374951 -0.000788593 -0.00230884 0.00633631 0.00641434 -0.00308351
internal_weight=14728.8 10764.5 10745.1 10515.6 7621.09 3249.21 4371.88 3964.29 329.206 3635.09 2894.46 2796.04 247.329 92.51 28.2229 230.035 154.819 229.572 117.859 207.39 53.608 153.782 203.128 3405.05 1449.78 1955.27 1615.14 1052.19 340.129 397.591
internal_count=104453 80557 80445 77922 61352 30275 31077 23896 2475 21421 16570 15998 1881 628 221 1036 1253 2523 868 934 234 700 2311 20385 9206 11179 9504 6484 1675 2722
is_linear=0
shrinkage=0.05


Tree=99
num_leaves=31
num_cat=0
split_feature=7 18 13 27 17 33 28 7 29 0 8 31 18 30 31 5 23 1 0 7 2 30 18 28 7 2 15 0 5 33
split_gain=18.0997 17.1125 13.5766 13.0783 18.2393 12.7263 11.3816 10.8429 14.594 14.2648 13.4282 13.0298 12.1372 11.9939 11.0775 10.4618 10.0036 8.72754 8.56653 7.19089 7.67283 6.74202 6.42886 5.89287 5.56088 3.71507 5.56544 7.63342 3.51432 3.26912
threshold=35.45000000000001 14.500000000000002 78.250000000000014 6.5000000000000009 1075.0000000000002 43.150000000000013 4.5000000000000009 59.250000000000007 53.500000000000007 59.050000000000004 37.650000000000013 8.5000000000000018 9.5000000000000018 453.00000000000006 2.5000000000000004 53.050000000000004 1.0000000180025095e-35 58.350000000000001 63.95000000000001 61.45000000000001 52.45000000000001 433.00000000000006 12.500000000000002 2.5000000000000004 48.350000000000001 48.550000000000004 44.250000000000007 44.850000000000001 49.250000000000007 43.350000000000001
decision_type=2 2 2 2 2 2 2 2 2 2 2 8 2 2 10 2 2 2 2 2 2 2 2 2 2 2 2 2 2 2
left_child=23 7 3 5 24 15 -7 8 9 12 14 17 -2 -12 -10 -3 -6 21 -11 22 -21 -9 -13 -1 -5 26 -25 -28 -19 -27
right_child=1 2 -4 4 16 6 -8 11 10 18 13 19 -14 -15 -16 -17 -18 28 -20 20 -22 -23 -24 25 -26 29 27 -29 -30 -31
leaf_value=-0.04418671879460357 0.024803538170066985 -0.011797673168207064 0.033250088632929498 0.017502079571444781 -0.00057099111561582005 -0.0010639696953913867 -0.0074937938559279885 -0.021278844006808934 0.00903082819720313 0.030455506943816671 -0.0058434251958175264 0.047287840240084388 0.00092743143418710277 0.00045020341171689721 -0.0024356940861787373 0.0020310505617824009 0.0088537886278903209 0.0011164897520056563 -0.0054020363036412673 0.0039447592638512273 0.038097055261621958 0.0028852108067416761 0.011728757116457137 -0.035742886470184615 0.05950906571537623 0.0023828000653283565 -0.027950070089814139 0.035598400880650694 0.024175148501380916 -0.029274222933069662
leaf_weight=22.239533285610378 62.738440845161676 641.94599963817745 27.548802910372615 16.376204373314977 1746.0973983621225 4207.0430544577539 823.5122838281095 30.835646543651819 686.20838468521833 97.236103096976876 969.63362480420619 36.598057746887207 351.48296792432666 3445.8724357821047 302.97033168002963 173.00681057199836 335.419044486247 22.630184069275856 19.787065949290991 70.637384854257107 21.523110959678888 426.76134439744055 20.224603526294231 7.9127893112599876 16.147674962878227 9.8316822638735157 7.0950748706236508 13.426014240831135 66.275858238339424 40.46420119330287
leaf_count=303 473 12817 179 123 13444 24167 5471 178 4862 591 6510 176 3164 20721 2147 2196 2597 108 113 339 112 2244 109 105 92 237 141 160 308 266
internal_value=-0.000303946 -0.000157815 -0.0017169 -0.00183896 0.00152961 -0.00305808 -0.00211767 0.00171924 0.00102615 0.00893333 0.000247849 0.00762653 0.00456092 -0.00093083 0.00551386 -0.00885594 0.000945684 0.00404011 0.0243503 0.0207372 0.0120075 0.00124167 0.0347622 -0.0213906 0.0386297 -0.0148398 -0.000210227 0.0133553 0.0183698 -0.0229943
internal_weight=14719.5 14618.5 7987.1 7959.55 2114.04 5845.51 5030.56 6631.42 5935.93 531.245 5404.68 695.486 414.221 4415.51 989.179 814.953 2081.52 546.503 117.023 148.983 92.1605 457.597 56.8227 100.969 32.5239 78.7298 28.4339 20.5211 88.906 50.2959
internal_count=104453 103241 61086 60907 16256 44651 29638 42155 38581 4341 34240 3574 3637 27231 7009 15013 16041 2838 704 736 451 2422 285 1212 215 909 406 301 416 503
is_linear=0
shrinkage=0.05


Tree=100
num_leaves=31
num_cat=0
split_feature=33 35 36 2 1 34 9 17 6 36 31 7 33 15 7 14 16 7 31 27 32 6 1 32 1 35 6 0 0 9
split_gain=18.014 15.7675 12.7129 14.6552 14.3752 18.3958 14.8343 13.212 12.5729 15.6629 12.321 12.2156 11.7628 10.9432 10.5994 10.0123 10.8631 9.14804 8.75683 8.61655 8.45788 8.25834 7.56107 7.93508 8.45429 7.53799 9.21316 7.30306 7.27559 6.86414
threshold=30.750000000000004 31.400000000000006 0.36666666666666675 53.650000000000013 48.45000000000001 1.5000000000000002 55.050000000000004 2550.0000000000005 75.950000000000017 0.22500000000000003 7.5000000000000009 45.250000000000007 58.250000000000007 56.350000000000001 59.250000000000007 72.100000000000009 50.050000000000004 51.150000000000013 2.5000000000000004 3.5000000000000004 78.050000000000011 66.050000000000011 37.250000000000007 57.850000000000001 52.850000000000001 8.7500000000000036 87.350000000000009 50.850000000000001 44.650000000000013 50.350000000000001
decision_type=2 10 10 2 2 8 2 2 2 10 10 2 2 2 2 2 2 2 10 2 2 2 2 2 2 8 2 2 2 2
left_child=14 2 4 20 5 17 7 -6 9 12 18 -12 19 -7 22 16 -11 -2 -5 -3 -4 -16 -1 25 -25 -24 -27 -10 -8 -29
right_child=1 8 3 10 6 13 28 -9 27 15 11 -13 -14 -15 21 -17 -18 -19 -20 -21 -22 -23 23 24 -26 26 -28 29 -30 -31
leaf_value=-0.031376774835160375 -0.0032263739727118957 0.069173649866190373 -0.0096631082615847748 -6.9264506464510704e-05 0.0018425888336557783 -0.014894035539832618 0.018489429686884284 0.011586462069088962 -0.0024146547336089622 -0.0049122648656893505 -0.017902878793149994 0.014283235073506866 0.0044642400286401748 0.0040234529617015659 0.037191448093100328 0.030632454976931435 0.038707964463335819 0.0059660211442829816 -0.0093929616604969263 0.025079065186921597 0.026145414575663481 -0.0094614775734451328 -0.028086343406369438 0.0017066516236643788 0.06133883112637302 -0.0093280680814252764 0.049282957395034632 0.02228441147910629 -0.0085315474351313116 0.057063916049680169
leaf_weight=40.055540266446769 727.32577251829207 17.066799242049456 718.71649557352066 1129.0655362084508 8730.0118285212666 402.71531446650624 26.231520485132933 362.49078595079482 15.241412011906503 254.42237816005945 33.93816839158535 215.30231077596545 43.070390060544014 93.826004352420568 21.506539588794112 24.886410461738706 15.006961610168217 430.86289950832725 324.43742467463017 33.550954662263393 16.711650669574738 16.606491638347507 55.244267004542053 38.563552251085639 6.9713357351720324 363.07879311125726 6.7081186827272168 37.430969536304474 433.17094685137272 23.767880417406559
leaf_count=1019 5552 144 5452 6256 53462 4746 210 2044 120 1864 226 1190 198 953 317 199 108 2811 1797 261 75 265 1470 596 81 9113 158 260 2941 152
internal_value=0.000293236 0.000639267 0.000330476 -0.00294092 0.00104268 -0.00325861 0.00178837 0.00223172 0.00969838 0.00602679 -0.000390123 0.00987509 0.0238212 -0.0113092 -0.00859341 0.000339226 -0.00245065 0.000189233 -0.00215436 0.0401521 -0.00883916 0.0167616 -0.0104986 -0.00870451 0.0110602 -0.0108358 -0.00823828 0.0282375 -0.0069741 0.0359444
internal_weight=14658 14109.3 13644.8 2438.17 11206.6 1654.73 9551.91 9092.5 464.444 388.004 1702.74 249.24 93.6881 496.541 548.735 294.316 269.429 1158.19 1453.5 50.6178 735.428 38.113 510.622 470.566 45.5349 425.031 369.787 76.4403 459.402 61.1988
internal_count=104040 91021 87715 14996 72719 14062 58657 55506 3306 2774 9469 1416 603 5699 13019 2171 1972 8363 8053 405 5527 582 12437 11418 677 10741 9271 532 3151 412
is_linear=0
shrinkage=0.05


Tree=101
num_leaves=31
num_cat=0
split_feature=18 33 27 28 27 12 18 6 5 15 5 37 36 30 27 31 15 36 36 28 33 36 12 15 4 15 33 2 0 4
split_gain=18.1751 14.6075 13.1178 10.8112 9.57988 9.43891 11.9509 9.24533 14.5106 12.0755 9.20371 11.8148 9.20996 11.0115 8.79047 9.48564 8.68731 8.2952 8.97262 8.239 7.71814 7.30058 11.2149 7.81418 12.6449 9.00615 8.38153 7.16261 10.2592 8.18599
threshold=15.500000000000002 32.350000000000001 7.5000000000000009 4.5000000000000009 5.5000000000000009 89.350000000000009 14.500000000000002 67.350000000000009 39.050000000000004 66.050000000000011 41.350000000000001 62.283000000000008 1.0000000180025095e-35 435.00000000000006 4.5000000000000009 -8.4999999999999982 50.650000000000013 0.90000000000000013 -1.0000000180025095e-35 4.5000000000000009 81.250000000000014 0.22500000000000003 85.250000000000014 46.95000000000001 81.850000000000009 48.350000000000001 49.750000000000007 55.95000000000001 58.050000000000004 94.750000000000014
decision_type=2 2 2 2 2 2 2 2 2 2 2 2 8 2 2 10 2 10 8 2 2 10 2 2 2 2 2 2 2 2
left_child=2 -2 3 7 17 -6 -7 8 -1 -10 11 12 19 -14 15 -9 -16 18 -5 -3 27 23 -23 24 26 -25 -4 29 -29 -12
right_child=1 10 21 4 5 6 -8 14 9 -11 20 -13 13 -15 16 -17 -18 -19 -20 -21 -22 22 -24 25 -26 -27 -28 28 -30 -31
leaf_value=-0.013264929359324721 -0.012927852584345806 7.8272316494909896e-05 0.0093842743824889378 -0.0059954377051052504 -0.012641208461660405 -0.0049011139677435003 0.028411678791875283 -0.01856956299860343 -5.2828455155522467e-05 0.010774325590077485 -0.0027275225420524594 -0.015436458831080116 -0.033816189286766461 -0.0023794827851651534 0.011687376117700815 0.0021811452715200775 0.0033897993918803266 -0.012695870199176038 0.0050240369027189499 0.028559748772999029 0.011406671910321025 -0.0096896951353241043 0.0081507643886491281 0.031174208940196693 0.020097488158421502 0.0099470227448236817 -0.011511739159422125 0.0056563675658346602 -0.0025452017817698173 0.0065815971595789531
leaf_weight=189.44595705438405 280.10966500733048 67.408623289316893 72.842870988883078 261.92602427583188 368.20240430161357 139.11523993499577 33.256700722500682 57.655744157731533 2604.9769310588017 285.56793518923223 3427.6626901533455 249.36039676703513 32.196908708661795 206.31908154860139 575.5411870367825 1172.9816849101335 703.21745566558093 111.60552336089313 624.47978969663382 40.983126120641828 130.73086555302143 156.58661860413849 201.05600263178349 54.741380865685642 70.562440499663353 601.39532925747335 139.36547438427806 849.29327358864248 690.83217771723866 253.25474147126079
leaf_count=2076 7406 526 898 2696 2637 1010 283 424 16337 1524 24573 2881 403 1872 3825 7308 4214 888 3735 393 581 972 1163 414 388 4012 719 4775 3857 1250
internal_value=0.000278034 -0.00176961 0.00179243 0.000950092 -0.0027599 -0.00812019 0.00150987 0.00197226 0.000135043 0.00101543 -0.00124309 -0.0071357 -0.00115191 -0.00665642 0.00422515 0.00120348 0.00712889 0.000139015 0.00176192 0.0109097 -0.000585507 0.00641902 0.000325177 0.00873463 0.00176463 0.0117301 -0.00431436 -0.000886952 0.00197433 -0.00208552
internal_weight=14652.7 6228.15 8424.52 7127.97 1538.59 540.574 172.372 5589.39 3079.99 2890.54 5948.04 596.268 346.908 238.516 2509.4 1230.64 1278.76 998.011 886.406 108.392 5351.77 1296.55 357.643 938.907 282.771 656.137 212.208 5221.04 1540.13 3680.92
internal_count=104040 48517 55523 46957 11249 3930 1293 35708 19937 17861 41111 6075 3194 2275 15771 7732 8039 7319 6431 919 35036 8566 2135 6431 2005 4426 1617 34455 8632 25823
is_linear=0
shrinkage=0.05


Tree=102
num_leaves=31
num_cat=0
split_feature=33 2 36 2 13 31 7 26 12 17 1 7 8 12 1 7 0 1 31 10 25 0 15 0 13 17 2 2 2 36
split_gain=15.4333 11.3261 11.0939 12.012 13.3462 16.597 11.6129 11.1349 10.8443 10.7349 10.7029 10.3623 9.97284 11.2127 11.1831 10.8472 9.97077 7.79208 7.24062 6.95873 6.55783 6.46372 6.14105 6.31801 5.90828 5.75057 5.50442 5.21696 7.4829 4.93725
threshold=30.750000000000004 63.250000000000007 0.36666666666666675 53.650000000000013 48.850000000000001 7.5000000000000009 66.950000000000017 1.0000000180025095e-35 85.250000000000014 2050.0000000000005 59.850000000000001 50.550000000000004 15.65 79.350000000000009 43.350000000000001 65.050000000000011 57.850000000000001 58.650000000000013 -1.0000000180025095e-35 65.000000000000014 1.0000000180025095e-35 57.650000000000013 53.45000000000001 40.050000000000004 38.150000000000013 1650.0000000000002 54.95000000000001 58.850000000000001 55.150000000000013 1.0000000180025095e-35
decision_type=2 2 10 2 2 8 2 2 2 2 2 2 2 2 2 2 2 2 10 2 2 2 2 2 2 2 2 2 2 10
left_child=12 2 6 8 5 -5 7 10 11 -6 -2 -4 13 26 21 19 -3 29 -15 24 -10 22 -14 -24 -16 -20 -1 28 -8 -18
right_child=1 16 3 4 9 -7 27 -9 20 -11 -12 -13 14 18 15 -17 17 -19 25 -21 -22 -23 23 -25 -26 -27 -28 -29 -30 -31
leaf_value=-0.025237637596411469 0.00074473881994685672 0.029576694305108783 -0.022473204773700104 0.0021793778224977905 -0.0052165109249215141 0.024881343888525139 0.010810955596132776 -0.0088039753592227456 -0.0040034740296990825 0.0094864470904840181 0.0083041375962175281 -0.0039429901682348353 -0.032087311930518399 0.0025260932175748541 0.049788262772943681 0.048756144734127024 -0.015480399406823287 0.019178237968065219 0.090931146380868563 0.037897061593857827 0.031341081531362218 0.014538670367710688 0.035925289283622937 -0.017719407357110344 -0.0086432523765222948 0.025658413607012005 0.037750196230442429 -0.0080682611035099959 0.03711282057015642 0.0047502852505866208
leaf_weight=16.286981006152931 10244.725608412176 54.905140444636345 184.37343178130686 500.10157015360892 997.45650823414326 96.023104785010219 159.12978168949485 291.86782701686025 509.26643253490329 141.49283453077078 490.77776948921382 128.98355511389673 92.220525729469955 8.8451574398204702 4.2602875400334588 8.9027733597904426 40.47383901104331 74.36310238391161 7.4801969956606609 8.3726227767765504 13.345470897853373 10.827183704823254 6.6756980922073117 28.156851999461651 338.82817331328988 6.7605631817132235 4.2572366856038562 26.773165963590145 32.845612037926912 117.21932572498918
leaf_count=409 67727 274 1602 3226 5418 629 790 1920 3882 730 2415 903 2397 199 93 106 208 346 156 61 92 178 181 581 8464 122 72 132 155 572
internal_value=0.000263654 0.000582147 0.000377542 -0.00258495 -0.000209634 0.00584813 0.00105528 0.000828436 -0.00750838 -0.00338489 0.00109086 -0.0148655 -0.00801556 0.0148369 -0.0100293 -0.00537453 0.0104129 0.00584637 0.0387262 -0.0067734 -0.00308552 -0.0221461 -0.0253206 -0.0072218 -0.00788882 0.0606877 -0.0118233 0.0124621 0.015354 -0.000416995
internal_weight=14646 14104.1 13817.2 2571.04 1735.07 596.125 11246.1 11027.4 835.969 1138.95 10735.5 313.357 541.874 43.6301 498.244 360.364 286.961 232.056 23.0859 351.461 522.612 137.88 127.053 34.8326 343.088 14.2408 20.5442 218.749 191.975 157.693
internal_count=104040 91021 89621 16482 10003 3855 73139 72062 6479 6148 70142 2505 13019 958 12061 8724 1400 1126 477 8618 3974 3337 3159 762 8557 278 481 1077 945 780
is_linear=0
shrinkage=0.05


Tree=103
num_leaves=31
num_cat=0
split_feature=18 31 32 32 27 5 37 7 17 35 30 6 4 30 5 9 8 32 1 16 15 30 35 7 14 35 18 8 4 8
split_gain=16.4816 12.9176 13.0371 11.4171 11.1706 10.8009 14.2597 10.5393 10.0819 10.0117 14.6951 10.0141 9.80998 9.21731 9.20783 9.13258 9.13038 8.99727 12.1454 8.70343 9.25761 8.40094 7.97005 7.91835 7.75451 7.59965 7.56706 7.48834 7.32889 7.14917
threshold=15.500000000000002 2.5000000000000004 77.450000000000017 62.95000000000001 7.5000000000000009 41.350000000000001 70.03428571428573 44.850000000000001 2675.0000000000005 24.600000000000005 487.00000000000006 69.65000000000002 70.050000000000011 441.00000000000006 40.850000000000001 41.45000000000001 86.050000000000011 42.050000000000004 43.850000000000001 55.050000000000004 53.050000000000004 421.00000000000006 3.4000000000000008 66.050000000000011 29.250000000000004 23.750000000000011 12.500000000000002 62.150000000000013 20.050000000000004 40.050000000000004
decision_type=2 10 2 2 2 2 2 2 2 10 2 2 2 2 2 2 2 2 2 2 2 2 10 2 2 10 2 2 2 2
left_child=1 4 3 8 19 6 21 9 -3 12 27 -12 16 -14 -5 -9 -7 -6 26 28 22 -2 -21 -20 -10 -8 -19 -11 -1 -4
right_child=5 2 29 14 17 7 25 15 24 10 11 -13 13 -15 -16 -17 -18 18 23 20 -22 -23 -24 -25 -26 -27 -28 -29 -30 -31
leaf_value=-0.02268085113795193 -0.028709533642963983 0.0028629608656923927 -0.011456685012178355 -0.022354277480680772 -0.016293652319354947 -0.010387306407699809 -0.024716490137536084 -0.023638129771779551 -0.031151105328120217 -0.020325189348495944 0.015701813868622804 0.077221476897836885 -0.017455745704189424 0.0014282411944472318 -0.0045708056584112073 0.00030228395737016067 -0.049859909616073256 0.061512033833989066 0.0070725061010740182 0.011603156879032682 -0.0039250431824997796 -0.0021408828796895193 0.050414288676109836 0.039068240171411285 -0.0014371115084138159 0.014997570457213222 0.011708800389208709 0.022216731262951414 0.0018750039993794959 0.020168993904751915
leaf_weight=30.441740747541189 31.635945067740977 978.4444947745651 21.490826196968555 78.191815067082644 36.572352765128016 498.28596891276538 137.47758924681693 40.094620866701007 39.600904734805226 29.103240631520748 16.66492293775082 11.244883311912416 76.853660837747157 401.30905881524086 1076.0065765827894 4439.7267800848931 15.081545076332985 17.363517902791504 846.67207204923034 28.007175510749221 30.542331617325544 490.60295643284917 25.839652812108397 19.775120928883553 49.986987309530377 12.974628638476132 14.151703014969824 15.851904250681399 5031.7600335013121 99.5392100289464
leaf_count=414 497 8693 96 438 603 5176 2552 363 318 314 145 119 667 2804 5064 29922 143 146 5155 213 201 5462 180 98 383 207 149 146 32925 447
internal_value=0.000250183 0.00169159 -0.00146104 -0.00233359 0.00290722 -0.00170222 -0.00768591 -0.00097518 0.00138824 -0.00544734 0.0124052 0.0408538 -0.00676544 -0.00159949 -0.00578172 8.63771e-05 -0.0115661 0.0079377 0.00893187 0.00199267 0.0179146 -0.00376511 0.0303792 0.00781295 -0.0146475 -0.0212507 0.0394141 -0.00519724 0.0017259 0.0145072
internal_weight=14641.3 8424.39 2343.26 2222.23 6081.13 6216.91 672.691 5544.22 1068.03 1064.4 72.865 27.9098 991.53 478.163 1154.2 4479.82 513.368 934.535 897.962 5146.59 84.3892 522.239 53.8468 866.447 89.5879 150.452 31.5152 44.9551 5062.2 121.03
internal_count=104040 55523 15439 14896 40084 48517 8718 39799 9394 9514 724 264 8790 3471 5502 30285 5319 6151 5548 33933 594 5959 393 5253 701 2759 295 460 33339 543
is_linear=0
shrinkage=0.05


Tree=104
num_leaves=31
num_cat=0
split_feature=18 31 32 32 35 21 1 34 37 1 34 30 30 9 36 1 12 12 0 15 4 12 14 3 1 21 37 35 9 8
split_gain=14.8828 11.6494 11.7921 10.4055 12.9811 10.4797 10.3832 10.2319 16.3854 14.4459 11.605 10.4729 9.77964 9.28316 9.12648 9.05908 8.80339 12.9999 9.84073 8.66874 13.0129 8.52737 8.11414 7.85125 7.45284 8.44983 8.04526 7.34784 8.11822 7.32103
threshold=15.500000000000002 2.5000000000000004 77.450000000000017 64.450000000000017 11.750000000000004 1.0000000180025095e-35 49.650000000000013 1.0000000180025095e-35 49.479428571428578 45.95000000000001 1.5000000000000002 515.00000000000011 515.00000000000011 59.95000000000001 0.36666666666666675 60.350000000000001 85.250000000000014 87.550000000000011 58.95000000000001 64.850000000000009 63.050000000000004 93.15000000000002 44.850000000000001 58.650000000000013 38.550000000000004 1.0000000180025095e-35 51.081142857142865 22.750000000000011 74.250000000000014 39.45000000000001
decision_type=2 10 2 2 8 2 2 8 2 2 8 2 2 2 10 2 2 2 2 2 2 2 2 2 2 2 2 10 2 2
left_child=1 13 3 5 22 21 -6 8 11 10 12 19 -9 14 24 -11 18 -18 -16 -2 -21 -3 -5 -7 26 -26 -1 -15 -29 -4
right_child=7 2 29 4 6 23 -8 9 -10 15 -12 -13 -14 27 16 -17 17 -19 -20 20 -22 -23 -24 -25 25 -27 -28 28 -30 -31
leaf_value=0.020443513170776237 -0.0018958475138913724 -0.0012679782131904283 -0.01278154818352629 -0.0051531026553446758 -0.013790644778138987 -0.021417561610967459 0.0024396039879259505 -0.0086751788854986991 0.035072489819737311 -0.0023379468678038961 -0.024818100507336138 0.01684488397103695 0.030306573356106051 -0.010247736735828244 -0.010111690233836927 0.0071967999156102363 0.03999378715913729 0.0016038831886155105 0.0062728714248418459 -0.013790916168292984 0.024905908764626609 0.0076413786269422194 -0.019042827868714085 0.017614422530536064 0.0037768507394639115 0.013349200804421025 -0.032194169844077171 -0.013101157325285591 0.035599941369964007 0.019495336002203125
leaf_weight=9.6852478068321926 769.73821332678199 682.4836818901822 21.055366769433022 197.33051503449678 125.91554138064384 79.360710751265287 451.02122051268816 198.31538912653923 38.168425176292658 4594.3105603735894 122.35361925326288 102.1894098110497 17.368650291115046 211.61630189046264 363.85461577028036 263.08069365099072 22.883377745747566 557.6896705981344 122.00925217010081 30.580754414200783 73.420234844088554 441.95244039781392 228.24420098215342 15.156974054872988 4494.0942145781592 243.44794652238488 27.227780485525727 14.816651720553635 19.683697633445263 99.655033022165298
leaf_count=105 4776 5922 94 917 631 633 2077 2404 227 35493 2903 598 209 1394 2472 1348 142 3445 693 178 381 3572 1055 89 29673 1434 478 119 129 449
internal_value=0.000237053 0.00160569 -0.00138939 -0.00221857 -0.00599233 0.000881238 -0.00109573 -0.00162001 0.00297151 -0.00251724 -0.0125125 0.00170746 -0.00550029 0.00275898 0.00316041 -0.00182037 -0.00101769 0.00313226 -0.0059865 -5.8962e-05 0.013477 0.00222971 -0.0126169 -0.0150935 0.00409469 0.00427007 -0.0182301 -0.00674503 0.0145627 0.013818
internal_weight=14638.7 8429.18 2342.18 2221.47 1002.51 1218.95 576.937 6209.53 1014.1 5195.43 338.038 975.929 215.684 6087.01 5840.89 4857.39 1066.44 580.573 485.864 873.739 104.001 1124.44 425.575 94.5177 4774.46 4737.54 36.913 246.117 34.5003 120.71
internal_count=104040 55523 15439 14896 4680 10216 2708 48517 6160 42357 5516 5933 2613 40084 38442 36841 6752 3587 3165 5335 559 9494 1972 722 31690 31107 583 1642 248 543
is_linear=0
shrinkage=0.05


Tree=105
num_leaves=23
num_cat=0
split_feature=18 3 3 32 33 9 35 35 0 13 28 0 7 35 9 6 7 14 14 7 9 0
split_gain=18.0679 18.3647 13.8702 12.148 11.4186 10.1041 10.5831 9.81682 9.34259 9.66485 9.33556 7.52034 6.4675 6.30589 5.80833 6.26181 5.93251 7.58841 5.32706 5.10444 2.74953 4.21423
threshold=16.500000000000004 67.15000000000002 38.550000000000004 42.45000000000001 73.550000000000011 75.250000000000014 24.250000000000011 0.80000000000000027 49.95000000000001 63.050000000000004 4.5000000000000009 62.45000000000001 67.450000000000017 36.900000000000013 74.050000000000011 62.550000000000004 46.750000000000007 31.950000000000003 42.850000000000001 46.45000000000001 50.050000000000004 54.650000000000013
decision_type=2 2 2 2 2 2 8 8 2 2 2 2 2 10 2 2 2 2 2 2 2 2
left_child=1 2 7 5 12 6 -4 -1 9 -5 -10 13 14 -9 16 -16 19 -18 -6 -2 21 -20
right_child=4 -3 3 8 18 -7 -8 11 10 -11 -12 -13 -14 -15 15 -17 17 -19 20 -21 -22 -23
leaf_value=0.032022162128874918 -0.011326543078819161 0.056058572589255756 -0.017115506696044305 -0.0017032581358225017 -0.0062583247678464227 0.060290029597021337 -0.0011171016110236842 -0.0064828715894433026 0.0031086235899611694 0.00797458880446867 -0.00083872001695749698 -0.034644244000954887 0.023570740330810188 0.028214194997346915 -0.0092390512847804838 0.02756291821763885 0.0036891244216448698 -0.0074273062180534727 0.036840068311607223 -0.037860849675955453 0.0043785740043100433 0.0082340364462668847
leaf_weight=16.550549210980535 343.22775329276919 14.880113210529087 183.76060597784817 3057.4969826666638 35.217737033963203 5.3553010113537303 237.81923281773925 705.96795909013599 6711.0374143850058 281.53455057181418 1925.7999986577779 23.38235036469996 17.723431697115302 13.194906780496238 21.012861449271441 25.097853921353817 190.27067022770643 782.3139771791175 28.37482388317585 19.26267341338098 29.409053608775139 24.617214128375053
leaf_count=88 3623 83 3346 24650 146 49 4781 5334 38271 1915 13685 144 103 115 136 186 1509 5739 118 183 122 103
internal_value=0.000129864 0.000725026 0.000661664 0.00106357 -0.00503778 -0.0072213 -0.00810484 -0.0058978 0.0013594 -0.000885547 0.00222789 -0.00675393 -0.00629814 -0.00583548 -0.00668672 0.0107002 -0.00729173 -0.00524726 0.00990253 -0.0127604 0.0168694 0.023686
internal_weight=14693.3 13176.8 13161.9 12402.8 1516.53 426.935 421.58 759.096 11975.9 3339.03 8636.84 742.545 1398.91 719.163 1381.19 46.1107 1335.08 972.585 117.619 362.49 82.4011 52.992
internal_count=104429 92461 92378 86697 11968 8176 8127 5681 78521 26565 51956 5593 11479 5449 11376 322 11054 7248 489 3806 343 221
is_linear=0
shrinkage=0.05


Tree=106
num_leaves=31
num_cat=0
split_feature=30 27 3 3 10 37 5 35 5 35 4 33 36 29 5 6 35 1 1 30 4 33 32 30 0 4 32 36 4 9
split_gain=17.2311 16.4743 27.8427 12.8146 12.753 12.1029 11.6441 10.8928 11.5303 10.14 9.96014 20.6789 11.4764 9.16996 8.73677 8.73382 8.70897 8.39953 8.29237 8.25076 13.0593 9.24041 7.64079 6.99209 6.17093 6.00119 5.86875 2.63714 3.30596 3.20172
threshold=399.00000000000006 7.5000000000000009 39.750000000000007 51.850000000000001 65.000000000000014 70.603071428571454 42.650000000000013 1.7500000000000007 60.850000000000001 31.250000000000011 90.050000000000011 50.050000000000004 0.63333333333333341 51.750000000000007 50.050000000000004 88.450000000000017 15.600000000000003 51.850000000000001 43.350000000000001 477.00000000000006 93.15000000000002 50.050000000000004 83.15000000000002 507.00000000000006 59.250000000000007 76.050000000000011 58.95000000000001 -1.0000000180025095e-35 50.050000000000004 50.350000000000001
decision_type=2 2 2 2 2 2 2 8 2 10 2 2 8 2 2 2 8 2 2 2 2 2 2 2 2 2 2 10 2 2
left_child=24 3 9 4 7 6 -6 26 -9 14 15 12 -12 -4 18 22 -7 -13 -3 20 -15 -21 -5 -16 27 -17 -2 28 29 -1
right_child=1 2 13 10 5 16 -8 8 -10 -11 11 17 -14 19 23 25 -18 -19 -20 21 -22 -23 -24 -25 -26 -27 -28 -29 -30 -31
leaf_value=-0.028103423112340899 0.022675724356611922 0.026552293057894624 0.03974430533052549 4.9375620528593543e-05 0.029642695467554915 0.0082960295215912805 0.00037033479918814486 -0.0041299274780746634 0.0015250617387157044 0.028760888707837426 0.045546100163345059 -0.0072518595929024115 0.0097146263631612759 0.0014317526840860332 -0.0044685018261918985 0.0086781049898476455 0.045028069167177144 0.006373757317566309 -0.018201599206975946 0.019044873132640826 0.021696711434900963 0.0071223286988545218 0.018680715687119102 0.0229493721885984 0.012498073752900803 0.046867684692716419 0.0035642958297891093 0 -0.039074510971337711 0.0080868181899228005
leaf_weight=18.282969710417095 47.242471208795905 10.784722620621322 21.601309403777122 4852.9202674571425 36.752620287239552 34.974397659301758 439.88249001652002 4749.5060193520039 1111.0296367052943 19.704161334782839 48.558268744498491 141.79757103323936 42.230512700974941 761.89149596728384 241.51034197211266 29.933357145637274 30.610932730138302 552.82054518163204 186.31755243521184 232.68645661789924 88.772298043593764 547.4954195022583 55.567681543529034 25.600089957937598 11.151167228817938 15.977438520640133 273.36477745324373 8.4497756659984571 41.664874088019133 8.8241421235725266
leaf_count=274 478 174 190 35000 185 158 1987 39126 5532 161 349 654 316 5756 1366 221 154 2489 1680 2417 445 2697 243 140 89 102 1288 73 577 108
internal_value=0.000123109 0.000256761 0.00431364 -0.000438273 -0.00191993 0.00542886 0.00264372 -0.00256546 -0.003057 -0.00622774 0.00129641 0.00652773 0.0289631 0.00740388 -0.00772953 0.000465976 0.0255587 0.00358442 -0.0157153 0.00697004 0.00355471 0.0106866 0.000261691 -0.00181443 -0.0218756 0.0221501 0.00640221 -0.0269137 -0.0301487 -0.0161523
internal_weight=14687.9 14599.5 2136.36 12463.2 6723.36 542.22 476.635 6181.14 5860.54 483.917 5739.81 785.407 90.7888 1652.45 464.213 4954.4 65.5853 694.618 197.102 1630.85 850.664 780.182 4908.49 267.11 88.3729 45.9108 320.607 77.2218 68.772 27.1071
internal_count=104429 103308 15026 88282 48908 2484 2172 46424 44658 3521 39374 3808 665 11505 3360 35566 312 3143 1854 11315 6201 5114 35243 1506 1121 323 1766 1032 959 382
is_linear=0
shrinkage=0.05


Tree=107
num_leaves=31
num_cat=0
split_feature=18 27 3 3 0 13 6 5 33 28 21 36 6 12 4 6 13 4 33 9 5 17 5 36 30 6 36 8 5 10
split_gain=16.2626 17.6662 12.4108 11.9567 11.3249 13.1082 10.9216 10.5225 10.213 9.76113 10.5592 8.82496 8.71319 8.32873 13.001 11.4209 9.38758 8.11356 13.9176 8.10908 8.08884 8.02248 8.01631 7.45385 6.84503 6.81584 6.62369 6.42538 6.28005 5.97339
threshold=16.500000000000004 6.5000000000000009 38.550000000000004 51.850000000000001 51.850000000000001 45.350000000000001 43.500000000000007 36.95000000000001 73.550000000000011 5.5000000000000009 1.0000000180025095e-35 -1.0000000180025095e-35 88.450000000000017 96.850000000000009 84.65000000000002 75.65000000000002 54.45000000000001 90.050000000000011 50.050000000000004 41.750000000000007 38.45000000000001 1250.0000000000002 39.850000000000001 0.36666666666666675 437.00000000000006 49.650000000000013 1.0000000180025095e-35 55.350000000000001 50.050000000000004 55.000000000000007
decision_type=2 2 2 2 2 2 2 2 2 2 2 10 2 2 2 2 2 2 2 2 2 2 2 10 2 2 10 2 2 2
left_child=1 3 13 4 9 29 11 -7 20 10 -1 -4 17 14 -3 16 -15 21 -19 -8 -2 -5 27 -21 25 -24 -10 -22 -16 -6
right_child=8 2 6 12 5 7 19 -9 26 -11 -12 -13 -14 15 28 -17 -18 18 -20 23 22 -23 24 -25 -26 -27 -28 -29 -30 -31
leaf_value=-0.0045724234143833488 -0.021711650874801088 -0.016119079459272257 0.0092259896275660135 0.0048980714540161688 -0.014248655228376437 -0.016804237322664832 -0.024437101740625369 0.0018411659274150183 0.016765516513848864 -0.017090292080896817 0.014046064130097938 0.062989592896308982 0.022828635280565369 0.024786069193707867 -0.006445696901987992 -0.025523982437380369 -0.012480993454152963 0.026706665185365491 0.0036614846545648945 0.0056475138704766446 0.036459128654742656 -0.00081969641913746244 -0.039834972914821999 -0.00031446365301147596 -0.0039399339689716751 -0.010595479027031935 -0.0095676729589178958 -0.0068622469266875416 0.0249176782254934 0.015998974135069427
leaf_weight=2072.4275521244854 77.387375564314425 200.44554625824094 17.017092414200309 759.96833386924118 196.27794235572219 78.198716310784221 24.277641452848911 2222.498057525605 84.544573843479156 149.95525118894875 78.840679377317429 14.19375056773424 46.645805969834328 63.153902826830745 30.406905844807625 21.843192826956511 22.789045591838658 74.392863988876343 552.48425608873367 2667.4554001539946 20.506940421648324 3178.3162920176983 22.03362262994051 650.52067264541984 1039.6644289735705 219.45374171342701 32.927633017301559 14.305731386877595 32.98007271066308 17.567120850086212
leaf_count=17138 1110 1587 144 5522 1695 764 227 13446 352 1428 542 88 299 462 210 145 147 527 2489 18594 272 22427 189 4338 7726 2005 137 177 157 85
internal_value=0.000116793 0.000680672 0.00358597 -0.000472947 -0.00221584 0.000101786 0.00454209 0.00120455 -0.00479599 -0.00475038 -0.00388714 0.0339588 0.00134595 -0.00507887 -0.00986983 0.00660011 0.014843 0.00112486 0.0064081 0.00426488 -0.00599195 0.000282484 -0.00506215 0.00447713 -0.00570893 -0.0132994 0.0093399 0.018545 0.00980737 -0.0117342
internal_weight=14683.5 13172.7 3745.08 9427.57 4815.77 2514.54 3373.46 2300.7 1510.82 2301.22 2151.27 31.2108 4611.81 371.619 263.833 107.786 85.9429 4565.16 626.877 3342.25 1393.35 3938.28 1315.96 3317.98 1281.15 241.487 117.472 34.8127 63.387 213.845
internal_count=104429 92461 26099 66362 35098 15990 23391 14210 11968 19108 17680 232 31264 2708 1954 754 609 30965 3016 23159 11479 27949 10369 22932 9920 2194 489 449 367 1780
is_linear=0
shrinkage=0.05


Tree=108
num_leaves=31
num_cat=0
split_feature=30 27 18 29 30 4 5 13 30 34 17 6 2 4 12 32 6 32 4 5 32 34 9 4 2 4 32 28 5 5
split_gain=15.6504 14.1286 13.4976 11.4221 10.2817 14.9028 10.1301 10.5791 10.5341 10.0426 12.9782 10.1419 8.45096 7.70383 7.31369 7.00775 6.76978 6.61328 6.07038 9.23356 5.90949 4.98109 4.81146 4.7336 4.67433 4.59463 3.747 2.46963 4.18436 4.74569
threshold=399.00000000000006 7.5000000000000009 14.500000000000002 51.750000000000007 477.00000000000006 93.15000000000002 57.250000000000007 39.050000000000004 533.00000000000011 1.0000000180025095e-35 1550.0000000000002 91.050000000000011 49.95000000000001 99.550000000000011 71.350000000000009 75.250000000000014 67.350000000000009 54.850000000000001 86.850000000000009 64.450000000000017 40.850000000000001 1.5000000000000002 51.050000000000004 75.250000000000014 54.150000000000013 91.750000000000014 59.850000000000001 2.5000000000000004 51.050000000000004 43.850000000000001
decision_type=2 2 2 2 2 2 2 2 2 8 2 2 2 2 2 2 2 2 2 2 2 8 2 2 2 2 2 2 2 2
left_child=22 2 6 26 5 15 14 -8 -9 10 13 12 -11 -4 20 -5 -12 -16 21 -20 -2 -6 25 -13 -7 27 -3 28 29 -1
right_child=1 3 9 4 18 24 7 8 -10 11 16 23 -14 -15 17 -17 -18 -19 19 -21 -22 -23 -24 -25 -26 -27 -28 -29 -30 -31
leaf_value=-0.025072105949196767 -0.015920887590833314 0.012777868802941468 0.0085558331938626071 -0.0004515047612330038 0.012924570146435586 0.0048406331152615221 -0.030507569257203878 0.0059109290606370428 -0.020090272108591385 -0.0058801146007453542 -0.0069434665211215892 0.009558612289699819 -0.0016497283417083947 -0.011130710128800252 -0.0030917589275160067 -0.016021756117958919 0.008860465104727407 0.0039315337645670053 -0.0057179063003918078 0.02329124896004163 -0.0014555312238829945 0.0048849016260398385 0.014080230332318061 0.051536861043233864 0.024755803087564858 0.011189634889183779 0.050929967659232404 -0.035900824877673258 -0.042361288861211759 0.030101774793177397
leaf_weight=8.4296247996389884 73.15258649084717 11.288226863369347 604.57917687296867 936.5677062664181 428.00574597157538 50.421907236799598 20.822943154722452 1536.8964766301215 39.789174176752567 1670.0377776175737 370.67528957501054 16.778540795668963 4046.5499818725511 53.846443992108107 434.02890217676759 78.287923574447632 82.581808160990477 1461.6154182422906 157.42444508709013 33.103430241346359 2028.7356003951281 355.42668834887445 8.5450894013047201 11.597245348617433 73.480635836720467 7.6793406493961802 16.577575385570526 45.956323673948646 9.1443675532937032 7.0761394547298542
leaf_count=142 1358 160 3756 7385 2610 259 108 7347 195 16662 2229 166 29190 265 4942 350 469 8001 831 151 13510 2820 86 84 367 39 93 697 73 84
internal_value=0.000110365 0.000236712 -0.000408008 0.0039892 0.00356619 0.000335673 0.00141385 0.00477926 0.00525036 -0.00189537 0.0024521 -0.00273753 -0.00288654 0.00693682 6.76105e-05 -0.00165901 -0.0040517 0.00232076 0.00733777 -0.000641882 -0.00196209 0.00928461 -0.0210412 0.0270115 0.0167021 -0.0249517 0.0357546 -0.0289635 -0.015735 0
internal_weight=14679.1 14592.3 12451.7 2140.58 2112.72 1138.76 5595.04 1597.51 1576.69 6856.65 1111.68 5744.96 5716.59 658.426 3997.53 1014.86 453.257 1895.64 973.96 190.528 2101.89 783.432 86.8309 28.3758 123.903 78.2858 27.8658 70.6065 24.6501 15.5058
internal_count=104429 103308 88282 15026 14773 8361 35461 7650 7542 52821 6719 46102 45852 4021 27811 7735 2698 12943 6412 982 14868 5430 1121 250 626 1035 253 996 299 226
is_linear=0
shrinkage=0.05


Tree=109
num_leaves=31
num_cat=0
split_feature=18 3 27 20 28 32 32 35 34 14 3 37 33 36 5 15 5 32 12 11 4 5 36 14 33 33 35 35 33 8
split_gain=14.3552 15.6083 14.2355 15.0004 16.1501 15.8045 13.407 13.123 12.7 14.7613 13.7145 9.61102 9.17455 7.57802 7.48732 7.31048 7.18726 9.22459 15.7927 8.76426 7.88415 6.03276 6.00402 5.81049 5.64748 5.2756 5.10749 4.26738 3.7933 5.16238
threshold=16.500000000000004 67.15000000000002 6.5000000000000009 1.0000000180025095e-35 5.5000000000000009 81.750000000000014 42.45000000000001 37.250000000000014 1.0000000180025095e-35 71.450000000000017 38.550000000000004 55.468571428571437 73.550000000000011 0.63333333333333341 38.45000000000001 51.350000000000001 39.850000000000001 54.650000000000013 75.65000000000002 49.900000000000006 69.950000000000017 66.65000000000002 1.0000000180025095e-35 65.050000000000011 42.550000000000004 47.350000000000001 24.600000000000005 24.900000000000006 48.95000000000001 66.15000000000002
decision_type=2 2 2 2 2 2 2 10 8 2 2 2 2 10 2 2 2 2 2 2 2 2 10 2 2 2 8 10 2 2
left_child=1 2 3 6 5 -5 23 8 9 -4 -10 -8 14 25 27 -6 17 18 -16 20 -18 -21 -14 -1 -15 -9 -19 28 29 -2
right_child=12 -3 7 4 15 -7 11 13 10 -11 -12 -13 22 24 16 -17 19 26 -20 21 -22 -23 -24 -25 -26 -27 -28 -29 -30 -31
leaf_value=-0.0096146225844973877 -0.024586100079419415 0.051205773743176287 0.0077970239982994355 -0.0020035181748959629 -0.0062442357952300137 0.018056609120348479 -0.00040065292972305894 0.062482870129143601 -0.0083809375572519839 0.043119599555097539 0.0026621996253198663 0.0044312720913257672 0.015959828216584867 0.02894128838373047 0.0013100968404372703 -0.021778142679627247 -0.037820200743281962 -0.025482703964269045 0.11443349674446138 -0.0055689691331593308 -0.0043274635927543388 0.0060825447172637341 -0.0091098766513039893 -0.044070775648190869 -0.01476042819964697 0.023757170751605477 0.021739370286036393 0.012959391011368941 -0.036086184701811179 0.020232935687752227
leaf_weight=143.83864933811128 22.917683092877272 15.141678825020788 507.89535380154848 4695.7002342483029 165.9382691970095 100.14306852221489 1871.2333518862724 15.492894224822519 312.0062464075163 31.40398346632719 2821.4592783320695 2281.906559006311 84.433634266257286 13.913155198097231 7.0901718810200673 141.31250981707126 38.358878050930798 11.233691053465011 5.4924854999408126 1081.5293414117768 33.08781992085278 123.32831492647529 32.937105968594551 13.414874694310127 15.417573500424622 22.138566069304943 11.445270365104077 8.0535186473280174 36.375144757330418 8.7109413351863605
leaf_count=2461 532 83 2844 33994 1713 447 10880 158 2346 181 20125 15244 352 182 140 1376 385 99 99 8690 276 569 137 227 91 109 111 101 288 189
internal_value=0.000104516 0.000633563 0.000574576 -0.000461742 -0.00229651 -0.00158323 0.0017093 0.00318443 0.0027826 0.00987078 0.00156078 0.00225305 -0.00452093 0.0251129 -0.00565863 -0.0134097 -0.00476827 0.0174359 0.051597 -0.00538696 -0.0224069 -0.00437177 0.00888032 -0.0126119 0.00582768 0.0399564 -0.00144107 -0.0209202 -0.0250191 -0.0120599
internal_weight=14673.4 13168.4 13153.2 9413.49 5103.09 4795.84 4310.39 3739.73 3672.76 539.299 3133.47 4153.14 1504.99 66.9622 1387.62 307.251 1311.57 35.2616 12.5827 1276.3 71.4467 1204.86 117.371 157.254 29.3307 37.6315 22.679 76.0573 68.0038 31.6286
internal_count=104429 92461 92378 66342 37530 34441 28812 26036 25496 3025 22471 26124 11968 540 11479 3089 10369 449 239 9920 661 9259 489 2688 273 267 210 1110 1009 721
is_linear=0
shrinkage=0.05


Tree=110
num_leaves=28
num_cat=0
split_feature=13 37 10 35 36 13 6 16 30 0 32 31 33 6 36 6 12 9 1 35 1 13 0 5 32 8 32
split_gain=16.6522 16.7157 16.3397 12.9147 12.4762 16.2652 16.0835 11.2738 9.83744 13.1605 10.7655 9.72682 8.85662 8.59935 8.45988 11.8486 8.87809 8.31131 8.24911 7.25654 7.24519 6.85543 5.72896 5.61033 5.13939 4.09211 4.07768
threshold=76.850000000000009 77.750000000000014 77.500000000000014 10.250000000000004 0.45000000000000007 48.750000000000007 79.850000000000009 49.550000000000004 431.00000000000006 46.650000000000013 79.750000000000014 2.5000000000000004 53.850000000000001 61.850000000000001 -1.0000000180025095e-35 48.750000000000007 69.950000000000017 50.050000000000004 59.850000000000001 1.6000000000000005 60.550000000000004 50.250000000000007 57.95000000000001 70.65000000000002 46.750000000000007 55.550000000000004 66.850000000000009
decision_type=2 2 2 8 10 2 2 2 2 2 2 8 2 2 8 2 2 2 2 10 2 2 2 2 2 2 2
left_child=1 2 4 19 8 6 -6 12 9 -1 -10 17 25 21 20 16 -16 -2 -7 -4 24 -5 -21 -17 -9 -3 -15
right_child=11 7 3 13 5 18 -8 14 10 -11 -12 -13 -14 26 15 23 -18 -19 -20 22 -22 -23 -24 -25 -26 -27 -28
leaf_value=-0.022219235175093013 0.060168313721025227 0.018859821718497496 0.019465173489671417 0.0213960484538918 -0.00036788170686989131 -0.0073142579169930867 0.020985587072070239 -0.037659963227622599 0.00068185486453195164 -0.0023983400678671486 0.0096846717835916384 -0.007378220728240706 0.052072334557733357 0.014133662801593125 -0.0050277900130526292 -0.0067778102167839584 0.05079385768234923 0.016054231864139262 0.0077422848057875559 -0.00020048686745508692 0.03060197517872433 -0.0029991327029936263 -0.02540998005413804 0.016214717961734286 -0.014515509451910012 -0.036102840572427922 0.034714015307005831
leaf_weight=93.844992513768375 21.755163069814444 8.013009821064772 33.017800629138947 53.211313284933567 852.74529516510665 1513.801289357245 98.202983887866139 27.841441038064659 9334.9023575205356 781.65701660886407 344.3420526906848 15.649183571338652 14.394310854375361 37.528968416154385 12.297477207146587 777.39156164508313 16.298509907908738 21.837593980133533 96.38594039529562 83.210114479064941 7.955627277493476 61.931889168918133 31.018416509032249 27.254179112613201 190.53726692590863 5.6770523851737371 73.568900972604752
leaf_count=1410 139 157 147 234 6824 9610 688 881 62712 6258 1542 96 85 169 213 8583 200 145 457 359 67 274 134 126 2394 99 326
internal_value=-0.000295191 -0.000403132 7.73038e-05 0.0103885 -0.000216013 -0.00334676 0.00183398 -0.00636564 0.000543222 -0.00453095 0.00100275 0.0261363 0.0248079 0.017888 -0.00719889 -0.0048606 0.0266801 0.0382713 -0.00640944 -0.00110473 -0.0157792 0.00824005 -0.00710602 -0.0059909 -0.017505 -0.00366627 0.0278259
internal_weight=14636.3 14577 13489.4 373.487 13115.9 2561.14 950.948 1087.66 10554.7 875.502 9679.24 59.2419 28.0844 226.241 1059.58 833.242 28.596 43.5928 1610.19 147.246 226.334 115.143 114.229 804.646 218.379 13.6901 111.098
internal_count=104329 103949 91144 1643 89501 17579 7512 12805 71922 7668 64254 380 341 1003 12464 9122 413 284 10067 640 3342 508 493 8709 3275 256 495
is_linear=0
shrinkage=0.05


Tree=111
num_leaves=31
num_cat=0
split_feature=34 10 32 36 13 15 9 4 36 7 7 7 12 16 15 12 28 12 18 1 4 27 1 33 8 7 37 12 15 5
split_gain=16.7384 14.4797 13.8725 12.798 15.4008 16.4713 11.547 11.2257 9.99416 10.1343 9.57946 9.42904 10.5142 9.40993 9.77539 12.7133 13.9186 11.1623 9.00079 8.93893 7.33973 7.06216 6.7402 6.59008 6.3757 6.30594 5.97466 5.82934 5.87374 5.6914
threshold=2.5000000000000004 77.500000000000014 41.650000000000013 0.45000000000000007 48.750000000000007 54.550000000000004 73.950000000000017 92.950000000000017 0.45000000000000007 56.750000000000007 66.450000000000017 42.250000000000007 96.65000000000002 49.750000000000007 41.45000000000001 98.850000000000009 5.5000000000000009 61.150000000000013 16.500000000000004 59.850000000000001 46.850000000000001 3.5000000000000004 50.250000000000007 54.45000000000001 85.550000000000011 58.95000000000001 54.184285714285721 56.050000000000004 50.45000000000001 41.350000000000001
decision_type=10 2 2 10 2 2 2 2 8 2 2 2 2 2 2 2 2 2 2 2 2 2 2 2 2 2 2 2 2 2
left_child=1 3 29 7 6 20 10 11 26 -10 -5 12 -1 21 22 17 -17 -16 -13 -7 -6 -4 -15 -8 -24 -11 -3 -9 -29 -2
right_child=2 8 13 4 5 19 23 27 9 25 -12 18 -14 14 15 16 -18 -19 -20 -21 -22 -23 24 -25 -26 -27 -28 28 -30 -31
leaf_value=-0.0075076918033422542 -0.045346065312337494 -0.02158924894757187 0.045524538267274733 -0.00015747984641871566 -0.025984057263870833 -0.0020246702013319491 0.042156169624991975 -7.3361585340950133e-06 0.024698275052401748 -0.019105265533910246 0.03225719678495409 0.0013699237061223434 0.0048968834056179068 -0.01379949984361269 -0.0040596313688378788 0.0069980376079888584 -0.024929896510312556 -0.014819484375523911 -0.0040112506161522976 0.019669183707211563 -0.0093229897386397625 0.0032606365427764019 0.0060509951523724514 0.0019632351002877176 0.040743665507150646 0.01209129563067715 0.0047409357480073166 0.012965566049228952 0.0041517561987848344 -0.015867028797277135
leaf_weight=708.60999621357769 25.76928944606334 25.8208012804389 15.740573074668644 874.26820533163846 72.356322392821312 654.05535815469921 27.081472795456648 326.06652743369341 143.42681031674147 24.041215524077415 23.296024441719055 7215.5703615723178 224.49170968495309 40.036169028840959 504.2409586859867 252.30997945461422 39.338311905041337 464.78438769932836 870.42781923059374 51.090172663331032 813.03606572933495 27.094665858894587 173.98505344707519 16.769411593675613 14.325907932594417 48.969668485224247 127.38460275530815 333.16703821346164 442.59205783717334 47.459841435775161
leaf_count=6444 1151 111 148 6998 635 3839 204 1573 628 104 134 47248 1925 538 5397 2372 415 4650 6471 236 5260 281 1423 96 98 222 559 1595 2094 1480
internal_value=-0.000280908 0.000312546 -0.00509861 2.71414e-05 -0.00315166 -0.00615234 0.00191285 0.0008229 0.0100658 0.0169807 0.000681764 0.000240269 -0.00451776 -0.00407747 -0.00474529 -0.00647111 0.0026673 -0.00922666 0.000789999 -0.000443221 -0.010693 0.0189776 0.0047595 0.0269388 0.00873703 0.00173834 0.000259519 0.00558709 0.00794467 -0.0263566
internal_weight=14627.6 13022.5 1605.09 12652.9 2531.95 1590.54 941.415 10120.9 369.643 216.438 897.564 9019.1 933.102 1531.86 1489.02 1260.67 291.648 969.025 8086 705.146 885.392 42.8352 228.347 43.8509 188.311 73.0109 153.205 1101.83 775.759 73.2291
internal_count=104329 86376 17953 84752 17402 9970 7432 67350 1624 954 7132 62088 8369 15322 14893 12834 2787 10047 53719 4075 5895 429 2059 300 1521 326 670 5262 3689 2631
is_linear=0
shrinkage=0.05


Tree=112
num_leaves=31
num_cat=0
split_feature=34 10 32 36 13 35 2 4 31 7 28 7 28 5 16 1 2 2 28 27 4 4 17 35 4 8 17 5 12 2
split_gain=15.1741 13.0694 12.9715 11.5679 14.0077 11.3764 10.3873 10.1224 9.33531 9.26053 9.24135 9.08722 9.97458 8.73352 9.05046 8.26871 8.13756 7.6886 8.78825 7.21446 9.15568 7.02258 6.94241 6.67249 7.0857 7.05115 5.89653 5.59842 5.92158 5.47136
threshold=2.5000000000000004 77.500000000000014 41.650000000000013 0.45000000000000007 48.95000000000001 10.250000000000004 60.250000000000007 92.950000000000017 -6.4999999999999991 50.45000000000001 4.5000000000000009 35.45000000000001 5.5000000000000009 71.550000000000011 49.750000000000007 46.650000000000013 47.750000000000007 58.550000000000004 4.5000000000000009 7.5000000000000009 60.650000000000013 89.950000000000017 2870.0000000000005 1.6000000000000005 84.950000000000017 66.750000000000014 1450.0000000000002 41.350000000000001 83.850000000000009 51.45000000000001
decision_type=10 2 2 10 2 8 2 2 10 2 2 2 2 2 2 2 2 2 2 2 2 2 2 10 2 2 2 2 2 2
left_child=1 3 27 7 6 23 10 11 -9 29 -5 15 -13 14 26 -1 -10 21 -19 22 -21 -6 -16 -3 25 -25 -4 -2 -29 -7
right_child=2 5 13 4 17 9 -8 8 16 -11 -12 12 -14 -15 19 -17 -18 18 -20 20 -22 -23 -24 24 -26 -27 -28 28 -30 -31
leaf_value=0.02272674380001171 -0.045010867942634446 0.01844787190624923 0.048249283286889391 0.0027429148511254205 -0.010545040705347654 0.049186383954581511 0.01423390663689638 -0.011245701592236763 0.021061486907566554 0.0093194686551152373 -0.0090629999618036788 0.00081034565228302498 -0.0058575418780086284 0.022479381006420364 -0.0071109589372081007 -0.026484026341987391 0.0052016170581617865 0.0038730315374665468 -0.011136819271563044 -0.010253237675126351 0.011426460782023862 -0.0010696046308446537 0.018009363796609581 0.016529301533660869 -0.021672197004822244 -0.017394016135462462 0.0064944772162891136 -0.0032490230764139435 -0.041926993841260335 0.020691558420088987
leaf_weight=9.9700988372787815 24.691213422454894 32.904827922582626 11.771759913302956 614.97674086876214 821.51597117818892 26.763994410634041 140.7375964242965 78.805305056273937 88.770520240068436 148.40580891817808 226.75070093758404 8354.4876538701355 601.03312665037811 30.621354963630438 1217.4892909573391 53.339863846078515 935.03328058682382 327.20747670158744 138.75194652378559 76.580462769605219 132.82229096908122 258.23728676326573 27.938468651846051 40.283531695604324 47.92252604663372 24.499945998191833 30.821091154590249 32.420191709883511 14.367750064469872 48.836421564221382
leaf_count=158 1151 147 125 4728 5843 119 839 379 415 657 2128 56224 5165 147 12427 541 4468 1562 814 938 1183 1488 201 173 207 106 301 1070 410 215
internal_value=-0.00026753 0.000296757 -0.00486337 2.55294e-05 -0.00299934 0.00956311 0.00166485 0.000781611 0.00530385 0.0166346 -0.000432208 0.000228131 0.000362224 -0.00388474 -0.00442867 -0.0186318 0.00658358 -0.00596708 -0.000587257 -0.00509692 0.00347303 -0.0082838 -0.00654202 -0.00128518 -0.00710187 0.00361602 0.0182377 -0.0256796 -0.0152971 0.030897
internal_weight=14618.8 13019.2 1599.52 12649.6 2528.18 369.617 982.465 10121.4 1102.61 224.006 841.727 9018.83 8955.52 1528.04 1497.42 63.31 1023.8 1545.71 465.959 1454.83 209.403 1079.75 1245.43 145.611 112.706 64.7835 42.5929 71.4792 46.7879 75.6004
internal_count=104329 86376 17953 84752 17402 1624 7695 67350 5262 991 6856 62088 61389 15322 15175 699 4883 9707 2376 14749 2121 7331 12628 633 486 279 426 2631 1480 334
is_linear=0
shrinkage=0.05


Tree=113
num_leaves=31
num_cat=0
split_feature=13 34 6 35 7 36 2 32 9 35 5 8 6 8 2 9 5 1 28 9 4 33 35 6 5 31 6 28 9 31
split_gain=14.814 15.1361 14.0609 16.9704 13.6449 13.2079 18.0801 12.0342 11.7654 10.9981 9.95611 10.3921 9.20733 9.10988 8.67117 10.1029 8.21392 8.0706 7.55303 7.33752 7.09438 6.94923 6.94161 6.84092 5.2208 6.11119 6.92278 1.44097 1.93702 1.29609
threshold=76.850000000000009 2.5000000000000004 75.850000000000009 32.750000000000007 42.050000000000004 0.29166666666666669 63.350000000000001 41.650000000000013 55.050000000000004 29.600000000000005 53.45000000000001 45.050000000000004 67.050000000000011 35.550000000000004 53.050000000000004 48.650000000000013 71.850000000000009 51.650000000000013 4.5000000000000009 50.050000000000004 91.750000000000014 53.850000000000001 9.1000000000000032 81.050000000000011 41.350000000000001 1.0000000180025095e-35 59.750000000000007 2.5000000000000004 50.350000000000001 9.5000000000000018
decision_type=2 10 2 10 2 10 2 2 2 10 2 2 2 2 2 2 2 2 2 2 2 2 8 2 2 10 2 2 2 8
left_child=1 2 4 8 10 9 -7 24 18 -6 17 -12 16 -5 20 -16 22 -1 -4 -2 -14 -10 -9 -15 27 26 -26 28 -3 -27
right_child=19 7 3 13 5 6 -8 12 21 -11 11 -13 14 23 15 -17 -18 -19 -20 -21 -22 -23 -24 -25 25 29 -28 -29 -30 -31
leaf_value=-0.01456369035457317 0.042496002959641802 0.015071400762723997 0.0057611703935343409 0.062741524924229533 0.00087763196490837502 -0.0040089836003417067 0.014755625892443745 -0.0085553239926966021 -0.00026073912418639425 0.016005811687688016 -0.013359733541392096 0.0066301286131557743 -0.011483310580743885 0.031777414835802723 -0.038995470468880911 0.000643027944684975 0.039766433075865325 -0.0033094399245236794 -0.0023649000760797359 0.0072172044892709706 -0.042113570880246087 -0.02745537726953233 0.0018146163457059689 -0.0096931993073210865 -0.034485257533061746 -0.043008168437650214 0.020189024868369869 -0.050885212518592286 -0.047520843245712568 -0.012042835005659239
leaf_weight=369.31929184962064 29.177053263410926 2.166920441202822 1456.1739271664992 15.82679722085595 7326.8732867510989 2446.6510190553963 135.28470014035702 223.35320535767823 47.396293118596077 122.09370382130146 90.082544419914484 232.55650504864752 383.179478995502 30.56460140272975 16.966851724311709 273.43711777590215 12.406350903213022 282.5723700299859 354.79169971123338 30.591911593452096 19.958248244598508 47.223890744149685 579.56057002674788 14.426326867192982 8.7809448838233966 15.284299300983546 16.504838922992349 18.868250500410795 2.444576520472765 5.0873373681679395
leaf_count=4559 183 117 8341 152 48059 15830 661 1840 381 877 578 1382 4850 230 158 2250 58 2146 2554 197 115 272 5938 100 275 470 575 918 110 153
internal_value=-0.000254682 -0.000357149 0.000204967 0.00409955 -0.000490478 5.78104e-05 -0.00302331 -0.00498087 0.00326595 0.00112648 -0.0061386 0.00103095 -0.00404132 0.0300882 -0.00827615 -0.00166827 -0.000432317 -0.00969429 0.00416636 0.0245648 -0.0130222 -0.0139007 -0.00106456 0.018377 -0.0253781 -0.0153013 0.00094438 -0.0446128 -0.0173522 -0.0356161
internal_weight=14609.6 14549.8 12971.8 1966.4 11005.4 10030.9 2581.94 1578 1905.59 7448.97 974.531 322.639 1508.86 60.8177 693.542 290.404 815.32 651.892 1810.97 59.769 403.138 94.6202 802.914 44.9909 69.1372 45.6574 25.2858 23.4797 4.6115 20.3716
internal_count=104329 103949 86122 12030 74092 65427 16491 17827 11548 48936 8665 1960 15209 482 7373 2408 7836 6705 10895 380 4965 653 7778 330 2618 1473 850 1145 227 623
is_linear=0
shrinkage=0.05


Tree=114
num_leaves=31
num_cat=0
split_feature=28 2 10 36 9 29 2 12 32 35 5 36 35 1 12 3 21 32 3 5 32 6 2 36 32 36 29 6 27 5
split_gain=13.0465 15.0059 12.0252 10.6725 11.2513 11.7499 10.4982 9.96759 10.1957 14.0669 11.4138 9.45514 9.25378 9.21078 9.73768 8.44071 8.05072 10.5133 8.30656 8.03468 7.54097 7.35123 7.30583 8.00984 7.04016 7.03886 6.78635 6.73854 6.55686 6.54331
threshold=5.5000000000000009 55.95000000000001 77.500000000000014 1.0000000180025095e-35 74.850000000000009 53.500000000000007 53.250000000000007 64.15000000000002 63.650000000000013 64.950000000000017 58.45000000000001 0.29166666666666669 31.250000000000011 60.850000000000001 97.250000000000014 43.650000000000013 1.0000000180025095e-35 70.15000000000002 56.050000000000004 47.650000000000013 40.45000000000001 47.550000000000004 60.050000000000004 1.0000000180025095e-35 64.850000000000009 -1.0000000180025095e-35 53.500000000000007 71.550000000000011 7.5000000000000009 49.850000000000001
decision_type=2 2 2 10 2 2 2 2 2 8 2 8 10 2 2 2 2 2 2 2 2 2 2 10 2 8 2 2 2 2
left_child=1 2 3 12 5 -5 -4 8 9 10 -3 13 20 14 -9 -13 21 18 19 -18 -1 -2 23 26 -10 -26 -23 -14 -17 -6
right_child=16 7 6 4 29 -7 -8 11 24 -11 -12 15 27 -15 -16 28 17 -19 -20 -21 -22 22 -24 -25 25 -27 -28 -29 -30 -31
leaf_value=-0.010044095398935712 0.017029952686963286 0.0049678125134612061 0.020001105103001376 0.0055380434889440531 0.040725041762998307 -0.006852656852424044 -0.0059614637530769135 0.0047819427344799664 -0.023494470739546979 -0.016461966238967347 0.029650087367662104 -0.0045350315264152952 0.028741266463777428 -0.01846529270247212 0.015453112255700188 0.00309124383405447 -0.027613528427035135 0.018324655325229523 0.013375932754098332 -0.0013460824903116352 -0.0001807902753271088 0.017692164709575905 -0.00029466239188660266 -0.022688473718723463 -0.029816026308293643 -0.0024216659447943317 -0.0097640755701689178 -0.0036483566855728487 0.01513990371904666 -0.00047787944445972321
leaf_weight=198.5680657280609 28.632332673296332 252.56639856472611 125.55604333803058 219.80765947699547 21.098795495927334 1453.2915930189192 55.991235844790936 455.35744645446539 49.014194138348103 62.057026566937566 57.656304977834225 341.24859145469964 46.85353378765285 29.568325184285641 406.16577416472137 1062.2321295049042 46.013962790369987 73.357090905308723 48.20969869568944 80.16959984600544 7958.4787760470062 23.404661817476153 199.69423979520798 124.28040182031691 24.527806527912617 512.88981804251671 477.8386493101716 23.984578870236874 126.64052994921803 17.226651214063168
leaf_count=4587 276 1988 560 1753 145 10633 244 2436 257 418 304 1808 331 135 2059 5439 355 312 257 498 57923 386 1445 1232 142 2344 5135 171 648 108
internal_value=-0.000242771 0.000183798 -0.000779122 -0.00101257 -0.00460507 -0.00522158 0.0119676 0.00306859 -0.00124222 0.00522169 0.00957931 0.00477755 -0.000264663 0.00887375 0.00981989 0.00238837 -0.00547472 0.0024444 -0.00421352 -0.0109786 -0.000421627 -0.00777837 -0.00864716 -0.0113052 -0.00535436 -0.00368656 -0.00846881 0.0177145 0.00438006 0.0221218
internal_weight=14602.4 13500.8 10120.9 9939.31 1711.42 1673.1 181.547 3379.92 958.712 372.28 310.223 2421.21 8227.88 891.092 861.523 1530.12 1101.6 247.75 174.393 126.184 8157.05 853.85 825.218 625.524 586.432 537.418 501.243 70.8381 1188.87 38.3254
internal_count=104329 94433 76455 75651 12639 12386 804 17978 5453 2710 2292 12525 63012 4630 4495 7895 9896 1422 1110 853 62510 8474 8198 6753 2743 2486 5521 502 6087 253
is_linear=0
shrinkage=0.05


Tree=115
num_leaves=28
num_cat=0
split_feature=13 3 30 18 36 13 0 2 32 36 0 0 2 18 4 15 13 30 9 0 32 33 2 15 32 12 9
split_gain=17.5188 14.1469 12.4155 13.1847 11.4668 8.86748 9.13326 8.34817 17.0251 9.36202 8.26304 7.97134 7.78865 7.40201 6.81991 5.28472 6.40218 5.06615 8.92512 8.90973 8.01158 4.98407 4.96368 4.6686 4.8465 4.23402 3.19857
threshold=76.850000000000009 38.750000000000007 433.00000000000006 16.500000000000004 -1.0000000180025095e-35 50.550000000000004 52.550000000000004 65.250000000000014 67.65000000000002 0.36666666666666675 48.550000000000004 46.050000000000004 44.850000000000001 11.500000000000002 84.950000000000017 68.950000000000017 52.350000000000001 495.00000000000006 49.250000000000007 55.95000000000001 66.450000000000017 79.250000000000014 58.350000000000001 64.850000000000009 53.650000000000013 74.350000000000009 49.95000000000001
decision_type=2 2 2 2 8 2 2 2 2 10 2 2 2 2 2 2 2 2 2 2 2 2 2 2 2 2 2
left_child=1 15 3 11 5 6 -4 9 -9 -6 26 14 -7 -13 -3 17 25 21 20 -20 -19 22 -1 24 -5 -17 -2
right_child=10 2 4 23 7 12 -8 8 -10 -11 -12 13 -14 -15 -16 16 -18 18 19 -21 -22 -23 -24 -25 -26 -27 -28
leaf_value=-0.0079720923541101805 0.059697643434657 -0.019793561882809937 -0.014193786524417634 -0.0015981495417770877 0.002247551784233616 -0.012113541107094224 -0.0019674786927723373 0.049607674842534727 0.0015507055036073567 -0.0012559284784255807 0.0040780084521896461 0.0084382071873985894 0.0022434446166498603 -0.0028190213283785905 0.024111989765873448 0.0063769836196660634 -0.0081917253335647509 0.003402241258716607 -0.012389597007400785 0.015921791308679285 0.049503473939646096 0.021339034145624134 -0.02142419695778229 0.0078257128354053043 -0.022376117810722535 0.042815382034301984 0.029075143903527074
leaf_weight=562.73040285520256 14.594925969839094 88.502497189678252 288.55919482000172 35.295231461524963 8490.0364197576419 109.34790763165802 326.83268977236003 27.346414428204298 56.816257774829865 2457.0726533457637 25.701918467879295 186.44708724692464 689.30540525354445 671.5208096941933 9.6419873116537911 17.674722284078598 31.002439361065626 24.957096772268414 112.12930851522833 36.7231834102422 15.31527543067932 13.067531377077101 78.746171271428466 18.352953674271703 148.03554303012788 15.082079790532587 24.074326269328594
leaf_count=4723 94 1653 3612 671 54323 1215 3492 143 253 16766 140 1233 6312 5749 72 114 183 252 792 231 77 57 453 134 1200 100 165
internal_value=0.000289487 0.000173592 0.000577168 -0.00437423 0.00103823 -0.0031995 -0.00770993 0.00158192 0.0172652 0.00146074 0.0262962 -0.00191699 0.000270222 -0.00036616 -0.0154091 -0.00587023 0.00796428 -0.0069225 0.000259877 -0.00536537 0.0211372 -0.00900515 -0.00963432 -0.0159917 -0.0184062 0.0233856 0.0408861
internal_weight=14574.9 14510.5 13603.1 1157.8 12445.3 1414.05 615.392 11031.3 84.1627 10947.1 64.3712 956.112 798.653 857.968 98.1445 907.428 63.7592 843.669 189.125 148.852 40.2724 654.544 641.477 201.684 183.331 32.7568 38.6693
internal_count=104209 103810 96828 10712 86116 14631 7104 71485 396 71089 399 8707 7527 6982 1725 6982 397 6585 1352 1023 329 5233 5176 2005 1871 214 259
is_linear=0
shrinkage=0.05


Tree=116
num_leaves=31
num_cat=0
split_feature=3 34 1 9 4 30 9 9 9 35 3 3 27 9 27 12 32 15 1 32 3 9 1 1 15 30 18 32 4 35
split_gain=13.4462 13.1936 17.8404 14.0375 10.3298 10.5012 8.7653 8.64842 8.31884 8.27384 7.9123 8.85733 9.237 8.97746 7.65653 13.3771 13.5837 8.6242 11.1356 7.85316 7.51355 7.39042 9.86574 9.06651 8.09947 8.00608 7.12155 14.2343 12.4617 7.31216
threshold=58.850000000000001 1.0000000180025095e-35 54.350000000000001 76.15000000000002 84.850000000000009 439.00000000000006 42.650000000000013 48.550000000000004 59.95000000000001 8.1000000000000032 67.15000000000002 60.050000000000004 2.5000000000000004 50.350000000000001 6.5000000000000009 94.65000000000002 78.550000000000011 49.050000000000004 47.95000000000001 68.15000000000002 39.250000000000007 51.150000000000013 56.750000000000007 57.350000000000001 64.850000000000009 417.00000000000006 14.500000000000002 77.050000000000011 79.15000000000002 0.80000000000000027
decision_type=2 10 2 2 2 2 2 2 2 10 2 2 2 2 2 2 2 2 2 2 2 2 2 2 2 2 2 2 2 8
left_child=1 14 3 4 5 -3 -4 -6 9 -8 11 12 -2 -14 21 16 19 18 -17 -16 -19 22 25 -24 -23 -1 27 28 -13 -28
right_child=10 2 6 -5 7 -7 8 -9 -10 -11 -12 26 13 -15 15 17 -18 20 -20 -21 -22 24 23 -25 -26 -27 29 -29 -30 -31
leaf_value=-0.016457453882737137 0.019861815579975156 -0.011025214768359352 -0.019166971871397497 0.04474464462151985 -0.020320797620327652 -0.0034657258137110666 0.00048097464011257417 0.001817373010188871 -0.0091618913799601711 0.0055022630303475329 0.032128015010414006 0.0096685601597930517 0.011332346889231942 -0.0048601490385809477 0.0050135773864306288 0.065990251100221553 0.032099504159716206 -0.017270599245537841 0.018558839984100902 -0.0068217050674958995 0.016708224596982547 -0.0039853864197865636 0.044146889948939921 0.0091094235248762624 -0.032943288765019667 0.0016548005735239676 -0.03594609477814445 0.034483233073840117 -0.0063058495017552429 -0.00089437916863155896
leaf_weight=63.006442826241255 150.96437779348344 525.54732113517821 51.926947351545095 15.156867835670708 45.827936409041286 3696.4743529642001 2806.9467066945508 1105.9578848490492 175.63131804205477 1160.6315588355064 25.162591706961393 324.13954735081643 222.39287562854588 138.53429086599499 524.96004212833941 19.153043702244759 39.085993677377701 19.243046451359987 36.236176025122404 190.85897105932236 98.977956313639879 230.34640392102301 22.747552156448364 100.26211742684245 26.985536530613899 1810.039900444448 15.119231063872574 40.31804496049881 195.36277596186846 693.4295210801065
leaf_count=607 1039 6647 443 102 354 34393 14842 6717 1142 6985 136 2107 1549 885 3921 137 175 109 187 859 550 1434 110 479 143 11733 75 184 1097 5068
internal_value=0.000274756 -0.00029608 -0.0012226 -0.00312618 -0.00326296 -0.00440814 0.00122151 0.000930498 0.00147871 0.00195121 0.00431365 0.00391593 0.0094689 0.00510372 0.00249304 0.0063146 0.00342728 0.0188315 0.0351396 0.00185044 0.0111253 0.000915929 0.00194611 0.0156599 -0.00705314 0.00104202 0.00167033 0.00588676 0.00365158 -0.00165435
internal_weight=14571.4 12766 9584.1 5388.96 5373.81 4222.02 4195.14 1151.79 4143.21 3967.58 1805.42 1780.26 511.892 360.927 3181.9 928.515 754.905 173.61 55.3892 715.819 118.221 2253.39 1996.06 123.01 257.332 1873.05 1268.37 559.82 519.502 708.549
internal_count=104209 92069 71625 48213 48111 41040 23412 7071 22969 21827 12140 12004 3473 2434 20444 5938 4955 983 324 4780 659 14506 12929 589 1577 12340 8531 3388 3204 5143
is_linear=0
shrinkage=0.05


Tree=117
num_leaves=29
num_cat=0
split_feature=13 30 18 36 4 7 13 0 4 7 35 0 8 4 2 27 1 4 30 12 31 4 15 35 33 17 12 2
split_gain=15.6452 11.1884 10.5845 9.84399 9.01255 7.71225 7.6489 11.0704 7.40806 10.3278 9.56824 7.27902 7.25839 12.3264 7.1785 7.52041 7.05132 6.51488 6.50382 5.06538 7.05732 6.13713 4.90823 4.34382 3.78406 3.60461 3.28907 3.03758
threshold=76.850000000000009 433.00000000000006 16.500000000000004 -1.0000000180025095e-35 40.650000000000013 80.550000000000011 50.550000000000004 51.650000000000013 40.050000000000004 58.250000000000007 28.900000000000006 48.250000000000007 25.650000000000002 55.95000000000001 61.250000000000007 7.5000000000000009 51.650000000000013 90.250000000000014 451.00000000000006 78.550000000000011 -6.4999999999999991 87.250000000000014 59.250000000000007 2.100000000000001 36.550000000000004 1350.0000000000002 55.550000000000004 48.050000000000004
decision_type=2 2 2 8 2 2 2 2 2 2 10 2 2 2 2 2 2 2 2 2 10 2 2 10 2 2 2 2
left_child=1 2 4 6 16 8 7 24 9 -5 -10 27 13 -8 15 -6 26 -9 -14 21 -21 25 -22 -18 -3 -4 -1 -2
right_child=11 3 19 5 14 -7 12 17 10 -11 -12 -13 18 -15 -16 -17 23 -19 -20 20 22 -23 -24 -25 -26 -27 -28 -29
leaf_value=-0.012874096651304862 0.055087189421576768 -0.02620543277492255 -0.04111511031774169 -0.0062888577448514784 -0.0024783546048339072 0.031680348915291749 0.06777448951069881 -0.00089418340843521241 0.0009578852692584942 0.013666484333248458 0.0073720487700871017 0.0044700177230693255 -0.011784401207678328 0.0028699877369321599 -0.039727369370140958 0.010234887985063959 -0.018741634600877778 -0.042023767965778225 0.00075799812741878208 -0.037515641923903824 -0.0046042696773423153 0.0043606302625261908 0.029576876434613826 0.028191143683079539 -0.011901940035662816 -0.019928344751546808 -0.046504158397491509 0.025747472477241875
leaf_weight=11.387610850855706 16.571690138429403 61.686319303698838 27.600708651356399 594.43185143452138 816.19017726741731 20.439223755151033 10.302893756888805 376.42072294466197 10467.429699277505 72.550224121659994 615.88074260577559 26.752214971929789 121.17466646619141 25.278319868259132 11.814512070268391 135.49952630139887 11.185021985322239 9.7931064404547197 696.38993524760008 13.641650614328681 56.589046441018581 20.354111526161432 12.769289072602986 8.6323028746992332 198.10133895464242 83.079503113403916 23.218020362779498 21.678321273997426
leaf_count=235 103 1493 296 6278 7208 95 151 4109 64890 534 4840 145 1211 281 57 1156 161 64 6465 142 562 128 92 74 1879 953 456 151
internal_value=0.000260745 0.000150607 -0.00440677 0.000574116 -0.00227513 0.00106045 -0.00324087 -0.00734489 0.00100649 -0.00410902 0.00131482 0.0247175 -0.000126956 0.0219411 -0.00115041 -0.000662132 -0.0220568 -0.00196064 -0.00109606 -0.0145155 -0.0047642 -0.0206457 0.00165022 0.00148985 -0.0153263 -0.0252892 -0.0356506 0.0386997
internal_weight=14566.8 14501.8 1231.96 13269.9 1017.93 11770.7 1499.15 646.001 11750.3 666.982 11083.3 65.0022 853.146 35.5812 963.504 951.69 54.423 386.214 817.565 214.034 83 131.034 69.3583 19.8173 259.788 110.68 34.6056 38.25
internal_count=104209 103810 11520 92290 9347 76637 15653 7545 76542 6812 69730 399 8108 432 8421 8364 926 4173 7676 2173 796 1377 654 235 3372 1249 691 254
is_linear=0
shrinkage=0.05


Tree=118
num_leaves=31
num_cat=0
split_feature=13 3 27 5 37 18 37 37 2 7 30 3 32 0 17 0 5 30 32 18 17 0 32 32 34 17 5 18 4 32
split_gain=14.001 13.0027 10.5422 13.1509 11.6037 12.7494 12.599 11.1927 10.4866 9.75274 9.5557 8.87693 8.12362 7.95262 7.19656 6.41192 6.45261 6.30065 7.67443 6.09299 7.77339 5.47465 5.36806 5.29199 4.40026 8.56958 7.96435 6.89706 5.85017 4.35164
threshold=76.850000000000009 37.350000000000001 7.5000000000000009 41.750000000000007 58.211428571428577 13.500000000000002 85.138500000000008 82.783000000000015 53.550000000000004 58.050000000000004 415.00000000000006 52.95000000000001 51.650000000000013 59.350000000000001 1450.0000000000002 48.550000000000004 48.050000000000004 493.00000000000006 60.350000000000001 13.500000000000002 1350.0000000000002 51.350000000000001 44.95000000000001 67.15000000000002 1.5000000000000002 1350.0000000000002 48.95000000000001 15.500000000000002 85.65000000000002 54.650000000000013
decision_type=2 2 2 2 2 2 2 2 2 2 2 2 2 2 2 2 2 2 2 2 2 2 2 2 8 2 2 2 2 2
left_child=1 17 3 8 9 23 -7 10 11 22 -5 -3 -11 -9 -10 16 -2 24 21 -20 -21 -19 -4 -6 28 27 -27 -26 29 -1
right_child=15 2 4 7 5 6 -8 13 14 12 -12 -13 -14 -15 -16 -17 -18 18 19 20 -22 -23 -24 -25 25 26 -28 -29 -30 -31
leaf_value=-0.0049485429455714217 0.061390824517039227 -0.012178903653277914 -0.0097093633762598518 -0.0095435448228139014 0.010677898430392152 -0.0069520876203242737 0.044480024913394325 -0.015933512204818829 0.0077320858374780761 0.046566718542982881 0.00091891759585112235 -0.0021630311181475128 0.014065149054177809 0.018346475992572248 -0.0038756324018819179 0.0036012620807961923 0.01951220591744926 0.0022858251063582785 0.031216462098330167 0.026272760755205515 -0.011332547645470419 -0.031440877207585455 0.0062774155263554902 -0.0017636338927560708 -0.048891722749944293 -0.013438513242803049 0.010559127422920917 -0.0082324642182129756 -0.0011254983635006679 -0.026792971599475482
leaf_weight=29.943037630990148 15.303179249167441 517.64272612705827 55.545480779372156 222.85517008323222 251.33864623401314 488.20822860207409 12.083372898399828 153.39872998930514 224.99667845200747 22.599153563380241 10180.458971604705 388.75461470335722 135.12651893123984 18.799805821850896 327.76479989197105 25.758410707116127 24.515769809484482 23.698465350084007 25.011138871312141 21.052157592028379 39.023910004645586 23.793117279186845 873.21084333397448 128.48972600698471 17.866390684619546 60.362270661629736 80.624529363587499 25.863732030615211 45.448678236454725 104.91401017643511
leaf_count=347 119 7025 741 2067 2006 4284 143 1689 2007 168 65526 4839 649 135 2788 140 140 294 119 122 206 225 5229 570 178 720 556 301 255 621
internal_value=0.000247181 0.000142495 0.000425136 -0.000129091 0.00381912 -0.000442837 -0.00569123 0.000484443 -0.00457894 0.0072759 0.000694225 -0.00788932 0.0187803 -0.0121535 0.000840687 0.0232812 0.0358457 -0.00779876 0.00150296 0.0105207 0.00178397 -0.0145366 0.00531498 0.00645661 -0.0111904 -0.00572077 0.000247065 -0.0250319 -0.0167598 -0.021987
internal_weight=14564.5 14498.9 14001.3 12034.7 1966.6 880.12 500.292 10575.5 1459.16 1086.48 10403.3 906.397 157.726 172.199 552.761 65.5774 39.8189 497.601 132.579 85.0872 60.0761 47.4916 928.756 379.828 365.023 184.717 140.987 43.7301 180.306 134.857
internal_count=104209 103810 99866 86076 13790 7003 4427 69417 16659 6787 67593 11864 817 1824 4795 399 259 3944 966 447 328 519 5970 2576 2978 1755 1276 479 1223 968
is_linear=0
shrinkage=0.05


Tree=119
num_leaves=31
num_cat=0
split_feature=3 30 3 16 36 33 36 31 16 6 35 6 0 33 17 0 6 6 15 29 35 29 8 4 35 11 31 28 31 1
split_gain=11.9953 10.046 9.31871 8.78983 8.69721 8.17492 14.8094 7.74576 13.0169 8.6664 7.4542 13.4371 10.9144 7.87214 9.28864 7.23356 6.9258 6.48697 6.46285 6.31518 6.13581 6.11717 6.79971 6.35807 5.95456 6.62976 5.59226 5.09899 7.57109 8.75269
threshold=58.850000000000001 433.00000000000006 38.750000000000007 53.850000000000001 -1.0000000180025095e-35 50.050000000000004 0.22500000000000003 7.5000000000000009 51.45000000000001 70.050000000000011 28.600000000000009 65.050000000000011 52.350000000000001 49.95000000000001 2050.0000000000005 52.350000000000001 76.050000000000011 83.550000000000011 54.550000000000004 57.750000000000007 0.80000000000000027 55.250000000000007 60.150000000000013 82.250000000000014 13.250000000000005 49.900000000000006 2.5000000000000004 5.5000000000000009 7.5000000000000009 52.850000000000001
decision_type=2 2 2 2 8 2 8 8 2 2 10 2 2 2 2 2 2 2 2 2 8 2 2 2 10 2 10 2 10 2
left_child=1 3 27 7 21 6 -6 8 9 -1 13 12 -12 14 17 -16 -13 19 -14 -2 -15 23 -23 -4 25 -9 -7 28 -3 -30
right_child=10 2 4 -5 5 26 -8 24 -10 -11 11 16 18 20 15 -17 -18 -19 -20 -21 -22 22 -24 -25 -26 -27 -28 -29 29 -31
leaf_value=-0.011740773834775786 -0.0057741977485843326 -0.0057122854634821061 -0.0015271896740347787 -0.039202109953560355 0.010706545057654339 0.0010276742672519089 0.001427520373792688 -0.035085722638368393 0.047318952629026828 -0.0011335907102184102 0.035905568597745859 0.045538368382997789 0.001264126260670548 -0.015868097035110246 0.002473561963646404 0.051290667364262223 0.0058700830557802675 -0.031704535735795993 -0.041372727702818829 0.013554866148517836 0.0057685736688812186 -0.002119680901297757 -0.011194195400263203 0.014609378934913994 0.036556072138273693 0.0034947811507766687 -0.0020834156493922062 -0.018157733200038016 -0.0068266103434701537 0.023475693102942258
leaf_weight=475.16063148900867 321.063212916255 663.22268689516932 269.67249719332904 18.318968521431088 551.27643496356905 5109.7926912754774 1961.9954341240227 11.605904847383497 10.882710707373915 325.64749793987721 13.833358818665145 38.724935619160533 21.387252975255251 33.439282484352589 18.04453090578318 13.304161190986632 15.826422810554503 21.10458658169955 14.841643795371054 48.449179505929351 1247.541005641222 521.2180363740772 343.69378460850567 78.664012611843646 12.746906233020125 224.05159629043192 2013.2717292308807 67.677428390830755 44.26823515817523 50.951447419822216
leaf_count=4344 3855 4800 3302 221 4909 25130 22933 178 106 3111 123 285 154 151 233 133 119 344 96 536 6111 5503 3285 710 142 2111 9890 667 424 303
internal_value=0.000234312 -0.000305578 0.000120494 -0.00492277 0.000510712 0.00101343 0.00346517 -0.00432205 -0.0066883 -0.0074343 0.00404635 0.0170062 -0.00160935 0.00324632 -0.00266848 0.0234474 0.0341531 -0.00478265 -0.0161308 -0.00322333 0.00519866 -0.00347783 -0.00573232 0.00210569 0.00338941 0.00155944 0.000147633 -0.00499769 -0.00381456 0.00934312
internal_weight=14561.7 12754.1 11675.7 1078.41 10849.6 9636.34 2513.27 1060.1 811.691 800.808 1807.56 104.614 50.0623 1702.95 421.966 31.3487 54.5514 390.617 36.2289 369.512 1280.98 1213.25 864.912 348.337 248.404 235.658 7123.06 826.12 758.442 95.2197
internal_count=104209 92069 81856 10213 75662 62862 27842 9992 7561 7455 12140 777 373 11363 5101 366 404 4735 250 4391 6262 12800 8788 4012 2431 2289 35020 6194 5527 727
is_linear=0
shrinkage=0.05


Tree=120
num_leaves=31
num_cat=0
split_feature=2 34 17 15 29 30 1 35 17 30 5 36 30 0 14 29 8 17 30 36 35 5 28 37 8 32 35 32 2 32
split_gain=8.43152 12.5945 15.0016 11.081 11.0589 11.8119 16.4557 12.8403 10.8457 10.032 10.7536 9.82808 9.3029 13.8863 10.7249 9.24411 8.27472 8.1929 7.67393 7.40334 7.69665 7.99955 7.18866 12.8883 10.1553 10.1642 9.25907 8.5188 10.3006 8.65705
threshold=55.95000000000001 1.0000000180025095e-35 1350.0000000000002 68.450000000000017 53.500000000000007 475.00000000000006 56.650000000000013 34.900000000000013 1750.0000000000002 409.00000000000006 39.050000000000004 0.55000000000000016 507.00000000000006 51.350000000000001 58.250000000000007 59.750000000000007 16.550000000000004 2855.0000000000005 445.00000000000006 1.0000000180025095e-35 9.4000000000000039 44.250000000000007 3.5000000000000004 70.603071428571454 85.350000000000009 65.050000000000011 4.1000000000000014 57.250000000000007 63.250000000000007 44.95000000000001
decision_type=2 10 2 2 2 2 2 8 2 2 2 10 2 2 2 2 2 2 2 8 8 2 2 2 2 2 10 2 2 2
left_child=1 2 19 12 9 6 11 15 -8 -3 18 -6 14 -14 -4 -7 -12 22 -11 -1 -21 -22 23 24 26 -26 -2 28 29 -24
right_child=17 4 3 -5 5 7 8 -9 -10 10 16 -13 13 -15 -16 -17 -18 -19 -20 20 21 -23 27 -25 25 -27 -28 -29 -30 -31
leaf_value=0.018441289239084689 0.0001998059579632598 -0.021223693267852711 -0.00063227436928525249 0.012216889299885882 -0.0053232805436110699 -0.0038085439758130039 -0.0037403831653065596 0.0037879482675832188 0.0081914504103703187 0.0087885442592493361 -0.021999257867139386 -0.016165404739746227 -0.016770137833682783 0.010208856125592636 0.025149865594751922 0.0079176570449968932 0.0089607665969370035 0.019047600298237637 -0.015451297057858363 -0.018769036312658888 -0.0050727748638884256 0.009440849215313912 -0.009400407947806947 0.019349861511732885 -0.033353159326227587 -0.0007848926880559432 0.010636737574760052 -0.0013087132125316843 0.035492951030612931 0.0069633564993966642
leaf_weight=135.25414786487818 492.98775286786258 38.407218521460891 1610.494907643646 162.83366855792701 2763.0596521357074 1863.0427394909784 389.53274060040712 1185.8515706546605 371.90490237809718 48.911268009804189 22.219778981991112 226.67065398022532 195.41938552632928 62.764060899615288 41.272141516208649 184.39950996264815 590.25629466027021 67.848887670785189 96.690609512850642 30.742003966122866 115.76670278795063 516.52734441682696 98.124300418421626 135.70642708614469 35.571222258731723 73.969188570976257 374.7395968195051 2146.6505474038422 27.274691041558981 451.5968571677804
leaf_count=832 2359 636 10953 888 23985 14127 2226 8734 1994 799 314 2258 1241 365 273 1110 5421 338 1337 178 1154 3184 1323 744 194 329 1856 11091 203 3889
internal_value=-0.000156248 -0.000885115 0.00194431 -0.000296403 -0.00192979 -0.00256677 -0.00447583 -0.000350324 0.00208116 0.00364927 0.00491867 -0.00614748 -0.00136643 -0.0101908 1.03918e-05 -0.00274967 0.00782601 0.00183091 -0.00727378 0.00776796 0.0055807 0.00677526 0.00152465 0.00491031 0.0028983 -0.0114272 0.0047136 0.000139185 0.00553389 0.00403218
internal_weight=14556.5 10652 2871.07 2072.78 7780.95 6984.46 3751.17 3233.29 761.438 796.485 758.078 2989.73 1909.95 258.183 1651.77 2047.44 612.476 3904.47 145.602 798.29 663.036 632.294 3836.62 1112.97 977.268 109.54 867.727 2723.65 576.996 549.721
internal_count=104335 82009 19068 13720 62941 54434 30463 23971 4220 8507 7871 26243 12832 1606 11226 15237 5735 22326 2136 5348 4516 4338 21988 5482 4738 523 4215 16506 5415 5212
is_linear=0
shrinkage=0.05


Tree=121
num_leaves=31
num_cat=0
split_feature=26 2 7 34 17 7 29 5 17 1 6 15 31 30 3 6 6 1 15 7 7 5 5 5 13 3 1 1 13 17
split_gain=11.1945 13.0175 13.2522 11.2719 14.5114 15.6343 10.7614 11.6372 10.3154 10.1934 10.3157 10.1346 10.0299 8.79494 8.67007 8.38132 7.84249 7.83693 7.36583 8.55493 14.1375 9.92588 8.82866 9.05551 6.43421 6.34195 6.25682 6.11069 5.58914 4.74774
threshold=1.0000000180025095e-35 55.95000000000001 38.550000000000004 1.0000000180025095e-35 1350.0000000000002 54.750000000000007 53.500000000000007 72.250000000000014 2350.0000000000005 63.550000000000004 45.650000000000006 68.450000000000017 -2.4999999999999996 409.00000000000006 49.050000000000004 48.45000000000001 82.350000000000009 44.45000000000001 42.550000000000004 42.150000000000013 48.850000000000001 43.95000000000001 55.050000000000004 41.050000000000004 48.850000000000001 50.750000000000007 51.550000000000004 58.650000000000013 51.250000000000007 1750.0000000000002
decision_type=2 2 2 10 2 2 2 2 2 2 2 2 10 2 2 2 2 2 2 2 2 2 2 2 2 2 2 2 2 2
left_child=1 2 16 4 5 -4 13 -8 9 10 17 -6 25 -5 24 -12 -1 -3 27 -20 22 -22 23 -21 -14 -10 -18 29 -16 -2
right_child=18 8 3 6 11 -7 7 -9 12 -11 15 -13 14 -15 28 -17 26 -19 19 20 21 -23 -24 -25 -26 -27 -28 -29 -30 -31
leaf_value=-0.012460833130418755 -0.04449972267753563 -0.012272037377891325 0.0048641235222422145 -0.01960485674726303 -0.00097258662611003481 0.023664722908912528 -0.0024293158435457732 0.010211948777883116 -0.022746319045358593 0.036624210591732535 -0.013157865685389489 0.012269145691653282 -0.01539102093994903 0.0053988697174660559 0.017698287969415798 0.0018405884332315069 -0.018274249456083146 0.023443401687234952 -0.035282342321824152 0.037754412321653691 -0.025759743953974401 -0.0043425790870252551 0.036563688951425082 -0.0030530631504706376 0.017018347523000254 0.013624544636817322 0.035751231165234036 0.0035563516619060761 0.045383431657047946 -0.015900655309902707
leaf_weight=319.32334136404097 26.858562774956226 18.345184085890651 637.89671687036753 36.782101649791002 1841.7205299064517 134.02835644036531 6444.8321242919192 187.11531713232398 26.03236174210906 21.194607924669981 95.961267762817442 156.69364025257528 20.743339117616415 728.50040391925722 35.975363191217184 3003.999618852511 7.9265875248238471 87.8536845324561 21.771798053756356 16.436662863940001 64.970415982417762 327.38726671598852 27.473079908639193 75.554747220128775 56.615914708003402 21.892960980534554 15.588560768403111 18.924903972074389 39.093535553663969 33.528951987624168
leaf_count=3566 217 134 4354 595 12190 734 50121 854 137 101 516 847 120 7365 181 16940 179 445 199 188 589 1922 149 588 277 110 177 106 182 252
internal_value=-0.000149006 0.000141482 -0.000730761 -0.000404182 0.00231544 0.00813757 -0.0014234 -0.00207175 0.00281745 0.00213197 0.00190126 6.37444e-05 0.0138279 0.00418817 0.0201053 0.00137428 -0.0103986 0.017221 -0.0067621 -0.00463467 -0.00331459 -0.00790744 0.0117219 0.00421704 0.0082548 -0.00603371 0.0173281 -0.020988 0.0322236 -0.0287559
internal_weight=14551 13938.1 10510.4 10167.6 2770.34 771.925 7397.23 6631.95 3427.71 3227.35 3206.16 1998.41 200.353 765.283 152.428 3099.96 342.838 106.199 612.906 533.594 511.822 392.358 119.464 91.9914 77.3593 47.9253 23.5151 79.3124 75.0689 60.3875
internal_count=104335 100125 80982 77060 18125 5088 58935 50975 19143 18136 18035 13037 1007 7960 760 17456 3922 579 4210 3635 3436 2511 925 776 397 247 356 575 363 469
is_linear=0
shrinkage=0.05


Tree=122
num_leaves=31
num_cat=0
split_feature=26 2 34 13 30 1 34 30 1 35 12 30 29 13 30 6 6 1 12 1 3 37 1 14 15 15 36 15 30 15
split_gain=10.1565 11.7461 10.0169 13.3701 11.614 9.38204 11.8728 9.72176 9.27104 8.35548 13.1444 12.7348 7.65144 11.5208 10.1504 7.54046 8.57043 7.31182 7.17191 6.94389 7.3499 7.1617 6.73054 6.04269 5.64869 5.53969 4.95609 4.80459 8.85966 6.30187
threshold=1.0000000180025095e-35 55.95000000000001 1.0000000180025095e-35 65.750000000000014 467.00000000000006 46.750000000000007 1.5000000000000002 483.00000000000006 63.550000000000004 5.6000000000000014 75.250000000000014 497.00000000000006 53.500000000000007 50.250000000000007 475.00000000000006 45.650000000000006 48.45000000000001 46.250000000000007 51.650000000000013 57.45000000000001 41.45000000000001 73.527000000000015 44.45000000000001 60.250000000000007 44.750000000000007 51.45000000000001 1.0000000180025095e-35 53.45000000000001 489.00000000000006 43.350000000000001
decision_type=2 2 10 2 2 2 10 2 2 10 2 2 2 2 2 2 2 2 2 2 2 2 2 2 2 2 8 2 2 2
left_child=1 2 3 9 -5 6 17 -8 15 11 -11 -1 13 -7 -14 22 25 -4 -18 21 -21 24 -3 27 -2 -17 -24 29 -29 -22
right_child=19 8 5 4 -6 12 7 -9 -10 10 -12 -13 14 -15 -16 16 18 -19 -20 20 23 -23 26 -25 -26 -27 -28 28 -30 -31
leaf_value=0.001940626191072958 -0.022925166130280228 -0.012059806582740482 0.00044115716599170261 -0.00052277996198975393 0.050109850047535431 0.014016113477276108 -0.019040850398318446 -0.0014668153431444111 0.03529100684086111 -0.0050049618450853572 0.013570511973745354 -0.0076100053191156501 -0.0034314910740818692 -0.00025718372612612165 0.00066833160032511675 -0.027237017569896695 -0.0043219833929101226 -0.016467292895019494 0.0033035717892132008 -0.021483296754746351 -0.008495812591461406 -0.036688547077750044 0.040141563510117058 0.030740723313685988 -0.00592277378643556 -0.0027329549684889883 0.013694834255272764 -0.015645607274219649 0.011629610958882724 0.024193503869879673
leaf_weight=1932.5488049834967 59.218456806614995 18.348421780392528 484.27173837088048 19.423435803502798 26.424818139523268 203.30320262350142 246.32649164739996 116.57988326717168 21.573782786726952 138.54526720009744 301.9752693362534 425.82576538063586 3282.54950719513 461.42729605454952 2792.0815029777586 38.737006564624608 345.0352299856022 73.479930993169546 2856.0397024387494 33.492007344961166 22.9236492626369 24.816122924908996 24.663351017981768 18.738123014569283 287.74882210418582 58.144095292314887 66.829329743981361 74.242125557735562 49.393392013385892 40.125686753541231
leaf_count=13091 464 135 5141 108 135 2010 5013 1928 103 990 2031 2526 24331 4194 18896 212 2121 588 15800 203 128 301 126 113 2094 311 335 421 251 235
internal_value=-0.000141995 0.00013428 -0.000694797 0.00183792 0.0285963 -0.00163605 -0.00637116 -0.0134111 0.00267529 0.00139681 0.0077173 0.000213804 -0.000988366 0.00410214 -0.00154629 0.00246632 0.00203508 -0.00178 0.00247996 -0.00645286 0.00017776 -0.0107262 0.015355 0.00374243 -0.00884482 -0.0126002 0.0209146 0.000990749 -0.00470794 0.0122344
internal_weight=14544.8 13934.1 10504.8 2844.74 45.8483 7660.02 920.658 362.906 3429.37 2798.9 440.521 2358.37 6739.36 664.73 6074.63 3407.8 3297.96 557.752 3201.07 610.698 238.915 371.783 109.841 205.423 346.967 96.8811 91.4927 186.685 123.636 63.0493
internal_count=104335 100125 80982 18881 243 62101 12670 6941 19143 18638 3021 15617 49431 6204 43227 19040 18444 5729 17921 4210 1351 2859 596 1148 2558 523 461 1035 672 363
is_linear=0
shrinkage=0.05


Tree=123
num_leaves=31
num_cat=0
split_feature=7 26 2 13 2 7 3 30 6 13 31 4 7 7 4 5 30 0 35 2 7 29 4 9 7 9 4 13 13 30
split_gain=10.3469 9.26283 10.0835 8.83858 9.06127 10.0991 9.72982 8.89923 9.83042 8.85834 7.64075 8.37325 6.94395 10.7408 9.69606 9.22365 6.84514 6.71351 6.51633 6.31183 6.1162 9.04554 6.98026 5.94985 5.19027 4.87507 4.34792 11.0685 5.30014 4.09003
threshold=35.45000000000001 1.0000000180025095e-35 63.250000000000007 64.850000000000009 49.650000000000013 49.150000000000013 36.050000000000004 465.00000000000006 47.050000000000004 68.350000000000009 4.5000000000000009 81.450000000000017 48.850000000000001 42.95000000000001 79.950000000000017 44.650000000000013 483.00000000000006 57.350000000000001 5.9000000000000012 54.150000000000013 49.350000000000001 55.250000000000007 94.950000000000017 49.95000000000001 59.95000000000001 49.650000000000013 73.250000000000014 48.250000000000007 46.750000000000007 489.00000000000006
decision_type=2 2 2 2 2 2 2 2 2 2 8 2 2 2 2 2 2 2 8 2 2 2 2 2 2 2 2 2 2 2
left_child=10 2 3 4 5 -2 -6 9 -9 -5 11 16 13 -3 17 19 18 -15 -1 -14 29 -22 -23 -20 -21 -16 27 -17 -28 -4
right_child=1 12 20 7 6 -7 -8 8 -10 -11 -12 -13 15 14 25 26 -18 -19 23 24 21 22 -24 -25 -26 -27 28 -29 -30 -31
leaf_value=0.049075745892488518 -0.005239773769260072 -0.023475016517546105 0.038878819631977007 0.010578578982009632 -0.010222656565603734 0.00035360249513722609 0.00082520642439755246 0.050122025865999814 0.010962503365756342 -0.012274084880362709 -0.040681308511068506 -0.033701723685993688 0.0086839089947981559 0.0052706520741845576 -0.023660349217121863 0.0069869569837235053 -0.031795623045761147 0.038884584264401778 -0.021756164868947599 -0.036808555786697741 0.029777289148105342 -0.0083860102199632448 0.022196415947582884 0.024198730222752221 -0.00053089875362992336 0.0051081207867850293 -0.026695707533083531 -0.022468083952100908 0.00085166667837341967 0.011323683396205923
leaf_weight=9.5345561653375608 1614.8045442905277 31.142724088393152 28.594049252569675 82.560787914320827 203.26429976802319 1609.9625395806506 9829.915354244411 17.415085991844535 204.05037712305784 86.884970396757126 24.453776312060654 21.853391336277127 11.87313851341605 27.61051033437252 21.014427579939365 47.404029227793217 10.531127509661017 33.145030036568642 13.888276718556883 56.519462041556835 30.433551419526339 79.230155739933252 24.274725921452045 14.062538098543881 12.281999677419661 48.114489374682307 18.975100437179208 95.78555503487587 203.55816632509232 26.823651418089867
leaf_count=83 16974 299 134 600 1463 12675 64379 104 1226 612 353 156 118 240 159 321 142 259 230 535 146 379 110 240 99 337 139 545 1148 130
internal_value=-0.000135478 -2.72947e-05 0.000237642 7.82565e-05 -0.000139881 -0.00244581 0.000600787 0.00748742 0.0140856 -0.00111019 -0.0166331 -0.00809896 -0.00607029 0.0028056 0.00915865 -0.00928317 0.00349535 0.0237246 0.0136012 -0.0245954 0.0116937 0.00585634 -0.00115083 0.00119013 -0.0304152 -0.0035865 -0.00588599 -0.0126838 -0.00148574 0.0256759
internal_weight=14540 14445.6 13838.2 13648.9 13257.9 3224.77 10033.2 390.911 221.465 169.446 94.3237 69.8699 607.425 161.027 129.884 446.397 48.0165 60.7555 37.4854 80.6746 189.356 133.938 103.505 27.9508 68.8015 69.1289 365.723 143.19 222.533 55.4177
internal_count=104335 103131 98932 98033 95491 29649 65842 2542 1330 1212 1204 851 4199 1294 995 2905 695 499 553 752 899 635 489 470 634 496 2153 866 1287 264
is_linear=0
shrinkage=0.05


Tree=124
num_leaves=31
num_cat=0
split_feature=26 2 17 1 34 17 6 32 18 31 3 1 34 30 30 6 14 9 8 30 29 1 27 1 3 13 32 14 8 30
split_gain=8.35924 10.1215 9.43333 9.67198 8.87833 11.855 10.9147 8.55981 10.9784 8.49197 8.94424 8.43036 10.8716 9.00406 8.08585 11.4498 8.27535 7.64975 7.58846 7.55463 7.0723 6.69291 6.5447 6.34668 6.71321 6.38839 6.05747 5.41409 5.03805 5.38041
threshold=1.0000000180025095e-35 55.95000000000001 2150.0000000000005 63.550000000000004 1.0000000180025095e-35 1350.0000000000002 68.750000000000014 56.850000000000001 14.500000000000002 -2.4999999999999996 51.850000000000001 46.750000000000007 1.5000000000000002 483.00000000000006 501.00000000000006 46.900000000000006 40.45000000000001 42.45000000000001 49.550000000000004 447.00000000000006 53.500000000000007 46.250000000000007 7.5000000000000009 57.45000000000001 41.45000000000001 61.350000000000001 51.050000000000004 60.250000000000007 50.650000000000013 453.00000000000006
decision_type=2 2 2 2 10 2 2 2 2 10 2 2 10 2 2 2 2 2 2 2 2 2 2 2 2 2 2 2 2 2
left_child=1 4 3 7 5 6 22 8 -3 10 -4 12 21 -14 15 -7 -16 26 -11 -9 -19 -6 -1 25 -25 28 -13 -26 29 -2
right_child=23 2 9 -5 11 14 -8 19 -10 18 -12 17 13 -15 16 -17 -18 20 -20 -21 -22 -23 -24 24 27 -27 -28 -29 -30 -31
leaf_value=0.0038684274731158653 -0.026771582206199691 -0.00049970803955590084 -0.020179427458263649 0.036082603194197052 0.00046136375249718425 -0.011606483157745562 0.038659907950571719 -0.0068793349767431638 0.013843253400131691 0.027674673128155802 0.018750294701117082 0.016298389767497319 -0.018316965874364821 -0.0013465778571289022 0.012335389602646732 0.0025382536714649703 -0.0098073168444230002 0.0042053291242725235 0.0082207125407622282 0.0013108427865582833 -0.001260801466393953 -0.015781067968480333 0.016766880554924198 -0.020352801743353823 0.0012369772680676499 -0.044377372797397951 -0.019866136459188312 0.029304444588706815 -0.013975114105847342 0.0015042434784966049
leaf_weight=656.63156652823091 19.048871269449592 246.2230574125424 37.381072936579585 20.246347337961197 484.09119698964059 157.79668074660003 26.121838849037886 320.97416845709085 289.40672810096294 85.916879452764988 24.150353349745274 13.20665650628507 242.36048774980009 116.34292430616915 48.209414482116699 1516.7420768551528 325.25311673246324 656.32519243378192 122.9484167676419 2284.5932921450585 5981.6685200771317 72.802130293101072 116.07809121534228 33.162541089579463 186.32900326512754 13.003108732402323 83.633116975426674 18.887139972299337 199.23804664984345 136.85518088657409
leaf_count=4437 176 1907 198 96 5141 1017 147 1577 2891 439 120 202 5013 1928 322 10262 1960 6090 607 11308 42376 588 736 203 1035 90 763 113 1502 1091
internal_value=-0.000129114 0.00012076 0.00247827 0.00170957 -0.000649512 0.00173337 0.00689946 0.00148529 0.00724176 0.0114434 -0.00481322 -0.00153688 -0.00603914 -0.0128286 -0.000279489 0.00120175 -0.00693304 -0.000923976 0.0162565 0.000299768 -0.000719535 -0.00165547 0.00581445 -0.0058749 0.000461383 -0.00999031 -0.0148708 0.00385754 -0.00870506 -0.00193349
internal_weight=14535.6 13929.1 3431.84 3161.44 10497.3 2846.83 798.831 3141.2 535.63 270.397 61.5314 7650.43 915.597 358.703 2048 1674.54 373.463 6734.83 208.865 2605.57 6637.99 556.893 772.71 606.524 238.379 368.145 96.8398 205.216 355.142 155.904
internal_count=104335 100125 19143 17779 80982 18881 5320 17683 4798 1364 318 62101 12670 6941 13561 11279 2282 49431 1046 12885 48466 5729 5173 4210 1351 2859 965 1148 2769 1267
is_linear=0
shrinkage=0.05


Tree=125
num_leaves=24
num_cat=0
split_feature=18 33 1 33 2 35 7 15 7 32 15 1 35 17 5 33 13 13 32 23 32 6 32
split_gain=10.7478 14.4871 10.4925 9.84009 9.59581 9.78476 8.9865 8.29855 7.39506 7.68449 6.97746 6.91876 6.73089 6.16381 6.12008 9.6093 5.88738 5.79345 4.94302 4.749 3.02654 2.97238 1.42269
threshold=17.500000000000004 75.950000000000017 36.150000000000013 85.250000000000014 65.65000000000002 31.400000000000006 67.450000000000017 65.450000000000017 46.050000000000004 65.550000000000011 51.850000000000001 55.350000000000001 33.600000000000016 1750.0000000000002 66.65000000000002 58.850000000000001 55.850000000000001 48.750000000000007 67.15000000000002 1.0000000180025095e-35 60.95000000000001 46.900000000000006 48.750000000000007
decision_type=2 2 2 2 2 10 2 2 2 2 2 2 10 2 2 2 2 2 2 2 2 2 2
left_child=2 6 19 4 5 7 8 -4 9 13 -11 -5 -7 -2 17 -16 -13 -10 -6 20 21 -1 -23
right_child=1 -3 3 11 18 12 -8 -9 14 10 -12 16 -14 -15 15 -17 -18 -19 -20 -21 -22 22 -24
leaf_value=0 -0.013818712049644114 0.027099349576347583 -0.00061545007673614871 -0.00074764658726636317 0.040557584471183954 0.018036521880247763 0.036542915656925405 0.003651469309586498 0.0028145789960652558 -0.038830608649689451 -0.010568112869641832 0.012475968165826818 0.0038340939833937113 0.0072296349003067532 0.038148482633040819 -0.00082303473209374234 0.050837423607610469 -0.0078995208473194665 0.0097077141596443664 0.013156010708507391 0 -0.052424085153374093 -0.02750604936262524
leaf_weight=4.5773122394457451 114.10619304142892 34.120957061648369 11515.253671070561 25.713002443313599 19.918990459293127 109.40080707520247 12.188984557986258 1264.4091538805515 160.2347720246762 47.541950114071369 41.619363017380238 20.181068629026413 357.01912497449666 49.593686583451927 20.625116780400276 65.795975461602211 20.784172683954239 582.09390386100858 38.997511811554432 7.160165852867066 6.4542415291070929 16.828874223865572 11.01600748579949
leaf_count=86 1511 145 82191 118 104 885 70 7376 1445 287 227 105 2941 699 115 278 106 4415 174 149 59 452 190
internal_value=-0.000223343 -0.004911 0.000170373 0.00025287 0.000156399 6.63914e-05 -0.00591652 -0.000192868 -0.00640296 -0.0138945 -0.0257207 0.0193989 0.0071792 -0.00741097 -0.00410977 0.0084534 0.0321372 -0.00558004 0.0202735 -0.0236318 -0.030552 -0.0367603 -0.0428786
internal_weight=14545.6 1127.92 13417.7 13371.7 13305 13246.1 1093.8 12779.7 1081.61 252.861 89.1613 66.6782 466.42 163.7 828.75 86.4211 40.9652 742.329 58.9165 46.0366 38.8764 32.4222 27.8449
internal_count=104128 9192 94936 94000 93671 93393 9047 89567 8977 2724 514 329 3826 2210 6253 393 211 5860 278 936 787 728 642
is_linear=0
shrinkage=0.05


Tree=126
num_leaves=29
num_cat=0
split_feature=3 3 1 33 18 33 31 31 1 29 1 1 15 7 7 31 30 30 18 15 27 35 31 33 15 0 30 1
split_gain=13.4203 10.6329 10.4345 10.1727 9.67885 13.1942 8.94019 7.79673 5.90065 5.00269 4.7095 6.51293 6.55782 6.47421 6.48721 4.56194 4.14857 5.98165 4.13078 3.07641 3.77725 2.80253 2.75397 2.67143 2.46878 1.96357 0.893701 0.537656
threshold=36.050000000000004 67.15000000000002 37.250000000000007 85.250000000000014 17.500000000000004 75.950000000000017 2.5000000000000004 -4.4999999999999991 55.350000000000001 52.250000000000007 54.250000000000007 51.050000000000004 51.750000000000007 55.95000000000001 51.550000000000004 1.5000000000000002 451.00000000000006 461.00000000000006 15.500000000000002 54.050000000000004 7.5000000000000009 0.75000000000000011 -1.0000000180025095e-35 50.45000000000001 51.250000000000007 48.550000000000004 481.00000000000006 49.650000000000013
decision_type=2 2 2 2 2 2 10 8 2 2 2 2 2 2 2 10 2 2 2 2 2 10 8 2 2 2 2 2
left_child=7 2 9 4 6 -6 -4 23 -5 25 11 16 15 14 18 -13 24 -18 -12 20 -11 -10 -21 27 -9 -2 -14 -1
right_child=1 -3 3 8 5 -7 -8 10 21 19 13 12 26 -15 -16 -17 17 -19 -20 22 -22 -23 -24 -25 -26 -27 -28 -29
leaf_value=-0.058357018231462415 -0.0052250699000924127 0.033743659173553202 0.0011546576844451409 0.0007691251448553887 -0.0055805554005439054 0.0266411443962098 -0.0017692242503566449 -0.040001533888524704 0.045691656744899771 -0.035529422327285974 0.0133385919127139 -0.029261645030003655 -0.053191307636204846 -0.021612536216590216 0.032352044600521296 0.013551698637939076 0.03243175421343801 -0.0057016780590574455 -0.013443285108712925 -0.028396163535622451 0.0046761195136873794 0.01814700021815591 0.010790912326940377 -0.020938299867169774 -0.0061297969946474571 0.041928916991290956 -0.033091042936872761 -0.034937115835151467
leaf_weight=7.45444916654378 4.3319019265472871 23.220739800482988 9375.1879165666178 25.038213610649109 1042.9244070053101 32.623807117342949 3624.4592648046091 11.843771018087866 19.404300324618816 41.520128611475229 27.862451791763306 12.332272976636888 14.057667287066581 23.717648714780807 20.349535662680864 12.198008530773221 11.951615840196608 69.977829576469958 29.555346861481667 7.5576251382008195 6.5204508006572715 19.558836072683334 10.521281718276443 31.016149565577507 10.590136638842521 4.0499630942940712 14.010038344189523 7.2136632557958364
leaf_count=114 139 125 65481 115 8526 139 25686 142 108 843 166 103 111 124 110 100 115 624 198 123 128 96 171 165 114 70 97 95
internal_value=-0.000212343 9.35308e-06 -4.56435e-05 5.24072e-05 -3.77446e-05 -0.00459616 0.000339052 -0.0106034 0.0199257 -0.0186963 -0.00720558 -0.0126327 -0.0269861 0.00114327 0.00816644 -0.00780055 -0.00533205 -4.51811e-05 -0.000359637 -0.0233408 -0.0299702 0.0320746 -0.00538172 -0.0296585 -0.0243321 0.0171951 -0.0434888 -0.0474924
internal_weight=14541 14236.9 14213.7 14139.2 14075.2 1075.55 12999.6 304.131 64.0014 74.5014 258.446 156.961 52.598 101.485 77.7673 24.5303 104.363 81.9294 57.4178 66.1195 48.0406 38.9631 18.0789 45.6843 22.4339 8.38187 28.0677 14.6681
internal_count=104128 101750 101625 100151 99832 8665 91167 2378 319 1474 2004 1406 411 598 474 203 995 739 364 1265 971 204 294 374 256 209 208 209
is_linear=0
shrinkage=0.05


Tree=127
num_leaves=22
num_cat=0
split_feature=3 3 1 18 2 35 13 7 13 31 7 7 2 8 31 35 30 6 6 35 32
split_gain=12.2179 9.51572 9.57706 9.13078 8.77377 8.40416 7.56588 7.40179 7.35512 7.42357 5.67292 5.22611 5.39117 5.18151 4.98759 3.77713 3.43761 3.585 3.04718 2.36506 2.64498
threshold=36.050000000000004 67.15000000000002 37.250000000000007 17.500000000000004 65.65000000000002 31.400000000000006 57.550000000000004 66.450000000000017 64.350000000000009 -4.4999999999999991 45.45000000000001 42.95000000000001 59.150000000000013 31.650000000000002 3.5000000000000004 8.1000000000000032 507.00000000000006 79.450000000000017 65.750000000000014 12.600000000000003 62.350000000000001
decision_type=2 2 2 2 2 10 2 2 2 8 2 2 2 2 10 10 2 2 2 8 2
left_child=8 2 6 4 5 -4 16 10 9 19 -5 15 13 -13 -6 18 17 -2 -11 -1 -21
right_child=1 -3 3 7 14 -7 -8 -9 -10 11 -12 12 -14 -15 -16 -17 -18 -19 -20 20 -22
leaf_value=-0.014864230296481824 -0.033303399577447997 0.031787414168672312 8.534828355398419e-05 -0.012089449544557002 0.031135085290415379 0.0070192281766045632 0.023945542169874066 0.031827381133258538 0.025607584652556022 -0.059218314908637076 -0.0029997413118174631 -0.032126068936291337 0.016478679954087899 -0.005456771387323635 0.00076423829280861501 -0.0047342296123478889 0.0030248653990238203 0.0083520032675075892 -0.01920829427180077 -0.023095911182632489 -0.055024684158818782
leaf_weight=16.071075834333897 49.131455598399043 23.418175980448723 12553.025318061933 216.41775295045227 36.254571236670017 452.73513577412814 9.1808312973007542 13.794924635440109 13.558616094291208 10.475652152672412 842.81905233580619 20.495005930773914 24.403512522578239 167.44526137411594 22.075036698952317 12.342865568585692 9.5488855168223363 5.5228720540180793 9.7869849130511266 13.695274170488121 14.223290909081696
leaf_count=117 1015 125 87529 2323 170 3680 170 80 90 115 6265 200 140 1237 104 127 148 141 102 168 82
internal_value=-0.000202129 8.87315e-06 -4.33677e-05 4.9862e-05 0.000414399 0.000327156 -0.0180473 -0.00438332 -0.010144 -0.0118473 -0.00486259 -0.00841545 -0.00551726 -0.0084072 0.0197477 -0.0270625 -0.0241578 -0.0289952 -0.040328 -0.0307809 -0.039679
internal_weight=14536.4 14233.9 14210.5 14137.1 13064.1 13005.8 73.384 1073.03 302.498 288.939 1059.24 244.949 212.344 187.94 58.3296 32.6055 64.2032 54.6543 20.2626 43.9896 27.9186
internal_count=104128 101750 101625 100151 91483 91209 1474 8668 2378 2288 8588 1921 1577 1437 274 344 1304 1156 217 367 250
is_linear=0
shrinkage=0.05


Tree=128
num_leaves=20
num_cat=0
split_feature=3 33 3 1 2 36 32 13 13 31 32 32 33 32 2 33 33 33 2
split_gain=11.1121 9.39753 8.58927 8.71128 7.16021 9.08482 7.14477 7.5906 6.64646 6.85275 6.11521 5.03007 4.7668 5.25158 4.78804 4.51985 2.16293 1.23735 0.582023
threshold=36.050000000000004 86.450000000000017 66.15000000000002 37.250000000000007 64.350000000000009 1.0000000180025095e-35 42.45000000000001 57.550000000000004 64.350000000000009 -4.4999999999999991 62.95000000000001 73.850000000000009 76.950000000000017 65.950000000000017 57.650000000000013 62.45000000000001 50.45000000000001 26.450000000000003 50.550000000000004
decision_type=2 2 2 2 2 10 2 2 2 8 2 2 2 2 2 2 2 2 2
left_child=8 2 3 6 5 -5 17 -8 9 16 -4 -6 13 14 -11 -15 18 -2 -1
right_child=1 -3 10 4 11 -7 7 -9 -10 12 -12 -13 -14 15 -16 -17 -18 -19 -20
leaf_value=-0.032341190380733929 -0.051316973266293919 0.028454777242699882 0.045198770300710768 0.00061900926457124003 0.016725621055473851 -0.0022774167582730082 -0.015465794323787464 0.037929303425328097 0.024127825059946401 -0.016243476534624046 0.0051345236798635537 -0.0024004278323081366 -0.037793958750353157 -0.010656339687339216 0.0087508667425788556 0.012422603299010642 -0.021599673299039102 -0.023052253475940549 -0.057071101683502302
leaf_weight=6.3642580797895771 13.731738332659008 28.875001527369022 17.542507976293564 10258.067690162919 106.79262640327215 3677.5050009349361 43.977291325107217 7.7065914841368786 13.67373184673488 120.57921388372779 21.461125463247299 50.011817522346973 12.72565722465515 35.027375541627407 22.433733619749546 53.09134116768837 29.635416425764561 6.8389472635462871 7.4238322842866182
leaf_count=113 487 151 114 75679 529 23480 737 110 90 1277 100 223 54 201 158 231 161 140 93
internal_value=-0.000192346 8.37986e-06 -4.92976e-05 -0.000114251 -2.50476e-05 -0.00014499 -0.0174191 -0.00734962 -0.0096984 -0.0113337 0.0233514 0.010596 -0.00803971 -0.00636424 -0.0122844 0.00319032 -0.0296559 -0.0423189 -0.0463314
internal_weight=14533.5 14232.5 14203.6 14164.6 14092.4 13935.6 72.2546 51.6839 300.955 287.281 39.0036 156.804 243.857 231.132 143.013 88.1187 43.4235 20.5707 13.7881
internal_count=104128 101750 101599 101385 99911 99159 1474 847 2378 2288 214 752 1921 1867 1435 432 367 627 206
is_linear=0
shrinkage=0.05


Tree=129
num_leaves=31
num_cat=0
split_feature=3 18 18 6 11 33 0 30 0 13 29 3 13 32 15 12 13 2 33 13 35 35 6 2 13 15 6 28 0 33
split_gain=10.1437 8.77735 11.6035 9.67339 9.51587 9.21589 9.00264 9.39211 8.26665 7.85126 7.92003 7.75285 7.36275 9.00865 11.4826 9.21971 7.31972 7.31369 6.54988 5.79682 5.71343 6.85482 6.03005 6.87065 7.82452 6.44148 5.60121 5.4823 5.54273 4.8932
threshold=36.850000000000001 9.5000000000000018 7.5000000000000009 74.950000000000017 49.900000000000006 86.450000000000017 53.95000000000001 427.00000000000006 55.350000000000001 68.050000000000011 55.750000000000007 66.15000000000002 45.050000000000004 64.15000000000002 48.350000000000001 86.950000000000017 53.350000000000001 64.350000000000009 40.850000000000001 64.350000000000009 8.2500000000000036 9.4000000000000039 60.350000000000001 52.850000000000001 50.850000000000001 59.750000000000007 76.250000000000014 4.5000000000000009 45.850000000000001 54.250000000000007
decision_type=2 2 2 2 2 2 2 2 2 2 2 2 2 2 2 2 2 2 2 2 10 10 2 2 2 2 2 2 2 2
left_child=19 2 3 27 6 11 9 -8 -5 10 -3 17 18 14 -14 -15 -9 -6 -4 20 22 -22 -1 25 -25 -24 29 28 -2 -23
right_child=1 4 12 8 5 -7 7 16 -10 -11 -12 -13 13 15 -16 -17 -18 -19 -20 -21 21 26 23 24 -26 -27 -28 -29 -30 -31
leaf_value=-0.020832014282619438 -0.02186810325092502 -0.020851601036799262 0.018073932012835286 -0.035092010063384069 -0.00027081740422933357 0.029011631722035337 -0.033394181859868061 -0.0012741915204571999 0.0041083458581765812 0.020567655502352077 -0.0064380863818736811 0.023381844768227196 0.0015206254151776209 -0.0026915174589769299 0.018778844798384611 0.013506527526676117 0.018935114266577197 0.011035059642759077 -0.017618620726921389 0.020767956674365758 0.029391522444890367 0.0097339412574901762 -0.021647627781123269 -0.016014558201102869 0.020982569221809327 0.016568502028250019 -0.029221114528033137 -0.024118695377028265 0.007341139544966041 -0.010761298218111932
leaf_weight=131.75811748020351 18.367178127169609 156.16715237963945 16.836199419572949 42.144827319309115 12087.286579158157 27.204803787171841 17.567816284485161 155.99175570718944 19.385532654821873 19.174463223665953 248.51619593938813 35.040952812880278 144.66557991877198 265.08483723551035 292.75488187745214 131.04491323977709 62.538026083260775 144.64564690925181 52.14537987112999 17.065765060484409 16.395254952833056 58.049632539972663 67.683595661073923 22.896414045244455 37.326910769566894 12.941045583225785 19.830826749093831 19.931610286235809 131.80382527969778 58.19221568852663
leaf_count=977 130 1745 185 250 87569 144 134 1058 97 125 2131 192 998 1175 1889 582 360 693 255 117 128 684 711 152 214 100 177 127 712 317
internal_value=-0.000183033 5.06737e-05 0.00426861 -0.00570077 -0.00031826 -3.85387e-06 -0.00616681 0.00163916 -0.0226739 -0.0105261 -0.0120164 -6.88459e-05 0.00683311 0.00813551 0.0130842 0.00265645 0.00449238 -0.000136625 -0.00882128 -0.00763947 -0.00879634 -0.00100844 -0.0131318 -0.00588336 0.00683045 -0.0154387 -0.00472691 0.000419182 0.00372315 -0.000483702
internal_weight=14530.4 14088.3 1134.16 231.633 12954.1 12294.2 659.955 236.098 61.5304 423.858 404.683 12267 902.532 833.55 437.42 396.13 218.53 12231.9 68.9816 442.14 425.074 152.468 272.606 140.848 60.2233 80.6246 136.073 170.103 150.171 116.242
internal_count=104128 100551 6400 1316 94151 88598 5553 1552 347 4001 3876 88454 5084 4644 2887 1757 1418 88262 440 3577 3460 1306 2154 1177 366 811 1178 969 842 1001
is_linear=0
shrinkage=0.05


Tree=130
num_leaves=31
num_cat=0
split_feature=27 7 18 29 18 30 28 30 16 32 7 35 4 0 8 1 30 7 30 35 14 28 1 18 17 9 32 9 8 7
split_gain=12.8127 10.8741 10.5608 10.2886 8.96844 8.94024 10.3613 8.64353 8.47422 8.03626 9.16605 9.04895 7.2648 10.5534 8.37554 12.0795 8.30838 7.12792 6.98336 6.58002 6.22232 6.13831 5.66946 5.62455 5.40595 5.12909 11.4443 5.25204 3.86985 4.37982
threshold=7.5000000000000009 35.45000000000001 9.5000000000000018 60.250000000000007 7.5000000000000009 431.00000000000006 3.5000000000000004 469.00000000000006 51.350000000000001 48.150000000000013 60.150000000000013 27.400000000000006 40.050000000000004 39.750000000000007 21.450000000000003 54.750000000000007 453.00000000000006 48.050000000000004 507.00000000000006 5.1000000000000014 29.250000000000004 2.5000000000000004 56.550000000000004 5.5000000000000009 1750.0000000000002 50.550000000000004 54.850000000000001 46.050000000000004 35.850000000000001 32.550000000000004
decision_type=2 2 2 2 2 2 2 2 2 2 2 10 2 2 2 2 2 2 2 10 2 2 2 2 2 2 2 2 2 2
left_child=1 22 4 5 23 21 -7 12 18 10 -9 25 19 16 15 -15 -14 -13 -6 -2 -16 -4 28 -3 -19 27 -27 -11 -1 -30
right_child=7 2 3 -5 8 6 -8 9 -10 11 -12 17 13 14 20 -17 -18 24 -20 -21 -22 -23 -24 -25 -26 26 -28 -29 29 -31
leaf_value=0.0011203803294897701 -0.032413160211288365 0.02001098151712305 0.0016643658586033205 0.037186937649050837 0.0081299139641475403 0.00099931877887641705 -0.0021804090741838768 -0.011360490802071695 0.036538254961704597 -0.01756522045568271 0.040943975131015553 0.0024952861126384127 0.077572341619202942 0.044684188700091464 0.0081107027548341405 -0.015957495867989741 0.0049099355670880612 0.050434393603023264 -0.0075416536753564398 0.0045861302294422307 -0.0026985350062685202 -0.0082058758348933503 0.012817667036903235 -0.0064539740569052153 0.014613459214867192 0.023692111410775013 -0.0019056685141400913 0.0099871978528505208 -0.004885044358327607 -0.038625185237447353
leaf_weight=11.413443580269812 31.168147807009518 22.051418153569102 209.20451178122312 17.78676925227046 643.0578029891476 5985.9847778929397 4477.7096612406895 94.125123924575746 24.091257715597749 17.548312935978174 9.0658691842108947 23.055439492687583 7.8982472019270054 23.933733370155096 166.49160088319331 12.259883880615233 8.0794384367763978 28.230315931141376 79.510121701285243 19.130768431350589 661.79982955474406 627.58759416081011 11.512882066890596 208.27498885802925 17.679405219852924 50.930987436324358 301.07696955837309 655.11075491830707 13.1009534439072 40.586703457869589
leaf_count=184 439 128 1975 96 3620 41498 32616 1398 135 144 74 162 139 233 1182 71 124 176 434 220 4666 6219 74 1178 108 431 1593 3908 187 574
internal_value=0.00023069 -0.000385321 -0.000267817 -0.000698746 0.00471889 -0.000759148 -0.000360906 0.00381498 0.00738167 0.00662538 -0.00668167 0.00788605 0.000195527 0.00125751 0.00050511 0.0240179 0.0413992 0.0254314 0.00639772 -0.0182604 -0.00051906 -0.00573236 -0.0191526 -0.00389094 0.0368105 0.00669792 0.00178947 0.00925847 -0.024894 -0.0305092
internal_weight=14499.5 12371.9 12295.3 11318.3 976.986 11300.5 10463.7 2127.58 746.659 1196.82 103.191 1093.63 930.762 880.463 864.485 36.1936 15.9777 68.9652 722.568 50.2989 828.291 836.792 76.614 230.326 45.9097 1024.67 352.008 672.659 65.1011 53.6877
internal_count=103986 88918 87899 82404 5495 82308 74114 15068 4189 7994 1472 6522 7074 6415 6152 304 263 446 4054 659 5848 8194 1019 1306 284 6076 2024 4052 945 761
is_linear=0
shrinkage=0.05


Tree=131
num_leaves=31
num_cat=0
split_feature=27 1 13 18 29 13 36 16 3 2 5 8 36 5 32 35 32 31 1 33 1 35 5 35 3 24 13 9 33 33
split_gain=11.5418 9.52277 11.8059 9.23179 10.065 9.45369 8.45635 8.32017 7.79895 7.80146 11.3611 8.10836 7.73532 7.72866 7.63311 7.50609 8.35814 7.28873 7.09101 7.03913 7.62104 6.28671 9.0188 6.81448 6.28605 11.3337 8.50043 7.58283 5.91138 5.68914
threshold=7.5000000000000009 40.750000000000007 67.65000000000002 9.5000000000000018 60.250000000000007 76.850000000000009 -1.0000000180025095e-35 51.150000000000013 40.750000000000007 55.95000000000001 51.95000000000001 80.050000000000011 0.29166666666666669 59.050000000000004 48.150000000000013 28.600000000000009 51.650000000000013 -1.0000000180025095e-35 47.45000000000001 43.550000000000004 51.750000000000007 4.9000000000000012 56.050000000000004 9.2500000000000036 39.150000000000013 1.0000000180025095e-35 50.45000000000001 50.750000000000007 19.850000000000005 69.850000000000009
decision_type=2 2 2 2 2 2 8 2 2 2 2 2 10 2 2 10 2 10 2 2 2 8 2 8 2 2 2 2 2 2
left_child=1 2 6 7 5 12 -1 21 24 14 11 17 -5 -12 19 16 -16 -11 -17 20 -10 22 -3 -23 25 26 -2 -26 -8 -28
right_child=8 3 -4 4 -6 -7 28 -9 9 10 13 -13 -14 -15 15 18 -18 -19 -20 -21 -22 23 -24 -25 27 -27 29 -29 -30 -31
leaf_value=-0.029645876242089642 0.0077750367397610631 0.023849756135814804 0.054194797277565036 8.8081055864441148e-06 0.036557263094313168 0.021485572902901637 -0.042210052386320168 0.030321383396968899 -0.0084197471678403094 0.0037134115198188644 -0.0070939180116385784 0.052588662913816191 -0.0030439768494499968 0.012547672584815482 0.019274179436187033 0 0.002514601361602187 0.024992066373281299 0.043087521744083999 -0.027322825732772994 0.031426452720058069 -0.010049373325295366 -0.0040349771567062967 0.0037743392705700887 -0.0053363189250973456 0.035458718635177217 -0.010734427922049112 -0.036977181648429287 -0.0037871947534838866 0.0083073925644882394
leaf_weight=56.254792150110006 187.05330643523484 82.064512327313423 6.5935259591788045 8367.676214911975 18.099874287843704 47.905827458947897 10.779059622902421 30.17059993557632 58.736124997027218 65.358985403552651 94.546961817890406 17.747037190943956 2757.7752873413265 105.89957008510828 81.031826380640268 15.724649935960768 916.57777464110404 107.38038970530033 24.00346433930099 35.692995086312294 14.971921578049658 101.7062113955617 44.342346675693989 710.34109086170793 130.52624800056219 23.53551057074219 179.74768928345293 22.19553853943944 133.31233598198742 49.790028348565102
leaf_count=928 1463 453 63 61669 95 282 397 171 1177 429 478 93 18055 492 889 108 5584 683 158 313 284 577 206 3997 946 181 1426 152 2025 212
internal_value=0.000218878 -0.000366322 -0.0109998 -0.000184862 -0.000590573 -0.000651524 -0.0131963 0.00449713 0.00361799 0.00549689 0.0116011 0.0203466 -0.000747487 0.00325924 0.00341072 0.00473882 0.00388272 0.0169766 0.0260471 -0.00912954 -0.000226646 0.00365843 0.0140331 0.00203578 -0.00124697 0.00177659 -0.00012235 -0.00998869 -0.00672345 -0.00658039
internal_weight=14497.5 12367 206.94 12160.1 11191.5 11173.4 200.346 968.625 2130.52 1537.67 390.933 190.486 11125.5 200.447 1146.74 1037.34 997.61 172.739 39.7281 109.401 73.708 938.454 126.407 812.047 592.848 440.127 416.591 152.722 144.091 229.538
internal_count=103986 88918 3413 85505 80101 80006 3350 5404 15068 10688 2175 1205 79724 970 8513 6739 6473 1112 266 1774 1461 5233 659 4574 4380 3282 3101 1098 2422 1638
is_linear=0
shrinkage=0.05


Tree=132
num_leaves=31
num_cat=0
split_feature=30 27 7 2 1 36 8 30 7 4 13 30 0 4 4 3 3 7 2 30 4 32 29 35 8 5 0 3 2 3
split_gain=11.3591 10.5911 9.97789 8.70804 8.55572 11.8293 8.7685 11.7 10.0606 8.54325 8.22754 7.4455 11.6744 12.4412 9.08074 8.20978 10.2888 11.4551 8.05467 7.94673 7.37573 7.36317 6.98653 6.88029 6.45963 6.32822 5.25226 4.50188 3.72017 2.53891
threshold=385.00000000000006 7.5000000000000009 35.45000000000001 48.550000000000004 40.750000000000007 -1.0000000180025095e-35 50.050000000000004 441.00000000000006 53.750000000000007 79.950000000000017 67.65000000000002 491.00000000000006 52.850000000000001 86.450000000000017 60.250000000000007 40.850000000000001 39.150000000000013 46.050000000000004 63.250000000000007 497.00000000000006 68.550000000000011 62.750000000000007 53.500000000000007 13.600000000000003 20.250000000000004 41.050000000000004 55.95000000000001 51.050000000000004 53.050000000000004 48.850000000000001
decision_type=2 2 2 2 2 8 2 2 2 2 2 2 2 2 2 2 2 2 2 2 2 2 2 10 2 2 2 2 2 2
left_child=29 2 3 9 5 27 8 -8 -6 21 -7 15 19 14 -14 16 20 -18 22 23 -3 -2 -17 -13 -21 -5 -15 -4 -27 -1
right_child=1 11 4 25 6 10 7 -9 -10 -11 -12 12 13 26 -16 18 17 -19 -20 24 -22 -23 -24 -25 -26 28 -28 -29 -30 -31
leaf_value=-0.015447477021568312 -0.043452486365751067 0.0085024777886139585 -0.044582236442427821 0.0079116430130642852 -4.6298782502448325e-05 -0.0056416770938774868 -0.0072590130501173997 -0.00054002176244339467 0.00435909185795665 0.041936927448776917 0.050422090260989899 0.0086456881020521101 0.0080016663208546165 0.016925674233684448 0.030411322282606925 0.015544124968285656 -0.039153465981125735 -0.0064593711560506197 0.041988087907882998 0.030067798389553004 -0.0062629703764814776 0.023552334134491128 0.002160710545310556 0.047826853100738517 -0.0043086565597779429 -0.0482808910023481 -0.008628883259807511 -0.015326073525033339 -0.013184681756563121 -0.051359830586132374
leaf_weight=9.2815567674115318 10.191347927786415 162.61954359896481 27.580083671957254 8.4472390646114928 4128.5036159539595 140.91427062870935 738.18853494524956 5313.1994432564825 1887.3454432999715 9.6487030806019884 6.7522245198488227 57.464414063841105 71.068943165242672 30.28211821988225 128.00975988805294 109.30799849424511 37.06572971213609 98.060612000524998 13.775815721601246 14.353598625399171 175.85521104559302 6.6294674575328818 914.79690754972398 14.004714133217929 244.07689399458468 29.730527139268816 59.354232121258974 26.674632549285889 10.814073314890264 12.08376206550747
leaf_count=158 239 1357 469 170 33136 2339 5752 34017 11398 130 62 402 468 148 757 971 338 683 67 126 1217 43 6373 107 1682 340 324 443 93 177
internal_value=0.000207655 0.000261895 -0.000299559 -0.0184139 -0.00018759 -0.0103922 -1.63371e-05 -0.00136058 0.00133502 0.00452175 -0.00301187 0.00351791 0.00814019 0.0154828 0.0224445 0.0016224 -0.00382669 -0.0154868 0.00411385 0.00169631 0.000816709 -0.0167657 0.00359545 0.0164494 -0.00236911 -0.0308915 0 -0.0303449 -0.0390985 -0.0361363
internal_weight=14496.1 14474.7 12344.6 75.4614 12269.2 201.921 12067.2 6051.39 6015.85 26.4695 147.666 2130.1 618.615 288.715 199.079 1511.48 473.601 135.126 1037.88 329.9 338.475 16.8208 1024.1 71.4691 258.43 48.9918 89.6364 54.2547 40.5446 21.3653
internal_count=103986 103651 88631 1015 87616 3313 84303 39769 44534 412 2401 15020 4014 1697 1225 11006 3595 1021 7411 2317 2574 282 7344 509 1808 603 472 912 433 335
is_linear=0
shrinkage=0.05


Tree=133
num_leaves=23
num_cat=0
split_feature=7 26 27 35 3 8 35 7 0 31 20 6 4 6 2 36 13 33 8 35 2 3
split_gain=10.1887 9.36353 10.8917 9.22314 8.6898 9.05032 8.59809 9.35036 9.01086 7.33868 7.68996 7.40919 7.06707 10.8081 6.95631 6.26316 5.82468 5.02762 4.77022 4.47538 4.17178 3.52044
threshold=80.550000000000011 1.0000000180025095e-35 6.5000000000000009 0.40000000000000008 46.850000000000001 66.750000000000014 41.400000000000013 52.750000000000007 49.650000000000013 24.500000000000004 1.0000000180025095e-35 43.95000000000001 81.250000000000014 77.850000000000009 60.95000000000001 0.29166666666666669 60.550000000000004 65.450000000000017 30.450000000000003 6.7500000000000027 55.650000000000013 53.350000000000001
decision_type=2 2 2 8 2 2 10 2 2 10 2 2 2 2 2 10 2 2 2 10 2 2
left_child=1 2 9 -4 16 12 8 -8 -5 10 15 -12 13 -6 20 -1 17 18 -3 -16 -7 -14
right_child=-2 4 3 6 5 14 7 -9 -10 -11 11 -13 21 -15 19 -17 -18 -19 -20 -21 -22 -23
leaf_value=0.0018098500279501004 0.036105074242233859 0.019363772850969834 0.035914745314449756 -0.0017045277470599926 0.015246698402737083 -0.0029241179587460231 0.0070499934977338551 0.060737308881208242 0.0036507320117024457 0.029052132163415935 0.013694184881734224 -0.0021812973255524721 0.004147927610728787 -0.026597751163945589 0.019465700144531951 -0.0025306465557144542 -0.039829495561741333 -0.026511254595508467 -0.010049250505465216 -0.012338994682313007 -0.028710755876345945 -0.012546012985237488
leaf_weight=3805.2378803510219 19.62886979803443 15.220886478200553 20.590365005657077 1073.7231256049126 137.04809141159058 22.145818542689085 22.275250565260649 12.914675533771513 2914.9478193018585 20.879855441860855 74.447103242389858 4853.1065565897152 54.919877383857965 17.21975015103817 21.345381129533052 1062.4985830597579 20.085728991776705 42.741502836346626 130.30091998074204 22.617576211690903 57.911768352612853 73.03418911062181
leaf_count=27404 95 145 114 9795 977 162 188 98 18468 187 520 36194 363 150 110 6657 128 187 1045 129 400 470
internal_value=0.000196723 0.000147436 0.000415572 0.0025993 -0.00589066 -0.00161787 0.00242669 0.0270112 0.00220787 -0.000483675 -0.000547441 -0.00194016 0.0033156 0.0105293 -0.0128784 0.000861374 -0.0141931 -0.0114117 -0.00692727 0.00299883 -0.0216525 -0.00534402
internal_weight=14494.8 14475.2 13860.6 4044.45 614.591 406.242 4023.86 35.1899 3988.67 9816.17 9795.29 4927.55 282.222 154.268 124.021 4867.74 208.349 188.263 145.522 43.963 80.0576 127.954
internal_count=103986 103891 99625 28663 4266 2761 28549 286 28263 70962 70775 36714 1960 1127 801 34061 1505 1377 1190 239 562 833
is_linear=0
shrinkage=0.05


Tree=134
num_leaves=20
num_cat=0
split_feature=30 18 7 29 13 18 13 27 16 12 8 10 6 6 12 8 7 6 3
split_gain=10.565 10.1716 10.2779 9.46797 8.45063 8.32788 8.76336 8.02023 6.91983 6.49663 10.8207 9.78656 5.90484 6.17863 5.16199 5.0268 3.96024 3.01374 2.46177
threshold=385.00000000000006 9.5000000000000018 80.550000000000011 60.250000000000007 76.850000000000009 7.5000000000000009 51.050000000000004 7.5000000000000009 51.350000000000001 99.65000000000002 25.650000000000002 65.000000000000014 72.250000000000014 64.950000000000017 53.750000000000007 53.45000000000001 57.650000000000013 75.350000000000009 48.850000000000001
decision_type=2 2 2 2 2 2 2 2 2 2 2 2 2 2 2 2 2 2 2
left_child=18 5 3 4 7 6 15 -3 9 11 -11 -7 13 -8 -6 16 -2 -14 -1
right_child=1 2 -4 -5 14 8 12 -9 -10 10 -12 -13 17 -15 -16 -17 -18 -19 -20
leaf_value=-0.014902256478220119 -0.0047718295649924677 -0.00085645389092045175 0.036973455967082028 0.031759392932484691 0.0047757982008657567 0.0057020873878823805 -0.016947676117447109 0.0026150844535517241 0.031188488257685429 0.048847557675807562 0.01004661327739974 -0.014185446571786728 -0.043399885806650731 0.014568229882338683 0.034828253744241262 0.024220202128257068 0.020827892218816521 -0.01567833519642205 -0.050632218490901916
leaf_weight=9.1868593590334076 81.34848958812654 11270.383804460522 18.515749521553516 23.026111010462046 31.500779744237661 603.71168984472752 40.442124955356121 1951.3680960079655 28.394979447126389 19.780327808111906 198.45809507183731 68.709819387644529 19.620142124593258 25.006797336041927 26.810929512605071 27.111278379335999 18.447627019137144 21.425015052780509 11.67516536451876
leaf_count=158 487 82612 90 124 186 3494 234 13984 163 122 1071 312 99 136 161 159 89 128 177
internal_value=0.000186653 0.000238365 -0.000151141 -0.000203466 -0.000259501 0.00474475 -0.00367428 -0.000343703 0.00688844 0.00610471 0.0136071 0.00366068 -0.0142565 -0.00482591 0.0187151 0.00517066 0 -0.0291244 -0.0352828
internal_weight=14494.9 14474.1 13321.6 13303.1 13280.1 1152.46 233.401 13221.8 919.055 890.66 218.238 672.422 106.494 65.4489 58.3117 126.907 99.7961 41.0452 20.862
internal_count=103986 103651 97157 97067 96943 6494 1332 96596 5162 4999 1193 3806 597 370 347 735 576 227 335
is_linear=0
shrinkage=0.05


Tree=135
num_leaves=31
num_cat=0
split_feature=3 27 9 7 8 33 0 31 16 0 3 8 2 15 37 6 32 16 3 3 32 8 17 1 2 1 35 15 37 35
split_gain=14.5665 14.9094 9.73001 9.47259 9.10792 15.8549 12.2934 8.75295 9.55476 8.74431 7.91656 12.4756 7.71472 7.45111 7.24215 7.16861 9.23556 6.87038 8.22036 10.8579 6.79631 6.71805 6.70387 7.71793 7.5572 6.99141 6.67123 6.53714 6.41352 6.34719
threshold=43.650000000000013 7.5000000000000009 42.550000000000004 44.350000000000001 50.050000000000004 48.750000000000007 57.550000000000004 2.5000000000000004 47.250000000000007 50.050000000000004 61.150000000000013 80.850000000000009 66.450000000000017 57.850000000000001 44.934285714285721 61.050000000000004 43.750000000000007 49.550000000000004 39.750000000000007 42.350000000000001 78.550000000000011 51.45000000000001 1850.0000000000002 49.550000000000004 60.650000000000013 55.650000000000013 1.4000000000000004 46.550000000000004 64.027000000000015 32.600000000000009
decision_type=2 2 2 2 2 2 2 10 2 2 2 2 2 2 2 2 2 2 2 2 2 2 2 2 2 2 10 2 2 10
left_child=3 7 -3 14 6 29 9 12 -9 -4 26 -12 15 -8 -1 28 -17 18 21 -20 -19 -5 24 -24 -16 -25 -10 -7 -2 -6
right_child=1 2 4 17 5 27 13 8 10 -11 11 -13 -14 -15 22 16 -18 20 19 -21 -22 -23 23 25 -26 -27 -28 -29 -30 -31
leaf_value=0.012803024144558984 -0.0012575428544333374 -0.031024444514289165 0.0077359159019129535 0.052996775853703049 -0.017521860435376797 -0.0029027690095295472 0.002403149519800642 0.028432557939398181 0.00024857823641669439 0.020334144745722142 0.010389848363704319 -0.026417139416708715 0.035116067383415599 -0.029598665915864155 -0.014529098371235134 0.015260047267955171 0.0020827879803318548 -0.0026103926006866094 -0.027483014021380009 0.025796375780023709 0.010118270534906056 0.0067445135062637052 -0.023320891767802613 0.017863623292792938 0.029427885832298356 -0.010841928708995521 -0.0050600741477115508 0.0094722977454685161 0.007502444118061502 0.026742991606088409
leaf_weight=35.878142887726426 2953.6110181044787 17.391419462859631 308.47247529681772 17.670562206767499 109.86274389643222 147.90808041021228 65.103379828855395 25.342157979495823 923.37556862551719 251.82628474012017 212.06407008692622 25.668437991291285 16.660355024039745 25.01270854845643 390.18068129196763 137.65791581198573 3953.0552569516003 2393.0461560031399 19.85687748901546 18.234945174306631 109.43951649591327 14.615329140797256 26.834978245198727 56.864391146227717 9.8658667616546136 33.490925785154104 1639.3049372490495 377.74578713998199 224.65402507968247 8.5696010887622815
leaf_count=260 19795 151 2515 135 1363 756 405 182 6708 1608 1460 160 78 138 4117 3000 26485 17209 136 128 492 93 350 546 64 201 11618 1911 2280 90
internal_value=0.000129064 0.000957005 0.00597188 -0.00289482 0.00647514 0.00225018 0.0106503 0.000305808 -0.00205564 0.0134097 -0.00233433 0.00638527 0.0012224 -0.00644685 -0.0088325 0.00114355 0.0025278 -0.0016161 0.0137707 -0.00184595 -0.00205136 0.0322989 -0.0103451 0.000130039 -0.0134255 0.00716818 -0.00314539 0.00598081 -0.000636558 -0.0142569
internal_weight=14549.3 11423.3 1311.89 3125.98 1294.5 644.086 650.415 10111.4 2825.76 560.299 2800.41 237.733 7285.64 90.1161 553.115 7268.98 4090.71 2572.86 70.3777 38.0918 2502.49 32.2859 517.237 117.19 400.047 90.3553 2562.68 525.654 3178.27 118.432
internal_count=104434 80703 8937 23731 8786 4120 4666 71766 20128 4123 19946 1620 51638 543 5538 51560 29485 18193 492 264 17701 228 5278 1097 4181 747 18326 2667 22075 1453
is_linear=0
shrinkage=0.05


Tree=136
num_leaves=31
num_cat=0
split_feature=3 9 1 8 1 15 29 15 31 8 17 17 15 35 32 3 8 8 8 18 35 8 4 4 32 8 33 8 3 18
split_gain=13.1628 12.6314 9.56037 8.8358 10.7638 11.9446 12.0031 11.254 10.087 10.6843 8.90023 8.67101 8.28402 8.0095 7.93677 10.768 8.60674 7.86842 7.63812 7.74388 7.19059 7.90191 6.91358 8.32 6.73755 6.8182 6.93638 6.78304 5.92717 7.81393
threshold=43.650000000000013 41.650000000000013 50.150000000000013 50.050000000000004 53.550000000000004 53.150000000000013 59.750000000000007 52.550000000000004 -5.4999999999999991 56.550000000000004 1350.0000000000002 1175.0000000000002 51.650000000000013 27.600000000000005 65.950000000000017 65.250000000000014 40.050000000000004 25.650000000000002 34.050000000000004 13.500000000000002 29.750000000000011 35.550000000000004 88.250000000000014 70.750000000000014 66.750000000000014 76.350000000000009 79.850000000000009 80.850000000000009 37.350000000000001 8.5000000000000018
decision_type=2 2 2 2 2 2 2 2 10 2 2 2 2 8 2 2 2 2 2 2 10 2 2 2 2 2 2 2 2 2
left_child=11 2 12 14 8 7 -7 -6 9 -5 -10 13 -2 -1 15 17 -17 -3 19 22 -16 -22 23 -13 28 26 -26 -27 -20 -30
right_child=1 3 -4 4 5 6 -8 -9 10 -11 -12 18 -14 -15 20 16 -18 -19 24 -21 21 -23 -24 -25 25 27 -28 -29 29 -31
leaf_value=-0.027275671889775782 0.025015450421778843 0.00920794284665955 -0.033676918703408019 -0.020386514215601694 0.0036884583969700627 -0.0025123373665386461 0.02951145700176986 0.022650896753960665 0.0034560051465251729 -0.00424500252506709 -0.0032885977393417387 0.018514719911724684 -0.02620059042496899 0.00037537106879456097 -0.00026732888108778525 0.053305408190302023 0.0043567001122028623 0.0026152797713555158 -0.012416566770611074 -0.00094713113867151636 -0.0041610178600027733 0.035023364056407054 0.039321615107808794 -0.0074780414851447832 -0.0032418983424852723 0.02117974789035125 0.017896033672429968 0.0017131101081478849 0.014079034824202717 -0.004878616648149022
leaf_weight=67.292563759721816 17.447062086313966 540.31596367526799 46.077399557456374 146.71795860026032 1517.633049682714 1274.0750766471028 29.830742180347443 82.549709465354681 711.22769666835666 343.86315663810819 1563.1933504743502 80.443076997064054 14.23014518432319 42.253259852528572 2232.4620365779847 19.715101517736912 16.895507882349193 2818.3730124272406 253.3792764833197 290.07704606186599 21.930838067084551 30.266446873545647 21.40246245637536 49.430861318483949 805.04945570230484 65.600736990571022 40.622258394956589 142.45004998147488 56.702285055071115 1206.1037842072546
leaf_count=466 201 5791 424 1435 8440 6639 139 447 5123 2968 12397 675 144 344 10505 164 128 25497 2462 2789 112 149 105 337 3841 305 182 675 360 11190
internal_value=0.000122261 0.000908586 -0.0191591 0.00104668 -0.000349008 0.00177582 -0.00177366 0.00467117 -0.00258252 -0.0090858 -0.00117725 -0.0027552 0.00184061 -0.0165741 0.00244056 0.00397376 0.0309256 0.00367758 -0.00225029 0.00382037 0.00015977 0.0184879 0.0129898 0.0085851 -0.00329491 -0.000218933 -0.00221862 0.00788241 -0.00542921 -0.00402238
internal_weight=14547.6 11426.8 77.7546 11349 5669.09 2904.09 1303.91 1600.18 2765 490.581 2274.42 3120.81 31.6772 109.546 5679.96 3395.3 36.6106 3358.69 3011.26 441.353 2284.66 52.1973 151.276 129.874 2569.91 1053.72 845.672 208.051 1516.19 1262.81
internal_count=104434 80703 769 79934 37588 15665 6778 8887 21923 4403 17520 23731 345 810 42346 31580 292 31288 22921 3906 10766 261 1117 1012 19015 5003 4023 980 14012 11550
is_linear=0
shrinkage=0.05


Tree=137
num_leaves=31
num_cat=0
split_feature=36 9 2 9 1 9 2 30 6 22 35 12 6 30 31 1 12 31 35 0 30 36 30 2 27 2 35 6 35 30
split_gain=10.7181 12.7641 13.6698 10.0548 11.8414 9.03646 8.85246 8.59955 8.44898 9.36058 8.02308 8.40306 7.8819 7.54469 7.53478 7.7136 7.43979 10.4256 7.24289 7.14033 6.79025 6.78979 16.2239 10.4207 6.71158 6.22853 6.02104 5.39067 5.29615 5.03396
threshold=0.70833333333333337 75.050000000000011 51.750000000000007 41.650000000000013 50.95000000000001 48.350000000000001 49.650000000000013 477.00000000000006 70.65000000000002 1.0000000180025095e-35 26.750000000000011 50.600000000000009 59.750000000000007 433.00000000000006 -2.4999999999999996 57.95000000000001 68.450000000000017 33.000000000000007 33.400000000000013 48.650000000000013 479.00000000000006 0.22500000000000003 507.00000000000006 49.350000000000001 7.5000000000000009 61.650000000000013 9.2500000000000036 71.850000000000009 7.1000000000000014 457.00000000000006
decision_type=10 2 2 2 2 2 2 2 2 2 10 2 2 2 8 2 2 8 10 2 2 10 2 2 2 2 8 2 10 2
left_child=3 2 6 4 29 7 8 -4 19 -10 13 18 -8 14 24 -16 26 -18 -12 -2 25 23 -23 -13 -5 -7 -15 -6 -22 -1
right_child=1 -3 5 10 27 20 12 -9 9 -11 11 21 -14 16 15 -17 17 -19 -20 -21 28 22 -24 -25 -26 -27 -28 -29 -30 -31
leaf_value=-0.026850799357386296 -0.035903313249835402 0.032344716422420934 0.04290004910383758 -0.01317669773130753 -0.051366511151032294 -0.010243818758231805 -0.0014268756845342168 -0.0011493063796598581 -0.018100004940525428 0.022807172299083758 -0.033226997200823123 0.03777850079049918 -0.030206317631777169 -0.0038485721054138779 -0.0027698126898159782 0.012435374244764826 0.0022125532508005001 -0.014429245567726182 0.006988339264758967 -0.006472797396336028 0.011552503481412636 -0.0018151912264429905 0.027706246890376179 0.0095410772773374449 0.0077860459054751932 0.013299654834051872 0.00024509059459356021 -0.015202506998556185 -0.0018467339038616708 0.014403341714498114
leaf_weight=9.957639614120124 29.711853994987905 22.954762376844883 21.195384718477726 266.33844921272248 23.274671467021108 333.41034998651594 31.112255664542317 22.640405565500259 21.493218706920743 39.223517058417201 24.205038629472256 38.75325889326632 106.53357872366905 1130.1113479854539 731.96746590081602 93.978064310736954 5927.9167795712128 95.457579678855836 20.392297241836786 68.864263765513897 92.974064199253917 281.68964096251875 55.597515964880586 213.40164907369763 44.186852911487222 30.412976451218128 4367.6730129178613 19.515589743852615 353.83205631934106 27.558960128575563
leaf_count=117 387 155 185 2671 204 2576 300 198 213 460 205 321 991 7235 7117 520 39482 1044 172 810 492 2008 388 1512 426 167 31036 196 2552 294
internal_value=0.00011575 -0.00446343 -0.00520433 0.000518309 -0.0171074 -0.00198528 -0.0144468 0.0200847 -0.0063724 0.00823821 0.000625306 0.00611403 -0.0237433 0.000349927 -0.00353586 -0.00103238 0.00073369 0.00194775 -0.014752 -0.0154215 -0.00318724 0.00770347 0.00304299 0.0139139 -0.0101761 -0.0082589 -0.000595538 -0.0350635 0.000932232 0.00327849
internal_weight=14546.3 1174.36 1151.4 13372 80.3069 854.465 296.939 43.8358 159.293 60.7167 13291.7 634.039 137.646 12657.6 1136.47 825.946 11521.2 6023.37 44.5973 98.5761 810.629 589.442 337.287 252.155 310.525 363.823 5497.78 42.7903 446.806 37.5166
internal_count=104434 9486 9331 94948 811 6170 3161 383 1870 673 94137 4606 1291 89531 10734 7637 78797 40526 377 1197 5787 4229 2396 1833 3097 2743 38271 400 3044 411
is_linear=0
shrinkage=0.05


Tree=138
num_leaves=31
num_cat=0
split_feature=3 27 9 17 8 33 0 0 16 35 37 6 37 33 2 33 2 18 13 8 28 35 28 35 8 3 3 8 5 5
split_gain=11.9367 13.2459 8.53629 7.88694 7.82499 14.2344 11.036 7.88129 7.55044 7.36614 7.14132 9.43882 9.01639 9.98531 8.4281 9.12656 8.22563 6.38005 7.63257 10.8246 9.54496 6.30647 6.18916 8.71773 6.67529 6.1502 9.56573 6.17067 6.0409 5.38929
threshold=43.650000000000013 7.5000000000000009 42.550000000000004 1175.0000000000002 50.050000000000004 48.750000000000007 57.45000000000001 50.050000000000004 49.550000000000004 26.600000000000005 79.36142857142859 78.450000000000017 74.931142857142859 63.650000000000013 49.750000000000007 51.250000000000007 60.850000000000001 10.500000000000002 55.150000000000013 70.850000000000009 3.5000000000000004 28.400000000000006 5.5000000000000009 2.600000000000001 34.050000000000004 39.750000000000007 42.350000000000001 55.550000000000004 50.95000000000001 69.15000000000002
decision_type=2 2 2 2 2 2 2 2 2 8 2 2 2 2 2 2 2 2 2 2 2 8 2 10 2 2 2 2 2 2
left_child=3 10 -3 9 6 28 7 -4 25 -1 11 12 16 -14 -13 -16 -2 18 19 -10 -20 -8 24 -24 -19 27 -27 -5 -6 -12
right_child=1 2 4 8 5 -7 21 -9 17 -11 29 14 13 -15 15 -17 -18 22 20 -21 -22 -23 23 -25 -26 26 -28 -29 -30 -31
leaf_value=-0.026423154101782531 -0.00063660020997447246 -0.029624449646992759 0.0071735805089459259 0.044088560809062372 -0.021435277844842282 0.0056307354928478368 -0.0132375655739192 0.019127062378613117 0.0031686393184114448 5.2917291691613112e-05 -0.0058907992318446584 -0.0033154996171478046 0.015439925765423378 -0.0070853258151127741 0.018340713637366605 0.0048860507110672288 0.0058122534386569787 0.0036725668971404808 -0.00043844168321881982 0.029373784056406151 -0.035962063344521553 0.017541874250502517 -0.051394064436826016 -0.0093625096223737669 -0.0039636016325597092 -0.022353381557969672 0.024057937187817704 0.0031377511666811578 0.002789342254466959 0.01823727372125834
leaf_weight=65.505472498945892 7763.4431158564985 16.85261320695281 310.06933008879423 22.561562143266201 79.533477463759482 526.27170025184751 71.272899081930518 251.38897243887186 273.21021344605833 43.188858179375529 596.82734888605773 217.85112509224564 183.42886978201568 66.806332312524319 162.2917506089434 572.38057273998857 527.94957218505442 333.67820320464671 87.289356211200356 46.095187652856112 24.145314386114478 21.500174172222614 13.352317037992178 161.22814701218158 1984.1250452552922 22.958124727010727 21.311760816723108 15.978577952831982 37.486339579336345 23.889296598732471
leaf_count=459 53528 151 2515 179 1119 2667 427 1591 1684 351 7122 1632 2153 299 1539 2685 2691 2951 498 270 127 133 117 1753 14914 164 155 109 334 117
internal_value=0.000109294 0.000857394 0.00557933 -0.00263422 0.00604267 0.0021165 0.00989464 0.012537 -0.00215356 -0.0158668 0.000243259 0.000583452 5.63708e-05 0.00940586 0.00530423 0.00786713 -0.000225305 -0.00257693 0.00303528 0.0069753 -0.00820576 -0.00603938 -0.00354893 -0.0126334 -0.00286201 0.0127157 0 0.027292 -0.0136367 -0.00495135
internal_weight=14543.9 11429.2 1314.38 3114.63 1297.52 643.292 654.231 561.458 3005.93 108.694 10114.9 9494.15 8541.63 250.235 952.523 734.672 8291.39 2923.12 430.74 319.305 111.435 92.7731 2492.38 174.58 2317.8 82.81 44.2699 38.5401 117.02 620.717
internal_count=104434 80703 8937 23731 8786 4120 4666 4106 22921 810 71766 64527 58671 2452 5856 4224 56219 22314 2579 1954 625 560 19735 1870 17865 607 319 288 1453 7239
is_linear=0
shrinkage=0.05


Tree=139
num_leaves=31
num_cat=0
split_feature=7 36 2 33 2 6 12 7 8 8 35 31 7 12 35 7 1 8 1 8 7 6 18 2 6 13 7 7 8 35
split_gain=12.7221 9.67932 11.2183 12.9068 8.38399 8.9692 10.5435 8.69145 8.09687 10.9143 8.56501 11.4055 8.70818 8.02523 10.5229 9.91999 7.64456 10.7279 9.60416 7.48863 10.3935 7.47076 7.28773 8.01676 6.67622 6.59997 6.55325 6.53145 5.46449 5.45256
threshold=35.45000000000001 0.70833333333333337 51.750000000000007 71.250000000000014 49.650000000000013 68.950000000000017 84.450000000000017 56.350000000000001 42.050000000000004 42.95000000000001 8.6000000000000032 -5.4999999999999991 50.750000000000007 69.250000000000014 38.750000000000014 55.050000000000004 50.050000000000004 48.95000000000001 52.750000000000007 24.350000000000005 55.250000000000007 59.750000000000007 10.500000000000002 42.850000000000001 68.950000000000017 47.650000000000013 50.650000000000013 38.050000000000004 46.550000000000004 7.1000000000000014
decision_type=2 10 2 2 2 2 2 2 2 2 8 8 2 2 8 2 2 2 2 2 2 2 2 2 2 2 2 2 2 10
left_child=16 8 4 19 5 7 -7 -3 13 -10 12 -12 -11 22 27 -16 28 -18 -19 20 -4 25 26 -24 -5 -6 -2 -15 -1 -21
right_child=1 2 3 24 21 6 -8 -9 9 10 11 -13 -14 14 15 -17 17 18 -20 29 -22 -23 23 -25 -26 -27 -28 -29 -30 -31
leaf_value=-0.0027033952886986656 0.020534196163420976 -0.02357177125904554 0.034252205412366642 -0.0077014922781928306 0.027720519956754452 -0.01694086618047436 0.020103671550013441 0.026612694977316179 -0.014436120348608264 0.00010168235622359113 -0.0040941983047099997 0.0017010229900067319 -0.0058535745930205687 0.032358521610186791 -0.0067963143623855984 0.010220495583068125 -0.03756013720315636 0.049199504813119466 -0.007277498484434178 0.0079678775908792465 -0.016592997222185196 -0.027908910743983436 0.016953727613205412 -0.0030337671880963269 -0.04324926072226077 -0.019026596318322958 -0.0017580477547653704 0.0063312520604973561 -0.046416343792012177 -0.0029133913175317821
leaf_weight=9.8574985228478891 73.057995880022645 66.498465220443904 34.203001990914345 27.767900466918945 12.609308313578369 29.912938762456179 52.903329282067716 9.7375253159552795 130.44949999731034 1449.8960208296776 974.02993639884517 6593.1726740505546 1062.4232300445437 24.50995119009167 310.98731537908316 117.94284321460873 17.790560191497207 10.723090237006543 24.320182862691581 140.74139857292175 13.995364699512718 106.21047922223806 52.833220851607621 942.65017462149262 25.914930418133736 18.500948978587985 59.285656405612826 1491.9977209414355 28.701143774203956 628.20224972441792
leaf_count=176 507 835 338 118 137 349 585 92 894 9373 7677 46375 5821 219 2924 781 178 150 216 797 117 1000 568 7486 110 162 332 10837 491 4789
internal_value=0.000103382 0.0002214 -0.00414333 -0.00127676 -0.012546 -0.00468686 0.00665872 -0.0170698 0.000605333 -7.14707e-05 0.000114082 0.000954373 -0.00241485 0.00285536 0.00480093 -0.00210426 -0.018482 -0.00599237 0.00995277 0.000278725 0.019381 -0.0216024 -0.000496336 -0.00196635 -0.0250033 0 0.0105165 0.00675731 -0.0354064 -0.000914491
internal_weight=14541.8 14450.4 1167.2 870.825 296.373 159.052 82.8163 76.236 13283.2 10210 10079.5 7567.2 2512.32 3073.26 1945.44 428.93 91.3925 52.8338 35.0433 817.142 48.1984 137.321 1127.83 995.483 53.6828 31.1103 132.344 1516.51 38.5586 768.944
internal_count=104434 103223 9429 6269 3160 1861 934 927 93794 70140 69246 54052 15194 23654 14761 3705 1211 544 366 6041 455 1299 8893 8054 228 299 839 11056 667 5586
is_linear=0
shrinkage=0.05


Tree=140
num_leaves=31
num_cat=0
split_feature=3 28 32 13 26 33 1 33 27 35 35 21 32 14 32 3 8 18 18 8 13 32 12 31 35 8 1 6 1 27
split_gain=8.86568 9.29446 10.0655 8.75598 8.3959 11.2864 7.91858 7.77105 7.6695 7.78636 7.63801 8.36553 11.6049 8.20598 7.30388 6.82734 6.70056 6.03116 10.7342 7.75367 6.06675 11.9117 6.75861 11.9316 11.0334 7.83233 8.90938 6.43146 6.22496 5.51045
threshold=55.150000000000013 4.5000000000000009 43.150000000000013 40.650000000000013 1.0000000180025095e-35 50.850000000000001 58.750000000000007 54.45000000000001 3.5000000000000004 1.7500000000000007 1.7500000000000007 1.0000000180025095e-35 58.750000000000007 54.750000000000007 56.250000000000007 37.350000000000001 66.750000000000014 8.5000000000000018 7.5000000000000009 53.45000000000001 66.050000000000011 62.550000000000004 96.450000000000017 -12.499999999999998 10.100000000000003 86.050000000000011 51.750000000000007 61.850000000000001 52.250000000000007 3.5000000000000004
decision_type=2 2 2 2 2 2 2 2 2 8 10 2 2 2 2 2 2 2 2 2 2 2 2 10 8 2 2 2 2 2
left_child=1 3 16 -1 8 6 -6 -7 9 -5 13 14 -13 -4 -12 -10 -3 18 19 -2 22 27 25 -24 -25 29 -27 -22 -23 -19
right_child=17 2 10 4 5 7 -8 -9 15 -11 11 12 -14 -15 -16 -17 -18 20 -20 -21 21 28 23 24 -26 26 -28 -29 -30 -31
leaf_value=-0.011334866024741534 -0.016270550590146989 -0.012793840100454971 0.0022284935245995958 0.010101249455382016 -0.0024494700427072969 -0.042020676894943432 0.032417265801083221 -0.011637502147502008 -0.0083915159127318697 -0.0025229775260601946 0.00032913158341487726 -0.014078857306940532 0.011625570480650585 0.033112933875566679 -0.0071520291139849706 0.0017307712926805969 -0.045944408631075094 0.0035584294808878483 0.022246236969190578 0.020854854979771964 0.015454848741435261 -0.018775815267612472 -0.034549109201970976 -0.00092601075856274789 0.0095149097145500738 -0.040603122104834556 -0.0028602322650985719 0.065775545690353751 0.016774620211736299 -0.0014618683184592462
leaf_weight=170.53561589401215 43.376679379492998 104.43666541110724 104.26706514693797 128.40509200468659 66.861733093857765 24.549858719110489 21.335998326539993 153.662327863276 171.5846209730953 2420.0641467086971 450.84573667310178 58.633555497974157 172.73670033365488 27.146588429808617 1168.623864158988 5456.654311507009 18.005651408806443 837.96205859910697 94.315455263480544 20.624107420444489 12.23501815646887 21.902918376028538 19.009402270428836 423.9125710092485 624.56405873876065 25.012077437713742 42.325325238518417 14.044596929103134 27.819837465882301 1570.631910149008
leaf_count=1532 255 2062 601 659 654 152 172 735 1312 17824 5284 501 863 160 7673 37826 351 5850 511 111 97 106 162 2514 4398 221 231 139 126 11017
internal_value=-0.000115059 -0.00084948 -0.00382811 -0.000121054 0.000104984 -0.00862759 0.00595571 -0.0158722 0.000390218 -0.00188457 -0.00296522 -0.00379424 0.00508672 0.00866675 -0.00506636 0.00142115 -0.0177431 0.00196732 0.0115215 -0.0042151 0.00154772 0.0155215 0.00124616 0.00457178 0.00528906 -0.000185779 -0.0169932 0.0426846 0.00100801 0.000282718
internal_weight=14496.1 10718.3 2104.7 8613.65 8443.12 266.41 88.1977 178.212 8176.71 2548.47 1982.25 1850.84 231.37 131.414 1619.47 5628.24 122.442 3777.74 158.316 64.0008 3619.42 76.0024 3543.42 1067.49 1048.48 2475.93 67.3374 26.2796 49.7228 2408.59
internal_count=104099 78361 17495 60866 59334 1713 826 887 57621 18483 15082 14321 1364 761 12957 39138 2413 25738 877 366 24861 468 24393 7074 6912 17319 452 236 232 16867
is_linear=0
shrinkage=0.05


Tree=141
num_leaves=25
num_cat=0
split_feature=30 7 17 7 2 33 32 17 1 14 8 28 6 32 7 35 37 14 31 31 1 1 31 17
split_gain=8.76548 8.25902 7.83284 7.77097 7.51867 12.0292 7.40997 8.75207 19.9523 8.21996 11.7112 7.94714 7.756 6.94503 6.11275 5.4969 5.29035 6.7606 4.92623 4.72849 6.07389 10.4946 4.68954 0.283288
threshold=541.00000000000011 74.65000000000002 1750.0000000000002 33.95000000000001 60.050000000000004 47.150000000000013 41.650000000000013 2450.0000000000005 44.350000000000001 29.850000000000005 19.650000000000002 6.5000000000000009 65.750000000000014 71.450000000000017 51.45000000000001 11.250000000000005 62.375642857142864 49.750000000000007 1.0000000180025095e-35 2.5000000000000004 52.750000000000007 49.95000000000001 1.0000000180025095e-35 1450.0000000000002
decision_type=2 2 2 2 2 2 2 2 2 2 2 2 2 2 2 10 2 2 8 8 2 2 8 2
left_child=1 3 4 19 5 15 9 11 -9 10 -5 -8 -11 16 -7 -2 18 -18 -4 20 21 -1 -3 -21
right_child=2 22 13 6 -6 14 7 8 -10 12 -12 -13 -14 -15 -16 -17 17 -19 -20 23 -22 -23 -24 -25
leaf_value=-0.024113850319751731 0.061361621063932482 0.0035971874760558683 -0.046231455628196833 0.02262527638865509 0.028795742735660535 -0.033312271408572902 7.6703978801282444e-05 -0.025118866705827077 0.0079720384300282152 -0.0090847958541529893 -0.026339266512007395 -0.0098687016008543772 0.0068175409567836189 -0.046786522346491111 0 0.0020000780927874927 0.030805030234497644 -0.017331121473103717 -0.011660231858953238 -0.032500270291123505 -0.032134907219718047 0.062820881514042901 0.031478331707658617 -0.051744858199442384
leaf_weight=7.6676609590649623 7.5174024887382975 29.214805852621794 16.547840377315879 14.10143037419766 17.714822638779879 30.908444747328758 12883.263354836963 48.817712327465415 651.99870298244059 189.17884705262259 83.86375607829541 203.93891625478864 128.49882800364867 20.396246403455734 24.548705544322729 8.3768819533288461 12.35345172788948 17.444359894841909 28.764602497220039 6.1347064962610593 14.026478054001926 6.1235018279403448 32.164288565516472 8.5492556327953917
leaf_count=152 119 147 112 270 88 182 86948 392 3874 3530 1806 2163 2958 90 125 104 96 160 198 103 111 75 158 138
internal_value=-0.000109865 2.94904e-05 -0.0109335 -4.90753e-05 -0.000207726 -0.00750878 1.45271e-05 0.000213184 0.00565659 -0.0065619 -0.0192243 -7.79682e-05 -0.00263653 -0.0208731 -0.0185554 0.0305966 -0.013717 0.00249401 -0.0244695 -0.021372 -0.00896549 0.014301 0.0183164 -0.0443172
internal_weight=14492.1 14307.5 184.573 14246.2 89.0663 71.3514 14203.7 13788 700.816 415.643 97.9652 13087.2 317.678 95.5065 55.4572 15.8943 75.1103 29.7978 45.3124 42.5016 27.8176 13.7912 61.3791 14.684
internal_count=104099 102825 1274 102520 618 530 101941 93377 4266 8564 2076 89111 6488 656 307 223 566 256 310 579 338 227 305 241
is_linear=0
shrinkage=0.05


Tree=142
num_leaves=31
num_cat=0
split_feature=3 18 27 35 13 15 32 4 7 2 30 10 15 0 31 4 37 6 28 27 33 9 9 32 4 31 32 13 35 9
split_gain=8.26962 12.3639 11.022 10.4203 10.1471 9.74201 9.43584 8.96385 8.65701 8.29927 8.0997 9.65348 8.02016 11.6085 8.00487 9.31982 7.97394 7.49687 7.28903 7.04391 10.2709 6.72453 6.68974 6.56973 11.7692 7.13592 6.38559 6.63937 6.28387 13.7366
threshold=42.95000000000001 10.500000000000002 7.5000000000000009 34.250000000000014 55.350000000000001 43.550000000000004 53.050000000000004 95.350000000000009 36.350000000000001 54.250000000000007 431.00000000000006 65.000000000000014 49.250000000000007 53.050000000000004 4.5000000000000009 59.850000000000001 52.231142857142864 63.750000000000007 6.5000000000000009 6.5000000000000009 43.750000000000007 50.550000000000004 42.45000000000001 29.750000000000004 42.150000000000013 2.5000000000000004 42.050000000000004 62.750000000000007 4.6000000000000014 51.750000000000007
decision_type=2 2 2 10 2 2 2 2 2 2 2 2 2 2 8 2 2 2 2 2 2 2 2 2 2 8 2 2 8 2
left_child=1 4 8 18 6 -5 12 22 14 -8 11 -10 21 -14 15 -2 -9 -13 26 -7 -21 -1 -4 24 -12 -25 -3 -28 29 -24
right_child=2 3 7 5 -6 19 9 16 10 -11 23 17 13 -15 -16 -17 -18 -19 -20 20 -22 -23 28 25 -26 -27 27 -29 -30 -31
leaf_value=-0.051866004420327821 0.027496474928515886 -0.019877301874257465 -0.0272983859817887 0.056671067046330383 -0.0087358534822989508 -0.013828728672865529 0.022131955068580622 -0.0069751667853092782 -0.0062951279130509146 0.002740232736648258 -0.036041469199145894 0.038227412716432992 0.028574212876689938 -0.022553659016199733 -0.036972474939601319 -0.015418183513291224 0.026683089135896398 -0.0016201861065433686 -0.023669401713778713 0.057938705437007611 -0.0027161227823388114 -0.0022170402748130824 -0.00013931322874468651 0.0014362971980041227 0.040752452701827216 -0.0013813909703713312 -0.0043470790737417933 0.0095284082181717415 0.0053954890324366643 -0.046973956795427832
leaf_weight=13.654724154621364 16.201913870871067 63.263649029657245 17.221734004095197 11.821892149746416 96.136795285157859 23.309766240417957 144.96182922646403 22.425402611494064 727.02654651086777 90.119046330451965 6.2200258737430003 22.050057638436556 26.330162797123194 18.968007968738675 28.726822617463768 55.817791346460581 77.547825943678617 24.763664316385984 49.340898650698364 12.039658460766079 16.053219705820084 13.982568530365823 162.65157644450665 5951.3738070987165 22.909329992718995 3608.6581213101745 1976.2470117388293 89.840316297486424 1082.2254577856511 17.249757858924568
leaf_count=150 247 1523 158 105 544 234 753 105 7066 426 181 105 252 141 408 576 381 120 579 149 92 150 937 40383 489 24894 14517 608 7729 97
internal_value=-0.000104832 -0.00263216 0.000459438 -0.00408458 0.00541135 0.0158924 0.00984455 0.00466059 -9.39158e-05 0.0147237 4.74746e-05 -0.00487234 -0.00581165 0.00705244 -0.0146728 -0.00566982 0.0190837 0.0170836 -0.0046673 0.00632501 0.0232144 -0.0270259 0.00352821 0.000445069 0.0241163 0.000372168 -0.00422355 -0.00374088 0.00395493 -0.00468141
internal_weight=14489.1 2646.07 11843.1 2241.92 404.153 63.2245 308.016 1379.32 10463.7 235.081 10363 773.84 72.9355 45.2982 100.747 72.0197 99.9732 46.8137 2178.69 51.4026 28.0929 27.6373 1279.35 9589.16 29.1294 9560.03 2129.35 2066.09 1262.13 179.901
internal_count=104099 20223 83876 17807 2416 580 1872 9407 74469 1179 73238 7291 693 393 1231 823 486 225 17227 475 241 300 8921 65947 670 65277 16648 15125 8763 1034
is_linear=0
shrinkage=0.05


Tree=143
num_leaves=31
num_cat=0
split_feature=3 0 28 13 37 1 26 33 0 27 13 33 18 21 8 1 6 0 17 13 0 13 12 27 3 15 12 18 37 31
split_gain=7.78722 8.63367 8.32026 7.97942 8.04964 7.97375 7.66892 10.232 7.33782 8.47696 7.2986 7.2784 7.2759 7.07103 7.18769 6.98851 6.73859 6.72128 6.54994 6.47713 9.58696 8.15386 9.79586 10.1757 7.57987 7.41458 6.3951 6.33819 6.22522 6.15147
threshold=55.150000000000013 46.050000000000004 4.5000000000000009 40.650000000000013 71.753071428571445 43.350000000000001 1.0000000180025095e-35 50.850000000000001 49.650000000000013 5.5000000000000009 42.050000000000004 54.45000000000001 8.5000000000000018 1.0000000180025095e-35 24.850000000000005 58.750000000000007 70.65000000000002 46.550000000000004 1250.0000000000002 44.150000000000013 44.050000000000004 51.850000000000001 90.350000000000009 3.5000000000000004 59.150000000000013 52.550000000000004 50.600000000000009 7.5000000000000009 57.163000000000004 -1.0000000180025095e-35
decision_type=2 2 2 2 2 2 2 2 2 2 2 2 2 2 2 2 2 2 2 2 2 2 2 2 2 2 2 2 2 10
left_child=2 19 3 4 18 -4 8 15 16 -10 -7 -9 27 14 -12 -8 -5 28 -1 20 24 -21 25 -24 -2 -23 -15 -3 -14 -20
right_child=1 12 5 6 -6 10 7 11 9 -11 13 -13 17 26 -16 -17 -18 -19 29 21 -22 22 23 -25 -26 -27 -28 -29 -30 -31
leaf_value=-0.025644230994147948 0.063245132588297573 0.0005029754372040269 -0.016173609481155014 3.7087887664756768e-05 -0.038011002148540675 -0.030079908101068489 -0.0023703342137666897 -0.040822079598754377 -0.00040057289684813067 0.0034184533265843595 0.0076562733009578809 -0.011113124647586379 0.038225578517997905 -0.0041039001258666849 -0.0045721240656340922 0.030140161389358169 -0.0055711930922882 0.0019206837080762238 -0.01426807656621717 -0.018900498107272033 -0.019908341499749533 -0.013274923083556659 0.04790289210734567 0.000781669649242261 0.00090751641752090926 0.0040006412982962498 0.012363888740671299 0.022271560618721514 0.0040440407949457642 0.0094181069987872377
leaf_weight=33.903887328691781 11.8077441174537 55.332225870341063 119.24609031714499 1473.6409217803739 23.452701828442514 24.245347341522574 66.781146980822086 23.983906481415033 3205.6416176678613 2654.5156200518832 129.66786696668714 153.18724408745766 24.60728420317173 100.60615438316017 1582.4893843568861 21.768612651154399 839.77396121388301 3145.0040734549984 47.338501928374171 99.271786488592625 11.110088618472217 154.64608328044415 17.897259766235948 32.14916561730206 8.5427732169628126 103.09816435910761 140.99077839590609 86.311294559389353 29.762356804683805 64.772867244668305
leaf_count=306 147 301 1565 13966 306 268 654 152 19856 16072 1246 735 170 582 12991 172 7727 20026 391 1162 105 1694 169 322 102 847 843 448 245 529
internal_value=-0.000100297 0.00185042 -0.000789435 -0.000100838 -0.0108401 -0.00361346 0.00011435 -0.00824263 0.000386742 0.00132853 -0.00285295 -0.0151838 0.00271716 -0.00251099 -0.00364271 0.00559046 -0.00199672 0.0022241 -0.00641877 -0.00474087 0.0170395 -0.00644026 -0.00240038 0.0177945 0.0374538 -0.0063464 0.0054868 0.0138094 0.0196479 -0.000542517
internal_weight=14485.5 3779.54 10706 8608.76 169.468 2097.25 8439.29 265.721 8173.57 5860.16 1978 177.171 3341.02 1953.75 1712.16 88.5498 2313.41 3199.37 146.015 438.523 31.4606 407.062 307.791 50.0464 20.3505 257.744 241.597 141.644 54.3696 112.111
internal_count=104099 25738 78361 60866 1532 17495 59334 1713 57621 35928 15930 887 21190 15662 14237 826 21693 20441 1226 4548 354 4194 3032 491 249 2541 1425 749 415 920
is_linear=0
shrinkage=0.05


Tree=144
num_leaves=31
num_cat=0
split_feature=30 3 32 9 32 32 2 4 29 32 28 35 4 30 3 12 2 32 33 35 30 5 33 5 32 35 12 27 5 30
split_gain=7.9071 7.69016 10.0943 9.76311 8.03582 10.1011 8.35158 7.60344 10.0259 12.854 7.63474 7.45398 10.1644 7.47435 8.55567 7.02407 9.28032 8.05883 7.04904 6.52964 6.49736 5.88141 5.87606 5.64789 5.45219 5.06996 4.39601 3.87228 3.44411 3.16798
threshold=541.00000000000011 58.550000000000004 84.350000000000009 50.850000000000001 80.350000000000009 75.65000000000002 49.650000000000013 42.45000000000001 58.750000000000007 50.250000000000007 4.5000000000000009 24.250000000000011 65.550000000000011 463.00000000000006 59.050000000000004 75.350000000000009 60.050000000000004 62.750000000000007 54.650000000000013 6.1000000000000014 515.00000000000011 73.450000000000017 64.850000000000009 53.850000000000001 36.550000000000004 20.600000000000005 60.350000000000001 5.5000000000000009 58.650000000000013 473.00000000000006
decision_type=2 2 2 2 2 2 2 2 2 2 2 10 2 2 2 2 2 2 2 10 2 2 2 2 2 8 2 2 2 2
left_child=1 2 7 4 5 6 -3 21 10 -10 -9 13 -13 14 -5 17 18 26 25 -20 -15 24 -4 -24 -1 -17 -2 -19 -7 -25
right_child=15 3 22 11 -6 28 -8 8 9 -11 -12 12 -14 20 -16 16 -18 27 19 -21 -22 -23 23 29 -26 -27 -28 -29 -30 -31
leaf_value=-0.025887729357477199 0.011491233229087554 -0.0025059443839823186 -0.0074457133237484652 0.033312406612177492 -0.016043491375450029 0.031506459757882653 0.0068107667696546692 0.00015910814175969525 -0.023290043165600665 0.01179499694178301 -0.0032891609003204711 0.047141149980457125 -0.0040445481783988801 -0.013583740763482847 -0.001354930352163324 0.030340760412427916 0.035089693003142096 -0.02053040518086939 5.3553616198219579e-05 -0.03709738172867879 0.0099127486147571123 0.027777657536173062 0.042297673299193053 0.027814052635279408 -0.0046710497247610299 -0.0085494712694221525 -0.023117737500263465 -0.048682059649846475 0.0113923742147529 0.0044570264126595482
leaf_weight=31.400877971202135 22.017789104022086 316.14664978347719 23.270444922149181 20.701210591010749 43.75307073071599 46.355538286268711 995.96201037336141 9117.8030795641243 28.543512221425772 286.60885061696172 1947.5392179684713 16.433959310874343 23.045833660289645 227.4659938858822 121.73732750955969 15.784519855864344 14.947751440107821 28.364047192037106 21.363145992159843 25.672767043113708 33.465314323082566 13.401897236704825 22.480414107441902 22.998219698667526 875.325977711007 17.37691936083138 15.514481420628725 23.074272263795137 41.500921338796616 40.977101102471352
leaf_count=916 229 2853 106 128 197 205 6408 61631 286 1523 16013 126 151 1412 836 160 71 136 103 127 210 64 97 106 9183 181 154 113 182 192
internal_value=-9.57659e-05 3.65086e-05 -0.000415272 0.00301096 0.00500442 0.0056669 0.00456212 -0.000550402 -0.000196452 0.00859509 -0.000447372 -0.00347624 0.0172011 -0.00551619 0.00366818 -0.0103887 -0.000886153 -0.0204822 -0.0076892 -0.0201535 -0.0105484 -0.00492225 0.0146743 0.0206877 -0.00541409 0.00984714 -0.00270541 -0.0333257 0.0220857 0.0129619
internal_weight=14481 14296.9 12410.3 1886.57 1443.72 1399.97 1312.11 12300.6 11380.5 315.152 11065.3 442.85 39.4798 403.37 142.439 184.116 95.1451 88.9706 80.1974 47.0359 260.931 920.129 109.726 86.4557 906.727 33.1614 37.5323 51.4383 87.8565 63.9753
internal_count=104099 102825 90117 12708 9845 9648 9261 89616 79453 1809 77644 2863 277 2586 964 1274 642 632 571 230 1622 10163 501 395 10099 341 383 249 387 298
is_linear=0
shrinkage=0.05


Tree=145
num_leaves=27
num_cat=0
split_feature=1 31 30 32 32 33 0 30 1 4 6 8 8 30 1 4 4 1 30 17 35 30 12 28 6 30
split_gain=11.5552 11.7791 10.4793 9.61171 10.7224 9.47874 8.19963 8.08978 7.71465 7.69896 7.3123 7.0673 6.39566 6.34773 6.11804 5.67308 5.54731 5.47545 6.54385 4.71868 5.39196 4.30974 4.2338 2.36651 2.34661 1.76747
threshold=63.550000000000004 2.5000000000000004 549.00000000000011 43.150000000000013 64.65000000000002 85.250000000000014 36.95000000000001 385.00000000000006 56.150000000000013 89.850000000000009 88.450000000000017 49.550000000000004 46.45000000000001 457.00000000000006 45.550000000000004 85.250000000000014 84.050000000000011 61.750000000000007 465.00000000000006 1250.0000000000002 16.250000000000007 477.00000000000006 79.15000000000002 3.5000000000000004 50.45000000000001 377.00000000000006
decision_type=2 10 2 2 2 2 2 2 2 2 2 2 2 2 2 2 2 2 2 2 8 2 2 2 2 2
left_child=1 2 5 11 6 7 14 25 -7 -9 -8 12 16 -2 -5 -15 -3 18 -6 20 -13 -19 24 -21 -4 -1
right_child=13 3 22 4 17 8 10 9 -10 -11 -12 19 -14 15 -16 -17 -18 21 -20 23 -22 -23 -24 -25 -26 -27
leaf_value=-0.015279145567991849 -0.0057447712543655799 -0.004795902490674589 -0.048446874618529256 -0.010624458568225427 -0.0098706280257329516 0.0024644163965466845 -0.00056464641310463061 -0.00033708378266359063 0.043532587947200781 0.00331278305431246 0.029245313628381005 -0.040674514745599931 0.039763144356021858 0.012347936004559731 0.039672261056445807 0.042511599826094496 -0.054206980565784241 0.027916993649418409 -0.0035229146084558628 -0.04200957426788262 0.017142258960171863 -0.0026920491081735744 -0.0052770614149831412 -0.021651960290583163 -0.020620341124723475 -0.048504967499558543
leaf_weight=8.0917541496455687 21.376817060634494 67.728791368193924 14.012062473222612 8.0743054291233438 593.24490434676409 23.402407348155975 1839.2780481614172 8539.6687727309763 22.810660637915134 1738.6606887094676 20.70178194809705 6.047344263643029 7.2600010838359585 36.859738428145647 22.037110661156476 27.922613974660635 6.1474272944033137 21.921418972313404 1300.4664663672447 31.434675632044673 11.556012214161454 23.478646911680698 25.491703229025006 29.629197597503662 19.09728432353586 9.4336565574631077
leaf_count=132 108 1347 90 174 2950 109 15761 64869 124 8855 161 101 132 180 316 135 90 101 6206 741 238 109 169 544 147 146
internal_value=-0.000572475 -0.000682179 0.000203314 -0.00299215 -0.00248897 0.000323356 0.000188414 0.000221342 0.0228938 0.00027986 -0.000228616 -0.0150089 -0.00457059 0.017671 0.0260293 0.0254717 -0.00904283 -0.00510113 -0.00551453 -0.0256919 -0.00255488 0.0120065 -0.0208614 -0.032265 -0.0326577 -0.0336215
internal_weight=14475.8 14389.7 10400.7 3989.01 3829.2 10342.1 1890.09 10295.9 46.2131 10278.3 1859.98 159.803 81.1362 86.1592 30.1114 64.7824 73.8762 1939.11 1893.71 78.6672 17.6034 45.4001 58.6011 61.0639 33.1093 17.5254
internal_count=104035 103612 74641 28971 25778 74235 16412 74002 233 73724 15922 3193 1569 423 490 315 1437 9366 9156 1624 339 210 406 1285 237 278
is_linear=0
shrinkage=0.05


Tree=146
num_leaves=29
num_cat=0
split_feature=1 31 7 15 4 2 32 30 32 13 32 32 30 30 6 3 13 36 30 4 4 31 4 17 15 3 31 7
split_gain=10.4232 10.649 9.58778 10.2356 9.80405 10.0662 9.61016 9.55915 8.44369 8.74928 7.97724 12.2841 9.71372 7.47889 7.38482 7.35486 7.13167 6.10667 5.72148 5.66983 5.09841 4.84467 4.80419 4.52866 4.508 3.80108 3.66779 2.73757
threshold=63.550000000000004 2.5000000000000004 50.050000000000004 40.050000000000004 75.250000000000014 58.750000000000007 54.650000000000013 549.00000000000011 84.350000000000009 55.850000000000001 43.150000000000013 49.650000000000013 443.00000000000006 385.00000000000006 75.950000000000017 55.95000000000001 76.850000000000009 0.55000000000000016 457.00000000000006 84.65000000000002 85.250000000000014 9.5000000000000018 49.95000000000001 1250.0000000000002 50.350000000000001 47.150000000000013 -8.4999999999999982 49.150000000000013
decision_type=2 10 2 2 2 2 2 2 2 2 2 2 2 2 2 2 2 8 2 2 2 10 2 2 2 2 10 2
left_child=1 7 3 6 5 -5 22 8 13 17 21 12 -12 25 -13 -6 -15 -10 -2 -8 -20 23 -3 -4 -23 -1 -9 -28
right_child=18 2 10 4 15 -7 19 26 9 -11 11 14 -14 16 -16 -17 -18 -19 20 -21 -22 24 -24 -25 -26 -27 27 -29
leaf_value=0 -0.0054644052901245948 -0.043447319780626423 0.0094682069222588143 -0.0052175775152334255 -0.014026502345135541 0.011117054221744537 0.0041786228327330976 -0.040953019175460459 0.022956533693722136 0.042088371754416792 0.055482435570882997 -0.0023645640351054468 0.010685618796287539 0.0001398323173638225 0.0055937940219914044 -0.0013625185078358459 0.019938757110187805 -0.00731222511977572 0.011719980903690967 0.023937574713144023 0.040305654632370902 0.025509437259391299 -0.0057835004642511102 -0.034426332944530923 -0.016851521137856595 -0.04981252809325587 -0.027274560802089315 -0.0013577120074185762
leaf_weight=5.9483752856031087 21.355619730427861 11.973583199083803 6.7631960203871122 960.00282586645335 534.57687474321574 104.33088613860309 129.5940804798156 15.454228125512598 30.150382243096828 23.050836160778999 13.906643968075512 1476.8137385686859 94.310549706220627 10188.415084121283 362.88276957161725 147.11724239587784 45.592720117419958 36.679584383964539 36.897306803613901 50.852429822087288 27.982128318399191 10.291686235927047 29.839432741515338 36.234813216142356 15.774004315957425 11.172682643868027 17.630450283177197 25.009292585775256
leaf_count=106 108 184 105 9146 3681 652 804 109 135 107 184 8423 1031 73273 2134 979 276 166 180 259 135 188 364 613 224 172 131 166
internal_value=-0.000544459 -0.000648751 -0.0028464 -0.00532912 -0.00661674 -0.00361079 0.00476211 0.000192996 0.000307189 0.0155576 -0.000420983 0.000168968 0.0165344 0.000172837 -0.00079183 -0.0113014 0.000228719 0.00628274 0.0167746 0.00978485 0.0241688 -0.0171088 -0.0167661 -0.0274002 0 -0.0327477 -0.0200137 -0.0122294
internal_weight=14470.6 14384.4 3985.26 1968.29 1746.03 1064.33 222.26 10399.1 10341 89.8808 2016.98 1947.91 108.217 10251.1 1839.7 681.694 10234 66.83 86.2351 180.447 64.8794 69.0637 41.813 42.998 26.0657 17.1211 58.094 42.6397
internal_count=104035 103612 28971 16069 14458 9798 1611 74641 74235 408 12902 11772 1215 73827 10557 4660 73549 301 423 1063 315 1130 548 718 412 278 406 297
is_linear=0
shrinkage=0.05


Tree=147
num_leaves=31
num_cat=0
split_feature=1 31 4 11 1 0 36 32 32 13 35 0 0 13 35 8 8 13 0 5 5 1 30 8 1 14 8 12 0 30
split_gain=9.5156 9.56196 9.35087 10.008 8.90856 12.2743 8.78433 8.50343 9.42566 8.61238 7.43377 8.97382 7.24451 7.62785 6.23187 14.4582 11.7938 6.8416 6.26449 6.59128 6.36365 5.87482 5.91434 5.44716 5.31204 4.85714 6.34692 5.39637 4.66653 4.2318
threshold=64.450000000000017 2.5000000000000004 89.850000000000009 49.900000000000006 59.550000000000004 56.95000000000001 0.36666666666666675 43.150000000000013 64.65000000000002 50.650000000000013 25.250000000000007 54.250000000000007 36.95000000000001 56.750000000000007 27.600000000000005 66.550000000000011 47.150000000000013 57.45000000000001 60.650000000000013 42.850000000000001 40.250000000000007 61.750000000000007 465.00000000000006 65.15000000000002 45.550000000000004 28.500000000000004 85.65000000000002 58.45000000000001 54.95000000000001 475.00000000000006
decision_type=2 10 2 2 2 2 10 2 2 2 10 2 2 2 10 2 2 2 2 2 2 2 2 2 2 2 2 2 2 2
left_child=1 2 3 25 6 -6 -5 9 12 10 11 -3 24 -14 18 16 -16 -17 20 -20 -4 22 -10 -23 -9 27 -27 -1 -2 -12
right_child=28 7 14 4 5 -7 -8 8 21 -11 29 -13 13 -15 15 17 -18 -19 19 -21 -22 23 -24 -25 -26 26 -28 -29 -30 -31
leaf_value=0.0080714513433755696 0.040799834356187795 0.018541705793446269 -0.0085087360081935234 0.00033024606254317026 0.0015378977094999699 0.022581179035831102 -0.0041842018464084739 -0.010082650890462232 -0.009264247039741989 -0.027804884618875987 -0.053706215316378814 -0.020050745988404114 0.0013765522104582574 -0.0070772102768518162 0.0055650668021954711 0.0091601348207373586 0.050971120396454218 -0.029208473446982203 0.014327628203436974 -0.0078119349318103749 0.0049639742960372185 -0.0026680148063595649 -0.0032218914550019018 0.028881881490463768 0.036781332409563168 -0.0036054846958806877 -0.040165216660912481 -0.022594362267625765 0.00790847069627784 -0.010743407445555492
leaf_weight=16.971051535569131 19.573480889201164 42.335550359450281 93.561552684754133 6586.1441726842895 226.01527061313391 100.22374852374196 1287.9511697981507 7.9845157731324461 591.44258486479521 66.132692142389715 9.3566428609192389 23.177997788414359 1538.8360733557492 322.68762301839888 25.123041549697518 31.983701925724745 34.028625540435314 18.040292227640748 39.503735618665814 218.61725311353803 1314.4362896997482 30.045229643583298 1298.9125999808311 24.608028396964073 22.618612221442163 337.56483318097889 12.245179760269819 84.09157039411366 25.044677946716547 15.709720552898942
leaf_count=147 95 973 596 50304 1166 516 9603 174 2950 1409 172 381 13316 2631 158 186 201 94 282 1112 6407 137 6206 115 316 3148 116 744 121 259
internal_value=-0.000517777 -0.000589525 0.000206895 -0.000470908 -7.14857e-05 0.00802286 -0.000407583 -0.0026699 -0.0022019 -0.0140884 -0.00399917 0.00480215 0.000308154 -8.6489e-05 0.00351257 0.0150901 0.0318125 -0.00460776 0.00275006 -0.00440002 0.00406462 -0.00464616 -0.00511542 0.011473 0.0243984 -0.00772277 -0.00491067 -0.0173925 0.0225083 -0.0271287
internal_weight=14465 14420.3 10426.5 8651.21 8200.33 326.239 7874.1 3993.85 3837.14 156.713 90.5799 65.5135 1892.13 1861.52 1775.29 109.176 59.1517 50.024 1666.12 258.121 1408 1945.01 1890.36 54.6533 30.6031 450.873 349.81 101.063 44.6182 25.0664
internal_count=104035 103819 74780 65744 61589 1682 59907 29039 25845 3194 1785 1354 16437 15947 9036 639 359 280 8397 1394 7003 9408 9156 252 490 4155 3264 891 216 431
is_linear=0
shrinkage=0.05


Tree=148
num_leaves=31
num_cat=0
split_feature=31 7 5 9 33 15 32 30 4 2 15 32 31 36 2 4 17 8 36 9 3 36 3 29 10 4 4 8 3 8
split_gain=8.29538 9.25917 10.7042 12.7162 9.22559 8.73431 11.2005 8.46847 7.63753 9.63354 9.16259 8.40892 7.53048 9.88737 11.2907 7.36974 8.48263 10.3607 7.91843 9.08956 7.30759 7.15167 7.54567 6.98591 6.59893 6.49771 9.80002 5.87527 5.8175 5.51721
threshold=2.5000000000000004 51.550000000000004 74.450000000000017 50.150000000000013 85.250000000000014 40.250000000000007 53.850000000000001 549.00000000000011 73.550000000000011 54.250000000000007 41.150000000000013 76.65000000000002 6.5000000000000009 0.45000000000000007 55.650000000000013 89.850000000000009 2050.0000000000005 59.550000000000004 0.36666666666666675 75.65000000000002 55.95000000000001 0.29166666666666669 51.45000000000001 54.250000000000007 65.000000000000014 79.450000000000017 68.250000000000014 47.45000000000001 56.45000000000001 63.150000000000013
decision_type=10 2 2 2 2 2 2 2 2 2 2 2 10 10 2 2 2 2 10 2 2 8 2 2 2 2 2 2 2 2
left_child=4 5 12 -4 7 6 -2 15 9 -7 -10 -11 13 28 -15 18 23 -18 24 -20 -12 29 -23 -17 -1 26 -14 -27 -3 -8
right_child=1 2 3 -5 -6 8 21 -9 10 11 20 -13 25 14 -16 16 17 -19 19 -21 -22 22 -24 -25 -26 27 -28 -29 -30 -31
leaf_value=-0.00010568198613387284 -0.018979041592953473 -0.0027499556894998692 0.046324879130584883 -0.0021401193357994935 0.022464280453514712 -0.0062162356240420017 0.0082581651091995726 -0.018933171292679796 -0.048003176958034528 0.0052766499969072707 -0.010938455455352672 -0.023973374629010495 0.0028721894833609422 0.00099813885921964983 -0.021820093027998904 0.0093507252715764096 0.023202285071127416 0.00024747352821355472 -0.0041971767994456559 0.03476782018759042 0.00018582246714832378 0.011492662204066688 -0.014747577081503913 0.00044400684028949038 0.0056726845874934843 -0.019955964428074516 0.01985822178410691 0.00061299580719955662 0.0085883517421908081 0.030894662646180571
leaf_weight=6642.3421162017621 44.110107471235096 546.73057799786329 27.150327429175377 26.499604374170303 46.426184073090553 775.40350338444114 68.53524150326848 57.714446702040732 14.880775887519119 372.6603624150157 664.26685686036944 26.161937318742275 449.39005803689361 91.031224505975842 132.44379242137074 265.27318637631834 109.79954284243286 89.744782906025648 1393.8135863719508 15.004940118640659 188.67013031616807 59.597621969878674 50.508779548108578 1300.6172582544386 533.5794369764626 47.387730225920677 104.93350802361965 127.47041754424572 142.49129893165082 45.268455542623997
leaf_count=52463 603 3417 120 121 239 7966 409 407 109 2689 4494 118 3091 644 731 1423 554 457 10282 93 1208 366 301 6540 2466 302 640 697 828 257
internal_value=-0.000492477 -0.00242729 0.000375958 0.0223338 0.000248388 -0.00448689 0.00398742 0.000148595 -0.00560175 -0.00296628 -0.00916123 0.00333985 -0.000339807 -0.00336909 -0.0125066 0.000255663 0.00319796 0.0129087 -0.000348862 -0.00377618 -0.00847216 0.00854056 -0.000501534 0.00195656 0.000323356 0.00344495 0.00609967 -0.00494097 -0.000397689 0.0173256
internal_weight=14459.9 4005.59 1695.53 53.6499 10454.3 2310.06 268.02 10407.9 2042.04 1174.23 867.818 398.822 1641.88 912.697 223.475 10350.2 1765.43 199.544 8584.74 1408.82 852.937 223.91 110.106 1565.89 7175.92 729.182 554.324 174.858 689.222 113.804
internal_count=104035 29111 10591 241 74924 18520 1936 74685 16584 10773 5811 2807 10350 5620 1375 74278 8974 1011 65304 10375 5702 1333 667 7963 54929 4730 3731 999 4245 666
is_linear=0
shrinkage=0.05


Tree=149
num_leaves=25
num_cat=0
split_feature=1 31 33 7 5 9 15 32 13 2 1 3 7 8 1 16 8 8 13 15 9 12 8 3
split_gain=8.55469 7.83676 8.11013 7.7932 9.62874 11.7913 8.04637 10.2397 8.07361 11.7848 7.54548 7.27819 7.49832 7.14508 6.9163 7.77139 6.48728 12.3699 10.3953 6.33612 5.8836 5.86805 4.95057 4.06616
threshold=64.450000000000017 2.5000000000000004 85.250000000000014 51.550000000000004 74.450000000000017 50.150000000000013 40.250000000000007 54.650000000000013 50.650000000000013 58.45000000000001 56.150000000000013 62.550000000000004 54.45000000000001 63.150000000000013 58.750000000000007 51.45000000000001 74.15000000000002 73.850000000000009 76.850000000000009 41.150000000000013 49.150000000000013 57.550000000000004 53.850000000000001 50.050000000000004
decision_type=2 10 2 2 2 2 2 2 2 2 2 2 2 2 2 2 2 2 2 2 2 2 2 2
left_child=1 2 14 6 11 -6 7 21 9 -8 -4 12 -5 -9 16 20 17 -1 -18 -10 -16 -3 -13 -2
right_child=23 3 10 4 5 -7 8 13 19 -11 -12 22 -14 -15 15 -17 18 -19 -20 -21 -22 -23 -24 -25
leaf_value=0.00014545879107191552 0.0056698897400988693 0.013690332178807371 0.00093053786546744689 0.0035486724591657255 0.044144910444472718 -0.0026470867803953589 -0.0041733902516260411 0.0015184966935462957 -0.035588712297648706 0.012194308438802329 0.041812245795974173 0.033343324196954648 -0.0036778063224764319 0.020290942144960487 0.013673603154104905 0.027535412623864552 -0.003900536091123741 0.035645407844695387 0.033755854543752781 -0.0074468614306433395 0.0016391898640587849 -0.026446452512865645 0.0031638047342753572 0.03614930824524816
leaf_weight=8088.7422242551111 21.93938896805048 11.772710870951412 23.141905128955841 550.89015602879226 27.073374599218369 26.288534194231033 660.40054077934474 138.02047204971313 20.346857517026365 131.76523375324905 22.428776301443577 25.646343456581235 1028.091539000161 80.625219579786062 119.41733987256885 34.865789175033569 1404.0686064818874 24.515306945890188 18.445942513644695 1217.40471226722 686.94659585133195 37.437095164321363 29.687914015725255 22.755311571061611
leaf_count=60510 107 170 109 3720 120 120 6269 821 172 847 127 161 6272 459 641 173 9474 169 113 9261 3464 485 162 109
internal_value=-0.000468281 -0.000536444 0.000184202 -0.00242226 0.000154771 0.0210377 -0.00431714 0.0038161 -0.00539295 -0.00144336 0.0212085 -0.00052526 -0.00115333 0.00846977 9.11882e-05 0.0044373 -0.000291736 0.000253781 -0.00340639 -0.00791635 0.00342908 -0.0167346 0.0172765 0.0213455
internal_weight=14452.7 14408 10422.6 3985.45 1687.68 53.3619 2297.77 267.855 2029.92 792.166 45.5707 1634.32 1578.98 218.646 10377 841.23 9535.77 8113.26 1422.51 1237.75 806.364 49.2098 55.3343 44.6947
internal_count=104035 103819 74780 29039 10555 240 18484 1935 16549 7116 236 10315 9992 1280 74544 4278 70266 60679 9587 9433 4105 655 323 216
is_linear=0
shrinkage=0.05


Tree=150
num_leaves=31
num_cat=0
split_feature=18 30 2 13 1 2 33 2 35 35 15 9 2 36 30 35 1 2 35 15 2 5 34 13 7 30 33 30 30 13
split_gain=9.08192 7.77286 12.5593 9.15031 9.49487 7.55547 10.6976 8.20294 10.1667 7.45913 8.22838 8.08808 7.23733 7.2176 9.02446 6.41928 15.2978 6.29268 5.57611 5.38864 5.38223 6.63707 6.49311 6.22317 5.83998 5.56852 11.6423 5.37847 5.09012 4.82902
threshold=9.5000000000000018 441.00000000000006 61.750000000000007 73.850000000000009 42.95000000000001 60.95000000000001 50.050000000000004 62.250000000000007 25.600000000000009 31.400000000000006 37.850000000000001 46.050000000000004 50.45000000000001 0.70833333333333337 475.00000000000006 19.400000000000006 55.750000000000007 65.050000000000011 0.6000000000000002 55.550000000000004 59.550000000000004 35.750000000000007 1.5000000000000002 63.750000000000007 50.95000000000001 503.00000000000006 51.45000000000001 459.00000000000006 535.00000000000011 67.050000000000011
decision_type=2 2 2 2 2 2 2 2 10 10 2 2 2 10 2 10 2 2 8 2 2 2 10 2 2 2 2 2 2 2
left_child=20 2 3 4 19 9 7 8 -7 13 -11 -12 -6 18 -15 28 -17 -9 -3 -2 21 22 -1 25 -22 27 -27 -23 -8 -25
right_child=1 5 -4 -5 12 6 15 17 -10 10 11 -13 -14 14 -16 16 -18 -19 -20 -21 24 23 -24 29 -26 26 -28 -29 -30 -31
leaf_value=0.0046219423830145901 -0.015228450979775019 0.01394304318290022 -0.040766350279536186 0.040310358248982908 0.0011935627279605013 0.047015825732841715 0.0041692760607948453 -0.00088573934163437235 -0.0017574665556301236 0.033054950491445578 -0.032207471712583306 0.0064982616512896559 -0.0052901847564006113 -0.011346403497912895 -0.00018231518317168591 0.0035207962006717276 -0.038061400717484484 0.038020745726078838 0.00035937002572885256 -0.055459159668855375 0.036572098864075114 -0.00097296692370320021 0.056399763864784749 0.037273293339342116 0.0067786448065148544 0.010304515104558411 -0.018584395543182083 0.0070717699687047678 0.028638814987756583 0.0063418883083188778
leaf_weight=12.920622482895853 50.639548223931342 76.083744118921459 21.45675452798605 12.365111274644731 881.11907964386046 39.101448517292738 546.02224092930555 50.112063325941563 14.410475777462123 28.199491258710623 13.885354757308958 361.72633180953562 839.4297568211332 299.63887640740722 459.36891991831362 78.787906885147095 30.553106337785721 12.936072096228598 9471.248593387194 10.095281279645858 26.850513689219952 335.24217418394983 11.724659331142901 23.097136847674847 43.736660126596689 59.179728301241994 84.176146537065506 541.95258636027575 22.110916972160339 28.817648841068149
leaf_count=103 1079 388 110 94 8964 344 2548 409 139 201 144 3101 6029 2570 3598 391 146 81 67139 174 129 1999 151 118 213 407 369 2951 98 157
internal_value=0.000596802 0.000225716 -0.0028145 -0.00235546 -0.00265669 0.00070585 0.00541197 0.0194047 0.0338094 0.000356432 0.00702196 0.00504592 -0.00196698 9.472e-05 -0.00459714 0.00299462 -0.00807697 0.00706539 0.000468288 -0.0220779 0.00482492 0.00395707 0.029585 0.00336077 0.0182182 0.0024951 -0.00662484 0.00399181 0.00513527 0.0202447
internal_weight=14487 13319.3 1815.11 1793.65 1781.28 11504.2 794.034 116.56 53.5119 10710.2 403.811 375.612 1720.55 10306.3 759.008 677.474 109.341 63.0481 9547.33 60.7348 1167.7 1097.11 24.6453 1072.47 70.5872 1020.55 143.356 877.195 568.133 51.9148
internal_count=104344 97747 16450 16340 16246 81297 4156 973 483 77141 3446 3245 14993 73695 6168 3183 537 490 67527 1253 6597 6255 254 6001 342 5726 776 4950 2646 275
is_linear=0
shrinkage=0.05


Tree=151
num_leaves=31
num_cat=0
split_feature=8 31 30 35 6 5 13 30 35 28 14 7 10 33 6 30 27 5 14 5 35 2 13 5 33 33 33 13 12 4
split_gain=10.7825 12.5677 10.2468 9.27484 11.1628 8.98089 8.6476 8.46326 10.4745 8.18242 8.98813 8.3985 7.74135 8.2619 15.2709 7.36777 10.9302 14.2447 9.19319 7.03187 6.73441 13.3788 13.6403 11.0288 13.4451 10.1597 7.27489 6.72434 9.59677 7.97589
threshold=31.350000000000005 -9.4999999999999982 445.00000000000006 2.7500000000000009 59.750000000000007 49.95000000000001 49.350000000000001 483.00000000000006 1.1000000000000003 5.5000000000000009 73.050000000000011 64.050000000000011 77.500000000000014 45.150000000000013 59.350000000000001 415.00000000000006 6.5000000000000009 58.050000000000004 37.350000000000001 57.45000000000001 27.900000000000009 51.750000000000007 49.250000000000007 57.050000000000004 76.550000000000011 39.45000000000001 43.150000000000013 43.95000000000001 90.050000000000011 91.250000000000014
decision_type=2 8 2 10 2 2 2 2 8 2 2 2 2 2 2 2 2 2 2 2 8 2 2 2 2 2 2 2 2 2
left_child=7 2 -2 6 5 -5 -4 8 -1 11 -11 27 13 14 -10 16 -3 18 -18 -8 21 26 -23 24 -22 -25 -17 28 -9 -29
right_child=1 15 3 4 -6 -7 19 9 12 10 -12 -13 -14 -15 -16 20 17 -19 -20 -21 23 22 -24 25 -26 -27 -28 29 -30 -31
leaf_value=0.037737985808729474 -0.020573930977021149 -0.014149449967533602 -0.019314619675230713 0.029896213701274394 -0.015492088995811747 -0.0079488624356528325 0.0173008184197679 0.010805153089423272 0.026071532454065557 -0.008292947472195231 0.040675469270689497 -0.018848805730390734 0.034847835608836607 -0.0028540014808023338 0.00030671178146257709 -0.011881696619312208 0.042536383445463136 0.052820070995346406 -0.009794337294785245 -0.0050049714005532004 -0.0002383199684163831 0.0052367524321836681 -0.00075077551112124046 0.025882181090415179 0.017138252889063437 0.0044234363837346007 -0.0028148512262350773 0.007725279173169718 0.044458488756772552 0.030456349345882823
leaf_weight=19.407339625991881 114.41394656244665 193.39011688577011 30.924839776940644 27.601189139299095 203.74193301424384 35.724669482558966 101.66135603096336 50.694453538395464 78.252862368244678 100.3365218443796 10.216960733756421 22.159674447029829 16.257194556295872 684.66175988875329 217.73911285074428 257.31380018498749 9.7403645492158812 14.296548694372175 56.608519793953747 53.617984360083938 3505.9465400846675 1324.9315760293975 3368.0083402367309 56.995211914181709 114.86054538190365 1733.7651817575097 1600.4795446507633 404.75619234889746 37.061862192116678 42.814107730984688
leaf_count=103 1126 2184 230 263 1626 215 944 461 1199 994 111 128 73 4025 3793 4803 104 86 658 264 29577 8965 19245 649 497 8358 10069 3039 346 209
internal_value=0.000566678 7.15423e-05 -0.00720004 -0.0038094 -0.00978614 0.00848858 0.00473669 0.00432736 0.00144769 0.00869998 -0.0036896 0.0111661 0.000732484 0.000158329 0.00714168 0.000409361 -0.00769401 0.00772276 -0.00198421 0.00956818 0.000595475 -0.000482189 0.00093866 0.0019009 0.000311983 0.00511061 -0.00407392 0.0124212 0.0251092 0.0099172
internal_weight=14488.4 12804 567.686 453.272 267.068 63.3259 186.204 1684.36 1016.32 668.04 110.553 557.486 996.911 980.654 295.992 12236.3 274.036 80.6454 66.3489 155.279 11962.3 6550.73 4692.94 5411.57 3620.81 1790.76 1857.79 535.327 87.7563 447.57
internal_count=104344 89863 4668 3542 2104 478 1438 14481 9193 5288 1105 4183 9090 9017 4992 85195 3032 848 762 1208 82163 43082 28210 39081 30074 9007 14872 4055 807 3248
is_linear=0
shrinkage=0.05


Tree=152
num_leaves=31
num_cat=0
split_feature=8 11 0 1 15 35 30 17 1 1 7 5 17 32 7 7 35 30 0 37 5 15 34 5 35 5 35 9 30 3
split_gain=9.70565 8.67555 8.04222 7.55744 7.46105 7.4389 8.57565 7.40699 9.92342 9.39341 9.7828 10.6989 7.7789 12.3093 7.44438 9.02206 7.26573 7.04756 12.7734 7.44723 6.97044 13.861 6.7704 17.4316 8.42599 6.68483 7.11421 6.82853 6.21386 6.05502
threshold=31.350000000000005 49.900000000000006 61.650000000000013 60.350000000000001 48.95000000000001 1.1000000000000003 483.00000000000006 1250.0000000000002 47.45000000000001 47.650000000000013 43.250000000000007 52.550000000000004 2550.0000000000005 78.050000000000011 61.350000000000001 56.95000000000001 27.900000000000009 493.00000000000006 56.45000000000001 44.402750000000005 37.150000000000013 52.150000000000013 1.0000000180025095e-35 57.850000000000001 13.250000000000005 42.95000000000001 15.250000000000005 50.550000000000004 451.00000000000006 48.250000000000007
decision_type=2 2 2 2 2 8 2 2 2 2 2 2 2 2 2 2 8 2 2 2 2 2 10 2 8 2 10 2 2 2
left_child=2 3 5 20 -5 -1 22 9 14 10 28 -12 16 -14 15 -9 -10 18 -8 -19 21 -2 23 -7 -24 26 -22 -27 -3 -16
right_child=1 7 -4 4 -6 6 17 8 12 -11 11 -13 13 -15 29 -17 -18 19 -20 -21 25 -23 24 -25 -26 27 -28 -29 -30 -31
leaf_value=0.029281665484883423 -0.0095535885629782578 -0.025334818340728749 -0.012669146614032872 0.028400933963614507 -0.0027632083321592993 0.0230076442015517 0.0098039039293338834 -0.0048002349047621563 -0.0015710733139017181 0.0011251112095785692 0.017592639326411759 0.0025388239154717357 0.0045872617590255417 0.041318663344778246 -0.0084969588496997088 -0.022618621560317371 0.001409885663445655 0.030293365308659604 0.040712905589558618 0.0036775875791181093 -0.031254658458707445 0.070604330700669585 0.006201838550928554 -0.016778582809145633 -0.0042952986839153813 -0.010928182158114579 0.0090086012994973954 0.0019337734045577792 0.0021890106012660954 0.028605449099548853
leaf_weight=30.449888410046697 14.879428425803782 29.449968390632421 68.331278385594487 29.895605651661754 52.676347758620977 96.773011330515146 147.61167365964502 726.60294386185706 4248.6906764069572 2071.7193730548024 278.9612102387473 206.09222664125264 444.16659514047205 23.999806500971317 17.72330230474472 78.908440427854657 3938.7304464033805 28.037103410810232 43.446444509550929 417.67222397215664 55.773635754361749 8.2686243019998056 304.53124538948759 38.23297156393528 512.92086938861758 312.86603334313259 13.380802792496977 153.01864012144506 66.079139059409499 28.014356268569827
leaf_count=164 255 453 446 157 271 755 1259 8592 26389 13427 2906 1350 2559 110 141 664 26965 201 291 3331 772 103 2451 200 5383 2499 159 1107 775 209
internal_value=0.000537897 6.75246e-05 0.00410148 -0.00560201 0.00848016 0.00481283 0.00433905 0.000366751 -0.000284608 0.00270327 0.00832491 0.0112086 0.000221459 0.00648934 -0.00543564 -0.00655453 -0.00013641 0.008832 0.0168764 0.00536947 -0.00769526 0.0190448 0.00132941 0.0116993 -0.000378329 -0.00886484 -0.0233901 -0.00669347 -0.00626144 0.014132
internal_weight=14487.9 12799.9 1688.01 640.759 82.572 1619.68 1589.23 12159.1 9506.84 2652.3 580.583 485.053 8655.59 468.166 851.249 805.511 8187.42 636.767 191.058 445.709 558.187 23.1481 952.458 135.006 817.452 535.039 69.1544 465.885 95.5291 45.7377
internal_count=104344 89863 14481 5323 428 14035 13871 84540 65629 18911 5484 4256 56023 2669 9606 9256 53354 5082 1550 3532 4895 358 8789 955 7834 4537 931 3606 1228 350
is_linear=0
shrinkage=0.05


Tree=153
num_leaves=31
num_cat=0
split_feature=8 31 30 9 13 4 4 0 30 30 0 15 36 13 6 2 7 33 30 30 7 31 33 33 15 7 28 13 6 8
split_gain=8.73985 11.3927 9.40686 9.69009 11.4531 9.21423 8.47816 8.39884 7.57186 8.26636 8.71124 8.01054 8.73963 7.74794 7.58551 6.82375 11.0204 10.1267 9.07315 7.4472 7.10002 16.7943 15.0943 8.82802 6.81062 6.69428 6.66034 11.039 10.0841 6.54879
threshold=31.350000000000005 -9.4999999999999982 445.00000000000006 49.350000000000001 51.850000000000001 80.450000000000017 37.750000000000007 61.650000000000013 483.00000000000006 493.00000000000006 56.45000000000001 49.95000000000001 0.45000000000000007 41.250000000000007 86.850000000000009 60.95000000000001 48.850000000000001 60.45000000000001 441.00000000000006 503.00000000000006 59.650000000000013 9.5000000000000018 50.850000000000001 74.550000000000011 52.350000000000001 46.650000000000013 4.5000000000000009 46.850000000000001 71.850000000000009 42.95000000000001
decision_type=2 8 2 2 2 2 2 2 2 2 2 2 8 2 2 2 2 2 2 2 2 8 2 2 2 2 2 2 2 2
left_child=6 2 -2 -4 24 -6 -1 8 11 10 -10 14 -13 -11 -8 20 17 25 -18 -19 26 23 -23 -22 -5 -17 28 -28 -3 -20
right_child=1 15 3 4 5 -7 7 -9 9 13 -12 12 -14 -15 -16 16 18 19 29 -21 21 22 -24 -25 -26 -27 27 -29 -30 -31
leaf_value=-0.013499023615310204 -0.019767896046379435 -0.00089134198533018065 0.0089752904652376821 -0.0078812879430322936 0.0092510704183381195 -0.01475872824210866 -0.0038885714932856336 -0.01260338372381665 0.012412798344399401 0.03221048398702387 0.038067560038558906 0.013654253437159961 0.00074003237452250215 0.0041602116974202488 0.038266557340299288 0.018326326860393413 -0.02909915485863428 -0.00082930407725333275 -0.0088614015881361419 0.025615481057951778 -0.0013911975289366725 0.032642158103833654 0.0069042349631489863 0.016863126012681598 -0.028517941843202162 0.049966675901303652 -0.012514964006650767 -0.001448695432630402 0.0027859249711605113 0.0054621761002510913
leaf_weight=67.07990831322968 113.1737398058176 5908.5110597279854 113.67201608419418 87.590813482180238 115.43634837958962 60.950027042999864 396.27767333807424 67.636236872524023 140.81005000881851 26.188657164573669 43.714888073503971 239.2327327542007 291.40417731786147 407.77467633411288 10.850823735818265 48.687196033075452 23.468802865594625 95.824786514043808 99.106484599411488 36.5844422057271 715.67993635125458 82.01614504121244 188.62655203789473 72.875490322709084 75.022952221333981 26.223765227943659 264.13504130858928 1543.4648236231878 2723.251118353568 404.5665920805186
leaf_count=744 1126 42033 922 756 968 335 3785 443 1169 236 288 1949 2638 3127 102 336 113 416 520 159 4006 583 845 352 561 172 2680 12262 18682 2036
internal_value=0.000510584 6.38281e-05 -0.00687115 -0.00363211 -0.00787571 0.000922531 0.0038889 0.00461103 0.00536316 0.00966011 0.0185349 0.00252311 0.00657319 0.00587153 -0.00274365 0.000385072 0.00505738 0.0148228 0.00120518 0.00645343 8.61558e-05 0.00398685 0.0147316 0.000291387 -0.0174446 0.029521 -0.000309172 -0.00306912 0.000268246 0.00263264
internal_weight=14489.8 12798.9 565.846 452.672 339 176.386 1690.97 1623.89 1556.25 618.488 184.525 937.765 530.637 433.963 407.128 12233 734.462 207.32 527.142 132.409 11498.6 1059.2 270.643 788.555 162.614 74.911 10439.4 1807.6 8631.76 503.673
internal_count=104344 89863 4668 3542 2620 1303 14481 13737 13294 4820 1457 8474 4587 3363 3887 85195 3752 1083 2669 575 81443 5786 1428 4358 1317 508 75657 14942 60715 2556
is_linear=0
shrinkage=0.05


Tree=154
num_leaves=31
num_cat=0
split_feature=18 4 11 8 2 33 3 1 4 2 17 13 36 3 1 27 6 29 15 32 15 8 15 33 3 36 8 2 2 5
split_gain=8.26614 8.32568 6.9301 10.1502 8.80902 8.18395 11.0371 10.3464 7.22385 6.44447 6.17084 13.2598 16.7476 8.50085 8.15596 8.71443 7.55452 5.41236 7.60962 8.33595 12.378 6.80131 10.142 5.72044 9.6678 7.27259 7.12256 6.97654 6.35864 5.51533
threshold=9.5000000000000018 20.050000000000004 49.900000000000006 33.45000000000001 51.050000000000004 43.750000000000007 53.150000000000013 57.150000000000013 60.850000000000001 49.95000000000001 1250.0000000000002 50.050000000000004 1.0000000180025095e-35 52.550000000000004 47.45000000000001 2.5000000000000004 70.850000000000009 53.500000000000007 48.650000000000013 55.850000000000001 54.050000000000004 31.650000000000002 60.95000000000001 68.65000000000002 47.45000000000001 0.36666666666666675 44.750000000000007 55.550000000000004 55.250000000000007 48.850000000000001
decision_type=2 2 2 2 2 2 2 2 2 2 2 2 10 2 2 2 2 2 2 2 2 2 2 2 2 10 2 2 2 2
left_child=17 9 3 5 -5 6 -3 -7 -6 -2 11 13 -13 -4 15 -12 -16 18 -1 20 -20 22 29 25 -25 28 -27 -26 -23 -19
right_child=1 2 10 4 8 7 -8 -9 -10 -11 14 12 -14 -15 16 -17 -18 21 19 -21 -22 23 -24 24 27 26 -28 -29 -30 -31
leaf_value=-0.0049946044769308617 -0.038748623830062799 0.067273931012078889 0.00291479343505981 -0.01431459403228709 -0.013743408243163491 -0.013547856400066359 -0.0044767944400524451 0.025704658518993864 0.0027290304259813768 0.00093630793328137616 0.0050078304206307919 0.0027137278532390584 -0.0083170514807241677 0.011691140721647677 -0.00082146197768180368 -0.006805563437251025 0.0021964643394725234 0.023867682119316884 0.087062137297779382 0.012116199208331145 0.011239812451906875 0.0050453546412534108 0.049929550269344043 0.027672819656786304 -0.011821396341598917 0.011273808385989088 -0.016436800821377291 0.018098230922116779 -0.006841952825311446 -0.0012496931437278322
leaf_weight=27.7825743034482 24.277315447572619 12.71976285800338 637.63022455666214 248.38074581231922 92.002821681089699 41.371254846453667 8.9768366897478682 28.064786873757839 238.9977362062782 17.203882950358093 194.17608129186556 1296.7093107928522 468.24359451048076 489.12637627730146 5354.167198180221 786.6798472199589 3383.2044983431697 35.6744264960289 11.377614199183883 38.011292066425085 10.520043283700941 564.62789826933295 17.747532706707716 55.829162694513798 46.908156223595142 29.727496258914471 101.73853900097311 33.157470509409904 140.09292625635862 55.259001091122627
leaf_count=209 435 289 5360 2587 748 283 179 150 1551 210 2455 9525 2800 3683 36139 9402 21951 281 126 192 94 3239 95 262 220 167 571 164 692 285
internal_value=0.000484623 0.000130547 0.00020086 -0.00475129 -0.00719644 0.0107299 0.0374738 0.00225954 -0.00183721 -0.0222068 0.000464615 0.00249236 -0.00021022 0.00672975 -0.000138254 -0.00446154 0.000346551 0.00451692 0.0164724 0.0265027 0.0510797 0.00354082 0.0154052 0.00220776 0.0117204 0.000654595 -0.010129 0.000513928 0.00267452 0.00856467
internal_weight=14490.4 13321.9 13280.5 670.514 579.381 91.1326 21.6966 69.436 331.001 41.4812 12609.9 2891.71 1764.95 1126.76 9718.23 980.856 8737.37 1168.45 87.6915 59.9089 21.8977 1080.76 108.681 972.082 135.895 836.187 131.466 80.0656 704.721 90.9334
internal_count=104344 97747 97102 5787 4886 901 468 433 2299 645 91315 21368 12325 9043 69947 11857 58090 6597 621 412 220 5976 661 5315 646 4669 738 384 3931 566
is_linear=0
shrinkage=0.05


Tree=155
num_leaves=31
num_cat=0
split_feature=4 12 3 4 5 15 37 6 5 5 29 32 27 32 17 12 5 32 13 8 2 4 4 8 5 6 17 0 2 2
split_gain=9.08583 9.87386 9.31888 9.01665 8.98347 11.335 8.84476 11.6377 12.4386 10.5307 8.80363 12.0824 9.81621 12.8089 10.0365 8.6458 13.8297 11.3294 8.58789 9.04499 8.58005 7.88905 12.3119 10.4808 10.2129 7.62833 7.59093 7.5427 10.4298 7.39594
threshold=65.850000000000009 96.450000000000017 64.750000000000014 59.550000000000004 44.850000000000001 48.050000000000004 43.792178571428572 50.45000000000001 46.45000000000001 54.850000000000001 53.500000000000007 79.15000000000002 5.5000000000000009 78.550000000000011 1750.0000000000002 63.150000000000013 45.550000000000004 73.450000000000017 51.050000000000004 71.250000000000014 51.550000000000004 79.750000000000014 81.250000000000014 22.950000000000003 48.350000000000001 75.950000000000017 1250.0000000000002 61.050000000000004 62.750000000000007 53.650000000000013
decision_type=2 2 2 2 2 2 2 2 2 2 2 2 2 2 2 2 2 2 2 2 2 2 2 2 2 2 2 2 2 2
left_child=1 3 6 4 5 -1 9 8 -8 -3 12 21 13 18 -14 17 -17 -6 -2 -20 -9 27 23 -23 -24 -16 -13 28 -12 -7
right_child=10 2 -4 -5 15 29 7 20 -10 -11 11 26 14 -15 25 16 -18 -19 19 -21 -22 22 24 -25 -26 -27 -28 -29 -30 -31
leaf_value=-0.014980594940172743 0.013239247028225036 0.0012363589634663919 0.033417856255416774 -0.0062394677166790601 0.0039720892497705574 -0.0051095345060434474 0.037471619707643601 -0.0038316783388501426 0.0059904045919279836 -0.039705961618057943 0.0026293231006029368 -0.0061203303901119352 0.019873305306787825 -0.042971222603626354 -0.0069130780681007659 0.030053757974436053 -0.0052371941719357266 -0.0077155488076767285 -0.0088691105795658774 0.011134033677997104 0.0035244696682601878 0.012929334955434102 -0.0035314599586960234 -0.0080278937631691923 0.0020378070641059063 0.024215695264786511 0.012858885934001793 -0.011652597877149763 0.029558729018701081 0.0095204523920813383
leaf_weight=241.45215207478032 137.60083204507828 34.591537503525615 22.722410019487143 1253.4274312965572 1421.2073209052905 371.92281516920775 44.092522862367332 644.72877391660586 110.1967210425064 28.315482430160046 2296.516912130639 63.424913235008717 199.11530781071633 15.531718567013739 79.384274192154408 28.632535729557276 794.23527096305043 242.43780022859573 170.83832398615777 84.202051327563822 1027.9275031536818 64.275896579958498 1223.7590188123286 789.02908184286207 2513.6037099733949 26.043921906501055 300.56250818818808 90.351569017395377 36.471745252609253 112.27948565874249
leaf_count=3333 1299 283 151 10135 9925 4793 472 6480 729 151 15928 289 1541 70 683 309 5834 1066 1412 588 6973 674 8277 6856 12628 214 1379 517 193 1131
internal_value=5.67077e-05 -0.00135409 0.00165029 -0.00264197 -0.00123647 -0.00613094 0.00126394 0.00190152 0.0150379 -0.0171469 0.00116951 0.000656089 0.00647652 0.00139341 0.0132702 0.00019009 -0.00399963 0.00226552 0.00317157 -0.00224366 0.000685979 0.000194365 -0.0010232 -0.00644208 0.000212827 0.000744941 0.00953725 0.00250287 0.0030537 -0.00170546
internal_weight=14468.9 6378.17 1912.57 4465.59 3212.17 725.654 1889.85 1826.95 154.289 62.907 8090.71 7378 712.716 408.173 304.544 2486.51 822.868 1663.65 392.641 255.04 1672.66 7014.01 4590.67 853.305 3737.36 105.428 363.987 2423.34 2332.99 484.202
internal_count=104313 51765 15239 36526 26391 9257 15088 14654 1201 434 52548 46741 5807 3369 2438 17134 6143 10991 3299 2000 13453 45073 28435 7530 20905 897 1668 16638 16121 5924
is_linear=0
shrinkage=0.05


Tree=156
num_leaves=31
num_cat=0
split_feature=7 31 2 7 17 15 3 32 29 35 7 4 5 2 7 18 3 18 2 7 2 3 1 7 4 35 32 15 15 29
split_gain=9.07113 10.2306 8.39148 7.86078 8.03094 7.83265 7.77088 7.59174 7.45702 7.41782 7.98741 10.4774 7.44614 7.15833 7.69939 9.4297 6.97517 6.9358 9.95846 8.11254 9.47263 7.71012 7.19373 6.84245 6.63304 6.40096 6.14648 5.83337 8.4812 7.46984
threshold=68.550000000000011 -5.4999999999999991 55.95000000000001 48.850000000000001 1350.0000000000002 35.050000000000004 39.150000000000013 82.65000000000002 54.250000000000007 34.750000000000014 54.95000000000001 43.650000000000013 61.650000000000013 56.550000000000004 46.350000000000001 14.500000000000002 49.650000000000013 11.500000000000002 54.250000000000007 44.95000000000001 50.150000000000013 53.95000000000001 55.550000000000004 41.350000000000001 78.550000000000011 3.9000000000000008 79.15000000000002 52.95000000000001 65.050000000000011 56.750000000000007
decision_type=2 8 2 2 2 2 2 2 2 10 2 2 2 2 2 2 2 2 2 2 2 2 2 2 2 10 2 2 2 2
left_child=2 -2 5 13 6 17 24 -6 -3 10 11 -7 -12 16 25 -16 -4 19 21 -1 -21 -19 -20 -18 -5 -15 -8 -10 29 -29
right_child=1 8 3 4 7 9 26 -9 27 -11 12 -13 -14 14 15 -17 23 18 22 20 -22 -23 -24 -25 -26 -27 -28 28 -30 -31
leaf_value=0.047598386167963497 -0.017937872754546082 0.042039489936945958 0.0031898155144746976 -0.0059569198447523555 0.001144390531802534 -0.0075928419585235916 -0.0022363096618913882 0.021501660209899992 0.019779305448733246 0.0089478378329903314 -0.00017529288965175826 -0.0014534404872447206 0.0070123324184432363 -0.0069370183710022893 7.4914596235399081e-06 0.01441924824866574 0.050545997339001905 -0.0071485005044356169 0.034735974790449757 0.025077878271690238 -0.0078719406420497615 0.010150483095562423 -0.001880216835906163 0.016515054895777117 -0.048792000985426145 0.0033310510628781959 -0.026792855976270208 0.0050395946957137354 0.026257459536786622 -0.030299533394308145
leaf_weight=17.75836344435811 28.372377429157495 21.278852622956038 88.684773451648653 18.341842954978347 1947.4720639996231 773.70696792751551 433.40610369481146 46.84218256175518 87.393355969339609 178.70441346149892 1630.0965651571751 6871.8167809718288 462.03122823312879 220.079938669689 195.75142144970596 272.33503892924637 17.810298092663288 198.97707683593035 36.152628172188997 49.017043378204107 38.858718395233154 95.007664087228477 20.878574188798666 92.341677467338741 18.3728848695755 488.32200326304883 27.044934511184692 39.552385173738003 24.800517849624157 23.751577015966177
leaf_count=109 148 126 625 119 10726 9325 2420 211 446 1733 10842 54211 2150 1165 1006 1646 122 1276 232 245 201 569 111 566 103 3319 119 202 118 122
internal_value=5.34336e-05 0.0100091 -0.000103696 0.00188386 0.000206772 -0.000845102 -0.0054758 0.0016261 0.0140711 -0.00114038 -0.00132612 -0.00207548 0.00140991 0.00491813 0.00342885 0.00840429 0.0136987 0.00555492 0.0021563 0.0167883 0.0104582 -0.0015394 0.0212638 0.0221037 -0.0276027 0.000133474 -0.00369502 0.0106295 0.00148478 -0.00816762
internal_weight=14465 225.149 14239.8 3866.81 2491.48 10373 497.166 1994.31 196.777 9916.36 9737.65 7645.52 2092.13 1375.33 1176.49 468.086 198.837 456.65 351.016 105.634 87.8758 293.985 57.0312 110.152 36.7147 708.402 460.451 175.498 88.1045 63.304
internal_count=104313 1162 103151 22147 13698 81004 2761 10937 1014 78261 76528 63536 12992 8449 7136 2652 1313 2743 2188 555 446 1845 343 688 222 4484 2539 888 442 324
is_linear=0
shrinkage=0.05


Tree=157
num_leaves=31
num_cat=0
split_feature=7 31 12 27 35 7 32 15 7 37 9 7 37 32 16 31 29 37 29 9 0 3 5 15 15 29 31 35 37 3
split_gain=8.17457 9.22977 8.36636 10.6372 12.7239 8.94473 8.0618 8.98805 7.64343 7.88657 7.58011 11.5124 9.60124 8.02255 7.35359 7.27987 7.16086 7.11176 6.59055 6.52338 6.39413 5.78004 5.70954 5.2433 7.65672 6.75653 5.19788 6.24699 5.64249 4.38287
threshold=68.550000000000011 -5.4999999999999991 86.15000000000002 5.5000000000000009 29.600000000000005 35.45000000000001 64.050000000000011 39.250000000000007 37.750000000000007 43.792178571428572 51.500000000000007 46.050000000000004 86.750000000000014 66.750000000000014 48.95000000000001 24.500000000000004 58.250000000000007 44.737035714285717 54.250000000000007 49.350000000000001 62.750000000000007 53.250000000000007 54.150000000000013 52.95000000000001 65.050000000000011 56.750000000000007 8.5000000000000018 6.9000000000000021 64.638500000000008 53.350000000000001
decision_type=2 8 2 2 10 2 2 2 2 2 2 2 2 2 2 10 2 2 2 2 2 2 2 2 2 2 8 10 2 2
left_child=2 -2 5 8 6 26 16 -8 19 -10 12 13 15 -12 -11 -7 -5 -6 -3 -4 -13 -21 -19 29 25 -25 27 28 -1 -20
right_child=1 18 3 4 17 10 7 -9 9 14 11 20 -14 -15 -16 -17 -18 22 23 21 -22 -23 -24 24 -26 -27 -28 -29 -30 -31
leaf_value=0.017740420266302685 -0.017089881544938509 0.039471314303089672 0.051247692451319118 0.0071619803372761125 0.054165580288624643 -0.0005820572762853057 -0.013232666103333984 0.0017352001734376649 -0.015438625275637689 0.016395980705373604 0.011577650873021449 -0.0096602093162516042 0.036934299648735895 -0.011635470353932476 -0.00069152983523517895 0.031778735539880941 -0.020925255040836588 0.0076498355886356686 0.028098050434698898 -0.0097651501202746724 0.022419785662985907 0.032744369968557153 0.030583277694014324 0.004785599922426758 0.024950449557249694 -0.028830958791006257 -0.050170453157480678 -0.040718676678203114 -0.021590217660294054 0.0051617364449721521
leaf_weight=18.295154664665461 28.298090483993292 21.529970433562994 12.149031571112571 942.35892692673951 12.892515413463114 8103.01958927745 111.18029620870948 1014.8723243717104 88.701653441414237 64.297625658102334 137.39607068244368 600.62627048045397 17.050880420953035 50.761744607239962 2804.1958768311888 17.311494627036154 23.071929235011339 85.409826257266104 51.604916881769896 18.6784673249349 15.762763116508721 13.701500598341225 40.368336979299784 39.573781006038189 24.799920096993446 23.719266256317496 11.56852250639349 14.275387973524628 17.942001210525632 35.978334233164787
leaf_count=190 148 126 146 8726 91 59560 537 4927 555 453 1253 3978 243 266 19775 140 188 774 266 194 96 124 239 202 118 122 213 184 299 180
internal_value=5.06088e-05 0.00949393 -9.86931e-05 0.00149104 0.00410679 -0.00102299 0.00313095 0.000251871 -0.000450755 -0.000762307 -0.000890976 -0.00552096 -0.00043253 0.00528574 -0.00030621 -0.000512062 0.00648347 0.0187759 0.0133406 0.0200829 -0.00882822 0.00811414 0.0150685 0.0100891 0.00141048 -0.00775904 -0.019925 -0.0128138 -0.00160147 0.0187497
internal_weight=14461.4 225.504 14235.9 5231.88 2230.15 9004.01 2091.48 1126.05 3001.72 2957.2 8941.93 804.547 8137.38 188.158 2868.49 8120.33 965.431 138.671 197.206 44.529 616.389 32.38 125.778 175.676 88.093 63.293 62.0811 50.5125 36.2372 87.5833
internal_count=104313 1162 103151 36729 15482 66422 14378 5464 21247 20783 65536 5593 59943 1519 20228 59700 8914 1104 1014 464 4074 318 1013 888 442 324 886 673 489 446
is_linear=0
shrinkage=0.05


Tree=158
num_leaves=31
num_cat=0
split_feature=4 15 3 31 30 0 5 29 32 16 22 32 35 32 31 5 3 30 2 5 30 0 4 2 15 17 2 18 27 17
split_gain=7.95302 8.98393 9.366 9.03993 17.1325 8.08192 10.4911 7.85386 10.8509 8.79661 10.844 8.07026 10.347 7.81321 7.52631 14.7471 9.09398 7.60696 9.2441 7.38762 9.58862 9.50007 7.2166 8.66433 15.7653 7.62109 6.87847 6.87406 9.63921 6.56745
threshold=65.850000000000009 51.750000000000007 64.750000000000014 -2.4999999999999996 447.00000000000006 36.95000000000001 60.650000000000013 53.500000000000007 79.15000000000002 55.350000000000001 1.0000000180025095e-35 61.45000000000001 29.900000000000006 62.95000000000001 5.5000000000000009 48.95000000000001 55.050000000000004 451.00000000000006 60.050000000000004 40.650000000000013 447.00000000000006 46.850000000000001 59.850000000000001 58.350000000000001 58.250000000000007 1850.0000000000002 51.150000000000013 9.5000000000000018 7.5000000000000009 1250.0000000000002
decision_type=2 2 2 8 2 2 2 2 2 2 2 2 8 2 8 2 2 2 2 2 2 2 2 2 2 2 2 2 2 2
left_child=1 2 3 4 -1 6 -3 9 14 10 11 12 -2 -4 17 16 -16 -9 -19 21 -21 -5 27 25 -25 -24 -17 28 -7 -10
right_child=7 5 13 19 -6 22 -8 8 29 -11 -12 -13 -14 -15 15 26 -18 18 -20 20 -22 -23 23 24 -26 -27 -28 -29 -30 -31
leaf_value=-0.023660079738332732 0.012997669223015785 0.011127412937812319 0.041916631480257718 -0.03005800087927616 -0.0043002686896182083 0.0059920979680507126 0.079596222072148504 -0.0026171284718872687 -0.0055229468640112618 -0.035244404575595266 0.0030696394690706424 0.0090592293535044551 0.051850631030685296 -0.0029351173758180929 -0.015503918860009992 -0.0056842019253630456 0.00050771877145114233 0.00098506159736718411 0.0077946115838355146 0.0053332398126436295 -0.0027317806692849114 -0.0055198758668747513 -0.0088997325351141254 0.025353074891326589 -0.0076529233171821727 0.003114037421503769 0.0044071283608867855 0.00097096510461809897 0.03639961904714821 0.012125806924188395
leaf_weight=147.00544418115169 38.62907656095922 32.669433343224227 20.955877188593149 47.547938707750291 517.01395549811423 174.7064654994756 6.7346446961164466 1218.1401121462695 63.465074740350246 12.507091978564857 514.4928970830515 118.05973497405648 31.493305321782827 17.633744969964027 305.3169494709 262.64360903762281 124.11376427486539 4062.6081605283543 568.49609218910336 461.35520600620657 1826.0992788774893 235.06617752602324 524.01437524985522 66.899841355159879 78.245633022859693 175.66492737364024 471.89303629472852 2008.7509949281812 30.703970843926072 299.78933352231979
leaf_count=1778 422 683 178 1211 4624 980 59 8584 289 110 4206 617 452 83 2741 1681 976 25726 2906 4123 13741 2998 3868 417 422 1206 2459 15224 170 1379
internal_value=4.77733e-05 -0.00127322 -0.00310034 -0.00339413 -0.00859673 0.000655101 0.023128 0.0010885 0.000602665 0.00609164 0.00683942 0.0171124 0.0305675 0.0213375 0.000165438 -0.00350534 -0.0108656 0.000896804 0.0018222 -0.00204773 -0.0011028 -0.00967511 0.000363237 -0.00356607 0.00753262 -0.00587634 0.000791747 0.00186484 0.0105771 0.00902792
internal_weight=14462.7 6371.07 3272.68 3234.09 664.019 3098.39 39.4041 8091.65 7376.47 715.182 702.675 188.182 70.1224 38.5896 7013.21 1163.97 429.431 5849.24 4631.1 2570.07 2287.45 282.614 3058.99 844.825 145.145 699.679 734.537 2214.16 205.41 363.254
internal_count=104313 51765 28736 28475 6402 23029 742 52548 46741 5807 5697 1491 874 261 45073 7857 3717 37216 28632 22073 17864 4209 22287 5913 839 5074 4140 16374 1150 1668
is_linear=0
shrinkage=0.05


Tree=159
num_leaves=31
num_cat=0
split_feature=9 12 27 35 2 14 35 20 35 13 2 0 3 30 32 3 18 0 32 37 15 18 32 2 30 32 27 16 13 34
split_gain=7.8395 7.12426 10.3709 11.7686 10.1165 12.4506 12.2343 7.77074 9.36299 7.40988 8.40123 13.4036 7.66906 10.9321 7.34364 7.13348 7.12818 6.8293 6.47802 7.08831 9.62198 5.57718 8.02014 6.27193 5.55088 5.99414 5.53803 5.506 5.22142 4.09281
threshold=41.650000000000013 86.15000000000002 5.5000000000000009 33.250000000000014 60.050000000000004 37.150000000000013 25.750000000000011 1.0000000180025095e-35 14.750000000000005 54.150000000000013 42.150000000000013 45.050000000000004 48.250000000000007 461.00000000000006 63.95000000000001 45.650000000000013 15.500000000000002 38.850000000000001 42.45000000000001 73.008571428571443 53.95000000000001 16.500000000000004 49.050000000000004 59.350000000000001 497.00000000000006 58.050000000000004 1.5000000000000002 51.550000000000004 56.95000000000001 1.0000000180025095e-35
decision_type=2 2 2 10 2 2 8 2 10 2 2 2 2 2 2 2 2 2 2 2 2 2 2 2 2 2 2 2 2 10
left_child=-1 4 9 14 18 6 29 15 -9 12 28 -12 13 -3 17 -7 -16 -4 19 26 -21 23 -23 -20 25 -5 -2 -14 -11 -6
right_child=1 2 3 24 5 7 -8 8 -10 10 11 -13 27 -15 16 -17 -18 -19 21 20 -22 22 -24 -25 -26 -27 -28 -29 -30 -31
leaf_value=-0.014530000495385132 -0.033685087519193822 -0.015543953064788493 -0.030260888728187399 0.047561452628982925 0.040429839401856772 -0.0049529145283317795 -0.012616147389933731 -0.012431123064357402 0.0085633827969319645 0 0.027617360095826549 0.0025954422225538997 -0.00029489277094690955 -0.0021971916851024368 0.0040438201635070309 0.010960638085774778 -0.0038812797041295546 0.0070539227840576329 -0.00027621405439639266 -0.0029016488465514159 0.051479219445491997 -0.026382991317671953 -0.0037216908255673152 -0.010077069110903482 0.0021759674152830965 0.016173078859860711 -0.0091920602166466851 0.017419549053340807 -0.044710561966701062 0.018112446021638275
leaf_weight=91.568707944825292 25.87139505520463 214.85156232770532 12.271209523081778 27.498879915103316 25.040019247680902 100.57379071787 30.775898218154907 164.13674835860729 78.119845075532794 11.697214383631946 57.046609405428171 860.8636007104069 1276.325092960149 540.27303518541157 680.13506918773055 231.75294186919928 486.32480396702886 983.82678362354636 7061.3123133843765 34.537698331754655 10.479694943875073 41.149375878274441 766.63771335966885 167.05290696769953 25.721353571861982 35.802344884723425 226.14516597148031 45.315814315341413 14.321873451583086 130.23756939172745
leaf_count=927 512 1879 291 308 120 570 179 857 484 144 592 5036 9011 4096 3189 1245 2461 8842 48585 1481 360 709 5785 955 197 202 4129 314 156 697
internal_value=4.49545e-05 0.000138303 0.0016009 0.00416953 -0.00070912 0.00480904 0.0160491 0.00115856 -0.00563971 -0.000312132 0.0033589 0.0041588 -0.00198317 -0.00600285 0.0034328 0.00612955 0.000735322 0.00658622 -0.00121346 -0.00846547 0.00973301 -0.000944684 -0.00488539 -0.000503547 0.0219864 0.029941 -0.0117386 0.000309981 -0.0245767 0.0217672
internal_weight=14457.7 14366.1 5272.28 2251.58 9093.82 760.637 186.053 574.583 242.257 3020.69 943.929 917.91 2076.77 755.125 2162.56 332.327 1166.46 996.098 8333.19 297.034 45.0174 8036.15 807.787 7228.37 89.0226 63.3012 252.017 1321.64 26.0191 155.278
internal_count=104313 103386 36718 15490 66668 4152 996 3156 1341 21228 5928 5628 15300 5975 14783 1815 5650 9133 62516 6482 1841 56034 6494 49540 707 510 4641 9325 300 817
is_linear=0
shrinkage=0.05


Tree=160
num_leaves=23
num_cat=0
split_feature=30 3 12 31 0 15 7 1 8 31 27 31 29 37 0 35 12 10 7 1 3 17
split_gain=7.5421 12.3271 11.2949 7.34209 7.21807 7.02523 5.80607 6.98061 5.512 9.90875 8.71979 7.44751 6.35283 6.34938 5.29586 5.12063 4.91865 4.85414 4.84942 7.63516 4.91017 4.02876
threshold=543.00000000000011 49.45000000000001 75.250000000000014 24.500000000000004 53.250000000000007 53.350000000000001 66.950000000000017 46.150000000000013 33.150000000000013 -15.499999999999998 6.5000000000000009 -14.499999999999998 53.500000000000007 57.163000000000004 47.850000000000001 4.2500000000000018 63.750000000000007 55.000000000000007 54.150000000000013 53.350000000000001 45.150000000000013 1650.0000000000002
decision_type=2 2 2 10 2 2 2 2 2 8 2 8 2 2 2 8 2 2 2 2 2 2
left_child=3 18 21 6 -4 -5 8 -8 9 13 -11 15 -13 -1 16 -10 -9 -16 19 20 -2 -3
right_child=1 2 4 5 -6 -7 7 14 11 10 -12 12 -14 -15 17 -17 -18 -19 -20 -21 -22 -23
leaf_value=0.067243364253791557 0.021002979479141169 0.0024296929852043051 0.002593432834668819 0 0.045019435073692354 0.041494647538622191 0.033670869061465845 -0.029738383363821171 -0.049342678628006766 -9.5159165297396012e-05 0.007342573428575693 0.0033656028523249039 -0.00064833049925043236 0.0098040636770489343 0.011174333887159216 -0.010730155126851614 0.0057354733916606384 -0.0070778035567885811 -0.046040440886819751 -0.041622213267152049 -0.021291131476693995 -0.029818991825050042
leaf_weight=9.4188172873109597 13.528596601448955 15.697474295273421 24.618566141463816 19.727890437468886 17.14896273240447 20.945672998204827 22.747010374441743 19.671079482883215 9.8495941776782256 1308.4872362087481 562.98582378402352 1083.1237768209539 10932.622933922336 10.288876138627527 189.80810956098139 69.631482634693384 18.888310393318534 44.647175185382366 22.174131572246552 18.846991833299398 13.717935547232626 24.041277011856437
leaf_count=82 134 112 172 185 92 134 151 111 95 11205 4561 9924 74627 130 950 710 110 200 135 109 134 174
internal_value=9.53986e-05 -0.0110621 0.0020116 0.000212498 0.0201981 0.0214005 0.000151659 0.00708308 4.67733e-06 0.00251518 0.0021399 -0.000387462 -0.000286065 0.0377091 0.00483801 -0.015634 -0.0122623 0.00767574 -0.0267244 -0.0172443 -0.00010818 -0.0169806
internal_weight=14472.6 149.774 81.5063 14322.8 41.7675 40.6736 14282.2 295.762 13986.4 1891.18 1871.47 12095.2 12015.7 19.7077 273.015 79.4811 38.5594 234.455 68.2677 46.0935 27.2465 39.7388
internal_count=104237 1062 550 103175 264 319 102856 1522 101334 15978 15766 85356 84551 212 1371 805 221 1150 512 377 268 286
is_linear=0
shrinkage=0.05


Tree=161
num_leaves=31
num_cat=0
split_feature=30 2 5 5 10 32 8 34 29 1 32 17 27 1 1 5 6 34 2 2 37 4 7 1 18 1 5 30 2 5
split_gain=6.846 6.99509 8.21807 6.24609 8.28663 7.62533 6.40161 12.5508 14.0417 9.42058 9.10212 12.6746 12.9582 8.42579 8.51039 8.00475 7.11478 6.17965 5.68629 5.81116 5.07592 5.82909 4.80185 4.47335 4.34327 6.86344 5.12223 4.01714 3.94614 3.36346
threshold=543.00000000000011 60.45000000000001 60.850000000000001 38.850000000000001 65.000000000000014 42.45000000000001 50.050000000000004 2.5000000000000004 53.500000000000007 53.45000000000001 51.650000000000013 2675.0000000000005 5.5000000000000009 47.250000000000007 47.95000000000001 74.450000000000017 60.050000000000004 1.5000000000000002 59.850000000000001 57.550000000000004 70.03428571428573 66.15000000000002 59.95000000000001 54.050000000000004 13.500000000000002 50.250000000000007 43.95000000000001 553.00000000000011 51.250000000000007 57.250000000000007
decision_type=2 2 2 2 2 2 2 8 2 2 2 2 2 2 2 2 2 8 2 2 2 2 2 2 2 2 2 2 2 2
left_child=3 2 24 4 5 20 10 8 22 -10 11 12 -5 29 -15 16 -12 -17 19 -7 21 -1 -8 -20 25 -2 -26 -28 -13 -9
right_child=1 -3 -4 6 -6 18 7 13 9 -11 15 28 -14 14 -16 17 -18 -19 23 -21 -22 -23 -24 -25 26 -27 27 -29 -30 -31
leaf_value=-0.025698179657892235 -0.01834113287158912 0.019596301164440739 -0.039215517528001953 0.0018188610799082612 0.021301972765433649 -0.0037527548553638458 0.0096463536262457582 -0.030941321605764502 -0.0027644172766875491 0.0014181647761974722 -0.0013947196929524064 -0.031631675936814936 0.013826784331274487 0.032487690873679656 -0.0058749968820297769 0.023398349958667963 0.0021545647579280761 0.00096277104922282077 -0.0055102601738276531 0.012241204248005363 -0.044843192322338153 0.0056849180529776376 -0.0076016503470034361 -0.040016310949374773 0.014375587753660938 0.023859717688661228 -0.033691249792333018 -0.0061562865577747755 0 0.0084037316129649559
leaf_weight=36.732909891754389 17.104134745895863 16.826273227110505 26.720450583845377 488.97835632832721 31.090153396129608 638.07255160156637 461.7503018444404 44.618304341565818 2569.7867048429325 2825.9049657322466 2599.7386326119304 27.613947226665914 417.35890639387071 14.60693520773202 748.80435227183625 68.563934899866581 3088.1176776383072 56.387143656611443 20.140670698136091 62.13319172244519 16.175585206132382 24.30832390114665 43.81393413990736 18.226131804287434 11.37189227901399 21.656674694269896 31.934755056165159 23.53729560598731 15.565520271658896 5.9213377777487031
leaf_count=912 130 81 134 7350 159 7239 3198 1132 18026 14289 15456 309 5593 214 6585 307 19566 250 159 503 800 554 243 122 166 134 228 189 134 75
internal_value=9.03923e-05 -0.0105621 -0.0144467 0.000201733 -0.00396254 -0.004934 0.000463799 -0.00062919 0.000172817 -0.000572946 0.0015499 0.00608918 0.00735482 -0.0064493 -0.00513027 0.000807466 0.000531424 0.0133226 -0.0033614 -0.00232484 -0.0198874 -0.0131299 0.00814049 -0.0220937 -0.00810114 0.00510964 -0.0158326 -0.02213 -0.0203166 -0.0262253
internal_weight=14473.6 149.151 132.325 14324.4 846.88 815.789 13477.5 6715.21 5901.26 5395.69 6762.32 949.517 906.337 813.951 763.411 5812.81 5687.86 124.951 738.573 700.206 77.2168 61.0412 505.564 38.3668 105.605 38.7608 66.8439 55.4721 43.1795 50.5396
internal_count=104237 1062 981 103175 10448 10289 92727 43762 35756 32315 48965 13386 12943 8006 6799 35579 35022 557 8023 7742 2266 1466 3441 281 847 264 583 417 443 1207
is_linear=0
shrinkage=0.05


Tree=162
num_leaves=26
num_cat=0
split_feature=30 12 5 31 15 5 33 31 7 13 1 7 8 31 29 2 1 7 17 0 8 35 19 30 5
split_gain=6.2118 10.2679 10.8402 6.53932 6.16901 5.9652 8.29351 9.25755 7.60849 7.3946 5.76928 5.74136 5.8223 8.8555 7.53997 5.72475 5.16353 5.47576 4.29301 4.04419 3.73249 3.70045 4.70974 2.88032 1.67309
threshold=543.00000000000011 80.950000000000017 53.750000000000007 24.500000000000004 53.350000000000001 38.850000000000001 24.850000000000005 4.5000000000000009 50.850000000000001 69.250000000000014 53.550000000000004 66.950000000000017 33.150000000000013 -15.499999999999998 53.500000000000007 46.95000000000001 48.550000000000004 69.750000000000014 1650.0000000000002 47.850000000000001 51.250000000000007 19.750000000000011 1.0000000180025095e-35 481.00000000000006 52.750000000000007
decision_type=2 2 2 10 2 2 2 8 2 2 2 2 2 8 2 2 2 2 2 2 2 10 2 2 2
left_child=3 15 10 5 -5 6 21 9 -9 -8 20 12 13 -7 -14 -2 17 -13 -17 -18 -3 23 -23 -1 -20
right_child=1 2 -4 4 -6 11 7 8 -10 -11 -12 16 14 -15 -16 18 19 -19 24 -21 -22 22 -24 -25 -26
leaf_value=-0.045973233038966554 -0.049481805176296578 0.015264054720824134 -0.018319933873065717 0 0.038710059013624017 0.037148130921727578 -0.00041582921751289544 -0.018816922477927853 0.00094662716127769152 0.042113107394931855 -0.00076783939832381759 0.043154107065525589 0.0041736215765164134 0.0025321593785766986 -0.00055900748640073938 0.00078388074863261546 -0.012075867627932366 0.0064358607111815631 -0.016714851301185316 0.0071010184645635679 0.056919909575005714 0.037971593957229335 -0.037144829772126735 -0.010446184036548664 -0.038660168035151821
leaf_weight=20.084844545461241 15.793814159929751 10.646983510814609 30.836201544851065 19.723456868901849 21.281675413250923 18.59730904828757 582.42307903477922 137.45518852863461 74.647219801321626 10.301494510844348 16.741699401289225 19.32746808603406 915.0075155403465 1757.9457285068929 10464.474455797113 24.111480291001499 31.337067723274231 22.144672658294439 22.72483885101974 211.6364534702152 11.921262770891188 4.3196905944496375 3.839046873152256 8.6110690524801594 15.764934208244084
leaf_count=952 146 110 166 185 134 181 6196 1862 758 85 95 117 7633 14017 69164 168 175 134 191 1023 102 109 106 344 84
internal_value=8.53185e-05 -0.0100828 0.00375267 0.000191188 0.0201063 0.00013352 -0.00394907 -0.00287827 -0.0118406 0.000321864 0.0211967 0.000389583 0.00023721 0.00289941 -0.000177991 -0.0225152 0.00741692 0.0237308 -0.0155639 0.00460319 0.0376426 -0.0271266 0.00199879 -0.0355592 -0.0259098
internal_weight=14471.7 148.541 70.1461 14323.2 41.0051 14282.2 841.682 804.827 212.102 592.725 39.3099 13440.5 13156 1776.54 11379.5 78.3951 284.446 41.4721 62.6013 242.974 22.5682 36.8547 8.15874 28.6959 38.4898
internal_count=104237 1062 473 103175 319 102856 10412 8901 2620 6281 307 92444 90995 14198 76797 589 1449 251 443 1198 212 1511 215 1296 275
is_linear=0
shrinkage=0.05


Tree=163
num_leaves=26
num_cat=0
split_feature=30 3 36 5 31 29 3 36 32 1 34 5 14 15 1 32 5 7 15 15 35 35 36 0 18
split_gain=5.6369 11.2469 8.31542 5.95245 5.85577 5.78562 5.62859 5.52114 9.58589 7.31509 13.1248 5.69338 8.85163 8.60005 6.03209 5.95718 8.96726 5.73581 5.44999 5.14735 4.47516 5.11454 4.25614 1.68037 1.15871
threshold=543.00000000000011 49.45000000000001 0.29166666666666669 48.250000000000007 24.500000000000004 57.750000000000007 45.150000000000013 -1.0000000180025095e-35 43.45000000000001 53.850000000000001 1.5000000000000002 33.650000000000013 29.250000000000004 52.45000000000001 42.95000000000001 51.650000000000013 59.45000000000001 77.15000000000002 53.350000000000001 55.350000000000001 3.600000000000001 6.1000000000000014 0.90000000000000013 49.250000000000007 11.500000000000002
decision_type=2 2 10 2 10 2 2 8 2 2 10 2 2 2 2 2 2 2 2 2 10 10 8 2 2
left_child=4 3 5 6 7 23 -2 8 20 10 -10 12 13 -9 -14 16 -13 -17 -6 -11 24 -22 -5 -3 -1
right_child=1 2 -4 22 18 -7 -8 11 9 19 -12 15 14 -15 -16 17 -18 -19 -20 -21 21 -23 -24 -25 -26
leaf_value=-0.018635186209371459 0.022732200999939636 -0.030832983863425652 0.025699996148941886 -0.05112066933866094 0 0.017440605593695337 -0.027227520542622709 -0.0064291152685333301 0.0022147250595600464 0.007927377972109538 -0.0088557504374114759 0.0022130382460180719 0.02519514760660619 0.049399367791869833 -0.019709427148440192 0.0001215919880873217 0.014814289517078989 0.019180492718703254 0.036258863722601474 -0.0055598402278725758 0.010606561235232157 -0.018445253734201087 -0.019662178326541671 -0.0093179128356770287 -0.052216369509338501
leaf_weight=4.3410325692966572 10.562875338830056 16.471413695253432 26.712128043174744 21.926946420222521 19.723456868901849 15.357055800035594 11.801444214768706 17.866995156742636 501.61062611266971 275.46125929802656 572.65763844829053 1280.7396402372979 7.9077923446893683 10.990647575818 99.321011838503182 11111.168148114346 158.8662548866123 39.522581860423088 21.583050699904561 94.651334932073951 18.481798371300101 78.173743085470051 22.819646054878831 22.436548395082355 10.216191248036919
leaf_count=86 108 136 168 130 185 114 121 207 4192 2360 6826 18588 188 104 1200 64363 1208 183 134 724 449 1892 153 132 286
internal_value=8.071e-05 -0.00962039 0.00287026 -0.024748 0.000181425 -0.00830239 -0.00341235 0.000126636 -0.00268465 -0.00159114 -0.00368221 0.000470682 -0.00969564 0.0147581 -0.0163309 0.000581041 0.00360804 0.000189764 0.0189581 0.00446413 -0.0168276 -0.0128333 -0.0352687 -0.01861 -0.0427389
internal_weight=14471.4 148.088 80.9771 67.1109 14323.3 54.265 22.3643 14282 1555.59 1444.38 1074.27 12726.4 136.086 28.8576 107.229 12590.3 1439.61 11150.7 41.3065 370.113 111.213 96.6555 44.7466 38.908 14.5572
internal_count=104237 1062 550 512 103175 382 229 102856 16815 14102 11018 86041 1699 311 1388 84342 19796 64546 319 3084 2713 2341 283 268 372
is_linear=0
shrinkage=0.05


Tree=164
num_leaves=19
num_cat=0
split_feature=33 30 3 2 5 3 31 20 8 5 10 31 8 31 29 17 33 4
split_gain=5.49482 5.20561 10.414 9.51741 5.66118 5.4474 5.28462 5.65172 5.12138 5.03691 8.04927 7.30966 5.64761 8.6962 7.07169 4.29316 4.0492 2.19336
threshold=85.250000000000014 543.00000000000011 49.45000000000001 56.650000000000013 48.250000000000007 43.95000000000001 24.500000000000004 1.0000000180025095e-35 49.95000000000001 38.850000000000001 65.000000000000014 4.5000000000000009 33.150000000000013 -15.499999999999998 53.500000000000007 1650.0000000000002 61.050000000000004 60.250000000000007
decision_type=2 2 2 2 2 2 10 2 2 2 2 8 2 8 2 2 2 2
left_child=1 6 4 8 5 -3 9 -8 -4 10 11 -1 13 -11 -14 -2 -10 -6
right_child=15 2 3 -5 17 -7 7 -9 16 12 -12 -13 14 -15 -16 -17 -18 -19
leaf_value=-0.0018184872387744515 0.026123342257553278 0.024494570371265078 -0.030255351986372237 0.031105401350542902 -0.0194532383661675 -0.025042933043082312 0.0012005312344598666 0.038492379262507689 0.015289634856688349 0.036330365582398709 0.02121896937192691 -0.01264537431854322 0.004061246187696349 0.0025310526441842006 -0.00047830269797994441 -0.00077819263381517269 -0.016000741905634146 -0.043347724900967659
leaf_weight=594.61209803959355 35.85512375831604 9.7125519439578074 17.510625069960952 21.510159896686673 16.720901409164071 12.604409950785337 23.169887186959386 18.414568014442921 23.996532605960965 19.162292698398232 31.024784110486507 211.94338920060545 932.92801228817552 1785.4593906989321 10646.192535795271 24.633135892450809 17.953337728977203 27.227770280092955
leaf_count=7356 183 98 142 117 119 131 161 158 207 182 158 2896 7720 14160 70070 133 83 163
internal_value=7.62777e-05 1.27529e-05 -0.00933702 0.0026389 -0.0240278 -0.00324761 0.000109686 0.0178869 -0.00761 5.72269e-05 -0.00370357 -0.00467095 0.000292984 0.00289471 -0.000112088 0.0151023 0.00177314 -0.034435
internal_weight=14470.6 14410.1 147.236 80.9707 66.2656 22.317 14262.9 41.5845 59.4605 14221.3 837.58 806.555 13383.7 1804.62 11579.1 60.4883 41.9499 43.9487
internal_count=104237 103921 1060 549 511 229 102861 319 432 102542 10410 10252 92132 14342 77790 316 290 282
is_linear=0
shrinkage=0.05


Tree=165
num_leaves=31
num_cat=0
split_feature=28 15 4 33 24 15 5 8 14 33 8 6 3 18 18 18 6 34 14 6 15 9 6 15 13 28 34 13 32 30
split_gain=10.5209 9.32479 13.199 14.8627 12.3002 11.2319 10.3268 13.4803 11.5805 10.7908 10.1159 9.50005 9.15547 8.20244 11.7329 8.82675 8.51549 8.25697 8.07364 7.8951 7.72643 10.3149 11.261 7.90924 15.3629 7.66127 7.46255 11.3631 8.7731 6.80009
threshold=4.5000000000000009 50.95000000000001 81.850000000000009 62.45000000000001 1.0000000180025095e-35 48.95000000000001 56.250000000000007 20.250000000000004 53.850000000000001 35.350000000000001 32.550000000000004 81.050000000000011 45.350000000000001 8.5000000000000018 7.5000000000000009 5.5000000000000009 70.850000000000009 1.0000000180025095e-35 52.250000000000007 75.950000000000017 36.350000000000001 49.250000000000007 52.350000000000001 37.350000000000001 49.95000000000001 2.5000000000000004 1.0000000180025095e-35 56.650000000000013 42.850000000000001 511.00000000000006
decision_type=2 2 2 2 2 2 2 2 2 2 2 2 2 2 2 2 2 10 2 2 2 2 2 2 2 2 10 2 2 2
left_child=13 2 6 5 11 10 7 8 -2 -9 -4 26 -13 14 15 -1 20 29 -5 -6 21 22 -15 24 -22 -25 27 -3 -28 -18
right_child=1 4 3 18 19 -7 -8 9 -10 -11 -12 12 -14 16 -16 -17 17 -19 -20 -21 23 -23 -24 25 -26 -27 28 -29 -30 -31
leaf_value=0.031365287281653352 0.045608645169471856 0.010631626717713158 -0.016148604968955659 0.00059901464394130624 -0.016429504803172318 0.031983083868127725 -0.011732527924776427 -0.01794970941128993 -0.016305188127572999 0.00084783487358120304 0.012908814128780633 -0.044489967331513967 -0.010465097751673359 0.051779051780023913 0.013350699362191279 -0.0054896822362697764 0.0084443383568285138 0.0016497028629578173 -0.029379143498218276 -0.055312245181838617 0.02701968510163686 0.0026307133015552884 0.0074948726015309289 0.0020560554910308893 -0.027586479632738858 -0.0018631299577064415 -0.025169973961247941 -0.033019326750330161 -0.003685586297154703 0.035803223262222537
leaf_weight=17.670301856473088 27.891427013557404 157.19057122431695 35.268041930161417 78.357393085956573 79.271266745403409 65.047264968976378 251.80386798083782 87.6078259809874 10.142886517569421 586.66260779835284 191.69189288001508 25.709866023622453 87.904447687789798 23.710413936525583 289.17015803791583 187.09928273223341 178.08160091936588 3572.3732435004786 31.208170384168625 15.793492174707351 15.916256271302698 360.3533246088773 37.072423357516527 1637.4266786435619 64.487022406421602 5217.3758320324123 49.806718472391367 16.331380406394601 1040.4806314818561 26.165671270340681
leaf_count=103 330 1080 296 348 631 509 1524 2052 122 4881 1455 266 822 135 1563 1061 905 25226 139 153 110 2033 234 11305 400 37963 961 100 7462 133
internal_value=-0.000105373 -0.0028349 0.000137488 0.00775622 -0.0055949 0.0136535 -0.00303117 3.90041e-05 0.0289671 -0.00158941 0.00836634 -0.00438893 -0.0182409 0.000560503 0.00686517 -0.00227117 0.000280274 0.00221053 -0.00791324 -0.0229931 -0.000710021 0.00586306 0.0249082 -0.00110997 -0.0166947 -0.000926197 -0.00313836 0.00647788 -0.00467384 0.0119895
internal_weight=14465.1 2838.17 1365.68 401.573 1472.49 292.007 964.109 712.305 38.0343 674.27 226.96 1377.42 113.614 11626.9 493.94 204.77 11133 3776.62 109.566 95.0648 7356.34 421.136 60.7828 6935.21 80.4033 6854.8 1263.81 173.522 1090.29 204.247
internal_count=104302 23131 11656 2747 11475 2260 8909 7385 452 6933 1751 10691 1088 81171 2727 1164 78444 26264 487 784 52180 2402 369 49778 510 49268 9603 1180 8423 1038
is_linear=0
shrinkage=0.05


Tree=166
num_leaves=31
num_cat=0
split_feature=34 37 1 17 32 37 9 7 0 30 36 13 5 17 1 7 8 37 4 30 17 35 0 7 0 18 3 15 18 32
split_gain=7.49557 9.01628 7.783 9.88365 9.08978 9.65788 11.6359 9.52606 9.36398 8.7655 8.26402 13.4073 10.2442 7.73478 8.12926 7.72746 17.307 12.0467 11.305 10.807 8.82196 8.68296 12.3473 8.94767 8.08529 7.7296 7.63129 7.38774 8.79939 8.40341
threshold=1.0000000180025095e-35 68.338500000000025 41.150000000000013 1350.0000000000002 63.250000000000007 81.039000000000016 55.050000000000004 41.550000000000004 36.95000000000001 507.00000000000006 0.29166666666666669 54.95000000000001 64.65000000000002 2760.0000000000005 49.650000000000013 53.45000000000001 65.750000000000014 48.936785714285726 99.950000000000017 483.00000000000006 1950.0000000000002 10.900000000000004 60.550000000000004 35.95000000000001 47.95000000000001 16.500000000000004 43.350000000000001 51.95000000000001 14.500000000000002 60.95000000000001
decision_type=10 2 2 2 2 2 2 2 2 2 10 2 2 2 2 2 2 2 2 2 2 10 2 2 2 2 2 2 2 2
left_child=1 15 3 27 5 10 7 -7 -6 -5 11 -4 -12 14 -10 16 21 18 20 25 -17 23 -23 -1 -21 -19 -15 28 -2 -30
right_child=2 -3 4 9 8 6 -8 -9 13 -11 12 -13 -14 26 -16 17 -18 19 -20 24 -22 22 -24 -25 -26 -27 -28 -29 29 -31
leaf_value=-0.038758798767289562 -0.012751109867942246 0.019978277158615068 0.00079253709750924629 -0.026989971994393104 0.029576438320377901 0.01502360734743809 0.038081688155093885 -0.018829442031025354 -0.0074186407985414697 0.01269245448145712 -0.0032626188913150744 0.0079217961591804293 0.014174112424043451 -0.015079766135240126 -0.0016544326926758316 0.0045037334785411158 0.0087554347930485499 0.01772257062541403 -0.020764406368799723 0.029977109381747486 -0.013671707150364915 0.0098021562458470417 -0.018897994331013159 -0.0032968747510545384 -0.0033693739846796123 -0.002622104447203304 0.010445400360152747 -0.016913415413979806 0.018793430303678253 0.087823487004785539
leaf_weight=17.921183767728508 13.49262447375804 67.35683992318809 2236.9006850351579 88.702940454240888 23.481735097244382 24.152762672863901 11.420588511973618 140.12511996272951 695.13519747182727 16.255308938212693 1122.7106331242248 936.22617886168882 90.892572518438101 33.899472907185555 5138.5889577288181 521.1571359783411 441.04693221859634 329.62615564838052 58.93778632953763 20.27542344853282 76.385334424674511 255.06009723432362 43.738821730017662 1583.5537052657455 168.24885031580925 53.873644635081291 205.97436912357807 23.74919721763581 16.538647010456774 6.1017932072281829
leaf_count=256 209 338 23670 1921 144 569 125 2512 4098 293 10111 9682 489 168 25205 2768 2430 1838 281 158 401 1890 293 11385 831 367 949 395 450 76
internal_value=-0.000100698 0.00186261 -0.00076088 -0.0115407 -0.000593603 0.00109357 -0.0103941 -0.0138157 -0.00185693 -0.0207904 0.00155505 0.00289777 -0.00195152 -0.00197976 -0.00234226 0.00151885 -0.000164217 0.0047303 0.000100572 0.0100339 0.00217006 -0.00223742 0.00557932 -0.00369923 0.00020446 0.0148516 0.00681251 0.00459582 0.0188789 0.0379219
internal_weight=14461.5 3637.18 10824.3 164.841 10659.5 4562.43 175.698 164.278 6097.08 104.958 4386.73 3173.13 1213.6 6073.6 5833.72 3569.83 2341.32 1228.5 656.48 572.024 597.542 1900.27 298.799 1601.47 188.524 383.5 239.874 59.8823 36.1331 22.6404
internal_count=104302 23236 81066 3344 77722 47158 3206 3081 30564 2214 43952 33352 10600 30420 29303 22898 16254 6644 3450 3194 3169 13824 2183 11641 989 2205 1117 1130 735 526
is_linear=0
shrinkage=0.05


Tree=167
num_leaves=31
num_cat=0
split_feature=28 31 5 9 0 17 5 28 6 7 32 3 37 3 1 13 5 34 30 1 37 4 8 7 3 3 27 5 23 4
split_gain=9.51081 10.0608 9.75921 8.54189 11.2115 7.86365 11.3677 8.8271 6.60903 10.2641 8.35178 10.5894 10.0072 14.0751 9.21715 9.17874 8.97061 7.56528 7.60033 6.53216 6.46168 8.73814 7.58738 6.24102 7.9823 7.01423 6.03799 8.49275 7.5411 6.25236
threshold=4.5000000000000009 3.5000000000000004 63.45000000000001 73.850000000000009 57.250000000000007 2675.0000000000005 60.850000000000001 5.5000000000000009 70.850000000000009 39.350000000000001 63.250000000000007 39.250000000000007 54.850000000000009 55.250000000000007 59.850000000000001 46.550000000000004 39.250000000000007 1.0000000180025095e-35 507.00000000000006 49.750000000000007 54.550000000000004 50.850000000000001 62.45000000000001 45.350000000000001 47.45000000000001 49.750000000000007 3.5000000000000004 39.650000000000013 1.0000000180025095e-35 88.850000000000009
decision_type=2 8 2 2 2 2 2 2 2 2 2 2 2 2 2 2 2 10 2 2 2 2 2 2 2 2 2 2 2 2
left_child=8 2 5 -3 -5 20 7 -7 9 26 11 15 13 -12 -14 -11 -13 18 23 -4 21 -2 -22 25 -25 -10 29 -28 -29 -1
right_child=1 3 19 4 -6 6 -8 -9 17 10 12 16 14 -15 -16 -17 -18 -19 -20 -21 22 -23 -24 24 -26 -27 27 28 -30 -31
leaf_value=-0.014853373700038778 -0.014460382391420468 -0.0083378850469988507 -0.028136019473310514 -0.0045555966169781486 0.052657842037706487 0.019158562066336232 0.047080141694192133 -0.00161293164394592 0.0024346099557131344 0.015357763111087509 -0.001289747356396145 -0.0059480743208511124 -0.0045186773578246887 0.0086696014602655365 0.006361200797966521 -0.011053147158335889 0.0037045485324837461 0.0016623554510384699 0.032797902218775994 -0.0063762399522099902 0.00040293168846409897 0.010452253233850253 -0.0077887984549801174 0.017679435674926317 -0.0063005440099916116 0.04441918785663055 -0.032905248961001846 -0.0052174645505950988 0.024698704090117221 -0.052034121631458742
leaf_weight=74.942699378356338 41.832041254267097 808.4483833280392 43.37988156825304 23.152645129710436 13.349159602075813 79.081152841448784 17.951442677527666 143.36491880286485 19.232111241668463 37.933892193716019 1324.8602344579995 264.07684584055096 2187.3254380002618 484.11855347082019 213.23278456926346 238.18086642865092 2671.1073816763237 3713.2658567004837 34.289578247815371 172.76117948815227 852.26821062713861 215.39673239737749 422.0730082700029 54.457655798643827 94.950173083692789 21.142723586410284 23.054568812716752 132.64160649152473 24.931307944469154 13.462540708482264
leaf_count=908 383 6955 253 179 93 479 93 862 101 414 6306 3959 10953 2233 967 2415 23856 25989 171 845 7893 1545 3551 280 468 109 403 1303 261 75
internal_value=-9.61931e-05 -0.0026942 -0.000748812 -0.00726502 0.0163182 0.000472195 0.00887935 0.0057543 0.00053642 -0.000316003 3.12005e-05 0.00195231 -0.00143316 0.00137314 -0.00354995 -0.00740235 0.00283423 0.00220249 0.0111264 -0.0107776 -0.000844634 0.00637734 -0.00230672 0.00716933 0.00241245 0.0245993 -0.0099081 -0.00462708 -0.000439732 -0.0206242
internal_weight=14460.3 2833.06 1988.11 844.95 36.5018 1771.97 240.398 222.446 11627.2 7689.87 7420.84 3211.3 4209.54 1808.98 2400.56 276.115 2935.18 3937.34 224.072 216.141 1531.57 257.229 1274.34 189.783 149.408 40.3748 269.033 180.627 157.573 88.4052
internal_count=104302 23131 15904 7227 272 14806 1434 1341 81171 54053 51103 30644 20459 8539 11920 2829 27815 27118 1129 1098 13372 1928 11444 958 748 210 2950 1967 1564 983
is_linear=0
shrinkage=0.05


Tree=168
num_leaves=31
num_cat=0
split_feature=28 31 33 3 2 21 5 2 9 1 29 5 30 9 5 9 31 2 9 29 4 10 31 3 36 3 30 31 33 12
split_gain=8.59818 9.13176 10.6572 11.0449 8.33058 12.4891 8.11629 8.69633 7.69525 6.88872 6.36463 21.6898 6.66745 6.78769 9.15108 8.31763 7.29306 9.09726 8.54774 6.94568 6.21817 5.92874 6.61815 8.89971 6.90434 5.73165 4.94516 4.78949 5.49767 4.29576
threshold=4.5000000000000009 3.5000000000000004 65.850000000000009 63.550000000000004 53.150000000000013 1.0000000180025095e-35 60.650000000000013 56.95000000000001 73.850000000000009 56.250000000000007 50.250000000000007 42.250000000000007 401.00000000000006 50.850000000000001 49.650000000000013 60.95000000000001 -2.4999999999999996 64.850000000000009 50.050000000000004 54.250000000000007 49.95000000000001 77.500000000000014 9.5000000000000018 51.250000000000007 0.45000000000000007 52.750000000000007 489.00000000000006 -1.4999999999999998 45.150000000000013 88.65000000000002
decision_type=2 8 2 2 2 2 2 2 2 2 2 2 2 2 2 2 8 2 2 2 2 2 10 2 10 2 2 8 2 2
left_child=10 2 3 4 5 -2 7 -4 21 26 11 -1 27 16 15 -15 18 -18 -14 -16 -6 22 24 -24 -3 -9 -8 29 -29 -12
right_child=1 8 6 -5 20 -7 9 25 -10 -11 12 -13 13 14 19 -17 17 -19 -20 -21 -22 -23 23 -25 -26 -27 -28 28 -30 -31
leaf_value=0.066080460073450212 -0.010762094048979163 -0.0082437160504683395 -0.019613792367053191 0.029099915695649931 -0.006399864207755632 0.005878007009217881 -0.047870091010894636 0.012817575120119967 0.015336372980232261 -0.0055904625711997976 -0.036938986105784742 -0.0086480976747406128 0.0011318366310130287 0.00010003512034510202 0.0065657504710089371 0.012313996277143788 0.0018658572909332424 0.02463790844896158 -0.0056899944057451843 -0.004974787693992044 0.0039469516677610658 0.019516875841446457 -0.010550038409028727 0.0094282553475280167 -0.020970350458229352 -0.0097227017884280661 -0.016710456634248406 -0.02082190576646286 0.011448881453596791 0
leaf_weight=15.71221064403653 337.52774307643995 417.40343004371971 57.799361974000931 33.52857518941164 169.12931257393211 168.80417290143669 28.799417287111282 72.255431830883026 36.859966143965721 37.423742637038231 27.50503724720329 24.867677354253829 1208.3590821321122 990.04822215717286 142.25650059245527 162.29427394270897 6701.085044067353 44.086868695914745 739.69425385864452 1509.7206844314933 1011.825593624264 18.969184763729572 120.99962280225009 103.07598619256169 144.43002445064485 45.914677038788795 24.190183401107788 24.018960222601891 28.903678741306067 11.020144189707933
leaf_count=155 4097 3621 259 227 1633 1053 124 317 272 158 396 170 9174 8235 894 1153 46459 204 5322 8154 7737 85 1154 891 1204 196 103 506 216 133
internal_value=-9.18121e-05 -0.00256424 -0.000712465 0.000725663 0.000157175 -0.00520457 -0.0100182 -0.00372348 -0.00692943 -0.0221966 0.000509203 0.0202546 0.000439457 0.000546885 -0.00159127 0.00182549 0.00123721 0.0020158 -0.00145607 -0.00397764 0.00246049 -0.0079571 -0.00862899 -0.00133751 -0.0115274 0.00401652 -0.0337979 -0.0129985 -0.00311458 -0.0264035
internal_weight=14458.5 2828.94 1987.2 1720.82 1687.29 506.332 266.383 175.969 841.738 90.4133 11629.6 40.5799 11589 11497.5 2804.32 1152.34 8693.23 6745.17 1948.05 1651.98 1180.95 804.878 785.909 224.076 561.833 118.17 52.9896 91.4478 52.9226 38.5252
internal_count=104302 23131 15904 14747 14520 5150 1157 772 7227 385 81171 325 80846 79595 18436 9388 61159 46663 14496 9048 9370 6955 6870 2045 4825 513 227 1251 722 529
is_linear=0
shrinkage=0.05


Tree=169
num_leaves=30
num_cat=0
split_feature=18 18 18 30 29 5 7 24 7 34 36 9 37 12 31 13 30 31 37 13 3 13 8 36 31 4 3 12 32
split_gain=7.14048 10.0718 6.83281 6.64535 6.60788 18.8834 5.78086 5.98987 8.02867 7.68301 7.18975 13.5225 6.0956 5.72743 5.35129 4.15419 4.06 5.55536 3.96754 7.99599 7.98627 3.85093 4.43979 5.18249 3.73975 4.47713 3.49705 2.76647 2.59313
threshold=8.5000000000000018 7.5000000000000009 5.5000000000000009 471.00000000000006 50.250000000000007 42.250000000000007 74.65000000000002 1.0000000180025095e-35 51.350000000000001 1.0000000180025095e-35 0.90000000000000013 48.350000000000001 81.539000000000016 74.15000000000002 -8.4999999999999982 46.850000000000001 453.00000000000006 4.5000000000000009 65.394500000000008 55.050000000000004 51.650000000000013 56.350000000000001 68.950000000000017 0.63333333333333341 6.5000000000000009 79.750000000000014 50.250000000000007 52.600000000000001 59.45000000000001
decision_type=2 2 2 2 2 2 2 2 2 8 10 2 2 2 8 2 2 8 2 2 2 2 2 8 8 2 2 2 2
left_child=1 2 -1 15 5 -2 7 10 9 -9 12 -12 -6 -8 -10 -3 17 27 20 -20 -18 22 23 -5 25 -17 -23 -4 -26
right_child=4 3 16 21 6 -7 13 8 14 -11 11 -13 -14 -15 -16 24 18 -19 19 -21 -22 26 -24 -25 28 -27 -28 -29 -30
leaf_value=0.025247365918321669 0.062371075484263828 -0.0026980507988985485 -0.042345711508295504 -0.0058331789399554239 0.00036607124458273963 -0.0068819599814711396 -0.00022308641626663956 0.012542954340877724 0.016286663811660936 -0.0030223596933740705 0.021991003814278362 -0.0056839601087216819 -0.0067595659551316842 0.030310964849028871 -0.011134579185533051 0.035006571530233448 0.018272971373915411 0.0018352113010962957 0.0015851817460187394 -0.038218435831902535 -0.010296632671977279 -0.023762072653035815 0.029071985145558532 0.015024856940993578 0.021537678807011421 0.014958058512477057 0.0047671977052769219 -0.013255484395039738 -0.0037143580579851281
leaf_weight=19.675309585407376 15.823583531193433 21.962067782878876 18.983887568116188 62.489259391091764 11521.4962315429 25.454019867815077 30.30298712849617 94.049363009631634 18.463506633415818 500.90990562504157 46.237407701089978 906.80747228953987 308.0197011041455 30.380534835159779 368.85009962040931 56.768177684396505 52.102546306326985 23.541892975568771 37.017589362338185 18.864251103252172 45.728139072656631 21.08904630318284 20.864127794280648 56.388516809791327 17.666631128638983 57.526349620893598 21.25900899246335 15.623873298987744 23.102214962244034
leaf_count=113 161 142 132 355 81222 187 148 562 135 4236 459 7556 3804 154 2343 352 283 145 219 102 242 106 115 291 122 308 102 101 105
internal_value=-8.76505e-05 0.00529546 -0.00281825 0.01054 -0.00031734 0.0196316 -0.000377403 -0.000445693 -0.00420827 -0.000551745 -0.000156137 -0.00433388 0.000180054 0.0150059 -0.00981062 0.0174435 -0.00545893 -0.0167067 -0.00116327 -0.0118064 0.004871 0.00379512 0.00781673 0.00402292 0.0203283 0.0249814 -0.0093449 -0.0294329 0.00713185
internal_weight=14457.4 590.653 231.537 359.115 13866.8 41.2776 13825.5 13764.8 982.273 594.959 12782.6 953.045 11829.5 60.6835 387.314 177.025 211.862 58.1497 153.713 55.8818 97.8307 182.09 139.742 118.878 155.063 114.295 42.3481 34.6078 40.7688
internal_count=104302 3335 1337 1998 100967 348 100619 100317 7276 4798 93041 8015 85026 302 2478 1029 1224 378 846 321 525 969 761 646 887 660 208 233 227
is_linear=0
shrinkage=0.05


Tree=170
num_leaves=27
num_cat=0
split_feature=13 3 15 30 28 3 5 6 13 36 15 16 35 15 30 6 7 1 37 0 13 30 6 5 5 17
split_gain=6.85912 8.80843 8.0918 6.85893 6.47446 11.1648 10.1568 6.88681 8.8737 10.8858 9.42801 8.18766 6.9066 6.54172 6.23625 5.59392 5.5843 5.02947 7.63064 7.62051 4.46813 4.14982 3.81063 3.1241 2.2129 2.16013
threshold=42.050000000000004 59.050000000000004 36.350000000000001 385.00000000000006 6.5000000000000009 42.45000000000001 37.650000000000013 63.45000000000001 50.45000000000001 0.22500000000000003 52.350000000000001 61.650000000000013 38.900000000000013 50.250000000000007 449.00000000000006 72.850000000000009 41.850000000000001 48.350000000000001 53.131142857142862 44.650000000000013 53.95000000000001 495.00000000000006 69.65000000000002 50.050000000000004 47.250000000000007 2675.0000000000005
decision_type=2 2 2 2 2 2 2 2 2 10 2 2 10 2 2 2 2 2 2 2 2 2 2 2 2 2
left_child=1 2 -1 22 7 20 25 8 10 -10 -5 12 -9 -13 -8 23 24 19 -19 -18 21 -6 -2 -3 -4 -7
right_child=3 15 16 4 5 6 14 11 9 -11 -12 13 -14 -15 -16 -17 17 18 -20 -21 -22 -23 -24 -25 -26 -27
leaf_value=0.023339237491422828 -0.048140323944662763 0.0093075253481788266 -0.015875870440251093 -0.0010180984513784056 -0.021324432873187318 -0.050243259048555755 -0.035864161303321977 0.0016118154112599718 -0.00045486271739981593 -0.0070110997907973163 0.0047851024654154816 0.056527573688086308 0.016118995328521176 0.0056067794193125171 0.0021202300517774719 -0.00823195711657616 0.0067527111819279482 0.02396914927742759 -0.0074743420976037898 -0.023207864176469938 0.0013940133569355371 -0.053057249994401916 0.00015649421400257686 0.042450353236961169 -0.048419472080860393 -0.015406418669545599
leaf_weight=18.117746151983738 11.096177715342494 13.791893106419595 9.8881259546615201 1500.4810661175288 29.343164392281324 11.768418150022628 11.174734314903615 7450.0453131324612 2484.125301046297 850.48827016633004 1309.8125042486936 12.150984130799772 82.943510225042701 13.551653454080222 257.59712920058519 17.34020840190351 26.823995035141706 22.026780940592289 148.65370468050241 96.785187837667763 11.44391863234341 16.80325745139271 6.1056505204178384 15.847958795726298 12.97161289770156 8.1191303543746454
leaf_count=131 194 150 176 11450 366 248 134 53332 17795 4924 8571 107 663 102 2405 142 392 123 1106 1033 98 198 106 105 152 57
internal_value=0.000468767 -0.00613771 -0.00898856 0.000648685 0.000687772 -0.00606186 -0.00202908 0.000858723 -0.000383761 -0.00212868 0.00168493 0.00186947 0.00177243 0.0299993 0.000509604 0.0140766 -0.0108579 -0.00897845 -0.00337554 -0.0166656 -0.0261501 -0.0330771 -0.0308069 0.0272797 -0.0346908 -0.0364194
internal_weight=14449.3 382.247 335.267 14067.1 14049.8 346.25 288.659 13703.6 6144.91 3334.61 2810.29 7558.69 7532.99 25.7026 268.772 46.9801 317.149 294.29 170.68 123.609 57.5903 46.1464 17.2018 29.6399 22.8597 19.8875
internal_count=104260 3510 3113 100750 100450 3506 2844 96944 42740 22719 20021 54204 53995 209 2539 397 2982 2654 1229 1425 662 564 300 255 328 305
is_linear=0
shrinkage=0.05


Tree=171
num_leaves=29
num_cat=0
split_feature=13 3 31 30 1 8 6 13 31 33 33 6 36 27 1 3 8 36 33 17 4 3 33 3 37 6 4 6
split_gain=6.22251 7.96899 6.96411 6.33981 5.95894 8.10384 5.65501 7.98625 16.672 12.3315 10.0992 9.75523 9.10091 8.01531 6.18085 10.5298 7.74436 7.51381 10.6774 7.2837 6.87432 5.62466 5.19335 5.9166 5.2032 4.98253 5.28856 3.65949
threshold=42.050000000000004 59.050000000000004 15.500000000000002 385.00000000000006 48.750000000000007 16.550000000000004 63.45000000000001 50.250000000000007 9.5000000000000018 55.45000000000001 59.250000000000007 48.750000000000007 1.0000000180025095e-35 7.5000000000000009 55.150000000000013 58.550000000000004 82.950000000000017 inf 51.050000000000004 1350.0000000000002 82.250000000000014 45.650000000000013 47.150000000000013 51.750000000000007 60.54657142857144 72.850000000000009 62.850000000000001 69.65000000000002
decision_type=2 2 10 2 2 2 2 2 10 2 2 2 8 2 2 2 2 8 2 2 2 2 2 2 2 2 2 2
left_child=1 2 4 27 22 -6 7 8 9 -5 12 -12 -9 -10 15 16 -8 18 -16 -19 -17 -7 24 -24 -1 26 -3 -2
right_child=3 25 -4 6 5 21 14 10 13 -11 11 -13 -14 -15 17 20 -18 19 -20 -21 -22 -23 23 -25 -26 -27 -28 -29
leaf_value=-0.018603432872307653 -0.047472857230905531 0.043342971298050953 0.02703380924651777 0.0038408564669762642 0.022604582954157119 0.0054979487844822039 0.00014375680477329966 0.0011437820806804086 0.012492409703666399 -0.0029951091944653749 0.0079006716624430897 -0.0013261880042384777 -0.0072266303160530114 0.044266105976371428 0.0098872860558593852 0.009680561846554081 -0.0079709911976181876 -0.0071744435142107425 0.00028628298645181217 0.0088930621068347461 -0.0021901658544306794 -0.01495133623298823 -0.04289884337868563 -0.0082409081587913342 0.0068118570191127176 -0.0078525230532636887 0.00041648045470119537 0.00014878115716203188
leaf_weight=60.727434129454195 10.701046864967795 17.449964079540226 13.005769940093158 1376.8823457546532 24.668219853192568 49.676167640835047 3840.7407415672205 445.8981260927394 135.84671684913337 1265.9597103074193 356.35544100403786 1457.3376714736223 1185.2654182352126 23.415919623337686 343.28814751747996 455.05540676694363 318.20778540661559 77.433699633926153 1856.0859759226441 749.80798537284136 165.69525216054171 101.84514610655606 33.432662028819323 20.181297983974218 29.688543899916112 17.275707023218274 12.542488399893044 6.1062546004541209
leaf_count=780 194 161 117 12930 192 368 32655 4093 1078 5929 1595 6573 11367 179 3209 3819 2624 432 9033 3959 975 736 222 114 584 142 94 106
internal_value=0.000444795 -0.00586247 -0.00859733 0.000615757 -0.0100681 -0.00386111 0.000652914 -0.000467677 0.00151347 0.000564448 -0.00208063 0.00048429 -0.00493548 0.0172202 0.0015503 0.000429507 -0.00047609 0.00331854 0.00178751 0.00738234 0.00650405 -0.00821487 -0.0176184 -0.0299857 -0.0102046 0.0132893 0.0256188 -0.0299772
internal_weight=14450.6 380.493 333.225 14070.1 320.219 176.19 14053.3 6246.96 2802.1 2642.84 3444.86 1813.69 1631.16 159.263 7806.31 4779.7 4158.95 3026.62 2199.37 827.242 620.751 151.521 144.03 53.614 90.416 47.2682 29.9925 16.8073
internal_count=104260 3510 3113 100750 2996 1296 100450 43744 20116 18859 23628 8168 15460 1257 56706 40073 35279 16633 12242 4391 4794 1104 1700 336 1364 397 255 300
is_linear=0
shrinkage=0.05


Tree=172
num_leaves=31
num_cat=0
split_feature=28 3 5 12 6 35 6 4 6 35 6 30 3 8 35 15 31 3 0 1 8 0 9 35 15 36 2 6 1 35
split_gain=5.89157 9.67047 9.58971 5.91897 15.2215 5.77587 5.75594 8.07903 7.58654 6.68025 8.98094 10.6581 10.5338 10.1007 8.54044 8.2562 7.80571 7.80709 10.6071 6.86715 11.3684 10.9141 6.39778 7.45122 6.26274 5.97158 5.94569 5.7262 6.32613 6.21119
threshold=6.5000000000000009 42.45000000000001 37.650000000000013 99.950000000000017 74.350000000000009 3.7500000000000013 61.050000000000004 49.95000000000001 60.850000000000001 31.400000000000006 75.950000000000017 467.00000000000006 58.850000000000001 55.050000000000004 32.250000000000014 51.150000000000013 -11.499999999999998 56.550000000000004 54.350000000000001 55.150000000000013 83.450000000000017 45.150000000000013 48.45000000000001 9.9000000000000039 48.250000000000007 0.29166666666666669 54.550000000000004 45.650000000000006 43.850000000000001 10.750000000000004
decision_type=2 2 2 2 2 10 2 2 2 10 2 2 2 2 10 2 10 2 2 2 2 2 2 8 2 8 2 2 2 10
left_child=6 -2 -3 5 -5 -4 7 27 22 16 12 13 14 -12 -11 -14 17 18 -8 20 -18 -21 23 -9 -13 -24 -19 28 -1 -30
right_child=1 2 3 4 -6 -7 9 8 -10 10 11 24 15 -15 -16 -17 19 26 -20 21 -22 -23 25 -25 -26 -27 -28 -29 29 -31
leaf_value=-0.019379570490767228 -0.024760599441478418 -0.035916223636418249 -0.020739029587207761 -0.0062726088322527813 0.057902660439274833 0.00055502703907986102 -0.0041635610591779374 -0.03083191409412386 -0.015807466319223275 0.033629294288448262 0.07083075732481868 -0.017283285993007505 0.0043218414489073565 0.014576365721431186 -0.0046558493578554797 0.059191873434811984 0.00094022816815594054 -0.0030341857509225086 -0.03102985249632309 0.018221351967947247 -0.0082112116100527405 0.002672558951236954 0.0036368936946125775 -0.0034847381801674012 0.019739942479468073 -0.00042380328533607036 0.035378450506070899 -0.0080738973989596605 0.0042928638610231539 0.040231442858825017
leaf_weight=18.424067703075707 57.260872951243073 19.675941682886332 37.76556577719748 23.937540365383029 14.813769234344361 197.78844273742288 107.32511884486303 33.989853927865624 74.628481216728687 15.873549910262225 17.446488634683192 16.134566327556968 14.031147224828603 15.238461968488989 164.20595398917794 13.747453724965451 4334.9969770335592 28.712371428497136 56.221840579528362 117.47984385769814 368.0511772618629 2900.2166766980663 1178.4571301038377 94.612296357750893 37.789985507726669 3900.0252725416794 15.242339018732308 515.47749222768471 46.216286840848625 16.35914141125977
leaf_count=222 673 312 306 246 174 1867 1105 256 501 135 155 129 105 112 1421 96 36083 272 425 747 3045 15549 7553 831 272 26309 95 4699 423 142
internal_value=0.000422145 -0.00597213 -0.00228838 0.000117735 0.0182174 -0.00284511 0.000581817 -0.000612367 9.66148e-06 0.00143611 0.00883225 0.0223594 0.00316374 0.0448807 -0.00123657 0.0317709 0.00116067 -0.00840342 -0.0134431 0.00141846 0.000222832 0.00328012 0.000237614 -0.0107699 0.00855832 0.000517546 0.0102229 -0.0061278 0.00619013 0.0138173
internal_weight=14452.1 351.242 293.981 274.305 38.7513 235.554 14100.9 5878.19 5281.71 8222.71 294.468 86.6095 207.858 32.685 180.08 27.7786 7928.25 207.502 163.547 7720.74 4703.05 3017.7 5207.08 128.602 53.9246 5078.48 43.9547 596.477 80.9995 62.5754
internal_count=104260 3578 2905 2593 420 2173 100682 40936 35450 59746 2425 668 1757 267 1556 201 57321 1897 1530 55424 39128 16296 34949 1087 401 33862 367 5486 787 565
is_linear=0
shrinkage=0.05


Tree=173
num_leaves=31
num_cat=0
split_feature=13 0 12 13 1 7 6 30 1 14 32 11 37 32 0 36 0 10 35 6 27 13 37 18 30 0 13 6 3 4
split_gain=5.95617 15.8861 12.3517 9.63236 7.66874 9.39441 9.52532 6.7406 6.61784 7.00676 6.5272 6.17408 6.09618 5.701 6.02177 5.48324 5.4032 4.56599 5.34683 4.4343 7.36713 4.23984 3.79731 3.75435 3.56695 9.5394 4.03484 3.39832 2.11892 0.852711
threshold=63.050000000000004 50.650000000000013 53.750000000000007 62.150000000000013 56.95000000000001 49.650000000000013 53.350000000000001 385.00000000000006 38.550000000000004 35.650000000000013 34.350000000000001 50.050000000000004 60.54657142857144 52.250000000000007 44.550000000000004 0.29166666666666669 41.850000000000001 65.000000000000014 10.750000000000004 73.350000000000009 4.5000000000000009 76.850000000000009 54.184285714285721 9.5000000000000018 461.00000000000006 47.550000000000004 64.65000000000002 75.65000000000002 47.150000000000013 71.450000000000017
decision_type=2 2 2 2 2 2 2 2 2 2 2 2 2 2 2 10 2 2 10 2 2 2 2 2 2 2 2 2 2 2
left_child=3 2 21 7 5 6 -4 28 9 22 -11 15 -13 29 -15 -10 -7 18 23 20 -16 24 -9 -3 26 -26 -2 -25 -1 -5
right_child=1 17 4 13 -6 16 -8 8 11 10 -12 12 -14 14 19 -17 -18 -19 -20 -21 -22 -23 -24 27 25 -27 -28 -29 -30 -31
leaf_value=-0.007277313990337978 0.010902019681212273 0.0086820209218812887 0.06736244783585027 -0.055199832138532134 0.042484123595038233 0.031696609026319773 0.020343347225181281 -0.010446163987450472 0.0011045198863866062 -0.051071576506645761 0.00015107480740978338 -0.035885799271836584 0.0036364230659583041 0.01629653134205962 -0.0037437788913331025 -0.001209878150271765 -0.0016780721280424623 0.016241857627379733 0.014856887268985873 0.00042142248003397271 -0.035426579815079351 0.019193074018217352 -0.048794533464958989 -0.0092376374330579991 -0.0062932871270673339 0.029102222342734758 -0.020916468684472878 -0.028149641835932326 -0.045655149864347551 -0.028391498334565998
leaf_weight=6.1203417200595167 13.364761118777094 23.242910571396351 13.121003725565968 7.1588379964232427 33.155300077050924 14.590601613745092 63.213806285522878 11.242580522783102 10124.685071836226 6.7001206530258051 70.617812086828053 22.958201244473457 16.516718480736017 19.459807490929961 34.845425786450505 3423.038161569275 68.22651107609272 23.011138841509819 24.258402477949858 36.57698667421937 39.648762531578541 29.547647593542933 16.625163541175425 135.74377712793648 63.074296083301306 27.077219922095537 36.680274003185332 29.272940243594348 10.193224764429031 7.8045965605415404
leaf_count=123 116 114 109 149 188 136 542 131 74005 240 1308 264 332 139 186 22419 416 101 138 192 216 181 359 764 461 145 315 189 182 100
internal_value=0.000400544 0.00528791 0.011866 0.000189337 0.020542 0.0159157 0.0285683 0.000325558 0.000364303 -0.0121212 -0.00428336 0.000461417 -0.0192555 -0.0126027 -0.00918448 0.000519378 0.00417267 -0.00480328 -0.00711209 -0.0137044 -0.0206985 0.00200097 -0.0335952 -0.00997586 -0.00159788 0.0043029 -0.0123147 -0.0126378 -0.0316937 -0.0418304
internal_weight=14451.8 597.581 362.051 13854.2 192.307 159.152 76.3348 13708.7 13692.4 105.186 77.3179 13587.2 39.4749 145.494 130.531 13547.7 82.8171 235.529 212.518 111.071 74.4942 169.744 27.8677 188.26 140.197 90.1515 50.045 165.017 16.3136 14.9634
internal_count=104260 3915 2609 100345 1391 1203 651 99363 99058 2038 1548 97020 596 982 733 96424 552 1306 1205 594 402 1218 490 1067 1037 606 431 953 305 249
is_linear=0
shrinkage=0.05


Tree=174
num_leaves=31
num_cat=0
split_feature=13 15 33 31 8 6 1 9 1 32 7 6 28 33 8 7 6 13 31 12 15 36 34 13 16 15 35 12 1 12
split_gain=5.55372 7.66947 6.13969 9.90249 10.8835 8.45805 6.79601 6.55405 6.18487 6.45923 6.16691 5.66502 5.41609 9.03837 9.54219 9.8389 5.36852 7.34548 16.6141 12.5776 11.2164 9.10973 10.3072 9.78551 7.20956 6.03476 5.99761 7.54219 6.06123 5.21288
threshold=42.050000000000004 36.350000000000001 47.750000000000007 1.5000000000000002 15.65 64.950000000000017 49.650000000000013 58.850000000000001 47.550000000000004 62.350000000000001 43.45000000000001 74.350000000000009 6.5000000000000009 37.750000000000007 28.050000000000004 49.150000000000013 63.45000000000001 50.45000000000001 9.5000000000000018 64.550000000000011 52.150000000000013 0.22500000000000003 1.0000000180025095e-35 50.95000000000001 61.650000000000013 50.150000000000013 38.900000000000013 59.550000000000004 53.350000000000001 95.950000000000017
decision_type=2 2 2 10 2 2 2 2 2 2 2 2 2 2 2 2 2 2 10 2 2 10 8 2 2 2 10 2 2 2
left_child=1 -1 3 4 5 -3 10 -6 -4 -10 -5 -11 16 14 15 -14 17 18 20 -20 -2 22 -19 -23 26 -26 28 -28 -18 -15
right_child=12 2 8 6 7 -7 -8 -9 9 11 -12 -13 13 29 -16 -17 24 21 19 -21 -22 23 -24 -25 25 -27 27 -29 -30 -31
leaf_value=0.023578042057924749 -0.0025494793666702557 -0.017284608659130132 -0.030756993444778433 -0.039171371862699735 -0.024823145784652199 0.056341943820342182 0.034840153960741797 0.025201020835250998 -0.022682509944594254 0.0085091805194414914 0.0096585038759181008 -0.016111009551591029 -0.023095858523556605 -0.0050472145809569964 -0.036723866347446128 0.069258452494564013 -0.00022739558727201322 0.0039742803839376371 0.042081596324077021 0.0091744658508000534 0.003951674621978229 -0.025715094446511932 -0.0028007950013817446 -0.0049583914940220554 0.053054663774924432 0.0044931051640349313 0.043763102877338853 0.0069234614390120469 0.0026343158472768285 0.013636723050250122
leaf_weight=21.101944331079721 1397.5350282294676 6.4867027709260574 40.65071246214211 7.408323948737233 65.816935653798282 9.2555025201290828 23.997801215387881 7.0914752334356299 53.412159617990255 59.881967265158892 45.899545448366553 38.127025078982115 6.925390709191559 249.24630494788289 39.615646865218878 4.7503148689866066 3360.8545741401613 856.75753512047231 38.384003039449453 121.32536090351641 1262.4532129000872 61.292111188173294 1626.96723648021 785.31110093463212 12.344336403533818 13.716355550102888 17.677198307588696 66.192645433358848 4108.629314516671 43.718529978767037
leaf_count=149 10646 100 264 152 941 150 274 70 331 291 600 188 176 1875 1004 86 30293 4662 294 949 8216 367 13201 4560 105 104 143 521 23180 368
internal_value=0.000380047 -0.00558966 -0.00732885 -0.000253095 -0.0116819 0.0257703 0.0127865 -0.0198612 -0.0134132 -0.00870683 0.00271824 -0.00102415 0.000541258 -0.00565057 -0.0250012 0.0143234 0.000696918 -0.000400046 0.00147686 0.0171359 0.000534177 -0.00199067 -0.000461663 -0.00646989 0.00158766 0.0278016 0.00149619 0.0147905 0.00134605 -0.00223829
internal_weight=14452.8 379.13 358.028 165.956 88.6506 15.7422 77.3057 72.9084 192.072 151.421 53.3079 98.009 14073.7 344.256 51.2914 11.6757 13729.4 6150.03 2819.7 159.709 2659.99 3330.33 2483.72 846.603 7579.41 26.0607 7553.35 83.8698 7469.48 292.965
internal_count=104260 3510 3361 2287 1261 250 1026 1011 1074 810 752 479 100750 3509 1266 262 97241 42895 20105 1243 18862 22790 17863 4927 54346 209 54137 664 53473 2243
is_linear=0
shrinkage=0.05


Tree=175
num_leaves=28
num_cat=0
split_feature=5 28 13 0 1 18 18 35 33 2 33 33 32 33 30 13 6 15 27 2 30 35 32 13 0 3 35
split_gain=8.67543 8.04575 9.84364 7.47105 7.25106 6.47053 10.5423 7.21492 6.34212 6.18871 6.14872 5.9738 7.19085 5.36004 10.006 7.35326 5.10649 7.89532 5.96624 5.44111 4.79558 4.53514 4.37687 4.29531 4.1381 4.02 3.91518
threshold=78.15000000000002 6.5000000000000009 52.750000000000007 47.650000000000013 51.550000000000004 7.5000000000000009 8.5000000000000018 5.2500000000000018 68.450000000000017 54.150000000000013 49.750000000000007 51.050000000000004 65.250000000000014 50.050000000000004 433.00000000000006 42.750000000000007 74.350000000000009 36.350000000000001 3.5000000000000004 59.250000000000007 487.00000000000006 1.2500000000000004 59.850000000000001 50.250000000000007 52.650000000000013 52.650000000000013 6.1000000000000014
decision_type=2 2 2 2 2 2 2 10 2 2 2 2 2 2 2 2 2 2 2 2 2 10 2 2 2 2 10
left_child=1 5 16 -4 -2 7 8 10 9 -7 22 12 -5 14 -8 -15 17 -3 26 -20 -6 -10 -1 -19 -12 -9 -18
right_child=4 2 3 11 20 6 13 25 21 -11 24 -13 -14 15 -16 -17 18 23 19 -21 -22 -23 -24 -25 -26 -27 -28
leaf_value=-0.0061449401258890472 0.040517307952898152 0.025615109820499551 -0.025020190933190113 0.03839905175275176 0.018215664434491744 0.011116242072816645 -0.0056848702147961902 -0.012721531988601265 0.040527640873269509 -0.0038930559797328555 -0.0044872930993932877 -0.0055726335578513272 -0.0008000481501626933 -0.010147890173967538 0.0025836860528360354 -0.0002960173394185899 -0.014073886223783203 -0.015498596709805457 -0.020788135716596257 0.0081668830242935218 -0.0087287581251440129 0.0090646605490569566 -0.03435662887686864 -0.034686424139298844 0.013878664255420968 -0.042498134554899342 0.024524493468902127
leaf_weight=37.255883590318263 22.006774835288525 9.4425042327493411 15.299234946258364 30.511804111301899 41.095174834132195 209.88458309136331 408.72698322776705 27.906425839290023 25.030402563512325 101.38683265075088 79.126465871930122 27.121316317468882 18.53207666426897 193.23644001036882 3460.8502329364419 9429.8314709104598 8.8332759318873268 101.82781097572297 51.723025023471564 23.258160404860973 27.199071124196053 22.081607237458229 22.277125868946314 42.136299627833068 49.743609264492989 19.968935625627637 23.621689219493419
leaf_count=355 98 80 123 367 182 1233 6934 177 125 503 347 169 93 1040 41316 48149 92 1114 646 206 120 105 118 433 220 120 289
internal_value=0.000131966 3.49485e-05 -0.00742682 0.00664637 0.015573 0.000221965 0.000362295 -0.00797991 0.00882521 0.0062117 -0.00353894 0.0130972 0.0235138 0.000137074 0.0017089 -0.000494471 -0.0123814 -0.0182424 -0.00395685 -0.0117412 0.00741452 0.0259371 -0.0168255 -0.0211695 0.00256843 -0.0253083 0.0138546
internal_weight=14529.9 14439.6 352.307 91.4644 90.301 14087.3 13851 236.278 358.383 311.271 188.403 76.1652 49.0439 13492.6 3869.58 9623.07 260.843 153.407 107.436 74.9812 68.2942 47.112 59.533 143.964 128.87 47.8754 32.455
internal_count=104754 104354 3612 752 400 100742 99405 1337 1966 1736 1040 629 460 97439 48250 49189 2860 1627 1233 852 302 230 473 1547 567 297 381
is_linear=0
shrinkage=0.05


Tree=176
num_leaves=25
num_cat=0
split_feature=5 28 13 0 2 18 18 33 33 12 36 28 0 6 27 8 5 31 0 6 15 15 15 36
split_gain=7.83176 7.30613 8.9455 6.74692 6.40003 5.87155 9.5157 5.84673 5.84644 5.97344 5.8243 10.8189 7.00859 5.8223 5.54459 5.74937 5.04457 10.4217 4.99998 6.02751 6.9996 6.00516 4.37984 2.64571
threshold=78.15000000000002 6.5000000000000009 52.750000000000007 47.650000000000013 56.850000000000001 7.5000000000000009 8.5000000000000018 70.250000000000014 68.450000000000017 98.850000000000009 0.29166666666666669 3.5000000000000004 63.95000000000001 74.15000000000002 2.5000000000000004 39.150000000000013 44.050000000000004 -2.4999999999999996 62.150000000000013 74.350000000000009 36.350000000000001 46.050000000000004 40.250000000000007 -1.0000000180025095e-35
decision_type=2 2 2 2 2 2 2 2 2 2 10 2 2 2 2 2 2 10 2 2 2 2 2 10
left_child=1 5 18 -4 13 7 8 16 9 -7 12 -12 -8 -2 -5 -16 17 -1 19 20 -3 -21 -18 -10
right_child=4 2 3 14 -6 6 10 -9 23 -11 11 -13 -14 -15 15 -17 22 -19 -20 21 -22 -23 -24 -25
leaf_value=-0.02155415438902036 0.037166318172161476 0.024004650456181845 -0.024046138385593191 0.037163881758863856 -0.0029981697298418646 0.0018275166737930328 0.00085524592366509333 0.014649091437139734 0.03779350625681914 0.017755830292349572 0.0024095423131900596 -0.0036979408379122941 -0.012050895712762738 0.0043964563257002914 0.034016836363696949 -0.0032457896538995914 0.0072950087533679778 0.02572000562042781 -0.047353979607801917 -0.020562734519238186 -0.019811238040345139 0.0064488726936854091 -0.017626812064544025 0.013416373072470608
leaf_weight=21.362711169756949 35.823404997587204 9.5753638595342618 15.131436587311326 17.327647601254284 32.07465136051178 232.77355355210602 10097.762891283259 25.951645359396935 21.675480149686337 79.110528456047177 1076.9348524454981 2214.7818939462304 106.15427871793509 22.413920812308788 13.159818347543476 46.39935231488198 19.746779885143042 25.337698520161211 9.5388156743720156 28.437794684432447 137.93398203747347 73.465787975583225 142.96449516527355 24.963812962174416
leaf_count=170 160 80 123 146 139 1311 75069 124 108 425 6617 15130 623 101 116 367 109 206 95 360 1503 822 728 122
internal_value=0.000124969 3.27729e-05 -0.00709162 0.00625882 0.0147951 0.000210645 0.000344055 -0.00761778 0.00838279 0.00588821 0.000130067 -0.00169825 0.000720373 0.024669 0.0123113 0.00494693 -0.0104068 0.00398815 -0.0118556 -0.0104595 -0.0169188 -0.00105289 -0.0145689 0.0249092
internal_weight=14530.8 14440.5 350.97 92.0183 90.312 14089.5 13854.2 235.363 358.523 311.884 13495.6 3291.72 10203.9 58.2373 76.8868 59.5592 209.412 46.7004 258.952 249.413 147.509 101.904 162.711 46.6393
internal_count=104754 104354 3612 752 400 100742 99405 1337 1966 1736 97439 21747 75692 261 629 483 1213 376 2860 2765 1583 1182 837 230
is_linear=0
shrinkage=0.05


Tree=177
num_leaves=24
num_cat=0
split_feature=7 28 9 28 35 15 16 4 14 1 30 8 30 14 12 35 7 15 17 32 3 3 27
split_gain=9.05967 6.93073 6.27788 5.36192 9.73092 10.5256 9.33281 11.4819 9.14435 8.45962 8.53006 7.04207 6.82749 7.04337 4.57921 6.07812 5.94611 4.41163 3.66035 3.33065 3.18311 2.47111 2.26301
threshold=74.65000000000002 7.5000000000000009 50.250000000000007 3.5000000000000004 27.900000000000009 56.750000000000007 47.050000000000004 78.050000000000011 37.850000000000001 38.550000000000004 539.00000000000011 50.050000000000004 509.00000000000006 53.850000000000001 70.65000000000002 14.100000000000003 46.050000000000004 58.250000000000007 1075.0000000000002 58.95000000000001 51.650000000000013 45.150000000000013 5.5000000000000009
decision_type=2 2 2 2 10 2 2 2 2 2 2 2 2 2 2 10 2 2 2 2 2 2 2
left_child=1 3 -2 4 5 8 7 -5 -1 18 -11 -7 13 -6 15 16 19 -17 -8 -3 21 -16 -18
right_child=2 14 -4 6 12 11 9 -9 -10 10 -12 -13 -14 -15 20 17 22 -19 -20 -21 -22 -23 -24
leaf_value=0.0045370963010515544 0.031205815053315541 -0.015260978731754603 -0.00027733530366739822 0.054767585352247697 0.0053457783933698782 0.006197173513255304 0.013268983027156001 -0.0040132564522378225 -0.001149256820153696 -0.0013101614011954757 0.012436509114471944 0.00055288477363703422 0.042099311110752109 0.036299821308887197 -0.020165304802751131 0.032595047760028716 -0.042295157667060948 -0.010555728223265714 -0.027595916512289504 0.025609955283536229 -0.010579716805004158 -0.058656448885411633 -0.012895052394507027
leaf_weight=813.94428754970431 39.465872898697853 9.6992583973333257 25.875442456454039 16.510576218366623 158.02453010994941 1205.3766535907052 6.0785268312320104 16.301493341103196 5369.8684652252123 5553.2458878215402 115.03340654913336 1024.2764758244157 17.107504289597273 20.825069213286042 8.1171920225024241 14.272990218363704 16.698539674282078 9.7795480061322433 41.297350319102407 9.9221000466495735 15.292136488482354 10.196668530814348 11.900393622927366
leaf_count=5837 193 154 132 135 1151 7522 75 104 41033 39718 800 5937 113 154 105 171 159 80 697 67 179 136 102
internal_value=0.00011864 3.43104e-05 0.0186806 0.000128688 0.000918533 0.000661293 -0.00105338 0.0254891 -0.000399921 -0.00120707 -0.00103009 0.00360664 0.0119317 0.00899625 -0.0127047 -0.00551203 -0.015793 0.0148722 -0.0222306 0.0051781 -0.0279628 -0.0420698 -0.0303232
internal_weight=14529.1 14463.8 65.3413 14357.9 8609.42 8413.47 5748.47 32.8121 6183.81 5715.66 5668.28 2229.65 195.957 178.85 105.879 72.2728 48.2203 24.0525 47.3759 19.6214 33.606 18.3139 28.5989
internal_count=104754 104429 325 103276 61747 60329 41529 239 46870 41290 40518 13459 1418 1305 1153 733 482 251 772 221 420 241 261
is_linear=0
shrinkage=0.05


Tree=178
num_leaves=31
num_cat=0
split_feature=7 36 13 2 30 14 1 33 15 14 4 12 5 13 32 34 3 6 0 0 6 8 7 4 12 13 32 7 7 9
split_gain=8.17369 6.74708 7.09171 10.8323 10.0169 10.8703 8.31182 8.01466 16.4158 7.27216 8.72696 7.06757 12.917 11.926 16.9615 9.63603 8.43575 9.34483 7.57073 7.25985 10.2548 9.76129 7.31845 12.6816 6.96729 6.95071 9.80025 7.65033 6.46884 5.84554
threshold=74.65000000000002 0.29166666666666669 54.750000000000007 49.95000000000001 495.00000000000006 63.550000000000004 59.350000000000001 37.150000000000013 37.650000000000013 55.350000000000001 74.250000000000014 90.850000000000009 53.850000000000001 53.95000000000001 53.050000000000004 1.5000000000000002 55.750000000000007 91.050000000000011 50.95000000000001 62.550000000000004 63.050000000000004 71.250000000000014 37.45000000000001 47.150000000000013 58.850000000000001 56.250000000000007 72.050000000000011 50.45000000000001 45.650000000000013 50.45000000000001
decision_type=2 10 2 2 2 2 2 2 2 2 2 2 2 2 2 8 2 2 2 2 2 2 2 2 2 2 2 2 2 2
left_child=1 11 3 9 25 6 -6 8 -5 10 -3 19 16 15 -15 -14 17 -13 -18 22 24 -22 23 -1 -21 27 -27 -4 -11 -9
right_child=-2 2 4 7 5 -7 -8 29 -10 28 -12 12 13 14 -16 -17 18 -19 -20 20 21 -23 -24 -25 -26 26 -28 -29 -30 -31
leaf_value=0.028597218525354837 0.0177418858395017 -0.0065636611387904654 -0.0071441729972868328 0.073171818528088295 0.00321253306200351 -0.025174680183913573 0.036424055190584469 -0.0022455509925917989 0.006923552933108576 -0.025563497109779204 -0.028048047477799699 0.0031666351274664793 -0.00036902369241717168 0.046915998936214842 0.0031472606987296386 -0.011500155158997327 0.0029762757393909595 0.047582863271503371 0.017082222760772266 -0.0071018168150189563 -0.0091578079154412337 0.029661601588505226 0.00029476900539689361 -0.01579667105885171 -0.041932749978784586 -0.010017646408293827 0.0085236646845632535 -0.02728401521120366 0.018924989552382906 0.0031247387807982561
leaf_weight=18.040126595180482 65.352530892938375 128.81477794423699 94.487204439006746 9.8459607958793622 198.95949582755566 31.00437312759459 20.78341967612505 1471.4703832063824 164.10561607312411 10.690927274525164 75.432016688399017 1326.9717571763322 499.13578552752733 23.31484992057085 415.14579160138965 319.41962906904519 153.44658533483744 11.867763417772947 254.50423035211861 25.547343371436 73.43703015614301 20.660637119784951 7644.75188494334 138.33701844327152 34.0148123819381 304.20709611475468 92.698072951287031 95.937715280801058 32.936669639311731 772.42481012642384
leaf_count=326 325 1492 620 114 1132 171 100 8616 2442 151 726 11778 2602 201 2006 1977 1535 94 1737 154 486 123 56394 1657 192 1981 410 545 335 4332
internal_value=0.000112431 3.22993e-05 -0.00187723 -0.000613774 -0.00588945 0.00246007 0.00639158 0.000404931 0.0107419 -0.0105669 -0.0145325 0.000643301 0.0027097 -0.00115211 0.0054962 -0.00471964 0.00549148 0.00356761 0.0117907 -0.000136386 -0.0108957 -0.00055887 7.50367e-05 -0.0106283 -0.0271138 -0.00946241 -0.00567363 -0.017326 0.00787523 -0.00039463
internal_weight=14527.7 14462.4 3503.8 2665.72 838.077 250.747 219.743 2417.85 173.952 247.874 204.247 10958.6 3003.81 1257.02 438.461 818.555 1746.79 1338.84 407.951 7954.79 153.66 94.0977 7801.13 156.377 59.5622 587.33 396.905 190.425 43.6276 2243.9
internal_count=104754 104429 23167 18208 4959 1403 1232 15504 2556 2704 2218 81262 21930 6786 2207 4579 15144 11872 3272 59332 955 609 58377 1983 346 3556 2391 1165 486 12948
is_linear=0
shrinkage=0.05


Tree=179
num_leaves=22
num_cat=0
split_feature=7 5 36 31 35 2 29 37 0 4 4 2 6 7 2 13 6 13 13 4 14
split_gain=7.37418 6.6732 5.78837 11.7075 8.59894 7.0504 12.3044 6.89971 6.64759 7.14189 7.77896 7.10248 6.94481 8.38313 5.74373 5.31342 5.03026 4.13177 3.59845 4.55563 2.60423
threshold=74.65000000000002 78.15000000000002 0.29166666666666669 17.500000000000004 14.600000000000003 49.95000000000001 52.250000000000007 60.246571428571436 63.95000000000001 92.550000000000011 79.750000000000014 53.650000000000013 60.050000000000004 54.250000000000007 56.850000000000001 50.750000000000007 74.15000000000002 50.350000000000001 54.850000000000001 65.350000000000009 42.250000000000007
decision_type=2 2 10 8 10 2 2 2 2 2 2 2 2 2 2 2 2 2 2 2 2
left_child=1 2 8 5 17 7 -7 -4 9 10 -1 -11 15 -14 16 -10 -3 -5 19 -2 -6
right_child=18 14 3 4 20 6 -8 -9 12 11 -12 -13 13 -15 -16 -17 -18 -19 -20 -21 -22
leaf_value=0.0010608374334362303 0.024423141039825361 0.034680587719616192 -0.016300739662591292 0.020154299031373363 0.020367201955296566 0.017194264352465866 -0.0020300054178835885 -0.0014654949846888764 -0.0484328607775893 0.0090268377700290486 -0.0021451435342556505 0.00079769618415794722 -0.01452395930530846 0.022058147828145195 -0.0032959171394251006 -0.011724504020353362 0.0041463470395736403 -0.015085516120079665 0.033962183367399472 -0.0074166456381100244 0.051460357491837243
leaf_weight=7150.9271769751795 22.488330110907555 35.530686132609844 167.44923119619489 15.937420919537542 12.318782145157458 85.455230582505465 3014.314159380272 148.80570305977017 17.930675379931927 480.84988567046821 2572.3381064822897 579.79718337580562 45.748522084206343 23.65102749876678 31.872680447995663 22.981524225324392 22.398276373744011 17.117644051089883 20.955057743936777 21.943941682577133 17.556242845952511
leaf_count=57035 112 159 1695 103 111 623 18691 1608 101 2319 18150 2796 292 141 138 125 101 105 104 109 136
internal_value=0.000106359 3.02131e-05 -5.43804e-05 -0.00183027 0.0195148 -0.00222551 -0.00149788 -0.00933887 0.000512283 0.000637691 0.000212152 0.00453363 -0.0116916 -0.00197121 0.0136104 -0.0280135 0.0229882 0.00176401 0.0168469 0.00860468 0.0389168
internal_weight=14528.4 14463 14373.2 3478.95 62.9301 3416.02 3099.77 316.255 10894.2 10783.9 9723.27 1060.65 110.312 69.3995 89.8016 40.9122 57.929 33.0551 65.3873 44.4323 29.875
internal_count=104754 104429 104031 23072 455 22617 19314 3303 80959 80300 75185 5115 659 433 398 226 260 208 325 221 247
is_linear=0
shrinkage=0.05


Tree=180
num_leaves=31
num_cat=0
split_feature=37 35 7 2 15 7 30 7 35 14 0 22 33 37 35 18 36 13 31 6 29 35 15 4 14 4 30 0 0 29
split_gain=6.5829 10.5068 7.92417 9.06937 8.347 8.24359 7.35554 7.23903 17.8586 6.36723 7.16065 6.81865 5.91189 6.99071 6.88163 5.98377 5.07181 14.7228 13.1282 10.9927 10.3136 12.6235 9.70355 7.84307 7.26187 7.21655 6.85737 6.35336 6.37027 5.98625
threshold=77.163000000000025 1.4000000000000004 48.250000000000007 59.050000000000004 54.350000000000001 48.45000000000001 541.00000000000011 41.750000000000007 12.600000000000003 57.550000000000004 55.750000000000007 1.0000000180025095e-35 71.850000000000009 55.468571428571437 1.2500000000000004 14.500000000000002 0.29166666666666669 51.050000000000004 17.500000000000004 78.350000000000009 58.250000000000007 8.7500000000000036 56.150000000000013 60.45000000000001 46.45000000000001 81.050000000000011 485.00000000000006 60.650000000000013 60.45000000000001 57.250000000000007
decision_type=2 8 2 2 2 2 2 2 8 2 2 2 2 2 10 2 10 2 10 2 2 10 2 2 2 2 2 2 2 2
left_child=6 -2 3 7 -5 -4 16 8 -3 11 -11 -7 13 -8 -15 -16 20 18 19 -18 27 25 26 -24 -20 -22 -19 28 -1 -29
right_child=1 2 5 4 -6 9 12 -9 -10 10 -12 -13 -14 14 15 -17 17 22 24 -21 21 -23 23 -25 -26 -27 -28 29 -30 -31
leaf_value=0.00031679991642483103 -0.035050294492879629 0.025981444934453646 0.036406241057553732 0.03328342709296022 -0.015618395829503027 0.010891916155630016 -0.01601744564570776 -0.014374581864094139 -0.014888911576403022 -0.035132148820783964 0.00083982386589159298 -0.0022849833449145162 -0.034500011522852106 -0.021895127814718158 -0.00046866511058107717 0.036208690719303695 -0.00075979547413193094 -0.012024264096393046 0.0078490821591933792 0.01202354630812354 -0.0076929472597580852 0.021118234727309827 0.011340638821822464 -0.0031817945054252736 0.054412274288548425 0.018608233318112632 -0.0034720837386340098 -0.0042449376827211442 0.021682792762920636 -0.02997506660428393
leaf_weight=9192.4021066897549 27.130018893163651 42.447326008230448 15.269537990912793 23.479998266324401 13.61663390509784 130.66308596450835 86.991979557089508 316.67867119424045 71.776239439379424 27.089701301418245 27.618439135141671 392.96218248363584 22.551012679934502 15.884200265631078 23.869263557717204 20.293610076420009 1483.1938242390752 567.32220007199794 16.590484663844109 189.5252842605114 98.157835100777447 131.2362788002938 115.21611082274467 479.23914276622236 17.502811497077346 35.386276919394732 402.92548201791942 444.59253830183297 34.927748030051589 23.814493481069803
leaf_count=64263 214 627 160 171 105 1325 572 4525 1460 284 232 3899 97 132 176 170 10641 3659 120 1196 618 762 709 2566 131 173 2397 2611 218 141
internal_value=-0.000621805 -0.004361 -0.00356877 -0.00843345 0.0152054 0.000258906 -0.000317634 -0.0104832 0.00026488 -0.000692965 -0.0169127 0.000995026 -0.010662 -0.00695108 0.00610531 0.016316 -0.000184596 -0.00189288 0.00131628 0.000686248 0.000376 0.0101104 -0.00539657 -0.000357242 0.0319891 -0.000677586 -0.00847858 0.000109547 0.000398452 -0.00556989
internal_weight=14490.4 1088.73 1061.6 467.999 37.0966 593.603 13401.6 430.902 114.224 578.333 54.7081 523.625 169.59 147.039 60.0471 44.1629 13232 3271.52 1706.81 1672.72 9960.52 264.78 1564.7 594.455 34.0933 133.544 970.248 9695.74 9227.33 468.407
internal_count=104354 13002 12788 6888 276 5900 91352 6612 2087 5740 516 5224 1147 1050 478 346 90205 21419 12088 11837 68786 1553 9331 3275 251 791 6056 67233 64481 2752
is_linear=0
shrinkage=0.05


Tree=181
num_leaves=31
num_cat=0
split_feature=9 15 33 0 13 9 1 30 33 8 5 0 9 19 30 12 3 29 3 9 0 0 13 15 18 33 18 13 14 9
split_gain=7.35559 8.26015 9.07435 8.33681 7.75837 10.4002 7.52466 6.91621 7.08615 9.57975 6.8084 7.32407 6.63228 6.60843 6.55423 7.24133 6.22398 5.92124 5.89639 5.83048 6.63721 5.55171 8.43457 7.56371 5.82267 9.93207 5.48423 5.27584 5.13548 5.97799
threshold=51.050000000000004 49.350000000000001 57.45000000000001 63.150000000000013 49.550000000000004 74.350000000000009 50.150000000000013 451.00000000000006 55.45000000000001 31.350000000000005 79.15000000000002 64.750000000000014 59.850000000000001 1.0000000180025095e-35 509.00000000000006 84.250000000000014 62.150000000000013 57.750000000000007 53.350000000000001 74.250000000000014 61.650000000000013 49.95000000000001 71.050000000000011 64.250000000000014 16.500000000000004 76.550000000000011 13.500000000000002 39.050000000000004 59.850000000000001 50.45000000000001
decision_type=2 2 2 2 2 2 2 2 2 2 2 2 2 2 2 2 2 2 2 2 2 2 2 2 2 2 2 2 2 2
left_child=10 3 7 4 5 12 -4 8 9 -3 11 21 -2 -7 17 -16 18 -6 -8 20 -9 22 23 -1 27 -26 -21 -23 29 -13
right_child=1 2 6 -5 14 13 16 19 -10 -11 -12 28 -14 -15 15 -17 -18 -19 -20 26 -22 24 -24 -25 25 -27 -28 -29 -30 -31
leaf_value=-0.0030026224297128178 -0.0071820516623594512 0.016633405967482261 -0.01929206509018383 0.036419394482277344 0.002667120718291424 -0.003757800750488643 -0.0095077566177118183 -0.00059977036258666329 0.016251984231406554 -0.020466861240533447 0.017173620645025141 -0.021400436666824715 -0.029052696821960301 0.037869477204845001 -0.020197267434574086 0.0093877321002089013 -0.03227374312403565 0.016649123770634284 0.0012240745177584751 -0.0029010067594677611 -0.031071048747494709 -0.012881282955817919 0.014534548688317396 0.0051567372362519796 -0.0037820218841474276 0.025214616521961993 0.019284378451858885 0.0012409332094729802 0.012333272063633206 0.0087058053513776115
leaf_weight=2855.0368913961574 167.72059853561223 20.126749612390995 151.34282919764519 15.942308221943675 473.94953382574022 19.059951428323984 357.3917039334774 541.1785296453163 20.47569628059864 119.77177634928375 56.812744501978159 91.775190345942974 44.024977281689644 18.561519760638475 57.721737154759467 31.861109510995448 22.903298169374466 90.3883316074498 198.14438775926828 44.994597259908915 18.399847192689776 66.567605032585561 77.053764207288623 314.90880931355059 987.78886594809592 30.305677562952042 71.457469254732132 7482.0758995269425 18.364358680322766 19.774759531021118
leaf_count=27793 1344 207 734 98 3359 126 1683 4541 115 1111 252 533 334 130 394 196 105 590 918 284 138 457 500 2301 7357 132 545 47851 119 107
internal_value=-0.000591396 -0.00306713 -0.00527567 0.000690512 5.0429e-05 -0.00744605 -0.00935127 -0.00171295 -0.0110458 -0.0150856 -7.82079e-05 -0.000160832 -0.0117644 0.0166935 0.00291749 -0.00962055 -0.00673883 0.00491799 -0.00567148 0.000494977 -0.00161602 -3.05167e-05 -0.00179147 -0.00219034 0.000636357 -0.00291158 0.0106744 0.00111557 -0.0119634 -0.0160156
internal_weight=14485.9 2485.42 1566.19 919.23 903.288 249.367 729.782 836.405 160.374 139.899 12000.5 11943.7 211.746 37.6215 653.921 89.5828 578.439 564.338 555.536 676.03 559.578 11813.7 3247 3169.95 8566.74 1018.09 116.452 7548.64 129.914 111.55
internal_count=104354 16952 10381 6571 6473 1934 3440 6941 1433 1318 87402 87150 1678 256 4539 590 2706 3949 2601 5508 4679 86391 30594 30094 55797 7489 829 48308 759 640
is_linear=0
shrinkage=0.05


Tree=182
num_leaves=31
num_cat=0
split_feature=26 37 15 9 0 15 5 0 9 16 3 37 3 5 7 7 33 8 13 33 7 13 33 0 8 1 33 5 7 9
split_gain=8.63759 8.3549 8.20056 7.80836 10.7727 7.80494 7.78262 6.84594 6.81756 6.80177 6.38548 6.02528 5.8782 9.1396 8.85315 10.0187 8.82683 6.59311 6.07216 5.93536 5.29034 5.12579 5.07606 4.89884 6.18997 8.61086 4.6737 4.46016 4.42013 6.26269
threshold=1.0000000180025095e-35 82.783000000000015 40.650000000000013 51.050000000000004 63.150000000000013 51.45000000000001 79.15000000000002 67.550000000000011 58.550000000000004 49.350000000000001 45.250000000000007 60.742785714285723 46.95000000000001 49.850000000000001 45.95000000000001 43.650000000000013 65.450000000000017 64.450000000000017 53.050000000000004 46.750000000000007 58.050000000000004 49.250000000000007 70.050000000000011 53.750000000000007 52.95000000000001 58.45000000000001 55.250000000000007 47.550000000000004 50.650000000000013 50.650000000000013
decision_type=2 2 2 2 2 2 2 2 2 2 2 2 2 2 2 2 2 2 2 2 2 2 2 2 2 2 2 2 2 2
left_child=1 3 -3 6 9 -6 7 20 10 21 27 -11 16 14 15 -14 23 19 -19 -16 -1 -5 -8 -2 25 -25 -12 -4 -15 -30
right_child=12 2 8 4 5 -7 22 -9 -10 11 26 -13 13 28 17 -17 -18 18 -20 -21 -22 -23 -24 24 -26 -27 -28 -29 29 -31
leaf_value=-5.4806942452619177e-05 -0.026360647388116221 0.015272088923085443 -0.014372525607397012 -0.01141457222870592 0.050022072499062042 0.0013154444581202349 0.0043806163657697282 -0.033467715387852752 0.024124834497038863 -0.0057856777077208215 -0.019345051199902569 -0.00058974992106236286 -0.015639134653600006 0.013892153840957945 0.0070706350914349798 0.042098167471096508 -0.031671883983841097 -0.011935255252325411 -0.047298606902272382 -0.018358760417879951 0.0032035008203455417 0.022580796364844204 0.035904866744501739 -0.0011047974725675179 -0.013243609201783824 0.04552987331478886 -0.0012827888947104355 -0.047284555364113579 0.0054735757297026278 -0.015862278863546343
leaf_weight=9760.5578155280091 28.004154484719038 28.249886927194893 19.358152839355171 14.668210025876759 16.321757121942937 16.924496296793222 26.888194680213928 14.873258659616111 11.220653042197226 1315.5670892586932 74.241721064317971 972.8292170194909 14.744447622448208 72.089958610013127 36.354338688775897 14.971785684116183 49.348844967782497 22.909308157861233 27.104443490505219 60.928089760243893 1427.4936970919371 42.781556444242597 25.004112802445889 47.075235868804157 71.16510711517185 12.369033481925724 70.353972971439362 23.63434740062803 113.56676688976586 49.173110172152519
leaf_count=72625 258 278 408 111 101 105 117 91 99 8391 1505 7256 162 424 435 153 219 195 193 363 7930 279 114 410 570 80 384 237 596 265
internal_value=-0.000562343 -0.000303715 -0.0098142 -0.00014489 -0.00274767 0.0254555 0.000404873 0.000314846 -0.0134099 -0.00315058 -0.0156933 -0.00357912 -0.0063371 -0.00286012 -0.0114428 0.0133263 -0.0131941 -0.0164794 -0.031256 -0.00880698 0.000360502 0.0138094 0.0197065 -0.00739733 -0.00327607 0.00857504 -0.0105983 -0.0326491 0.00359024 -0.000948294
internal_weight=14480.8 13861 227.059 13633.9 2379.09 33.2463 11254.8 11202.9 198.809 2345.85 187.588 2288.4 619.805 411.842 177.012 29.7162 207.962 147.296 50.0138 97.2824 11188.1 57.4498 51.8923 158.614 130.609 59.4443 144.596 42.9925 234.83 162.74
internal_count=104354 100031 2911 97120 16243 206 80877 80646 2633 16037 2534 15647 4323 2786 1501 315 1537 1186 388 798 80555 390 231 1318 1060 490 1889 645 1285 861
is_linear=0
shrinkage=0.05


Tree=183
num_leaves=31
num_cat=0
split_feature=26 37 15 14 5 37 5 4 2 2 8 31 15 3 35 7 3 5 35 35 7 5 33 3 7 8 1 15 27 4
split_gain=7.83542 7.61051 7.4605 6.84896 11.6556 8.84651 6.65324 6.32351 7.26726 6.75647 8.40126 8.19577 6.3775 6.29846 6.1383 5.78858 5.59182 8.84904 9.35812 8.18091 7.92478 13.2295 7.26509 7.1011 6.33284 5.25434 5.96049 4.98792 4.94753 4.32688
threshold=1.0000000180025095e-35 82.783000000000015 40.45000000000001 41.050000000000004 50.850000000000001 86.250000000000014 79.15000000000002 93.15000000000002 61.550000000000004 53.45000000000001 70.550000000000011 -1.4999999999999998 53.250000000000007 63.150000000000013 35.750000000000014 58.650000000000013 47.050000000000004 44.650000000000013 19.750000000000011 10.250000000000004 47.850000000000001 40.850000000000001 65.450000000000017 54.350000000000001 58.750000000000007 48.650000000000013 58.250000000000007 54.250000000000007 3.5000000000000004 81.65000000000002
decision_type=2 2 2 2 2 2 2 2 2 2 2 10 2 2 10 2 2 2 8 8 2 2 2 2 2 2 2 2 2 2
left_child=1 6 -3 4 5 -4 7 8 15 11 -11 -9 -10 27 16 -1 22 20 19 -19 21 -18 25 -20 -22 26 -2 -5 -27 -16
right_child=14 2 3 13 -6 -7 -8 9 12 10 -12 -13 -14 -15 29 -17 17 18 23 -21 24 -23 -24 -25 -26 28 -28 -29 -30 -31
leaf_value=-0.0011812632645750462 -0.0028240477896277396 0.014740462419786075 0.0036953495501472209 -0.027973585513107552 -0.024519351824594398 0.060186326623803077 0.017345176579894168 0.015084566055241042 0.014010134924230068 -0.0028953351215601237 0.0071370280068889444 0.0022625610661290816 0.00026142336915228328 0.026350668918469489 -0.041592582819140217 0.002371675305425681 0.047666221866065971 0.0027382214486655204 0.0052339339938570952 0.026430909839055522 -0.035630735984946448 -0.026250861496959141 -0.028487849182319502 -0.017331101433271105 0.0030728489235887506 -0.031207345680959377 0.037169405642553249 -0.0071887560361636963 -0.0060286738713110225 -0.0042675612464000614
leaf_weight=10483.588360659778 36.318318910896778 27.784872623160481 22.866561406292021 89.834782705642283 24.120034662075341 9.9899345966987294 54.095581967383623 210.57323445565999 156.98326792381704 638.55795892700553 309.77208294346929 307.98910262621939 183.80089646298438 7.1659353021532288 20.002975489012897 1286.2668207827955 11.156632572412493 109.98019784409553 64.258494663983583 54.829692976549268 43.047641928307712 12.933177890256045 48.469155371189117 75.380622487515211 13.672079300507901 26.539195641875267 12.34235295280814 43.709451018832624 76.027280755341053 13.212413009256123
leaf_count=80716 351 270 340 1413 193 158 242 1069 811 3057 1451 1552 913 75 182 7309 135 614 379 365 416 124 216 435 107 203 81 462 611 104
internal_value=-0.00053489 -0.00028879 -0.00939812 -0.0128218 0.001722 0.0211535 -0.000137684 -0.000207834 -0.000583723 0.00289192 0.000376872 0.00748075 0.00661173 -0.0187435 -0.00604253 -0.000792539 -0.00484223 -0.00130705 0.00258399 0.010662 -0.0160134 0.00783094 -0.0116333 -0.00691513 -0.0262244 -0.00618301 0.00727282 -0.0212185 -0.0126164 -0.0269529
internal_weight=14475.3 13857.1 225.472 197.687 56.9765 32.8565 13631.6 13577.5 12110.6 1466.89 948.33 518.562 340.784 140.71 618.17 11769.9 584.955 385.259 304.449 164.81 80.8095 24.0898 199.696 139.639 56.7197 151.227 48.6607 133.544 102.566 33.2154
internal_count=104354 100031 2911 2641 691 498 97120 96878 89749 7129 4508 2621 1724 1950 4323 88025 4037 2575 1793 979 782 259 1462 814 523 1246 432 1875 814 286
is_linear=0
shrinkage=0.05


Tree=184
num_leaves=31
num_cat=0
split_feature=9 37 15 37 35 15 15 0 13 9 3 0 29 36 11 13 28 34 0 14 9 12 15 2 13 15 3 35 31 12
split_gain=6.04809 8.63522 7.33533 7.45916 7.18139 7.76165 8.50163 6.74411 7.86671 9.04599 6.45086 6.11699 5.55883 5.33678 5.3116 8.07886 5.37431 5.2532 5.03794 5.1086 5.55211 5.65153 4.65073 9.76862 7.19233 6.0897 7.18818 5.72211 5.23011 4.4475
threshold=51.050000000000004 82.783000000000015 49.350000000000001 80.742785714285731 1.9000000000000004 40.650000000000013 51.250000000000007 62.850000000000001 49.550000000000004 75.450000000000017 62.550000000000004 49.850000000000001 56.250000000000007 0.36666666666666675 48.150000000000013 48.45000000000001 6.5000000000000009 1.5000000000000002 64.750000000000014 59.850000000000001 50.45000000000001 59.550000000000004 65.450000000000017 50.050000000000004 56.850000000000001 65.050000000000011 48.050000000000004 21.250000000000011 -1.0000000180025095e-35 66.65000000000002
decision_type=2 2 2 2 8 2 2 2 2 2 2 2 2 10 2 2 2 10 2 2 2 2 2 2 2 2 2 10 10 2
left_child=1 18 3 7 -3 -6 11 8 9 -2 14 -7 -8 -10 15 -4 17 -16 22 20 21 -20 25 27 -25 28 -27 -24 -1 -17
right_child=2 4 10 -5 5 6 12 -9 13 -11 -12 -13 -14 -15 16 29 -18 -19 19 -21 -22 -23 23 24 -26 26 -28 -29 -30 -31
leaf_value=-0.0012157897022316909 -0.010599396921514943 -0.055964272309270993 0.035537724942217012 0.031771140726571938 0.017704899251245448 -0.037233642061865718 0.0077523377518762069 0.029977246853845042 0.0042278754746929168 0.030622399148627213 -0.020628242911993791 -0.010904594093628215 -0.017303253832922524 -0.0090554984500801055 -0.0067134859820083027 -0.025180473567066639 -0.025051643147222902 -0.00033351938119315495 -0.038402163094883951 0.014555174138630873 0.0097994295594439895 -0.010812665734250009 0.011558996291914099 -0.0018394177409156668 0.010596422636958938 -0.041533425418172197 -0.0033138479966931264 -0.017428334998367916 0.0010346877698467246 0.0075526456843877186
leaf_weight=4781.5937885297462 227.79925194289535 8.0665262844413501 20.469678645953536 18.921330922283232 25.511270198039711 39.906136770732701 61.761845525354147 18.434093395248055 551.53309314977378 13.984413027763365 62.204009661450982 51.097355692647398 34.327370633371174 87.346361072733998 884.32291380129755 14.252356899902223 32.197535153478384 510.64250534307212 26.811424815095961 18.291735289618373 20.002987187355757 62.946036899462342 340.74724925961345 694.94670234434307 139.50195852387697 18.962573125958443 35.669409537687898 17.699922373518348 5611.1078762984835 37.188591422513127
leaf_count=36026 1790 68 162 184 259 869 780 111 3806 88 394 579 351 592 5300 111 288 3870 160 117 108 360 2215 3973 720 126 200 154 40337 256
internal_value=-0.000508736 -4.34201e-05 -0.00275672 0.000785302 -0.0098409 -0.00804191 -0.0115869 0.000124189 -0.000498352 -0.00818284 -0.00484252 -0.0225333 -0.00115534 0.00240284 -0.00418283 0.0090435 -0.00485335 -0.0043818 0.000139953 -0.0097186 -0.0138189 -0.0191431 0.000248917 0.00320657 0.000234618 -8.83427e-05 -0.0167227 0.0101092 -2.58439e-07 -0.00145072
internal_weight=14468.2 11989 2479.3 918.019 220.671 212.604 187.093 899.097 880.663 241.784 1561.28 91.0035 96.0892 638.879 1499.07 71.9106 1427.16 1394.97 11768.3 128.052 109.76 89.7575 11640.2 1192.9 834.449 10447.3 54.632 358.447 10392.7 51.4409
internal_count=104354 87402 16952 6571 2906 2838 2579 6387 6276 1878 10381 1448 1131 4398 9987 529 9458 9170 84496 745 628 520 83751 7062 4693 76689 326 2369 76363 367
is_linear=0
shrinkage=0.05


Tree=185
num_leaves=26
num_cat=0
split_feature=3 32 8 35 2 37 5 0 30 3 27 35 5 2 36 29 8 3 3 2 15 3 17 32 35
split_gain=6.73627 5.89605 11.079 10.2476 9.76807 9.66941 7.89586 7.88594 7.03824 7.73154 6.92385 6.75141 7.15822 6.71616 6.39707 6.27901 6.20494 6.03898 7.30727 6.52401 5.98193 5.35305 5.22367 8.07629 5.7544
threshold=67.15000000000002 63.250000000000007 18.950000000000003 31.400000000000006 56.150000000000013 82.619642857142864 48.550000000000004 54.350000000000001 497.00000000000006 47.350000000000001 6.5000000000000009 33.600000000000016 65.250000000000014 57.750000000000007 0.29166666666666669 50.250000000000007 56.45000000000001 39.050000000000004 41.550000000000004 49.95000000000001 39.250000000000007 43.750000000000007 2550.0000000000005 77.250000000000014 0.20000000000000007
decision_type=2 2 2 10 2 2 2 2 2 2 2 10 2 2 10 2 2 2 2 2 2 2 2 2 8
left_child=1 2 4 15 17 11 8 -6 9 -5 -9 12 -4 16 -13 -3 -7 19 -19 -1 -8 -22 24 -24 -17
right_child=-2 3 5 6 7 13 20 10 -10 -11 -12 14 -14 -15 -16 22 -18 18 -20 -21 21 -23 23 -25 -26
leaf_value=0.010368071374848797 0.024492543359532368 0.024653697470460412 0.00030369489063073938 0.0095706054905820605 0.05187824775314967 -0.00816325053397347 0.042349737952743702 -0.0041108339111510057 0.020763679975392808 -0.034011242706538998 0.041192379532855379 0.0080519115637656472 0.0079491576354788675 0.0221542208814898 -0.012596365923975728 0.020196226056614728 -0.033537564918620442 0.035689548080999736 0.0049659360681115605 -0.049961762270522882 -0.0080683951229796411 0.017536412277338348 0.0018498269487495411 0.028929024623625507 -0.0021450835077776093
leaf_weight=7.9982302556745735 26.857435608282685 22.399801019579172 5374.4889499451965 16.665169671177864 21.993048548698425 60.475107880309224 19.033148571848869 21.437323980033398 17.79684828594327 25.326007388532162 13.609729046002029 47.416397268883884 324.68827332183719 11.119210188277064 174.13597117830068 28.793104998767376 40.847305686678737 21.134970681741834 229.80280024465173 9.6952246408909541 25.6003692522645 95.396258633583784 306.10306428000331 30.229172974824905 7452.544106874615
leaf_count=135 137 117 53806 96 194 1303 92 192 98 154 101 410 1784 150 1822 132 822 304 3005 122 128 459 1476 140 37049
internal_value=-0.000474516 -0.000521603 0.000615535 -0.0014216 0.00959714 0.000129727 0.00975337 0.0283925 -0.0053886 -0.0166143 0.0134065 0.000406512 0.000740274 -0.0143877 -0.00815305 -0.00170717 -0.018465 0.00557853 0.0075867 -0.022504 0.0162534 0.0120755 -0.00178365 0.00430641 -0.00205816
internal_weight=14425.6 14398.7 6358.84 8039.89 325.671 6033.17 199.818 57.0401 59.788 41.9912 35.0471 5920.73 5699.18 112.442 221.552 7840.07 101.322 268.631 250.938 17.6935 140.03 120.997 7817.67 336.332 7481.34
internal_count=104228 104091 64150 39941 4053 60097 1027 487 348 250 293 57822 55590 2275 2232 38914 2125 3566 3309 257 679 587 38797 1616 37181
is_linear=0
shrinkage=0.05


Tree=186
num_leaves=31
num_cat=0
split_feature=33 5 31 7 6 30 13 17 18 36 6 35 13 30 9 33 35 1 1 6 5 9 13 9 31 35 27 35 7 7
split_gain=7.35989 13.1209 19.4272 12.0616 10.0172 9.29316 9.16025 13.4209 8.7674 13.3034 10.0749 10.881 10.0426 11.0931 9.32989 8.33189 8.00956 7.48815 6.88092 6.20606 11.923 6.08006 5.96866 8.72654 9.1288 7.10217 7.47289 6.5502 6.37489 8.36014
threshold=50.050000000000004 53.45000000000001 7.5000000000000009 37.750000000000007 58.050000000000004 461.00000000000006 50.150000000000013 2450.0000000000005 15.500000000000002 0.55000000000000016 89.350000000000009 6.4000000000000012 35.050000000000004 469.00000000000006 75.550000000000011 25.250000000000004 28.250000000000011 45.550000000000004 43.750000000000007 60.350000000000001 59.850000000000001 60.250000000000007 44.650000000000013 50.850000000000001 3.5000000000000004 20.750000000000007 5.5000000000000009 47.400000000000013 55.850000000000001 53.550000000000004
decision_type=2 2 8 2 2 2 2 2 2 10 2 10 2 2 2 2 10 2 2 2 2 2 2 2 10 10 2 10 2 2
left_child=1 8 3 -3 -5 -6 7 17 10 14 12 -12 13 -1 16 18 -10 -4 -11 -8 -21 -17 23 25 -25 28 -27 -24 29 -2
right_child=22 2 6 4 5 -7 19 -9 9 15 11 -13 -14 -15 -16 21 -18 -19 -20 20 -22 -23 27 24 -26 26 -28 -29 -30 -31
leaf_value=0.0044225024477163163 -0.0067291629061954385 0.044875710429135129 0.062491596425165434 -0.0090228057597708002 -0.0045911412285330614 0.0086599986990614029 -0.0051890619392989303 -0.018544465658233415 -0.0032288128260040475 0.062875924772472322 0.086221359293609301 0.0021215019445454172 0.00097466080277248946 0.07703386703908266 0.061209197672894788 -0.023236487863331688 0.014678165831533139 0.025632195199592755 -0.01058911531947483 -0.0015861695494385104 0.048880177684568663 0.02305180031312171 -0.00088356006732042574 -0.0096976704187618484 -0.041450234827619128 -0.0016861960338152211 0.035756447106783024 -0.029578480738004245 0.0064603743243547875 -0.037273532514717725
leaf_weight=12.760190689936282 139.03593923524022 16.087903985753655 15.585236459970472 181.67803691141307 195.17868888005614 407.9537867475301 56.605817839503288 15.878720164299009 944.49307442037389 5.498263603076337 7.2016588598489752 8.4037463171407563 2034.012182790786 9.0582707654684764 5.7598883695900431 135.79249384719878 66.694822848774493 135.58794473484159 7.1354011320509017 28.067791648209095 19.74533037096262 7.2993379533290854 9691.0288961604238 76.301021985709667 32.52693784981966 32.249566316604614 22.319086320698261 19.840194649994373 67.558333598077297 26.800593547523022
leaf_count=150 783 178 163 1537 1857 3225 501 103 16839 129 102 113 22987 102 54 2029 885 987 171 275 148 68 49381 420 177 180 121 103 320 140
internal_value=-0.000450914 0.00127682 0.00607147 0.00214543 0.00125753 0.00436348 0.0176307 0.0248987 -0.000306696 -0.00376247 0.00164735 0.0415526 0.00134 0.0350103 -0.0016723 -0.0173702 -0.00204145 0.0295041 0.0212334 0.0059426 0.019209 -0.0208259 -0.00118924 -0.00720116 -0.0192632 -0.00262016 0.0135741 -0.000943005 -0.00643205 -0.011715
internal_weight=14424.1 4316.48 1072.37 800.898 784.811 603.132 271.471 167.052 3244.11 1172.67 2071.44 15.6054 2055.83 21.8185 1016.95 155.725 1011.19 151.173 12.6337 104.419 47.8131 143.092 10107.7 396.791 108.828 287.964 54.5687 9710.87 233.395 165.837
internal_count=104228 52603 8974 6797 6619 5082 2177 1253 43629 20175 23454 215 23239 252 17778 2397 17724 1150 300 924 423 2097 51625 2141 597 1544 301 49484 1243 923
is_linear=0
shrinkage=0.05


Tree=187
num_leaves=31
num_cat=0
split_feature=33 8 36 2 9 36 12 9 2 2 8 9 1 1 3 4 13 4 1 13 9 31 9 2 2 8 14 31 33 32
split_gain=6.6369 10.6242 9.02197 9.72569 9.4615 9.32267 7.71064 8.09274 7.92685 7.537 9.72374 7.93709 7.90007 7.22866 7.12136 7.8046 7.51659 6.69305 8.29687 5.41576 8.06248 11.0597 9.85668 6.5406 7.89658 5.8977 5.17044 4.60989 5.03921 4.58152
threshold=50.050000000000004 20.250000000000004 0.55000000000000016 58.650000000000013 75.15000000000002 -1.0000000180025095e-35 63.750000000000007 48.250000000000007 55.850000000000001 56.45000000000001 16.550000000000004 43.150000000000013 48.550000000000004 52.850000000000001 50.95000000000001 84.850000000000009 50.050000000000004 87.850000000000009 53.050000000000004 44.650000000000013 50.650000000000013 -1.4999999999999998 50.350000000000001 56.350000000000001 52.95000000000001 39.750000000000007 30.250000000000004 -15.499999999999998 62.850000000000001 83.15000000000002
decision_type=2 2 10 2 2 10 2 2 2 2 2 2 2 2 2 2 2 2 2 2 2 10 2 2 2 2 2 8 2 2
left_child=1 9 3 14 6 26 8 -8 -4 11 12 -1 -11 -7 16 -16 -3 18 -13 20 22 25 23 24 -2 -22 -5 28 -21 -29
right_child=19 2 4 5 -6 13 7 -9 -10 10 -12 17 -14 -15 15 -17 -18 -19 -20 27 21 -23 -24 -25 -26 -27 -28 29 -30 -31
leaf_value=0.053928002879941053 -0.0074758267003840325 0.0021005095662425806 -0.0057652894107148552 -0.030234111515026158 0.039488106003494047 0.0078123741928467884 0.019775439344450748 -0.012144681605955266 0.018798377052623147 0.019839932857049162 0.0010769676025267599 0.0076099443334476441 0.072879837316960447 0.029310717147202871 0.0017837848730079887 0.012276869351699419 -0.0046789601879637602 0.050697460705641517 -0.017845258723548193 -0.0010110926440073009 0.019094260627832527 -0.028738989873293048 0.022291043611842351 -0.020800379869220606 0.01675950449185119 -0.013239471683904769 0.0031709275208554933 -0.00096838026764290179 -0.034459714997075605 0.0072177866486370715
leaf_weight=8.5363662131130678 121.07452831789851 754.43363383179531 87.510304315015674 14.534229097887872 11.260617874562739 82.67089968174696 20.839165944606066 352.56989131541923 52.301013264805079 14.40325401723385 19.915699718520045 202.55698011536151 14.449138596653937 75.691586459055543 1413.2277066078968 202.89264545217156 890.73420578800142 7.7052557114511719 37.840816864743829 24.476899024099112 23.699254937469959 79.54193227738142 36.74652112647891 53.703029811382294 46.388414181768894 34.513976112008095 54.715306737460196 9488.8986170589924 21.280357472598553 173.82726966589689
leaf_count=115 680 9163 1106 169 84 705 246 4089 514 148 185 3192 124 585 17394 1683 12059 61 384 148 127 428 182 279 258 187 597 48449 95 792
internal_value=-0.000428978 0.00121101 0.000525479 0.00144581 -0.00558621 0.0114377 -0.00659243 -0.0103451 0.00339469 0.0102002 0.0282319 0.00674456 0.0467347 0.0181314 0.000746588 0.00310489 -0.00156708 0.00507992 0.00357652 -0.00113046 -0.00686565 -0.016631 -0.00162602 -0.00563069 -0.000726634 0 -0.00380158 -0.000896135 -0.0167173 -0.000820525
internal_weight=14422.9 4318.79 4013.38 3488.9 524.481 227.612 513.22 373.409 139.811 305.408 48.7681 256.639 28.8524 158.362 3261.29 1616.12 1645.17 248.103 240.398 10104.2 395.668 137.755 257.912 221.166 167.463 58.2132 69.2495 9708.48 45.7573 9662.73
internal_count=104228 52603 48394 42355 6039 2056 5955 4335 1620 4209 457 3752 272 1290 40299 19077 21222 3637 3576 51625 2141 742 1399 1217 938 314 766 49484 243 49241
is_linear=0
shrinkage=0.05


Tree=188
num_leaves=31
num_cat=0
split_feature=33 0 3 13 10 5 34 36 6 8 4 6 4 27 4 13 15 30 15 4 27 1 14 29 5 9 13 33 4 5
split_gain=6.15765 8.16367 8.14153 7.63699 11.3313 9.60738 10.5298 8.72835 11.5165 7.773 7.62755 9.21596 8.83022 10.6046 9.60892 10.3258 8.71681 7.45418 7.40863 7.23246 7.10589 9.5951 8.95715 6.88018 8.82634 7.33053 6.84355 6.67808 4.65107 3.74513
threshold=58.850000000000001 65.550000000000011 66.40000000000002 50.050000000000004 77.500000000000014 52.95000000000001 1.5000000000000002 0.29166666666666669 61.45000000000001 74.15000000000002 67.050000000000011 81.750000000000014 77.350000000000009 5.5000000000000009 74.250000000000014 61.350000000000001 69.950000000000017 489.00000000000006 41.45000000000001 68.850000000000009 1.5000000000000002 57.750000000000007 42.600000000000009 59.750000000000007 46.550000000000004 48.850000000000001 63.250000000000007 74.050000000000011 53.95000000000001 53.45000000000001
decision_type=2 2 2 2 2 2 10 8 2 2 2 2 2 2 2 2 2 2 2 2 2 2 2 2 2 2 2 2 2 2
left_child=2 10 3 4 5 18 -7 23 26 -10 11 20 14 16 19 -16 -14 28 -1 -12 21 -2 -22 25 -25 -5 -9 -15 -13 -19
right_child=1 -3 -4 7 -6 6 -8 8 9 -11 12 17 13 27 15 -17 -18 29 -20 -21 22 -23 -24 24 -26 -27 -28 -29 -30 -31
leaf_value=-0.0072024713473185344 0.00116544403502496 -0.021066055702325819 0.032245978777934878 0.012215655691309234 0.029836673201632781 0.0089866035299749486 -0.0012816150034301197 -0.0080005772879353943 0.0020134608436335418 -0.0071043434111454605 0.011684994347544412 -0.020522988894186356 -0.0029288085654092257 0.00027639296919094953 0.012325704840155986 -0.013234645873507991 -0.016131579325711683 -0.016379514055130093 0.0011468789002390246 -0.001796984136793095 0.0023218763181984022 0.029502746796105362 -0.0055582684653674164 -0.0069737868247925806 0.020151882395102801 -0.00031715194486008454 0.0058878867945414658 0.0094673575150893731 0.0015521544649610289 -0.045141311580942867
leaf_weight=304.5279275206849 206.13071863353252 52.785199448466301 20.145889651030302 129.07583851087838 36.564515098929405 770.54247841611505 368.11923081614077 973.59325774246827 1129.7187515697442 294.59944047406316 117.25113584846258 41.198518864810467 1738.6547219008207 1081.0096927732229 377.51975562423468 43.862970754504204 134.87009045481682 21.784773416817188 2077.7257357635535 652.3688888028264 465.88596564903855 34.927467100322247 1583.2765806540847 41.741665607318282 103.95188244059682 1199.5441503864713 97.093299451284111 242.10443066060543 55.587488107383251 25.643850803375244
leaf_count=3098 992 238 114 1361 169 4869 3000 9622 11826 2914 533 198 7877 4873 1708 193 601 105 22577 3004 2159 156 7314 241 531 11659 813 1097 270 116
internal_value=-0.000407871 -0.00149055 0.000577733 0.00049188 0.00217463 0.00188511 0.00566277 -0.00101504 -0.00281818 0.000123699 -0.00133804 -0.00358254 -9.15156e-05 -0.00146178 0.00358186 0.00965068 -0.00388272 -0.0158453 7.72096e-05 0.000251742 -0.00280752 0.00530256 -0.00376422 0.00203304 0.0123465 0.000897479 -0.00673603 0.00196253 -0.00780436 -0.032098
internal_weight=14421.8 6874.86 7546.94 7526.8 3557.48 3520.92 1138.66 3969.32 2495 1424.32 6822.08 2434.44 4387.64 3196.64 1191 421.383 1873.52 144.215 2382.25 769.62 2290.22 241.058 2049.16 1474.31 145.694 1328.62 1070.69 1323.11 96.786 47.4286
internal_count=104228 31434 72794 72680 33713 33544 7869 38967 25175 14740 31196 11310 19886 14448 5438 1901 8478 689 25675 3537 10621 1148 9473 13792 772 13020 10435 5970 468 221
is_linear=0
shrinkage=0.05


Tree=189
num_leaves=31
num_cat=0
split_feature=33 5 31 34 35 5 23 18 30 3 35 0 13 17 5 14 2 3 14 35 36 4 0 3 5 36 13 5 31 13
split_gain=5.59406 10.9839 17.2691 8.72672 11.0569 8.86545 8.74122 9.80921 8.56198 9.59487 9.21581 7.49776 7.36277 11.7176 7.11457 7.08171 10.2454 7.03992 6.74012 6.73563 13.9082 9.51149 6.72209 6.10849 7.67991 5.58648 7.2999 7.27879 5.26253 8.62399
threshold=50.050000000000004 53.45000000000001 7.5000000000000009 1.0000000180025095e-35 14.900000000000004 50.050000000000004 1.0000000180025095e-35 17.500000000000004 457.00000000000006 42.350000000000001 31.750000000000011 37.350000000000001 50.150000000000013 2450.0000000000005 53.250000000000007 52.850000000000001 59.350000000000001 50.650000000000013 36.750000000000007 20.750000000000007 0.29166666666666669 64.65000000000002 54.850000000000001 54.650000000000013 60.650000000000013 -1.0000000180025095e-35 49.550000000000004 63.050000000000004 2.5000000000000004 44.45000000000001
decision_type=2 2 8 8 8 2 2 2 2 2 8 2 2 2 2 2 2 2 2 8 8 2 2 2 2 10 2 2 8 2
left_child=1 3 8 4 5 18 7 14 25 10 -10 -11 13 17 -5 16 -6 -4 -1 21 -21 -8 -17 24 -14 27 -27 -3 -2 -30
right_child=28 2 12 6 15 -7 19 -9 9 11 -12 -13 23 -15 -16 22 -18 -19 -20 20 -22 -23 -24 -25 -26 26 -28 -29 29 -31
leaf_value=0.0073901497650679347 -0.00017665487911789425 -0.019190687444302374 0.015209024655634376 -0.0012826989584782749 0.0021676321318941988 -0.013274085084411223 -0.014631465366976602 -0.013811528572291185 0.0020322922769267747 0.03989917692654972 -0.030934922366422164 0.006477970005031683 0.00086894483021377692 -0.0180683490810605 -0.030859629669658772 -0.040204501788216968 0.042221579780786195 0.036806042029781591 0.038130875863301675 0.0477627213976103 0.0068585520288546691 0.0085120549298823706 0.00069763191060408269 -0.013720763554557841 0.033895808483891336 0.016541246263012316 -0.012415156335199785 0.010386569295599215 -0.015754245404680983 -0.0021044011297010425
leaf_weight=27.294106377288699 6469.3549630492926 103.91329929977655 71.135165559127927 2238.8472537687048 231.09056869894266 15.311346907168625 81.492676959373057 176.01454038452357 57.612164154648781 17.370916105806828 33.19948722422123 478.17557985708117 47.480926191434264 15.761315815150736 20.436796008609235 18.037801237776875 17.087017178535461 83.51275722682476 54.201078118756413 22.912972066551447 222.00193439004943 97.098798317369074 21.980501726269722 28.750978380441666 28.184271465986967 46.692959556356072 40.470202634111047 25.69508052431047 119.71254281327128 3508.6944761499763
leaf_count=265 32975 1210 565 30374 2291 121 1259 3086 489 223 298 3662 480 103 181 193 141 585 527 302 3434 1246 209 247 197 372 308 235 651 17999
internal_value=-0.000387793 0.00111699 0.00548966 -0.000334676 0.00672913 0.0213445 -0.00128793 -0.00244234 0.0017799 0.00492363 -0.00998584 0.00766742 0.016308 0.0227218 -0.00155381 0.0017967 0.00496138 0.0269204 0.0279182 0.0053375 0.0107237 -0.00202281 -0.0176682 0.00578098 0.0132655 -0.00669906 0.00304056 -0.0132849 -0.00103233 -0.00255655
internal_weight=14419.5 4321.76 1077.96 3243.81 385.002 96.8065 2858.8 2435.3 803.13 586.358 90.8117 495.546 274.825 170.409 2259.28 288.196 248.178 154.648 81.4952 423.506 244.915 178.591 40.0183 104.416 75.6652 216.772 87.1632 129.608 10097.8 3628.41
internal_count=104228 52603 8974 43629 3747 913 39882 33641 6797 4672 787 3885 2177 1253 30555 2834 2432 1150 792 6241 3736 2505 402 924 677 2125 680 1445 51625 18650
is_linear=0
shrinkage=0.05


Tree=190
num_leaves=31
num_cat=0
split_feature=1 15 32 15 37 0 5 36 13 0 37 15 32 2 0 13 27 36 13 17 29 12 3 12 33 29 33 13 2 15
split_gain=6.13601 10.1687 7.73937 8.22942 12.0376 6.29228 5.95195 7.07981 4.87261 6.81035 4.7743 7.34438 7.3349 6.42026 5.81273 8.91267 7.95614 4.80876 14.7317 9.93734 7.13406 6.08748 8.36982 6.93348 4.58016 3.7371 3.58514 3.26028 2.24515 1.33296
threshold=38.550000000000004 47.850000000000001 37.850000000000001 52.550000000000004 61.725642857142866 48.250000000000007 43.650000000000013 1.0000000180025095e-35 76.850000000000009 45.050000000000004 82.619642857142864 52.350000000000001 55.45000000000001 44.650000000000013 44.050000000000004 55.650000000000013 3.5000000000000004 0.29166666666666669 48.650000000000013 1250.0000000000002 53.500000000000007 80.850000000000009 55.95000000000001 77.350000000000009 59.850000000000001 54.250000000000007 30.450000000000003 59.350000000000001 48.95000000000001 39.250000000000007
decision_type=2 2 2 2 2 2 2 8 2 2 2 2 2 2 2 2 2 10 2 2 2 2 2 2 2 2 2 2 2 2
left_child=1 25 -3 4 5 -4 -5 -8 10 -10 17 12 27 -14 15 -13 -16 21 19 -19 -20 23 -23 -2 -11 26 -1 -12 -6 -27
right_child=8 2 3 6 28 -7 7 -9 9 24 11 14 13 -15 16 -17 -18 18 20 -21 -22 22 -24 -25 -26 29 -28 -29 -30 -31
leaf_value=-0.039079037590071031 -0.00011339032128402842 -0.041674106776270002 0.083264180244410735 -0.047491642794715676 0.0040239495912746245 0.023151657080163448 -0.036140738662974223 0.018991761624412476 0.034280374669074236 0.018469876943676865 -0.039029828589617233 -0.002504544763299585 0.026652229812949225 -0.011811215170955283 -0.022344566308900575 0.085053231991891187 0.0098808921840297659 0.011336603188116169 0.0044492927370473421 0.00029236316538785236 -0.0050189343838036261 0.00072652623230784149 0.006364623870471927 -0.0071649292991521939 -0.014097716301379458 -0.019944299845825453 0.019807034993250278 0.0081655983772917756 -0.048750995455909996 -0.047363050147799707
leaf_weight=4.4828103142790479 6487.2566613159142 9.7889406601898354 7.7847785148769679 7.9733318816870442 3.4299803115427485 10.682083640247582 8.4177484726533311 18.259450933896005 24.362961463630199 20.27429623156786 31.963364956434816 6.2630665600299817 11.942647631280122 104.60285279527307 28.655510406941175 5.1480497131124139 57.184471760876477 265.13476965762675 219.69142167735845 881.93135615997016 2049.9948427937925 2888.9672506316565 853.46500163897872 368.40378469321877 22.813583239912987 6.653574267402294 5.745512324385345 3.9031935120001426 4.2469119010493159 22.645907987374812
leaf_count=156 46978 321 133 166 110 133 94 244 155 140 966 134 133 899 288 93 534 2086 1459 6575 12337 20784 5685 2724 100 91 75 106 109 493
internal_value=-0.000283279 -0.0120367 -0.00058369 0.00600805 0.0271848 0.0490736 -0.00985813 0.00133847 -0.000192546 0.0132031 -0.000256331 -0.00710883 -0.0139625 -0.00780746 0.00358413 0.0369579 -0.000832066 -0.000133853 -0.00176526 0.00285027 -0.00410011 0.000391642 0.00201377 -0.000493148 0.00111794 -0.0323086 -0.0056456 -0.0337463 -0.0247801 -0.0413957
internal_weight=14442.1 110.111 70.5832 60.7943 26.1438 18.4669 34.6505 26.6772 14332 67.4508 14264.5 249.663 152.412 116.546 97.2511 11.4111 85.84 14014.8 3416.75 1147.07 2269.69 10598.1 3742.43 6855.66 43.0879 39.5278 10.2283 35.8666 7.67689 29.2995
internal_count=104301 2125 1310 989 485 266 504 338 102176 395 101781 3153 2104 1032 1049 227 822 98628 22457 8661 13796 76171 26469 49702 240 815 231 1072 219 584
is_linear=0
shrinkage=0.05


Tree=191
num_leaves=31
num_cat=0
split_feature=1 15 32 15 37 35 0 13 3 28 1 1 14 32 36 37 15 15 30 31 8 33 15 7 30 31 35 32 30 15
split_gain=5.6366 9.5189 7.22421 7.29552 10.4605 5.76759 4.97626 4.4995 4.72262 7.33776 5.84596 8.35627 8.06884 5.80464 11.2537 10.0252 8.67396 7.62439 9.18371 6.36473 4.74952 4.98477 3.13996 3.87342 2.8824 2.15044 1.1582 0.851694 0.73336 0.204216
threshold=38.550000000000004 47.850000000000001 37.850000000000001 52.550000000000004 61.725642857142866 33.250000000000014 48.250000000000007 83.250000000000014 42.850000000000001 5.5000000000000009 57.650000000000013 57.850000000000001 73.950000000000017 64.750000000000014 0.36666666666666675 77.750000000000014 37.850000000000001 42.750000000000007 445.00000000000006 2.5000000000000004 76.950000000000017 34.750000000000007 44.350000000000001 47.45000000000001 455.00000000000006 -1.4999999999999998 7.1000000000000014 52.650000000000013 463.00000000000006 46.650000000000013
decision_type=2 2 2 2 2 8 2 2 2 2 2 2 2 2 8 2 2 2 2 10 2 2 2 2 2 8 10 2 2 2
left_child=1 22 28 4 6 -5 -4 8 9 10 12 -12 -2 14 15 -10 -16 18 -15 -19 21 -11 23 25 -7 -1 -25 -6 -3 -24
right_child=7 2 3 5 27 24 -8 -9 13 20 11 -13 -14 17 16 -17 -18 19 -20 -21 -22 -23 29 26 -26 -27 -28 -29 -30 -31
leaf_value=-0.02273437670974493 -0.0031423405929654515 -0.018022713521808141 0.074088331221393744 -0.037092237162883866 -0.038864628720956029 -0.020811314293232148 0.021642924141228599 0.021168745151259712 0.0051099352588580759 0.010132688372950647 0.032480803740291601 0.0023879629956570941 0.012250190366435338 -0.016309269561793842 0.0089352424116124242 -0.0062927391333373415 -0.0010869916997231202 0.0010019261982932145 -0.0028639049250599215 -0.0030335796520130302 0.017685310727629515 -0.01764299785134375 -0.055092610991328339 -0.054481681974419098 0.01771631107895219 0.021833416802078301 -0.020537359156749313 -0.0032608471347187135 -0.051465494968168247 -0.037308561331148203
leaf_weight=4.634146336466074 1943.8040001504123 3.1432860130444151 8.3092466462403589 12.138368985615669 4.1981168952770522 6.9077713713049915 10.857680339366196 24.526401596143842 2078.7571063456126 17.930793929845095 24.847817588597536 315.83023225702345 88.828193512745202 150.13709622249007 230.66985638253391 211.99890027800575 3337.2050231243484 3575.6838201116771 833.20737339928746 1344.2078113257885 12.146499407477675 141.36778826080263 9.6765405908226985 6.0510280262678844 15.329412474296985 6.1553659564815479 5.6609665686264634 3.3343031378462911 6.2856350373476744 6.3365761311724773
leaf_count=98 15081 127 133 167 151 127 133 136 17649 444 133 1636 699 774 1741 3149 31760 17145 3986 6501 114 1228 220 119 210 133 83 68 194 162
internal_value=-0.000269668 -0.0115913 -0.000589061 0.00564779 0.0252596 -0.00946866 0.0449051 -0.000183114 -0.000220215 -0.00217336 -0.00144908 0.00460638 -0.00246664 0.000201951 0.00131727 0.00405226 -0.000437402 -0.000904093 -0.00492328 -9.96736e-05 -0.0121638 -0.0144808 -0.0315487 -0.0190025 0.00548464 0.00219919 -0.0388108 -0.0240086 -0.0411476 -0.0486408
internal_weight=14440.2 109.018 70.5038 61.0749 26.6993 34.3756 19.1669 14331.1 14306.6 2544.76 2373.31 340.678 2032.63 11761.9 5858.63 2290.76 3567.87 5903.24 983.344 4919.89 171.445 159.299 38.5146 22.5015 22.2372 10.7895 11.712 7.53242 9.42892 16.0131
internal_count=104301 2125 1310 989 485 504 266 102176 102040 19335 17549 1769 15780 82705 54299 20798 33501 28406 4760 23646 1786 1672 815 433 337 231 202 219 321 382
is_linear=0
shrinkage=0.05


Tree=192
num_leaves=21
num_cat=0
split_feature=4 3 2 7 7 9 7 2 33 26 33 33 2 37 27 32 31 33 33 15
split_gain=4.92932 4.62001 8.13174 4.48838 7.57619 5.51778 4.53304 4.43873 7.72767 3.98839 8.462 15.0593 4.99416 4.07391 6.03093 3.79693 3.15757 2.71472 2.08328 0.690694
threshold=20.050000000000004 35.45000000000001 46.750000000000007 57.050000000000004 50.650000000000013 50.150000000000013 54.350000000000001 34.150000000000013 45.750000000000007 1.0000000180025095e-35 46.750000000000007 43.550000000000004 59.050000000000004 82.619642857142864 1.5000000000000002 66.050000000000011 -4.4999999999999991 44.350000000000001 29.250000000000004 48.750000000000007
decision_type=2 2 2 2 2 2 2 2 2 2 2 2 2 2 2 2 10 2 2 2
left_child=16 2 -2 4 5 -4 -6 8 -3 13 11 -11 -12 15 -15 -9 -1 18 19 -18
right_child=1 7 3 -5 6 -7 -8 9 -10 10 12 -13 -14 14 -16 -17 17 -19 -20 -21
leaf_value=0.0068706508438339158 0.027950809453715315 0.067921262155443224 -0.030304955027277217 -0.031192140951678438 0.023679969848600799 -0.0014355754130995959 -0.011244328714845805 0.00089800216678244795 -0.0050001283675380342 -0.0029099118500901557 -0.014006731225243605 0.034628026435071679 -0.0032274953398200011 -0.032460492615210335 -0.0039816780932096741 -0.00079648808931495662 -0.029878421734110035 -0.010974588105008514 -0.052759663392403448 0.0048871102797890574
leaf_weight=10.456889381632207 13.329976418055592 6.427360659465192 39.305278000887483 26.597193581983447 22.955811569467187 29.206032653339207 15.26320140250027 7473.6930445744656 7.9047103505581617 106.02138337213546 178.57598415762186 35.530996784567833 273.88048672303557 20.316472395788878 218.74693881394342 5926.4263333361596 2.633835465181618 18.999626906588674 10.313065488822756 2.5209353226236999
leaf_count=163 156 175 373 168 164 226 104 66941 51 1376 1037 299 1459 307 2770 27973 112 147 208 92
internal_value=-0.000256756 -0.000204735 -0.00903121 -0.0127843 -0.00812535 -0.018091 0.00960912 -0.000113466 0.0275998 -0.000141917 -0.00415229 0.00649496 -0.00749506 3.2404e-05 -0.00643538 0.000148212 -0.0167763 -0.0240942 -0.0397142 -0.0121554
internal_weight=14439.1 14394.2 146.657 133.328 106.73 68.5113 38.219 14247.5 14.3321 14233.2 594.009 141.552 452.456 13639.2 239.063 13400.1 44.9244 34.4675 15.4678 5.15477
internal_count=104301 103579 1191 1035 867 599 268 102388 226 102162 4171 1675 2496 97991 3077 94914 722 559 412 204
is_linear=0
shrinkage=0.05


Tree=193
num_leaves=17
num_cat=0
split_feature=4 13 3 2 13 34 2 33 37 15 30 13 31 9 33 37
split_gain=4.52303 4.43489 4.28287 6.75238 5.69838 5.41641 3.90724 7.37396 3.89652 7.0486 4.44584 3.04733 5.09476 3.79912 2.17213 1.19758
threshold=20.050000000000004 83.250000000000014 35.45000000000001 46.750000000000007 46.150000000000013 1.0000000180025095e-35 34.150000000000013 45.150000000000013 82.619642857142864 52.350000000000001 383.00000000000006 48.550000000000004 -4.4999999999999991 50.250000000000007 47.350000000000001 67.283000000000015
decision_type=2 2 2 2 2 8 2 2 2 2 2 2 10 2 2 2
left_child=11 2 3 -2 -5 -6 7 -4 10 -10 -8 -1 -13 15 -15 -14
right_child=1 -3 6 4 5 -7 8 -9 9 -11 -12 12 13 14 -16 -17
leaf_value=-0.03804186721237162 0.025143501154381381 0.020813827352515721 0.064383916428393556 0.01882289197096941 -0.042712496497505303 -0.011361592892233303 -0.027586464828726866 -0.0059571710422094415 -0.013178144021175932 0.0040994703845009398 -3.1449256978951238e-05 0.027741262960493885 -0.019303013285929517 -0.019469782396467017 0.022438872319903703 -0.051979302134141529
leaf_weight=11.725669565610586 13.162043970543889 24.971527568995953 6.6042755134403697 13.112662574276326 16.041569013148546 103.22957191569731 14.554535583127288 8.0939478799700719 150.20929216453806 96.561904414556921 13948.892360066995 7.4498966932296709 5.9832044001668745 6.1549515635706467 5.9918514788150787 7.0326803154312074
leaf_count=181 154 138 172 127 98 809 257 54 2136 1048 98586 123 87 161 41 129
internal_value=-0.000244309 -0.000194789 -0.000231789 -0.0087629 -0.0121882 -0.0156523 -0.000144088 0.0255324 -0.000171178 -0.00639821 -6.07261e-05 -0.0161728 -0.0080648 -0.0189316 0.000809332 -0.0376014
internal_weight=14439.8 14395.4 14370.5 145.546 132.384 119.271 14224.9 14.6982 14210.2 246.771 13963.4 44.3383 32.6126 25.1627 12.1468 13.0159
internal_count=104301 103579 103441 1188 1034 907 102253 226 102027 3184 98843 722 541 418 202 216
is_linear=0
shrinkage=0.05


Tree=194
num_leaves=31
num_cat=0
split_feature=1 14 14 5 36 13 28 6 2 35 2 7 8 37 7 4 28 30 3 35 35 9 7 0 0 9 31 30 6 35
split_gain=5.23211 6.70707 12.3675 7.77036 4.16211 13.0023 9.10271 9.56382 9.05025 8.61518 7.30349 9.33747 9.20625 8.24864 7.69622 7.22926 7.13592 5.61253 11.7229 8.64716 8.46141 10.7492 7.57738 6.72466 9.81783 6.93276 6.09428 8.4183 7.31775 5.4735
threshold=38.550000000000004 35.650000000000013 43.050000000000004 59.850000000000001 0.29166666666666669 48.650000000000013 3.5000000000000004 44.650000000000013 53.350000000000001 16.900000000000006 57.250000000000007 49.95000000000001 24.850000000000005 61.475642857142866 47.250000000000007 48.850000000000001 3.5000000000000004 451.00000000000006 58.250000000000007 39.900000000000013 2.600000000000001 49.150000000000013 46.650000000000013 48.650000000000013 57.050000000000004 49.95000000000001 2.5000000000000004 507.00000000000006 81.050000000000011 14.900000000000004
decision_type=2 2 2 2 10 2 2 2 2 10 2 2 2 2 2 2 2 2 2 10 8 2 2 2 2 2 8 2 2 10
left_child=1 -1 -3 -4 17 6 9 -8 -9 29 12 14 -7 -14 -12 -11 -13 18 20 26 21 -2 -22 25 -25 -20 27 -19 -28 -6
right_child=4 2 3 -5 5 10 7 8 -10 15 11 16 13 -15 -16 -17 -18 19 23 -21 22 -23 -24 24 -26 -27 28 -29 -30 -31
leaf_value=-0.03327228724556143 0.036828367036769831 0.063883835835415292 -0.01564463510705949 0.033137862820352519 0.014791250816306304 0.016284886132675331 0.035670424477802214 -0.0088026722680878255 0.0025829133854854457 0.022904674761685624 -0.00053012629466552181 0.0049144217942789937 -0.010297138004448913 -0.0019625783065008186 0.014016247821568566 -0.0048972811683837651 -0.0074600371380701891 0.002872881249194297 -0.021716676217168888 0.030145345343754848 -0.0082850256566258558 0.0018847628787418353 -0.0018397637783366342 0.014028497082636216 -0.0065921618621065771 0.0065028906529410822 -0.00020155008125187455 -0.0028707748382805665 -0.01033604924926477 0.042347445910662966
leaf_weight=26.040641211438924 27.56791684217751 6.0722418692894271 66.765724517405033 9.15051296725869 125.10328816343099 43.35596277192235 18.446009816601872 242.80083191907033 619.45257573015988 30.0081079704687 212.26783110015094 154.82664644531906 773.78979387134314 484.39182856306434 158.14488611929119 104.23228092119098 465.24942502751946 4181.4282195414416 39.534124823287129 25.251079715788364 660.50188331259415 109.41832131380215 1482.3614064655267 254.24718391522765 74.235623530112207 47.811599835753441 3032.8863299693912 751.87568328995258 189.22178731951863 21.353848876431584
leaf_count=480 167 99 1463 83 709 346 146 2481 4261 268 1164 740 5077 3487 815 796 2377 28973 454 152 7330 641 11322 1767 444 505 20986 4967 1663 138
internal_value=-0.000232365 -0.0111903 -0.0040839 -0.00966304 -0.000149329 -0.00166179 0.00264548 0.000140348 -0.00061799 0.0104848 -0.00384654 -0.000605429 -0.006309 -0.00709277 0.00566895 0.00129278 -0.0043619 0.000330455 -0.00164746 0.000982837 -0.00305713 0.00897523 -0.00382904 0.00606815 0.00935252 -0.0062228 0.000891562 0.00199645 -0.000798564 0.0188693
internal_weight=14437.8 108.029 81.9885 75.9162 14329.8 3453.42 1161.4 880.699 862.253 280.698 2292.03 990.489 1301.54 1258.18 370.413 134.24 620.076 10876.3 2695.68 8180.66 2279.85 136.986 2142.86 415.829 328.483 87.3457 8155.41 4933.3 3222.11 146.457
internal_count=104301 2125 1645 1546 102176 22805 8799 6888 6742 1911 14006 5096 8910 8564 1979 1064 3117 79371 22630 56741 19460 808 18652 3170 2211 959 56589 33940 22649 847
is_linear=0
shrinkage=0.05


Tree=195
num_leaves=31
num_cat=0
split_feature=2 0 5 3 28 3 35 35 0 3 30 33 17 5 35 6 37 28 3 13 13 4 14 4 5 32 4 2 1 35
split_gain=5.39437 7.49648 7.67554 8.36204 6.89977 6.32414 6.17779 7.50345 6.10812 7.5964 6.44655 6.08053 6.64175 6.13669 5.59222 5.92421 5.5552 7.60111 5.24676 5.1491 9.54901 10.5485 10.4704 10.0296 9.24832 6.62008 5.63867 6.47927 7.12541 6.50047
threshold=58.650000000000013 58.95000000000001 42.550000000000004 48.150000000000013 6.5000000000000009 52.250000000000007 0.40000000000000008 7.1000000000000014 58.550000000000004 45.150000000000013 437.00000000000006 50.050000000000004 1750.0000000000002 44.250000000000007 6.9000000000000021 65.750000000000014 86.750000000000014 3.5000000000000004 47.050000000000004 55.95000000000001 57.050000000000004 98.850000000000009 61.250000000000007 56.850000000000001 61.850000000000001 63.45000000000001 43.050000000000004 58.050000000000004 60.250000000000007 2.2500000000000009
decision_type=2 2 2 2 2 2 8 10 2 2 2 2 2 2 10 2 2 2 2 2 2 2 2 2 2 2 2 2 2 10
left_child=16 8 3 14 6 -5 -4 -8 10 -10 -2 12 -12 -13 -3 -16 19 18 -18 26 23 22 -22 -21 -25 -23 -1 28 -28 -29
right_child=1 2 4 5 -6 -7 7 -9 9 -11 11 13 -14 -15 15 -17 17 -19 -20 20 21 25 -24 24 -26 -27 27 29 -30 -31
leaf_value=-0.0048268127232748408 -0.020324292871296085 0.019506399264760856 0.023021467083520951 0.050300957570406035 -0.025988481968753131 0.013712998642769323 -0.0077352175807769603 0.0023318124714951983 0.046567940690055432 0.0099602853342772614 0.0043200758462964449 -0.0091196077779107671 0.024220186448757175 0.0046307623929469684 -0.040903351078739936 0.0058759138779605168 0.0012902762918757459 -0.014716356333662143 0.056446916578160804 0.018913226162624155 0.0013351657870624219 -0.023959872289892884 -0.019599853290629358 0.0067280060366305518 -0.0095987313883033314 -0.0036774802243721909 -0.00058449248824900821 -0.022818587063134457 0.0083964098832892062 -0.0041568583272779177
leaf_weight=870.71104862401262 25.874498071148992 14.646008752286432 24.490406446158886 16.633062772452831 30.128501694649458 42.743451461195946 351.70936947502196 389.45809143781662 18.626800265163183 61.035844316706061 92.359704712405801 91.478877630084753 77.919094514101744 700.06609437987208 14.130221216008069 12.554960743524132 6.5915150190703633 9.697838285006581 13.517821247689424 132.39632483571768 2211.2044033766724 70.131208082661033 61.264485193416476 452.0053488695994 107.02887904644012 95.938500814139843 7845.5716160917655 58.412601724267006 227.11030533723533 236.40832775551826
leaf_count=9568 145 91 109 121 237 305 1686 2107 112 335 886 477 605 3276 123 112 111 118 190 1223 15458 446 403 3263 517 442 58597 283 1165 1445
internal_value=3.50099e-05 0.00247002 -0.000895938 0.0120937 -0.00254739 0.0241137 -0.00161518 -0.00243899 0.00530164 0.0186303 0.00421978 0.0048873 0.0134645 0.00303436 -0.00507016 -0.018768 -0.000350311 0.0211698 0.0387107 -0.00040275 0.00134924 -0.000119406 0.000767732 0.00653536 0.0035921 -0.0122821 -0.000996885 -0.000597697 -0.000331111 -0.00787773
internal_weight=14361.8 1963.85 896.494 100.708 795.786 59.3765 765.658 741.167 1067.36 79.6626 987.698 961.824 170.279 791.545 41.3312 26.6852 12398 29.8072 20.1093 12368.2 3129.97 2438.54 2272.47 691.431 559.034 166.07 9238.21 8367.5 8072.68 294.821
internal_count=103956 10727 4891 752 4139 426 3902 3793 5836 447 5389 5244 1491 3753 326 235 93229 419 301 92810 21752 16749 15861 5003 3780 888 71058 61490 59762 1728
is_linear=0
shrinkage=0.05


Tree=196
num_leaves=31
num_cat=0
split_feature=7 28 18 5 1 2 37 9 3 4 11 32 32 34 3 2 13 5 5 9 30 7 9 4 8 35 3 9 12 9
split_gain=5.68913 10.3141 5.93608 5.49675 5.22698 9.0688 8.5278 9.58514 9.81566 8.49597 5.67583 6.95824 7.95552 8.54444 5.92623 5.36479 8.13024 5.68399 6.77112 4.95867 4.68614 4.99981 7.2792 4.98505 4.67018 5.02919 4.58995 4.53705 11.0486 5.04071
threshold=36.750000000000007 2.5000000000000004 17.500000000000004 38.650000000000013 57.45000000000001 47.750000000000007 70.934285714285735 50.750000000000007 54.150000000000013 75.250000000000014 49.900000000000006 63.95000000000001 46.45000000000001 1.5000000000000002 61.350000000000001 63.250000000000007 54.95000000000001 72.250000000000014 52.150000000000013 50.150000000000013 419.00000000000006 43.550000000000004 50.45000000000001 90.050000000000011 81.450000000000017 14.400000000000004 47.45000000000001 74.450000000000017 56.95000000000001 50.850000000000001
decision_type=2 2 2 2 2 2 2 2 2 2 2 2 2 8 2 2 2 2 2 2 2 2 2 2 2 10 2 2 2 2
left_child=1 -1 3 -3 10 6 7 8 -6 -8 11 12 13 -2 -14 17 19 18 -7 -17 21 22 -12 -23 25 -5 -19 29 -29 -22
right_child=4 2 -4 24 5 15 9 -9 -10 -11 20 -13 14 -15 -16 16 -18 26 -20 -21 27 23 -24 -25 -26 -27 -28 28 -30 -31
leaf_value=-0.03399199774973765 0.058382087046111801 -0.032882604308328421 -0.042416561840936867 0.013453353794039592 0.046319366633703979 0.0033272253047800177 -0.019923297186011595 0 0.0055419457733169022 0.019481634554197772 -0.031739749622573692 0.0019201830909279499 -0.016013000412196804 -0.0006724404347580649 0.017464848736731299 0.015341443353333598 0.036903550608575697 -0.0010266281072448924 -0.0027973156554366133 -0.006747623768178535 0.00056589334976389041 -0.0054690030304110973 0.011879498794903104 0.015236274474386522 -0.027269174685902026 -0.013486146526776759 0.020095097625040765 -0.00987588738323672 0.013533080940171256 -0.0019861997360914856
leaf_weight=33.448775015305728 7.1624672114849082 11.284013407304881 8.6944000013172609 74.441132706124336 46.302039086818695 874.26463956944644 29.608428850769997 31.464155063033104 22.116437718272209 25.213912285864353 36.714346284978092 184.48037830367684 229.24390802253038 38.101098055485636 13.80612527579069 54.65506224706769 25.114897884428501 41.156741790473461 932.38024932146072 46.956778153777122 8413.2625037753023 277.73989809118211 12.666046302765606 32.274355696514249 10.812662464566527 22.313953838311136 66.560540683567524 70.261033520102501 176.19157790765166 2512.4884937270544
leaf_count=505 81 232 128 833 238 5113 197 156 113 140 642 1030 2564 908 140 258 117 185 4428 221 62335 3101 183 178 120 241 309 475 1177 17608
internal_value=3.29576e-05 -0.00930993 -0.00277637 0.000114627 0.0001393 0.00238244 0.0140538 0.0227473 0.0332383 -0.00170665 -0.000270606 -0.00563948 -0.0104929 0.00867017 -0.0140844 0.00149471 0.0114567 0.000832067 0.000163701 0.00508791 -5.00024e-05 -0.00566925 -0.020449 -0.00329312 0.00364985 0.00718135 0.011985 0.000130363 0.00683785 -2.05418e-05
internal_weight=14361.2 160.995 127.546 118.852 14200.2 2195.79 154.705 99.8826 68.4185 54.8223 12004.4 472.794 288.314 45.2636 243.05 2041.09 126.727 1914.36 1806.64 101.612 11531.6 359.395 49.3804 310.014 107.568 96.7551 107.717 11172.2 246.453 10925.8
internal_count=103956 2059 1554 1426 101897 11475 844 507 351 337 90422 4723 3693 989 2704 10631 596 10035 9541 479 85699 4104 825 3279 1194 1074 494 81595 1652 79943
is_linear=0
shrinkage=0.05


Tree=197
num_leaves=31
num_cat=0
split_feature=1 0 0 1 0 13 32 28 3 37 4 3 15 11 15 1 34 1 0 4 13 12 5 37 32 5 18 37 33 15
split_gain=4.67842 5.44315 5.7836 7.19097 6.86875 6.87491 6.1954 6.78404 6.66755 5.29381 7.42133 8.70894 6.76812 6.11747 9.96182 12.4067 7.21113 10.4706 5.35423 10.9258 7.20221 6.28328 10.9185 7.07611 5.04834 4.76395 8.28194 9.04328 7.72784 6.79725
threshold=57.45000000000001 44.650000000000013 56.750000000000007 57.850000000000001 56.45000000000001 51.95000000000001 63.050000000000004 3.5000000000000004 54.750000000000007 86.250000000000014 53.95000000000001 48.350000000000001 51.150000000000013 49.900000000000006 37.050000000000004 53.150000000000013 1.5000000000000002 54.750000000000007 57.250000000000007 36.45000000000001 39.750000000000007 68.450000000000017 48.050000000000004 73.147071428571437 69.350000000000009 58.45000000000001 10.500000000000002 55.468571428571437 66.050000000000011 68.950000000000017
decision_type=2 2 2 2 2 2 2 2 2 2 2 2 2 2 2 2 8 2 2 2 2 2 2 2 2 2 2 2 2 2
left_child=9 -2 3 6 5 -5 7 -3 -8 13 -11 -12 -13 14 15 -1 17 -16 21 -20 -21 22 -15 -23 -18 28 -27 -28 29 -4
right_child=1 2 25 4 -6 -7 8 -9 -10 10 11 12 -14 18 16 -17 24 -19 19 20 -22 23 -24 -25 -26 26 27 -29 -30 -31
leaf_value=-0.011531476621588588 0.016907277364056023 0.036188930201660759 0.0092670055536542822 -0.0062713599766529102 -0.022373010846229894 0.0018515593600517738 0.0098097434018554544 0.0018785597231897222 -0.013078928110667196 -0.019585601792324256 -0.0021154117358388193 0.02306806466509875 0.086266905478151371 -0.0042134723180671917 0.013986196669768126 0.056392674196616734 -0.013858691401088042 -0.018724265644754653 -0.034946562518593516 -0.034584609727838396 -0.0017580327918005714 0.0022752816115834185 0.00081641431853306441 -0.0043004234873428122 0.0041222693058665513 0.037328166739465374 0.019225845444096126 -0.00046512368893399878 -0.0060899466845761255 -0.015668877385074137
leaf_weight=12.77097597718239 60.705189638771117 34.789342002943158 292.28396427817643 401.6838394086808 38.826950393617153 739.37166911363602 105.00731762498617 25.10494483076036 45.420790359377861 9.6980635570362193 11.995903431903573 9.574374205432834 8.0922765983268601 1661.8074036012404 74.558510545641184 13.803163059055803 289.82453014701605 36.22331428155303 25.394986685365438 16.757083162665367 2187.668920068536 4215.6708109197207 3072.5171202588826 452.53238038672134 44.591068249195814 26.187348112463951 99.172756053507328 140.13459471613169 175.81637661159039 29.920511342585087
leaf_count=115 359 232 1783 2208 198 3769 495 196 214 206 218 164 106 17878 529 92 3612 180 192 123 13833 30511 18692 5683 230 132 444 638 753 171
internal_value=3.09646e-05 0.00214479 0.00172561 -0.00019118 -0.00171313 -0.00100386 0.00831979 0.021918 0.00286134 -0.000354106 0.0179268 0.0303839 0.0526206 -0.000414113 -0.00599542 0.0236414 -0.00778061 0.00323823 -0.000187273 -0.00239028 -0.00201139 0.00033466 -0.000948135 0.00163669 -0.0114456 0.0052218 0.0106351 0.00767886 0.00232437 0.00693176
internal_weight=14357.9 2214.43 2153.72 1390.2 1179.88 1141.06 210.322 59.8943 150.428 12143.5 39.3606 29.6626 17.6667 12104.1 471.772 26.5741 445.197 110.782 11632.3 2229.82 2204.43 9402.53 4734.32 4668.2 334.416 763.516 265.495 239.307 498.021 322.204
internal_count=103956 11592 11233 7312 6175 5977 1137 428 709 92364 694 488 270 91670 4758 207 4551 709 86912 14148 13956 72764 36570 36194 3842 3921 1214 1082 2707 1954
is_linear=0
shrinkage=0.05


Tree=198
num_leaves=31
num_cat=0
split_feature=7 31 28 4 4 32 16 33 7 16 9 33 31 7 12 12 4 12 8 9 33 7 32 9 2 2 18 0 36 4
split_gain=5.16151 9.74835 6.27522 5.00696 6.58525 8.96819 4.23019 5.88419 5.24735 8.49971 8.94973 8.41822 9.93845 6.88825 3.95613 9.65025 7.63687 7.40038 7.44829 7.17541 11.3289 6.97212 6.61409 6.3831 10.1437 8.2327 5.00147 4.1693 3.90351 3.65336
threshold=36.750000000000007 -5.4999999999999991 2.5000000000000004 72.65000000000002 85.450000000000017 62.550000000000004 49.050000000000004 74.550000000000011 45.650000000000013 44.250000000000007 50.650000000000013 59.45000000000001 1.5000000000000002 55.650000000000013 68.450000000000017 68.850000000000009 44.650000000000013 65.850000000000009 65.350000000000009 74.550000000000011 50.850000000000001 37.45000000000001 58.45000000000001 50.850000000000001 44.95000000000001 63.250000000000007 14.500000000000002 50.350000000000001 0.22500000000000003 61.45000000000001
decision_type=2 8 2 2 2 2 2 2 2 2 2 2 10 2 2 2 2 2 2 2 2 2 2 2 2 2 2 2 8 2
left_child=1 28 -3 29 5 -5 7 8 9 -2 -11 13 -13 -10 16 22 17 18 -8 21 -21 -17 27 25 -25 -18 -19 -16 -1 -4
right_child=6 2 3 4 -6 -7 14 -9 11 10 -12 12 -14 -15 15 19 23 26 -20 20 -22 -23 -24 24 -26 -27 -28 -29 -30 -31
leaf_value=0.039521397323463249 -0.0094850998722832199 -0.03426524756921321 -0.0080835693673621794 0.049461997997610196 -0.019885486324445287 -0.004632731510608736 -0.0022074650198566194 -0.018105258471888385 -0.012090909037622759 0.018364850634563831 0.066972529169039938 0.00031972971554994144 0.035048106114194004 0.019070060056068375 -0.029015079870520488 0.023977333787782253 0.00012039035456511006 -0.008696801238777958 -0.020556069651181327 0.028048362915817367 0.0010111934725644672 0.0002825704697023116 0.031464881486666124 0.0090383425301264753 -0.0047893914964617082 0.014485123086082975 -0.05203451904364708 0.01793932574724668 -0.00086835274040003574 -0.034549244368878657
leaf_weight=12.618471837136893 18.250450832303613 29.994928524363786 33.906391847413033 12.710545323789121 19.142112459987402 18.66438358835876 284.25002277921885 22.757587775588036 83.462793623097241 41.576316167600453 12.428302163258193 46.94282691180706 37.030275359749794 22.326977157965302 8.8174843457527476 31.08597663231194 4470.3613930856809 12.488327274098994 68.845001213718206 60.84993439167738 107.48810402303934 7253.9862602944486 42.434536522254348 147.44712702929974 1295.09345890861 101.94278092309833 15.107146552763878 9.8820624677464348 10.839902369305493 21.88708049338311
leaf_count=135 169 461 560 228 130 104 3348 99 767 365 91 212 166 167 124 289 32017 110 718 476 632 51353 231 1172 8621 496 174 100 182 259
internal_value=2.90692e-05 -0.00890459 -0.0140513 -0.00827422 0.00304376 0.0172107 0.000130032 0.00616148 0.00829434 0.0197688 0.0297467 0.00389081 0.0157171 -0.00545536 6.15013e-06 0.00078441 -0.000907495 -0.00777516 -0.00580396 0.000621303 0.010825 0.000384692 0.0205551 -0.000471875 -0.00337202 0.000442066 -0.0327048 -0.00397191 0.020721 -0.0185984
internal_weight=14354.6 159.764 136.305 106.311 50.517 31.3749 14194.9 284.776 262.018 72.2551 54.0046 189.763 83.9731 105.79 13910.1 7514.54 6395.54 380.69 353.095 7453.41 168.338 7285.07 61.1341 6014.84 1442.54 4572.3 27.5955 18.6995 23.4584 55.7935
internal_count=103956 2059 1742 1281 462 332 101897 2036 1937 625 456 1312 378 934 99861 53205 46656 4350 4066 52750 1108 51642 455 42306 9793 32513 284 224 317 819
is_linear=0
shrinkage=0.05


Tree=199
num_leaves=31
num_cat=0
split_feature=2 17 13 13 4 14 4 5 35 5 2 32 27 12 31 13 1 1 3 3 32 3 12 33 13 31 13 35 13 35
split_gain=4.47697 4.89848 4.74906 8.0562 9.69558 9.75557 8.73372 8.37617 7.51558 7.35352 6.44179 6.24416 8.01633 7.02859 6.15345 6.13656 5.76068 5.2272 15.4404 12.4117 7.66493 6.24471 5.83756 5.59064 6.95706 7.5819 5.20264 4.98354 12.4033 7.57657
threshold=58.650000000000013 2450.0000000000005 55.95000000000001 57.050000000000004 98.850000000000009 61.250000000000007 56.850000000000001 61.850000000000001 1.7500000000000007 34.150000000000013 53.850000000000001 63.45000000000001 6.5000000000000009 76.050000000000011 12.500000000000002 56.350000000000001 52.750000000000007 60.650000000000013 48.550000000000004 41.45000000000001 76.65000000000002 57.650000000000013 77.65000000000002 78.15000000000002 53.45000000000001 -2.4999999999999996 54.250000000000007 6.7500000000000027 55.45000000000001 8.7500000000000036
decision_type=2 2 2 2 2 2 2 2 8 2 2 2 2 2 8 2 2 2 2 2 2 2 2 2 2 10 2 8 2 8
left_child=2 -2 17 6 5 9 14 8 -8 -5 -7 13 -13 -6 16 -9 -4 23 19 -19 21 -20 -21 27 25 -25 -26 28 -1 -29
right_child=1 -3 3 4 11 10 7 15 -10 -11 -12 12 -14 -15 -16 -17 -18 18 20 22 -22 -23 -24 24 26 -27 -28 29 -30 -31
leaf_value=0.0022677571405189069 0.0017899670411315697 0.016054901312976901 0.011845190841702366 0.025443465427448332 -0.034282819361373298 -0.034436913105541749 0.030027709546944177 -0.023415410316329942 0.0045628788080112545 0.0010519635918915379 -0.0017190173030460873 0.0056988348488001203 -0.026217664492135279 -0.00027965772428909349 -0.016577438122814776 0.00080445889777101993 0.034138405688050703 -0.0042362895598304839 -0.0018415622516358907 0.055393849450837078 0.023336582040088746 -0.028974852652505628 0.022451398658943023 0.0042501438076032053 0.020247522327006395 -0.025774147938355842 -0.0065088548552457012 -0.0071612819336352093 -0.019812298053515878 -0.001013313380876442
leaf_weight=1736.5837182304822 1903.0942812012509 62.166709166020155 72.746664894279093 31.267684700898826 46.418175585567951 31.714256582781672 31.125671591609716 44.367851067334414 422.76708962675184 2185.2919261679053 29.201662596315145 68.779930956661701 27.376824304461479 23.016792902722955 11.787045176140962 62.563094336539507 49.438000984489918 26.812060039490461 72.816749945282936 24.472674496471882 20.789450146257877 30.093169882893562 31.968389976769686 28.106215074658394 24.918101772665977 80.043729230761528 66.106867268681526 543.36934342188761 65.889146570116282 6498.7145225317217
leaf_count=11956 10411 316 789 415 294 234 162 215 3113 15105 170 318 125 152 116 302 329 138 386 140 98 149 162 123 112 349 298 4091 386 53002
internal_value=2.72208e-05 0.00224454 -0.000324137 0.00135607 2.87278e-06 0.000854461 0.00610635 0.00335394 0.00632637 0.00139943 -0.0188632 -0.0116728 -0.00335398 -0.0230997 0.01758 -0.00921064 0.0209268 -0.000894617 0.00695724 0.0236002 -0.00421355 -0.00984491 0.0368963 -0.00107492 -0.00935959 -0.0179285 0.00077502 -0.000887688 0.0014568 -0.0014885
internal_weight=14353.8 1965.26 12388.5 3137.86 2443.07 2277.48 694.795 560.824 453.893 2216.56 60.9159 165.592 96.1568 69.435 133.972 106.931 122.185 9250.68 206.952 83.2531 123.699 102.91 56.4411 9043.73 199.175 108.15 91.025 8844.56 1802.47 7042.08
internal_count=103956 10727 93229 21839 16813 15924 5026 3792 3275 15520 404 889 443 446 1234 517 1118 71390 1073 440 633 535 302 70317 882 472 410 69435 12342 57093
is_linear=0
shrinkage=0.05


Tree=200
num_leaves=31
num_cat=0
split_feature=2 7 3 32 36 33 5 8 7 0 5 7 1 33 2 1 2 6 0 6 16 3 2 5 12 5 14 15 15 36
split_gain=8.2717 7.53783 9.28098 8.8727 9.36411 9.86462 8.43783 10.4179 9.74252 8.42095 8.97896 8.808 8.03716 12.2628 7.79281 7.50151 7.22575 7.0226 6.81877 10.5101 6.24458 6.17456 9.62784 9.92882 6.42939 6.02455 5.95091 5.33958 6.34026 5.25502
threshold=58.750000000000007 48.850000000000001 53.150000000000013 74.250000000000014 0.45000000000000007 54.650000000000013 62.850000000000001 72.850000000000009 53.550000000000004 54.050000000000004 48.350000000000001 44.150000000000013 57.550000000000004 66.850000000000009 66.65000000000002 58.45000000000001 37.150000000000013 73.050000000000011 59.550000000000004 80.850000000000009 68.250000000000014 35.650000000000013 46.850000000000001 59.050000000000004 67.15000000000002 47.95000000000001 54.550000000000004 53.750000000000007 50.150000000000013 0.29166666666666669
decision_type=2 2 2 2 8 2 2 2 2 2 2 2 2 2 2 2 2 2 2 2 2 2 2 2 2 2 2 2 2 8
left_child=16 2 3 4 26 -6 14 12 -9 -4 11 -11 13 -8 18 -12 27 -14 25 -20 21 22 24 -24 -18 -3 -2 28 -1 -5
right_child=1 6 9 29 5 -7 7 8 -10 10 15 -13 17 -15 -16 -17 20 -19 19 -21 -22 -23 23 -25 -26 -27 -28 -29 -30 -31
leaf_value=0.01514010785305242 0.029556030660844668 -0.00085441561483929967 0.024910044641599353 -0.017296302884732301 0.026519218889651371 -0.0029145780560564712 -0.0049460501954907438 -0.014544661154048339 0.024493130286850545 -0.047822463130121146 -0.0019155685020988225 -0.0066098250183237884 0.015815465378210374 -0.033609484510937392 0.035630689187845996 0.02733426566568764 0.051043140444532481 -0.013224507847701218 -0.0046700018764149987 0.022715819832343512 -0.03319181085126368 0.00017855422916681173 -0.022190322353538842 0.0078886478805694007 -0.0059614180107498277 0.0098782350691944479 0.0072758705074292777 -0.0067651682154574976 0.063367852676463707 0.01007749502659027
leaf_weight=21.067631731275473 133.01617829501629 191.19579934328794 30.362126536667347 33.19886227697134 41.959672827273607 87.295923821628094 84.709261763840914 24.141368612647057 46.258681498467922 18.629779433831573 113.38225319050252 43.461513176560402 42.5573685541749 67.340479359030724 18.661632467061281 27.003680765628815 9.9511125911958533 40.491218484938145 359.28872742131352 38.686501875519753 14.043676872272043 12210.266361909918 103.90662092762068 36.916293123736978 9.428923172876237 407.85090846754611 39.605523871257901 12.674568982794879 10.33799209538847 36.762893326580524
leaf_count=343 816 1253 168 147 365 424 393 106 216 133 569 281 199 290 85 129 106 185 2017 223 131 91347 973 196 106 2074 246 127 154 164
internal_value=0.000557099 0.00360618 0.00823134 0.0131325 0.0168521 0.00661485 0.00148509 -0.00579315 0.0110338 0.000380575 -0.0032835 -0.0191126 -0.0108558 -0.0176873 0.00367952 0.00369059 8.42045e-05 0.00159771 0.00307295 -0.00199027 1.17937e-05 5.01606e-05 -0.0096985 -0.0142697 0.0231639 0.00644481 0.0244803 0.0202691 0.031325 -0.00284694
internal_weight=14354.5 1925.86 604.678 371.839 301.877 129.256 1321.18 305.498 70.4001 232.839 202.477 62.0913 235.098 152.05 1015.68 140.386 12428.6 83.0486 997.022 397.975 12384.5 12370.5 160.203 140.823 19.38 599.047 172.622 44.0802 31.4056 69.9618
internal_count=103966 10483 3442 2162 1851 789 7041 1389 322 1280 1112 414 1067 683 5652 698 93483 384 5567 2240 92859 92728 1381 1169 212 3327 1062 624 497 311
is_linear=0
shrinkage=0.05


Tree=201
num_leaves=31
num_cat=0
split_feature=2 7 3 32 5 5 1 33 0 5 7 35 19 2 1 2 0 5 7 16 3 2 5 7 9 32 32 32 12 9
split_gain=7.45023 6.76194 8.28774 7.91894 7.61426 9.05846 8.90029 7.7387 7.56918 8.18345 8.23098 7.49641 7.67092 7.0073 6.75413 6.44024 6.18167 6.18686 5.93263 5.73654 5.61052 8.69325 9.1089 8.38075 5.39138 10.3308 4.58824 15.4588 5.06941 4.58206
threshold=58.750000000000007 48.850000000000001 53.150000000000013 74.250000000000014 62.850000000000001 64.65000000000002 57.45000000000001 54.45000000000001 54.050000000000004 48.350000000000001 44.150000000000013 38.400000000000013 1.0000000180025095e-35 66.65000000000002 58.45000000000001 37.150000000000013 59.150000000000013 47.95000000000001 50.95000000000001 68.250000000000014 35.650000000000013 46.850000000000001 59.050000000000004 48.95000000000001 74.65000000000002 55.45000000000001 50.650000000000013 41.250000000000007 60.050000000000004 41.650000000000013
decision_type=2 2 2 2 2 2 2 2 2 2 2 8 2 2 2 2 2 2 2 2 2 2 2 2 2 2 2 2 2 2
left_child=15 2 3 11 13 -6 7 -7 -4 10 -10 12 -2 16 -11 26 17 -3 -18 20 21 23 -23 -17 29 -26 27 -1 -28 -22
right_child=1 4 8 -5 5 6 -8 -9 9 14 -12 -13 -14 -15 -16 19 18 -19 -20 -21 24 22 -24 -25 25 -27 28 -29 -30 -31
leaf_value=-0.035964899725407548 0.0099922054934628614 -0.0013238628124987307 0.023541038305412803 -0.0027012482789942629 -0.025588372740884137 0.019222366502278283 0.0097155069032700686 -0.013613208606161645 -0.046462683410669586 -0.0018207024884611357 -0.0062986720017877019 -0.0079000434381091677 0.02679818570637954 0.033740446440882373 0.025905175879419082 0.052485586479897331 -0.013768300926626231 0.0099549957550638321 0.0012294371819641619 -0.032071951424933437 -0.011845973186329913 -0.021352420516503955 0.0074792598441305843 -0.012368234999621537 0.027779016628959464 0.0022210209349558174 0.029224602861966077 0.092427721706503985 -0.0088883783658673769 0.0001016665674226166
leaf_weight=3.4388738796114904 136.3889390276745 176.77335202042013 30.522957310080528 69.970457330346107 47.364085864275694 20.46290822327137 101.45043091475964 136.10951003432274 18.229466233402491 113.3319816980511 43.33630034700036 29.540421862155199 138.11248500831425 18.725633837282658 27.072378620505333 10.361720919609072 80.723395816981792 384.08703262917697 355.94642810709774 13.816706472076474 80.692118808627129 102.62219011876732 36.993544436991215 9.2627614922821504 50.073588160797954 189.24721855670214 17.237755140289664 6.7146476479247212 17.210563514381647 11891.154688857496
leaf_count=128 841 1165 168 311 219 106 477 587 133 569 281 176 834 85 129 128 458 1951 1993 131 864 973 196 84 396 1178 140 180 176 88909
internal_value=0.000528907 0.00342068 0.00779301 0.0124006 0.00140999 -0.00550562 -0.00179127 -0.00928039 0.000357054 -0.00313182 -0.0183283 0.0158923 0.0184728 0.00349341 0.00350437 7.98645e-05 0.00291727 0.00639158 -0.00153414 1.10799e-05 4.75771e-05 -0.00927353 -0.0136773 0.0217136 0.000169614 0.00759883 0.0190241 0.0485284 0.0100678 2.06217e-05
internal_weight=14357 1928.15 606.505 374.012 1321.64 305.387 258.023 156.572 232.493 201.97 61.5658 304.042 274.501 1016.26 140.404 12428.8 997.53 560.86 436.67 12384.2 12370.4 159.24 139.616 19.6245 12211.2 239.321 44.6018 10.1535 34.4483 11971.8
internal_count=103966 10483 3442 2162 7041 1389 1170 693 1280 1112 414 1851 1675 5652 698 93483 5567 3116 2451 92859 92728 1381 1169 212 91347 1574 624 308 316 89773
is_linear=0
shrinkage=0.05


Tree=202
num_leaves=28
num_cat=0
split_feature=9 1 27 15 3 35 5 5 27 1 32 4 1 27 33 18 29 9 33 1 32 5 35 36 32 0 31
split_gain=5.77175 6.41116 6.93754 5.3537 4.96868 5.15111 6.92872 10.1241 8.41932 4.87091 3.9003 9.75256 5.63138 6.90725 4.21992 10.1367 11.6047 6.71278 4.60589 9.79967 4.36546 3.44384 3.64499 2.63693 1.73999 0.750597 0.232485
threshold=41.650000000000013 49.95000000000001 4.5000000000000009 51.650000000000013 35.45000000000001 8.1000000000000032 59.250000000000007 54.250000000000007 6.5000000000000009 56.150000000000013 31.250000000000004 82.850000000000009 39.150000000000013 4.5000000000000009 28.450000000000003 10.500000000000002 56.750000000000007 43.050000000000004 29.650000000000002 51.350000000000001 41.250000000000007 54.45000000000001 1.7500000000000007 0.45000000000000007 62.550000000000004 44.45000000000001 1.5000000000000002
decision_type=2 2 2 2 2 8 2 2 2 2 2 2 2 2 2 2 2 2 2 2 2 2 10 10 2 2 10
left_child=1 2 -1 -4 5 9 7 8 -7 26 11 12 25 -14 15 16 -12 -17 19 -16 -20 22 -3 24 -24 -6 -2
right_child=4 21 3 -5 10 6 -8 -9 -10 -11 14 -13 13 -15 18 17 -18 -19 20 -21 -22 -23 23 -25 -26 -27 -28
leaf_value=0.029242408992153177 -0.043018522143316751 0.0091240480101498125 0.0094939423395337535 -0.041778316989774938 -0.014203788347990652 0.027796277578948082 0.020541428618695606 -0.045102252689597742 -0.012662996765299306 -9.0931603182062688e-05 0 0.063379032655220519 -0.009413240411874026 0.027219118744678535 0.0029445049488430334 0.059790307534017921 0.054607934927557916 -0.0095457321702793769 -0.0068013340784575348 0.048755448159025334 0.00079522129842246191 -0.045450143501731384 -0.049859932842786343 -0.0049381451898404295 -0.01798802077850643 -0.051655894980454843 -0.030130449347134849
leaf_weight=15.600322386249898 12.682771492749454 10.690867818892 10.353669427335264 9.6410760916769487 2.8309004367329171 18.128132624551654 24.242302453145385 16.15552743524313 43.498701483011246 14.300550378859041 31.987427735701203 8.2378840632736665 22.661929507274181 29.117181079462171 48.374823296442628 3.4190388619899741 13.916211558505891 273.46523045515642 191.58828072156757 15.410216472111641 13482.241555625573 13.054160125553606 10.397434165701275 11.482657825574277 8.6026654280722124 3.9054469084367156 13.170950107276438
leaf_count=185 105 106 124 99 136 210 132 117 472 78 619 131 608 662 1053 60 246 7904 2813 332 87135 101 144 121 75 103 95
internal_value=0.000502027 -0.0121231 0.00424137 -0.0150646 0.000581935 -0.00871258 -0.0026786 -0.00999683 -0.000654755 -0.0238749 0.000675892 0.0127281 0.00541611 0.0111028 0.000618227 -0.00502981 0.0166706 -0.00865022 0.000751337 0.0141495 0.000688369 -0.0229449 -0.0155956 -0.0244302 -0.0358608 -0.0370863 -0.0367868
internal_weight=14359.2 89.8229 35.5951 19.9947 14269.3 142.179 102.025 77.7824 61.6268 40.1543 14127.2 66.7533 58.5155 51.7791 14060.4 322.788 45.9036 276.884 13737.6 63.785 13673.8 54.2278 41.1736 30.4828 19.0001 6.73635 25.8537
internal_count=103966 955 408 223 103011 1209 931 799 682 278 101802 1640 1509 1270 100162 8829 865 7964 91333 1385 89948 547 446 340 219 239 200
is_linear=0
shrinkage=0.05


Tree=203
num_leaves=31
num_cat=0
split_feature=2 4 4 32 36 8 5 18 6 13 4 15 35 0 32 2 13 0 34 4 8 0 32 6 15 12 33 8 0 35
split_gain=6.69791 6.71269 13.5681 11.695 17.1134 10.17 12.3589 12.4033 11.0661 10.5373 10.1553 9.94749 10.1698 8.9028 9.21039 8.26488 11.8892 8.72291 8.02126 7.83569 7.65765 7.56136 6.73956 7.52958 6.68229 5.71698 5.70942 11.6633 10.5124 9.76145
threshold=58.750000000000007 79.450000000000017 81.250000000000014 36.550000000000004 0.36666666666666675 67.15000000000002 49.850000000000001 8.5000000000000018 60.850000000000001 48.050000000000004 73.250000000000014 36.350000000000001 3.2500000000000013 57.750000000000007 58.650000000000013 53.750000000000007 50.650000000000013 38.850000000000001 2.5000000000000004 64.250000000000014 65.950000000000017 52.850000000000001 45.250000000000007 54.150000000000013 68.950000000000017 99.15000000000002 51.650000000000013 28.750000000000004 64.550000000000011 19.100000000000005
decision_type=2 2 2 2 10 2 2 2 2 2 2 2 8 2 2 2 2 2 10 2 2 2 2 2 2 2 2 2 2 8
left_child=1 5 22 4 -4 8 10 -8 13 -9 18 12 -5 14 -1 17 -17 -10 -7 -15 -13 -12 -3 25 -25 -24 28 -28 29 -2
right_child=26 2 3 11 -6 6 7 9 15 -11 21 20 -14 19 -16 16 -18 -19 -20 -21 -22 -23 23 24 -26 -27 27 -29 -30 -31
leaf_value=-0.0034384057180977916 0.014253300407531725 -0.023594275211137036 0.070694211958323511 -0.019097720563670414 -0.019848999114399843 0.0021953301170420394 0.028200589495058843 0.0052562207336683334 0.01657967658013745 -0.0093450723089524065 0.032233791806924567 -0.002865130503793866 0.014242161291921525 -0.021904441025088914 0.0024697685068405814 0.012109721759537118 0.0014553751520097662 0.0014463376594329898 -0.012863963084070153 -0.0014206481819190853 0.0023077982428617509 0.0060573188580751672 0.00024230446107033904 -0.0092288483533920704 0.011806865575051853 0.028295321222545123 -0.014338197145980006 0.0030380420965617078 0.045770894152493906 -0.0024187058492393513
leaf_weight=1036.1289795623161 197.44740719813854 58.479452464729548 13.56683361483738 25.88728604465723 8.2689767219126207 551.18538008490577 25.362232502549887 145.20601656707004 99.504536340013146 811.98326094448566 43.497103687375784 2077.650554433465 185.21208919771016 86.965523349121213 1814.3349365042523 596.67865259526297 468.67305260524154 2212.8046029321849 105.2037227214314 101.91326904669404 1090.0914744017646 77.003799491561949 92.607267867773771 639.92199348192662 39.831922009587288 22.60628204792738 103.27129738032818 1453.9476908147335 18.211745847016573 157.18835088610649
leaf_count=12215 1646 1505 229 126 133 4789 122 933 1904 4693 283 12156 967 654 10181 4460 2980 19460 1716 676 6103 559 762 5432 273 172 490 6841 158 1348
internal_value=0.000476322 5.04094e-05 -0.00155997 -0.000143816 0.0362444 0.000888896 -0.00247746 -0.00620481 0.0018127 -0.00712451 0.00223037 -0.000381521 0.0101229 -0.00037467 0.000320378 0.00378241 0.0074279 0.00210041 -0.000212296 -0.0108851 -0.00108341 0.0155666 -0.00719631 -0.00598094 -0.0079873 0.00580977 0.00321667 0.00188163 0.00877714 0.00685093
internal_weight=14360.6 12430.6 4254.12 3400.68 21.8358 8176.45 1759.44 982.552 6417 957.189 776.89 3378.84 211.099 3039.34 2850.46 3377.66 1065.35 2312.31 656.389 188.879 3167.74 120.501 853.447 794.967 679.754 115.214 1930.07 1557.22 372.848 354.636
internal_count=103966 93483 27858 19714 362 65625 13095 5748 52530 5626 7347 19352 1093 23726 22396 28804 7440 21364 6505 1330 18259 842 8144 6639 5705 934 10483 7331 3152 2994
is_linear=0
shrinkage=0.05


Tree=204
num_leaves=31
num_cat=0
split_feature=2 4 4 15 6 4 5 16 4 33 5 7 37 33 31 13 15 4 31 7 18 7 7 30 35 17 15 13 5 4
split_gain=6.03573 6.06227 12.5111 10.5342 9.33355 8.63009 17.4501 10.9059 9.81847 9.77197 9.57981 9.50289 9.94774 8.12126 7.99216 7.68818 7.55401 7.54125 6.78183 6.89252 6.59388 6.03901 7.42701 7.76724 10.7888 8.19551 7.00659 7.10191 6.80392 10.1482
threshold=58.750000000000007 79.450000000000017 83.250000000000014 39.650000000000013 48.350000000000001 67.950000000000017 65.450000000000017 50.150000000000013 56.850000000000001 45.150000000000013 46.050000000000004 56.850000000000001 48.147071428571429 48.550000000000004 14.500000000000002 63.750000000000007 60.750000000000007 90.550000000000011 2.5000000000000004 49.95000000000001 11.500000000000002 48.850000000000001 44.550000000000004 475.00000000000006 8.1000000000000032 1850.0000000000002 63.250000000000007 45.750000000000007 62.850000000000001 57.45000000000001
decision_type=2 2 2 2 2 2 2 2 2 2 2 2 2 2 8 2 2 2 8 2 2 2 2 2 10 2 2 2 2 2
left_child=1 5 -3 4 -4 8 7 14 11 15 -11 13 -13 -1 -7 -10 -9 -6 20 -20 -5 22 23 24 -2 -25 27 -24 -23 -30
right_child=21 2 3 18 17 6 -8 16 9 10 -12 12 -14 -15 -16 -17 -18 -19 19 -21 -22 28 26 25 -26 -27 -28 -29 29 -31
leaf_value=0.0036532055337269356 -0.0039283635576272593 -0.0059515138416762819 -0.023515020201130374 -0.0050972216460300592 0.017363284211133711 0.0047531601963702597 -0.0090509226689830299 0.025241991998555275 -0.011043829840152035 0.0057451857619861928 -0.0032815917056377639 -0.012491896308240054 0.0085900100770589655 -0.0016020789773027099 -0.015946619930311139 0.025225258623721675 -0.014147011062297833 0.0022624219613343608 -0.0097856391605283394 8.00484565366632e-05 0.0019998364407290289 0.0031168756242345649 -0.0088581251973165482 -0.014289013957552886 0.032570950268573033 0.01955779380076442 -0.0032408628635018479 0.01647239486470279 -0.026223170233142159 -0.0013789935903890053
leaf_weight=1120.7838252405636 47.916162854060531 1144.8819525758736 21.517758904024959 409.01629441231489 178.02989735454321 1768.9500861396082 243.71159150451422 97.522490296512842 404.95566305331886 382.46154941059649 1265.7661276943982 61.215759661048651 622.08226038329303 2135.4343521762639 47.694015854038298 14.986253447830675 13.669813539832829 155.93281347490847 372.23552464041859 335.61442731320858 1633.2854716684669 1018.2975455736741 30.12985922023654 103.00460680387914 34.681291952729225 21.439516108483076 69.471484838053584 302.19487394578755 48.984436966478825 256.21900402382016
leaf_count=17022 255 10259 119 2064 1036 13262 1145 761 6385 2690 6982 344 3857 12319 561 207 90 759 2308 1794 9519 5652 218 661 217 128 359 1604 222 1167
internal_value=0.000452023 4.74608e-05 -0.00148386 0.000161659 0.00826139 0.000843863 0.00354528 0.00514063 -0.000131805 -0.00292224 -0.00118373 0.00133189 0.00669244 0.000205301 0.00420611 -0.00973191 0.0203463 0.0103302 -0.000883745 -0.00510159 0.000575865 0.00305164 0.00717398 -0.0004961 0.0113575 -0.00840664 0.0111379 0.0141588 0.00115111 -0.00539009
internal_weight=14362.1 12429.7 4250.51 3105.63 355.48 8179.23 2171.55 1927.84 6007.69 2068.17 1648.23 3939.52 683.298 3256.22 1816.64 419.942 111.192 333.963 2750.15 707.85 2042.3 1932.34 608.838 207.042 82.5975 124.444 401.796 332.325 1323.5 305.203
internal_count=103966 93483 27858 17599 1914 65625 15819 14674 49806 16264 9672 33542 4201 29341 13823 6592 851 1795 15685 4102 11583 10483 3442 1261 472 789 2181 1822 7041 1389
is_linear=0
shrinkage=0.05


Tree=205
num_leaves=31
num_cat=0
split_feature=36 13 13 5 18 2 31 35 15 33 35 13 36 31 2 3 1 5 15 13 6 2 9 15 28 5 3 35 33 36
split_gain=8.43374 10.8644 10.8904 8.61916 9.03434 8.55081 8.29323 9.85723 8.11604 9.71451 7.58718 7.51791 10.7434 7.07154 7.05744 6.90077 6.83994 6.39266 6.35086 6.31285 9.79937 8.12653 6.13453 7.43444 8.77289 8.78354 6.11181 5.89206 5.67246 5.49007
threshold=0.29166666666666669 48.750000000000007 45.45000000000001 73.050000000000011 10.500000000000002 52.350000000000001 5.5000000000000009 10.750000000000004 42.750000000000007 73.050000000000011 9.7500000000000036 44.350000000000001 0.45000000000000007 13.500000000000002 55.45000000000001 48.250000000000007 60.150000000000013 41.350000000000001 53.850000000000001 54.550000000000004 65.950000000000017 50.750000000000007 50.45000000000001 61.650000000000013 2.5000000000000004 45.850000000000001 53.650000000000013 20.600000000000005 68.250000000000014 1.0000000180025095e-35
decision_type=10 2 2 2 2 2 10 10 2 2 10 2 10 10 2 2 2 2 2 2 2 2 2 2 2 2 2 10 2 10
left_child=13 2 10 4 5 15 7 -6 27 18 14 12 -12 22 -2 -3 -8 -7 -10 29 21 -21 23 -1 -25 -26 -22 -4 -5 -15
right_child=1 3 8 28 6 17 16 -9 9 -11 11 -13 -14 19 -16 -17 -18 -19 -20 20 26 -23 -24 24 25 -27 -28 -29 -30 -31
leaf_value=0.0012446588703477009 0.039661999261338766 -0.029058189211796571 0.00076899064179719774 0.024905835680069786 -0.0082448112818116325 -0.017641994181951556 -0.013827958351664962 -8.8907966799770511e-05 0.014511499277430243 -0.02429571080377254 -0.028070151367619808 -0.015494189221217184 0.0019625712422634434 -0.0041097469104312877 -0.0043500334143015094 0.0024472407550579106 0.011869678468721256 0.011300135087673713 0.0041570668941488271 0.020578942440591531 -0.020786444328521766 -0.02227581961514841 -0.0006606384332926914 0.01555803794281547 0.015160451704188942 0.0010874040063234751 -0.060548798394681538 -0.02418743995779829 -0.0015048254381081936 0.029541274000940428
leaf_weight=6100.1015041037463 18.277004953473806 31.174604535102844 77.802092172205448 41.308773756027222 735.31081533245742 20.909331382252276 389.76169165968895 749.07598536647856 285.3034741487354 22.40883181989193 33.434967886656523 139.19749009655789 264.46047533582896 200.12619355786592 17.662635713815689 38.502549543976784 27.451597698032856 197.07944590970874 311.72572272922844 21.520571163855493 28.70925489300862 22.524056203663349 3544.8081819969229 191.7223925832659 134.78579499665648 628.70911559090018 15.120686025358735 33.652742835693061 39.260067470371723 12.781280033290384
leaf_count=47828 133 208 470 180 4083 132 2575 5248 2081 97 220 1150 2686 1757 96 242 141 925 1988 187 230 139 24701 1089 1212 3592 116 290 174 60
internal_value=0.000136291 -0.00200868 0.00182782 -0.00404576 -0.00463865 0.00360777 -0.00588889 -0.00413269 0.00565609 0.00789466 -0.00407669 -0.00590223 -0.00139973 0.000820293 0.0179414 -0.0115985 -0.0121227 0.00849428 0.00911513 -0.00673628 -0.0180106 -0.00122418 0.00103525 0.00188802 0.00599076 0.00358004 -0.0347243 -0.00673648 0.0119884 -0.00205321
internal_weight=14374.7 3473.76 1203.93 2269.83 2189.27 287.666 1901.6 1484.39 730.893 619.438 473.033 437.093 297.895 10900.9 35.9396 69.6772 417.213 217.989 597.029 300.782 87.8746 44.0446 10600.1 7055.32 955.217 763.495 43.8299 111.455 80.5688 212.907
internal_count=104030 23119 9211 13908 13554 1507 12047 9331 4926 4166 4285 4056 2906 80911 229 450 2716 1057 4069 2489 672 326 78422 53721 5893 4804 346 760 354 1817
is_linear=0
shrinkage=0.05


Tree=206
num_leaves=31
num_cat=0
split_feature=36 30 13 31 28 37 37 28 8 5 34 17 35 12 5 8 18 8 30 5 30 13 35 12 17 12 18 37 16 13
split_gain=7.62166 10.1151 12.7169 9.88939 8.96071 9.36539 8.23099 8.20062 7.31766 18.0516 10.756 7.09322 7.00823 7.16599 6.8582 7.46417 9.65288 7.06229 6.79933 6.64156 8.54684 6.80625 6.40714 7.33966 7.16907 5.98674 5.78009 5.83613 6.91196 5.8912
threshold=0.29166666666666669 507.00000000000006 51.050000000000004 17.500000000000004 4.5000000000000009 70.828785714285729 57.742857142857147 5.5000000000000009 50.050000000000004 69.450000000000017 2.5000000000000004 1350.0000000000002 34.400000000000013 86.550000000000011 74.450000000000017 30.150000000000002 12.500000000000002 85.65000000000002 431.00000000000006 70.050000000000011 453.00000000000006 46.650000000000013 7.6000000000000014 99.950000000000017 2550.0000000000005 95.050000000000011 7.5000000000000009 55.034285714285723 58.95000000000001 59.650000000000013
decision_type=10 2 2 10 2 2 2 2 2 2 8 2 10 2 2 2 2 2 2 2 2 2 8 2 2 2 2 2 2 2
left_child=8 2 3 4 6 -6 -2 -3 9 26 12 -12 19 -14 15 16 -4 -17 -11 21 -21 -10 24 -24 -13 -9 -1 29 -29 -28
right_child=1 7 14 -5 5 -7 -8 25 10 18 11 22 13 -15 -16 17 -18 -19 -20 20 -22 -23 23 -25 -26 -27 27 28 -30 -31
leaf_value=-0.0088481227248469029 -0.0018824007229801037 0.0059973338978418205 0.036771754909145006 0.029707833549909281 -0.0034845087985804109 -0.024166032987243308 0.0069531405854953007 -0.0047946992958219983 -0.0063822900296616539 0.037791109658748018 -0.017345076558060876 -0.018609637438490888 0.037439806787421766 -0.0031162881859001521 0.015654225858980273 -0.0088928176903815357 -0.0031342234117699647 0.0095480461200011212 0.011133358586509486 -0.026064833265252541 -0.0030624648353210658 0.0012356165624044944 -0.0042821349222022268 0.011531545469480094 0.016711723532076395 -0.041646263951984307 0.00058415915912118097 0.0031383076636356932 0.036005133821211531 -0.0093234467638106996
leaf_weight=136.65226578246802 634.60600818507373 542.7741432832554 21.054222244769335 27.469848331995308 307.76756378542632 66.743443062994629 450.04771821107715 56.189373215660453 318.10961445141584 26.059943106025457 119.05913444049656 110.87195958010852 25.360286347568035 18.637651931494474 33.43579937517643 1209.9874796736985 52.737887921743095 53.907057170756161 310.920146510005 50.783650223165751 199.35269037634134 3714.3298318367451 412.20559172006324 89.075067287310958 16.274368452839553 13.759115740656851 2751.7891574995592 2430.1792861684225 16.035045890603215 158.58718308340758
leaf_count=793 4222 3301 115 205 2554 646 3196 439 2567 123 1557 1152 166 110 145 7506 369 307 1434 228 913 23346 4747 946 139 114 18995 22606 161 928
internal_value=0.000129031 -0.00191131 -0.00316219 3.77348e-05 -0.000519398 -0.00718908 0.00177936 0.00391423 0.000778875 0.00198741 -0.00060879 -0.00614718 0.000347022 0.0201786 -0.00663508 -0.00719708 0.00821836 -0.00810164 0.0132203 0.000141644 -0.00776103 0.000633275 -0.0040153 -0.00146041 -0.0140397 -0.012164 0.0012972 0.00155711 0.00335726 4.22713e-05
internal_weight=14374.8 3470.48 2857.76 1486.63 1459.16 374.511 1084.65 612.723 10904.3 5830.22 5074.06 747.486 4326.57 43.9979 1371.12 1337.69 73.7921 1263.89 336.98 4282.58 250.136 4032.44 628.427 501.281 127.146 69.9485 5493.24 5356.59 2446.21 2910.38
internal_count=104030 23119 19265 10823 10618 3200 7418 3854 80911 45040 35871 8541 27330 276 8442 8297 484 7813 1557 27054 1141 25913 6984 5693 1291 553 43483 42690 22767 19923
is_linear=0
shrinkage=0.05


Tree=207
num_leaves=31
num_cat=0
split_feature=36 30 13 33 2 28 8 28 32 8 13 4 8 1 32 34 17 1 2 17 30 26 1 29 9 27 13 6 18 18
split_gain=6.88536 9.13203 11.5195 9.1785 9.28774 8.16843 8.72443 7.42447 8.23386 7.38598 7.33022 7.24207 6.6019 12.9989 9.73129 8.3259 11.5813 9.323 9.92384 9.90166 9.32009 7.98006 6.4175 6.26204 6.20454 5.90445 6.48604 5.87768 5.85714 5.71412
threshold=0.29166666666666669 507.00000000000006 51.050000000000004 66.250000000000014 56.850000000000001 4.5000000000000009 22.950000000000003 5.5000000000000009 48.350000000000001 85.050000000000011 47.350000000000001 80.450000000000017 50.050000000000004 58.550000000000004 79.15000000000002 1.5000000000000002 1450.0000000000002 46.750000000000007 48.150000000000013 2810.0000000000005 535.00000000000011 1.0000000180025095e-35 50.45000000000001 57.250000000000007 48.95000000000001 7.5000000000000009 53.45000000000001 45.050000000000004 7.5000000000000009 11.500000000000002
decision_type=10 2 2 2 2 2 2 2 2 2 2 2 2 2 2 8 2 2 2 2 2 2 2 2 2 2 2 2 2 2
left_child=12 2 5 4 9 -2 10 8 11 -4 -7 23 28 15 -15 16 20 18 -17 -19 -14 -18 -9 -3 -6 26 -5 -10 -1 -29
right_child=1 7 3 25 24 6 -8 22 27 -11 -12 -13 13 14 -16 17 21 19 -20 -21 -22 -23 -24 -25 -26 -27 -28 29 -30 -31
leaf_value=-0.0082917661902071459 0.0022078728436871623 0.034403902142755093 -0.0090383606034120569 -0.026311353084645106 0.022057293881548548 0.0024418803860865607 -0.0087953301460334653 -0.035897180953654399 0.029056639232185738 0.011123907182815891 0.051910322548526081 0.067388584886699937 0.0036049096576547656 0.0040267192631153036 0.024845862520575614 -0.0030284216555555095 -0.00187155755125203 -0.0037891013958626326 -0.027924779404308094 0.013286747544359441 0.038297595302931912 -0.021073202257542355 -0.0020220024320013541 -0.0089132918549576067 0.00028624900837956221 0.0027863683198421957 -0.010715390375897771 0.014991737908716281 0.0021337771528235519 0.00026684192125625762
leaf_weight=137.70318935438991 1106.9790126364678 19.505190347321332 595.22804302815348 99.71319504827261 36.285683358088136 26.469628310762346 342.33120967447758 19.511359915137291 22.100476674735546 48.874173005111516 10.481835281476377 8.7148310355842096 1069.4889992782846 584.88255663774908 62.166399016976357 80.610650535207242 1314.8601443292573 1714.4848846215755 80.449753004126251 89.109216596931219 19.65396648272872 56.411780497059226 49.995943292975426 14.207665897905825 330.5739135183394 49.087048284709454 207.60546968877316 78.938762042671442 5696.6089958543889 400.44365574419498
leaf_count=799 7576 248 4455 431 232 284 2879 190 127 331 84 81 6378 2997 307 1715 7452 14454 1533 539 108 388 363 178 1885 214 894 391 44241 2276
internal_value=0.000122194 -0.00181831 -0.00300901 -0.00632088 -0.00388085 3.47698e-05 -0.00629341 0.00371233 0.00568531 -0.00749921 0.0167115 0.0268292 0.000739529 -0.000579072 0.00603821 -0.00154792 0.00038829 -0.00397515 -0.0155048 -0.00294198 0.004239 -0.00266661 -0.0116408 0.0160284 0.00245865 -0.0132251 -0.0157989 0.00388148 0.00188672 0.0027046
internal_weight=14373.5 3467.05 2853.63 1367.37 1010.96 1486.26 379.283 613.418 543.911 644.102 36.9515 42.4277 10906.4 5072.12 647.049 4425.07 2460.41 1964.65 161.06 1803.59 1089.14 1371.27 69.5073 33.7129 366.86 356.406 307.319 501.483 5834.31 479.382
internal_count=104030 23119 19265 8442 6903 10823 3247 3854 3301 4786 368 507 80911 35871 3304 32567 14326 18241 3248 14993 6486 7840 553 426 2117 1539 1325 2794 45040 2667
is_linear=0
shrinkage=0.05


Tree=208
num_leaves=31
num_cat=0
split_feature=36 13 13 30 5 18 36 7 35 33 15 33 15 22 35 13 36 35 31 35 31 33 27 13 7 17 35 3 36 17
split_gain=6.21696 8.54535 9.76567 9.4459 8.74762 8.91993 8.05634 8.58406 7.82296 7.33091 7.30326 8.78708 6.92269 6.85434 6.83242 6.8433 9.81242 6.78946 6.66567 6.46251 6.41922 6.36552 5.91424 5.76238 6.50413 6.22163 5.41785 5.24428 5.77121 8.10079
threshold=0.29166666666666669 48.750000000000007 45.45000000000001 507.00000000000006 73.050000000000011 10.500000000000002 0.77500000000000013 45.45000000000001 6.6000000000000014 68.250000000000014 42.750000000000007 73.050000000000011 41.250000000000007 1.0000000180025095e-35 9.7500000000000036 44.350000000000001 0.45000000000000007 7.7500000000000018 5.5000000000000009 6.4000000000000012 13.500000000000002 70.050000000000011 2.5000000000000004 54.550000000000004 51.250000000000007 2760.0000000000005 20.600000000000005 37.95000000000001 -1.0000000180025095e-35 2675.0000000000005
decision_type=10 2 2 2 2 2 10 2 10 2 2 2 2 2 10 2 10 10 10 10 10 2 2 2 2 2 10 2 8 2
left_child=20 2 14 4 5 19 8 -8 22 -6 26 21 -10 -9 17 16 -16 -2 -7 -3 27 -12 -5 25 -25 -22 -4 -1 -29 -30
right_child=1 3 10 6 9 18 7 13 12 -11 11 -13 -14 -15 15 -17 -18 -19 -20 -21 23 -23 -24 24 -26 -27 -28 28 29 -31
leaf_value=-0.0042518552110799804 -0.0056093978025579206 0.014545570433075037 0.0006551283420453823 0.016814327357994149 0.030816287443906361 -0.0053852566562219662 -0.04448871586666496 0.01805152701637289 -0.01522191477328682 -0.0035814634045638577 0.0074804677732378498 -0.023189466469287909 0.017539812886537672 -0.012188568374414864 -0.027077316193016451 -0.014882576668367776 0.0017938384840966996 0.037406223745177818 -0.013451427370980743 -0.0025805603058635749 9.5370532895838205e-05 0.033671016238179044 -0.0087135196648664218 -0.030055284346494793 -0.0025768114954601022 -0.035953824237808595 -0.023388684851842229 -0.0017691204537126646 0.0014104959444514692 0.012064306251074509
leaf_weight=470.31054188124835 17.251451216638088 82.640595406293869 77.823992107063532 30.183742197230458 30.551125705242157 1227.5661053350195 14.306242503225802 27.045489903539419 17.688987106084824 30.812914058566093 575.40608183201402 22.452855050563812 160.03656717203557 60.1017578355968 32.985137764364481 137.98426955519244 264.92596159037203 19.024066187441349 325.40620048344135 163.76333908550441 200.07472200877964 24.221245616674423 89.830389592796564 46.638886237982661 40.767716838978231 12.612586795352398 33.187282826751471 1452.1736248726957 8501.6940542175435 182.30324436351657
leaf_count=3900 113 393 470 150 132 7883 118 179 100 136 3965 97 897 407 220 1150 2686 116 2168 909 1717 104 436 417 255 100 290 15579 58003 940
internal_value=0.000115818 -0.00172868 0.0016684 -0.00354261 -0.00504091 -0.00567619 0.00342831 -0.00871138 0.00758319 0.013485 0.00528306 0.00739494 0.0142442 -0.00273654 -0.00393305 -0.0056778 -0.00139405 0.0168528 -0.0070794 0.0031466 0.000702314 0.00855218 -0.00224295 -0.00650591 -0.0173137 -0.00203478 -0.00650245 0.000906791 0.00114668 0.00163486
internal_weight=14371.8 3465.2 1205.26 2259.93 1860.74 1799.38 399.193 101.453 297.74 61.364 733.091 622.08 177.726 87.1472 472.171 435.895 297.911 36.2755 1552.97 246.404 10906.6 599.627 120.014 300.094 87.4066 212.687 111.011 10606.5 10136.2 8684
internal_count=104030 23119 9211 13908 11621 11353 2287 704 1583 268 4926 4166 997 586 4285 4056 2906 229 10051 1302 80911 4069 586 2489 672 1817 760 78422 74522 58943
is_linear=0
shrinkage=0.05


Tree=209
num_leaves=31
num_cat=0
split_feature=36 13 13 30 8 33 32 5 30 15 33 32 6 33 17 3 32 8 5 34 32 6 17 32 32 33 15 32 3 33
split_gain=5.61972 7.72578 8.80642 8.53926 10.0647 12.5266 9.46353 7.35756 7.28362 6.57514 7.91043 6.46386 6.37658 7.19636 6.70304 6.55893 6.20394 5.92242 16.2391 9.48106 7.56643 6.50336 6.9873 6.36106 6.2334 9.86327 6.09381 7.3798 6.60779 6.92261
threshold=0.29166666666666669 48.750000000000007 45.45000000000001 507.00000000000006 22.450000000000003 51.650000000000013 44.050000000000004 73.050000000000011 519.00000000000011 42.750000000000007 73.050000000000011 70.450000000000017 80.050000000000011 66.450000000000017 1175.0000000000002 48.350000000000001 60.850000000000001 50.050000000000004 69.450000000000017 2.5000000000000004 83.65000000000002 91.050000000000011 1350.0000000000002 59.45000000000001 80.950000000000017 76.550000000000011 56.750000000000007 73.450000000000017 57.45000000000001 68.850000000000009
decision_type=10 2 2 2 2 2 2 2 2 2 2 2 2 2 2 2 2 2 2 8 2 2 2 2 2 2 2 2 2 2
left_child=17 2 12 4 5 -3 -6 -8 -5 -4 -11 -10 13 14 -2 -14 -17 18 -1 20 24 22 23 -21 -19 -26 28 -28 29 -20
right_child=1 3 9 8 6 -7 7 -9 11 10 -12 -13 15 -15 -16 16 -18 19 26 21 -22 -23 -24 -25 25 -27 27 -29 -30 -31
leaf_value=0.0010987269120784791 0.0228547776702899 0.051579664458825392 -0.0062030724960595376 0.0099252239426457084 -0.026071157013086051 -0.0049568302419923669 -0.0053271661369570875 0.012276299949738599 0.0024103310902514438 0.0080971871873602302 -0.021978930881082562 -0.017196867235181226 -0.0099276944312604205 -0.033504942827228011 -0.0056325086849736269 0.052866010045274248 0.0045283662457266385 0.00032210361102259885 -0.0049017458854009382 -0.031816893067731354 0.018343482575241876 0.036368926244917076 -0.0042226995629312588 -0.0076696071052723969 -0.027896722527987167 0.010514578006627855 0.031699602330066468 0.0066931831982616433 0.026133930613584447 0.015299516196152985
leaf_weight=5503.14379608538 21.669425840489566 17.499447264708579 110.57151719462126 202.14609249215573 53.462764915078878 21.745673321187496 1702.2512554246932 61.2466671615839 137.04061077907681 601.66298908926547 22.509023129940033 60.325383223593235 16.780426084063947 21.896489091217518 383.74826172785833 13.867228741757573 13.156586229801176 4193.7493819883093 105.7311538439244 47.051516606472433 57.312511719763279 8.8998220902867597 620.75003211386502 66.637570329010487 47.443257793784142 25.473478712141514 71.470868855714798 51.303320981562138 38.142564877867699 70.456711947917938
leaf_count=43483 212 172 760 1145 900 110 10172 267 874 4069 97 268 170 95 3587 148 73 26716 507 979 277 95 6932 535 209 128 328 232 174 316
internal_value=0.00010957 -0.00164523 0.00158257 -0.00337296 -0.00480123 0.0201928 -0.00534492 -0.0047123 0.00325006 0.00500673 0.00700122 -0.00356301 -0.00374698 -0.00561864 -0.00409228 0.0143685 0.0296206 0.000666936 0.00175238 -0.000583102 0.000312574 -0.00579929 -0.00632196 -0.0177264 6.87751e-05 -0.0144132 0.0124049 0.0213049 0.00727581 0.00315238
internal_weight=14369.1 3461.58 1205.86 2255.72 1856.21 39.2451 1816.96 1763.5 399.512 734.744 624.172 197.366 471.118 427.314 405.418 43.8042 27.0238 10907.6 5840.25 5067.32 4323.98 743.339 734.439 113.689 4266.67 72.9167 337.105 122.774 214.33 176.188
internal_count=104030 23119 9211 13908 11621 282 11339 10439 2287 4926 4166 1142 4285 3894 3799 391 221 80911 45040 35871 27330 8541 8446 1514 27053 337 1557 560 997 823
is_linear=0
shrinkage=0.05


Tree=210
num_leaves=20
num_cat=0
split_feature=6 32 32 8 1 35 2 32 5 20 1 33 2 8 3 4 4 3 8
split_gain=6.52629 4.69289 5.01073 9.49796 8.72739 7.55307 5.0715 4.74102 4.71643 8.74408 4.68808 5.81871 4.48841 4.45732 4.36227 4.15496 4.12602 3.00868 2.36691
threshold=93.600000000000009 84.350000000000009 76.250000000000014 85.050000000000011 61.850000000000001 7.6000000000000014 63.95000000000001 88.65000000000002 74.450000000000017 1.0000000180025095e-35 53.350000000000001 56.650000000000013 55.150000000000013 52.650000000000013 51.250000000000007 75.250000000000014 88.050000000000011 49.350000000000001 64.15000000000002
decision_type=2 2 2 2 2 10 2 2 2 2 2 2 2 2 2 2 2 2 2
left_child=1 2 6 4 5 -4 8 12 14 -10 11 -8 13 -3 -1 -5 -12 -17 -14
right_child=-2 7 3 15 -6 -7 10 -9 9 -11 16 -13 18 -15 -16 17 -18 -19 -20
leaf_value=-0.0012202618403832884 -0.029550745565023018 -0.0079790701362679253 -0.0088372915131304641 0.00034682766463323594 0.019102564841722763 0.00103035647249687 0.0031924114363138193 -0.010187247540293019 0.017606272539550563 -0.0032293137297633397 0.010770572903526475 0.043159158552876768 0.036224274881092852 0.02113582766496426 0.00062566593546703898 0.0080169016216202534 -0.0083706292260449667 0.033855467308507706 0.013443466540762708
leaf_weight=6788.8445907877758 19.003505038097501 31.405196409672499 676.4878115542233 41.447791341692209 35.717967122793198 270.60295135527849 17.653654148802161 24.757863186299801 102.31311386078596 98.354802295565605 79.205140834674239 19.409910172224045 24.423437274992466 22.322485417127609 6051.3680580263026 21.398890301585197 43.298697046935558 25.43017403781414 23.430965542793274
leaf_count=53184 107 147 3032 184 167 1211 117 115 451 437 376 90 113 110 43949 99 202 117 107
internal_value=-0.000342917 -0.000303814 -0.000389114 -0.00367814 -0.00509312 -0.00601282 -0.000121838 0.00928491 -0.000230651 0.00737255 0.00873438 0.0243171 0.0140852 0.00404133 -0.000349921 0.0120065 0.00396307 0.0221971 0.0252257
internal_weight=14416.9 14397.9 14271.5 1071.09 982.809 947.091 13200.4 126.34 13040.9 200.668 159.567 37.0636 101.582 53.7277 12840.2 88.2769 122.504 46.8291 47.8544
internal_count=104315 104208 103616 4810 4410 4243 98806 592 98021 888 785 207 477 257 97133 400 578 216 220
is_linear=0
shrinkage=0.05


Tree=211
num_leaves=27
num_cat=0
split_feature=6 34 37 17 1 7 7 16 15 4 29 33 33 6 27 6 2 1 32 15 6 7 6 14 6 2
split_gain=5.94307 4.30626 8.02833 7.21938 6.89438 6.78445 8.65732 6.04322 6.31875 6.18104 6.04321 6.06453 7.93753 6.40306 5.82177 5.68689 5.31561 5.95242 8.06375 6.31988 5.2653 7.07808 6.31265 4.83894 5.43079 0.627664
threshold=93.600000000000009 1.0000000180025095e-35 52.231142857142864 1850.0000000000002 38.550000000000004 49.45000000000001 47.550000000000004 50.850000000000001 65.450000000000017 65.550000000000011 53.500000000000007 63.250000000000007 70.850000000000009 63.45000000000001 1.5000000000000002 55.350000000000001 41.550000000000004 54.45000000000001 69.350000000000009 56.050000000000004 61.050000000000004 47.350000000000001 62.850000000000001 41.550000000000004 80.950000000000017 46.750000000000007
decision_type=2 8 2 2 2 2 2 2 2 2 2 2 2 2 2 2 2 2 2 2 2 2 2 2 2 2
left_child=1 2 3 7 14 6 -5 8 -1 -9 -4 13 -13 -12 -3 -7 17 19 -19 -6 21 -18 -22 25 -25 -16
right_child=-2 4 10 5 16 15 -8 9 -10 -11 11 12 -14 -15 23 -17 20 18 -20 -21 22 -23 -24 24 -26 -27
leaf_value=0.0002703754580609582 -0.028307442201102446 0.03115909962123611 0.033522489124799479 -0.0065301714566264523 -0.015439612525305155 -0.022787041364526944 0.026459987630905846 -0.0033847378465923792 0.0098701824597257522 0.024023855191237006 -0.0022835937875919517 -0.026285580963700581 0.010761993755436816 0.032906755385082774 -0.026064533255669882 -0.0022694663499960538 -0.0049477877857299901 0.027983071439424807 -0.014302675214929759 0.0071420644563498269 0.0079290397740381918 -0.00045831027206392859 7.5157888758002183e-05 -0.019278119838082679 0.040466112645138358 -0.054137738448142153
leaf_weight=1530.7951414799318 18.854523971676826 5.492708909790962 28.998286101967096 69.236717058345675 170.02488504024222 81.894051570445299 27.732822500169277 30.911315143108368 193.1150064766407 59.548158535733819 20.04336497373879 22.659255921840668 39.392602384090424 34.989126352593303 3.8260135240852824 58.453583419322968 1283.6087368382141 24.569888078607619 20.513211958110332 37.489004550501704 264.78449326194823 2786.881535358727 7548.012866448611 38.45360194472596 4.0801393776200703 10.499280312564222
leaf_count=9037 107 153 154 449 2256 452 167 192 1001 317 128 98 181 198 113 314 11745 196 94 375 1949 18345 54932 996 119 247
internal_value=-0.000325646 -0.000288454 0.00174818 0.000938882 -0.000655819 -0.00725563 0.00287089 0.00201381 0.00134917 0.0146093 0.013072 0.00794004 -0.00270661 0.0200185 -0.0172289 -0.0142849 -0.000570116 -0.00774716 0.00864295 -0.0113345 -0.000417073 -0.00187536 0.000342073 -0.0220376 -0.0133483 -0.0472192
internal_weight=14414.9 14396 2197.77 2051.69 12198.2 237.317 96.9695 1814.37 1723.91 90.4595 146.083 117.084 62.0519 55.0325 62.3517 140.348 12135.9 252.597 45.0831 207.514 11883.3 4070.49 7812.8 56.859 42.5337 14.3253
internal_count=104315 104208 12688 11929 91520 1382 616 10547 10038 509 759 605 279 326 1628 766 89892 2921 290 2631 86971 30090 56881 1475 1115 360
is_linear=0
shrinkage=0.05


Tree=212
num_leaves=28
num_cat=0
split_feature=32 13 32 8 17 1 13 22 2 1 31 33 33 33 3 7 12 8 1 1 1 3 15 3 30 2 35
split_gain=4.05833 4.87177 4.43802 8.581 11.1008 8.95702 6.61224 5.62571 4.56808 4.16137 5.57315 5.17767 5.14048 4.66893 4.14995 9.33163 8.49875 6.63745 6.79105 6.58777 6.50632 3.7977 3.55701 3.38703 4.47299 2.60746 2.34439
threshold=84.350000000000009 54.45000000000001 76.250000000000014 85.050000000000011 2150.0000000000005 61.550000000000004 63.250000000000007 1.0000000180025095e-35 63.95000000000001 53.350000000000001 -1.4999999999999998 65.450000000000017 56.650000000000013 62.850000000000001 51.250000000000007 42.350000000000001 94.850000000000009 86.050000000000011 60.850000000000001 56.850000000000001 54.050000000000004 51.350000000000001 53.650000000000013 45.650000000000013 477.00000000000006 53.250000000000007 13.100000000000003
decision_type=2 2 2 2 2 2 2 2 2 2 10 2 2 2 2 2 2 2 2 2 2 2 2 2 2 2 8
left_child=2 23 8 4 5 6 -4 -6 14 12 13 -12 -10 -11 15 16 -1 18 -16 -17 -19 25 -9 -2 -25 -5 -3
right_child=1 26 3 21 7 -7 -8 22 9 10 11 -13 -14 -15 17 19 -18 20 -20 -21 -22 -23 -24 24 -26 -27 -28
leaf_value=-0.009895334416489425 0.01788425597305154 0.008958081319892567 -0.0067227870292848463 0.014041943083427025 -0.0033844097400127812 0.016809173848889303 -0.032878182110366028 0.010818232795003673 0.0030051704378795691 -0.028654528746719671 0.024681279233164665 -0.0010474742005969569 0.040491129055005889 0.0036207187450188177 0.0012605011855954871 -0.0012072965142961147 0.0022132228368428302 -0.017498060290935338 -0.0094717866160395851 0.0030911695255403811 0.0016185625244639771 0.022412998051676451 0.038192215307422533 0.010534683923655776 -0.017166980829044619 -0.0095802521423327021 0.032206783089812493
leaf_weight=514.53859761543572 22.069894377142191 20.835257552564144 839.02097722515464 22.043660368770361 31.735266748815775 39.466952487826347 24.904982164502144 26.716943517327309 17.687875222414732 19.353927915915847 39.172580666840076 38.219547666609287 19.587105803191662 25.843817979097366 5820.2233698139898 5107.6602995577268 200.81174172926694 97.420144773088396 151.03860551305115 1079.3295743670315 81.040883420035243 41.574641451239586 22.460336834192276 25.60340578854084 33.21698721498251 24.503903694450855 24.594463735818863
leaf_count=5691 102 99 3745 100 146 183 111 127 117 100 198 168 90 112 42410 40152 1993 777 756 5898 445 188 103 116 153 112 123
internal_value=-0.000309726 0.00860771 -0.000388994 -0.00348241 -0.0048245 -0.00641761 -0.00748629 0.0128869 -0.000137495 0.00825969 0.0037546 0.0119258 0.0228926 -0.0101221 -0.000240791 -0.00108262 -0.00648942 0.000703254 0.000988045 -0.000456577 -0.00879297 0.0114402 0.0234741 0.0011769 -0.00502669 0.00150551 0.0216972
internal_weight=14410.7 126.32 14284.4 1072.43 984.305 903.393 863.926 80.9125 13211.9 159.865 122.59 77.3921 37.275 45.1977 13052.1 6902.34 715.35 6149.72 5971.26 6186.99 178.461 88.1222 49.1773 80.8903 58.8204 46.5476 45.4297
internal_count=104315 593 103722 4815 4415 4039 3856 376 98907 785 578 366 207 212 98122 53734 7684 44388 43166 46050 1222 400 230 371 269 212 222
is_linear=0
shrinkage=0.05


Tree=213
num_leaves=25
num_cat=0
split_feature=6 18 33 2 7 7 15 18 33 8 34 5 15 0 5 6 3 31 35 6 7 4 3 3
split_gain=5.40505 4.2673 12.7272 9.84153 5.75351 7.88802 7.84015 7.47026 5.94962 6.12806 4.2732 6.79577 7.10935 13.6641 5.8856 5.52533 7.0631 8.32592 8.12265 5.71661 10.2789 7.46829 3.83157 0.475379
threshold=93.600000000000009 8.5000000000000018 67.450000000000017 53.350000000000001 53.150000000000013 50.45000000000001 45.550000000000004 7.5000000000000009 61.050000000000004 50.650000000000013 2.5000000000000004 71.550000000000011 55.150000000000013 35.750000000000007 36.95000000000001 61.150000000000013 58.550000000000004 -11.499999999999998 0.80000000000000027 54.95000000000001 54.45000000000001 89.450000000000017 49.250000000000007 50.050000000000004
decision_type=2 2 2 2 2 2 2 2 2 2 10 2 2 2 2 2 2 10 8 2 2 2 2 2
left_child=1 2 4 23 5 6 -1 -7 9 -6 15 12 14 -14 -12 19 17 -17 -18 20 -3 -21 -5 -4
right_child=-2 10 3 22 8 7 -8 -9 -10 -11 11 -13 13 -15 -16 16 18 -19 -20 21 -22 -23 -24 -25
leaf_value=0.015745861877604298 -0.027086028328389189 -0.0018204763548728209 0.03190572021807199 0.021728226266354664 -0.0020856765538203978 0 -0.0049256442954716435 0.034019441531778619 0.010752690615235178 -0.022798449082186981 -0.01709863207972696 0.020251618196162356 0.046118927634109574 -0.011371009037905933 -0.00061063160679958859 -0.010929930453159202 -0.028082726198414554 0.00046399192193368355 0.0054761506144072663 -0.0047658426842507916 0.0046755566870903594 0.0021761216814609784 -0.0064088595362078952 0.044535042941229827
leaf_weight=62.750473625957966 18.70406305603683 2071.7074292208999 21.298915892839432 20.932515725493431 85.884564450010657 27.535078383982182 169.45954007655382 39.541025310754776 40.595774531364441 61.792339885607362 57.059779383707792 30.680587623268366 10.52832623105496 343.30089050764218 1039.0610539764166 164.60722270887345 18.249054752290249 6021.0612778221257 920.35990981385112 1776.577783992514 862.32574115879834 494.31219355203211 28.02002377808094 21.622822098433971
leaf_count=425 107 14929 101 100 437 157 1115 220 173 320 1483 147 249 3239 12416 1407 87 41225 5848 12635 4715 2539 138 103
internal_value=-0.00029422 -0.000258858 0.0039435 0.0210054 0.000714494 0.00503105 0.000643299 0.0201229 -0.00611976 -0.0107959 -0.00043557 -0.00297366 -0.00346991 -0.0096337 -0.00147498 -0.00013034 0.000773937 0.000159807 0.00481543 -0.00136903 8.71276e-05 -0.00325253 0.00554063 0.038473
internal_weight=14408 14389.3 579.433 91.8743 487.559 299.286 232.21 67.0761 188.273 147.677 13809.8 1480.63 1449.95 353.829 1096.12 12329.2 7124.28 6185.67 938.609 5204.92 2934.03 2270.89 48.9525 42.9217
internal_count=104315 104208 3289 442 2847 1917 1540 377 930 757 100919 17534 17387 3488 13899 83385 48567 42632 5935 34818 19644 15174 238 204
is_linear=0
shrinkage=0.05


Tree=214
num_leaves=29
num_cat=0
split_feature=6 12 30 14 3 35 15 35 2 7 0 20 3 8 31 14 30 36 12 7 8 8 30 8 15 0 30 15
split_gain=4.92061 3.93343 10.2075 9.30757 8.77072 8.6514 9.40335 7.07789 9.46766 10.3668 8.40769 7.42696 6.93424 5.46088 5.27315 9.80873 6.24507 6.12211 5.38202 6.09461 10.8075 6.23071 5.76468 7.39428 6.05379 5.21709 4.75512 3.21
threshold=93.600000000000009 97.250000000000014 483.00000000000006 51.95000000000001 65.450000000000017 26.900000000000006 51.550000000000004 16.250000000000007 50.650000000000013 39.750000000000007 53.650000000000013 1.0000000180025095e-35 37.550000000000004 18.950000000000003 14.500000000000002 36.550000000000004 485.00000000000006 0.63333333333333341 95.950000000000017 49.45000000000001 60.750000000000007 44.150000000000013 541.00000000000011 69.750000000000014 55.750000000000007 62.750000000000007 535.00000000000011 57.150000000000013
decision_type=2 2 2 2 2 8 2 10 2 2 2 2 2 2 10 2 2 10 2 2 2 2 2 2 2 2 2 2
left_child=1 14 3 4 12 25 -7 8 26 -10 13 -12 -3 -9 18 16 -16 27 22 20 -20 -21 24 -24 -1 -5 -4 -17
right_child=-2 2 7 5 -6 6 -8 10 9 -11 11 -13 -14 -15 15 17 -18 -19 19 21 -22 -23 23 -25 -26 -27 -28 -29
leaf_value=-0.0011961975928491755 -0.025940155283456307 -0.014728171447963604 -0.0075153116129750668 -0.014091106302766627 0.035173345579586048 -0.012322015368026627 0.027465114091240923 0.042046878757940956 0.034438608379169448 0.0035871815057358018 0.013199846443831606 -0.0068956935975751591 0.00048510868510624571 0.013279717466476404 -0.0076009025154995871 -0.013553265397113766 -0.054800110870050635 0.025800015163563464 0.020401421796906041 -0.043969086092524548 -0.025664972977070169 -0.010754888563156871 -0.005666512172541863 -0.039256740142886853 0.0015050796274797544 0.015736180869647086 0.018153105386020479 0.006759343733469066
leaf_weight=6891.3313841950148 18.561893608421087 77.673377340659499 271.32176313642412 262.57213484309614 17.69574018381536 27.986567813903093 31.188847774639726 17.858970342203975 28.003238444216549 929.55167316365987 78.301906490698457 110.8760643415153 2026.2209319155663 240.21102680778131 12.103910112753512 72.775353778619319 17.61296337749809 15.206735759973524 31.005078240297735 20.763663902878761 21.434933617711067 45.88872835971415 89.505120068788528 20.126251587644219 2965.9276303164661 15.289608363062142 19.132314022630453 26.093647055327892
leaf_count=53525 107 657 2208 1862 117 245 229 185 195 5181 491 766 14787 1919 110 640 143 114 249 140 157 274 665 128 18803 86 160 172
internal_value=-0.000279743 -0.0002461 0.00105093 -0.00100558 0.00021844 -0.00872315 0.0085747 0.00403631 0.00209675 0.00449814 0.00943565 0.00139814 -7.48451e-05 0.0153053 -0.000773265 -0.0102797 -0.0358332 -0.00355358 -0.000637139 -0.0112009 0.00146354 -0.0212271 -0.000510302 -0.0119088 -0.000382902 -0.0124268 -0.00580165 -0.0081404
internal_weight=14402.2 14383.7 4153.88 2458.63 2121.59 337.037 59.1754 1695.26 1248.01 957.555 447.248 189.178 2103.89 258.07 10229.8 143.793 29.7169 114.076 10086 119.092 52.44 66.6524 9966.89 109.631 9857.26 277.862 290.454 98.869
internal_count=104315 104208 29088 17983 15561 2422 474 11105 7744 5376 3361 1257 15444 2104 75120 1179 253 926 73941 820 406 414 73121 793 72328 1948 2368 812
is_linear=0
shrinkage=0.05


Tree=215
num_leaves=31
num_cat=0
split_feature=28 0 7 4 12 33 15 17 15 13 31 0 0 34 30 33 7 2 12 0 1 17 15 2 0 33 15 7 4 13
split_gain=5.0433 10.0365 9.57445 10.7481 10.3045 16.7288 14.6045 9.81678 9.01124 15.4496 8.8375 9.57003 8.78724 8.77268 8.42386 8.35865 7.59233 8.19814 10.0175 7.90375 6.75447 8.64109 7.15334 6.68018 8.51624 9.3227 6.52104 8.06452 6.41838 9.45451
threshold=3.5000000000000004 55.45000000000001 58.650000000000013 99.15000000000002 76.950000000000017 48.150000000000013 55.550000000000004 1450.0000000000002 56.850000000000001 64.15000000000002 -7.4999999999999991 55.550000000000004 64.15000000000002 2.5000000000000004 463.00000000000006 55.050000000000004 37.750000000000007 50.250000000000007 75.250000000000014 53.45000000000001 45.250000000000007 2870.0000000000005 69.350000000000009 53.350000000000001 48.250000000000007 49.350000000000001 68.950000000000017 65.450000000000017 77.350000000000009 49.750000000000007
decision_type=2 2 2 2 2 2 2 2 2 2 10 2 2 10 2 2 2 2 2 2 2 2 2 2 2 2 2 2 2 2
left_child=1 2 3 8 5 6 -4 -7 9 -1 28 -12 14 16 -13 -10 17 -2 -19 -20 -15 22 -22 -18 25 -25 27 -6 29 -3
right_child=13 10 4 -5 26 7 -8 -9 15 -11 11 12 -14 20 -16 -17 23 18 19 -21 21 -23 -24 24 -26 -27 -28 -29 -30 -31
leaf_value=-0.0024021220437335875 -0.016421552431097261 -0.021631102260966373 0.038399458001701678 -0.015615693650752353 0.0043909195945763908 0.017776857493797971 0 0.0005015584574158587 0.0081039660794257479 0.010100170226918441 0.030218940032706865 0.0015354879597462669 -0.012789257964085258 -0.044657673598476402 0.0093537434152605094 6.5909819417609607e-05 -0.0036077420513867132 0.0025632227781929671 0.075818816198248665 0.020474654436787684 -0.0064334363957493264 0.019526842867844393 -0.034226695767906871 0.040603206331947715 -3.7343255781053413e-05 0.0049321755609590505 -0.031101765325731709 -0.016043660997850921 -0.017518986295868521 0.022740724920781046
leaf_weight=4258.8210107889026 14.700538758188484 19.508977342396975 75.44071323890239 121.27479510009289 175.98210818273947 105.73244124650955 37.046186352148652 371.78898576647043 498.46044653933495 262.10463612154126 37.452408945187926 682.86292713601142 68.750421788543463 11.611806597560642 699.05214065872133 924.33179259300232 1518.0616071354598 24.807050440460443 12.531830916181208 14.054959643632172 535.51483513833955 30.671922475099564 24.213268822990358 26.302638836205006 3522.0218175388873 61.259777065366507 19.646762631833553 66.369190625846386 76.977584216743708 30.685750471428037
leaf_count=35933 190 128 697 670 1030 494 293 1741 4995 1913 214 4044 373 369 3548 4337 13248 240 104 112 5362 238 198 365 21629 331 96 362 438 181
internal_value=-0.000131552 0.000641193 -0.00018683 -0.000884775 0.00477513 0.00844138 0.0257884 0.00434003 -0.000583108 -0.00167598 0.00418984 0.00527317 0.00462365 -0.00127001 0.00549442 0.00288584 -0.000606613 0.016215 0.0256611 0.0469351 -0.006984 -0.00622714 -0.00765057 -0.000824728 0.000344391 0.0157384 -0.00346209 -0.00118889 -0.0084417 0.00538678
internal_weight=14328 8532.29 6917 6064.99 852.006 590.008 112.487 477.521 5943.72 4520.93 1615.29 1488.12 1450.67 5795.75 1381.92 1422.79 5193.74 66.0944 51.3938 26.5868 602.012 590.4 559.728 5127.65 3609.58 87.5624 261.998 242.351 127.172 50.1947
internal_count=103873 61487 52561 47848 4713 3225 990 2235 47178 37846 8926 8179 7965 42386 7592 9332 36219 646 456 216 6167 5798 5560 35573 22325 696 1488 1392 747 309
is_linear=0
shrinkage=0.05


Tree=216
num_leaves=27
num_cat=0
split_feature=11 9 3 32 37 6 28 32 13 4 9 32 35 27 31 32 35 18 6 15 14 15 32 18 35 7
split_gain=6.30564 5.48502 5.50188 7.81129 5.75542 5.20568 4.23671 7.7641 6.99423 8.3513 6.55473 5.08303 9.46216 9.68333 9.03042 7.66558 6.39086 5.11391 3.63098 3.26913 3.2175 3.18866 2.28733 2.82171 1.80208 1.61032
threshold=50.850000000000001 41.850000000000001 44.350000000000001 58.95000000000001 72.783000000000015 79.350000000000009 5.5000000000000009 35.850000000000001 55.750000000000007 77.750000000000014 48.45000000000001 70.450000000000017 0.6000000000000002 5.5000000000000009 -1.0000000180025095e-35 84.350000000000009 9.7500000000000036 5.5000000000000009 77.550000000000011 41.650000000000013 52.45000000000001 59.550000000000004 55.050000000000004 12.500000000000002 18.600000000000005 44.050000000000004
decision_type=2 2 2 2 2 2 2 2 2 2 2 2 8 2 8 2 8 2 2 2 2 2 2 2 10 2
left_child=1 2 3 -1 19 22 11 20 10 -10 -9 12 13 -3 15 -13 -16 -14 -6 -4 25 -21 23 -2 -25 -8
right_child=5 6 4 -5 18 -7 7 8 9 -11 -12 14 17 -15 16 -17 -18 -19 -20 21 -22 -23 -24 24 -26 -27
leaf_value=0.045953182926875939 0.011601210037853915 0.0043427643008343763 0.0020261780154996497 -0.015102897214335867 0.033532386316964286 0.018908802427984241 -0.015028324649239241 -0.02571968324752404 -0.0035454795036554279 0.024608516066977601 -0.0029722084939921567 -0.0055320094916990054 0.028393237690408191 0.045777564736841442 -0.0031601781668259745 0.017924237598025691 0.0024931029126801971 0.0006690269432056339 -0.01195415006798572 -0.032712740502153857 -0.0024544372478658215 -0.0050473085212955531 -0.04956660658683653 -0.051227383967830956 -0.0070404459773584106 -0.053434107003630993
leaf_weight=9.2981340792030114 4.9174923831596997 36.269911806564778 11.262054370716212 11.591786630451677 8.1921215150505322 6.0272504575550547 4.1766048111021581 32.820520113222301 55.002934559248388 49.951722496189177 888.56468722643331 1188.2012167666107 16.571358410641551 23.317775698378682 768.2393427528441 35.694058537483215 1429.5645624687895 9633.4160510995425 9.029958348721264 49.560531012713909 6.9590263445861629 13.796072427183388 10.95720751211047 5.979131172411142 4.2452142313122749 11.920790422242133
leaf_count=130 73 206 105 110 102 143 143 355 404 336 8048 5348 97 135 3383 171 6465 76624 110 487 171 120 95 184 65 263
internal_value=-0.000125408 -7.52466e-05 -0.0110559 0.0119245 -0.0163446 -0.0222182 1.17697e-05 -0.00304488 -0.00239339 0.0098171 -0.00379062 0.000256446 0.000840748 0.0206903 -0.00140011 -0.00484243 0.000514677 0.000717448 0.0094627 -0.0223726 -0.0316939 -0.0267848 -0.0319427 -0.0186199 -0.0336109 -0.0439324
internal_weight=14325.5 14293.4 112.731 20.8899 91.8407 32.1263 14180.7 1049.4 1026.34 104.955 921.385 13131.3 9709.58 59.5877 3421.7 1223.9 2197.8 9649.99 17.2221 74.6187 23.0564 63.3566 26.099 15.1418 10.2243 16.0974
internal_count=103873 103313 1164 240 924 560 102149 9720 9143 740 8403 92429 77062 341 15367 5519 9848 76721 212 712 577 607 417 322 249 406
is_linear=0
shrinkage=0.05


Tree=217
num_leaves=31
num_cat=0
split_feature=11 37 13 5 33 4 30 13 31 33 4 3 13 5 28 26 5 28 30 15 13 0 5 30 25 35 35 4 33 31
split_gain=5.79327 4.94614 6.7395 4.2034 7.90409 9.92199 10.8971 15.4266 12.0984 7.54679 8.31314 8.71607 13.0647 7.71118 7.38143 8.34676 10.8318 7.10784 10.7666 6.79759 6.37525 6.09087 10.613 8.95572 5.89 4.71768 7.97926 3.83572 7.62781 4.02283
threshold=50.850000000000001 77.484285714285733 52.95000000000001 38.45000000000001 36.850000000000001 64.850000000000009 449.00000000000006 48.95000000000001 -7.4999999999999991 50.050000000000004 89.850000000000009 50.850000000000001 50.650000000000013 61.650000000000013 5.5000000000000009 1.0000000180025095e-35 50.45000000000001 3.5000000000000004 457.00000000000006 66.65000000000002 42.750000000000007 55.750000000000007 61.45000000000001 473.00000000000006 1.0000000180025095e-35 29.250000000000011 24.250000000000011 36.45000000000001 28.450000000000003 -5.4999999999999991
decision_type=2 2 2 2 2 2 2 2 8 2 2 2 2 2 2 2 2 2 2 2 2 2 2 2 2 10 10 2 2 10
left_child=3 -2 -3 4 5 27 7 -7 -8 10 17 13 -13 -12 21 19 -17 18 -5 -16 -6 23 -23 -11 -19 26 -22 28 -1 -29
right_child=1 2 -4 9 20 6 8 -9 -10 14 11 12 -14 -15 15 16 -18 24 -20 -21 25 22 -24 -25 -26 -27 -28 29 -30 -31
leaf_value=-0.038135524696046065 -0.03110002549631475 0.070057397337636482 -0.033368685028966977 -0.00085847100247865311 -0.031304286256076556 0.10045040103218293 0.062403980769243965 0.00194129025232905 -0.021726496425474095 0.00076796352184111511 -0.0023482046713829128 -0.0057830188991646421 0.027718602376991992 0.032216878376351031 -0.0080891905183124967 -0.012013050449347279 0.030356967473938581 -0.0014597776762822999 0.0068197404039331685 -0.03354252025567743 -0.00047950930772007547 0.0033670808929929445 -0.0036500409560570931 -0.0029663324081021731 0.018445757234799843 -0.021551411291788756 0.03109802312114119 -0.013684758014246387 0.05628666049851281 -0.037202447776994184
leaf_weight=4.3201533760875446 25.622265504673127 3.0614631441421798 2.9829645464196801 809.56258644908667 16.927531426772475 5.7714299829676774 4.6856061685830355 12.64755982486531 38.515503203496337 3075.417868938297 137.49267925042659 39.529046112671494 107.54549491032958 18.161443673074245 315.45000248774886 28.853300020098686 31.17352682352066 1661.5093378140591 1043.8103060475551 28.715702004730701 536.79771097190678 2134.5925591997802 720.10512895137072 3355.4179730080068 37.886404643766582 24.806456403806806 20.672192592173815 30.580405398737639 4.0165093932300806 48.694608656689525
leaf_count=202 352 87 121 11382 167 154 142 392 1031 16122 1098 305 759 98 1911 186 167 17920 12465 162 4732 10670 3227 16825 408 203 183 788 106 1508
internal_value=-0.000119486 -0.0214487 0.0184898 -7.17333e-05 -0.00371936 -0.0140144 0.00128314 0.033454 -0.0123632 0.000129472 0.00200075 0.00995559 0.0186826 0.00167078 -0.000614597 -0.00722878 0.00992156 0.00132125 0.0034633 -0.0102366 -0.00114512 -0.000326073 0.00159518 -0.00117972 -0.001012 -0.000254548 0.000687854 -0.0248199 0.00689131 -0.0282221
internal_weight=14325.3 31.6667 6.04443 14293.7 748.436 149.232 61.6201 18.419 43.2011 13545.2 3855.5 302.729 147.075 155.654 9689.73 404.193 60.0268 3552.77 1853.37 344.166 599.204 9285.53 2854.7 6430.84 1699.4 582.276 557.47 87.6117 8.33666 79.275
internal_count=103873 560 208 103313 9608 4323 1719 546 1173 93705 44435 2260 1064 1196 49270 2426 353 42175 23847 2073 5285 46844 13897 32947 18328 5118 4915 2604 308 2296
is_linear=0
shrinkage=0.05


Tree=218
num_leaves=31
num_cat=0
split_feature=9 32 8 37 36 32 36 2 33 8 35 13 13 33 33 2 9 9 32 5 35 28 33 9 0 5 30 30 35 15
split_gain=5.27154 7.21353 7.58371 8.51712 7.10751 7.9562 4.89907 7.45807 11.2552 8.35543 7.3213 7.20434 7.05589 9.84518 6.12095 5.97221 5.9478 5.47235 4.76163 8.88371 6.7392 6.52724 5.88991 8.45966 7.53325 7.49384 9.90034 8.99609 4.57391 5.05225
threshold=42.45000000000001 55.050000000000004 35.550000000000004 54.184285714285721 0.77500000000000013 50.250000000000007 0.70833333333333337 51.650000000000013 65.65000000000002 29.150000000000002 6.7500000000000027 44.350000000000001 49.150000000000013 60.250000000000007 67.050000000000011 43.750000000000007 50.750000000000007 74.550000000000011 40.45000000000001 35.45000000000001 3.7500000000000013 5.5000000000000009 50.050000000000004 46.050000000000004 55.750000000000007 38.45000000000001 453.00000000000006 447.00000000000006 22.900000000000006 39.850000000000001
decision_type=2 2 2 2 8 2 10 2 2 2 10 2 2 2 2 2 2 2 2 2 8 2 2 2 2 2 2 2 10 2
left_child=1 2 -1 -4 5 -5 18 10 9 11 -8 -9 15 -14 -10 -12 -16 -11 19 -2 -21 -22 25 -24 -25 27 -27 -20 29 -3
right_child=6 28 3 4 -6 -7 7 8 14 17 12 -13 13 -15 16 -17 -18 -19 22 20 21 -23 23 24 -26 26 -28 -29 -30 -31
leaf_value=-0.020441757456966428 -0.036520988684301335 0.010130356854639398 -0.018407283544921899 0.047080150398607919 0.066329815281897672 -0.020270821999830959 0.01652342109773949 0.036001202640187045 -0.033714952433311685 -0.0012068088028503372 0.030950286300541176 0.005445094598449841 -0.027776272583045304 0.018130694633132927 -0.0018296338305164761 -0.0083154098934332052 -0.028495775429284831 0.023672232776128961 0.0092330512300203664 -0.034304852098104958 0.0017387290142649729 -0.022105947117104882 -0.026626060517696001 -0.0010990954676161405 0.0020148942742454798 -0.0015754652347052406 0.0046525440992808706 -0.0097892578148603762 0.0067894840582019252 -0.021641381613384761
leaf_weight=17.082696268334985 22.089433247223496 13.876567482948301 10.527616700157521 8.7572116162627989 10.519435051828621 8.4815630391240102 22.728757793083787 30.422232220880687 29.754139989614487 573.38941799197346 10.371428113430737 53.871426828205585 98.034417656715959 13.050746440887449 88.575252696871758 123.2003295365721 27.477396935224533 22.884499080479145 82.690436614211649 16.581152846105397 214.08405778184533 33.007814371958375 30.196518711745739 6443.9504424184561 2779.6175839565694 884.55629752390087 2280.138899882324 247.1448195236735 21.699836444109678 107.24632975459099
leaf_count=227 787 115 119 137 150 104 197 308 136 4529 144 457 1156 69 384 1456 117 151 1563 337 4510 753 207 32999 13567 11081 23260 3707 193 953
internal_value=-0.000114166 -0.00820998 0.00704109 0.0194552 0.034009 0.013729 -1.83421e-07 -0.00321454 -0.000858943 0.00183602 -0.010473 0.0165619 -0.0130071 -0.0223265 -0.0134649 -0.00520827 -0.00820543 -0.000239779 0.00026919 -0.00611167 -0.00353226 -0.00143399 0.000412661 -0.000247298 -0.000160109 0.00216167 0.00291019 -0.00500381 -0.0141582 -0.0179548
internal_weight=14326 198.191 55.3685 38.2858 27.7582 17.2388 14127.8 1093.76 826.374 680.568 267.386 84.2937 244.657 111.085 145.807 133.572 116.053 596.274 13034.1 285.762 263.673 247.092 12748.3 9253.76 9223.57 3494.53 3164.7 329.835 142.823 121.123
internal_count=103873 1998 737 510 391 241 101875 9104 6082 5445 3022 765 2825 1225 637 1600 501 4680 92771 6387 5600 5263 86384 46773 46566 39611 34341 5270 1261 1068
is_linear=0
shrinkage=0.05


Tree=219
num_leaves=27
num_cat=0
split_feature=11 6 9 5 3 17 1 4 1 13 3 32 33 32 3 1 28 33 8 31 31 8 5 32 5 8
split_gain=5.323 5.08021 4.6567 6.22093 6.80159 4.17165 9.53408 11.8874 7.62856 6.82829 10.0737 6.23936 6.47628 5.96702 5.91341 5.6882 8.87539 8.21568 5.66877 3.86681 5.11596 2.44126 2.31114 2.84244 2.05639 0.925384
threshold=50.850000000000001 79.850000000000009 41.850000000000001 49.95000000000001 43.750000000000007 1350.0000000000002 43.150000000000013 81.450000000000017 41.150000000000013 40.250000000000007 55.050000000000004 35.150000000000013 59.050000000000004 31.250000000000004 61.050000000000004 53.250000000000007 3.5000000000000004 62.050000000000004 64.950000000000017 4.5000000000000009 1.0000000180025095e-35 44.150000000000013 45.550000000000004 55.250000000000007 54.45000000000001 56.45000000000001
decision_type=2 2 2 2 2 2 2 2 2 2 2 2 2 2 2 2 2 2 2 8 8 2 2 2 2 2
left_child=2 22 3 4 -1 6 7 14 11 10 -8 25 -13 -11 -4 17 -17 -10 -9 20 -6 -5 -2 -24 -23 -7
right_child=1 -3 5 21 19 8 9 18 15 13 -12 12 -14 -15 -16 16 -18 -19 -20 -21 -22 24 23 -25 -26 -27
leaf_value=0.033434340904896366 -0.055336888617924532 0.02020016678195867 0.0092779206268338021 -0.038865578320094352 -0.0028570290447948892 -0.052115592537911842 -0.039466238123566699 0.021423461299467459 -0.00027047236050475561 0.03166293026864074 0.014160788044183054 -0.011017773048394313 0.038222164716789034 0.00098610155183930979 -0.026705738552580301 0.0026662623179135644 -0.0014424004542153309 -0.0046665486333872025 0.064700036662023536 0.016329728419547225 -0.041415086023416953 -0.0009175407423554499 -0.0026627240518859408 -0.042819498521380089 -0.027470776791668823 -0.016959779680984194
leaf_weight=12.168475104495881 6.9658636059612098 5.9297783682122818 167.7159102302976 17.567662058398128 26.539994196966294 10.092678153421728 24.255103533156216 18.61402602866292 4100.1555864326656 15.851734130177645 13.437113766558467 128.4850010490045 6.9080262705683699 2889.3116636471823 12.09435296198353 3015.0947115155868 2328.4641222190112 1435.9285306110978 13.462471419945357 12.201314494013785 12.871477739885444 14.440368641167881 10.344294400885703 7.9900978952646247 15.526744926348327 3.0187301174737504
leaf_count=150 184 140 2293 162 297 327 223 164 39372 327 94 2221 35 19970 126 16686 13637 6445 105 147 142 131 172 64 135 124
internal_value=-0.000109112 -0.0206966 -6.36379e-05 -0.0102458 0 1.5997e-05 0.00161959 0.0118627 -0.000442289 0.000880008 -0.0202292 -0.0116951 -0.00844219 0.00115629 0.00681631 -0.000288125 0.000874977 -0.00141168 0.0398866 -0.00797576 -0.0156493 -0.0239171 -0.0305204 -0.0205716 -0.0148874 -0.0445895
internal_weight=14325.4 31.23 14294.2 111.316 63.7813 14182.9 3154.74 211.887 11028.1 2942.86 37.6922 148.504 135.393 2905.16 179.81 10879.6 5343.56 5536.08 32.0765 51.6128 39.4115 47.5348 25.3003 18.3344 29.9671 13.1114
internal_count=103873 560 103313 1164 736 102149 23302 2688 78847 20614 317 2707 2256 20297 2419 76140 30323 45817 269 586 439 428 420 236 266 451
is_linear=0
shrinkage=0.05


Tree=220
num_leaves=31
num_cat=0
split_feature=29 7 18 35 0 7 35 5 15 13 32 32 11 35 28 31 15 17 0 32 15 13 13 31 26 13 31 7 0 0
split_gain=5.80972 12.0169 14.6345 8.96555 6.37904 8.72366 5.8963 4.88233 11.1315 5.57503 6.53822 8.19965 5.21133 9.50931 12.5626 7.85551 6.3834 5.77824 4.31304 5.69133 4.28766 4.14299 11.3484 11.7586 7.19556 7.15949 5.5231 3.71534 3.52408 1.18971
threshold=51.250000000000007 56.050000000000004 16.500000000000004 15.900000000000004 55.250000000000007 45.550000000000004 14.750000000000005 35.750000000000007 40.850000000000001 52.650000000000013 42.45000000000001 67.15000000000002 49.900000000000006 17.600000000000005 3.5000000000000004 -4.4999999999999991 57.45000000000001 1550.0000000000002 54.45000000000001 57.250000000000007 35.050000000000004 63.050000000000004 61.850000000000001 -2.4999999999999996 1.0000000180025095e-35 63.750000000000007 2.5000000000000004 47.45000000000001 58.250000000000007 55.150000000000013
decision_type=2 2 2 10 2 2 8 2 2 2 2 2 2 10 2 10 2 2 2 2 2 2 2 10 2 2 10 2 2 2
left_child=1 2 3 4 6 -6 -1 8 -2 18 -11 -12 13 15 -15 16 -9 -16 19 -10 -17 22 26 -24 25 -23 -14 -5 -20 -4
right_child=7 -3 29 27 5 -7 -8 12 9 10 11 -13 21 14 17 20 -18 -19 28 -21 -22 24 23 -25 -26 -27 -28 -29 -30 -31
leaf_value=-0.020759754042309966 0.045453313969443604 0.04674277008434851 -0.021292507378263031 -0.039182430106892534 0.054089661776915654 0.012345727481561389 0.015390079586813793 -0.022390912638290735 -0.017715071940006582 -0.04055874745444616 0.01118547369818533 -0.016612621720670306 0.0010462403076935906 0.041752083083924807 -0.016459116218213596 0.020825081552553262 0.0024094471386637293 0.01280345737520646 -0.034077663265190648 0.0050603494705148203 -0.0041594538183189625 0.021316793231931398 -0.035119807035994814 -0.0048220532727399797 -0.024417212131385913 0.0036176978443267062 -0.0013027104962045595 0.00037872958187759896 -0.010785403675067815 -0.048724382933993365
leaf_weight=16.039531290531158 10.042786540929226 19.027465333230793 8.2695058924146014 10.542731327936055 20.949181860312819 32.106635319069028 37.010676321573555 110.71717390231788 60.212635333416983 9.1969988569617254 88.985853649210185 37.603579239919782 9041.722691627685 24.065065383911133 30.277582606300712 17.754499521106482 33.395346391014755 37.828283279202878 36.582558861933649 49.768487157300115 418.00515327509493 65.997139750048518 43.309396792203188 124.29197975061834 20.114362461492419 432.64587938971817 3458.7090430296957 12.855663663707672 30.805443657562137 10.204085319768636
leaf_count=169 116 146 131 109 151 202 551 1240 1333 368 1158 199 63219 181 280 113 289 313 430 452 3351 421 296 810 130 2753 24698 113 326 98
internal_value=0.000150247 0.00941886 0.00455754 0.0105331 0.0167339 0.0289932 0.00434775 4.06833e-05 -0.00603286 -0.00771395 -5.12373e-05 0.00288195 0.000182726 -0.00411117 0.0107788 -0.006488 -0.0166115 -0.000137452 -0.0135487 -0.00736812 -0.00312547 0.000401966 0.00022219 -0.0126973 0.00478155 0.00597406 0.000395911 -0.0173246 -0.0235358 -0.0368947
internal_weight=14349 167.005 147.978 129.504 106.106 53.0558 53.0502 14182 323.198 313.156 135.786 126.589 13858.8 672.043 92.1709 579.872 144.113 68.1059 177.369 109.981 435.76 13186.8 12668 167.601 518.757 498.643 12500.4 23.3984 67.388 18.4736
internal_count=104146 1670 1524 1295 1073 353 720 102476 4382 4266 1725 1357 98094 5767 774 4993 1529 593 2541 1785 3464 92327 89023 1106 3304 3174 87917 222 756 229
is_linear=0
shrinkage=0.05


Tree=221
num_leaves=30
num_cat=0
split_feature=29 7 18 35 2 8 27 12 3 7 5 6 6 9 6 26 1 37 5 12 1 31 4 12 32 8 5 33 12
split_gain=5.21417 10.58 13.4305 8.06503 8.40289 8.15727 5.58199 5.46464 8.26431 6.40382 6.26034 9.1104 8.46855 7.70301 8.30424 7.37615 7.00946 8.37645 6.71961 6.2977 5.29377 7.55749 4.73438 5.61872 4.83409 3.91943 3.02071 2.36494 1.1314
threshold=51.250000000000007 56.050000000000004 16.500000000000004 15.900000000000004 45.750000000000007 77.350000000000009 4.5000000000000009 83.450000000000017 67.15000000000002 35.45000000000001 54.150000000000013 87.750000000000014 87.850000000000009 51.750000000000007 59.45000000000001 1.0000000180025095e-35 56.45000000000001 71.353071428571454 55.650000000000013 83.850000000000009 52.750000000000007 4.5000000000000009 30.050000000000004 73.250000000000014 78.250000000000014 71.950000000000017 50.150000000000013 46.350000000000001 74.350000000000009
decision_type=2 2 2 10 2 2 2 2 2 2 2 2 2 2 2 2 2 2 2 2 2 8 2 2 2 2 2 2 2
left_child=1 2 3 4 27 -6 -5 8 9 20 11 15 13 14 -12 19 17 -13 -15 -9 21 -2 23 -11 -24 -17 -22 -1 -4
right_child=7 -3 28 6 5 -7 -8 10 -10 22 12 16 -14 18 -16 25 -18 -19 -20 -21 26 -23 24 -25 -26 -27 -28 -29 -30
leaf_value=-0.043589801366426352 0.01044008868067875 0.043570654697520694 -0.049294210613163192 -0.042969647788602683 0.028102415227453371 -0.009012138907634807 0.005813103498115502 0.021696058936649897 0.037896822708226856 -0.0058079432430263138 -0.0052313752213909454 0.014009444035621607 -0.025885847679619413 0.012572982922566953 0.0021218730611008135 -0.0048023284075013025 -0.00041193453017733322 0.063936384668030616 -0.016462354512192096 0.0025023033268139119 -0.01626188050308212 -0.038298740043570492 -0.00083182658348775163 -0.035592975956361877 0.0046154355654541212 -0.027439679590723749 -0.055538704521393194 0 -0.022337968067618057
leaf_weight=6.3197543527930957 23.716979647986591 19.38965979963541 8.7804389577358979 10.716594218276443 76.212412810418755 18.083306687418371 12.431518494151531 43.333633983507752 13.709640275686978 101.00438191206194 500.57092605531216 19.17682046443224 32.822280237451196 23.66394516825676 1645.5810202118009 66.589052621275187 19.952468933537602 15.427859005518256 118.77130986005068 3002.4790348792449 9.7111807176843303 11.790373106021432 8046.7261138856411 18.858620114158839 428.69190893322229 27.197259202599525 11.093267967924474 6.2900454439222813 9.2687893495894951
leaf_count=166 412 146 111 105 723 142 117 376 73 1118 2652 129 179 151 8665 572 141 190 697 24728 129 249 59551 221 1966 203 74 42 118
internal_value=0.000142213 0.00891001 0.00431215 0.00995829 0.0157753 0.0209299 -0.0166439 3.82405e-05 -0.000744467 -0.000806715 0.00126882 0.00270517 -0.000705408 -0.000340977 0.0004043 0.00235099 0.0229539 0.0365326 -0.011598 0.00277772 -0.0176017 -0.00566554 -0.000695898 -0.0105616 -0.00055566 -0.0114425 -0.0376096 -0.0222385 -0.0359263
internal_weight=14348.4 167.493 148.103 130.054 106.906 94.2957 23.1481 14180.9 8665.3 8651.59 5515.57 3194.16 2321.41 2288.59 2146.15 3139.6 54.5571 34.6047 142.435 3045.81 56.3118 35.5074 8595.28 119.863 8475.42 93.7863 20.8044 12.6098 18.0492
internal_count=104146 1670 1524 1295 1073 865 222 102476 63793 63720 38683 26339 12344 12165 11317 25879 460 319 848 25104 864 661 62856 1339 61517 775 203 208 229
is_linear=0
shrinkage=0.05


Tree=222
num_leaves=26
num_cat=0
split_feature=29 7 18 35 2 3 27 12 3 13 7 6 5 5 6 33 6 3 37 0 13 7 13 31 0
split_gain=4.67122 9.34073 12.3279 7.25252 7.55799 5.94086 5.2063 4.92981 7.42364 7.65535 7.17808 7.61872 6.13734 6.96393 8.96137 9.51422 8.16359 8.25963 7.78381 5.68687 9.57033 9.20712 4.89256 1.33437 1.17268
threshold=51.250000000000007 56.050000000000004 16.500000000000004 15.900000000000004 45.750000000000007 51.550000000000004 4.5000000000000009 83.450000000000017 67.15000000000002 45.350000000000001 62.350000000000001 74.950000000000017 78.15000000000002 54.650000000000013 86.050000000000011 56.250000000000007 87.050000000000011 61.050000000000004 82.033000000000015 46.050000000000004 83.250000000000014 33.95000000000001 51.750000000000007 -1.0000000180025095e-35 55.150000000000013
decision_type=2 2 2 10 2 2 2 2 2 2 2 2 2 2 2 2 2 2 2 2 2 2 2 10 2
left_child=1 2 3 4 23 -6 -5 8 9 10 11 -2 13 14 18 -16 17 -15 -9 20 -11 -21 -18 -1 -4
right_child=7 -3 24 6 5 -7 -8 12 -10 19 -12 -13 -14 16 15 -17 22 -19 -20 21 -22 -23 -24 -25 -26
leaf_value=-0.0043797149505718511 -0.0034267556927424845 0.040683944795507979 -0.019249984711146504 -0.041873795871990444 0.03186927653621658 0.0067202008581972675 0.0055078540663408976 0.0023376169979968608 0.035815566821826204 -0.0040106556889015566 0.0167443923933626 -0.015799063934142318 0.021177161595768289 0.00017260021678071466 0.0014959196253404368 0.03203586948860139 -0.036437512148603211 -0.012406375314657686 -0.018853452852045597 -0.032782611765289904 0.044998443469905308 0.00028672835970489492 -0.0052437571163141405 -0.03820532579837832 -0.047010095384645567
leaf_weight=6.2875045938417315 374.77834703354165 19.725272232666612 7.9199465718120363 10.456498949788513 48.785453586839139 46.485629317816347 12.469010943546889 3151.6515782377683 13.784796945750712 1159.3680987572297 31.900821652263403 187.33955853711814 38.12267404794693 1992.226676764898 50.594952688552439 52.089459653943777 25.354356804862618 139.50022469833493 43.791996486019343 21.011151441372931 9.9329043217003328 6863.0174334119074 25.761566141620278 6.0813806140795332 9.7081529190763813
leaf_count=108 3565 146 131 105 469 396 117 25493 73 12562 196 1695 169 10577 576 247 138 721 636 278 54 45370 126 100 98
internal_value=0.000134542 0.00842265 0.00407026 0.00940615 0.0148679 0.0196706 -0.0159741 3.59849e-05 -0.00070785 -0.000767064 -0.0062448 -0.0075611 0.00120418 0.00106397 0.00251433 0.0170529 -0.00112516 -0.000648766 0.00204506 -0.000362329 -0.00358625 0.000184594 -0.0208549 -0.0215847 -0.034999
internal_weight=14348.1 167.919 148.194 130.565 107.64 95.2711 22.9255 14180.2 8661.13 8647.35 594.019 562.118 5519.09 5480.97 3298.13 102.684 2182.84 2131.73 3195.44 8053.33 1169.3 6884.03 51.1159 12.3689 17.6281
internal_count=104146 1670 1524 1295 1073 865 222 102476 63793 63720 5456 5260 38683 38514 26952 823 11562 11298 26129 58264 12616 45648 264 208 229
is_linear=0
shrinkage=0.05


Tree=223
num_leaves=31
num_cat=0
split_feature=12 13 13 1 3 8 37 34 8 9 0 22 33 27 3 1 3 0 13 18 33 9 0 4 0 0 9 0 33 14
split_gain=4.18924 6.99317 6.23697 9.32238 10.155 10.4202 6.44244 7.15456 8.38166 5.9194 7.80053 8.04641 7.1763 6.07969 5.83725 5.74316 5.55365 5.46933 9.12557 7.13181 7.40488 5.70481 5.20602 6.22459 7.06696 4.87779 10.2067 9.519 8.58643 8.16137
threshold=83.450000000000017 45.350000000000001 44.150000000000013 44.350000000000001 55.350000000000001 33.750000000000007 44.737035714285717 1.0000000180025095e-35 61.050000000000004 49.250000000000007 45.95000000000001 1.0000000180025095e-35 43.550000000000004 5.5000000000000009 62.850000000000001 43.550000000000004 49.850000000000001 46.750000000000007 76.850000000000009 12.500000000000002 43.150000000000013 50.550000000000004 59.750000000000007 55.050000000000004 47.850000000000001 48.250000000000007 50.250000000000007 48.350000000000001 52.850000000000001 34.45000000000001
decision_type=2 2 2 2 2 2 2 10 2 2 2 2 2 2 2 2 2 2 2 2 2 2 2 2 2 2 2 2 2 2
left_child=1 9 3 4 5 -2 -5 -8 -9 22 11 13 -13 -11 15 -12 -7 18 19 21 -21 -3 23 -1 -25 26 28 -27 -19 -28
right_child=2 17 -4 6 -6 16 7 8 -10 10 14 12 -14 -15 -16 -17 -18 25 -20 20 -22 -23 -24 24 -26 27 29 -29 -30 -31
leaf_value=-0.030681615604136288 -0.010169692511065826 0.0086595758281023203 0.00078091912893911821 0.034810894678839993 0.060245528740862524 0.063866507917757484 -0.027087670504529843 0.0093655446796320468 -0.014028702309187277 -0.026655253161503481 -0.02714121232360649 0.045366938955842241 0.0062373349730875305 0.018981091854117144 0.027435227992043832 -0.0054407066450241287 0.0056512905612648764 -0.014005431497529884 0.023880847942722574 -0.013852856278900101 -0.0035114822627352531 -0.0035929193254106485 -0.046231260362042378 -0.039733503989858865 0.00483415189914273 -0.026147675724664993 -0.01342974609804222 0.00018429758988635863 0.0053954836275077909 0.015974960597265751
leaf_weight=30.534914133138955 21.790016247425228 177.23951228614897 5278.844107397832 15.928385600447653 15.941278315149246 10.658769880887123 19.26721940562129 185.13081761263311 48.037467307411134 18.810377719812099 33.309951016679406 21.260298688430339 26.810415588319302 11.679686282761393 12.357055762782691 371.56602872349322 6.9731917278841129 91.511842688079923 30.584949892014265 228.13933088793419 726.72300723381341 203.88159680692479 12.992899306118487 10.679598335176705 50.296799852512777 34.409830744378269 26.323035433888435 6265.1562991249375 150.6321300175041 209.87450097780675
leaf_count=377 300 1421 36355 107 188 165 128 1632 400 194 436 412 188 133 91 2997 95 1152 188 6024 5041 1677 110 137 479 233 220 41052 774 1440
internal_value=0.000127487 -0.000555987 0.00119517 0.00793241 0.0266104 0.0127646 0.00405206 0.00207839 0.00452047 -0.0057639 -0.00346993 0.0109512 0.0237053 -0.0090052 -0.00619925 -0.00724466 0.0412869 -0.000171452 -0.00305737 -0.00367956 -0.00598871 0.00209274 -0.0165855 -0.0122759 -0.00294198 0.000409709 0.0052769 3.92592e-05 -0.00191869 0.0126725
internal_weight=14347.3 8744.77 5602.57 323.727 55.3633 39.422 268.364 252.436 233.168 600.298 495.794 78.5608 48.0707 30.4901 417.233 404.876 17.632 8144.48 1366.57 1335.98 954.862 381.121 104.504 91.5113 60.9764 6777.91 478.342 6299.57 242.144 236.198
internal_count=104146 64776 39370 3015 748 560 2267 2160 2032 5554 4451 927 600 327 3524 3433 260 59222 14351 14163 11065 3098 1103 993 616 44871 3586 41285 1926 1660
is_linear=0
shrinkage=0.05


Tree=224
num_leaves=31
num_cat=0
split_feature=29 7 18 35 2 8 27 30 31 37 6 35 2 35 0 27 8 3 12 35 0 1 9 16 7 14 1 15 0 16
split_gain=4.20306 8.26349 11.3145 6.53666 6.79167 7.10908 4.84805 4.03303 6.2201 10.2067 8.62864 7.91347 13.4958 7.89288 8.75365 9.19814 8.23354 7.70543 6.25564 5.43534 4.81272 3.87547 6.19018 5.69359 7.29653 5.291 5.27556 9.65676 9.07136 8.27744
threshold=51.250000000000007 56.050000000000004 16.500000000000004 15.900000000000004 45.750000000000007 77.350000000000009 4.5000000000000009 455.00000000000006 -1.0000000180025095e-35 55.983000000000011 46.150000000000013 22.400000000000006 54.650000000000013 12.400000000000004 61.050000000000004 6.5000000000000009 83.850000000000009 38.250000000000007 98.950000000000017 11.750000000000004 47.350000000000001 44.050000000000004 74.350000000000009 50.150000000000013 52.350000000000001 31.550000000000004 51.550000000000004 55.850000000000001 60.050000000000004 54.550000000000004
decision_type=2 2 2 10 2 2 2 2 8 2 2 8 2 10 2 2 2 2 2 10 2 2 2 2 2 2 2 2 2 2
left_child=1 2 3 4 -1 -6 -5 8 9 11 -11 18 -13 19 16 -16 -15 -12 -2 20 -10 22 23 25 -25 -9 27 29 -29 -23
right_child=7 -3 -4 6 5 -7 -8 21 13 10 17 12 -14 14 15 -17 -18 -19 -20 -21 -22 26 -24 24 -26 -27 -28 28 -30 -31
leaf_value=-0.020813981135655264 -0.009002125711519024 0.038057661031518017 -0.034057095689307662 -0.040802726102837354 0.025090725031430228 -0.0094153660701257608 0.005181309104205601 -0.0062418018162765211 -0.0072950786092349706 0.040390433083430134 -0.022414240739526008 -0.0087286170861322326 -0.033076891931204271 0.0016392624502187285 0.039432745999796071 -0.0067628930510577369 0.031383172340867987 -8.836438166009026e-05 0.007400089116315612 -0.028739840260527977 0.00012014732560215572 -0.003084911662475009 0.043581252517654011 0.039741358653773332 -0.012915458830119967 0.0058964420838734169 0.0012470810223751967 0.0039729263845039988 -0.014221167832186394 0.015736770897258109
leaf_weight=12.188000933267174 141.80630383547395 20.035118140280247 17.234354902524501 10.200447591952981 77.997008881997317 18.160242334008217 12.513760732486842 122.99556562397629 252.57943822885863 12.577332895714788 40.511368026956916 252.37008491251618 73.833075847476721 334.16140948003158 36.290175602771342 15.027915230020879 24.957493360154331 809.21584895160049 98.129516373388469 17.581219362094998 1623.9652623203583 2741.4242653376423 10.034515989944337 22.568080062512312 9.036699425429104 329.26072884490713 6019.4077309519053 1057.1688756691292 73.062765140086412 59.509104308672249
leaf_count=208 920 146 229 105 723 142 117 1599 3418 184 467 1898 434 2822 259 101 164 7508 617 131 11498 22292 73 308 93 4253 35319 7165 463 490
internal_value=0.000120573 0.00797267 0.00385146 0.00889673 0.0140331 0.018519 -0.0153383 2.69368e-05 -0.00138326 -0.00397572 -0.000544692 -0.00919178 -0.0142634 0.000221567 0.0065085 0.0258208 0.00372844 -0.00116116 -0.00227279 -0.00113838 -0.0008756 0.000531448 0.0048548 0.0040325 0.0245343 0.00258362 0.00031631 -0.00110761 0.00279121 -0.00268269
internal_weight=14345.8 168.329 148.294 131.059 108.345 96.1573 22.7142 14177.5 3733.01 1428.44 862.305 566.139 326.203 2304.56 410.437 51.3181 359.119 849.727 239.936 1894.13 1876.54 10444.5 493.896 483.861 31.6048 452.256 9950.57 3931.17 1130.23 2800.93
internal_count=104146 1670 1524 1295 1073 865 222 102476 30421 12028 8159 3869 2332 18393 3346 360 2986 7975 1537 15047 14916 72055 6326 6253 401 5852 65729 30410 7628 22782
is_linear=0
shrinkage=0.05


Tree=225
num_leaves=31
num_cat=0
split_feature=32 17 15 10 33 15 6 13 4 2 13 8 5 37 15 17 3 5 30 30 37 1 12 33 2 8 2 17 3 4
split_gain=5.66085 9.85406 11.9514 6.7491 10.6558 6.64891 8.87299 8.01651 7.64445 10.3693 10.0351 7.55131 7.34104 6.56476 6.44346 7.54324 6.4614 6.10713 5.79621 7.99621 10.6992 7.06064 6.86268 6.48424 6.01547 7.16545 8.27794 7.83391 5.27851 5.0459
threshold=70.65000000000002 2810.0000000000005 46.750000000000007 77.500000000000014 52.050000000000004 60.150000000000013 66.750000000000014 64.350000000000009 49.250000000000007 53.550000000000004 49.550000000000004 34.650000000000013 54.250000000000007 55.034285714285723 50.150000000000013 2350.0000000000005 61.550000000000004 55.250000000000007 521.00000000000011 519.00000000000011 56.542857142857152 52.150000000000013 95.750000000000014 83.450000000000017 42.850000000000001 40.050000000000004 60.850000000000001 1650.0000000000002 54.350000000000001 90.250000000000014
decision_type=2 2 2 2 2 2 2 2 2 2 2 2 2 2 2 2 2 2 2 2 2 2 2 2 2 2 2 2 2 2
left_child=3 5 -3 18 -5 6 14 11 9 -8 -10 12 -7 -13 16 -16 -2 28 19 23 22 -22 -21 29 -20 27 -27 -26 -6 -1
right_child=1 2 -4 4 17 7 8 -9 10 -11 -12 13 -14 -15 15 -17 -18 -19 24 20 21 -23 -24 -25 25 26 -28 -29 -30 -31
leaf_value=0.00040657062758723509 -0.0058110685892801394 0.039136536263314391 0.0026196131538581747 0.035605612460662947 0.0041952046762241428 0.031706595722646939 0.0013385730930675834 -0.034870103577030014 -0.0080761094206195927 0.031540542563608845 0.003204764712080305 -0.0024372769006685753 -0.0020093112876912694 -0.012722195070660768 -0.0010677241231499127 0.028343080727332867 -0.027335893700918976 0.01370938141032137 0.023996790571561399 0.017283237107817585 -0.028757181891766292 0.014292578866104286 0.055670072326685895 0.037226575520636157 -0.0087716198804803133 -0.010330577407153346 0.014608209910838724 0.014309899084701925 -0.022343840125973399 0.0039584520125232336
leaf_weight=8827.5385689293034 659.6973264105618 31.799554549157619 76.490712951868773 33.547488339245319 52.920879580080509 25.616405803710222 66.557928631082177 23.452596753835678 245.99010708555579 49.989968352019787 989.13579936698079 362.21245124191046 42.677958287298679 273.38092500716448 632.56138619408011 22.478849321603775 36.889031816273928 90.884093552827835 18.352174599654973 36.228156324476004 16.776487174443901 21.642767563462257 17.612755451351404 12.144974730908869 63.850039578974247 395.97937685996294 36.08145790733397 85.924476352054626 28.710593149065971 1128.3642121050507
leaf_count=76269 2991 142 337 164 236 121 320 104 1130 232 4461 1593 190 1238 2830 102 167 394 214 237 161 145 116 54 507 2950 197 692 125 6068
internal_value=0.000313834 -0.00142243 0.0134152 0.000879754 0.00984206 -0.00189262 -0.00074865 -0.00613685 0.00211345 0.0143517 0.000953524 -0.00516757 0.0105919 -0.00687019 -0.0036145 -4.66368e-05 -0.00696189 0.00478537 0.000705956 0.000991137 0.0156385 -0.00440195 0.0300132 0.00085491 -0.00406527 -0.00496297 -0.00823347 0.00443742 -0.00509358 0.000809665
internal_weight=14405.5 3538.93 108.29 10866.6 206.063 3430.64 2703.3 727.34 1351.67 116.548 1235.13 703.888 68.2944 635.593 1351.63 655.04 696.586 172.516 10660.5 10060.3 92.2602 38.4193 53.8409 9968.05 600.188 581.835 432.061 149.775 81.6315 9955.9
internal_count=104487 15958 479 88529 919 15479 12233 3246 6143 552 5591 3142 311 2831 6090 2932 3158 755 87610 83050 659 306 353 82391 4560 4346 3147 1199 361 82337
is_linear=0
shrinkage=0.05


Tree=226
num_leaves=31
num_cat=0
split_feature=18 1 18 2 33 32 33 0 0 32 18 16 36 7 32 21 15 34 6 15 2 7 33 2 36 30 2 32 7 34
split_gain=5.32995 6.9993 7.50765 6.20037 5.68285 5.28096 5.91968 4.98261 5.51094 5.1661 6.57076 4.94797 8.57806 5.86692 5.2468 10.2837 7.6362 10.0946 8.25249 5.96708 5.95871 8.16283 7.92664 7.77219 6.44335 9.67921 7.60278 4.81503 4.74729 3.61127
threshold=8.5000000000000018 44.650000000000013 7.5000000000000009 58.550000000000004 43.95000000000001 56.250000000000007 66.050000000000011 50.95000000000001 53.250000000000007 49.050000000000004 6.5000000000000009 43.95000000000001 -1.0000000180025095e-35 50.45000000000001 70.65000000000002 1.0000000180025095e-35 60.150000000000013 1.5000000000000002 71.450000000000017 46.850000000000001 60.550000000000004 57.350000000000001 46.750000000000007 62.550000000000004 1.0000000180025095e-35 507.00000000000006 53.95000000000001 49.850000000000001 46.850000000000001 1.5000000000000002
decision_type=2 2 2 2 2 2 2 2 2 2 2 2 10 2 2 2 2 10 2 2 2 2 2 2 10 2 2 2 2 10
left_child=1 4 7 5 -1 27 -7 9 -9 -3 -11 12 13 -2 20 16 18 -18 -16 -17 24 23 -23 -22 25 -13 -26 -4 -21 -10
right_child=11 2 3 -5 -6 6 -8 8 29 10 -12 14 -14 -15 15 19 17 -19 -20 28 21 22 -24 -25 26 -27 -28 -29 -30 -31
leaf_value=-0.048347300197564946 -0.043636167350364213 -0.018761493565246604 0.0060618082793075009 0.032973742932917265 0.00086088084779930045 0.00028368982200640262 0.021092112945268131 -0.024785570873407246 0.0083228035065362419 0.027277078924564269 0.00087934593544555665 0.0017886091415942281 0.0079286156266075072 -0.0045044383804871274 -0.0029646275433047428 0.031286362500079233 -0.0026201629856558721 -0.015659868162801273 0.0028596871299694741 0.022584379250925286 0.013351258213204639 0.023071840699763889 -0.010310034495794837 0.00013874210706268995 -0.0053570077237752372 -0.0039147075091734663 0.00047114799182222905 0.029455737446145099 -0.0041835819957266257 -0.01393546588973074
leaf_weight=10.739819393027576 24.13718583388254 17.513674738816917 40.975855804979801 29.007298544049263 12.358217459172009 172.60329703614116 42.678351640701294 35.360653237439692 44.069196972995996 37.078257199376822 65.57171636633575 6575.3168848212808 27.787333089858294 16.384227241389453 1624.6015040893108 33.51019598543644 477.54391810297966 216.11589644104242 971.37626740708947 25.942663244903088 306.65352925285697 20.801886832341552 117.10756146162748 175.90173308923841 935.85605174209923 838.27666625473648 1387.9985825819895 49.191244851797819 44.853732317686081 30.873834983445704
leaf_count=152 228 188 372 143 66 796 206 188 214 191 341 57576 165 112 7333 148 2103 987 4414 112 1840 165 580 959 8556 6717 8980 284 196 175
internal_value=0.000298074 0.00495999 0.0060713 0.0108561 -0.0219135 0.00872916 0.00443993 -0.000852385 -0.0085408 0.00616482 0.0104804 9.93221e-05 -0.0133135 -0.027987 0.000166407 -0.00153926 -0.00203084 -0.00669168 -0.000783303 0.0139036 0.000725788 0.00547694 -0.0052255 0.0085464 0.000422481 0.001143 -0.00187393 0.0188984 0.00557278 -0.000786526
internal_weight=14408.2 588.021 564.923 334.456 23.098 305.449 215.282 230.467 110.304 120.164 102.65 13820.2 68.3087 40.5214 13751.9 3393.94 3289.64 693.66 2595.98 104.307 10357.9 620.465 137.909 482.555 9737.45 7413.59 2323.85 90.1671 70.7964 74.943
internal_count=104487 3316 3098 1801 218 1658 1002 1297 577 720 532 101171 505 340 100666 15293 14837 3090 11747 456 85373 3544 745 2799 81829 64293 17536 656 308 389
is_linear=0
shrinkage=0.05


Tree=227
num_leaves=31
num_cat=0
split_feature=7 0 6 36 31 8 27 0 35 36 15 7 15 35 31 13 0 7 17 1 27 31 20 15 35 7 4 17 15 20
split_gain=4.9715 11.513 12.5249 10.082 7.72876 6.31305 6.30726 6.28921 5.16944 4.97543 7.38314 11.7256 8.40347 9.07924 7.21311 11.6842 6.86439 11.1603 9.97142 9.87674 8.57581 9.83674 6.80817 6.66884 9.19147 10.3005 6.46274 6.02126 5.64701 7.74611
threshold=39.550000000000004 59.750000000000007 86.750000000000014 0.63333333333333341 4.5000000000000009 82.65000000000002 2.5000000000000004 56.250000000000007 24.900000000000006 1.0000000180025095e-35 43.850000000000001 39.95000000000001 43.250000000000007 34.250000000000014 17.500000000000004 51.95000000000001 52.350000000000001 53.95000000000001 1850.0000000000002 52.95000000000001 6.5000000000000009 -1.4999999999999998 1.0000000180025095e-35 41.550000000000004 13.400000000000004 48.350000000000001 57.150000000000013 1250.0000000000002 42.550000000000004 1.0000000180025095e-35
decision_type=2 2 2 8 10 2 2 2 10 10 2 2 2 10 10 2 2 2 2 2 2 10 2 2 10 2 2 2 2 2
left_child=1 2 3 4 7 8 -6 -1 -5 10 11 -2 13 -13 23 22 17 18 -12 -19 27 -22 -16 24 -11 -26 -14 -18 29 -25
right_child=9 -3 -4 5 6 -7 -8 -9 -10 14 16 12 26 -15 15 -17 20 19 -20 -21 21 -23 -24 28 25 -27 -28 -29 -30 -31
leaf_value=0.0030276152864495628 0.045341012230698682 -0.032027941507603713 0.049120070582436087 -0.0068973899444142788 -0.047298211914230302 -0.035814652827965136 -0.0050390546318114038 0.025443958791785699 -0.048199319005688607 -0.013411078513152833 -0.0037838041758255191 0.0021405163768100123 0.029925501621114282 0.041501058309111424 0.010706081569326743 -0.015704258711049763 0.00491883465234862 0.0058824869755388009 0.0028654980366135101 -0.0030010150083007473 -0.00018562784699427179 0.010319112617232217 0.048904799376270902 -0.0024690336046598485 0.016555513515534415 -0.0074968053459231535 0.007714561758151277 -0.00097926655016634836 -0.00086859250326982908 0.034414279336104671
leaf_weight=189.7024813699536 16.711752808652818 35.094929173588753 11.396385739557443 205.69147261604667 11.483084545470772 23.49996200716123 38.78679383546114 37.572519789449871 7.8234846983104935 251.89314219355583 2679.9746684790589 1860.6796107552946 47.573455835692585 14.68374904617667 25.442738146521151 21.247882826253772 578.13829200342298 936.00194488046691 713.09981936961412 469.06040223874152 365.74639833066612 566.63824303727597 22.239038556814194 29.546207400038838 69.029385990463197 124.75968260969967 108.05227912031114 1717.0343762701377 3204.7078575580381 26.937837768346071
leaf_count=1723 158 283 152 2752 110 309 397 280 119 1350 23895 13366 472 104 162 136 3827 6402 5860 2531 2328 3567 157 204 597 921 820 10894 20407 204
internal_value=0.000282982 -0.00432985 -0.00246642 -0.00362799 0.0028251 -0.0112037 -0.0148663 0.00676498 -0.00845601 0.000470245 0.00105071 0.00373075 0.00338369 0.00245356 -0.00107703 0.0149312 0.000366256 -0.000832296 -0.00238485 0.00291329 0.00214956 0.00619348 0.0286919 -0.00137645 -0.00711351 0.00104918 0.0145512 0.000504396 -0.000590681 0.0150624
internal_weight=14410.2 561.051 525.956 514.56 277.545 237.015 50.2699 227.275 213.515 13849.2 10073.4 2047.7 2030.99 1875.36 3775.8 68.9297 8025.69 4798.14 3393.07 1405.06 3227.56 932.385 47.6818 3706.87 445.682 193.789 155.626 2295.17 3261.19 56.484
internal_count=104487 6125 5842 5690 2510 3180 507 2003 2871 98362 74224 14920 14762 13470 24138 455 59304 38688 29755 8933 20616 5895 319 23683 2868 1518 1292 14721 20815 408
is_linear=0
shrinkage=0.05


Tree=228
num_leaves=27
num_cat=0
split_feature=18 1 18 3 3 32 13 33 8 35 14 33 16 36 32 21 12 35 9 33 0 0 35 3 13 12
split_gain=4.81888 6.41451 6.76389 6.87177 5.78757 6.89597 5.74354 5.39649 4.78055 10.6681 6.11587 7.96846 4.49922 7.89314 4.69498 9.2271 6.25042 13.8545 6.88589 5.09604 4.92479 8.5555 8.43234 4.54471 4.07898 3.99435
threshold=8.5000000000000018 44.650000000000013 7.5000000000000009 60.95000000000001 51.850000000000001 58.95000000000001 54.95000000000001 43.95000000000001 70.65000000000002 15.400000000000004 68.65000000000002 68.450000000000017 43.95000000000001 -1.0000000180025095e-35 70.65000000000002 1.0000000180025095e-35 54.750000000000007 8.9000000000000039 49.650000000000013 83.450000000000017 51.45000000000001 53.650000000000013 26.100000000000005 44.550000000000004 53.250000000000007 57.45000000000001
decision_type=2 2 2 2 2 2 2 2 2 8 2 2 2 10 2 2 2 8 2 2 2 2 8 2 2 2
left_child=1 7 3 4 6 -6 -3 -1 10 -10 11 -4 13 25 19 16 17 -16 -18 20 22 -22 -14 -17 -25 -2
right_child=12 2 8 -5 5 -7 -8 -9 9 -11 -12 -13 14 -15 15 23 18 -19 -20 -21 21 -23 -24 24 -26 -27
leaf_value=-0.047653439581971574 -0.0089454100121852797 0.010623708959184417 0.0020564112277015583 0.026002619342604727 -0.032933380543327374 -0.0031084687103265485 -0.012668315537440161 0.00073445520308322912 0 0.04213181529888689 0.034557137698454837 0.029213856312998523 -0.0034984844446175863 0.007521438392950947 -0.021356485112109885 -0.0067317434161633704 0.0032569100847634012 -0.0030550267793157766 -0.0024671386748313321 0.030336399629492711 0.0049906737506658109 0.00049024231746463141 0.00094024828929295415 0.0076434828677450772 0.030168728821766917 -0.041215759086145359
leaf_weight=10.372084587346764 17.80632337834686 84.520091399550438 223.92376284115016 21.499491963535547 29.904733351431787 56.03886417299509 38.287110447883606 12.36255970597267 27.687032910063863 33.085940139368176 19.305243358016014 30.71281286329031 1604.7944156904705 27.839438024908304 119.25619947724044 22.170307904481888 780.39999767765403 783.63198389671743 1605.7583689950407 14.364852078258989 1422.1333444411866 4113.7525366819464 3207.5651616300456 42.411749415099621 39.610797367990017 22.127409046981484
leaf_count=152 142 489 1211 111 232 259 206 66 147 180 107 156 14883 165 527 95 3540 3556 7214 64 10625 28913 30888 185 176 198
internal_value=0.000268368 0.00470241 0.00575855 -0.000817627 -0.00361494 -0.0135706 0.00331697 -0.0212343 0.0102961 0.0230128 0.00744936 0.0053618 7.94637e-05 -0.0127614 0.000143184 -0.00147058 -0.00193613 -0.00547997 -0.000592919 0.000672102 0.000630148 0.00164735 -0.000538954 0.0131653 0.0186059 -0.0270097
internal_weight=14411.3 587.7 564.965 230.25 208.751 85.9436 122.807 22.7346 334.715 60.773 273.942 254.637 13823.6 67.7732 13755.8 3393.24 3289.05 902.888 2386.16 10362.6 10348.2 5535.89 4812.36 104.193 82.0225 39.9337
internal_count=104487 3316 3098 1297 1186 491 695 218 1801 327 1474 1367 101171 505 100666 15293 14837 4083 10754 85373 85309 39538 45771 456 361 340
is_linear=0
shrinkage=0.05


Tree=229
num_leaves=31
num_cat=0
split_feature=36 3 32 15 15 35 37 12 37 15 35 9 35 3 6 15 3 35 35 9 31 3 24 29 5 5 18 16 5 5
split_gain=4.50359 6.78782 12.274 6.04293 7.3313 6.82068 6.53859 9.63401 7.78316 5.97572 8.93429 9.79982 9.27644 7.44936 6.49045 7.01212 6.46152 7.28346 7.66543 7.28125 7.56451 5.82223 7.10946 5.80441 5.55735 9.6601 5.35886 5.34354 5.29286 10.1985
threshold=1.0000000180025095e-35 36.550000000000004 66.65000000000002 43.850000000000001 43.350000000000001 34.250000000000014 80.742785714285731 93.450000000000017 60.048285714285718 41.550000000000004 13.400000000000004 49.150000000000013 21.750000000000007 48.750000000000007 72.550000000000011 39.650000000000013 41.45000000000001 7.9000000000000012 9.4000000000000039 43.150000000000013 9.5000000000000018 37.350000000000001 1.0000000180025095e-35 57.750000000000007 41.95000000000001 45.650000000000013 13.500000000000002 44.550000000000004 51.250000000000007 45.050000000000004
decision_type=10 2 2 2 2 10 2 2 2 2 10 2 10 2 2 2 2 10 10 2 10 2 2 2 2 2 2 2 2 2
left_child=3 2 28 4 5 6 8 -8 -1 10 14 13 -13 -12 15 -3 17 23 -19 -18 -21 22 24 -11 -5 -26 -16 -23 29 -2
right_child=1 9 -4 21 -6 -7 7 -9 -10 16 11 12 -14 -15 26 -17 19 18 -20 20 -22 27 -24 -25 25 -27 -28 -29 -30 -31
leaf_value=0.0044724008198789708 -0.015463091556677367 -0.013980608645402667 0.033826610212897547 -0.028343099761186281 0.014130330990321148 0.03441823367816909 0.027852040393252793 -0.015282739097809778 -0.0018966763552354688 -0.022591506393406877 0.052906468106437635 0.0088391610683048235 -0.015150544594024798 0.0056460406361574303 0.011335218453984152 -0.040253668114314557 -0.016573750160220231 0.028175379270615138 -0.0045487060568128275 -0.00052489045238580847 0.0079386454126334147 -0.016082601723723458 0.019996499100134884 0.0018830346763352855 0.018536984773133956 -0.010951809877491184 -0.012144382397801939 0.00052413038450912933 -0.016254769440194487 0.040698280626592746
leaf_weight=1049.5478233210742 16.037340537644926 118.86366652138531 38.343844957649708 33.72120549203828 142.07849787268788 16.389869965612888 52.250501638278365 16.962011925876141 881.95759418001398 98.236819993704557 14.160610895603893 74.188526199199259 87.64004984125495 20.804120253771544 38.367371387779713 32.743042251095176 64.998816763982177 19.404602335765958 214.38893435150385 2590.8456286047585 293.80367349646986 48.616746069863439 22.138539695646614 31.638205081224442 32.554073370061815 182.5867354189977 65.447489848360419 8065.7716336108278 32.032235259190202 15.958249708637593
leaf_count=6871 195 637 191 499 1205 114 649 193 7015 529 135 515 714 173 195 199 593 115 1689 16259 1951 386 197 171 347 1323 355 60699 215 158
internal_value=0.000254862 -0.00120395 0.0114874 0.000790455 0.00314936 0.00237275 0.00210603 0.017202 0.00156164 -0.0015506 -0.00694293 0.00104037 -0.00412318 0.0250253 -0.0131114 -0.0197106 -0.00081294 -0.00710042 -0.00180038 -3.58326e-05 0.000335639 0.000182426 -0.0070245 -0.0165941 -0.00945542 -0.00645994 -0.00341624 0.000423819 -0.00184463 0.0124319
internal_weight=14412.5 3867.9 102.372 10544.6 2159.19 2017.11 2000.72 69.2125 1931.51 3765.53 452.215 196.793 161.829 34.9647 255.422 151.607 3313.32 363.669 233.794 2949.65 2884.65 8385.39 271.001 129.875 248.862 215.141 103.815 8114.39 64.0278 31.9956
internal_count=104487 24989 759 79498 16047 14842 14728 842 13886 24230 2923 1537 1229 308 1386 836 21307 2504 1804 18803 18210 63451 2366 700 2169 1670 550 61085 568 353
is_linear=0
shrinkage=0.05


Tree=230
num_leaves=31
num_cat=0
split_feature=32 9 1 4 23 35 26 29 3 4 3 5 14 4 35 29 34 1 16 37 17 5 1 5 35 5 5 35 32 14
split_gain=5.00881 7.12585 6.64596 5.81318 7.26636 5.63589 4.94776 7.4349 14.0901 7.41755 7.48625 6.8929 5.07298 9.21585 7.73292 4.76481 4.53543 4.1881 10.0286 8.21494 7.73755 11.5665 8.0545 6.52579 5.41962 8.19654 6.46559 2.98388 2.20443 0.299382
threshold=31.250000000000004 50.350000000000001 40.750000000000007 82.850000000000009 1.0000000180025095e-35 5.6000000000000014 1.0000000180025095e-35 54.250000000000007 54.050000000000004 79.15000000000002 38.550000000000004 50.150000000000013 56.350000000000001 76.65000000000002 15.100000000000003 54.250000000000007 1.0000000180025095e-35 56.850000000000001 55.850000000000001 86.750000000000014 1850.0000000000002 35.45000000000001 58.750000000000007 48.650000000000013 9.9000000000000039 45.850000000000001 65.050000000000011 7.1000000000000014 61.250000000000007 44.650000000000013
decision_type=2 2 2 2 2 10 2 2 2 2 2 2 2 2 10 2 10 2 2 2 2 2 2 2 8 2 2 10 2 2
left_child=1 2 27 4 15 16 17 8 28 12 -11 -12 13 -9 -14 -4 -3 19 20 24 21 -19 -22 -21 25 -2 -26 -1 -8 -7
right_child=6 5 3 -5 -6 29 7 9 -10 10 11 -13 14 -15 -16 -17 -18 18 -20 23 22 -23 -24 -25 26 -27 -28 -29 -30 -31
leaf_value=0.015555496932444436 0.002425247605525498 0.058973576656177612 0.046388715359029935 0.081945096655752309 0.078947155349148174 -0.023235429149862531 -0.020999745662546705 -0.0057854140683310145 0.057478109720881944 0.017202036592760386 -0.021701556248724743 -0.005609715076656599 0.0347001017714706 0.033057322582647909 -0.0067296547836969388 0.0013930065856824208 -0.0098505272008090408 -0.030409820753504888 0.028706834801660492 0.067183777813971751 0.0014920921229555242 0.0007182748871485949 0.013222068677970229 0.0038466281977026064 3.869332158808959e-05 -0.0035273455771672735 0.0045329291251479517 -0.050725717721745958 0.0090867217685715804 -0.044333851900654836
leaf_weight=2.8697742586955419 783.95085633778945 3.7913270359858888 8.3032611226663011 5.2040094933472565 5.1903343796730033 5.043749251868574 12.01856509037316 205.26723227091134 13.65980226267129 21.066884392872453 132.87788966763765 135.52149916440248 24.190762929618359 16.375573191791773 20.635862549766898 20.469284687191248 5.9227416012436152 30.2441172786057 35.096313515678048 8.0088445693254489 326.73809426091611 1798.0533162858337 266.63677380979061 8.5425449917092902 7373.5219673733227 2195.8531269468367 897.92841649614275 3.6632793596945703 11.888130076229571 5.7499165181070566
leaf_count=136 7510 59 231 79 133 112 135 1397 112 161 1049 711 182 126 184 481 199 217 185 177 1678 9411 1320 111 60731 12846 4296 101 71 113
internal_value=0.000199061 0.0139103 0.0249141 0.0327442 0.0248401 -0.0103703 0.000135213 -0.00433342 0.0171328 -0.00579578 -0.011336 -0.0136001 0.000205765 -0.00287944 0.0155442 0.0146669 0.0168287 0.000328848 0.00219941 -7.85711e-05 0.00181202 0.000198977 0.0067728 0.0350137 -0.000130949 -0.00195958 0.00052723 -0.021061 -0.00585478 -0.0352376
internal_weight=14384.3 66.2077 45.6999 39.1669 33.9629 20.5077 14318.1 593.502 37.5665 555.936 289.466 268.399 266.469 221.643 44.8266 28.7725 9.71407 13724.6 2456.77 11267.8 2421.67 1828.3 593.375 16.5514 11251.3 2979.8 8271.45 6.53305 23.9067 10.7937
internal_count=104254 1644 1161 924 845 483 102610 4128 318 3810 1921 1760 1889 1523 366 712 258 98482 12811 85671 12626 9628 2998 288 85383 20356 65027 237 206 225
is_linear=0
shrinkage=0.05


Tree=231
num_leaves=31
num_cat=0
split_feature=28 3 6 5 7 3 15 35 35 35 13 15 15 17 2 31 2 32 7 4 35 35 5 35 35 2 15 4 7 32
split_gain=6.71581 9.58109 6.55461 9.28777 8.30312 12.4938 8.13662 6.72591 8.46873 7.84637 5.53198 5.5138 12.2188 11.4341 7.07188 11.3831 6.98358 6.02019 8.06289 6.69288 6.18293 6.47752 5.64754 5.3049 10.6267 6.74351 5.09994 7.87632 13.7015 10.12
threshold=4.5000000000000009 46.350000000000001 74.950000000000017 66.850000000000009 46.050000000000004 39.250000000000007 49.550000000000004 9.2500000000000036 1.7500000000000007 22.250000000000011 53.750000000000007 41.550000000000004 46.050000000000004 1175.0000000000002 55.95000000000001 2.5000000000000004 56.050000000000004 57.050000000000004 44.350000000000001 74.850000000000009 4.1000000000000014 26.250000000000011 43.750000000000007 9.9000000000000039 8.6000000000000032 56.850000000000001 52.250000000000007 67.65000000000002 47.550000000000004 75.65000000000002
decision_type=2 2 2 2 2 2 2 10 8 10 2 2 2 2 2 10 2 2 2 2 10 10 2 8 10 2 2 2 2 2
left_child=26 2 4 23 5 6 -2 8 -6 -9 -7 17 13 -13 15 -14 -16 20 19 -19 -3 -22 -15 24 -4 -25 27 28 -1 -30
right_child=1 11 3 -5 7 10 -8 9 -10 -11 -12 12 14 22 16 -17 -18 18 -20 -21 21 -23 -24 25 -26 -27 -28 -29 29 -31
leaf_value=-0.0067437819402155572 0.039137200190677998 -0.030256177318223831 -0.013490237476059853 0.020012783929746897 0.021266527458162973 -0.015543971447412666 -0.010247013069181396 0.013149310372529872 -0.011571802459020735 -0.0074220944383417854 -0.043088505135206838 0.055185550786466267 -9.3252071657051286e-05 -0.00375883345495975 0.03468208735035716 -0.014013289034568735 0.0019117123870207625 -0.013113745756706605 -0.015261000936902001 0.026988152028796231 0.015855460736094985 -0.019804658223389726 0.014075769940428957 -0.030925656195050024 0.026851978317908306 -0.0090411920603148573 0.0018446007594908689 0.0014147130683815868 0.001521399856876995 -0.012134594801219005
leaf_weight=1043.3503215336241 15.915772730484603 11.192000922746955 110.41687372652814 20.205140303820372 22.671702593564987 86.823019474744797 17.09784509986639 145.10576601326466 139.26631642971188 67.675585173070431 23.518355034291744 14.16594471875578 483.45025125751272 62.264926866162568 16.544943992048502 211.31035635294393 748.04285313654691 18.557703427970409 180.87703685089946 23.160317707806826 67.495320159010589 15.491443504579363 150.88635678682476 82.596989693585783 18.993812753818929 62.861415575258434 5399.233675159514 3283.1014690487646 1694.0691130161285 147.35015205293894
leaf_count=11182 197 124 927 99 139 931 191 1255 1053 628 185 111 4315 812 112 2019 5052 136 1045 136 821 171 1101 916 181 514 34540 21929 12780 652
internal_value=0.000188925 -0.00200001 -0.00657718 -0.01253 -0.00317528 -0.0134065 0.0134563 0.000728016 -0.00693322 0.00658263 -0.0214938 -0.000139512 0.000994787 0.0117762 -0.000681854 -0.00433561 0.00263181 -0.00619329 -0.0106819 0.00904109 0.0043628 0.00912265 0.00884323 -0.0149468 -0.00751438 -0.0215151 0.000722375 -0.000259202 -0.00216597 0.000425334
internal_weight=14383.7 2816.59 813.149 295.074 518.074 143.355 33.0136 374.719 161.938 212.781 110.341 2003.44 1686.67 227.317 1459.35 694.761 764.588 316.774 222.595 41.718 94.1788 82.9868 213.151 274.869 129.411 145.458 11567.1 6167.87 2884.77 1841.42
internal_count=104254 23171 7216 2637 4579 1504 388 3075 1192 1883 1116 15955 13522 2024 11498 6334 5164 2433 1317 272 1116 992 1913 2538 1108 1430 81083 46543 24614 13432
is_linear=0
shrinkage=0.05


Tree=232
num_leaves=31
num_cat=0
split_feature=28 16 7 26 32 1 4 7 0 21 27 12 13 32 19 7 2 12 18 2 2 35 18 1 16 2 7 4 32 35
split_gain=6.07758 7.82481 7.15951 5.16438 7.77902 5.57047 5.66229 6.29294 5.53619 5.027 9.23601 7.4934 7.18529 6.99811 8.68805 14.7552 7.94322 11.2068 7.00553 6.06674 5.63515 4.73203 9.3506 13.9006 12.2388 8.21204 7.52135 8.06146 9.49306 7.62921
threshold=4.5000000000000009 49.150000000000013 48.750000000000007 1.0000000180025095e-35 43.750000000000007 62.050000000000004 75.65000000000002 57.650000000000013 62.250000000000007 1.0000000180025095e-35 1.5000000000000002 50.600000000000009 48.45000000000001 56.650000000000013 1.0000000180025095e-35 38.050000000000004 56.550000000000004 55.650000000000013 9.5000000000000018 58.250000000000007 55.350000000000001 8.9000000000000039 15.500000000000002 59.250000000000007 47.050000000000004 46.150000000000013 51.050000000000004 44.95000000000001 66.15000000000002 6.7500000000000027
decision_type=2 2 2 2 2 2 2 2 2 2 2 2 2 2 2 2 2 2 2 2 2 10 2 2 2 2 2 2 2 10
left_child=3 2 -2 21 -5 6 7 -6 -8 13 -11 20 -13 14 15 -3 17 -15 -16 -18 -12 26 25 24 -24 -23 27 28 -1 -28
right_child=1 9 -4 4 5 -7 8 -9 -10 10 11 12 -14 16 18 -17 19 -19 -20 -21 -22 22 23 -25 -26 -27 29 -29 -30 -31
leaf_value=-0.013194446012294778 0.034935235269909888 0.056911271928379505 -0.0075707687115282021 0.028749745758140523 0.0065275401583323699 0.011829013137034222 -0.018458021750042686 -0.018969775251237098 0.0040506857943150504 0.027637362653501297 -0.013645965609418451 -0.009030124488539704 0.012522393630522747 -0.024025877053869011 -0.012756750704362042 -0.0065412678714337723 0.0046674710684553363 -0.0062418913254409236 0.0081368121548948315 -0.0043519327706622061 0.014487395336661914 -0.0075422356793692236 0.047575004599438725 -0.03083140526887403 -0.00033799913638476781 0.0059260967402106485 0.0024924030664200468 -0.00047462091127540939 0.0039295608924856213 -0.0066162724299043303
leaf_weight=269.08790802909061 26.918114342261106 9.3002362214028818 15.3267580922693 15.943814271129666 86.992546325549483 35.533621709793806 153.46509311906993 33.394945412874222 32.768327172845602 35.040722826495767 104.86508212611079 52.492669997736812 144.07780380733311 103.09528326522559 44.796477358788252 344.29050136916339 262.11615696363151 640.87205113470554 366.1101220366545 642.55890207178891 21.18572561442852 121.39251512242481 13.379997168667613 37.107948027551174 1176.5322428168729 1599.7951990393922 3543.1726586185396 4089.7097054619808 115.11491755116731 245.47653420176357
leaf_count=4205 234 189 124 206 568 182 970 185 185 200 651 369 835 776 446 4832 1621 4524 4692 3576 102 1268 106 195 9023 10092 20985 30906 625 1382
internal_value=0.000178906 -0.001905 0.0194142 0.000686065 -0.00522195 -0.00682752 -0.00900904 -0.000513676 -0.0144707 -0.00223253 0.00329201 0.000624557 0.00673987 -0.00305352 0.000894953 -0.00484257 -0.00488746 -0.00871592 0.00584431 -0.00173294 -0.00887014 0.000875272 0.00259513 -0.000736328 0.000200511 0.00497291 0.000260971 -0.00112654 -0.00805105 0.00190075
internal_weight=14381.9 2813.05 42.2449 11568.9 358.098 342.155 306.621 120.387 186.233 2770.8 357.662 322.621 196.57 2413.14 764.497 353.591 1648.64 743.967 410.907 904.675 126.051 11210.8 2948.21 1227.02 1189.91 1721.19 8262.56 4473.91 384.203 3788.65
internal_count=104254 23171 358 81083 2296 2090 1908 753 1155 22813 2157 1957 1204 20656 10159 5021 10497 5300 5138 5197 753 78787 20684 9324 9129 11360 58103 35736 4830 22367
is_linear=0
shrinkage=0.05


Tree=233
num_leaves=31
num_cat=0
split_feature=28 3 6 7 3 2 33 18 12 15 2 37 36 2 2 14 15 15 33 6 2 31 31 7 32 2 6 3 26 32
split_gain=5.49284 8.70979 6.00695 7.6343 11.3882 7.21226 6.46032 8.67406 7.1522 5.31327 5.21427 5.20893 5.40843 5.04386 5.44336 5.82698 5.2711 10.3331 8.65371 7.96037 7.30743 6.77611 5.48408 4.95547 4.92153 11.5419 13.3584 6.73931 4.69316 6.69195
threshold=4.5000000000000009 46.350000000000001 74.950000000000017 46.050000000000004 39.250000000000007 57.050000000000004 46.750000000000007 13.500000000000002 50.600000000000009 57.650000000000013 54.350000000000001 86.750000000000014 0.55000000000000016 45.650000000000013 44.250000000000007 46.95000000000001 41.550000000000004 45.250000000000007 50.650000000000013 68.950000000000017 55.95000000000001 2.5000000000000004 1.5000000000000002 45.850000000000001 31.250000000000004 46.650000000000013 78.450000000000017 57.650000000000013 1.0000000180025095e-35 44.050000000000004
decision_type=2 2 2 2 2 2 2 2 2 2 2 2 8 2 2 2 2 2 2 2 2 10 10 2 2 2 2 2 2 2
left_child=11 2 3 4 5 -2 7 -5 -8 10 -4 24 -13 14 15 -3 18 21 19 -15 -19 -18 -20 -11 25 -1 27 -27 -26 -30
right_child=1 13 9 6 -6 -7 8 -9 -10 23 -12 12 -14 16 -16 -17 17 20 22 -21 -22 -23 -24 -25 28 26 -28 -29 29 -31
leaf_value=-0.034983657307657158 -0.002770098510351648 0.021642485618116152 -0.018694795448481717 0.029041072760567405 -0.020632135076077626 0.047175319191321889 -0.022161912140237605 -0.0003160875857034566 0.00021385683057731212 0.00079043978048935813 -0.0026875165588171506 0.052004557558415133 0.0035997492973222907 -0.0084932344908586668 0.040442334461115392 -0.029267821537310407 0.018161247970234204 -0.0044287345227374559 -0.021838090953714324 0.015335272695763165 0.0026320990303975913 -0.0030290585285982791 -0.0035363684725599367 -0.031759656808435358 0.0007155263650251855 0.027105405625268121 0.10769290999829606 -0.030529793614852242 0.026693879624199075 -0.0066023816752910722
leaf_weight=8.7679311763495189 22.965368427336216 14.805738304276021 78.13666059775278 41.621860075742006 108.90976309636608 10.332657733000813 42.150612147524953 62.552004616707563 228.07749330252409 14.744394192472098 148.24196649855003 9.9123753136955184 14.238671386614444 73.807932799682021 15.665566180367021 8.8995299236848933 128.72199400141835 687.96080371085554 96.365433320403099 66.391120444051921 783.19756916724145 52.781981731299311 72.451163537800312 51.310486761853099 11140.825406308053 29.460648949723691 4.5635223733261219 5.9599898923188439 15.643032831139861 340.03054634854198
leaf_count=285 303 180 916 475 1116 85 260 943 1397 137 1208 114 212 730 175 110 1117 6234 515 722 5277 498 397 376 77310 613 168 112 190 2079
internal_value=0.000169495 -0.00181285 -0.00619035 -0.00293501 -0.012795 0.0126735 0.00079916 0.011382 -0.00326476 -0.0119211 -0.00824047 0.000651432 0.0238054 -4.02698e-05 0.0176535 0.00227683 -0.000398813 0.000719319 -0.00639323 0.00275798 -0.000666451 0.0119732 -0.0140199 -0.0244282 0.000602358 0.0164423 0.0279031 0.0172081 0.00053461 -0.00511682
internal_weight=14379.5 2810.09 809.043 516.61 142.208 33.298 374.402 104.174 270.228 292.434 226.379 11569.4 24.151 2001.05 39.3708 23.7053 1961.68 1652.66 309.016 140.199 1471.16 181.504 168.817 66.0549 11545.3 48.7521 39.9842 35.4206 11496.5 355.674
internal_count=104254 23171 7216 4579 1504 388 3075 1418 1657 2637 2124 81083 326 15955 465 290 15490 13126 2364 1452 11511 1615 912 513 80757 1178 893 725 79579 2269
is_linear=0
shrinkage=0.05


Tree=234
num_leaves=31
num_cat=0
split_feature=28 3 25 6 9 32 35 2 0 8 7 0 30 13 6 12 37 35 12 15 0 12 12 13 13 32 3 0 7 15
split_gain=4.96761 7.90043 5.90251 6.22333 7.6661 6.16527 5.5141 10.9754 8.03391 4.79363 8.17968 14.7749 9.77568 8.80899 7.24082 6.64996 4.63006 5.01458 10.834 4.74618 8.83417 10.7759 12.0089 9.16554 9.41981 8.4248 7.03401 6.46959 6.8627 5.89828
threshold=4.5000000000000009 46.350000000000001 1.0000000180025095e-35 72.850000000000009 74.250000000000014 62.550000000000004 9.9000000000000039 56.850000000000001 49.050000000000004 72.65000000000002 48.350000000000001 58.850000000000001 479.00000000000006 52.750000000000007 75.350000000000009 71.15000000000002 86.750000000000014 4.6000000000000014 70.850000000000009 52.250000000000007 38.550000000000004 59.850000000000001 82.750000000000014 50.650000000000013 53.550000000000004 36.550000000000004 42.45000000000001 40.650000000000013 41.95000000000001 39.850000000000001
decision_type=2 2 2 2 2 2 8 2 2 2 2 2 2 2 2 2 2 10 2 2 2 2 2 2 2 2 2 2 2 2
left_child=16 2 3 4 5 -2 8 -8 -5 -3 11 15 14 -14 -12 -11 19 18 -18 27 21 26 -23 25 -25 -22 -21 28 -1 -29
right_child=1 9 -4 6 -6 -7 7 -9 -10 10 12 -13 13 -15 -16 -17 17 -19 -20 20 23 22 -24 24 -26 -27 -28 29 -30 -31
leaf_value=-0.030536008803395232 0.0010761729509960261 0.00092016549924668525 0.026089966018257856 0.023420593540305665 0.032305803733433294 -0.01035883763731202 -0.030825673375834941 -0.0041097760768652658 -0.0099020239677489064 0.026601967754942404 -0.037840026617663364 -0.036087014701693225 -0.017058548379211339 0.013596619279055734 0.002679928838567382 -0.00027003682679384007 0.041908047611288773 0.053029187112977154 -0.040447098490121014 0.043406189052615521 0.031512783452870348 0.071288384363663693 0.0037565076953013882 -0.0045897546333566863 0.0014357105277154308 0.0035001092883329568 -0.0015380513327012742 0.0030687605078111553 -0.0051598519116695506 -0.00085066507710396418
leaf_weight=30.728422837331891 259.58780740574002 1733.4215998626314 14.006522624753414 20.942616597283632 14.798838227987288 214.74512911587954 84.766811188310385 71.221315557137132 126.52426199335605 43.539844227954745 49.107647949829698 18.766579092480242 52.389001024886966 42.123695747926831 13.901910528540609 47.95865567214787 8.9339992236346024 8.5452502747066301 7.0329837640747419 10.261896114796398 27.126755086705089 15.910758565645667 11.475701456889508 925.85178933897987 2164.5528111066669 2183.0413927743211 53.330493915826082 1204.9810528932139 204.18812006385997 4716.748840427259
leaf_count=806 3006 13956 124 214 109 1215 963 569 1016 348 350 143 362 254 104 438 134 97 95 153 424 257 230 5702 13085 13858 699 7328 3307 34908
internal_value=0.000160482 -0.00172566 -0.00590301 -0.00647791 -0.00297356 -0.00409136 -0.0121072 -0.0186702 -0.00512314 -3.92567e-05 -0.00626641 0.00414161 -0.0135817 -0.00334296 -0.0288307 0.0124776 0.000618546 0.0222873 0.00529588 0.000571926 0.00165526 0.0171001 0.0432891 0.00138891 -0.000367926 0.0038476 0.00569286 -0.000375982 -0.00851205 -5.22395e-05
internal_weight=14380.5 2807.8 806.593 792.587 489.132 474.333 303.455 155.988 147.467 2001.21 267.787 110.265 157.522 94.5127 63.0096 91.4985 11572.7 24.5122 15.967 11548.2 5391.55 90.9789 27.3865 5300.57 3090.4 2210.17 63.5924 6156.65 234.917 5921.73
internal_count=104254 23171 7216 7092 4330 4221 2762 1532 1230 15955 1999 929 1070 616 454 786 81083 326 229 80757 34408 1339 487 33069 18787 14282 852 46349 4113 42236
is_linear=0
shrinkage=0.05


Tree=235
num_leaves=31
num_cat=0
split_feature=12 1 5 5 9 7 5 4 6 37 17 8 31 5 11 28 33 12 32 12 9 17 16 16 27 33 5 9 22 9
split_gain=7.88503 8.13316 8.20631 8.14807 7.76898 7.23046 7.13745 6.53126 6.47903 7.09708 6.44512 8.2111 5.99753 7.40971 5.79294 5.66547 7.85017 5.64797 6.84164 9.24183 8.26153 7.4641 6.72896 6.10043 5.97326 5.62182 6.276 5.92436 5.58182 5.43991
threshold=80.850000000000009 58.650000000000013 45.650000000000013 46.150000000000013 41.650000000000013 41.650000000000013 42.95000000000001 60.050000000000004 82.350000000000009 67.138500000000008 2050.0000000000005 56.550000000000004 -8.4999999999999982 47.150000000000013 48.250000000000007 3.5000000000000004 66.65000000000002 61.150000000000013 69.850000000000009 58.45000000000001 51.150000000000013 1750.0000000000002 47.95000000000001 58.95000000000001 3.5000000000000004 28.850000000000005 41.050000000000004 49.050000000000004 1.0000000180025095e-35 48.550000000000004
decision_type=2 2 2 2 2 2 2 2 2 2 2 2 8 2 2 2 2 2 2 2 2 2 2 2 2 2 2 2 2 2
left_child=5 2 6 7 -5 12 29 -4 9 -8 15 -12 13 -1 -6 16 28 18 19 22 21 -20 -7 25 -22 27 -27 -19 -3 -2
right_child=1 10 3 4 14 17 8 -9 -10 -11 11 -13 -14 -15 -16 -17 -18 23 20 -21 24 -23 -24 -25 -26 26 -28 -29 -30 -31
leaf_value=-0.01337004632834128 0.01857864643268901 0.016466222374567061 0.002634037362802261 -0.027394430825754053 -0.0089824282841246324 0.021145076815789924 0.012021577761019267 -0.023513361323336028 0.030702089494973502 -0.00075388540699491437 0.0022646914907605855 0.0339771416494049 -0.0070787723657273777 0.036836225155605973 0.0003615508971734952 -0.00092104830937351188 0.017425737574047039 0.016707813740632012 -0.0049924673451651452 0.011289158730488479 -0.029761090476953897 0.0029585114748340267 0.00049959336849004436 0.02978883956427783 -0.0073439079056090047 0.0051585456546859058 -0.0030959785059632354 -0.022419762494807857 -0.0037817844477000639 8.436413592914963e-05
leaf_weight=12.42332412581891 41.879015080165118 46.531695745885372 36.21167027624324 26.074335258454084 173.62079027015716 39.866785067133605 286.78774192836136 68.154448002576828 31.383590645622462 173.87624058965594 38.214449083432555 44.652657581493258 666.95470016309991 17.379950687289238 3668.3231250415556 262.40153008885682 147.78364181518555 11.226154814939944 658.1579184923321 221.97896135412157 43.026992052793503 534.30426665022969 3275.8137112106197 14.394879485480486 98.871112883090973 252.96228916430846 2515.9408290339634 62.239070738200098 125.36787041090429 763.68307235278189
leaf_count=219 494 242 370 256 1251 351 2271 502 339 1802 193 229 7163 181 22669 1383 671 289 2986 1809 203 2415 26043 115 453 2533 15967 1637 660 8302
internal_value=-0.00022972 0.00116581 0.00050725 -0.000619358 -0.000245893 -0.00121333 0.00395978 -0.0143994 0.00870531 0.00718955 0.00637679 0.0194335 -0.0060923 0.0157661 -5.96331e-05 0.00450641 0.00897588 -0.000772764 0.000261319 0.00141299 -0.00278812 -0.00142575 0.000749967 -0.00253802 -0.0141927 -0.00270454 -0.00233989 -0.0163582 0.00167649 0.00105423
internal_weight=14360.5 5934.95 5269.99 3972.38 3868.02 8425.54 1297.61 104.366 492.048 460.664 664.952 82.8671 696.758 29.8033 3841.94 582.085 319.683 7728.78 4872.02 3537.66 1334.36 1192.46 3315.68 2856.76 141.898 2842.37 2768.9 73.4652 171.9 805.562
internal_count=103998 41634 38256 25048 24176 62364 13208 872 4412 4073 3378 422 7563 400 23920 2956 1573 54801 34260 28203 6057 5401 26394 20541 656 20426 18500 1926 902 8796
is_linear=0
shrinkage=0.05


Tree=236
num_leaves=31
num_cat=0
split_feature=12 7 1 0 35 15 7 35 0 29 12 19 8 28 33 23 2 37 15 6 27 33 35 2 2 33 33 12 37 2
split_gain=7.12045 7.93103 7.14911 9.32171 8.39284 8.30255 9.10819 10.246 6.75256 6.40355 6.54999 8.61072 6.79908 6.15916 7.12969 6.05309 8.5054 9.13022 5.4838 5.72218 10.1562 6.8132 4.97771 6.58649 6.80062 5.23832 8.85235 5.2441 5.03127 4.95853
threshold=83.250000000000014 41.650000000000013 55.150000000000013 45.250000000000007 9.9000000000000039 41.150000000000013 50.45000000000001 4.7500000000000018 56.050000000000004 53.500000000000007 74.450000000000017 1.0000000180025095e-35 50.050000000000004 2.5000000000000004 36.850000000000001 1.0000000180025095e-35 46.650000000000013 76.129857142857148 48.350000000000001 47.550000000000004 5.5000000000000009 49.95000000000001 5.1000000000000014 49.550000000000004 55.650000000000013 57.850000000000001 56.45000000000001 64.15000000000002 69.934285714285735 50.150000000000013
decision_type=2 2 2 2 10 2 2 10 2 2 2 2 2 2 2 2 2 2 2 2 2 2 8 2 2 2 2 2 2 2
left_child=1 9 4 -4 15 6 7 -5 -8 10 11 -1 -13 -7 -15 -2 -17 -18 19 20 -6 -21 23 28 -25 26 -24 -27 -11 -3
right_child=2 29 3 5 18 13 8 -9 -10 22 -12 12 -14 14 -16 16 17 -19 -20 21 -22 -23 25 24 -26 27 -28 -29 -30 -31
leaf_value=-0.045354348051266639 -0.0039138357839618122 0.0006548621519959232 0.026478573600857674 -0.0097461868246396365 0.00086504043709913843 0.027701753542827341 -0.023748929005954149 0.020292375552900418 -0.00072531728738045803 0.0025709877069481227 0.014591507987579215 0.0082417919430364753 -0.035616875663223205 0.032905824258994354 0.0035032099891157071 -0.01552120362836284 0.0052463125596086272 0.046593424100706868 0.0002698992599279291 -0.0019661636194399624 0.052997325260590977 0.0092106311534357627 -0.0043842814938390429 0.024028859510971886 -0.0057803636217886563 -0.017961189527395772 0.031780320763479787 -0.0014295563987639262 -0.042663832019797364 -0.0018386961686219798
leaf_weight=30.386526456102729 1486.8158680661581 3766.0596174965613 43.276531820185483 58.119021372869611 20.576378755271435 27.511600995436311 78.929581245407462 55.108366962522268 54.119425173848867 13.787796306423845 11.644370452035217 21.985079190693796 14.510300048626958 20.81844331510365 1698.9095588158816 46.980282668955624 233.30167996883392 14.115689513273535 1221.3260203488171 223.55521459365264 17.326176596805453 346.79636600241065 295.93990616081282 49.023464899510145 30.911568677984178 144.09953736513853 17.827605403959751 72.938254926353693 10.707153059076516 4231.2451300779358
leaf_count=472 11766 28722 271 299 163 152 407 337 265 117 149 370 192 348 8841 532 1605 204 9464 2832 129 1951 4546 353 195 742 130 374 113 27957
internal_value=-0.000218462 -0.00111528 0.00116393 0.00353257 -0.000170858 0.00303063 -0.00555369 0.00483463 -0.0144289 -0.00616578 -0.0196459 -0.0256942 -0.00910914 0.00424372 0.00386395 -0.00261517 0.00392571 0.00764333 0.00220611 0.00608497 0.0249043 0.00482143 -0.0044887 0.00546019 0.0124461 -0.00645611 -0.00230408 -0.0124318 -0.0170917 -0.000663821
internal_weight=14358.7 8711.07 5647.59 2036.79 3610.79 1993.52 246.276 113.227 133.049 713.762 78.5263 66.8819 36.4954 1747.24 1719.73 1781.21 294.398 247.417 1829.58 608.254 37.9026 570.352 635.235 104.43 79.935 530.805 313.768 217.038 24.4949 7997.3
internal_count=103998 64432 39566 10920 28646 10649 1308 636 672 7753 1183 1034 562 9341 9189 14107 2341 1809 14539 5075 292 4783 6570 778 548 5792 4676 1116 230 56679
is_linear=0
shrinkage=0.05


Tree=237
num_leaves=31
num_cat=0
split_feature=12 1 13 17 33 29 7 29 12 19 8 15 12 4 1 1 34 6 7 1 17 33 2 13 7 4 6 18 1 15
split_gain=6.45054 7.02387 12.1628 6.11176 6.02933 6.5296 5.87523 5.91106 7.37127 8.14782 6.29277 5.47977 8.92993 5.38891 9.064 9.7917 5.14161 5.08201 5.07913 7.51374 8.42524 10.4202 6.94558 13.1641 11.6658 6.57424 6.74049 8.13652 6.23645 6.50129
threshold=80.850000000000009 58.650000000000013 51.550000000000004 2150.0000000000005 67.65000000000002 56.750000000000007 41.650000000000013 53.500000000000007 74.450000000000017 1.0000000180025095e-35 50.050000000000004 58.95000000000001 86.950000000000017 49.250000000000007 45.750000000000007 53.95000000000001 1.5000000000000002 61.150000000000013 45.350000000000001 41.150000000000013 1175.0000000000002 39.250000000000007 50.550000000000004 54.750000000000007 49.150000000000013 44.95000000000001 82.250000000000014 7.5000000000000009 46.850000000000001 59.350000000000001
decision_type=2 2 2 2 2 2 2 2 2 2 2 2 2 2 2 2 10 2 2 2 2 2 2 2 2 2 2 2 2 2
left_child=6 -2 3 17 11 16 7 8 9 -1 -11 12 -4 14 -9 -16 -6 -3 25 20 -20 -22 24 -24 -21 28 27 -27 -8 -30
right_child=1 2 4 -5 5 -7 18 13 -10 10 -12 -13 -14 -15 15 -17 -18 -19 19 22 21 -23 23 -25 -26 26 -28 -29 29 -31
leaf_value=-0.044262497686319152 0.00044188972511541877 0.0090242891259589963 0.032344376379497962 0.021320535029243543 0.04170747959149454 0.0075483749052056561 -0.034608299570362218 -0.035284197482382949 0.020806690882151001 0.0077833775993390395 -0.034648012757058123 0.018455304862361493 -0.0024209058518065338 -0.0055085981461228594 0.030312788624653638 -0.015335042466366619 0.016716645359986158 -0.0084046600009929327 0.022356989760936148 -0.0041530087719858387 -0.034531514729389853 -0.0009484637906421985 -0.00062972660087626741 -0.007668395065569592 0.0025528259247549982 -0.026338406230013496 -0.010480140749838681 0.0050348340329308206 0.0034193614521608479 -0.038149966368853663
leaf_weight=29.601906274911016 5272.5583402800839 53.013901308178902 20.909582041203976 24.840037759393454 39.896829016506672 66.926986984908581 20.942604037001729 9.4895114162936789 10.038225435186176 22.118294346611947 14.181512985844163 69.25529558584094 151.79543710313737 549.87975130975246 40.604429864324629 16.279332435689867 44.868522293865681 193.49354965798557 13.459657113999127 909.12719162041321 52.3110645650886 41.86955207772553 2301.9311774247326 934.7001078762114 2260.4397521717474 20.948642130941153 81.874449044466019 1020.8127677938901 56.953952136449516 11.135308292694388
leaf_count=472 38256 263 114 127 188 304 407 221 126 370 192 348 817 5436 594 152 197 1020 140 7521 1122 335 15105 5244 14697 137 836 8410 738 109
internal_value=-0.000207878 0.0010537 0.00589624 -0.00223262 0.0115114 0.0193411 -0.00109824 -0.005512 -0.0186827 -0.0247959 -0.00870589 0.00657601 0.00177551 -0.00387812 0.00954261 0.0171573 0.0285734 -0.00463397 -0.000702116 -0.00125574 -0.0143538 -0.0196715 -0.00103466 -0.00266413 0.000627743 0.00226741 0.00330739 0.00439669 -0.0107906 -0.00335153
internal_weight=14356.3 5937.56 665 271.347 393.653 151.692 8418.7 692.193 75.9399 65.9017 36.2998 241.96 172.705 616.253 66.3733 56.8838 84.7654 246.507 7726.51 6513.84 107.64 94.1806 6406.2 3236.63 3169.57 1212.67 1123.64 1041.76 89.0319 68.0893
internal_count=103998 41634 3378 1410 1968 689 62364 7563 1160 1034 562 1279 931 6403 967 746 385 1283 54801 44164 1597 1457 42567 20349 22218 10637 9383 8547 1254 847
is_linear=0
shrinkage=0.05


end of trees

feature_importances:
pedigree_index=478
jvan_battle_dm=450
jockey_index=429
jvan_time_dm=384
last_3f_index=363
position_advantage=349
head_count=307
course_aptitude=303
finish_var5=294
rotation_index=268
horse_weight=264
career_phase_index=259
speed_index=238
anagusa_index=229
jockey_trainer_combo_index=225
training_index=209
win_place_ratio5=208
pace_index=195
runner_type_ord=189
pace_handicap_pit=180
weight_change=160
rivals_growth_index=140
horse_age=139
distance=131
paddock_index=101
frame_number=101
weight_carried=93
distance_change_index=68
going_pedigree_index=49
is_g1g2g3=30
is_jump=21
rebound_index=18
is_turf=11
is_dirt=11
is_good=10
is_yaya=7
is_heavy=4
is_bad=4

parameters:
[boosting: gbdt]
[objective: binary]
[metric: binary_logloss]
[tree_learner: serial]
[device_type: cpu]
[data_sample_strategy: bagging]
[data: ]
[valid: ]
[num_iterations: 238]
[learning_rate: 0.05]
[num_leaves: 31]
[num_threads: 0]
[seed: 42]
[deterministic: 0]
[force_col_wise: 0]
[force_row_wise: 0]
[histogram_pool_size: -1]
[max_depth: 6]
[min_data_in_leaf: 100]
[min_sum_hessian_in_leaf: 0.001]
[bagging_fraction: 0.7]
[pos_bagging_fraction: 1]
[neg_bagging_fraction: 1]
[bagging_freq: 5]
[bagging_seed: 400]
[bagging_by_query: 0]
[feature_fraction: 0.7]
[feature_fraction_bynode: 1]
[feature_fraction_seed: 30056]
[extra_trees: 0]
[extra_seed: 12879]
[early_stopping_round: 0]
[early_stopping_min_delta: 0]
[first_metric_only: 0]
[max_delta_step: 0]
[lambda_l1: 0.1]
[lambda_l2: 0.1]
[linear_lambda: 0]
[min_gain_to_split: 0]
[drop_rate: 0.1]
[max_drop: 50]
[skip_drop: 0.5]
[xgboost_dart_mode: 0]
[uniform_drop: 0]
[drop_seed: 17869]
[top_rate: 0.2]
[other_rate: 0.1]
[min_data_per_group: 100]
[max_cat_threshold: 32]
[cat_l2: 10]
[cat_smooth: 10]
[max_cat_to_onehot: 4]
[top_k: 20]
[monotone_constraints: ]
[monotone_constraints_method: basic]
[monotone_penalty: 0]
[feature_contri: ]
[forcedsplits_filename: ]
[refit_decay_rate: 0.9]
[cegb_tradeoff: 1]
[cegb_penalty_split: 0]
[cegb_penalty_feature_lazy: ]
[cegb_penalty_feature_coupled: ]
[path_smooth: 0]
[interaction_constraints: ]
[verbosity: -1]
[saved_feature_importance_type: 0]
[use_quantized_grad: 0]
[num_grad_quant_bins: 4]
[quant_train_renew_leaf: 0]
[stochastic_rounding: 1]
[linear_tree: 0]
[max_bin: 255]
[max_bin_by_feature: ]
[min_data_in_bin: 3]
[bin_construct_sample_cnt: 200000]
[data_random_seed: 175]
[is_enable_sparse: 1]
[enable_bundle: 1]
[use_missing: 1]
[zero_as_missing: 0]
[feature_pre_filter: 1]
[pre_partition: 0]
[two_round: 0]
[header: 0]
[label_column: ]
[weight_column: ]
[group_column: ]
[ignore_column: ]
[categorical_feature: ]
[forcedbins_filename: ]
[precise_float_parser: 0]
[parser_config_file: ]
[objective_seed: 16083]
[num_class: 1]
[is_unbalance: 0]
[scale_pos_weight: 1]
[sigmoid: 1]
[boost_from_average: 1]
[reg_sqrt: 0]
[alpha: 0.9]
[fair_c: 1]
[poisson_max_delta_step: 0.7]
[tweedie_variance_power: 1.5]
[lambdarank_truncation_level: 30]
[lambdarank_norm: 1]
[label_gain: ]
[lambdarank_position_bias_regularization: 0]
[eval_at: ]
[multi_error_top_k: 1]
[auc_mu_weights: ]
[num_machines: 1]
[local_listen_port: 12400]
[time_out: 120]
[machine_list_filename: ]
[machines: ]
[gpu_platform_id: -1]
[gpu_device_id: -1]
[gpu_use_dp: 0]
[num_gpu: 1]

end of parameters

pandas_categorical:null
